recipe_name,die_size_x,die_size_y,x_move_first,y_move_first,align_die,shot_rows,shot_cols,row,col,x_um,y_um,included,die1,die2,die3,die4
LaMP HP whole wafer,3521,1642,-66899,-65680,54-00,,,0,15,52815.0,0.0,1,A3-01,,,
LaMP HP whole wafer,3521,1642,-66899,-65680,54-00,,,0,16,56336.0,0.0,1,A3-02,,,
LaMP HP whole wafer,3521,1642,-66899,-65680,54-00,,,0,17,59857.0,0.0,1,A3-03,,,
LaMP HP whole wafer,3521,1642,-66899,-65680,54-00,,,0,18,63378.0,0.0,1,A3-04,,,
LaMP HP whole wafer,3521,1642,-66899,-65680,54-00,,,0,19,66899.0,0.0,1,A4-00,,,
LaMP HP whole wafer,3521,1642,-66899,-65680,54-00,,,0,20,70420.0,0.0,1,A4-01,,,
LaMP HP whole wafer,3521,1642,-66899,-65680,54-00,,,0,21,73941.0,0.0,1,A4-02,,,
LaMP HP whole wafer,3521,1642,-66899,-65680,54-00,,,0,22,77462.0,0.0,1,A4-03,,,
LaMP HP whole wafer,3521,1642,-66899,-65680,54-00,,,1,13,45773.0,1642.0,1,92-74,,,
LaMP HP whole wafer,3521,1642,-66899,-65680,54-00,,,1,14,49294.0,1642.0,1,93-70,,,
LaMP HP whole wafer,3521,1642,-66899,-65680,54-00,,,1,15,52815.0,1642.0,1,93-71,,,
LaMP HP whole wafer,3521,1642,-66899,-65680,54-00,,,1,16,56336.0,1642.0,1,93-72,,,
LaMP HP whole wafer,3521,1642,-66899,-65680,54-00,,,1,17,59857.0,1642.0,1,93-73,,,
LaMP HP whole wafer,3521,1642,-66899,-65680,54-00,,,1,18,63378.0,1642.0,1,93-74,,,
LaMP HP whole wafer,3521,1642,-66899,-65680,54-00,,,1,19,66899.0,1642.0,1,94-70,,,
LaMP HP whole wafer,3521,1642,-66899,-65680,54-00,,,1,20,70420.0,1642.0,1,94-71,,,
LaMP HP whole wafer,3521,1642,-66899,-65680,54-00,,,1,21,73941.0,1642.0,1,94-72,,,
LaMP HP whole wafer,3521,1642,-66899,-65680,54-00,,,1,22,77462.0,1642.0,1,94-73,,,
LaMP HP whole wafer,3521,1642,-66899,-65680,54-00,,,1,23,80983.0,1642.0,1,94-74,,,
LaMP HP whole wafer,3521,1642,-66899,-65680,54-00,,,1,24,84504.0,1642.0,1,95-70,,,
LaMP HP whole wafer,3521,1642,-66899,-65680,54-00,,,2,12,42252.0,3284.0,1,92-63,,,
LaMP HP whole wafer,3521,1642,-66899,-65680,54-00,,,2,13,45773.0,3284.0,1,92-64,,,
LaMP HP whole wafer,3521,1642,-66899,-65680,54-00,,,2,14,49294.0,3284.0,1,93-60,,,
LaMP HP whole wafer,3521,1642,-66899,-65680,54-00,,,2,15,52815.0,3284.0,1,93-61,,,
LaMP HP whole wafer,3521,1642,-66899,-65680,54-00,,,2,16,56336.0,3284.0,1,93-62,,,
LaMP HP whole wafer,3521,1642,-66899,-65680,54-00,,,2,17,59857.0,3284.0,1,93-63,,,
LaMP HP whole wafer,3521,1642,-66899,-65680,54-00,,,2,18,63378.0,3284.0,1,93-64,,,
LaMP HP whole wafer,3521,1642,-66899,-65680,54-00,,,2,19,66899.0,3284.0,1,94-60,,,
LaMP HP whole wafer,3521,1642,-66899,-65680,54-00,,,2,20,70420.0,3284.0,1,94-61,,,
LaMP HP whole wafer,3521,1642,-66899,-65680,54-00,,,2,21,73941.0,3284.0,1,94-62,,,
LaMP HP whole wafer,3521,1642,-66899,-65680,54-00,,,2,22,77462.0,3284.0,1,94-63,,,
LaMP HP whole wafer,3521,1642,-66899,-65680,54-00,,,2,23,80983.0,3284.0,1,94-64,,,
LaMP HP whole wafer,3521,1642,-66899,-65680,54-00,,,2,24,84504.0,3284.0,1,95-60,,,
LaMP HP whole wafer,3521,1642,-66899,-65680,54-00,,,2,25,88025.0,3284.0,1,95-61,,,
LaMP HP whole wafer,3521,1642,-66899,-65680,54-00,,,3,11,38731.0,4926.0,1,92-52,,,
LaMP HP whole wafer,3521,1642,-66899,-65680,54-00,,,3,12,42252.0,4926.0,1,92-53,,,
LaMP HP whole wafer,3521,1642,-66899,-65680,54-00,,,3,13,45773.0,4926.0,1,92-54,,,
LaMP HP whole wafer,3521,1642,-66899,-65680,54-00,,,3,14,49294.0,4926.0,1,93-50,,,
LaMP HP whole wafer,3521,1642,-66899,-65680,54-00,,,3,15,52815.0,4926.0,1,93-51,,,
LaMP HP whole wafer,3521,1642,-66899,-65680,54-00,,,3,16,56336.0,4926.0,1,93-52,,,
LaMP HP whole wafer,3521,1642,-66899,-65680,54-00,,,3,17,59857.0,4926.0,1,93-53,,,
LaMP HP whole wafer,3521,1642,-66899,-65680,54-00,,,3,18,63378.0,4926.0,1,93-54,,,
LaMP HP whole wafer,3521,1642,-66899,-65680,54-00,,,3,19,66899.0,4926.0,1,94-50,,,
LaMP HP whole wafer,3521,1642,-66899,-65680,54-00,,,3,20,70420.0,4926.0,1,94-51,,,
LaMP HP whole wafer,3521,1642,-66899,-65680,54-00,,,3,21,73941.0,4926.0,1,94-52,,,
LaMP HP whole wafer,3521,1642,-66899,-65680,54-00,,,3,22,77462.0,4926.0,1,94-53,,,
LaMP HP whole wafer,3521,1642,-66899,-65680,54-00,,,3,23,80983.0,4926.0,1,94-54,,,
LaMP HP whole wafer,3521,1642,-66899,-65680,54-00,,,3,24,84504.0,4926.0,1,95-50,,,
LaMP HP whole wafer,3521,1642,-66899,-65680,54-00,,,3,25,88025.0,4926.0,1,95-51,,,
LaMP HP whole wafer,3521,1642,-66899,-65680,54-00,,,3,26,91546.0,4926.0,1,95-52,,,
LaMP HP whole wafer,3521,1642,-66899,-65680,54-00,,,4,10,35210.0,6568.0,1,92-41,,,
LaMP HP whole wafer,3521,1642,-66899,-65680,54-00,,,4,11,38731.0,6568.0,1,92-42,,,
LaMP HP whole wafer,3521,1642,-66899,-65680,54-00,,,4,12,42252.0,6568.0,1,92-43,,,
LaMP HP whole wafer,3521,1642,-66899,-65680,54-00,,,4,13,45773.0,6568.0,1,92-44,,,
LaMP HP whole wafer,3521,1642,-66899,-65680,54-00,,,4,14,49294.0,6568.0,1,93-40,,,
LaMP HP whole wafer,3521,1642,-66899,-65680,54-00,,,4,15,52815.0,6568.0,1,93-41,,,
LaMP HP whole wafer,3521,1642,-66899,-65680,54-00,,,4,16,56336.0,6568.0,1,93-42,,,
LaMP HP whole wafer,3521,1642,-66899,-65680,54-00,,,4,17,59857.0,6568.0,1,93-43,,,
LaMP HP whole wafer,3521,1642,-66899,-65680,54-00,,,4,18,63378.0,6568.0,1,93-44,,,
LaMP HP whole wafer,3521,1642,-66899,-65680,54-00,,,4,19,66899.0,6568.0,1,94-40,,,
LaMP HP whole wafer,3521,1642,-66899,-65680,54-00,,,4,20,70420.0,6568.0,1,94-41,,,
LaMP HP whole wafer,3521,1642,-66899,-65680,54-00,,,4,21,73941.0,6568.0,1,94-42,,,
LaMP HP whole wafer,3521,1642,-66899,-65680,54-00,,,4,22,77462.0,6568.0,1,94-43,,,
LaMP HP whole wafer,3521,1642,-66899,-65680,54-00,,,4,23,80983.0,6568.0,1,94-44,,,
LaMP HP whole wafer,3521,1642,-66899,-65680,54-00,,,4,24,84504.0,6568.0,1,95-40,,,
LaMP HP whole wafer,3521,1642,-66899,-65680,54-00,,,4,25,88025.0,6568.0,1,95-41,,,
LaMP HP whole wafer,3521,1642,-66899,-65680,54-00,,,4,26,91546.0,6568.0,1,95-42,,,
LaMP HP whole wafer,3521,1642,-66899,-65680,54-00,,,4,27,95067.0,6568.0,1,95-43,,,
LaMP HP whole wafer,3521,1642,-66899,-65680,54-00,,,5,9,31689.0,8210.0,1,92-30,,,
LaMP HP whole wafer,3521,1642,-66899,-65680,54-00,,,5,10,35210.0,8210.0,1,92-31,,,
LaMP HP whole wafer,3521,1642,-66899,-65680,54-00,,,5,11,38731.0,8210.0,1,92-32,,,
LaMP HP whole wafer,3521,1642,-66899,-65680,54-00,,,5,12,42252.0,8210.0,1,92-33,,,
LaMP HP whole wafer,3521,1642,-66899,-65680,54-00,,,5,13,45773.0,8210.0,1,92-34,,,
LaMP HP whole wafer,3521,1642,-66899,-65680,54-00,,,5,14,49294.0,8210.0,1,93-30,,,
LaMP HP whole wafer,3521,1642,-66899,-65680,54-00,,,5,15,52815.0,8210.0,1,93-31,,,
LaMP HP whole wafer,3521,1642,-66899,-65680,54-00,,,5,16,56336.0,8210.0,1,93-32,,,
LaMP HP whole wafer,3521,1642,-66899,-65680,54-00,,,5,17,59857.0,8210.0,1,93-33,,,
LaMP HP whole wafer,3521,1642,-66899,-65680,54-00,,,5,18,63378.0,8210.0,1,93-34,,,
LaMP HP whole wafer,3521,1642,-66899,-65680,54-00,,,5,19,66899.0,8210.0,1,94-30,,,
LaMP HP whole wafer,3521,1642,-66899,-65680,54-00,,,5,20,70420.0,8210.0,1,94-31,,,
LaMP HP whole wafer,3521,1642,-66899,-65680,54-00,,,5,21,73941.0,8210.0,1,94-32,,,
LaMP HP whole wafer,3521,1642,-66899,-65680,54-00,,,5,22,77462.0,8210.0,1,94-33,,,
LaMP HP whole wafer,3521,1642,-66899,-65680,54-00,,,5,23,80983.0,8210.0,1,94-34,,,
LaMP HP whole wafer,3521,1642,-66899,-65680,54-00,,,5,24,84504.0,8210.0,1,95-30,,,
LaMP HP whole wafer,3521,1642,-66899,-65680,54-00,,,5,25,88025.0,8210.0,1,95-31,,,
LaMP HP whole wafer,3521,1642,-66899,-65680,54-00,,,5,26,91546.0,8210.0,1,95-32,,,
LaMP HP whole wafer,3521,1642,-66899,-65680,54-00,,,5,27,95067.0,8210.0,1,95-33,,,
LaMP HP whole wafer,3521,1642,-66899,-65680,54-00,,,5,28,98588.0,8210.0,1,95-34,,,
LaMP HP whole wafer,3521,1642,-66899,-65680,54-00,,,6,9,31689.0,9852.0,1,92-20,,,
LaMP HP whole wafer,3521,1642,-66899,-65680,54-00,,,6,10,35210.0,9852.0,1,92-21,,,
LaMP HP whole wafer,3521,1642,-66899,-65680,54-00,,,6,11,38731.0,9852.0,1,92-22,,,
LaMP HP whole wafer,3521,1642,-66899,-65680,54-00,,,6,12,42252.0,9852.0,1,92-23,,,
LaMP HP whole wafer,3521,1642,-66899,-65680,54-00,,,6,13,45773.0,9852.0,1,92-24,,,
LaMP HP whole wafer,3521,1642,-66899,-65680,54-00,,,6,14,49294.0,9852.0,1,93-20,,,
LaMP HP whole wafer,3521,1642,-66899,-65680,54-00,,,6,15,52815.0,9852.0,1,93-21,,,
LaMP HP whole wafer,3521,1642,-66899,-65680,54-00,,,6,16,56336.0,9852.0,1,93-22,,,
LaMP HP whole wafer,3521,1642,-66899,-65680,54-00,,,6,17,59857.0,9852.0,1,93-23,,,
LaMP HP whole wafer,3521,1642,-66899,-65680,54-00,,,6,18,63378.0,9852.0,1,93-24,,,
LaMP HP whole wafer,3521,1642,-66899,-65680,54-00,,,6,19,66899.0,9852.0,1,94-20,,,
LaMP HP whole wafer,3521,1642,-66899,-65680,54-00,,,6,20,70420.0,9852.0,1,94-21,,,
LaMP HP whole wafer,3521,1642,-66899,-65680,54-00,,,6,21,73941.0,9852.0,1,94-22,,,
LaMP HP whole wafer,3521,1642,-66899,-65680,54-00,,,6,22,77462.0,9852.0,1,94-23,,,
LaMP HP whole wafer,3521,1642,-66899,-65680,54-00,,,6,23,80983.0,9852.0,1,94-24,,,
LaMP HP whole wafer,3521,1642,-66899,-65680,54-00,,,6,24,84504.0,9852.0,1,95-20,,,
LaMP HP whole wafer,3521,1642,-66899,-65680,54-00,,,6,25,88025.0,9852.0,1,95-21,,,
LaMP HP whole wafer,3521,1642,-66899,-65680,54-00,,,6,26,91546.0,9852.0,1,95-22,,,
LaMP HP whole wafer,3521,1642,-66899,-65680,54-00,,,6,27,95067.0,9852.0,1,95-23,,,
LaMP HP whole wafer,3521,1642,-66899,-65680,54-00,,,6,28,98588.0,9852.0,1,95-24,,,
LaMP HP whole wafer,3521,1642,-66899,-65680,54-00,,,7,8,28168.0,11494.0,1,91-14,,,
LaMP HP whole wafer,3521,1642,-66899,-65680,54-00,,,7,9,31689.0,11494.0,1,92-10,,,
LaMP HP whole wafer,3521,1642,-66899,-65680,54-00,,,7,10,35210.0,11494.0,1,92-11,,,
LaMP HP whole wafer,3521,1642,-66899,-65680,54-00,,,7,11,38731.0,11494.0,1,92-12,,,
LaMP HP whole wafer,3521,1642,-66899,-65680,54-00,,,7,12,42252.0,11494.0,1,92-13,,,
LaMP HP whole wafer,3521,1642,-66899,-65680,54-00,,,7,13,45773.0,11494.0,1,92-14,,,
LaMP HP whole wafer,3521,1642,-66899,-65680,54-00,,,7,14,49294.0,11494.0,1,93-10,,,
LaMP HP whole wafer,3521,1642,-66899,-65680,54-00,,,7,15,52815.0,11494.0,1,93-11,,,
LaMP HP whole wafer,3521,1642,-66899,-65680,54-00,,,7,16,56336.0,11494.0,1,93-12,,,
LaMP HP whole wafer,3521,1642,-66899,-65680,54-00,,,7,17,59857.0,11494.0,1,93-13,,,
LaMP HP whole wafer,3521,1642,-66899,-65680,54-00,,,7,18,63378.0,11494.0,1,93-14,,,
LaMP HP whole wafer,3521,1642,-66899,-65680,54-00,,,7,19,66899.0,11494.0,1,94-10,,,
LaMP HP whole wafer,3521,1642,-66899,-65680,54-00,,,7,20,70420.0,11494.0,1,94-11,,,
LaMP HP whole wafer,3521,1642,-66899,-65680,54-00,,,7,21,73941.0,11494.0,1,94-12,,,
LaMP HP whole wafer,3521,1642,-66899,-65680,54-00,,,7,22,77462.0,11494.0,1,94-13,,,
LaMP HP whole wafer,3521,1642,-66899,-65680,54-00,,,7,23,80983.0,11494.0,1,94-14,,,
LaMP HP whole wafer,3521,1642,-66899,-65680,54-00,,,7,24,84504.0,11494.0,1,95-10,,,
LaMP HP whole wafer,3521,1642,-66899,-65680,54-00,,,7,25,88025.0,11494.0,1,95-11,,,
LaMP HP whole wafer,3521,1642,-66899,-65680,54-00,,,7,26,91546.0,11494.0,1,95-12,,,
LaMP HP whole wafer,3521,1642,-66899,-65680,54-00,,,7,27,95067.0,11494.0,1,95-13,,,
LaMP HP whole wafer,3521,1642,-66899,-65680,54-00,,,7,28,98588.0,11494.0,1,95-14,,,
LaMP HP whole wafer,3521,1642,-66899,-65680,54-00,,,7,29,102109.0,11494.0,1,96-10,,,
LaMP HP whole wafer,3521,1642,-66899,-65680,54-00,,,8,7,24647.0,13136.0,1,91-03,,,
LaMP HP whole wafer,3521,1642,-66899,-65680,54-00,,,8,8,28168.0,13136.0,1,91-04,,,
LaMP HP whole wafer,3521,1642,-66899,-65680,54-00,,,8,9,31689.0,13136.0,1,92-00,,,
LaMP HP whole wafer,3521,1642,-66899,-65680,54-00,,,8,10,35210.0,13136.0,1,92-01,,,
LaMP HP whole wafer,3521,1642,-66899,-65680,54-00,,,8,11,38731.0,13136.0,1,92-02,,,
LaMP HP whole wafer,3521,1642,-66899,-65680,54-00,,,8,12,42252.0,13136.0,1,92-03,,,
LaMP HP whole wafer,3521,1642,-66899,-65680,54-00,,,8,13,45773.0,13136.0,1,92-04,,,
LaMP HP whole wafer,3521,1642,-66899,-65680,54-00,,,8,14,49294.0,13136.0,1,93-00,,,
LaMP HP whole wafer,3521,1642,-66899,-65680,54-00,,,8,15,52815.0,13136.0,1,93-01,,,
LaMP HP whole wafer,3521,1642,-66899,-65680,54-00,,,8,16,56336.0,13136.0,1,93-02,,,
LaMP HP whole wafer,3521,1642,-66899,-65680,54-00,,,8,17,59857.0,13136.0,1,93-03,,,
LaMP HP whole wafer,3521,1642,-66899,-65680,54-00,,,8,18,63378.0,13136.0,1,93-04,,,
LaMP HP whole wafer,3521,1642,-66899,-65680,54-00,,,8,19,66899.0,13136.0,1,94-00,,,
LaMP HP whole wafer,3521,1642,-66899,-65680,54-00,,,8,20,70420.0,13136.0,1,94-01,,,
LaMP HP whole wafer,3521,1642,-66899,-65680,54-00,,,8,21,73941.0,13136.0,1,94-02,,,
LaMP HP whole wafer,3521,1642,-66899,-65680,54-00,,,8,22,77462.0,13136.0,1,94-03,,,
LaMP HP whole wafer,3521,1642,-66899,-65680,54-00,,,8,23,80983.0,13136.0,1,94-04,,,
LaMP HP whole wafer,3521,1642,-66899,-65680,54-00,,,8,24,84504.0,13136.0,1,95-00,,,
LaMP HP whole wafer,3521,1642,-66899,-65680,54-00,,,8,25,88025.0,13136.0,1,95-01,,,
LaMP HP whole wafer,3521,1642,-66899,-65680,54-00,,,8,26,91546.0,13136.0,1,95-02,,,
LaMP HP whole wafer,3521,1642,-66899,-65680,54-00,,,8,27,95067.0,13136.0,1,95-03,,,
LaMP HP whole wafer,3521,1642,-66899,-65680,54-00,,,8,28,98588.0,13136.0,1,95-04,,,
LaMP HP whole wafer,3521,1642,-66899,-65680,54-00,,,8,29,102109.0,13136.0,1,96-00,,,
LaMP HP whole wafer,3521,1642,-66899,-65680,54-00,,,8,30,105630.0,13136.0,1,96-01,,,
LaMP HP whole wafer,3521,1642,-66899,-65680,54-00,,,9,7,24647.0,14778.0,1,81-73,,,
LaMP HP whole wafer,3521,1642,-66899,-65680,54-00,,,9,8,28168.0,14778.0,1,81-74,,,
LaMP HP whole wafer,3521,1642,-66899,-65680,54-00,,,9,9,31689.0,14778.0,1,82-70,,,
LaMP HP whole wafer,3521,1642,-66899,-65680,54-00,,,9,10,35210.0,14778.0,1,82-71,,,
LaMP HP whole wafer,3521,1642,-66899,-65680,54-00,,,9,11,38731.0,14778.0,1,82-72,,,
LaMP HP whole wafer,3521,1642,-66899,-65680,54-00,,,9,12,42252.0,14778.0,1,82-73,,,
LaMP HP whole wafer,3521,1642,-66899,-65680,54-00,,,9,13,45773.0,14778.0,1,82-74,,,
LaMP HP whole wafer,3521,1642,-66899,-65680,54-00,,,9,14,49294.0,14778.0,1,83-70,,,
LaMP HP whole wafer,3521,1642,-66899,-65680,54-00,,,9,15,52815.0,14778.0,1,83-71,,,
LaMP HP whole wafer,3521,1642,-66899,-65680,54-00,,,9,16,56336.0,14778.0,1,83-72,,,
LaMP HP whole wafer,3521,1642,-66899,-65680,54-00,,,9,17,59857.0,14778.0,1,83-73,,,
LaMP HP whole wafer,3521,1642,-66899,-65680,54-00,,,9,18,63378.0,14778.0,1,83-74,,,
LaMP HP whole wafer,3521,1642,-66899,-65680,54-00,,,9,19,66899.0,14778.0,1,84-70,,,
LaMP HP whole wafer,3521,1642,-66899,-65680,54-00,,,9,20,70420.0,14778.0,1,84-71,,,
LaMP HP whole wafer,3521,1642,-66899,-65680,54-00,,,9,21,73941.0,14778.0,1,84-72,,,
LaMP HP whole wafer,3521,1642,-66899,-65680,54-00,,,9,22,77462.0,14778.0,1,84-73,,,
LaMP HP whole wafer,3521,1642,-66899,-65680,54-00,,,9,23,80983.0,14778.0,1,84-74,,,
LaMP HP whole wafer,3521,1642,-66899,-65680,54-00,,,9,24,84504.0,14778.0,1,85-70,,,
LaMP HP whole wafer,3521,1642,-66899,-65680,54-00,,,9,25,88025.0,14778.0,1,85-71,,,
LaMP HP whole wafer,3521,1642,-66899,-65680,54-00,,,9,26,91546.0,14778.0,1,85-72,,,
LaMP HP whole wafer,3521,1642,-66899,-65680,54-00,,,9,27,95067.0,14778.0,1,85-73,,,
LaMP HP whole wafer,3521,1642,-66899,-65680,54-00,,,9,28,98588.0,14778.0,1,85-74,,,
LaMP HP whole wafer,3521,1642,-66899,-65680,54-00,,,9,29,102109.0,14778.0,1,86-70,,,
LaMP HP whole wafer,3521,1642,-66899,-65680,54-00,,,9,30,105630.0,14778.0,1,86-71,,,
LaMP HP whole wafer,3521,1642,-66899,-65680,54-00,,,10,6,21126.0,16420.0,1,81-62,,,
LaMP HP whole wafer,3521,1642,-66899,-65680,54-00,,,10,7,24647.0,16420.0,1,81-63,,,
LaMP HP whole wafer,3521,1642,-66899,-65680,54-00,,,10,8,28168.0,16420.0,1,81-64,,,
LaMP HP whole wafer,3521,1642,-66899,-65680,54-00,,,10,9,31689.0,16420.0,1,82-60,,,
LaMP HP whole wafer,3521,1642,-66899,-65680,54-00,,,10,10,35210.0,16420.0,1,82-61,,,
LaMP HP whole wafer,3521,1642,-66899,-65680,54-00,,,10,11,38731.0,16420.0,1,82-62,,,
LaMP HP whole wafer,3521,1642,-66899,-65680,54-00,,,10,12,42252.0,16420.0,1,82-63,,,
LaMP HP whole wafer,3521,1642,-66899,-65680,54-00,,,10,13,45773.0,16420.0,1,82-64,,,
LaMP HP whole wafer,3521,1642,-66899,-65680,54-00,,,10,14,49294.0,16420.0,1,83-60,,,
LaMP HP whole wafer,3521,1642,-66899,-65680,54-00,,,10,15,52815.0,16420.0,1,83-61,,,
LaMP HP whole wafer,3521,1642,-66899,-65680,54-00,,,10,16,56336.0,16420.0,1,83-62,,,
LaMP HP whole wafer,3521,1642,-66899,-65680,54-00,,,10,17,59857.0,16420.0,1,83-63,,,
LaMP HP whole wafer,3521,1642,-66899,-65680,54-00,,,10,18,63378.0,16420.0,1,83-64,,,
LaMP HP whole wafer,3521,1642,-66899,-65680,54-00,,,10,19,66899.0,16420.0,1,84-60,,,
LaMP HP whole wafer,3521,1642,-66899,-65680,54-00,,,10,20,70420.0,16420.0,1,84-61,,,
LaMP HP whole wafer,3521,1642,-66899,-65680,54-00,,,10,21,73941.0,16420.0,1,84-62,,,
LaMP HP whole wafer,3521,1642,-66899,-65680,54-00,,,10,22,77462.0,16420.0,1,84-63,,,
LaMP HP whole wafer,3521,1642,-66899,-65680,54-00,,,10,23,80983.0,16420.0,1,84-64,,,
LaMP HP whole wafer,3521,1642,-66899,-65680,54-00,,,10,24,84504.0,16420.0,1,85-60,,,
LaMP HP whole wafer,3521,1642,-66899,-65680,54-00,,,10,25,88025.0,16420.0,1,85-61,,,
LaMP HP whole wafer,3521,1642,-66899,-65680,54-00,,,10,26,91546.0,16420.0,1,85-62,,,
LaMP HP whole wafer,3521,1642,-66899,-65680,54-00,,,10,27,95067.0,16420.0,1,85-63,,,
LaMP HP whole wafer,3521,1642,-66899,-65680,54-00,,,10,28,98588.0,16420.0,1,85-64,,,
LaMP HP whole wafer,3521,1642,-66899,-65680,54-00,,,10,29,102109.0,16420.0,1,86-60,,,
LaMP HP whole wafer,3521,1642,-66899,-65680,54-00,,,10,30,105630.0,16420.0,1,86-61,,,
LaMP HP whole wafer,3521,1642,-66899,-65680,54-00,,,10,31,109151.0,16420.0,1,86-62,,,
LaMP HP whole wafer,3521,1642,-66899,-65680,54-00,,,11,6,21126.0,18062.0,1,81-52,,,
LaMP HP whole wafer,3521,1642,-66899,-65680,54-00,,,11,7,24647.0,18062.0,1,81-53,,,
LaMP HP whole wafer,3521,1642,-66899,-65680,54-00,,,11,8,28168.0,18062.0,1,81-54,,,
LaMP HP whole wafer,3521,1642,-66899,-65680,54-00,,,11,9,31689.0,18062.0,1,82-50,,,
LaMP HP whole wafer,3521,1642,-66899,-65680,54-00,,,11,10,35210.0,18062.0,1,82-51,,,
LaMP HP whole wafer,3521,1642,-66899,-65680,54-00,,,11,11,38731.0,18062.0,1,82-52,,,
LaMP HP whole wafer,3521,1642,-66899,-65680,54-00,,,11,12,42252.0,18062.0,1,82-53,,,
LaMP HP whole wafer,3521,1642,-66899,-65680,54-00,,,11,13,45773.0,18062.0,1,82-54,,,
LaMP HP whole wafer,3521,1642,-66899,-65680,54-00,,,11,14,49294.0,18062.0,1,83-50,,,
LaMP HP whole wafer,3521,1642,-66899,-65680,54-00,,,11,15,52815.0,18062.0,1,83-51,,,
LaMP HP whole wafer,3521,1642,-66899,-65680,54-00,,,11,16,56336.0,18062.0,1,83-52,,,
LaMP HP whole wafer,3521,1642,-66899,-65680,54-00,,,11,17,59857.0,18062.0,1,83-53,,,
LaMP HP whole wafer,3521,1642,-66899,-65680,54-00,,,11,18,63378.0,18062.0,1,83-54,,,
LaMP HP whole wafer,3521,1642,-66899,-65680,54-00,,,11,19,66899.0,18062.0,1,84-50,,,
LaMP HP whole wafer,3521,1642,-66899,-65680,54-00,,,11,20,70420.0,18062.0,1,84-51,,,
LaMP HP whole wafer,3521,1642,-66899,-65680,54-00,,,11,21,73941.0,18062.0,1,84-52,,,
LaMP HP whole wafer,3521,1642,-66899,-65680,54-00,,,11,22,77462.0,18062.0,1,84-53,,,
LaMP HP whole wafer,3521,1642,-66899,-65680,54-00,,,11,23,80983.0,18062.0,1,84-54,,,
LaMP HP whole wafer,3521,1642,-66899,-65680,54-00,,,11,24,84504.0,18062.0,1,85-50,,,
LaMP HP whole wafer,3521,1642,-66899,-65680,54-00,,,11,25,88025.0,18062.0,1,85-51,,,
LaMP HP whole wafer,3521,1642,-66899,-65680,54-00,,,11,26,91546.0,18062.0,1,85-52,,,
LaMP HP whole wafer,3521,1642,-66899,-65680,54-00,,,11,27,95067.0,18062.0,1,85-53,,,
LaMP HP whole wafer,3521,1642,-66899,-65680,54-00,,,11,28,98588.0,18062.0,1,85-54,,,
LaMP HP whole wafer,3521,1642,-66899,-65680,54-00,,,11,29,102109.0,18062.0,1,86-50,,,
LaMP HP whole wafer,3521,1642,-66899,-65680,54-00,,,11,30,105630.0,18062.0,1,86-51,,,
LaMP HP whole wafer,3521,1642,-66899,-65680,54-00,,,11,31,109151.0,18062.0,1,86-52,,,
LaMP HP whole wafer,3521,1642,-66899,-65680,54-00,,,12,5,17605.0,19704.0,1,81-41,,,
LaMP HP whole wafer,3521,1642,-66899,-65680,54-00,,,12,6,21126.0,19704.0,1,81-42,,,
LaMP HP whole wafer,3521,1642,-66899,-65680,54-00,,,12,7,24647.0,19704.0,1,81-43,,,
LaMP HP whole wafer,3521,1642,-66899,-65680,54-00,,,12,8,28168.0,19704.0,1,81-44,,,
LaMP HP whole wafer,3521,1642,-66899,-65680,54-00,,,12,9,31689.0,19704.0,1,82-40,,,
LaMP HP whole wafer,3521,1642,-66899,-65680,54-00,,,12,10,35210.0,19704.0,1,82-41,,,
LaMP HP whole wafer,3521,1642,-66899,-65680,54-00,,,12,11,38731.0,19704.0,1,82-42,,,
LaMP HP whole wafer,3521,1642,-66899,-65680,54-00,,,12,12,42252.0,19704.0,1,82-43,,,
LaMP HP whole wafer,3521,1642,-66899,-65680,54-00,,,12,13,45773.0,19704.0,1,82-44,,,
LaMP HP whole wafer,3521,1642,-66899,-65680,54-00,,,12,14,49294.0,19704.0,1,83-40,,,
LaMP HP whole wafer,3521,1642,-66899,-65680,54-00,,,12,15,52815.0,19704.0,1,83-41,,,
LaMP HP whole wafer,3521,1642,-66899,-65680,54-00,,,12,16,56336.0,19704.0,1,83-42,,,
LaMP HP whole wafer,3521,1642,-66899,-65680,54-00,,,12,17,59857.0,19704.0,1,83-43,,,
LaMP HP whole wafer,3521,1642,-66899,-65680,54-00,,,12,18,63378.0,19704.0,1,83-44,,,
LaMP HP whole wafer,3521,1642,-66899,-65680,54-00,,,12,19,66899.0,19704.0,1,84-40,,,
LaMP HP whole wafer,3521,1642,-66899,-65680,54-00,,,12,20,70420.0,19704.0,1,84-41,,,
LaMP HP whole wafer,3521,1642,-66899,-65680,54-00,,,12,21,73941.0,19704.0,1,84-42,,,
LaMP HP whole wafer,3521,1642,-66899,-65680,54-00,,,12,22,77462.0,19704.0,1,84-43,,,
LaMP HP whole wafer,3521,1642,-66899,-65680,54-00,,,12,23,80983.0,19704.0,1,84-44,,,
LaMP HP whole wafer,3521,1642,-66899,-65680,54-00,,,12,24,84504.0,19704.0,1,85-40,,,
LaMP HP whole wafer,3521,1642,-66899,-65680,54-00,,,12,25,88025.0,19704.0,1,85-41,,,
LaMP HP whole wafer,3521,1642,-66899,-65680,54-00,,,12,26,91546.0,19704.0,1,85-42,,,
LaMP HP whole wafer,3521,1642,-66899,-65680,54-00,,,12,27,95067.0,19704.0,1,85-43,,,
LaMP HP whole wafer,3521,1642,-66899,-65680,54-00,,,12,28,98588.0,19704.0,1,85-44,,,
LaMP HP whole wafer,3521,1642,-66899,-65680,54-00,,,12,29,102109.0,19704.0,1,86-40,,,
LaMP HP whole wafer,3521,1642,-66899,-65680,54-00,,,12,30,105630.0,19704.0,1,86-41,,,
LaMP HP whole wafer,3521,1642,-66899,-65680,54-00,,,12,31,109151.0,19704.0,1,86-42,,,
LaMP HP whole wafer,3521,1642,-66899,-65680,54-00,,,12,32,112672.0,19704.0,1,86-43,,,
LaMP HP whole wafer,3521,1642,-66899,-65680,54-00,,,13,5,17605.0,21346.0,1,81-31,,,
LaMP HP whole wafer,3521,1642,-66899,-65680,54-00,,,13,6,21126.0,21346.0,1,81-32,,,
LaMP HP whole wafer,3521,1642,-66899,-65680,54-00,,,13,7,24647.0,21346.0,1,81-33,,,
LaMP HP whole wafer,3521,1642,-66899,-65680,54-00,,,13,8,28168.0,21346.0,1,81-34,,,
LaMP HP whole wafer,3521,1642,-66899,-65680,54-00,,,13,9,31689.0,21346.0,1,82-30,,,
LaMP HP whole wafer,3521,1642,-66899,-65680,54-00,,,13,10,35210.0,21346.0,1,82-31,,,
LaMP HP whole wafer,3521,1642,-66899,-65680,54-00,,,13,11,38731.0,21346.0,1,82-32,,,
LaMP HP whole wafer,3521,1642,-66899,-65680,54-00,,,13,12,42252.0,21346.0,1,82-33,,,
LaMP HP whole wafer,3521,1642,-66899,-65680,54-00,,,13,13,45773.0,21346.0,1,82-34,,,
LaMP HP whole wafer,3521,1642,-66899,-65680,54-00,,,13,14,49294.0,21346.0,1,83-30,,,
LaMP HP whole wafer,3521,1642,-66899,-65680,54-00,,,13,15,52815.0,21346.0,1,83-31,,,
LaMP HP whole wafer,3521,1642,-66899,-65680,54-00,,,13,16,56336.0,21346.0,1,83-32,,,
LaMP HP whole wafer,3521,1642,-66899,-65680,54-00,,,13,17,59857.0,21346.0,1,83-33,,,
LaMP HP whole wafer,3521,1642,-66899,-65680,54-00,,,13,18,63378.0,21346.0,1,83-34,,,
LaMP HP whole wafer,3521,1642,-66899,-65680,54-00,,,13,19,66899.0,21346.0,1,84-30,,,
LaMP HP whole wafer,3521,1642,-66899,-65680,54-00,,,13,20,70420.0,21346.0,1,84-31,,,
LaMP HP whole wafer,3521,1642,-66899,-65680,54-00,,,13,21,73941.0,21346.0,1,84-32,,,
LaMP HP whole wafer,3521,1642,-66899,-65680,54-00,,,13,22,77462.0,21346.0,1,84-33,,,
LaMP HP whole wafer,3521,1642,-66899,-65680,54-00,,,13,23,80983.0,21346.0,1,84-34,,,
LaMP HP whole wafer,3521,1642,-66899,-65680,54-00,,,13,24,84504.0,21346.0,1,85-30,,,
LaMP HP whole wafer,3521,1642,-66899,-65680,54-00,,,13,25,88025.0,21346.0,1,85-31,,,
LaMP HP whole wafer,3521,1642,-66899,-65680,54-00,,,13,26,91546.0,21346.0,1,85-32,,,
LaMP HP whole wafer,3521,1642,-66899,-65680,54-00,,,13,27,95067.0,21346.0,1,85-33,,,
LaMP HP whole wafer,3521,1642,-66899,-65680,54-00,,,13,28,98588.0,21346.0,1,85-34,,,
LaMP HP whole wafer,3521,1642,-66899,-65680,54-00,,,13,29,102109.0,21346.0,1,86-30,,,
LaMP HP whole wafer,3521,1642,-66899,-65680,54-00,,,13,30,105630.0,21346.0,1,86-31,,,
LaMP HP whole wafer,3521,1642,-66899,-65680,54-00,,,13,31,109151.0,21346.0,1,86-32,,,
LaMP HP whole wafer,3521,1642,-66899,-65680,54-00,,,13,32,112672.0,21346.0,1,86-33,,,
LaMP HP whole wafer,3521,1642,-66899,-65680,54-00,,,14,5,17605.0,22988.0,1,81-21,,,
LaMP HP whole wafer,3521,1642,-66899,-65680,54-00,,,14,6,21126.0,22988.0,1,81-22,,,
LaMP HP whole wafer,3521,1642,-66899,-65680,54-00,,,14,7,24647.0,22988.0,1,81-23,,,
LaMP HP whole wafer,3521,1642,-66899,-65680,54-00,,,14,8,28168.0,22988.0,1,81-24,,,
LaMP HP whole wafer,3521,1642,-66899,-65680,54-00,,,14,9,31689.0,22988.0,1,82-20,,,
LaMP HP whole wafer,3521,1642,-66899,-65680,54-00,,,14,10,35210.0,22988.0,1,82-21,,,
LaMP HP whole wafer,3521,1642,-66899,-65680,54-00,,,14,11,38731.0,22988.0,1,82-22,,,
LaMP HP whole wafer,3521,1642,-66899,-65680,54-00,,,14,12,42252.0,22988.0,1,82-23,,,
LaMP HP whole wafer,3521,1642,-66899,-65680,54-00,,,14,13,45773.0,22988.0,1,82-24,,,
LaMP HP whole wafer,3521,1642,-66899,-65680,54-00,,,14,14,49294.0,22988.0,1,83-20,,,
LaMP HP whole wafer,3521,1642,-66899,-65680,54-00,,,14,15,52815.0,22988.0,1,83-21,,,
LaMP HP whole wafer,3521,1642,-66899,-65680,54-00,,,14,16,56336.0,22988.0,1,83-22,,,
LaMP HP whole wafer,3521,1642,-66899,-65680,54-00,,,14,17,59857.0,22988.0,1,83-23,,,
LaMP HP whole wafer,3521,1642,-66899,-65680,54-00,,,14,18,63378.0,22988.0,1,83-24,,,
LaMP HP whole wafer,3521,1642,-66899,-65680,54-00,,,14,19,66899.0,22988.0,1,84-20,,,
LaMP HP whole wafer,3521,1642,-66899,-65680,54-00,,,14,20,70420.0,22988.0,1,84-21,,,
LaMP HP whole wafer,3521,1642,-66899,-65680,54-00,,,14,21,73941.0,22988.0,1,84-22,,,
LaMP HP whole wafer,3521,1642,-66899,-65680,54-00,,,14,22,77462.0,22988.0,1,84-23,,,
LaMP HP whole wafer,3521,1642,-66899,-65680,54-00,,,14,23,80983.0,22988.0,1,84-24,,,
LaMP HP whole wafer,3521,1642,-66899,-65680,54-00,,,14,24,84504.0,22988.0,1,85-20,,,
LaMP HP whole wafer,3521,1642,-66899,-65680,54-00,,,14,25,88025.0,22988.0,1,85-21,,,
LaMP HP whole wafer,3521,1642,-66899,-65680,54-00,,,14,26,91546.0,22988.0,1,85-22,,,
LaMP HP whole wafer,3521,1642,-66899,-65680,54-00,,,14,27,95067.0,22988.0,1,85-23,,,
LaMP HP whole wafer,3521,1642,-66899,-65680,54-00,,,14,28,98588.0,22988.0,1,85-24,,,
LaMP HP whole wafer,3521,1642,-66899,-65680,54-00,,,14,29,102109.0,22988.0,1,86-20,,,
LaMP HP whole wafer,3521,1642,-66899,-65680,54-00,,,14,30,105630.0,22988.0,1,86-21,,,
LaMP HP whole wafer,3521,1642,-66899,-65680,54-00,,,14,31,109151.0,22988.0,1,86-22,,,
LaMP HP whole wafer,3521,1642,-66899,-65680,54-00,,,14,32,112672.0,22988.0,1,86-23,,,
LaMP HP whole wafer,3521,1642,-66899,-65680,54-00,,,15,4,14084.0,24630.0,1,81-10,,,
LaMP HP whole wafer,3521,1642,-66899,-65680,54-00,,,15,5,17605.0,24630.0,1,81-11,,,
LaMP HP whole wafer,3521,1642,-66899,-65680,54-00,,,15,6,21126.0,24630.0,1,81-12,,,
LaMP HP whole wafer,3521,1642,-66899,-65680,54-00,,,15,7,24647.0,24630.0,1,81-13,,,
LaMP HP whole wafer,3521,1642,-66899,-65680,54-00,,,15,8,28168.0,24630.0,1,81-14,,,
LaMP HP whole wafer,3521,1642,-66899,-65680,54-00,,,15,9,31689.0,24630.0,1,82-10,,,
LaMP HP whole wafer,3521,1642,-66899,-65680,54-00,,,15,10,35210.0,24630.0,1,82-11,,,
LaMP HP whole wafer,3521,1642,-66899,-65680,54-00,,,15,11,38731.0,24630.0,1,82-12,,,
LaMP HP whole wafer,3521,1642,-66899,-65680,54-00,,,15,12,42252.0,24630.0,1,82-13,,,
LaMP HP whole wafer,3521,1642,-66899,-65680,54-00,,,15,13,45773.0,24630.0,1,82-14,,,
LaMP HP whole wafer,3521,1642,-66899,-65680,54-00,,,15,14,49294.0,24630.0,1,83-10,,,
LaMP HP whole wafer,3521,1642,-66899,-65680,54-00,,,15,15,52815.0,24630.0,1,83-11,,,
LaMP HP whole wafer,3521,1642,-66899,-65680,54-00,,,15,16,56336.0,24630.0,1,83-12,,,
LaMP HP whole wafer,3521,1642,-66899,-65680,54-00,,,15,17,59857.0,24630.0,1,83-13,,,
LaMP HP whole wafer,3521,1642,-66899,-65680,54-00,,,15,18,63378.0,24630.0,1,83-14,,,
LaMP HP whole wafer,3521,1642,-66899,-65680,54-00,,,15,19,66899.0,24630.0,1,84-10,,,
LaMP HP whole wafer,3521,1642,-66899,-65680,54-00,,,15,20,70420.0,24630.0,1,84-11,,,
LaMP HP whole wafer,3521,1642,-66899,-65680,54-00,,,15,21,73941.0,24630.0,1,84-12,,,
LaMP HP whole wafer,3521,1642,-66899,-65680,54-00,,,15,22,77462.0,24630.0,1,84-13,,,
LaMP HP whole wafer,3521,1642,-66899,-65680,54-00,,,15,23,80983.0,24630.0,1,84-14,,,
LaMP HP whole wafer,3521,1642,-66899,-65680,54-00,,,15,24,84504.0,24630.0,1,85-10,,,
LaMP HP whole wafer,3521,1642,-66899,-65680,54-00,,,15,25,88025.0,24630.0,1,85-11,,,
LaMP HP whole wafer,3521,1642,-66899,-65680,54-00,,,15,26,91546.0,24630.0,1,85-12,,,
LaMP HP whole wafer,3521,1642,-66899,-65680,54-00,,,15,27,95067.0,24630.0,1,85-13,,,
LaMP HP whole wafer,3521,1642,-66899,-65680,54-00,,,15,28,98588.0,24630.0,1,85-14,,,
LaMP HP whole wafer,3521,1642,-66899,-65680,54-00,,,15,29,102109.0,24630.0,1,86-10,,,
LaMP HP whole wafer,3521,1642,-66899,-65680,54-00,,,15,30,105630.0,24630.0,1,86-11,,,
LaMP HP whole wafer,3521,1642,-66899,-65680,54-00,,,15,31,109151.0,24630.0,1,86-12,,,
LaMP HP whole wafer,3521,1642,-66899,-65680,54-00,,,15,32,112672.0,24630.0,1,86-13,,,
LaMP HP whole wafer,3521,1642,-66899,-65680,54-00,,,15,33,116193.0,24630.0,1,86-14,,,
LaMP HP whole wafer,3521,1642,-66899,-65680,54-00,,,16,4,14084.0,26272.0,1,81-00,,,
LaMP HP whole wafer,3521,1642,-66899,-65680,54-00,,,16,5,17605.0,26272.0,1,81-01,,,
LaMP HP whole wafer,3521,1642,-66899,-65680,54-00,,,16,6,21126.0,26272.0,1,81-02,,,
LaMP HP whole wafer,3521,1642,-66899,-65680,54-00,,,16,7,24647.0,26272.0,1,81-03,,,
LaMP HP whole wafer,3521,1642,-66899,-65680,54-00,,,16,8,28168.0,26272.0,1,81-04,,,
LaMP HP whole wafer,3521,1642,-66899,-65680,54-00,,,16,9,31689.0,26272.0,1,82-00,,,
LaMP HP whole wafer,3521,1642,-66899,-65680,54-00,,,16,10,35210.0,26272.0,1,82-01,,,
LaMP HP whole wafer,3521,1642,-66899,-65680,54-00,,,16,11,38731.0,26272.0,1,82-02,,,
LaMP HP whole wafer,3521,1642,-66899,-65680,54-00,,,16,12,42252.0,26272.0,1,82-03,,,
LaMP HP whole wafer,3521,1642,-66899,-65680,54-00,,,16,13,45773.0,26272.0,1,82-04,,,
LaMP HP whole wafer,3521,1642,-66899,-65680,54-00,,,16,14,49294.0,26272.0,1,83-00,,,
LaMP HP whole wafer,3521,1642,-66899,-65680,54-00,,,16,15,52815.0,26272.0,1,83-01,,,
LaMP HP whole wafer,3521,1642,-66899,-65680,54-00,,,16,16,56336.0,26272.0,1,83-02,,,
LaMP HP whole wafer,3521,1642,-66899,-65680,54-00,,,16,17,59857.0,26272.0,1,83-03,,,
LaMP HP whole wafer,3521,1642,-66899,-65680,54-00,,,16,18,63378.0,26272.0,1,83-04,,,
LaMP HP whole wafer,3521,1642,-66899,-65680,54-00,,,16,19,66899.0,26272.0,1,84-00,,,
LaMP HP whole wafer,3521,1642,-66899,-65680,54-00,,,16,20,70420.0,26272.0,1,84-01,,,
LaMP HP whole wafer,3521,1642,-66899,-65680,54-00,,,16,21,73941.0,26272.0,1,84-02,,,
LaMP HP whole wafer,3521,1642,-66899,-65680,54-00,,,16,22,77462.0,26272.0,1,84-03,,,
LaMP HP whole wafer,3521,1642,-66899,-65680,54-00,,,16,23,80983.0,26272.0,1,84-04,,,
LaMP HP whole wafer,3521,1642,-66899,-65680,54-00,,,16,24,84504.0,26272.0,1,85-00,,,
LaMP HP whole wafer,3521,1642,-66899,-65680,54-00,,,16,25,88025.0,26272.0,1,85-01,,,
LaMP HP whole wafer,3521,1642,-66899,-65680,54-00,,,16,26,91546.0,26272.0,1,85-02,,,
LaMP HP whole wafer,3521,1642,-66899,-65680,54-00,,,16,27,95067.0,26272.0,1,85-03,,,
LaMP HP whole wafer,3521,1642,-66899,-65680,54-00,,,16,28,98588.0,26272.0,1,85-04,,,
LaMP HP whole wafer,3521,1642,-66899,-65680,54-00,,,16,29,102109.0,26272.0,1,86-00,,,
LaMP HP whole wafer,3521,1642,-66899,-65680,54-00,,,16,30,105630.0,26272.0,1,86-01,,,
LaMP HP whole wafer,3521,1642,-66899,-65680,54-00,,,16,31,109151.0,26272.0,1,86-02,,,
LaMP HP whole wafer,3521,1642,-66899,-65680,54-00,,,16,32,112672.0,26272.0,1,86-03,,,
LaMP HP whole wafer,3521,1642,-66899,-65680,54-00,,,16,33,116193.0,26272.0,1,86-04,,,
LaMP HP whole wafer,3521,1642,-66899,-65680,54-00,,,17,3,10563.0,27914.0,1,70-74,,,
LaMP HP whole wafer,3521,1642,-66899,-65680,54-00,,,17,4,14084.0,27914.0,1,71-70,,,
LaMP HP whole wafer,3521,1642,-66899,-65680,54-00,,,17,5,17605.0,27914.0,1,71-71,,,
LaMP HP whole wafer,3521,1642,-66899,-65680,54-00,,,17,6,21126.0,27914.0,1,71-72,,,
LaMP HP whole wafer,3521,1642,-66899,-65680,54-00,,,17,7,24647.0,27914.0,1,71-73,,,
LaMP HP whole wafer,3521,1642,-66899,-65680,54-00,,,17,8,28168.0,27914.0,1,71-74,,,
LaMP HP whole wafer,3521,1642,-66899,-65680,54-00,,,17,9,31689.0,27914.0,1,72-70,,,
LaMP HP whole wafer,3521,1642,-66899,-65680,54-00,,,17,10,35210.0,27914.0,1,72-71,,,
LaMP HP whole wafer,3521,1642,-66899,-65680,54-00,,,17,11,38731.0,27914.0,1,72-72,,,
LaMP HP whole wafer,3521,1642,-66899,-65680,54-00,,,17,12,42252.0,27914.0,1,72-73,,,
LaMP HP whole wafer,3521,1642,-66899,-65680,54-00,,,17,13,45773.0,27914.0,1,72-74,,,
LaMP HP whole wafer,3521,1642,-66899,-65680,54-00,,,17,14,49294.0,27914.0,1,73-70,,,
LaMP HP whole wafer,3521,1642,-66899,-65680,54-00,,,17,15,52815.0,27914.0,1,73-71,,,
LaMP HP whole wafer,3521,1642,-66899,-65680,54-00,,,17,16,56336.0,27914.0,1,73-72,,,
LaMP HP whole wafer,3521,1642,-66899,-65680,54-00,,,17,17,59857.0,27914.0,1,73-73,,,
LaMP HP whole wafer,3521,1642,-66899,-65680,54-00,,,17,18,63378.0,27914.0,1,73-74,,,
LaMP HP whole wafer,3521,1642,-66899,-65680,54-00,,,17,19,66899.0,27914.0,1,74-70,,,
LaMP HP whole wafer,3521,1642,-66899,-65680,54-00,,,17,20,70420.0,27914.0,1,74-71,,,
LaMP HP whole wafer,3521,1642,-66899,-65680,54-00,,,17,21,73941.0,27914.0,1,74-72,,,
LaMP HP whole wafer,3521,1642,-66899,-65680,54-00,,,17,22,77462.0,27914.0,1,74-73,,,
LaMP HP whole wafer,3521,1642,-66899,-65680,54-00,,,17,23,80983.0,27914.0,1,74-74,,,
LaMP HP whole wafer,3521,1642,-66899,-65680,54-00,,,17,24,84504.0,27914.0,1,75-70,,,
LaMP HP whole wafer,3521,1642,-66899,-65680,54-00,,,17,25,88025.0,27914.0,1,75-71,,,
LaMP HP whole wafer,3521,1642,-66899,-65680,54-00,,,17,26,91546.0,27914.0,1,75-72,,,
LaMP HP whole wafer,3521,1642,-66899,-65680,54-00,,,17,27,95067.0,27914.0,1,75-73,,,
LaMP HP whole wafer,3521,1642,-66899,-65680,54-00,,,17,28,98588.0,27914.0,1,75-74,,,
LaMP HP whole wafer,3521,1642,-66899,-65680,54-00,,,17,29,102109.0,27914.0,1,76-70,,,
LaMP HP whole wafer,3521,1642,-66899,-65680,54-00,,,17,30,105630.0,27914.0,1,76-71,,,
LaMP HP whole wafer,3521,1642,-66899,-65680,54-00,,,17,31,109151.0,27914.0,1,76-72,,,
LaMP HP whole wafer,3521,1642,-66899,-65680,54-00,,,17,32,112672.0,27914.0,1,76-73,,,
LaMP HP whole wafer,3521,1642,-66899,-65680,54-00,,,17,33,116193.0,27914.0,1,76-74,,,
LaMP HP whole wafer,3521,1642,-66899,-65680,54-00,,,17,34,119714.0,27914.0,1,77-70,,,
LaMP HP whole wafer,3521,1642,-66899,-65680,54-00,,,18,3,10563.0,29556.0,1,70-64,,,
LaMP HP whole wafer,3521,1642,-66899,-65680,54-00,,,18,4,14084.0,29556.0,1,71-60,,,
LaMP HP whole wafer,3521,1642,-66899,-65680,54-00,,,18,5,17605.0,29556.0,1,71-61,,,
LaMP HP whole wafer,3521,1642,-66899,-65680,54-00,,,18,6,21126.0,29556.0,1,71-62,,,
LaMP HP whole wafer,3521,1642,-66899,-65680,54-00,,,18,7,24647.0,29556.0,1,71-63,,,
LaMP HP whole wafer,3521,1642,-66899,-65680,54-00,,,18,8,28168.0,29556.0,1,71-64,,,
LaMP HP whole wafer,3521,1642,-66899,-65680,54-00,,,18,9,31689.0,29556.0,1,72-60,,,
LaMP HP whole wafer,3521,1642,-66899,-65680,54-00,,,18,10,35210.0,29556.0,1,72-61,,,
LaMP HP whole wafer,3521,1642,-66899,-65680,54-00,,,18,11,38731.0,29556.0,1,72-62,,,
LaMP HP whole wafer,3521,1642,-66899,-65680,54-00,,,18,12,42252.0,29556.0,1,72-63,,,
LaMP HP whole wafer,3521,1642,-66899,-65680,54-00,,,18,13,45773.0,29556.0,1,72-64,,,
LaMP HP whole wafer,3521,1642,-66899,-65680,54-00,,,18,14,49294.0,29556.0,1,73-60,,,
LaMP HP whole wafer,3521,1642,-66899,-65680,54-00,,,18,15,52815.0,29556.0,1,73-61,,,
LaMP HP whole wafer,3521,1642,-66899,-65680,54-00,,,18,16,56336.0,29556.0,1,73-62,,,
LaMP HP whole wafer,3521,1642,-66899,-65680,54-00,,,18,17,59857.0,29556.0,1,73-63,,,
LaMP HP whole wafer,3521,1642,-66899,-65680,54-00,,,18,18,63378.0,29556.0,1,73-64,,,
LaMP HP whole wafer,3521,1642,-66899,-65680,54-00,,,18,19,66899.0,29556.0,1,74-60,,,
LaMP HP whole wafer,3521,1642,-66899,-65680,54-00,,,18,20,70420.0,29556.0,1,74-61,,,
LaMP HP whole wafer,3521,1642,-66899,-65680,54-00,,,18,21,73941.0,29556.0,1,74-62,,,
LaMP HP whole wafer,3521,1642,-66899,-65680,54-00,,,18,22,77462.0,29556.0,1,74-63,,,
LaMP HP whole wafer,3521,1642,-66899,-65680,54-00,,,18,23,80983.0,29556.0,1,74-64,,,
LaMP HP whole wafer,3521,1642,-66899,-65680,54-00,,,18,24,84504.0,29556.0,1,75-60,,,
LaMP HP whole wafer,3521,1642,-66899,-65680,54-00,,,18,25,88025.0,29556.0,1,75-61,,,
LaMP HP whole wafer,3521,1642,-66899,-65680,54-00,,,18,26,91546.0,29556.0,1,75-62,,,
LaMP HP whole wafer,3521,1642,-66899,-65680,54-00,,,18,27,95067.0,29556.0,1,75-63,,,
LaMP HP whole wafer,3521,1642,-66899,-65680,54-00,,,18,28,98588.0,29556.0,1,75-64,,,
LaMP HP whole wafer,3521,1642,-66899,-65680,54-00,,,18,29,102109.0,29556.0,1,76-60,,,
LaMP HP whole wafer,3521,1642,-66899,-65680,54-00,,,18,30,105630.0,29556.0,1,76-61,,,
LaMP HP whole wafer,3521,1642,-66899,-65680,54-00,,,18,31,109151.0,29556.0,1,76-62,,,
LaMP HP whole wafer,3521,1642,-66899,-65680,54-00,,,18,32,112672.0,29556.0,1,76-63,,,
LaMP HP whole wafer,3521,1642,-66899,-65680,54-00,,,18,33,116193.0,29556.0,1,76-64,,,
LaMP HP whole wafer,3521,1642,-66899,-65680,54-00,,,18,34,119714.0,29556.0,1,77-60,,,
LaMP HP whole wafer,3521,1642,-66899,-65680,54-00,,,19,3,10563.0,31198.0,1,70-54,,,
LaMP HP whole wafer,3521,1642,-66899,-65680,54-00,,,19,4,14084.0,31198.0,1,71-50,,,
LaMP HP whole wafer,3521,1642,-66899,-65680,54-00,,,19,5,17605.0,31198.0,1,71-51,,,
LaMP HP whole wafer,3521,1642,-66899,-65680,54-00,,,19,6,21126.0,31198.0,1,71-52,,,
LaMP HP whole wafer,3521,1642,-66899,-65680,54-00,,,19,7,24647.0,31198.0,1,71-53,,,
LaMP HP whole wafer,3521,1642,-66899,-65680,54-00,,,19,8,28168.0,31198.0,1,71-54,,,
LaMP HP whole wafer,3521,1642,-66899,-65680,54-00,,,19,9,31689.0,31198.0,1,72-50,,,
LaMP HP whole wafer,3521,1642,-66899,-65680,54-00,,,19,10,35210.0,31198.0,1,72-51,,,
LaMP HP whole wafer,3521,1642,-66899,-65680,54-00,,,19,11,38731.0,31198.0,1,72-52,,,
LaMP HP whole wafer,3521,1642,-66899,-65680,54-00,,,19,12,42252.0,31198.0,1,72-53,,,
LaMP HP whole wafer,3521,1642,-66899,-65680,54-00,,,19,13,45773.0,31198.0,1,72-54,,,
LaMP HP whole wafer,3521,1642,-66899,-65680,54-00,,,19,14,49294.0,31198.0,1,73-50,,,
LaMP HP whole wafer,3521,1642,-66899,-65680,54-00,,,19,15,52815.0,31198.0,1,73-51,,,
LaMP HP whole wafer,3521,1642,-66899,-65680,54-00,,,19,16,56336.0,31198.0,1,73-52,,,
LaMP HP whole wafer,3521,1642,-66899,-65680,54-00,,,19,17,59857.0,31198.0,1,73-53,,,
LaMP HP whole wafer,3521,1642,-66899,-65680,54-00,,,19,18,63378.0,31198.0,1,73-54,,,
LaMP HP whole wafer,3521,1642,-66899,-65680,54-00,,,19,19,66899.0,31198.0,1,74-50,,,
LaMP HP whole wafer,3521,1642,-66899,-65680,54-00,,,19,20,70420.0,31198.0,1,74-51,,,
LaMP HP whole wafer,3521,1642,-66899,-65680,54-00,,,19,21,73941.0,31198.0,1,74-52,,,
LaMP HP whole wafer,3521,1642,-66899,-65680,54-00,,,19,22,77462.0,31198.0,1,74-53,,,
LaMP HP whole wafer,3521,1642,-66899,-65680,54-00,,,19,23,80983.0,31198.0,1,74-54,,,
LaMP HP whole wafer,3521,1642,-66899,-65680,54-00,,,19,24,84504.0,31198.0,1,75-50,,,
LaMP HP whole wafer,3521,1642,-66899,-65680,54-00,,,19,25,88025.0,31198.0,1,75-51,,,
LaMP HP whole wafer,3521,1642,-66899,-65680,54-00,,,19,26,91546.0,31198.0,1,75-52,,,
LaMP HP whole wafer,3521,1642,-66899,-65680,54-00,,,19,27,95067.0,31198.0,1,75-53,,,
LaMP HP whole wafer,3521,1642,-66899,-65680,54-00,,,19,28,98588.0,31198.0,1,75-54,,,
LaMP HP whole wafer,3521,1642,-66899,-65680,54-00,,,19,29,102109.0,31198.0,1,76-50,,,
LaMP HP whole wafer,3521,1642,-66899,-65680,54-00,,,19,30,105630.0,31198.0,1,76-51,,,
LaMP HP whole wafer,3521,1642,-66899,-65680,54-00,,,19,31,109151.0,31198.0,1,76-52,,,
LaMP HP whole wafer,3521,1642,-66899,-65680,54-00,,,19,32,112672.0,31198.0,1,76-53,,,
LaMP HP whole wafer,3521,1642,-66899,-65680,54-00,,,19,33,116193.0,31198.0,1,76-54,,,
LaMP HP whole wafer,3521,1642,-66899,-65680,54-00,,,19,34,119714.0,31198.0,1,77-50,,,
LaMP HP whole wafer,3521,1642,-66899,-65680,54-00,,,20,3,10563.0,32840.0,1,70-44,,,
LaMP HP whole wafer,3521,1642,-66899,-65680,54-00,,,20,4,14084.0,32840.0,1,71-40,,,
LaMP HP whole wafer,3521,1642,-66899,-65680,54-00,,,20,5,17605.0,32840.0,1,71-41,,,
LaMP HP whole wafer,3521,1642,-66899,-65680,54-00,,,20,6,21126.0,32840.0,1,71-42,,,
LaMP HP whole wafer,3521,1642,-66899,-65680,54-00,,,20,7,24647.0,32840.0,1,71-43,,,
LaMP HP whole wafer,3521,1642,-66899,-65680,54-00,,,20,8,28168.0,32840.0,1,71-44,,,
LaMP HP whole wafer,3521,1642,-66899,-65680,54-00,,,20,9,31689.0,32840.0,1,72-40,,,
LaMP HP whole wafer,3521,1642,-66899,-65680,54-00,,,20,10,35210.0,32840.0,1,72-41,,,
LaMP HP whole wafer,3521,1642,-66899,-65680,54-00,,,20,11,38731.0,32840.0,1,72-42,,,
LaMP HP whole wafer,3521,1642,-66899,-65680,54-00,,,20,12,42252.0,32840.0,1,72-43,,,
LaMP HP whole wafer,3521,1642,-66899,-65680,54-00,,,20,13,45773.0,32840.0,1,72-44,,,
LaMP HP whole wafer,3521,1642,-66899,-65680,54-00,,,20,14,49294.0,32840.0,1,73-40,,,
LaMP HP whole wafer,3521,1642,-66899,-65680,54-00,,,20,15,52815.0,32840.0,1,73-41,,,
LaMP HP whole wafer,3521,1642,-66899,-65680,54-00,,,20,16,56336.0,32840.0,1,73-42,,,
LaMP HP whole wafer,3521,1642,-66899,-65680,54-00,,,20,17,59857.0,32840.0,1,73-43,,,
LaMP HP whole wafer,3521,1642,-66899,-65680,54-00,,,20,18,63378.0,32840.0,1,73-44,,,
LaMP HP whole wafer,3521,1642,-66899,-65680,54-00,,,20,19,66899.0,32840.0,1,74-40,,,
LaMP HP whole wafer,3521,1642,-66899,-65680,54-00,,,20,20,70420.0,32840.0,1,74-41,,,
LaMP HP whole wafer,3521,1642,-66899,-65680,54-00,,,20,21,73941.0,32840.0,1,74-42,,,
LaMP HP whole wafer,3521,1642,-66899,-65680,54-00,,,20,22,77462.0,32840.0,1,74-43,,,
LaMP HP whole wafer,3521,1642,-66899,-65680,54-00,,,20,23,80983.0,32840.0,1,74-44,,,
LaMP HP whole wafer,3521,1642,-66899,-65680,54-00,,,20,24,84504.0,32840.0,1,75-40,,,
LaMP HP whole wafer,3521,1642,-66899,-65680,54-00,,,20,25,88025.0,32840.0,1,75-41,,,
LaMP HP whole wafer,3521,1642,-66899,-65680,54-00,,,20,26,91546.0,32840.0,1,75-42,,,
LaMP HP whole wafer,3521,1642,-66899,-65680,54-00,,,20,27,95067.0,32840.0,1,75-43,,,
LaMP HP whole wafer,3521,1642,-66899,-65680,54-00,,,20,28,98588.0,32840.0,1,75-44,,,
LaMP HP whole wafer,3521,1642,-66899,-65680,54-00,,,20,29,102109.0,32840.0,1,76-40,,,
LaMP HP whole wafer,3521,1642,-66899,-65680,54-00,,,20,30,105630.0,32840.0,1,76-41,,,
LaMP HP whole wafer,3521,1642,-66899,-65680,54-00,,,20,31,109151.0,32840.0,1,76-42,,,
LaMP HP whole wafer,3521,1642,-66899,-65680,54-00,,,20,32,112672.0,32840.0,1,76-43,,,
LaMP HP whole wafer,3521,1642,-66899,-65680,54-00,,,20,33,116193.0,32840.0,1,76-44,,,
LaMP HP whole wafer,3521,1642,-66899,-65680,54-00,,,20,34,119714.0,32840.0,1,77-40,,,
LaMP HP whole wafer,3521,1642,-66899,-65680,54-00,,,21,2,7042.0,34482.0,1,70-33,,,
LaMP HP whole wafer,3521,1642,-66899,-65680,54-00,,,21,3,10563.0,34482.0,1,70-34,,,
LaMP HP whole wafer,3521,1642,-66899,-65680,54-00,,,21,4,14084.0,34482.0,1,71-30,,,
LaMP HP whole wafer,3521,1642,-66899,-65680,54-00,,,21,5,17605.0,34482.0,1,71-31,,,
LaMP HP whole wafer,3521,1642,-66899,-65680,54-00,,,21,6,21126.0,34482.0,1,71-32,,,
LaMP HP whole wafer,3521,1642,-66899,-65680,54-00,,,21,7,24647.0,34482.0,1,71-33,,,
LaMP HP whole wafer,3521,1642,-66899,-65680,54-00,,,21,8,28168.0,34482.0,1,71-34,,,
LaMP HP whole wafer,3521,1642,-66899,-65680,54-00,,,21,9,31689.0,34482.0,1,72-30,,,
LaMP HP whole wafer,3521,1642,-66899,-65680,54-00,,,21,10,35210.0,34482.0,1,72-31,,,
LaMP HP whole wafer,3521,1642,-66899,-65680,54-00,,,21,11,38731.0,34482.0,1,72-32,,,
LaMP HP whole wafer,3521,1642,-66899,-65680,54-00,,,21,12,42252.0,34482.0,1,72-33,,,
LaMP HP whole wafer,3521,1642,-66899,-65680,54-00,,,21,13,45773.0,34482.0,1,72-34,,,
LaMP HP whole wafer,3521,1642,-66899,-65680,54-00,,,21,14,49294.0,34482.0,1,73-30,,,
LaMP HP whole wafer,3521,1642,-66899,-65680,54-00,,,21,15,52815.0,34482.0,1,73-31,,,
LaMP HP whole wafer,3521,1642,-66899,-65680,54-00,,,21,16,56336.0,34482.0,1,73-32,,,
LaMP HP whole wafer,3521,1642,-66899,-65680,54-00,,,21,17,59857.0,34482.0,1,73-33,,,
LaMP HP whole wafer,3521,1642,-66899,-65680,54-00,,,21,18,63378.0,34482.0,1,73-34,,,
LaMP HP whole wafer,3521,1642,-66899,-65680,54-00,,,21,19,66899.0,34482.0,1,74-30,,,
LaMP HP whole wafer,3521,1642,-66899,-65680,54-00,,,21,20,70420.0,34482.0,1,74-31,,,
LaMP HP whole wafer,3521,1642,-66899,-65680,54-00,,,21,21,73941.0,34482.0,1,74-32,,,
LaMP HP whole wafer,3521,1642,-66899,-65680,54-00,,,21,22,77462.0,34482.0,1,74-33,,,
LaMP HP whole wafer,3521,1642,-66899,-65680,54-00,,,21,23,80983.0,34482.0,1,74-34,,,
LaMP HP whole wafer,3521,1642,-66899,-65680,54-00,,,21,24,84504.0,34482.0,1,75-30,,,
LaMP HP whole wafer,3521,1642,-66899,-65680,54-00,,,21,25,88025.0,34482.0,1,75-31,,,
LaMP HP whole wafer,3521,1642,-66899,-65680,54-00,,,21,26,91546.0,34482.0,1,75-32,,,
LaMP HP whole wafer,3521,1642,-66899,-65680,54-00,,,21,27,95067.0,34482.0,1,75-33,,,
LaMP HP whole wafer,3521,1642,-66899,-65680,54-00,,,21,28,98588.0,34482.0,1,75-34,,,
LaMP HP whole wafer,3521,1642,-66899,-65680,54-00,,,21,29,102109.0,34482.0,1,76-30,,,
LaMP HP whole wafer,3521,1642,-66899,-65680,54-00,,,21,30,105630.0,34482.0,1,76-31,,,
LaMP HP whole wafer,3521,1642,-66899,-65680,54-00,,,21,31,109151.0,34482.0,1,76-32,,,
LaMP HP whole wafer,3521,1642,-66899,-65680,54-00,,,21,32,112672.0,34482.0,1,76-33,,,
LaMP HP whole wafer,3521,1642,-66899,-65680,54-00,,,21,33,116193.0,34482.0,1,76-34,,,
LaMP HP whole wafer,3521,1642,-66899,-65680,54-00,,,21,34,119714.0,34482.0,1,77-30,,,
LaMP HP whole wafer,3521,1642,-66899,-65680,54-00,,,21,35,123235.0,34482.0,1,77-31,,,
LaMP HP whole wafer,3521,1642,-66899,-65680,54-00,,,22,2,7042.0,36124.0,1,70-23,,,
LaMP HP whole wafer,3521,1642,-66899,-65680,54-00,,,22,3,10563.0,36124.0,1,70-24,,,
LaMP HP whole wafer,3521,1642,-66899,-65680,54-00,,,22,4,14084.0,36124.0,1,71-20,,,
LaMP HP whole wafer,3521,1642,-66899,-65680,54-00,,,22,5,17605.0,36124.0,1,71-21,,,
LaMP HP whole wafer,3521,1642,-66899,-65680,54-00,,,22,6,21126.0,36124.0,1,71-22,,,
LaMP HP whole wafer,3521,1642,-66899,-65680,54-00,,,22,7,24647.0,36124.0,1,71-23,,,
LaMP HP whole wafer,3521,1642,-66899,-65680,54-00,,,22,8,28168.0,36124.0,1,71-24,,,
LaMP HP whole wafer,3521,1642,-66899,-65680,54-00,,,22,9,31689.0,36124.0,1,72-20,,,
LaMP HP whole wafer,3521,1642,-66899,-65680,54-00,,,22,10,35210.0,36124.0,1,72-21,,,
LaMP HP whole wafer,3521,1642,-66899,-65680,54-00,,,22,11,38731.0,36124.0,1,72-22,,,
LaMP HP whole wafer,3521,1642,-66899,-65680,54-00,,,22,12,42252.0,36124.0,1,72-23,,,
LaMP HP whole wafer,3521,1642,-66899,-65680,54-00,,,22,13,45773.0,36124.0,1,72-24,,,
LaMP HP whole wafer,3521,1642,-66899,-65680,54-00,,,22,14,49294.0,36124.0,1,73-20,,,
LaMP HP whole wafer,3521,1642,-66899,-65680,54-00,,,22,15,52815.0,36124.0,1,73-21,,,
LaMP HP whole wafer,3521,1642,-66899,-65680,54-00,,,22,16,56336.0,36124.0,1,73-22,,,
LaMP HP whole wafer,3521,1642,-66899,-65680,54-00,,,22,17,59857.0,36124.0,1,73-23,,,
LaMP HP whole wafer,3521,1642,-66899,-65680,54-00,,,22,18,63378.0,36124.0,1,73-24,,,
LaMP HP whole wafer,3521,1642,-66899,-65680,54-00,,,22,19,66899.0,36124.0,1,74-20,,,
LaMP HP whole wafer,3521,1642,-66899,-65680,54-00,,,22,20,70420.0,36124.0,1,74-21,,,
LaMP HP whole wafer,3521,1642,-66899,-65680,54-00,,,22,21,73941.0,36124.0,1,74-22,,,
LaMP HP whole wafer,3521,1642,-66899,-65680,54-00,,,22,22,77462.0,36124.0,1,74-23,,,
LaMP HP whole wafer,3521,1642,-66899,-65680,54-00,,,22,23,80983.0,36124.0,1,74-24,,,
LaMP HP whole wafer,3521,1642,-66899,-65680,54-00,,,22,24,84504.0,36124.0,1,75-20,,,
LaMP HP whole wafer,3521,1642,-66899,-65680,54-00,,,22,25,88025.0,36124.0,1,75-21,,,
LaMP HP whole wafer,3521,1642,-66899,-65680,54-00,,,22,26,91546.0,36124.0,1,75-22,,,
LaMP HP whole wafer,3521,1642,-66899,-65680,54-00,,,22,27,95067.0,36124.0,1,75-23,,,
LaMP HP whole wafer,3521,1642,-66899,-65680,54-00,,,22,28,98588.0,36124.0,1,75-24,,,
LaMP HP whole wafer,3521,1642,-66899,-65680,54-00,,,22,29,102109.0,36124.0,1,76-20,,,
LaMP HP whole wafer,3521,1642,-66899,-65680,54-00,,,22,30,105630.0,36124.0,1,76-21,,,
LaMP HP whole wafer,3521,1642,-66899,-65680,54-00,,,22,31,109151.0,36124.0,1,76-22,,,
LaMP HP whole wafer,3521,1642,-66899,-65680,54-00,,,22,32,112672.0,36124.0,1,76-23,,,
LaMP HP whole wafer,3521,1642,-66899,-65680,54-00,,,22,33,116193.0,36124.0,1,76-24,,,
LaMP HP whole wafer,3521,1642,-66899,-65680,54-00,,,22,34,119714.0,36124.0,1,77-20,,,
LaMP HP whole wafer,3521,1642,-66899,-65680,54-00,,,22,35,123235.0,36124.0,1,77-21,,,
LaMP HP whole wafer,3521,1642,-66899,-65680,54-00,,,23,2,7042.0,37766.0,1,70-13,,,
LaMP HP whole wafer,3521,1642,-66899,-65680,54-00,,,23,3,10563.0,37766.0,1,70-14,,,
LaMP HP whole wafer,3521,1642,-66899,-65680,54-00,,,23,4,14084.0,37766.0,1,71-10,,,
LaMP HP whole wafer,3521,1642,-66899,-65680,54-00,,,23,5,17605.0,37766.0,1,71-11,,,
LaMP HP whole wafer,3521,1642,-66899,-65680,54-00,,,23,6,21126.0,37766.0,1,71-12,,,
LaMP HP whole wafer,3521,1642,-66899,-65680,54-00,,,23,7,24647.0,37766.0,1,71-13,,,
LaMP HP whole wafer,3521,1642,-66899,-65680,54-00,,,23,8,28168.0,37766.0,1,71-14,,,
LaMP HP whole wafer,3521,1642,-66899,-65680,54-00,,,23,9,31689.0,37766.0,1,72-10,,,
LaMP HP whole wafer,3521,1642,-66899,-65680,54-00,,,23,10,35210.0,37766.0,1,72-11,,,
LaMP HP whole wafer,3521,1642,-66899,-65680,54-00,,,23,11,38731.0,37766.0,1,72-12,,,
LaMP HP whole wafer,3521,1642,-66899,-65680,54-00,,,23,12,42252.0,37766.0,1,72-13,,,
LaMP HP whole wafer,3521,1642,-66899,-65680,54-00,,,23,13,45773.0,37766.0,1,72-14,,,
LaMP HP whole wafer,3521,1642,-66899,-65680,54-00,,,23,14,49294.0,37766.0,1,73-10,,,
LaMP HP whole wafer,3521,1642,-66899,-65680,54-00,,,23,15,52815.0,37766.0,1,73-11,,,
LaMP HP whole wafer,3521,1642,-66899,-65680,54-00,,,23,16,56336.0,37766.0,1,73-12,,,
LaMP HP whole wafer,3521,1642,-66899,-65680,54-00,,,23,17,59857.0,37766.0,1,73-13,,,
LaMP HP whole wafer,3521,1642,-66899,-65680,54-00,,,23,18,63378.0,37766.0,1,73-14,,,
LaMP HP whole wafer,3521,1642,-66899,-65680,54-00,,,23,19,66899.0,37766.0,1,74-10,,,
LaMP HP whole wafer,3521,1642,-66899,-65680,54-00,,,23,20,70420.0,37766.0,1,74-11,,,
LaMP HP whole wafer,3521,1642,-66899,-65680,54-00,,,23,21,73941.0,37766.0,1,74-12,,,
LaMP HP whole wafer,3521,1642,-66899,-65680,54-00,,,23,22,77462.0,37766.0,1,74-13,,,
LaMP HP whole wafer,3521,1642,-66899,-65680,54-00,,,23,23,80983.0,37766.0,1,74-14,,,
LaMP HP whole wafer,3521,1642,-66899,-65680,54-00,,,23,24,84504.0,37766.0,1,75-10,,,
LaMP HP whole wafer,3521,1642,-66899,-65680,54-00,,,23,25,88025.0,37766.0,1,75-11,,,
LaMP HP whole wafer,3521,1642,-66899,-65680,54-00,,,23,26,91546.0,37766.0,1,75-12,,,
LaMP HP whole wafer,3521,1642,-66899,-65680,54-00,,,23,27,95067.0,37766.0,1,75-13,,,
LaMP HP whole wafer,3521,1642,-66899,-65680,54-00,,,23,28,98588.0,37766.0,1,75-14,,,
LaMP HP whole wafer,3521,1642,-66899,-65680,54-00,,,23,29,102109.0,37766.0,1,76-10,,,
LaMP HP whole wafer,3521,1642,-66899,-65680,54-00,,,23,30,105630.0,37766.0,1,76-11,,,
LaMP HP whole wafer,3521,1642,-66899,-65680,54-00,,,23,31,109151.0,37766.0,1,76-12,,,
LaMP HP whole wafer,3521,1642,-66899,-65680,54-00,,,23,32,112672.0,37766.0,1,76-13,,,
LaMP HP whole wafer,3521,1642,-66899,-65680,54-00,,,23,33,116193.0,37766.0,1,76-14,,,
LaMP HP whole wafer,3521,1642,-66899,-65680,54-00,,,23,34,119714.0,37766.0,1,77-10,,,
LaMP HP whole wafer,3521,1642,-66899,-65680,54-00,,,23,35,123235.0,37766.0,1,77-11,,,
LaMP HP whole wafer,3521,1642,-66899,-65680,54-00,,,24,2,7042.0,39408.0,1,70-03,,,
LaMP HP whole wafer,3521,1642,-66899,-65680,54-00,,,24,3,10563.0,39408.0,1,70-04,,,
LaMP HP whole wafer,3521,1642,-66899,-65680,54-00,,,24,4,14084.0,39408.0,1,71-00,,,
LaMP HP whole wafer,3521,1642,-66899,-65680,54-00,,,24,5,17605.0,39408.0,1,71-01,,,
LaMP HP whole wafer,3521,1642,-66899,-65680,54-00,,,24,6,21126.0,39408.0,1,71-02,,,
LaMP HP whole wafer,3521,1642,-66899,-65680,54-00,,,24,7,24647.0,39408.0,1,71-03,,,
LaMP HP whole wafer,3521,1642,-66899,-65680,54-00,,,24,8,28168.0,39408.0,1,71-04,,,
LaMP HP whole wafer,3521,1642,-66899,-65680,54-00,,,24,9,31689.0,39408.0,1,72-00,,,
LaMP HP whole wafer,3521,1642,-66899,-65680,54-00,,,24,10,35210.0,39408.0,1,72-01,,,
LaMP HP whole wafer,3521,1642,-66899,-65680,54-00,,,24,11,38731.0,39408.0,1,72-02,,,
LaMP HP whole wafer,3521,1642,-66899,-65680,54-00,,,24,12,42252.0,39408.0,1,72-03,,,
LaMP HP whole wafer,3521,1642,-66899,-65680,54-00,,,24,13,45773.0,39408.0,1,72-04,,,
LaMP HP whole wafer,3521,1642,-66899,-65680,54-00,,,24,14,49294.0,39408.0,1,73-00,,,
LaMP HP whole wafer,3521,1642,-66899,-65680,54-00,,,24,15,52815.0,39408.0,1,73-01,,,
LaMP HP whole wafer,3521,1642,-66899,-65680,54-00,,,24,16,56336.0,39408.0,1,73-02,,,
LaMP HP whole wafer,3521,1642,-66899,-65680,54-00,,,24,17,59857.0,39408.0,1,73-03,,,
LaMP HP whole wafer,3521,1642,-66899,-65680,54-00,,,24,18,63378.0,39408.0,1,73-04,,,
LaMP HP whole wafer,3521,1642,-66899,-65680,54-00,,,24,19,66899.0,39408.0,1,74-00,,,
LaMP HP whole wafer,3521,1642,-66899,-65680,54-00,,,24,20,70420.0,39408.0,1,74-01,,,
LaMP HP whole wafer,3521,1642,-66899,-65680,54-00,,,24,21,73941.0,39408.0,1,74-02,,,
LaMP HP whole wafer,3521,1642,-66899,-65680,54-00,,,24,22,77462.0,39408.0,1,74-03,,,
LaMP HP whole wafer,3521,1642,-66899,-65680,54-00,,,24,23,80983.0,39408.0,1,74-04,,,
LaMP HP whole wafer,3521,1642,-66899,-65680,54-00,,,24,24,84504.0,39408.0,1,75-00,,,
LaMP HP whole wafer,3521,1642,-66899,-65680,54-00,,,24,25,88025.0,39408.0,1,75-01,,,
LaMP HP whole wafer,3521,1642,-66899,-65680,54-00,,,24,26,91546.0,39408.0,1,75-02,,,
LaMP HP whole wafer,3521,1642,-66899,-65680,54-00,,,24,27,95067.0,39408.0,1,75-03,,,
LaMP HP whole wafer,3521,1642,-66899,-65680,54-00,,,24,28,98588.0,39408.0,1,75-04,,,
LaMP HP whole wafer,3521,1642,-66899,-65680,54-00,,,24,29,102109.0,39408.0,1,76-00,,,
LaMP HP whole wafer,3521,1642,-66899,-65680,54-00,,,24,30,105630.0,39408.0,1,76-01,,,
LaMP HP whole wafer,3521,1642,-66899,-65680,54-00,,,24,31,109151.0,39408.0,1,76-02,,,
LaMP HP whole wafer,3521,1642,-66899,-65680,54-00,,,24,32,112672.0,39408.0,1,76-03,,,
LaMP HP whole wafer,3521,1642,-66899,-65680,54-00,,,24,33,116193.0,39408.0,1,76-04,,,
LaMP HP whole wafer,3521,1642,-66899,-65680,54-00,,,24,34,119714.0,39408.0,1,77-00,,,
LaMP HP whole wafer,3521,1642,-66899,-65680,54-00,,,24,35,123235.0,39408.0,1,77-01,,,
LaMP HP whole wafer,3521,1642,-66899,-65680,54-00,,,25,1,3521.0,41050.0,1,60-72,,,
LaMP HP whole wafer,3521,1642,-66899,-65680,54-00,,,25,2,7042.0,41050.0,1,60-73,,,
LaMP HP whole wafer,3521,1642,-66899,-65680,54-00,,,25,3,10563.0,41050.0,1,60-74,,,
LaMP HP whole wafer,3521,1642,-66899,-65680,54-00,,,25,4,14084.0,41050.0,1,61-70,,,
LaMP HP whole wafer,3521,1642,-66899,-65680,54-00,,,25,5,17605.0,41050.0,1,61-71,,,
LaMP HP whole wafer,3521,1642,-66899,-65680,54-00,,,25,6,21126.0,41050.0,1,61-72,,,
LaMP HP whole wafer,3521,1642,-66899,-65680,54-00,,,25,7,24647.0,41050.0,1,61-73,,,
LaMP HP whole wafer,3521,1642,-66899,-65680,54-00,,,25,8,28168.0,41050.0,1,61-74,,,
LaMP HP whole wafer,3521,1642,-66899,-65680,54-00,,,25,9,31689.0,41050.0,1,62-70,,,
LaMP HP whole wafer,3521,1642,-66899,-65680,54-00,,,25,10,35210.0,41050.0,1,62-71,,,
LaMP HP whole wafer,3521,1642,-66899,-65680,54-00,,,25,11,38731.0,41050.0,1,62-72,,,
LaMP HP whole wafer,3521,1642,-66899,-65680,54-00,,,25,12,42252.0,41050.0,1,62-73,,,
LaMP HP whole wafer,3521,1642,-66899,-65680,54-00,,,25,13,45773.0,41050.0,1,62-74,,,
LaMP HP whole wafer,3521,1642,-66899,-65680,54-00,,,25,14,49294.0,41050.0,1,63-70,,,
LaMP HP whole wafer,3521,1642,-66899,-65680,54-00,,,25,15,52815.0,41050.0,1,63-71,,,
LaMP HP whole wafer,3521,1642,-66899,-65680,54-00,,,25,16,56336.0,41050.0,1,63-72,,,
LaMP HP whole wafer,3521,1642,-66899,-65680,54-00,,,25,17,59857.0,41050.0,1,63-73,,,
LaMP HP whole wafer,3521,1642,-66899,-65680,54-00,,,25,18,63378.0,41050.0,1,63-74,,,
LaMP HP whole wafer,3521,1642,-66899,-65680,54-00,,,25,19,66899.0,41050.0,1,64-70,,,
LaMP HP whole wafer,3521,1642,-66899,-65680,54-00,,,25,20,70420.0,41050.0,1,64-71,,,
LaMP HP whole wafer,3521,1642,-66899,-65680,54-00,,,25,21,73941.0,41050.0,1,64-72,,,
LaMP HP whole wafer,3521,1642,-66899,-65680,54-00,,,25,22,77462.0,41050.0,1,64-73,,,
LaMP HP whole wafer,3521,1642,-66899,-65680,54-00,,,25,23,80983.0,41050.0,1,64-74,,,
LaMP HP whole wafer,3521,1642,-66899,-65680,54-00,,,25,24,84504.0,41050.0,1,65-70,,,
LaMP HP whole wafer,3521,1642,-66899,-65680,54-00,,,25,25,88025.0,41050.0,1,65-71,,,
LaMP HP whole wafer,3521,1642,-66899,-65680,54-00,,,25,26,91546.0,41050.0,1,65-72,,,
LaMP HP whole wafer,3521,1642,-66899,-65680,54-00,,,25,27,95067.0,41050.0,1,65-73,,,
LaMP HP whole wafer,3521,1642,-66899,-65680,54-00,,,25,28,98588.0,41050.0,1,65-74,,,
LaMP HP whole wafer,3521,1642,-66899,-65680,54-00,,,25,29,102109.0,41050.0,1,66-70,,,
LaMP HP whole wafer,3521,1642,-66899,-65680,54-00,,,25,30,105630.0,41050.0,1,66-71,,,
LaMP HP whole wafer,3521,1642,-66899,-65680,54-00,,,25,31,109151.0,41050.0,1,66-72,,,
LaMP HP whole wafer,3521,1642,-66899,-65680,54-00,,,25,32,112672.0,41050.0,1,66-73,,,
LaMP HP whole wafer,3521,1642,-66899,-65680,54-00,,,25,33,116193.0,41050.0,1,66-74,,,
LaMP HP whole wafer,3521,1642,-66899,-65680,54-00,,,25,34,119714.0,41050.0,1,67-70,,,
LaMP HP whole wafer,3521,1642,-66899,-65680,54-00,,,25,35,123235.0,41050.0,1,67-71,,,
LaMP HP whole wafer,3521,1642,-66899,-65680,54-00,,,25,36,126756.0,41050.0,1,67-72,,,
LaMP HP whole wafer,3521,1642,-66899,-65680,54-00,,,26,1,3521.0,42692.0,1,60-62,,,
LaMP HP whole wafer,3521,1642,-66899,-65680,54-00,,,26,2,7042.0,42692.0,1,60-63,,,
LaMP HP whole wafer,3521,1642,-66899,-65680,54-00,,,26,3,10563.0,42692.0,1,60-64,,,
LaMP HP whole wafer,3521,1642,-66899,-65680,54-00,,,26,4,14084.0,42692.0,1,61-60,,,
LaMP HP whole wafer,3521,1642,-66899,-65680,54-00,,,26,5,17605.0,42692.0,1,61-61,,,
LaMP HP whole wafer,3521,1642,-66899,-65680,54-00,,,26,6,21126.0,42692.0,1,61-62,,,
LaMP HP whole wafer,3521,1642,-66899,-65680,54-00,,,26,7,24647.0,42692.0,1,61-63,,,
LaMP HP whole wafer,3521,1642,-66899,-65680,54-00,,,26,8,28168.0,42692.0,1,61-64,,,
LaMP HP whole wafer,3521,1642,-66899,-65680,54-00,,,26,9,31689.0,42692.0,1,62-60,,,
LaMP HP whole wafer,3521,1642,-66899,-65680,54-00,,,26,10,35210.0,42692.0,1,62-61,,,
LaMP HP whole wafer,3521,1642,-66899,-65680,54-00,,,26,11,38731.0,42692.0,1,62-62,,,
LaMP HP whole wafer,3521,1642,-66899,-65680,54-00,,,26,12,42252.0,42692.0,1,62-63,,,
LaMP HP whole wafer,3521,1642,-66899,-65680,54-00,,,26,13,45773.0,42692.0,1,62-64,,,
LaMP HP whole wafer,3521,1642,-66899,-65680,54-00,,,26,14,49294.0,42692.0,1,63-60,,,
LaMP HP whole wafer,3521,1642,-66899,-65680,54-00,,,26,15,52815.0,42692.0,1,63-61,,,
LaMP HP whole wafer,3521,1642,-66899,-65680,54-00,,,26,16,56336.0,42692.0,1,63-62,,,
LaMP HP whole wafer,3521,1642,-66899,-65680,54-00,,,26,17,59857.0,42692.0,1,63-63,,,
LaMP HP whole wafer,3521,1642,-66899,-65680,54-00,,,26,18,63378.0,42692.0,1,63-64,,,
LaMP HP whole wafer,3521,1642,-66899,-65680,54-00,,,26,19,66899.0,42692.0,1,64-60,,,
LaMP HP whole wafer,3521,1642,-66899,-65680,54-00,,,26,20,70420.0,42692.0,1,64-61,,,
LaMP HP whole wafer,3521,1642,-66899,-65680,54-00,,,26,21,73941.0,42692.0,1,64-62,,,
LaMP HP whole wafer,3521,1642,-66899,-65680,54-00,,,26,22,77462.0,42692.0,1,64-63,,,
LaMP HP whole wafer,3521,1642,-66899,-65680,54-00,,,26,23,80983.0,42692.0,1,64-64,,,
LaMP HP whole wafer,3521,1642,-66899,-65680,54-00,,,26,24,84504.0,42692.0,1,65-60,,,
LaMP HP whole wafer,3521,1642,-66899,-65680,54-00,,,26,25,88025.0,42692.0,1,65-61,,,
LaMP HP whole wafer,3521,1642,-66899,-65680,54-00,,,26,26,91546.0,42692.0,1,65-62,,,
LaMP HP whole wafer,3521,1642,-66899,-65680,54-00,,,26,27,95067.0,42692.0,1,65-63,,,
LaMP HP whole wafer,3521,1642,-66899,-65680,54-00,,,26,28,98588.0,42692.0,1,65-64,,,
LaMP HP whole wafer,3521,1642,-66899,-65680,54-00,,,26,29,102109.0,42692.0,1,66-60,,,
LaMP HP whole wafer,3521,1642,-66899,-65680,54-00,,,26,30,105630.0,42692.0,1,66-61,,,
LaMP HP whole wafer,3521,1642,-66899,-65680,54-00,,,26,31,109151.0,42692.0,1,66-62,,,
LaMP HP whole wafer,3521,1642,-66899,-65680,54-00,,,26,32,112672.0,42692.0,1,66-63,,,
LaMP HP whole wafer,3521,1642,-66899,-65680,54-00,,,26,33,116193.0,42692.0,1,66-64,,,
LaMP HP whole wafer,3521,1642,-66899,-65680,54-00,,,26,34,119714.0,42692.0,1,67-60,,,
LaMP HP whole wafer,3521,1642,-66899,-65680,54-00,,,26,35,123235.0,42692.0,1,67-61,,,
LaMP HP whole wafer,3521,1642,-66899,-65680,54-00,,,26,36,126756.0,42692.0,1,67-62,,,
LaMP HP whole wafer,3521,1642,-66899,-65680,54-00,,,27,1,3521.0,44334.0,1,60-52,,,
LaMP HP whole wafer,3521,1642,-66899,-65680,54-00,,,27,2,7042.0,44334.0,1,60-53,,,
LaMP HP whole wafer,3521,1642,-66899,-65680,54-00,,,27,3,10563.0,44334.0,1,60-54,,,
LaMP HP whole wafer,3521,1642,-66899,-65680,54-00,,,27,4,14084.0,44334.0,1,61-50,,,
LaMP HP whole wafer,3521,1642,-66899,-65680,54-00,,,27,5,17605.0,44334.0,1,61-51,,,
LaMP HP whole wafer,3521,1642,-66899,-65680,54-00,,,27,6,21126.0,44334.0,1,61-52,,,
LaMP HP whole wafer,3521,1642,-66899,-65680,54-00,,,27,7,24647.0,44334.0,1,61-53,,,
LaMP HP whole wafer,3521,1642,-66899,-65680,54-00,,,27,8,28168.0,44334.0,1,61-54,,,
LaMP HP whole wafer,3521,1642,-66899,-65680,54-00,,,27,9,31689.0,44334.0,1,62-50,,,
LaMP HP whole wafer,3521,1642,-66899,-65680,54-00,,,27,10,35210.0,44334.0,1,62-51,,,
LaMP HP whole wafer,3521,1642,-66899,-65680,54-00,,,27,11,38731.0,44334.0,1,62-52,,,
LaMP HP whole wafer,3521,1642,-66899,-65680,54-00,,,27,12,42252.0,44334.0,1,62-53,,,
LaMP HP whole wafer,3521,1642,-66899,-65680,54-00,,,27,13,45773.0,44334.0,1,62-54,,,
LaMP HP whole wafer,3521,1642,-66899,-65680,54-00,,,27,14,49294.0,44334.0,1,63-50,,,
LaMP HP whole wafer,3521,1642,-66899,-65680,54-00,,,27,15,52815.0,44334.0,1,63-51,,,
LaMP HP whole wafer,3521,1642,-66899,-65680,54-00,,,27,16,56336.0,44334.0,1,63-52,,,
LaMP HP whole wafer,3521,1642,-66899,-65680,54-00,,,27,17,59857.0,44334.0,1,63-53,,,
LaMP HP whole wafer,3521,1642,-66899,-65680,54-00,,,27,18,63378.0,44334.0,1,63-54,,,
LaMP HP whole wafer,3521,1642,-66899,-65680,54-00,,,27,19,66899.0,44334.0,1,64-50,,,
LaMP HP whole wafer,3521,1642,-66899,-65680,54-00,,,27,20,70420.0,44334.0,1,64-51,,,
LaMP HP whole wafer,3521,1642,-66899,-65680,54-00,,,27,21,73941.0,44334.0,1,64-52,,,
LaMP HP whole wafer,3521,1642,-66899,-65680,54-00,,,27,22,77462.0,44334.0,1,64-53,,,
LaMP HP whole wafer,3521,1642,-66899,-65680,54-00,,,27,23,80983.0,44334.0,1,64-54,,,
LaMP HP whole wafer,3521,1642,-66899,-65680,54-00,,,27,24,84504.0,44334.0,1,65-50,,,
LaMP HP whole wafer,3521,1642,-66899,-65680,54-00,,,27,25,88025.0,44334.0,1,65-51,,,
LaMP HP whole wafer,3521,1642,-66899,-65680,54-00,,,27,26,91546.0,44334.0,1,65-52,,,
LaMP HP whole wafer,3521,1642,-66899,-65680,54-00,,,27,27,95067.0,44334.0,1,65-53,,,
LaMP HP whole wafer,3521,1642,-66899,-65680,54-00,,,27,28,98588.0,44334.0,1,65-54,,,
LaMP HP whole wafer,3521,1642,-66899,-65680,54-00,,,27,29,102109.0,44334.0,1,66-50,,,
LaMP HP whole wafer,3521,1642,-66899,-65680,54-00,,,27,30,105630.0,44334.0,1,66-51,,,
LaMP HP whole wafer,3521,1642,-66899,-65680,54-00,,,27,31,109151.0,44334.0,1,66-52,,,
LaMP HP whole wafer,3521,1642,-66899,-65680,54-00,,,27,32,112672.0,44334.0,1,66-53,,,
LaMP HP whole wafer,3521,1642,-66899,-65680,54-00,,,27,33,116193.0,44334.0,1,66-54,,,
LaMP HP whole wafer,3521,1642,-66899,-65680,54-00,,,27,34,119714.0,44334.0,1,67-50,,,
LaMP HP whole wafer,3521,1642,-66899,-65680,54-00,,,27,35,123235.0,44334.0,1,67-51,,,
LaMP HP whole wafer,3521,1642,-66899,-65680,54-00,,,27,36,126756.0,44334.0,1,67-52,,,
LaMP HP whole wafer,3521,1642,-66899,-65680,54-00,,,28,1,3521.0,45976.0,1,60-42,,,
LaMP HP whole wafer,3521,1642,-66899,-65680,54-00,,,28,2,7042.0,45976.0,1,60-43,,,
LaMP HP whole wafer,3521,1642,-66899,-65680,54-00,,,28,3,10563.0,45976.0,1,60-44,,,
LaMP HP whole wafer,3521,1642,-66899,-65680,54-00,,,28,4,14084.0,45976.0,1,61-40,,,
LaMP HP whole wafer,3521,1642,-66899,-65680,54-00,,,28,5,17605.0,45976.0,1,61-41,,,
LaMP HP whole wafer,3521,1642,-66899,-65680,54-00,,,28,6,21126.0,45976.0,1,61-42,,,
LaMP HP whole wafer,3521,1642,-66899,-65680,54-00,,,28,7,24647.0,45976.0,1,61-43,,,
LaMP HP whole wafer,3521,1642,-66899,-65680,54-00,,,28,8,28168.0,45976.0,1,61-44,,,
LaMP HP whole wafer,3521,1642,-66899,-65680,54-00,,,28,9,31689.0,45976.0,1,62-40,,,
LaMP HP whole wafer,3521,1642,-66899,-65680,54-00,,,28,10,35210.0,45976.0,1,62-41,,,
LaMP HP whole wafer,3521,1642,-66899,-65680,54-00,,,28,11,38731.0,45976.0,1,62-42,,,
LaMP HP whole wafer,3521,1642,-66899,-65680,54-00,,,28,12,42252.0,45976.0,1,62-43,,,
LaMP HP whole wafer,3521,1642,-66899,-65680,54-00,,,28,13,45773.0,45976.0,1,62-44,,,
LaMP HP whole wafer,3521,1642,-66899,-65680,54-00,,,28,14,49294.0,45976.0,1,63-40,,,
LaMP HP whole wafer,3521,1642,-66899,-65680,54-00,,,28,15,52815.0,45976.0,1,63-41,,,
LaMP HP whole wafer,3521,1642,-66899,-65680,54-00,,,28,16,56336.0,45976.0,1,63-42,,,
LaMP HP whole wafer,3521,1642,-66899,-65680,54-00,,,28,17,59857.0,45976.0,1,63-43,,,
LaMP HP whole wafer,3521,1642,-66899,-65680,54-00,,,28,18,63378.0,45976.0,1,63-44,,,
LaMP HP whole wafer,3521,1642,-66899,-65680,54-00,,,28,19,66899.0,45976.0,1,64-40,,,
LaMP HP whole wafer,3521,1642,-66899,-65680,54-00,,,28,20,70420.0,45976.0,1,64-41,,,
LaMP HP whole wafer,3521,1642,-66899,-65680,54-00,,,28,21,73941.0,45976.0,1,64-42,,,
LaMP HP whole wafer,3521,1642,-66899,-65680,54-00,,,28,22,77462.0,45976.0,1,64-43,,,
LaMP HP whole wafer,3521,1642,-66899,-65680,54-00,,,28,23,80983.0,45976.0,1,64-44,,,
LaMP HP whole wafer,3521,1642,-66899,-65680,54-00,,,28,24,84504.0,45976.0,1,65-40,,,
LaMP HP whole wafer,3521,1642,-66899,-65680,54-00,,,28,25,88025.0,45976.0,1,65-41,,,
LaMP HP whole wafer,3521,1642,-66899,-65680,54-00,,,28,26,91546.0,45976.0,1,65-42,,,
LaMP HP whole wafer,3521,1642,-66899,-65680,54-00,,,28,27,95067.0,45976.0,1,65-43,,,
LaMP HP whole wafer,3521,1642,-66899,-65680,54-00,,,28,28,98588.0,45976.0,1,65-44,,,
LaMP HP whole wafer,3521,1642,-66899,-65680,54-00,,,28,29,102109.0,45976.0,1,66-40,,,
LaMP HP whole wafer,3521,1642,-66899,-65680,54-00,,,28,30,105630.0,45976.0,1,66-41,,,
LaMP HP whole wafer,3521,1642,-66899,-65680,54-00,,,28,31,109151.0,45976.0,1,66-42,,,
LaMP HP whole wafer,3521,1642,-66899,-65680,54-00,,,28,32,112672.0,45976.0,1,66-43,,,
LaMP HP whole wafer,3521,1642,-66899,-65680,54-00,,,28,33,116193.0,45976.0,1,66-44,,,
LaMP HP whole wafer,3521,1642,-66899,-65680,54-00,,,28,34,119714.0,45976.0,1,67-40,,,
LaMP HP whole wafer,3521,1642,-66899,-65680,54-00,,,28,35,123235.0,45976.0,1,67-41,,,
LaMP HP whole wafer,3521,1642,-66899,-65680,54-00,,,28,36,126756.0,45976.0,1,67-42,,,
LaMP HP whole wafer,3521,1642,-66899,-65680,54-00,,,29,1,3521.0,47618.0,1,60-32,,,
LaMP HP whole wafer,3521,1642,-66899,-65680,54-00,,,29,2,7042.0,47618.0,1,60-33,,,
LaMP HP whole wafer,3521,1642,-66899,-65680,54-00,,,29,3,10563.0,47618.0,1,60-34,,,
LaMP HP whole wafer,3521,1642,-66899,-65680,54-00,,,29,4,14084.0,47618.0,1,61-30,,,
LaMP HP whole wafer,3521,1642,-66899,-65680,54-00,,,29,5,17605.0,47618.0,1,61-31,,,
LaMP HP whole wafer,3521,1642,-66899,-65680,54-00,,,29,6,21126.0,47618.0,1,61-32,,,
LaMP HP whole wafer,3521,1642,-66899,-65680,54-00,,,29,7,24647.0,47618.0,1,61-33,,,
LaMP HP whole wafer,3521,1642,-66899,-65680,54-00,,,29,8,28168.0,47618.0,1,61-34,,,
LaMP HP whole wafer,3521,1642,-66899,-65680,54-00,,,29,9,31689.0,47618.0,1,62-30,,,
LaMP HP whole wafer,3521,1642,-66899,-65680,54-00,,,29,10,35210.0,47618.0,1,62-31,,,
LaMP HP whole wafer,3521,1642,-66899,-65680,54-00,,,29,11,38731.0,47618.0,1,62-32,,,
LaMP HP whole wafer,3521,1642,-66899,-65680,54-00,,,29,12,42252.0,47618.0,1,62-33,,,
LaMP HP whole wafer,3521,1642,-66899,-65680,54-00,,,29,13,45773.0,47618.0,1,62-34,,,
LaMP HP whole wafer,3521,1642,-66899,-65680,54-00,,,29,14,49294.0,47618.0,1,63-30,,,
LaMP HP whole wafer,3521,1642,-66899,-65680,54-00,,,29,15,52815.0,47618.0,1,63-31,,,
LaMP HP whole wafer,3521,1642,-66899,-65680,54-00,,,29,16,56336.0,47618.0,1,63-32,,,
LaMP HP whole wafer,3521,1642,-66899,-65680,54-00,,,29,17,59857.0,47618.0,1,63-33,,,
LaMP HP whole wafer,3521,1642,-66899,-65680,54-00,,,29,18,63378.0,47618.0,1,63-34,,,
LaMP HP whole wafer,3521,1642,-66899,-65680,54-00,,,29,19,66899.0,47618.0,1,64-30,,,
LaMP HP whole wafer,3521,1642,-66899,-65680,54-00,,,29,20,70420.0,47618.0,1,64-31,,,
LaMP HP whole wafer,3521,1642,-66899,-65680,54-00,,,29,21,73941.0,47618.0,1,64-32,,,
LaMP HP whole wafer,3521,1642,-66899,-65680,54-00,,,29,22,77462.0,47618.0,1,64-33,,,
LaMP HP whole wafer,3521,1642,-66899,-65680,54-00,,,29,23,80983.0,47618.0,1,64-34,,,
LaMP HP whole wafer,3521,1642,-66899,-65680,54-00,,,29,24,84504.0,47618.0,1,65-30,,,
LaMP HP whole wafer,3521,1642,-66899,-65680,54-00,,,29,25,88025.0,47618.0,1,65-31,,,
LaMP HP whole wafer,3521,1642,-66899,-65680,54-00,,,29,26,91546.0,47618.0,1,65-32,,,
LaMP HP whole wafer,3521,1642,-66899,-65680,54-00,,,29,27,95067.0,47618.0,1,65-33,,,
LaMP HP whole wafer,3521,1642,-66899,-65680,54-00,,,29,28,98588.0,47618.0,1,65-34,,,
LaMP HP whole wafer,3521,1642,-66899,-65680,54-00,,,29,29,102109.0,47618.0,1,66-30,,,
LaMP HP whole wafer,3521,1642,-66899,-65680,54-00,,,29,30,105630.0,47618.0,1,66-31,,,
LaMP HP whole wafer,3521,1642,-66899,-65680,54-00,,,29,31,109151.0,47618.0,1,66-32,,,
LaMP HP whole wafer,3521,1642,-66899,-65680,54-00,,,29,32,112672.0,47618.0,1,66-33,,,
LaMP HP whole wafer,3521,1642,-66899,-65680,54-00,,,29,33,116193.0,47618.0,1,66-34,,,
LaMP HP whole wafer,3521,1642,-66899,-65680,54-00,,,29,34,119714.0,47618.0,1,67-30,,,
LaMP HP whole wafer,3521,1642,-66899,-65680,54-00,,,29,35,123235.0,47618.0,1,67-31,,,
LaMP HP whole wafer,3521,1642,-66899,-65680,54-00,,,29,36,126756.0,47618.0,1,67-32,,,
LaMP HP whole wafer,3521,1642,-66899,-65680,54-00,,,30,1,3521.0,49260.0,1,60-22,,,
LaMP HP whole wafer,3521,1642,-66899,-65680,54-00,,,30,2,7042.0,49260.0,1,60-23,,,
LaMP HP whole wafer,3521,1642,-66899,-65680,54-00,,,30,3,10563.0,49260.0,1,60-24,,,
LaMP HP whole wafer,3521,1642,-66899,-65680,54-00,,,30,4,14084.0,49260.0,1,61-20,,,
LaMP HP whole wafer,3521,1642,-66899,-65680,54-00,,,30,5,17605.0,49260.0,1,61-21,,,
LaMP HP whole wafer,3521,1642,-66899,-65680,54-00,,,30,6,21126.0,49260.0,1,61-22,,,
LaMP HP whole wafer,3521,1642,-66899,-65680,54-00,,,30,7,24647.0,49260.0,1,61-23,,,
LaMP HP whole wafer,3521,1642,-66899,-65680,54-00,,,30,8,28168.0,49260.0,1,61-24,,,
LaMP HP whole wafer,3521,1642,-66899,-65680,54-00,,,30,9,31689.0,49260.0,1,62-20,,,
LaMP HP whole wafer,3521,1642,-66899,-65680,54-00,,,30,10,35210.0,49260.0,1,62-21,,,
LaMP HP whole wafer,3521,1642,-66899,-65680,54-00,,,30,11,38731.0,49260.0,1,62-22,,,
LaMP HP whole wafer,3521,1642,-66899,-65680,54-00,,,30,12,42252.0,49260.0,1,62-23,,,
LaMP HP whole wafer,3521,1642,-66899,-65680,54-00,,,30,13,45773.0,49260.0,1,62-24,,,
LaMP HP whole wafer,3521,1642,-66899,-65680,54-00,,,30,14,49294.0,49260.0,1,63-20,,,
LaMP HP whole wafer,3521,1642,-66899,-65680,54-00,,,30,15,52815.0,49260.0,1,63-21,,,
LaMP HP whole wafer,3521,1642,-66899,-65680,54-00,,,30,16,56336.0,49260.0,1,63-22,,,
LaMP HP whole wafer,3521,1642,-66899,-65680,54-00,,,30,17,59857.0,49260.0,1,63-23,,,
LaMP HP whole wafer,3521,1642,-66899,-65680,54-00,,,30,18,63378.0,49260.0,1,63-24,,,
LaMP HP whole wafer,3521,1642,-66899,-65680,54-00,,,30,19,66899.0,49260.0,1,64-20,,,
LaMP HP whole wafer,3521,1642,-66899,-65680,54-00,,,30,20,70420.0,49260.0,1,64-21,,,
LaMP HP whole wafer,3521,1642,-66899,-65680,54-00,,,30,21,73941.0,49260.0,1,64-22,,,
LaMP HP whole wafer,3521,1642,-66899,-65680,54-00,,,30,22,77462.0,49260.0,1,64-23,,,
LaMP HP whole wafer,3521,1642,-66899,-65680,54-00,,,30,23,80983.0,49260.0,1,64-24,,,
LaMP HP whole wafer,3521,1642,-66899,-65680,54-00,,,30,24,84504.0,49260.0,1,65-20,,,
LaMP HP whole wafer,3521,1642,-66899,-65680,54-00,,,30,25,88025.0,49260.0,1,65-21,,,
LaMP HP whole wafer,3521,1642,-66899,-65680,54-00,,,30,26,91546.0,49260.0,1,65-22,,,
LaMP HP whole wafer,3521,1642,-66899,-65680,54-00,,,30,27,95067.0,49260.0,1,65-23,,,
LaMP HP whole wafer,3521,1642,-66899,-65680,54-00,,,30,28,98588.0,49260.0,1,65-24,,,
LaMP HP whole wafer,3521,1642,-66899,-65680,54-00,,,30,29,102109.0,49260.0,1,66-20,,,
LaMP HP whole wafer,3521,1642,-66899,-65680,54-00,,,30,30,105630.0,49260.0,1,66-21,,,
LaMP HP whole wafer,3521,1642,-66899,-65680,54-00,,,30,31,109151.0,49260.0,1,66-22,,,
LaMP HP whole wafer,3521,1642,-66899,-65680,54-00,,,30,32,112672.0,49260.0,1,66-23,,,
LaMP HP whole wafer,3521,1642,-66899,-65680,54-00,,,30,33,116193.0,49260.0,1,66-24,,,
LaMP HP whole wafer,3521,1642,-66899,-65680,54-00,,,30,34,119714.0,49260.0,1,67-20,,,
LaMP HP whole wafer,3521,1642,-66899,-65680,54-00,,,30,35,123235.0,49260.0,1,67-21,,,
LaMP HP whole wafer,3521,1642,-66899,-65680,54-00,,,30,36,126756.0,49260.0,1,67-22,,,
LaMP HP whole wafer,3521,1642,-66899,-65680,54-00,,,31,1,3521.0,50902.0,1,60-12,,,
LaMP HP whole wafer,3521,1642,-66899,-65680,54-00,,,31,2,7042.0,50902.0,1,60-13,,,
LaMP HP whole wafer,3521,1642,-66899,-65680,54-00,,,31,3,10563.0,50902.0,1,60-14,,,
LaMP HP whole wafer,3521,1642,-66899,-65680,54-00,,,31,4,14084.0,50902.0,1,61-10,,,
LaMP HP whole wafer,3521,1642,-66899,-65680,54-00,,,31,5,17605.0,50902.0,1,61-11,,,
LaMP HP whole wafer,3521,1642,-66899,-65680,54-00,,,31,6,21126.0,50902.0,1,61-12,,,
LaMP HP whole wafer,3521,1642,-66899,-65680,54-00,,,31,7,24647.0,50902.0,1,61-13,,,
LaMP HP whole wafer,3521,1642,-66899,-65680,54-00,,,31,8,28168.0,50902.0,1,61-14,,,
LaMP HP whole wafer,3521,1642,-66899,-65680,54-00,,,31,9,31689.0,50902.0,1,62-10,,,
LaMP HP whole wafer,3521,1642,-66899,-65680,54-00,,,31,10,35210.0,50902.0,1,62-11,,,
LaMP HP whole wafer,3521,1642,-66899,-65680,54-00,,,31,11,38731.0,50902.0,1,62-12,,,
LaMP HP whole wafer,3521,1642,-66899,-65680,54-00,,,31,12,42252.0,50902.0,1,62-13,,,
LaMP HP whole wafer,3521,1642,-66899,-65680,54-00,,,31,13,45773.0,50902.0,1,62-14,,,
LaMP HP whole wafer,3521,1642,-66899,-65680,54-00,,,31,14,49294.0,50902.0,1,63-10,,,
LaMP HP whole wafer,3521,1642,-66899,-65680,54-00,,,31,15,52815.0,50902.0,1,63-11,,,
LaMP HP whole wafer,3521,1642,-66899,-65680,54-00,,,31,16,56336.0,50902.0,1,63-12,,,
LaMP HP whole wafer,3521,1642,-66899,-65680,54-00,,,31,17,59857.0,50902.0,1,63-13,,,
LaMP HP whole wafer,3521,1642,-66899,-65680,54-00,,,31,18,63378.0,50902.0,1,63-14,,,
LaMP HP whole wafer,3521,1642,-66899,-65680,54-00,,,31,19,66899.0,50902.0,1,64-10,,,
LaMP HP whole wafer,3521,1642,-66899,-65680,54-00,,,31,20,70420.0,50902.0,1,64-11,,,
LaMP HP whole wafer,3521,1642,-66899,-65680,54-00,,,31,21,73941.0,50902.0,1,64-12,,,
LaMP HP whole wafer,3521,1642,-66899,-65680,54-00,,,31,22,77462.0,50902.0,1,64-13,,,
LaMP HP whole wafer,3521,1642,-66899,-65680,54-00,,,31,23,80983.0,50902.0,1,64-14,,,
LaMP HP whole wafer,3521,1642,-66899,-65680,54-00,,,31,24,84504.0,50902.0,1,65-10,,,
LaMP HP whole wafer,3521,1642,-66899,-65680,54-00,,,31,25,88025.0,50902.0,1,65-11,,,
LaMP HP whole wafer,3521,1642,-66899,-65680,54-00,,,31,26,91546.0,50902.0,1,65-12,,,
LaMP HP whole wafer,3521,1642,-66899,-65680,54-00,,,31,27,95067.0,50902.0,1,65-13,,,
LaMP HP whole wafer,3521,1642,-66899,-65680,54-00,,,31,28,98588.0,50902.0,1,65-14,,,
LaMP HP whole wafer,3521,1642,-66899,-65680,54-00,,,31,29,102109.0,50902.0,1,66-10,,,
LaMP HP whole wafer,3521,1642,-66899,-65680,54-00,,,31,30,105630.0,50902.0,1,66-11,,,
LaMP HP whole wafer,3521,1642,-66899,-65680,54-00,,,31,31,109151.0,50902.0,1,66-12,,,
LaMP HP whole wafer,3521,1642,-66899,-65680,54-00,,,31,32,112672.0,50902.0,1,66-13,,,
LaMP HP whole wafer,3521,1642,-66899,-65680,54-00,,,31,33,116193.0,50902.0,1,66-14,,,
LaMP HP whole wafer,3521,1642,-66899,-65680,54-00,,,31,34,119714.0,50902.0,1,67-10,,,
LaMP HP whole wafer,3521,1642,-66899,-65680,54-00,,,31,35,123235.0,50902.0,1,67-11,,,
LaMP HP whole wafer,3521,1642,-66899,-65680,54-00,,,31,36,126756.0,50902.0,1,67-12,,,
LaMP HP whole wafer,3521,1642,-66899,-65680,54-00,,,32,1,3521.0,52544.0,1,60-02,,,
LaMP HP whole wafer,3521,1642,-66899,-65680,54-00,,,32,2,7042.0,52544.0,1,60-03,,,
LaMP HP whole wafer,3521,1642,-66899,-65680,54-00,,,32,3,10563.0,52544.0,1,60-04,,,
LaMP HP whole wafer,3521,1642,-66899,-65680,54-00,,,32,4,14084.0,52544.0,1,61-00,,,
LaMP HP whole wafer,3521,1642,-66899,-65680,54-00,,,32,5,17605.0,52544.0,1,61-01,,,
LaMP HP whole wafer,3521,1642,-66899,-65680,54-00,,,32,6,21126.0,52544.0,1,61-02,,,
LaMP HP whole wafer,3521,1642,-66899,-65680,54-00,,,32,7,24647.0,52544.0,1,61-03,,,
LaMP HP whole wafer,3521,1642,-66899,-65680,54-00,,,32,8,28168.0,52544.0,1,61-04,,,
LaMP HP whole wafer,3521,1642,-66899,-65680,54-00,,,32,9,31689.0,52544.0,1,62-00,,,
LaMP HP whole wafer,3521,1642,-66899,-65680,54-00,,,32,10,35210.0,52544.0,1,62-01,,,
LaMP HP whole wafer,3521,1642,-66899,-65680,54-00,,,32,11,38731.0,52544.0,1,62-02,,,
LaMP HP whole wafer,3521,1642,-66899,-65680,54-00,,,32,12,42252.0,52544.0,1,62-03,,,
LaMP HP whole wafer,3521,1642,-66899,-65680,54-00,,,32,13,45773.0,52544.0,1,62-04,,,
LaMP HP whole wafer,3521,1642,-66899,-65680,54-00,,,32,14,49294.0,52544.0,1,63-00,,,
LaMP HP whole wafer,3521,1642,-66899,-65680,54-00,,,32,15,52815.0,52544.0,1,63-01,,,
LaMP HP whole wafer,3521,1642,-66899,-65680,54-00,,,32,16,56336.0,52544.0,1,63-02,,,
LaMP HP whole wafer,3521,1642,-66899,-65680,54-00,,,32,17,59857.0,52544.0,1,63-03,,,
LaMP HP whole wafer,3521,1642,-66899,-65680,54-00,,,32,18,63378.0,52544.0,1,63-04,,,
LaMP HP whole wafer,3521,1642,-66899,-65680,54-00,,,32,19,66899.0,52544.0,1,64-00,,,
LaMP HP whole wafer,3521,1642,-66899,-65680,54-00,,,32,20,70420.0,52544.0,1,64-01,,,
LaMP HP whole wafer,3521,1642,-66899,-65680,54-00,,,32,21,73941.0,52544.0,1,64-02,,,
LaMP HP whole wafer,3521,1642,-66899,-65680,54-00,,,32,22,77462.0,52544.0,1,64-03,,,
LaMP HP whole wafer,3521,1642,-66899,-65680,54-00,,,32,23,80983.0,52544.0,1,64-04,,,
LaMP HP whole wafer,3521,1642,-66899,-65680,54-00,,,32,24,84504.0,52544.0,1,65-00,,,
LaMP HP whole wafer,3521,1642,-66899,-65680,54-00,,,32,25,88025.0,52544.0,1,65-01,,,
LaMP HP whole wafer,3521,1642,-66899,-65680,54-00,,,32,26,91546.0,52544.0,1,65-02,,,
LaMP HP whole wafer,3521,1642,-66899,-65680,54-00,,,32,27,95067.0,52544.0,1,65-03,,,
LaMP HP whole wafer,3521,1642,-66899,-65680,54-00,,,32,28,98588.0,52544.0,1,65-04,,,
LaMP HP whole wafer,3521,1642,-66899,-65680,54-00,,,32,29,102109.0,52544.0,1,66-00,,,
LaMP HP whole wafer,3521,1642,-66899,-65680,54-00,,,32,30,105630.0,52544.0,1,66-01,,,
LaMP HP whole wafer,3521,1642,-66899,-65680,54-00,,,32,31,109151.0,52544.0,1,66-02,,,
LaMP HP whole wafer,3521,1642,-66899,-65680,54-00,,,32,32,112672.0,52544.0,1,66-03,,,
LaMP HP whole wafer,3521,1642,-66899,-65680,54-00,,,32,33,116193.0,52544.0,1,66-04,,,
LaMP HP whole wafer,3521,1642,-66899,-65680,54-00,,,32,34,119714.0,52544.0,1,67-00,,,
LaMP HP whole wafer,3521,1642,-66899,-65680,54-00,,,32,35,123235.0,52544.0,1,67-01,,,
LaMP HP whole wafer,3521,1642,-66899,-65680,54-00,,,32,36,126756.0,52544.0,1,67-02,,,
LaMP HP whole wafer,3521,1642,-66899,-65680,54-00,,,33,0,0.0,54186.0,1,50-71,,,
LaMP HP whole wafer,3521,1642,-66899,-65680,54-00,,,33,1,3521.0,54186.0,1,50-72,,,
LaMP HP whole wafer,3521,1642,-66899,-65680,54-00,,,33,2,7042.0,54186.0,1,50-73,,,
LaMP HP whole wafer,3521,1642,-66899,-65680,54-00,,,33,3,10563.0,54186.0,1,50-74,,,
LaMP HP whole wafer,3521,1642,-66899,-65680,54-00,,,33,4,14084.0,54186.0,1,51-70,,,
LaMP HP whole wafer,3521,1642,-66899,-65680,54-00,,,33,5,17605.0,54186.0,1,51-71,,,
LaMP HP whole wafer,3521,1642,-66899,-65680,54-00,,,33,6,21126.0,54186.0,1,51-72,,,
LaMP HP whole wafer,3521,1642,-66899,-65680,54-00,,,33,7,24647.0,54186.0,1,51-73,,,
LaMP HP whole wafer,3521,1642,-66899,-65680,54-00,,,33,8,28168.0,54186.0,1,51-74,,,
LaMP HP whole wafer,3521,1642,-66899,-65680,54-00,,,33,9,31689.0,54186.0,1,52-70,,,
LaMP HP whole wafer,3521,1642,-66899,-65680,54-00,,,33,10,35210.0,54186.0,1,52-71,,,
LaMP HP whole wafer,3521,1642,-66899,-65680,54-00,,,33,11,38731.0,54186.0,1,52-72,,,
LaMP HP whole wafer,3521,1642,-66899,-65680,54-00,,,33,12,42252.0,54186.0,1,52-73,,,
LaMP HP whole wafer,3521,1642,-66899,-65680,54-00,,,33,13,45773.0,54186.0,1,52-74,,,
LaMP HP whole wafer,3521,1642,-66899,-65680,54-00,,,33,14,49294.0,54186.0,1,53-70,,,
LaMP HP whole wafer,3521,1642,-66899,-65680,54-00,,,33,15,52815.0,54186.0,1,53-71,,,
LaMP HP whole wafer,3521,1642,-66899,-65680,54-00,,,33,16,56336.0,54186.0,1,53-72,,,
LaMP HP whole wafer,3521,1642,-66899,-65680,54-00,,,33,17,59857.0,54186.0,1,53-73,,,
LaMP HP whole wafer,3521,1642,-66899,-65680,54-00,,,33,18,63378.0,54186.0,1,53-74,,,
LaMP HP whole wafer,3521,1642,-66899,-65680,54-00,,,33,19,66899.0,54186.0,1,54-70,,,
LaMP HP whole wafer,3521,1642,-66899,-65680,54-00,,,33,20,70420.0,54186.0,1,54-71,,,
LaMP HP whole wafer,3521,1642,-66899,-65680,54-00,,,33,21,73941.0,54186.0,1,54-72,,,
LaMP HP whole wafer,3521,1642,-66899,-65680,54-00,,,33,22,77462.0,54186.0,1,54-73,,,
LaMP HP whole wafer,3521,1642,-66899,-65680,54-00,,,33,23,80983.0,54186.0,1,54-74,,,
LaMP HP whole wafer,3521,1642,-66899,-65680,54-00,,,33,24,84504.0,54186.0,1,55-70,,,
LaMP HP whole wafer,3521,1642,-66899,-65680,54-00,,,33,25,88025.0,54186.0,1,55-71,,,
LaMP HP whole wafer,3521,1642,-66899,-65680,54-00,,,33,26,91546.0,54186.0,1,55-72,,,
LaMP HP whole wafer,3521,1642,-66899,-65680,54-00,,,33,27,95067.0,54186.0,1,55-73,,,
LaMP HP whole wafer,3521,1642,-66899,-65680,54-00,,,33,28,98588.0,54186.0,1,55-74,,,
LaMP HP whole wafer,3521,1642,-66899,-65680,54-00,,,33,29,102109.0,54186.0,1,56-70,,,
LaMP HP whole wafer,3521,1642,-66899,-65680,54-00,,,33,30,105630.0,54186.0,1,56-71,,,
LaMP HP whole wafer,3521,1642,-66899,-65680,54-00,,,33,31,109151.0,54186.0,1,56-72,,,
LaMP HP whole wafer,3521,1642,-66899,-65680,54-00,,,33,32,112672.0,54186.0,1,56-73,,,
LaMP HP whole wafer,3521,1642,-66899,-65680,54-00,,,33,33,116193.0,54186.0,1,56-74,,,
LaMP HP whole wafer,3521,1642,-66899,-65680,54-00,,,33,34,119714.0,54186.0,1,57-70,,,
LaMP HP whole wafer,3521,1642,-66899,-65680,54-00,,,33,35,123235.0,54186.0,1,57-71,,,
LaMP HP whole wafer,3521,1642,-66899,-65680,54-00,,,33,36,126756.0,54186.0,1,57-72,,,
LaMP HP whole wafer,3521,1642,-66899,-65680,54-00,,,33,37,130277.0,54186.0,1,57-73,,,
LaMP HP whole wafer,3521,1642,-66899,-65680,54-00,,,34,0,0.0,55828.0,1,50-61,,,
LaMP HP whole wafer,3521,1642,-66899,-65680,54-00,,,34,1,3521.0,55828.0,1,50-62,,,
LaMP HP whole wafer,3521,1642,-66899,-65680,54-00,,,34,2,7042.0,55828.0,1,50-63,,,
LaMP HP whole wafer,3521,1642,-66899,-65680,54-00,,,34,3,10563.0,55828.0,1,50-64,,,
LaMP HP whole wafer,3521,1642,-66899,-65680,54-00,,,34,4,14084.0,55828.0,1,51-60,,,
LaMP HP whole wafer,3521,1642,-66899,-65680,54-00,,,34,5,17605.0,55828.0,1,51-61,,,
LaMP HP whole wafer,3521,1642,-66899,-65680,54-00,,,34,6,21126.0,55828.0,1,51-62,,,
LaMP HP whole wafer,3521,1642,-66899,-65680,54-00,,,34,7,24647.0,55828.0,1,51-63,,,
LaMP HP whole wafer,3521,1642,-66899,-65680,54-00,,,34,8,28168.0,55828.0,1,51-64,,,
LaMP HP whole wafer,3521,1642,-66899,-65680,54-00,,,34,9,31689.0,55828.0,1,52-60,,,
LaMP HP whole wafer,3521,1642,-66899,-65680,54-00,,,34,10,35210.0,55828.0,1,52-61,,,
LaMP HP whole wafer,3521,1642,-66899,-65680,54-00,,,34,11,38731.0,55828.0,1,52-62,,,
LaMP HP whole wafer,3521,1642,-66899,-65680,54-00,,,34,12,42252.0,55828.0,1,52-63,,,
LaMP HP whole wafer,3521,1642,-66899,-65680,54-00,,,34,13,45773.0,55828.0,1,52-64,,,
LaMP HP whole wafer,3521,1642,-66899,-65680,54-00,,,34,14,49294.0,55828.0,1,53-60,,,
LaMP HP whole wafer,3521,1642,-66899,-65680,54-00,,,34,15,52815.0,55828.0,1,53-61,,,
LaMP HP whole wafer,3521,1642,-66899,-65680,54-00,,,34,16,56336.0,55828.0,1,53-62,,,
LaMP HP whole wafer,3521,1642,-66899,-65680,54-00,,,34,17,59857.0,55828.0,1,53-63,,,
LaMP HP whole wafer,3521,1642,-66899,-65680,54-00,,,34,18,63378.0,55828.0,1,53-64,,,
LaMP HP whole wafer,3521,1642,-66899,-65680,54-00,,,34,19,66899.0,55828.0,1,54-60,,,
LaMP HP whole wafer,3521,1642,-66899,-65680,54-00,,,34,20,70420.0,55828.0,1,54-61,,,
LaMP HP whole wafer,3521,1642,-66899,-65680,54-00,,,34,21,73941.0,55828.0,1,54-62,,,
LaMP HP whole wafer,3521,1642,-66899,-65680,54-00,,,34,22,77462.0,55828.0,1,54-63,,,
LaMP HP whole wafer,3521,1642,-66899,-65680,54-00,,,34,23,80983.0,55828.0,1,54-64,,,
LaMP HP whole wafer,3521,1642,-66899,-65680,54-00,,,34,24,84504.0,55828.0,1,55-60,,,
LaMP HP whole wafer,3521,1642,-66899,-65680,54-00,,,34,25,88025.0,55828.0,1,55-61,,,
LaMP HP whole wafer,3521,1642,-66899,-65680,54-00,,,34,26,91546.0,55828.0,1,55-62,,,
LaMP HP whole wafer,3521,1642,-66899,-65680,54-00,,,34,27,95067.0,55828.0,1,55-63,,,
LaMP HP whole wafer,3521,1642,-66899,-65680,54-00,,,34,28,98588.0,55828.0,1,55-64,,,
LaMP HP whole wafer,3521,1642,-66899,-65680,54-00,,,34,29,102109.0,55828.0,1,56-60,,,
LaMP HP whole wafer,3521,1642,-66899,-65680,54-00,,,34,30,105630.0,55828.0,1,56-61,,,
LaMP HP whole wafer,3521,1642,-66899,-65680,54-00,,,34,31,109151.0,55828.0,1,56-62,,,
LaMP HP whole wafer,3521,1642,-66899,-65680,54-00,,,34,32,112672.0,55828.0,1,56-63,,,
LaMP HP whole wafer,3521,1642,-66899,-65680,54-00,,,34,33,116193.0,55828.0,1,56-64,,,
LaMP HP whole wafer,3521,1642,-66899,-65680,54-00,,,34,34,119714.0,55828.0,1,57-60,,,
LaMP HP whole wafer,3521,1642,-66899,-65680,54-00,,,34,35,123235.0,55828.0,1,57-61,,,
LaMP HP whole wafer,3521,1642,-66899,-65680,54-00,,,34,36,126756.0,55828.0,1,57-62,,,
LaMP HP whole wafer,3521,1642,-66899,-65680,54-00,,,34,37,130277.0,55828.0,1,57-63,,,
LaMP HP whole wafer,3521,1642,-66899,-65680,54-00,,,35,0,0.0,57470.0,1,50-51,,,
LaMP HP whole wafer,3521,1642,-66899,-65680,54-00,,,35,1,3521.0,57470.0,1,50-52,,,
LaMP HP whole wafer,3521,1642,-66899,-65680,54-00,,,35,2,7042.0,57470.0,1,50-53,,,
LaMP HP whole wafer,3521,1642,-66899,-65680,54-00,,,35,3,10563.0,57470.0,1,50-54,,,
LaMP HP whole wafer,3521,1642,-66899,-65680,54-00,,,35,4,14084.0,57470.0,1,51-50,,,
LaMP HP whole wafer,3521,1642,-66899,-65680,54-00,,,35,5,17605.0,57470.0,1,51-51,,,
LaMP HP whole wafer,3521,1642,-66899,-65680,54-00,,,35,6,21126.0,57470.0,1,51-52,,,
LaMP HP whole wafer,3521,1642,-66899,-65680,54-00,,,35,7,24647.0,57470.0,1,51-53,,,
LaMP HP whole wafer,3521,1642,-66899,-65680,54-00,,,35,8,28168.0,57470.0,1,51-54,,,
LaMP HP whole wafer,3521,1642,-66899,-65680,54-00,,,35,9,31689.0,57470.0,1,52-50,,,
LaMP HP whole wafer,3521,1642,-66899,-65680,54-00,,,35,10,35210.0,57470.0,1,52-51,,,
LaMP HP whole wafer,3521,1642,-66899,-65680,54-00,,,35,11,38731.0,57470.0,1,52-52,,,
LaMP HP whole wafer,3521,1642,-66899,-65680,54-00,,,35,12,42252.0,57470.0,1,52-53,,,
LaMP HP whole wafer,3521,1642,-66899,-65680,54-00,,,35,13,45773.0,57470.0,1,52-54,,,
LaMP HP whole wafer,3521,1642,-66899,-65680,54-00,,,35,14,49294.0,57470.0,1,53-50,,,
LaMP HP whole wafer,3521,1642,-66899,-65680,54-00,,,35,15,52815.0,57470.0,1,53-51,,,
LaMP HP whole wafer,3521,1642,-66899,-65680,54-00,,,35,16,56336.0,57470.0,1,53-52,,,
LaMP HP whole wafer,3521,1642,-66899,-65680,54-00,,,35,17,59857.0,57470.0,1,53-53,,,
LaMP HP whole wafer,3521,1642,-66899,-65680,54-00,,,35,18,63378.0,57470.0,1,53-54,,,
LaMP HP whole wafer,3521,1642,-66899,-65680,54-00,,,35,19,66899.0,57470.0,1,54-50,,,
LaMP HP whole wafer,3521,1642,-66899,-65680,54-00,,,35,20,70420.0,57470.0,1,54-51,,,
LaMP HP whole wafer,3521,1642,-66899,-65680,54-00,,,35,21,73941.0,57470.0,1,54-52,,,
LaMP HP whole wafer,3521,1642,-66899,-65680,54-00,,,35,22,77462.0,57470.0,1,54-53,,,
LaMP HP whole wafer,3521,1642,-66899,-65680,54-00,,,35,23,80983.0,57470.0,1,54-54,,,
LaMP HP whole wafer,3521,1642,-66899,-65680,54-00,,,35,24,84504.0,57470.0,1,55-50,,,
LaMP HP whole wafer,3521,1642,-66899,-65680,54-00,,,35,25,88025.0,57470.0,1,55-51,,,
LaMP HP whole wafer,3521,1642,-66899,-65680,54-00,,,35,26,91546.0,57470.0,1,55-52,,,
LaMP HP whole wafer,3521,1642,-66899,-65680,54-00,,,35,27,95067.0,57470.0,1,55-53,,,
LaMP HP whole wafer,3521,1642,-66899,-65680,54-00,,,35,28,98588.0,57470.0,1,55-54,,,
LaMP HP whole wafer,3521,1642,-66899,-65680,54-00,,,35,29,102109.0,57470.0,1,56-50,,,
LaMP HP whole wafer,3521,1642,-66899,-65680,54-00,,,35,30,105630.0,57470.0,1,56-51,,,
LaMP HP whole wafer,3521,1642,-66899,-65680,54-00,,,35,31,109151.0,57470.0,1,56-52,,,
LaMP HP whole wafer,3521,1642,-66899,-65680,54-00,,,35,32,112672.0,57470.0,1,56-53,,,
LaMP HP whole wafer,3521,1642,-66899,-65680,54-00,,,35,33,116193.0,57470.0,1,56-54,,,
LaMP HP whole wafer,3521,1642,-66899,-65680,54-00,,,35,34,119714.0,57470.0,1,57-50,,,
LaMP HP whole wafer,3521,1642,-66899,-65680,54-00,,,35,35,123235.0,57470.0,1,57-51,,,
LaMP HP whole wafer,3521,1642,-66899,-65680,54-00,,,35,36,126756.0,57470.0,1,57-52,,,
LaMP HP whole wafer,3521,1642,-66899,-65680,54-00,,,35,37,130277.0,57470.0,1,57-53,,,
LaMP HP whole wafer,3521,1642,-66899,-65680,54-00,,,36,0,0.0,59112.0,1,50-41,,,
LaMP HP whole wafer,3521,1642,-66899,-65680,54-00,,,36,1,3521.0,59112.0,1,50-42,,,
LaMP HP whole wafer,3521,1642,-66899,-65680,54-00,,,36,2,7042.0,59112.0,1,50-43,,,
LaMP HP whole wafer,3521,1642,-66899,-65680,54-00,,,36,3,10563.0,59112.0,1,50-44,,,
LaMP HP whole wafer,3521,1642,-66899,-65680,54-00,,,36,4,14084.0,59112.0,1,51-40,,,
LaMP HP whole wafer,3521,1642,-66899,-65680,54-00,,,36,5,17605.0,59112.0,1,51-41,,,
LaMP HP whole wafer,3521,1642,-66899,-65680,54-00,,,36,6,21126.0,59112.0,1,51-42,,,
LaMP HP whole wafer,3521,1642,-66899,-65680,54-00,,,36,7,24647.0,59112.0,1,51-43,,,
LaMP HP whole wafer,3521,1642,-66899,-65680,54-00,,,36,8,28168.0,59112.0,1,51-44,,,
LaMP HP whole wafer,3521,1642,-66899,-65680,54-00,,,36,9,31689.0,59112.0,1,52-40,,,
LaMP HP whole wafer,3521,1642,-66899,-65680,54-00,,,36,10,35210.0,59112.0,1,52-41,,,
LaMP HP whole wafer,3521,1642,-66899,-65680,54-00,,,36,11,38731.0,59112.0,1,52-42,,,
LaMP HP whole wafer,3521,1642,-66899,-65680,54-00,,,36,12,42252.0,59112.0,1,52-43,,,
LaMP HP whole wafer,3521,1642,-66899,-65680,54-00,,,36,13,45773.0,59112.0,1,52-44,,,
LaMP HP whole wafer,3521,1642,-66899,-65680,54-00,,,36,14,49294.0,59112.0,1,53-40,,,
LaMP HP whole wafer,3521,1642,-66899,-65680,54-00,,,36,15,52815.0,59112.0,1,53-41,,,
LaMP HP whole wafer,3521,1642,-66899,-65680,54-00,,,36,16,56336.0,59112.0,1,53-42,,,
LaMP HP whole wafer,3521,1642,-66899,-65680,54-00,,,36,17,59857.0,59112.0,1,53-43,,,
LaMP HP whole wafer,3521,1642,-66899,-65680,54-00,,,36,18,63378.0,59112.0,1,53-44,,,
LaMP HP whole wafer,3521,1642,-66899,-65680,54-00,,,36,19,66899.0,59112.0,1,54-40,,,
LaMP HP whole wafer,3521,1642,-66899,-65680,54-00,,,36,20,70420.0,59112.0,1,54-41,,,
LaMP HP whole wafer,3521,1642,-66899,-65680,54-00,,,36,21,73941.0,59112.0,1,54-42,,,
LaMP HP whole wafer,3521,1642,-66899,-65680,54-00,,,36,22,77462.0,59112.0,1,54-43,,,
LaMP HP whole wafer,3521,1642,-66899,-65680,54-00,,,36,23,80983.0,59112.0,1,54-44,,,
LaMP HP whole wafer,3521,1642,-66899,-65680,54-00,,,36,24,84504.0,59112.0,1,55-40,,,
LaMP HP whole wafer,3521,1642,-66899,-65680,54-00,,,36,25,88025.0,59112.0,1,55-41,,,
LaMP HP whole wafer,3521,1642,-66899,-65680,54-00,,,36,26,91546.0,59112.0,1,55-42,,,
LaMP HP whole wafer,3521,1642,-66899,-65680,54-00,,,36,27,95067.0,59112.0,1,55-43,,,
LaMP HP whole wafer,3521,1642,-66899,-65680,54-00,,,36,28,98588.0,59112.0,1,55-44,,,
LaMP HP whole wafer,3521,1642,-66899,-65680,54-00,,,36,29,102109.0,59112.0,1,56-40,,,
LaMP HP whole wafer,3521,1642,-66899,-65680,54-00,,,36,30,105630.0,59112.0,1,56-41,,,
LaMP HP whole wafer,3521,1642,-66899,-65680,54-00,,,36,31,109151.0,59112.0,1,56-42,,,
LaMP HP whole wafer,3521,1642,-66899,-65680,54-00,,,36,32,112672.0,59112.0,1,56-43,,,
LaMP HP whole wafer,3521,1642,-66899,-65680,54-00,,,36,33,116193.0,59112.0,1,56-44,,,
LaMP HP whole wafer,3521,1642,-66899,-65680,54-00,,,36,34,119714.0,59112.0,1,57-40,,,
LaMP HP whole wafer,3521,1642,-66899,-65680,54-00,,,36,35,123235.0,59112.0,1,57-41,,,
LaMP HP whole wafer,3521,1642,-66899,-65680,54-00,,,36,36,126756.0,59112.0,1,57-42,,,
LaMP HP whole wafer,3521,1642,-66899,-65680,54-00,,,36,37,130277.0,59112.0,1,57-43,,,
LaMP HP whole wafer,3521,1642,-66899,-65680,54-00,,,37,0,0.0,60754.0,1,50-31,,,
LaMP HP whole wafer,3521,1642,-66899,-65680,54-00,,,37,1,3521.0,60754.0,1,50-32,,,
LaMP HP whole wafer,3521,1642,-66899,-65680,54-00,,,37,2,7042.0,60754.0,1,50-33,,,
LaMP HP whole wafer,3521,1642,-66899,-65680,54-00,,,37,3,10563.0,60754.0,1,50-34,,,
LaMP HP whole wafer,3521,1642,-66899,-65680,54-00,,,37,4,14084.0,60754.0,1,51-30,,,
LaMP HP whole wafer,3521,1642,-66899,-65680,54-00,,,37,5,17605.0,60754.0,1,51-31,,,
LaMP HP whole wafer,3521,1642,-66899,-65680,54-00,,,37,6,21126.0,60754.0,1,51-32,,,
LaMP HP whole wafer,3521,1642,-66899,-65680,54-00,,,37,7,24647.0,60754.0,1,51-33,,,
LaMP HP whole wafer,3521,1642,-66899,-65680,54-00,,,37,8,28168.0,60754.0,1,51-34,,,
LaMP HP whole wafer,3521,1642,-66899,-65680,54-00,,,37,9,31689.0,60754.0,1,52-30,,,
LaMP HP whole wafer,3521,1642,-66899,-65680,54-00,,,37,10,35210.0,60754.0,1,52-31,,,
LaMP HP whole wafer,3521,1642,-66899,-65680,54-00,,,37,11,38731.0,60754.0,1,52-32,,,
LaMP HP whole wafer,3521,1642,-66899,-65680,54-00,,,37,12,42252.0,60754.0,1,52-33,,,
LaMP HP whole wafer,3521,1642,-66899,-65680,54-00,,,37,13,45773.0,60754.0,1,52-34,,,
LaMP HP whole wafer,3521,1642,-66899,-65680,54-00,,,37,14,49294.0,60754.0,1,53-30,,,
LaMP HP whole wafer,3521,1642,-66899,-65680,54-00,,,37,15,52815.0,60754.0,1,53-31,,,
LaMP HP whole wafer,3521,1642,-66899,-65680,54-00,,,37,16,56336.0,60754.0,1,53-32,,,
LaMP HP whole wafer,3521,1642,-66899,-65680,54-00,,,37,17,59857.0,60754.0,1,53-33,,,
LaMP HP whole wafer,3521,1642,-66899,-65680,54-00,,,37,18,63378.0,60754.0,1,53-34,,,
LaMP HP whole wafer,3521,1642,-66899,-65680,54-00,,,37,19,66899.0,60754.0,1,54-30,,,
LaMP HP whole wafer,3521,1642,-66899,-65680,54-00,,,37,20,70420.0,60754.0,1,54-31,,,
LaMP HP whole wafer,3521,1642,-66899,-65680,54-00,,,37,21,73941.0,60754.0,1,54-32,,,
LaMP HP whole wafer,3521,1642,-66899,-65680,54-00,,,37,22,77462.0,60754.0,1,54-33,,,
LaMP HP whole wafer,3521,1642,-66899,-65680,54-00,,,37,23,80983.0,60754.0,1,54-34,,,
LaMP HP whole wafer,3521,1642,-66899,-65680,54-00,,,37,24,84504.0,60754.0,1,55-30,,,
LaMP HP whole wafer,3521,1642,-66899,-65680,54-00,,,37,25,88025.0,60754.0,1,55-31,,,
LaMP HP whole wafer,3521,1642,-66899,-65680,54-00,,,37,26,91546.0,60754.0,1,55-32,,,
LaMP HP whole wafer,3521,1642,-66899,-65680,54-00,,,37,27,95067.0,60754.0,1,55-33,,,
LaMP HP whole wafer,3521,1642,-66899,-65680,54-00,,,37,28,98588.0,60754.0,1,55-34,,,
LaMP HP whole wafer,3521,1642,-66899,-65680,54-00,,,37,29,102109.0,60754.0,1,56-30,,,
LaMP HP whole wafer,3521,1642,-66899,-65680,54-00,,,37,30,105630.0,60754.0,1,56-31,,,
LaMP HP whole wafer,3521,1642,-66899,-65680,54-00,,,37,31,109151.0,60754.0,1,56-32,,,
LaMP HP whole wafer,3521,1642,-66899,-65680,54-00,,,37,32,112672.0,60754.0,1,56-33,,,
LaMP HP whole wafer,3521,1642,-66899,-65680,54-00,,,37,33,116193.0,60754.0,1,56-34,,,
LaMP HP whole wafer,3521,1642,-66899,-65680,54-00,,,37,34,119714.0,60754.0,1,57-30,,,
LaMP HP whole wafer,3521,1642,-66899,-65680,54-00,,,37,35,123235.0,60754.0,1,57-31,,,
LaMP HP whole wafer,3521,1642,-66899,-65680,54-00,,,37,36,126756.0,60754.0,1,57-32,,,
LaMP HP whole wafer,3521,1642,-66899,-65680,54-00,,,37,37,130277.0,60754.0,1,57-33,,,
LaMP HP whole wafer,3521,1642,-66899,-65680,54-00,,,38,0,0.0,62396.0,1,50-21,,,
LaMP HP whole wafer,3521,1642,-66899,-65680,54-00,,,38,1,3521.0,62396.0,1,50-22,,,
LaMP HP whole wafer,3521,1642,-66899,-65680,54-00,,,38,2,7042.0,62396.0,1,50-23,,,
LaMP HP whole wafer,3521,1642,-66899,-65680,54-00,,,38,3,10563.0,62396.0,1,50-24,,,
LaMP HP whole wafer,3521,1642,-66899,-65680,54-00,,,38,4,14084.0,62396.0,1,51-20,,,
LaMP HP whole wafer,3521,1642,-66899,-65680,54-00,,,38,5,17605.0,62396.0,1,51-21,,,
LaMP HP whole wafer,3521,1642,-66899,-65680,54-00,,,38,6,21126.0,62396.0,1,51-22,,,
LaMP HP whole wafer,3521,1642,-66899,-65680,54-00,,,38,7,24647.0,62396.0,1,51-23,,,
LaMP HP whole wafer,3521,1642,-66899,-65680,54-00,,,38,8,28168.0,62396.0,1,51-24,,,
LaMP HP whole wafer,3521,1642,-66899,-65680,54-00,,,38,9,31689.0,62396.0,1,52-20,,,
LaMP HP whole wafer,3521,1642,-66899,-65680,54-00,,,38,10,35210.0,62396.0,1,52-21,,,
LaMP HP whole wafer,3521,1642,-66899,-65680,54-00,,,38,11,38731.0,62396.0,1,52-22,,,
LaMP HP whole wafer,3521,1642,-66899,-65680,54-00,,,38,12,42252.0,62396.0,1,52-23,,,
LaMP HP whole wafer,3521,1642,-66899,-65680,54-00,,,38,13,45773.0,62396.0,1,52-24,,,
LaMP HP whole wafer,3521,1642,-66899,-65680,54-00,,,38,14,49294.0,62396.0,1,53-20,,,
LaMP HP whole wafer,3521,1642,-66899,-65680,54-00,,,38,15,52815.0,62396.0,1,53-21,,,
LaMP HP whole wafer,3521,1642,-66899,-65680,54-00,,,38,16,56336.0,62396.0,1,53-22,,,
LaMP HP whole wafer,3521,1642,-66899,-65680,54-00,,,38,17,59857.0,62396.0,1,53-23,,,
LaMP HP whole wafer,3521,1642,-66899,-65680,54-00,,,38,18,63378.0,62396.0,1,53-24,,,
LaMP HP whole wafer,3521,1642,-66899,-65680,54-00,,,38,19,66899.0,62396.0,1,54-20,,,
LaMP HP whole wafer,3521,1642,-66899,-65680,54-00,,,38,20,70420.0,62396.0,1,54-21,,,
LaMP HP whole wafer,3521,1642,-66899,-65680,54-00,,,38,21,73941.0,62396.0,1,54-22,,,
LaMP HP whole wafer,3521,1642,-66899,-65680,54-00,,,38,22,77462.0,62396.0,1,54-23,,,
LaMP HP whole wafer,3521,1642,-66899,-65680,54-00,,,38,23,80983.0,62396.0,1,54-24,,,
LaMP HP whole wafer,3521,1642,-66899,-65680,54-00,,,38,24,84504.0,62396.0,1,55-20,,,
LaMP HP whole wafer,3521,1642,-66899,-65680,54-00,,,38,25,88025.0,62396.0,1,55-21,,,
LaMP HP whole wafer,3521,1642,-66899,-65680,54-00,,,38,26,91546.0,62396.0,1,55-22,,,
LaMP HP whole wafer,3521,1642,-66899,-65680,54-00,,,38,27,95067.0,62396.0,1,55-23,,,
LaMP HP whole wafer,3521,1642,-66899,-65680,54-00,,,38,28,98588.0,62396.0,1,55-24,,,
LaMP HP whole wafer,3521,1642,-66899,-65680,54-00,,,38,29,102109.0,62396.0,1,56-20,,,
LaMP HP whole wafer,3521,1642,-66899,-65680,54-00,,,38,30,105630.0,62396.0,1,56-21,,,
LaMP HP whole wafer,3521,1642,-66899,-65680,54-00,,,38,31,109151.0,62396.0,1,56-22,,,
LaMP HP whole wafer,3521,1642,-66899,-65680,54-00,,,38,32,112672.0,62396.0,1,56-23,,,
LaMP HP whole wafer,3521,1642,-66899,-65680,54-00,,,38,33,116193.0,62396.0,1,56-24,,,
LaMP HP whole wafer,3521,1642,-66899,-65680,54-00,,,38,34,119714.0,62396.0,1,57-20,,,
LaMP HP whole wafer,3521,1642,-66899,-65680,54-00,,,38,35,123235.0,62396.0,1,57-21,,,
LaMP HP whole wafer,3521,1642,-66899,-65680,54-00,,,38,36,126756.0,62396.0,1,57-22,,,
LaMP HP whole wafer,3521,1642,-66899,-65680,54-00,,,38,37,130277.0,62396.0,1,57-23,,,
LaMP HP whole wafer,3521,1642,-66899,-65680,54-00,,,39,0,0.0,64038.0,1,50-11,,,
LaMP HP whole wafer,3521,1642,-66899,-65680,54-00,,,39,1,3521.0,64038.0,1,50-12,,,
LaMP HP whole wafer,3521,1642,-66899,-65680,54-00,,,39,2,7042.0,64038.0,1,50-13,,,
LaMP HP whole wafer,3521,1642,-66899,-65680,54-00,,,39,3,10563.0,64038.0,1,50-14,,,
LaMP HP whole wafer,3521,1642,-66899,-65680,54-00,,,39,4,14084.0,64038.0,1,51-10,,,
LaMP HP whole wafer,3521,1642,-66899,-65680,54-00,,,39,5,17605.0,64038.0,1,51-11,,,
LaMP HP whole wafer,3521,1642,-66899,-65680,54-00,,,39,6,21126.0,64038.0,1,51-12,,,
LaMP HP whole wafer,3521,1642,-66899,-65680,54-00,,,39,7,24647.0,64038.0,1,51-13,,,
LaMP HP whole wafer,3521,1642,-66899,-65680,54-00,,,39,8,28168.0,64038.0,1,51-14,,,
LaMP HP whole wafer,3521,1642,-66899,-65680,54-00,,,39,9,31689.0,64038.0,1,52-10,,,
LaMP HP whole wafer,3521,1642,-66899,-65680,54-00,,,39,10,35210.0,64038.0,1,52-11,,,
LaMP HP whole wafer,3521,1642,-66899,-65680,54-00,,,39,11,38731.0,64038.0,1,52-12,,,
LaMP HP whole wafer,3521,1642,-66899,-65680,54-00,,,39,12,42252.0,64038.0,1,52-13,,,
LaMP HP whole wafer,3521,1642,-66899,-65680,54-00,,,39,13,45773.0,64038.0,1,52-14,,,
LaMP HP whole wafer,3521,1642,-66899,-65680,54-00,,,39,14,49294.0,64038.0,1,53-10,,,
LaMP HP whole wafer,3521,1642,-66899,-65680,54-00,,,39,15,52815.0,64038.0,1,53-11,,,
LaMP HP whole wafer,3521,1642,-66899,-65680,54-00,,,39,16,56336.0,64038.0,1,53-12,,,
LaMP HP whole wafer,3521,1642,-66899,-65680,54-00,,,39,17,59857.0,64038.0,1,53-13,,,
LaMP HP whole wafer,3521,1642,-66899,-65680,54-00,,,39,18,63378.0,64038.0,1,53-14,,,
LaMP HP whole wafer,3521,1642,-66899,-65680,54-00,,,39,19,66899.0,64038.0,1,54-10,,,
LaMP HP whole wafer,3521,1642,-66899,-65680,54-00,,,39,20,70420.0,64038.0,1,54-11,,,
LaMP HP whole wafer,3521,1642,-66899,-65680,54-00,,,39,21,73941.0,64038.0,1,54-12,,,
LaMP HP whole wafer,3521,1642,-66899,-65680,54-00,,,39,22,77462.0,64038.0,1,54-13,,,
LaMP HP whole wafer,3521,1642,-66899,-65680,54-00,,,39,23,80983.0,64038.0,1,54-14,,,
LaMP HP whole wafer,3521,1642,-66899,-65680,54-00,,,39,24,84504.0,64038.0,1,55-10,,,
LaMP HP whole wafer,3521,1642,-66899,-65680,54-00,,,39,25,88025.0,64038.0,1,55-11,,,
LaMP HP whole wafer,3521,1642,-66899,-65680,54-00,,,39,26,91546.0,64038.0,1,55-12,,,
LaMP HP whole wafer,3521,1642,-66899,-65680,54-00,,,39,27,95067.0,64038.0,1,55-13,,,
LaMP HP whole wafer,3521,1642,-66899,-65680,54-00,,,39,28,98588.0,64038.0,1,55-14,,,
LaMP HP whole wafer,3521,1642,-66899,-65680,54-00,,,39,29,102109.0,64038.0,1,56-10,,,
LaMP HP whole wafer,3521,1642,-66899,-65680,54-00,,,39,30,105630.0,64038.0,1,56-11,,,
LaMP HP whole wafer,3521,1642,-66899,-65680,54-00,,,39,31,109151.0,64038.0,1,56-12,,,
LaMP HP whole wafer,3521,1642,-66899,-65680,54-00,,,39,32,112672.0,64038.0,1,56-13,,,
LaMP HP whole wafer,3521,1642,-66899,-65680,54-00,,,39,33,116193.0,64038.0,1,56-14,,,
LaMP HP whole wafer,3521,1642,-66899,-65680,54-00,,,39,34,119714.0,64038.0,1,57-10,,,
LaMP HP whole wafer,3521,1642,-66899,-65680,54-00,,,39,35,123235.0,64038.0,1,57-11,,,
LaMP HP whole wafer,3521,1642,-66899,-65680,54-00,,,39,36,126756.0,64038.0,1,57-12,,,
LaMP HP whole wafer,3521,1642,-66899,-65680,54-00,,,39,37,130277.0,64038.0,1,57-13,,,
LaMP HP whole wafer,3521,1642,-66899,-65680,54-00,,,40,0,0.0,65680.0,1,50-01,,,
LaMP HP whole wafer,3521,1642,-66899,-65680,54-00,,,40,1,3521.0,65680.0,1,50-02,,,
LaMP HP whole wafer,3521,1642,-66899,-65680,54-00,,,40,2,7042.0,65680.0,1,50-03,,,
LaMP HP whole wafer,3521,1642,-66899,-65680,54-00,,,40,3,10563.0,65680.0,1,50-04,,,
LaMP HP whole wafer,3521,1642,-66899,-65680,54-00,,,40,4,14084.0,65680.0,1,51-00,,,
LaMP HP whole wafer,3521,1642,-66899,-65680,54-00,,,40,5,17605.0,65680.0,1,51-01,,,
LaMP HP whole wafer,3521,1642,-66899,-65680,54-00,,,40,6,21126.0,65680.0,1,51-02,,,
LaMP HP whole wafer,3521,1642,-66899,-65680,54-00,,,40,7,24647.0,65680.0,1,51-03,,,
LaMP HP whole wafer,3521,1642,-66899,-65680,54-00,,,40,8,28168.0,65680.0,1,51-04,,,
LaMP HP whole wafer,3521,1642,-66899,-65680,54-00,,,40,9,31689.0,65680.0,1,52-00,,,
LaMP HP whole wafer,3521,1642,-66899,-65680,54-00,,,40,10,35210.0,65680.0,1,52-01,,,
LaMP HP whole wafer,3521,1642,-66899,-65680,54-00,,,40,11,38731.0,65680.0,1,52-02,,,
LaMP HP whole wafer,3521,1642,-66899,-65680,54-00,,,40,12,42252.0,65680.0,1,52-03,,,
LaMP HP whole wafer,3521,1642,-66899,-65680,54-00,,,40,13,45773.0,65680.0,1,52-04,,,
LaMP HP whole wafer,3521,1642,-66899,-65680,54-00,,,40,14,49294.0,65680.0,1,53-00,,,
LaMP HP whole wafer,3521,1642,-66899,-65680,54-00,,,40,15,52815.0,65680.0,1,53-01,,,
LaMP HP whole wafer,3521,1642,-66899,-65680,54-00,,,40,16,56336.0,65680.0,1,53-02,,,
LaMP HP whole wafer,3521,1642,-66899,-65680,54-00,,,40,17,59857.0,65680.0,1,53-03,,,
LaMP HP whole wafer,3521,1642,-66899,-65680,54-00,,,40,18,63378.0,65680.0,1,53-04,,,
LaMP HP whole wafer,3521,1642,-66899,-65680,54-00,,,40,19,66899.0,65680.0,1,54-00,,,
LaMP HP whole wafer,3521,1642,-66899,-65680,54-00,,,40,20,70420.0,65680.0,1,54-01,,,
LaMP HP whole wafer,3521,1642,-66899,-65680,54-00,,,40,21,73941.0,65680.0,1,54-02,,,
LaMP HP whole wafer,3521,1642,-66899,-65680,54-00,,,40,22,77462.0,65680.0,1,54-03,,,
LaMP HP whole wafer,3521,1642,-66899,-65680,54-00,,,40,23,80983.0,65680.0,1,54-04,,,
LaMP HP whole wafer,3521,1642,-66899,-65680,54-00,,,40,24,84504.0,65680.0,1,55-00,,,
LaMP HP whole wafer,3521,1642,-66899,-65680,54-00,,,40,25,88025.0,65680.0,1,55-01,,,
LaMP HP whole wafer,3521,1642,-66899,-65680,54-00,,,40,26,91546.0,65680.0,1,55-02,,,
LaMP HP whole wafer,3521,1642,-66899,-65680,54-00,,,40,27,95067.0,65680.0,1,55-03,,,
LaMP HP whole wafer,3521,1642,-66899,-65680,54-00,,,40,28,98588.0,65680.0,1,55-04,,,
LaMP HP whole wafer,3521,1642,-66899,-65680,54-00,,,40,29,102109.0,65680.0,1,56-00,,,
LaMP HP whole wafer,3521,1642,-66899,-65680,54-00,,,40,30,105630.0,65680.0,1,56-01,,,
LaMP HP whole wafer,3521,1642,-66899,-65680,54-00,,,40,31,109151.0,65680.0,1,56-02,,,
LaMP HP whole wafer,3521,1642,-66899,-65680,54-00,,,40,32,112672.0,65680.0,1,56-03,,,
LaMP HP whole wafer,3521,1642,-66899,-65680,54-00,,,40,33,116193.0,65680.0,1,56-04,,,
LaMP HP whole wafer,3521,1642,-66899,-65680,54-00,,,40,34,119714.0,65680.0,1,57-00,,,
LaMP HP whole wafer,3521,1642,-66899,-65680,54-00,,,40,35,123235.0,65680.0,1,57-01,,,
LaMP HP whole wafer,3521,1642,-66899,-65680,54-00,,,40,36,126756.0,65680.0,1,57-02,,,
LaMP HP whole wafer,3521,1642,-66899,-65680,54-00,,,40,37,130277.0,65680.0,1,57-03,,,
LaMP HP whole wafer,3521,1642,-66899,-65680,54-00,,,41,0,0.0,67322.0,1,40-71,,,
LaMP HP whole wafer,3521,1642,-66899,-65680,54-00,,,41,1,3521.0,67322.0,1,40-72,,,
LaMP HP whole wafer,3521,1642,-66899,-65680,54-00,,,41,2,7042.0,67322.0,1,40-73,,,
LaMP HP whole wafer,3521,1642,-66899,-65680,54-00,,,41,3,10563.0,67322.0,1,40-74,,,
LaMP HP whole wafer,3521,1642,-66899,-65680,54-00,,,41,4,14084.0,67322.0,1,41-70,,,
LaMP HP whole wafer,3521,1642,-66899,-65680,54-00,,,41,5,17605.0,67322.0,1,41-71,,,
LaMP HP whole wafer,3521,1642,-66899,-65680,54-00,,,41,6,21126.0,67322.0,1,41-72,,,
LaMP HP whole wafer,3521,1642,-66899,-65680,54-00,,,41,7,24647.0,67322.0,1,41-73,,,
LaMP HP whole wafer,3521,1642,-66899,-65680,54-00,,,41,8,28168.0,67322.0,1,41-74,,,
LaMP HP whole wafer,3521,1642,-66899,-65680,54-00,,,41,9,31689.0,67322.0,1,42-70,,,
LaMP HP whole wafer,3521,1642,-66899,-65680,54-00,,,41,10,35210.0,67322.0,1,42-71,,,
LaMP HP whole wafer,3521,1642,-66899,-65680,54-00,,,41,11,38731.0,67322.0,1,42-72,,,
LaMP HP whole wafer,3521,1642,-66899,-65680,54-00,,,41,12,42252.0,67322.0,1,42-73,,,
LaMP HP whole wafer,3521,1642,-66899,-65680,54-00,,,41,13,45773.0,67322.0,1,42-74,,,
LaMP HP whole wafer,3521,1642,-66899,-65680,54-00,,,41,14,49294.0,67322.0,1,43-70,,,
LaMP HP whole wafer,3521,1642,-66899,-65680,54-00,,,41,15,52815.0,67322.0,1,43-71,,,
LaMP HP whole wafer,3521,1642,-66899,-65680,54-00,,,41,16,56336.0,67322.0,1,43-72,,,
LaMP HP whole wafer,3521,1642,-66899,-65680,54-00,,,41,17,59857.0,67322.0,1,43-73,,,
LaMP HP whole wafer,3521,1642,-66899,-65680,54-00,,,41,18,63378.0,67322.0,1,43-74,,,
LaMP HP whole wafer,3521,1642,-66899,-65680,54-00,,,41,19,66899.0,67322.0,1,44-70,,,
LaMP HP whole wafer,3521,1642,-66899,-65680,54-00,,,41,20,70420.0,67322.0,1,44-71,,,
LaMP HP whole wafer,3521,1642,-66899,-65680,54-00,,,41,21,73941.0,67322.0,1,44-72,,,
LaMP HP whole wafer,3521,1642,-66899,-65680,54-00,,,41,22,77462.0,67322.0,1,44-73,,,
LaMP HP whole wafer,3521,1642,-66899,-65680,54-00,,,41,23,80983.0,67322.0,1,44-74,,,
LaMP HP whole wafer,3521,1642,-66899,-65680,54-00,,,41,24,84504.0,67322.0,1,45-70,,,
LaMP HP whole wafer,3521,1642,-66899,-65680,54-00,,,41,25,88025.0,67322.0,1,45-71,,,
LaMP HP whole wafer,3521,1642,-66899,-65680,54-00,,,41,26,91546.0,67322.0,1,45-72,,,
LaMP HP whole wafer,3521,1642,-66899,-65680,54-00,,,41,27,95067.0,67322.0,1,45-73,,,
LaMP HP whole wafer,3521,1642,-66899,-65680,54-00,,,41,28,98588.0,67322.0,1,45-74,,,
LaMP HP whole wafer,3521,1642,-66899,-65680,54-00,,,41,29,102109.0,67322.0,1,46-70,,,
LaMP HP whole wafer,3521,1642,-66899,-65680,54-00,,,41,30,105630.0,67322.0,1,46-71,,,
LaMP HP whole wafer,3521,1642,-66899,-65680,54-00,,,41,31,109151.0,67322.0,1,46-72,,,
LaMP HP whole wafer,3521,1642,-66899,-65680,54-00,,,41,32,112672.0,67322.0,1,46-73,,,
LaMP HP whole wafer,3521,1642,-66899,-65680,54-00,,,41,33,116193.0,67322.0,1,46-74,,,
LaMP HP whole wafer,3521,1642,-66899,-65680,54-00,,,41,34,119714.0,67322.0,1,47-70,,,
LaMP HP whole wafer,3521,1642,-66899,-65680,54-00,,,41,35,123235.0,67322.0,1,47-71,,,
LaMP HP whole wafer,3521,1642,-66899,-65680,54-00,,,41,36,126756.0,67322.0,1,47-72,,,
LaMP HP whole wafer,3521,1642,-66899,-65680,54-00,,,41,37,130277.0,67322.0,1,47-73,,,
LaMP HP whole wafer,3521,1642,-66899,-65680,54-00,,,42,0,0.0,68964.0,1,40-61,,,
LaMP HP whole wafer,3521,1642,-66899,-65680,54-00,,,42,1,3521.0,68964.0,1,40-62,,,
LaMP HP whole wafer,3521,1642,-66899,-65680,54-00,,,42,2,7042.0,68964.0,1,40-63,,,
LaMP HP whole wafer,3521,1642,-66899,-65680,54-00,,,42,3,10563.0,68964.0,1,40-64,,,
LaMP HP whole wafer,3521,1642,-66899,-65680,54-00,,,42,4,14084.0,68964.0,1,41-60,,,
LaMP HP whole wafer,3521,1642,-66899,-65680,54-00,,,42,5,17605.0,68964.0,1,41-61,,,
LaMP HP whole wafer,3521,1642,-66899,-65680,54-00,,,42,6,21126.0,68964.0,1,41-62,,,
LaMP HP whole wafer,3521,1642,-66899,-65680,54-00,,,42,7,24647.0,68964.0,1,41-63,,,
LaMP HP whole wafer,3521,1642,-66899,-65680,54-00,,,42,8,28168.0,68964.0,1,41-64,,,
LaMP HP whole wafer,3521,1642,-66899,-65680,54-00,,,42,9,31689.0,68964.0,1,42-60,,,
LaMP HP whole wafer,3521,1642,-66899,-65680,54-00,,,42,10,35210.0,68964.0,1,42-61,,,
LaMP HP whole wafer,3521,1642,-66899,-65680,54-00,,,42,11,38731.0,68964.0,1,42-62,,,
LaMP HP whole wafer,3521,1642,-66899,-65680,54-00,,,42,12,42252.0,68964.0,1,42-63,,,
LaMP HP whole wafer,3521,1642,-66899,-65680,54-00,,,42,13,45773.0,68964.0,1,42-64,,,
LaMP HP whole wafer,3521,1642,-66899,-65680,54-00,,,42,14,49294.0,68964.0,1,43-60,,,
LaMP HP whole wafer,3521,1642,-66899,-65680,54-00,,,42,15,52815.0,68964.0,1,43-61,,,
LaMP HP whole wafer,3521,1642,-66899,-65680,54-00,,,42,16,56336.0,68964.0,1,43-62,,,
LaMP HP whole wafer,3521,1642,-66899,-65680,54-00,,,42,17,59857.0,68964.0,1,43-63,,,
LaMP HP whole wafer,3521,1642,-66899,-65680,54-00,,,42,18,63378.0,68964.0,1,43-64,,,
LaMP HP whole wafer,3521,1642,-66899,-65680,54-00,,,42,19,66899.0,68964.0,1,44-60,,,
LaMP HP whole wafer,3521,1642,-66899,-65680,54-00,,,42,20,70420.0,68964.0,1,44-61,,,
LaMP HP whole wafer,3521,1642,-66899,-65680,54-00,,,42,21,73941.0,68964.0,1,44-62,,,
LaMP HP whole wafer,3521,1642,-66899,-65680,54-00,,,42,22,77462.0,68964.0,1,44-63,,,
LaMP HP whole wafer,3521,1642,-66899,-65680,54-00,,,42,23,80983.0,68964.0,1,44-64,,,
LaMP HP whole wafer,3521,1642,-66899,-65680,54-00,,,42,24,84504.0,68964.0,1,45-60,,,
LaMP HP whole wafer,3521,1642,-66899,-65680,54-00,,,42,25,88025.0,68964.0,1,45-61,,,
LaMP HP whole wafer,3521,1642,-66899,-65680,54-00,,,42,26,91546.0,68964.0,1,45-62,,,
LaMP HP whole wafer,3521,1642,-66899,-65680,54-00,,,42,27,95067.0,68964.0,1,45-63,,,
LaMP HP whole wafer,3521,1642,-66899,-65680,54-00,,,42,28,98588.0,68964.0,1,45-64,,,
LaMP HP whole wafer,3521,1642,-66899,-65680,54-00,,,42,29,102109.0,68964.0,1,46-60,,,
LaMP HP whole wafer,3521,1642,-66899,-65680,54-00,,,42,30,105630.0,68964.0,1,46-61,,,
LaMP HP whole wafer,3521,1642,-66899,-65680,54-00,,,42,31,109151.0,68964.0,1,46-62,,,
LaMP HP whole wafer,3521,1642,-66899,-65680,54-00,,,42,32,112672.0,68964.0,1,46-63,,,
LaMP HP whole wafer,3521,1642,-66899,-65680,54-00,,,42,33,116193.0,68964.0,1,46-64,,,
LaMP HP whole wafer,3521,1642,-66899,-65680,54-00,,,42,34,119714.0,68964.0,1,47-60,,,
LaMP HP whole wafer,3521,1642,-66899,-65680,54-00,,,42,35,123235.0,68964.0,1,47-61,,,
LaMP HP whole wafer,3521,1642,-66899,-65680,54-00,,,42,36,126756.0,68964.0,1,47-62,,,
LaMP HP whole wafer,3521,1642,-66899,-65680,54-00,,,42,37,130277.0,68964.0,1,47-63,,,
LaMP HP whole wafer,3521,1642,-66899,-65680,54-00,,,43,0,0.0,70606.0,1,40-51,,,
LaMP HP whole wafer,3521,1642,-66899,-65680,54-00,,,43,1,3521.0,70606.0,1,40-52,,,
LaMP HP whole wafer,3521,1642,-66899,-65680,54-00,,,43,2,7042.0,70606.0,1,40-53,,,
LaMP HP whole wafer,3521,1642,-66899,-65680,54-00,,,43,3,10563.0,70606.0,1,40-54,,,
LaMP HP whole wafer,3521,1642,-66899,-65680,54-00,,,43,4,14084.0,70606.0,1,41-50,,,
LaMP HP whole wafer,3521,1642,-66899,-65680,54-00,,,43,5,17605.0,70606.0,1,41-51,,,
LaMP HP whole wafer,3521,1642,-66899,-65680,54-00,,,43,6,21126.0,70606.0,1,41-52,,,
LaMP HP whole wafer,3521,1642,-66899,-65680,54-00,,,43,7,24647.0,70606.0,1,41-53,,,
LaMP HP whole wafer,3521,1642,-66899,-65680,54-00,,,43,8,28168.0,70606.0,1,41-54,,,
LaMP HP whole wafer,3521,1642,-66899,-65680,54-00,,,43,9,31689.0,70606.0,1,42-50,,,
LaMP HP whole wafer,3521,1642,-66899,-65680,54-00,,,43,10,35210.0,70606.0,1,42-51,,,
LaMP HP whole wafer,3521,1642,-66899,-65680,54-00,,,43,11,38731.0,70606.0,1,42-52,,,
LaMP HP whole wafer,3521,1642,-66899,-65680,54-00,,,43,12,42252.0,70606.0,1,42-53,,,
LaMP HP whole wafer,3521,1642,-66899,-65680,54-00,,,43,13,45773.0,70606.0,1,42-54,,,
LaMP HP whole wafer,3521,1642,-66899,-65680,54-00,,,43,14,49294.0,70606.0,1,43-50,,,
LaMP HP whole wafer,3521,1642,-66899,-65680,54-00,,,43,15,52815.0,70606.0,1,43-51,,,
LaMP HP whole wafer,3521,1642,-66899,-65680,54-00,,,43,16,56336.0,70606.0,1,43-52,,,
LaMP HP whole wafer,3521,1642,-66899,-65680,54-00,,,43,17,59857.0,70606.0,1,43-53,,,
LaMP HP whole wafer,3521,1642,-66899,-65680,54-00,,,43,18,63378.0,70606.0,1,43-54,,,
LaMP HP whole wafer,3521,1642,-66899,-65680,54-00,,,43,19,66899.0,70606.0,1,44-50,,,
LaMP HP whole wafer,3521,1642,-66899,-65680,54-00,,,43,20,70420.0,70606.0,1,44-51,,,
LaMP HP whole wafer,3521,1642,-66899,-65680,54-00,,,43,21,73941.0,70606.0,1,44-52,,,
LaMP HP whole wafer,3521,1642,-66899,-65680,54-00,,,43,22,77462.0,70606.0,1,44-53,,,
LaMP HP whole wafer,3521,1642,-66899,-65680,54-00,,,43,23,80983.0,70606.0,1,44-54,,,
LaMP HP whole wafer,3521,1642,-66899,-65680,54-00,,,43,24,84504.0,70606.0,1,45-50,,,
LaMP HP whole wafer,3521,1642,-66899,-65680,54-00,,,43,25,88025.0,70606.0,1,45-51,,,
LaMP HP whole wafer,3521,1642,-66899,-65680,54-00,,,43,26,91546.0,70606.0,1,45-52,,,
LaMP HP whole wafer,3521,1642,-66899,-65680,54-00,,,43,27,95067.0,70606.0,1,45-53,,,
LaMP HP whole wafer,3521,1642,-66899,-65680,54-00,,,43,28,98588.0,70606.0,1,45-54,,,
LaMP HP whole wafer,3521,1642,-66899,-65680,54-00,,,43,29,102109.0,70606.0,1,46-50,,,
LaMP HP whole wafer,3521,1642,-66899,-65680,54-00,,,43,30,105630.0,70606.0,1,46-51,,,
LaMP HP whole wafer,3521,1642,-66899,-65680,54-00,,,43,31,109151.0,70606.0,1,46-52,,,
LaMP HP whole wafer,3521,1642,-66899,-65680,54-00,,,43,32,112672.0,70606.0,1,46-53,,,
LaMP HP whole wafer,3521,1642,-66899,-65680,54-00,,,43,33,116193.0,70606.0,1,46-54,,,
LaMP HP whole wafer,3521,1642,-66899,-65680,54-00,,,43,34,119714.0,70606.0,1,47-50,,,
LaMP HP whole wafer,3521,1642,-66899,-65680,54-00,,,43,35,123235.0,70606.0,1,47-51,,,
LaMP HP whole wafer,3521,1642,-66899,-65680,54-00,,,43,36,126756.0,70606.0,1,47-52,,,
LaMP HP whole wafer,3521,1642,-66899,-65680,54-00,,,43,37,130277.0,70606.0,1,47-53,,,
LaMP HP whole wafer,3521,1642,-66899,-65680,54-00,,,44,0,0.0,72248.0,1,40-41,,,
LaMP HP whole wafer,3521,1642,-66899,-65680,54-00,,,44,1,3521.0,72248.0,1,40-42,,,
LaMP HP whole wafer,3521,1642,-66899,-65680,54-00,,,44,2,7042.0,72248.0,1,40-43,,,
LaMP HP whole wafer,3521,1642,-66899,-65680,54-00,,,44,3,10563.0,72248.0,1,40-44,,,
LaMP HP whole wafer,3521,1642,-66899,-65680,54-00,,,44,4,14084.0,72248.0,1,41-40,,,
LaMP HP whole wafer,3521,1642,-66899,-65680,54-00,,,44,5,17605.0,72248.0,1,41-41,,,
LaMP HP whole wafer,3521,1642,-66899,-65680,54-00,,,44,6,21126.0,72248.0,1,41-42,,,
LaMP HP whole wafer,3521,1642,-66899,-65680,54-00,,,44,7,24647.0,72248.0,1,41-43,,,
LaMP HP whole wafer,3521,1642,-66899,-65680,54-00,,,44,8,28168.0,72248.0,1,41-44,,,
LaMP HP whole wafer,3521,1642,-66899,-65680,54-00,,,44,9,31689.0,72248.0,1,42-40,,,
LaMP HP whole wafer,3521,1642,-66899,-65680,54-00,,,44,10,35210.0,72248.0,1,42-41,,,
LaMP HP whole wafer,3521,1642,-66899,-65680,54-00,,,44,11,38731.0,72248.0,1,42-42,,,
LaMP HP whole wafer,3521,1642,-66899,-65680,54-00,,,44,12,42252.0,72248.0,1,42-43,,,
LaMP HP whole wafer,3521,1642,-66899,-65680,54-00,,,44,13,45773.0,72248.0,1,42-44,,,
LaMP HP whole wafer,3521,1642,-66899,-65680,54-00,,,44,14,49294.0,72248.0,1,43-40,,,
LaMP HP whole wafer,3521,1642,-66899,-65680,54-00,,,44,15,52815.0,72248.0,1,43-41,,,
LaMP HP whole wafer,3521,1642,-66899,-65680,54-00,,,44,16,56336.0,72248.0,1,43-42,,,
LaMP HP whole wafer,3521,1642,-66899,-65680,54-00,,,44,17,59857.0,72248.0,1,43-43,,,
LaMP HP whole wafer,3521,1642,-66899,-65680,54-00,,,44,18,63378.0,72248.0,1,43-44,,,
LaMP HP whole wafer,3521,1642,-66899,-65680,54-00,,,44,19,66899.0,72248.0,1,44-40,,,
LaMP HP whole wafer,3521,1642,-66899,-65680,54-00,,,44,20,70420.0,72248.0,1,44-41,,,
LaMP HP whole wafer,3521,1642,-66899,-65680,54-00,,,44,21,73941.0,72248.0,1,44-42,,,
LaMP HP whole wafer,3521,1642,-66899,-65680,54-00,,,44,22,77462.0,72248.0,1,44-43,,,
LaMP HP whole wafer,3521,1642,-66899,-65680,54-00,,,44,23,80983.0,72248.0,1,44-44,,,
LaMP HP whole wafer,3521,1642,-66899,-65680,54-00,,,44,24,84504.0,72248.0,1,45-40,,,
LaMP HP whole wafer,3521,1642,-66899,-65680,54-00,,,44,25,88025.0,72248.0,1,45-41,,,
LaMP HP whole wafer,3521,1642,-66899,-65680,54-00,,,44,26,91546.0,72248.0,1,45-42,,,
LaMP HP whole wafer,3521,1642,-66899,-65680,54-00,,,44,27,95067.0,72248.0,1,45-43,,,
LaMP HP whole wafer,3521,1642,-66899,-65680,54-00,,,44,28,98588.0,72248.0,1,45-44,,,
LaMP HP whole wafer,3521,1642,-66899,-65680,54-00,,,44,29,102109.0,72248.0,1,46-40,,,
LaMP HP whole wafer,3521,1642,-66899,-65680,54-00,,,44,30,105630.0,72248.0,1,46-41,,,
LaMP HP whole wafer,3521,1642,-66899,-65680,54-00,,,44,31,109151.0,72248.0,1,46-42,,,
LaMP HP whole wafer,3521,1642,-66899,-65680,54-00,,,44,32,112672.0,72248.0,1,46-43,,,
LaMP HP whole wafer,3521,1642,-66899,-65680,54-00,,,44,33,116193.0,72248.0,1,46-44,,,
LaMP HP whole wafer,3521,1642,-66899,-65680,54-00,,,44,34,119714.0,72248.0,1,47-40,,,
LaMP HP whole wafer,3521,1642,-66899,-65680,54-00,,,44,35,123235.0,72248.0,1,47-41,,,
LaMP HP whole wafer,3521,1642,-66899,-65680,54-00,,,44,36,126756.0,72248.0,1,47-42,,,
LaMP HP whole wafer,3521,1642,-66899,-65680,54-00,,,44,37,130277.0,72248.0,1,47-43,,,
LaMP HP whole wafer,3521,1642,-66899,-65680,54-00,,,45,0,0.0,73890.0,1,40-31,,,
LaMP HP whole wafer,3521,1642,-66899,-65680,54-00,,,45,1,3521.0,73890.0,1,40-32,,,
LaMP HP whole wafer,3521,1642,-66899,-65680,54-00,,,45,2,7042.0,73890.0,1,40-33,,,
LaMP HP whole wafer,3521,1642,-66899,-65680,54-00,,,45,3,10563.0,73890.0,1,40-34,,,
LaMP HP whole wafer,3521,1642,-66899,-65680,54-00,,,45,4,14084.0,73890.0,1,41-30,,,
LaMP HP whole wafer,3521,1642,-66899,-65680,54-00,,,45,5,17605.0,73890.0,1,41-31,,,
LaMP HP whole wafer,3521,1642,-66899,-65680,54-00,,,45,6,21126.0,73890.0,1,41-32,,,
LaMP HP whole wafer,3521,1642,-66899,-65680,54-00,,,45,7,24647.0,73890.0,1,41-33,,,
LaMP HP whole wafer,3521,1642,-66899,-65680,54-00,,,45,8,28168.0,73890.0,1,41-34,,,
LaMP HP whole wafer,3521,1642,-66899,-65680,54-00,,,45,9,31689.0,73890.0,1,42-30,,,
LaMP HP whole wafer,3521,1642,-66899,-65680,54-00,,,45,10,35210.0,73890.0,1,42-31,,,
LaMP HP whole wafer,3521,1642,-66899,-65680,54-00,,,45,11,38731.0,73890.0,1,42-32,,,
LaMP HP whole wafer,3521,1642,-66899,-65680,54-00,,,45,12,42252.0,73890.0,1,42-33,,,
LaMP HP whole wafer,3521,1642,-66899,-65680,54-00,,,45,13,45773.0,73890.0,1,42-34,,,
LaMP HP whole wafer,3521,1642,-66899,-65680,54-00,,,45,14,49294.0,73890.0,1,43-30,,,
LaMP HP whole wafer,3521,1642,-66899,-65680,54-00,,,45,15,52815.0,73890.0,1,43-31,,,
LaMP HP whole wafer,3521,1642,-66899,-65680,54-00,,,45,16,56336.0,73890.0,1,43-32,,,
LaMP HP whole wafer,3521,1642,-66899,-65680,54-00,,,45,17,59857.0,73890.0,1,43-33,,,
LaMP HP whole wafer,3521,1642,-66899,-65680,54-00,,,45,18,63378.0,73890.0,1,43-34,,,
LaMP HP whole wafer,3521,1642,-66899,-65680,54-00,,,45,19,66899.0,73890.0,1,44-30,,,
LaMP HP whole wafer,3521,1642,-66899,-65680,54-00,,,45,20,70420.0,73890.0,1,44-31,,,
LaMP HP whole wafer,3521,1642,-66899,-65680,54-00,,,45,21,73941.0,73890.0,1,44-32,,,
LaMP HP whole wafer,3521,1642,-66899,-65680,54-00,,,45,22,77462.0,73890.0,1,44-33,,,
LaMP HP whole wafer,3521,1642,-66899,-65680,54-00,,,45,23,80983.0,73890.0,1,44-34,,,
LaMP HP whole wafer,3521,1642,-66899,-65680,54-00,,,45,24,84504.0,73890.0,1,45-30,,,
LaMP HP whole wafer,3521,1642,-66899,-65680,54-00,,,45,25,88025.0,73890.0,1,45-31,,,
LaMP HP whole wafer,3521,1642,-66899,-65680,54-00,,,45,26,91546.0,73890.0,1,45-32,,,
LaMP HP whole wafer,3521,1642,-66899,-65680,54-00,,,45,27,95067.0,73890.0,1,45-33,,,
LaMP HP whole wafer,3521,1642,-66899,-65680,54-00,,,45,28,98588.0,73890.0,1,45-34,,,
LaMP HP whole wafer,3521,1642,-66899,-65680,54-00,,,45,29,102109.0,73890.0,1,46-30,,,
LaMP HP whole wafer,3521,1642,-66899,-65680,54-00,,,45,30,105630.0,73890.0,1,46-31,,,
LaMP HP whole wafer,3521,1642,-66899,-65680,54-00,,,45,31,109151.0,73890.0,1,46-32,,,
LaMP HP whole wafer,3521,1642,-66899,-65680,54-00,,,45,32,112672.0,73890.0,1,46-33,,,
LaMP HP whole wafer,3521,1642,-66899,-65680,54-00,,,45,33,116193.0,73890.0,1,46-34,,,
LaMP HP whole wafer,3521,1642,-66899,-65680,54-00,,,45,34,119714.0,73890.0,1,47-30,,,
LaMP HP whole wafer,3521,1642,-66899,-65680,54-00,,,45,35,123235.0,73890.0,1,47-31,,,
LaMP HP whole wafer,3521,1642,-66899,-65680,54-00,,,45,36,126756.0,73890.0,1,47-32,,,
LaMP HP whole wafer,3521,1642,-66899,-65680,54-00,,,45,37,130277.0,73890.0,1,47-33,,,
LaMP HP whole wafer,3521,1642,-66899,-65680,54-00,,,46,0,0.0,75532.0,1,40-21,,,
LaMP HP whole wafer,3521,1642,-66899,-65680,54-00,,,46,1,3521.0,75532.0,1,40-22,,,
LaMP HP whole wafer,3521,1642,-66899,-65680,54-00,,,46,2,7042.0,75532.0,1,40-23,,,
LaMP HP whole wafer,3521,1642,-66899,-65680,54-00,,,46,3,10563.0,75532.0,1,40-24,,,
LaMP HP whole wafer,3521,1642,-66899,-65680,54-00,,,46,4,14084.0,75532.0,1,41-20,,,
LaMP HP whole wafer,3521,1642,-66899,-65680,54-00,,,46,5,17605.0,75532.0,1,41-21,,,
LaMP HP whole wafer,3521,1642,-66899,-65680,54-00,,,46,6,21126.0,75532.0,1,41-22,,,
LaMP HP whole wafer,3521,1642,-66899,-65680,54-00,,,46,7,24647.0,75532.0,1,41-23,,,
LaMP HP whole wafer,3521,1642,-66899,-65680,54-00,,,46,8,28168.0,75532.0,1,41-24,,,
LaMP HP whole wafer,3521,1642,-66899,-65680,54-00,,,46,9,31689.0,75532.0,1,42-20,,,
LaMP HP whole wafer,3521,1642,-66899,-65680,54-00,,,46,10,35210.0,75532.0,1,42-21,,,
LaMP HP whole wafer,3521,1642,-66899,-65680,54-00,,,46,11,38731.0,75532.0,1,42-22,,,
LaMP HP whole wafer,3521,1642,-66899,-65680,54-00,,,46,12,42252.0,75532.0,1,42-23,,,
LaMP HP whole wafer,3521,1642,-66899,-65680,54-00,,,46,13,45773.0,75532.0,1,42-24,,,
LaMP HP whole wafer,3521,1642,-66899,-65680,54-00,,,46,14,49294.0,75532.0,1,43-20,,,
LaMP HP whole wafer,3521,1642,-66899,-65680,54-00,,,46,15,52815.0,75532.0,1,43-21,,,
LaMP HP whole wafer,3521,1642,-66899,-65680,54-00,,,46,16,56336.0,75532.0,1,43-22,,,
LaMP HP whole wafer,3521,1642,-66899,-65680,54-00,,,46,17,59857.0,75532.0,1,43-23,,,
LaMP HP whole wafer,3521,1642,-66899,-65680,54-00,,,46,18,63378.0,75532.0,1,43-24,,,
LaMP HP whole wafer,3521,1642,-66899,-65680,54-00,,,46,19,66899.0,75532.0,1,44-20,,,
LaMP HP whole wafer,3521,1642,-66899,-65680,54-00,,,46,20,70420.0,75532.0,1,44-21,,,
LaMP HP whole wafer,3521,1642,-66899,-65680,54-00,,,46,21,73941.0,75532.0,1,44-22,,,
LaMP HP whole wafer,3521,1642,-66899,-65680,54-00,,,46,22,77462.0,75532.0,1,44-23,,,
LaMP HP whole wafer,3521,1642,-66899,-65680,54-00,,,46,23,80983.0,75532.0,1,44-24,,,
LaMP HP whole wafer,3521,1642,-66899,-65680,54-00,,,46,24,84504.0,75532.0,1,45-20,,,
LaMP HP whole wafer,3521,1642,-66899,-65680,54-00,,,46,25,88025.0,75532.0,1,45-21,,,
LaMP HP whole wafer,3521,1642,-66899,-65680,54-00,,,46,26,91546.0,75532.0,1,45-22,,,
LaMP HP whole wafer,3521,1642,-66899,-65680,54-00,,,46,27,95067.0,75532.0,1,45-23,,,
LaMP HP whole wafer,3521,1642,-66899,-65680,54-00,,,46,28,98588.0,75532.0,1,45-24,,,
LaMP HP whole wafer,3521,1642,-66899,-65680,54-00,,,46,29,102109.0,75532.0,1,46-20,,,
LaMP HP whole wafer,3521,1642,-66899,-65680,54-00,,,46,30,105630.0,75532.0,1,46-21,,,
LaMP HP whole wafer,3521,1642,-66899,-65680,54-00,,,46,31,109151.0,75532.0,1,46-22,,,
LaMP HP whole wafer,3521,1642,-66899,-65680,54-00,,,46,32,112672.0,75532.0,1,46-23,,,
LaMP HP whole wafer,3521,1642,-66899,-65680,54-00,,,46,33,116193.0,75532.0,1,46-24,,,
LaMP HP whole wafer,3521,1642,-66899,-65680,54-00,,,46,34,119714.0,75532.0,1,47-20,,,
LaMP HP whole wafer,3521,1642,-66899,-65680,54-00,,,46,35,123235.0,75532.0,1,47-21,,,
LaMP HP whole wafer,3521,1642,-66899,-65680,54-00,,,46,36,126756.0,75532.0,1,47-22,,,
LaMP HP whole wafer,3521,1642,-66899,-65680,54-00,,,46,37,130277.0,75532.0,1,47-23,,,
LaMP HP whole wafer,3521,1642,-66899,-65680,54-00,,,47,0,0.0,77174.0,1,40-11,,,
LaMP HP whole wafer,3521,1642,-66899,-65680,54-00,,,47,1,3521.0,77174.0,1,40-12,,,
LaMP HP whole wafer,3521,1642,-66899,-65680,54-00,,,47,2,7042.0,77174.0,1,40-13,,,
LaMP HP whole wafer,3521,1642,-66899,-65680,54-00,,,47,3,10563.0,77174.0,1,40-14,,,
LaMP HP whole wafer,3521,1642,-66899,-65680,54-00,,,47,4,14084.0,77174.0,1,41-10,,,
LaMP HP whole wafer,3521,1642,-66899,-65680,54-00,,,47,5,17605.0,77174.0,1,41-11,,,
LaMP HP whole wafer,3521,1642,-66899,-65680,54-00,,,47,6,21126.0,77174.0,1,41-12,,,
LaMP HP whole wafer,3521,1642,-66899,-65680,54-00,,,47,7,24647.0,77174.0,1,41-13,,,
LaMP HP whole wafer,3521,1642,-66899,-65680,54-00,,,47,8,28168.0,77174.0,1,41-14,,,
LaMP HP whole wafer,3521,1642,-66899,-65680,54-00,,,47,9,31689.0,77174.0,1,42-10,,,
LaMP HP whole wafer,3521,1642,-66899,-65680,54-00,,,47,10,35210.0,77174.0,1,42-11,,,
LaMP HP whole wafer,3521,1642,-66899,-65680,54-00,,,47,11,38731.0,77174.0,1,42-12,,,
LaMP HP whole wafer,3521,1642,-66899,-65680,54-00,,,47,12,42252.0,77174.0,1,42-13,,,
LaMP HP whole wafer,3521,1642,-66899,-65680,54-00,,,47,13,45773.0,77174.0,1,42-14,,,
LaMP HP whole wafer,3521,1642,-66899,-65680,54-00,,,47,14,49294.0,77174.0,1,43-10,,,
LaMP HP whole wafer,3521,1642,-66899,-65680,54-00,,,47,15,52815.0,77174.0,1,43-11,,,
LaMP HP whole wafer,3521,1642,-66899,-65680,54-00,,,47,16,56336.0,77174.0,1,43-12,,,
LaMP HP whole wafer,3521,1642,-66899,-65680,54-00,,,47,17,59857.0,77174.0,1,43-13,,,
LaMP HP whole wafer,3521,1642,-66899,-65680,54-00,,,47,18,63378.0,77174.0,1,43-14,,,
LaMP HP whole wafer,3521,1642,-66899,-65680,54-00,,,47,19,66899.0,77174.0,1,44-10,,,
LaMP HP whole wafer,3521,1642,-66899,-65680,54-00,,,47,20,70420.0,77174.0,1,44-11,,,
LaMP HP whole wafer,3521,1642,-66899,-65680,54-00,,,47,21,73941.0,77174.0,1,44-12,,,
LaMP HP whole wafer,3521,1642,-66899,-65680,54-00,,,47,22,77462.0,77174.0,1,44-13,,,
LaMP HP whole wafer,3521,1642,-66899,-65680,54-00,,,47,23,80983.0,77174.0,1,44-14,,,
LaMP HP whole wafer,3521,1642,-66899,-65680,54-00,,,47,24,84504.0,77174.0,1,45-10,,,
LaMP HP whole wafer,3521,1642,-66899,-65680,54-00,,,47,25,88025.0,77174.0,1,45-11,,,
LaMP HP whole wafer,3521,1642,-66899,-65680,54-00,,,47,26,91546.0,77174.0,1,45-12,,,
LaMP HP whole wafer,3521,1642,-66899,-65680,54-00,,,47,27,95067.0,77174.0,1,45-13,,,
LaMP HP whole wafer,3521,1642,-66899,-65680,54-00,,,47,28,98588.0,77174.0,1,45-14,,,
LaMP HP whole wafer,3521,1642,-66899,-65680,54-00,,,47,29,102109.0,77174.0,1,46-10,,,
LaMP HP whole wafer,3521,1642,-66899,-65680,54-00,,,47,30,105630.0,77174.0,1,46-11,,,
LaMP HP whole wafer,3521,1642,-66899,-65680,54-00,,,47,31,109151.0,77174.0,1,46-12,,,
LaMP HP whole wafer,3521,1642,-66899,-65680,54-00,,,47,32,112672.0,77174.0,1,46-13,,,
LaMP HP whole wafer,3521,1642,-66899,-65680,54-00,,,47,33,116193.0,77174.0,1,46-14,,,
LaMP HP whole wafer,3521,1642,-66899,-65680,54-00,,,47,34,119714.0,77174.0,1,47-10,,,
LaMP HP whole wafer,3521,1642,-66899,-65680,54-00,,,47,35,123235.0,77174.0,1,47-11,,,
LaMP HP whole wafer,3521,1642,-66899,-65680,54-00,,,47,36,126756.0,77174.0,1,47-12,,,
LaMP HP whole wafer,3521,1642,-66899,-65680,54-00,,,47,37,130277.0,77174.0,1,47-13,,,
LaMP HP whole wafer,3521,1642,-66899,-65680,54-00,,,48,1,3521.0,78816.0,1,40-02,,,
LaMP HP whole wafer,3521,1642,-66899,-65680,54-00,,,48,2,7042.0,78816.0,1,40-03,,,
LaMP HP whole wafer,3521,1642,-66899,-65680,54-00,,,48,3,10563.0,78816.0,1,40-04,,,
LaMP HP whole wafer,3521,1642,-66899,-65680,54-00,,,48,4,14084.0,78816.0,1,41-00,,,
LaMP HP whole wafer,3521,1642,-66899,-65680,54-00,,,48,5,17605.0,78816.0,1,41-01,,,
LaMP HP whole wafer,3521,1642,-66899,-65680,54-00,,,48,6,21126.0,78816.0,1,41-02,,,
LaMP HP whole wafer,3521,1642,-66899,-65680,54-00,,,48,7,24647.0,78816.0,1,41-03,,,
LaMP HP whole wafer,3521,1642,-66899,-65680,54-00,,,48,8,28168.0,78816.0,1,41-04,,,
LaMP HP whole wafer,3521,1642,-66899,-65680,54-00,,,48,9,31689.0,78816.0,1,42-00,,,
LaMP HP whole wafer,3521,1642,-66899,-65680,54-00,,,48,10,35210.0,78816.0,1,42-01,,,
LaMP HP whole wafer,3521,1642,-66899,-65680,54-00,,,48,11,38731.0,78816.0,1,42-02,,,
LaMP HP whole wafer,3521,1642,-66899,-65680,54-00,,,48,12,42252.0,78816.0,1,42-03,,,
LaMP HP whole wafer,3521,1642,-66899,-65680,54-00,,,48,13,45773.0,78816.0,1,42-04,,,
LaMP HP whole wafer,3521,1642,-66899,-65680,54-00,,,48,14,49294.0,78816.0,1,43-00,,,
LaMP HP whole wafer,3521,1642,-66899,-65680,54-00,,,48,15,52815.0,78816.0,1,43-01,,,
LaMP HP whole wafer,3521,1642,-66899,-65680,54-00,,,48,16,56336.0,78816.0,1,43-02,,,
LaMP HP whole wafer,3521,1642,-66899,-65680,54-00,,,48,17,59857.0,78816.0,1,43-03,,,
LaMP HP whole wafer,3521,1642,-66899,-65680,54-00,,,48,18,63378.0,78816.0,1,43-04,,,
LaMP HP whole wafer,3521,1642,-66899,-65680,54-00,,,48,19,66899.0,78816.0,1,44-00,,,
LaMP HP whole wafer,3521,1642,-66899,-65680,54-00,,,48,20,70420.0,78816.0,1,44-01,,,
LaMP HP whole wafer,3521,1642,-66899,-65680,54-00,,,48,21,73941.0,78816.0,1,44-02,,,
LaMP HP whole wafer,3521,1642,-66899,-65680,54-00,,,48,22,77462.0,78816.0,1,44-03,,,
LaMP HP whole wafer,3521,1642,-66899,-65680,54-00,,,48,23,80983.0,78816.0,1,44-04,,,
LaMP HP whole wafer,3521,1642,-66899,-65680,54-00,,,48,24,84504.0,78816.0,1,45-00,,,
LaMP HP whole wafer,3521,1642,-66899,-65680,54-00,,,48,25,88025.0,78816.0,1,45-01,,,
LaMP HP whole wafer,3521,1642,-66899,-65680,54-00,,,48,26,91546.0,78816.0,1,45-02,,,
LaMP HP whole wafer,3521,1642,-66899,-65680,54-00,,,48,27,95067.0,78816.0,1,45-03,,,
LaMP HP whole wafer,3521,1642,-66899,-65680,54-00,,,48,28,98588.0,78816.0,1,45-04,,,
LaMP HP whole wafer,3521,1642,-66899,-65680,54-00,,,48,29,102109.0,78816.0,1,46-00,,,
LaMP HP whole wafer,3521,1642,-66899,-65680,54-00,,,48,30,105630.0,78816.0,1,46-01,,,
LaMP HP whole wafer,3521,1642,-66899,-65680,54-00,,,48,31,109151.0,78816.0,1,46-02,,,
LaMP HP whole wafer,3521,1642,-66899,-65680,54-00,,,48,32,112672.0,78816.0,1,46-03,,,
LaMP HP whole wafer,3521,1642,-66899,-65680,54-00,,,48,33,116193.0,78816.0,1,46-04,,,
LaMP HP whole wafer,3521,1642,-66899,-65680,54-00,,,48,34,119714.0,78816.0,1,47-00,,,
LaMP HP whole wafer,3521,1642,-66899,-65680,54-00,,,48,35,123235.0,78816.0,1,47-01,,,
LaMP HP whole wafer,3521,1642,-66899,-65680,54-00,,,48,36,126756.0,78816.0,1,47-02,,,
LaMP HP whole wafer,3521,1642,-66899,-65680,54-00,,,49,1,3521.0,80458.0,1,30-72,,,
LaMP HP whole wafer,3521,1642,-66899,-65680,54-00,,,49,2,7042.0,80458.0,1,30-73,,,
LaMP HP whole wafer,3521,1642,-66899,-65680,54-00,,,49,3,10563.0,80458.0,1,30-74,,,
LaMP HP whole wafer,3521,1642,-66899,-65680,54-00,,,49,4,14084.0,80458.0,1,31-70,,,
LaMP HP whole wafer,3521,1642,-66899,-65680,54-00,,,49,5,17605.0,80458.0,1,31-71,,,
LaMP HP whole wafer,3521,1642,-66899,-65680,54-00,,,49,6,21126.0,80458.0,1,31-72,,,
LaMP HP whole wafer,3521,1642,-66899,-65680,54-00,,,49,7,24647.0,80458.0,1,31-73,,,
LaMP HP whole wafer,3521,1642,-66899,-65680,54-00,,,49,8,28168.0,80458.0,1,31-74,,,
LaMP HP whole wafer,3521,1642,-66899,-65680,54-00,,,49,9,31689.0,80458.0,1,32-70,,,
LaMP HP whole wafer,3521,1642,-66899,-65680,54-00,,,49,10,35210.0,80458.0,1,32-71,,,
LaMP HP whole wafer,3521,1642,-66899,-65680,54-00,,,49,11,38731.0,80458.0,1,32-72,,,
LaMP HP whole wafer,3521,1642,-66899,-65680,54-00,,,49,12,42252.0,80458.0,1,32-73,,,
LaMP HP whole wafer,3521,1642,-66899,-65680,54-00,,,49,13,45773.0,80458.0,1,32-74,,,
LaMP HP whole wafer,3521,1642,-66899,-65680,54-00,,,49,14,49294.0,80458.0,1,33-70,,,
LaMP HP whole wafer,3521,1642,-66899,-65680,54-00,,,49,15,52815.0,80458.0,1,33-71,,,
LaMP HP whole wafer,3521,1642,-66899,-65680,54-00,,,49,16,56336.0,80458.0,1,33-72,,,
LaMP HP whole wafer,3521,1642,-66899,-65680,54-00,,,49,17,59857.0,80458.0,1,33-73,,,
LaMP HP whole wafer,3521,1642,-66899,-65680,54-00,,,49,18,63378.0,80458.0,1,33-74,,,
LaMP HP whole wafer,3521,1642,-66899,-65680,54-00,,,49,19,66899.0,80458.0,1,34-70,,,
LaMP HP whole wafer,3521,1642,-66899,-65680,54-00,,,49,20,70420.0,80458.0,1,34-71,,,
LaMP HP whole wafer,3521,1642,-66899,-65680,54-00,,,49,21,73941.0,80458.0,1,34-72,,,
LaMP HP whole wafer,3521,1642,-66899,-65680,54-00,,,49,22,77462.0,80458.0,1,34-73,,,
LaMP HP whole wafer,3521,1642,-66899,-65680,54-00,,,49,23,80983.0,80458.0,1,34-74,,,
LaMP HP whole wafer,3521,1642,-66899,-65680,54-00,,,49,24,84504.0,80458.0,1,35-70,,,
LaMP HP whole wafer,3521,1642,-66899,-65680,54-00,,,49,25,88025.0,80458.0,1,35-71,,,
LaMP HP whole wafer,3521,1642,-66899,-65680,54-00,,,49,26,91546.0,80458.0,1,35-72,,,
LaMP HP whole wafer,3521,1642,-66899,-65680,54-00,,,49,27,95067.0,80458.0,1,35-73,,,
LaMP HP whole wafer,3521,1642,-66899,-65680,54-00,,,49,28,98588.0,80458.0,1,35-74,,,
LaMP HP whole wafer,3521,1642,-66899,-65680,54-00,,,49,29,102109.0,80458.0,1,36-70,,,
LaMP HP whole wafer,3521,1642,-66899,-65680,54-00,,,49,30,105630.0,80458.0,1,36-71,,,
LaMP HP whole wafer,3521,1642,-66899,-65680,54-00,,,49,31,109151.0,80458.0,1,36-72,,,
LaMP HP whole wafer,3521,1642,-66899,-65680,54-00,,,49,32,112672.0,80458.0,1,36-73,,,
LaMP HP whole wafer,3521,1642,-66899,-65680,54-00,,,49,33,116193.0,80458.0,1,36-74,,,
LaMP HP whole wafer,3521,1642,-66899,-65680,54-00,,,49,34,119714.0,80458.0,1,37-70,,,
LaMP HP whole wafer,3521,1642,-66899,-65680,54-00,,,49,35,123235.0,80458.0,1,37-71,,,
LaMP HP whole wafer,3521,1642,-66899,-65680,54-00,,,49,36,126756.0,80458.0,1,37-72,,,
LaMP HP whole wafer,3521,1642,-66899,-65680,54-00,,,50,1,3521.0,82100.0,1,30-62,,,
LaMP HP whole wafer,3521,1642,-66899,-65680,54-00,,,50,2,7042.0,82100.0,1,30-63,,,
LaMP HP whole wafer,3521,1642,-66899,-65680,54-00,,,50,3,10563.0,82100.0,1,30-64,,,
LaMP HP whole wafer,3521,1642,-66899,-65680,54-00,,,50,4,14084.0,82100.0,1,31-60,,,
LaMP HP whole wafer,3521,1642,-66899,-65680,54-00,,,50,5,17605.0,82100.0,1,31-61,,,
LaMP HP whole wafer,3521,1642,-66899,-65680,54-00,,,50,6,21126.0,82100.0,1,31-62,,,
LaMP HP whole wafer,3521,1642,-66899,-65680,54-00,,,50,7,24647.0,82100.0,1,31-63,,,
LaMP HP whole wafer,3521,1642,-66899,-65680,54-00,,,50,8,28168.0,82100.0,1,31-64,,,
LaMP HP whole wafer,3521,1642,-66899,-65680,54-00,,,50,9,31689.0,82100.0,1,32-60,,,
LaMP HP whole wafer,3521,1642,-66899,-65680,54-00,,,50,10,35210.0,82100.0,1,32-61,,,
LaMP HP whole wafer,3521,1642,-66899,-65680,54-00,,,50,11,38731.0,82100.0,1,32-62,,,
LaMP HP whole wafer,3521,1642,-66899,-65680,54-00,,,50,12,42252.0,82100.0,1,32-63,,,
LaMP HP whole wafer,3521,1642,-66899,-65680,54-00,,,50,13,45773.0,82100.0,1,32-64,,,
LaMP HP whole wafer,3521,1642,-66899,-65680,54-00,,,50,14,49294.0,82100.0,1,33-60,,,
LaMP HP whole wafer,3521,1642,-66899,-65680,54-00,,,50,15,52815.0,82100.0,1,33-61,,,
LaMP HP whole wafer,3521,1642,-66899,-65680,54-00,,,50,16,56336.0,82100.0,1,33-62,,,
LaMP HP whole wafer,3521,1642,-66899,-65680,54-00,,,50,17,59857.0,82100.0,1,33-63,,,
LaMP HP whole wafer,3521,1642,-66899,-65680,54-00,,,50,18,63378.0,82100.0,1,33-64,,,
LaMP HP whole wafer,3521,1642,-66899,-65680,54-00,,,50,19,66899.0,82100.0,1,34-60,,,
LaMP HP whole wafer,3521,1642,-66899,-65680,54-00,,,50,20,70420.0,82100.0,1,34-61,,,
LaMP HP whole wafer,3521,1642,-66899,-65680,54-00,,,50,21,73941.0,82100.0,1,34-62,,,
LaMP HP whole wafer,3521,1642,-66899,-65680,54-00,,,50,22,77462.0,82100.0,1,34-63,,,
LaMP HP whole wafer,3521,1642,-66899,-65680,54-00,,,50,23,80983.0,82100.0,1,34-64,,,
LaMP HP whole wafer,3521,1642,-66899,-65680,54-00,,,50,24,84504.0,82100.0,1,35-60,,,
LaMP HP whole wafer,3521,1642,-66899,-65680,54-00,,,50,25,88025.0,82100.0,1,35-61,,,
LaMP HP whole wafer,3521,1642,-66899,-65680,54-00,,,50,26,91546.0,82100.0,1,35-62,,,
LaMP HP whole wafer,3521,1642,-66899,-65680,54-00,,,50,27,95067.0,82100.0,1,35-63,,,
LaMP HP whole wafer,3521,1642,-66899,-65680,54-00,,,50,28,98588.0,82100.0,1,35-64,,,
LaMP HP whole wafer,3521,1642,-66899,-65680,54-00,,,50,29,102109.0,82100.0,1,36-60,,,
LaMP HP whole wafer,3521,1642,-66899,-65680,54-00,,,50,30,105630.0,82100.0,1,36-61,,,
LaMP HP whole wafer,3521,1642,-66899,-65680,54-00,,,50,31,109151.0,82100.0,1,36-62,,,
LaMP HP whole wafer,3521,1642,-66899,-65680,54-00,,,50,32,112672.0,82100.0,1,36-63,,,
LaMP HP whole wafer,3521,1642,-66899,-65680,54-00,,,50,33,116193.0,82100.0,1,36-64,,,
LaMP HP whole wafer,3521,1642,-66899,-65680,54-00,,,50,34,119714.0,82100.0,1,37-60,,,
LaMP HP whole wafer,3521,1642,-66899,-65680,54-00,,,50,35,123235.0,82100.0,1,37-61,,,
LaMP HP whole wafer,3521,1642,-66899,-65680,54-00,,,50,36,126756.0,82100.0,1,37-62,,,
LaMP HP whole wafer,3521,1642,-66899,-65680,54-00,,,51,1,3521.0,83742.0,1,30-52,,,
LaMP HP whole wafer,3521,1642,-66899,-65680,54-00,,,51,2,7042.0,83742.0,1,30-53,,,
LaMP HP whole wafer,3521,1642,-66899,-65680,54-00,,,51,3,10563.0,83742.0,1,30-54,,,
LaMP HP whole wafer,3521,1642,-66899,-65680,54-00,,,51,4,14084.0,83742.0,1,31-50,,,
LaMP HP whole wafer,3521,1642,-66899,-65680,54-00,,,51,5,17605.0,83742.0,1,31-51,,,
LaMP HP whole wafer,3521,1642,-66899,-65680,54-00,,,51,6,21126.0,83742.0,1,31-52,,,
LaMP HP whole wafer,3521,1642,-66899,-65680,54-00,,,51,7,24647.0,83742.0,1,31-53,,,
LaMP HP whole wafer,3521,1642,-66899,-65680,54-00,,,51,8,28168.0,83742.0,1,31-54,,,
LaMP HP whole wafer,3521,1642,-66899,-65680,54-00,,,51,9,31689.0,83742.0,1,32-50,,,
LaMP HP whole wafer,3521,1642,-66899,-65680,54-00,,,51,10,35210.0,83742.0,1,32-51,,,
LaMP HP whole wafer,3521,1642,-66899,-65680,54-00,,,51,11,38731.0,83742.0,1,32-52,,,
LaMP HP whole wafer,3521,1642,-66899,-65680,54-00,,,51,12,42252.0,83742.0,1,32-53,,,
LaMP HP whole wafer,3521,1642,-66899,-65680,54-00,,,51,13,45773.0,83742.0,1,32-54,,,
LaMP HP whole wafer,3521,1642,-66899,-65680,54-00,,,51,14,49294.0,83742.0,1,33-50,,,
LaMP HP whole wafer,3521,1642,-66899,-65680,54-00,,,51,15,52815.0,83742.0,1,33-51,,,
LaMP HP whole wafer,3521,1642,-66899,-65680,54-00,,,51,16,56336.0,83742.0,1,33-52,,,
LaMP HP whole wafer,3521,1642,-66899,-65680,54-00,,,51,17,59857.0,83742.0,1,33-53,,,
LaMP HP whole wafer,3521,1642,-66899,-65680,54-00,,,51,18,63378.0,83742.0,1,33-54,,,
LaMP HP whole wafer,3521,1642,-66899,-65680,54-00,,,51,19,66899.0,83742.0,1,34-50,,,
LaMP HP whole wafer,3521,1642,-66899,-65680,54-00,,,51,20,70420.0,83742.0,1,34-51,,,
LaMP HP whole wafer,3521,1642,-66899,-65680,54-00,,,51,21,73941.0,83742.0,1,34-52,,,
LaMP HP whole wafer,3521,1642,-66899,-65680,54-00,,,51,22,77462.0,83742.0,1,34-53,,,
LaMP HP whole wafer,3521,1642,-66899,-65680,54-00,,,51,23,80983.0,83742.0,1,34-54,,,
LaMP HP whole wafer,3521,1642,-66899,-65680,54-00,,,51,24,84504.0,83742.0,1,35-50,,,
LaMP HP whole wafer,3521,1642,-66899,-65680,54-00,,,51,25,88025.0,83742.0,1,35-51,,,
LaMP HP whole wafer,3521,1642,-66899,-65680,54-00,,,51,26,91546.0,83742.0,1,35-52,,,
LaMP HP whole wafer,3521,1642,-66899,-65680,54-00,,,51,27,95067.0,83742.0,1,35-53,,,
LaMP HP whole wafer,3521,1642,-66899,-65680,54-00,,,51,28,98588.0,83742.0,1,35-54,,,
LaMP HP whole wafer,3521,1642,-66899,-65680,54-00,,,51,29,102109.0,83742.0,1,36-50,,,
LaMP HP whole wafer,3521,1642,-66899,-65680,54-00,,,51,30,105630.0,83742.0,1,36-51,,,
LaMP HP whole wafer,3521,1642,-66899,-65680,54-00,,,51,31,109151.0,83742.0,1,36-52,,,
LaMP HP whole wafer,3521,1642,-66899,-65680,54-00,,,51,32,112672.0,83742.0,1,36-53,,,
LaMP HP whole wafer,3521,1642,-66899,-65680,54-00,,,51,33,116193.0,83742.0,1,36-54,,,
LaMP HP whole wafer,3521,1642,-66899,-65680,54-00,,,51,34,119714.0,83742.0,1,37-50,,,
LaMP HP whole wafer,3521,1642,-66899,-65680,54-00,,,51,35,123235.0,83742.0,1,37-51,,,
LaMP HP whole wafer,3521,1642,-66899,-65680,54-00,,,51,36,126756.0,83742.0,1,37-52,,,
LaMP HP whole wafer,3521,1642,-66899,-65680,54-00,,,52,1,3521.0,85384.0,1,30-42,,,
LaMP HP whole wafer,3521,1642,-66899,-65680,54-00,,,52,2,7042.0,85384.0,1,30-43,,,
LaMP HP whole wafer,3521,1642,-66899,-65680,54-00,,,52,3,10563.0,85384.0,1,30-44,,,
LaMP HP whole wafer,3521,1642,-66899,-65680,54-00,,,52,4,14084.0,85384.0,1,31-40,,,
LaMP HP whole wafer,3521,1642,-66899,-65680,54-00,,,52,5,17605.0,85384.0,1,31-41,,,
LaMP HP whole wafer,3521,1642,-66899,-65680,54-00,,,52,6,21126.0,85384.0,1,31-42,,,
LaMP HP whole wafer,3521,1642,-66899,-65680,54-00,,,52,7,24647.0,85384.0,1,31-43,,,
LaMP HP whole wafer,3521,1642,-66899,-65680,54-00,,,52,8,28168.0,85384.0,1,31-44,,,
LaMP HP whole wafer,3521,1642,-66899,-65680,54-00,,,52,9,31689.0,85384.0,1,32-40,,,
LaMP HP whole wafer,3521,1642,-66899,-65680,54-00,,,52,10,35210.0,85384.0,1,32-41,,,
LaMP HP whole wafer,3521,1642,-66899,-65680,54-00,,,52,11,38731.0,85384.0,1,32-42,,,
LaMP HP whole wafer,3521,1642,-66899,-65680,54-00,,,52,12,42252.0,85384.0,1,32-43,,,
LaMP HP whole wafer,3521,1642,-66899,-65680,54-00,,,52,13,45773.0,85384.0,1,32-44,,,
LaMP HP whole wafer,3521,1642,-66899,-65680,54-00,,,52,14,49294.0,85384.0,1,33-40,,,
LaMP HP whole wafer,3521,1642,-66899,-65680,54-00,,,52,15,52815.0,85384.0,1,33-41,,,
LaMP HP whole wafer,3521,1642,-66899,-65680,54-00,,,52,16,56336.0,85384.0,1,33-42,,,
LaMP HP whole wafer,3521,1642,-66899,-65680,54-00,,,52,17,59857.0,85384.0,1,33-43,,,
LaMP HP whole wafer,3521,1642,-66899,-65680,54-00,,,52,18,63378.0,85384.0,1,33-44,,,
LaMP HP whole wafer,3521,1642,-66899,-65680,54-00,,,52,19,66899.0,85384.0,1,34-40,,,
LaMP HP whole wafer,3521,1642,-66899,-65680,54-00,,,52,20,70420.0,85384.0,1,34-41,,,
LaMP HP whole wafer,3521,1642,-66899,-65680,54-00,,,52,21,73941.0,85384.0,1,34-42,,,
LaMP HP whole wafer,3521,1642,-66899,-65680,54-00,,,52,22,77462.0,85384.0,1,34-43,,,
LaMP HP whole wafer,3521,1642,-66899,-65680,54-00,,,52,23,80983.0,85384.0,1,34-44,,,
LaMP HP whole wafer,3521,1642,-66899,-65680,54-00,,,52,24,84504.0,85384.0,1,35-40,,,
LaMP HP whole wafer,3521,1642,-66899,-65680,54-00,,,52,25,88025.0,85384.0,1,35-41,,,
LaMP HP whole wafer,3521,1642,-66899,-65680,54-00,,,52,26,91546.0,85384.0,1,35-42,,,
LaMP HP whole wafer,3521,1642,-66899,-65680,54-00,,,52,27,95067.0,85384.0,1,35-43,,,
LaMP HP whole wafer,3521,1642,-66899,-65680,54-00,,,52,28,98588.0,85384.0,1,35-44,,,
LaMP HP whole wafer,3521,1642,-66899,-65680,54-00,,,52,29,102109.0,85384.0,1,36-40,,,
LaMP HP whole wafer,3521,1642,-66899,-65680,54-00,,,52,30,105630.0,85384.0,1,36-41,,,
LaMP HP whole wafer,3521,1642,-66899,-65680,54-00,,,52,31,109151.0,85384.0,1,36-42,,,
LaMP HP whole wafer,3521,1642,-66899,-65680,54-00,,,52,32,112672.0,85384.0,1,36-43,,,
LaMP HP whole wafer,3521,1642,-66899,-65680,54-00,,,52,33,116193.0,85384.0,1,36-44,,,
LaMP HP whole wafer,3521,1642,-66899,-65680,54-00,,,52,34,119714.0,85384.0,1,37-40,,,
LaMP HP whole wafer,3521,1642,-66899,-65680,54-00,,,52,35,123235.0,85384.0,1,37-41,,,
LaMP HP whole wafer,3521,1642,-66899,-65680,54-00,,,52,36,126756.0,85384.0,1,37-42,,,
LaMP HP whole wafer,3521,1642,-66899,-65680,54-00,,,53,1,3521.0,87026.0,1,30-32,,,
LaMP HP whole wafer,3521,1642,-66899,-65680,54-00,,,53,2,7042.0,87026.0,1,30-33,,,
LaMP HP whole wafer,3521,1642,-66899,-65680,54-00,,,53,3,10563.0,87026.0,1,30-34,,,
LaMP HP whole wafer,3521,1642,-66899,-65680,54-00,,,53,4,14084.0,87026.0,1,31-30,,,
LaMP HP whole wafer,3521,1642,-66899,-65680,54-00,,,53,5,17605.0,87026.0,1,31-31,,,
LaMP HP whole wafer,3521,1642,-66899,-65680,54-00,,,53,6,21126.0,87026.0,1,31-32,,,
LaMP HP whole wafer,3521,1642,-66899,-65680,54-00,,,53,7,24647.0,87026.0,1,31-33,,,
LaMP HP whole wafer,3521,1642,-66899,-65680,54-00,,,53,8,28168.0,87026.0,1,31-34,,,
LaMP HP whole wafer,3521,1642,-66899,-65680,54-00,,,53,9,31689.0,87026.0,1,32-30,,,
LaMP HP whole wafer,3521,1642,-66899,-65680,54-00,,,53,10,35210.0,87026.0,1,32-31,,,
LaMP HP whole wafer,3521,1642,-66899,-65680,54-00,,,53,11,38731.0,87026.0,1,32-32,,,
LaMP HP whole wafer,3521,1642,-66899,-65680,54-00,,,53,12,42252.0,87026.0,1,32-33,,,
LaMP HP whole wafer,3521,1642,-66899,-65680,54-00,,,53,13,45773.0,87026.0,1,32-34,,,
LaMP HP whole wafer,3521,1642,-66899,-65680,54-00,,,53,14,49294.0,87026.0,1,33-30,,,
LaMP HP whole wafer,3521,1642,-66899,-65680,54-00,,,53,15,52815.0,87026.0,1,33-31,,,
LaMP HP whole wafer,3521,1642,-66899,-65680,54-00,,,53,16,56336.0,87026.0,1,33-32,,,
LaMP HP whole wafer,3521,1642,-66899,-65680,54-00,,,53,17,59857.0,87026.0,1,33-33,,,
LaMP HP whole wafer,3521,1642,-66899,-65680,54-00,,,53,18,63378.0,87026.0,1,33-34,,,
LaMP HP whole wafer,3521,1642,-66899,-65680,54-00,,,53,19,66899.0,87026.0,1,34-30,,,
LaMP HP whole wafer,3521,1642,-66899,-65680,54-00,,,53,20,70420.0,87026.0,1,34-31,,,
LaMP HP whole wafer,3521,1642,-66899,-65680,54-00,,,53,21,73941.0,87026.0,1,34-32,,,
LaMP HP whole wafer,3521,1642,-66899,-65680,54-00,,,53,22,77462.0,87026.0,1,34-33,,,
LaMP HP whole wafer,3521,1642,-66899,-65680,54-00,,,53,23,80983.0,87026.0,1,34-34,,,
LaMP HP whole wafer,3521,1642,-66899,-65680,54-00,,,53,24,84504.0,87026.0,1,35-30,,,
LaMP HP whole wafer,3521,1642,-66899,-65680,54-00,,,53,25,88025.0,87026.0,1,35-31,,,
LaMP HP whole wafer,3521,1642,-66899,-65680,54-00,,,53,26,91546.0,87026.0,1,35-32,,,
LaMP HP whole wafer,3521,1642,-66899,-65680,54-00,,,53,27,95067.0,87026.0,1,35-33,,,
LaMP HP whole wafer,3521,1642,-66899,-65680,54-00,,,53,28,98588.0,87026.0,1,35-34,,,
LaMP HP whole wafer,3521,1642,-66899,-65680,54-00,,,53,29,102109.0,87026.0,1,36-30,,,
LaMP HP whole wafer,3521,1642,-66899,-65680,54-00,,,53,30,105630.0,87026.0,1,36-31,,,
LaMP HP whole wafer,3521,1642,-66899,-65680,54-00,,,53,31,109151.0,87026.0,1,36-32,,,
LaMP HP whole wafer,3521,1642,-66899,-65680,54-00,,,53,32,112672.0,87026.0,1,36-33,,,
LaMP HP whole wafer,3521,1642,-66899,-65680,54-00,,,53,33,116193.0,87026.0,1,36-34,,,
LaMP HP whole wafer,3521,1642,-66899,-65680,54-00,,,53,34,119714.0,87026.0,1,37-30,,,
LaMP HP whole wafer,3521,1642,-66899,-65680,54-00,,,53,35,123235.0,87026.0,1,37-31,,,
LaMP HP whole wafer,3521,1642,-66899,-65680,54-00,,,53,36,126756.0,87026.0,1,37-32,,,
LaMP HP whole wafer,3521,1642,-66899,-65680,54-00,,,54,1,3521.0,88668.0,1,30-22,,,
LaMP HP whole wafer,3521,1642,-66899,-65680,54-00,,,54,2,7042.0,88668.0,1,30-23,,,
LaMP HP whole wafer,3521,1642,-66899,-65680,54-00,,,54,3,10563.0,88668.0,1,30-24,,,
LaMP HP whole wafer,3521,1642,-66899,-65680,54-00,,,54,4,14084.0,88668.0,1,31-20,,,
LaMP HP whole wafer,3521,1642,-66899,-65680,54-00,,,54,5,17605.0,88668.0,1,31-21,,,
LaMP HP whole wafer,3521,1642,-66899,-65680,54-00,,,54,6,21126.0,88668.0,1,31-22,,,
LaMP HP whole wafer,3521,1642,-66899,-65680,54-00,,,54,7,24647.0,88668.0,1,31-23,,,
LaMP HP whole wafer,3521,1642,-66899,-65680,54-00,,,54,8,28168.0,88668.0,1,31-24,,,
LaMP HP whole wafer,3521,1642,-66899,-65680,54-00,,,54,9,31689.0,88668.0,1,32-20,,,
LaMP HP whole wafer,3521,1642,-66899,-65680,54-00,,,54,10,35210.0,88668.0,1,32-21,,,
LaMP HP whole wafer,3521,1642,-66899,-65680,54-00,,,54,11,38731.0,88668.0,1,32-22,,,
LaMP HP whole wafer,3521,1642,-66899,-65680,54-00,,,54,12,42252.0,88668.0,1,32-23,,,
LaMP HP whole wafer,3521,1642,-66899,-65680,54-00,,,54,13,45773.0,88668.0,1,32-24,,,
LaMP HP whole wafer,3521,1642,-66899,-65680,54-00,,,54,14,49294.0,88668.0,1,33-20,,,
LaMP HP whole wafer,3521,1642,-66899,-65680,54-00,,,54,15,52815.0,88668.0,1,33-21,,,
LaMP HP whole wafer,3521,1642,-66899,-65680,54-00,,,54,16,56336.0,88668.0,1,33-22,,,
LaMP HP whole wafer,3521,1642,-66899,-65680,54-00,,,54,17,59857.0,88668.0,1,33-23,,,
LaMP HP whole wafer,3521,1642,-66899,-65680,54-00,,,54,18,63378.0,88668.0,1,33-24,,,
LaMP HP whole wafer,3521,1642,-66899,-65680,54-00,,,54,19,66899.0,88668.0,1,34-20,,,
LaMP HP whole wafer,3521,1642,-66899,-65680,54-00,,,54,20,70420.0,88668.0,1,34-21,,,
LaMP HP whole wafer,3521,1642,-66899,-65680,54-00,,,54,21,73941.0,88668.0,1,34-22,,,
LaMP HP whole wafer,3521,1642,-66899,-65680,54-00,,,54,22,77462.0,88668.0,1,34-23,,,
LaMP HP whole wafer,3521,1642,-66899,-65680,54-00,,,54,23,80983.0,88668.0,1,34-24,,,
LaMP HP whole wafer,3521,1642,-66899,-65680,54-00,,,54,24,84504.0,88668.0,1,35-20,,,
LaMP HP whole wafer,3521,1642,-66899,-65680,54-00,,,54,25,88025.0,88668.0,1,35-21,,,
LaMP HP whole wafer,3521,1642,-66899,-65680,54-00,,,54,26,91546.0,88668.0,1,35-22,,,
LaMP HP whole wafer,3521,1642,-66899,-65680,54-00,,,54,27,95067.0,88668.0,1,35-23,,,
LaMP HP whole wafer,3521,1642,-66899,-65680,54-00,,,54,28,98588.0,88668.0,1,35-24,,,
LaMP HP whole wafer,3521,1642,-66899,-65680,54-00,,,54,29,102109.0,88668.0,1,36-20,,,
LaMP HP whole wafer,3521,1642,-66899,-65680,54-00,,,54,30,105630.0,88668.0,1,36-21,,,
LaMP HP whole wafer,3521,1642,-66899,-65680,54-00,,,54,31,109151.0,88668.0,1,36-22,,,
LaMP HP whole wafer,3521,1642,-66899,-65680,54-00,,,54,32,112672.0,88668.0,1,36-23,,,
LaMP HP whole wafer,3521,1642,-66899,-65680,54-00,,,54,33,116193.0,88668.0,1,36-24,,,
LaMP HP whole wafer,3521,1642,-66899,-65680,54-00,,,54,34,119714.0,88668.0,1,37-20,,,
LaMP HP whole wafer,3521,1642,-66899,-65680,54-00,,,54,35,123235.0,88668.0,1,37-21,,,
LaMP HP whole wafer,3521,1642,-66899,-65680,54-00,,,54,36,126756.0,88668.0,1,37-22,,,
LaMP HP whole wafer,3521,1642,-66899,-65680,54-00,,,55,1,3521.0,90310.0,1,30-12,,,
LaMP HP whole wafer,3521,1642,-66899,-65680,54-00,,,55,2,7042.0,90310.0,1,30-13,,,
LaMP HP whole wafer,3521,1642,-66899,-65680,54-00,,,55,3,10563.0,90310.0,1,30-14,,,
LaMP HP whole wafer,3521,1642,-66899,-65680,54-00,,,55,4,14084.0,90310.0,1,31-10,,,
LaMP HP whole wafer,3521,1642,-66899,-65680,54-00,,,55,5,17605.0,90310.0,1,31-11,,,
LaMP HP whole wafer,3521,1642,-66899,-65680,54-00,,,55,6,21126.0,90310.0,1,31-12,,,
LaMP HP whole wafer,3521,1642,-66899,-65680,54-00,,,55,7,24647.0,90310.0,1,31-13,,,
LaMP HP whole wafer,3521,1642,-66899,-65680,54-00,,,55,8,28168.0,90310.0,1,31-14,,,
LaMP HP whole wafer,3521,1642,-66899,-65680,54-00,,,55,9,31689.0,90310.0,1,32-10,,,
LaMP HP whole wafer,3521,1642,-66899,-65680,54-00,,,55,10,35210.0,90310.0,1,32-11,,,
LaMP HP whole wafer,3521,1642,-66899,-65680,54-00,,,55,11,38731.0,90310.0,1,32-12,,,
LaMP HP whole wafer,3521,1642,-66899,-65680,54-00,,,55,12,42252.0,90310.0,1,32-13,,,
LaMP HP whole wafer,3521,1642,-66899,-65680,54-00,,,55,13,45773.0,90310.0,1,32-14,,,
LaMP HP whole wafer,3521,1642,-66899,-65680,54-00,,,55,14,49294.0,90310.0,1,33-10,,,
LaMP HP whole wafer,3521,1642,-66899,-65680,54-00,,,55,15,52815.0,90310.0,1,33-11,,,
LaMP HP whole wafer,3521,1642,-66899,-65680,54-00,,,55,16,56336.0,90310.0,1,33-12,,,
LaMP HP whole wafer,3521,1642,-66899,-65680,54-00,,,55,17,59857.0,90310.0,1,33-13,,,
LaMP HP whole wafer,3521,1642,-66899,-65680,54-00,,,55,18,63378.0,90310.0,1,33-14,,,
LaMP HP whole wafer,3521,1642,-66899,-65680,54-00,,,55,19,66899.0,90310.0,1,34-10,,,
LaMP HP whole wafer,3521,1642,-66899,-65680,54-00,,,55,20,70420.0,90310.0,1,34-11,,,
LaMP HP whole wafer,3521,1642,-66899,-65680,54-00,,,55,21,73941.0,90310.0,1,34-12,,,
LaMP HP whole wafer,3521,1642,-66899,-65680,54-00,,,55,22,77462.0,90310.0,1,34-13,,,
LaMP HP whole wafer,3521,1642,-66899,-65680,54-00,,,55,23,80983.0,90310.0,1,34-14,,,
LaMP HP whole wafer,3521,1642,-66899,-65680,54-00,,,55,24,84504.0,90310.0,1,35-10,,,
LaMP HP whole wafer,3521,1642,-66899,-65680,54-00,,,55,25,88025.0,90310.0,1,35-11,,,
LaMP HP whole wafer,3521,1642,-66899,-65680,54-00,,,55,26,91546.0,90310.0,1,35-12,,,
LaMP HP whole wafer,3521,1642,-66899,-65680,54-00,,,55,27,95067.0,90310.0,1,35-13,,,
LaMP HP whole wafer,3521,1642,-66899,-65680,54-00,,,55,28,98588.0,90310.0,1,35-14,,,
LaMP HP whole wafer,3521,1642,-66899,-65680,54-00,,,55,29,102109.0,90310.0,1,36-10,,,
LaMP HP whole wafer,3521,1642,-66899,-65680,54-00,,,55,30,105630.0,90310.0,1,36-11,,,
LaMP HP whole wafer,3521,1642,-66899,-65680,54-00,,,55,31,109151.0,90310.0,1,36-12,,,
LaMP HP whole wafer,3521,1642,-66899,-65680,54-00,,,55,32,112672.0,90310.0,1,36-13,,,
LaMP HP whole wafer,3521,1642,-66899,-65680,54-00,,,55,33,116193.0,90310.0,1,36-14,,,
LaMP HP whole wafer,3521,1642,-66899,-65680,54-00,,,55,34,119714.0,90310.0,1,37-10,,,
LaMP HP whole wafer,3521,1642,-66899,-65680,54-00,,,55,35,123235.0,90310.0,1,37-11,,,
LaMP HP whole wafer,3521,1642,-66899,-65680,54-00,,,55,36,126756.0,90310.0,1,37-12,,,
LaMP HP whole wafer,3521,1642,-66899,-65680,54-00,,,56,2,7042.0,91952.0,1,30-03,,,
LaMP HP whole wafer,3521,1642,-66899,-65680,54-00,,,56,3,10563.0,91952.0,1,30-04,,,
LaMP HP whole wafer,3521,1642,-66899,-65680,54-00,,,56,4,14084.0,91952.0,1,31-00,,,
LaMP HP whole wafer,3521,1642,-66899,-65680,54-00,,,56,5,17605.0,91952.0,1,31-01,,,
LaMP HP whole wafer,3521,1642,-66899,-65680,54-00,,,56,6,21126.0,91952.0,1,31-02,,,
LaMP HP whole wafer,3521,1642,-66899,-65680,54-00,,,56,7,24647.0,91952.0,1,31-03,,,
LaMP HP whole wafer,3521,1642,-66899,-65680,54-00,,,56,8,28168.0,91952.0,1,31-04,,,
LaMP HP whole wafer,3521,1642,-66899,-65680,54-00,,,56,9,31689.0,91952.0,1,32-00,,,
LaMP HP whole wafer,3521,1642,-66899,-65680,54-00,,,56,10,35210.0,91952.0,1,32-01,,,
LaMP HP whole wafer,3521,1642,-66899,-65680,54-00,,,56,11,38731.0,91952.0,1,32-02,,,
LaMP HP whole wafer,3521,1642,-66899,-65680,54-00,,,56,12,42252.0,91952.0,1,32-03,,,
LaMP HP whole wafer,3521,1642,-66899,-65680,54-00,,,56,13,45773.0,91952.0,1,32-04,,,
LaMP HP whole wafer,3521,1642,-66899,-65680,54-00,,,56,14,49294.0,91952.0,1,33-00,,,
LaMP HP whole wafer,3521,1642,-66899,-65680,54-00,,,56,15,52815.0,91952.0,1,33-01,,,
LaMP HP whole wafer,3521,1642,-66899,-65680,54-00,,,56,16,56336.0,91952.0,1,33-02,,,
LaMP HP whole wafer,3521,1642,-66899,-65680,54-00,,,56,17,59857.0,91952.0,1,33-03,,,
LaMP HP whole wafer,3521,1642,-66899,-65680,54-00,,,56,18,63378.0,91952.0,1,33-04,,,
LaMP HP whole wafer,3521,1642,-66899,-65680,54-00,,,56,19,66899.0,91952.0,1,34-00,,,
LaMP HP whole wafer,3521,1642,-66899,-65680,54-00,,,56,20,70420.0,91952.0,1,34-01,,,
LaMP HP whole wafer,3521,1642,-66899,-65680,54-00,,,56,21,73941.0,91952.0,1,34-02,,,
LaMP HP whole wafer,3521,1642,-66899,-65680,54-00,,,56,22,77462.0,91952.0,1,34-03,,,
LaMP HP whole wafer,3521,1642,-66899,-65680,54-00,,,56,23,80983.0,91952.0,1,34-04,,,
LaMP HP whole wafer,3521,1642,-66899,-65680,54-00,,,56,24,84504.0,91952.0,1,35-00,,,
LaMP HP whole wafer,3521,1642,-66899,-65680,54-00,,,56,25,88025.0,91952.0,1,35-01,,,
LaMP HP whole wafer,3521,1642,-66899,-65680,54-00,,,56,26,91546.0,91952.0,1,35-02,,,
LaMP HP whole wafer,3521,1642,-66899,-65680,54-00,,,56,27,95067.0,91952.0,1,35-03,,,
LaMP HP whole wafer,3521,1642,-66899,-65680,54-00,,,56,28,98588.0,91952.0,1,35-04,,,
LaMP HP whole wafer,3521,1642,-66899,-65680,54-00,,,56,29,102109.0,91952.0,1,36-00,,,
LaMP HP whole wafer,3521,1642,-66899,-65680,54-00,,,56,30,105630.0,91952.0,1,36-01,,,
LaMP HP whole wafer,3521,1642,-66899,-65680,54-00,,,56,31,109151.0,91952.0,1,36-02,,,
LaMP HP whole wafer,3521,1642,-66899,-65680,54-00,,,56,32,112672.0,91952.0,1,36-03,,,
LaMP HP whole wafer,3521,1642,-66899,-65680,54-00,,,56,33,116193.0,91952.0,1,36-04,,,
LaMP HP whole wafer,3521,1642,-66899,-65680,54-00,,,56,34,119714.0,91952.0,1,37-00,,,
LaMP HP whole wafer,3521,1642,-66899,-65680,54-00,,,56,35,123235.0,91952.0,1,37-01,,,
LaMP HP whole wafer,3521,1642,-66899,-65680,54-00,,,57,2,7042.0,93594.0,1,20-73,,,
LaMP HP whole wafer,3521,1642,-66899,-65680,54-00,,,57,3,10563.0,93594.0,1,20-74,,,
LaMP HP whole wafer,3521,1642,-66899,-65680,54-00,,,57,4,14084.0,93594.0,1,21-70,,,
LaMP HP whole wafer,3521,1642,-66899,-65680,54-00,,,57,5,17605.0,93594.0,1,21-71,,,
LaMP HP whole wafer,3521,1642,-66899,-65680,54-00,,,57,6,21126.0,93594.0,1,21-72,,,
LaMP HP whole wafer,3521,1642,-66899,-65680,54-00,,,57,7,24647.0,93594.0,1,21-73,,,
LaMP HP whole wafer,3521,1642,-66899,-65680,54-00,,,57,8,28168.0,93594.0,1,21-74,,,
LaMP HP whole wafer,3521,1642,-66899,-65680,54-00,,,57,9,31689.0,93594.0,1,22-70,,,
LaMP HP whole wafer,3521,1642,-66899,-65680,54-00,,,57,10,35210.0,93594.0,1,22-71,,,
LaMP HP whole wafer,3521,1642,-66899,-65680,54-00,,,57,11,38731.0,93594.0,1,22-72,,,
LaMP HP whole wafer,3521,1642,-66899,-65680,54-00,,,57,12,42252.0,93594.0,1,22-73,,,
LaMP HP whole wafer,3521,1642,-66899,-65680,54-00,,,57,13,45773.0,93594.0,1,22-74,,,
LaMP HP whole wafer,3521,1642,-66899,-65680,54-00,,,57,14,49294.0,93594.0,1,23-70,,,
LaMP HP whole wafer,3521,1642,-66899,-65680,54-00,,,57,15,52815.0,93594.0,1,23-71,,,
LaMP HP whole wafer,3521,1642,-66899,-65680,54-00,,,57,16,56336.0,93594.0,1,23-72,,,
LaMP HP whole wafer,3521,1642,-66899,-65680,54-00,,,57,17,59857.0,93594.0,1,23-73,,,
LaMP HP whole wafer,3521,1642,-66899,-65680,54-00,,,57,18,63378.0,93594.0,1,23-74,,,
LaMP HP whole wafer,3521,1642,-66899,-65680,54-00,,,57,19,66899.0,93594.0,1,24-70,,,
LaMP HP whole wafer,3521,1642,-66899,-65680,54-00,,,57,20,70420.0,93594.0,1,24-71,,,
LaMP HP whole wafer,3521,1642,-66899,-65680,54-00,,,57,21,73941.0,93594.0,1,24-72,,,
LaMP HP whole wafer,3521,1642,-66899,-65680,54-00,,,57,22,77462.0,93594.0,1,24-73,,,
LaMP HP whole wafer,3521,1642,-66899,-65680,54-00,,,57,23,80983.0,93594.0,1,24-74,,,
LaMP HP whole wafer,3521,1642,-66899,-65680,54-00,,,57,24,84504.0,93594.0,1,25-70,,,
LaMP HP whole wafer,3521,1642,-66899,-65680,54-00,,,57,25,88025.0,93594.0,1,25-71,,,
LaMP HP whole wafer,3521,1642,-66899,-65680,54-00,,,57,26,91546.0,93594.0,1,25-72,,,
LaMP HP whole wafer,3521,1642,-66899,-65680,54-00,,,57,27,95067.0,93594.0,1,25-73,,,
LaMP HP whole wafer,3521,1642,-66899,-65680,54-00,,,57,28,98588.0,93594.0,1,25-74,,,
LaMP HP whole wafer,3521,1642,-66899,-65680,54-00,,,57,29,102109.0,93594.0,1,26-70,,,
LaMP HP whole wafer,3521,1642,-66899,-65680,54-00,,,57,30,105630.0,93594.0,1,26-71,,,
LaMP HP whole wafer,3521,1642,-66899,-65680,54-00,,,57,31,109151.0,93594.0,1,26-72,,,
LaMP HP whole wafer,3521,1642,-66899,-65680,54-00,,,57,32,112672.0,93594.0,1,26-73,,,
LaMP HP whole wafer,3521,1642,-66899,-65680,54-00,,,57,33,116193.0,93594.0,1,26-74,,,
LaMP HP whole wafer,3521,1642,-66899,-65680,54-00,,,57,34,119714.0,93594.0,1,27-70,,,
LaMP HP whole wafer,3521,1642,-66899,-65680,54-00,,,57,35,123235.0,93594.0,1,27-71,,,
LaMP HP whole wafer,3521,1642,-66899,-65680,54-00,,,58,2,7042.0,95236.0,1,20-63,,,
LaMP HP whole wafer,3521,1642,-66899,-65680,54-00,,,58,3,10563.0,95236.0,1,20-64,,,
LaMP HP whole wafer,3521,1642,-66899,-65680,54-00,,,58,4,14084.0,95236.0,1,21-60,,,
LaMP HP whole wafer,3521,1642,-66899,-65680,54-00,,,58,5,17605.0,95236.0,1,21-61,,,
LaMP HP whole wafer,3521,1642,-66899,-65680,54-00,,,58,6,21126.0,95236.0,1,21-62,,,
LaMP HP whole wafer,3521,1642,-66899,-65680,54-00,,,58,7,24647.0,95236.0,1,21-63,,,
LaMP HP whole wafer,3521,1642,-66899,-65680,54-00,,,58,8,28168.0,95236.0,1,21-64,,,
LaMP HP whole wafer,3521,1642,-66899,-65680,54-00,,,58,9,31689.0,95236.0,1,22-60,,,
LaMP HP whole wafer,3521,1642,-66899,-65680,54-00,,,58,10,35210.0,95236.0,1,22-61,,,
LaMP HP whole wafer,3521,1642,-66899,-65680,54-00,,,58,11,38731.0,95236.0,1,22-62,,,
LaMP HP whole wafer,3521,1642,-66899,-65680,54-00,,,58,12,42252.0,95236.0,1,22-63,,,
LaMP HP whole wafer,3521,1642,-66899,-65680,54-00,,,58,13,45773.0,95236.0,1,22-64,,,
LaMP HP whole wafer,3521,1642,-66899,-65680,54-00,,,58,14,49294.0,95236.0,1,23-60,,,
LaMP HP whole wafer,3521,1642,-66899,-65680,54-00,,,58,15,52815.0,95236.0,1,23-61,,,
LaMP HP whole wafer,3521,1642,-66899,-65680,54-00,,,58,16,56336.0,95236.0,1,23-62,,,
LaMP HP whole wafer,3521,1642,-66899,-65680,54-00,,,58,17,59857.0,95236.0,1,23-63,,,
LaMP HP whole wafer,3521,1642,-66899,-65680,54-00,,,58,18,63378.0,95236.0,1,23-64,,,
LaMP HP whole wafer,3521,1642,-66899,-65680,54-00,,,58,19,66899.0,95236.0,1,24-60,,,
LaMP HP whole wafer,3521,1642,-66899,-65680,54-00,,,58,20,70420.0,95236.0,1,24-61,,,
LaMP HP whole wafer,3521,1642,-66899,-65680,54-00,,,58,21,73941.0,95236.0,1,24-62,,,
LaMP HP whole wafer,3521,1642,-66899,-65680,54-00,,,58,22,77462.0,95236.0,1,24-63,,,
LaMP HP whole wafer,3521,1642,-66899,-65680,54-00,,,58,23,80983.0,95236.0,1,24-64,,,
LaMP HP whole wafer,3521,1642,-66899,-65680,54-00,,,58,24,84504.0,95236.0,1,25-60,,,
LaMP HP whole wafer,3521,1642,-66899,-65680,54-00,,,58,25,88025.0,95236.0,1,25-61,,,
LaMP HP whole wafer,3521,1642,-66899,-65680,54-00,,,58,26,91546.0,95236.0,1,25-62,,,
LaMP HP whole wafer,3521,1642,-66899,-65680,54-00,,,58,27,95067.0,95236.0,1,25-63,,,
LaMP HP whole wafer,3521,1642,-66899,-65680,54-00,,,58,28,98588.0,95236.0,1,25-64,,,
LaMP HP whole wafer,3521,1642,-66899,-65680,54-00,,,58,29,102109.0,95236.0,1,26-60,,,
LaMP HP whole wafer,3521,1642,-66899,-65680,54-00,,,58,30,105630.0,95236.0,1,26-61,,,
LaMP HP whole wafer,3521,1642,-66899,-65680,54-00,,,58,31,109151.0,95236.0,1,26-62,,,
LaMP HP whole wafer,3521,1642,-66899,-65680,54-00,,,58,32,112672.0,95236.0,1,26-63,,,
LaMP HP whole wafer,3521,1642,-66899,-65680,54-00,,,58,33,116193.0,95236.0,1,26-64,,,
LaMP HP whole wafer,3521,1642,-66899,-65680,54-00,,,58,34,119714.0,95236.0,1,27-60,,,
LaMP HP whole wafer,3521,1642,-66899,-65680,54-00,,,58,35,123235.0,95236.0,1,27-61,,,
LaMP HP whole wafer,3521,1642,-66899,-65680,54-00,,,59,2,7042.0,96878.0,1,20-53,,,
LaMP HP whole wafer,3521,1642,-66899,-65680,54-00,,,59,3,10563.0,96878.0,1,20-54,,,
LaMP HP whole wafer,3521,1642,-66899,-65680,54-00,,,59,4,14084.0,96878.0,1,21-50,,,
LaMP HP whole wafer,3521,1642,-66899,-65680,54-00,,,59,5,17605.0,96878.0,1,21-51,,,
LaMP HP whole wafer,3521,1642,-66899,-65680,54-00,,,59,6,21126.0,96878.0,1,21-52,,,
LaMP HP whole wafer,3521,1642,-66899,-65680,54-00,,,59,7,24647.0,96878.0,1,21-53,,,
LaMP HP whole wafer,3521,1642,-66899,-65680,54-00,,,59,8,28168.0,96878.0,1,21-54,,,
LaMP HP whole wafer,3521,1642,-66899,-65680,54-00,,,59,9,31689.0,96878.0,1,22-50,,,
LaMP HP whole wafer,3521,1642,-66899,-65680,54-00,,,59,10,35210.0,96878.0,1,22-51,,,
LaMP HP whole wafer,3521,1642,-66899,-65680,54-00,,,59,11,38731.0,96878.0,1,22-52,,,
LaMP HP whole wafer,3521,1642,-66899,-65680,54-00,,,59,12,42252.0,96878.0,1,22-53,,,
LaMP HP whole wafer,3521,1642,-66899,-65680,54-00,,,59,13,45773.0,96878.0,1,22-54,,,
LaMP HP whole wafer,3521,1642,-66899,-65680,54-00,,,59,14,49294.0,96878.0,1,23-50,,,
LaMP HP whole wafer,3521,1642,-66899,-65680,54-00,,,59,15,52815.0,96878.0,1,23-51,,,
LaMP HP whole wafer,3521,1642,-66899,-65680,54-00,,,59,16,56336.0,96878.0,1,23-52,,,
LaMP HP whole wafer,3521,1642,-66899,-65680,54-00,,,59,17,59857.0,96878.0,1,23-53,,,
LaMP HP whole wafer,3521,1642,-66899,-65680,54-00,,,59,18,63378.0,96878.0,1,23-54,,,
LaMP HP whole wafer,3521,1642,-66899,-65680,54-00,,,59,19,66899.0,96878.0,1,24-50,,,
LaMP HP whole wafer,3521,1642,-66899,-65680,54-00,,,59,20,70420.0,96878.0,1,24-51,,,
LaMP HP whole wafer,3521,1642,-66899,-65680,54-00,,,59,21,73941.0,96878.0,1,24-52,,,
LaMP HP whole wafer,3521,1642,-66899,-65680,54-00,,,59,22,77462.0,96878.0,1,24-53,,,
LaMP HP whole wafer,3521,1642,-66899,-65680,54-00,,,59,23,80983.0,96878.0,1,24-54,,,
LaMP HP whole wafer,3521,1642,-66899,-65680,54-00,,,59,24,84504.0,96878.0,1,25-50,,,
LaMP HP whole wafer,3521,1642,-66899,-65680,54-00,,,59,25,88025.0,96878.0,1,25-51,,,
LaMP HP whole wafer,3521,1642,-66899,-65680,54-00,,,59,26,91546.0,96878.0,1,25-52,,,
LaMP HP whole wafer,3521,1642,-66899,-65680,54-00,,,59,27,95067.0,96878.0,1,25-53,,,
LaMP HP whole wafer,3521,1642,-66899,-65680,54-00,,,59,28,98588.0,96878.0,1,25-54,,,
LaMP HP whole wafer,3521,1642,-66899,-65680,54-00,,,59,29,102109.0,96878.0,1,26-50,,,
LaMP HP whole wafer,3521,1642,-66899,-65680,54-00,,,59,30,105630.0,96878.0,1,26-51,,,
LaMP HP whole wafer,3521,1642,-66899,-65680,54-00,,,59,31,109151.0,96878.0,1,26-52,,,
LaMP HP whole wafer,3521,1642,-66899,-65680,54-00,,,59,32,112672.0,96878.0,1,26-53,,,
LaMP HP whole wafer,3521,1642,-66899,-65680,54-00,,,59,33,116193.0,96878.0,1,26-54,,,
LaMP HP whole wafer,3521,1642,-66899,-65680,54-00,,,59,34,119714.0,96878.0,1,27-50,,,
LaMP HP whole wafer,3521,1642,-66899,-65680,54-00,,,59,35,123235.0,96878.0,1,27-51,,,
LaMP HP whole wafer,3521,1642,-66899,-65680,54-00,,,60,3,10563.0,98520.0,1,20-44,,,
LaMP HP whole wafer,3521,1642,-66899,-65680,54-00,,,60,4,14084.0,98520.0,1,21-40,,,
LaMP HP whole wafer,3521,1642,-66899,-65680,54-00,,,60,5,17605.0,98520.0,1,21-41,,,
LaMP HP whole wafer,3521,1642,-66899,-65680,54-00,,,60,6,21126.0,98520.0,1,21-42,,,
LaMP HP whole wafer,3521,1642,-66899,-65680,54-00,,,60,7,24647.0,98520.0,1,21-43,,,
LaMP HP whole wafer,3521,1642,-66899,-65680,54-00,,,60,8,28168.0,98520.0,1,21-44,,,
LaMP HP whole wafer,3521,1642,-66899,-65680,54-00,,,60,9,31689.0,98520.0,1,22-40,,,
LaMP HP whole wafer,3521,1642,-66899,-65680,54-00,,,60,10,35210.0,98520.0,1,22-41,,,
LaMP HP whole wafer,3521,1642,-66899,-65680,54-00,,,60,11,38731.0,98520.0,1,22-42,,,
LaMP HP whole wafer,3521,1642,-66899,-65680,54-00,,,60,12,42252.0,98520.0,1,22-43,,,
LaMP HP whole wafer,3521,1642,-66899,-65680,54-00,,,60,13,45773.0,98520.0,1,22-44,,,
LaMP HP whole wafer,3521,1642,-66899,-65680,54-00,,,60,14,49294.0,98520.0,1,23-40,,,
LaMP HP whole wafer,3521,1642,-66899,-65680,54-00,,,60,15,52815.0,98520.0,1,23-41,,,
LaMP HP whole wafer,3521,1642,-66899,-65680,54-00,,,60,16,56336.0,98520.0,1,23-42,,,
LaMP HP whole wafer,3521,1642,-66899,-65680,54-00,,,60,17,59857.0,98520.0,1,23-43,,,
LaMP HP whole wafer,3521,1642,-66899,-65680,54-00,,,60,18,63378.0,98520.0,1,23-44,,,
LaMP HP whole wafer,3521,1642,-66899,-65680,54-00,,,60,19,66899.0,98520.0,1,24-40,,,
LaMP HP whole wafer,3521,1642,-66899,-65680,54-00,,,60,20,70420.0,98520.0,1,24-41,,,
LaMP HP whole wafer,3521,1642,-66899,-65680,54-00,,,60,21,73941.0,98520.0,1,24-42,,,
LaMP HP whole wafer,3521,1642,-66899,-65680,54-00,,,60,22,77462.0,98520.0,1,24-43,,,
LaMP HP whole wafer,3521,1642,-66899,-65680,54-00,,,60,23,80983.0,98520.0,1,24-44,,,
LaMP HP whole wafer,3521,1642,-66899,-65680,54-00,,,60,24,84504.0,98520.0,1,25-40,,,
LaMP HP whole wafer,3521,1642,-66899,-65680,54-00,,,60,25,88025.0,98520.0,1,25-41,,,
LaMP HP whole wafer,3521,1642,-66899,-65680,54-00,,,60,26,91546.0,98520.0,1,25-42,,,
LaMP HP whole wafer,3521,1642,-66899,-65680,54-00,,,60,27,95067.0,98520.0,1,25-43,,,
LaMP HP whole wafer,3521,1642,-66899,-65680,54-00,,,60,28,98588.0,98520.0,1,25-44,,,
LaMP HP whole wafer,3521,1642,-66899,-65680,54-00,,,60,29,102109.0,98520.0,1,26-40,,,
LaMP HP whole wafer,3521,1642,-66899,-65680,54-00,,,60,30,105630.0,98520.0,1,26-41,,,
LaMP HP whole wafer,3521,1642,-66899,-65680,54-00,,,60,31,109151.0,98520.0,1,26-42,,,
LaMP HP whole wafer,3521,1642,-66899,-65680,54-00,,,60,32,112672.0,98520.0,1,26-43,,,
LaMP HP whole wafer,3521,1642,-66899,-65680,54-00,,,60,33,116193.0,98520.0,1,26-44,,,
LaMP HP whole wafer,3521,1642,-66899,-65680,54-00,,,60,34,119714.0,98520.0,1,27-40,,,
LaMP HP whole wafer,3521,1642,-66899,-65680,54-00,,,61,3,10563.0,100162.0,1,20-34,,,
LaMP HP whole wafer,3521,1642,-66899,-65680,54-00,,,61,4,14084.0,100162.0,1,21-30,,,
LaMP HP whole wafer,3521,1642,-66899,-65680,54-00,,,61,5,17605.0,100162.0,1,21-31,,,
LaMP HP whole wafer,3521,1642,-66899,-65680,54-00,,,61,6,21126.0,100162.0,1,21-32,,,
LaMP HP whole wafer,3521,1642,-66899,-65680,54-00,,,61,7,24647.0,100162.0,1,21-33,,,
LaMP HP whole wafer,3521,1642,-66899,-65680,54-00,,,61,8,28168.0,100162.0,1,21-34,,,
LaMP HP whole wafer,3521,1642,-66899,-65680,54-00,,,61,9,31689.0,100162.0,1,22-30,,,
LaMP HP whole wafer,3521,1642,-66899,-65680,54-00,,,61,10,35210.0,100162.0,1,22-31,,,
LaMP HP whole wafer,3521,1642,-66899,-65680,54-00,,,61,11,38731.0,100162.0,1,22-32,,,
LaMP HP whole wafer,3521,1642,-66899,-65680,54-00,,,61,12,42252.0,100162.0,1,22-33,,,
LaMP HP whole wafer,3521,1642,-66899,-65680,54-00,,,61,13,45773.0,100162.0,1,22-34,,,
LaMP HP whole wafer,3521,1642,-66899,-65680,54-00,,,61,14,49294.0,100162.0,1,23-30,,,
LaMP HP whole wafer,3521,1642,-66899,-65680,54-00,,,61,15,52815.0,100162.0,1,23-31,,,
LaMP HP whole wafer,3521,1642,-66899,-65680,54-00,,,61,16,56336.0,100162.0,1,23-32,,,
LaMP HP whole wafer,3521,1642,-66899,-65680,54-00,,,61,17,59857.0,100162.0,1,23-33,,,
LaMP HP whole wafer,3521,1642,-66899,-65680,54-00,,,61,18,63378.0,100162.0,1,23-34,,,
LaMP HP whole wafer,3521,1642,-66899,-65680,54-00,,,61,19,66899.0,100162.0,1,24-30,,,
LaMP HP whole wafer,3521,1642,-66899,-65680,54-00,,,61,20,70420.0,100162.0,1,24-31,,,
LaMP HP whole wafer,3521,1642,-66899,-65680,54-00,,,61,21,73941.0,100162.0,1,24-32,,,
LaMP HP whole wafer,3521,1642,-66899,-65680,54-00,,,61,22,77462.0,100162.0,1,24-33,,,
LaMP HP whole wafer,3521,1642,-66899,-65680,54-00,,,61,23,80983.0,100162.0,1,24-34,,,
LaMP HP whole wafer,3521,1642,-66899,-65680,54-00,,,61,24,84504.0,100162.0,1,25-30,,,
LaMP HP whole wafer,3521,1642,-66899,-65680,54-00,,,61,25,88025.0,100162.0,1,25-31,,,
LaMP HP whole wafer,3521,1642,-66899,-65680,54-00,,,61,26,91546.0,100162.0,1,25-32,,,
LaMP HP whole wafer,3521,1642,-66899,-65680,54-00,,,61,27,95067.0,100162.0,1,25-33,,,
LaMP HP whole wafer,3521,1642,-66899,-65680,54-00,,,61,28,98588.0,100162.0,1,25-34,,,
LaMP HP whole wafer,3521,1642,-66899,-65680,54-00,,,61,29,102109.0,100162.0,1,26-30,,,
LaMP HP whole wafer,3521,1642,-66899,-65680,54-00,,,61,30,105630.0,100162.0,1,26-31,,,
LaMP HP whole wafer,3521,1642,-66899,-65680,54-00,,,61,31,109151.0,100162.0,1,26-32,,,
LaMP HP whole wafer,3521,1642,-66899,-65680,54-00,,,61,32,112672.0,100162.0,1,26-33,,,
LaMP HP whole wafer,3521,1642,-66899,-65680,54-00,,,61,33,116193.0,100162.0,1,26-34,,,
LaMP HP whole wafer,3521,1642,-66899,-65680,54-00,,,61,34,119714.0,100162.0,1,27-30,,,
LaMP HP whole wafer,3521,1642,-66899,-65680,54-00,,,62,3,10563.0,101804.0,1,20-24,,,
LaMP HP whole wafer,3521,1642,-66899,-65680,54-00,,,62,4,14084.0,101804.0,1,21-20,,,
LaMP HP whole wafer,3521,1642,-66899,-65680,54-00,,,62,5,17605.0,101804.0,1,21-21,,,
LaMP HP whole wafer,3521,1642,-66899,-65680,54-00,,,62,6,21126.0,101804.0,1,21-22,,,
LaMP HP whole wafer,3521,1642,-66899,-65680,54-00,,,62,7,24647.0,101804.0,1,21-23,,,
LaMP HP whole wafer,3521,1642,-66899,-65680,54-00,,,62,8,28168.0,101804.0,1,21-24,,,
LaMP HP whole wafer,3521,1642,-66899,-65680,54-00,,,62,9,31689.0,101804.0,1,22-20,,,
LaMP HP whole wafer,3521,1642,-66899,-65680,54-00,,,62,10,35210.0,101804.0,1,22-21,,,
LaMP HP whole wafer,3521,1642,-66899,-65680,54-00,,,62,11,38731.0,101804.0,1,22-22,,,
LaMP HP whole wafer,3521,1642,-66899,-65680,54-00,,,62,12,42252.0,101804.0,1,22-23,,,
LaMP HP whole wafer,3521,1642,-66899,-65680,54-00,,,62,13,45773.0,101804.0,1,22-24,,,
LaMP HP whole wafer,3521,1642,-66899,-65680,54-00,,,62,14,49294.0,101804.0,1,23-20,,,
LaMP HP whole wafer,3521,1642,-66899,-65680,54-00,,,62,15,52815.0,101804.0,1,23-21,,,
LaMP HP whole wafer,3521,1642,-66899,-65680,54-00,,,62,16,56336.0,101804.0,1,23-22,,,
LaMP HP whole wafer,3521,1642,-66899,-65680,54-00,,,62,17,59857.0,101804.0,1,23-23,,,
LaMP HP whole wafer,3521,1642,-66899,-65680,54-00,,,62,18,63378.0,101804.0,1,23-24,,,
LaMP HP whole wafer,3521,1642,-66899,-65680,54-00,,,62,19,66899.0,101804.0,1,24-20,,,
LaMP HP whole wafer,3521,1642,-66899,-65680,54-00,,,62,20,70420.0,101804.0,1,24-21,,,
LaMP HP whole wafer,3521,1642,-66899,-65680,54-00,,,62,21,73941.0,101804.0,1,24-22,,,
LaMP HP whole wafer,3521,1642,-66899,-65680,54-00,,,62,22,77462.0,101804.0,1,24-23,,,
LaMP HP whole wafer,3521,1642,-66899,-65680,54-00,,,62,23,80983.0,101804.0,1,24-24,,,
LaMP HP whole wafer,3521,1642,-66899,-65680,54-00,,,62,24,84504.0,101804.0,1,25-20,,,
LaMP HP whole wafer,3521,1642,-66899,-65680,54-00,,,62,25,88025.0,101804.0,1,25-21,,,
LaMP HP whole wafer,3521,1642,-66899,-65680,54-00,,,62,26,91546.0,101804.0,1,25-22,,,
LaMP HP whole wafer,3521,1642,-66899,-65680,54-00,,,62,27,95067.0,101804.0,1,25-23,,,
LaMP HP whole wafer,3521,1642,-66899,-65680,54-00,,,62,28,98588.0,101804.0,1,25-24,,,
LaMP HP whole wafer,3521,1642,-66899,-65680,54-00,,,62,29,102109.0,101804.0,1,26-20,,,
LaMP HP whole wafer,3521,1642,-66899,-65680,54-00,,,62,30,105630.0,101804.0,1,26-21,,,
LaMP HP whole wafer,3521,1642,-66899,-65680,54-00,,,62,31,109151.0,101804.0,1,26-22,,,
LaMP HP whole wafer,3521,1642,-66899,-65680,54-00,,,62,32,112672.0,101804.0,1,26-23,,,
LaMP HP whole wafer,3521,1642,-66899,-65680,54-00,,,62,33,116193.0,101804.0,1,26-24,,,
LaMP HP whole wafer,3521,1642,-66899,-65680,54-00,,,62,34,119714.0,101804.0,1,27-20,,,
LaMP HP whole wafer,3521,1642,-66899,-65680,54-00,,,63,3,10563.0,103446.0,1,20-14,,,
LaMP HP whole wafer,3521,1642,-66899,-65680,54-00,,,63,4,14084.0,103446.0,1,21-10,,,
LaMP HP whole wafer,3521,1642,-66899,-65680,54-00,,,63,5,17605.0,103446.0,1,21-11,,,
LaMP HP whole wafer,3521,1642,-66899,-65680,54-00,,,63,6,21126.0,103446.0,1,21-12,,,
LaMP HP whole wafer,3521,1642,-66899,-65680,54-00,,,63,7,24647.0,103446.0,1,21-13,,,
LaMP HP whole wafer,3521,1642,-66899,-65680,54-00,,,63,8,28168.0,103446.0,1,21-14,,,
LaMP HP whole wafer,3521,1642,-66899,-65680,54-00,,,63,9,31689.0,103446.0,1,22-10,,,
LaMP HP whole wafer,3521,1642,-66899,-65680,54-00,,,63,10,35210.0,103446.0,1,22-11,,,
LaMP HP whole wafer,3521,1642,-66899,-65680,54-00,,,63,11,38731.0,103446.0,1,22-12,,,
LaMP HP whole wafer,3521,1642,-66899,-65680,54-00,,,63,12,42252.0,103446.0,1,22-13,,,
LaMP HP whole wafer,3521,1642,-66899,-65680,54-00,,,63,13,45773.0,103446.0,1,22-14,,,
LaMP HP whole wafer,3521,1642,-66899,-65680,54-00,,,63,14,49294.0,103446.0,1,23-10,,,
LaMP HP whole wafer,3521,1642,-66899,-65680,54-00,,,63,15,52815.0,103446.0,1,23-11,,,
LaMP HP whole wafer,3521,1642,-66899,-65680,54-00,,,63,16,56336.0,103446.0,1,23-12,,,
LaMP HP whole wafer,3521,1642,-66899,-65680,54-00,,,63,17,59857.0,103446.0,1,23-13,,,
LaMP HP whole wafer,3521,1642,-66899,-65680,54-00,,,63,18,63378.0,103446.0,1,23-14,,,
LaMP HP whole wafer,3521,1642,-66899,-65680,54-00,,,63,19,66899.0,103446.0,1,24-10,,,
LaMP HP whole wafer,3521,1642,-66899,-65680,54-00,,,63,20,70420.0,103446.0,1,24-11,,,
LaMP HP whole wafer,3521,1642,-66899,-65680,54-00,,,63,21,73941.0,103446.0,1,24-12,,,
LaMP HP whole wafer,3521,1642,-66899,-65680,54-00,,,63,22,77462.0,103446.0,1,24-13,,,
LaMP HP whole wafer,3521,1642,-66899,-65680,54-00,,,63,23,80983.0,103446.0,1,24-14,,,
LaMP HP whole wafer,3521,1642,-66899,-65680,54-00,,,63,24,84504.0,103446.0,1,25-10,,,
LaMP HP whole wafer,3521,1642,-66899,-65680,54-00,,,63,25,88025.0,103446.0,1,25-11,,,
LaMP HP whole wafer,3521,1642,-66899,-65680,54-00,,,63,26,91546.0,103446.0,1,25-12,,,
LaMP HP whole wafer,3521,1642,-66899,-65680,54-00,,,63,27,95067.0,103446.0,1,25-13,,,
LaMP HP whole wafer,3521,1642,-66899,-65680,54-00,,,63,28,98588.0,103446.0,1,25-14,,,
LaMP HP whole wafer,3521,1642,-66899,-65680,54-00,,,63,29,102109.0,103446.0,1,26-10,,,
LaMP HP whole wafer,3521,1642,-66899,-65680,54-00,,,63,30,105630.0,103446.0,1,26-11,,,
LaMP HP whole wafer,3521,1642,-66899,-65680,54-00,,,63,31,109151.0,103446.0,1,26-12,,,
LaMP HP whole wafer,3521,1642,-66899,-65680,54-00,,,63,32,112672.0,103446.0,1,26-13,,,
LaMP HP whole wafer,3521,1642,-66899,-65680,54-00,,,63,33,116193.0,103446.0,1,26-14,,,
LaMP HP whole wafer,3521,1642,-66899,-65680,54-00,,,63,34,119714.0,103446.0,1,27-10,,,
LaMP HP whole wafer,3521,1642,-66899,-65680,54-00,,,64,4,14084.0,105088.0,1,21-00,,,
LaMP HP whole wafer,3521,1642,-66899,-65680,54-00,,,64,5,17605.0,105088.0,1,21-01,,,
LaMP HP whole wafer,3521,1642,-66899,-65680,54-00,,,64,6,21126.0,105088.0,1,21-02,,,
LaMP HP whole wafer,3521,1642,-66899,-65680,54-00,,,64,7,24647.0,105088.0,1,21-03,,,
LaMP HP whole wafer,3521,1642,-66899,-65680,54-00,,,64,8,28168.0,105088.0,1,21-04,,,
LaMP HP whole wafer,3521,1642,-66899,-65680,54-00,,,64,9,31689.0,105088.0,1,22-00,,,
LaMP HP whole wafer,3521,1642,-66899,-65680,54-00,,,64,10,35210.0,105088.0,1,22-01,,,
LaMP HP whole wafer,3521,1642,-66899,-65680,54-00,,,64,11,38731.0,105088.0,1,22-02,,,
LaMP HP whole wafer,3521,1642,-66899,-65680,54-00,,,64,12,42252.0,105088.0,1,22-03,,,
LaMP HP whole wafer,3521,1642,-66899,-65680,54-00,,,64,13,45773.0,105088.0,1,22-04,,,
LaMP HP whole wafer,3521,1642,-66899,-65680,54-00,,,64,14,49294.0,105088.0,1,23-00,,,
LaMP HP whole wafer,3521,1642,-66899,-65680,54-00,,,64,15,52815.0,105088.0,1,23-01,,,
LaMP HP whole wafer,3521,1642,-66899,-65680,54-00,,,64,16,56336.0,105088.0,1,23-02,,,
LaMP HP whole wafer,3521,1642,-66899,-65680,54-00,,,64,17,59857.0,105088.0,1,23-03,,,
LaMP HP whole wafer,3521,1642,-66899,-65680,54-00,,,64,18,63378.0,105088.0,1,23-04,,,
LaMP HP whole wafer,3521,1642,-66899,-65680,54-00,,,64,19,66899.0,105088.0,1,24-00,,,
LaMP HP whole wafer,3521,1642,-66899,-65680,54-00,,,64,20,70420.0,105088.0,1,24-01,,,
LaMP HP whole wafer,3521,1642,-66899,-65680,54-00,,,64,21,73941.0,105088.0,1,24-02,,,
LaMP HP whole wafer,3521,1642,-66899,-65680,54-00,,,64,22,77462.0,105088.0,1,24-03,,,
LaMP HP whole wafer,3521,1642,-66899,-65680,54-00,,,64,23,80983.0,105088.0,1,24-04,,,
LaMP HP whole wafer,3521,1642,-66899,-65680,54-00,,,64,24,84504.0,105088.0,1,25-00,,,
LaMP HP whole wafer,3521,1642,-66899,-65680,54-00,,,64,25,88025.0,105088.0,1,25-01,,,
LaMP HP whole wafer,3521,1642,-66899,-65680,54-00,,,64,26,91546.0,105088.0,1,25-02,,,
LaMP HP whole wafer,3521,1642,-66899,-65680,54-00,,,64,27,95067.0,105088.0,1,25-03,,,
LaMP HP whole wafer,3521,1642,-66899,-65680,54-00,,,64,28,98588.0,105088.0,1,25-04,,,
LaMP HP whole wafer,3521,1642,-66899,-65680,54-00,,,64,29,102109.0,105088.0,1,26-00,,,
LaMP HP whole wafer,3521,1642,-66899,-65680,54-00,,,64,30,105630.0,105088.0,1,26-01,,,
LaMP HP whole wafer,3521,1642,-66899,-65680,54-00,,,64,31,109151.0,105088.0,1,26-02,,,
LaMP HP whole wafer,3521,1642,-66899,-65680,54-00,,,64,32,112672.0,105088.0,1,26-03,,,
LaMP HP whole wafer,3521,1642,-66899,-65680,54-00,,,64,33,116193.0,105088.0,1,26-04,,,
LaMP HP whole wafer,3521,1642,-66899,-65680,54-00,,,65,4,14084.0,106730.0,1,11-70,,,
LaMP HP whole wafer,3521,1642,-66899,-65680,54-00,,,65,5,17605.0,106730.0,1,11-71,,,
LaMP HP whole wafer,3521,1642,-66899,-65680,54-00,,,65,6,21126.0,106730.0,1,11-72,,,
LaMP HP whole wafer,3521,1642,-66899,-65680,54-00,,,65,7,24647.0,106730.0,1,11-73,,,
LaMP HP whole wafer,3521,1642,-66899,-65680,54-00,,,65,8,28168.0,106730.0,1,11-74,,,
LaMP HP whole wafer,3521,1642,-66899,-65680,54-00,,,65,9,31689.0,106730.0,1,12-70,,,
LaMP HP whole wafer,3521,1642,-66899,-65680,54-00,,,65,10,35210.0,106730.0,1,12-71,,,
LaMP HP whole wafer,3521,1642,-66899,-65680,54-00,,,65,11,38731.0,106730.0,1,12-72,,,
LaMP HP whole wafer,3521,1642,-66899,-65680,54-00,,,65,12,42252.0,106730.0,1,12-73,,,
LaMP HP whole wafer,3521,1642,-66899,-65680,54-00,,,65,13,45773.0,106730.0,1,12-74,,,
LaMP HP whole wafer,3521,1642,-66899,-65680,54-00,,,65,14,49294.0,106730.0,1,13-70,,,
LaMP HP whole wafer,3521,1642,-66899,-65680,54-00,,,65,15,52815.0,106730.0,1,13-71,,,
LaMP HP whole wafer,3521,1642,-66899,-65680,54-00,,,65,16,56336.0,106730.0,1,13-72,,,
LaMP HP whole wafer,3521,1642,-66899,-65680,54-00,,,65,17,59857.0,106730.0,1,13-73,,,
LaMP HP whole wafer,3521,1642,-66899,-65680,54-00,,,65,18,63378.0,106730.0,1,13-74,,,
LaMP HP whole wafer,3521,1642,-66899,-65680,54-00,,,65,19,66899.0,106730.0,1,14-70,,,
LaMP HP whole wafer,3521,1642,-66899,-65680,54-00,,,65,20,70420.0,106730.0,1,14-71,,,
LaMP HP whole wafer,3521,1642,-66899,-65680,54-00,,,65,21,73941.0,106730.0,1,14-72,,,
LaMP HP whole wafer,3521,1642,-66899,-65680,54-00,,,65,22,77462.0,106730.0,1,14-73,,,
LaMP HP whole wafer,3521,1642,-66899,-65680,54-00,,,65,23,80983.0,106730.0,1,14-74,,,
LaMP HP whole wafer,3521,1642,-66899,-65680,54-00,,,65,24,84504.0,106730.0,1,15-70,,,
LaMP HP whole wafer,3521,1642,-66899,-65680,54-00,,,65,25,88025.0,106730.0,1,15-71,,,
LaMP HP whole wafer,3521,1642,-66899,-65680,54-00,,,65,26,91546.0,106730.0,1,15-72,,,
LaMP HP whole wafer,3521,1642,-66899,-65680,54-00,,,65,27,95067.0,106730.0,1,15-73,,,
LaMP HP whole wafer,3521,1642,-66899,-65680,54-00,,,65,28,98588.0,106730.0,1,15-74,,,
LaMP HP whole wafer,3521,1642,-66899,-65680,54-00,,,65,29,102109.0,106730.0,1,16-70,,,
LaMP HP whole wafer,3521,1642,-66899,-65680,54-00,,,65,30,105630.0,106730.0,1,16-71,,,
LaMP HP whole wafer,3521,1642,-66899,-65680,54-00,,,65,31,109151.0,106730.0,1,16-72,,,
LaMP HP whole wafer,3521,1642,-66899,-65680,54-00,,,65,32,112672.0,106730.0,1,16-73,,,
LaMP HP whole wafer,3521,1642,-66899,-65680,54-00,,,65,33,116193.0,106730.0,1,16-74,,,
LaMP HP whole wafer,3521,1642,-66899,-65680,54-00,,,66,5,17605.0,108372.0,1,11-61,,,
LaMP HP whole wafer,3521,1642,-66899,-65680,54-00,,,66,6,21126.0,108372.0,1,11-62,,,
LaMP HP whole wafer,3521,1642,-66899,-65680,54-00,,,66,7,24647.0,108372.0,1,11-63,,,
LaMP HP whole wafer,3521,1642,-66899,-65680,54-00,,,66,8,28168.0,108372.0,1,11-64,,,
LaMP HP whole wafer,3521,1642,-66899,-65680,54-00,,,66,9,31689.0,108372.0,1,12-60,,,
LaMP HP whole wafer,3521,1642,-66899,-65680,54-00,,,66,10,35210.0,108372.0,1,12-61,,,
LaMP HP whole wafer,3521,1642,-66899,-65680,54-00,,,66,11,38731.0,108372.0,1,12-62,,,
LaMP HP whole wafer,3521,1642,-66899,-65680,54-00,,,66,12,42252.0,108372.0,1,12-63,,,
LaMP HP whole wafer,3521,1642,-66899,-65680,54-00,,,66,13,45773.0,108372.0,1,12-64,,,
LaMP HP whole wafer,3521,1642,-66899,-65680,54-00,,,66,14,49294.0,108372.0,1,13-60,,,
LaMP HP whole wafer,3521,1642,-66899,-65680,54-00,,,66,15,52815.0,108372.0,1,13-61,,,
LaMP HP whole wafer,3521,1642,-66899,-65680,54-00,,,66,16,56336.0,108372.0,1,13-62,,,
LaMP HP whole wafer,3521,1642,-66899,-65680,54-00,,,66,17,59857.0,108372.0,1,13-63,,,
LaMP HP whole wafer,3521,1642,-66899,-65680,54-00,,,66,18,63378.0,108372.0,1,13-64,,,
LaMP HP whole wafer,3521,1642,-66899,-65680,54-00,,,66,19,66899.0,108372.0,1,14-60,,,
LaMP HP whole wafer,3521,1642,-66899,-65680,54-00,,,66,20,70420.0,108372.0,1,14-61,,,
LaMP HP whole wafer,3521,1642,-66899,-65680,54-00,,,66,21,73941.0,108372.0,1,14-62,,,
LaMP HP whole wafer,3521,1642,-66899,-65680,54-00,,,66,22,77462.0,108372.0,1,14-63,,,
LaMP HP whole wafer,3521,1642,-66899,-65680,54-00,,,66,23,80983.0,108372.0,1,14-64,,,
LaMP HP whole wafer,3521,1642,-66899,-65680,54-00,,,66,24,84504.0,108372.0,1,15-60,,,
LaMP HP whole wafer,3521,1642,-66899,-65680,54-00,,,66,25,88025.0,108372.0,1,15-61,,,
LaMP HP whole wafer,3521,1642,-66899,-65680,54-00,,,66,26,91546.0,108372.0,1,15-62,,,
LaMP HP whole wafer,3521,1642,-66899,-65680,54-00,,,66,27,95067.0,108372.0,1,15-63,,,
LaMP HP whole wafer,3521,1642,-66899,-65680,54-00,,,66,28,98588.0,108372.0,1,15-64,,,
LaMP HP whole wafer,3521,1642,-66899,-65680,54-00,,,66,29,102109.0,108372.0,1,16-60,,,
LaMP HP whole wafer,3521,1642,-66899,-65680,54-00,,,66,30,105630.0,108372.0,1,16-61,,,
LaMP HP whole wafer,3521,1642,-66899,-65680,54-00,,,66,31,109151.0,108372.0,1,16-62,,,
LaMP HP whole wafer,3521,1642,-66899,-65680,54-00,,,66,32,112672.0,108372.0,1,16-63,,,
LaMP HP whole wafer,3521,1642,-66899,-65680,54-00,,,67,5,17605.0,110014.0,1,11-51,,,
LaMP HP whole wafer,3521,1642,-66899,-65680,54-00,,,67,6,21126.0,110014.0,1,11-52,,,
LaMP HP whole wafer,3521,1642,-66899,-65680,54-00,,,67,7,24647.0,110014.0,1,11-53,,,
LaMP HP whole wafer,3521,1642,-66899,-65680,54-00,,,67,8,28168.0,110014.0,1,11-54,,,
LaMP HP whole wafer,3521,1642,-66899,-65680,54-00,,,67,9,31689.0,110014.0,1,12-50,,,
LaMP HP whole wafer,3521,1642,-66899,-65680,54-00,,,67,10,35210.0,110014.0,1,12-51,,,
LaMP HP whole wafer,3521,1642,-66899,-65680,54-00,,,67,11,38731.0,110014.0,1,12-52,,,
LaMP HP whole wafer,3521,1642,-66899,-65680,54-00,,,67,12,42252.0,110014.0,1,12-53,,,
LaMP HP whole wafer,3521,1642,-66899,-65680,54-00,,,67,13,45773.0,110014.0,1,12-54,,,
LaMP HP whole wafer,3521,1642,-66899,-65680,54-00,,,67,14,49294.0,110014.0,1,13-50,,,
LaMP HP whole wafer,3521,1642,-66899,-65680,54-00,,,67,15,52815.0,110014.0,1,13-51,,,
LaMP HP whole wafer,3521,1642,-66899,-65680,54-00,,,67,16,56336.0,110014.0,1,13-52,,,
LaMP HP whole wafer,3521,1642,-66899,-65680,54-00,,,67,17,59857.0,110014.0,1,13-53,,,
LaMP HP whole wafer,3521,1642,-66899,-65680,54-00,,,67,18,63378.0,110014.0,1,13-54,,,
LaMP HP whole wafer,3521,1642,-66899,-65680,54-00,,,67,19,66899.0,110014.0,1,14-50,,,
LaMP HP whole wafer,3521,1642,-66899,-65680,54-00,,,67,20,70420.0,110014.0,1,14-51,,,
LaMP HP whole wafer,3521,1642,-66899,-65680,54-00,,,67,21,73941.0,110014.0,1,14-52,,,
LaMP HP whole wafer,3521,1642,-66899,-65680,54-00,,,67,22,77462.0,110014.0,1,14-53,,,
LaMP HP whole wafer,3521,1642,-66899,-65680,54-00,,,67,23,80983.0,110014.0,1,14-54,,,
LaMP HP whole wafer,3521,1642,-66899,-65680,54-00,,,67,24,84504.0,110014.0,1,15-50,,,
LaMP HP whole wafer,3521,1642,-66899,-65680,54-00,,,67,25,88025.0,110014.0,1,15-51,,,
LaMP HP whole wafer,3521,1642,-66899,-65680,54-00,,,67,26,91546.0,110014.0,1,15-52,,,
LaMP HP whole wafer,3521,1642,-66899,-65680,54-00,,,67,27,95067.0,110014.0,1,15-53,,,
LaMP HP whole wafer,3521,1642,-66899,-65680,54-00,,,67,28,98588.0,110014.0,1,15-54,,,
LaMP HP whole wafer,3521,1642,-66899,-65680,54-00,,,67,29,102109.0,110014.0,1,16-50,,,
LaMP HP whole wafer,3521,1642,-66899,-65680,54-00,,,67,30,105630.0,110014.0,1,16-51,,,
LaMP HP whole wafer,3521,1642,-66899,-65680,54-00,,,67,31,109151.0,110014.0,1,16-52,,,
LaMP HP whole wafer,3521,1642,-66899,-65680,54-00,,,67,32,112672.0,110014.0,1,16-53,,,
LaMP HP whole wafer,3521,1642,-66899,-65680,54-00,,,68,5,17605.0,111656.0,1,11-41,,,
LaMP HP whole wafer,3521,1642,-66899,-65680,54-00,,,68,6,21126.0,111656.0,1,11-42,,,
LaMP HP whole wafer,3521,1642,-66899,-65680,54-00,,,68,7,24647.0,111656.0,1,11-43,,,
LaMP HP whole wafer,3521,1642,-66899,-65680,54-00,,,68,8,28168.0,111656.0,1,11-44,,,
LaMP HP whole wafer,3521,1642,-66899,-65680,54-00,,,68,9,31689.0,111656.0,1,12-40,,,
LaMP HP whole wafer,3521,1642,-66899,-65680,54-00,,,68,10,35210.0,111656.0,1,12-41,,,
LaMP HP whole wafer,3521,1642,-66899,-65680,54-00,,,68,11,38731.0,111656.0,1,12-42,,,
LaMP HP whole wafer,3521,1642,-66899,-65680,54-00,,,68,12,42252.0,111656.0,1,12-43,,,
LaMP HP whole wafer,3521,1642,-66899,-65680,54-00,,,68,13,45773.0,111656.0,1,12-44,,,
LaMP HP whole wafer,3521,1642,-66899,-65680,54-00,,,68,14,49294.0,111656.0,1,13-40,,,
LaMP HP whole wafer,3521,1642,-66899,-65680,54-00,,,68,15,52815.0,111656.0,1,13-41,,,
LaMP HP whole wafer,3521,1642,-66899,-65680,54-00,,,68,16,56336.0,111656.0,1,13-42,,,
LaMP HP whole wafer,3521,1642,-66899,-65680,54-00,,,68,17,59857.0,111656.0,1,13-43,,,
LaMP HP whole wafer,3521,1642,-66899,-65680,54-00,,,68,18,63378.0,111656.0,1,13-44,,,
LaMP HP whole wafer,3521,1642,-66899,-65680,54-00,,,68,19,66899.0,111656.0,1,14-40,,,
LaMP HP whole wafer,3521,1642,-66899,-65680,54-00,,,68,20,70420.0,111656.0,1,14-41,,,
LaMP HP whole wafer,3521,1642,-66899,-65680,54-00,,,68,21,73941.0,111656.0,1,14-42,,,
LaMP HP whole wafer,3521,1642,-66899,-65680,54-00,,,68,22,77462.0,111656.0,1,14-43,,,
LaMP HP whole wafer,3521,1642,-66899,-65680,54-00,,,68,23,80983.0,111656.0,1,14-44,,,
LaMP HP whole wafer,3521,1642,-66899,-65680,54-00,,,68,24,84504.0,111656.0,1,15-40,,,
LaMP HP whole wafer,3521,1642,-66899,-65680,54-00,,,68,25,88025.0,111656.0,1,15-41,,,
LaMP HP whole wafer,3521,1642,-66899,-65680,54-00,,,68,26,91546.0,111656.0,1,15-42,,,
LaMP HP whole wafer,3521,1642,-66899,-65680,54-00,,,68,27,95067.0,111656.0,1,15-43,,,
LaMP HP whole wafer,3521,1642,-66899,-65680,54-00,,,68,28,98588.0,111656.0,1,15-44,,,
LaMP HP whole wafer,3521,1642,-66899,-65680,54-00,,,68,29,102109.0,111656.0,1,16-40,,,
LaMP HP whole wafer,3521,1642,-66899,-65680,54-00,,,68,30,105630.0,111656.0,1,16-41,,,
LaMP HP whole wafer,3521,1642,-66899,-65680,54-00,,,68,31,109151.0,111656.0,1,16-42,,,
LaMP HP whole wafer,3521,1642,-66899,-65680,54-00,,,68,32,112672.0,111656.0,1,16-43,,,
LaMP HP whole wafer,3521,1642,-66899,-65680,54-00,,,69,6,21126.0,113298.0,1,11-32,,,
LaMP HP whole wafer,3521,1642,-66899,-65680,54-00,,,69,7,24647.0,113298.0,1,11-33,,,
LaMP HP whole wafer,3521,1642,-66899,-65680,54-00,,,69,8,28168.0,113298.0,1,11-34,,,
LaMP HP whole wafer,3521,1642,-66899,-65680,54-00,,,69,9,31689.0,113298.0,1,12-30,,,
LaMP HP whole wafer,3521,1642,-66899,-65680,54-00,,,69,10,35210.0,113298.0,1,12-31,,,
LaMP HP whole wafer,3521,1642,-66899,-65680,54-00,,,69,11,38731.0,113298.0,1,12-32,,,
LaMP HP whole wafer,3521,1642,-66899,-65680,54-00,,,69,12,42252.0,113298.0,1,12-33,,,
LaMP HP whole wafer,3521,1642,-66899,-65680,54-00,,,69,13,45773.0,113298.0,1,12-34,,,
LaMP HP whole wafer,3521,1642,-66899,-65680,54-00,,,69,14,49294.0,113298.0,1,13-30,,,
LaMP HP whole wafer,3521,1642,-66899,-65680,54-00,,,69,15,52815.0,113298.0,1,13-31,,,
LaMP HP whole wafer,3521,1642,-66899,-65680,54-00,,,69,16,56336.0,113298.0,1,13-32,,,
LaMP HP whole wafer,3521,1642,-66899,-65680,54-00,,,69,17,59857.0,113298.0,1,13-33,,,
LaMP HP whole wafer,3521,1642,-66899,-65680,54-00,,,69,18,63378.0,113298.0,1,13-34,,,
LaMP HP whole wafer,3521,1642,-66899,-65680,54-00,,,69,19,66899.0,113298.0,1,14-30,,,
LaMP HP whole wafer,3521,1642,-66899,-65680,54-00,,,69,20,70420.0,113298.0,1,14-31,,,
LaMP HP whole wafer,3521,1642,-66899,-65680,54-00,,,69,21,73941.0,113298.0,1,14-32,,,
LaMP HP whole wafer,3521,1642,-66899,-65680,54-00,,,69,22,77462.0,113298.0,1,14-33,,,
LaMP HP whole wafer,3521,1642,-66899,-65680,54-00,,,69,23,80983.0,113298.0,1,14-34,,,
LaMP HP whole wafer,3521,1642,-66899,-65680,54-00,,,69,24,84504.0,113298.0,1,15-30,,,
LaMP HP whole wafer,3521,1642,-66899,-65680,54-00,,,69,25,88025.0,113298.0,1,15-31,,,
LaMP HP whole wafer,3521,1642,-66899,-65680,54-00,,,69,26,91546.0,113298.0,1,15-32,,,
LaMP HP whole wafer,3521,1642,-66899,-65680,54-00,,,69,27,95067.0,113298.0,1,15-33,,,
LaMP HP whole wafer,3521,1642,-66899,-65680,54-00,,,69,28,98588.0,113298.0,1,15-34,,,
LaMP HP whole wafer,3521,1642,-66899,-65680,54-00,,,69,29,102109.0,113298.0,1,16-30,,,
LaMP HP whole wafer,3521,1642,-66899,-65680,54-00,,,69,30,105630.0,113298.0,1,16-31,,,
LaMP HP whole wafer,3521,1642,-66899,-65680,54-00,,,69,31,109151.0,113298.0,1,16-32,,,
LaMP HP whole wafer,3521,1642,-66899,-65680,54-00,,,70,6,21126.0,114940.0,1,11-22,,,
LaMP HP whole wafer,3521,1642,-66899,-65680,54-00,,,70,7,24647.0,114940.0,1,11-23,,,
LaMP HP whole wafer,3521,1642,-66899,-65680,54-00,,,70,8,28168.0,114940.0,1,11-24,,,
LaMP HP whole wafer,3521,1642,-66899,-65680,54-00,,,70,9,31689.0,114940.0,1,12-20,,,
LaMP HP whole wafer,3521,1642,-66899,-65680,54-00,,,70,10,35210.0,114940.0,1,12-21,,,
LaMP HP whole wafer,3521,1642,-66899,-65680,54-00,,,70,11,38731.0,114940.0,1,12-22,,,
LaMP HP whole wafer,3521,1642,-66899,-65680,54-00,,,70,12,42252.0,114940.0,1,12-23,,,
LaMP HP whole wafer,3521,1642,-66899,-65680,54-00,,,70,13,45773.0,114940.0,1,12-24,,,
LaMP HP whole wafer,3521,1642,-66899,-65680,54-00,,,70,14,49294.0,114940.0,1,13-20,,,
LaMP HP whole wafer,3521,1642,-66899,-65680,54-00,,,70,15,52815.0,114940.0,1,13-21,,,
LaMP HP whole wafer,3521,1642,-66899,-65680,54-00,,,70,16,56336.0,114940.0,1,13-22,,,
LaMP HP whole wafer,3521,1642,-66899,-65680,54-00,,,70,17,59857.0,114940.0,1,13-23,,,
LaMP HP whole wafer,3521,1642,-66899,-65680,54-00,,,70,18,63378.0,114940.0,1,13-24,,,
LaMP HP whole wafer,3521,1642,-66899,-65680,54-00,,,70,19,66899.0,114940.0,1,14-20,,,
LaMP HP whole wafer,3521,1642,-66899,-65680,54-00,,,70,20,70420.0,114940.0,1,14-21,,,
LaMP HP whole wafer,3521,1642,-66899,-65680,54-00,,,70,21,73941.0,114940.0,1,14-22,,,
LaMP HP whole wafer,3521,1642,-66899,-65680,54-00,,,70,22,77462.0,114940.0,1,14-23,,,
LaMP HP whole wafer,3521,1642,-66899,-65680,54-00,,,70,23,80983.0,114940.0,1,14-24,,,
LaMP HP whole wafer,3521,1642,-66899,-65680,54-00,,,70,24,84504.0,114940.0,1,15-20,,,
LaMP HP whole wafer,3521,1642,-66899,-65680,54-00,,,70,25,88025.0,114940.0,1,15-21,,,
LaMP HP whole wafer,3521,1642,-66899,-65680,54-00,,,70,26,91546.0,114940.0,1,15-22,,,
LaMP HP whole wafer,3521,1642,-66899,-65680,54-00,,,70,27,95067.0,114940.0,1,15-23,,,
LaMP HP whole wafer,3521,1642,-66899,-65680,54-00,,,70,28,98588.0,114940.0,1,15-24,,,
LaMP HP whole wafer,3521,1642,-66899,-65680,54-00,,,70,29,102109.0,114940.0,1,16-20,,,
LaMP HP whole wafer,3521,1642,-66899,-65680,54-00,,,70,30,105630.0,114940.0,1,16-21,,,
LaMP HP whole wafer,3521,1642,-66899,-65680,54-00,,,70,31,109151.0,114940.0,1,16-22,,,
LaMP HP whole wafer,3521,1642,-66899,-65680,54-00,,,71,7,24647.0,116582.0,1,11-13,,,
LaMP HP whole wafer,3521,1642,-66899,-65680,54-00,,,71,8,28168.0,116582.0,1,11-14,,,
LaMP HP whole wafer,3521,1642,-66899,-65680,54-00,,,71,9,31689.0,116582.0,1,12-10,,,
LaMP HP whole wafer,3521,1642,-66899,-65680,54-00,,,71,10,35210.0,116582.0,1,12-11,,,
LaMP HP whole wafer,3521,1642,-66899,-65680,54-00,,,71,11,38731.0,116582.0,1,12-12,,,
LaMP HP whole wafer,3521,1642,-66899,-65680,54-00,,,71,12,42252.0,116582.0,1,12-13,,,
LaMP HP whole wafer,3521,1642,-66899,-65680,54-00,,,71,13,45773.0,116582.0,1,12-14,,,
LaMP HP whole wafer,3521,1642,-66899,-65680,54-00,,,71,14,49294.0,116582.0,1,13-10,,,
LaMP HP whole wafer,3521,1642,-66899,-65680,54-00,,,71,15,52815.0,116582.0,1,13-11,,,
LaMP HP whole wafer,3521,1642,-66899,-65680,54-00,,,71,16,56336.0,116582.0,1,13-12,,,
LaMP HP whole wafer,3521,1642,-66899,-65680,54-00,,,71,17,59857.0,116582.0,1,13-13,,,
LaMP HP whole wafer,3521,1642,-66899,-65680,54-00,,,71,18,63378.0,116582.0,1,13-14,,,
LaMP HP whole wafer,3521,1642,-66899,-65680,54-00,,,71,19,66899.0,116582.0,1,14-10,,,
LaMP HP whole wafer,3521,1642,-66899,-65680,54-00,,,71,20,70420.0,116582.0,1,14-11,,,
LaMP HP whole wafer,3521,1642,-66899,-65680,54-00,,,71,21,73941.0,116582.0,1,14-12,,,
LaMP HP whole wafer,3521,1642,-66899,-65680,54-00,,,71,22,77462.0,116582.0,1,14-13,,,
LaMP HP whole wafer,3521,1642,-66899,-65680,54-00,,,71,23,80983.0,116582.0,1,14-14,,,
LaMP HP whole wafer,3521,1642,-66899,-65680,54-00,,,71,24,84504.0,116582.0,1,15-10,,,
LaMP HP whole wafer,3521,1642,-66899,-65680,54-00,,,71,25,88025.0,116582.0,1,15-11,,,
LaMP HP whole wafer,3521,1642,-66899,-65680,54-00,,,71,26,91546.0,116582.0,1,15-12,,,
LaMP HP whole wafer,3521,1642,-66899,-65680,54-00,,,71,27,95067.0,116582.0,1,15-13,,,
LaMP HP whole wafer,3521,1642,-66899,-65680,54-00,,,71,28,98588.0,116582.0,1,15-14,,,
LaMP HP whole wafer,3521,1642,-66899,-65680,54-00,,,71,29,102109.0,116582.0,1,16-10,,,
LaMP HP whole wafer,3521,1642,-66899,-65680,54-00,,,71,30,105630.0,116582.0,1,16-11,,,
LaMP HP whole wafer,3521,1642,-66899,-65680,54-00,,,72,7,24647.0,118224.0,1,11-03,,,
LaMP HP whole wafer,3521,1642,-66899,-65680,54-00,,,72,8,28168.0,118224.0,1,11-04,,,
LaMP HP whole wafer,3521,1642,-66899,-65680,54-00,,,72,9,31689.0,118224.0,1,12-00,,,
LaMP HP whole wafer,3521,1642,-66899,-65680,54-00,,,72,10,35210.0,118224.0,1,12-01,,,
LaMP HP whole wafer,3521,1642,-66899,-65680,54-00,,,72,11,38731.0,118224.0,1,12-02,,,
LaMP HP whole wafer,3521,1642,-66899,-65680,54-00,,,72,12,42252.0,118224.0,1,12-03,,,
LaMP HP whole wafer,3521,1642,-66899,-65680,54-00,,,72,13,45773.0,118224.0,1,12-04,,,
LaMP HP whole wafer,3521,1642,-66899,-65680,54-00,,,72,14,49294.0,118224.0,1,13-00,,,
LaMP HP whole wafer,3521,1642,-66899,-65680,54-00,,,72,15,52815.0,118224.0,1,13-01,,,
LaMP HP whole wafer,3521,1642,-66899,-65680,54-00,,,72,16,56336.0,118224.0,1,13-02,,,
LaMP HP whole wafer,3521,1642,-66899,-65680,54-00,,,72,17,59857.0,118224.0,1,13-03,,,
LaMP HP whole wafer,3521,1642,-66899,-65680,54-00,,,72,18,63378.0,118224.0,1,13-04,,,
LaMP HP whole wafer,3521,1642,-66899,-65680,54-00,,,72,19,66899.0,118224.0,1,14-00,,,
LaMP HP whole wafer,3521,1642,-66899,-65680,54-00,,,72,20,70420.0,118224.0,1,14-01,,,
LaMP HP whole wafer,3521,1642,-66899,-65680,54-00,,,72,21,73941.0,118224.0,1,14-02,,,
LaMP HP whole wafer,3521,1642,-66899,-65680,54-00,,,72,22,77462.0,118224.0,1,14-03,,,
LaMP HP whole wafer,3521,1642,-66899,-65680,54-00,,,72,23,80983.0,118224.0,1,14-04,,,
LaMP HP whole wafer,3521,1642,-66899,-65680,54-00,,,72,24,84504.0,118224.0,1,15-00,,,
LaMP HP whole wafer,3521,1642,-66899,-65680,54-00,,,72,25,88025.0,118224.0,1,15-01,,,
LaMP HP whole wafer,3521,1642,-66899,-65680,54-00,,,72,26,91546.0,118224.0,1,15-02,,,
LaMP HP whole wafer,3521,1642,-66899,-65680,54-00,,,72,27,95067.0,118224.0,1,15-03,,,
LaMP HP whole wafer,3521,1642,-66899,-65680,54-00,,,72,28,98588.0,118224.0,1,15-04,,,
LaMP HP whole wafer,3521,1642,-66899,-65680,54-00,,,72,29,102109.0,118224.0,1,16-00,,,
LaMP HP whole wafer,3521,1642,-66899,-65680,54-00,,,72,30,105630.0,118224.0,1,16-01,,,
LaMP HP whole wafer,3521,1642,-66899,-65680,54-00,,,73,8,28168.0,119866.0,1,01-74,,,
LaMP HP whole wafer,3521,1642,-66899,-65680,54-00,,,73,9,31689.0,119866.0,1,02-70,,,
LaMP HP whole wafer,3521,1642,-66899,-65680,54-00,,,73,10,35210.0,119866.0,1,02-71,,,
LaMP HP whole wafer,3521,1642,-66899,-65680,54-00,,,73,11,38731.0,119866.0,1,02-72,,,
LaMP HP whole wafer,3521,1642,-66899,-65680,54-00,,,73,12,42252.0,119866.0,1,02-73,,,
LaMP HP whole wafer,3521,1642,-66899,-65680,54-00,,,73,13,45773.0,119866.0,1,02-74,,,
LaMP HP whole wafer,3521,1642,-66899,-65680,54-00,,,73,14,49294.0,119866.0,1,03-70,,,
LaMP HP whole wafer,3521,1642,-66899,-65680,54-00,,,73,15,52815.0,119866.0,1,03-71,,,
LaMP HP whole wafer,3521,1642,-66899,-65680,54-00,,,73,16,56336.0,119866.0,1,03-72,,,
LaMP HP whole wafer,3521,1642,-66899,-65680,54-00,,,73,17,59857.0,119866.0,1,03-73,,,
LaMP HP whole wafer,3521,1642,-66899,-65680,54-00,,,73,18,63378.0,119866.0,1,03-74,,,
LaMP HP whole wafer,3521,1642,-66899,-65680,54-00,,,73,19,66899.0,119866.0,1,04-70,,,
LaMP HP whole wafer,3521,1642,-66899,-65680,54-00,,,73,20,70420.0,119866.0,1,04-71,,,
LaMP HP whole wafer,3521,1642,-66899,-65680,54-00,,,73,21,73941.0,119866.0,1,04-72,,,
LaMP HP whole wafer,3521,1642,-66899,-65680,54-00,,,73,22,77462.0,119866.0,1,04-73,,,
LaMP HP whole wafer,3521,1642,-66899,-65680,54-00,,,73,23,80983.0,119866.0,1,04-74,,,
LaMP HP whole wafer,3521,1642,-66899,-65680,54-00,,,73,24,84504.0,119866.0,1,05-70,,,
LaMP HP whole wafer,3521,1642,-66899,-65680,54-00,,,73,25,88025.0,119866.0,1,05-71,,,
LaMP HP whole wafer,3521,1642,-66899,-65680,54-00,,,73,26,91546.0,119866.0,1,05-72,,,
LaMP HP whole wafer,3521,1642,-66899,-65680,54-00,,,73,27,95067.0,119866.0,1,05-73,,,
LaMP HP whole wafer,3521,1642,-66899,-65680,54-00,,,73,28,98588.0,119866.0,1,05-74,,,
LaMP HP whole wafer,3521,1642,-66899,-65680,54-00,,,73,29,102109.0,119866.0,1,06-70,,,
LaMP HP whole wafer,3521,1642,-66899,-65680,54-00,,,74,9,31689.0,121508.0,1,02-60,,,
LaMP HP whole wafer,3521,1642,-66899,-65680,54-00,,,74,10,35210.0,121508.0,1,02-61,,,
LaMP HP whole wafer,3521,1642,-66899,-65680,54-00,,,74,11,38731.0,121508.0,1,02-62,,,
LaMP HP whole wafer,3521,1642,-66899,-65680,54-00,,,74,12,42252.0,121508.0,1,02-63,,,
LaMP HP whole wafer,3521,1642,-66899,-65680,54-00,,,74,13,45773.0,121508.0,1,02-64,,,
LaMP HP whole wafer,3521,1642,-66899,-65680,54-00,,,74,14,49294.0,121508.0,1,03-60,,,
LaMP HP whole wafer,3521,1642,-66899,-65680,54-00,,,74,15,52815.0,121508.0,1,03-61,,,
LaMP HP whole wafer,3521,1642,-66899,-65680,54-00,,,74,16,56336.0,121508.0,1,03-62,,,
LaMP HP whole wafer,3521,1642,-66899,-65680,54-00,,,74,17,59857.0,121508.0,1,03-63,,,
LaMP HP whole wafer,3521,1642,-66899,-65680,54-00,,,74,18,63378.0,121508.0,1,03-64,,,
LaMP HP whole wafer,3521,1642,-66899,-65680,54-00,,,74,19,66899.0,121508.0,1,04-60,,,
LaMP HP whole wafer,3521,1642,-66899,-65680,54-00,,,74,20,70420.0,121508.0,1,04-61,,,
LaMP HP whole wafer,3521,1642,-66899,-65680,54-00,,,74,21,73941.0,121508.0,1,04-62,,,
LaMP HP whole wafer,3521,1642,-66899,-65680,54-00,,,74,22,77462.0,121508.0,1,04-63,,,
LaMP HP whole wafer,3521,1642,-66899,-65680,54-00,,,74,23,80983.0,121508.0,1,04-64,,,
LaMP HP whole wafer,3521,1642,-66899,-65680,54-00,,,74,24,84504.0,121508.0,1,05-60,,,
LaMP HP whole wafer,3521,1642,-66899,-65680,54-00,,,74,25,88025.0,121508.0,1,05-61,,,
LaMP HP whole wafer,3521,1642,-66899,-65680,54-00,,,74,26,91546.0,121508.0,1,05-62,,,
LaMP HP whole wafer,3521,1642,-66899,-65680,54-00,,,74,27,95067.0,121508.0,1,05-63,,,
LaMP HP whole wafer,3521,1642,-66899,-65680,54-00,,,74,28,98588.0,121508.0,1,05-64,,,
LaMP HP whole wafer,3521,1642,-66899,-65680,54-00,,,75,9,31689.0,123150.0,1,02-50,,,
LaMP HP whole wafer,3521,1642,-66899,-65680,54-00,,,75,10,35210.0,123150.0,1,02-51,,,
LaMP HP whole wafer,3521,1642,-66899,-65680,54-00,,,75,11,38731.0,123150.0,1,02-52,,,
LaMP HP whole wafer,3521,1642,-66899,-65680,54-00,,,75,12,42252.0,123150.0,1,02-53,,,
LaMP HP whole wafer,3521,1642,-66899,-65680,54-00,,,75,13,45773.0,123150.0,1,02-54,,,
LaMP HP whole wafer,3521,1642,-66899,-65680,54-00,,,75,14,49294.0,123150.0,1,03-50,,,
LaMP HP whole wafer,3521,1642,-66899,-65680,54-00,,,75,15,52815.0,123150.0,1,03-51,,,
LaMP HP whole wafer,3521,1642,-66899,-65680,54-00,,,75,16,56336.0,123150.0,1,03-52,,,
LaMP HP whole wafer,3521,1642,-66899,-65680,54-00,,,75,17,59857.0,123150.0,1,03-53,,,
LaMP HP whole wafer,3521,1642,-66899,-65680,54-00,,,75,18,63378.0,123150.0,1,03-54,,,
LaMP HP whole wafer,3521,1642,-66899,-65680,54-00,,,75,19,66899.0,123150.0,1,04-50,,,
LaMP HP whole wafer,3521,1642,-66899,-65680,54-00,,,75,20,70420.0,123150.0,1,04-51,,,
LaMP HP whole wafer,3521,1642,-66899,-65680,54-00,,,75,21,73941.0,123150.0,1,04-52,,,
LaMP HP whole wafer,3521,1642,-66899,-65680,54-00,,,75,22,77462.0,123150.0,1,04-53,,,
LaMP HP whole wafer,3521,1642,-66899,-65680,54-00,,,75,23,80983.0,123150.0,1,04-54,,,
LaMP HP whole wafer,3521,1642,-66899,-65680,54-00,,,75,24,84504.0,123150.0,1,05-50,,,
LaMP HP whole wafer,3521,1642,-66899,-65680,54-00,,,75,25,88025.0,123150.0,1,05-51,,,
LaMP HP whole wafer,3521,1642,-66899,-65680,54-00,,,75,26,91546.0,123150.0,1,05-52,,,
LaMP HP whole wafer,3521,1642,-66899,-65680,54-00,,,75,27,95067.0,123150.0,1,05-53,,,
LaMP HP whole wafer,3521,1642,-66899,-65680,54-00,,,75,28,98588.0,123150.0,1,05-54,,,
LaMP HP whole wafer,3521,1642,-66899,-65680,54-00,,,76,10,35210.0,124792.0,1,02-41,,,
LaMP HP whole wafer,3521,1642,-66899,-65680,54-00,,,76,11,38731.0,124792.0,1,02-42,,,
LaMP HP whole wafer,3521,1642,-66899,-65680,54-00,,,76,12,42252.0,124792.0,1,02-43,,,
LaMP HP whole wafer,3521,1642,-66899,-65680,54-00,,,76,13,45773.0,124792.0,1,02-44,,,
LaMP HP whole wafer,3521,1642,-66899,-65680,54-00,,,76,14,49294.0,124792.0,1,03-40,,,
LaMP HP whole wafer,3521,1642,-66899,-65680,54-00,,,76,15,52815.0,124792.0,1,03-41,,,
LaMP HP whole wafer,3521,1642,-66899,-65680,54-00,,,76,16,56336.0,124792.0,1,03-42,,,
LaMP HP whole wafer,3521,1642,-66899,-65680,54-00,,,76,17,59857.0,124792.0,1,03-43,,,
LaMP HP whole wafer,3521,1642,-66899,-65680,54-00,,,76,18,63378.0,124792.0,1,03-44,,,
LaMP HP whole wafer,3521,1642,-66899,-65680,54-00,,,76,19,66899.0,124792.0,1,04-40,,,
LaMP HP whole wafer,3521,1642,-66899,-65680,54-00,,,76,20,70420.0,124792.0,1,04-41,,,
LaMP HP whole wafer,3521,1642,-66899,-65680,54-00,,,76,21,73941.0,124792.0,1,04-42,,,
LaMP HP whole wafer,3521,1642,-66899,-65680,54-00,,,76,22,77462.0,124792.0,1,04-43,,,
LaMP HP whole wafer,3521,1642,-66899,-65680,54-00,,,76,23,80983.0,124792.0,1,04-44,,,
LaMP HP whole wafer,3521,1642,-66899,-65680,54-00,,,76,24,84504.0,124792.0,1,05-40,,,
LaMP HP whole wafer,3521,1642,-66899,-65680,54-00,,,76,25,88025.0,124792.0,1,05-41,,,
LaMP HP whole wafer,3521,1642,-66899,-65680,54-00,,,76,26,91546.0,124792.0,1,05-42,,,
LaMP HP whole wafer,3521,1642,-66899,-65680,54-00,,,76,27,95067.0,124792.0,1,05-43,,,
LaMP HP whole wafer,3521,1642,-66899,-65680,54-00,,,77,11,38731.0,126434.0,1,02-32,,,
LaMP HP whole wafer,3521,1642,-66899,-65680,54-00,,,77,12,42252.0,126434.0,1,02-33,,,
LaMP HP whole wafer,3521,1642,-66899,-65680,54-00,,,77,13,45773.0,126434.0,1,02-34,,,
LaMP HP whole wafer,3521,1642,-66899,-65680,54-00,,,77,14,49294.0,126434.0,1,03-30,,,
LaMP HP whole wafer,3521,1642,-66899,-65680,54-00,,,77,15,52815.0,126434.0,1,03-31,,,
LaMP HP whole wafer,3521,1642,-66899,-65680,54-00,,,77,16,56336.0,126434.0,1,03-32,,,
LaMP HP whole wafer,3521,1642,-66899,-65680,54-00,,,77,17,59857.0,126434.0,1,03-33,,,
LaMP HP whole wafer,3521,1642,-66899,-65680,54-00,,,77,18,63378.0,126434.0,1,03-34,,,
LaMP HP whole wafer,3521,1642,-66899,-65680,54-00,,,77,19,66899.0,126434.0,1,04-30,,,
LaMP HP whole wafer,3521,1642,-66899,-65680,54-00,,,77,20,70420.0,126434.0,1,04-31,,,
LaMP HP whole wafer,3521,1642,-66899,-65680,54-00,,,77,21,73941.0,126434.0,1,04-32,,,
LaMP HP whole wafer,3521,1642,-66899,-65680,54-00,,,77,22,77462.0,126434.0,1,04-33,,,
LaMP HP whole wafer,3521,1642,-66899,-65680,54-00,,,77,23,80983.0,126434.0,1,04-34,,,
LaMP HP whole wafer,3521,1642,-66899,-65680,54-00,,,77,24,84504.0,126434.0,1,05-30,,,
LaMP HP whole wafer,3521,1642,-66899,-65680,54-00,,,77,25,88025.0,126434.0,1,05-31,,,
LaMP HP whole wafer,3521,1642,-66899,-65680,54-00,,,77,26,91546.0,126434.0,1,05-32,,,
LaMP HP whole wafer,3521,1642,-66899,-65680,54-00,,,78,12,42252.0,128076.0,1,02-23,,,
LaMP HP whole wafer,3521,1642,-66899,-65680,54-00,,,78,13,45773.0,128076.0,1,02-24,,,
LaMP HP whole wafer,3521,1642,-66899,-65680,54-00,,,78,14,49294.0,128076.0,1,03-20,,,
LaMP HP whole wafer,3521,1642,-66899,-65680,54-00,,,78,15,52815.0,128076.0,1,03-21,,,
LaMP HP whole wafer,3521,1642,-66899,-65680,54-00,,,78,16,56336.0,128076.0,1,03-22,,,
LaMP HP whole wafer,3521,1642,-66899,-65680,54-00,,,78,17,59857.0,128076.0,1,03-23,,,
LaMP HP whole wafer,3521,1642,-66899,-65680,54-00,,,78,18,63378.0,128076.0,1,03-24,,,
LaMP HP whole wafer,3521,1642,-66899,-65680,54-00,,,78,19,66899.0,128076.0,1,04-20,,,
LaMP HP whole wafer,3521,1642,-66899,-65680,54-00,,,78,20,70420.0,128076.0,1,04-21,,,
LaMP HP whole wafer,3521,1642,-66899,-65680,54-00,,,78,21,73941.0,128076.0,1,04-22,,,
LaMP HP whole wafer,3521,1642,-66899,-65680,54-00,,,78,22,77462.0,128076.0,1,04-23,,,
LaMP HP whole wafer,3521,1642,-66899,-65680,54-00,,,78,23,80983.0,128076.0,1,04-24,,,
LaMP HP whole wafer,3521,1642,-66899,-65680,54-00,,,78,24,84504.0,128076.0,1,05-20,,,
LaMP HP whole wafer,3521,1642,-66899,-65680,54-00,,,78,25,88025.0,128076.0,1,05-21,,,
LaMP HP whole wafer,3521,1642,-66899,-65680,54-00,,,79,13,45773.0,129718.0,1,02-14,,,
LaMP HP whole wafer,3521,1642,-66899,-65680,54-00,,,79,14,49294.0,129718.0,1,03-10,,,
LaMP HP whole wafer,3521,1642,-66899,-65680,54-00,,,79,15,52815.0,129718.0,1,03-11,,,
LaMP HP whole wafer,3521,1642,-66899,-65680,54-00,,,79,16,56336.0,129718.0,1,03-12,,,
LaMP HP whole wafer,3521,1642,-66899,-65680,54-00,,,79,17,59857.0,129718.0,1,03-13,,,
LaMP HP whole wafer,3521,1642,-66899,-65680,54-00,,,79,18,63378.0,129718.0,1,03-14,,,
LaMP HP whole wafer,3521,1642,-66899,-65680,54-00,,,79,19,66899.0,129718.0,1,04-10,,,
LaMP HP whole wafer,3521,1642,-66899,-65680,54-00,,,79,20,70420.0,129718.0,1,04-11,,,
LaMP HP whole wafer,3521,1642,-66899,-65680,54-00,,,79,21,73941.0,129718.0,1,04-12,,,
LaMP HP whole wafer,3521,1642,-66899,-65680,54-00,,,79,22,77462.0,129718.0,1,04-13,,,
LaMP HP whole wafer,3521,1642,-66899,-65680,54-00,,,79,23,80983.0,129718.0,1,04-14,,,
LaMP HP whole wafer,3521,1642,-66899,-65680,54-00,,,79,24,84504.0,129718.0,1,05-10,,,
LaMP HP whole wafer,3521,1642,-66899,-65680,54-00,,,80,15,52815.0,131360.0,1,03-01,,,
LaMP HP whole wafer,3521,1642,-66899,-65680,54-00,,,80,16,56336.0,131360.0,1,03-02,,,
LaMP HP whole wafer,3521,1642,-66899,-65680,54-00,,,80,17,59857.0,131360.0,1,03-03,,,
LaMP HP whole wafer,3521,1642,-66899,-65680,54-00,,,80,18,63378.0,131360.0,1,03-04,,,
LaMP HP whole wafer,3521,1642,-66899,-65680,54-00,,,80,19,66899.0,131360.0,1,04-00,,,
LaMP HP whole wafer,3521,1642,-66899,-65680,54-00,,,80,20,70420.0,131360.0,1,04-01,,,
LaMP HP whole wafer,3521,1642,-66899,-65680,54-00,,,80,21,73941.0,131360.0,1,04-02,,,
LaMP HP whole wafer,3521,1642,-66899,-65680,54-00,,,80,22,77462.0,131360.0,1,04-03,,,
