parent_cell,reference_index,referenced_cell,origin_x_um,origin_y_um,rotation,magnification,x_reflection,columns,rows,spacing_x_um,spacing_y_um,bbox_min_x_um,bbox_min_y_um,bbox_max_x_um,bbox_max_y_um,bbox_width_um,bbox_height_um,bbox_center_x_um,bbox_center_y_um
03_die_Lyr152_RevB,1,Pads_Lyr152_RevB,0.0,0.0,0.0,1.0,False,,,,,-1034.55,-1922.25,1056.7,1922.25,2091.25,3844.5,11.075000000000045,0.0
col_01,1,0,65.556,0.0,0.0,1.0,False,,,,,65.968,-27.189,103.6,29.387,37.63199999999999,56.576,84.78399999999999,1.0990000000000002
col_01,2,1,111.111,0.0,0.0,1.0,False,,,,,115.08500000000001,-26.313,137.869,29.239,22.783999999999992,55.552,126.477,1.463000000000001
col_02,1,0,65.556,0.0,0.0,1.0,False,,,,,65.968,-27.189,103.6,29.387,37.63199999999999,56.576,84.78399999999999,1.0990000000000002
col_02,2,2,111.111,0.0,0.0,1.0,False,,,,,113.18900000000001,-26.814,147.493,29.506,34.30399999999999,56.32,130.341,1.346
col_03,1,0,65.566,0.0,0.0,1.0,False,,,,,65.97800000000001,-27.189,103.61000000000001,29.387,37.632000000000005,56.576,84.79400000000001,1.0990000000000002
col_03,2,3,111.111,0.0,0.0,1.0,False,,,,,112.03800000000001,-28.032,148.64600000000002,28.032,36.608000000000004,56.064,130.342,0.0
col_04,1,0,65.556,0.0,0.0,1.0,False,,,,,65.968,-27.189,103.6,29.387,37.63199999999999,56.576,84.78399999999999,1.0990000000000002
col_04,2,4,111.111,0.0,0.0,1.0,False,,,,,114.089,-27.776,150.441,27.776,36.352000000000004,55.552,132.265,0.0
col_05,1,0,65.556,0.0,0.0,1.0,False,,,,,65.968,-27.189,103.6,29.387,37.63199999999999,56.576,84.78399999999999,1.0990000000000002
col_05,2,5,111.111,0.0,0.0,1.0,False,,,,,114.342,-28.032,146.342,28.032,32.000000000000014,56.064,130.342,0.0
col_06,1,0,65.556,0.0,0.0,1.0,False,,,,,65.968,-27.189,103.6,29.387,37.63199999999999,56.576,84.78399999999999,1.0990000000000002
col_06,2,6,111.111,0.0,0.0,1.0,False,,,,,111.39800000000001,-28.032,149.286,28.032,37.88799999999999,56.064,130.342,0.0
col_07,1,0,65.556,0.0,0.0,1.0,False,,,,,65.968,-27.189,103.6,29.387,37.63199999999999,56.576,84.78399999999999,1.0990000000000002
col_07,2,7,111.111,0.0,0.0,1.0,False,,,,,111.78200000000001,-27.776,148.90200000000002,27.776,37.120000000000005,55.552,130.342,0.0
col_08,1,0,65.556,0.0,0.0,1.0,False,,,,,65.968,-27.189,103.6,29.387,37.63199999999999,56.576,84.78399999999999,1.0990000000000002
col_08,2,8,111.111,0.0,0.0,1.0,False,,,,,111.39800000000001,-28.288,149.286,28.288,37.88799999999999,56.576,130.342,0.0
col_09,1,0,65.556,0.0,0.0,1.0,False,,,,,65.968,-27.189,103.6,29.387,37.63199999999999,56.576,84.78399999999999,1.0990000000000002
col_09,2,9,111.111,0.0,0.0,1.0,False,,,,,111.39800000000001,-28.032,149.286,28.032,37.88799999999999,56.064,130.342,0.0
col_10,1,1,65.556,0.0,0.0,1.0,False,,,,,69.53,-26.313,92.314,29.239,22.783999999999992,55.552,80.922,1.463000000000001
col_10,2,0,111.066,0.0,0.0,1.0,False,,,,,111.47800000000001,-27.189,149.11,29.387,37.632000000000005,56.576,130.294,1.0990000000000002
col_11,1,1,65.556,0.0,0.0,1.0,False,,,,,69.53,-26.313,92.314,29.239,22.783999999999992,55.552,80.922,1.463000000000001
col_11,2,1,111.111,0.0,0.0,1.0,False,,,,,115.08500000000001,-26.313,137.869,29.239,22.783999999999992,55.552,126.477,1.463000000000001
col_12,1,1,65.556,0.0,0.0,1.0,False,,,,,69.53,-26.313,92.314,29.239,22.783999999999992,55.552,80.922,1.463000000000001
col_12,2,2,111.111,0.0,0.0,1.0,False,,,,,113.18900000000001,-26.814,147.493,29.506,34.30399999999999,56.32,130.341,1.346
col_13,1,1,65.556,0.0,0.0,1.0,False,,,,,69.53,-26.313,92.314,29.239,22.783999999999992,55.552,80.922,1.463000000000001
col_13,2,3,111.111,0.0,0.0,1.0,False,,,,,112.03800000000001,-28.032,148.64600000000002,28.032,36.608000000000004,56.064,130.342,0.0
col_14,1,1,65.556,0.0,0.0,1.0,False,,,,,69.53,-26.313,92.314,29.239,22.783999999999992,55.552,80.922,1.463000000000001
col_14,2,4,111.111,0.0,0.0,1.0,False,,,,,114.089,-27.776,150.441,27.776,36.352000000000004,55.552,132.265,0.0
col_15,1,1,65.556,0.0,0.0,1.0,False,,,,,69.53,-26.313,92.314,29.239,22.783999999999992,55.552,80.922,1.463000000000001
col_15,2,5,111.111,0.0,0.0,1.0,False,,,,,114.342,-28.032,146.342,28.032,32.000000000000014,56.064,130.342,0.0
col_16,1,1,65.556,0.0,0.0,1.0,False,,,,,69.53,-26.313,92.314,29.239,22.783999999999992,55.552,80.922,1.463000000000001
col_16,2,6,111.111,0.0,0.0,1.0,False,,,,,111.39800000000001,-28.032,149.286,28.032,37.88799999999999,56.064,130.342,0.0
col_17,1,1,65.556,0.0,0.0,1.0,False,,,,,69.53,-26.313,92.314,29.239,22.783999999999992,55.552,80.922,1.463000000000001
col_17,2,7,111.111,0.0,0.0,1.0,False,,,,,111.78200000000001,-27.776,148.90200000000002,27.776,37.120000000000005,55.552,130.342,0.0
col_18,1,1,65.556,0.0,0.0,1.0,False,,,,,69.53,-26.313,92.314,29.239,22.783999999999992,55.552,80.922,1.463000000000001
col_18,2,8,111.111,0.0,0.0,1.0,False,,,,,111.39800000000001,-28.288,149.286,28.288,37.88799999999999,56.576,130.342,0.0
col_19,1,1,65.556,0.0,0.0,1.0,False,,,,,69.53,-26.313,92.314,29.239,22.783999999999992,55.552,80.922,1.463000000000001
col_19,2,9,111.111,0.0,0.0,1.0,False,,,,,111.39800000000001,-28.032,149.286,28.032,37.88799999999999,56.064,130.342,0.0
col_20,1,2,65.556,0.0,0.0,1.0,False,,,,,67.634,-26.814,101.93799999999999,29.506,34.30399999999999,56.32,84.786,1.346
col_20,2,0,111.066,0.0,0.0,1.0,False,,,,,111.47800000000001,-27.189,149.11,29.387,37.632000000000005,56.576,130.294,1.0990000000000002
col_21,1,2,65.556,0.0,0.0,1.0,False,,,,,67.634,-26.814,101.93799999999999,29.506,34.30399999999999,56.32,84.786,1.346
col_21,2,1,111.111,0.0,0.0,1.0,False,,,,,115.08500000000001,-26.313,137.869,29.239,22.783999999999992,55.552,126.477,1.463000000000001
col_22,1,2,65.556,0.0,0.0,1.0,False,,,,,67.634,-26.814,101.93799999999999,29.506,34.30399999999999,56.32,84.786,1.346
col_22,2,2,111.111,0.0,0.0,1.0,False,,,,,113.18900000000001,-26.814,147.493,29.506,34.30399999999999,56.32,130.341,1.346
col_23,1,2,65.556,0.0,0.0,1.0,False,,,,,67.634,-26.814,101.93799999999999,29.506,34.30399999999999,56.32,84.786,1.346
col_23,2,3,111.111,0.0,0.0,1.0,False,,,,,112.03800000000001,-28.032,148.64600000000002,28.032,36.608000000000004,56.064,130.342,0.0
row_Q,1,Q,-55.556000000000004,0.0,0.0,1.0,False,,,,,-56.80500000000001,-26.240000000000002,-15.845000000000006,26.240000000000002,40.96,52.480000000000004,-36.325,0.0
row_R,1,R,-55.556000000000004,0.0,0.0,1.0,False,,,,,-54.117000000000004,-25.856,-18.533,25.856,35.584,51.712,-36.325,0.0
row_P,1,P,-55.556000000000004,0.0,0.0,1.0,False,,,,,-54.245000000000005,-25.856,-18.405,25.856,35.84,51.712,-36.325,0.0
row_O,1,O,-55.556000000000004,0.0,0.0,1.0,False,,,,,-54.885000000000005,-26.496000000000002,-17.765,26.496000000000002,37.120000000000005,52.992000000000004,-36.325,0.0
row_N,1,N,-55.556000000000004,0.0,0.0,1.0,False,,,,,-53.733000000000004,-25.856,-18.917,25.856,34.816,51.712,-36.325,0.0
row_M,1,M,-55.556000000000004,0.0,0.0,1.0,False,,,,,-54.757000000000005,-25.856,-17.893,25.856,36.864000000000004,51.712,-36.325,0.0
row_L,1,L,-55.556000000000004,0.0,0.0,1.0,False,,,,,-53.733000000000004,-25.856,-18.917,25.856,34.816,51.712,-36.325,0.0
row_K,1,K,-55.556000000000004,0.0,0.0,1.0,False,,,,,-56.67700000000001,-25.856,-15.973000000000006,25.856,40.704,51.712,-36.325,0.0
row_J,1,J,-55.556000000000004,0.0,0.0,1.0,False,,,,,-49.893,-26.112000000000002,-22.757000000000005,26.112000000000002,27.135999999999996,52.224000000000004,-36.325,0.0
row_I,1,I,-55.556000000000004,0.0,0.0,1.0,False,,,,,-53.739000000000004,-25.856,-26.603000000000005,25.856,27.136,51.712,-40.17100000000001,0.0
row_H,1,H,-55.556000000000004,0.0,0.0,1.0,False,,,,,-53.221000000000004,-25.856,-19.429000000000002,25.856,33.792,51.712,-36.325,0.0
row_G,1,G,-55.556000000000004,0.0,0.0,1.0,False,,,,,-54.117000000000004,-26.496000000000002,-18.533,26.496000000000002,35.584,52.992000000000004,-36.325,0.0
row_F,1,F,-55.556000000000004,0.0,0.0,1.0,False,,,,,-50.277,-25.856,-22.373000000000005,25.856,27.903999999999996,51.712,-36.325,0.0
row_E,1,E,-55.556000000000004,0.0,0.0,1.0,False,,,,,-52.581,-25.856,-20.069000000000003,25.856,32.512,51.712,-36.325,0.0
row_D,1,D,-55.556000000000004,0.0,0.0,1.0,False,,,,,-52.581,-25.856,-20.069000000000003,25.856,32.512,51.712,-36.325,0.0
row_C,1,C,-55.556000000000004,0.0,0.0,1.0,False,,,,,-52.581,-26.496000000000002,-20.069000000000003,26.496000000000002,32.512,52.992000000000004,-36.325,0.0
row_B,1,B,-55.556000000000004,0.0,0.0,1.0,False,,,,,-55.141000000000005,-25.856,-17.509,25.856,37.632000000000005,51.712,-36.325,0.0
row_A,1,A,-55.556000000000004,0.0,0.0,1.0,False,,,,,-55.654,-24.51,-16.998000000000005,27.202,38.656,51.712,-36.32600000000001,1.346
MADDY03EM3C,1,row_Q,77792.897,40601.603,1.5707963267948966,1.0,False,,,,,77766.65699999999,40544.798,77819.137,40585.758,52.48000000001048,40.95999999999913,77792.897,40565.278000000006
MADDY03EM3C,2,row_Q,77792.897,32901.603,1.5707963267948966,1.0,False,,,,,77766.65699999999,32844.798,77819.137,32885.758,52.48000000001048,40.95999999999913,77792.897,32865.278000000006
MADDY03EM3C,3,row_Q,77792.897,25201.603,1.5707963267948966,1.0,False,,,,,77766.65699999999,25144.798,77819.137,25185.757999999998,52.48000000001048,40.95999999999913,77792.897,25165.278
MADDY03EM3C,4,row_Q,77792.897,17501.603,1.5707963267948966,1.0,False,,,,,77766.65699999999,17444.798,77819.137,17485.757999999998,52.48000000001048,40.95999999999913,77792.897,17465.278
MADDY03EM3C,5,row_Q,77792.897,9801.603000000001,1.5707963267948966,1.0,False,,,,,77766.65699999999,9744.798,77819.137,9785.758000000002,52.48000000001048,40.960000000000946,77792.897,9765.278000000002
MADDY03EM3C,6,row_Q,77792.897,2101.603,1.5707963267948966,1.0,False,,,,,77766.65699999999,2044.798,77819.137,2085.7580000000003,52.48000000001048,40.960000000000264,77792.897,2065.2780000000002
MADDY03EM3C,7,row_Q,77792.897,-5598.397,1.5707963267948966,1.0,False,,,,,77766.65699999999,-5655.202,77819.137,-5614.242,52.48000000001048,40.960000000000036,77792.897,-5634.722
MADDY03EM3C,8,row_Q,77792.897,-13298.397,1.5707963267948966,1.0,False,,,,,77766.65699999999,-13355.202000000001,77819.137,-13314.242,52.48000000001048,40.960000000000946,77792.897,-13334.722000000002
MADDY03EM3C,9,row_Q,77792.897,-20998.397,1.5707963267948966,1.0,False,,,,,77766.65699999999,-21055.202,77819.137,-21014.242000000002,52.48000000001048,40.95999999999913,77792.897,-21034.722
MADDY03EM3C,10,row_Q,77792.897,-28698.397,1.5707963267948966,1.0,False,,,,,77766.65699999999,-28755.202,77819.137,-28714.242000000002,52.48000000001048,40.95999999999913,77792.897,-28734.722
MADDY03EM3C,11,row_Q,77792.897,-36398.397,1.5707963267948966,1.0,False,,,,,77766.65699999999,-36455.202,77819.137,-36414.242,52.48000000001048,40.95999999999913,77792.897,-36434.721999999994
MADDY03EM3C,12,row_R,88006.897,2101.603,1.5707963267948966,1.0,False,,,,,87981.041,2047.486,88032.753,2083.07,51.711999999999534,35.58400000000006,88006.897,2065.2780000000002
MADDY03EM3C,13,row_R,88006.897,9801.603000000001,1.5707963267948966,1.0,False,,,,,87981.041,9747.486,88032.753,9783.070000000002,51.711999999999534,35.58400000000074,88006.897,9765.278000000002
MADDY03EM3C,14,row_R,88006.897,17501.603,1.5707963267948966,1.0,False,,,,,87981.041,17447.486,88032.753,17483.07,51.711999999999534,35.58399999999892,88006.897,17465.278
MADDY03EM3C,15,row_R,88006.897,-13298.397,1.5707963267948966,1.0,False,,,,,87981.041,-13352.514000000001,88032.753,-13316.93,51.711999999999534,35.58400000000074,88006.897,-13334.722000000002
MADDY03EM3C,16,row_R,88006.897,-5598.397,1.5707963267948966,1.0,False,,,,,87981.041,-5652.514,88032.753,-5616.93,51.711999999999534,35.58399999999983,88006.897,-5634.722
MADDY03EM3C,17,row_P,67578.897,2101.603,1.5707963267948966,1.0,False,,,,,67553.041,2047.3580000000002,67604.753,2083.198,51.711999999999534,35.83999999999969,67578.897,2065.2780000000002
MADDY03EM3C,18,row_P,67578.897,56001.603,1.5707963267948966,1.0,False,,,,,67553.041,55947.358,67604.753,55983.198000000004,51.711999999999534,35.84000000000378,67578.897,55965.278000000006
MADDY03EM3C,19,row_P,67578.897,-44098.397000000004,1.5707963267948966,1.0,False,,,,,67553.041,-44152.64200000001,67604.753,-44116.802,51.711999999999534,35.84000000000378,67578.897,-44134.72200000001
MADDY03EM3C,20,row_P,67578.897,-28698.397,1.5707963267948966,1.0,False,,,,,67553.041,-28752.642,67604.753,-28716.802,51.711999999999534,35.840000000000146,67578.897,-28734.722
MADDY03EM3C,21,row_P,67578.897,-20998.397,1.5707963267948966,1.0,False,,,,,67553.041,-21052.642,67604.753,-21016.802,51.711999999999534,35.840000000000146,67578.897,-21034.722
MADDY03EM3C,22,row_P,67578.897,-51798.397000000004,1.5707963267948966,1.0,False,,,,,67553.041,-51852.64200000001,67604.753,-51816.802,51.711999999999534,35.84000000000378,67578.897,-51834.72200000001
MADDY03EM3C,23,row_P,67578.897,9801.603000000001,1.5707963267948966,1.0,False,,,,,67553.041,9747.358,67604.753,9783.198,51.711999999999534,35.840000000000146,67578.897,9765.278
MADDY03EM3C,24,row_P,67578.897,25201.603,1.5707963267948966,1.0,False,,,,,67553.041,25147.358,67604.753,25183.198,51.711999999999534,35.840000000000146,67578.897,25165.278
MADDY03EM3C,25,row_P,67578.897,40601.603,1.5707963267948966,1.0,False,,,,,67553.041,40547.358,67604.753,40583.198000000004,51.711999999999534,35.84000000000378,67578.897,40565.278000000006
MADDY03EM3C,26,row_P,67578.897,32901.603,1.5707963267948966,1.0,False,,,,,67553.041,32847.358,67604.753,32883.198000000004,51.711999999999534,35.84000000000378,67578.897,32865.278000000006
MADDY03EM3C,27,row_P,67578.897,-36398.397,1.5707963267948966,1.0,False,,,,,67553.041,-36452.642,67604.753,-36416.801999999996,51.711999999999534,35.84000000000378,67578.897,-36434.721999999994
MADDY03EM3C,28,row_P,67578.897,48301.603,1.5707963267948966,1.0,False,,,,,67553.041,48247.358,67604.753,48283.198000000004,51.711999999999534,35.84000000000378,67578.897,48265.278000000006
MADDY03EM3C,29,row_P,67578.897,17501.603,1.5707963267948966,1.0,False,,,,,67553.041,17447.358,67604.753,17483.198,51.711999999999534,35.840000000000146,67578.897,17465.278
MADDY03EM3C,30,row_P,67578.897,-13298.397,1.5707963267948966,1.0,False,,,,,67553.041,-13352.642000000002,67604.753,-13316.802000000001,51.711999999999534,35.840000000000146,67578.897,-13334.722000000002
MADDY03EM3C,31,row_P,67578.897,-5598.397,1.5707963267948966,1.0,False,,,,,67553.041,-5652.642,67604.753,-5616.802,51.711999999999534,35.840000000000146,67578.897,-5634.722
MADDY03EM3C,32,row_O,57364.897000000004,2101.603,1.5707963267948966,1.0,False,,,,,57338.401000000005,2046.718,57391.393000000004,2083.838,52.99199999999837,37.12000000000012,57364.897000000004,2065.2780000000002
MADDY03EM3C,33,row_O,57364.897000000004,56001.603,1.5707963267948966,1.0,False,,,,,57338.401000000005,55946.718,57391.393000000004,55983.838,52.99199999999837,37.12000000000262,57364.897000000004,55965.278000000006
MADDY03EM3C,34,row_O,57364.897000000004,-44098.397000000004,1.5707963267948966,1.0,False,,,,,57338.401000000005,-44153.28200000001,57391.393000000004,-44116.162000000004,52.99199999999837,37.12000000000262,57364.897000000004,-44134.72200000001
MADDY03EM3C,35,row_O,57364.897000000004,-28698.397,1.5707963267948966,1.0,False,,,,,57338.401000000005,-28753.282,57391.393000000004,-28716.162,52.99199999999837,37.11999999999898,57364.897000000004,-28734.722
MADDY03EM3C,36,row_O,57364.897000000004,-20998.397,1.5707963267948966,1.0,False,,,,,57338.401000000005,-21053.282,57391.393000000004,-21016.162,52.99199999999837,37.11999999999898,57364.897000000004,-21034.722
MADDY03EM3C,37,row_O,57364.897000000004,63701.603,1.5707963267948966,1.0,False,,,,,57338.401000000005,63646.718,57391.393000000004,63683.838,52.99199999999837,37.12000000000262,57364.897000000004,63665.278000000006
MADDY03EM3C,38,row_O,57364.897000000004,-51798.397000000004,1.5707963267948966,1.0,False,,,,,57338.401000000005,-51853.28200000001,57391.393000000004,-51816.162000000004,52.99199999999837,37.12000000000262,57364.897000000004,-51834.72200000001
MADDY03EM3C,39,row_O,57364.897000000004,9801.603000000001,1.5707963267948966,1.0,False,,,,,57338.401000000005,9746.718,57391.393000000004,9783.838000000002,52.99199999999837,37.1200000000008,57364.897000000004,9765.278000000002
MADDY03EM3C,40,row_O,57364.897000000004,25201.603,1.5707963267948966,1.0,False,,,,,57338.401000000005,25146.718,57391.393000000004,25183.838,52.99199999999837,37.11999999999898,57364.897000000004,25165.278
MADDY03EM3C,41,row_O,57364.897000000004,40601.603,1.5707963267948966,1.0,False,,,,,57338.401000000005,40546.718,57391.393000000004,40583.838,52.99199999999837,37.12000000000262,57364.897000000004,40565.278000000006
MADDY03EM3C,42,row_O,57364.897000000004,-59498.397000000004,1.5707963267948966,1.0,False,,,,,57338.401000000005,-59553.28200000001,57391.393000000004,-59516.162000000004,52.99199999999837,37.12000000000262,57364.897000000004,-59534.72200000001
MADDY03EM3C,43,row_O,57364.897000000004,32901.603,1.5707963267948966,1.0,False,,,,,57338.401000000005,32846.718,57391.393000000004,32883.838,52.99199999999837,37.12000000000262,57364.897000000004,32865.278000000006
MADDY03EM3C,44,row_O,57364.897000000004,-36398.397,1.5707963267948966,1.0,False,,,,,57338.401000000005,-36453.282,57391.393000000004,-36416.162,52.99199999999837,37.12000000000262,57364.897000000004,-36434.721999999994
MADDY03EM3C,45,row_O,57364.897000000004,48301.603,1.5707963267948966,1.0,False,,,,,57338.401000000005,48246.718,57391.393000000004,48283.838,52.99199999999837,37.12000000000262,57364.897000000004,48265.278000000006
MADDY03EM3C,46,row_O,57364.897000000004,17501.603,1.5707963267948966,1.0,False,,,,,57338.401000000005,17446.718,57391.393000000004,17483.838,52.99199999999837,37.11999999999898,57364.897000000004,17465.278
MADDY03EM3C,47,row_O,57364.897000000004,-13298.397,1.5707963267948966,1.0,False,,,,,57338.401000000005,-13353.282000000001,57391.393000000004,-13316.162,52.99199999999837,37.1200000000008,57364.897000000004,-13334.722000000002
MADDY03EM3C,48,row_O,57364.897000000004,-5598.397,1.5707963267948966,1.0,False,,,,,57338.401000000005,-5653.282,57391.393000000004,-5616.162,52.99199999999837,37.11999999999989,57364.897000000004,-5634.722
MADDY03EM3C,49,row_N,47150.897000000004,2101.603,1.5707963267948966,1.0,False,,,,,47125.041000000005,2047.8700000000001,47176.753000000004,2082.686,51.711999999999534,34.81600000000003,47150.897000000004,2065.2780000000002
MADDY03EM3C,50,row_N,47150.897000000004,56001.603,1.5707963267948966,1.0,False,,,,,47125.041000000005,55947.87,47176.753000000004,55982.686,51.711999999999534,34.815999999998894,47150.897000000004,55965.278000000006
MADDY03EM3C,51,row_N,47150.897000000004,-67198.397,1.5707963267948966,1.0,False,,,,,47125.041000000005,-67252.12999999999,47176.753000000004,-67217.314,51.711999999999534,34.81599999999162,47150.897000000004,-67234.722
MADDY03EM3C,52,row_N,47150.897000000004,-44098.397000000004,1.5707963267948966,1.0,False,,,,,47125.041000000005,-44152.130000000005,47176.753000000004,-44117.314000000006,51.711999999999534,34.815999999998894,47150.897000000004,-44134.72200000001
MADDY03EM3C,53,row_N,47150.897000000004,-28698.397,1.5707963267948966,1.0,False,,,,,47125.041000000005,-28752.13,47176.753000000004,-28717.314000000002,51.711999999999534,34.815999999998894,47150.897000000004,-28734.722
MADDY03EM3C,54,row_N,47150.897000000004,-20998.397,1.5707963267948966,1.0,False,,,,,47125.041000000005,-21052.13,47176.753000000004,-21017.314000000002,51.711999999999534,34.815999999998894,47150.897000000004,-21034.722
MADDY03EM3C,55,row_N,47150.897000000004,63701.603,1.5707963267948966,1.0,False,,,,,47125.041000000005,63647.87,47176.753000000004,63682.686,51.711999999999534,34.815999999998894,47150.897000000004,63665.278000000006
MADDY03EM3C,56,row_N,47150.897000000004,-51798.397000000004,1.5707963267948966,1.0,False,,,,,47125.041000000005,-51852.130000000005,47176.753000000004,-51817.314000000006,51.711999999999534,34.815999999998894,47150.897000000004,-51834.72200000001
MADDY03EM3C,57,row_N,47150.897000000004,9801.603000000001,1.5707963267948966,1.0,False,,,,,47125.041000000005,9747.87,47176.753000000004,9782.686000000002,51.711999999999534,34.81600000000071,47150.897000000004,9765.278000000002
MADDY03EM3C,58,row_N,47150.897000000004,25201.603,1.5707963267948966,1.0,False,,,,,47125.041000000005,25147.87,47176.753000000004,25182.685999999998,51.711999999999534,34.815999999998894,47150.897000000004,25165.278
MADDY03EM3C,59,row_N,47150.897000000004,40601.603,1.5707963267948966,1.0,False,,,,,47125.041000000005,40547.87,47176.753000000004,40582.686,51.711999999999534,34.815999999998894,47150.897000000004,40565.278000000006
MADDY03EM3C,60,row_N,47150.897000000004,-59498.397000000004,1.5707963267948966,1.0,False,,,,,47125.041000000005,-59552.130000000005,47176.753000000004,-59517.314000000006,51.711999999999534,34.815999999998894,47150.897000000004,-59534.72200000001
MADDY03EM3C,61,row_N,47150.897000000004,32901.603,1.5707963267948966,1.0,False,,,,,47125.041000000005,32847.87,47176.753000000004,32882.686,51.711999999999534,34.815999999998894,47150.897000000004,32865.278000000006
MADDY03EM3C,62,row_N,47150.897000000004,-36398.397,1.5707963267948966,1.0,False,,,,,47125.041000000005,-36452.13,47176.753000000004,-36417.314,51.711999999999534,34.815999999998894,47150.897000000004,-36434.721999999994
MADDY03EM3C,63,row_N,47150.897000000004,48301.603,1.5707963267948966,1.0,False,,,,,47125.041000000005,48247.87,47176.753000000004,48282.686,51.711999999999534,34.815999999998894,47150.897000000004,48265.278000000006
MADDY03EM3C,64,row_N,47150.897000000004,71401.603,1.5707963267948966,1.0,False,,,,,47125.041000000005,71347.87000000001,47176.753000000004,71382.686,51.711999999999534,34.81599999999162,47150.897000000004,71365.278
MADDY03EM3C,65,row_N,47150.897000000004,17501.603,1.5707963267948966,1.0,False,,,,,47125.041000000005,17447.87,47176.753000000004,17482.685999999998,51.711999999999534,34.815999999998894,47150.897000000004,17465.278
MADDY03EM3C,66,row_N,47150.897000000004,-13298.397,1.5707963267948966,1.0,False,,,,,47125.041000000005,-13352.130000000001,47176.753000000004,-13317.314,51.711999999999534,34.81600000000071,47150.897000000004,-13334.722000000002
MADDY03EM3C,67,row_N,47150.897000000004,-5598.397,1.5707963267948966,1.0,False,,,,,47125.041000000005,-5652.13,47176.753000000004,-5617.314,51.711999999999534,34.8159999999998,47150.897000000004,-5634.722
MADDY03EM3C,68,row_M,36936.897,2101.603,1.5707963267948966,1.0,False,,,,,36911.041,2046.846,36962.753,2083.71,51.711999999999534,36.86400000000003,36936.897,2065.2780000000002
MADDY03EM3C,69,row_M,36936.897,56001.603,1.5707963267948966,1.0,False,,,,,36911.041,55946.846000000005,36962.753,55983.71000000001,51.711999999999534,36.8640000000014,36936.897,55965.278000000006
MADDY03EM3C,70,row_M,36936.897,-67198.397,1.5707963267948966,1.0,False,,,,,36911.041,-67253.154,36962.753,-67216.29,51.711999999999534,36.8640000000014,36936.897,-67234.722
MADDY03EM3C,71,row_M,36936.897,-44098.397000000004,1.5707963267948966,1.0,False,,,,,36911.041,-44153.154,36962.753,-44116.29,51.711999999999534,36.8640000000014,36936.897,-44134.722
MADDY03EM3C,72,row_M,36936.897,-28698.397,1.5707963267948966,1.0,False,,,,,36911.041,-28753.154000000002,36962.753,-28716.29,51.711999999999534,36.8640000000014,36936.897,-28734.722
MADDY03EM3C,73,row_M,36936.897,-20998.397,1.5707963267948966,1.0,False,,,,,36911.041,-21053.154000000002,36962.753,-21016.29,51.711999999999534,36.8640000000014,36936.897,-21034.722
MADDY03EM3C,74,row_M,36936.897,63701.603,1.5707963267948966,1.0,False,,,,,36911.041,63646.846000000005,36962.753,63683.71000000001,51.711999999999534,36.8640000000014,36936.897,63665.278000000006
MADDY03EM3C,75,row_M,36936.897,-51798.397000000004,1.5707963267948966,1.0,False,,,,,36911.041,-51853.154,36962.753,-51816.29,51.711999999999534,36.8640000000014,36936.897,-51834.722
MADDY03EM3C,76,row_M,36936.897,9801.603000000001,1.5707963267948966,1.0,False,,,,,36911.041,9746.846000000001,36962.753,9783.710000000001,51.711999999999534,36.86399999999958,36936.897,9765.278000000002
MADDY03EM3C,77,row_M,36936.897,25201.603,1.5707963267948966,1.0,False,,,,,36911.041,25146.845999999998,36962.753,25183.71,51.711999999999534,36.8640000000014,36936.897,25165.278
MADDY03EM3C,78,row_M,36936.897,79101.603,1.5707963267948966,1.0,False,,,,,36911.041,79046.846,36962.753,79083.71,51.711999999999534,36.8640000000014,36936.897,79065.278
MADDY03EM3C,79,row_M,36936.897,40601.603,1.5707963267948966,1.0,False,,,,,36911.041,40546.846000000005,36962.753,40583.71000000001,51.711999999999534,36.8640000000014,36936.897,40565.278000000006
MADDY03EM3C,80,row_M,36936.897,-59498.397000000004,1.5707963267948966,1.0,False,,,,,36911.041,-59553.154,36962.753,-59516.29,51.711999999999534,36.8640000000014,36936.897,-59534.722
MADDY03EM3C,81,row_M,36936.897,32901.603,1.5707963267948966,1.0,False,,,,,36911.041,32846.846000000005,36962.753,32883.71000000001,51.711999999999534,36.8640000000014,36936.897,32865.278000000006
MADDY03EM3C,82,row_M,36936.897,-36398.397,1.5707963267948966,1.0,False,,,,,36911.041,-36453.153999999995,36962.753,-36416.28999999999,51.711999999999534,36.8640000000014,36936.897,-36434.721999999994
MADDY03EM3C,83,row_M,36936.897,48301.603,1.5707963267948966,1.0,False,,,,,36911.041,48246.846000000005,36962.753,48283.71000000001,51.711999999999534,36.8640000000014,36936.897,48265.278000000006
MADDY03EM3C,84,row_M,36936.897,71401.603,1.5707963267948966,1.0,False,,,,,36911.041,71346.846,36962.753,71383.71,51.711999999999534,36.8640000000014,36936.897,71365.278
MADDY03EM3C,85,row_M,36936.897,17501.603,1.5707963267948966,1.0,False,,,,,36911.041,17446.845999999998,36962.753,17483.71,51.711999999999534,36.8640000000014,36936.897,17465.278
MADDY03EM3C,86,row_M,36936.897,-13298.397,1.5707963267948966,1.0,False,,,,,36911.041,-13353.154,36962.753,-13316.29,51.711999999999534,36.86399999999958,36936.897,-13334.722000000002
MADDY03EM3C,87,row_M,36936.897,-74898.397,1.5707963267948966,1.0,False,,,,,36911.041,-74953.154,36962.753,-74916.29,51.711999999999534,36.8640000000014,36936.897,-74934.722
MADDY03EM3C,88,row_M,36936.897,-5598.397,1.5707963267948966,1.0,False,,,,,36911.041,-5653.1539999999995,36962.753,-5616.29,51.711999999999534,36.86399999999958,36936.897,-5634.722
MADDY03EM3C,89,row_L,26722.897,-82598.397,1.5707963267948966,1.0,False,,,,,26697.041,-82652.12999999999,26748.753,-82617.314,51.711999999999534,34.81599999999162,26722.897,-82634.722
MADDY03EM3C,90,row_L,26722.897,2101.603,1.5707963267948966,1.0,False,,,,,26697.041,2047.8700000000001,26748.753,2082.686,51.711999999999534,34.81600000000003,26722.897,2065.2780000000002
MADDY03EM3C,91,row_L,26722.897,56001.603,1.5707963267948966,1.0,False,,,,,26697.041,55947.87,26748.753,55982.686,51.711999999999534,34.815999999998894,26722.897,55965.278000000006
MADDY03EM3C,92,row_L,26722.897,-67198.397,1.5707963267948966,1.0,False,,,,,26697.041,-67252.12999999999,26748.753,-67217.314,51.711999999999534,34.81599999999162,26722.897,-67234.722
MADDY03EM3C,93,row_L,26722.897,-44098.397000000004,1.5707963267948966,1.0,False,,,,,26697.041,-44152.130000000005,26748.753,-44117.314000000006,51.711999999999534,34.815999999998894,26722.897,-44134.72200000001
MADDY03EM3C,94,row_L,26722.897,-28698.397,1.5707963267948966,1.0,False,,,,,26697.041,-28752.13,26748.753,-28717.314000000002,51.711999999999534,34.815999999998894,26722.897,-28734.722
MADDY03EM3C,95,row_L,26722.897,-20998.397,1.5707963267948966,1.0,False,,,,,26697.041,-21052.13,26748.753,-21017.314000000002,51.711999999999534,34.815999999998894,26722.897,-21034.722
MADDY03EM3C,96,row_L,26722.897,63701.603,1.5707963267948966,1.0,False,,,,,26697.041,63647.87,26748.753,63682.686,51.711999999999534,34.815999999998894,26722.897,63665.278000000006
MADDY03EM3C,97,row_L,26722.897,-51798.397000000004,1.5707963267948966,1.0,False,,,,,26697.041,-51852.130000000005,26748.753,-51817.314000000006,51.711999999999534,34.815999999998894,26722.897,-51834.72200000001
MADDY03EM3C,98,row_L,26722.897,9801.603000000001,1.5707963267948966,1.0,False,,,,,26697.041,9747.87,26748.753,9782.686000000002,51.711999999999534,34.81600000000071,26722.897,9765.278000000002
MADDY03EM3C,99,row_L,26722.897,25201.603,1.5707963267948966,1.0,False,,,,,26697.041,25147.87,26748.753,25182.685999999998,51.711999999999534,34.815999999998894,26722.897,25165.278
MADDY03EM3C,100,row_L,26722.897,86801.603,1.5707963267948966,1.0,False,,,,,26697.041,86747.87000000001,26748.753,86782.686,51.711999999999534,34.81599999999162,26722.897,86765.278
MADDY03EM3C,101,row_L,26722.897,79101.603,1.5707963267948966,1.0,False,,,,,26697.041,79047.87000000001,26748.753,79082.686,51.711999999999534,34.81599999999162,26722.897,79065.278
MADDY03EM3C,102,row_L,26722.897,40601.603,1.5707963267948966,1.0,False,,,,,26697.041,40547.87,26748.753,40582.686,51.711999999999534,34.815999999998894,26722.897,40565.278000000006
MADDY03EM3C,103,row_L,26722.897,-59498.397000000004,1.5707963267948966,1.0,False,,,,,26697.041,-59552.130000000005,26748.753,-59517.314000000006,51.711999999999534,34.815999999998894,26722.897,-59534.72200000001
MADDY03EM3C,104,row_L,26722.897,32901.603,1.5707963267948966,1.0,False,,,,,26697.041,32847.87,26748.753,32882.686,51.711999999999534,34.815999999998894,26722.897,32865.278000000006
MADDY03EM3C,105,row_L,26722.897,-36398.397,1.5707963267948966,1.0,False,,,,,26697.041,-36452.13,26748.753,-36417.314,51.711999999999534,34.815999999998894,26722.897,-36434.721999999994
MADDY03EM3C,106,row_L,26722.897,48301.603,1.5707963267948966,1.0,False,,,,,26697.041,48247.87,26748.753,48282.686,51.711999999999534,34.815999999998894,26722.897,48265.278000000006
MADDY03EM3C,107,row_L,26722.897,71401.603,1.5707963267948966,1.0,False,,,,,26697.041,71347.87000000001,26748.753,71382.686,51.711999999999534,34.81599999999162,26722.897,71365.278
MADDY03EM3C,108,row_L,26722.897,17501.603,1.5707963267948966,1.0,False,,,,,26697.041,17447.87,26748.753,17482.685999999998,51.711999999999534,34.815999999998894,26722.897,17465.278
MADDY03EM3C,109,row_L,26722.897,-13298.397,1.5707963267948966,1.0,False,,,,,26697.041,-13352.130000000001,26748.753,-13317.314,51.711999999999534,34.81600000000071,26722.897,-13334.722000000002
MADDY03EM3C,110,row_L,26722.897,-74898.397,1.5707963267948966,1.0,False,,,,,26697.041,-74952.12999999999,26748.753,-74917.314,51.711999999999534,34.81599999999162,26722.897,-74934.722
MADDY03EM3C,111,row_L,26722.897,-5598.397,1.5707963267948966,1.0,False,,,,,26697.041,-5652.13,26748.753,-5617.314,51.711999999999534,34.8159999999998,26722.897,-5634.722
MADDY03EM3C,112,row_K,16508.897,2101.603,1.5707963267948966,1.0,False,,,,,16483.041,2044.9260000000002,16534.753,2085.63,51.711999999999534,40.70399999999995,16508.897,2065.2780000000002
MADDY03EM3C,113,row_K,16508.897,56001.603,1.5707963267948966,1.0,False,,,,,16483.041,55944.926,16534.753,55985.630000000005,51.711999999999534,40.70400000000518,16508.897,55965.278000000006
MADDY03EM3C,114,row_K,16508.897,-67198.397,1.5707963267948966,1.0,False,,,,,16483.041,-67255.074,16534.753,-67214.37,51.711999999999534,40.703999999997905,16508.897,-67234.722
MADDY03EM3C,115,row_K,16508.897,-44098.397000000004,1.5707963267948966,1.0,False,,,,,16483.041,-44155.07400000001,16534.753,-44114.37,51.711999999999534,40.70400000000518,16508.897,-44134.72200000001
MADDY03EM3C,116,row_K,16508.897,-28698.397,1.5707963267948966,1.0,False,,,,,16483.041,-28755.074,16534.753,-28714.370000000003,51.711999999999534,40.703999999997905,16508.897,-28734.722
MADDY03EM3C,117,row_K,16508.897,-20998.397,1.5707963267948966,1.0,False,,,,,16483.041,-21055.074,16534.753,-21014.370000000003,51.711999999999534,40.703999999997905,16508.897,-21034.722
MADDY03EM3C,118,row_K,16508.897,63701.603,1.5707963267948966,1.0,False,,,,,16483.041,63644.926,16534.753,63685.630000000005,51.711999999999534,40.70400000000518,16508.897,63665.278000000006
MADDY03EM3C,119,row_K,16508.897,-51798.397000000004,1.5707963267948966,1.0,False,,,,,16483.041,-51855.07400000001,16534.753,-51814.37,51.711999999999534,40.70400000000518,16508.897,-51834.72200000001
MADDY03EM3C,120,row_K,16508.897,9801.603000000001,1.5707963267948966,1.0,False,,,,,16483.041,9744.926000000001,16534.753,9785.630000000001,51.711999999999534,40.70399999999972,16508.897,9765.278000000002
MADDY03EM3C,121,row_K,16508.897,25201.603,1.5707963267948966,1.0,False,,,,,16483.041,25144.926,16534.753,25185.629999999997,51.711999999999534,40.703999999997905,16508.897,25165.278
MADDY03EM3C,122,row_K,16508.897,86801.603,1.5707963267948966,1.0,False,,,,,16483.041,86744.926,16534.753,86785.63,51.711999999999534,40.703999999997905,16508.897,86765.278
MADDY03EM3C,123,row_K,16508.897,79101.603,1.5707963267948966,1.0,False,,,,,16483.041,79044.926,16534.753,79085.63,51.711999999999534,40.703999999997905,16508.897,79065.278
MADDY03EM3C,124,row_K,16508.897,40601.603,1.5707963267948966,1.0,False,,,,,16483.041,40544.926,16534.753,40585.630000000005,51.711999999999534,40.70400000000518,16508.897,40565.278000000006
MADDY03EM3C,125,row_K,16508.897,-59498.397000000004,1.5707963267948966,1.0,False,,,,,16483.041,-59555.07400000001,16534.753,-59514.37,51.711999999999534,40.70400000000518,16508.897,-59534.72200000001
MADDY03EM3C,126,row_K,16508.897,32901.603,1.5707963267948966,1.0,False,,,,,16483.041,32844.926,16534.753,32885.630000000005,51.711999999999534,40.70400000000518,16508.897,32865.278000000006
MADDY03EM3C,127,row_K,16508.897,-36398.397,1.5707963267948966,1.0,False,,,,,16483.041,-36455.074,16534.753,-36414.369999999995,51.711999999999534,40.70400000000518,16508.897,-36434.721999999994
MADDY03EM3C,128,row_K,16508.897,-82598.397,1.5707963267948966,1.0,False,,,,,16483.041,-82655.074,16534.753,-82614.37,51.711999999999534,40.703999999997905,16508.897,-82634.722
MADDY03EM3C,129,row_K,16508.897,48301.603,1.5707963267948966,1.0,False,,,,,16483.041,48244.926,16534.753,48285.630000000005,51.711999999999534,40.70400000000518,16508.897,48265.278000000006
MADDY03EM3C,130,row_K,16508.897,71401.603,1.5707963267948966,1.0,False,,,,,16483.041,71344.926,16534.753,71385.63,51.711999999999534,40.703999999997905,16508.897,71365.278
MADDY03EM3C,131,row_K,16508.897,17501.603,1.5707963267948966,1.0,False,,,,,16483.041,17444.926,16534.753,17485.629999999997,51.711999999999534,40.703999999997905,16508.897,17465.278
MADDY03EM3C,132,row_K,16508.897,-13298.397,1.5707963267948966,1.0,False,,,,,16483.041,-13355.074,16534.753,-13314.37,51.711999999999534,40.70399999999972,16508.897,-13334.722000000002
MADDY03EM3C,133,row_K,16508.897,-74898.397,1.5707963267948966,1.0,False,,,,,16483.041,-74955.074,16534.753,-74914.37,51.711999999999534,40.703999999997905,16508.897,-74934.722
MADDY03EM3C,134,row_K,16508.897,-5598.397,1.5707963267948966,1.0,False,,,,,16483.041,-5655.074,16534.753,-5614.37,51.711999999999534,40.70399999999972,16508.897,-5634.722
MADDY03EM3C,135,row_J,6294.897,2101.603,1.5707963267948966,1.0,False,,,,,6268.785,2051.71,6321.009,2078.846,52.22400000000016,27.135999999999967,6294.897,2065.2780000000002
MADDY03EM3C,136,row_J,6294.897,56001.603,1.5707963267948966,1.0,False,,,,,6268.785,55951.71000000001,6321.009,55978.846000000005,52.22400000000016,27.135999999998603,6294.897,55965.278000000006
MADDY03EM3C,137,row_J,6294.897,-67198.397,1.5707963267948966,1.0,False,,,,,6268.785,-67248.29,6321.009,-67221.154,52.22400000000016,27.135999999998603,6294.897,-67234.722
MADDY03EM3C,138,row_J,6294.897,-44098.397000000004,1.5707963267948966,1.0,False,,,,,6268.785,-44148.29,6321.009,-44121.154,52.22400000000016,27.135999999998603,6294.897,-44134.722
MADDY03EM3C,139,row_J,6294.897,-28698.397,1.5707963267948966,1.0,False,,,,,6268.785,-28748.29,6321.009,-28721.154000000002,52.22400000000016,27.135999999998603,6294.897,-28734.722
MADDY03EM3C,140,row_J,6294.897,-20998.397,1.5707963267948966,1.0,False,,,,,6268.785,-21048.29,6321.009,-21021.154000000002,52.22400000000016,27.135999999998603,6294.897,-21034.722
MADDY03EM3C,141,row_J,6294.897,63701.603,1.5707963267948966,1.0,False,,,,,6268.785,63651.71000000001,6321.009,63678.846000000005,52.22400000000016,27.135999999998603,6294.897,63665.278000000006
MADDY03EM3C,142,row_J,6294.897,-51798.397000000004,1.5707963267948966,1.0,False,,,,,6268.785,-51848.29,6321.009,-51821.154,52.22400000000016,27.135999999998603,6294.897,-51834.722
MADDY03EM3C,143,row_J,6294.897,9801.603000000001,1.5707963267948966,1.0,False,,,,,6268.785,9751.710000000001,6321.009,9778.846000000001,52.22400000000016,27.136000000000422,6294.897,9765.278000000002
MADDY03EM3C,144,row_J,6294.897,25201.603,1.5707963267948966,1.0,False,,,,,6268.785,25151.71,6321.009,25178.845999999998,52.22400000000016,27.135999999998603,6294.897,25165.278
MADDY03EM3C,145,row_J,6294.897,86801.603,1.5707963267948966,1.0,False,,,,,6268.785,86751.71,6321.009,86778.846,52.22400000000016,27.135999999998603,6294.897,86765.278
MADDY03EM3C,146,row_J,6294.897,79101.603,1.5707963267948966,1.0,False,,,,,6268.785,79051.71,6321.009,79078.846,52.22400000000016,27.135999999998603,6294.897,79065.278
MADDY03EM3C,147,row_J,6294.897,40601.603,1.5707963267948966,1.0,False,,,,,6268.785,40551.71000000001,6321.009,40578.846000000005,52.22400000000016,27.135999999998603,6294.897,40565.278000000006
MADDY03EM3C,148,row_J,6294.897,-59498.397000000004,1.5707963267948966,1.0,False,,,,,6268.785,-59548.29,6321.009,-59521.154,52.22400000000016,27.135999999998603,6294.897,-59534.722
MADDY03EM3C,149,row_J,6294.897,32901.603,1.5707963267948966,1.0,False,,,,,6268.785,32851.71000000001,6321.009,32878.846000000005,52.22400000000016,27.135999999998603,6294.897,32865.278000000006
MADDY03EM3C,150,row_J,6294.897,-36398.397,1.5707963267948966,1.0,False,,,,,6268.785,-36448.28999999999,6321.009,-36421.153999999995,52.22400000000016,27.135999999998603,6294.897,-36434.721999999994
MADDY03EM3C,151,row_J,6294.897,-82598.397,1.5707963267948966,1.0,False,,,,,6268.785,-82648.29,6321.009,-82621.154,52.22400000000016,27.135999999998603,6294.897,-82634.722
MADDY03EM3C,152,row_J,6294.897,48301.603,1.5707963267948966,1.0,False,,,,,6268.785,48251.71000000001,6321.009,48278.846000000005,52.22400000000016,27.135999999998603,6294.897,48265.278000000006
MADDY03EM3C,153,row_J,6294.897,71401.603,1.5707963267948966,1.0,False,,,,,6268.785,71351.71,6321.009,71378.846,52.22400000000016,27.135999999998603,6294.897,71365.278
MADDY03EM3C,154,row_J,6294.897,17501.603,1.5707963267948966,1.0,False,,,,,6268.785,17451.71,6321.009,17478.845999999998,52.22400000000016,27.135999999998603,6294.897,17465.278
MADDY03EM3C,155,row_J,6294.897,-13298.397,1.5707963267948966,1.0,False,,,,,6268.785,-13348.29,6321.009,-13321.154,52.22400000000016,27.136000000000422,6294.897,-13334.722000000002
MADDY03EM3C,156,row_J,6294.897,-74898.397,1.5707963267948966,1.0,False,,,,,6268.785,-74948.29,6321.009,-74921.154,52.22400000000016,27.135999999998603,6294.897,-74934.722
MADDY03EM3C,157,row_J,6294.897,-5598.397,1.5707963267948966,1.0,False,,,,,6268.785,-5648.29,6321.009,-5621.1539999999995,52.22400000000016,27.136000000000422,6294.897,-5634.722
MADDY03EM3C,158,row_I,-3919.103,2101.603,1.5707963267948966,1.0,False,,,,,-3944.9590000000003,2047.864,-3893.247,2075.0,51.712000000000444,27.135999999999967,-3919.103,2061.432
MADDY03EM3C,159,row_I,-3919.103,56001.603,1.5707963267948966,1.0,False,,,,,-3944.9590000000003,55947.864,-3893.247,55975.0,51.712000000000444,27.135999999998603,-3919.103,55961.432
MADDY03EM3C,160,row_I,-3919.103,-67198.397,1.5707963267948966,1.0,False,,,,,-3944.9590000000003,-67252.136,-3893.247,-67225.0,51.712000000000444,27.135999999998603,-3919.103,-67238.568
MADDY03EM3C,161,row_I,-3919.103,-44098.397000000004,1.5707963267948966,1.0,False,,,,,-3944.9590000000003,-44152.136000000006,-3893.247,-44125.00000000001,51.712000000000444,27.135999999998603,-3919.103,-44138.56800000001
MADDY03EM3C,162,row_I,-3919.103,-28698.397,1.5707963267948966,1.0,False,,,,,-3944.9590000000003,-28752.136000000002,-3893.247,-28725.0,51.712000000000444,27.13600000000224,-3919.103,-28738.568
MADDY03EM3C,163,row_I,-3919.103,-20998.397,1.5707963267948966,1.0,False,,,,,-3944.9590000000003,-21052.136000000002,-3893.247,-21025.0,51.712000000000444,27.13600000000224,-3919.103,-21038.568
MADDY03EM3C,164,row_I,-3919.103,63701.603,1.5707963267948966,1.0,False,,,,,-3944.9590000000003,63647.864,-3893.247,63675.0,51.712000000000444,27.135999999998603,-3919.103,63661.432
MADDY03EM3C,165,row_I,-3919.103,-51798.397000000004,1.5707963267948966,1.0,False,,,,,-3944.9590000000003,-51852.136000000006,-3893.247,-51825.00000000001,51.712000000000444,27.135999999998603,-3919.103,-51838.56800000001
MADDY03EM3C,166,row_I,-3919.103,9801.603000000001,1.5707963267948966,1.0,False,,,,,-3944.9590000000003,9747.864000000001,-3893.247,9775.000000000002,51.712000000000444,27.136000000000422,-3919.103,9761.432
MADDY03EM3C,167,row_I,-3919.103,25201.603,1.5707963267948966,1.0,False,,,,,-3944.9590000000003,25147.863999999998,-3893.247,25175.0,51.712000000000444,27.13600000000224,-3919.103,25161.432
MADDY03EM3C,168,row_I,-3919.103,86801.603,1.5707963267948966,1.0,False,,,,,-3944.9590000000003,86747.864,-3893.247,86775.0,51.712000000000444,27.135999999998603,-3919.103,86761.432
MADDY03EM3C,169,row_I,-3919.103,79101.603,1.5707963267948966,1.0,False,,,,,-3944.9590000000003,79047.864,-3893.247,79075.0,51.712000000000444,27.135999999998603,-3919.103,79061.432
MADDY03EM3C,170,row_I,-3919.103,40601.603,1.5707963267948966,1.0,False,,,,,-3944.9590000000003,40547.864,-3893.247,40575.0,51.712000000000444,27.135999999998603,-3919.103,40561.432
MADDY03EM3C,171,row_I,-3919.103,-59498.397000000004,1.5707963267948966,1.0,False,,,,,-3944.9590000000003,-59552.136000000006,-3893.247,-59525.00000000001,51.712000000000444,27.135999999998603,-3919.103,-59538.56800000001
MADDY03EM3C,172,row_I,-3919.103,32901.603,1.5707963267948966,1.0,False,,,,,-3944.9590000000003,32847.864,-3893.247,32875.0,51.712000000000444,27.135999999998603,-3919.103,32861.432
MADDY03EM3C,173,row_I,-3919.103,-36398.397,1.5707963267948966,1.0,False,,,,,-3944.9590000000003,-36452.136,-3893.247,-36425.0,51.712000000000444,27.135999999998603,-3919.103,-36438.568
MADDY03EM3C,174,row_I,-3919.103,-82598.397,1.5707963267948966,1.0,False,,,,,-3944.9590000000003,-82652.136,-3893.247,-82625.0,51.712000000000444,27.135999999998603,-3919.103,-82638.568
MADDY03EM3C,175,row_I,-3919.103,48301.603,1.5707963267948966,1.0,False,,,,,-3944.9590000000003,48247.864,-3893.247,48275.0,51.712000000000444,27.135999999998603,-3919.103,48261.432
MADDY03EM3C,176,row_I,-3919.103,71401.603,1.5707963267948966,1.0,False,,,,,-3944.9590000000003,71347.864,-3893.247,71375.0,51.712000000000444,27.135999999998603,-3919.103,71361.432
MADDY03EM3C,177,row_I,-3919.103,17501.603,1.5707963267948966,1.0,False,,,,,-3944.9590000000003,17447.863999999998,-3893.247,17475.0,51.712000000000444,27.13600000000224,-3919.103,17461.432
MADDY03EM3C,178,row_I,-3919.103,-13298.397,1.5707963267948966,1.0,False,,,,,-3944.9590000000003,-13352.136,-3893.247,-13325.0,51.712000000000444,27.136000000000422,-3919.103,-13338.568
MADDY03EM3C,179,row_I,-3919.103,-74898.397,1.5707963267948966,1.0,False,,,,,-3944.9590000000003,-74952.136,-3893.247,-74925.0,51.712000000000444,27.135999999998603,-3919.103,-74938.568
MADDY03EM3C,180,row_I,-3919.103,-5598.397,1.5707963267948966,1.0,False,,,,,-3944.9590000000003,-5652.1359999999995,-3893.247,-5625.0,51.712000000000444,27.135999999999513,-3919.103,-5638.567999999999
MADDY03EM3C,181,row_H,-14133.103000000001,2101.603,1.5707963267948966,1.0,False,,,,,-14158.959,2048.382,-14107.247000000001,2082.174,51.711999999999534,33.791999999999916,-14133.103000000001,2065.2780000000002
MADDY03EM3C,182,row_H,-14133.103000000001,56001.603,1.5707963267948966,1.0,False,,,,,-14158.959,55948.382000000005,-14107.247000000001,55982.174000000006,51.711999999999534,33.79200000000128,-14133.103000000001,55965.278000000006
MADDY03EM3C,183,row_H,-14133.103000000001,-67198.397,1.5707963267948966,1.0,False,,,,,-14158.959,-67251.618,-14107.247000000001,-67217.826,51.711999999999534,33.79200000000128,-14133.103000000001,-67234.72200000001
MADDY03EM3C,184,row_H,-14133.103000000001,-44098.397000000004,1.5707963267948966,1.0,False,,,,,-14158.959,-44151.618,-14107.247000000001,-44117.826,51.711999999999534,33.79200000000128,-14133.103000000001,-44134.722
MADDY03EM3C,185,row_H,-14133.103000000001,-28698.397,1.5707963267948966,1.0,False,,,,,-14158.959,-28751.618000000002,-14107.247000000001,-28717.826,51.711999999999534,33.79200000000128,-14133.103000000001,-28734.722
MADDY03EM3C,186,row_H,-14133.103000000001,-20998.397,1.5707963267948966,1.0,False,,,,,-14158.959,-21051.618000000002,-14107.247000000001,-21017.826,51.711999999999534,33.79200000000128,-14133.103000000001,-21034.722
MADDY03EM3C,187,row_H,-14133.103000000001,63701.603,1.5707963267948966,1.0,False,,,,,-14158.959,63648.382000000005,-14107.247000000001,63682.174000000006,51.711999999999534,33.79200000000128,-14133.103000000001,63665.278000000006
MADDY03EM3C,188,row_H,-14133.103000000001,-51798.397000000004,1.5707963267948966,1.0,False,,,,,-14158.959,-51851.618,-14107.247000000001,-51817.826,51.711999999999534,33.79200000000128,-14133.103000000001,-51834.722
MADDY03EM3C,189,row_H,-14133.103000000001,9801.603000000001,1.5707963267948966,1.0,False,,,,,-14158.959,9748.382000000001,-14107.247000000001,9782.174,51.711999999999534,33.79199999999946,-14133.103000000001,9765.278000000002
MADDY03EM3C,190,row_H,-14133.103000000001,25201.603,1.5707963267948966,1.0,False,,,,,-14158.959,25148.381999999998,-14107.247000000001,25182.174,51.711999999999534,33.79200000000128,-14133.103000000001,25165.278
MADDY03EM3C,191,row_H,-14133.103000000001,86801.603,1.5707963267948966,1.0,False,,,,,-14158.959,86748.382,-14107.247000000001,86782.174,51.711999999999534,33.79200000000128,-14133.103000000001,86765.27799999999
MADDY03EM3C,192,row_H,-14133.103000000001,79101.603,1.5707963267948966,1.0,False,,,,,-14158.959,79048.382,-14107.247000000001,79082.174,51.711999999999534,33.79200000000128,-14133.103000000001,79065.27799999999
MADDY03EM3C,193,row_H,-14133.103000000001,40601.603,1.5707963267948966,1.0,False,,,,,-14158.959,40548.382000000005,-14107.247000000001,40582.174000000006,51.711999999999534,33.79200000000128,-14133.103000000001,40565.278000000006
MADDY03EM3C,194,row_H,-14133.103000000001,-59498.397000000004,1.5707963267948966,1.0,False,,,,,-14158.959,-59551.618,-14107.247000000001,-59517.826,51.711999999999534,33.79200000000128,-14133.103000000001,-59534.722
MADDY03EM3C,195,row_H,-14133.103000000001,32901.603,1.5707963267948966,1.0,False,,,,,-14158.959,32848.382000000005,-14107.247000000001,32882.174000000006,51.711999999999534,33.79200000000128,-14133.103000000001,32865.278000000006
MADDY03EM3C,196,row_H,-14133.103000000001,-36398.397,1.5707963267948966,1.0,False,,,,,-14158.959,-36451.617999999995,-14107.247000000001,-36417.825999999994,51.711999999999534,33.79200000000128,-14133.103000000001,-36434.721999999994
MADDY03EM3C,197,row_H,-14133.103000000001,-82598.397,1.5707963267948966,1.0,False,,,,,-14158.959,-82651.618,-14107.247000000001,-82617.826,51.711999999999534,33.79200000000128,-14133.103000000001,-82634.72200000001
MADDY03EM3C,198,row_H,-14133.103000000001,48301.603,1.5707963267948966,1.0,False,,,,,-14158.959,48248.382000000005,-14107.247000000001,48282.174000000006,51.711999999999534,33.79200000000128,-14133.103000000001,48265.278000000006
MADDY03EM3C,199,row_H,-14133.103000000001,71401.603,1.5707963267948966,1.0,False,,,,,-14158.959,71348.382,-14107.247000000001,71382.174,51.711999999999534,33.79200000000128,-14133.103000000001,71365.27799999999
MADDY03EM3C,200,row_H,-14133.103000000001,17501.603,1.5707963267948966,1.0,False,,,,,-14158.959,17448.381999999998,-14107.247000000001,17482.174,51.711999999999534,33.79200000000128,-14133.103000000001,17465.278
MADDY03EM3C,201,row_H,-14133.103000000001,-13298.397,1.5707963267948966,1.0,False,,,,,-14158.959,-13351.618,-14107.247000000001,-13317.826000000001,51.711999999999534,33.79199999999946,-14133.103000000001,-13334.722000000002
MADDY03EM3C,202,row_H,-14133.103000000001,-74898.397,1.5707963267948966,1.0,False,,,,,-14158.959,-74951.618,-14107.247000000001,-74917.826,51.711999999999534,33.79200000000128,-14133.103000000001,-74934.72200000001
MADDY03EM3C,203,row_H,-14133.103000000001,-5598.397,1.5707963267948966,1.0,False,,,,,-14158.959,-5651.618,-14107.247000000001,-5617.826,51.711999999999534,33.79200000000037,-14133.103000000001,-5634.722
MADDY03EM3C,204,row_G,-24347.103,2101.603,1.5707963267948966,1.0,False,,,,,-24373.599,2047.486,-24320.607,2083.07,52.99199999999837,35.58400000000006,-24347.103,2065.2780000000002
MADDY03EM3C,205,row_G,-24347.103,56001.603,1.5707963267948966,1.0,False,,,,,-24373.599,55947.486000000004,-24320.607,55983.07,52.99199999999837,35.583999999995285,-24347.103,55965.278000000006
MADDY03EM3C,206,row_G,-24347.103,-67198.397,1.5707963267948966,1.0,False,,,,,-24373.599,-67252.514,-24320.607,-67216.93,52.99199999999837,35.58400000000256,-24347.103,-67234.722
MADDY03EM3C,207,row_G,-24347.103,-44098.397000000004,1.5707963267948966,1.0,False,,,,,-24373.599,-44152.514,-24320.607,-44116.93000000001,52.99199999999837,35.583999999995285,-24347.103,-44134.72200000001
MADDY03EM3C,208,row_G,-24347.103,-28698.397,1.5707963267948966,1.0,False,,,,,-24373.599,-28752.514,-24320.607,-28716.93,52.99199999999837,35.58399999999892,-24347.103,-28734.722
MADDY03EM3C,209,row_G,-24347.103,-20998.397,1.5707963267948966,1.0,False,,,,,-24373.599,-21052.514,-24320.607,-21016.93,52.99199999999837,35.58399999999892,-24347.103,-21034.722
MADDY03EM3C,210,row_G,-24347.103,63701.603,1.5707963267948966,1.0,False,,,,,-24373.599,63647.486000000004,-24320.607,63683.07,52.99199999999837,35.583999999995285,-24347.103,63665.278000000006
MADDY03EM3C,211,row_G,-24347.103,-51798.397000000004,1.5707963267948966,1.0,False,,,,,-24373.599,-51852.514,-24320.607,-51816.93000000001,52.99199999999837,35.583999999995285,-24347.103,-51834.72200000001
MADDY03EM3C,212,row_G,-24347.103,9801.603000000001,1.5707963267948966,1.0,False,,,,,-24373.599,9747.486,-24320.607,9783.070000000002,52.99199999999837,35.58400000000074,-24347.103,9765.278000000002
MADDY03EM3C,213,row_G,-24347.103,25201.603,1.5707963267948966,1.0,False,,,,,-24373.599,25147.486,-24320.607,25183.07,52.99199999999837,35.58399999999892,-24347.103,25165.278
MADDY03EM3C,214,row_G,-24347.103,86801.603,1.5707963267948966,1.0,False,,,,,-24373.599,86747.486,-24320.607,86783.07,52.99199999999837,35.58400000000256,-24347.103,86765.278
MADDY03EM3C,215,row_G,-24347.103,79101.603,1.5707963267948966,1.0,False,,,,,-24373.599,79047.486,-24320.607,79083.07,52.99199999999837,35.58400000000256,-24347.103,79065.278
MADDY03EM3C,216,row_G,-24347.103,40601.603,1.5707963267948966,1.0,False,,,,,-24373.599,40547.486000000004,-24320.607,40583.07,52.99199999999837,35.583999999995285,-24347.103,40565.278000000006
MADDY03EM3C,217,row_G,-24347.103,-59498.397000000004,1.5707963267948966,1.0,False,,,,,-24373.599,-59552.514,-24320.607,-59516.93000000001,52.99199999999837,35.583999999995285,-24347.103,-59534.72200000001
MADDY03EM3C,218,row_G,-24347.103,32901.603,1.5707963267948966,1.0,False,,,,,-24373.599,32847.486000000004,-24320.607,32883.07,52.99199999999837,35.583999999995285,-24347.103,32865.278000000006
MADDY03EM3C,219,row_G,-24347.103,-36398.397,1.5707963267948966,1.0,False,,,,,-24373.599,-36452.513999999996,-24320.607,-36416.93,52.99199999999837,35.583999999995285,-24347.103,-36434.721999999994
MADDY03EM3C,220,row_G,-24347.103,-82598.397,1.5707963267948966,1.0,False,,,,,-24373.599,-82652.514,-24320.607,-82616.93,52.99199999999837,35.58400000000256,-24347.103,-82634.722
MADDY03EM3C,221,row_G,-24347.103,48301.603,1.5707963267948966,1.0,False,,,,,-24373.599,48247.486000000004,-24320.607,48283.07,52.99199999999837,35.583999999995285,-24347.103,48265.278000000006
MADDY03EM3C,222,row_G,-24347.103,71401.603,1.5707963267948966,1.0,False,,,,,-24373.599,71347.486,-24320.607,71383.07,52.99199999999837,35.58400000000256,-24347.103,71365.278
MADDY03EM3C,223,row_G,-24347.103,17501.603,1.5707963267948966,1.0,False,,,,,-24373.599,17447.486,-24320.607,17483.07,52.99199999999837,35.58399999999892,-24347.103,17465.278
MADDY03EM3C,224,row_G,-24347.103,-13298.397,1.5707963267948966,1.0,False,,,,,-24373.599,-13352.514000000001,-24320.607,-13316.93,52.99199999999837,35.58400000000074,-24347.103,-13334.722000000002
MADDY03EM3C,225,row_G,-24347.103,-74898.397,1.5707963267948966,1.0,False,,,,,-24373.599,-74952.514,-24320.607,-74916.93,52.99199999999837,35.58400000000256,-24347.103,-74934.722
MADDY03EM3C,226,row_G,-24347.103,-5598.397,1.5707963267948966,1.0,False,,,,,-24373.599,-5652.514,-24320.607,-5616.93,52.99199999999837,35.58399999999983,-24347.103,-5634.722
MADDY03EM3C,227,row_F,-34561.103,2101.603,1.5707963267948966,1.0,False,,,,,-34586.959,2051.326,-34535.247,2079.23,51.711999999999534,27.903999999999996,-34561.103,2065.2780000000002
MADDY03EM3C,228,row_F,-34561.103,56001.603,1.5707963267948966,1.0,False,,,,,-34586.959,55951.326,-34535.247,55979.23,51.711999999999534,27.90400000000227,-34561.103,55965.278000000006
MADDY03EM3C,229,row_F,-34561.103,-67198.397,1.5707963267948966,1.0,False,,,,,-34586.959,-67248.674,-34535.247,-67220.77,51.711999999999534,27.903999999994994,-34561.103,-67234.72200000001
MADDY03EM3C,230,row_F,-34561.103,-44098.397000000004,1.5707963267948966,1.0,False,,,,,-34586.959,-44148.674000000006,-34535.247,-44120.770000000004,51.711999999999534,27.90400000000227,-34561.103,-44134.72200000001
MADDY03EM3C,231,row_F,-34561.103,-28698.397,1.5707963267948966,1.0,False,,,,,-34586.959,-28748.674,-34535.247,-28720.77,51.711999999999534,27.903999999998632,-34561.103,-28734.722
MADDY03EM3C,232,row_F,-34561.103,-20998.397,1.5707963267948966,1.0,False,,,,,-34586.959,-21048.674,-34535.247,-21020.77,51.711999999999534,27.903999999998632,-34561.103,-21034.722
MADDY03EM3C,233,row_F,-34561.103,63701.603,1.5707963267948966,1.0,False,,,,,-34586.959,63651.326,-34535.247,63679.23,51.711999999999534,27.90400000000227,-34561.103,63665.278000000006
MADDY03EM3C,234,row_F,-34561.103,-51798.397000000004,1.5707963267948966,1.0,False,,,,,-34586.959,-51848.674000000006,-34535.247,-51820.770000000004,51.711999999999534,27.90400000000227,-34561.103,-51834.72200000001
MADDY03EM3C,235,row_F,-34561.103,9801.603000000001,1.5707963267948966,1.0,False,,,,,-34586.959,9751.326000000001,-34535.247,9779.230000000001,51.711999999999534,27.90400000000045,-34561.103,9765.278000000002
MADDY03EM3C,236,row_F,-34561.103,25201.603,1.5707963267948966,1.0,False,,,,,-34586.959,25151.326,-34535.247,25179.23,51.711999999999534,27.903999999998632,-34561.103,25165.278
MADDY03EM3C,237,row_F,-34561.103,79101.603,1.5707963267948966,1.0,False,,,,,-34586.959,79051.326,-34535.247,79079.23,51.711999999999534,27.903999999994994,-34561.103,79065.27799999999
MADDY03EM3C,238,row_F,-34561.103,40601.603,1.5707963267948966,1.0,False,,,,,-34586.959,40551.326,-34535.247,40579.23,51.711999999999534,27.90400000000227,-34561.103,40565.278000000006
MADDY03EM3C,239,row_F,-34561.103,-59498.397000000004,1.5707963267948966,1.0,False,,,,,-34586.959,-59548.674000000006,-34535.247,-59520.770000000004,51.711999999999534,27.90400000000227,-34561.103,-59534.72200000001
MADDY03EM3C,240,row_F,-34561.103,32901.603,1.5707963267948966,1.0,False,,,,,-34586.959,32851.326,-34535.247,32879.23,51.711999999999534,27.90400000000227,-34561.103,32865.278000000006
MADDY03EM3C,241,row_F,-34561.103,-36398.397,1.5707963267948966,1.0,False,,,,,-34586.959,-36448.674,-34535.247,-36420.77,51.711999999999534,27.90400000000227,-34561.103,-36434.721999999994
MADDY03EM3C,242,row_F,-34561.103,48301.603,1.5707963267948966,1.0,False,,,,,-34586.959,48251.326,-34535.247,48279.23,51.711999999999534,27.90400000000227,-34561.103,48265.278000000006
MADDY03EM3C,243,row_F,-34561.103,71401.603,1.5707963267948966,1.0,False,,,,,-34586.959,71351.326,-34535.247,71379.23,51.711999999999534,27.903999999994994,-34561.103,71365.27799999999
MADDY03EM3C,244,row_F,-34561.103,17501.603,1.5707963267948966,1.0,False,,,,,-34586.959,17451.326,-34535.247,17479.23,51.711999999999534,27.903999999998632,-34561.103,17465.278
MADDY03EM3C,245,row_F,-34561.103,-13298.397,1.5707963267948966,1.0,False,,,,,-34586.959,-13348.674,-34535.247,-13320.77,51.711999999999534,27.90400000000045,-34561.103,-13334.722000000002
MADDY03EM3C,246,row_F,-34561.103,-74898.397,1.5707963267948966,1.0,False,,,,,-34586.959,-74948.674,-34535.247,-74920.77,51.711999999999534,27.903999999994994,-34561.103,-74934.72200000001
MADDY03EM3C,247,row_F,-34561.103,-5598.397,1.5707963267948966,1.0,False,,,,,-34586.959,-5648.674,-34535.247,-5620.7699999999995,51.711999999999534,27.90400000000045,-34561.103,-5634.722
MADDY03EM3C,248,row_E,-44775.103,2101.603,1.5707963267948966,1.0,False,,,,,-44800.959,2049.022,-44749.247,2081.534,51.711999999999534,32.51200000000017,-44775.103,2065.2780000000002
MADDY03EM3C,249,row_E,-44775.103,56001.603,1.5707963267948966,1.0,False,,,,,-44800.959,55949.022000000004,-44749.247,55981.534,51.711999999999534,32.51199999999517,-44775.103,55965.278000000006
MADDY03EM3C,250,row_E,-44775.103,-67198.397,1.5707963267948966,1.0,False,,,,,-44800.959,-67250.978,-44749.247,-67218.466,51.711999999999534,32.512000000002445,-44775.103,-67234.72200000001
MADDY03EM3C,251,row_E,-44775.103,-44098.397000000004,1.5707963267948966,1.0,False,,,,,-44800.959,-44150.978,-44749.247,-44118.46600000001,51.711999999999534,32.51199999999517,-44775.103,-44134.72200000001
MADDY03EM3C,252,row_E,-44775.103,-28698.397,1.5707963267948966,1.0,False,,,,,-44800.959,-28750.978,-44749.247,-28718.466,51.711999999999534,32.51199999999881,-44775.103,-28734.722
MADDY03EM3C,253,row_E,-44775.103,-20998.397,1.5707963267948966,1.0,False,,,,,-44800.959,-21050.978,-44749.247,-21018.466,51.711999999999534,32.51199999999881,-44775.103,-21034.722
MADDY03EM3C,254,row_E,-44775.103,63701.603,1.5707963267948966,1.0,False,,,,,-44800.959,63649.022000000004,-44749.247,63681.534,51.711999999999534,32.51199999999517,-44775.103,63665.278000000006
MADDY03EM3C,255,row_E,-44775.103,-51798.397000000004,1.5707963267948966,1.0,False,,,,,-44800.959,-51850.978,-44749.247,-51818.46600000001,51.711999999999534,32.51199999999517,-44775.103,-51834.72200000001
MADDY03EM3C,256,row_E,-44775.103,9801.603000000001,1.5707963267948966,1.0,False,,,,,-44800.959,9749.022,-44749.247,9781.534000000001,51.711999999999534,32.512000000000626,-44775.103,9765.278000000002
MADDY03EM3C,257,row_E,-44775.103,25201.603,1.5707963267948966,1.0,False,,,,,-44800.959,25149.022,-44749.247,25181.534,51.711999999999534,32.51199999999881,-44775.103,25165.278
MADDY03EM3C,258,row_E,-44775.103,40601.603,1.5707963267948966,1.0,False,,,,,-44800.959,40549.022000000004,-44749.247,40581.534,51.711999999999534,32.51199999999517,-44775.103,40565.278000000006
MADDY03EM3C,259,row_E,-44775.103,-59498.397000000004,1.5707963267948966,1.0,False,,,,,-44800.959,-59550.978,-44749.247,-59518.46600000001,51.711999999999534,32.51199999999517,-44775.103,-59534.72200000001
MADDY03EM3C,260,row_E,-44775.103,32901.603,1.5707963267948966,1.0,False,,,,,-44800.959,32849.022000000004,-44749.247,32881.534,51.711999999999534,32.51199999999517,-44775.103,32865.278000000006
MADDY03EM3C,261,row_E,-44775.103,-36398.397,1.5707963267948966,1.0,False,,,,,-44800.959,-36450.977999999996,-44749.247,-36418.466,51.711999999999534,32.51199999999517,-44775.103,-36434.721999999994
MADDY03EM3C,262,row_E,-44775.103,48301.603,1.5707963267948966,1.0,False,,,,,-44800.959,48249.022000000004,-44749.247,48281.534,51.711999999999534,32.51199999999517,-44775.103,48265.278000000006
MADDY03EM3C,263,row_E,-44775.103,71401.603,1.5707963267948966,1.0,False,,,,,-44800.959,71349.022,-44749.247,71381.534,51.711999999999534,32.512000000002445,-44775.103,71365.27799999999
MADDY03EM3C,264,row_E,-44775.103,17501.603,1.5707963267948966,1.0,False,,,,,-44800.959,17449.022,-44749.247,17481.534,51.711999999999534,32.51199999999881,-44775.103,17465.278
MADDY03EM3C,265,row_E,-44775.103,-13298.397,1.5707963267948966,1.0,False,,,,,-44800.959,-13350.978000000001,-44749.247,-13318.466,51.711999999999534,32.512000000000626,-44775.103,-13334.722000000002
MADDY03EM3C,266,row_E,-44775.103,-5598.397,1.5707963267948966,1.0,False,,,,,-44800.959,-5650.978,-44749.247,-5618.466,51.711999999999534,32.511999999999716,-44775.103,-5634.722
MADDY03EM3C,267,row_D,-54989.103,2101.603,1.5707963267948966,1.0,False,,,,,-55014.959,2049.022,-54963.247,2081.534,51.711999999999534,32.51200000000017,-54989.103,2065.2780000000002
MADDY03EM3C,268,row_D,-54989.103,56001.603,1.5707963267948966,1.0,False,,,,,-55014.959,55949.022000000004,-54963.247,55981.534,51.711999999999534,32.51199999999517,-54989.103,55965.278000000006
MADDY03EM3C,269,row_D,-54989.103,-44098.397000000004,1.5707963267948966,1.0,False,,,,,-55014.959,-44150.978,-54963.247,-44118.46600000001,51.711999999999534,32.51199999999517,-54989.103,-44134.72200000001
MADDY03EM3C,270,row_D,-54989.103,-28698.397,1.5707963267948966,1.0,False,,,,,-55014.959,-28750.978,-54963.247,-28718.466,51.711999999999534,32.51199999999881,-54989.103,-28734.722
MADDY03EM3C,271,row_D,-54989.103,-20998.397,1.5707963267948966,1.0,False,,,,,-55014.959,-21050.978,-54963.247,-21018.466,51.711999999999534,32.51199999999881,-54989.103,-21034.722
MADDY03EM3C,272,row_D,-54989.103,63701.603,1.5707963267948966,1.0,False,,,,,-55014.959,63649.022000000004,-54963.247,63681.534,51.711999999999534,32.51199999999517,-54989.103,63665.278000000006
MADDY03EM3C,273,row_D,-54989.103,-51798.397000000004,1.5707963267948966,1.0,False,,,,,-55014.959,-51850.978,-54963.247,-51818.46600000001,51.711999999999534,32.51199999999517,-54989.103,-51834.72200000001
MADDY03EM3C,274,row_D,-54989.103,9801.603000000001,1.5707963267948966,1.0,False,,,,,-55014.959,9749.022,-54963.247,9781.534000000001,51.711999999999534,32.512000000000626,-54989.103,9765.278000000002
MADDY03EM3C,275,row_D,-54989.103,25201.603,1.5707963267948966,1.0,False,,,,,-55014.959,25149.022,-54963.247,25181.534,51.711999999999534,32.51199999999881,-54989.103,25165.278
MADDY03EM3C,276,row_D,-54989.103,40601.603,1.5707963267948966,1.0,False,,,,,-55014.959,40549.022000000004,-54963.247,40581.534,51.711999999999534,32.51199999999517,-54989.103,40565.278000000006
MADDY03EM3C,277,row_D,-54989.103,-59498.397000000004,1.5707963267948966,1.0,False,,,,,-55014.959,-59550.978,-54963.247,-59518.46600000001,51.711999999999534,32.51199999999517,-54989.103,-59534.72200000001
MADDY03EM3C,278,row_D,-54989.103,32901.603,1.5707963267948966,1.0,False,,,,,-55014.959,32849.022000000004,-54963.247,32881.534,51.711999999999534,32.51199999999517,-54989.103,32865.278000000006
MADDY03EM3C,279,row_D,-54989.103,-36398.397,1.5707963267948966,1.0,False,,,,,-55014.959,-36450.977999999996,-54963.247,-36418.466,51.711999999999534,32.51199999999517,-54989.103,-36434.721999999994
MADDY03EM3C,280,row_D,-54989.103,48301.603,1.5707963267948966,1.0,False,,,,,-55014.959,48249.022000000004,-54963.247,48281.534,51.711999999999534,32.51199999999517,-54989.103,48265.278000000006
MADDY03EM3C,281,row_D,-54989.103,17501.603,1.5707963267948966,1.0,False,,,,,-55014.959,17449.022,-54963.247,17481.534,51.711999999999534,32.51199999999881,-54989.103,17465.278
MADDY03EM3C,282,row_D,-54989.103,-13298.397,1.5707963267948966,1.0,False,,,,,-55014.959,-13350.978000000001,-54963.247,-13318.466,51.711999999999534,32.512000000000626,-54989.103,-13334.722000000002
MADDY03EM3C,283,row_D,-54989.103,-5598.397,1.5707963267948966,1.0,False,,,,,-55014.959,-5650.978,-54963.247,-5618.466,51.711999999999534,32.511999999999716,-54989.103,-5634.722
MADDY03EM3C,284,row_C,-65203.103,2101.603,1.5707963267948966,1.0,False,,,,,-65229.599,2049.022,-65176.607,2081.534,52.99199999999837,32.51200000000017,-65203.103,2065.2780000000002
MADDY03EM3C,285,row_C,-65203.103,56001.603,1.5707963267948966,1.0,False,,,,,-65229.599,55949.022000000004,-65176.607,55981.534,52.99199999999837,32.51199999999517,-65203.103,55965.278000000006
MADDY03EM3C,286,row_C,-65203.103,-44098.397000000004,1.5707963267948966,1.0,False,,,,,-65229.599,-44150.978,-65176.607,-44118.46600000001,52.99199999999837,32.51199999999517,-65203.103,-44134.72200000001
MADDY03EM3C,287,row_C,-65203.103,-28698.397,1.5707963267948966,1.0,False,,,,,-65229.599,-28750.978,-65176.607,-28718.466,52.99199999999837,32.51199999999881,-65203.103,-28734.722
MADDY03EM3C,288,row_C,-65203.103,-20998.397,1.5707963267948966,1.0,False,,,,,-65229.599,-21050.978,-65176.607,-21018.466,52.99199999999837,32.51199999999881,-65203.103,-21034.722
MADDY03EM3C,289,row_C,-65203.103,-51798.397000000004,1.5707963267948966,1.0,False,,,,,-65229.599,-51850.978,-65176.607,-51818.46600000001,52.99199999999837,32.51199999999517,-65203.103,-51834.72200000001
MADDY03EM3C,290,row_C,-65203.103,9801.603000000001,1.5707963267948966,1.0,False,,,,,-65229.599,9749.022,-65176.607,9781.534000000001,52.99199999999837,32.512000000000626,-65203.103,9765.278000000002
MADDY03EM3C,291,row_C,-65203.103,25201.603,1.5707963267948966,1.0,False,,,,,-65229.599,25149.022,-65176.607,25181.534,52.99199999999837,32.51199999999881,-65203.103,25165.278
MADDY03EM3C,292,row_C,-65203.103,40601.603,1.5707963267948966,1.0,False,,,,,-65229.599,40549.022000000004,-65176.607,40581.534,52.99199999999837,32.51199999999517,-65203.103,40565.278000000006
MADDY03EM3C,293,row_C,-65203.103,32901.603,1.5707963267948966,1.0,False,,,,,-65229.599,32849.022000000004,-65176.607,32881.534,52.99199999999837,32.51199999999517,-65203.103,32865.278000000006
MADDY03EM3C,294,row_C,-65203.103,-36398.397,1.5707963267948966,1.0,False,,,,,-65229.599,-36450.977999999996,-65176.607,-36418.466,52.99199999999837,32.51199999999517,-65203.103,-36434.721999999994
MADDY03EM3C,295,row_C,-65203.103,48301.603,1.5707963267948966,1.0,False,,,,,-65229.599,48249.022000000004,-65176.607,48281.534,52.99199999999837,32.51199999999517,-65203.103,48265.278000000006
MADDY03EM3C,296,row_C,-65203.103,17501.603,1.5707963267948966,1.0,False,,,,,-65229.599,17449.022,-65176.607,17481.534,52.99199999999837,32.51199999999881,-65203.103,17465.278
MADDY03EM3C,297,row_C,-65203.103,-13298.397,1.5707963267948966,1.0,False,,,,,-65229.599,-13350.978000000001,-65176.607,-13318.466,52.99199999999837,32.512000000000626,-65203.103,-13334.722000000002
MADDY03EM3C,298,row_C,-65203.103,-5598.397,1.5707963267948966,1.0,False,,,,,-65229.599,-5650.978,-65176.607,-5618.466,52.99199999999837,32.511999999999716,-65203.103,-5634.722
MADDY03EM3C,299,row_B,-75417.103,2101.603,1.5707963267948966,1.0,False,,,,,-75442.959,2046.462,-75391.247,2084.094,51.711999999999534,37.63200000000006,-75417.103,2065.2780000000002
MADDY03EM3C,300,row_B,-75417.103,-28698.397,1.5707963267948966,1.0,False,,,,,-75442.959,-28753.538,-75391.247,-28715.906,51.711999999999534,37.632000000001426,-75417.103,-28734.722
MADDY03EM3C,301,row_B,-75417.103,-20998.397,1.5707963267948966,1.0,False,,,,,-75442.959,-21053.538,-75391.247,-21015.906,51.711999999999534,37.632000000001426,-75417.103,-21034.722
MADDY03EM3C,302,row_B,-75417.103,9801.603000000001,1.5707963267948966,1.0,False,,,,,-75442.959,9746.462000000001,-75391.247,9784.094000000001,51.711999999999534,37.63199999999961,-75417.103,9765.278000000002
MADDY03EM3C,303,row_B,-75417.103,25201.603,1.5707963267948966,1.0,False,,,,,-75442.959,25146.462,-75391.247,25184.094,51.711999999999534,37.632000000001426,-75417.103,25165.278
MADDY03EM3C,304,row_B,-75417.103,40601.603,1.5707963267948966,1.0,False,,,,,-75442.959,40546.462,-75391.247,40584.094000000005,51.711999999999534,37.632000000005064,-75417.103,40565.278000000006
MADDY03EM3C,305,row_B,-75417.103,32901.603,1.5707963267948966,1.0,False,,,,,-75442.959,32846.462,-75391.247,32884.094000000005,51.711999999999534,37.632000000005064,-75417.103,32865.278000000006
MADDY03EM3C,306,row_B,-75417.103,-36398.397,1.5707963267948966,1.0,False,,,,,-75442.959,-36453.538,-75391.247,-36415.905999999995,51.711999999999534,37.632000000005064,-75417.103,-36434.721999999994
MADDY03EM3C,307,row_B,-75417.103,17501.603,1.5707963267948966,1.0,False,,,,,-75442.959,17446.462,-75391.247,17484.094,51.711999999999534,37.632000000001426,-75417.103,17465.278
MADDY03EM3C,308,row_B,-75417.103,-13298.397,1.5707963267948966,1.0,False,,,,,-75442.959,-13353.538,-75391.247,-13315.906,51.711999999999534,37.63199999999961,-75417.103,-13334.722000000002
MADDY03EM3C,309,row_B,-75417.103,-5598.397,1.5707963267948966,1.0,False,,,,,-75442.959,-5653.538,-75391.247,-5615.906,51.711999999999534,37.63199999999961,-75417.103,-5634.722
MADDY03EM3C,310,row_A,-85631.103,2101.603,1.5707963267948966,1.0,False,,,,,-85658.30500000001,2045.949,-85606.59300000001,2084.605,51.711999999999534,38.65599999999995,-85632.44900000001,2065.277
MADDY03EM3C,311,row_A,-85631.103,9801.603000000001,1.5707963267948966,1.0,False,,,,,-85658.30500000001,9745.949,-85606.59300000001,9784.605000000001,51.711999999999534,38.65600000000086,-85632.44900000001,9765.277000000002
MADDY03EM3C,312,row_A,-85631.103,17501.603,1.5707963267948966,1.0,False,,,,,-85658.30500000001,17445.949,-85606.59300000001,17484.605,51.711999999999534,38.65599999999904,-85632.44900000001,17465.277000000002
MADDY03EM3C,313,row_A,-85631.103,-13298.397,1.5707963267948966,1.0,False,,,,,-85658.30500000001,-13354.051000000001,-85606.59300000001,-13315.395,51.711999999999534,38.65600000000086,-85632.44900000001,-13334.723000000002
MADDY03EM3C,314,row_A,-85631.103,-5598.397,1.5707963267948966,1.0,False,,,,,-85658.30500000001,-5654.051,-85606.59300000001,-5615.3949999999995,51.711999999999534,38.65600000000086,-85632.44900000001,-5634.723
MADDY03EM3C,315,M3B_die_tgt,86819.0,26085.95,0.0,1.0,False,,,,,84331.475,25260.95,88331.475,26910.95,4000.0,1650.0,86331.475,26085.95
MADDY03EM3C,316,M3B_die_tgt,-86819.0,26085.95,0.0,1.0,False,,,,,-89306.525,25260.95,-85306.525,26910.95,4000.0,1650.0,-87306.525,26085.95
MADDY03EM3C,317,notch,0.001,-100000.001,3.141592653589793,1.0,False,,,,,-1498.9100000000003,-101250.001,1498.9110000000003,-98750.001,2997.821000000001,2500.0,0.0004999999999881766,-100000.001
MADDY03EM3C,318,ExclusionZone_8in_5mm,0.0,0.0,0.0,1.0,False,,,,,-100000.0,-100000.0,100000.0,100000.0,200000.0,200000.0,0.0,0.0
MADDY03EM3C,319,col_23,26722.787,-82813.787,1.5707963267948966,1.0,False,,,,,26693.281,-82746.15299999999,26750.819,-82665.141,57.538000000000466,81.01199999998789,26722.05,-82705.647
MADDY03EM3C,320,col_02,-34561.213,78886.213,1.5707963267948966,1.0,False,,,,,-34590.719000000005,78952.181,-34534.024000000005,79033.706,56.69499999999971,81.52500000000873,-34562.37150000001,78992.9435
MADDY03EM3C,321,col_03,-34561.213,71186.20300000001,1.5707963267948966,1.0,False,,,,,-34590.600000000006,71252.18100000001,-34533.181000000004,71334.849,57.41900000000169,82.66799999999057,-34561.89050000001,71293.51500000001
MADDY03EM3C,322,col_04,-34561.213,63482.367,1.5707963267948966,1.0,False,,,,,-34590.600000000006,63548.335,-34533.437000000005,63632.808,57.163000000000466,84.47299999999814,-34562.018500000006,63590.5715
MADDY03EM3C,323,col_05,-34561.213,55786.213,1.5707963267948966,1.0,False,,,,,-34590.600000000006,55852.181000000004,-34533.181000000004,55932.555,57.41900000000169,80.37399999999616,-34561.89050000001,55892.368
MADDY03EM3C,324,col_06,-34561.213,48086.213,1.5707963267948966,1.0,False,,,,,-34590.600000000006,48152.181000000004,-34533.181000000004,48235.499,57.41900000000169,83.3179999999993,-34561.89050000001,48193.840000000004
MADDY03EM3C,325,col_07,-34561.213,40386.213,1.5707963267948966,1.0,False,,,,,-34590.600000000006,40452.181000000004,-34533.437000000005,40535.115000000005,57.163000000000466,82.9340000000011,-34562.018500000006,40493.648
MADDY03EM3C,326,col_08,-34561.213,32686.213,1.5707963267948966,1.0,False,,,,,-34590.600000000006,32752.181,-34532.925,32835.498999999996,57.67500000000291,83.31799999999566,-34561.762500000004,32793.84
MADDY03EM3C,327,col_09,-34561.213,24986.213,1.5707963267948966,1.0,False,,,,,-34590.600000000006,25052.181,-34533.181000000004,25135.499,57.41900000000169,83.3179999999993,-34561.89050000001,25093.84
MADDY03EM3C,328,col_10,-34561.212,17286.258,1.5707963267948966,1.0,False,,,,,-34590.599,17355.788,-34534.023,17435.368000000002,56.57600000000093,79.58000000000175,-34562.311,17395.578
MADDY03EM3C,329,col_11,-34561.213,9593.905,1.5707963267948966,1.0,False,,,,,-34590.452000000005,9663.435000000001,-34534.9,9731.774000000001,55.55200000000332,68.33899999999994,-34562.67600000001,9697.604500000001
MADDY03EM3C,330,col_12,-34561.213,1886.213,1.5707963267948966,1.0,False,,,,,-34590.719000000005,1955.743,-34534.399000000005,2033.706,56.31999999999971,77.96299999999997,-34562.55900000001,1994.7244999999998
MADDY03EM3C,331,col_13,-34561.213,-5813.787,1.5707963267948966,1.0,False,,,,,-34590.452000000005,-5744.2570000000005,-34533.181000000004,-5665.1410000000005,57.27100000000064,79.11599999999999,-34561.8165,-5704.6990000000005
MADDY03EM3C,332,col_14,-34561.213,-13517.633,1.5707963267948966,1.0,False,,,,,-34590.452000000005,-13448.103,-34533.437000000005,-13367.192,57.01499999999942,80.91100000000006,-34561.944500000005,-13407.6475
MADDY03EM3C,333,col_15,-34561.213,-21213.787,1.5707963267948966,1.0,False,,,,,-34590.452000000005,-21144.257,-34533.181000000004,-21067.445,57.27100000000064,76.81200000000172,-34561.8165,-21105.851000000002
MADDY03EM3C,334,col_16,-34561.213,-28913.787,1.5707963267948966,1.0,False,,,,,-34590.452000000005,-28844.257,-34533.181000000004,-28764.501,57.27100000000064,79.75600000000122,-34561.8165,-28804.379
MADDY03EM3C,335,col_17,-34561.213,-36613.787000000004,1.5707963267948966,1.0,False,,,,,-34590.452000000005,-36544.257000000005,-34533.437000000005,-36464.885,57.01499999999942,79.37200000000303,-34561.944500000005,-36504.571
MADDY03EM3C,336,col_18,-34561.213,-44313.787000000004,1.5707963267948966,1.0,False,,,,,-34590.452000000005,-44244.257000000005,-34532.925,-44164.501000000004,57.52700000000186,79.75600000000122,-34561.688500000004,-44204.379
MADDY03EM3C,337,col_19,-34561.213,-52013.787000000004,1.5707963267948966,1.0,False,,,,,-34590.452000000005,-51944.257000000005,-34533.181000000004,-51864.501000000004,57.27100000000064,79.75600000000122,-34561.8165,-51904.379
MADDY03EM3C,338,col_20,-34561.212,-59713.742,1.5707963267948966,1.0,False,,,,,-34590.718,-59646.108,-34534.023,-59564.632,56.69499999999971,81.47600000000239,-34562.370500000005,-59605.369999999995
MADDY03EM3C,339,col_21,-34561.213,-67406.095,1.5707963267948966,1.0,False,,,,,-34590.719000000005,-67338.461,-34534.399000000005,-67268.226,56.31999999999971,70.23500000000058,-34562.55900000001,-67303.34349999999
MADDY03EM3C,340,col_22,-34561.213,-75113.787,1.5707963267948966,1.0,False,,,,,-34590.719000000005,-75046.15299999999,-34534.399000000005,-74966.294,56.31999999999971,79.85899999999674,-34562.55900000001,-75006.2235
MADDY03EM3C,341,col_04,57364.787000000004,63482.367,1.5707963267948966,1.0,False,,,,,57335.4,63548.335,57392.563,63632.808,57.163000000000466,84.47299999999814,57363.9815,63590.5715
MADDY03EM3C,342,col_05,57364.787000000004,55786.213,1.5707963267948966,1.0,False,,,,,57335.4,55852.181000000004,57392.819,55932.555,57.41900000000169,80.37399999999616,57364.109500000006,55892.368
MADDY03EM3C,343,col_06,57364.787000000004,48086.213,1.5707963267948966,1.0,False,,,,,57335.4,48152.181000000004,57392.819,48235.499,57.41900000000169,83.3179999999993,57364.109500000006,48193.840000000004
MADDY03EM3C,344,col_07,57364.787000000004,40386.213,1.5707963267948966,1.0,False,,,,,57335.4,40452.181000000004,57392.563,40535.115000000005,57.163000000000466,82.9340000000011,57363.9815,40493.648
MADDY03EM3C,345,col_08,57364.787000000004,32686.213,1.5707963267948966,1.0,False,,,,,57335.4,32752.181,57393.075000000004,32835.498999999996,57.67500000000291,83.31799999999566,57364.2375,32793.84
MADDY03EM3C,346,col_09,57364.787000000004,24986.213,1.5707963267948966,1.0,False,,,,,57335.4,25052.181,57392.819,25135.499,57.41900000000169,83.3179999999993,57364.109500000006,25093.84
MADDY03EM3C,347,col_10,57364.788,17286.258,1.5707963267948966,1.0,False,,,,,57335.401,17355.788,57391.977,17435.368000000002,56.57600000000093,79.58000000000175,57363.689,17395.578
MADDY03EM3C,348,col_11,57364.787000000004,9593.905,1.5707963267948966,1.0,False,,,,,57335.548,9663.435000000001,57391.100000000006,9731.774000000001,55.55200000000332,68.33899999999994,57363.32400000001,9697.604500000001
MADDY03EM3C,349,col_12,57364.787000000004,1886.213,1.5707963267948966,1.0,False,,,,,57335.281,1955.743,57391.601,2033.706,56.31999999999971,77.96299999999997,57363.441000000006,1994.7244999999998
MADDY03EM3C,350,col_13,57364.787000000004,-5813.787,1.5707963267948966,1.0,False,,,,,57335.548,-5744.2570000000005,57392.819,-5665.1410000000005,57.27100000000064,79.11599999999999,57364.1835,-5704.6990000000005
MADDY03EM3C,351,col_14,57364.787000000004,-13517.633,1.5707963267948966,1.0,False,,,,,57335.548,-13448.103,57392.563,-13367.192,57.01499999999942,80.91100000000006,57364.0555,-13407.6475
MADDY03EM3C,352,col_15,57364.787000000004,-21213.787,1.5707963267948966,1.0,False,,,,,57335.548,-21144.257,57392.819,-21067.445,57.27100000000064,76.81200000000172,57364.1835,-21105.851000000002
MADDY03EM3C,353,col_16,57364.787000000004,-28913.787,1.5707963267948966,1.0,False,,,,,57335.548,-28844.257,57392.819,-28764.501,57.27100000000064,79.75600000000122,57364.1835,-28804.379
MADDY03EM3C,354,col_17,57364.787000000004,-36613.787000000004,1.5707963267948966,1.0,False,,,,,57335.548,-36544.257000000005,57392.563,-36464.885,57.01499999999942,79.37200000000303,57364.0555,-36504.571
MADDY03EM3C,355,col_18,57364.787000000004,-44313.787000000004,1.5707963267948966,1.0,False,,,,,57335.548,-44244.257000000005,57393.075000000004,-44164.501000000004,57.52700000000186,79.75600000000122,57364.3115,-44204.379
MADDY03EM3C,356,col_19,57364.787000000004,-52013.787000000004,1.5707963267948966,1.0,False,,,,,57335.548,-51944.257000000005,57392.819,-51864.501000000004,57.27100000000064,79.75600000000122,57364.1835,-51904.379
MADDY03EM3C,357,col_20,57364.788,-59713.742,1.5707963267948966,1.0,False,,,,,57335.282,-59646.108,57391.977,-59564.632,56.69499999999971,81.47600000000239,57363.629499999995,-59605.369999999995
MADDY03EM3C,358,col_07,-75417.213,40386.213,1.5707963267948966,1.0,False,,,,,-75446.6,40452.181000000004,-75389.437,40535.115000000005,57.163000000000466,82.9340000000011,-75418.0185,40493.648
MADDY03EM3C,359,col_08,-75417.213,32686.213,1.5707963267948966,1.0,False,,,,,-75446.6,32752.181,-75388.925,32835.498999999996,57.67500000000291,83.31799999999566,-75417.76250000001,32793.84
MADDY03EM3C,360,col_09,-75417.213,24986.213,1.5707963267948966,1.0,False,,,,,-75446.6,25052.181,-75389.181,25135.499,57.419000000008964,83.3179999999993,-75417.89050000001,25093.84
MADDY03EM3C,361,col_10,-75417.212,17286.258,1.5707963267948966,1.0,False,,,,,-75446.599,17355.788,-75390.023,17435.368000000002,56.57600000000093,79.58000000000175,-75418.311,17395.578
MADDY03EM3C,362,col_11,-75417.213,9593.905,1.5707963267948966,1.0,False,,,,,-75446.452,9663.435000000001,-75390.90000000001,9731.774000000001,55.55199999999604,68.33899999999994,-75418.676,9697.604500000001
MADDY03EM3C,363,col_12,-75417.213,1886.213,1.5707963267948966,1.0,False,,,,,-75446.719,1955.743,-75390.399,2033.706,56.31999999999243,77.96299999999997,-75418.55900000001,1994.7244999999998
MADDY03EM3C,364,col_13,-75417.213,-5813.787,1.5707963267948966,1.0,False,,,,,-75446.452,-5744.2570000000005,-75389.181,-5665.1410000000005,57.271000000007916,79.11599999999999,-75417.8165,-5704.6990000000005
MADDY03EM3C,365,col_14,-75417.213,-13517.633,1.5707963267948966,1.0,False,,,,,-75446.452,-13448.103,-75389.437,-13367.192,57.01499999999942,80.91100000000006,-75417.94450000001,-13407.6475
MADDY03EM3C,366,col_15,-75417.213,-21213.787,1.5707963267948966,1.0,False,,,,,-75446.452,-21144.257,-75389.181,-21067.445,57.271000000007916,76.81200000000172,-75417.8165,-21105.851000000002
MADDY03EM3C,367,col_16,-75417.213,-28913.787,1.5707963267948966,1.0,False,,,,,-75446.452,-28844.257,-75389.181,-28764.501,57.271000000007916,79.75600000000122,-75417.8165,-28804.379
MADDY03EM3C,368,col_17,-75417.213,-36613.787000000004,1.5707963267948966,1.0,False,,,,,-75446.452,-36544.257000000005,-75389.437,-36464.885,57.01499999999942,79.37200000000303,-75417.94450000001,-36504.571
MADDY03EM3C,369,col_01,6294.787,86593.905,1.5707963267948966,1.0,False,,,,,6265.400000000001,86659.87299999999,6321.976000000001,86731.774,56.57600000000002,71.90100000001257,6293.688,86695.8235
MADDY03EM3C,370,col_02,6294.787,78886.213,1.5707963267948966,1.0,False,,,,,6265.281,78952.181,6321.976000000001,79033.706,56.69500000000062,81.52500000000873,6293.628500000001,78992.9435
MADDY03EM3C,371,col_03,6294.787,71186.20300000001,1.5707963267948966,1.0,False,,,,,6265.400000000001,71252.18100000001,6322.819,71334.849,57.41899999999987,82.66799999999057,6294.1095000000005,71293.51500000001
MADDY03EM3C,372,col_04,6294.787,63482.367,1.5707963267948966,1.0,False,,,,,6265.400000000001,63548.335,6322.563,63632.808,57.162999999999556,84.47299999999814,6293.9815,63590.5715
MADDY03EM3C,373,col_05,6294.787,55786.213,1.5707963267948966,1.0,False,,,,,6265.400000000001,55852.181000000004,6322.819,55932.555,57.41899999999987,80.37399999999616,6294.1095000000005,55892.368
MADDY03EM3C,374,col_06,6294.787,48086.213,1.5707963267948966,1.0,False,,,,,6265.400000000001,48152.181000000004,6322.819,48235.499,57.41899999999987,83.3179999999993,6294.1095000000005,48193.840000000004
MADDY03EM3C,375,col_07,6294.787,40386.213,1.5707963267948966,1.0,False,,,,,6265.400000000001,40452.181000000004,6322.563,40535.115000000005,57.162999999999556,82.9340000000011,6293.9815,40493.648
MADDY03EM3C,376,col_08,6294.787,32686.213,1.5707963267948966,1.0,False,,,,,6265.400000000001,32752.181,6323.075000000001,32835.498999999996,57.67500000000018,83.31799999999566,6294.237500000001,32793.84
MADDY03EM3C,377,col_09,6294.787,24986.213,1.5707963267948966,1.0,False,,,,,6265.400000000001,25052.181,6322.819,25135.499,57.41899999999987,83.3179999999993,6294.1095000000005,25093.84
MADDY03EM3C,378,col_10,6294.7880000000005,17286.258,1.5707963267948966,1.0,False,,,,,6265.401000000001,17355.788,6321.977000000001,17435.368000000002,56.57600000000002,79.58000000000175,6293.689,17395.578
MADDY03EM3C,379,col_11,6294.787,9593.905,1.5707963267948966,1.0,False,,,,,6265.548000000001,9663.435000000001,6321.1,9731.774000000001,55.55199999999968,68.33899999999994,6293.3240000000005,9697.604500000001
MADDY03EM3C,380,col_12,6294.787,1886.213,1.5707963267948966,1.0,False,,,,,6265.281,1955.743,6321.601000000001,2033.706,56.32000000000062,77.96299999999997,6293.441000000001,1994.7244999999998
MADDY03EM3C,381,col_13,6294.787,-5813.787,1.5707963267948966,1.0,False,,,,,6265.548000000001,-5744.2570000000005,6322.819,-5665.1410000000005,57.27099999999973,79.11599999999999,6294.183500000001,-5704.6990000000005
MADDY03EM3C,382,col_14,6294.787,-13517.633,1.5707963267948966,1.0,False,,,,,6265.548000000001,-13448.103,6322.563,-13367.192,57.01499999999942,80.91100000000006,6294.0555,-13407.6475
MADDY03EM3C,383,col_15,6294.787,-21213.787,1.5707963267948966,1.0,False,,,,,6265.548000000001,-21144.257,6322.819,-21067.445,57.27099999999973,76.81200000000172,6294.183500000001,-21105.851000000002
MADDY03EM3C,384,col_16,6294.787,-28913.787,1.5707963267948966,1.0,False,,,,,6265.548000000001,-28844.257,6322.819,-28764.501,57.27099999999973,79.75600000000122,6294.183500000001,-28804.379
MADDY03EM3C,385,col_17,6294.787,-36613.787000000004,1.5707963267948966,1.0,False,,,,,6265.548000000001,-36544.257000000005,6322.563,-36464.885,57.01499999999942,79.37200000000303,6294.0555,-36504.571
MADDY03EM3C,386,col_18,6294.787,-44313.787000000004,1.5707963267948966,1.0,False,,,,,6265.548000000001,-44244.257000000005,6323.075000000001,-44164.501000000004,57.527000000000044,79.75600000000122,6294.311500000001,-44204.379
MADDY03EM3C,387,col_19,6294.787,-52013.787000000004,1.5707963267948966,1.0,False,,,,,6265.548000000001,-51944.257000000005,6322.819,-51864.501000000004,57.27099999999973,79.75600000000122,6294.183500000001,-51904.379
MADDY03EM3C,388,col_20,6294.7880000000005,-59713.742,1.5707963267948966,1.0,False,,,,,6265.282,-59646.108,6321.977000000001,-59564.632,56.69500000000062,81.47600000000239,6293.629500000001,-59605.369999999995
MADDY03EM3C,389,col_21,6294.787,-67406.095,1.5707963267948966,1.0,False,,,,,6265.281,-67338.461,6321.601000000001,-67268.226,56.32000000000062,70.23500000000058,6293.441000000001,-67303.34349999999
MADDY03EM3C,390,col_22,6294.787,-75113.787,1.5707963267948966,1.0,False,,,,,6265.281,-75046.15299999999,6321.601000000001,-74966.294,56.32000000000062,79.85899999999674,6293.441000000001,-75006.2235
MADDY03EM3C,391,col_23,6294.787,-82813.787,1.5707963267948966,1.0,False,,,,,6265.281,-82746.15299999999,6322.819,-82665.141,57.538000000000466,81.01199999998789,6294.05,-82705.647
MADDY03EM3C,392,col_10,88006.788,17286.258,1.5707963267948966,1.0,False,,,,,87977.401,17355.788,88033.977,17435.368000000002,56.57600000000093,79.58000000000175,88005.689,17395.578
MADDY03EM3C,393,col_11,88006.787,9593.905,1.5707963267948966,1.0,False,,,,,87977.548,9663.435000000001,88033.09999999999,9731.774000000001,55.55199999999604,68.33899999999994,88005.324,9697.604500000001
MADDY03EM3C,394,col_12,88006.787,1886.213,1.5707963267948966,1.0,False,,,,,87977.281,1955.743,88033.601,2033.706,56.31999999999243,77.96299999999997,88005.44099999999,1994.7244999999998
MADDY03EM3C,395,col_13,88006.787,-5813.787,1.5707963267948966,1.0,False,,,,,87977.548,-5744.2570000000005,88034.819,-5665.1410000000005,57.271000000007916,79.11599999999999,88006.1835,-5704.6990000000005
MADDY03EM3C,396,col_14,88006.787,-13517.633,1.5707963267948966,1.0,False,,,,,87977.548,-13448.103,88034.563,-13367.192,57.01499999999942,80.91100000000006,88006.05549999999,-13407.6475
MADDY03EM3C,397,col_07,77792.787,40386.213,1.5707963267948966,1.0,False,,,,,77763.4,40452.181000000004,77820.563,40535.115000000005,57.163000000000466,82.9340000000011,77791.9815,40493.648
MADDY03EM3C,398,col_08,77792.787,32686.213,1.5707963267948966,1.0,False,,,,,77763.4,32752.181,77821.075,32835.498999999996,57.67500000000291,83.31799999999566,77792.23749999999,32793.84
MADDY03EM3C,399,col_09,77792.787,24986.213,1.5707963267948966,1.0,False,,,,,77763.4,25052.181,77820.819,25135.499,57.419000000008964,83.3179999999993,77792.10949999999,25093.84
MADDY03EM3C,400,col_10,77792.788,17286.258,1.5707963267948966,1.0,False,,,,,77763.401,17355.788,77819.977,17435.368000000002,56.57600000000093,79.58000000000175,77791.689,17395.578
MADDY03EM3C,401,col_11,77792.787,9593.905,1.5707963267948966,1.0,False,,,,,77763.548,9663.435000000001,77819.09999999999,9731.774000000001,55.55199999999604,68.33899999999994,77791.324,9697.604500000001
MADDY03EM3C,402,col_12,77792.787,1886.213,1.5707963267948966,1.0,False,,,,,77763.281,1955.743,77819.601,2033.706,56.31999999999243,77.96299999999997,77791.44099999999,1994.7244999999998
MADDY03EM3C,403,col_13,77792.787,-5813.787,1.5707963267948966,1.0,False,,,,,77763.548,-5744.2570000000005,77820.819,-5665.1410000000005,57.271000000007916,79.11599999999999,77792.1835,-5704.6990000000005
MADDY03EM3C,404,col_14,77792.787,-13517.633,1.5707963267948966,1.0,False,,,,,77763.548,-13448.103,77820.563,-13367.192,57.01499999999942,80.91100000000006,77792.05549999999,-13407.6475
MADDY03EM3C,405,col_15,77792.787,-21213.787,1.5707963267948966,1.0,False,,,,,77763.548,-21144.257,77820.819,-21067.445,57.271000000007916,76.81200000000172,77792.1835,-21105.851000000002
MADDY03EM3C,406,col_16,77792.787,-28913.787,1.5707963267948966,1.0,False,,,,,77763.548,-28844.257,77820.819,-28764.501,57.271000000007916,79.75600000000122,77792.1835,-28804.379
MADDY03EM3C,407,col_17,77792.787,-36613.787000000004,1.5707963267948966,1.0,False,,,,,77763.548,-36544.257000000005,77820.563,-36464.885,57.01499999999942,79.37200000000303,77792.05549999999,-36504.571
MADDY03EM3C,408,col_05,-65203.213,55786.213,1.5707963267948966,1.0,False,,,,,-65232.600000000006,55852.181000000004,-65175.181000000004,55932.555,57.41900000000169,80.37399999999616,-65203.89050000001,55892.368
MADDY03EM3C,409,col_06,-65203.213,48086.213,1.5707963267948966,1.0,False,,,,,-65232.600000000006,48152.181000000004,-65175.181000000004,48235.499,57.41900000000169,83.3179999999993,-65203.89050000001,48193.840000000004
MADDY03EM3C,410,col_07,-65203.213,40386.213,1.5707963267948966,1.0,False,,,,,-65232.600000000006,40452.181000000004,-65175.437000000005,40535.115000000005,57.163000000000466,82.9340000000011,-65204.018500000006,40493.648
MADDY03EM3C,411,col_08,-65203.213,32686.213,1.5707963267948966,1.0,False,,,,,-65232.600000000006,32752.181,-65174.925,32835.498999999996,57.67500000000291,83.31799999999566,-65203.762500000004,32793.84
MADDY03EM3C,412,col_09,-65203.213,24986.213,1.5707963267948966,1.0,False,,,,,-65232.600000000006,25052.181,-65175.181000000004,25135.499,57.41900000000169,83.3179999999993,-65203.89050000001,25093.84
MADDY03EM3C,413,col_10,-65203.212,17286.258,1.5707963267948966,1.0,False,,,,,-65232.599,17355.788,-65176.023,17435.368000000002,56.57600000000093,79.58000000000175,-65204.311,17395.578
MADDY03EM3C,414,col_11,-65203.213,9593.905,1.5707963267948966,1.0,False,,,,,-65232.452000000005,9663.435000000001,-65176.9,9731.774000000001,55.55200000000332,68.33899999999994,-65204.67600000001,9697.604500000001
MADDY03EM3C,415,col_12,-65203.213,1886.213,1.5707963267948966,1.0,False,,,,,-65232.719000000005,1955.743,-65176.399000000005,2033.706,56.31999999999971,77.96299999999997,-65204.55900000001,1994.7244999999998
MADDY03EM3C,416,col_13,-65203.213,-5813.787,1.5707963267948966,1.0,False,,,,,-65232.452000000005,-5744.2570000000005,-65175.181000000004,-5665.1410000000005,57.27100000000064,79.11599999999999,-65203.8165,-5704.6990000000005
MADDY03EM3C,417,col_14,-65203.213,-13517.633,1.5707963267948966,1.0,False,,,,,-65232.452000000005,-13448.103,-65175.437000000005,-13367.192,57.01499999999942,80.91100000000006,-65203.944500000005,-13407.6475
MADDY03EM3C,418,col_15,-65203.213,-21213.787,1.5707963267948966,1.0,False,,,,,-65232.452000000005,-21144.257,-65175.181000000004,-21067.445,57.27100000000064,76.81200000000172,-65203.8165,-21105.851000000002
MADDY03EM3C,419,col_16,-65203.213,-28913.787,1.5707963267948966,1.0,False,,,,,-65232.452000000005,-28844.257,-65175.181000000004,-28764.501,57.27100000000064,79.75600000000122,-65203.8165,-28804.379
MADDY03EM3C,420,col_17,-65203.213,-36613.787000000004,1.5707963267948966,1.0,False,,,,,-65232.452000000005,-36544.257000000005,-65175.437000000005,-36464.885,57.01499999999942,79.37200000000303,-65203.944500000005,-36504.571
MADDY03EM3C,421,col_18,-65203.213,-44313.787000000004,1.5707963267948966,1.0,False,,,,,-65232.452000000005,-44244.257000000005,-65174.925,-44164.501000000004,57.52700000000186,79.75600000000122,-65203.688500000004,-44204.379
MADDY03EM3C,422,col_19,-65203.213,-52013.787000000004,1.5707963267948966,1.0,False,,,,,-65232.452000000005,-51944.257000000005,-65175.181000000004,-51864.501000000004,57.27100000000064,79.75600000000122,-65203.8165,-51904.379
MADDY03EM3C,423,col_02,36936.787000000004,78886.213,1.5707963267948966,1.0,False,,,,,36907.281,78952.181,36963.976,79033.706,56.69499999999971,81.52500000000873,36935.628500000006,78992.9435
MADDY03EM3C,424,col_03,36936.787000000004,71186.20300000001,1.5707963267948966,1.0,False,,,,,36907.4,71252.18100000001,36964.819,71334.849,57.41900000000169,82.66799999999057,36936.109500000006,71293.51500000001
MADDY03EM3C,425,col_04,36936.787000000004,63482.367,1.5707963267948966,1.0,False,,,,,36907.4,63548.335,36964.563,63632.808,57.163000000000466,84.47299999999814,36935.9815,63590.5715
MADDY03EM3C,426,col_05,36936.787000000004,55786.213,1.5707963267948966,1.0,False,,,,,36907.4,55852.181000000004,36964.819,55932.555,57.41900000000169,80.37399999999616,36936.109500000006,55892.368
MADDY03EM3C,427,col_06,36936.787000000004,48086.213,1.5707963267948966,1.0,False,,,,,36907.4,48152.181000000004,36964.819,48235.499,57.41900000000169,83.3179999999993,36936.109500000006,48193.840000000004
MADDY03EM3C,428,col_07,36936.787000000004,40386.213,1.5707963267948966,1.0,False,,,,,36907.4,40452.181000000004,36964.563,40535.115000000005,57.163000000000466,82.9340000000011,36935.9815,40493.648
MADDY03EM3C,429,col_08,36936.787000000004,32686.213,1.5707963267948966,1.0,False,,,,,36907.4,32752.181,36965.075000000004,32835.498999999996,57.67500000000291,83.31799999999566,36936.2375,32793.84
MADDY03EM3C,430,col_09,36936.787000000004,24986.213,1.5707963267948966,1.0,False,,,,,36907.4,25052.181,36964.819,25135.499,57.41900000000169,83.3179999999993,36936.109500000006,25093.84
MADDY03EM3C,431,col_10,36936.788,17286.258,1.5707963267948966,1.0,False,,,,,36907.401,17355.788,36963.977,17435.368000000002,56.57600000000093,79.58000000000175,36935.689,17395.578
MADDY03EM3C,432,col_11,36936.787000000004,9593.905,1.5707963267948966,1.0,False,,,,,36907.548,9663.435000000001,36963.100000000006,9731.774000000001,55.55200000000332,68.33899999999994,36935.32400000001,9697.604500000001
MADDY03EM3C,433,col_12,36936.787000000004,1886.213,1.5707963267948966,1.0,False,,,,,36907.281,1955.743,36963.601,2033.706,56.31999999999971,77.96299999999997,36935.441000000006,1994.7244999999998
MADDY03EM3C,434,col_13,36936.787000000004,-5813.787,1.5707963267948966,1.0,False,,,,,36907.548,-5744.2570000000005,36964.819,-5665.1410000000005,57.27100000000064,79.11599999999999,36936.1835,-5704.6990000000005
MADDY03EM3C,435,col_14,36936.787000000004,-13517.633,1.5707963267948966,1.0,False,,,,,36907.548,-13448.103,36964.563,-13367.192,57.01499999999942,80.91100000000006,36936.0555,-13407.6475
MADDY03EM3C,436,col_15,36936.787000000004,-21213.787,1.5707963267948966,1.0,False,,,,,36907.548,-21144.257,36964.819,-21067.445,57.27100000000064,76.81200000000172,36936.1835,-21105.851000000002
MADDY03EM3C,437,col_16,36936.787000000004,-28913.787,1.5707963267948966,1.0,False,,,,,36907.548,-28844.257,36964.819,-28764.501,57.27100000000064,79.75600000000122,36936.1835,-28804.379
MADDY03EM3C,438,col_17,36936.787000000004,-36613.787000000004,1.5707963267948966,1.0,False,,,,,36907.548,-36544.257000000005,36964.563,-36464.885,57.01499999999942,79.37200000000303,36936.0555,-36504.571
MADDY03EM3C,439,col_18,36936.787000000004,-44313.787000000004,1.5707963267948966,1.0,False,,,,,36907.548,-44244.257000000005,36965.075000000004,-44164.501000000004,57.52700000000186,79.75600000000122,36936.3115,-44204.379
MADDY03EM3C,440,col_19,36936.787000000004,-52013.787000000004,1.5707963267948966,1.0,False,,,,,36907.548,-51944.257000000005,36964.819,-51864.501000000004,57.27100000000064,79.75600000000122,36936.1835,-51904.379
MADDY03EM3C,441,col_20,36936.788,-59713.742,1.5707963267948966,1.0,False,,,,,36907.282,-59646.108,36963.977,-59564.632,56.69499999999971,81.47600000000239,36935.629499999995,-59605.369999999995
MADDY03EM3C,442,col_21,36936.787000000004,-67406.095,1.5707963267948966,1.0,False,,,,,36907.281,-67338.461,36963.601,-67268.226,56.31999999999971,70.23500000000058,36935.441000000006,-67303.34349999999
MADDY03EM3C,443,col_22,36936.787000000004,-75113.787,1.5707963267948966,1.0,False,,,,,36907.281,-75046.15299999999,36963.601,-74966.294,56.31999999999971,79.85899999999674,36935.441000000006,-75006.2235
MADDY03EM3C,444,col_05,67578.787,55786.213,1.5707963267948966,1.0,False,,,,,67549.4,55852.181000000004,67606.819,55932.555,57.419000000008964,80.37399999999616,67578.10949999999,55892.368
MADDY03EM3C,445,col_06,67578.787,48086.213,1.5707963267948966,1.0,False,,,,,67549.4,48152.181000000004,67606.819,48235.499,57.419000000008964,83.3179999999993,67578.10949999999,48193.840000000004
MADDY03EM3C,446,col_07,67578.787,40386.213,1.5707963267948966,1.0,False,,,,,67549.4,40452.181000000004,67606.563,40535.115000000005,57.163000000000466,82.9340000000011,67577.9815,40493.648
MADDY03EM3C,447,col_08,67578.787,32686.213,1.5707963267948966,1.0,False,,,,,67549.4,32752.181,67607.075,32835.498999999996,57.67500000000291,83.31799999999566,67578.23749999999,32793.84
MADDY03EM3C,448,col_09,67578.787,24986.213,1.5707963267948966,1.0,False,,,,,67549.4,25052.181,67606.819,25135.499,57.419000000008964,83.3179999999993,67578.10949999999,25093.84
MADDY03EM3C,449,col_10,67578.788,17286.258,1.5707963267948966,1.0,False,,,,,67549.401,17355.788,67605.977,17435.368000000002,56.57600000000093,79.58000000000175,67577.689,17395.578
MADDY03EM3C,450,col_11,67578.787,9593.905,1.5707963267948966,1.0,False,,,,,67549.548,9663.435000000001,67605.09999999999,9731.774000000001,55.55199999999604,68.33899999999994,67577.324,9697.604500000001
MADDY03EM3C,451,col_12,67578.787,1886.213,1.5707963267948966,1.0,False,,,,,67549.281,1955.743,67605.601,2033.706,56.31999999999243,77.96299999999997,67577.44099999999,1994.7244999999998
MADDY03EM3C,452,col_13,67578.787,-5813.787,1.5707963267948966,1.0,False,,,,,67549.548,-5744.2570000000005,67606.819,-5665.1410000000005,57.271000000007916,79.11599999999999,67578.1835,-5704.6990000000005
MADDY03EM3C,453,col_14,67578.787,-13517.633,1.5707963267948966,1.0,False,,,,,67549.548,-13448.103,67606.563,-13367.192,57.01499999999942,80.91100000000006,67578.05549999999,-13407.6475
MADDY03EM3C,454,col_15,67578.787,-21213.787,1.5707963267948966,1.0,False,,,,,67549.548,-21144.257,67606.819,-21067.445,57.271000000007916,76.81200000000172,67578.1835,-21105.851000000002
MADDY03EM3C,455,col_16,67578.787,-28913.787,1.5707963267948966,1.0,False,,,,,67549.548,-28844.257,67606.819,-28764.501,57.271000000007916,79.75600000000122,67578.1835,-28804.379
MADDY03EM3C,456,col_17,67578.787,-36613.787000000004,1.5707963267948966,1.0,False,,,,,67549.548,-36544.257000000005,67606.563,-36464.885,57.01499999999942,79.37200000000303,67578.05549999999,-36504.571
MADDY03EM3C,457,col_18,67578.787,-44313.787000000004,1.5707963267948966,1.0,False,,,,,67549.548,-44244.257000000005,67607.075,-44164.501000000004,57.52700000000186,79.75600000000122,67578.3115,-44204.379
MADDY03EM3C,458,col_19,67578.787,-52013.787000000004,1.5707963267948966,1.0,False,,,,,67549.548,-51944.257000000005,67606.819,-51864.501000000004,57.271000000007916,79.75600000000122,67578.1835,-51904.379
MADDY03EM3C,459,col_01,16508.787,86593.905,1.5707963267948966,1.0,False,,,,,16479.4,86659.87299999999,16535.976,86731.774,56.57599999999729,71.90100000001257,16507.688000000002,86695.8235
MADDY03EM3C,460,col_02,16508.787,78886.213,1.5707963267948966,1.0,False,,,,,16479.281,78952.181,16535.976,79033.706,56.69499999999971,81.52500000000873,16507.6285,78992.9435
MADDY03EM3C,461,col_03,16508.787,71186.20300000001,1.5707963267948966,1.0,False,,,,,16479.4,71252.18100000001,16536.819,71334.849,57.41899999999805,82.66799999999057,16508.1095,71293.51500000001
MADDY03EM3C,462,col_04,16508.787,63482.367,1.5707963267948966,1.0,False,,,,,16479.4,63548.335,16536.563000000002,63632.808,57.163000000000466,84.47299999999814,16507.9815,63590.5715
MADDY03EM3C,463,col_05,16508.787,55786.213,1.5707963267948966,1.0,False,,,,,16479.4,55852.181000000004,16536.819,55932.555,57.41899999999805,80.37399999999616,16508.1095,55892.368
MADDY03EM3C,464,col_06,16508.787,48086.213,1.5707963267948966,1.0,False,,,,,16479.4,48152.181000000004,16536.819,48235.499,57.41899999999805,83.3179999999993,16508.1095,48193.840000000004
MADDY03EM3C,465,col_07,16508.787,40386.213,1.5707963267948966,1.0,False,,,,,16479.4,40452.181000000004,16536.563000000002,40535.115000000005,57.163000000000466,82.9340000000011,16507.9815,40493.648
MADDY03EM3C,466,col_08,16508.787,32686.213,1.5707963267948966,1.0,False,,,,,16479.4,32752.181,16537.075,32835.498999999996,57.67499999999927,83.31799999999566,16508.237500000003,32793.84
MADDY03EM3C,467,col_09,16508.787,24986.213,1.5707963267948966,1.0,False,,,,,16479.4,25052.181,16536.819,25135.499,57.41899999999805,83.3179999999993,16508.1095,25093.84
MADDY03EM3C,468,col_10,16508.788,17286.258,1.5707963267948966,1.0,False,,,,,16479.401,17355.788,16535.977,17435.368000000002,56.57599999999729,79.58000000000175,16507.689,17395.578
MADDY03EM3C,469,col_11,16508.787,9593.905,1.5707963267948966,1.0,False,,,,,16479.548,9663.435000000001,16535.1,9731.774000000001,55.55199999999968,68.33899999999994,16507.324,9697.604500000001
MADDY03EM3C,470,col_12,16508.787,1886.213,1.5707963267948966,1.0,False,,,,,16479.281,1955.743,16535.601,2033.706,56.31999999999971,77.96299999999997,16507.441,1994.7244999999998
MADDY03EM3C,471,col_13,16508.787,-5813.787,1.5707963267948966,1.0,False,,,,,16479.548,-5744.2570000000005,16536.819,-5665.1410000000005,57.27100000000064,79.11599999999999,16508.1835,-5704.6990000000005
MADDY03EM3C,472,col_14,16508.787,-13517.633,1.5707963267948966,1.0,False,,,,,16479.548,-13448.103,16536.563000000002,-13367.192,57.015000000003056,80.91100000000006,16508.055500000002,-13407.6475
MADDY03EM3C,473,col_15,16508.787,-21213.787,1.5707963267948966,1.0,False,,,,,16479.548,-21144.257,16536.819,-21067.445,57.27100000000064,76.81200000000172,16508.1835,-21105.851000000002
MADDY03EM3C,474,col_16,16508.787,-28913.787,1.5707963267948966,1.0,False,,,,,16479.548,-28844.257,16536.819,-28764.501,57.27100000000064,79.75600000000122,16508.1835,-28804.379
MADDY03EM3C,475,col_17,16508.787,-36613.787000000004,1.5707963267948966,1.0,False,,,,,16479.548,-36544.257000000005,16536.563000000002,-36464.885,57.015000000003056,79.37200000000303,16508.055500000002,-36504.571
MADDY03EM3C,476,col_18,16508.787,-44313.787000000004,1.5707963267948966,1.0,False,,,,,16479.548,-44244.257000000005,16537.075,-44164.501000000004,57.52700000000186,79.75600000000122,16508.3115,-44204.379
MADDY03EM3C,477,col_19,16508.787,-52013.787000000004,1.5707963267948966,1.0,False,,,,,16479.548,-51944.257000000005,16536.819,-51864.501000000004,57.27100000000064,79.75600000000122,16508.1835,-51904.379
MADDY03EM3C,478,col_20,16508.788,-59713.742,1.5707963267948966,1.0,False,,,,,16479.282,-59646.108,16535.977,-59564.632,56.69499999999971,81.47600000000239,16507.6295,-59605.369999999995
MADDY03EM3C,479,col_21,16508.787,-67406.095,1.5707963267948966,1.0,False,,,,,16479.281,-67338.461,16535.601,-67268.226,56.31999999999971,70.23500000000058,16507.441,-67303.34349999999
MADDY03EM3C,480,col_22,16508.787,-75113.787,1.5707963267948966,1.0,False,,,,,16479.281,-75046.15299999999,16535.601,-74966.294,56.31999999999971,79.85899999999674,16507.441,-75006.2235
MADDY03EM3C,481,col_23,16508.787,-82813.787,1.5707963267948966,1.0,False,,,,,16479.281,-82746.15299999999,16536.819,-82665.141,57.538000000000466,81.01199999998789,16508.05,-82705.647
MADDY03EM3C,482,col_01,26722.787,86593.905,1.5707963267948966,1.0,False,,,,,26693.4,86659.87299999999,26749.976,86731.774,56.57599999999729,71.90100000001257,26721.688000000002,86695.8235
MADDY03EM3C,483,col_02,26722.787,78886.213,1.5707963267948966,1.0,False,,,,,26693.281,78952.181,26749.976,79033.706,56.69499999999971,81.52500000000873,26721.6285,78992.9435
MADDY03EM3C,484,col_03,26722.787,71186.20300000001,1.5707963267948966,1.0,False,,,,,26693.4,71252.18100000001,26750.819,71334.849,57.41899999999805,82.66799999999057,26722.1095,71293.51500000001
MADDY03EM3C,485,col_04,26722.787,63482.367,1.5707963267948966,1.0,False,,,,,26693.4,63548.335,26750.563000000002,63632.808,57.163000000000466,84.47299999999814,26721.9815,63590.5715
MADDY03EM3C,486,col_05,26722.787,55786.213,1.5707963267948966,1.0,False,,,,,26693.4,55852.181000000004,26750.819,55932.555,57.41899999999805,80.37399999999616,26722.1095,55892.368
MADDY03EM3C,487,col_06,26722.787,48086.213,1.5707963267948966,1.0,False,,,,,26693.4,48152.181000000004,26750.819,48235.499,57.41899999999805,83.3179999999993,26722.1095,48193.840000000004
MADDY03EM3C,488,col_07,26722.787,40386.213,1.5707963267948966,1.0,False,,,,,26693.4,40452.181000000004,26750.563000000002,40535.115000000005,57.163000000000466,82.9340000000011,26721.9815,40493.648
MADDY03EM3C,489,col_08,26722.787,32686.213,1.5707963267948966,1.0,False,,,,,26693.4,32752.181,26751.075,32835.498999999996,57.67499999999927,83.31799999999566,26722.237500000003,32793.84
MADDY03EM3C,490,col_09,26722.787,24986.213,1.5707963267948966,1.0,False,,,,,26693.4,25052.181,26750.819,25135.499,57.41899999999805,83.3179999999993,26722.1095,25093.84
MADDY03EM3C,491,col_10,26722.788,17286.258,1.5707963267948966,1.0,False,,,,,26693.401,17355.788,26749.977,17435.368000000002,56.57599999999729,79.58000000000175,26721.689,17395.578
MADDY03EM3C,492,col_11,26722.787,9593.905,1.5707963267948966,1.0,False,,,,,26693.548,9663.435000000001,26749.1,9731.774000000001,55.55199999999968,68.33899999999994,26721.324,9697.604500000001
MADDY03EM3C,493,col_12,26722.787,1886.213,1.5707963267948966,1.0,False,,,,,26693.281,1955.743,26749.601,2033.706,56.31999999999971,77.96299999999997,26721.441,1994.7244999999998
MADDY03EM3C,494,col_13,26722.787,-5813.787,1.5707963267948966,1.0,False,,,,,26693.548,-5744.2570000000005,26750.819,-5665.1410000000005,57.27100000000064,79.11599999999999,26722.1835,-5704.6990000000005
MADDY03EM3C,495,col_14,26722.787,-13517.633,1.5707963267948966,1.0,False,,,,,26693.548,-13448.103,26750.563000000002,-13367.192,57.015000000003056,80.91100000000006,26722.055500000002,-13407.6475
MADDY03EM3C,496,col_15,26722.787,-21213.787,1.5707963267948966,1.0,False,,,,,26693.548,-21144.257,26750.819,-21067.445,57.27100000000064,76.81200000000172,26722.1835,-21105.851000000002
MADDY03EM3C,497,col_16,26722.787,-28913.787,1.5707963267948966,1.0,False,,,,,26693.548,-28844.257,26750.819,-28764.501,57.27100000000064,79.75600000000122,26722.1835,-28804.379
MADDY03EM3C,498,col_17,26722.787,-36613.787000000004,1.5707963267948966,1.0,False,,,,,26693.548,-36544.257000000005,26750.563000000002,-36464.885,57.015000000003056,79.37200000000303,26722.055500000002,-36504.571
MADDY03EM3C,499,col_18,26722.787,-44313.787000000004,1.5707963267948966,1.0,False,,,,,26693.548,-44244.257000000005,26751.075,-44164.501000000004,57.52700000000186,79.75600000000122,26722.3115,-44204.379
MADDY03EM3C,500,col_19,26722.787,-52013.787000000004,1.5707963267948966,1.0,False,,,,,26693.548,-51944.257000000005,26750.819,-51864.501000000004,57.27100000000064,79.75600000000122,26722.1835,-51904.379
MADDY03EM3C,501,col_20,26722.788,-59713.742,1.5707963267948966,1.0,False,,,,,26693.282,-59646.108,26749.977,-59564.632,56.69499999999971,81.47600000000239,26721.6295,-59605.369999999995
MADDY03EM3C,502,col_21,26722.787,-67406.095,1.5707963267948966,1.0,False,,,,,26693.281,-67338.461,26749.601,-67268.226,56.31999999999971,70.23500000000058,26721.441,-67303.34349999999
MADDY03EM3C,503,col_22,26722.787,-75113.787,1.5707963267948966,1.0,False,,,,,26693.281,-75046.15299999999,26749.601,-74966.294,56.31999999999971,79.85899999999674,26721.441,-75006.2235
MADDY03EM3C,504,col_10,-85631.212,17286.258,1.5707963267948966,1.0,False,,,,,-85660.599,17355.788,-85604.023,17435.368000000002,56.57600000000093,79.58000000000175,-85632.311,17395.578
MADDY03EM3C,505,col_11,-85631.213,9593.905,1.5707963267948966,1.0,False,,,,,-85660.452,9663.435000000001,-85604.90000000001,9731.774000000001,55.55199999999604,68.33899999999994,-85632.676,9697.604500000001
MADDY03EM3C,506,col_12,-85631.213,1886.213,1.5707963267948966,1.0,False,,,,,-85660.719,1955.743,-85604.399,2033.706,56.31999999999243,77.96299999999997,-85632.55900000001,1994.7244999999998
MADDY03EM3C,507,col_13,-85631.213,-5813.787,1.5707963267948966,1.0,False,,,,,-85660.452,-5744.2570000000005,-85603.181,-5665.1410000000005,57.271000000007916,79.11599999999999,-85631.8165,-5704.6990000000005
MADDY03EM3C,508,col_14,-85631.213,-13517.633,1.5707963267948966,1.0,False,,,,,-85660.452,-13448.103,-85603.437,-13367.192,57.01499999999942,80.91100000000006,-85631.94450000001,-13407.6475
MADDY03EM3C,509,col_01,-24347.213,86593.905,1.5707963267948966,1.0,False,,,,,-24376.6,86659.87299999999,-24320.024,86731.774,56.57599999999729,71.90100000001257,-24348.311999999998,86695.8235
MADDY03EM3C,510,col_02,-24347.213,78886.213,1.5707963267948966,1.0,False,,,,,-24376.719,78952.181,-24320.024,79033.706,56.69499999999971,81.52500000000873,-24348.3715,78992.9435
MADDY03EM3C,511,col_03,-24347.213,71186.20300000001,1.5707963267948966,1.0,False,,,,,-24376.6,71252.18100000001,-24319.181,71334.849,57.41899999999805,82.66799999999057,-24347.8905,71293.51500000001
MADDY03EM3C,512,col_04,-24347.213,63482.367,1.5707963267948966,1.0,False,,,,,-24376.6,63548.335,-24319.436999999998,63632.808,57.163000000000466,84.47299999999814,-24348.0185,63590.5715
MADDY03EM3C,513,col_05,-24347.213,55786.213,1.5707963267948966,1.0,False,,,,,-24376.6,55852.181000000004,-24319.181,55932.555,57.41899999999805,80.37399999999616,-24347.8905,55892.368
MADDY03EM3C,514,col_06,-24347.213,48086.213,1.5707963267948966,1.0,False,,,,,-24376.6,48152.181000000004,-24319.181,48235.499,57.41899999999805,83.3179999999993,-24347.8905,48193.840000000004
MADDY03EM3C,515,col_07,-24347.213,40386.213,1.5707963267948966,1.0,False,,,,,-24376.6,40452.181000000004,-24319.436999999998,40535.115000000005,57.163000000000466,82.9340000000011,-24348.0185,40493.648
MADDY03EM3C,516,col_08,-24347.213,32686.213,1.5707963267948966,1.0,False,,,,,-24376.6,32752.181,-24318.925,32835.498999999996,57.67499999999927,83.31799999999566,-24347.762499999997,32793.84
MADDY03EM3C,517,col_09,-24347.213,24986.213,1.5707963267948966,1.0,False,,,,,-24376.6,25052.181,-24319.181,25135.499,57.41899999999805,83.3179999999993,-24347.8905,25093.84
MADDY03EM3C,518,col_10,-24347.212,17286.258,1.5707963267948966,1.0,False,,,,,-24376.599,17355.788,-24320.023,17435.368000000002,56.57599999999729,79.58000000000175,-24348.311,17395.578
MADDY03EM3C,519,col_11,-24347.213,9593.905,1.5707963267948966,1.0,False,,,,,-24376.452,9663.435000000001,-24320.9,9731.774000000001,55.55199999999968,68.33899999999994,-24348.676,9697.604500000001
MADDY03EM3C,520,col_12,-24347.213,1886.213,1.5707963267948966,1.0,False,,,,,-24376.719,1955.743,-24320.399,2033.706,56.31999999999971,77.96299999999997,-24348.559,1994.7244999999998
MADDY03EM3C,521,col_13,-24347.213,-5813.787,1.5707963267948966,1.0,False,,,,,-24376.452,-5744.2570000000005,-24319.181,-5665.1410000000005,57.27100000000064,79.11599999999999,-24347.8165,-5704.6990000000005
MADDY03EM3C,522,col_14,-24347.213,-13517.633,1.5707963267948966,1.0,False,,,,,-24376.452,-13448.103,-24319.436999999998,-13367.192,57.015000000003056,80.91100000000006,-24347.944499999998,-13407.6475
MADDY03EM3C,523,col_15,-24347.213,-21213.787,1.5707963267948966,1.0,False,,,,,-24376.452,-21144.257,-24319.181,-21067.445,57.27100000000064,76.81200000000172,-24347.8165,-21105.851000000002
MADDY03EM3C,524,col_16,-24347.213,-28913.787,1.5707963267948966,1.0,False,,,,,-24376.452,-28844.257,-24319.181,-28764.501,57.27100000000064,79.75600000000122,-24347.8165,-28804.379
MADDY03EM3C,525,col_17,-24347.213,-36613.787000000004,1.5707963267948966,1.0,False,,,,,-24376.452,-36544.257000000005,-24319.436999999998,-36464.885,57.015000000003056,79.37200000000303,-24347.944499999998,-36504.571
MADDY03EM3C,526,col_18,-24347.213,-44313.787000000004,1.5707963267948966,1.0,False,,,,,-24376.452,-44244.257000000005,-24318.925,-44164.501000000004,57.52700000000186,79.75600000000122,-24347.6885,-44204.379
MADDY03EM3C,527,col_19,-24347.213,-52013.787000000004,1.5707963267948966,1.0,False,,,,,-24376.452,-51944.257000000005,-24319.181,-51864.501000000004,57.27100000000064,79.75600000000122,-24347.8165,-51904.379
MADDY03EM3C,528,col_20,-24347.212,-59713.742,1.5707963267948966,1.0,False,,,,,-24376.718,-59646.108,-24320.023,-59564.632,56.69499999999971,81.47600000000239,-24348.3705,-59605.369999999995
MADDY03EM3C,529,col_21,-24347.213,-67406.095,1.5707963267948966,1.0,False,,,,,-24376.719,-67338.461,-24320.399,-67268.226,56.31999999999971,70.23500000000058,-24348.559,-67303.34349999999
MADDY03EM3C,530,col_22,-24347.213,-75113.787,1.5707963267948966,1.0,False,,,,,-24376.719,-75046.15299999999,-24320.399,-74966.294,56.31999999999971,79.85899999999674,-24348.559,-75006.2235
MADDY03EM3C,531,col_23,-24347.213,-82813.787,1.5707963267948966,1.0,False,,,,,-24376.719,-82746.15299999999,-24319.181,-82665.141,57.538000000000466,81.01199999998789,-24347.95,-82705.647
MADDY03EM3C,532,col_04,-54989.213,63482.367,1.5707963267948966,1.0,False,,,,,-55018.600000000006,63548.335,-54961.437000000005,63632.808,57.163000000000466,84.47299999999814,-54990.018500000006,63590.5715
MADDY03EM3C,533,col_05,-54989.213,55786.213,1.5707963267948966,1.0,False,,,,,-55018.600000000006,55852.181000000004,-54961.181000000004,55932.555,57.41900000000169,80.37399999999616,-54989.89050000001,55892.368
MADDY03EM3C,534,col_06,-54989.213,48086.213,1.5707963267948966,1.0,False,,,,,-55018.600000000006,48152.181000000004,-54961.181000000004,48235.499,57.41900000000169,83.3179999999993,-54989.89050000001,48193.840000000004
MADDY03EM3C,535,col_07,-54989.213,40386.213,1.5707963267948966,1.0,False,,,,,-55018.600000000006,40452.181000000004,-54961.437000000005,40535.115000000005,57.163000000000466,82.9340000000011,-54990.018500000006,40493.648
MADDY03EM3C,536,col_08,-54989.213,32686.213,1.5707963267948966,1.0,False,,,,,-55018.600000000006,32752.181,-54960.925,32835.498999999996,57.67500000000291,83.31799999999566,-54989.762500000004,32793.84
MADDY03EM3C,537,col_09,-54989.213,24986.213,1.5707963267948966,1.0,False,,,,,-55018.600000000006,25052.181,-54961.181000000004,25135.499,57.41900000000169,83.3179999999993,-54989.89050000001,25093.84
MADDY03EM3C,538,col_10,-54989.212,17286.258,1.5707963267948966,1.0,False,,,,,-55018.599,17355.788,-54962.023,17435.368000000002,56.57600000000093,79.58000000000175,-54990.311,17395.578
MADDY03EM3C,539,col_11,-54989.213,9593.905,1.5707963267948966,1.0,False,,,,,-55018.452000000005,9663.435000000001,-54962.9,9731.774000000001,55.55200000000332,68.33899999999994,-54990.67600000001,9697.604500000001
MADDY03EM3C,540,col_12,-54989.213,1886.213,1.5707963267948966,1.0,False,,,,,-55018.719000000005,1955.743,-54962.399000000005,2033.706,56.31999999999971,77.96299999999997,-54990.55900000001,1994.7244999999998
MADDY03EM3C,541,col_13,-54989.213,-5813.787,1.5707963267948966,1.0,False,,,,,-55018.452000000005,-5744.2570000000005,-54961.181000000004,-5665.1410000000005,57.27100000000064,79.11599999999999,-54989.8165,-5704.6990000000005
MADDY03EM3C,542,col_14,-54989.213,-13517.633,1.5707963267948966,1.0,False,,,,,-55018.452000000005,-13448.103,-54961.437000000005,-13367.192,57.01499999999942,80.91100000000006,-54989.944500000005,-13407.6475
MADDY03EM3C,543,col_15,-54989.213,-21213.787,1.5707963267948966,1.0,False,,,,,-55018.452000000005,-21144.257,-54961.181000000004,-21067.445,57.27100000000064,76.81200000000172,-54989.8165,-21105.851000000002
MADDY03EM3C,544,col_16,-54989.213,-28913.787,1.5707963267948966,1.0,False,,,,,-55018.452000000005,-28844.257,-54961.181000000004,-28764.501,57.27100000000064,79.75600000000122,-54989.8165,-28804.379
MADDY03EM3C,545,col_17,-54989.213,-36613.787000000004,1.5707963267948966,1.0,False,,,,,-55018.452000000005,-36544.257000000005,-54961.437000000005,-36464.885,57.01499999999942,79.37200000000303,-54989.944500000005,-36504.571
MADDY03EM3C,546,col_18,-54989.213,-44313.787000000004,1.5707963267948966,1.0,False,,,,,-55018.452000000005,-44244.257000000005,-54960.925,-44164.501000000004,57.52700000000186,79.75600000000122,-54989.688500000004,-44204.379
MADDY03EM3C,547,col_19,-54989.213,-52013.787000000004,1.5707963267948966,1.0,False,,,,,-55018.452000000005,-51944.257000000005,-54961.181000000004,-51864.501000000004,57.27100000000064,79.75600000000122,-54989.8165,-51904.379
MADDY03EM3C,548,col_20,-54989.212,-59713.742,1.5707963267948966,1.0,False,,,,,-55018.718,-59646.108,-54962.023,-59564.632,56.69499999999971,81.47600000000239,-54990.370500000005,-59605.369999999995
MADDY03EM3C,549,col_01,-3919.213,86593.905,1.5707963267948966,1.0,False,,,,,-3948.6000000000004,86659.87299999999,-3892.0240000000003,86731.774,56.57600000000002,71.90100000001257,-3920.3120000000004,86695.8235
MADDY03EM3C,550,col_02,-3919.213,78886.213,1.5707963267948966,1.0,False,,,,,-3948.719,78952.181,-3892.0240000000003,79033.706,56.69499999999971,81.52500000000873,-3920.3715,78992.9435
MADDY03EM3C,551,col_03,-3919.213,71186.20300000001,1.5707963267948966,1.0,False,,,,,-3948.6000000000004,71252.18100000001,-3891.181,71334.849,57.419000000000324,82.66799999999057,-3919.8905000000004,71293.51500000001
MADDY03EM3C,552,col_04,-3919.213,63482.367,1.5707963267948966,1.0,False,,,,,-3948.6000000000004,63548.335,-3891.4370000000004,63632.808,57.16300000000001,84.47299999999814,-3920.0185,63590.5715
MADDY03EM3C,553,col_05,-3919.213,55786.213,1.5707963267948966,1.0,False,,,,,-3948.6000000000004,55852.181000000004,-3891.181,55932.555,57.419000000000324,80.37399999999616,-3919.8905000000004,55892.368
MADDY03EM3C,554,col_06,-3919.213,48086.213,1.5707963267948966,1.0,False,,,,,-3948.6000000000004,48152.181000000004,-3891.181,48235.499,57.419000000000324,83.3179999999993,-3919.8905000000004,48193.840000000004
MADDY03EM3C,555,col_07,-3919.213,40386.213,1.5707963267948966,1.0,False,,,,,-3948.6000000000004,40452.181000000004,-3891.4370000000004,40535.115000000005,57.16300000000001,82.9340000000011,-3920.0185,40493.648
MADDY03EM3C,556,col_08,-3919.213,32686.213,1.5707963267948966,1.0,False,,,,,-3948.6000000000004,32752.181,-3890.925,32835.498999999996,57.67500000000018,83.31799999999566,-3919.7625000000003,32793.84
MADDY03EM3C,557,col_09,-3919.213,24986.213,1.5707963267948966,1.0,False,,,,,-3948.6000000000004,25052.181,-3891.181,25135.499,57.419000000000324,83.3179999999993,-3919.8905000000004,25093.84
MADDY03EM3C,558,col_10,-3919.212,17286.258,1.5707963267948966,1.0,False,,,,,-3948.599,17355.788,-3892.023,17435.368000000002,56.57600000000002,79.58000000000175,-3920.311,17395.578
MADDY03EM3C,559,col_11,-3919.213,9593.905,1.5707963267948966,1.0,False,,,,,-3948.452,9663.435000000001,-3892.9,9731.774000000001,55.552000000000135,68.33899999999994,-3920.6760000000004,9697.604500000001
MADDY03EM3C,560,col_12,-3919.213,1886.213,1.5707963267948966,1.0,False,,,,,-3948.719,1955.743,-3892.3990000000003,2033.706,56.31999999999971,77.96299999999997,-3920.559,1994.7244999999998
MADDY03EM3C,561,col_13,-3919.213,-5813.787,1.5707963267948966,1.0,False,,,,,-3948.452,-5744.2570000000005,-3891.181,-5665.1410000000005,57.271000000000186,79.11599999999999,-3919.8165,-5704.6990000000005
MADDY03EM3C,562,col_14,-3919.213,-13517.633,1.5707963267948966,1.0,False,,,,,-3948.452,-13448.103,-3891.4370000000004,-13367.192,57.01499999999987,80.91100000000006,-3919.9445000000005,-13407.6475
MADDY03EM3C,563,col_15,-3919.213,-21213.787,1.5707963267948966,1.0,False,,,,,-3948.452,-21144.257,-3891.181,-21067.445,57.271000000000186,76.81200000000172,-3919.8165,-21105.851000000002
MADDY03EM3C,564,col_16,-3919.213,-28913.787,1.5707963267948966,1.0,False,,,,,-3948.452,-28844.257,-3891.181,-28764.501,57.271000000000186,79.75600000000122,-3919.8165,-28804.379
MADDY03EM3C,565,col_17,-3919.213,-36613.787000000004,1.5707963267948966,1.0,False,,,,,-3948.452,-36544.257000000005,-3891.4370000000004,-36464.885,57.01499999999987,79.37200000000303,-3919.9445000000005,-36504.571
MADDY03EM3C,566,col_18,-3919.213,-44313.787000000004,1.5707963267948966,1.0,False,,,,,-3948.452,-44244.257000000005,-3890.925,-44164.501000000004,57.527000000000044,79.75600000000122,-3919.6885,-44204.379
MADDY03EM3C,567,col_19,-3919.213,-52013.787000000004,1.5707963267948966,1.0,False,,,,,-3948.452,-51944.257000000005,-3891.181,-51864.501000000004,57.271000000000186,79.75600000000122,-3919.8165,-51904.379
MADDY03EM3C,568,col_20,-3919.212,-59713.742,1.5707963267948966,1.0,False,,,,,-3948.718,-59646.108,-3892.023,-59564.632,56.69499999999971,81.47600000000239,-3920.3705,-59605.369999999995
MADDY03EM3C,569,col_21,-3919.213,-67406.095,1.5707963267948966,1.0,False,,,,,-3948.719,-67338.461,-3892.3990000000003,-67268.226,56.31999999999971,70.23500000000058,-3920.559,-67303.34349999999
MADDY03EM3C,570,col_22,-3919.213,-75113.787,1.5707963267948966,1.0,False,,,,,-3948.719,-75046.15299999999,-3892.3990000000003,-74966.294,56.31999999999971,79.85899999999674,-3920.559,-75006.2235
MADDY03EM3C,571,col_23,-3919.213,-82813.787,1.5707963267948966,1.0,False,,,,,-3948.719,-82746.15299999999,-3891.181,-82665.141,57.53800000000001,81.01199999998789,-3919.95,-82705.647
MADDY03EM3C,572,col_03,-44775.213,71186.20300000001,1.5707963267948966,1.0,False,,,,,-44804.600000000006,71252.18100000001,-44747.181000000004,71334.849,57.41900000000169,82.66799999999057,-44775.89050000001,71293.51500000001
MADDY03EM3C,573,col_04,-44775.213,63482.367,1.5707963267948966,1.0,False,,,,,-44804.600000000006,63548.335,-44747.437000000005,63632.808,57.163000000000466,84.47299999999814,-44776.018500000006,63590.5715
MADDY03EM3C,574,col_05,-44775.213,55786.213,1.5707963267948966,1.0,False,,,,,-44804.600000000006,55852.181000000004,-44747.181000000004,55932.555,57.41900000000169,80.37399999999616,-44775.89050000001,55892.368
MADDY03EM3C,575,col_06,-44775.213,48086.213,1.5707963267948966,1.0,False,,,,,-44804.600000000006,48152.181000000004,-44747.181000000004,48235.499,57.41900000000169,83.3179999999993,-44775.89050000001,48193.840000000004
MADDY03EM3C,576,col_07,-44775.213,40386.213,1.5707963267948966,1.0,False,,,,,-44804.600000000006,40452.181000000004,-44747.437000000005,40535.115000000005,57.163000000000466,82.9340000000011,-44776.018500000006,40493.648
MADDY03EM3C,577,col_08,-44775.213,32686.213,1.5707963267948966,1.0,False,,,,,-44804.600000000006,32752.181,-44746.925,32835.498999999996,57.67500000000291,83.31799999999566,-44775.762500000004,32793.84
MADDY03EM3C,578,col_09,-44775.213,24986.213,1.5707963267948966,1.0,False,,,,,-44804.600000000006,25052.181,-44747.181000000004,25135.499,57.41900000000169,83.3179999999993,-44775.89050000001,25093.84
MADDY03EM3C,579,col_10,-44775.212,17286.258,1.5707963267948966,1.0,False,,,,,-44804.599,17355.788,-44748.023,17435.368000000002,56.57600000000093,79.58000000000175,-44776.311,17395.578
MADDY03EM3C,580,col_11,-44775.213,9593.905,1.5707963267948966,1.0,False,,,,,-44804.452000000005,9663.435000000001,-44748.9,9731.774000000001,55.55200000000332,68.33899999999994,-44776.67600000001,9697.604500000001
MADDY03EM3C,581,col_12,-44775.213,1886.213,1.5707963267948966,1.0,False,,,,,-44804.719000000005,1955.743,-44748.399000000005,2033.706,56.31999999999971,77.96299999999997,-44776.55900000001,1994.7244999999998
MADDY03EM3C,582,col_13,-44775.213,-5813.787,1.5707963267948966,1.0,False,,,,,-44804.452000000005,-5744.2570000000005,-44747.181000000004,-5665.1410000000005,57.27100000000064,79.11599999999999,-44775.8165,-5704.6990000000005
MADDY03EM3C,583,col_14,-44775.213,-13517.633,1.5707963267948966,1.0,False,,,,,-44804.452000000005,-13448.103,-44747.437000000005,-13367.192,57.01499999999942,80.91100000000006,-44775.944500000005,-13407.6475
MADDY03EM3C,584,col_15,-44775.213,-21213.787,1.5707963267948966,1.0,False,,,,,-44804.452000000005,-21144.257,-44747.181000000004,-21067.445,57.27100000000064,76.81200000000172,-44775.8165,-21105.851000000002
MADDY03EM3C,585,col_16,-44775.213,-28913.787,1.5707963267948966,1.0,False,,,,,-44804.452000000005,-28844.257,-44747.181000000004,-28764.501,57.27100000000064,79.75600000000122,-44775.8165,-28804.379
MADDY03EM3C,586,col_17,-44775.213,-36613.787000000004,1.5707963267948966,1.0,False,,,,,-44804.452000000005,-36544.257000000005,-44747.437000000005,-36464.885,57.01499999999942,79.37200000000303,-44775.944500000005,-36504.571
MADDY03EM3C,587,col_18,-44775.213,-44313.787000000004,1.5707963267948966,1.0,False,,,,,-44804.452000000005,-44244.257000000005,-44746.925,-44164.501000000004,57.52700000000186,79.75600000000122,-44775.688500000004,-44204.379
MADDY03EM3C,588,col_19,-44775.213,-52013.787000000004,1.5707963267948966,1.0,False,,,,,-44804.452000000005,-51944.257000000005,-44747.181000000004,-51864.501000000004,57.27100000000064,79.75600000000122,-44775.8165,-51904.379
MADDY03EM3C,589,col_20,-44775.212,-59713.742,1.5707963267948966,1.0,False,,,,,-44804.718,-59646.108,-44748.023,-59564.632,56.69499999999971,81.47600000000239,-44776.370500000005,-59605.369999999995
MADDY03EM3C,590,col_21,-44775.213,-67406.095,1.5707963267948966,1.0,False,,,,,-44804.719000000005,-67338.461,-44748.399000000005,-67268.226,56.31999999999971,70.23500000000058,-44776.55900000001,-67303.34349999999
MADDY03EM3C,591,col_01,-14133.213,86593.905,1.5707963267948966,1.0,False,,,,,-14162.6,86659.87299999999,-14106.024,86731.774,56.57600000000093,71.90100000001257,-14134.312,86695.8235
MADDY03EM3C,592,col_02,-14133.213,78886.213,1.5707963267948966,1.0,False,,,,,-14162.719,78952.181,-14106.024,79033.706,56.69499999999971,81.52500000000873,-14134.3715,78992.9435
MADDY03EM3C,593,col_03,-14133.213,71186.20300000001,1.5707963267948966,1.0,False,,,,,-14162.6,71252.18100000001,-14105.181,71334.849,57.41899999999987,82.66799999999057,-14133.890500000001,71293.51500000001
MADDY03EM3C,594,col_04,-14133.213,63482.367,1.5707963267948966,1.0,False,,,,,-14162.6,63548.335,-14105.437,63632.808,57.163000000000466,84.47299999999814,-14134.0185,63590.5715
MADDY03EM3C,595,col_05,-14133.213,55786.213,1.5707963267948966,1.0,False,,,,,-14162.6,55852.181000000004,-14105.181,55932.555,57.41899999999987,80.37399999999616,-14133.890500000001,55892.368
MADDY03EM3C,596,col_06,-14133.213,48086.213,1.5707963267948966,1.0,False,,,,,-14162.6,48152.181000000004,-14105.181,48235.499,57.41899999999987,83.3179999999993,-14133.890500000001,48193.840000000004
MADDY03EM3C,597,col_07,-14133.213,40386.213,1.5707963267948966,1.0,False,,,,,-14162.6,40452.181000000004,-14105.437,40535.115000000005,57.163000000000466,82.9340000000011,-14134.0185,40493.648
MADDY03EM3C,598,col_08,-14133.213,32686.213,1.5707963267948966,1.0,False,,,,,-14162.6,32752.181,-14104.925,32835.498999999996,57.67500000000109,83.31799999999566,-14133.7625,32793.84
MADDY03EM3C,599,col_09,-14133.213,24986.213,1.5707963267948966,1.0,False,,,,,-14162.6,25052.181,-14105.181,25135.499,57.41899999999987,83.3179999999993,-14133.890500000001,25093.84
MADDY03EM3C,600,col_10,-14133.212,17286.258,1.5707963267948966,1.0,False,,,,,-14162.599,17355.788,-14106.023,17435.368000000002,56.57600000000093,79.58000000000175,-14134.311,17395.578
MADDY03EM3C,601,col_11,-14133.213,9593.905,1.5707963267948966,1.0,False,,,,,-14162.452,9663.435000000001,-14106.9,9731.774000000001,55.55199999999968,68.33899999999994,-14134.676,9697.604500000001
MADDY03EM3C,602,col_12,-14133.213,1886.213,1.5707963267948966,1.0,False,,,,,-14162.719,1955.743,-14106.399,2033.706,56.31999999999971,77.96299999999997,-14134.559,1994.7244999999998
MADDY03EM3C,603,col_13,-14133.213,-5813.787,1.5707963267948966,1.0,False,,,,,-14162.452,-5744.2570000000005,-14105.181,-5665.1410000000005,57.27099999999882,79.11599999999999,-14133.8165,-5704.6990000000005
MADDY03EM3C,604,col_14,-14133.213,-13517.633,1.5707963267948966,1.0,False,,,,,-14162.452,-13448.103,-14105.437,-13367.192,57.01499999999942,80.91100000000006,-14133.9445,-13407.6475
MADDY03EM3C,605,col_15,-14133.213,-21213.787,1.5707963267948966,1.0,False,,,,,-14162.452,-21144.257,-14105.181,-21067.445,57.27099999999882,76.81200000000172,-14133.8165,-21105.851000000002
MADDY03EM3C,606,col_16,-14133.213,-28913.787,1.5707963267948966,1.0,False,,,,,-14162.452,-28844.257,-14105.181,-28764.501,57.27099999999882,79.75600000000122,-14133.8165,-28804.379
MADDY03EM3C,607,col_17,-14133.213,-36613.787000000004,1.5707963267948966,1.0,False,,,,,-14162.452,-36544.257000000005,-14105.437,-36464.885,57.01499999999942,79.37200000000303,-14133.9445,-36504.571
MADDY03EM3C,608,col_18,-14133.213,-44313.787000000004,1.5707963267948966,1.0,False,,,,,-14162.452,-44244.257000000005,-14104.925,-44164.501000000004,57.527000000000044,79.75600000000122,-14133.6885,-44204.379
MADDY03EM3C,609,col_19,-14133.213,-52013.787000000004,1.5707963267948966,1.0,False,,,,,-14162.452,-51944.257000000005,-14105.181,-51864.501000000004,57.27099999999882,79.75600000000122,-14133.8165,-51904.379
MADDY03EM3C,610,col_20,-14133.212,-59713.742,1.5707963267948966,1.0,False,,,,,-14162.717999999999,-59646.108,-14106.023,-59564.632,56.69499999999971,81.47600000000239,-14134.370499999999,-59605.369999999995
MADDY03EM3C,611,col_21,-14133.213,-67406.095,1.5707963267948966,1.0,False,,,,,-14162.719,-67338.461,-14106.399,-67268.226,56.31999999999971,70.23500000000058,-14134.559,-67303.34349999999
MADDY03EM3C,612,col_22,-14133.213,-75113.787,1.5707963267948966,1.0,False,,,,,-14162.719,-75046.15299999999,-14106.399,-74966.294,56.31999999999971,79.85899999999674,-14134.559,-75006.2235
MADDY03EM3C,613,col_23,-14133.213,-82813.787,1.5707963267948966,1.0,False,,,,,-14162.719,-82746.15299999999,-14105.181,-82665.141,57.53799999999865,81.01199999998789,-14133.95,-82705.647
MADDY03EM3C,614,col_03,47150.787000000004,71186.20300000001,1.5707963267948966,1.0,False,,,,,47121.4,71252.18100000001,47178.819,71334.849,57.41900000000169,82.66799999999057,47150.109500000006,71293.51500000001
MADDY03EM3C,615,col_04,47150.787000000004,63482.367,1.5707963267948966,1.0,False,,,,,47121.4,63548.335,47178.563,63632.808,57.163000000000466,84.47299999999814,47149.9815,63590.5715
MADDY03EM3C,616,col_05,47150.787000000004,55786.213,1.5707963267948966,1.0,False,,,,,47121.4,55852.181000000004,47178.819,55932.555,57.41900000000169,80.37399999999616,47150.109500000006,55892.368
MADDY03EM3C,617,col_06,47150.787000000004,48086.213,1.5707963267948966,1.0,False,,,,,47121.4,48152.181000000004,47178.819,48235.499,57.41900000000169,83.3179999999993,47150.109500000006,48193.840000000004
MADDY03EM3C,618,col_07,47150.787000000004,40386.213,1.5707963267948966,1.0,False,,,,,47121.4,40452.181000000004,47178.563,40535.115000000005,57.163000000000466,82.9340000000011,47149.9815,40493.648
MADDY03EM3C,619,col_08,47150.787000000004,32686.213,1.5707963267948966,1.0,False,,,,,47121.4,32752.181,47179.075000000004,32835.498999999996,57.67500000000291,83.31799999999566,47150.2375,32793.84
MADDY03EM3C,620,col_09,47150.787000000004,24986.213,1.5707963267948966,1.0,False,,,,,47121.4,25052.181,47178.819,25135.499,57.41900000000169,83.3179999999993,47150.109500000006,25093.84
MADDY03EM3C,621,col_10,47150.788,17286.258,1.5707963267948966,1.0,False,,,,,47121.401,17355.788,47177.977,17435.368000000002,56.57600000000093,79.58000000000175,47149.689,17395.578
MADDY03EM3C,622,col_11,47150.787000000004,9593.905,1.5707963267948966,1.0,False,,,,,47121.548,9663.435000000001,47177.100000000006,9731.774000000001,55.55200000000332,68.33899999999994,47149.32400000001,9697.604500000001
MADDY03EM3C,623,col_12,47150.787000000004,1886.213,1.5707963267948966,1.0,False,,,,,47121.281,1955.743,47177.601,2033.706,56.31999999999971,77.96299999999997,47149.441000000006,1994.7244999999998
MADDY03EM3C,624,col_13,47150.787000000004,-5813.787,1.5707963267948966,1.0,False,,,,,47121.548,-5744.2570000000005,47178.819,-5665.1410000000005,57.27100000000064,79.11599999999999,47150.1835,-5704.6990000000005
MADDY03EM3C,625,col_14,47150.787000000004,-13517.633,1.5707963267948966,1.0,False,,,,,47121.548,-13448.103,47178.563,-13367.192,57.01499999999942,80.91100000000006,47150.0555,-13407.6475
MADDY03EM3C,626,col_15,47150.787000000004,-21213.787,1.5707963267948966,1.0,False,,,,,47121.548,-21144.257,47178.819,-21067.445,57.27100000000064,76.81200000000172,47150.1835,-21105.851000000002
MADDY03EM3C,627,col_16,47150.787000000004,-28913.787,1.5707963267948966,1.0,False,,,,,47121.548,-28844.257,47178.819,-28764.501,57.27100000000064,79.75600000000122,47150.1835,-28804.379
MADDY03EM3C,628,col_17,47150.787000000004,-36613.787000000004,1.5707963267948966,1.0,False,,,,,47121.548,-36544.257000000005,47178.563,-36464.885,57.01499999999942,79.37200000000303,47150.0555,-36504.571
MADDY03EM3C,629,col_18,47150.787000000004,-44313.787000000004,1.5707963267948966,1.0,False,,,,,47121.548,-44244.257000000005,47179.075000000004,-44164.501000000004,57.52700000000186,79.75600000000122,47150.3115,-44204.379
MADDY03EM3C,630,col_19,47150.787000000004,-52013.787000000004,1.5707963267948966,1.0,False,,,,,47121.548,-51944.257000000005,47178.819,-51864.501000000004,57.27100000000064,79.75600000000122,47150.1835,-51904.379
MADDY03EM3C,631,col_20,47150.788,-59713.742,1.5707963267948966,1.0,False,,,,,47121.282,-59646.108,47177.977,-59564.632,56.69499999999971,81.47600000000239,47149.629499999995,-59605.369999999995
MADDY03EM3C,632,col_21,47150.787000000004,-67406.095,1.5707963267948966,1.0,False,,,,,47121.281,-67338.461,47177.601,-67268.226,56.31999999999971,70.23500000000058,47149.441000000006,-67303.34349999999
single_shot_Lyr152_RevB,1,03_die_Lyr152_RevB,-5107.0,0.0,0.0,1.0,False,,,,,-10183.8,-3737.3,-338.39999999999964,3737.5,9845.4,7474.8,-5261.099999999999,0.09999999999990905
single_shot_Lyr152_RevB,2,03_die_Lyr152_RevB,5107.0,0.0,0.0,1.0,False,,,,,30.199999999999818,-3737.3,9875.6,3737.5,9845.400000000001,7474.8,4952.9,0.09999999999990905
single_shot_Lyr152_RevB,3,03_die_Lyr152_RevB,5107.0,-7700.0,0.0,1.0,False,,,,,30.199999999999818,-11437.3,9875.6,-3962.5,9845.400000000001,7474.799999999999,4952.9,-7699.9
single_shot_Lyr152_RevB,4,03_die_Lyr152_RevB,5107.0,7700.0,0.0,1.0,False,,,,,30.199999999999818,3962.7,9875.6,11437.5,9845.400000000001,7474.8,4952.9,7700.1
single_shot_Lyr152_RevB,5,03_die_Lyr152_RevB,-5107.0,7700.0,0.0,1.0,False,,,,,-10183.8,3962.7,-338.39999999999964,11437.5,9845.4,7474.8,-5261.099999999999,7700.1
single_shot_Lyr152_RevB,6,03_die_Lyr152_RevB,-5107.0,-7700.0,0.0,1.0,False,,,,,-10183.8,-11437.3,-338.39999999999964,-3962.5,9845.4,7474.799999999999,-5261.099999999999,-7699.9
WaferMap_RevG,1,MADDY03EM3C,0.0,0.0,0.0,1.0,False,,,,,-100000.0,-101250.001,100000.0,100000.0,200000.0,201250.001,0.0,-625.0005000000019
WaferMap_RevG,2,MADDY03CR1F_1X,-30642.0,-92400.0,3.141592653589793,1.0,False,,,,,-40856.25,-103950.25,-20427.75,-80849.75,20428.5,23100.5,-30642.0,-92400.0
WaferMap_RevG,3,MADDY03CR1F_1X,30642.0,-92400.0,3.141592653589793,1.0,False,,,,,20427.75,-103950.25,40856.25,-80849.75,20428.5,23100.5,30642.0,-92400.0
WaferMap_RevG,4,MADDY03CR1F_1X,-51070.0,-92400.0,3.141592653589793,1.0,False,,,,,-61284.25,-103950.25,-40855.75,-80849.75,20428.5,23100.5,-51070.0,-92400.0
WaferMap_RevG,5,MADDY03CR1F_1X,10214.0,-92400.0,3.141592653589793,1.0,False,,,,,-0.250000000001819,-103950.25,20428.25,-80849.75,20428.5,23100.5,10214.0,-92400.0
WaferMap_RevG,6,MADDY03CR1F_1X,-30642.0,46200.0,3.141592653589793,1.0,False,,,,,-40856.25,34649.75,-20427.75,57750.25,20428.5,23100.5,-30642.0,46200.0
WaferMap_RevG,7,MADDY03CR1F_1X,-51070.0,69300.0,3.141592653589793,1.0,False,,,,,-61284.25,57749.75,-40855.75,80850.25,20428.5,23100.5,-51070.0,69300.0
WaferMap_RevG,8,MADDY03CR1F_1X,71498.0,23100.0,3.141592653589793,1.0,False,,,,,61283.75,11549.749999999998,81712.25,34650.25,20428.5,23100.5,71498.0,23100.0
WaferMap_RevG,9,MADDY03CR1F_1X,-91926.0,-46200.0,3.141592653589793,1.0,False,,,,,-102140.25,-57750.25,-81711.75,-34649.75,20428.5,23100.5,-91926.0,-46200.0
WaferMap_RevG,10,MADDY03CR1F_1X,10214.0,69300.0,3.141592653589793,1.0,False,,,,,-0.250000000001819,57749.75,20428.25,80850.25,20428.5,23100.5,10214.0,69300.0
WaferMap_RevG,11,MADDY03CR1F_1X,-30642.0,0.0,3.141592653589793,1.0,False,,,,,-40856.25,-11550.250000000002,-20427.75,11550.250000000002,20428.5,23100.500000000004,-30642.0,0.0
WaferMap_RevG,12,MADDY03CR1F_1X,-71498.0,69300.0,3.141592653589793,1.0,False,,,,,-81712.25,57749.75,-61283.75,80850.25,20428.5,23100.5,-71498.0,69300.0
WaferMap_RevG,13,MADDY03CR1F_1X,51070.0,69300.0,3.141592653589793,1.0,False,,,,,40855.75,57749.75,61284.25,80850.25,20428.5,23100.5,51070.0,69300.0
WaferMap_RevG,14,MADDY03CR1F_1X,-51070.0,-46200.0,3.141592653589793,1.0,False,,,,,-61284.25,-57750.25,-40855.75,-34649.75,20428.5,23100.5,-51070.0,-46200.0
WaferMap_RevG,15,MADDY03CR1F_1X,71498.0,69300.0,3.141592653589793,1.0,False,,,,,61283.75,57749.75,81712.25,80850.25,20428.5,23100.5,71498.0,69300.0
WaferMap_RevG,16,MADDY03CR1F_1X,-10214.0,0.0,3.141592653589793,1.0,False,,,,,-20428.25,-11550.250000000002,0.250000000001819,11550.250000000002,20428.5,23100.500000000004,-10214.0,0.0
WaferMap_RevG,17,MADDY03CR1F_1X,-91926.0,23100.0,3.141592653589793,1.0,False,,,,,-102140.25,11549.749999999998,-81711.75,34650.25,20428.5,23100.5,-91926.0,23100.0
WaferMap_RevG,18,MADDY03CR1F_1X,-30642.0,-23100.0,3.141592653589793,1.0,False,,,,,-40856.25,-34650.25,-20427.75,-11549.749999999998,20428.5,23100.5,-30642.0,-23100.0
WaferMap_RevG,19,MADDY03CR1F_1X,-91926.0,-23100.0,3.141592653589793,1.0,False,,,,,-102140.25,-34650.25,-81711.75,-11549.749999999998,20428.5,23100.5,-91926.0,-23100.0
WaferMap_RevG,20,MADDY03CR1F_1X,-10214.0,23100.0,3.141592653589793,1.0,False,,,,,-20428.25,11549.749999999998,0.250000000001819,34650.25,20428.5,23100.5,-10214.0,23100.0
WaferMap_RevG,21,MADDY03CR1F_1X,-10214.0,69300.0,3.141592653589793,1.0,False,,,,,-20428.25,57749.75,0.250000000001819,80850.25,20428.5,23100.5,-10214.0,69300.0
WaferMap_RevG,22,MADDY03CR1F_1X,30642.0,69300.0,3.141592653589793,1.0,False,,,,,20427.75,57749.75,40856.25,80850.25,20428.5,23100.5,30642.0,69300.0
WaferMap_RevG,23,MADDY03CR1F_1X,-30642.0,69300.0,3.141592653589793,1.0,False,,,,,-40856.25,57749.75,-20427.75,80850.25,20428.5,23100.5,-30642.0,69300.0
WaferMap_RevG,24,MADDY03CR1F_1X,91926.0,46200.0,3.141592653589793,1.0,False,,,,,81711.75,34649.75,102140.25,57750.25,20428.5,23100.5,91926.0,46200.0
WaferMap_RevG,25,MADDY03CR1F_1X,71498.0,-46200.0,3.141592653589793,1.0,False,,,,,61283.75,-57750.25,81712.25,-34649.75,20428.5,23100.5,71498.0,-46200.0
WaferMap_RevG,26,MADDY03CR1F_1X,51070.0,-69300.0,3.141592653589793,1.0,False,,,,,40855.75,-80850.25,61284.25,-57749.75,20428.5,23100.5,51070.0,-69300.0
WaferMap_RevG,27,MADDY03CR1F_1X,30642.0,46200.0,3.141592653589793,1.0,False,,,,,20427.75,34649.75,40856.25,57750.25,20428.5,23100.5,30642.0,46200.0
WaferMap_RevG,28,MADDY03CR1F_1X,51070.0,-46200.0,3.141592653589793,1.0,False,,,,,40855.75,-57750.25,61284.25,-34649.75,20428.5,23100.5,51070.0,-46200.0
WaferMap_RevG,29,MADDY03CR1F_1X,-10214.0,46200.0,3.141592653589793,1.0,False,,,,,-20428.25,34649.75,0.250000000001819,57750.25,20428.5,23100.5,-10214.0,46200.0
WaferMap_RevG,30,MADDY03CR1F_1X,-71498.0,0.0,3.141592653589793,1.0,False,,,,,-81712.25,-11550.250000000002,-61283.75,11550.250000000002,20428.5,23100.500000000004,-71498.0,0.0
WaferMap_RevG,31,MADDY03CR1F_1X,-10214.0,-46200.0,3.141592653589793,1.0,False,,,,,-20428.25,-57750.25,0.250000000001819,-34649.75,20428.5,23100.5,-10214.0,-46200.0
WaferMap_RevG,32,MADDY03CR1F_1X,51070.0,-92400.0,3.141592653589793,1.0,False,,,,,40855.75,-103950.25,61284.25,-80849.75,20428.5,23100.5,51070.0,-92400.0
WaferMap_RevG,33,MADDY03CR1F_1X,-51070.0,-69300.0,3.141592653589793,1.0,False,,,,,-61284.25,-80850.25,-40855.75,-57749.75,20428.5,23100.5,-51070.0,-69300.0
WaferMap_RevG,34,MADDY03CR1F_1X,-30642.0,-69300.0,3.141592653589793,1.0,False,,,,,-40856.25,-80850.25,-20427.75,-57749.75,20428.5,23100.5,-30642.0,-69300.0
WaferMap_RevG,35,MADDY03CR1F_1X,-10214.0,-69300.0,3.141592653589793,1.0,False,,,,,-20428.25,-80850.25,0.250000000001819,-57749.75,20428.5,23100.5,-10214.0,-69300.0
WaferMap_RevG,36,MADDY03CR1F_1X,51070.0,0.0,3.141592653589793,1.0,False,,,,,40855.75,-11550.250000000002,61284.25,11550.250000000002,20428.5,23100.500000000004,51070.0,0.0
WaferMap_RevG,37,MADDY03CR1F_1X,-10214.0,-92400.0,3.141592653589793,1.0,False,,,,,-20428.25,-103950.25,0.250000000001819,-80849.75,20428.5,23100.5,-10214.0,-92400.0
WaferMap_RevG,38,MADDY03CR1F_1X,30642.0,-69300.0,3.141592653589793,1.0,False,,,,,20427.75,-80850.25,40856.25,-57749.75,20428.5,23100.5,30642.0,-69300.0
WaferMap_RevG,39,MADDY03CR1F_1X,51070.0,-23100.0,3.141592653589793,1.0,False,,,,,40855.75,-34650.25,61284.25,-11549.749999999998,20428.5,23100.5,51070.0,-23100.0
WaferMap_RevG,40,MADDY03CR1F_1X,30642.0,0.0,3.141592653589793,1.0,False,,,,,20427.75,-11550.250000000002,40856.25,11550.250000000002,20428.5,23100.500000000004,30642.0,0.0
WaferMap_RevG,41,MADDY03CR1F_1X,10214.0,46200.0,3.141592653589793,1.0,False,,,,,-0.250000000001819,34649.75,20428.25,57750.25,20428.5,23100.5,10214.0,46200.0
WaferMap_RevG,42,MADDY03CR1F_1X,30642.0,23100.0,3.141592653589793,1.0,False,,,,,20427.75,11549.749999999998,40856.25,34650.25,20428.5,23100.5,30642.0,23100.0
WaferMap_RevG,43,MADDY03CR1F_1X,71498.0,-69300.0,3.141592653589793,1.0,False,,,,,61283.75,-80850.25,81712.25,-57749.75,20428.5,23100.5,71498.0,-69300.0
WaferMap_RevG,44,MADDY03CR1F_1X,10214.0,-69300.0,3.141592653589793,1.0,False,,,,,-0.250000000001819,-80850.25,20428.25,-57749.75,20428.5,23100.5,10214.0,-69300.0
WaferMap_RevG,45,MADDY03CR1F_1X,-71498.0,-69300.0,3.141592653589793,1.0,False,,,,,-81712.25,-80850.25,-61283.75,-57749.75,20428.5,23100.5,-71498.0,-69300.0
WaferMap_RevG,46,MADDY03CR1F_1X,-91926.0,46200.0,3.141592653589793,1.0,False,,,,,-102140.25,34649.75,-81711.75,57750.25,20428.5,23100.5,-91926.0,46200.0
WaferMap_RevG,47,MADDY03CR1F_1X,51070.0,23100.0,3.141592653589793,1.0,False,,,,,40855.75,11549.749999999998,61284.25,34650.25,20428.5,23100.5,51070.0,23100.0
WaferMap_RevG,48,MADDY03CR1F_1X,-51070.0,0.0,3.141592653589793,1.0,False,,,,,-61284.25,-11550.250000000002,-40855.75,11550.250000000002,20428.5,23100.500000000004,-51070.0,0.0
WaferMap_RevG,49,MADDY03CR1F_1X,91926.0,-23100.0,3.141592653589793,1.0,False,,,,,81711.75,-34650.25,102140.25,-11549.749999999998,20428.5,23100.5,91926.0,-23100.0
WaferMap_RevG,50,MADDY03CR1F_1X,-71498.0,-46200.0,3.141592653589793,1.0,False,,,,,-81712.25,-57750.25,-61283.75,-34649.75,20428.5,23100.5,-71498.0,-46200.0
WaferMap_RevG,51,MADDY03CR1F_1X,10214.0,0.0,3.141592653589793,1.0,False,,,,,-0.250000000001819,-11550.250000000002,20428.25,11550.250000000002,20428.5,23100.500000000004,10214.0,0.0
WaferMap_RevG,52,MADDY03CR1F_1X,71498.0,0.0,3.141592653589793,1.0,False,,,,,61283.75,-11550.250000000002,81712.25,11550.250000000002,20428.5,23100.500000000004,71498.0,0.0
WaferMap_RevG,53,MADDY03CR1F_1X,-30642.0,-46200.0,3.141592653589793,1.0,False,,,,,-40856.25,-57750.25,-20427.75,-34649.75,20428.5,23100.5,-30642.0,-46200.0
WaferMap_RevG,54,MADDY03CR1F_1X,71498.0,-23100.0,3.141592653589793,1.0,False,,,,,61283.75,-34650.25,81712.25,-11549.749999999998,20428.5,23100.5,71498.0,-23100.0
WaferMap_RevG,55,MADDY03CR1F_1X,-51070.0,23100.0,3.141592653589793,1.0,False,,,,,-61284.25,11549.749999999998,-40855.75,34650.25,20428.5,23100.5,-51070.0,23100.0
WaferMap_RevG,56,MADDY03CR1F_1X,91926.0,0.0,3.141592653589793,1.0,False,,,,,81711.75,-11550.250000000002,102140.25,11550.250000000002,20428.5,23100.500000000004,91926.0,0.0
WaferMap_RevG,57,MADDY03CR1F_1X,-71498.0,-23100.0,3.141592653589793,1.0,False,,,,,-81712.25,-34650.25,-61283.75,-11549.749999999998,20428.5,23100.5,-71498.0,-23100.0
WaferMap_RevG,58,MADDY03CR1F_1X,-71498.0,46200.0,3.141592653589793,1.0,False,,,,,-81712.25,34649.75,-61283.75,57750.25,20428.5,23100.5,-71498.0,46200.0
WaferMap_RevG,59,MADDY03CR1F_1X,30642.0,-23100.0,3.141592653589793,1.0,False,,,,,20427.75,-34650.25,40856.25,-11549.749999999998,20428.5,23100.5,30642.0,-23100.0
WaferMap_RevG,60,MADDY03CR1F_1X,30642.0,-46200.0,3.141592653589793,1.0,False,,,,,20427.75,-57750.25,40856.25,-34649.75,20428.5,23100.5,30642.0,-46200.0
WaferMap_RevG,61,MADDY03CR1F_1X,10214.0,-23100.0,3.141592653589793,1.0,False,,,,,-0.250000000001819,-34650.25,20428.25,-11549.749999999998,20428.5,23100.5,10214.0,-23100.0
WaferMap_RevG,62,MADDY03CR1F_1X,-30642.0,23100.0,3.141592653589793,1.0,False,,,,,-40856.25,11549.749999999998,-20427.75,34650.25,20428.5,23100.5,-30642.0,23100.0
WaferMap_RevG,63,MADDY03CR1F_1X,-10214.0,-23100.0,3.141592653589793,1.0,False,,,,,-20428.25,-34650.25,0.250000000001819,-11549.749999999998,20428.5,23100.5,-10214.0,-23100.0
WaferMap_RevG,64,MADDY03CR1F_1X,-51070.0,46200.0,3.141592653589793,1.0,False,,,,,-61284.25,34649.75,-40855.75,57750.25,20428.5,23100.5,-51070.0,46200.0
WaferMap_RevG,65,MADDY03CR1F_1X,-51070.0,-23100.0,3.141592653589793,1.0,False,,,,,-61284.25,-34650.25,-40855.75,-11549.749999999998,20428.5,23100.5,-51070.0,-23100.0
WaferMap_RevG,66,MADDY03CR1F_1X,91926.0,23100.0,3.141592653589793,1.0,False,,,,,81711.75,11549.749999999998,102140.25,34650.25,20428.5,23100.5,91926.0,23100.0
WaferMap_RevG,67,MADDY03CR1F_1X,71498.0,46200.0,3.141592653589793,1.0,False,,,,,61283.75,34649.75,81712.25,57750.25,20428.5,23100.5,71498.0,46200.0
WaferMap_RevG,68,MADDY03CR1F_1X,51070.0,46200.0,3.141592653589793,1.0,False,,,,,40855.75,34649.75,61284.25,57750.25,20428.5,23100.5,51070.0,46200.0
WaferMap_RevG,69,MADDY03CR1F_1X,-71498.0,23100.0,3.141592653589793,1.0,False,,,,,-81712.25,11549.749999999998,-61283.75,34650.25,20428.5,23100.5,-71498.0,23100.0
WaferMap_RevG,70,MADDY03CR1F_1X,91926.0,-46200.0,3.141592653589793,1.0,False,,,,,81711.75,-57750.25,102140.25,-34649.75,20428.5,23100.5,91926.0,-46200.0
WaferMap_RevG,71,MADDY03CR1F_1X,10214.0,-46200.0,3.141592653589793,1.0,False,,,,,-0.250000000001819,-57750.25,20428.25,-34649.75,20428.5,23100.5,10214.0,-46200.0
WaferMap_RevG,72,MADDY03CR1F_1X,10214.0,23100.0,3.141592653589793,1.0,False,,,,,-0.250000000001819,11549.749999999998,20428.25,34650.25,20428.5,23100.5,10214.0,23100.0
WaferMap_RevG,73,MADDY03CR1F_1X,-91926.0,0.0,3.141592653589793,1.0,False,,,,,-102140.25,-11550.250000000002,-81711.75,11550.250000000002,20428.5,23100.500000000004,-91926.0,0.0
WaferMap_RevG,74,MADDY03CR1F_1X,51070.0,92400.0,3.141592653589793,1.0,False,,,,,40855.75,80849.75,61284.25,103950.25,20428.5,23100.5,51070.0,92400.0
WaferMap_RevG,75,MADDY03CR1F_1X,30642.0,92400.0,3.141592653589793,1.0,False,,,,,20427.75,80849.75,40856.25,103950.25,20428.5,23100.5,30642.0,92400.0
WaferMap_RevG,76,MADDY03CR1F_1X,-10214.0,92400.0,3.141592653589793,1.0,False,,,,,-20428.25,80849.75,0.250000000001819,103950.25,20428.5,23100.5,-10214.0,92400.0
WaferMap_RevG,77,MADDY03CR1F_1X,10214.0,92400.0,3.141592653589793,1.0,False,,,,,-0.250000000001819,80849.75,20428.25,103950.25,20428.5,23100.5,10214.0,92400.0
WaferMap_RevG,78,MADDY03CR1F_1X,-30642.0,92400.0,3.141592653589793,1.0,False,,,,,-40856.25,80849.75,-20427.75,103950.25,20428.5,23100.5,-30642.0,92400.0
WaferMap_RevG,79,MADDY03CR1F_1X,-51070.0,92400.0,3.141592653589793,1.0,False,,,,,-61284.25,80849.75,-40855.75,103950.25,20428.5,23100.5,-51070.0,92400.0
WaferMap_RevG,80,notch,0.001,-100000.001,3.141592653589793,1.0,False,,,,,-1498.9100000000003,-101250.001,1498.9110000000003,-98750.001,2997.821000000001,2500.0,0.0004999999999881766,-100000.001
WaferMap_RevG,81,single_shot_Lyr152_RevB,-30642.0,-23100.0,3.141592653589793,1.0,False,,,,,-40517.600000000006,-34537.5,-20458.199999999997,-11662.699999999999,20059.40000000001,22874.800000000003,-30487.9,-23100.1
WaferMap_RevG,82,single_shot_Lyr152_RevB,10214.0,69300.0,3.141592653589793,1.0,False,,,,,338.3999999999978,57862.5,20397.800000000003,80737.3,20059.400000000005,22874.800000000003,10368.1,69299.9
WaferMap_RevG,83,single_shot_Lyr152_RevB,-91926.0,-46200.0,3.141592653589793,1.0,False,,,,,-101801.6,-57637.5,-81742.2,-34762.7,20059.40000000001,22874.800000000003,-91771.9,-46200.1
WaferMap_RevG,84,single_shot_Lyr152_RevB,51070.0,69300.0,3.141592653589793,1.0,False,,,,,41194.399999999994,57862.5,61253.8,80737.3,20059.40000000001,22874.800000000003,51224.1,69299.9
WaferMap_RevG,85,single_shot_Lyr152_RevB,71498.0,69300.0,3.141592653589793,1.0,False,,,,,61622.399999999994,57862.5,81681.8,80737.3,20059.40000000001,22874.800000000003,71652.1,69299.9
WaferMap_RevG,86,single_shot_Lyr152_RevB,-71498.0,0.0,3.141592653589793,1.0,False,,,,,-81373.6,-11437.500000000002,-61314.2,11437.300000000001,20059.40000000001,22874.800000000003,-71343.9,-0.1000000000003638
WaferMap_RevG,87,single_shot_Lyr152_RevB,-10214.0,46200.0,3.141592653589793,1.0,False,,,,,-20089.600000000002,34762.5,-30.19999999999891,57637.3,20059.4,22874.800000000003,-10059.900000000001,46199.9
WaferMap_RevG,88,single_shot_Lyr152_RevB,51070.0,-46200.0,3.141592653589793,1.0,False,,,,,41194.399999999994,-57637.5,61253.8,-34762.7,20059.40000000001,22874.800000000003,51224.1,-46200.1
WaferMap_RevG,89,single_shot_Lyr152_RevB,-51070.0,-46200.0,3.141592653589793,1.0,False,,,,,-60945.600000000006,-57637.5,-40886.2,-34762.7,20059.40000000001,22874.800000000003,-50915.9,-46200.1
WaferMap_RevG,90,single_shot_Lyr152_RevB,-30642.0,0.0,3.141592653589793,1.0,False,,,,,-40517.600000000006,-11437.500000000002,-20458.199999999997,11437.300000000001,20059.40000000001,22874.800000000003,-30487.9,-0.1000000000003638
WaferMap_RevG,91,single_shot_Lyr152_RevB,30642.0,46200.0,3.141592653589793,1.0,False,,,,,20766.399999999998,34762.5,40825.8,57637.3,20059.400000000005,22874.800000000003,30796.1,46199.9
WaferMap_RevG,92,single_shot_Lyr152_RevB,-10214.0,69300.0,3.141592653589793,1.0,False,,,,,-20089.600000000002,57862.5,-30.19999999999891,80737.3,20059.4,22874.800000000003,-10059.900000000001,69299.9
WaferMap_RevG,93,single_shot_Lyr152_RevB,-10214.0,23100.0,3.141592653589793,1.0,False,,,,,-20089.600000000002,11662.499999999998,-30.19999999999891,34537.3,20059.4,22874.800000000003,-10059.900000000001,23099.9
WaferMap_RevG,94,single_shot_Lyr152_RevB,-71498.0,69300.0,3.141592653589793,1.0,False,,,,,-81373.6,57862.5,-61314.2,80737.3,20059.40000000001,22874.800000000003,-71343.9,69299.9
WaferMap_RevG,95,single_shot_Lyr152_RevB,-91926.0,-23100.0,3.141592653589793,1.0,False,,,,,-101801.6,-34537.5,-81742.2,-11662.699999999999,20059.40000000001,22874.800000000003,-91771.9,-23100.1
WaferMap_RevG,96,single_shot_Lyr152_RevB,51070.0,-69300.0,3.141592653589793,1.0,False,,,,,41194.399999999994,-80737.5,61253.8,-57862.7,20059.40000000001,22874.800000000003,51224.1,-69300.1
WaferMap_RevG,97,single_shot_Lyr152_RevB,71498.0,-46200.0,3.141592653589793,1.0,False,,,,,61622.399999999994,-57637.5,81681.8,-34762.7,20059.40000000001,22874.800000000003,71652.1,-46200.1
WaferMap_RevG,98,single_shot_Lyr152_RevB,91926.0,46200.0,3.141592653589793,1.0,False,,,,,82050.4,34762.5,102109.8,57637.3,20059.40000000001,22874.800000000003,92080.1,46199.9
WaferMap_RevG,99,single_shot_Lyr152_RevB,-30642.0,69300.0,3.141592653589793,1.0,False,,,,,-40517.600000000006,57862.5,-20458.199999999997,80737.3,20059.40000000001,22874.800000000003,-30487.9,69299.9
WaferMap_RevG,100,single_shot_Lyr152_RevB,30642.0,69300.0,3.141592653589793,1.0,False,,,,,20766.399999999998,57862.5,40825.8,80737.3,20059.400000000005,22874.800000000003,30796.1,69299.9
WaferMap_RevG,101,single_shot_Lyr152_RevB,-10214.0,0.0,3.141592653589793,1.0,False,,,,,-20089.600000000002,-11437.500000000002,-30.19999999999891,11437.300000000001,20059.4,22874.800000000003,-10059.900000000001,-0.1000000000003638
WaferMap_RevG,102,single_shot_Lyr152_RevB,-91926.0,23100.0,3.141592653589793,1.0,False,,,,,-101801.6,11662.499999999998,-81742.2,34537.3,20059.40000000001,22874.800000000003,-91771.9,23099.9
WaferMap_RevG,103,single_shot_Lyr152_RevB,71498.0,23100.0,3.141592653589793,1.0,False,,,,,61622.399999999994,11662.499999999998,81681.8,34537.3,20059.40000000001,22874.800000000003,71652.1,23099.9
WaferMap_RevG,104,single_shot_Lyr152_RevB,10214.0,-92400.0,3.141592653589793,1.0,False,,,,,338.3999999999978,-103837.5,20397.800000000003,-80962.7,20059.400000000005,22874.800000000003,10368.1,-92400.1
WaferMap_RevG,105,single_shot_Lyr152_RevB,-51070.0,69300.0,3.141592653589793,1.0,False,,,,,-60945.600000000006,57862.5,-40886.2,80737.3,20059.40000000001,22874.800000000003,-50915.9,69299.9
WaferMap_RevG,106,single_shot_Lyr152_RevB,-30642.0,-92400.0,3.141592653589793,1.0,False,,,,,-40517.600000000006,-103837.5,-20458.199999999997,-80962.7,20059.40000000001,22874.800000000003,-30487.9,-92400.1
WaferMap_RevG,107,single_shot_Lyr152_RevB,-30642.0,46200.0,3.141592653589793,1.0,False,,,,,-40517.600000000006,34762.5,-20458.199999999997,57637.3,20059.40000000001,22874.800000000003,-30487.9,46199.9
WaferMap_RevG,108,single_shot_Lyr152_RevB,-51070.0,-92400.0,3.141592653589793,1.0,False,,,,,-60945.600000000006,-103837.5,-40886.2,-80962.7,20059.40000000001,22874.800000000003,-50915.9,-92400.1
WaferMap_RevG,109,single_shot_Lyr152_RevB,30642.0,-92400.0,3.141592653589793,1.0,False,,,,,20766.399999999998,-103837.5,40825.8,-80962.7,20059.400000000005,22874.800000000003,30796.1,-92400.1
WaferMap_RevG,110,single_shot_Lyr152_RevB,30642.0,23100.0,3.141592653589793,1.0,False,,,,,20766.399999999998,11662.499999999998,40825.8,34537.3,20059.400000000005,22874.800000000003,30796.1,23099.9
WaferMap_RevG,111,single_shot_Lyr152_RevB,10214.0,-69300.0,3.141592653589793,1.0,False,,,,,338.3999999999978,-80737.5,20397.800000000003,-57862.7,20059.400000000005,22874.800000000003,10368.1,-69300.1
WaferMap_RevG,112,single_shot_Lyr152_RevB,71498.0,-69300.0,3.141592653589793,1.0,False,,,,,61622.399999999994,-80737.5,81681.8,-57862.7,20059.40000000001,22874.800000000003,71652.1,-69300.1
WaferMap_RevG,113,single_shot_Lyr152_RevB,10214.0,0.0,3.141592653589793,1.0,False,,,,,338.3999999999978,-11437.500000000002,20397.800000000003,11437.300000000001,20059.400000000005,22874.800000000003,10368.1,-0.1000000000003638
WaferMap_RevG,114,single_shot_Lyr152_RevB,91926.0,-23100.0,3.141592653589793,1.0,False,,,,,82050.4,-34537.5,102109.8,-11662.699999999999,20059.40000000001,22874.800000000003,92080.1,-23100.1
WaferMap_RevG,115,single_shot_Lyr152_RevB,-71498.0,-46200.0,3.141592653589793,1.0,False,,,,,-81373.6,-57637.5,-61314.2,-34762.7,20059.40000000001,22874.800000000003,-71343.9,-46200.1
WaferMap_RevG,116,single_shot_Lyr152_RevB,71498.0,0.0,3.141592653589793,1.0,False,,,,,61622.399999999994,-11437.500000000002,81681.8,11437.300000000001,20059.40000000001,22874.800000000003,71652.1,-0.1000000000003638
WaferMap_RevG,117,single_shot_Lyr152_RevB,-51070.0,0.0,3.141592653589793,1.0,False,,,,,-60945.600000000006,-11437.500000000002,-40886.2,11437.300000000001,20059.40000000001,22874.800000000003,-50915.9,-0.1000000000003638
WaferMap_RevG,118,single_shot_Lyr152_RevB,51070.0,23100.0,3.141592653589793,1.0,False,,,,,41194.399999999994,11662.499999999998,61253.8,34537.3,20059.40000000001,22874.800000000003,51224.1,23099.9
WaferMap_RevG,119,single_shot_Lyr152_RevB,-91926.0,46200.0,3.141592653589793,1.0,False,,,,,-101801.6,34762.5,-81742.2,57637.3,20059.40000000001,22874.800000000003,-91771.9,46199.9
WaferMap_RevG,120,single_shot_Lyr152_RevB,-71498.0,-69300.0,3.141592653589793,1.0,False,,,,,-81373.6,-80737.5,-61314.2,-57862.7,20059.40000000001,22874.800000000003,-71343.9,-69300.1
WaferMap_RevG,121,single_shot_Lyr152_RevB,-10214.0,-46200.0,3.141592653589793,1.0,False,,,,,-20089.600000000002,-57637.5,-30.19999999999891,-34762.7,20059.4,22874.800000000003,-10059.900000000001,-46200.1
WaferMap_RevG,122,single_shot_Lyr152_RevB,51070.0,-92400.0,3.141592653589793,1.0,False,,,,,41194.399999999994,-103837.5,61253.8,-80962.7,20059.40000000001,22874.800000000003,51224.1,-92400.1
WaferMap_RevG,123,single_shot_Lyr152_RevB,10214.0,46200.0,3.141592653589793,1.0,False,,,,,338.3999999999978,34762.5,20397.800000000003,57637.3,20059.400000000005,22874.800000000003,10368.1,46199.9
WaferMap_RevG,124,single_shot_Lyr152_RevB,30642.0,0.0,3.141592653589793,1.0,False,,,,,20766.399999999998,-11437.500000000002,40825.8,11437.300000000001,20059.400000000005,22874.800000000003,30796.1,-0.1000000000003638
WaferMap_RevG,125,single_shot_Lyr152_RevB,51070.0,-23100.0,3.141592653589793,1.0,False,,,,,41194.399999999994,-34537.5,61253.8,-11662.699999999999,20059.40000000001,22874.800000000003,51224.1,-23100.1
WaferMap_RevG,126,single_shot_Lyr152_RevB,30642.0,-69300.0,3.141592653589793,1.0,False,,,,,20766.399999999998,-80737.5,40825.8,-57862.7,20059.400000000005,22874.800000000003,30796.1,-69300.1
WaferMap_RevG,127,single_shot_Lyr152_RevB,-30642.0,-69300.0,3.141592653589793,1.0,False,,,,,-40517.600000000006,-80737.5,-20458.199999999997,-57862.7,20059.40000000001,22874.800000000003,-30487.9,-69300.1
WaferMap_RevG,128,single_shot_Lyr152_RevB,-51070.0,-69300.0,3.141592653589793,1.0,False,,,,,-60945.600000000006,-80737.5,-40886.2,-57862.7,20059.40000000001,22874.800000000003,-50915.9,-69300.1
WaferMap_RevG,129,single_shot_Lyr152_RevB,-10214.0,-92400.0,3.141592653589793,1.0,False,,,,,-20089.600000000002,-103837.5,-30.19999999999891,-80962.7,20059.4,22874.800000000003,-10059.900000000001,-92400.1
WaferMap_RevG,130,single_shot_Lyr152_RevB,51070.0,0.0,3.141592653589793,1.0,False,,,,,41194.399999999994,-11437.500000000002,61253.8,11437.300000000001,20059.40000000001,22874.800000000003,51224.1,-0.1000000000003638
WaferMap_RevG,131,single_shot_Lyr152_RevB,-10214.0,-69300.0,3.141592653589793,1.0,False,,,,,-20089.600000000002,-80737.5,-30.19999999999891,-57862.7,20059.4,22874.800000000003,-10059.900000000001,-69300.1
WaferMap_RevG,132,single_shot_Lyr152_RevB,91926.0,-46200.0,3.141592653589793,1.0,False,,,,,82050.4,-57637.5,102109.8,-34762.7,20059.40000000001,22874.800000000003,92080.1,-46200.1
WaferMap_RevG,133,single_shot_Lyr152_RevB,10214.0,-46200.0,3.141592653589793,1.0,False,,,,,338.3999999999978,-57637.5,20397.800000000003,-34762.7,20059.400000000005,22874.800000000003,10368.1,-46200.1
WaferMap_RevG,134,single_shot_Lyr152_RevB,-71498.0,23100.0,3.141592653589793,1.0,False,,,,,-81373.6,11662.499999999998,-61314.2,34537.3,20059.40000000001,22874.800000000003,-71343.9,23099.9
WaferMap_RevG,135,single_shot_Lyr152_RevB,71498.0,46200.0,3.141592653589793,1.0,False,,,,,61622.399999999994,34762.5,81681.8,57637.3,20059.40000000001,22874.800000000003,71652.1,46199.9
WaferMap_RevG,136,single_shot_Lyr152_RevB,91926.0,23100.0,3.141592653589793,1.0,False,,,,,82050.4,11662.499999999998,102109.8,34537.3,20059.40000000001,22874.800000000003,92080.1,23099.9
WaferMap_RevG,137,single_shot_Lyr152_RevB,-51070.0,-23100.0,3.141592653589793,1.0,False,,,,,-60945.600000000006,-34537.5,-40886.2,-11662.699999999999,20059.40000000001,22874.800000000003,-50915.9,-23100.1
WaferMap_RevG,138,single_shot_Lyr152_RevB,51070.0,46200.0,3.141592653589793,1.0,False,,,,,41194.399999999994,34762.5,61253.8,57637.3,20059.40000000001,22874.800000000003,51224.1,46199.9
WaferMap_RevG,139,single_shot_Lyr152_RevB,-51070.0,46200.0,3.141592653589793,1.0,False,,,,,-60945.600000000006,34762.5,-40886.2,57637.3,20059.40000000001,22874.800000000003,-50915.9,46199.9
WaferMap_RevG,140,single_shot_Lyr152_RevB,51070.0,92400.0,3.141592653589793,1.0,False,,,,,41194.399999999994,80962.5,61253.8,103837.3,20059.40000000001,22874.800000000003,51224.1,92399.9
WaferMap_RevG,141,single_shot_Lyr152_RevB,-91926.0,0.0,3.141592653589793,1.0,False,,,,,-101801.6,-11437.500000000002,-81742.2,11437.300000000001,20059.40000000001,22874.800000000003,-91771.9,-0.1000000000003638
WaferMap_RevG,142,single_shot_Lyr152_RevB,10214.0,23100.0,3.141592653589793,1.0,False,,,,,338.3999999999978,11662.499999999998,20397.800000000003,34537.3,20059.400000000005,22874.800000000003,10368.1,23099.9
WaferMap_RevG,143,single_shot_Lyr152_RevB,10214.0,92400.0,3.141592653589793,1.0,False,,,,,338.3999999999978,80962.5,20397.800000000003,103837.3,20059.400000000005,22874.800000000003,10368.1,92399.9
WaferMap_RevG,144,single_shot_Lyr152_RevB,30642.0,92400.0,3.141592653589793,1.0,False,,,,,20766.399999999998,80962.5,40825.8,103837.3,20059.400000000005,22874.800000000003,30796.1,92399.9
WaferMap_RevG,145,single_shot_Lyr152_RevB,-10214.0,92400.0,3.141592653589793,1.0,False,,,,,-20089.600000000002,80962.5,-30.19999999999891,103837.3,20059.4,22874.800000000003,-10059.900000000001,92399.9
WaferMap_RevG,146,single_shot_Lyr152_RevB,-51070.0,92400.0,3.141592653589793,1.0,False,,,,,-60945.600000000006,80962.5,-40886.2,103837.3,20059.40000000001,22874.800000000003,-50915.9,92399.9
WaferMap_RevG,147,single_shot_Lyr152_RevB,-30642.0,92400.0,3.141592653589793,1.0,False,,,,,-40517.600000000006,80962.5,-20458.199999999997,103837.3,20059.40000000001,22874.800000000003,-30487.9,92399.9
WaferMap_RevG,148,single_shot_Lyr152_RevB,30642.0,-23100.0,3.141592653589793,1.0,False,,,,,20766.399999999998,-34537.5,40825.8,-11662.699999999999,20059.400000000005,22874.800000000003,30796.1,-23100.1
WaferMap_RevG,149,single_shot_Lyr152_RevB,-71498.0,46200.0,3.141592653589793,1.0,False,,,,,-81373.6,34762.5,-61314.2,57637.3,20059.40000000001,22874.800000000003,-71343.9,46199.9
WaferMap_RevG,150,single_shot_Lyr152_RevB,-51070.0,23100.0,3.141592653589793,1.0,False,,,,,-60945.600000000006,11662.499999999998,-40886.2,34537.3,20059.40000000001,22874.800000000003,-50915.9,23099.9
WaferMap_RevG,151,single_shot_Lyr152_RevB,-10214.0,-23100.0,3.141592653589793,1.0,False,,,,,-20089.600000000002,-34537.5,-30.19999999999891,-11662.699999999999,20059.4,22874.800000000003,-10059.900000000001,-23100.1
WaferMap_RevG,152,single_shot_Lyr152_RevB,10214.0,-23100.0,3.141592653589793,1.0,False,,,,,338.3999999999978,-34537.5,20397.800000000003,-11662.699999999999,20059.400000000005,22874.800000000003,10368.1,-23100.1
WaferMap_RevG,153,single_shot_Lyr152_RevB,71498.0,-23100.0,3.141592653589793,1.0,False,,,,,61622.399999999994,-34537.5,81681.8,-11662.699999999999,20059.40000000001,22874.800000000003,71652.1,-23100.1
WaferMap_RevG,154,single_shot_Lyr152_RevB,-30642.0,-46200.0,3.141592653589793,1.0,False,,,,,-40517.600000000006,-57637.5,-20458.199999999997,-34762.7,20059.40000000001,22874.800000000003,-30487.9,-46200.1
WaferMap_RevG,155,single_shot_Lyr152_RevB,-71498.0,-23100.0,3.141592653589793,1.0,False,,,,,-81373.6,-34537.5,-61314.2,-11662.699999999999,20059.40000000001,22874.800000000003,-71343.9,-23100.1
WaferMap_RevG,156,single_shot_Lyr152_RevB,91926.0,0.0,3.141592653589793,1.0,False,,,,,82050.4,-11437.500000000002,102109.8,11437.300000000001,20059.40000000001,22874.800000000003,92080.1,-0.1000000000003638
WaferMap_RevG,157,single_shot_Lyr152_RevB,30642.0,-46200.0,3.141592653589793,1.0,False,,,,,20766.399999999998,-57637.5,40825.8,-34762.7,20059.400000000005,22874.800000000003,30796.1,-46200.1
WaferMap_RevG,158,single_shot_Lyr152_RevB,-30642.0,23100.0,3.141592653589793,1.0,False,,,,,-40517.600000000006,11662.499999999998,-20458.199999999997,34537.3,20059.40000000001,22874.800000000003,-30487.9,23099.9
WaferMap_RevG,159,ExclusionZone_8in_5mm,0.0,0.0,0.0,1.0,False,,,,,-100000.0,-100000.0,100000.0,100000.0,200000.0,200000.0,0.0,0.0
