row,col,label
-50,-8,AA051
-50,-7,AA052
-50,-6,AA053
-50,-5,AA054
-50,-4,AA055
-50,-3,AA056
-50,-2,AA057
-50,-1,AA058
-50,0,AA059
-50,1,AA061
-50,2,AA062
-50,3,AA063
-50,4,AA064
-50,5,AA065
-50,6,AA066
-49,-8,AB051
-49,-7,AB052
-49,-6,AB053
-49,-5,AB054
-49,-4,AB055
-49,-3,AB056
-49,-2,AB057
-49,-1,AB058
-49,0,AB059
-49,1,AB061
-49,2,AB062
-49,3,AB063
-49,4,AB064
-49,5,AB065
-49,6,AB066
-48,-8,AC051
-48,-7,AC052
-48,-6,AC053
-48,-5,AC054
-48,-4,AC055
-48,-3,AC056
-48,-2,AC057
-48,-1,AC058
-48,0,AC059
-48,1,AC061
-48,2,AC062
-48,3,AC063
-48,4,AC064
-48,5,AC065
-48,6,AC066
-47,-8,AD051
-47,-7,AD052
-47,-6,AD053
-47,-5,AD054
-47,-4,AD055
-47,-3,AD056
-47,-2,AD057
-47,-1,AD058
-47,0,AD059
-47,1,AD061
-47,2,AD062
-47,3,AD063
-47,4,AD064
-47,5,AD065
-47,6,AD066
-46,-8,AE051
-46,-7,AE052
-46,-6,AE053
-46,-5,AE054
-46,-4,AE055
-46,-3,AE056
-46,-2,AE057
-46,-1,AE058
-46,0,AE059
-46,1,AE061
-46,2,AE062
-46,3,AE063
-46,4,AE064
-46,5,AE065
-46,6,AE066
-45,-23,AF034
-45,-22,AF035
-45,-21,AF036
-45,-20,AF037
-45,-19,AF038
-45,-18,AF039
-45,-17,AF041
-45,-16,AF042
-45,-15,AF043
-45,-14,AF044
-45,-13,AF045
-45,-12,AF046
-45,-11,AF047
-45,-10,AF048
-45,-9,AF049
-45,-8,AF051
-45,-7,AF052
-45,-6,AF053
-45,-5,AF054
-45,-4,AF055
-45,-3,AF056
-45,-2,AF057
-45,-1,AF058
-45,0,AF059
-45,1,AF061
-45,2,AF062
-45,3,AF063
-45,4,AF064
-45,5,AF065
-45,6,AF066
-45,7,AF067
-45,8,AF068
-45,9,AF069
-45,10,AF071
-45,11,AF072
-45,12,AF073
-45,13,AF074
-45,14,AF075
-45,15,AF076
-45,16,AF077
-45,17,AF078
-45,18,AF079
-45,19,AF081
-45,20,AF082
-45,21,AF083
-44,-23,AG034
-44,-22,AG035
-44,-21,AG036
-44,-20,AG037
-44,-19,AG038
-44,-18,AG039
-44,-17,AG041
-44,-16,AG042
-44,-15,AG043
-44,-14,AG044
-44,-13,AG045
-44,-12,AG046
-44,-11,AG047
-44,-10,AG048
-44,-9,AG049
-44,-8,AG051
-44,-7,AG052
-44,-6,AG053
-44,-5,AG054
-44,-4,AG055
-44,-3,AG056
-44,-2,AG057
-44,-1,AG058
-44,0,AG059
-44,1,AG061
-44,2,AG062
-44,3,AG063
-44,4,AG064
-44,5,AG065
-44,6,AG066
-44,7,AG067
-44,8,AG068
-44,9,AG069
-44,10,AG071
-44,11,AG072
-44,12,AG073
-44,13,AG074
-44,14,AG075
-44,15,AG076
-44,16,AG077
-44,17,AG078
-44,18,AG079
-44,19,AG081
-44,20,AG082
-44,21,AG083
-43,-23,AH034
-43,-22,AH035
-43,-21,AH036
-43,-20,AH037
-43,-19,AH038
-43,-18,AH039
-43,-17,AH041
-43,-16,AH042
-43,-15,AH043
-43,-14,AH044
-43,-13,AH045
-43,-12,AH046
-43,-11,AH047
-43,-10,AH048
-43,-9,AH049
-43,-8,AH051
-43,-7,AH052
-43,-6,AH053
-43,-5,AH054
-43,-4,AH055
-43,-3,AH056
-43,-2,AH057
-43,-1,AH058
-43,0,AH059
-43,1,AH061
-43,2,AH062
-43,3,AH063
-43,4,AH064
-43,5,AH065
-43,6,AH066
-43,7,AH067
-43,8,AH068
-43,9,AH069
-43,10,AH071
-43,11,AH072
-43,12,AH073
-43,13,AH074
-43,14,AH075
-43,15,AH076
-43,16,AH077
-43,17,AH078
-43,18,AH079
-43,19,AH081
-43,20,AH082
-43,21,AH083
-42,-23,AJ034
-42,-22,AJ035
-42,-21,AJ036
-42,-20,AJ037
-42,-19,AJ038
-42,-18,AJ039
-42,-17,AJ041
-42,-16,AJ042
-42,-15,AJ043
-42,-14,AJ044
-42,-13,AJ045
-42,-12,AJ046
-42,-11,AJ047
-42,-10,AJ048
-42,-9,AJ049
-42,-8,AJ051
-42,-7,AJ052
-42,-6,AJ053
-42,-5,AJ054
-42,-4,AJ055
-42,-3,AJ056
-42,-2,AJ057
-42,-1,AJ058
-42,0,AJ059
-42,1,AJ061
-42,2,AJ062
-42,3,AJ063
-42,4,AJ064
-42,5,AJ065
-42,6,AJ066
-42,7,AJ067
-42,8,AJ068
-42,9,AJ069
-42,10,AJ071
-42,11,AJ072
-42,12,AJ073
-42,13,AJ074
-42,14,AJ075
-42,15,AJ076
-42,16,AJ077
-42,17,AJ078
-42,18,AJ079
-42,19,AJ081
-42,20,AJ082
-42,21,AJ083
-41,-23,AK034
-41,-22,AK035
-41,-21,AK036
-41,-20,AK037
-41,-19,AK038
-41,-18,AK039
-41,-17,AK041
-41,-16,AK042
-41,-15,AK043
-41,-14,AK044
-41,-13,AK045
-41,-12,AK046
-41,-11,AK047
-41,-10,AK048
-41,-9,AK049
-41,-8,AK051
-41,-7,AK052
-41,-6,AK053
-41,-5,AK054
-41,-4,AK055
-41,-3,AK056
-41,-2,AK057
-41,-1,AK058
-41,0,AK059
-41,1,AK061
-41,2,AK062
-41,3,AK063
-41,4,AK064
-41,5,AK065
-41,6,AK066
-41,7,AK067
-41,8,AK068
-41,9,AK069
-41,10,AK071
-41,11,AK072
-41,12,AK073
-41,13,AK074
-41,14,AK075
-41,15,AK076
-41,16,AK077
-41,17,AK078
-41,18,AK079
-41,19,AK081
-41,20,AK082
-41,21,AK083
-40,-33,AL023
-40,-32,AL024
-40,-31,AL025
-40,-30,AL026
-40,-29,AL027
-40,-28,AL028
-40,-27,AL029
-40,-26,AL031
-40,-25,AL032
-40,-24,AL033
-40,-23,AL034
-40,-22,AL035
-40,-21,AL036
-40,-20,AL037
-40,-19,AL038
-40,-18,AL039
-40,-17,AL041
-40,-16,AL042
-40,-15,AL043
-40,-14,AL044
-40,-13,AL045
-40,-12,AL046
-40,-11,AL047
-40,-10,AL048
-40,-9,AL049
-40,-8,AL051
-40,-7,AL052
-40,-6,AL053
-40,-5,AL054
-40,-4,AL055
-40,-3,AL056
-40,-2,AL057
-40,-1,AL058
-40,0,AL059
-40,1,AL061
-40,2,AL062
-40,3,AL063
-40,4,AL064
-40,5,AL065
-40,6,AL066
-40,7,AL067
-40,8,AL068
-40,9,AL069
-40,10,AL071
-40,11,AL072
-40,12,AL073
-40,13,AL074
-40,14,AL075
-40,15,AL076
-40,16,AL077
-40,17,AL078
-40,18,AL079
-40,19,AL081
-40,20,AL082
-40,21,AL083
-40,22,AL084
-40,23,AL085
-40,24,AL086
-40,25,AL087
-40,26,AL088
-40,27,AL089
-40,28,AL091
-40,29,AL092
-40,30,AL093
-40,31,AL094
-39,-33,AM023
-39,-32,AM024
-39,-31,AM025
-39,-30,AM026
-39,-29,AM027
-39,-28,AM028
-39,-27,AM029
-39,-26,AM031
-39,-25,AM032
-39,-24,AM033
-39,-23,AM034
-39,-22,AM035
-39,-21,AM036
-39,-20,AM037
-39,-19,AM038
-39,-18,AM039
-39,-17,AM041
-39,-16,AM042
-39,-15,AM043
-39,-14,AM044
-39,-13,AM045
-39,-12,AM046
-39,-11,AM047
-39,-10,AM048
-39,-9,AM049
-39,-8,AM051
-39,-7,AM052
-39,-6,AM053
-39,-5,AM054
-39,-4,AM055
-39,-3,AM056
-39,-2,AM057
-39,-1,AM058
-39,0,AM059
-39,1,AM061
-39,2,AM062
-39,3,AM063
-39,4,AM064
-39,5,AM065
-39,6,AM066
-39,7,AM067
-39,8,AM068
-39,9,AM069
-39,10,AM071
-39,11,AM072
-39,12,AM073
-39,13,AM074
-39,14,AM075
-39,15,AM076
-39,16,AM077
-39,17,AM078
-39,18,AM079
-39,19,AM081
-39,20,AM082
-39,21,AM083
-39,22,AM084
-39,23,AM085
-39,24,AM086
-39,25,AM087
-39,26,AM088
-39,27,AM089
-39,28,AM091
-39,29,AM092
-39,30,AM093
-39,31,AM094
-38,-33,AN023
-38,-32,AN024
-38,-31,AN025
-38,-30,AN026
-38,-29,AN027
-38,-28,AN028
-38,-27,AN029
-38,-26,AN031
-38,-25,AN032
-38,-24,AN033
-38,-23,AN034
-38,-22,AN035
-38,-21,AN036
-38,-20,AN037
-38,-19,AN038
-38,-18,AN039
-38,-17,AN041
-38,-16,AN042
-38,-15,AN043
-38,-14,AN044
-38,-13,AN045
-38,-12,AN046
-38,-11,AN047
-38,-10,AN048
-38,-9,AN049
-38,-8,AN051
-38,-7,AN052
-38,-6,AN053
-38,-5,AN054
-38,-4,AN055
-38,-3,AN056
-38,-2,AN057
-38,-1,AN058
-38,0,AN059
-38,1,AN061
-38,2,AN062
-38,3,AN063
-38,4,AN064
-38,5,AN065
-38,6,AN066
-38,7,AN067
-38,8,AN068
-38,9,AN069
-38,10,AN071
-38,11,AN072
-38,12,AN073
-38,13,AN074
-38,14,AN075
-38,15,AN076
-38,16,AN077
-38,17,AN078
-38,18,AN079
-38,19,AN081
-38,20,AN082
-38,21,AN083
-38,22,AN084
-38,23,AN085
-38,24,AN086
-38,25,AN087
-38,26,AN088
-38,27,AN089
-38,28,AN091
-38,29,AN092
-38,30,AN093
-38,31,AN094
-37,-33,AP023
-37,-32,AP024
-37,-31,AP025
-37,-30,AP026
-37,-29,AP027
-37,-28,AP028
-37,-27,AP029
-37,-26,AP031
-37,-25,AP032
-37,-24,AP033
-37,-23,AP034
-37,-22,AP035
-37,-21,AP036
-37,-20,AP037
-37,-19,AP038
-37,-18,AP039
-37,-17,AP041
-37,-16,AP042
-37,-15,AP043
-37,-14,AP044
-37,-13,AP045
-37,-12,AP046
-37,-11,AP047
-37,-10,AP048
-37,-9,AP049
-37,-8,AP051
-37,-7,AP052
-37,-6,AP053
-37,-5,AP054
-37,-4,AP055
-37,-3,AP056
-37,-2,AP057
-37,-1,AP058
-37,0,AP059
-37,1,AP061
-37,2,AP062
-37,3,AP063
-37,4,AP064
-37,5,AP065
-37,6,AP066
-37,7,AP067
-37,8,AP068
-37,9,AP069
-37,10,AP071
-37,11,AP072
-37,12,AP073
-37,13,AP074
-37,14,AP075
-37,15,AP076
-37,16,AP077
-37,17,AP078
-37,18,AP079
-37,19,AP081
-37,20,AP082
-37,21,AP083
-37,22,AP084
-37,23,AP085
-37,24,AP086
-37,25,AP087
-37,26,AP088
-37,27,AP089
-37,28,AP091
-37,29,AP092
-37,30,AP093
-37,31,AP094
-36,-33,AR023
-36,-32,AR024
-36,-31,AR025
-36,-30,AR026
-36,-29,AR027
-36,-28,AR028
-36,-27,AR029
-36,-26,AR031
-36,-25,AR032
-36,-24,AR033
-36,-23,AR034
-36,-22,AR035
-36,-21,AR036
-36,-20,AR037
-36,-19,AR038
-36,-18,AR039
-36,-17,AR041
-36,-16,AR042
-36,-15,AR043
-36,-14,AR044
-36,-13,AR045
-36,-12,AR046
-36,-11,AR047
-36,-10,AR048
-36,-9,AR049
-36,-8,AR051
-36,-7,AR052
-36,-6,AR053
-36,-5,AR054
-36,-4,AR055
-36,-3,AR056
-36,-2,AR057
-36,-1,AR058
-36,0,AR059
-36,1,AR061
-36,2,AR062
-36,3,AR063
-36,4,AR064
-36,5,AR065
-36,6,AR066
-36,7,AR067
-36,8,AR068
-36,9,AR069
-36,10,AR071
-36,11,AR072
-36,12,AR073
-36,13,AR074
-36,14,AR075
-36,15,AR076
-36,16,AR077
-36,17,AR078
-36,18,AR079
-36,19,AR081
-36,20,AR082
-36,21,AR083
-36,22,AR084
-36,23,AR085
-36,24,AR086
-36,25,AR087
-36,26,AR088
-36,27,AR089
-36,28,AR091
-36,29,AR092
-36,30,AR093
-36,31,AR094
-35,-38,AS017
-35,-37,AS018
-35,-36,AS019
-35,-35,AS021
-35,-34,AS022
-35,-33,AS023
-35,-32,AS024
-35,-31,AS025
-35,-30,AS026
-35,-29,AS027
-35,-28,AS028
-35,-27,AS029
-35,-26,AS031
-35,-25,AS032
-35,-24,AS033
-35,-23,AS034
-35,-22,AS035
-35,-21,AS036
-35,-20,AS037
-35,-19,AS038
-35,-18,AS039
-35,-17,AS041
-35,-16,AS042
-35,-15,AS043
-35,-14,AS044
-35,-13,AS045
-35,-12,AS046
-35,-11,AS047
-35,-10,AS048
-35,-9,AS049
-35,-8,AS051
-35,-7,AS052
-35,-6,AS053
-35,-5,AS054
-35,-4,AS055
-35,-3,AS056
-35,-2,AS057
-35,-1,AS058
-35,0,AS059
-35,1,AS061
-35,2,AS062
-35,3,AS063
-35,4,AS064
-35,5,AS065
-35,6,AS066
-35,7,AS067
-35,8,AS068
-35,9,AS069
-35,10,AS071
-35,11,AS072
-35,12,AS073
-35,13,AS074
-35,14,AS075
-35,15,AS076
-35,16,AS077
-35,17,AS078
-35,18,AS079
-35,19,AS081
-35,20,AS082
-35,21,AS083
-35,22,AS084
-35,23,AS085
-35,24,AS086
-35,25,AS087
-35,26,AS088
-35,27,AS089
-35,28,AS091
-35,29,AS092
-35,30,AS093
-35,31,AS094
-35,32,AS095
-35,33,AS096
-35,34,AS097
-35,35,AS098
-35,36,AS099
-34,-38,AT017
-34,-37,AT018
-34,-36,AT019
-34,-35,AT021
-34,-34,AT022
-34,-33,AT023
-34,-32,AT024
-34,-31,AT025
-34,-30,AT026
-34,-29,AT027
-34,-28,AT028
-34,-27,AT029
-34,-26,AT031
-34,-25,AT032
-34,-24,AT033
-34,-23,AT034
-34,-22,AT035
-34,-21,AT036
-34,-20,AT037
-34,-19,AT038
-34,-18,AT039
-34,-17,AT041
-34,-16,AT042
-34,-15,AT043
-34,-14,AT044
-34,-13,AT045
-34,-12,AT046
-34,-11,AT047
-34,-10,AT048
-34,-9,AT049
-34,-8,AT051
-34,-7,AT052
-34,-6,AT053
-34,-5,AT054
-34,-4,AT055
-34,-3,AT056
-34,-2,AT057
-34,-1,AT058
-34,0,AT059
-34,1,AT061
-34,2,AT062
-34,3,AT063
-34,4,AT064
-34,5,AT065
-34,6,AT066
-34,7,AT067
-34,8,AT068
-34,9,AT069
-34,10,AT071
-34,11,AT072
-34,12,AT073
-34,13,AT074
-34,14,AT075
-34,15,AT076
-34,16,AT077
-34,17,AT078
-34,18,AT079
-34,19,AT081
-34,20,AT082
-34,21,AT083
-34,22,AT084
-34,23,AT085
-34,24,AT086
-34,25,AT087
-34,26,AT088
-34,27,AT089
-34,28,AT091
-34,29,AT092
-34,30,AT093
-34,31,AT094
-34,32,AT095
-34,33,AT096
-34,34,AT097
-34,35,AT098
-34,36,AT099
-33,-38,AU017
-33,-37,AU018
-33,-36,AU019
-33,-35,AU021
-33,-34,AU022
-33,-33,AU023
-33,-32,AU024
-33,-31,AU025
-33,-30,AU026
-33,-29,AU027
-33,-28,AU028
-33,-27,AU029
-33,-26,AU031
-33,-25,AU032
-33,-24,AU033
-33,-23,AU034
-33,-22,AU035
-33,-21,AU036
-33,-20,AU037
-33,-19,AU038
-33,-18,AU039
-33,-17,AU041
-33,-16,AU042
-33,-15,AU043
-33,-14,AU044
-33,-13,AU045
-33,-12,AU046
-33,-11,AU047
-33,-10,AU048
-33,-9,AU049
-33,-8,AU051
-33,-7,AU052
-33,-6,AU053
-33,-5,AU054
-33,-4,AU055
-33,-3,AU056
-33,-2,AU057
-33,-1,AU058
-33,0,AU059
-33,1,AU061
-33,2,AU062
-33,3,AU063
-33,4,AU064
-33,5,AU065
-33,6,AU066
-33,7,AU067
-33,8,AU068
-33,9,AU069
-33,10,AU071
-33,11,AU072
-33,12,AU073
-33,13,AU074
-33,14,AU075
-33,15,AU076
-33,16,AU077
-33,17,AU078
-33,18,AU079
-33,19,AU081
-33,20,AU082
-33,21,AU083
-33,22,AU084
-33,23,AU085
-33,24,AU086
-33,25,AU087
-33,26,AU088
-33,27,AU089
-33,28,AU091
-33,29,AU092
-33,30,AU093
-33,31,AU094
-33,32,AU095
-33,33,AU096
-33,34,AU097
-33,35,AU098
-33,36,AU099
-32,-38,AV017
-32,-37,AV018
-32,-36,AV019
-32,-35,AV021
-32,-34,AV022
-32,-33,AV023
-32,-32,AV024
-32,-31,AV025
-32,-30,AV026
-32,-29,AV027
-32,-28,AV028
-32,-27,AV029
-32,-26,AV031
-32,-25,AV032
-32,-24,AV033
-32,-23,AV034
-32,-22,AV035
-32,-21,AV036
-32,-20,AV037
-32,-19,AV038
-32,-18,AV039
-32,-17,AV041
-32,-16,AV042
-32,-15,AV043
-32,-14,AV044
-32,-13,AV045
-32,-12,AV046
-32,-11,AV047
-32,-10,AV048
-32,-9,AV049
-32,-8,AV051
-32,-7,AV052
-32,-6,AV053
-32,-5,AV054
-32,-4,AV055
-32,-3,AV056
-32,-2,AV057
-32,-1,AV058
-32,0,AV059
-32,1,AV061
-32,2,AV062
-32,3,AV063
-32,4,AV064
-32,5,AV065
-32,6,AV066
-32,7,AV067
-32,8,AV068
-32,9,AV069
-32,10,AV071
-32,11,AV072
-32,12,AV073
-32,13,AV074
-32,14,AV075
-32,15,AV076
-32,16,AV077
-32,17,AV078
-32,18,AV079
-32,19,AV081
-32,20,AV082
-32,21,AV083
-32,22,AV084
-32,23,AV085
-32,24,AV086
-32,25,AV087
-32,26,AV088
-32,27,AV089
-32,28,AV091
-32,29,AV092
-32,30,AV093
-32,31,AV094
-32,32,AV095
-32,33,AV096
-32,34,AV097
-32,35,AV098
-32,36,AV099
-31,-38,AW017
-31,-37,AW018
-31,-36,AW019
-31,-35,AW021
-31,-34,AW022
-31,-33,AW023
-31,-32,AW024
-31,-31,AW025
-31,-30,AW026
-31,-29,AW027
-31,-28,AW028
-31,-27,AW029
-31,-26,AW031
-31,-25,AW032
-31,-24,AW033
-31,-23,AW034
-31,-22,AW035
-31,-21,AW036
-31,-20,AW037
-31,-19,AW038
-31,-18,AW039
-31,-17,AW041
-31,-16,AW042
-31,-15,AW043
-31,-14,AW044
-31,-13,AW045
-31,-12,AW046
-31,-11,AW047
-31,-10,AW048
-31,-9,AW049
-31,-8,AW051
-31,-7,AW052
-31,-6,AW053
-31,-5,AW054
-31,-4,AW055
-31,-3,AW056
-31,-2,AW057
-31,-1,AW058
-31,0,AW059
-31,1,AW061
-31,2,AW062
-31,3,AW063
-31,4,AW064
-31,5,AW065
-31,6,AW066
-31,7,AW067
-31,8,AW068
-31,9,AW069
-31,10,AW071
-31,11,AW072
-31,12,AW073
-31,13,AW074
-31,14,AW075
-31,15,AW076
-31,16,AW077
-31,17,AW078
-31,18,AW079
-31,19,AW081
-31,20,AW082
-31,21,AW083
-31,22,AW084
-31,23,AW085
-31,24,AW086
-31,25,AW087
-31,26,AW088
-31,27,AW089
-31,28,AW091
-31,29,AW092
-31,30,AW093
-31,31,AW094
-31,32,AW095
-31,33,AW096
-31,34,AW097
-31,35,AW098
-31,36,AW099
-30,-43,AX012
-30,-42,AX013
-30,-41,AX014
-30,-40,AX015
-30,-39,AX016
-30,-38,AX017
-30,-37,AX018
-30,-36,AX019
-30,-35,AX021
-30,-34,AX022
-30,-33,AX023
-30,-32,AX024
-30,-31,AX025
-30,-30,AX026
-30,-29,AX027
-30,-28,AX028
-30,-27,AX029
-30,-26,AX031
-30,-25,AX032
-30,-24,AX033
-30,-23,AX034
-30,-22,AX035
-30,-21,AX036
-30,-20,AX037
-30,-19,AX038
-30,-18,AX039
-30,-17,AX041
-30,-16,AX042
-30,-15,AX043
-30,-14,AX044
-30,-13,AX045
-30,-12,AX046
-30,-11,AX047
-30,-10,AX048
-30,-9,AX049
-30,-8,AX051
-30,-7,AX052
-30,-6,AX053
-30,-5,AX054
-30,-4,AX055
-30,-3,AX056
-30,-2,AX057
-30,-1,AX058
-30,0,AX059
-30,1,AX061
-30,2,AX062
-30,3,AX063
-30,4,AX064
-30,5,AX065
-30,6,AX066
-30,7,AX067
-30,8,AX068
-30,9,AX069
-30,10,AX071
-30,11,AX072
-30,12,AX073
-30,13,AX074
-30,14,AX075
-30,15,AX076
-30,16,AX077
-30,17,AX078
-30,18,AX079
-30,19,AX081
-30,20,AX082
-30,21,AX083
-30,22,AX084
-30,23,AX085
-30,24,AX086
-30,25,AX087
-30,26,AX088
-30,27,AX089
-30,28,AX091
-30,29,AX092
-30,30,AX093
-30,31,AX094
-30,32,AX095
-30,33,AX096
-30,34,AX097
-30,35,AX098
-30,36,AX099
-30,37,AX101
-30,38,AX102
-30,39,AX103
-30,40,AX104
-30,41,AX105
-29,-43,AY012
-29,-42,AY013
-29,-41,AY014
-29,-40,AY015
-29,-39,AY016
-29,-38,AY017
-29,-37,AY018
-29,-36,AY019
-29,-35,AY021
-29,-34,AY022
-29,-33,AY023
-29,-32,AY024
-29,-31,AY025
-29,-30,AY026
-29,-29,AY027
-29,-28,AY028
-29,-27,AY029
-29,-26,AY031
-29,-25,AY032
-29,-24,AY033
-29,-23,AY034
-29,-22,AY035
-29,-21,AY036
-29,-20,AY037
-29,-19,AY038
-29,-18,AY039
-29,-17,AY041
-29,-16,AY042
-29,-15,AY043
-29,-14,AY044
-29,-13,AY045
-29,-12,AY046
-29,-11,AY047
-29,-10,AY048
-29,-9,AY049
-29,-8,AY051
-29,-7,AY052
-29,-6,AY053
-29,-5,AY054
-29,-4,AY055
-29,-3,AY056
-29,-2,AY057
-29,-1,AY058
-29,0,AY059
-29,1,AY061
-29,2,AY062
-29,3,AY063
-29,4,AY064
-29,5,AY065
-29,6,AY066
-29,7,AY067
-29,8,AY068
-29,9,AY069
-29,10,AY071
-29,11,AY072
-29,12,AY073
-29,13,AY074
-29,14,AY075
-29,15,AY076
-29,16,AY077
-29,17,AY078
-29,18,AY079
-29,19,AY081
-29,20,AY082
-29,21,AY083
-29,22,AY084
-29,23,AY085
-29,24,AY086
-29,25,AY087
-29,26,AY088
-29,27,AY089
-29,28,AY091
-29,29,AY092
-29,30,AY093
-29,31,AY094
-29,32,AY095
-29,33,AY096
-29,34,AY097
-29,35,AY098
-29,36,AY099
-29,37,AY101
-29,38,AY102
-29,39,AY103
-29,40,AY104
-29,41,AY105
-28,-43,AZ012
-28,-42,AZ013
-28,-41,AZ014
-28,-40,AZ015
-28,-39,AZ016
-28,-38,AZ017
-28,-37,AZ018
-28,-36,AZ019
-28,-35,AZ021
-28,-34,AZ022
-28,-33,AZ023
-28,-32,AZ024
-28,-31,AZ025
-28,-30,AZ026
-28,-29,AZ027
-28,-28,AZ028
-28,-27,AZ029
-28,-26,AZ031
-28,-25,AZ032
-28,-24,AZ033
-28,-23,AZ034
-28,-22,AZ035
-28,-21,AZ036
-28,-20,AZ037
-28,-19,AZ038
-28,-18,AZ039
-28,-17,AZ041
-28,-16,AZ042
-28,-15,AZ043
-28,-14,AZ044
-28,-13,AZ045
-28,-12,AZ046
-28,-11,AZ047
-28,-10,AZ048
-28,-9,AZ049
-28,-8,AZ051
-28,-7,AZ052
-28,-6,AZ053
-28,-5,AZ054
-28,-4,AZ055
-28,-3,AZ056
-28,-2,AZ057
-28,-1,AZ058
-28,0,AZ059
-28,1,AZ061
-28,2,AZ062
-28,3,AZ063
-28,4,AZ064
-28,5,AZ065
-28,6,AZ066
-28,7,AZ067
-28,8,AZ068
-28,9,AZ069
-28,10,AZ071
-28,11,AZ072
-28,12,AZ073
-28,13,AZ074
-28,14,AZ075
-28,15,AZ076
-28,16,AZ077
-28,17,AZ078
-28,18,AZ079
-28,19,AZ081
-28,20,AZ082
-28,21,AZ083
-28,22,AZ084
-28,23,AZ085
-28,24,AZ086
-28,25,AZ087
-28,26,AZ088
-28,27,AZ089
-28,28,AZ091
-28,29,AZ092
-28,30,AZ093
-28,31,AZ094
-28,32,AZ095
-28,33,AZ096
-28,34,AZ097
-28,35,AZ098
-28,36,AZ099
-28,37,AZ101
-28,38,AZ102
-28,39,AZ103
-28,40,AZ104
-28,41,AZ105
-27,-43,BA012
-27,-42,BA013
-27,-41,BA014
-27,-40,BA015
-27,-39,BA016
-27,-38,BA017
-27,-37,BA018
-27,-36,BA019
-27,-35,BA021
-27,-34,BA022
-27,-33,BA023
-27,-32,BA024
-27,-31,BA025
-27,-30,BA026
-27,-29,BA027
-27,-28,BA028
-27,-27,BA029
-27,-26,BA031
-27,-25,BA032
-27,-24,BA033
-27,-23,BA034
-27,-22,BA035
-27,-21,BA036
-27,-20,BA037
-27,-19,BA038
-27,-18,BA039
-27,-17,BA041
-27,-16,BA042
-27,-15,BA043
-27,-14,BA044
-27,-13,BA045
-27,-12,BA046
-27,-11,BA047
-27,-10,BA048
-27,-9,BA049
-27,-8,BA051
-27,-7,BA052
-27,-6,BA053
-27,-5,BA054
-27,-4,BA055
-27,-3,BA056
-27,-2,BA057
-27,-1,BA058
-27,0,BA059
-27,1,BA061
-27,2,BA062
-27,3,BA063
-27,4,BA064
-27,5,BA065
-27,6,BA066
-27,7,BA067
-27,8,BA068
-27,9,BA069
-27,10,BA071
-27,11,BA072
-27,12,BA073
-27,13,BA074
-27,14,BA075
-27,15,BA076
-27,16,BA077
-27,17,BA078
-27,18,BA079
-27,19,BA081
-27,20,BA082
-27,21,BA083
-27,22,BA084
-27,23,BA085
-27,24,BA086
-27,25,BA087
-27,26,BA088
-27,27,BA089
-27,28,BA091
-27,29,BA092
-27,30,BA093
-27,31,BA094
-27,32,BA095
-27,33,BA096
-27,34,BA097
-27,35,BA098
-27,36,BA099
-27,37,BA101
-27,38,BA102
-27,39,BA103
-27,40,BA104
-27,41,BA105
-26,-43,BB012
-26,-42,BB013
-26,-41,BB014
-26,-40,BB015
-26,-39,BB016
-26,-38,BB017
-26,-37,BB018
-26,-36,BB019
-26,-35,BB021
-26,-34,BB022
-26,-33,BB023
-26,-32,BB024
-26,-31,BB025
-26,-30,BB026
-26,-29,BB027
-26,-28,BB028
-26,-27,BB029
-26,-26,BB031
-26,-25,BB032
-26,-24,BB033
-26,-23,BB034
-26,-22,BB035
-26,-21,BB036
-26,-20,BB037
-26,-19,BB038
-26,-18,BB039
-26,-17,BB041
-26,-16,BB042
-26,-15,BB043
-26,-14,BB044
-26,-13,BB045
-26,-12,BB046
-26,-11,BB047
-26,-10,BB048
-26,-9,BB049
-26,-8,BB051
-26,-7,BB052
-26,-6,BB053
-26,-5,BB054
-26,-4,BB055
-26,-3,BB056
-26,-2,BB057
-26,-1,BB058
-26,0,BB059
-26,1,BB061
-26,2,BB062
-26,3,BB063
-26,4,BB064
-26,5,BB065
-26,6,BB066
-26,7,BB067
-26,8,BB068
-26,9,BB069
-26,10,BB071
-26,11,BB072
-26,12,BB073
-26,13,BB074
-26,14,BB075
-26,15,BB076
-26,16,BB077
-26,17,BB078
-26,18,BB079
-26,19,BB081
-26,20,BB082
-26,21,BB083
-26,22,BB084
-26,23,BB085
-26,24,BB086
-26,25,BB087
-26,26,BB088
-26,27,BB089
-26,28,BB091
-26,29,BB092
-26,30,BB093
-26,31,BB094
-26,32,BB095
-26,33,BB096
-26,34,BB097
-26,35,BB098
-26,36,BB099
-26,37,BB101
-26,38,BB102
-26,39,BB103
-26,40,BB104
-26,41,BB105
-25,-43,BC012
-25,-42,BC013
-25,-41,BC014
-25,-40,BC015
-25,-39,BC016
-25,-38,BC017
-25,-37,BC018
-25,-36,BC019
-25,-35,BC021
-25,-34,BC022
-25,-33,BC023
-25,-32,BC024
-25,-31,BC025
-25,-30,BC026
-25,-29,BC027
-25,-28,BC028
-25,-27,BC029
-25,-26,BC031
-25,-25,BC032
-25,-24,BC033
-25,-23,BC034
-25,-22,BC035
-25,-21,BC036
-25,-20,BC037
-25,-19,BC038
-25,-18,BC039
-25,-17,BC041
-25,-16,BC042
-25,-15,BC043
-25,-14,BC044
-25,-13,BC045
-25,-12,BC046
-25,-11,BC047
-25,-10,BC048
-25,-9,BC049
-25,-8,BC051
-25,-7,BC052
-25,-6,BC053
-25,-5,BC054
-25,-4,BC055
-25,-3,BC056
-25,-2,BC057
-25,-1,BC058
-25,0,BC059
-25,1,BC061
-25,2,BC062
-25,3,BC063
-25,4,BC064
-25,5,BC065
-25,6,BC066
-25,7,BC067
-25,8,BC068
-25,9,BC069
-25,10,BC071
-25,11,BC072
-25,12,BC073
-25,13,BC074
-25,14,BC075
-25,15,BC076
-25,16,BC077
-25,17,BC078
-25,18,BC079
-25,19,BC081
-25,20,BC082
-25,21,BC083
-25,22,BC084
-25,23,BC085
-25,24,BC086
-25,25,BC087
-25,26,BC088
-25,27,BC089
-25,28,BC091
-25,29,BC092
-25,30,BC093
-25,31,BC094
-25,32,BC095
-25,33,BC096
-25,34,BC097
-25,35,BC098
-25,36,BC099
-25,37,BC101
-25,38,BC102
-25,39,BC103
-25,40,BC104
-25,41,BC105
-24,-43,BD012
-24,-42,BD013
-24,-41,BD014
-24,-40,BD015
-24,-39,BD016
-24,-38,BD017
-24,-37,BD018
-24,-36,BD019
-24,-35,BD021
-24,-34,BD022
-24,-33,BD023
-24,-32,BD024
-24,-31,BD025
-24,-30,BD026
-24,-29,BD027
-24,-28,BD028
-24,-27,BD029
-24,-26,BD031
-24,-25,BD032
-24,-24,BD033
-24,-23,BD034
-24,-22,BD035
-24,-21,BD036
-24,-20,BD037
-24,-19,BD038
-24,-18,BD039
-24,-17,BD041
-24,-16,BD042
-24,-15,BD043
-24,-14,BD044
-24,-13,BD045
-24,-12,BD046
-24,-11,BD047
-24,-10,BD048
-24,-9,BD049
-24,-8,BD051
-24,-7,BD052
-24,-6,BD053
-24,-5,BD054
-24,-4,BD055
-24,-3,BD056
-24,-2,BD057
-24,-1,BD058
-24,0,BD059
-24,1,BD061
-24,2,BD062
-24,3,BD063
-24,4,BD064
-24,5,BD065
-24,6,BD066
-24,7,BD067
-24,8,BD068
-24,9,BD069
-24,10,BD071
-24,11,BD072
-24,12,BD073
-24,13,BD074
-24,14,BD075
-24,15,BD076
-24,16,BD077
-24,17,BD078
-24,18,BD079
-24,19,BD081
-24,20,BD082
-24,21,BD083
-24,22,BD084
-24,23,BD085
-24,24,BD086
-24,25,BD087
-24,26,BD088
-24,27,BD089
-24,28,BD091
-24,29,BD092
-24,30,BD093
-24,31,BD094
-24,32,BD095
-24,33,BD096
-24,34,BD097
-24,35,BD098
-24,36,BD099
-24,37,BD101
-24,38,BD102
-24,39,BD103
-24,40,BD104
-24,41,BD105
-23,-43,BE012
-23,-42,BE013
-23,-41,BE014
-23,-40,BE015
-23,-39,BE016
-23,-38,BE017
-23,-37,BE018
-23,-36,BE019
-23,-35,BE021
-23,-34,BE022
-23,-33,BE023
-23,-32,BE024
-23,-31,BE025
-23,-30,BE026
-23,-29,BE027
-23,-28,BE028
-23,-27,BE029
-23,-26,BE031
-23,-25,BE032
-23,-24,BE033
-23,-23,BE034
-23,-22,BE035
-23,-21,BE036
-23,-20,BE037
-23,-19,BE038
-23,-18,BE039
-23,-17,BE041
-23,-16,BE042
-23,-15,BE043
-23,-14,BE044
-23,-13,BE045
-23,-12,BE046
-23,-11,BE047
-23,-10,BE048
-23,-9,BE049
-23,-8,BE051
-23,-7,BE052
-23,-6,BE053
-23,-5,BE054
-23,-4,BE055
-23,-3,BE056
-23,-2,BE057
-23,-1,BE058
-23,0,BE059
-23,1,BE061
-23,2,BE062
-23,3,BE063
-23,4,BE064
-23,5,BE065
-23,6,BE066
-23,7,BE067
-23,8,BE068
-23,9,BE069
-23,10,BE071
-23,11,BE072
-23,12,BE073
-23,13,BE074
-23,14,BE075
-23,15,BE076
-23,16,BE077
-23,17,BE078
-23,18,BE079
-23,19,BE081
-23,20,BE082
-23,21,BE083
-23,22,BE084
-23,23,BE085
-23,24,BE086
-23,25,BE087
-23,26,BE088
-23,27,BE089
-23,28,BE091
-23,29,BE092
-23,30,BE093
-23,31,BE094
-23,32,BE095
-23,33,BE096
-23,34,BE097
-23,35,BE098
-23,36,BE099
-23,37,BE101
-23,38,BE102
-23,39,BE103
-23,40,BE104
-23,41,BE105
-22,-43,BF012
-22,-42,BF013
-22,-41,BF014
-22,-40,BF015
-22,-39,BF016
-22,-38,BF017
-22,-37,BF018
-22,-36,BF019
-22,-35,BF021
-22,-34,BF022
-22,-33,BF023
-22,-32,BF024
-22,-31,BF025
-22,-30,BF026
-22,-29,BF027
-22,-28,BF028
-22,-27,BF029
-22,-26,BF031
-22,-25,BF032
-22,-24,BF033
-22,-23,BF034
-22,-22,BF035
-22,-21,BF036
-22,-20,BF037
-22,-19,BF038
-22,-18,BF039
-22,-17,BF041
-22,-16,BF042
-22,-15,BF043
-22,-14,BF044
-22,-13,BF045
-22,-12,BF046
-22,-11,BF047
-22,-10,BF048
-22,-9,BF049
-22,-8,BF051
-22,-7,BF052
-22,-6,BF053
-22,-5,BF054
-22,-4,BF055
-22,-3,BF056
-22,-2,BF057
-22,-1,BF058
-22,0,BF059
-22,1,BF061
-22,2,BF062
-22,3,BF063
-22,4,BF064
-22,5,BF065
-22,6,BF066
-22,7,BF067
-22,8,BF068
-22,9,BF069
-22,10,BF071
-22,11,BF072
-22,12,BF073
-22,13,BF074
-22,14,BF075
-22,15,BF076
-22,16,BF077
-22,17,BF078
-22,18,BF079
-22,19,BF081
-22,20,BF082
-22,21,BF083
-22,22,BF084
-22,23,BF085
-22,24,BF086
-22,25,BF087
-22,26,BF088
-22,27,BF089
-22,28,BF091
-22,29,BF092
-22,30,BF093
-22,31,BF094
-22,32,BF095
-22,33,BF096
-22,34,BF097
-22,35,BF098
-22,36,BF099
-22,37,BF101
-22,38,BF102
-22,39,BF103
-22,40,BF104
-22,41,BF105
-21,-43,BG012
-21,-42,BG013
-21,-41,BG014
-21,-40,BG015
-21,-39,BG016
-21,-38,BG017
-21,-37,BG018
-21,-36,BG019
-21,-35,BG021
-21,-34,BG022
-21,-33,BG023
-21,-32,BG024
-21,-31,BG025
-21,-30,BG026
-21,-29,BG027
-21,-28,BG028
-21,-27,BG029
-21,-26,BG031
-21,-25,BG032
-21,-24,BG033
-21,-23,BG034
-21,-22,BG035
-21,-21,BG036
-21,-20,BG037
-21,-19,BG038
-21,-18,BG039
-21,-17,BG041
-21,-16,BG042
-21,-15,BG043
-21,-14,BG044
-21,-13,BG045
-21,-12,BG046
-21,-11,BG047
-21,-10,BG048
-21,-9,BG049
-21,-8,BG051
-21,-7,BG052
-21,-6,BG053
-21,-5,BG054
-21,-4,BG055
-21,-3,BG056
-21,-2,BG057
-21,-1,BG058
-21,0,BG059
-21,1,BG061
-21,2,BG062
-21,3,BG063
-21,4,BG064
-21,5,BG065
-21,6,BG066
-21,7,BG067
-21,8,BG068
-21,9,BG069
-21,10,BG071
-21,11,BG072
-21,12,BG073
-21,13,BG074
-21,14,BG075
-21,15,BG076
-21,16,BG077
-21,17,BG078
-21,18,BG079
-21,19,BG081
-21,20,BG082
-21,21,BG083
-21,22,BG084
-21,23,BG085
-21,24,BG086
-21,25,BG087
-21,26,BG088
-21,27,BG089
-21,28,BG091
-21,29,BG092
-21,30,BG093
-21,31,BG094
-21,32,BG095
-21,33,BG096
-21,34,BG097
-21,35,BG098
-21,36,BG099
-21,37,BG101
-21,38,BG102
-21,39,BG103
-21,40,BG104
-21,41,BG105
-20,-48,BH006
-20,-47,BH007
-20,-46,BH008
-20,-45,BH009
-20,-44,BH011
-20,-43,BH012
-20,-42,BH013
-20,-41,BH014
-20,-40,BH015
-20,-39,BH016
-20,-38,BH017
-20,-37,BH018
-20,-36,BH019
-20,-35,BH021
-20,-34,BH022
-20,-33,BH023
-20,-32,BH024
-20,-31,BH025
-20,-30,BH026
-20,-29,BH027
-20,-28,BH028
-20,-27,BH029
-20,-26,BH031
-20,-25,BH032
-20,-24,BH033
-20,-23,BH034
-20,-22,BH035
-20,-21,BH036
-20,-20,BH037
-20,-19,BH038
-20,-18,BH039
-20,-17,BH041
-20,-16,BH042
-20,-15,BH043
-20,-14,BH044
-20,-13,BH045
-20,-12,BH046
-20,-11,BH047
-20,-10,BH048
-20,-9,BH049
-20,-8,BH051
-20,-7,BH052
-20,-6,BH053
-20,-5,BH054
-20,-4,BH055
-20,-3,BH056
-20,-2,BH057
-20,-1,BH058
-20,0,BH059
-20,1,BH061
-20,2,BH062
-20,3,BH063
-20,4,BH064
-20,5,BH065
-20,6,BH066
-20,7,BH067
-20,8,BH068
-20,9,BH069
-20,10,BH071
-20,11,BH072
-20,12,BH073
-20,13,BH074
-20,14,BH075
-20,15,BH076
-20,16,BH077
-20,17,BH078
-20,18,BH079
-20,19,BH081
-20,20,BH082
-20,21,BH083
-20,22,BH084
-20,23,BH085
-20,24,BH086
-20,25,BH087
-20,26,BH088
-20,27,BH089
-20,28,BH091
-20,29,BH092
-20,30,BH093
-20,31,BH094
-20,32,BH095
-20,33,BH096
-20,34,BH097
-20,35,BH098
-20,36,BH099
-20,37,BH101
-20,38,BH102
-20,39,BH103
-20,40,BH104
-20,41,BH105
-20,42,BH106
-20,43,BH107
-20,44,BH108
-20,45,BH109
-20,46,BH111
-19,-48,BJ006
-19,-47,BJ007
-19,-46,BJ008
-19,-45,BJ009
-19,-44,BJ011
-19,-43,BJ012
-19,-42,BJ013
-19,-41,BJ014
-19,-40,BJ015
-19,-39,BJ016
-19,-38,BJ017
-19,-37,BJ018
-19,-36,BJ019
-19,-35,BJ021
-19,-34,BJ022
-19,-33,BJ023
-19,-32,BJ024
-19,-31,BJ025
-19,-30,BJ026
-19,-29,BJ027
-19,-28,BJ028
-19,-27,BJ029
-19,-26,BJ031
-19,-25,BJ032
-19,-24,BJ033
-19,-23,BJ034
-19,-22,BJ035
-19,-21,BJ036
-19,-20,BJ037
-19,-19,BJ038
-19,-18,BJ039
-19,-17,BJ041
-19,-16,BJ042
-19,-15,BJ043
-19,-14,BJ044
-19,-13,BJ045
-19,-12,BJ046
-19,-11,BJ047
-19,-10,BJ048
-19,-9,BJ049
-19,-8,BJ051
-19,-7,BJ052
-19,-6,BJ053
-19,-5,BJ054
-19,-4,BJ055
-19,-3,BJ056
-19,-2,BJ057
-19,-1,BJ058
-19,0,BJ059
-19,1,BJ061
-19,2,BJ062
-19,3,BJ063
-19,4,BJ064
-19,5,BJ065
-19,6,BJ066
-19,7,BJ067
-19,8,BJ068
-19,9,BJ069
-19,10,BJ071
-19,11,BJ072
-19,12,BJ073
-19,13,BJ074
-19,14,BJ075
-19,15,BJ076
-19,16,BJ077
-19,17,BJ078
-19,18,BJ079
-19,19,BJ081
-19,20,BJ082
-19,21,BJ083
-19,22,BJ084
-19,23,BJ085
-19,24,BJ086
-19,25,BJ087
-19,26,BJ088
-19,27,BJ089
-19,28,BJ091
-19,29,BJ092
-19,30,BJ093
-19,31,BJ094
-19,32,BJ095
-19,33,BJ096
-19,34,BJ097
-19,35,BJ098
-19,36,BJ099
-19,37,BJ101
-19,38,BJ102
-19,39,BJ103
-19,40,BJ104
-19,41,BJ105
-19,42,BJ106
-19,43,BJ107
-19,44,BJ108
-19,45,BJ109
-19,46,BJ111
-18,-48,BK006
-18,-47,BK007
-18,-46,BK008
-18,-45,BK009
-18,-44,BK011
-18,-43,BK012
-18,-42,BK013
-18,-41,BK014
-18,-40,BK015
-18,-39,BK016
-18,-38,BK017
-18,-37,BK018
-18,-36,BK019
-18,-35,BK021
-18,-34,BK022
-18,-33,BK023
-18,-32,BK024
-18,-31,BK025
-18,-30,BK026
-18,-29,BK027
-18,-28,BK028
-18,-27,BK029
-18,-26,BK031
-18,-25,BK032
-18,-24,BK033
-18,-23,BK034
-18,-22,BK035
-18,-21,BK036
-18,-20,BK037
-18,-19,BK038
-18,-18,BK039
-18,-17,BK041
-18,-16,BK042
-18,-15,BK043
-18,-14,BK044
-18,-13,BK045
-18,-12,BK046
-18,-11,BK047
-18,-10,BK048
-18,-9,BK049
-18,-8,BK051
-18,-7,BK052
-18,-6,BK053
-18,-5,BK054
-18,-4,BK055
-18,-3,BK056
-18,-2,BK057
-18,-1,BK058
-18,0,BK059
-18,1,BK061
-18,2,BK062
-18,3,BK063
-18,4,BK064
-18,5,BK065
-18,6,BK066
-18,7,BK067
-18,8,BK068
-18,9,BK069
-18,10,BK071
-18,11,BK072
-18,12,BK073
-18,13,BK074
-18,14,BK075
-18,15,BK076
-18,16,BK077
-18,17,BK078
-18,18,BK079
-18,19,BK081
-18,20,BK082
-18,21,BK083
-18,22,BK084
-18,23,BK085
-18,24,BK086
-18,25,BK087
-18,26,BK088
-18,27,BK089
-18,28,BK091
-18,29,BK092
-18,30,BK093
-18,31,BK094
-18,32,BK095
-18,33,BK096
-18,34,BK097
-18,35,BK098
-18,36,BK099
-18,37,BK101
-18,38,BK102
-18,39,BK103
-18,40,BK104
-18,41,BK105
-18,42,BK106
-18,43,BK107
-18,44,BK108
-18,45,BK109
-18,46,BK111
-17,-48,BL006
-17,-47,BL007
-17,-46,BL008
-17,-45,BL009
-17,-44,BL011
-17,-43,BL012
-17,-42,BL013
-17,-41,BL014
-17,-40,BL015
-17,-39,BL016
-17,-38,BL017
-17,-37,BL018
-17,-36,BL019
-17,-35,BL021
-17,-34,BL022
-17,-33,BL023
-17,-32,BL024
-17,-31,BL025
-17,-30,BL026
-17,-29,BL027
-17,-28,BL028
-17,-27,BL029
-17,-26,BL031
-17,-25,BL032
-17,-24,BL033
-17,-23,BL034
-17,-22,BL035
-17,-21,BL036
-17,-20,BL037
-17,-19,BL038
-17,-18,BL039
-17,-17,BL041
-17,-16,BL042
-17,-15,BL043
-17,-14,BL044
-17,-13,BL045
-17,-12,BL046
-17,-11,BL047
-17,-10,BL048
-17,-9,BL049
-17,-8,BL051
-17,-7,BL052
-17,-6,BL053
-17,-5,BL054
-17,-4,BL055
-17,-3,BL056
-17,-2,BL057
-17,-1,BL058
-17,0,BL059
-17,1,BL061
-17,2,BL062
-17,3,BL063
-17,4,BL064
-17,5,BL065
-17,6,BL066
-17,7,BL067
-17,8,BL068
-17,9,BL069
-17,10,BL071
-17,11,BL072
-17,12,BL073
-17,13,BL074
-17,14,BL075
-17,15,BL076
-17,16,BL077
-17,17,BL078
-17,18,BL079
-17,19,BL081
-17,20,BL082
-17,21,BL083
-17,22,BL084
-17,23,BL085
-17,24,BL086
-17,25,BL087
-17,26,BL088
-17,27,BL089
-17,28,BL091
-17,29,BL092
-17,30,BL093
-17,31,BL094
-17,32,BL095
-17,33,BL096
-17,34,BL097
-17,35,BL098
-17,36,BL099
-17,37,BL101
-17,38,BL102
-17,39,BL103
-17,40,BL104
-17,41,BL105
-17,42,BL106
-17,43,BL107
-17,44,BL108
-17,45,BL109
-17,46,BL111
-16,-48,BM006
-16,-47,BM007
-16,-46,BM008
-16,-45,BM009
-16,-44,BM011
-16,-43,BM012
-16,-42,BM013
-16,-41,BM014
-16,-40,BM015
-16,-39,BM016
-16,-38,BM017
-16,-37,BM018
-16,-36,BM019
-16,-35,BM021
-16,-34,BM022
-16,-33,BM023
-16,-32,BM024
-16,-31,BM025
-16,-30,BM026
-16,-29,BM027
-16,-28,BM028
-16,-27,BM029
-16,-26,BM031
-16,-25,BM032
-16,-24,BM033
-16,-23,BM034
-16,-22,BM035
-16,-21,BM036
-16,-20,BM037
-16,-19,BM038
-16,-18,BM039
-16,-17,BM041
-16,-16,BM042
-16,-15,BM043
-16,-14,BM044
-16,-13,BM045
-16,-12,BM046
-16,-11,BM047
-16,-10,BM048
-16,-9,BM049
-16,-8,BM051
-16,-7,BM052
-16,-6,BM053
-16,-5,BM054
-16,-4,BM055
-16,-3,BM056
-16,-2,BM057
-16,-1,BM058
-16,0,BM059
-16,1,BM061
-16,2,BM062
-16,3,BM063
-16,4,BM064
-16,5,BM065
-16,6,BM066
-16,7,BM067
-16,8,BM068
-16,9,BM069
-16,10,BM071
-16,11,BM072
-16,12,BM073
-16,13,BM074
-16,14,BM075
-16,15,BM076
-16,16,BM077
-16,17,BM078
-16,18,BM079
-16,19,BM081
-16,20,BM082
-16,21,BM083
-16,22,BM084
-16,23,BM085
-16,24,BM086
-16,25,BM087
-16,26,BM088
-16,27,BM089
-16,28,BM091
-16,29,BM092
-16,30,BM093
-16,31,BM094
-16,32,BM095
-16,33,BM096
-16,34,BM097
-16,35,BM098
-16,36,BM099
-16,37,BM101
-16,38,BM102
-16,39,BM103
-16,40,BM104
-16,41,BM105
-16,42,BM106
-16,43,BM107
-16,44,BM108
-16,45,BM109
-16,46,BM111
-15,-48,BN006
-15,-47,BN007
-15,-46,BN008
-15,-45,BN009
-15,-44,BN011
-15,-43,BN012
-15,-42,BN013
-15,-41,BN014
-15,-40,BN015
-15,-39,BN016
-15,-38,BN017
-15,-37,BN018
-15,-36,BN019
-15,-35,BN021
-15,-34,BN022
-15,-33,BN023
-15,-32,BN024
-15,-31,BN025
-15,-30,BN026
-15,-29,BN027
-15,-28,BN028
-15,-27,BN029
-15,-26,BN031
-15,-25,BN032
-15,-24,BN033
-15,-23,BN034
-15,-22,BN035
-15,-21,BN036
-15,-20,BN037
-15,-19,BN038
-15,-18,BN039
-15,-17,BN041
-15,-16,BN042
-15,-15,BN043
-15,-14,BN044
-15,-13,BN045
-15,-12,BN046
-15,-11,BN047
-15,-10,BN048
-15,-9,BN049
-15,-8,BN051
-15,-7,BN052
-15,-6,BN053
-15,-5,BN054
-15,-4,BN055
-15,-3,BN056
-15,-2,BN057
-15,-1,BN058
-15,0,BN059
-15,1,BN061
-15,2,BN062
-15,3,BN063
-15,4,BN064
-15,5,BN065
-15,6,BN066
-15,7,BN067
-15,8,BN068
-15,9,BN069
-15,10,BN071
-15,11,BN072
-15,12,BN073
-15,13,BN074
-15,14,BN075
-15,15,BN076
-15,16,BN077
-15,17,BN078
-15,18,BN079
-15,19,BN081
-15,20,BN082
-15,21,BN083
-15,22,BN084
-15,23,BN085
-15,24,BN086
-15,25,BN087
-15,26,BN088
-15,27,BN089
-15,28,BN091
-15,29,BN092
-15,30,BN093
-15,31,BN094
-15,32,BN095
-15,33,BN096
-15,34,BN097
-15,35,BN098
-15,36,BN099
-15,37,BN101
-15,38,BN102
-15,39,BN103
-15,40,BN104
-15,41,BN105
-15,42,BN106
-15,43,BN107
-15,44,BN108
-15,45,BN109
-15,46,BN111
-14,-48,BP006
-14,-47,BP007
-14,-46,BP008
-14,-45,BP009
-14,-44,BP011
-14,-43,BP012
-14,-42,BP013
-14,-41,BP014
-14,-40,BP015
-14,-39,BP016
-14,-38,BP017
-14,-37,BP018
-14,-36,BP019
-14,-35,BP021
-14,-34,BP022
-14,-33,BP023
-14,-32,BP024
-14,-31,BP025
-14,-30,BP026
-14,-29,BP027
-14,-28,BP028
-14,-27,BP029
-14,-26,BP031
-14,-25,BP032
-14,-24,BP033
-14,-23,BP034
-14,-22,BP035
-14,-21,BP036
-14,-20,BP037
-14,-19,BP038
-14,-18,BP039
-14,-17,BP041
-14,-16,BP042
-14,-15,BP043
-14,-14,BP044
-14,-13,BP045
-14,-12,BP046
-14,-11,BP047
-14,-10,BP048
-14,-9,BP049
-14,-8,BP051
-14,-7,BP052
-14,-6,BP053
-14,-5,BP054
-14,-4,BP055
-14,-3,BP056
-14,-2,BP057
-14,-1,BP058
-14,0,BP059
-14,1,BP061
-14,2,BP062
-14,3,BP063
-14,4,BP064
-14,5,BP065
-14,6,BP066
-14,7,BP067
-14,8,BP068
-14,9,BP069
-14,10,BP071
-14,11,BP072
-14,12,BP073
-14,13,BP074
-14,14,BP075
-14,15,BP076
-14,16,BP077
-14,17,BP078
-14,18,BP079
-14,19,BP081
-14,20,BP082
-14,21,BP083
-14,22,BP084
-14,23,BP085
-14,24,BP086
-14,25,BP087
-14,26,BP088
-14,27,BP089
-14,28,BP091
-14,29,BP092
-14,30,BP093
-14,31,BP094
-14,32,BP095
-14,33,BP096
-14,34,BP097
-14,35,BP098
-14,36,BP099
-14,37,BP101
-14,38,BP102
-14,39,BP103
-14,40,BP104
-14,41,BP105
-14,42,BP106
-14,43,BP107
-14,44,BP108
-14,45,BP109
-14,46,BP111
-13,-48,BR006
-13,-47,BR007
-13,-46,BR008
-13,-45,BR009
-13,-44,BR011
-13,-43,BR012
-13,-42,BR013
-13,-41,BR014
-13,-40,BR015
-13,-39,BR016
-13,-38,BR017
-13,-37,BR018
-13,-36,BR019
-13,-35,BR021
-13,-34,BR022
-13,-33,BR023
-13,-32,BR024
-13,-31,BR025
-13,-30,BR026
-13,-29,BR027
-13,-28,BR028
-13,-27,BR029
-13,-26,BR031
-13,-25,BR032
-13,-24,BR033
-13,-23,BR034
-13,-22,BR035
-13,-21,BR036
-13,-20,BR037
-13,-19,BR038
-13,-18,BR039
-13,-17,BR041
-13,-16,BR042
-13,-15,BR043
-13,-14,BR044
-13,-13,BR045
-13,-12,BR046
-13,-11,BR047
-13,-10,BR048
-13,-9,BR049
-13,-8,BR051
-13,-7,BR052
-13,-6,BR053
-13,-5,BR054
-13,-4,BR055
-13,-3,BR056
-13,-2,BR057
-13,-1,BR058
-13,0,BR059
-13,1,BR061
-13,2,BR062
-13,3,BR063
-13,4,BR064
-13,5,BR065
-13,6,BR066
-13,7,BR067
-13,8,BR068
-13,9,BR069
-13,10,BR071
-13,11,BR072
-13,12,BR073
-13,13,BR074
-13,14,BR075
-13,15,BR076
-13,16,BR077
-13,17,BR078
-13,18,BR079
-13,19,BR081
-13,20,BR082
-13,21,BR083
-13,22,BR084
-13,23,BR085
-13,24,BR086
-13,25,BR087
-13,26,BR088
-13,27,BR089
-13,28,BR091
-13,29,BR092
-13,30,BR093
-13,31,BR094
-13,32,BR095
-13,33,BR096
-13,34,BR097
-13,35,BR098
-13,36,BR099
-13,37,BR101
-13,38,BR102
-13,39,BR103
-13,40,BR104
-13,41,BR105
-13,42,BR106
-13,43,BR107
-13,44,BR108
-13,45,BR109
-13,46,BR111
-12,-48,BS006
-12,-47,BS007
-12,-46,BS008
-12,-45,BS009
-12,-44,BS011
-12,-43,BS012
-12,-42,BS013
-12,-41,BS014
-12,-40,BS015
-12,-39,BS016
-12,-38,BS017
-12,-37,BS018
-12,-36,BS019
-12,-35,BS021
-12,-34,BS022
-12,-33,BS023
-12,-32,BS024
-12,-31,BS025
-12,-30,BS026
-12,-29,BS027
-12,-28,BS028
-12,-27,BS029
-12,-26,BS031
-12,-25,BS032
-12,-24,BS033
-12,-23,BS034
-12,-22,BS035
-12,-21,BS036
-12,-20,BS037
-12,-19,BS038
-12,-18,BS039
-12,-17,BS041
-12,-16,BS042
-12,-15,BS043
-12,-14,BS044
-12,-13,BS045
-12,-12,BS046
-12,-11,BS047
-12,-10,BS048
-12,-9,BS049
-12,-8,BS051
-12,-7,BS052
-12,-6,BS053
-12,-5,BS054
-12,-4,BS055
-12,-3,BS056
-12,-2,BS057
-12,-1,BS058
-12,0,BS059
-12,1,BS061
-12,2,BS062
-12,3,BS063
-12,4,BS064
-12,5,BS065
-12,6,BS066
-12,7,BS067
-12,8,BS068
-12,9,BS069
-12,10,BS071
-12,11,BS072
-12,12,BS073
-12,13,BS074
-12,14,BS075
-12,15,BS076
-12,16,BS077
-12,17,BS078
-12,18,BS079
-12,19,BS081
-12,20,BS082
-12,21,BS083
-12,22,BS084
-12,23,BS085
-12,24,BS086
-12,25,BS087
-12,26,BS088
-12,27,BS089
-12,28,BS091
-12,29,BS092
-12,30,BS093
-12,31,BS094
-12,32,BS095
-12,33,BS096
-12,34,BS097
-12,35,BS098
-12,36,BS099
-12,37,BS101
-12,38,BS102
-12,39,BS103
-12,40,BS104
-12,41,BS105
-12,42,BS106
-12,43,BS107
-12,44,BS108
-12,45,BS109
-12,46,BS111
-11,-48,BT006
-11,-47,BT007
-11,-46,BT008
-11,-45,BT009
-11,-44,BT011
-11,-43,BT012
-11,-42,BT013
-11,-41,BT014
-11,-40,BT015
-11,-39,BT016
-11,-38,BT017
-11,-37,BT018
-11,-36,BT019
-11,-35,BT021
-11,-34,BT022
-11,-33,BT023
-11,-32,BT024
-11,-31,BT025
-11,-30,BT026
-11,-29,BT027
-11,-28,BT028
-11,-27,BT029
-11,-26,BT031
-11,-25,BT032
-11,-24,BT033
-11,-23,BT034
-11,-22,BT035
-11,-21,BT036
-11,-20,BT037
-11,-19,BT038
-11,-18,BT039
-11,-17,BT041
-11,-16,BT042
-11,-15,BT043
-11,-14,BT044
-11,-13,BT045
-11,-12,BT046
-11,-11,BT047
-11,-10,BT048
-11,-9,BT049
-11,-8,BT051
-11,-7,BT052
-11,-6,BT053
-11,-5,BT054
-11,-4,BT055
-11,-3,BT056
-11,-2,BT057
-11,-1,BT058
-11,0,BT059
-11,1,BT061
-11,2,BT062
-11,3,BT063
-11,4,BT064
-11,5,BT065
-11,6,BT066
-11,7,BT067
-11,8,BT068
-11,9,BT069
-11,10,BT071
-11,11,BT072
-11,12,BT073
-11,13,BT074
-11,14,BT075
-11,15,BT076
-11,16,BT077
-11,17,BT078
-11,18,BT079
-11,19,BT081
-11,20,BT082
-11,21,BT083
-11,22,BT084
-11,23,BT085
-11,24,BT086
-11,25,BT087
-11,26,BT088
-11,27,BT089
-11,28,BT091
-11,29,BT092
-11,30,BT093
-11,31,BT094
-11,32,BT095
-11,33,BT096
-11,34,BT097
-11,35,BT098
-11,36,BT099
-11,37,BT101
-11,38,BT102
-11,39,BT103
-11,40,BT104
-11,41,BT105
-11,42,BT106
-11,43,BT107
-11,44,BT108
-11,45,BT109
-11,46,BT111
-10,-48,BU006
-10,-47,BU007
-10,-46,BU008
-10,-45,BU009
-10,-44,BU011
-10,-43,BU012
-10,-42,BU013
-10,-41,BU014
-10,-40,BU015
-10,-39,BU016
-10,-38,BU017
-10,-37,BU018
-10,-36,BU019
-10,-35,BU021
-10,-34,BU022
-10,-33,BU023
-10,-32,BU024
-10,-31,BU025
-10,-30,BU026
-10,-29,BU027
-10,-28,BU028
-10,-27,BU029
-10,-26,BU031
-10,-25,BU032
-10,-24,BU033
-10,-23,BU034
-10,-22,BU035
-10,-21,BU036
-10,-20,BU037
-10,-19,BU038
-10,-18,BU039
-10,-17,BU041
-10,-16,BU042
-10,-15,BU043
-10,-14,BU044
-10,-13,BU045
-10,-12,BU046
-10,-11,BU047
-10,-10,BU048
-10,-9,BU049
-10,-8,BU051
-10,-7,BU052
-10,-6,BU053
-10,-5,BU054
-10,-4,BU055
-10,-3,BU056
-10,-2,BU057
-10,-1,BU058
-10,0,BU059
-10,1,BU061
-10,2,BU062
-10,3,BU063
-10,4,BU064
-10,5,BU065
-10,6,BU066
-10,7,BU067
-10,8,BU068
-10,9,BU069
-10,10,BU071
-10,11,BU072
-10,12,BU073
-10,13,BU074
-10,14,BU075
-10,15,BU076
-10,16,BU077
-10,17,BU078
-10,18,BU079
-10,19,BU081
-10,20,BU082
-10,21,BU083
-10,22,BU084
-10,23,BU085
-10,24,BU086
-10,25,BU087
-10,26,BU088
-10,27,BU089
-10,28,BU091
-10,29,BU092
-10,30,BU093
-10,31,BU094
-10,32,BU095
-10,33,BU096
-10,34,BU097
-10,35,BU098
-10,36,BU099
-10,37,BU101
-10,38,BU102
-10,39,BU103
-10,40,BU104
-10,41,BU105
-10,42,BU106
-10,43,BU107
-10,44,BU108
-10,45,BU109
-10,46,BU111
-9,-48,BV006
-9,-47,BV007
-9,-46,BV008
-9,-45,BV009
-9,-44,BV011
-9,-43,BV012
-9,-42,BV013
-9,-41,BV014
-9,-40,BV015
-9,-39,BV016
-9,-38,BV017
-9,-37,BV018
-9,-36,BV019
-9,-35,BV021
-9,-34,BV022
-9,-33,BV023
-9,-32,BV024
-9,-31,BV025
-9,-30,BV026
-9,-29,BV027
-9,-28,BV028
-9,-27,BV029
-9,-26,BV031
-9,-25,BV032
-9,-24,BV033
-9,-23,BV034
-9,-22,BV035
-9,-21,BV036
-9,-20,BV037
-9,-19,BV038
-9,-18,BV039
-9,-17,BV041
-9,-16,BV042
-9,-15,BV043
-9,-14,BV044
-9,-13,BV045
-9,-12,BV046
-9,-11,BV047
-9,-10,BV048
-9,-9,BV049
-9,-8,BV051
-9,-7,BV052
-9,-6,BV053
-9,-5,BV054
-9,-4,BV055
-9,-3,BV056
-9,-2,BV057
-9,-1,BV058
-9,0,BV059
-9,1,BV061
-9,2,BV062
-9,3,BV063
-9,4,BV064
-9,5,BV065
-9,6,BV066
-9,7,BV067
-9,8,BV068
-9,9,BV069
-9,10,BV071
-9,11,BV072
-9,12,BV073
-9,13,BV074
-9,14,BV075
-9,15,BV076
-9,16,BV077
-9,17,BV078
-9,18,BV079
-9,19,BV081
-9,20,BV082
-9,21,BV083
-9,22,BV084
-9,23,BV085
-9,24,BV086
-9,25,BV087
-9,26,BV088
-9,27,BV089
-9,28,BV091
-9,29,BV092
-9,30,BV093
-9,31,BV094
-9,32,BV095
-9,33,BV096
-9,34,BV097
-9,35,BV098
-9,36,BV099
-9,37,BV101
-9,38,BV102
-9,39,BV103
-9,40,BV104
-9,41,BV105
-9,42,BV106
-9,43,BV107
-9,44,BV108
-9,45,BV109
-9,46,BV111
-8,-48,BW006
-8,-47,BW007
-8,-46,BW008
-8,-45,BW009
-8,-44,BW011
-8,-43,BW012
-8,-42,BW013
-8,-41,BW014
-8,-40,BW015
-8,-39,BW016
-8,-38,BW017
-8,-37,BW018
-8,-36,BW019
-8,-35,BW021
-8,-34,BW022
-8,-33,BW023
-8,-32,BW024
-8,-31,BW025
-8,-30,BW026
-8,-29,BW027
-8,-28,BW028
-8,-27,BW029
-8,-26,BW031
-8,-25,BW032
-8,-24,BW033
-8,-23,BW034
-8,-22,BW035
-8,-21,BW036
-8,-20,BW037
-8,-19,BW038
-8,-18,BW039
-8,-17,BW041
-8,-16,BW042
-8,-15,BW043
-8,-14,BW044
-8,-13,BW045
-8,-12,BW046
-8,-11,BW047
-8,-10,BW048
-8,-9,BW049
-8,-8,BW051
-8,-7,BW052
-8,-6,BW053
-8,-5,BW054
-8,-4,BW055
-8,-3,BW056
-8,-2,BW057
-8,-1,BW058
-8,0,BW059
-8,1,BW061
-8,2,BW062
-8,3,BW063
-8,4,BW064
-8,5,BW065
-8,6,BW066
-8,7,BW067
-8,8,BW068
-8,9,BW069
-8,10,BW071
-8,11,BW072
-8,12,BW073
-8,13,BW074
-8,14,BW075
-8,15,BW076
-8,16,BW077
-8,17,BW078
-8,18,BW079
-8,19,BW081
-8,20,BW082
-8,21,BW083
-8,22,BW084
-8,23,BW085
-8,24,BW086
-8,25,BW087
-8,26,BW088
-8,27,BW089
-8,28,BW091
-8,29,BW092
-8,30,BW093
-8,31,BW094
-8,32,BW095
-8,33,BW096
-8,34,BW097
-8,35,BW098
-8,36,BW099
-8,37,BW101
-8,38,BW102
-8,39,BW103
-8,40,BW104
-8,41,BW105
-8,42,BW106
-8,43,BW107
-8,44,BW108
-8,45,BW109
-8,46,BW111
-7,-48,BX006
-7,-47,BX007
-7,-46,BX008
-7,-45,BX009
-7,-44,BX011
-7,-43,BX012
-7,-42,BX013
-7,-41,BX014
-7,-40,BX015
-7,-39,BX016
-7,-38,BX017
-7,-37,BX018
-7,-36,BX019
-7,-35,BX021
-7,-34,BX022
-7,-33,BX023
-7,-32,BX024
-7,-31,BX025
-7,-30,BX026
-7,-29,BX027
-7,-28,BX028
-7,-27,BX029
-7,-26,BX031
-7,-25,BX032
-7,-24,BX033
-7,-23,BX034
-7,-22,BX035
-7,-21,BX036
-7,-20,BX037
-7,-19,BX038
-7,-18,BX039
-7,-17,BX041
-7,-16,BX042
-7,-15,BX043
-7,-14,BX044
-7,-13,BX045
-7,-12,BX046
-7,-11,BX047
-7,-10,BX048
-7,-9,BX049
-7,-8,BX051
-7,-7,BX052
-7,-6,BX053
-7,-5,BX054
-7,-4,BX055
-7,-3,BX056
-7,-2,BX057
-7,-1,BX058
-7,0,BX059
-7,1,BX061
-7,2,BX062
-7,3,BX063
-7,4,BX064
-7,5,BX065
-7,6,BX066
-7,7,BX067
-7,8,BX068
-7,9,BX069
-7,10,BX071
-7,11,BX072
-7,12,BX073
-7,13,BX074
-7,14,BX075
-7,15,BX076
-7,16,BX077
-7,17,BX078
-7,18,BX079
-7,19,BX081
-7,20,BX082
-7,21,BX083
-7,22,BX084
-7,23,BX085
-7,24,BX086
-7,25,BX087
-7,26,BX088
-7,27,BX089
-7,28,BX091
-7,29,BX092
-7,30,BX093
-7,31,BX094
-7,32,BX095
-7,33,BX096
-7,34,BX097
-7,35,BX098
-7,36,BX099
-7,37,BX101
-7,38,BX102
-7,39,BX103
-7,40,BX104
-7,41,BX105
-7,42,BX106
-7,43,BX107
-7,44,BX108
-7,45,BX109
-7,46,BX111
-6,-48,BY006
-6,-47,BY007
-6,-46,BY008
-6,-45,BY009
-6,-44,BY011
-6,-43,BY012
-6,-42,BY013
-6,-41,BY014
-6,-40,BY015
-6,-39,BY016
-6,-38,BY017
-6,-37,BY018
-6,-36,BY019
-6,-35,BY021
-6,-34,BY022
-6,-33,BY023
-6,-32,BY024
-6,-31,BY025
-6,-30,BY026
-6,-29,BY027
-6,-28,BY028
-6,-27,BY029
-6,-26,BY031
-6,-25,BY032
-6,-24,BY033
-6,-23,BY034
-6,-22,BY035
-6,-21,BY036
-6,-20,BY037
-6,-19,BY038
-6,-18,BY039
-6,-17,BY041
-6,-16,BY042
-6,-15,BY043
-6,-14,BY044
-6,-13,BY045
-6,-12,BY046
-6,-11,BY047
-6,-10,BY048
-6,-9,BY049
-6,-8,BY051
-6,-7,BY052
-6,-6,BY053
-6,-5,BY054
-6,-4,BY055
-6,-3,BY056
-6,-2,BY057
-6,-1,BY058
-6,0,BY059
-6,1,BY061
-6,2,BY062
-6,3,BY063
-6,4,BY064
-6,5,BY065
-6,6,BY066
-6,7,BY067
-6,8,BY068
-6,9,BY069
-6,10,BY071
-6,11,BY072
-6,12,BY073
-6,13,BY074
-6,14,BY075
-6,15,BY076
-6,16,BY077
-6,17,BY078
-6,18,BY079
-6,19,BY081
-6,20,BY082
-6,21,BY083
-6,22,BY084
-6,23,BY085
-6,24,BY086
-6,25,BY087
-6,26,BY088
-6,27,BY089
-6,28,BY091
-6,29,BY092
-6,30,BY093
-6,31,BY094
-6,32,BY095
-6,33,BY096
-6,34,BY097
-6,35,BY098
-6,36,BY099
-6,37,BY101
-6,38,BY102
-6,39,BY103
-6,40,BY104
-6,41,BY105
-6,42,BY106
-6,43,BY107
-6,44,BY108
-6,45,BY109
-6,46,BY111
-5,-53,BZ001
-5,-52,BZ002
-5,-51,BZ003
-5,-50,BZ004
-5,-49,BZ005
-5,-48,BZ006
-5,-47,BZ007
-5,-46,BZ008
-5,-45,BZ009
-5,-44,BZ011
-5,-43,BZ012
-5,-42,BZ013
-5,-41,BZ014
-5,-40,BZ015
-5,-39,BZ016
-5,-38,BZ017
-5,-37,BZ018
-5,-36,BZ019
-5,-35,BZ021
-5,-34,BZ022
-5,-33,BZ023
-5,-32,BZ024
-5,-31,BZ025
-5,-30,BZ026
-5,-29,BZ027
-5,-28,BZ028
-5,-27,BZ029
-5,-26,BZ031
-5,-25,BZ032
-5,-24,BZ033
-5,-23,BZ034
-5,-22,BZ035
-5,-21,BZ036
-5,-20,BZ037
-5,-19,BZ038
-5,-18,BZ039
-5,-17,BZ041
-5,-16,BZ042
-5,-15,BZ043
-5,-14,BZ044
-5,-13,BZ045
-5,-12,BZ046
-5,-11,BZ047
-5,-10,BZ048
-5,-9,BZ049
-5,-8,BZ051
-5,-7,BZ052
-5,-6,BZ053
-5,-5,BZ054
-5,-4,BZ055
-5,-3,BZ056
-5,-2,BZ057
-5,-1,BZ058
-5,0,BZ059
-5,1,BZ061
-5,2,BZ062
-5,3,BZ063
-5,4,BZ064
-5,5,BZ065
-5,6,BZ066
-5,7,BZ067
-5,8,BZ068
-5,9,BZ069
-5,10,BZ071
-5,11,BZ072
-5,12,BZ073
-5,13,BZ074
-5,14,BZ075
-5,15,BZ076
-5,16,BZ077
-5,17,BZ078
-5,18,BZ079
-5,19,BZ081
-5,20,BZ082
-5,21,BZ083
-5,22,BZ084
-5,23,BZ085
-5,24,BZ086
-5,25,BZ087
-5,26,BZ088
-5,27,BZ089
-5,28,BZ091
-5,29,BZ092
-5,30,BZ093
-5,31,BZ094
-5,32,BZ095
-5,33,BZ096
-5,34,BZ097
-5,35,BZ098
-5,36,BZ099
-5,37,BZ101
-5,38,BZ102
-5,39,BZ103
-5,40,BZ104
-5,41,BZ105
-5,42,BZ106
-5,43,BZ107
-5,44,BZ108
-5,45,BZ109
-5,46,BZ111
-5,47,BZ112
-5,48,BZ113
-5,49,BZ114
-5,50,BZ115
-5,51,BZ116
-4,-53,CA001
-4,-52,CA002
-4,-51,CA003
-4,-50,CA004
-4,-49,CA005
-4,-48,CA006
-4,-47,CA007
-4,-46,CA008
-4,-45,CA009
-4,-44,CA011
-4,-43,CA012
-4,-42,CA013
-4,-41,CA014
-4,-40,CA015
-4,-39,CA016
-4,-38,CA017
-4,-37,CA018
-4,-36,CA019
-4,-35,CA021
-4,-34,CA022
-4,-33,CA023
-4,-32,CA024
-4,-31,CA025
-4,-30,CA026
-4,-29,CA027
-4,-28,CA028
-4,-27,CA029
-4,-26,CA031
-4,-25,CA032
-4,-24,CA033
-4,-23,CA034
-4,-22,CA035
-4,-21,CA036
-4,-20,CA037
-4,-19,CA038
-4,-18,CA039
-4,-17,CA041
-4,-16,CA042
-4,-15,CA043
-4,-14,CA044
-4,-13,CA045
-4,-12,CA046
-4,-11,CA047
-4,-10,CA048
-4,-9,CA049
-4,-8,CA051
-4,-7,CA052
-4,-6,CA053
-4,-5,CA054
-4,-4,CA055
-4,-3,CA056
-4,-2,CA057
-4,-1,CA058
-4,0,CA059
-4,1,CA061
-4,2,CA062
-4,3,CA063
-4,4,CA064
-4,5,CA065
-4,6,CA066
-4,7,CA067
-4,8,CA068
-4,9,CA069
-4,10,CA071
-4,11,CA072
-4,12,CA073
-4,13,CA074
-4,14,CA075
-4,15,CA076
-4,16,CA077
-4,17,CA078
-4,18,CA079
-4,19,CA081
-4,20,CA082
-4,21,CA083
-4,22,CA084
-4,23,CA085
-4,24,CA086
-4,25,CA087
-4,26,CA088
-4,27,CA089
-4,28,CA091
-4,29,CA092
-4,30,CA093
-4,31,CA094
-4,32,CA095
-4,33,CA096
-4,34,CA097
-4,35,CA098
-4,36,CA099
-4,37,CA101
-4,38,CA102
-4,39,CA103
-4,40,CA104
-4,41,CA105
-4,42,CA106
-4,43,CA107
-4,44,CA108
-4,45,CA109
-4,46,CA111
-4,47,CA112
-4,48,CA113
-4,49,CA114
-4,50,CA115
-4,51,CA116
-3,-53,CB001
-3,-52,CB002
-3,-51,CB003
-3,-50,CB004
-3,-49,CB005
-3,-48,CB006
-3,-47,CB007
-3,-46,CB008
-3,-45,CB009
-3,-44,CB011
-3,-43,CB012
-3,-42,CB013
-3,-41,CB014
-3,-40,CB015
-3,-39,CB016
-3,-38,CB017
-3,-37,CB018
-3,-36,CB019
-3,-35,CB021
-3,-34,CB022
-3,-33,CB023
-3,-32,CB024
-3,-31,CB025
-3,-30,CB026
-3,-29,CB027
-3,-28,CB028
-3,-27,CB029
-3,-26,CB031
-3,-25,CB032
-3,-24,CB033
-3,-23,CB034
-3,-22,CB035
-3,-21,CB036
-3,-20,CB037
-3,-19,CB038
-3,-18,CB039
-3,-17,CB041
-3,-16,CB042
-3,-15,CB043
-3,-14,CB044
-3,-13,CB045
-3,-12,CB046
-3,-11,CB047
-3,-10,CB048
-3,-9,CB049
-3,-8,CB051
-3,-7,CB052
-3,-6,CB053
-3,-5,CB054
-3,-4,CB055
-3,-3,CB056
-3,-2,CB057
-3,-1,CB058
-3,0,CB059
-3,1,CB061
-3,2,CB062
-3,3,CB063
-3,4,CB064
-3,5,CB065
-3,6,CB066
-3,7,CB067
-3,8,CB068
-3,9,CB069
-3,10,CB071
-3,11,CB072
-3,12,CB073
-3,13,CB074
-3,14,CB075
-3,15,CB076
-3,16,CB077
-3,17,CB078
-3,18,CB079
-3,19,CB081
-3,20,CB082
-3,21,CB083
-3,22,CB084
-3,23,CB085
-3,24,CB086
-3,25,CB087
-3,26,CB088
-3,27,CB089
-3,28,CB091
-3,29,CB092
-3,30,CB093
-3,31,CB094
-3,32,CB095
-3,33,CB096
-3,34,CB097
-3,35,CB098
-3,36,CB099
-3,37,CB101
-3,38,CB102
-3,39,CB103
-3,40,CB104
-3,41,CB105
-3,42,CB106
-3,43,CB107
-3,44,CB108
-3,45,CB109
-3,46,CB111
-3,47,CB112
-3,48,CB113
-3,49,CB114
-3,50,CB115
-3,51,CB116
-2,-53,CC001
-2,-52,CC002
-2,-51,CC003
-2,-50,CC004
-2,-49,CC005
-2,-48,CC006
-2,-47,CC007
-2,-46,CC008
-2,-45,CC009
-2,-44,CC011
-2,-43,CC012
-2,-42,CC013
-2,-41,CC014
-2,-40,CC015
-2,-39,CC016
-2,-38,CC017
-2,-37,CC018
-2,-36,CC019
-2,-35,CC021
-2,-34,CC022
-2,-33,CC023
-2,-32,CC024
-2,-31,CC025
-2,-30,CC026
-2,-29,CC027
-2,-28,CC028
-2,-27,CC029
-2,-26,CC031
-2,-25,CC032
-2,-24,CC033
-2,-23,CC034
-2,-22,CC035
-2,-21,CC036
-2,-20,CC037
-2,-19,CC038
-2,-18,CC039
-2,-17,CC041
-2,-16,CC042
-2,-15,CC043
-2,-14,CC044
-2,-13,CC045
-2,-12,CC046
-2,-11,CC047
-2,-10,CC048
-2,-9,CC049
-2,-8,CC051
-2,-7,CC052
-2,-6,CC053
-2,-5,CC054
-2,-4,CC055
-2,-3,CC056
-2,-2,CC057
-2,-1,CC058
-2,0,CC059
-2,1,CC061
-2,2,CC062
-2,3,CC063
-2,4,CC064
-2,5,CC065
-2,6,CC066
-2,7,CC067
-2,8,CC068
-2,9,CC069
-2,10,CC071
-2,11,CC072
-2,12,CC073
-2,13,CC074
-2,14,CC075
-2,15,CC076
-2,16,CC077
-2,17,CC078
-2,18,CC079
-2,19,CC081
-2,20,CC082
-2,21,CC083
-2,22,CC084
-2,23,CC085
-2,24,CC086
-2,25,CC087
-2,26,CC088
-2,27,CC089
-2,28,CC091
-2,29,CC092
-2,30,CC093
-2,31,CC094
-2,32,CC095
-2,33,CC096
-2,34,CC097
-2,35,CC098
-2,36,CC099
-2,37,CC101
-2,38,CC102
-2,39,CC103
-2,40,CC104
-2,41,CC105
-2,42,CC106
-2,43,CC107
-2,44,CC108
-2,45,CC109
-2,46,CC111
-2,47,CC112
-2,48,CC113
-2,49,CC114
-2,50,CC115
-2,51,CC116
-1,-53,CD001
-1,-52,CD002
-1,-51,CD003
-1,-50,CD004
-1,-49,CD005
-1,-48,CD006
-1,-47,CD007
-1,-46,CD008
-1,-45,CD009
-1,-44,CD011
-1,-43,CD012
-1,-42,CD013
-1,-41,CD014
-1,-40,CD015
-1,-39,CD016
-1,-38,CD017
-1,-37,CD018
-1,-36,CD019
-1,-35,CD021
-1,-34,CD022
-1,-33,CD023
-1,-32,CD024
-1,-31,CD025
-1,-30,CD026
-1,-29,CD027
-1,-28,CD028
-1,-27,CD029
-1,-26,CD031
-1,-25,CD032
-1,-24,CD033
-1,-23,CD034
-1,-22,CD035
-1,-21,CD036
-1,-20,CD037
-1,-19,CD038
-1,-18,CD039
-1,-17,CD041
-1,-16,CD042
-1,-15,CD043
-1,-14,CD044
-1,-13,CD045
-1,-12,CD046
-1,-11,CD047
-1,-10,CD048
-1,-9,CD049
-1,-8,CD051
-1,-7,CD052
-1,-6,CD053
-1,-5,CD054
-1,-4,CD055
-1,-3,CD056
-1,-2,CD057
-1,-1,CD058
-1,0,CD059
-1,1,CD061
-1,2,CD062
-1,3,CD063
-1,4,CD064
-1,5,CD065
-1,6,CD066
-1,7,CD067
-1,8,CD068
-1,9,CD069
-1,10,CD071
-1,11,CD072
-1,12,CD073
-1,13,CD074
-1,14,CD075
-1,15,CD076
-1,16,CD077
-1,17,CD078
-1,18,CD079
-1,19,CD081
-1,20,CD082
-1,21,CD083
-1,22,CD084
-1,23,CD085
-1,24,CD086
-1,25,CD087
-1,26,CD088
-1,27,CD089
-1,28,CD091
-1,29,CD092
-1,30,CD093
-1,31,CD094
-1,32,CD095
-1,33,CD096
-1,34,CD097
-1,35,CD098
-1,36,CD099
-1,37,CD101
-1,38,CD102
-1,39,CD103
-1,40,CD104
-1,41,CD105
-1,42,CD106
-1,43,CD107
-1,44,CD108
-1,45,CD109
-1,46,CD111
-1,47,CD112
-1,48,CD113
-1,49,CD114
-1,50,CD115
-1,51,CD116
0,-53,CE001
0,-52,CE002
0,-51,CE003
0,-50,CE004
0,-49,CE005
0,-48,CE006
0,-47,CE007
0,-46,CE008
0,-45,CE009
0,-44,CE011
0,-43,CE012
0,-42,CE013
0,-41,CE014
0,-40,CE015
0,-39,CE016
0,-38,CE017
0,-37,CE018
0,-36,CE019
0,-35,CE021
0,-34,CE022
0,-33,CE023
0,-32,CE024
0,-31,CE025
0,-30,CE026
0,-29,CE027
0,-28,CE028
0,-27,CE029
0,-26,CE031
0,-25,CE032
0,-24,CE033
0,-23,CE034
0,-22,CE035
0,-21,CE036
0,-20,CE037
0,-19,CE038
0,-18,CE039
0,-17,CE041
0,-16,CE042
0,-15,CE043
0,-14,CE044
0,-13,CE045
0,-12,CE046
0,-11,CE047
0,-10,CE048
0,-9,CE049
0,-8,CE051
0,-7,CE052
0,-6,CE053
0,-5,CE054
0,-4,CE055
0,-3,CE056
0,-2,CE057
0,-1,CE058
0,0,CE059
0,1,CE061
0,2,CE062
0,3,CE063
0,4,CE064
0,5,CE065
0,6,CE066
0,7,CE067
0,8,CE068
0,9,CE069
0,10,CE071
0,11,CE072
0,12,CE073
0,13,CE074
0,14,CE075
0,15,CE076
0,16,CE077
0,17,CE078
0,18,CE079
0,19,CE081
0,20,CE082
0,21,CE083
0,22,CE084
0,23,CE085
0,24,CE086
0,25,CE087
0,26,CE088
0,27,CE089
0,28,CE091
0,29,CE092
0,30,CE093
0,31,CE094
0,32,CE095
0,33,CE096
0,34,CE097
0,35,CE098
0,36,CE099
0,37,CE101
0,38,CE102
0,39,CE103
0,40,CE104
0,41,CE105
0,42,CE106
0,43,CE107
0,44,CE108
0,45,CE109
0,46,CE111
0,47,CE112
0,48,CE113
0,49,CE114
0,50,CE115
0,51,CE116
1,-53,CF001
1,-52,CF002
1,-51,CF003
1,-50,CF004
1,-49,CF005
1,-48,CF006
1,-47,CF007
1,-46,CF008
1,-45,CF009
1,-44,CF011
1,-43,CF012
1,-42,CF013
1,-41,CF014
1,-40,CF015
1,-39,CF016
1,-38,CF017
1,-37,CF018
1,-36,CF019
1,-35,CF021
1,-34,CF022
1,-33,CF023
1,-32,CF024
1,-31,CF025
1,-30,CF026
1,-29,CF027
1,-28,CF028
1,-27,CF029
1,-26,CF031
1,-25,CF032
1,-24,CF033
1,-23,CF034
1,-22,CF035
1,-21,CF036
1,-20,CF037
1,-19,CF038
1,-18,CF039
1,-17,CF041
1,-16,CF042
1,-15,CF043
1,-14,CF044
1,-13,CF045
1,-12,CF046
1,-11,CF047
1,-10,CF048
1,-9,CF049
1,-8,CF051
1,-7,CF052
1,-6,CF053
1,-5,CF054
1,-4,CF055
1,-3,CF056
1,-2,CF057
1,-1,CF058
1,0,CF059
1,1,CF061
1,2,CF062
1,3,CF063
1,4,CF064
1,5,CF065
1,6,CF066
1,7,CF067
1,8,CF068
1,9,CF069
1,10,CF071
1,11,CF072
1,12,CF073
1,13,CF074
1,14,CF075
1,15,CF076
1,16,CF077
1,17,CF078
1,18,CF079
1,19,CF081
1,20,CF082
1,21,CF083
1,22,CF084
1,23,CF085
1,24,CF086
1,25,CF087
1,26,CF088
1,27,CF089
1,28,CF091
1,29,CF092
1,30,CF093
1,31,CF094
1,32,CF095
1,33,CF096
1,34,CF097
1,35,CF098
1,36,CF099
1,37,CF101
1,38,CF102
1,39,CF103
1,40,CF104
1,41,CF105
1,42,CF106
1,43,CF107
1,44,CF108
1,45,CF109
1,46,CF111
1,47,CF112
1,48,CF113
1,49,CF114
1,50,CF115
1,51,CF116
2,-53,CG001
2,-52,CG002
2,-51,CG003
2,-50,CG004
2,-49,CG005
2,-48,CG006
2,-47,CG007
2,-46,CG008
2,-45,CG009
2,-44,CG011
2,-43,CG012
2,-42,CG013
2,-41,CG014
2,-40,CG015
2,-39,CG016
2,-38,CG017
2,-37,CG018
2,-36,CG019
2,-35,CG021
2,-34,CG022
2,-33,CG023
2,-32,CG024
2,-31,CG025
2,-30,CG026
2,-29,CG027
2,-28,CG028
2,-27,CG029
2,-26,CG031
2,-25,CG032
2,-24,CG033
2,-23,CG034
2,-22,CG035
2,-21,CG036
2,-20,CG037
2,-19,CG038
2,-18,CG039
2,-17,CG041
2,-16,CG042
2,-15,CG043
2,-14,CG044
2,-13,CG045
2,-12,CG046
2,-11,CG047
2,-10,CG048
2,-9,CG049
2,-8,CG051
2,-7,CG052
2,-6,CG053
2,-5,CG054
2,-4,CG055
2,-3,CG056
2,-2,CG057
2,-1,CG058
2,0,CG059
2,1,CG061
2,2,CG062
2,3,CG063
2,4,CG064
2,5,CG065
2,6,CG066
2,7,CG067
2,8,CG068
2,9,CG069
2,10,CG071
2,11,CG072
2,12,CG073
2,13,CG074
2,14,CG075
2,15,CG076
2,16,CG077
2,17,CG078
2,18,CG079
2,19,CG081
2,20,CG082
2,21,CG083
2,22,CG084
2,23,CG085
2,24,CG086
2,25,CG087
2,26,CG088
2,27,CG089
2,28,CG091
2,29,CG092
2,30,CG093
2,31,CG094
2,32,CG095
2,33,CG096
2,34,CG097
2,35,CG098
2,36,CG099
2,37,CG101
2,38,CG102
2,39,CG103
2,40,CG104
2,41,CG105
2,42,CG106
2,43,CG107
2,44,CG108
2,45,CG109
2,46,CG111
2,47,CG112
2,48,CG113
2,49,CG114
2,50,CG115
2,51,CG116
3,-53,CH001
3,-52,CH002
3,-51,CH003
3,-50,CH004
3,-49,CH005
3,-48,CH006
3,-47,CH007
3,-46,CH008
3,-45,CH009
3,-44,CH011
3,-43,CH012
3,-42,CH013
3,-41,CH014
3,-40,CH015
3,-39,CH016
3,-38,CH017
3,-37,CH018
3,-36,CH019
3,-35,CH021
3,-34,CH022
3,-33,CH023
3,-32,CH024
3,-31,CH025
3,-30,CH026
3,-29,CH027
3,-28,CH028
3,-27,CH029
3,-26,CH031
3,-25,CH032
3,-24,CH033
3,-23,CH034
3,-22,CH035
3,-21,CH036
3,-20,CH037
3,-19,CH038
3,-18,CH039
3,-17,CH041
3,-16,CH042
3,-15,CH043
3,-14,CH044
3,-13,CH045
3,-12,CH046
3,-11,CH047
3,-10,CH048
3,-9,CH049
3,-8,CH051
3,-7,CH052
3,-6,CH053
3,-5,CH054
3,-4,CH055
3,-3,CH056
3,-2,CH057
3,-1,CH058
3,0,CH059
3,1,CH061
3,2,CH062
3,3,CH063
3,4,CH064
3,5,CH065
3,6,CH066
3,7,CH067
3,8,CH068
3,9,CH069
3,10,CH071
3,11,CH072
3,12,CH073
3,13,CH074
3,14,CH075
3,15,CH076
3,16,CH077
3,17,CH078
3,18,CH079
3,19,CH081
3,20,CH082
3,21,CH083
3,22,CH084
3,23,CH085
3,24,CH086
3,25,CH087
3,26,CH088
3,27,CH089
3,28,CH091
3,29,CH092
3,30,CH093
3,31,CH094
3,32,CH095
3,33,CH096
3,34,CH097
3,35,CH098
3,36,CH099
3,37,CH101
3,38,CH102
3,39,CH103
3,40,CH104
3,41,CH105
3,42,CH106
3,43,CH107
3,44,CH108
3,45,CH109
3,46,CH111
3,47,CH112
3,48,CH113
3,49,CH114
3,50,CH115
3,51,CH116
4,-53,CJ001
4,-52,CJ002
4,-51,CJ003
4,-50,CJ004
4,-49,CJ005
4,-48,CJ006
4,-47,CJ007
4,-46,CJ008
4,-45,CJ009
4,-44,CJ011
4,-43,CJ012
4,-42,CJ013
4,-41,CJ014
4,-40,CJ015
4,-39,CJ016
4,-38,CJ017
4,-37,CJ018
4,-36,CJ019
4,-35,CJ021
4,-34,CJ022
4,-33,CJ023
4,-32,CJ024
4,-31,CJ025
4,-30,CJ026
4,-29,CJ027
4,-28,CJ028
4,-27,CJ029
4,-26,CJ031
4,-25,CJ032
4,-24,CJ033
4,-23,CJ034
4,-22,CJ035
4,-21,CJ036
4,-20,CJ037
4,-19,CJ038
4,-18,CJ039
4,-17,CJ041
4,-16,CJ042
4,-15,CJ043
4,-14,CJ044
4,-13,CJ045
4,-12,CJ046
4,-11,CJ047
4,-10,CJ048
4,-9,CJ049
4,-8,CJ051
4,-7,CJ052
4,-6,CJ053
4,-5,CJ054
4,-4,CJ055
4,-3,CJ056
4,-2,CJ057
4,-1,CJ058
4,0,CJ059
4,1,CJ061
4,2,CJ062
4,3,CJ063
4,4,CJ064
4,5,CJ065
4,6,CJ066
4,7,CJ067
4,8,CJ068
4,9,CJ069
4,10,CJ071
4,11,CJ072
4,12,CJ073
4,13,CJ074
4,14,CJ075
4,15,CJ076
4,16,CJ077
4,17,CJ078
4,18,CJ079
4,19,CJ081
4,20,CJ082
4,21,CJ083
4,22,CJ084
4,23,CJ085
4,24,CJ086
4,25,CJ087
4,26,CJ088
4,27,CJ089
4,28,CJ091
4,29,CJ092
4,30,CJ093
4,31,CJ094
4,32,CJ095
4,33,CJ096
4,34,CJ097
4,35,CJ098
4,36,CJ099
4,37,CJ101
4,38,CJ102
4,39,CJ103
4,40,CJ104
4,41,CJ105
4,42,CJ106
4,43,CJ107
4,44,CJ108
4,45,CJ109
4,46,CJ111
4,47,CJ112
4,48,CJ113
4,49,CJ114
4,50,CJ115
4,51,CJ116
5,-53,CK001
5,-52,CK002
5,-51,CK003
5,-50,CK004
5,-49,CK005
5,-48,CK006
5,-47,CK007
5,-46,CK008
5,-45,CK009
5,-44,CK011
5,-43,CK012
5,-42,CK013
5,-41,CK014
5,-40,CK015
5,-39,CK016
5,-38,CK017
5,-37,CK018
5,-36,CK019
5,-35,CK021
5,-34,CK022
5,-33,CK023
5,-32,CK024
5,-31,CK025
5,-30,CK026
5,-29,CK027
5,-28,CK028
5,-27,CK029
5,-26,CK031
5,-25,CK032
5,-24,CK033
5,-23,CK034
5,-22,CK035
5,-21,CK036
5,-20,CK037
5,-19,CK038
5,-18,CK039
5,-17,CK041
5,-16,CK042
5,-15,CK043
5,-14,CK044
5,-13,CK045
5,-12,CK046
5,-11,CK047
5,-10,CK048
5,-9,CK049
5,-8,CK051
5,-7,CK052
5,-6,CK053
5,-5,CK054
5,-4,CK055
5,-3,CK056
5,-2,CK057
5,-1,CK058
5,0,CK059
5,1,CK061
5,2,CK062
5,3,CK063
5,4,CK064
5,5,CK065
5,6,CK066
5,7,CK067
5,8,CK068
5,9,CK069
5,10,CK071
5,11,CK072
5,12,CK073
5,13,CK074
5,14,CK075
5,15,CK076
5,16,CK077
5,17,CK078
5,18,CK079
5,19,CK081
5,20,CK082
5,21,CK083
5,22,CK084
5,23,CK085
5,24,CK086
5,25,CK087
5,26,CK088
5,27,CK089
5,28,CK091
5,29,CK092
5,30,CK093
5,31,CK094
5,32,CK095
5,33,CK096
5,34,CK097
5,35,CK098
5,36,CK099
5,37,CK101
5,38,CK102
5,39,CK103
5,40,CK104
5,41,CK105
5,42,CK106
5,43,CK107
5,44,CK108
5,45,CK109
5,46,CK111
5,47,CK112
5,48,CK113
5,49,CK114
5,50,CK115
5,51,CK116
6,-53,CL001
6,-52,CL002
6,-51,CL003
6,-50,CL004
6,-49,CL005
6,-48,CL006
6,-47,CL007
6,-46,CL008
6,-45,CL009
6,-44,CL011
6,-43,CL012
6,-42,CL013
6,-41,CL014
6,-40,CL015
6,-39,CL016
6,-38,CL017
6,-37,CL018
6,-36,CL019
6,-35,CL021
6,-34,CL022
6,-33,CL023
6,-32,CL024
6,-31,CL025
6,-30,CL026
6,-29,CL027
6,-28,CL028
6,-27,CL029
6,-26,CL031
6,-25,CL032
6,-24,CL033
6,-23,CL034
6,-22,CL035
6,-21,CL036
6,-20,CL037
6,-19,CL038
6,-18,CL039
6,-17,CL041
6,-16,CL042
6,-15,CL043
6,-14,CL044
6,-13,CL045
6,-12,CL046
6,-11,CL047
6,-10,CL048
6,-9,CL049
6,-8,CL051
6,-7,CL052
6,-6,CL053
6,-5,CL054
6,-4,CL055
6,-3,CL056
6,-2,CL057
6,-1,CL058
6,0,CL059
6,1,CL061
6,2,CL062
6,3,CL063
6,4,CL064
6,5,CL065
6,6,CL066
6,7,CL067
6,8,CL068
6,9,CL069
6,10,CL071
6,11,CL072
6,12,CL073
6,13,CL074
6,14,CL075
6,15,CL076
6,16,CL077
6,17,CL078
6,18,CL079
6,19,CL081
6,20,CL082
6,21,CL083
6,22,CL084
6,23,CL085
6,24,CL086
6,25,CL087
6,26,CL088
6,27,CL089
6,28,CL091
6,29,CL092
6,30,CL093
6,31,CL094
6,32,CL095
6,33,CL096
6,34,CL097
6,35,CL098
6,36,CL099
6,37,CL101
6,38,CL102
6,39,CL103
6,40,CL104
6,41,CL105
6,42,CL106
6,43,CL107
6,44,CL108
6,45,CL109
6,46,CL111
6,47,CL112
6,48,CL113
6,49,CL114
6,50,CL115
6,51,CL116
7,-53,CM001
7,-52,CM002
7,-51,CM003
7,-50,CM004
7,-49,CM005
7,-48,CM006
7,-47,CM007
7,-46,CM008
7,-45,CM009
7,-44,CM011
7,-43,CM012
7,-42,CM013
7,-41,CM014
7,-40,CM015
7,-39,CM016
7,-38,CM017
7,-37,CM018
7,-36,CM019
7,-35,CM021
7,-34,CM022
7,-33,CM023
7,-32,CM024
7,-31,CM025
7,-30,CM026
7,-29,CM027
7,-28,CM028
7,-27,CM029
7,-26,CM031
7,-25,CM032
7,-24,CM033
7,-23,CM034
7,-22,CM035
7,-21,CM036
7,-20,CM037
7,-19,CM038
7,-18,CM039
7,-17,CM041
7,-16,CM042
7,-15,CM043
7,-14,CM044
7,-13,CM045
7,-12,CM046
7,-11,CM047
7,-10,CM048
7,-9,CM049
7,-8,CM051
7,-7,CM052
7,-6,CM053
7,-5,CM054
7,-4,CM055
7,-3,CM056
7,-2,CM057
7,-1,CM058
7,0,CM059
7,1,CM061
7,2,CM062
7,3,CM063
7,4,CM064
7,5,CM065
7,6,CM066
7,7,CM067
7,8,CM068
7,9,CM069
7,10,CM071
7,11,CM072
7,12,CM073
7,13,CM074
7,14,CM075
7,15,CM076
7,16,CM077
7,17,CM078
7,18,CM079
7,19,CM081
7,20,CM082
7,21,CM083
7,22,CM084
7,23,CM085
7,24,CM086
7,25,CM087
7,26,CM088
7,27,CM089
7,28,CM091
7,29,CM092
7,30,CM093
7,31,CM094
7,32,CM095
7,33,CM096
7,34,CM097
7,35,CM098
7,36,CM099
7,37,CM101
7,38,CM102
7,39,CM103
7,40,CM104
7,41,CM105
7,42,CM106
7,43,CM107
7,44,CM108
7,45,CM109
7,46,CM111
7,47,CM112
7,48,CM113
7,49,CM114
7,50,CM115
7,51,CM116
8,-53,CN001
8,-52,CN002
8,-51,CN003
8,-50,CN004
8,-49,CN005
8,-48,CN006
8,-47,CN007
8,-46,CN008
8,-45,CN009
8,-44,CN011
8,-43,CN012
8,-42,CN013
8,-41,CN014
8,-40,CN015
8,-39,CN016
8,-38,CN017
8,-37,CN018
8,-36,CN019
8,-35,CN021
8,-34,CN022
8,-33,CN023
8,-32,CN024
8,-31,CN025
8,-30,CN026
8,-29,CN027
8,-28,CN028
8,-27,CN029
8,-26,CN031
8,-25,CN032
8,-24,CN033
8,-23,CN034
8,-22,CN035
8,-21,CN036
8,-20,CN037
8,-19,CN038
8,-18,CN039
8,-17,CN041
8,-16,CN042
8,-15,CN043
8,-14,CN044
8,-13,CN045
8,-12,CN046
8,-11,CN047
8,-10,CN048
8,-9,CN049
8,-8,CN051
8,-7,CN052
8,-6,CN053
8,-5,CN054
8,-4,CN055
8,-3,CN056
8,-2,CN057
8,-1,CN058
8,0,CN059
8,1,CN061
8,2,CN062
8,3,CN063
8,4,CN064
8,5,CN065
8,6,CN066
8,7,CN067
8,8,CN068
8,9,CN069
8,10,CN071
8,11,CN072
8,12,CN073
8,13,CN074
8,14,CN075
8,15,CN076
8,16,CN077
8,17,CN078
8,18,CN079
8,19,CN081
8,20,CN082
8,21,CN083
8,22,CN084
8,23,CN085
8,24,CN086
8,25,CN087
8,26,CN088
8,27,CN089
8,28,CN091
8,29,CN092
8,30,CN093
8,31,CN094
8,32,CN095
8,33,CN096
8,34,CN097
8,35,CN098
8,36,CN099
8,37,CN101
8,38,CN102
8,39,CN103
8,40,CN104
8,41,CN105
8,42,CN106
8,43,CN107
8,44,CN108
8,45,CN109
8,46,CN111
8,47,CN112
8,48,CN113
8,49,CN114
8,50,CN115
8,51,CN116
9,-53,CP001
9,-52,CP002
9,-51,CP003
9,-50,CP004
9,-49,CP005
9,-48,CP006
9,-47,CP007
9,-46,CP008
9,-45,CP009
9,-44,CP011
9,-43,CP012
9,-42,CP013
9,-41,CP014
9,-40,CP015
9,-39,CP016
9,-38,CP017
9,-37,CP018
9,-36,CP019
9,-35,CP021
9,-34,CP022
9,-33,CP023
9,-32,CP024
9,-31,CP025
9,-30,CP026
9,-29,CP027
9,-28,CP028
9,-27,CP029
9,-26,CP031
9,-25,CP032
9,-24,CP033
9,-23,CP034
9,-22,CP035
9,-21,CP036
9,-20,CP037
9,-19,CP038
9,-18,CP039
9,-17,CP041
9,-16,CP042
9,-15,CP043
9,-14,CP044
9,-13,CP045
9,-12,CP046
9,-11,CP047
9,-10,CP048
9,-9,CP049
9,-8,CP051
9,-7,CP052
9,-6,CP053
9,-5,CP054
9,-4,CP055
9,-3,CP056
9,-2,CP057
9,-1,CP058
9,0,CP059
9,1,CP061
9,2,CP062
9,3,CP063
9,4,CP064
9,5,CP065
9,6,CP066
9,7,CP067
9,8,CP068
9,9,CP069
9,10,CP071
9,11,CP072
9,12,CP073
9,13,CP074
9,14,CP075
9,15,CP076
9,16,CP077
9,17,CP078
9,18,CP079
9,19,CP081
9,20,CP082
9,21,CP083
9,22,CP084
9,23,CP085
9,24,CP086
9,25,CP087
9,26,CP088
9,27,CP089
9,28,CP091
9,29,CP092
9,30,CP093
9,31,CP094
9,32,CP095
9,33,CP096
9,34,CP097
9,35,CP098
9,36,CP099
9,37,CP101
9,38,CP102
9,39,CP103
9,40,CP104
9,41,CP105
9,42,CP106
9,43,CP107
9,44,CP108
9,45,CP109
9,46,CP111
9,47,CP112
9,48,CP113
9,49,CP114
9,50,CP115
9,51,CP116
10,-48,CR006
10,-47,CR007
10,-46,CR008
10,-45,CR009
10,-44,CR011
10,-43,CR012
10,-42,CR013
10,-41,CR014
10,-40,CR015
10,-39,CR016
10,-38,CR017
10,-37,CR018
10,-36,CR019
10,-35,CR021
10,-34,CR022
10,-33,CR023
10,-32,CR024
10,-31,CR025
10,-30,CR026
10,-29,CR027
10,-28,CR028
10,-27,CR029
10,-26,CR031
10,-25,CR032
10,-24,CR033
10,-23,CR034
10,-22,CR035
10,-21,CR036
10,-20,CR037
10,-19,CR038
10,-18,CR039
10,-17,CR041
10,-16,CR042
10,-15,CR043
10,-14,CR044
10,-13,CR045
10,-12,CR046
10,-11,CR047
10,-10,CR048
10,-9,CR049
10,-8,CR051
10,-7,CR052
10,-6,CR053
10,-5,CR054
10,-4,CR055
10,-3,CR056
10,-2,CR057
10,-1,CR058
10,0,CR059
10,1,CR061
10,2,CR062
10,3,CR063
10,4,CR064
10,5,CR065
10,6,CR066
10,7,CR067
10,8,CR068
10,9,CR069
10,10,CR071
10,11,CR072
10,12,CR073
10,13,CR074
10,14,CR075
10,15,CR076
10,16,CR077
10,17,CR078
10,18,CR079
10,19,CR081
10,20,CR082
10,21,CR083
10,22,CR084
10,23,CR085
10,24,CR086
10,25,CR087
10,26,CR088
10,27,CR089
10,28,CR091
10,29,CR092
10,30,CR093
10,31,CR094
10,32,CR095
10,33,CR096
10,34,CR097
10,35,CR098
10,36,CR099
10,37,CR101
10,38,CR102
10,39,CR103
10,40,CR104
10,41,CR105
10,42,CR106
10,43,CR107
10,44,CR108
10,45,CR109
10,46,CR111
11,-48,CS006
11,-47,CS007
11,-46,CS008
11,-45,CS009
11,-44,CS011
11,-43,CS012
11,-42,CS013
11,-41,CS014
11,-40,CS015
11,-39,CS016
11,-38,CS017
11,-37,CS018
11,-36,CS019
11,-35,CS021
11,-34,CS022
11,-33,CS023
11,-32,CS024
11,-31,CS025
11,-30,CS026
11,-29,CS027
11,-28,CS028
11,-27,CS029
11,-26,CS031
11,-25,CS032
11,-24,CS033
11,-23,CS034
11,-22,CS035
11,-21,CS036
11,-20,CS037
11,-19,CS038
11,-18,CS039
11,-17,CS041
11,-16,CS042
11,-15,CS043
11,-14,CS044
11,-13,CS045
11,-12,CS046
11,-11,CS047
11,-10,CS048
11,-9,CS049
11,-8,CS051
11,-7,CS052
11,-6,CS053
11,-5,CS054
11,-4,CS055
11,-3,CS056
11,-2,CS057
11,-1,CS058
11,0,CS059
11,1,CS061
11,2,CS062
11,3,CS063
11,4,CS064
11,5,CS065
11,6,CS066
11,7,CS067
11,8,CS068
11,9,CS069
11,10,CS071
11,11,CS072
11,12,CS073
11,13,CS074
11,14,CS075
11,15,CS076
11,16,CS077
11,17,CS078
11,18,CS079
11,19,CS081
11,20,CS082
11,21,CS083
11,22,CS084
11,23,CS085
11,24,CS086
11,25,CS087
11,26,CS088
11,27,CS089
11,28,CS091
11,29,CS092
11,30,CS093
11,31,CS094
11,32,CS095
11,33,CS096
11,34,CS097
11,35,CS098
11,36,CS099
11,37,CS101
11,38,CS102
11,39,CS103
11,40,CS104
11,41,CS105
11,42,CS106
11,43,CS107
11,44,CS108
11,45,CS109
11,46,CS111
12,-48,CT006
12,-47,CT007
12,-46,CT008
12,-45,CT009
12,-44,CT011
12,-43,CT012
12,-42,CT013
12,-41,CT014
12,-40,CT015
12,-39,CT016
12,-38,CT017
12,-37,CT018
12,-36,CT019
12,-35,CT021
12,-34,CT022
12,-33,CT023
12,-32,CT024
12,-31,CT025
12,-30,CT026
12,-29,CT027
12,-28,CT028
12,-27,CT029
12,-26,CT031
12,-25,CT032
12,-24,CT033
12,-23,CT034
12,-22,CT035
12,-21,CT036
12,-20,CT037
12,-19,CT038
12,-18,CT039
12,-17,CT041
12,-16,CT042
12,-15,CT043
12,-14,CT044
12,-13,CT045
12,-12,CT046
12,-11,CT047
12,-10,CT048
12,-9,CT049
12,-8,CT051
12,-7,CT052
12,-6,CT053
12,-5,CT054
12,-4,CT055
12,-3,CT056
12,-2,CT057
12,-1,CT058
12,0,CT059
12,1,CT061
12,2,CT062
12,3,CT063
12,4,CT064
12,5,CT065
12,6,CT066
12,7,CT067
12,8,CT068
12,9,CT069
12,10,CT071
12,11,CT072
12,12,CT073
12,13,CT074
12,14,CT075
12,15,CT076
12,16,CT077
12,17,CT078
12,18,CT079
12,19,CT081
12,20,CT082
12,21,CT083
12,22,CT084
12,23,CT085
12,24,CT086
12,25,CT087
12,26,CT088
12,27,CT089
12,28,CT091
12,29,CT092
12,30,CT093
12,31,CT094
12,32,CT095
12,33,CT096
12,34,CT097
12,35,CT098
12,36,CT099
12,37,CT101
12,38,CT102
12,39,CT103
12,40,CT104
12,41,CT105
12,42,CT106
12,43,CT107
12,44,CT108
12,45,CT109
12,46,CT111
13,-48,CU006
13,-47,CU007
13,-46,CU008
13,-45,CU009
13,-44,CU011
13,-43,CU012
13,-42,CU013
13,-41,CU014
13,-40,CU015
13,-39,CU016
13,-38,CU017
13,-37,CU018
13,-36,CU019
13,-35,CU021
13,-34,CU022
13,-33,CU023
13,-32,CU024
13,-31,CU025
13,-30,CU026
13,-29,CU027
13,-28,CU028
13,-27,CU029
13,-26,CU031
13,-25,CU032
13,-24,CU033
13,-23,CU034
13,-22,CU035
13,-21,CU036
13,-20,CU037
13,-19,CU038
13,-18,CU039
13,-17,CU041
13,-16,CU042
13,-15,CU043
13,-14,CU044
13,-13,CU045
13,-12,CU046
13,-11,CU047
13,-10,CU048
13,-9,CU049
13,-8,CU051
13,-7,CU052
13,-6,CU053
13,-5,CU054
13,-4,CU055
13,-3,CU056
13,-2,CU057
13,-1,CU058
13,0,CU059
13,1,CU061
13,2,CU062
13,3,CU063
13,4,CU064
13,5,CU065
13,6,CU066
13,7,CU067
13,8,CU068
13,9,CU069
13,10,CU071
13,11,CU072
13,12,CU073
13,13,CU074
13,14,CU075
13,15,CU076
13,16,CU077
13,17,CU078
13,18,CU079
13,19,CU081
13,20,CU082
13,21,CU083
13,22,CU084
13,23,CU085
13,24,CU086
13,25,CU087
13,26,CU088
13,27,CU089
13,28,CU091
13,29,CU092
13,30,CU093
13,31,CU094
13,32,CU095
13,33,CU096
13,34,CU097
13,35,CU098
13,36,CU099
13,37,CU101
13,38,CU102
13,39,CU103
13,40,CU104
13,41,CU105
13,42,CU106
13,43,CU107
13,44,CU108
13,45,CU109
13,46,CU111
14,-48,CV006
14,-47,CV007
14,-46,CV008
14,-45,CV009
14,-44,CV011
14,-43,CV012
14,-42,CV013
14,-41,CV014
14,-40,CV015
14,-39,CV016
14,-38,CV017
14,-37,CV018
14,-36,CV019
14,-35,CV021
14,-34,CV022
14,-33,CV023
14,-32,CV024
14,-31,CV025
14,-30,CV026
14,-29,CV027
14,-28,CV028
14,-27,CV029
14,-26,CV031
14,-25,CV032
14,-24,CV033
14,-23,CV034
14,-22,CV035
14,-21,CV036
14,-20,CV037
14,-19,CV038
14,-18,CV039
14,-17,CV041
14,-16,CV042
14,-15,CV043
14,-14,CV044
14,-13,CV045
14,-12,CV046
14,-11,CV047
14,-10,CV048
14,-9,CV049
14,-8,CV051
14,-7,CV052
14,-6,CV053
14,-5,CV054
14,-4,CV055
14,-3,CV056
14,-2,CV057
14,-1,CV058
14,0,CV059
14,1,CV061
14,2,CV062
14,3,CV063
14,4,CV064
14,5,CV065
14,6,CV066
14,7,CV067
14,8,CV068
14,9,CV069
14,10,CV071
14,11,CV072
14,12,CV073
14,13,CV074
14,14,CV075
14,15,CV076
14,16,CV077
14,17,CV078
14,18,CV079
14,19,CV081
14,20,CV082
14,21,CV083
14,22,CV084
14,23,CV085
14,24,CV086
14,25,CV087
14,26,CV088
14,27,CV089
14,28,CV091
14,29,CV092
14,30,CV093
14,31,CV094
14,32,CV095
14,33,CV096
14,34,CV097
14,35,CV098
14,36,CV099
14,37,CV101
14,38,CV102
14,39,CV103
14,40,CV104
14,41,CV105
14,42,CV106
14,43,CV107
14,44,CV108
14,45,CV109
14,46,CV111
15,-48,CW006
15,-47,CW007
15,-46,CW008
15,-45,CW009
15,-44,CW011
15,-43,CW012
15,-42,CW013
15,-41,CW014
15,-40,CW015
15,-39,CW016
15,-38,CW017
15,-37,CW018
15,-36,CW019
15,-35,CW021
15,-34,CW022
15,-33,CW023
15,-32,CW024
15,-31,CW025
15,-30,CW026
15,-29,CW027
15,-28,CW028
15,-27,CW029
15,-26,CW031
15,-25,CW032
15,-24,CW033
15,-23,CW034
15,-22,CW035
15,-21,CW036
15,-20,CW037
15,-19,CW038
15,-18,CW039
15,-17,CW041
15,-16,CW042
15,-15,CW043
15,-14,CW044
15,-13,CW045
15,-12,CW046
15,-11,CW047
15,-10,CW048
15,-9,CW049
15,-8,CW051
15,-7,CW052
15,-6,CW053
15,-5,CW054
15,-4,CW055
15,-3,CW056
15,-2,CW057
15,-1,CW058
15,0,CW059
15,1,CW061
15,2,CW062
15,3,CW063
15,4,CW064
15,5,CW065
15,6,CW066
15,7,CW067
15,8,CW068
15,9,CW069
15,10,CW071
15,11,CW072
15,12,CW073
15,13,CW074
15,14,CW075
15,15,CW076
15,16,CW077
15,17,CW078
15,18,CW079
15,19,CW081
15,20,CW082
15,21,CW083
15,22,CW084
15,23,CW085
15,24,CW086
15,25,CW087
15,26,CW088
15,27,CW089
15,28,CW091
15,29,CW092
15,30,CW093
15,31,CW094
15,32,CW095
15,33,CW096
15,34,CW097
15,35,CW098
15,36,CW099
15,37,CW101
15,38,CW102
15,39,CW103
15,40,CW104
15,41,CW105
15,42,CW106
15,43,CW107
15,44,CW108
15,45,CW109
15,46,CW111
16,-48,CX006
16,-47,CX007
16,-46,CX008
16,-45,CX009
16,-44,CX011
16,-43,CX012
16,-42,CX013
16,-41,CX014
16,-40,CX015
16,-39,CX016
16,-38,CX017
16,-37,CX018
16,-36,CX019
16,-35,CX021
16,-34,CX022
16,-33,CX023
16,-32,CX024
16,-31,CX025
16,-30,CX026
16,-29,CX027
16,-28,CX028
16,-27,CX029
16,-26,CX031
16,-25,CX032
16,-24,CX033
16,-23,CX034
16,-22,CX035
16,-21,CX036
16,-20,CX037
16,-19,CX038
16,-18,CX039
16,-17,CX041
16,-16,CX042
16,-15,CX043
16,-14,CX044
16,-13,CX045
16,-12,CX046
16,-11,CX047
16,-10,CX048
16,-9,CX049
16,-8,CX051
16,-7,CX052
16,-6,CX053
16,-5,CX054
16,-4,CX055
16,-3,CX056
16,-2,CX057
16,-1,CX058
16,0,CX059
16,1,CX061
16,2,CX062
16,3,CX063
16,4,CX064
16,5,CX065
16,6,CX066
16,7,CX067
16,8,CX068
16,9,CX069
16,10,CX071
16,11,CX072
16,12,CX073
16,13,CX074
16,14,CX075
16,15,CX076
16,16,CX077
16,17,CX078
16,18,CX079
16,19,CX081
16,20,CX082
16,21,CX083
16,22,CX084
16,23,CX085
16,24,CX086
16,25,CX087
16,26,CX088
16,27,CX089
16,28,CX091
16,29,CX092
16,30,CX093
16,31,CX094
16,32,CX095
16,33,CX096
16,34,CX097
16,35,CX098
16,36,CX099
16,37,CX101
16,38,CX102
16,39,CX103
16,40,CX104
16,41,CX105
16,42,CX106
16,43,CX107
16,44,CX108
16,45,CX109
16,46,CX111
17,-48,CY006
17,-47,CY007
17,-46,CY008
17,-45,CY009
17,-44,CY011
17,-43,CY012
17,-42,CY013
17,-41,CY014
17,-40,CY015
17,-39,CY016
17,-38,CY017
17,-37,CY018
17,-36,CY019
17,-35,CY021
17,-34,CY022
17,-33,CY023
17,-32,CY024
17,-31,CY025
17,-30,CY026
17,-29,CY027
17,-28,CY028
17,-27,CY029
17,-26,CY031
17,-25,CY032
17,-24,CY033
17,-23,CY034
17,-22,CY035
17,-21,CY036
17,-20,CY037
17,-19,CY038
17,-18,CY039
17,-17,CY041
17,-16,CY042
17,-15,CY043
17,-14,CY044
17,-13,CY045
17,-12,CY046
17,-11,CY047
17,-10,CY048
17,-9,CY049
17,-8,CY051
17,-7,CY052
17,-6,CY053
17,-5,CY054
17,-4,CY055
17,-3,CY056
17,-2,CY057
17,-1,CY058
17,0,CY059
17,1,CY061
17,2,CY062
17,3,CY063
17,4,CY064
17,5,CY065
17,6,CY066
17,7,CY067
17,8,CY068
17,9,CY069
17,10,CY071
17,11,CY072
17,12,CY073
17,13,CY074
17,14,CY075
17,15,CY076
17,16,CY077
17,17,CY078
17,18,CY079
17,19,CY081
17,20,CY082
17,21,CY083
17,22,CY084
17,23,CY085
17,24,CY086
17,25,CY087
17,26,CY088
17,27,CY089
17,28,CY091
17,29,CY092
17,30,CY093
17,31,CY094
17,32,CY095
17,33,CY096
17,34,CY097
17,35,CY098
17,36,CY099
17,37,CY101
17,38,CY102
17,39,CY103
17,40,CY104
17,41,CY105
17,42,CY106
17,43,CY107
17,44,CY108
17,45,CY109
17,46,CY111
18,-48,CZ006
18,-47,CZ007
18,-46,CZ008
18,-45,CZ009
18,-44,CZ011
18,-43,CZ012
18,-42,CZ013
18,-41,CZ014
18,-40,CZ015
18,-39,CZ016
18,-38,CZ017
18,-37,CZ018
18,-36,CZ019
18,-35,CZ021
18,-34,CZ022
18,-33,CZ023
18,-32,CZ024
18,-31,CZ025
18,-30,CZ026
18,-29,CZ027
18,-28,CZ028
18,-27,CZ029
18,-26,CZ031
18,-25,CZ032
18,-24,CZ033
18,-23,CZ034
18,-22,CZ035
18,-21,CZ036
18,-20,CZ037
18,-19,CZ038
18,-18,CZ039
18,-17,CZ041
18,-16,CZ042
18,-15,CZ043
18,-14,CZ044
18,-13,CZ045
18,-12,CZ046
18,-11,CZ047
18,-10,CZ048
18,-9,CZ049
18,-8,CZ051
18,-7,CZ052
18,-6,CZ053
18,-5,CZ054
18,-4,CZ055
18,-3,CZ056
18,-2,CZ057
18,-1,CZ058
18,0,CZ059
18,1,CZ061
18,2,CZ062
18,3,CZ063
18,4,CZ064
18,5,CZ065
18,6,CZ066
18,7,CZ067
18,8,CZ068
18,9,CZ069
18,10,CZ071
18,11,CZ072
18,12,CZ073
18,13,CZ074
18,14,CZ075
18,15,CZ076
18,16,CZ077
18,17,CZ078
18,18,CZ079
18,19,CZ081
18,20,CZ082
18,21,CZ083
18,22,CZ084
18,23,CZ085
18,24,CZ086
18,25,CZ087
18,26,CZ088
18,27,CZ089
18,28,CZ091
18,29,CZ092
18,30,CZ093
18,31,CZ094
18,32,CZ095
18,33,CZ096
18,34,CZ097
18,35,CZ098
18,36,CZ099
18,37,CZ101
18,38,CZ102
18,39,CZ103
18,40,CZ104
18,41,CZ105
18,42,CZ106
18,43,CZ107
18,44,CZ108
18,45,CZ109
18,46,CZ111
19,-48,DA006
19,-47,DA007
19,-46,DA008
19,-45,DA009
19,-44,DA011
19,-43,DA012
19,-42,DA013
19,-41,DA014
19,-40,DA015
19,-39,DA016
19,-38,DA017
19,-37,DA018
19,-36,DA019
19,-35,DA021
19,-34,DA022
19,-33,DA023
19,-32,DA024
19,-31,DA025
19,-30,DA026
19,-29,DA027
19,-28,DA028
19,-27,DA029
19,-26,DA031
19,-25,DA032
19,-24,DA033
19,-23,DA034
19,-22,DA035
19,-21,DA036
19,-20,DA037
19,-19,DA038
19,-18,DA039
19,-17,DA041
19,-16,DA042
19,-15,DA043
19,-14,DA044
19,-13,DA045
19,-12,DA046
19,-11,DA047
19,-10,DA048
19,-9,DA049
19,-8,DA051
19,-7,DA052
19,-6,DA053
19,-5,DA054
19,-4,DA055
19,-3,DA056
19,-2,DA057
19,-1,DA058
19,0,DA059
19,1,DA061
19,2,DA062
19,3,DA063
19,4,DA064
19,5,DA065
19,6,DA066
19,7,DA067
19,8,DA068
19,9,DA069
19,10,DA071
19,11,DA072
19,12,DA073
19,13,DA074
19,14,DA075
19,15,DA076
19,16,DA077
19,17,DA078
19,18,DA079
19,19,DA081
19,20,DA082
19,21,DA083
19,22,DA084
19,23,DA085
19,24,DA086
19,25,DA087
19,26,DA088
19,27,DA089
19,28,DA091
19,29,DA092
19,30,DA093
19,31,DA094
19,32,DA095
19,33,DA096
19,34,DA097
19,35,DA098
19,36,DA099
19,37,DA101
19,38,DA102
19,39,DA103
19,40,DA104
19,41,DA105
19,42,DA106
19,43,DA107
19,44,DA108
19,45,DA109
19,46,DA111
20,-48,DB006
20,-47,DB007
20,-46,DB008
20,-45,DB009
20,-44,DB011
20,-43,DB012
20,-42,DB013
20,-41,DB014
20,-40,DB015
20,-39,DB016
20,-38,DB017
20,-37,DB018
20,-36,DB019
20,-35,DB021
20,-34,DB022
20,-33,DB023
20,-32,DB024
20,-31,DB025
20,-30,DB026
20,-29,DB027
20,-28,DB028
20,-27,DB029
20,-26,DB031
20,-25,DB032
20,-24,DB033
20,-23,DB034
20,-22,DB035
20,-21,DB036
20,-20,DB037
20,-19,DB038
20,-18,DB039
20,-17,DB041
20,-16,DB042
20,-15,DB043
20,-14,DB044
20,-13,DB045
20,-12,DB046
20,-11,DB047
20,-10,DB048
20,-9,DB049
20,-8,DB051
20,-7,DB052
20,-6,DB053
20,-5,DB054
20,-4,DB055
20,-3,DB056
20,-2,DB057
20,-1,DB058
20,0,DB059
20,1,DB061
20,2,DB062
20,3,DB063
20,4,DB064
20,5,DB065
20,6,DB066
20,7,DB067
20,8,DB068
20,9,DB069
20,10,DB071
20,11,DB072
20,12,DB073
20,13,DB074
20,14,DB075
20,15,DB076
20,16,DB077
20,17,DB078
20,18,DB079
20,19,DB081
20,20,DB082
20,21,DB083
20,22,DB084
20,23,DB085
20,24,DB086
20,25,DB087
20,26,DB088
20,27,DB089
20,28,DB091
20,29,DB092
20,30,DB093
20,31,DB094
20,32,DB095
20,33,DB096
20,34,DB097
20,35,DB098
20,36,DB099
20,37,DB101
20,38,DB102
20,39,DB103
20,40,DB104
20,41,DB105
20,42,DB106
20,43,DB107
20,44,DB108
20,45,DB109
20,46,DB111
21,-48,DC006
21,-47,DC007
21,-46,DC008
21,-45,DC009
21,-44,DC011
21,-43,DC012
21,-42,DC013
21,-41,DC014
21,-40,DC015
21,-39,DC016
21,-38,DC017
21,-37,DC018
21,-36,DC019
21,-35,DC021
21,-34,DC022
21,-33,DC023
21,-32,DC024
21,-31,DC025
21,-30,DC026
21,-29,DC027
21,-28,DC028
21,-27,DC029
21,-26,DC031
21,-25,DC032
21,-24,DC033
21,-23,DC034
21,-22,DC035
21,-21,DC036
21,-20,DC037
21,-19,DC038
21,-18,DC039
21,-17,DC041
21,-16,DC042
21,-15,DC043
21,-14,DC044
21,-13,DC045
21,-12,DC046
21,-11,DC047
21,-10,DC048
21,-9,DC049
21,-8,DC051
21,-7,DC052
21,-6,DC053
21,-5,DC054
21,-4,DC055
21,-3,DC056
21,-2,DC057
21,-1,DC058
21,0,DC059
21,1,DC061
21,2,DC062
21,3,DC063
21,4,DC064
21,5,DC065
21,6,DC066
21,7,DC067
21,8,DC068
21,9,DC069
21,10,DC071
21,11,DC072
21,12,DC073
21,13,DC074
21,14,DC075
21,15,DC076
21,16,DC077
21,17,DC078
21,18,DC079
21,19,DC081
21,20,DC082
21,21,DC083
21,22,DC084
21,23,DC085
21,24,DC086
21,25,DC087
21,26,DC088
21,27,DC089
21,28,DC091
21,29,DC092
21,30,DC093
21,31,DC094
21,32,DC095
21,33,DC096
21,34,DC097
21,35,DC098
21,36,DC099
21,37,DC101
21,38,DC102
21,39,DC103
21,40,DC104
21,41,DC105
21,42,DC106
21,43,DC107
21,44,DC108
21,45,DC109
21,46,DC111
22,-48,DD006
22,-47,DD007
22,-46,DD008
22,-45,DD009
22,-44,DD011
22,-43,DD012
22,-42,DD013
22,-41,DD014
22,-40,DD015
22,-39,DD016
22,-38,DD017
22,-37,DD018
22,-36,DD019
22,-35,DD021
22,-34,DD022
22,-33,DD023
22,-32,DD024
22,-31,DD025
22,-30,DD026
22,-29,DD027
22,-28,DD028
22,-27,DD029
22,-26,DD031
22,-25,DD032
22,-24,DD033
22,-23,DD034
22,-22,DD035
22,-21,DD036
22,-20,DD037
22,-19,DD038
22,-18,DD039
22,-17,DD041
22,-16,DD042
22,-15,DD043
22,-14,DD044
22,-13,DD045
22,-12,DD046
22,-11,DD047
22,-10,DD048
22,-9,DD049
22,-8,DD051
22,-7,DD052
22,-6,DD053
22,-5,DD054
22,-4,DD055
22,-3,DD056
22,-2,DD057
22,-1,DD058
22,0,DD059
22,1,DD061
22,2,DD062
22,3,DD063
22,4,DD064
22,5,DD065
22,6,DD066
22,7,DD067
22,8,DD068
22,9,DD069
22,10,DD071
22,11,DD072
22,12,DD073
22,13,DD074
22,14,DD075
22,15,DD076
22,16,DD077
22,17,DD078
22,18,DD079
22,19,DD081
22,20,DD082
22,21,DD083
22,22,DD084
22,23,DD085
22,24,DD086
22,25,DD087
22,26,DD088
22,27,DD089
22,28,DD091
22,29,DD092
22,30,DD093
22,31,DD094
22,32,DD095
22,33,DD096
22,34,DD097
22,35,DD098
22,36,DD099
22,37,DD101
22,38,DD102
22,39,DD103
22,40,DD104
22,41,DD105
22,42,DD106
22,43,DD107
22,44,DD108
22,45,DD109
22,46,DD111
23,-48,DE006
23,-47,DE007
23,-46,DE008
23,-45,DE009
23,-44,DE011
23,-43,DE012
23,-42,DE013
23,-41,DE014
23,-40,DE015
23,-39,DE016
23,-38,DE017
23,-37,DE018
23,-36,DE019
23,-35,DE021
23,-34,DE022
23,-33,DE023
23,-32,DE024
23,-31,DE025
23,-30,DE026
23,-29,DE027
23,-28,DE028
23,-27,DE029
23,-26,DE031
23,-25,DE032
23,-24,DE033
23,-23,DE034
23,-22,DE035
23,-21,DE036
23,-20,DE037
23,-19,DE038
23,-18,DE039
23,-17,DE041
23,-16,DE042
23,-15,DE043
23,-14,DE044
23,-13,DE045
23,-12,DE046
23,-11,DE047
23,-10,DE048
23,-9,DE049
23,-8,DE051
23,-7,DE052
23,-6,DE053
23,-5,DE054
23,-4,DE055
23,-3,DE056
23,-2,DE057
23,-1,DE058
23,0,DE059
23,1,DE061
23,2,DE062
23,3,DE063
23,4,DE064
23,5,DE065
23,6,DE066
23,7,DE067
23,8,DE068
23,9,DE069
23,10,DE071
23,11,DE072
23,12,DE073
23,13,DE074
23,14,DE075
23,15,DE076
23,16,DE077
23,17,DE078
23,18,DE079
23,19,DE081
23,20,DE082
23,21,DE083
23,22,DE084
23,23,DE085
23,24,DE086
23,25,DE087
23,26,DE088
23,27,DE089
23,28,DE091
23,29,DE092
23,30,DE093
23,31,DE094
23,32,DE095
23,33,DE096
23,34,DE097
23,35,DE098
23,36,DE099
23,37,DE101
23,38,DE102
23,39,DE103
23,40,DE104
23,41,DE105
23,42,DE106
23,43,DE107
23,44,DE108
23,45,DE109
23,46,DE111
24,-48,DF006
24,-47,DF007
24,-46,DF008
24,-45,DF009
24,-44,DF011
24,-43,DF012
24,-42,DF013
24,-41,DF014
24,-40,DF015
24,-39,DF016
24,-38,DF017
24,-37,DF018
24,-36,DF019
24,-35,DF021
24,-34,DF022
24,-33,DF023
24,-32,DF024
24,-31,DF025
24,-30,DF026
24,-29,DF027
24,-28,DF028
24,-27,DF029
24,-26,DF031
24,-25,DF032
24,-24,DF033
24,-23,DF034
24,-22,DF035
24,-21,DF036
24,-20,DF037
24,-19,DF038
24,-18,DF039
24,-17,DF041
24,-16,DF042
24,-15,DF043
24,-14,DF044
24,-13,DF045
24,-12,DF046
24,-11,DF047
24,-10,DF048
24,-9,DF049
24,-8,DF051
24,-7,DF052
24,-6,DF053
24,-5,DF054
24,-4,DF055
24,-3,DF056
24,-2,DF057
24,-1,DF058
24,0,DF059
24,1,DF061
24,2,DF062
24,3,DF063
24,4,DF064
24,5,DF065
24,6,DF066
24,7,DF067
24,8,DF068
24,9,DF069
24,10,DF071
24,11,DF072
24,12,DF073
24,13,DF074
24,14,DF075
24,15,DF076
24,16,DF077
24,17,DF078
24,18,DF079
24,19,DF081
24,20,DF082
24,21,DF083
24,22,DF084
24,23,DF085
24,24,DF086
24,25,DF087
24,26,DF088
24,27,DF089
24,28,DF091
24,29,DF092
24,30,DF093
24,31,DF094
24,32,DF095
24,33,DF096
24,34,DF097
24,35,DF098
24,36,DF099
24,37,DF101
24,38,DF102
24,39,DF103
24,40,DF104
24,41,DF105
24,42,DF106
24,43,DF107
24,44,DF108
24,45,DF109
24,46,DF111
25,-43,DG012
25,-42,DG013
25,-41,DG014
25,-40,DG015
25,-39,DG016
25,-38,DG017
25,-37,DG018
25,-36,DG019
25,-35,DG021
25,-34,DG022
25,-33,DG023
25,-32,DG024
25,-31,DG025
25,-30,DG026
25,-29,DG027
25,-28,DG028
25,-27,DG029
25,-26,DG031
25,-25,DG032
25,-24,DG033
25,-23,DG034
25,-22,DG035
25,-21,DG036
25,-20,DG037
25,-19,DG038
25,-18,DG039
25,-17,DG041
25,-16,DG042
25,-15,DG043
25,-14,DG044
25,-13,DG045
25,-12,DG046
25,-11,DG047
25,-10,DG048
25,-9,DG049
25,-8,DG051
25,-7,DG052
25,-6,DG053
25,-5,DG054
25,-4,DG055
25,-3,DG056
25,-2,DG057
25,-1,DG058
25,0,DG059
25,1,DG061
25,2,DG062
25,3,DG063
25,4,DG064
25,5,DG065
25,6,DG066
25,7,DG067
25,8,DG068
25,9,DG069
25,10,DG071
25,11,DG072
25,12,DG073
25,13,DG074
25,14,DG075
25,15,DG076
25,16,DG077
25,17,DG078
25,18,DG079
25,19,DG081
25,20,DG082
25,21,DG083
25,22,DG084
25,23,DG085
25,24,DG086
25,25,DG087
25,26,DG088
25,27,DG089
25,28,DG091
25,29,DG092
25,30,DG093
25,31,DG094
25,32,DG095
25,33,DG096
25,34,DG097
25,35,DG098
25,36,DG099
25,37,DG101
25,38,DG102
25,39,DG103
25,40,DG104
25,41,DG105
26,-43,DH012
26,-42,DH013
26,-41,DH014
26,-40,DH015
26,-39,DH016
26,-38,DH017
26,-37,DH018
26,-36,DH019
26,-35,DH021
26,-34,DH022
26,-33,DH023
26,-32,DH024
26,-31,DH025
26,-30,DH026
26,-29,DH027
26,-28,DH028
26,-27,DH029
26,-26,DH031
26,-25,DH032
26,-24,DH033
26,-23,DH034
26,-22,DH035
26,-21,DH036
26,-20,DH037
26,-19,DH038
26,-18,DH039
26,-17,DH041
26,-16,DH042
26,-15,DH043
26,-14,DH044
26,-13,DH045
26,-12,DH046
26,-11,DH047
26,-10,DH048
26,-9,DH049
26,-8,DH051
26,-7,DH052
26,-6,DH053
26,-5,DH054
26,-4,DH055
26,-3,DH056
26,-2,DH057
26,-1,DH058
26,0,DH059
26,1,DH061
26,2,DH062
26,3,DH063
26,4,DH064
26,5,DH065
26,6,DH066
26,7,DH067
26,8,DH068
26,9,DH069
26,10,DH071
26,11,DH072
26,12,DH073
26,13,DH074
26,14,DH075
26,15,DH076
26,16,DH077
26,17,DH078
26,18,DH079
26,19,DH081
26,20,DH082
26,21,DH083
26,22,DH084
26,23,DH085
26,24,DH086
26,25,DH087
26,26,DH088
26,27,DH089
26,28,DH091
26,29,DH092
26,30,DH093
26,31,DH094
26,32,DH095
26,33,DH096
26,34,DH097
26,35,DH098
26,36,DH099
26,37,DH101
26,38,DH102
26,39,DH103
26,40,DH104
26,41,DH105
27,-43,DJ012
27,-42,DJ013
27,-41,DJ014
27,-40,DJ015
27,-39,DJ016
27,-38,DJ017
27,-37,DJ018
27,-36,DJ019
27,-35,DJ021
27,-34,DJ022
27,-33,DJ023
27,-32,DJ024
27,-31,DJ025
27,-30,DJ026
27,-29,DJ027
27,-28,DJ028
27,-27,DJ029
27,-26,DJ031
27,-25,DJ032
27,-24,DJ033
27,-23,DJ034
27,-22,DJ035
27,-21,DJ036
27,-20,DJ037
27,-19,DJ038
27,-18,DJ039
27,-17,DJ041
27,-16,DJ042
27,-15,DJ043
27,-14,DJ044
27,-13,DJ045
27,-12,DJ046
27,-11,DJ047
27,-10,DJ048
27,-9,DJ049
27,-8,DJ051
27,-7,DJ052
27,-6,DJ053
27,-5,DJ054
27,-4,DJ055
27,-3,DJ056
27,-2,DJ057
27,-1,DJ058
27,0,DJ059
27,1,DJ061
27,2,DJ062
27,3,DJ063
27,4,DJ064
27,5,DJ065
27,6,DJ066
27,7,DJ067
27,8,DJ068
27,9,DJ069
27,10,DJ071
27,11,DJ072
27,12,DJ073
27,13,DJ074
27,14,DJ075
27,15,DJ076
27,16,DJ077
27,17,DJ078
27,18,DJ079
27,19,DJ081
27,20,DJ082
27,21,DJ083
27,22,DJ084
27,23,DJ085
27,24,DJ086
27,25,DJ087
27,26,DJ088
27,27,DJ089
27,28,DJ091
27,29,DJ092
27,30,DJ093
27,31,DJ094
27,32,DJ095
27,33,DJ096
27,34,DJ097
27,35,DJ098
27,36,DJ099
27,37,DJ101
27,38,DJ102
27,39,DJ103
27,40,DJ104
27,41,DJ105
28,-43,DK012
28,-42,DK013
28,-41,DK014
28,-40,DK015
28,-39,DK016
28,-38,DK017
28,-37,DK018
28,-36,DK019
28,-35,DK021
28,-34,DK022
28,-33,DK023
28,-32,DK024
28,-31,DK025
28,-30,DK026
28,-29,DK027
28,-28,DK028
28,-27,DK029
28,-26,DK031
28,-25,DK032
28,-24,DK033
28,-23,DK034
28,-22,DK035
28,-21,DK036
28,-20,DK037
28,-19,DK038
28,-18,DK039
28,-17,DK041
28,-16,DK042
28,-15,DK043
28,-14,DK044
28,-13,DK045
28,-12,DK046
28,-11,DK047
28,-10,DK048
28,-9,DK049
28,-8,DK051
28,-7,DK052
28,-6,DK053
28,-5,DK054
28,-4,DK055
28,-3,DK056
28,-2,DK057
28,-1,DK058
28,0,DK059
28,1,DK061
28,2,DK062
28,3,DK063
28,4,DK064
28,5,DK065
28,6,DK066
28,7,DK067
28,8,DK068
28,9,DK069
28,10,DK071
28,11,DK072
28,12,DK073
28,13,DK074
28,14,DK075
28,15,DK076
28,16,DK077
28,17,DK078
28,18,DK079
28,19,DK081
28,20,DK082
28,21,DK083
28,22,DK084
28,23,DK085
28,24,DK086
28,25,DK087
28,26,DK088
28,27,DK089
28,28,DK091
28,29,DK092
28,30,DK093
28,31,DK094
28,32,DK095
28,33,DK096
28,34,DK097
28,35,DK098
28,36,DK099
28,37,DK101
28,38,DK102
28,39,DK103
28,40,DK104
28,41,DK105
29,-43,DL012
29,-42,DL013
29,-41,DL014
29,-40,DL015
29,-39,DL016
29,-38,DL017
29,-37,DL018
29,-36,DL019
29,-35,DL021
29,-34,DL022
29,-33,DL023
29,-32,DL024
29,-31,DL025
29,-30,DL026
29,-29,DL027
29,-28,DL028
29,-27,DL029
29,-26,DL031
29,-25,DL032
29,-24,DL033
29,-23,DL034
29,-22,DL035
29,-21,DL036
29,-20,DL037
29,-19,DL038
29,-18,DL039
29,-17,DL041
29,-16,DL042
29,-15,DL043
29,-14,DL044
29,-13,DL045
29,-12,DL046
29,-11,DL047
29,-10,DL048
29,-9,DL049
29,-8,DL051
29,-7,DL052
29,-6,DL053
29,-5,DL054
29,-4,DL055
29,-3,DL056
29,-2,DL057
29,-1,DL058
29,0,DL059
29,1,DL061
29,2,DL062
29,3,DL063
29,4,DL064
29,5,DL065
29,6,DL066
29,7,DL067
29,8,DL068
29,9,DL069
29,10,DL071
29,11,DL072
29,12,DL073
29,13,DL074
29,14,DL075
29,15,DL076
29,16,DL077
29,17,DL078
29,18,DL079
29,19,DL081
29,20,DL082
29,21,DL083
29,22,DL084
29,23,DL085
29,24,DL086
29,25,DL087
29,26,DL088
29,27,DL089
29,28,DL091
29,29,DL092
29,30,DL093
29,31,DL094
29,32,DL095
29,33,DL096
29,34,DL097
29,35,DL098
29,36,DL099
29,37,DL101
29,38,DL102
29,39,DL103
29,40,DL104
29,41,DL105
30,-43,DM012
30,-42,DM013
30,-41,DM014
30,-40,DM015
30,-39,DM016
30,-38,DM017
30,-37,DM018
30,-36,DM019
30,-35,DM021
30,-34,DM022
30,-33,DM023
30,-32,DM024
30,-31,DM025
30,-30,DM026
30,-29,DM027
30,-28,DM028
30,-27,DM029
30,-26,DM031
30,-25,DM032
30,-24,DM033
30,-23,DM034
30,-22,DM035
30,-21,DM036
30,-20,DM037
30,-19,DM038
30,-18,DM039
30,-17,DM041
30,-16,DM042
30,-15,DM043
30,-14,DM044
30,-13,DM045
30,-12,DM046
30,-11,DM047
30,-10,DM048
30,-9,DM049
30,-8,DM051
30,-7,DM052
30,-6,DM053
30,-5,DM054
30,-4,DM055
30,-3,DM056
30,-2,DM057
30,-1,DM058
30,0,DM059
30,1,DM061
30,2,DM062
30,3,DM063
30,4,DM064
30,5,DM065
30,6,DM066
30,7,DM067
30,8,DM068
30,9,DM069
30,10,DM071
30,11,DM072
30,12,DM073
30,13,DM074
30,14,DM075
30,15,DM076
30,16,DM077
30,17,DM078
30,18,DM079
30,19,DM081
30,20,DM082
30,21,DM083
30,22,DM084
30,23,DM085
30,24,DM086
30,25,DM087
30,26,DM088
30,27,DM089
30,28,DM091
30,29,DM092
30,30,DM093
30,31,DM094
30,32,DM095
30,33,DM096
30,34,DM097
30,35,DM098
30,36,DM099
30,37,DM101
30,38,DM102
30,39,DM103
30,40,DM104
30,41,DM105
31,-43,DN012
31,-42,DN013
31,-41,DN014
31,-40,DN015
31,-39,DN016
31,-38,DN017
31,-37,DN018
31,-36,DN019
31,-35,DN021
31,-34,DN022
31,-33,DN023
31,-32,DN024
31,-31,DN025
31,-30,DN026
31,-29,DN027
31,-28,DN028
31,-27,DN029
31,-26,DN031
31,-25,DN032
31,-24,DN033
31,-23,DN034
31,-22,DN035
31,-21,DN036
31,-20,DN037
31,-19,DN038
31,-18,DN039
31,-17,DN041
31,-16,DN042
31,-15,DN043
31,-14,DN044
31,-13,DN045
31,-12,DN046
31,-11,DN047
31,-10,DN048
31,-9,DN049
31,-8,DN051
31,-7,DN052
31,-6,DN053
31,-5,DN054
31,-4,DN055
31,-3,DN056
31,-2,DN057
31,-1,DN058
31,0,DN059
31,1,DN061
31,2,DN062
31,3,DN063
31,4,DN064
31,5,DN065
31,6,DN066
31,7,DN067
31,8,DN068
31,9,DN069
31,10,DN071
31,11,DN072
31,12,DN073
31,13,DN074
31,14,DN075
31,15,DN076
31,16,DN077
31,17,DN078
31,18,DN079
31,19,DN081
31,20,DN082
31,21,DN083
31,22,DN084
31,23,DN085
31,24,DN086
31,25,DN087
31,26,DN088
31,27,DN089
31,28,DN091
31,29,DN092
31,30,DN093
31,31,DN094
31,32,DN095
31,33,DN096
31,34,DN097
31,35,DN098
31,36,DN099
31,37,DN101
31,38,DN102
31,39,DN103
31,40,DN104
31,41,DN105
32,-43,DP012
32,-42,DP013
32,-41,DP014
32,-40,DP015
32,-39,DP016
32,-38,DP017
32,-37,DP018
32,-36,DP019
32,-35,DP021
32,-34,DP022
32,-33,DP023
32,-32,DP024
32,-31,DP025
32,-30,DP026
32,-29,DP027
32,-28,DP028
32,-27,DP029
32,-26,DP031
32,-25,DP032
32,-24,DP033
32,-23,DP034
32,-22,DP035
32,-21,DP036
32,-20,DP037
32,-19,DP038
32,-18,DP039
32,-17,DP041
32,-16,DP042
32,-15,DP043
32,-14,DP044
32,-13,DP045
32,-12,DP046
32,-11,DP047
32,-10,DP048
32,-9,DP049
32,-8,DP051
32,-7,DP052
32,-6,DP053
32,-5,DP054
32,-4,DP055
32,-3,DP056
32,-2,DP057
32,-1,DP058
32,0,DP059
32,1,DP061
32,2,DP062
32,3,DP063
32,4,DP064
32,5,DP065
32,6,DP066
32,7,DP067
32,8,DP068
32,9,DP069
32,10,DP071
32,11,DP072
32,12,DP073
32,13,DP074
32,14,DP075
32,15,DP076
32,16,DP077
32,17,DP078
32,18,DP079
32,19,DP081
32,20,DP082
32,21,DP083
32,22,DP084
32,23,DP085
32,24,DP086
32,25,DP087
32,26,DP088
32,27,DP089
32,28,DP091
32,29,DP092
32,30,DP093
32,31,DP094
32,32,DP095
32,33,DP096
32,34,DP097
32,35,DP098
32,36,DP099
32,37,DP101
32,38,DP102
32,39,DP103
32,40,DP104
32,41,DP105
33,-43,DR012
33,-42,DR013
33,-41,DR014
33,-40,DR015
33,-39,DR016
33,-38,DR017
33,-37,DR018
33,-36,DR019
33,-35,DR021
33,-34,DR022
33,-33,DR023
33,-32,DR024
33,-31,DR025
33,-30,DR026
33,-29,DR027
33,-28,DR028
33,-27,DR029
33,-26,DR031
33,-25,DR032
33,-24,DR033
33,-23,DR034
33,-22,DR035
33,-21,DR036
33,-20,DR037
33,-19,DR038
33,-18,DR039
33,-17,DR041
33,-16,DR042
33,-15,DR043
33,-14,DR044
33,-13,DR045
33,-12,DR046
33,-11,DR047
33,-10,DR048
33,-9,DR049
33,-8,DR051
33,-7,DR052
33,-6,DR053
33,-5,DR054
33,-4,DR055
33,-3,DR056
33,-2,DR057
33,-1,DR058
33,0,DR059
33,1,DR061
33,2,DR062
33,3,DR063
33,4,DR064
33,5,DR065
33,6,DR066
33,7,DR067
33,8,DR068
33,9,DR069
33,10,DR071
33,11,DR072
33,12,DR073
33,13,DR074
33,14,DR075
33,15,DR076
33,16,DR077
33,17,DR078
33,18,DR079
33,19,DR081
33,20,DR082
33,21,DR083
33,22,DR084
33,23,DR085
33,24,DR086
33,25,DR087
33,26,DR088
33,27,DR089
33,28,DR091
33,29,DR092
33,30,DR093
33,31,DR094
33,32,DR095
33,33,DR096
33,34,DR097
33,35,DR098
33,36,DR099
33,37,DR101
33,38,DR102
33,39,DR103
33,40,DR104
33,41,DR105
34,-43,DS012
34,-42,DS013
34,-41,DS014
34,-40,DS015
34,-39,DS016
34,-38,DS017
34,-37,DS018
34,-36,DS019
34,-35,DS021
34,-34,DS022
34,-33,DS023
34,-32,DS024
34,-31,DS025
34,-30,DS026
34,-29,DS027
34,-28,DS028
34,-27,DS029
34,-26,DS031
34,-25,DS032
34,-24,DS033
34,-23,DS034
34,-22,DS035
34,-21,DS036
34,-20,DS037
34,-19,DS038
34,-18,DS039
34,-17,DS041
34,-16,DS042
34,-15,DS043
34,-14,DS044
34,-13,DS045
34,-12,DS046
34,-11,DS047
34,-10,DS048
34,-9,DS049
34,-8,DS051
34,-7,DS052
34,-6,DS053
34,-5,DS054
34,-4,DS055
34,-3,DS056
34,-2,DS057
34,-1,DS058
34,0,DS059
34,1,DS061
34,2,DS062
34,3,DS063
34,4,DS064
34,5,DS065
34,6,DS066
34,7,DS067
34,8,DS068
34,9,DS069
34,10,DS071
34,11,DS072
34,12,DS073
34,13,DS074
34,14,DS075
34,15,DS076
34,16,DS077
34,17,DS078
34,18,DS079
34,19,DS081
34,20,DS082
34,21,DS083
34,22,DS084
34,23,DS085
34,24,DS086
34,25,DS087
34,26,DS088
34,27,DS089
34,28,DS091
34,29,DS092
34,30,DS093
34,31,DS094
34,32,DS095
34,33,DS096
34,34,DS097
34,35,DS098
34,36,DS099
34,37,DS101
34,38,DS102
34,39,DS103
34,40,DS104
34,41,DS105
35,-38,DT017
35,-37,DT018
35,-36,DT019
35,-35,DT021
35,-34,DT022
35,-33,DT023
35,-32,DT024
35,-31,DT025
35,-30,DT026
35,-29,DT027
35,-28,DT028
35,-27,DT029
35,-26,DT031
35,-25,DT032
35,-24,DT033
35,-23,DT034
35,-22,DT035
35,-21,DT036
35,-20,DT037
35,-19,DT038
35,-18,DT039
35,-17,DT041
35,-16,DT042
35,-15,DT043
35,-14,DT044
35,-13,DT045
35,-12,DT046
35,-11,DT047
35,-10,DT048
35,-9,DT049
35,-8,DT051
35,-7,DT052
35,-6,DT053
35,-5,DT054
35,-4,DT055
35,-3,DT056
35,-2,DT057
35,-1,DT058
35,0,DT059
35,1,DT061
35,2,DT062
35,3,DT063
35,4,DT064
35,5,DT065
35,6,DT066
35,7,DT067
35,8,DT068
35,9,DT069
35,10,DT071
35,11,DT072
35,12,DT073
35,13,DT074
35,14,DT075
35,15,DT076
35,16,DT077
35,17,DT078
35,18,DT079
35,19,DT081
35,20,DT082
35,21,DT083
35,22,DT084
35,23,DT085
35,24,DT086
35,25,DT087
35,26,DT088
35,27,DT089
35,28,DT091
35,29,DT092
35,30,DT093
35,31,DT094
35,32,DT095
35,33,DT096
35,34,DT097
35,35,DT098
35,36,DT099
36,-38,DU017
36,-37,DU018
36,-36,DU019
36,-35,DU021
36,-34,DU022
36,-33,DU023
36,-32,DU024
36,-31,DU025
36,-30,DU026
36,-29,DU027
36,-28,DU028
36,-27,DU029
36,-26,DU031
36,-25,DU032
36,-24,DU033
36,-23,DU034
36,-22,DU035
36,-21,DU036
36,-20,DU037
36,-19,DU038
36,-18,DU039
36,-17,DU041
36,-16,DU042
36,-15,DU043
36,-14,DU044
36,-13,DU045
36,-12,DU046
36,-11,DU047
36,-10,DU048
36,-9,DU049
36,-8,DU051
36,-7,DU052
36,-6,DU053
36,-5,DU054
36,-4,DU055
36,-3,DU056
36,-2,DU057
36,-1,DU058
36,0,DU059
36,1,DU061
36,2,DU062
36,3,DU063
36,4,DU064
36,5,DU065
36,6,DU066
36,7,DU067
36,8,DU068
36,9,DU069
36,10,DU071
36,11,DU072
36,12,DU073
36,13,DU074
36,14,DU075
36,15,DU076
36,16,DU077
36,17,DU078
36,18,DU079
36,19,DU081
36,20,DU082
36,21,DU083
36,22,DU084
36,23,DU085
36,24,DU086
36,25,DU087
36,26,DU088
36,27,DU089
36,28,DU091
36,29,DU092
36,30,DU093
36,31,DU094
36,32,DU095
36,33,DU096
36,34,DU097
36,35,DU098
36,36,DU099
37,-38,DV017
37,-37,DV018
37,-36,DV019
37,-35,DV021
37,-34,DV022
37,-33,DV023
37,-32,DV024
37,-31,DV025
37,-30,DV026
37,-29,DV027
37,-28,DV028
37,-27,DV029
37,-26,DV031
37,-25,DV032
37,-24,DV033
37,-23,DV034
37,-22,DV035
37,-21,DV036
37,-20,DV037
37,-19,DV038
37,-18,DV039
37,-17,DV041
37,-16,DV042
37,-15,DV043
37,-14,DV044
37,-13,DV045
37,-12,DV046
37,-11,DV047
37,-10,DV048
37,-9,DV049
37,-8,DV051
37,-7,DV052
37,-6,DV053
37,-5,DV054
37,-4,DV055
37,-3,DV056
37,-2,DV057
37,-1,DV058
37,0,DV059
37,1,DV061
37,2,DV062
37,3,DV063
37,4,DV064
37,5,DV065
37,6,DV066
37,7,DV067
37,8,DV068
37,9,DV069
37,10,DV071
37,11,DV072
37,12,DV073
37,13,DV074
37,14,DV075
37,15,DV076
37,16,DV077
37,17,DV078
37,18,DV079
37,19,DV081
37,20,DV082
37,21,DV083
37,22,DV084
37,23,DV085
37,24,DV086
37,25,DV087
37,26,DV088
37,27,DV089
37,28,DV091
37,29,DV092
37,30,DV093
37,31,DV094
37,32,DV095
37,33,DV096
37,34,DV097
37,35,DV098
37,36,DV099
38,-38,DW017
38,-37,DW018
38,-36,DW019
38,-35,DW021
38,-34,DW022
38,-33,DW023
38,-32,DW024
38,-31,DW025
38,-30,DW026
38,-29,DW027
38,-28,DW028
38,-27,DW029
38,-26,DW031
38,-25,DW032
38,-24,DW033
38,-23,DW034
38,-22,DW035
38,-21,DW036
38,-20,DW037
38,-19,DW038
38,-18,DW039
38,-17,DW041
38,-16,DW042
38,-15,DW043
38,-14,DW044
38,-13,DW045
38,-12,DW046
38,-11,DW047
38,-10,DW048
38,-9,DW049
38,-8,DW051
38,-7,DW052
38,-6,DW053
38,-5,DW054
38,-4,DW055
38,-3,DW056
38,-2,DW057
38,-1,DW058
38,0,DW059
38,1,DW061
38,2,DW062
38,3,DW063
38,4,DW064
38,5,DW065
38,6,DW066
38,7,DW067
38,8,DW068
38,9,DW069
38,10,DW071
38,11,DW072
38,12,DW073
38,13,DW074
38,14,DW075
38,15,DW076
38,16,DW077
38,17,DW078
38,18,DW079
38,19,DW081
38,20,DW082
38,21,DW083
38,22,DW084
38,23,DW085
38,24,DW086
38,25,DW087
38,26,DW088
38,27,DW089
38,28,DW091
38,29,DW092
38,30,DW093
38,31,DW094
38,32,DW095
38,33,DW096
38,34,DW097
38,35,DW098
38,36,DW099
39,-38,DX017
39,-37,DX018
39,-36,DX019
39,-35,DX021
39,-34,DX022
39,-33,DX023
39,-32,DX024
39,-31,DX025
39,-30,DX026
39,-29,DX027
39,-28,DX028
39,-27,DX029
39,-26,DX031
39,-25,DX032
39,-24,DX033
39,-23,DX034
39,-22,DX035
39,-21,DX036
39,-20,DX037
39,-19,DX038
39,-18,DX039
39,-17,DX041
39,-16,DX042
39,-15,DX043
39,-14,DX044
39,-13,DX045
39,-12,DX046
39,-11,DX047
39,-10,DX048
39,-9,DX049
39,-8,DX051
39,-7,DX052
39,-6,DX053
39,-5,DX054
39,-4,DX055
39,-3,DX056
39,-2,DX057
39,-1,DX058
39,0,DX059
39,1,DX061
39,2,DX062
39,3,DX063
39,4,DX064
39,5,DX065
39,6,DX066
39,7,DX067
39,8,DX068
39,9,DX069
39,10,DX071
39,11,DX072
39,12,DX073
39,13,DX074
39,14,DX075
39,15,DX076
39,16,DX077
39,17,DX078
39,18,DX079
39,19,DX081
39,20,DX082
39,21,DX083
39,22,DX084
39,23,DX085
39,24,DX086
39,25,DX087
39,26,DX088
39,27,DX089
39,28,DX091
39,29,DX092
39,30,DX093
39,31,DX094
39,32,DX095
39,33,DX096
39,34,DX097
39,35,DX098
39,36,DX099
40,-33,DY023
40,-32,DY024
40,-31,DY025
40,-30,DY026
40,-29,DY027
40,-28,DY028
40,-27,DY029
40,-26,DY031
40,-25,DY032
40,-24,DY033
40,-23,DY034
40,-22,DY035
40,-21,DY036
40,-20,DY037
40,-19,DY038
40,-18,DY039
40,-17,DY041
40,-16,DY042
40,-15,DY043
40,-14,DY044
40,-13,DY045
40,-12,DY046
40,-11,DY047
40,-10,DY048
40,-9,DY049
40,-8,DY051
40,-7,DY052
40,-6,DY053
40,-5,DY054
40,-4,DY055
40,-3,DY056
40,-2,DY057
40,-1,DY058
40,0,DY059
40,1,DY061
40,2,DY062
40,3,DY063
40,4,DY064
40,5,DY065
40,6,DY066
40,7,DY067
40,8,DY068
40,9,DY069
40,10,DY071
40,11,DY072
40,12,DY073
40,13,DY074
40,14,DY075
40,15,DY076
40,16,DY077
40,17,DY078
40,18,DY079
40,19,DY081
40,20,DY082
40,21,DY083
40,22,DY084
40,23,DY085
40,24,DY086
40,25,DY087
40,26,DY088
40,27,DY089
40,28,DY091
40,29,DY092
40,30,DY093
40,31,DY094
41,-33,DZ023
41,-32,DZ024
41,-31,DZ025
41,-30,DZ026
41,-29,DZ027
41,-28,DZ028
41,-27,DZ029
41,-26,DZ031
41,-25,DZ032
41,-24,DZ033
41,-23,DZ034
41,-22,DZ035
41,-21,DZ036
41,-20,DZ037
41,-19,DZ038
41,-18,DZ039
41,-17,DZ041
41,-16,DZ042
41,-15,DZ043
41,-14,DZ044
41,-13,DZ045
41,-12,DZ046
41,-11,DZ047
41,-10,DZ048
41,-9,DZ049
41,-8,DZ051
41,-7,DZ052
41,-6,DZ053
41,-5,DZ054
41,-4,DZ055
41,-3,DZ056
41,-2,DZ057
41,-1,DZ058
41,0,DZ059
41,1,DZ061
41,2,DZ062
41,3,DZ063
41,4,DZ064
41,5,DZ065
41,6,DZ066
41,7,DZ067
41,8,DZ068
41,9,DZ069
41,10,DZ071
41,11,DZ072
41,12,DZ073
41,13,DZ074
41,14,DZ075
41,15,DZ076
41,16,DZ077
41,17,DZ078
41,18,DZ079
41,19,DZ081
41,20,DZ082
41,21,DZ083
41,22,DZ084
41,23,DZ085
41,24,DZ086
41,25,DZ087
41,26,DZ088
41,27,DZ089
41,28,DZ091
41,29,DZ092
41,30,DZ093
41,31,DZ094
42,-33,EA023
42,-32,EA024
42,-31,EA025
42,-30,EA026
42,-29,EA027
42,-28,EA028
42,-27,EA029
42,-26,EA031
42,-25,EA032
42,-24,EA033
42,-23,EA034
42,-22,EA035
42,-21,EA036
42,-20,EA037
42,-19,EA038
42,-18,EA039
42,-17,EA041
42,-16,EA042
42,-15,EA043
42,-14,EA044
42,-13,EA045
42,-12,EA046
42,-11,EA047
42,-10,EA048
42,-9,EA049
42,-8,EA051
42,-7,EA052
42,-6,EA053
42,-5,EA054
42,-4,EA055
42,-3,EA056
42,-2,EA057
42,-1,EA058
42,0,EA059
42,1,EA061
42,2,EA062
42,3,EA063
42,4,EA064
42,5,EA065
42,6,EA066
42,7,EA067
42,8,EA068
42,9,EA069
42,10,EA071
42,11,EA072
42,12,EA073
42,13,EA074
42,14,EA075
42,15,EA076
42,16,EA077
42,17,EA078
42,18,EA079
42,19,EA081
42,20,EA082
42,21,EA083
42,22,EA084
42,23,EA085
42,24,EA086
42,25,EA087
42,26,EA088
42,27,EA089
42,28,EA091
42,29,EA092
42,30,EA093
42,31,EA094
43,-33,EB023
43,-32,EB024
43,-31,EB025
43,-30,EB026
43,-29,EB027
43,-28,EB028
43,-27,EB029
43,-26,EB031
43,-25,EB032
43,-24,EB033
43,-23,EB034
43,-22,EB035
43,-21,EB036
43,-20,EB037
43,-19,EB038
43,-18,EB039
43,-17,EB041
43,-16,EB042
43,-15,EB043
43,-14,EB044
43,-13,EB045
43,-12,EB046
43,-11,EB047
43,-10,EB048
43,-9,EB049
43,-8,EB051
43,-7,EB052
43,-6,EB053
43,-5,EB054
43,-4,EB055
43,-3,EB056
43,-2,EB057
43,-1,EB058
43,0,EB059
43,1,EB061
43,2,EB062
43,3,EB063
43,4,EB064
43,5,EB065
43,6,EB066
43,7,EB067
43,8,EB068
43,9,EB069
43,10,EB071
43,11,EB072
43,12,EB073
43,13,EB074
43,14,EB075
43,15,EB076
43,16,EB077
43,17,EB078
43,18,EB079
43,19,EB081
43,20,EB082
43,21,EB083
43,22,EB084
43,23,EB085
43,24,EB086
43,25,EB087
43,26,EB088
43,27,EB089
43,28,EB091
43,29,EB092
43,30,EB093
43,31,EB094
44,-33,EC023
44,-32,EC024
44,-31,EC025
44,-30,EC026
44,-29,EC027
44,-28,EC028
44,-27,EC029
44,-26,EC031
44,-25,EC032
44,-24,EC033
44,-23,EC034
44,-22,EC035
44,-21,EC036
44,-20,EC037
44,-19,EC038
44,-18,EC039
44,-17,EC041
44,-16,EC042
44,-15,EC043
44,-14,EC044
44,-13,EC045
44,-12,EC046
44,-11,EC047
44,-10,EC048
44,-9,EC049
44,-8,EC051
44,-7,EC052
44,-6,EC053
44,-5,EC054
44,-4,EC055
44,-3,EC056
44,-2,EC057
44,-1,EC058
44,0,EC059
44,1,EC061
44,2,EC062
44,3,EC063
44,4,EC064
44,5,EC065
44,6,EC066
44,7,EC067
44,8,EC068
44,9,EC069
44,10,EC071
44,11,EC072
44,12,EC073
44,13,EC074
44,14,EC075
44,15,EC076
44,16,EC077
44,17,EC078
44,18,EC079
44,19,EC081
44,20,EC082
44,21,EC083
44,22,EC084
44,23,EC085
44,24,EC086
44,25,EC087
44,26,EC088
44,27,EC089
44,28,EC091
44,29,EC092
44,30,EC093
44,31,EC094
45,-23,ED034
45,-22,ED035
45,-21,ED036
45,-20,ED037
45,-19,ED038
45,-18,ED039
45,-17,ED041
45,-16,ED042
45,-15,ED043
45,-14,ED044
45,-13,ED045
45,-12,ED046
45,-11,ED047
45,-10,ED048
45,-9,ED049
45,-8,ED051
45,-7,ED052
45,-6,ED053
45,-5,ED054
45,-4,ED055
45,-3,ED056
45,-2,ED057
45,-1,ED058
45,0,ED059
45,1,ED061
45,2,ED062
45,3,ED063
45,4,ED064
45,5,ED065
45,6,ED066
45,7,ED067
45,8,ED068
45,9,ED069
45,10,ED071
45,11,ED072
45,12,ED073
45,13,ED074
45,14,ED075
45,15,ED076
45,16,ED077
45,17,ED078
45,18,ED079
45,19,ED081
45,20,ED082
45,21,ED083
46,-23,EE034
46,-22,EE035
46,-21,EE036
46,-20,EE037
46,-19,EE038
46,-18,EE039
46,-17,EE041
46,-16,EE042
46,-15,EE043
46,-14,EE044
46,-13,EE045
46,-12,EE046
46,-11,EE047
46,-10,EE048
46,-9,EE049
46,-8,EE051
46,-7,EE052
46,-6,EE053
46,-5,EE054
46,-4,EE055
46,-3,EE056
46,-2,EE057
46,-1,EE058
46,0,EE059
46,1,EE061
46,2,EE062
46,3,EE063
46,4,EE064
46,5,EE065
46,6,EE066
46,7,EE067
46,8,EE068
46,9,EE069
46,10,EE071
46,11,EE072
46,12,EE073
46,13,EE074
46,14,EE075
46,15,EE076
46,16,EE077
46,17,EE078
46,18,EE079
46,19,EE081
46,20,EE082
46,21,EE083
47,-23,EF034
47,-22,EF035
47,-21,EF036
47,-20,EF037
47,-19,EF038
47,-18,EF039
47,-17,EF041
47,-16,EF042
47,-15,EF043
47,-14,EF044
47,-13,EF045
47,-12,EF046
47,-11,EF047
47,-10,EF048
47,-9,EF049
47,-8,EF051
47,-7,EF052
47,-6,EF053
47,-5,EF054
47,-4,EF055
47,-3,EF056
47,-2,EF057
47,-1,EF058
47,0,EF059
47,1,EF061
47,2,EF062
47,3,EF063
47,4,EF064
47,5,EF065
47,6,EF066
47,7,EF067
47,8,EF068
47,9,EF069
47,10,EF071
47,11,EF072
47,12,EF073
47,13,EF074
47,14,EF075
47,15,EF076
47,16,EF077
47,17,EF078
47,18,EF079
47,19,EF081
47,20,EF082
47,21,EF083
48,-23,EG034
48,-22,EG035
48,-21,EG036
48,-20,EG037
48,-19,EG038
48,-18,EG039
48,-17,EG041
48,-16,EG042
48,-15,EG043
48,-14,EG044
48,-13,EG045
48,-12,EG046
48,-11,EG047
48,-10,EG048
48,-9,EG049
48,-8,EG051
48,-7,EG052
48,-6,EG053
48,-5,EG054
48,-4,EG055
48,-3,EG056
48,-2,EG057
48,-1,EG058
48,0,EG059
48,1,EG061
48,2,EG062
48,3,EG063
48,4,EG064
48,5,EG065
48,6,EG066
48,7,EG067
48,8,EG068
48,9,EG069
48,10,EG071
48,11,EG072
48,12,EG073
48,13,EG074
48,14,EG075
48,15,EG076
48,16,EG077
48,17,EG078
48,18,EG079
48,19,EG081
48,20,EG082
48,21,EG083
49,-23,EH034
49,-22,EH035
49,-21,EH036
49,-20,EH037
49,-19,EH038
49,-18,EH039
49,-17,EH041
49,-16,EH042
49,-15,EH043
49,-14,EH044
49,-13,EH045
49,-12,EH046
49,-11,EH047
49,-10,EH048
49,-9,EH049
49,-8,EH051
49,-7,EH052
49,-6,EH053
49,-5,EH054
49,-4,EH055
49,-3,EH056
49,-2,EH057
49,-1,EH058
49,0,EH059
49,1,EH061
49,2,EH062
49,3,EH063
49,4,EH064
49,5,EH065
49,6,EH066
49,7,EH067
49,8,EH068
49,9,EH069
49,10,EH071
49,11,EH072
49,12,EH073
49,13,EH074
49,14,EH075
49,15,EH076
49,16,EH077
49,17,EH078
49,18,EH079
49,19,EH081
49,20,EH082
49,21,EH083
50,-8,EJ051
50,-7,EJ052
50,-6,EJ053
50,-5,EJ054
50,-4,EJ055
50,-3,EJ056
50,-2,EJ057
50,-1,EJ058
50,0,EJ059
50,1,EJ061
50,2,EJ062
50,3,EJ063
50,4,EJ064
50,5,EJ065
50,6,EJ066
51,-8,EK051
51,-7,EK052
51,-6,EK053
51,-5,EK054
51,-4,EK055
51,-3,EK056
51,-2,EK057
51,-1,EK058
51,0,EK059
51,1,EK061
51,2,EK062
51,3,EK063
51,4,EK064
51,5,EK065
51,6,EK066
52,-8,EL051
52,-7,EL052
52,-6,EL053
52,-5,EL054
52,-4,EL055
52,-3,EL056
52,-2,EL057
52,-1,EL058
52,0,EL059
52,1,EL061
52,2,EL062
52,3,EL063
52,4,EL064
52,5,EL065
52,6,EL066
53,-8,EM051
53,-7,EM052
53,-6,EM053
53,-5,EM054
53,-4,EM055
53,-3,EM056
53,-2,EM057
53,-1,EM058
53,0,EM059
53,1,EM061
53,2,EM062
53,3,EM063
53,4,EM064
53,5,EM065
53,6,EM066
54,-8,EN051
54,-7,EN052
54,-6,EN053
54,-5,EN054
54,-4,EN055
54,-3,EN056
54,-2,EN057
54,-1,EN058
54,0,EN059
54,1,EN061
54,2,EN062
54,3,EN063
54,4,EN064
54,5,EN065
54,6,EN066
