row,col,x_die,y_die,raw_q
-50,-8,-8,-50,QY-050X-008
-50,-7,-7,-50,QY-050X-007
-50,-6,-6,-50,QY-050X-006
-50,-5,-5,-50,QY-050X-005
-50,-4,-4,-50,QY-050X-004
-50,-3,-3,-50,QY-050X-003
-50,-2,-2,-50,QY-050X-002
-50,-1,-1,-50,QY-050X-001
-50,0,0,-50,QY-050X0000
-50,1,1,-50,QY-050X0001
-50,2,2,-50,QY-050X0002
-50,3,3,-50,QY-050X0003
-50,4,4,-50,QY-050X0004
-50,5,5,-50,QY-050X0005
-50,6,6,-50,QY-050X0006
-49,6,6,-49,QY-049X0006
-49,5,5,-49,QY-049X0005
-49,4,4,-49,QY-049X0004
-49,3,3,-49,QY-049X0003
-49,2,2,-49,QY-049X0002
-49,1,1,-49,QY-049X0001
-49,0,0,-49,QY-049X0000
-49,-1,-1,-49,QY-049X-001
-49,-2,-2,-49,QY-049X-002
-49,-3,-3,-49,QY-049X-003
-49,-4,-4,-49,QY-049X-004
-49,-5,-5,-49,QY-049X-005
-49,-6,-6,-49,QY-049X-006
-49,-7,-7,-49,QY-049X-007
-49,-8,-8,-49,QY-049X-008
-48,-8,-8,-48,QY-048X-008
-48,-7,-7,-48,QY-048X-007
-48,-6,-6,-48,QY-048X-006
-48,-5,-5,-48,QY-048X-005
-48,-4,-4,-48,QY-048X-004
-48,-3,-3,-48,QY-048X-003
-48,-2,-2,-48,QY-048X-002
-48,-1,-1,-48,QY-048X-001
-48,0,0,-48,QY-048X0000
-48,1,1,-48,QY-048X0001
-48,2,2,-48,QY-048X0002
-48,3,3,-48,QY-048X0003
-48,4,4,-48,QY-048X0004
-48,5,5,-48,QY-048X0005
-48,6,6,-48,QY-048X0006
-47,6,6,-47,QY-047X0006
-47,5,5,-47,QY-047X0005
-47,4,4,-47,QY-047X0004
-47,3,3,-47,QY-047X0003
-47,2,2,-47,QY-047X0002
-47,1,1,-47,QY-047X0001
-47,0,0,-47,QY-047X0000
-47,-1,-1,-47,QY-047X-001
-47,-2,-2,-47,QY-047X-002
-47,-3,-3,-47,QY-047X-003
-47,-4,-4,-47,QY-047X-004
-47,-5,-5,-47,QY-047X-005
-47,-6,-6,-47,QY-047X-006
-47,-7,-7,-47,QY-047X-007
-47,-8,-8,-47,QY-047X-008
-46,-8,-8,-46,QY-046X-008
-46,-7,-7,-46,QY-046X-007
-46,-6,-6,-46,QY-046X-006
-46,-5,-5,-46,QY-046X-005
-46,-4,-4,-46,QY-046X-004
-46,-3,-3,-46,QY-046X-003
-46,-2,-2,-46,QY-046X-002
-46,-1,-1,-46,QY-046X-001
-46,0,0,-46,QY-046X0000
-46,1,1,-46,QY-046X0001
-46,2,2,-46,QY-046X0002
-46,3,3,-46,QY-046X0003
-46,4,4,-46,QY-046X0004
-46,5,5,-46,QY-046X0005
-46,6,6,-46,QY-046X0006
-45,21,21,-45,QY-045X0021
-45,20,20,-45,QY-045X0020
-45,19,19,-45,QY-045X0019
-45,18,18,-45,QY-045X0018
-45,17,17,-45,QY-045X0017
-45,16,16,-45,QY-045X0016
-45,15,15,-45,QY-045X0015
-45,14,14,-45,QY-045X0014
-45,13,13,-45,QY-045X0013
-45,12,12,-45,QY-045X0012
-45,11,11,-45,QY-045X0011
-45,10,10,-45,QY-045X0010
-45,9,9,-45,QY-045X0009
-45,8,8,-45,QY-045X0008
-45,7,7,-45,QY-045X0007
-45,6,6,-45,QY-045X0006
-45,5,5,-45,QY-045X0005
-45,4,4,-45,QY-045X0004
-45,3,3,-45,QY-045X0003
-45,2,2,-45,QY-045X0002
-45,1,1,-45,QY-045X0001
-45,0,0,-45,QY-045X0000
-45,-1,-1,-45,QY-045X-001
-45,-2,-2,-45,QY-045X-002
-45,-3,-3,-45,QY-045X-003
-45,-4,-4,-45,QY-045X-004
-45,-5,-5,-45,QY-045X-005
-45,-6,-6,-45,QY-045X-006
-45,-7,-7,-45,QY-045X-007
-45,-8,-8,-45,QY-045X-008
-45,-9,-9,-45,QY-045X-009
-45,-10,-10,-45,QY-045X-010
-45,-11,-11,-45,QY-045X-011
-45,-12,-12,-45,QY-045X-012
-45,-13,-13,-45,QY-045X-013
-45,-14,-14,-45,QY-045X-014
-45,-15,-15,-45,QY-045X-015
-45,-16,-16,-45,QY-045X-016
-45,-17,-17,-45,QY-045X-017
-45,-18,-18,-45,QY-045X-018
-45,-19,-19,-45,QY-045X-019
-45,-20,-20,-45,QY-045X-020
-45,-21,-21,-45,QY-045X-021
-45,-22,-22,-45,QY-045X-022
-45,-23,-23,-45,QY-045X-023
-44,-23,-23,-44,QY-044X-023
-44,-22,-22,-44,QY-044X-022
-44,-21,-21,-44,QY-044X-021
-44,-20,-20,-44,QY-044X-020
-44,-19,-19,-44,QY-044X-019
-44,-18,-18,-44,QY-044X-018
-44,-17,-17,-44,QY-044X-017
-44,-16,-16,-44,QY-044X-016
-44,-15,-15,-44,QY-044X-015
-44,-14,-14,-44,QY-044X-014
-44,-13,-13,-44,QY-044X-013
-44,-12,-12,-44,QY-044X-012
-44,-11,-11,-44,QY-044X-011
-44,-10,-10,-44,QY-044X-010
-44,-9,-9,-44,QY-044X-009
-44,-8,-8,-44,QY-044X-008
-44,-7,-7,-44,QY-044X-007
-44,-6,-6,-44,QY-044X-006
-44,-5,-5,-44,QY-044X-005
-44,-4,-4,-44,QY-044X-004
-44,-3,-3,-44,QY-044X-003
-44,-2,-2,-44,QY-044X-002
-44,-1,-1,-44,QY-044X-001
-44,0,0,-44,QY-044X0000
-44,1,1,-44,QY-044X0001
-44,2,2,-44,QY-044X0002
-44,3,3,-44,QY-044X0003
-44,4,4,-44,QY-044X0004
-44,5,5,-44,QY-044X0005
-44,6,6,-44,QY-044X0006
-44,7,7,-44,QY-044X0007
-44,8,8,-44,QY-044X0008
-44,9,9,-44,QY-044X0009
-44,10,10,-44,QY-044X0010
-44,11,11,-44,QY-044X0011
-44,12,12,-44,QY-044X0012
-44,13,13,-44,QY-044X0013
-44,14,14,-44,QY-044X0014
-44,15,15,-44,QY-044X0015
-44,16,16,-44,QY-044X0016
-44,17,17,-44,QY-044X0017
-44,18,18,-44,QY-044X0018
-44,19,19,-44,QY-044X0019
-44,20,20,-44,QY-044X0020
-44,21,21,-44,QY-044X0021
-43,21,21,-43,QY-043X0021
-43,20,20,-43,QY-043X0020
-43,19,19,-43,QY-043X0019
-43,18,18,-43,QY-043X0018
-43,17,17,-43,QY-043X0017
-43,16,16,-43,QY-043X0016
-43,15,15,-43,QY-043X0015
-43,14,14,-43,QY-043X0014
-43,13,13,-43,QY-043X0013
-43,12,12,-43,QY-043X0012
-43,11,11,-43,QY-043X0011
-43,10,10,-43,QY-043X0010
-43,9,9,-43,QY-043X0009
-43,8,8,-43,QY-043X0008
-43,7,7,-43,QY-043X0007
-43,6,6,-43,QY-043X0006
-43,5,5,-43,QY-043X0005
-43,4,4,-43,QY-043X0004
-43,3,3,-43,QY-043X0003
-43,2,2,-43,QY-043X0002
-43,1,1,-43,QY-043X0001
-43,0,0,-43,QY-043X0000
-43,-1,-1,-43,QY-043X-001
-43,-2,-2,-43,QY-043X-002
-43,-3,-3,-43,QY-043X-003
-43,-4,-4,-43,QY-043X-004
-43,-5,-5,-43,QY-043X-005
-43,-6,-6,-43,QY-043X-006
-43,-7,-7,-43,QY-043X-007
-43,-8,-8,-43,QY-043X-008
-43,-9,-9,-43,QY-043X-009
-43,-10,-10,-43,QY-043X-010
-43,-11,-11,-43,QY-043X-011
-43,-12,-12,-43,QY-043X-012
-43,-13,-13,-43,QY-043X-013
-43,-14,-14,-43,QY-043X-014
-43,-15,-15,-43,QY-043X-015
-43,-16,-16,-43,QY-043X-016
-43,-17,-17,-43,QY-043X-017
-43,-18,-18,-43,QY-043X-018
-43,-19,-19,-43,QY-043X-019
-43,-20,-20,-43,QY-043X-020
-43,-21,-21,-43,QY-043X-021
-43,-22,-22,-43,QY-043X-022
-43,-23,-23,-43,QY-043X-023
-42,-23,-23,-42,QY-042X-023
-42,-22,-22,-42,QY-042X-022
-42,-21,-21,-42,QY-042X-021
-42,-20,-20,-42,QY-042X-020
-42,-19,-19,-42,QY-042X-019
-42,-18,-18,-42,QY-042X-018
-42,-17,-17,-42,QY-042X-017
-42,-16,-16,-42,QY-042X-016
-42,-15,-15,-42,QY-042X-015
-42,-14,-14,-42,QY-042X-014
-42,-13,-13,-42,QY-042X-013
-42,-12,-12,-42,QY-042X-012
-42,-11,-11,-42,QY-042X-011
-42,-10,-10,-42,QY-042X-010
-42,-9,-9,-42,QY-042X-009
-42,-8,-8,-42,QY-042X-008
-42,-7,-7,-42,QY-042X-007
-42,-6,-6,-42,QY-042X-006
-42,-5,-5,-42,QY-042X-005
-42,-4,-4,-42,QY-042X-004
-42,-3,-3,-42,QY-042X-003
-42,-2,-2,-42,QY-042X-002
-42,-1,-1,-42,QY-042X-001
-42,0,0,-42,QY-042X0000
-42,1,1,-42,QY-042X0001
-42,2,2,-42,QY-042X0002
-42,3,3,-42,QY-042X0003
-42,4,4,-42,QY-042X0004
-42,5,5,-42,QY-042X0005
-42,6,6,-42,QY-042X0006
-42,7,7,-42,QY-042X0007
-42,8,8,-42,QY-042X0008
-42,9,9,-42,QY-042X0009
-42,10,10,-42,QY-042X0010
-42,11,11,-42,QY-042X0011
-42,12,12,-42,QY-042X0012
-42,13,13,-42,QY-042X0013
-42,14,14,-42,QY-042X0014
-42,15,15,-42,QY-042X0015
-42,16,16,-42,QY-042X0016
-42,17,17,-42,QY-042X0017
-42,18,18,-42,QY-042X0018
-42,19,19,-42,QY-042X0019
-42,20,20,-42,QY-042X0020
-42,21,21,-42,QY-042X0021
-41,21,21,-41,QY-041X0021
-41,20,20,-41,QY-041X0020
-41,19,19,-41,QY-041X0019
-41,18,18,-41,QY-041X0018
-41,17,17,-41,QY-041X0017
-41,16,16,-41,QY-041X0016
-41,15,15,-41,QY-041X0015
-41,14,14,-41,QY-041X0014
-41,13,13,-41,QY-041X0013
-41,12,12,-41,QY-041X0012
-41,11,11,-41,QY-041X0011
-41,10,10,-41,QY-041X0010
-41,9,9,-41,QY-041X0009
-41,8,8,-41,QY-041X0008
-41,7,7,-41,QY-041X0007
-41,6,6,-41,QY-041X0006
-41,5,5,-41,QY-041X0005
-41,4,4,-41,QY-041X0004
-41,3,3,-41,QY-041X0003
-41,2,2,-41,QY-041X0002
-41,1,1,-41,QY-041X0001
-41,0,0,-41,QY-041X0000
-41,-1,-1,-41,QY-041X-001
-41,-2,-2,-41,QY-041X-002
-41,-3,-3,-41,QY-041X-003
-41,-4,-4,-41,QY-041X-004
-41,-5,-5,-41,QY-041X-005
-41,-6,-6,-41,QY-041X-006
-41,-7,-7,-41,QY-041X-007
-41,-8,-8,-41,QY-041X-008
-41,-9,-9,-41,QY-041X-009
-41,-10,-10,-41,QY-041X-010
-41,-11,-11,-41,QY-041X-011
-41,-12,-12,-41,QY-041X-012
-41,-13,-13,-41,QY-041X-013
-41,-14,-14,-41,QY-041X-014
-41,-15,-15,-41,QY-041X-015
-41,-16,-16,-41,QY-041X-016
-41,-17,-17,-41,QY-041X-017
-41,-18,-18,-41,QY-041X-018
-41,-19,-19,-41,QY-041X-019
-41,-20,-20,-41,QY-041X-020
-41,-21,-21,-41,QY-041X-021
-41,-22,-22,-41,QY-041X-022
-41,-23,-23,-41,QY-041X-023
-40,-33,-33,-40,QY-040X-033
-40,-32,-32,-40,QY-040X-032
-40,-31,-31,-40,QY-040X-031
-40,-30,-30,-40,QY-040X-030
-40,-29,-29,-40,QY-040X-029
-40,-28,-28,-40,QY-040X-028
-40,-27,-27,-40,QY-040X-027
-40,-26,-26,-40,QY-040X-026
-40,-25,-25,-40,QY-040X-025
-40,-24,-24,-40,QY-040X-024
-40,-23,-23,-40,QY-040X-023
-40,-22,-22,-40,QY-040X-022
-40,-21,-21,-40,QY-040X-021
-40,-20,-20,-40,QY-040X-020
-40,-19,-19,-40,QY-040X-019
-40,-18,-18,-40,QY-040X-018
-40,-17,-17,-40,QY-040X-017
-40,-16,-16,-40,QY-040X-016
-40,-15,-15,-40,QY-040X-015
-40,-14,-14,-40,QY-040X-014
-40,-13,-13,-40,QY-040X-013
-40,-12,-12,-40,QY-040X-012
-40,-11,-11,-40,QY-040X-011
-40,-10,-10,-40,QY-040X-010
-40,-9,-9,-40,QY-040X-009
-40,-8,-8,-40,QY-040X-008
-40,-7,-7,-40,QY-040X-007
-40,-6,-6,-40,QY-040X-006
-40,-5,-5,-40,QY-040X-005
-40,-4,-4,-40,QY-040X-004
-40,-3,-3,-40,QY-040X-003
-40,-2,-2,-40,QY-040X-002
-40,-1,-1,-40,QY-040X-001
-40,0,0,-40,QY-040X0000
-40,1,1,-40,QY-040X0001
-40,2,2,-40,QY-040X0002
-40,3,3,-40,QY-040X0003
-40,4,4,-40,QY-040X0004
-40,5,5,-40,QY-040X0005
-40,6,6,-40,QY-040X0006
-40,7,7,-40,QY-040X0007
-40,8,8,-40,QY-040X0008
-40,9,9,-40,QY-040X0009
-40,10,10,-40,QY-040X0010
-40,11,11,-40,QY-040X0011
-40,12,12,-40,QY-040X0012
-40,13,13,-40,QY-040X0013
-40,14,14,-40,QY-040X0014
-40,15,15,-40,QY-040X0015
-40,16,16,-40,QY-040X0016
-40,17,17,-40,QY-040X0017
-40,18,18,-40,QY-040X0018
-40,19,19,-40,QY-040X0019
-40,20,20,-40,QY-040X0020
-40,21,21,-40,QY-040X0021
-40,22,22,-40,QY-040X0022
-40,23,23,-40,QY-040X0023
-40,24,24,-40,QY-040X0024
-40,25,25,-40,QY-040X0025
-40,26,26,-40,QY-040X0026
-40,27,27,-40,QY-040X0027
-40,28,28,-40,QY-040X0028
-40,29,29,-40,QY-040X0029
-40,30,30,-40,QY-040X0030
-40,31,31,-40,QY-040X0031
-39,31,31,-39,QY-039X0031
-39,30,30,-39,QY-039X0030
-39,29,29,-39,QY-039X0029
-39,28,28,-39,QY-039X0028
-39,27,27,-39,QY-039X0027
-39,26,26,-39,QY-039X0026
-39,25,25,-39,QY-039X0025
-39,24,24,-39,QY-039X0024
-39,23,23,-39,QY-039X0023
-39,22,22,-39,QY-039X0022
-39,21,21,-39,QY-039X0021
-39,20,20,-39,QY-039X0020
-39,19,19,-39,QY-039X0019
-39,18,18,-39,QY-039X0018
-39,17,17,-39,QY-039X0017
-39,16,16,-39,QY-039X0016
-39,15,15,-39,QY-039X0015
-39,14,14,-39,QY-039X0014
-39,13,13,-39,QY-039X0013
-39,12,12,-39,QY-039X0012
-39,11,11,-39,QY-039X0011
-39,10,10,-39,QY-039X0010
-39,9,9,-39,QY-039X0009
-39,8,8,-39,QY-039X0008
-39,7,7,-39,QY-039X0007
-39,6,6,-39,QY-039X0006
-39,5,5,-39,QY-039X0005
-39,4,4,-39,QY-039X0004
-39,3,3,-39,QY-039X0003
-39,2,2,-39,QY-039X0002
-39,1,1,-39,QY-039X0001
-39,0,0,-39,QY-039X0000
-39,-1,-1,-39,QY-039X-001
-39,-2,-2,-39,QY-039X-002
-39,-3,-3,-39,QY-039X-003
-39,-4,-4,-39,QY-039X-004
-39,-5,-5,-39,QY-039X-005
-39,-6,-6,-39,QY-039X-006
-39,-7,-7,-39,QY-039X-007
-39,-8,-8,-39,QY-039X-008
-39,-9,-9,-39,QY-039X-009
-39,-10,-10,-39,QY-039X-010
-39,-11,-11,-39,QY-039X-011
-39,-12,-12,-39,QY-039X-012
-39,-13,-13,-39,QY-039X-013
-39,-14,-14,-39,QY-039X-014
-39,-15,-15,-39,QY-039X-015
-39,-16,-16,-39,QY-039X-016
-39,-17,-17,-39,QY-039X-017
-39,-18,-18,-39,QY-039X-018
-39,-19,-19,-39,QY-039X-019
-39,-20,-20,-39,QY-039X-020
-39,-21,-21,-39,QY-039X-021
-39,-22,-22,-39,QY-039X-022
-39,-23,-23,-39,QY-039X-023
-39,-24,-24,-39,QY-039X-024
-39,-25,-25,-39,QY-039X-025
-39,-26,-26,-39,QY-039X-026
-39,-27,-27,-39,QY-039X-027
-39,-28,-28,-39,QY-039X-028
-39,-29,-29,-39,QY-039X-029
-39,-30,-30,-39,QY-039X-030
-39,-31,-31,-39,QY-039X-031
-39,-32,-32,-39,QY-039X-032
-39,-33,-33,-39,QY-039X-033
-38,-33,-33,-38,QY-038X-033
-38,-32,-32,-38,QY-038X-032
-38,-31,-31,-38,QY-038X-031
-38,-30,-30,-38,QY-038X-030
-38,-29,-29,-38,QY-038X-029
-38,-28,-28,-38,QY-038X-028
-38,-27,-27,-38,QY-038X-027
-38,-26,-26,-38,QY-038X-026
-38,-25,-25,-38,QY-038X-025
-38,-24,-24,-38,QY-038X-024
-38,-23,-23,-38,QY-038X-023
-38,-22,-22,-38,QY-038X-022
-38,-21,-21,-38,QY-038X-021
-38,-20,-20,-38,QY-038X-020
-38,-19,-19,-38,QY-038X-019
-38,-18,-18,-38,QY-038X-018
-38,-17,-17,-38,QY-038X-017
-38,-16,-16,-38,QY-038X-016
-38,-15,-15,-38,QY-038X-015
-38,-14,-14,-38,QY-038X-014
-38,-13,-13,-38,QY-038X-013
-38,-12,-12,-38,QY-038X-012
-38,-11,-11,-38,QY-038X-011
-38,-10,-10,-38,QY-038X-010
-38,-9,-9,-38,QY-038X-009
-38,-8,-8,-38,QY-038X-008
-38,-7,-7,-38,QY-038X-007
-38,-6,-6,-38,QY-038X-006
-38,-5,-5,-38,QY-038X-005
-38,-4,-4,-38,QY-038X-004
-38,-3,-3,-38,QY-038X-003
-38,-2,-2,-38,QY-038X-002
-38,-1,-1,-38,QY-038X-001
-38,0,0,-38,QY-038X0000
-38,1,1,-38,QY-038X0001
-38,2,2,-38,QY-038X0002
-38,3,3,-38,QY-038X0003
-38,4,4,-38,QY-038X0004
-38,5,5,-38,QY-038X0005
-38,6,6,-38,QY-038X0006
-38,7,7,-38,QY-038X0007
-38,8,8,-38,QY-038X0008
-38,9,9,-38,QY-038X0009
-38,10,10,-38,QY-038X0010
-38,11,11,-38,QY-038X0011
-38,12,12,-38,QY-038X0012
-38,13,13,-38,QY-038X0013
-38,14,14,-38,QY-038X0014
-38,15,15,-38,QY-038X0015
-38,16,16,-38,QY-038X0016
-38,17,17,-38,QY-038X0017
-38,18,18,-38,QY-038X0018
-38,19,19,-38,QY-038X0019
-38,20,20,-38,QY-038X0020
-38,21,21,-38,QY-038X0021
-38,22,22,-38,QY-038X0022
-38,23,23,-38,QY-038X0023
-38,24,24,-38,QY-038X0024
-38,25,25,-38,QY-038X0025
-38,26,26,-38,QY-038X0026
-38,27,27,-38,QY-038X0027
-38,28,28,-38,QY-038X0028
-38,29,29,-38,QY-038X0029
-38,30,30,-38,QY-038X0030
-38,31,31,-38,QY-038X0031
-37,31,31,-37,QY-037X0031
-37,30,30,-37,QY-037X0030
-37,29,29,-37,QY-037X0029
-37,28,28,-37,QY-037X0028
-37,27,27,-37,QY-037X0027
-37,26,26,-37,QY-037X0026
-37,25,25,-37,QY-037X0025
-37,24,24,-37,QY-037X0024
-37,23,23,-37,QY-037X0023
-37,22,22,-37,QY-037X0022
-37,21,21,-37,QY-037X0021
-37,20,20,-37,QY-037X0020
-37,19,19,-37,QY-037X0019
-37,18,18,-37,QY-037X0018
-37,17,17,-37,QY-037X0017
-37,16,16,-37,QY-037X0016
-37,15,15,-37,QY-037X0015
-37,14,14,-37,QY-037X0014
-37,13,13,-37,QY-037X0013
-37,12,12,-37,QY-037X0012
-37,11,11,-37,QY-037X0011
-37,10,10,-37,QY-037X0010
-37,9,9,-37,QY-037X0009
-37,8,8,-37,QY-037X0008
-37,7,7,-37,QY-037X0007
-37,6,6,-37,QY-037X0006
-37,5,5,-37,QY-037X0005
-37,4,4,-37,QY-037X0004
-37,3,3,-37,QY-037X0003
-37,2,2,-37,QY-037X0002
-37,1,1,-37,QY-037X0001
-37,0,0,-37,QY-037X0000
-37,-1,-1,-37,QY-037X-001
-37,-2,-2,-37,QY-037X-002
-37,-3,-3,-37,QY-037X-003
-37,-4,-4,-37,QY-037X-004
-37,-5,-5,-37,QY-037X-005
-37,-6,-6,-37,QY-037X-006
-37,-7,-7,-37,QY-037X-007
-37,-8,-8,-37,QY-037X-008
-37,-9,-9,-37,QY-037X-009
-37,-10,-10,-37,QY-037X-010
-37,-11,-11,-37,QY-037X-011
-37,-12,-12,-37,QY-037X-012
-37,-13,-13,-37,QY-037X-013
-37,-14,-14,-37,QY-037X-014
-37,-15,-15,-37,QY-037X-015
-37,-16,-16,-37,QY-037X-016
-37,-17,-17,-37,QY-037X-017
-37,-18,-18,-37,QY-037X-018
-37,-19,-19,-37,QY-037X-019
-37,-20,-20,-37,QY-037X-020
-37,-21,-21,-37,QY-037X-021
-37,-22,-22,-37,QY-037X-022
-37,-23,-23,-37,QY-037X-023
-37,-24,-24,-37,QY-037X-024
-37,-25,-25,-37,QY-037X-025
-37,-26,-26,-37,QY-037X-026
-37,-27,-27,-37,QY-037X-027
-37,-28,-28,-37,QY-037X-028
-37,-29,-29,-37,QY-037X-029
-37,-30,-30,-37,QY-037X-030
-37,-31,-31,-37,QY-037X-031
-37,-32,-32,-37,QY-037X-032
-37,-33,-33,-37,QY-037X-033
-36,-33,-33,-36,QY-036X-033
-36,-32,-32,-36,QY-036X-032
-36,-31,-31,-36,QY-036X-031
-36,-30,-30,-36,QY-036X-030
-36,-29,-29,-36,QY-036X-029
-36,-28,-28,-36,QY-036X-028
-36,-27,-27,-36,QY-036X-027
-36,-26,-26,-36,QY-036X-026
-36,-25,-25,-36,QY-036X-025
-36,-24,-24,-36,QY-036X-024
-36,-23,-23,-36,QY-036X-023
-36,-22,-22,-36,QY-036X-022
-36,-21,-21,-36,QY-036X-021
-36,-20,-20,-36,QY-036X-020
-36,-19,-19,-36,QY-036X-019
-36,-18,-18,-36,QY-036X-018
-36,-17,-17,-36,QY-036X-017
-36,-16,-16,-36,QY-036X-016
-36,-15,-15,-36,QY-036X-015
-36,-14,-14,-36,QY-036X-014
-36,-13,-13,-36,QY-036X-013
-36,-12,-12,-36,QY-036X-012
-36,-11,-11,-36,QY-036X-011
-36,-10,-10,-36,QY-036X-010
-36,-9,-9,-36,QY-036X-009
-36,-8,-8,-36,QY-036X-008
-36,-7,-7,-36,QY-036X-007
-36,-6,-6,-36,QY-036X-006
-36,-5,-5,-36,QY-036X-005
-36,-4,-4,-36,QY-036X-004
-36,-3,-3,-36,QY-036X-003
-36,-2,-2,-36,QY-036X-002
-36,-1,-1,-36,QY-036X-001
-36,0,0,-36,QY-036X0000
-36,1,1,-36,QY-036X0001
-36,2,2,-36,QY-036X0002
-36,3,3,-36,QY-036X0003
-36,4,4,-36,QY-036X0004
-36,5,5,-36,QY-036X0005
-36,6,6,-36,QY-036X0006
-36,7,7,-36,QY-036X0007
-36,8,8,-36,QY-036X0008
-36,9,9,-36,QY-036X0009
-36,10,10,-36,QY-036X0010
-36,11,11,-36,QY-036X0011
-36,12,12,-36,QY-036X0012
-36,13,13,-36,QY-036X0013
-36,14,14,-36,QY-036X0014
-36,15,15,-36,QY-036X0015
-36,16,16,-36,QY-036X0016
-36,17,17,-36,QY-036X0017
-36,18,18,-36,QY-036X0018
-36,19,19,-36,QY-036X0019
-36,20,20,-36,QY-036X0020
-36,21,21,-36,QY-036X0021
-36,22,22,-36,QY-036X0022
-36,23,23,-36,QY-036X0023
-36,24,24,-36,QY-036X0024
-36,25,25,-36,QY-036X0025
-36,26,26,-36,QY-036X0026
-36,27,27,-36,QY-036X0027
-36,28,28,-36,QY-036X0028
-36,29,29,-36,QY-036X0029
-36,30,30,-36,QY-036X0030
-36,31,31,-36,QY-036X0031
-35,36,36,-35,QY-035X0036
-35,35,35,-35,QY-035X0035
-35,34,34,-35,QY-035X0034
-35,33,33,-35,QY-035X0033
-35,32,32,-35,QY-035X0032
-35,31,31,-35,QY-035X0031
-35,30,30,-35,QY-035X0030
-35,29,29,-35,QY-035X0029
-35,28,28,-35,QY-035X0028
-35,27,27,-35,QY-035X0027
-35,26,26,-35,QY-035X0026
-35,25,25,-35,QY-035X0025
-35,24,24,-35,QY-035X0024
-35,23,23,-35,QY-035X0023
-35,22,22,-35,QY-035X0022
-35,21,21,-35,QY-035X0021
-35,20,20,-35,QY-035X0020
-35,19,19,-35,QY-035X0019
-35,18,18,-35,QY-035X0018
-35,17,17,-35,QY-035X0017
-35,16,16,-35,QY-035X0016
-35,15,15,-35,QY-035X0015
-35,14,14,-35,QY-035X0014
-35,13,13,-35,QY-035X0013
-35,12,12,-35,QY-035X0012
-35,11,11,-35,QY-035X0011
-35,10,10,-35,QY-035X0010
-35,9,9,-35,QY-035X0009
-35,8,8,-35,QY-035X0008
-35,7,7,-35,QY-035X0007
-35,6,6,-35,QY-035X0006
-35,5,5,-35,QY-035X0005
-35,4,4,-35,QY-035X0004
-35,3,3,-35,QY-035X0003
-35,2,2,-35,QY-035X0002
-35,1,1,-35,QY-035X0001
-35,0,0,-35,QY-035X0000
-35,-1,-1,-35,QY-035X-001
-35,-2,-2,-35,QY-035X-002
-35,-3,-3,-35,QY-035X-003
-35,-4,-4,-35,QY-035X-004
-35,-5,-5,-35,QY-035X-005
-35,-6,-6,-35,QY-035X-006
-35,-7,-7,-35,QY-035X-007
-35,-8,-8,-35,QY-035X-008
-35,-9,-9,-35,QY-035X-009
-35,-10,-10,-35,QY-035X-010
-35,-11,-11,-35,QY-035X-011
-35,-12,-12,-35,QY-035X-012
-35,-13,-13,-35,QY-035X-013
-35,-14,-14,-35,QY-035X-014
-35,-15,-15,-35,QY-035X-015
-35,-16,-16,-35,QY-035X-016
-35,-17,-17,-35,QY-035X-017
-35,-18,-18,-35,QY-035X-018
-35,-19,-19,-35,QY-035X-019
-35,-20,-20,-35,QY-035X-020
-35,-21,-21,-35,QY-035X-021
-35,-22,-22,-35,QY-035X-022
-35,-23,-23,-35,QY-035X-023
-35,-24,-24,-35,QY-035X-024
-35,-25,-25,-35,QY-035X-025
-35,-26,-26,-35,QY-035X-026
-35,-27,-27,-35,QY-035X-027
-35,-28,-28,-35,QY-035X-028
-35,-29,-29,-35,QY-035X-029
-35,-30,-30,-35,QY-035X-030
-35,-31,-31,-35,QY-035X-031
-35,-32,-32,-35,QY-035X-032
-35,-33,-33,-35,QY-035X-033
-35,-34,-34,-35,QY-035X-034
-35,-35,-35,-35,QY-035X-035
-35,-36,-36,-35,QY-035X-036
-35,-37,-37,-35,QY-035X-037
-35,-38,-38,-35,QY-035X-038
-34,-38,-38,-34,QY-034X-038
-34,-37,-37,-34,QY-034X-037
-34,-36,-36,-34,QY-034X-036
-34,-35,-35,-34,QY-034X-035
-34,-34,-34,-34,QY-034X-034
-34,-33,-33,-34,QY-034X-033
-34,-32,-32,-34,QY-034X-032
-34,-31,-31,-34,QY-034X-031
-34,-30,-30,-34,QY-034X-030
-34,-29,-29,-34,QY-034X-029
-34,-28,-28,-34,QY-034X-028
-34,-27,-27,-34,QY-034X-027
-34,-26,-26,-34,QY-034X-026
-34,-25,-25,-34,QY-034X-025
-34,-24,-24,-34,QY-034X-024
-34,-23,-23,-34,QY-034X-023
-34,-22,-22,-34,QY-034X-022
-34,-21,-21,-34,QY-034X-021
-34,-20,-20,-34,QY-034X-020
-34,-19,-19,-34,QY-034X-019
-34,-18,-18,-34,QY-034X-018
-34,-17,-17,-34,QY-034X-017
-34,-16,-16,-34,QY-034X-016
-34,-15,-15,-34,QY-034X-015
-34,-14,-14,-34,QY-034X-014
-34,-13,-13,-34,QY-034X-013
-34,-12,-12,-34,QY-034X-012
-34,-11,-11,-34,QY-034X-011
-34,-10,-10,-34,QY-034X-010
-34,-9,-9,-34,QY-034X-009
-34,-8,-8,-34,QY-034X-008
-34,-7,-7,-34,QY-034X-007
-34,-6,-6,-34,QY-034X-006
-34,-5,-5,-34,QY-034X-005
-34,-4,-4,-34,QY-034X-004
-34,-3,-3,-34,QY-034X-003
-34,-2,-2,-34,QY-034X-002
-34,-1,-1,-34,QY-034X-001
-34,0,0,-34,QY-034X0000
-34,1,1,-34,QY-034X0001
-34,2,2,-34,QY-034X0002
-34,3,3,-34,QY-034X0003
-34,4,4,-34,QY-034X0004
-34,5,5,-34,QY-034X0005
-34,6,6,-34,QY-034X0006
-34,7,7,-34,QY-034X0007
-34,8,8,-34,QY-034X0008
-34,9,9,-34,QY-034X0009
-34,10,10,-34,QY-034X0010
-34,11,11,-34,QY-034X0011
-34,12,12,-34,QY-034X0012
-34,13,13,-34,QY-034X0013
-34,14,14,-34,QY-034X0014
-34,15,15,-34,QY-034X0015
-34,16,16,-34,QY-034X0016
-34,17,17,-34,QY-034X0017
-34,18,18,-34,QY-034X0018
-34,19,19,-34,QY-034X0019
-34,20,20,-34,QY-034X0020
-34,21,21,-34,QY-034X0021
-34,22,22,-34,QY-034X0022
-34,23,23,-34,QY-034X0023
-34,24,24,-34,QY-034X0024
-34,25,25,-34,QY-034X0025
-34,26,26,-34,QY-034X0026
-34,27,27,-34,QY-034X0027
-34,28,28,-34,QY-034X0028
-34,29,29,-34,QY-034X0029
-34,30,30,-34,QY-034X0030
-34,31,31,-34,QY-034X0031
-34,32,32,-34,QY-034X0032
-34,33,33,-34,QY-034X0033
-34,34,34,-34,QY-034X0034
-34,35,35,-34,QY-034X0035
-34,36,36,-34,QY-034X0036
-33,36,36,-33,QY-033X0036
-33,35,35,-33,QY-033X0035
-33,34,34,-33,QY-033X0034
-33,33,33,-33,QY-033X0033
-33,32,32,-33,QY-033X0032
-33,31,31,-33,QY-033X0031
-33,30,30,-33,QY-033X0030
-33,29,29,-33,QY-033X0029
-33,28,28,-33,QY-033X0028
-33,27,27,-33,QY-033X0027
-33,26,26,-33,QY-033X0026
-33,25,25,-33,QY-033X0025
-33,24,24,-33,QY-033X0024
-33,23,23,-33,QY-033X0023
-33,22,22,-33,QY-033X0022
-33,21,21,-33,QY-033X0021
-33,20,20,-33,QY-033X0020
-33,19,19,-33,QY-033X0019
-33,18,18,-33,QY-033X0018
-33,17,17,-33,QY-033X0017
-33,16,16,-33,QY-033X0016
-33,15,15,-33,QY-033X0015
-33,14,14,-33,QY-033X0014
-33,13,13,-33,QY-033X0013
-33,12,12,-33,QY-033X0012
-33,11,11,-33,QY-033X0011
-33,10,10,-33,QY-033X0010
-33,9,9,-33,QY-033X0009
-33,8,8,-33,QY-033X0008
-33,7,7,-33,QY-033X0007
-33,6,6,-33,QY-033X0006
-33,5,5,-33,QY-033X0005
-33,4,4,-33,QY-033X0004
-33,3,3,-33,QY-033X0003
-33,2,2,-33,QY-033X0002
-33,1,1,-33,QY-033X0001
-33,0,0,-33,QY-033X0000
-33,-1,-1,-33,QY-033X-001
-33,-2,-2,-33,QY-033X-002
-33,-3,-3,-33,QY-033X-003
-33,-4,-4,-33,QY-033X-004
-33,-5,-5,-33,QY-033X-005
-33,-6,-6,-33,QY-033X-006
-33,-7,-7,-33,QY-033X-007
-33,-8,-8,-33,QY-033X-008
-33,-9,-9,-33,QY-033X-009
-33,-10,-10,-33,QY-033X-010
-33,-11,-11,-33,QY-033X-011
-33,-12,-12,-33,QY-033X-012
-33,-13,-13,-33,QY-033X-013
-33,-14,-14,-33,QY-033X-014
-33,-15,-15,-33,QY-033X-015
-33,-16,-16,-33,QY-033X-016
-33,-17,-17,-33,QY-033X-017
-33,-18,-18,-33,QY-033X-018
-33,-19,-19,-33,QY-033X-019
-33,-20,-20,-33,QY-033X-020
-33,-21,-21,-33,QY-033X-021
-33,-22,-22,-33,QY-033X-022
-33,-23,-23,-33,QY-033X-023
-33,-24,-24,-33,QY-033X-024
-33,-25,-25,-33,QY-033X-025
-33,-26,-26,-33,QY-033X-026
-33,-27,-27,-33,QY-033X-027
-33,-28,-28,-33,QY-033X-028
-33,-29,-29,-33,QY-033X-029
-33,-30,-30,-33,QY-033X-030
-33,-31,-31,-33,QY-033X-031
-33,-32,-32,-33,QY-033X-032
-33,-33,-33,-33,QY-033X-033
-33,-34,-34,-33,QY-033X-034
-33,-35,-35,-33,QY-033X-035
-33,-36,-36,-33,QY-033X-036
-33,-37,-37,-33,QY-033X-037
-33,-38,-38,-33,QY-033X-038
-32,-38,-38,-32,QY-032X-038
-32,-37,-37,-32,QY-032X-037
-32,-36,-36,-32,QY-032X-036
-32,-35,-35,-32,QY-032X-035
-32,-34,-34,-32,QY-032X-034
-32,-33,-33,-32,QY-032X-033
-32,-32,-32,-32,QY-032X-032
-32,-31,-31,-32,QY-032X-031
-32,-30,-30,-32,QY-032X-030
-32,-29,-29,-32,QY-032X-029
-32,-28,-28,-32,QY-032X-028
-32,-27,-27,-32,QY-032X-027
-32,-26,-26,-32,QY-032X-026
-32,-25,-25,-32,QY-032X-025
-32,-24,-24,-32,QY-032X-024
-32,-23,-23,-32,QY-032X-023
-32,-22,-22,-32,QY-032X-022
-32,-21,-21,-32,QY-032X-021
-32,-20,-20,-32,QY-032X-020
-32,-19,-19,-32,QY-032X-019
-32,-18,-18,-32,QY-032X-018
-32,-17,-17,-32,QY-032X-017
-32,-16,-16,-32,QY-032X-016
-32,-15,-15,-32,QY-032X-015
-32,-14,-14,-32,QY-032X-014
-32,-13,-13,-32,QY-032X-013
-32,-12,-12,-32,QY-032X-012
-32,-11,-11,-32,QY-032X-011
-32,-10,-10,-32,QY-032X-010
-32,-9,-9,-32,QY-032X-009
-32,-8,-8,-32,QY-032X-008
-32,-7,-7,-32,QY-032X-007
-32,-6,-6,-32,QY-032X-006
-32,-5,-5,-32,QY-032X-005
-32,-4,-4,-32,QY-032X-004
-32,-3,-3,-32,QY-032X-003
-32,-2,-2,-32,QY-032X-002
-32,-1,-1,-32,QY-032X-001
-32,0,0,-32,QY-032X0000
-32,1,1,-32,QY-032X0001
-32,2,2,-32,QY-032X0002
-32,3,3,-32,QY-032X0003
-32,4,4,-32,QY-032X0004
-32,5,5,-32,QY-032X0005
-32,6,6,-32,QY-032X0006
-32,7,7,-32,QY-032X0007
-32,8,8,-32,QY-032X0008
-32,9,9,-32,QY-032X0009
-32,10,10,-32,QY-032X0010
-32,11,11,-32,QY-032X0011
-32,12,12,-32,QY-032X0012
-32,13,13,-32,QY-032X0013
-32,14,14,-32,QY-032X0014
-32,15,15,-32,QY-032X0015
-32,16,16,-32,QY-032X0016
-32,17,17,-32,QY-032X0017
-32,18,18,-32,QY-032X0018
-32,19,19,-32,QY-032X0019
-32,20,20,-32,QY-032X0020
-32,21,21,-32,QY-032X0021
-32,22,22,-32,QY-032X0022
-32,23,23,-32,QY-032X0023
-32,24,24,-32,QY-032X0024
-32,25,25,-32,QY-032X0025
-32,26,26,-32,QY-032X0026
-32,27,27,-32,QY-032X0027
-32,28,28,-32,QY-032X0028
-32,29,29,-32,QY-032X0029
-32,30,30,-32,QY-032X0030
-32,31,31,-32,QY-032X0031
-32,32,32,-32,QY-032X0032
-32,33,33,-32,QY-032X0033
-32,34,34,-32,QY-032X0034
-32,35,35,-32,QY-032X0035
-32,36,36,-32,QY-032X0036
-31,36,36,-31,QY-031X0036
-31,35,35,-31,QY-031X0035
-31,34,34,-31,QY-031X0034
-31,33,33,-31,QY-031X0033
-31,32,32,-31,QY-031X0032
-31,31,31,-31,QY-031X0031
-31,30,30,-31,QY-031X0030
-31,29,29,-31,QY-031X0029
-31,28,28,-31,QY-031X0028
-31,27,27,-31,QY-031X0027
-31,26,26,-31,QY-031X0026
-31,25,25,-31,QY-031X0025
-31,24,24,-31,QY-031X0024
-31,23,23,-31,QY-031X0023
-31,22,22,-31,QY-031X0022
-31,21,21,-31,QY-031X0021
-31,20,20,-31,QY-031X0020
-31,19,19,-31,QY-031X0019
-31,18,18,-31,QY-031X0018
-31,17,17,-31,QY-031X0017
-31,16,16,-31,QY-031X0016
-31,15,15,-31,QY-031X0015
-31,14,14,-31,QY-031X0014
-31,13,13,-31,QY-031X0013
-31,12,12,-31,QY-031X0012
-31,11,11,-31,QY-031X0011
-31,10,10,-31,QY-031X0010
-31,9,9,-31,QY-031X0009
-31,8,8,-31,QY-031X0008
-31,7,7,-31,QY-031X0007
-31,6,6,-31,QY-031X0006
-31,5,5,-31,QY-031X0005
-31,4,4,-31,QY-031X0004
-31,3,3,-31,QY-031X0003
-31,2,2,-31,QY-031X0002
-31,1,1,-31,QY-031X0001
-31,0,0,-31,QY-031X0000
-31,-1,-1,-31,QY-031X-001
-31,-2,-2,-31,QY-031X-002
-31,-3,-3,-31,QY-031X-003
-31,-4,-4,-31,QY-031X-004
-31,-5,-5,-31,QY-031X-005
-31,-6,-6,-31,QY-031X-006
-31,-7,-7,-31,QY-031X-007
-31,-8,-8,-31,QY-031X-008
-31,-9,-9,-31,QY-031X-009
-31,-10,-10,-31,QY-031X-010
-31,-11,-11,-31,QY-031X-011
-31,-12,-12,-31,QY-031X-012
-31,-13,-13,-31,QY-031X-013
-31,-14,-14,-31,QY-031X-014
-31,-15,-15,-31,QY-031X-015
-31,-16,-16,-31,QY-031X-016
-31,-17,-17,-31,QY-031X-017
-31,-18,-18,-31,QY-031X-018
-31,-19,-19,-31,QY-031X-019
-31,-20,-20,-31,QY-031X-020
-31,-21,-21,-31,QY-031X-021
-31,-22,-22,-31,QY-031X-022
-31,-23,-23,-31,QY-031X-023
-31,-24,-24,-31,QY-031X-024
-31,-25,-25,-31,QY-031X-025
-31,-26,-26,-31,QY-031X-026
-31,-27,-27,-31,QY-031X-027
-31,-28,-28,-31,QY-031X-028
-31,-29,-29,-31,QY-031X-029
-31,-30,-30,-31,QY-031X-030
-31,-31,-31,-31,QY-031X-031
-31,-32,-32,-31,QY-031X-032
-31,-33,-33,-31,QY-031X-033
-31,-34,-34,-31,QY-031X-034
-31,-35,-35,-31,QY-031X-035
-31,-36,-36,-31,QY-031X-036
-31,-37,-37,-31,QY-031X-037
-31,-38,-38,-31,QY-031X-038
-30,-43,-43,-30,QY-030X-043
-30,-42,-42,-30,QY-030X-042
-30,-41,-41,-30,QY-030X-041
-30,-40,-40,-30,QY-030X-040
-30,-39,-39,-30,QY-030X-039
-30,-38,-38,-30,QY-030X-038
-30,-37,-37,-30,QY-030X-037
-30,-36,-36,-30,QY-030X-036
-30,-35,-35,-30,QY-030X-035
-30,-34,-34,-30,QY-030X-034
-30,-33,-33,-30,QY-030X-033
-30,-32,-32,-30,QY-030X-032
-30,-31,-31,-30,QY-030X-031
-30,-30,-30,-30,QY-030X-030
-30,-29,-29,-30,QY-030X-029
-30,-28,-28,-30,QY-030X-028
-30,-27,-27,-30,QY-030X-027
-30,-26,-26,-30,QY-030X-026
-30,-25,-25,-30,QY-030X-025
-30,-24,-24,-30,QY-030X-024
-30,-23,-23,-30,QY-030X-023
-30,-22,-22,-30,QY-030X-022
-30,-21,-21,-30,QY-030X-021
-30,-20,-20,-30,QY-030X-020
-30,-19,-19,-30,QY-030X-019
-30,-18,-18,-30,QY-030X-018
-30,-17,-17,-30,QY-030X-017
-30,-16,-16,-30,QY-030X-016
-30,-15,-15,-30,QY-030X-015
-30,-14,-14,-30,QY-030X-014
-30,-13,-13,-30,QY-030X-013
-30,-12,-12,-30,QY-030X-012
-30,-11,-11,-30,QY-030X-011
-30,-10,-10,-30,QY-030X-010
-30,-9,-9,-30,QY-030X-009
-30,-8,-8,-30,QY-030X-008
-30,-7,-7,-30,QY-030X-007
-30,-6,-6,-30,QY-030X-006
-30,-5,-5,-30,QY-030X-005
-30,-4,-4,-30,QY-030X-004
-30,-3,-3,-30,QY-030X-003
-30,-2,-2,-30,QY-030X-002
-30,-1,-1,-30,QY-030X-001
-30,0,0,-30,QY-030X0000
-30,1,1,-30,QY-030X0001
-30,2,2,-30,QY-030X0002
-30,3,3,-30,QY-030X0003
-30,4,4,-30,QY-030X0004
-30,5,5,-30,QY-030X0005
-30,6,6,-30,QY-030X0006
-30,7,7,-30,QY-030X0007
-30,8,8,-30,QY-030X0008
-30,9,9,-30,QY-030X0009
-30,10,10,-30,QY-030X0010
-30,11,11,-30,QY-030X0011
-30,12,12,-30,QY-030X0012
-30,13,13,-30,QY-030X0013
-30,14,14,-30,QY-030X0014
-30,15,15,-30,QY-030X0015
-30,16,16,-30,QY-030X0016
-30,17,17,-30,QY-030X0017
-30,18,18,-30,QY-030X0018
-30,19,19,-30,QY-030X0019
-30,20,20,-30,QY-030X0020
-30,21,21,-30,QY-030X0021
-30,22,22,-30,QY-030X0022
-30,23,23,-30,QY-030X0023
-30,24,24,-30,QY-030X0024
-30,25,25,-30,QY-030X0025
-30,26,26,-30,QY-030X0026
-30,27,27,-30,QY-030X0027
-30,28,28,-30,QY-030X0028
-30,29,29,-30,QY-030X0029
-30,30,30,-30,QY-030X0030
-30,31,31,-30,QY-030X0031
-30,32,32,-30,QY-030X0032
-30,33,33,-30,QY-030X0033
-30,34,34,-30,QY-030X0034
-30,35,35,-30,QY-030X0035
-30,36,36,-30,QY-030X0036
-30,37,37,-30,QY-030X0037
-30,38,38,-30,QY-030X0038
-30,39,39,-30,QY-030X0039
-30,40,40,-30,QY-030X0040
-30,41,41,-30,QY-030X0041
-29,41,41,-29,QY-029X0041
-29,40,40,-29,QY-029X0040
-29,39,39,-29,QY-029X0039
-29,38,38,-29,QY-029X0038
-29,37,37,-29,QY-029X0037
-29,36,36,-29,QY-029X0036
-29,35,35,-29,QY-029X0035
-29,34,34,-29,QY-029X0034
-29,33,33,-29,QY-029X0033
-29,32,32,-29,QY-029X0032
-29,31,31,-29,QY-029X0031
-29,30,30,-29,QY-029X0030
-29,29,29,-29,QY-029X0029
-29,28,28,-29,QY-029X0028
-29,27,27,-29,QY-029X0027
-29,26,26,-29,QY-029X0026
-29,25,25,-29,QY-029X0025
-29,24,24,-29,QY-029X0024
-29,23,23,-29,QY-029X0023
-29,22,22,-29,QY-029X0022
-29,21,21,-29,QY-029X0021
-29,20,20,-29,QY-029X0020
-29,19,19,-29,QY-029X0019
-29,18,18,-29,QY-029X0018
-29,17,17,-29,QY-029X0017
-29,16,16,-29,QY-029X0016
-29,15,15,-29,QY-029X0015
-29,14,14,-29,QY-029X0014
-29,13,13,-29,QY-029X0013
-29,12,12,-29,QY-029X0012
-29,11,11,-29,QY-029X0011
-29,10,10,-29,QY-029X0010
-29,9,9,-29,QY-029X0009
-29,8,8,-29,QY-029X0008
-29,7,7,-29,QY-029X0007
-29,6,6,-29,QY-029X0006
-29,5,5,-29,QY-029X0005
-29,4,4,-29,QY-029X0004
-29,3,3,-29,QY-029X0003
-29,2,2,-29,QY-029X0002
-29,1,1,-29,QY-029X0001
-29,0,0,-29,QY-029X0000
-29,-1,-1,-29,QY-029X-001
-29,-2,-2,-29,QY-029X-002
-29,-3,-3,-29,QY-029X-003
-29,-4,-4,-29,QY-029X-004
-29,-5,-5,-29,QY-029X-005
-29,-6,-6,-29,QY-029X-006
-29,-7,-7,-29,QY-029X-007
-29,-8,-8,-29,QY-029X-008
-29,-9,-9,-29,QY-029X-009
-29,-10,-10,-29,QY-029X-010
-29,-11,-11,-29,QY-029X-011
-29,-12,-12,-29,QY-029X-012
-29,-13,-13,-29,QY-029X-013
-29,-14,-14,-29,QY-029X-014
-29,-15,-15,-29,QY-029X-015
-29,-16,-16,-29,QY-029X-016
-29,-17,-17,-29,QY-029X-017
-29,-18,-18,-29,QY-029X-018
-29,-19,-19,-29,QY-029X-019
-29,-20,-20,-29,QY-029X-020
-29,-21,-21,-29,QY-029X-021
-29,-22,-22,-29,QY-029X-022
-29,-23,-23,-29,QY-029X-023
-29,-24,-24,-29,QY-029X-024
-29,-25,-25,-29,QY-029X-025
-29,-26,-26,-29,QY-029X-026
-29,-27,-27,-29,QY-029X-027
-29,-28,-28,-29,QY-029X-028
-29,-29,-29,-29,QY-029X-029
-29,-30,-30,-29,QY-029X-030
-29,-31,-31,-29,QY-029X-031
-29,-32,-32,-29,QY-029X-032
-29,-33,-33,-29,QY-029X-033
-29,-34,-34,-29,QY-029X-034
-29,-35,-35,-29,QY-029X-035
-29,-36,-36,-29,QY-029X-036
-29,-37,-37,-29,QY-029X-037
-29,-38,-38,-29,QY-029X-038
-29,-39,-39,-29,QY-029X-039
-29,-40,-40,-29,QY-029X-040
-29,-41,-41,-29,QY-029X-041
-29,-42,-42,-29,QY-029X-042
-29,-43,-43,-29,QY-029X-043
-28,-43,-43,-28,QY-028X-043
-28,-42,-42,-28,QY-028X-042
-28,-41,-41,-28,QY-028X-041
-28,-40,-40,-28,QY-028X-040
-28,-39,-39,-28,QY-028X-039
-28,-38,-38,-28,QY-028X-038
-28,-37,-37,-28,QY-028X-037
-28,-36,-36,-28,QY-028X-036
-28,-35,-35,-28,QY-028X-035
-28,-34,-34,-28,QY-028X-034
-28,-33,-33,-28,QY-028X-033
-28,-32,-32,-28,QY-028X-032
-28,-31,-31,-28,QY-028X-031
-28,-30,-30,-28,QY-028X-030
-28,-29,-29,-28,QY-028X-029
-28,-28,-28,-28,QY-028X-028
-28,-27,-27,-28,QY-028X-027
-28,-26,-26,-28,QY-028X-026
-28,-25,-25,-28,QY-028X-025
-28,-24,-24,-28,QY-028X-024
-28,-23,-23,-28,QY-028X-023
-28,-22,-22,-28,QY-028X-022
-28,-21,-21,-28,QY-028X-021
-28,-20,-20,-28,QY-028X-020
-28,-19,-19,-28,QY-028X-019
-28,-18,-18,-28,QY-028X-018
-28,-17,-17,-28,QY-028X-017
-28,-16,-16,-28,QY-028X-016
-28,-15,-15,-28,QY-028X-015
-28,-14,-14,-28,QY-028X-014
-28,-13,-13,-28,QY-028X-013
-28,-12,-12,-28,QY-028X-012
-28,-11,-11,-28,QY-028X-011
-28,-10,-10,-28,QY-028X-010
-28,-9,-9,-28,QY-028X-009
-28,-8,-8,-28,QY-028X-008
-28,-7,-7,-28,QY-028X-007
-28,-6,-6,-28,QY-028X-006
-28,-5,-5,-28,QY-028X-005
-28,-4,-4,-28,QY-028X-004
-28,-3,-3,-28,QY-028X-003
-28,-2,-2,-28,QY-028X-002
-28,-1,-1,-28,QY-028X-001
-28,0,0,-28,QY-028X0000
-28,1,1,-28,QY-028X0001
-28,2,2,-28,QY-028X0002
-28,3,3,-28,QY-028X0003
-28,4,4,-28,QY-028X0004
-28,5,5,-28,QY-028X0005
-28,6,6,-28,QY-028X0006
-28,7,7,-28,QY-028X0007
-28,8,8,-28,QY-028X0008
-28,9,9,-28,QY-028X0009
-28,10,10,-28,QY-028X0010
-28,11,11,-28,QY-028X0011
-28,12,12,-28,QY-028X0012
-28,13,13,-28,QY-028X0013
-28,14,14,-28,QY-028X0014
-28,15,15,-28,QY-028X0015
-28,16,16,-28,QY-028X0016
-28,17,17,-28,QY-028X0017
-28,18,18,-28,QY-028X0018
-28,19,19,-28,QY-028X0019
-28,20,20,-28,QY-028X0020
-28,21,21,-28,QY-028X0021
-28,22,22,-28,QY-028X0022
-28,23,23,-28,QY-028X0023
-28,24,24,-28,QY-028X0024
-28,25,25,-28,QY-028X0025
-28,26,26,-28,QY-028X0026
-28,27,27,-28,QY-028X0027
-28,28,28,-28,QY-028X0028
-28,29,29,-28,QY-028X0029
-28,30,30,-28,QY-028X0030
-28,31,31,-28,QY-028X0031
-28,32,32,-28,QY-028X0032
-28,33,33,-28,QY-028X0033
-28,34,34,-28,QY-028X0034
-28,35,35,-28,QY-028X0035
-28,36,36,-28,QY-028X0036
-28,37,37,-28,QY-028X0037
-28,38,38,-28,QY-028X0038
-28,39,39,-28,QY-028X0039
-28,40,40,-28,QY-028X0040
-28,41,41,-28,QY-028X0041
-27,41,41,-27,QY-027X0041
-27,40,40,-27,QY-027X0040
-27,39,39,-27,QY-027X0039
-27,38,38,-27,QY-027X0038
-27,37,37,-27,QY-027X0037
-27,36,36,-27,QY-027X0036
-27,35,35,-27,QY-027X0035
-27,34,34,-27,QY-027X0034
-27,33,33,-27,QY-027X0033
-27,32,32,-27,QY-027X0032
-27,31,31,-27,QY-027X0031
-27,30,30,-27,QY-027X0030
-27,29,29,-27,QY-027X0029
-27,28,28,-27,QY-027X0028
-27,27,27,-27,QY-027X0027
-27,26,26,-27,QY-027X0026
-27,25,25,-27,QY-027X0025
-27,24,24,-27,QY-027X0024
-27,23,23,-27,QY-027X0023
-27,22,22,-27,QY-027X0022
-27,21,21,-27,QY-027X0021
-27,20,20,-27,QY-027X0020
-27,19,19,-27,QY-027X0019
-27,18,18,-27,QY-027X0018
-27,17,17,-27,QY-027X0017
-27,16,16,-27,QY-027X0016
-27,15,15,-27,QY-027X0015
-27,14,14,-27,QY-027X0014
-27,13,13,-27,QY-027X0013
-27,12,12,-27,QY-027X0012
-27,11,11,-27,QY-027X0011
-27,10,10,-27,QY-027X0010
-27,9,9,-27,QY-027X0009
-27,8,8,-27,QY-027X0008
-27,7,7,-27,QY-027X0007
-27,6,6,-27,QY-027X0006
-27,5,5,-27,QY-027X0005
-27,4,4,-27,QY-027X0004
-27,3,3,-27,QY-027X0003
-27,2,2,-27,QY-027X0002
-27,1,1,-27,QY-027X0001
-27,0,0,-27,QY-027X0000
-27,-1,-1,-27,QY-027X-001
-27,-2,-2,-27,QY-027X-002
-27,-3,-3,-27,QY-027X-003
-27,-4,-4,-27,QY-027X-004
-27,-5,-5,-27,QY-027X-005
-27,-6,-6,-27,QY-027X-006
-27,-7,-7,-27,QY-027X-007
-27,-8,-8,-27,QY-027X-008
-27,-9,-9,-27,QY-027X-009
-27,-10,-10,-27,QY-027X-010
-27,-11,-11,-27,QY-027X-011
-27,-12,-12,-27,QY-027X-012
-27,-13,-13,-27,QY-027X-013
-27,-14,-14,-27,QY-027X-014
-27,-15,-15,-27,QY-027X-015
-27,-16,-16,-27,QY-027X-016
-27,-17,-17,-27,QY-027X-017
-27,-18,-18,-27,QY-027X-018
-27,-19,-19,-27,QY-027X-019
-27,-20,-20,-27,QY-027X-020
-27,-21,-21,-27,QY-027X-021
-27,-22,-22,-27,QY-027X-022
-27,-23,-23,-27,QY-027X-023
-27,-24,-24,-27,QY-027X-024
-27,-25,-25,-27,QY-027X-025
-27,-26,-26,-27,QY-027X-026
-27,-27,-27,-27,QY-027X-027
-27,-28,-28,-27,QY-027X-028
-27,-29,-29,-27,QY-027X-029
-27,-30,-30,-27,QY-027X-030
-27,-31,-31,-27,QY-027X-031
-27,-32,-32,-27,QY-027X-032
-27,-33,-33,-27,QY-027X-033
-27,-34,-34,-27,QY-027X-034
-27,-35,-35,-27,QY-027X-035
-27,-36,-36,-27,QY-027X-036
-27,-37,-37,-27,QY-027X-037
-27,-38,-38,-27,QY-027X-038
-27,-39,-39,-27,QY-027X-039
-27,-40,-40,-27,QY-027X-040
-27,-41,-41,-27,QY-027X-041
-27,-42,-42,-27,QY-027X-042
-27,-43,-43,-27,QY-027X-043
-26,-43,-43,-26,QY-026X-043
-26,-42,-42,-26,QY-026X-042
-26,-41,-41,-26,QY-026X-041
-26,-40,-40,-26,QY-026X-040
-26,-39,-39,-26,QY-026X-039
-26,-38,-38,-26,QY-026X-038
-26,-37,-37,-26,QY-026X-037
-26,-36,-36,-26,QY-026X-036
-26,-35,-35,-26,QY-026X-035
-26,-34,-34,-26,QY-026X-034
-26,-33,-33,-26,QY-026X-033
-26,-32,-32,-26,QY-026X-032
-26,-31,-31,-26,QY-026X-031
-26,-30,-30,-26,QY-026X-030
-26,-29,-29,-26,QY-026X-029
-26,-28,-28,-26,QY-026X-028
-26,-27,-27,-26,QY-026X-027
-26,-26,-26,-26,QY-026X-026
-26,-25,-25,-26,QY-026X-025
-26,-24,-24,-26,QY-026X-024
-26,-23,-23,-26,QY-026X-023
-26,-22,-22,-26,QY-026X-022
-26,-21,-21,-26,QY-026X-021
-26,-20,-20,-26,QY-026X-020
-26,-19,-19,-26,QY-026X-019
-26,-18,-18,-26,QY-026X-018
-26,-17,-17,-26,QY-026X-017
-26,-16,-16,-26,QY-026X-016
-26,-15,-15,-26,QY-026X-015
-26,-14,-14,-26,QY-026X-014
-26,-13,-13,-26,QY-026X-013
-26,-12,-12,-26,QY-026X-012
-26,-11,-11,-26,QY-026X-011
-26,-10,-10,-26,QY-026X-010
-26,-9,-9,-26,QY-026X-009
-26,-8,-8,-26,QY-026X-008
-26,-7,-7,-26,QY-026X-007
-26,-6,-6,-26,QY-026X-006
-26,-5,-5,-26,QY-026X-005
-26,-4,-4,-26,QY-026X-004
-26,-3,-3,-26,QY-026X-003
-26,-2,-2,-26,QY-026X-002
-26,-1,-1,-26,QY-026X-001
-26,0,0,-26,QY-026X0000
-26,1,1,-26,QY-026X0001
-26,2,2,-26,QY-026X0002
-26,3,3,-26,QY-026X0003
-26,4,4,-26,QY-026X0004
-26,5,5,-26,QY-026X0005
-26,6,6,-26,QY-026X0006
-26,7,7,-26,QY-026X0007
-26,8,8,-26,QY-026X0008
-26,9,9,-26,QY-026X0009
-26,10,10,-26,QY-026X0010
-26,11,11,-26,QY-026X0011
-26,12,12,-26,QY-026X0012
-26,13,13,-26,QY-026X0013
-26,14,14,-26,QY-026X0014
-26,15,15,-26,QY-026X0015
-26,16,16,-26,QY-026X0016
-26,17,17,-26,QY-026X0017
-26,18,18,-26,QY-026X0018
-26,19,19,-26,QY-026X0019
-26,20,20,-26,QY-026X0020
-26,21,21,-26,QY-026X0021
-26,22,22,-26,QY-026X0022
-26,23,23,-26,QY-026X0023
-26,24,24,-26,QY-026X0024
-26,25,25,-26,QY-026X0025
-26,26,26,-26,QY-026X0026
-26,27,27,-26,QY-026X0027
-26,28,28,-26,QY-026X0028
-26,29,29,-26,QY-026X0029
-26,30,30,-26,QY-026X0030
-26,31,31,-26,QY-026X0031
-26,32,32,-26,QY-026X0032
-26,33,33,-26,QY-026X0033
-26,34,34,-26,QY-026X0034
-26,35,35,-26,QY-026X0035
-26,36,36,-26,QY-026X0036
-26,37,37,-26,QY-026X0037
-26,38,38,-26,QY-026X0038
-26,39,39,-26,QY-026X0039
-26,40,40,-26,QY-026X0040
-26,41,41,-26,QY-026X0041
-25,41,41,-25,QY-025X0041
-25,40,40,-25,QY-025X0040
-25,39,39,-25,QY-025X0039
-25,38,38,-25,QY-025X0038
-25,37,37,-25,QY-025X0037
-25,36,36,-25,QY-025X0036
-25,35,35,-25,QY-025X0035
-25,34,34,-25,QY-025X0034
-25,33,33,-25,QY-025X0033
-25,32,32,-25,QY-025X0032
-25,31,31,-25,QY-025X0031
-25,30,30,-25,QY-025X0030
-25,29,29,-25,QY-025X0029
-25,28,28,-25,QY-025X0028
-25,27,27,-25,QY-025X0027
-25,26,26,-25,QY-025X0026
-25,25,25,-25,QY-025X0025
-25,24,24,-25,QY-025X0024
-25,23,23,-25,QY-025X0023
-25,22,22,-25,QY-025X0022
-25,21,21,-25,QY-025X0021
-25,20,20,-25,QY-025X0020
-25,19,19,-25,QY-025X0019
-25,18,18,-25,QY-025X0018
-25,17,17,-25,QY-025X0017
-25,16,16,-25,QY-025X0016
-25,15,15,-25,QY-025X0015
-25,14,14,-25,QY-025X0014
-25,13,13,-25,QY-025X0013
-25,12,12,-25,QY-025X0012
-25,11,11,-25,QY-025X0011
-25,10,10,-25,QY-025X0010
-25,9,9,-25,QY-025X0009
-25,8,8,-25,QY-025X0008
-25,7,7,-25,QY-025X0007
-25,6,6,-25,QY-025X0006
-25,5,5,-25,QY-025X0005
-25,4,4,-25,QY-025X0004
-25,3,3,-25,QY-025X0003
-25,2,2,-25,QY-025X0002
-25,1,1,-25,QY-025X0001
-25,0,0,-25,QY-025X0000
-25,-1,-1,-25,QY-025X-001
-25,-2,-2,-25,QY-025X-002
-25,-3,-3,-25,QY-025X-003
-25,-4,-4,-25,QY-025X-004
-25,-5,-5,-25,QY-025X-005
-25,-6,-6,-25,QY-025X-006
-25,-7,-7,-25,QY-025X-007
-25,-8,-8,-25,QY-025X-008
-25,-9,-9,-25,QY-025X-009
-25,-10,-10,-25,QY-025X-010
-25,-11,-11,-25,QY-025X-011
-25,-12,-12,-25,QY-025X-012
-25,-13,-13,-25,QY-025X-013
-25,-14,-14,-25,QY-025X-014
-25,-15,-15,-25,QY-025X-015
-25,-16,-16,-25,QY-025X-016
-25,-17,-17,-25,QY-025X-017
-25,-18,-18,-25,QY-025X-018
-25,-19,-19,-25,QY-025X-019
-25,-20,-20,-25,QY-025X-020
-25,-21,-21,-25,QY-025X-021
-25,-22,-22,-25,QY-025X-022
-25,-23,-23,-25,QY-025X-023
-25,-24,-24,-25,QY-025X-024
-25,-25,-25,-25,QY-025X-025
-25,-26,-26,-25,QY-025X-026
-25,-27,-27,-25,QY-025X-027
-25,-28,-28,-25,QY-025X-028
-25,-29,-29,-25,QY-025X-029
-25,-30,-30,-25,QY-025X-030
-25,-31,-31,-25,QY-025X-031
-25,-32,-32,-25,QY-025X-032
-25,-33,-33,-25,QY-025X-033
-25,-34,-34,-25,QY-025X-034
-25,-35,-35,-25,QY-025X-035
-25,-36,-36,-25,QY-025X-036
-25,-37,-37,-25,QY-025X-037
-25,-38,-38,-25,QY-025X-038
-25,-39,-39,-25,QY-025X-039
-25,-40,-40,-25,QY-025X-040
-25,-41,-41,-25,QY-025X-041
-25,-42,-42,-25,QY-025X-042
-25,-43,-43,-25,QY-025X-043
-24,-43,-43,-24,QY-024X-043
-24,-42,-42,-24,QY-024X-042
-24,-41,-41,-24,QY-024X-041
-24,-40,-40,-24,QY-024X-040
-24,-39,-39,-24,QY-024X-039
-24,-38,-38,-24,QY-024X-038
-24,-37,-37,-24,QY-024X-037
-24,-36,-36,-24,QY-024X-036
-24,-35,-35,-24,QY-024X-035
-24,-34,-34,-24,QY-024X-034
-24,-33,-33,-24,QY-024X-033
-24,-32,-32,-24,QY-024X-032
-24,-31,-31,-24,QY-024X-031
-24,-30,-30,-24,QY-024X-030
-24,-29,-29,-24,QY-024X-029
-24,-28,-28,-24,QY-024X-028
-24,-27,-27,-24,QY-024X-027
-24,-26,-26,-24,QY-024X-026
-24,-25,-25,-24,QY-024X-025
-24,-24,-24,-24,QY-024X-024
-24,-23,-23,-24,QY-024X-023
-24,-22,-22,-24,QY-024X-022
-24,-21,-21,-24,QY-024X-021
-24,-20,-20,-24,QY-024X-020
-24,-19,-19,-24,QY-024X-019
-24,-18,-18,-24,QY-024X-018
-24,-17,-17,-24,QY-024X-017
-24,-16,-16,-24,QY-024X-016
-24,-15,-15,-24,QY-024X-015
-24,-14,-14,-24,QY-024X-014
-24,-13,-13,-24,QY-024X-013
-24,-12,-12,-24,QY-024X-012
-24,-11,-11,-24,QY-024X-011
-24,-10,-10,-24,QY-024X-010
-24,-9,-9,-24,QY-024X-009
-24,-8,-8,-24,QY-024X-008
-24,-7,-7,-24,QY-024X-007
-24,-6,-6,-24,QY-024X-006
-24,-5,-5,-24,QY-024X-005
-24,-4,-4,-24,QY-024X-004
-24,-3,-3,-24,QY-024X-003
-24,-2,-2,-24,QY-024X-002
-24,-1,-1,-24,QY-024X-001
-24,0,0,-24,QY-024X0000
-24,1,1,-24,QY-024X0001
-24,2,2,-24,QY-024X0002
-24,3,3,-24,QY-024X0003
-24,4,4,-24,QY-024X0004
-24,5,5,-24,QY-024X0005
-24,6,6,-24,QY-024X0006
-24,7,7,-24,QY-024X0007
-24,8,8,-24,QY-024X0008
-24,9,9,-24,QY-024X0009
-24,10,10,-24,QY-024X0010
-24,11,11,-24,QY-024X0011
-24,12,12,-24,QY-024X0012
-24,13,13,-24,QY-024X0013
-24,14,14,-24,QY-024X0014
-24,15,15,-24,QY-024X0015
-24,16,16,-24,QY-024X0016
-24,17,17,-24,QY-024X0017
-24,18,18,-24,QY-024X0018
-24,19,19,-24,QY-024X0019
-24,20,20,-24,QY-024X0020
-24,21,21,-24,QY-024X0021
-24,22,22,-24,QY-024X0022
-24,23,23,-24,QY-024X0023
-24,24,24,-24,QY-024X0024
-24,25,25,-24,QY-024X0025
-24,26,26,-24,QY-024X0026
-24,27,27,-24,QY-024X0027
-24,28,28,-24,QY-024X0028
-24,29,29,-24,QY-024X0029
-24,30,30,-24,QY-024X0030
-24,31,31,-24,QY-024X0031
-24,32,32,-24,QY-024X0032
-24,33,33,-24,QY-024X0033
-24,34,34,-24,QY-024X0034
-24,35,35,-24,QY-024X0035
-24,36,36,-24,QY-024X0036
-24,37,37,-24,QY-024X0037
-24,38,38,-24,QY-024X0038
-24,39,39,-24,QY-024X0039
-24,40,40,-24,QY-024X0040
-24,41,41,-24,QY-024X0041
-23,41,41,-23,QY-023X0041
-23,40,40,-23,QY-023X0040
-23,39,39,-23,QY-023X0039
-23,38,38,-23,QY-023X0038
-23,37,37,-23,QY-023X0037
-23,36,36,-23,QY-023X0036
-23,35,35,-23,QY-023X0035
-23,34,34,-23,QY-023X0034
-23,33,33,-23,QY-023X0033
-23,32,32,-23,QY-023X0032
-23,31,31,-23,QY-023X0031
-23,30,30,-23,QY-023X0030
-23,29,29,-23,QY-023X0029
-23,28,28,-23,QY-023X0028
-23,27,27,-23,QY-023X0027
-23,26,26,-23,QY-023X0026
-23,25,25,-23,QY-023X0025
-23,24,24,-23,QY-023X0024
-23,23,23,-23,QY-023X0023
-23,22,22,-23,QY-023X0022
-23,21,21,-23,QY-023X0021
-23,20,20,-23,QY-023X0020
-23,19,19,-23,QY-023X0019
-23,18,18,-23,QY-023X0018
-23,17,17,-23,QY-023X0017
-23,16,16,-23,QY-023X0016
-23,15,15,-23,QY-023X0015
-23,14,14,-23,QY-023X0014
-23,13,13,-23,QY-023X0013
-23,12,12,-23,QY-023X0012
-23,11,11,-23,QY-023X0011
-23,10,10,-23,QY-023X0010
-23,9,9,-23,QY-023X0009
-23,8,8,-23,QY-023X0008
-23,7,7,-23,QY-023X0007
-23,6,6,-23,QY-023X0006
-23,5,5,-23,QY-023X0005
-23,4,4,-23,QY-023X0004
-23,3,3,-23,QY-023X0003
-23,2,2,-23,QY-023X0002
-23,1,1,-23,QY-023X0001
-23,0,0,-23,QY-023X0000
-23,-1,-1,-23,QY-023X-001
-23,-2,-2,-23,QY-023X-002
-23,-3,-3,-23,QY-023X-003
-23,-4,-4,-23,QY-023X-004
-23,-5,-5,-23,QY-023X-005
-23,-6,-6,-23,QY-023X-006
-23,-7,-7,-23,QY-023X-007
-23,-8,-8,-23,QY-023X-008
-23,-9,-9,-23,QY-023X-009
-23,-10,-10,-23,QY-023X-010
-23,-11,-11,-23,QY-023X-011
-23,-12,-12,-23,QY-023X-012
-23,-13,-13,-23,QY-023X-013
-23,-14,-14,-23,QY-023X-014
-23,-15,-15,-23,QY-023X-015
-23,-16,-16,-23,QY-023X-016
-23,-17,-17,-23,QY-023X-017
-23,-18,-18,-23,QY-023X-018
-23,-19,-19,-23,QY-023X-019
-23,-20,-20,-23,QY-023X-020
-23,-21,-21,-23,QY-023X-021
-23,-22,-22,-23,QY-023X-022
-23,-23,-23,-23,QY-023X-023
-23,-24,-24,-23,QY-023X-024
-23,-25,-25,-23,QY-023X-025
-23,-26,-26,-23,QY-023X-026
-23,-27,-27,-23,QY-023X-027
-23,-28,-28,-23,QY-023X-028
-23,-29,-29,-23,QY-023X-029
-23,-30,-30,-23,QY-023X-030
-23,-31,-31,-23,QY-023X-031
-23,-32,-32,-23,QY-023X-032
-23,-33,-33,-23,QY-023X-033
-23,-34,-34,-23,QY-023X-034
-23,-35,-35,-23,QY-023X-035
-23,-36,-36,-23,QY-023X-036
-23,-37,-37,-23,QY-023X-037
-23,-38,-38,-23,QY-023X-038
-23,-39,-39,-23,QY-023X-039
-23,-40,-40,-23,QY-023X-040
-23,-41,-41,-23,QY-023X-041
-23,-42,-42,-23,QY-023X-042
-23,-43,-43,-23,QY-023X-043
-22,-43,-43,-22,QY-022X-043
-22,-42,-42,-22,QY-022X-042
-22,-41,-41,-22,QY-022X-041
-22,-40,-40,-22,QY-022X-040
-22,-39,-39,-22,QY-022X-039
-22,-38,-38,-22,QY-022X-038
-22,-37,-37,-22,QY-022X-037
-22,-36,-36,-22,QY-022X-036
-22,-35,-35,-22,QY-022X-035
-22,-34,-34,-22,QY-022X-034
-22,-33,-33,-22,QY-022X-033
-22,-32,-32,-22,QY-022X-032
-22,-31,-31,-22,QY-022X-031
-22,-30,-30,-22,QY-022X-030
-22,-29,-29,-22,QY-022X-029
-22,-28,-28,-22,QY-022X-028
-22,-27,-27,-22,QY-022X-027
-22,-26,-26,-22,QY-022X-026
-22,-25,-25,-22,QY-022X-025
-22,-24,-24,-22,QY-022X-024
-22,-23,-23,-22,QY-022X-023
-22,-22,-22,-22,QY-022X-022
-22,-21,-21,-22,QY-022X-021
-22,-20,-20,-22,QY-022X-020
-22,-19,-19,-22,QY-022X-019
-22,-18,-18,-22,QY-022X-018
-22,-17,-17,-22,QY-022X-017
-22,-16,-16,-22,QY-022X-016
-22,-15,-15,-22,QY-022X-015
-22,-14,-14,-22,QY-022X-014
-22,-13,-13,-22,QY-022X-013
-22,-12,-12,-22,QY-022X-012
-22,-11,-11,-22,QY-022X-011
-22,-10,-10,-22,QY-022X-010
-22,-9,-9,-22,QY-022X-009
-22,-8,-8,-22,QY-022X-008
-22,-7,-7,-22,QY-022X-007
-22,-6,-6,-22,QY-022X-006
-22,-5,-5,-22,QY-022X-005
-22,-4,-4,-22,QY-022X-004
-22,-3,-3,-22,QY-022X-003
-22,-2,-2,-22,QY-022X-002
-22,-1,-1,-22,QY-022X-001
-22,0,0,-22,QY-022X0000
-22,1,1,-22,QY-022X0001
-22,2,2,-22,QY-022X0002
-22,3,3,-22,QY-022X0003
-22,4,4,-22,QY-022X0004
-22,5,5,-22,QY-022X0005
-22,6,6,-22,QY-022X0006
-22,7,7,-22,QY-022X0007
-22,8,8,-22,QY-022X0008
-22,9,9,-22,QY-022X0009
-22,10,10,-22,QY-022X0010
-22,11,11,-22,QY-022X0011
-22,12,12,-22,QY-022X0012
-22,13,13,-22,QY-022X0013
-22,14,14,-22,QY-022X0014
-22,15,15,-22,QY-022X0015
-22,16,16,-22,QY-022X0016
-22,17,17,-22,QY-022X0017
-22,18,18,-22,QY-022X0018
-22,19,19,-22,QY-022X0019
-22,20,20,-22,QY-022X0020
-22,21,21,-22,QY-022X0021
-22,22,22,-22,QY-022X0022
-22,23,23,-22,QY-022X0023
-22,24,24,-22,QY-022X0024
-22,25,25,-22,QY-022X0025
-22,26,26,-22,QY-022X0026
-22,27,27,-22,QY-022X0027
-22,28,28,-22,QY-022X0028
-22,29,29,-22,QY-022X0029
-22,30,30,-22,QY-022X0030
-22,31,31,-22,QY-022X0031
-22,32,32,-22,QY-022X0032
-22,33,33,-22,QY-022X0033
-22,34,34,-22,QY-022X0034
-22,35,35,-22,QY-022X0035
-22,36,36,-22,QY-022X0036
-22,37,37,-22,QY-022X0037
-22,38,38,-22,QY-022X0038
-22,39,39,-22,QY-022X0039
-22,40,40,-22,QY-022X0040
-22,41,41,-22,QY-022X0041
-21,41,41,-21,QY-021X0041
-21,40,40,-21,QY-021X0040
-21,39,39,-21,QY-021X0039
-21,38,38,-21,QY-021X0038
-21,37,37,-21,QY-021X0037
-21,36,36,-21,QY-021X0036
-21,35,35,-21,QY-021X0035
-21,34,34,-21,QY-021X0034
-21,33,33,-21,QY-021X0033
-21,32,32,-21,QY-021X0032
-21,31,31,-21,QY-021X0031
-21,30,30,-21,QY-021X0030
-21,29,29,-21,QY-021X0029
-21,28,28,-21,QY-021X0028
-21,27,27,-21,QY-021X0027
-21,26,26,-21,QY-021X0026
-21,25,25,-21,QY-021X0025
-21,24,24,-21,QY-021X0024
-21,23,23,-21,QY-021X0023
-21,22,22,-21,QY-021X0022
-21,21,21,-21,QY-021X0021
-21,20,20,-21,QY-021X0020
-21,19,19,-21,QY-021X0019
-21,18,18,-21,QY-021X0018
-21,17,17,-21,QY-021X0017
-21,16,16,-21,QY-021X0016
-21,15,15,-21,QY-021X0015
-21,14,14,-21,QY-021X0014
-21,13,13,-21,QY-021X0013
-21,12,12,-21,QY-021X0012
-21,11,11,-21,QY-021X0011
-21,10,10,-21,QY-021X0010
-21,9,9,-21,QY-021X0009
-21,8,8,-21,QY-021X0008
-21,7,7,-21,QY-021X0007
-21,6,6,-21,QY-021X0006
-21,5,5,-21,QY-021X0005
-21,4,4,-21,QY-021X0004
-21,3,3,-21,QY-021X0003
-21,2,2,-21,QY-021X0002
-21,1,1,-21,QY-021X0001
-21,0,0,-21,QY-021X0000
-21,-1,-1,-21,QY-021X-001
-21,-2,-2,-21,QY-021X-002
-21,-3,-3,-21,QY-021X-003
-21,-4,-4,-21,QY-021X-004
-21,-5,-5,-21,QY-021X-005
-21,-6,-6,-21,QY-021X-006
-21,-7,-7,-21,QY-021X-007
-21,-8,-8,-21,QY-021X-008
-21,-9,-9,-21,QY-021X-009
-21,-10,-10,-21,QY-021X-010
-21,-11,-11,-21,QY-021X-011
-21,-12,-12,-21,QY-021X-012
-21,-13,-13,-21,QY-021X-013
-21,-14,-14,-21,QY-021X-014
-21,-15,-15,-21,QY-021X-015
-21,-16,-16,-21,QY-021X-016
-21,-17,-17,-21,QY-021X-017
-21,-18,-18,-21,QY-021X-018
-21,-19,-19,-21,QY-021X-019
-21,-20,-20,-21,QY-021X-020
-21,-21,-21,-21,QY-021X-021
-21,-22,-22,-21,QY-021X-022
-21,-23,-23,-21,QY-021X-023
-21,-24,-24,-21,QY-021X-024
-21,-25,-25,-21,QY-021X-025
-21,-26,-26,-21,QY-021X-026
-21,-27,-27,-21,QY-021X-027
-21,-28,-28,-21,QY-021X-028
-21,-29,-29,-21,QY-021X-029
-21,-30,-30,-21,QY-021X-030
-21,-31,-31,-21,QY-021X-031
-21,-32,-32,-21,QY-021X-032
-21,-33,-33,-21,QY-021X-033
-21,-34,-34,-21,QY-021X-034
-21,-35,-35,-21,QY-021X-035
-21,-36,-36,-21,QY-021X-036
-21,-37,-37,-21,QY-021X-037
-21,-38,-38,-21,QY-021X-038
-21,-39,-39,-21,QY-021X-039
-21,-40,-40,-21,QY-021X-040
-21,-41,-41,-21,QY-021X-041
-21,-42,-42,-21,QY-021X-042
-21,-43,-43,-21,QY-021X-043
-20,-48,-48,-20,QY-020X-048
-20,-47,-47,-20,QY-020X-047
-20,-46,-46,-20,QY-020X-046
-20,-45,-45,-20,QY-020X-045
-20,-44,-44,-20,QY-020X-044
-20,-43,-43,-20,QY-020X-043
-20,-42,-42,-20,QY-020X-042
-20,-41,-41,-20,QY-020X-041
-20,-40,-40,-20,QY-020X-040
-20,-39,-39,-20,QY-020X-039
-20,-38,-38,-20,QY-020X-038
-20,-37,-37,-20,QY-020X-037
-20,-36,-36,-20,QY-020X-036
-20,-35,-35,-20,QY-020X-035
-20,-34,-34,-20,QY-020X-034
-20,-33,-33,-20,QY-020X-033
-20,-32,-32,-20,QY-020X-032
-20,-31,-31,-20,QY-020X-031
-20,-30,-30,-20,QY-020X-030
-20,-29,-29,-20,QY-020X-029
-20,-28,-28,-20,QY-020X-028
-20,-27,-27,-20,QY-020X-027
-20,-26,-26,-20,QY-020X-026
-20,-25,-25,-20,QY-020X-025
-20,-24,-24,-20,QY-020X-024
-20,-23,-23,-20,QY-020X-023
-20,-22,-22,-20,QY-020X-022
-20,-21,-21,-20,QY-020X-021
-20,-20,-20,-20,QY-020X-020
-20,-19,-19,-20,QY-020X-019
-20,-18,-18,-20,QY-020X-018
-20,-17,-17,-20,QY-020X-017
-20,-16,-16,-20,QY-020X-016
-20,-15,-15,-20,QY-020X-015
-20,-14,-14,-20,QY-020X-014
-20,-13,-13,-20,QY-020X-013
-20,-12,-12,-20,QY-020X-012
-20,-11,-11,-20,QY-020X-011
-20,-10,-10,-20,QY-020X-010
-20,-9,-9,-20,QY-020X-009
-20,-8,-8,-20,QY-020X-008
-20,-7,-7,-20,QY-020X-007
-20,-6,-6,-20,QY-020X-006
-20,-5,-5,-20,QY-020X-005
-20,-4,-4,-20,QY-020X-004
-20,-3,-3,-20,QY-020X-003
-20,-2,-2,-20,QY-020X-002
-20,-1,-1,-20,QY-020X-001
-20,0,0,-20,QY-020X0000
-20,1,1,-20,QY-020X0001
-20,2,2,-20,QY-020X0002
-20,3,3,-20,QY-020X0003
-20,4,4,-20,QY-020X0004
-20,5,5,-20,QY-020X0005
-20,6,6,-20,QY-020X0006
-20,7,7,-20,QY-020X0007
-20,8,8,-20,QY-020X0008
-20,9,9,-20,QY-020X0009
-20,10,10,-20,QY-020X0010
-20,11,11,-20,QY-020X0011
-20,12,12,-20,QY-020X0012
-20,13,13,-20,QY-020X0013
-20,14,14,-20,QY-020X0014
-20,15,15,-20,QY-020X0015
-20,16,16,-20,QY-020X0016
-20,17,17,-20,QY-020X0017
-20,18,18,-20,QY-020X0018
-20,19,19,-20,QY-020X0019
-20,20,20,-20,QY-020X0020
-20,21,21,-20,QY-020X0021
-20,22,22,-20,QY-020X0022
-20,23,23,-20,QY-020X0023
-20,24,24,-20,QY-020X0024
-20,25,25,-20,QY-020X0025
-20,26,26,-20,QY-020X0026
-20,27,27,-20,QY-020X0027
-20,28,28,-20,QY-020X0028
-20,29,29,-20,QY-020X0029
-20,30,30,-20,QY-020X0030
-20,31,31,-20,QY-020X0031
-20,32,32,-20,QY-020X0032
-20,33,33,-20,QY-020X0033
-20,34,34,-20,QY-020X0034
-20,35,35,-20,QY-020X0035
-20,36,36,-20,QY-020X0036
-20,37,37,-20,QY-020X0037
-20,38,38,-20,QY-020X0038
-20,39,39,-20,QY-020X0039
-20,40,40,-20,QY-020X0040
-20,41,41,-20,QY-020X0041
-20,42,42,-20,QY-020X0042
-20,43,43,-20,QY-020X0043
-20,44,44,-20,QY-020X0044
-20,45,45,-20,QY-020X0045
-20,46,46,-20,QY-020X0046
-19,46,46,-19,QY-019X0046
-19,45,45,-19,QY-019X0045
-19,44,44,-19,QY-019X0044
-19,43,43,-19,QY-019X0043
-19,42,42,-19,QY-019X0042
-19,41,41,-19,QY-019X0041
-19,40,40,-19,QY-019X0040
-19,39,39,-19,QY-019X0039
-19,38,38,-19,QY-019X0038
-19,37,37,-19,QY-019X0037
-19,36,36,-19,QY-019X0036
-19,35,35,-19,QY-019X0035
-19,34,34,-19,QY-019X0034
-19,33,33,-19,QY-019X0033
-19,32,32,-19,QY-019X0032
-19,31,31,-19,QY-019X0031
-19,30,30,-19,QY-019X0030
-19,29,29,-19,QY-019X0029
-19,28,28,-19,QY-019X0028
-19,27,27,-19,QY-019X0027
-19,26,26,-19,QY-019X0026
-19,25,25,-19,QY-019X0025
-19,24,24,-19,QY-019X0024
-19,23,23,-19,QY-019X0023
-19,22,22,-19,QY-019X0022
-19,21,21,-19,QY-019X0021
-19,20,20,-19,QY-019X0020
-19,19,19,-19,QY-019X0019
-19,18,18,-19,QY-019X0018
-19,17,17,-19,QY-019X0017
-19,16,16,-19,QY-019X0016
-19,15,15,-19,QY-019X0015
-19,14,14,-19,QY-019X0014
-19,13,13,-19,QY-019X0013
-19,12,12,-19,QY-019X0012
-19,11,11,-19,QY-019X0011
-19,10,10,-19,QY-019X0010
-19,9,9,-19,QY-019X0009
-19,8,8,-19,QY-019X0008
-19,7,7,-19,QY-019X0007
-19,6,6,-19,QY-019X0006
-19,5,5,-19,QY-019X0005
-19,4,4,-19,QY-019X0004
-19,3,3,-19,QY-019X0003
-19,2,2,-19,QY-019X0002
-19,1,1,-19,QY-019X0001
-19,0,0,-19,QY-019X0000
-19,-1,-1,-19,QY-019X-001
-19,-2,-2,-19,QY-019X-002
-19,-3,-3,-19,QY-019X-003
-19,-4,-4,-19,QY-019X-004
-19,-5,-5,-19,QY-019X-005
-19,-6,-6,-19,QY-019X-006
-19,-7,-7,-19,QY-019X-007
-19,-8,-8,-19,QY-019X-008
-19,-9,-9,-19,QY-019X-009
-19,-10,-10,-19,QY-019X-010
-19,-11,-11,-19,QY-019X-011
-19,-12,-12,-19,QY-019X-012
-19,-13,-13,-19,QY-019X-013
-19,-14,-14,-19,QY-019X-014
-19,-15,-15,-19,QY-019X-015
-19,-16,-16,-19,QY-019X-016
-19,-17,-17,-19,QY-019X-017
-19,-18,-18,-19,QY-019X-018
-19,-19,-19,-19,QY-019X-019
-19,-20,-20,-19,QY-019X-020
-19,-21,-21,-19,QY-019X-021
-19,-22,-22,-19,QY-019X-022
-19,-23,-23,-19,QY-019X-023
-19,-24,-24,-19,QY-019X-024
-19,-25,-25,-19,QY-019X-025
-19,-26,-26,-19,QY-019X-026
-19,-27,-27,-19,QY-019X-027
-19,-28,-28,-19,QY-019X-028
-19,-29,-29,-19,QY-019X-029
-19,-30,-30,-19,QY-019X-030
-19,-31,-31,-19,QY-019X-031
-19,-32,-32,-19,QY-019X-032
-19,-33,-33,-19,QY-019X-033
-19,-34,-34,-19,QY-019X-034
-19,-35,-35,-19,QY-019X-035
-19,-36,-36,-19,QY-019X-036
-19,-37,-37,-19,QY-019X-037
-19,-38,-38,-19,QY-019X-038
-19,-39,-39,-19,QY-019X-039
-19,-40,-40,-19,QY-019X-040
-19,-41,-41,-19,QY-019X-041
-19,-42,-42,-19,QY-019X-042
-19,-43,-43,-19,QY-019X-043
-19,-44,-44,-19,QY-019X-044
-19,-45,-45,-19,QY-019X-045
-19,-46,-46,-19,QY-019X-046
-19,-47,-47,-19,QY-019X-047
-19,-48,-48,-19,QY-019X-048
-18,-48,-48,-18,QY-018X-048
-18,-47,-47,-18,QY-018X-047
-18,-46,-46,-18,QY-018X-046
-18,-45,-45,-18,QY-018X-045
-18,-44,-44,-18,QY-018X-044
-18,-43,-43,-18,QY-018X-043
-18,-42,-42,-18,QY-018X-042
-18,-41,-41,-18,QY-018X-041
-18,-40,-40,-18,QY-018X-040
-18,-39,-39,-18,QY-018X-039
-18,-38,-38,-18,QY-018X-038
-18,-37,-37,-18,QY-018X-037
-18,-36,-36,-18,QY-018X-036
-18,-35,-35,-18,QY-018X-035
-18,-34,-34,-18,QY-018X-034
-18,-33,-33,-18,QY-018X-033
-18,-32,-32,-18,QY-018X-032
-18,-31,-31,-18,QY-018X-031
-18,-30,-30,-18,QY-018X-030
-18,-29,-29,-18,QY-018X-029
-18,-28,-28,-18,QY-018X-028
-18,-27,-27,-18,QY-018X-027
-18,-26,-26,-18,QY-018X-026
-18,-25,-25,-18,QY-018X-025
-18,-24,-24,-18,QY-018X-024
-18,-23,-23,-18,QY-018X-023
-18,-22,-22,-18,QY-018X-022
-18,-21,-21,-18,QY-018X-021
-18,-20,-20,-18,QY-018X-020
-18,-19,-19,-18,QY-018X-019
-18,-18,-18,-18,QY-018X-018
-18,-17,-17,-18,QY-018X-017
-18,-16,-16,-18,QY-018X-016
-18,-15,-15,-18,QY-018X-015
-18,-14,-14,-18,QY-018X-014
-18,-13,-13,-18,QY-018X-013
-18,-12,-12,-18,QY-018X-012
-18,-11,-11,-18,QY-018X-011
-18,-10,-10,-18,QY-018X-010
-18,-9,-9,-18,QY-018X-009
-18,-8,-8,-18,QY-018X-008
-18,-7,-7,-18,QY-018X-007
-18,-6,-6,-18,QY-018X-006
-18,-5,-5,-18,QY-018X-005
-18,-4,-4,-18,QY-018X-004
-18,-3,-3,-18,QY-018X-003
-18,-2,-2,-18,QY-018X-002
-18,-1,-1,-18,QY-018X-001
-18,0,0,-18,QY-018X0000
-18,1,1,-18,QY-018X0001
-18,2,2,-18,QY-018X0002
-18,3,3,-18,QY-018X0003
-18,4,4,-18,QY-018X0004
-18,5,5,-18,QY-018X0005
-18,6,6,-18,QY-018X0006
-18,7,7,-18,QY-018X0007
-18,8,8,-18,QY-018X0008
-18,9,9,-18,QY-018X0009
-18,10,10,-18,QY-018X0010
-18,11,11,-18,QY-018X0011
-18,12,12,-18,QY-018X0012
-18,13,13,-18,QY-018X0013
-18,14,14,-18,QY-018X0014
-18,15,15,-18,QY-018X0015
-18,16,16,-18,QY-018X0016
-18,17,17,-18,QY-018X0017
-18,18,18,-18,QY-018X0018
-18,19,19,-18,QY-018X0019
-18,20,20,-18,QY-018X0020
-18,21,21,-18,QY-018X0021
-18,22,22,-18,QY-018X0022
-18,23,23,-18,QY-018X0023
-18,24,24,-18,QY-018X0024
-18,25,25,-18,QY-018X0025
-18,26,26,-18,QY-018X0026
-18,27,27,-18,QY-018X0027
-18,28,28,-18,QY-018X0028
-18,29,29,-18,QY-018X0029
-18,30,30,-18,QY-018X0030
-18,31,31,-18,QY-018X0031
-18,32,32,-18,QY-018X0032
-18,33,33,-18,QY-018X0033
-18,34,34,-18,QY-018X0034
-18,35,35,-18,QY-018X0035
-18,36,36,-18,QY-018X0036
-18,37,37,-18,QY-018X0037
-18,38,38,-18,QY-018X0038
-18,39,39,-18,QY-018X0039
-18,40,40,-18,QY-018X0040
-18,41,41,-18,QY-018X0041
-18,42,42,-18,QY-018X0042
-18,43,43,-18,QY-018X0043
-18,44,44,-18,QY-018X0044
-18,45,45,-18,QY-018X0045
-18,46,46,-18,QY-018X0046
-17,46,46,-17,QY-017X0046
-17,45,45,-17,QY-017X0045
-17,44,44,-17,QY-017X0044
-17,43,43,-17,QY-017X0043
-17,42,42,-17,QY-017X0042
-17,41,41,-17,QY-017X0041
-17,40,40,-17,QY-017X0040
-17,39,39,-17,QY-017X0039
-17,38,38,-17,QY-017X0038
-17,37,37,-17,QY-017X0037
-17,36,36,-17,QY-017X0036
-17,35,35,-17,QY-017X0035
-17,34,34,-17,QY-017X0034
-17,33,33,-17,QY-017X0033
-17,32,32,-17,QY-017X0032
-17,31,31,-17,QY-017X0031
-17,30,30,-17,QY-017X0030
-17,29,29,-17,QY-017X0029
-17,28,28,-17,QY-017X0028
-17,27,27,-17,QY-017X0027
-17,26,26,-17,QY-017X0026
-17,25,25,-17,QY-017X0025
-17,24,24,-17,QY-017X0024
-17,23,23,-17,QY-017X0023
-17,22,22,-17,QY-017X0022
-17,21,21,-17,QY-017X0021
-17,20,20,-17,QY-017X0020
-17,19,19,-17,QY-017X0019
-17,18,18,-17,QY-017X0018
-17,17,17,-17,QY-017X0017
-17,16,16,-17,QY-017X0016
-17,15,15,-17,QY-017X0015
-17,14,14,-17,QY-017X0014
-17,13,13,-17,QY-017X0013
-17,12,12,-17,QY-017X0012
-17,11,11,-17,QY-017X0011
-17,10,10,-17,QY-017X0010
-17,9,9,-17,QY-017X0009
-17,8,8,-17,QY-017X0008
-17,7,7,-17,QY-017X0007
-17,6,6,-17,QY-017X0006
-17,5,5,-17,QY-017X0005
-17,4,4,-17,QY-017X0004
-17,3,3,-17,QY-017X0003
-17,2,2,-17,QY-017X0002
-17,1,1,-17,QY-017X0001
-17,0,0,-17,QY-017X0000
-17,-1,-1,-17,QY-017X-001
-17,-2,-2,-17,QY-017X-002
-17,-3,-3,-17,QY-017X-003
-17,-4,-4,-17,QY-017X-004
-17,-5,-5,-17,QY-017X-005
-17,-6,-6,-17,QY-017X-006
-17,-7,-7,-17,QY-017X-007
-17,-8,-8,-17,QY-017X-008
-17,-9,-9,-17,QY-017X-009
-17,-10,-10,-17,QY-017X-010
-17,-11,-11,-17,QY-017X-011
-17,-12,-12,-17,QY-017X-012
-17,-13,-13,-17,QY-017X-013
-17,-14,-14,-17,QY-017X-014
-17,-15,-15,-17,QY-017X-015
-17,-16,-16,-17,QY-017X-016
-17,-17,-17,-17,QY-017X-017
-17,-18,-18,-17,QY-017X-018
-17,-19,-19,-17,QY-017X-019
-17,-20,-20,-17,QY-017X-020
-17,-21,-21,-17,QY-017X-021
-17,-22,-22,-17,QY-017X-022
-17,-23,-23,-17,QY-017X-023
-17,-24,-24,-17,QY-017X-024
-17,-25,-25,-17,QY-017X-025
-17,-26,-26,-17,QY-017X-026
-17,-27,-27,-17,QY-017X-027
-17,-28,-28,-17,QY-017X-028
-17,-29,-29,-17,QY-017X-029
-17,-30,-30,-17,QY-017X-030
-17,-31,-31,-17,QY-017X-031
-17,-32,-32,-17,QY-017X-032
-17,-33,-33,-17,QY-017X-033
-17,-34,-34,-17,QY-017X-034
-17,-35,-35,-17,QY-017X-035
-17,-36,-36,-17,QY-017X-036
-17,-37,-37,-17,QY-017X-037
-17,-38,-38,-17,QY-017X-038
-17,-39,-39,-17,QY-017X-039
-17,-40,-40,-17,QY-017X-040
-17,-41,-41,-17,QY-017X-041
-17,-42,-42,-17,QY-017X-042
-17,-43,-43,-17,QY-017X-043
-17,-44,-44,-17,QY-017X-044
-17,-45,-45,-17,QY-017X-045
-17,-46,-46,-17,QY-017X-046
-17,-47,-47,-17,QY-017X-047
-17,-48,-48,-17,QY-017X-048
-16,-48,-48,-16,QY-016X-048
-16,-47,-47,-16,QY-016X-047
-16,-46,-46,-16,QY-016X-046
-16,-45,-45,-16,QY-016X-045
-16,-44,-44,-16,QY-016X-044
-16,-43,-43,-16,QY-016X-043
-16,-42,-42,-16,QY-016X-042
-16,-41,-41,-16,QY-016X-041
-16,-40,-40,-16,QY-016X-040
-16,-39,-39,-16,QY-016X-039
-16,-38,-38,-16,QY-016X-038
-16,-37,-37,-16,QY-016X-037
-16,-36,-36,-16,QY-016X-036
-16,-35,-35,-16,QY-016X-035
-16,-34,-34,-16,QY-016X-034
-16,-33,-33,-16,QY-016X-033
-16,-32,-32,-16,QY-016X-032
-16,-31,-31,-16,QY-016X-031
-16,-30,-30,-16,QY-016X-030
-16,-29,-29,-16,QY-016X-029
-16,-28,-28,-16,QY-016X-028
-16,-27,-27,-16,QY-016X-027
-16,-26,-26,-16,QY-016X-026
-16,-25,-25,-16,QY-016X-025
-16,-24,-24,-16,QY-016X-024
-16,-23,-23,-16,QY-016X-023
-16,-22,-22,-16,QY-016X-022
-16,-21,-21,-16,QY-016X-021
-16,-20,-20,-16,QY-016X-020
-16,-19,-19,-16,QY-016X-019
-16,-18,-18,-16,QY-016X-018
-16,-17,-17,-16,QY-016X-017
-16,-16,-16,-16,QY-016X-016
-16,-15,-15,-16,QY-016X-015
-16,-14,-14,-16,QY-016X-014
-16,-13,-13,-16,QY-016X-013
-16,-12,-12,-16,QY-016X-012
-16,-11,-11,-16,QY-016X-011
-16,-10,-10,-16,QY-016X-010
-16,-9,-9,-16,QY-016X-009
-16,-8,-8,-16,QY-016X-008
-16,-7,-7,-16,QY-016X-007
-16,-6,-6,-16,QY-016X-006
-16,-5,-5,-16,QY-016X-005
-16,-4,-4,-16,QY-016X-004
-16,-3,-3,-16,QY-016X-003
-16,-2,-2,-16,QY-016X-002
-16,-1,-1,-16,QY-016X-001
-16,0,0,-16,QY-016X0000
-16,1,1,-16,QY-016X0001
-16,2,2,-16,QY-016X0002
-16,3,3,-16,QY-016X0003
-16,4,4,-16,QY-016X0004
-16,5,5,-16,QY-016X0005
-16,6,6,-16,QY-016X0006
-16,7,7,-16,QY-016X0007
-16,8,8,-16,QY-016X0008
-16,9,9,-16,QY-016X0009
-16,10,10,-16,QY-016X0010
-16,11,11,-16,QY-016X0011
-16,12,12,-16,QY-016X0012
-16,13,13,-16,QY-016X0013
-16,14,14,-16,QY-016X0014
-16,15,15,-16,QY-016X0015
-16,16,16,-16,QY-016X0016
-16,17,17,-16,QY-016X0017
-16,18,18,-16,QY-016X0018
-16,19,19,-16,QY-016X0019
-16,20,20,-16,QY-016X0020
-16,21,21,-16,QY-016X0021
-16,22,22,-16,QY-016X0022
-16,23,23,-16,QY-016X0023
-16,24,24,-16,QY-016X0024
-16,25,25,-16,QY-016X0025
-16,26,26,-16,QY-016X0026
-16,27,27,-16,QY-016X0027
-16,28,28,-16,QY-016X0028
-16,29,29,-16,QY-016X0029
-16,30,30,-16,QY-016X0030
-16,31,31,-16,QY-016X0031
-16,32,32,-16,QY-016X0032
-16,33,33,-16,QY-016X0033
-16,34,34,-16,QY-016X0034
-16,35,35,-16,QY-016X0035
-16,36,36,-16,QY-016X0036
-16,37,37,-16,QY-016X0037
-16,38,38,-16,QY-016X0038
-16,39,39,-16,QY-016X0039
-16,40,40,-16,QY-016X0040
-16,41,41,-16,QY-016X0041
-16,42,42,-16,QY-016X0042
-16,43,43,-16,QY-016X0043
-16,44,44,-16,QY-016X0044
-16,45,45,-16,QY-016X0045
-16,46,46,-16,QY-016X0046
-15,46,46,-15,QY-015X0046
-15,45,45,-15,QY-015X0045
-15,44,44,-15,QY-015X0044
-15,43,43,-15,QY-015X0043
-15,42,42,-15,QY-015X0042
-15,41,41,-15,QY-015X0041
-15,40,40,-15,QY-015X0040
-15,39,39,-15,QY-015X0039
-15,38,38,-15,QY-015X0038
-15,37,37,-15,QY-015X0037
-15,36,36,-15,QY-015X0036
-15,35,35,-15,QY-015X0035
-15,34,34,-15,QY-015X0034
-15,33,33,-15,QY-015X0033
-15,32,32,-15,QY-015X0032
-15,31,31,-15,QY-015X0031
-15,30,30,-15,QY-015X0030
-15,29,29,-15,QY-015X0029
-15,28,28,-15,QY-015X0028
-15,27,27,-15,QY-015X0027
-15,26,26,-15,QY-015X0026
-15,25,25,-15,QY-015X0025
-15,24,24,-15,QY-015X0024
-15,23,23,-15,QY-015X0023
-15,22,22,-15,QY-015X0022
-15,21,21,-15,QY-015X0021
-15,20,20,-15,QY-015X0020
-15,19,19,-15,QY-015X0019
-15,18,18,-15,QY-015X0018
-15,17,17,-15,QY-015X0017
-15,16,16,-15,QY-015X0016
-15,15,15,-15,QY-015X0015
-15,14,14,-15,QY-015X0014
-15,13,13,-15,QY-015X0013
-15,12,12,-15,QY-015X0012
-15,11,11,-15,QY-015X0011
-15,10,10,-15,QY-015X0010
-15,9,9,-15,QY-015X0009
-15,8,8,-15,QY-015X0008
-15,7,7,-15,QY-015X0007
-15,6,6,-15,QY-015X0006
-15,5,5,-15,QY-015X0005
-15,4,4,-15,QY-015X0004
-15,3,3,-15,QY-015X0003
-15,2,2,-15,QY-015X0002
-15,1,1,-15,QY-015X0001
-15,0,0,-15,QY-015X0000
-15,-1,-1,-15,QY-015X-001
-15,-2,-2,-15,QY-015X-002
-15,-3,-3,-15,QY-015X-003
-15,-4,-4,-15,QY-015X-004
-15,-5,-5,-15,QY-015X-005
-15,-6,-6,-15,QY-015X-006
-15,-7,-7,-15,QY-015X-007
-15,-8,-8,-15,QY-015X-008
-15,-9,-9,-15,QY-015X-009
-15,-10,-10,-15,QY-015X-010
-15,-11,-11,-15,QY-015X-011
-15,-12,-12,-15,QY-015X-012
-15,-13,-13,-15,QY-015X-013
-15,-14,-14,-15,QY-015X-014
-15,-15,-15,-15,QY-015X-015
-15,-16,-16,-15,QY-015X-016
-15,-17,-17,-15,QY-015X-017
-15,-18,-18,-15,QY-015X-018
-15,-19,-19,-15,QY-015X-019
-15,-20,-20,-15,QY-015X-020
-15,-21,-21,-15,QY-015X-021
-15,-22,-22,-15,QY-015X-022
-15,-23,-23,-15,QY-015X-023
-15,-24,-24,-15,QY-015X-024
-15,-25,-25,-15,QY-015X-025
-15,-26,-26,-15,QY-015X-026
-15,-27,-27,-15,QY-015X-027
-15,-28,-28,-15,QY-015X-028
-15,-29,-29,-15,QY-015X-029
-15,-30,-30,-15,QY-015X-030
-15,-31,-31,-15,QY-015X-031
-15,-32,-32,-15,QY-015X-032
-15,-33,-33,-15,QY-015X-033
-15,-34,-34,-15,QY-015X-034
-15,-35,-35,-15,QY-015X-035
-15,-36,-36,-15,QY-015X-036
-15,-37,-37,-15,QY-015X-037
-15,-38,-38,-15,QY-015X-038
-15,-39,-39,-15,QY-015X-039
-15,-40,-40,-15,QY-015X-040
-15,-41,-41,-15,QY-015X-041
-15,-42,-42,-15,QY-015X-042
-15,-43,-43,-15,QY-015X-043
-15,-44,-44,-15,QY-015X-044
-15,-45,-45,-15,QY-015X-045
-15,-46,-46,-15,QY-015X-046
-15,-47,-47,-15,QY-015X-047
-15,-48,-48,-15,QY-015X-048
-14,-48,-48,-14,QY-014X-048
-14,-47,-47,-14,QY-014X-047
-14,-46,-46,-14,QY-014X-046
-14,-45,-45,-14,QY-014X-045
-14,-44,-44,-14,QY-014X-044
-14,-43,-43,-14,QY-014X-043
-14,-42,-42,-14,QY-014X-042
-14,-41,-41,-14,QY-014X-041
-14,-40,-40,-14,QY-014X-040
-14,-39,-39,-14,QY-014X-039
-14,-38,-38,-14,QY-014X-038
-14,-37,-37,-14,QY-014X-037
-14,-36,-36,-14,QY-014X-036
-14,-35,-35,-14,QY-014X-035
-14,-34,-34,-14,QY-014X-034
-14,-33,-33,-14,QY-014X-033
-14,-32,-32,-14,QY-014X-032
-14,-31,-31,-14,QY-014X-031
-14,-30,-30,-14,QY-014X-030
-14,-29,-29,-14,QY-014X-029
-14,-28,-28,-14,QY-014X-028
-14,-27,-27,-14,QY-014X-027
-14,-26,-26,-14,QY-014X-026
-14,-25,-25,-14,QY-014X-025
-14,-24,-24,-14,QY-014X-024
-14,-23,-23,-14,QY-014X-023
-14,-22,-22,-14,QY-014X-022
-14,-21,-21,-14,QY-014X-021
-14,-20,-20,-14,QY-014X-020
-14,-19,-19,-14,QY-014X-019
-14,-18,-18,-14,QY-014X-018
-14,-17,-17,-14,QY-014X-017
-14,-16,-16,-14,QY-014X-016
-14,-15,-15,-14,QY-014X-015
-14,-14,-14,-14,QY-014X-014
-14,-13,-13,-14,QY-014X-013
-14,-12,-12,-14,QY-014X-012
-14,-11,-11,-14,QY-014X-011
-14,-10,-10,-14,QY-014X-010
-14,-9,-9,-14,QY-014X-009
-14,-8,-8,-14,QY-014X-008
-14,-7,-7,-14,QY-014X-007
-14,-6,-6,-14,QY-014X-006
-14,-5,-5,-14,QY-014X-005
-14,-4,-4,-14,QY-014X-004
-14,-3,-3,-14,QY-014X-003
-14,-2,-2,-14,QY-014X-002
-14,-1,-1,-14,QY-014X-001
-14,0,0,-14,QY-014X0000
-14,1,1,-14,QY-014X0001
-14,2,2,-14,QY-014X0002
-14,3,3,-14,QY-014X0003
-14,4,4,-14,QY-014X0004
-14,5,5,-14,QY-014X0005
-14,6,6,-14,QY-014X0006
-14,7,7,-14,QY-014X0007
-14,8,8,-14,QY-014X0008
-14,9,9,-14,QY-014X0009
-14,10,10,-14,QY-014X0010
-14,11,11,-14,QY-014X0011
-14,12,12,-14,QY-014X0012
-14,13,13,-14,QY-014X0013
-14,14,14,-14,QY-014X0014
-14,15,15,-14,QY-014X0015
-14,16,16,-14,QY-014X0016
-14,17,17,-14,QY-014X0017
-14,18,18,-14,QY-014X0018
-14,19,19,-14,QY-014X0019
-14,20,20,-14,QY-014X0020
-14,21,21,-14,QY-014X0021
-14,22,22,-14,QY-014X0022
-14,23,23,-14,QY-014X0023
-14,24,24,-14,QY-014X0024
-14,25,25,-14,QY-014X0025
-14,26,26,-14,QY-014X0026
-14,27,27,-14,QY-014X0027
-14,28,28,-14,QY-014X0028
-14,29,29,-14,QY-014X0029
-14,30,30,-14,QY-014X0030
-14,31,31,-14,QY-014X0031
-14,32,32,-14,QY-014X0032
-14,33,33,-14,QY-014X0033
-14,34,34,-14,QY-014X0034
-14,35,35,-14,QY-014X0035
-14,36,36,-14,QY-014X0036
-14,37,37,-14,QY-014X0037
-14,38,38,-14,QY-014X0038
-14,39,39,-14,QY-014X0039
-14,40,40,-14,QY-014X0040
-14,41,41,-14,QY-014X0041
-14,42,42,-14,QY-014X0042
-14,43,43,-14,QY-014X0043
-14,44,44,-14,QY-014X0044
-14,45,45,-14,QY-014X0045
-14,46,46,-14,QY-014X0046
-13,46,46,-13,QY-013X0046
-13,45,45,-13,QY-013X0045
-13,44,44,-13,QY-013X0044
-13,43,43,-13,QY-013X0043
-13,42,42,-13,QY-013X0042
-13,41,41,-13,QY-013X0041
-13,40,40,-13,QY-013X0040
-13,39,39,-13,QY-013X0039
-13,38,38,-13,QY-013X0038
-13,37,37,-13,QY-013X0037
-13,36,36,-13,QY-013X0036
-13,35,35,-13,QY-013X0035
-13,34,34,-13,QY-013X0034
-13,33,33,-13,QY-013X0033
-13,32,32,-13,QY-013X0032
-13,31,31,-13,QY-013X0031
-13,30,30,-13,QY-013X0030
-13,29,29,-13,QY-013X0029
-13,28,28,-13,QY-013X0028
-13,27,27,-13,QY-013X0027
-13,26,26,-13,QY-013X0026
-13,25,25,-13,QY-013X0025
-13,24,24,-13,QY-013X0024
-13,23,23,-13,QY-013X0023
-13,22,22,-13,QY-013X0022
-13,21,21,-13,QY-013X0021
-13,20,20,-13,QY-013X0020
-13,19,19,-13,QY-013X0019
-13,18,18,-13,QY-013X0018
-13,17,17,-13,QY-013X0017
-13,16,16,-13,QY-013X0016
-13,15,15,-13,QY-013X0015
-13,14,14,-13,QY-013X0014
-13,13,13,-13,QY-013X0013
-13,12,12,-13,QY-013X0012
-13,11,11,-13,QY-013X0011
-13,10,10,-13,QY-013X0010
-13,9,9,-13,QY-013X0009
-13,8,8,-13,QY-013X0008
-13,7,7,-13,QY-013X0007
-13,6,6,-13,QY-013X0006
-13,5,5,-13,QY-013X0005
-13,4,4,-13,QY-013X0004
-13,3,3,-13,QY-013X0003
-13,2,2,-13,QY-013X0002
-13,1,1,-13,QY-013X0001
-13,0,0,-13,QY-013X0000
-13,-1,-1,-13,QY-013X-001
-13,-2,-2,-13,QY-013X-002
-13,-3,-3,-13,QY-013X-003
-13,-4,-4,-13,QY-013X-004
-13,-5,-5,-13,QY-013X-005
-13,-6,-6,-13,QY-013X-006
-13,-7,-7,-13,QY-013X-007
-13,-8,-8,-13,QY-013X-008
-13,-9,-9,-13,QY-013X-009
-13,-10,-10,-13,QY-013X-010
-13,-11,-11,-13,QY-013X-011
-13,-12,-12,-13,QY-013X-012
-13,-13,-13,-13,QY-013X-013
-13,-14,-14,-13,QY-013X-014
-13,-15,-15,-13,QY-013X-015
-13,-16,-16,-13,QY-013X-016
-13,-17,-17,-13,QY-013X-017
-13,-18,-18,-13,QY-013X-018
-13,-19,-19,-13,QY-013X-019
-13,-20,-20,-13,QY-013X-020
-13,-21,-21,-13,QY-013X-021
-13,-22,-22,-13,QY-013X-022
-13,-23,-23,-13,QY-013X-023
-13,-24,-24,-13,QY-013X-024
-13,-25,-25,-13,QY-013X-025
-13,-26,-26,-13,QY-013X-026
-13,-27,-27,-13,QY-013X-027
-13,-28,-28,-13,QY-013X-028
-13,-29,-29,-13,QY-013X-029
-13,-30,-30,-13,QY-013X-030
-13,-31,-31,-13,QY-013X-031
-13,-32,-32,-13,QY-013X-032
-13,-33,-33,-13,QY-013X-033
-13,-34,-34,-13,QY-013X-034
-13,-35,-35,-13,QY-013X-035
-13,-36,-36,-13,QY-013X-036
-13,-37,-37,-13,QY-013X-037
-13,-38,-38,-13,QY-013X-038
-13,-39,-39,-13,QY-013X-039
-13,-40,-40,-13,QY-013X-040
-13,-41,-41,-13,QY-013X-041
-13,-42,-42,-13,QY-013X-042
-13,-43,-43,-13,QY-013X-043
-13,-44,-44,-13,QY-013X-044
-13,-45,-45,-13,QY-013X-045
-13,-46,-46,-13,QY-013X-046
-13,-47,-47,-13,QY-013X-047
-13,-48,-48,-13,QY-013X-048
-12,-48,-48,-12,QY-012X-048
-12,-47,-47,-12,QY-012X-047
-12,-46,-46,-12,QY-012X-046
-12,-45,-45,-12,QY-012X-045
-12,-44,-44,-12,QY-012X-044
-12,-43,-43,-12,QY-012X-043
-12,-42,-42,-12,QY-012X-042
-12,-41,-41,-12,QY-012X-041
-12,-40,-40,-12,QY-012X-040
-12,-39,-39,-12,QY-012X-039
-12,-38,-38,-12,QY-012X-038
-12,-37,-37,-12,QY-012X-037
-12,-36,-36,-12,QY-012X-036
-12,-35,-35,-12,QY-012X-035
-12,-34,-34,-12,QY-012X-034
-12,-33,-33,-12,QY-012X-033
-12,-32,-32,-12,QY-012X-032
-12,-31,-31,-12,QY-012X-031
-12,-30,-30,-12,QY-012X-030
-12,-29,-29,-12,QY-012X-029
-12,-28,-28,-12,QY-012X-028
-12,-27,-27,-12,QY-012X-027
-12,-26,-26,-12,QY-012X-026
-12,-25,-25,-12,QY-012X-025
-12,-24,-24,-12,QY-012X-024
-12,-23,-23,-12,QY-012X-023
-12,-22,-22,-12,QY-012X-022
-12,-21,-21,-12,QY-012X-021
-12,-20,-20,-12,QY-012X-020
-12,-19,-19,-12,QY-012X-019
-12,-18,-18,-12,QY-012X-018
-12,-17,-17,-12,QY-012X-017
-12,-16,-16,-12,QY-012X-016
-12,-15,-15,-12,QY-012X-015
-12,-14,-14,-12,QY-012X-014
-12,-13,-13,-12,QY-012X-013
-12,-12,-12,-12,QY-012X-012
-12,-11,-11,-12,QY-012X-011
-12,-10,-10,-12,QY-012X-010
-12,-9,-9,-12,QY-012X-009
-12,-8,-8,-12,QY-012X-008
-12,-7,-7,-12,QY-012X-007
-12,-6,-6,-12,QY-012X-006
-12,-5,-5,-12,QY-012X-005
-12,-4,-4,-12,QY-012X-004
-12,-3,-3,-12,QY-012X-003
-12,-2,-2,-12,QY-012X-002
-12,-1,-1,-12,QY-012X-001
-12,0,0,-12,QY-012X0000
-12,1,1,-12,QY-012X0001
-12,2,2,-12,QY-012X0002
-12,3,3,-12,QY-012X0003
-12,4,4,-12,QY-012X0004
-12,5,5,-12,QY-012X0005
-12,6,6,-12,QY-012X0006
-12,7,7,-12,QY-012X0007
-12,8,8,-12,QY-012X0008
-12,9,9,-12,QY-012X0009
-12,10,10,-12,QY-012X0010
-12,11,11,-12,QY-012X0011
-12,12,12,-12,QY-012X0012
-12,13,13,-12,QY-012X0013
-12,14,14,-12,QY-012X0014
-12,15,15,-12,QY-012X0015
-12,16,16,-12,QY-012X0016
-12,17,17,-12,QY-012X0017
-12,18,18,-12,QY-012X0018
-12,19,19,-12,QY-012X0019
-12,20,20,-12,QY-012X0020
-12,21,21,-12,QY-012X0021
-12,22,22,-12,QY-012X0022
-12,23,23,-12,QY-012X0023
-12,24,24,-12,QY-012X0024
-12,25,25,-12,QY-012X0025
-12,26,26,-12,QY-012X0026
-12,27,27,-12,QY-012X0027
-12,28,28,-12,QY-012X0028
-12,29,29,-12,QY-012X0029
-12,30,30,-12,QY-012X0030
-12,31,31,-12,QY-012X0031
-12,32,32,-12,QY-012X0032
-12,33,33,-12,QY-012X0033
-12,34,34,-12,QY-012X0034
-12,35,35,-12,QY-012X0035
-12,36,36,-12,QY-012X0036
-12,37,37,-12,QY-012X0037
-12,38,38,-12,QY-012X0038
-12,39,39,-12,QY-012X0039
-12,40,40,-12,QY-012X0040
-12,41,41,-12,QY-012X0041
-12,42,42,-12,QY-012X0042
-12,43,43,-12,QY-012X0043
-12,44,44,-12,QY-012X0044
-12,45,45,-12,QY-012X0045
-12,46,46,-12,QY-012X0046
-11,46,46,-11,QY-011X0046
-11,45,45,-11,QY-011X0045
-11,44,44,-11,QY-011X0044
-11,43,43,-11,QY-011X0043
-11,42,42,-11,QY-011X0042
-11,41,41,-11,QY-011X0041
-11,40,40,-11,QY-011X0040
-11,39,39,-11,QY-011X0039
-11,38,38,-11,QY-011X0038
-11,37,37,-11,QY-011X0037
-11,36,36,-11,QY-011X0036
-11,35,35,-11,QY-011X0035
-11,34,34,-11,QY-011X0034
-11,33,33,-11,QY-011X0033
-11,32,32,-11,QY-011X0032
-11,31,31,-11,QY-011X0031
-11,30,30,-11,QY-011X0030
-11,29,29,-11,QY-011X0029
-11,28,28,-11,QY-011X0028
-11,27,27,-11,QY-011X0027
-11,26,26,-11,QY-011X0026
-11,25,25,-11,QY-011X0025
-11,24,24,-11,QY-011X0024
-11,23,23,-11,QY-011X0023
-11,22,22,-11,QY-011X0022
-11,21,21,-11,QY-011X0021
-11,20,20,-11,QY-011X0020
-11,19,19,-11,QY-011X0019
-11,18,18,-11,QY-011X0018
-11,17,17,-11,QY-011X0017
-11,16,16,-11,QY-011X0016
-11,15,15,-11,QY-011X0015
-11,14,14,-11,QY-011X0014
-11,13,13,-11,QY-011X0013
-11,12,12,-11,QY-011X0012
-11,11,11,-11,QY-011X0011
-11,10,10,-11,QY-011X0010
-11,9,9,-11,QY-011X0009
-11,8,8,-11,QY-011X0008
-11,7,7,-11,QY-011X0007
-11,6,6,-11,QY-011X0006
-11,5,5,-11,QY-011X0005
-11,4,4,-11,QY-011X0004
-11,3,3,-11,QY-011X0003
-11,2,2,-11,QY-011X0002
-11,1,1,-11,QY-011X0001
-11,0,0,-11,QY-011X0000
-11,-1,-1,-11,QY-011X-001
-11,-2,-2,-11,QY-011X-002
-11,-3,-3,-11,QY-011X-003
-11,-4,-4,-11,QY-011X-004
-11,-5,-5,-11,QY-011X-005
-11,-6,-6,-11,QY-011X-006
-11,-7,-7,-11,QY-011X-007
-11,-8,-8,-11,QY-011X-008
-11,-9,-9,-11,QY-011X-009
-11,-10,-10,-11,QY-011X-010
-11,-11,-11,-11,QY-011X-011
-11,-12,-12,-11,QY-011X-012
-11,-13,-13,-11,QY-011X-013
-11,-14,-14,-11,QY-011X-014
-11,-15,-15,-11,QY-011X-015
-11,-16,-16,-11,QY-011X-016
-11,-17,-17,-11,QY-011X-017
-11,-18,-18,-11,QY-011X-018
-11,-19,-19,-11,QY-011X-019
-11,-20,-20,-11,QY-011X-020
-11,-21,-21,-11,QY-011X-021
-11,-22,-22,-11,QY-011X-022
-11,-23,-23,-11,QY-011X-023
-11,-24,-24,-11,QY-011X-024
-11,-25,-25,-11,QY-011X-025
-11,-26,-26,-11,QY-011X-026
-11,-27,-27,-11,QY-011X-027
-11,-28,-28,-11,QY-011X-028
-11,-29,-29,-11,QY-011X-029
-11,-30,-30,-11,QY-011X-030
-11,-31,-31,-11,QY-011X-031
-11,-32,-32,-11,QY-011X-032
-11,-33,-33,-11,QY-011X-033
-11,-34,-34,-11,QY-011X-034
-11,-35,-35,-11,QY-011X-035
-11,-36,-36,-11,QY-011X-036
-11,-37,-37,-11,QY-011X-037
-11,-38,-38,-11,QY-011X-038
-11,-39,-39,-11,QY-011X-039
-11,-40,-40,-11,QY-011X-040
-11,-41,-41,-11,QY-011X-041
-11,-42,-42,-11,QY-011X-042
-11,-43,-43,-11,QY-011X-043
-11,-44,-44,-11,QY-011X-044
-11,-45,-45,-11,QY-011X-045
-11,-46,-46,-11,QY-011X-046
-11,-47,-47,-11,QY-011X-047
-11,-48,-48,-11,QY-011X-048
-10,-48,-48,-10,QY-010X-048
-10,-47,-47,-10,QY-010X-047
-10,-46,-46,-10,QY-010X-046
-10,-45,-45,-10,QY-010X-045
-10,-44,-44,-10,QY-010X-044
-10,-43,-43,-10,QY-010X-043
-10,-42,-42,-10,QY-010X-042
-10,-41,-41,-10,QY-010X-041
-10,-40,-40,-10,QY-010X-040
-10,-39,-39,-10,QY-010X-039
-10,-38,-38,-10,QY-010X-038
-10,-37,-37,-10,QY-010X-037
-10,-36,-36,-10,QY-010X-036
-10,-35,-35,-10,QY-010X-035
-10,-34,-34,-10,QY-010X-034
-10,-33,-33,-10,QY-010X-033
-10,-32,-32,-10,QY-010X-032
-10,-31,-31,-10,QY-010X-031
-10,-30,-30,-10,QY-010X-030
-10,-29,-29,-10,QY-010X-029
-10,-28,-28,-10,QY-010X-028
-10,-27,-27,-10,QY-010X-027
-10,-26,-26,-10,QY-010X-026
-10,-25,-25,-10,QY-010X-025
-10,-24,-24,-10,QY-010X-024
-10,-23,-23,-10,QY-010X-023
-10,-22,-22,-10,QY-010X-022
-10,-21,-21,-10,QY-010X-021
-10,-20,-20,-10,QY-010X-020
-10,-19,-19,-10,QY-010X-019
-10,-18,-18,-10,QY-010X-018
-10,-17,-17,-10,QY-010X-017
-10,-16,-16,-10,QY-010X-016
-10,-15,-15,-10,QY-010X-015
-10,-14,-14,-10,QY-010X-014
-10,-13,-13,-10,QY-010X-013
-10,-12,-12,-10,QY-010X-012
-10,-11,-11,-10,QY-010X-011
-10,-10,-10,-10,QY-010X-010
-10,-9,-9,-10,QY-010X-009
-10,-8,-8,-10,QY-010X-008
-10,-7,-7,-10,QY-010X-007
-10,-6,-6,-10,QY-010X-006
-10,-5,-5,-10,QY-010X-005
-10,-4,-4,-10,QY-010X-004
-10,-3,-3,-10,QY-010X-003
-10,-2,-2,-10,QY-010X-002
-10,-1,-1,-10,QY-010X-001
-10,0,0,-10,QY-010X0000
-10,1,1,-10,QY-010X0001
-10,2,2,-10,QY-010X0002
-10,3,3,-10,QY-010X0003
-10,4,4,-10,QY-010X0004
-10,5,5,-10,QY-010X0005
-10,6,6,-10,QY-010X0006
-10,7,7,-10,QY-010X0007
-10,8,8,-10,QY-010X0008
-10,9,9,-10,QY-010X0009
-10,10,10,-10,QY-010X0010
-10,11,11,-10,QY-010X0011
-10,12,12,-10,QY-010X0012
-10,13,13,-10,QY-010X0013
-10,14,14,-10,QY-010X0014
-10,15,15,-10,QY-010X0015
-10,16,16,-10,QY-010X0016
-10,17,17,-10,QY-010X0017
-10,18,18,-10,QY-010X0018
-10,19,19,-10,QY-010X0019
-10,20,20,-10,QY-010X0020
-10,21,21,-10,QY-010X0021
-10,22,22,-10,QY-010X0022
-10,23,23,-10,QY-010X0023
-10,24,24,-10,QY-010X0024
-10,25,25,-10,QY-010X0025
-10,26,26,-10,QY-010X0026
-10,27,27,-10,QY-010X0027
-10,28,28,-10,QY-010X0028
-10,29,29,-10,QY-010X0029
-10,30,30,-10,QY-010X0030
-10,31,31,-10,QY-010X0031
-10,32,32,-10,QY-010X0032
-10,33,33,-10,QY-010X0033
-10,34,34,-10,QY-010X0034
-10,35,35,-10,QY-010X0035
-10,36,36,-10,QY-010X0036
-10,37,37,-10,QY-010X0037
-10,38,38,-10,QY-010X0038
-10,39,39,-10,QY-010X0039
-10,40,40,-10,QY-010X0040
-10,41,41,-10,QY-010X0041
-10,42,42,-10,QY-010X0042
-10,43,43,-10,QY-010X0043
-10,44,44,-10,QY-010X0044
-10,45,45,-10,QY-010X0045
-10,46,46,-10,QY-010X0046
-9,46,46,-9,QY-009X0046
-9,45,45,-9,QY-009X0045
-9,44,44,-9,QY-009X0044
-9,43,43,-9,QY-009X0043
-9,42,42,-9,QY-009X0042
-9,41,41,-9,QY-009X0041
-9,40,40,-9,QY-009X0040
-9,39,39,-9,QY-009X0039
-9,38,38,-9,QY-009X0038
-9,37,37,-9,QY-009X0037
-9,36,36,-9,QY-009X0036
-9,35,35,-9,QY-009X0035
-9,34,34,-9,QY-009X0034
-9,33,33,-9,QY-009X0033
-9,32,32,-9,QY-009X0032
-9,31,31,-9,QY-009X0031
-9,30,30,-9,QY-009X0030
-9,29,29,-9,QY-009X0029
-9,28,28,-9,QY-009X0028
-9,27,27,-9,QY-009X0027
-9,26,26,-9,QY-009X0026
-9,25,25,-9,QY-009X0025
-9,24,24,-9,QY-009X0024
-9,23,23,-9,QY-009X0023
-9,22,22,-9,QY-009X0022
-9,21,21,-9,QY-009X0021
-9,20,20,-9,QY-009X0020
-9,19,19,-9,QY-009X0019
-9,18,18,-9,QY-009X0018
-9,17,17,-9,QY-009X0017
-9,16,16,-9,QY-009X0016
-9,15,15,-9,QY-009X0015
-9,14,14,-9,QY-009X0014
-9,13,13,-9,QY-009X0013
-9,12,12,-9,QY-009X0012
-9,11,11,-9,QY-009X0011
-9,10,10,-9,QY-009X0010
-9,9,9,-9,QY-009X0009
-9,8,8,-9,QY-009X0008
-9,7,7,-9,QY-009X0007
-9,6,6,-9,QY-009X0006
-9,5,5,-9,QY-009X0005
-9,4,4,-9,QY-009X0004
-9,3,3,-9,QY-009X0003
-9,2,2,-9,QY-009X0002
-9,1,1,-9,QY-009X0001
-9,0,0,-9,QY-009X0000
-9,-1,-1,-9,QY-009X-001
-9,-2,-2,-9,QY-009X-002
-9,-3,-3,-9,QY-009X-003
-9,-4,-4,-9,QY-009X-004
-9,-5,-5,-9,QY-009X-005
-9,-6,-6,-9,QY-009X-006
-9,-7,-7,-9,QY-009X-007
-9,-8,-8,-9,QY-009X-008
-9,-9,-9,-9,QY-009X-009
-9,-10,-10,-9,QY-009X-010
-9,-11,-11,-9,QY-009X-011
-9,-12,-12,-9,QY-009X-012
-9,-13,-13,-9,QY-009X-013
-9,-14,-14,-9,QY-009X-014
-9,-15,-15,-9,QY-009X-015
-9,-16,-16,-9,QY-009X-016
-9,-17,-17,-9,QY-009X-017
-9,-18,-18,-9,QY-009X-018
-9,-19,-19,-9,QY-009X-019
-9,-20,-20,-9,QY-009X-020
-9,-21,-21,-9,QY-009X-021
-9,-22,-22,-9,QY-009X-022
-9,-23,-23,-9,QY-009X-023
-9,-24,-24,-9,QY-009X-024
-9,-25,-25,-9,QY-009X-025
-9,-26,-26,-9,QY-009X-026
-9,-27,-27,-9,QY-009X-027
-9,-28,-28,-9,QY-009X-028
-9,-29,-29,-9,QY-009X-029
-9,-30,-30,-9,QY-009X-030
-9,-31,-31,-9,QY-009X-031
-9,-32,-32,-9,QY-009X-032
-9,-33,-33,-9,QY-009X-033
-9,-34,-34,-9,QY-009X-034
-9,-35,-35,-9,QY-009X-035
-9,-36,-36,-9,QY-009X-036
-9,-37,-37,-9,QY-009X-037
-9,-38,-38,-9,QY-009X-038
-9,-39,-39,-9,QY-009X-039
-9,-40,-40,-9,QY-009X-040
-9,-41,-41,-9,QY-009X-041
-9,-42,-42,-9,QY-009X-042
-9,-43,-43,-9,QY-009X-043
-9,-44,-44,-9,QY-009X-044
-9,-45,-45,-9,QY-009X-045
-9,-46,-46,-9,QY-009X-046
-9,-47,-47,-9,QY-009X-047
-9,-48,-48,-9,QY-009X-048
-8,-48,-48,-8,QY-008X-048
-8,-47,-47,-8,QY-008X-047
-8,-46,-46,-8,QY-008X-046
-8,-45,-45,-8,QY-008X-045
-8,-44,-44,-8,QY-008X-044
-8,-43,-43,-8,QY-008X-043
-8,-42,-42,-8,QY-008X-042
-8,-41,-41,-8,QY-008X-041
-8,-40,-40,-8,QY-008X-040
-8,-39,-39,-8,QY-008X-039
-8,-38,-38,-8,QY-008X-038
-8,-37,-37,-8,QY-008X-037
-8,-36,-36,-8,QY-008X-036
-8,-35,-35,-8,QY-008X-035
-8,-34,-34,-8,QY-008X-034
-8,-33,-33,-8,QY-008X-033
-8,-32,-32,-8,QY-008X-032
-8,-31,-31,-8,QY-008X-031
-8,-30,-30,-8,QY-008X-030
-8,-29,-29,-8,QY-008X-029
-8,-28,-28,-8,QY-008X-028
-8,-27,-27,-8,QY-008X-027
-8,-26,-26,-8,QY-008X-026
-8,-25,-25,-8,QY-008X-025
-8,-24,-24,-8,QY-008X-024
-8,-23,-23,-8,QY-008X-023
-8,-22,-22,-8,QY-008X-022
-8,-21,-21,-8,QY-008X-021
-8,-20,-20,-8,QY-008X-020
-8,-19,-19,-8,QY-008X-019
-8,-18,-18,-8,QY-008X-018
-8,-17,-17,-8,QY-008X-017
-8,-16,-16,-8,QY-008X-016
-8,-15,-15,-8,QY-008X-015
-8,-14,-14,-8,QY-008X-014
-8,-13,-13,-8,QY-008X-013
-8,-12,-12,-8,QY-008X-012
-8,-11,-11,-8,QY-008X-011
-8,-10,-10,-8,QY-008X-010
-8,-9,-9,-8,QY-008X-009
-8,-8,-8,-8,QY-008X-008
-8,-7,-7,-8,QY-008X-007
-8,-6,-6,-8,QY-008X-006
-8,-5,-5,-8,QY-008X-005
-8,-4,-4,-8,QY-008X-004
-8,-3,-3,-8,QY-008X-003
-8,-2,-2,-8,QY-008X-002
-8,-1,-1,-8,QY-008X-001
-8,0,0,-8,QY-008X0000
-8,1,1,-8,QY-008X0001
-8,2,2,-8,QY-008X0002
-8,3,3,-8,QY-008X0003
-8,4,4,-8,QY-008X0004
-8,5,5,-8,QY-008X0005
-8,6,6,-8,QY-008X0006
-8,7,7,-8,QY-008X0007
-8,8,8,-8,QY-008X0008
-8,9,9,-8,QY-008X0009
-8,10,10,-8,QY-008X0010
-8,11,11,-8,QY-008X0011
-8,12,12,-8,QY-008X0012
-8,13,13,-8,QY-008X0013
-8,14,14,-8,QY-008X0014
-8,15,15,-8,QY-008X0015
-8,16,16,-8,QY-008X0016
-8,17,17,-8,QY-008X0017
-8,18,18,-8,QY-008X0018
-8,19,19,-8,QY-008X0019
-8,20,20,-8,QY-008X0020
-8,21,21,-8,QY-008X0021
-8,22,22,-8,QY-008X0022
-8,23,23,-8,QY-008X0023
-8,24,24,-8,QY-008X0024
-8,25,25,-8,QY-008X0025
-8,26,26,-8,QY-008X0026
-8,27,27,-8,QY-008X0027
-8,28,28,-8,QY-008X0028
-8,29,29,-8,QY-008X0029
-8,30,30,-8,QY-008X0030
-8,31,31,-8,QY-008X0031
-8,32,32,-8,QY-008X0032
-8,33,33,-8,QY-008X0033
-8,34,34,-8,QY-008X0034
-8,35,35,-8,QY-008X0035
-8,36,36,-8,QY-008X0036
-8,37,37,-8,QY-008X0037
-8,38,38,-8,QY-008X0038
-8,39,39,-8,QY-008X0039
-8,40,40,-8,QY-008X0040
-8,41,41,-8,QY-008X0041
-8,42,42,-8,QY-008X0042
-8,43,43,-8,QY-008X0043
-8,44,44,-8,QY-008X0044
-8,45,45,-8,QY-008X0045
-8,46,46,-8,QY-008X0046
-7,46,46,-7,QY-007X0046
-7,45,45,-7,QY-007X0045
-7,44,44,-7,QY-007X0044
-7,43,43,-7,QY-007X0043
-7,42,42,-7,QY-007X0042
-7,41,41,-7,QY-007X0041
-7,40,40,-7,QY-007X0040
-7,39,39,-7,QY-007X0039
-7,38,38,-7,QY-007X0038
-7,37,37,-7,QY-007X0037
-7,36,36,-7,QY-007X0036
-7,35,35,-7,QY-007X0035
-7,34,34,-7,QY-007X0034
-7,33,33,-7,QY-007X0033
-7,32,32,-7,QY-007X0032
-7,31,31,-7,QY-007X0031
-7,30,30,-7,QY-007X0030
-7,29,29,-7,QY-007X0029
-7,28,28,-7,QY-007X0028
-7,27,27,-7,QY-007X0027
-7,26,26,-7,QY-007X0026
-7,25,25,-7,QY-007X0025
-7,24,24,-7,QY-007X0024
-7,23,23,-7,QY-007X0023
-7,22,22,-7,QY-007X0022
-7,21,21,-7,QY-007X0021
-7,20,20,-7,QY-007X0020
-7,19,19,-7,QY-007X0019
-7,18,18,-7,QY-007X0018
-7,17,17,-7,QY-007X0017
-7,16,16,-7,QY-007X0016
-7,15,15,-7,QY-007X0015
-7,14,14,-7,QY-007X0014
-7,13,13,-7,QY-007X0013
-7,12,12,-7,QY-007X0012
-7,11,11,-7,QY-007X0011
-7,10,10,-7,QY-007X0010
-7,9,9,-7,QY-007X0009
-7,8,8,-7,QY-007X0008
-7,7,7,-7,QY-007X0007
-7,6,6,-7,QY-007X0006
-7,5,5,-7,QY-007X0005
-7,4,4,-7,QY-007X0004
-7,3,3,-7,QY-007X0003
-7,2,2,-7,QY-007X0002
-7,1,1,-7,QY-007X0001
-7,0,0,-7,QY-007X0000
-7,-1,-1,-7,QY-007X-001
-7,-2,-2,-7,QY-007X-002
-7,-3,-3,-7,QY-007X-003
-7,-4,-4,-7,QY-007X-004
-7,-5,-5,-7,QY-007X-005
-7,-6,-6,-7,QY-007X-006
-7,-7,-7,-7,QY-007X-007
-7,-8,-8,-7,QY-007X-008
-7,-9,-9,-7,QY-007X-009
-7,-10,-10,-7,QY-007X-010
-7,-11,-11,-7,QY-007X-011
-7,-12,-12,-7,QY-007X-012
-7,-13,-13,-7,QY-007X-013
-7,-14,-14,-7,QY-007X-014
-7,-15,-15,-7,QY-007X-015
-7,-16,-16,-7,QY-007X-016
-7,-17,-17,-7,QY-007X-017
-7,-18,-18,-7,QY-007X-018
-7,-19,-19,-7,QY-007X-019
-7,-20,-20,-7,QY-007X-020
-7,-21,-21,-7,QY-007X-021
-7,-22,-22,-7,QY-007X-022
-7,-23,-23,-7,QY-007X-023
-7,-24,-24,-7,QY-007X-024
-7,-25,-25,-7,QY-007X-025
-7,-26,-26,-7,QY-007X-026
-7,-27,-27,-7,QY-007X-027
-7,-28,-28,-7,QY-007X-028
-7,-29,-29,-7,QY-007X-029
-7,-30,-30,-7,QY-007X-030
-7,-31,-31,-7,QY-007X-031
-7,-32,-32,-7,QY-007X-032
-7,-33,-33,-7,QY-007X-033
-7,-34,-34,-7,QY-007X-034
-7,-35,-35,-7,QY-007X-035
-7,-36,-36,-7,QY-007X-036
-7,-37,-37,-7,QY-007X-037
-7,-38,-38,-7,QY-007X-038
-7,-39,-39,-7,QY-007X-039
-7,-40,-40,-7,QY-007X-040
-7,-41,-41,-7,QY-007X-041
-7,-42,-42,-7,QY-007X-042
-7,-43,-43,-7,QY-007X-043
-7,-44,-44,-7,QY-007X-044
-7,-45,-45,-7,QY-007X-045
-7,-46,-46,-7,QY-007X-046
-7,-47,-47,-7,QY-007X-047
-7,-48,-48,-7,QY-007X-048
-6,-48,-48,-6,QY-006X-048
-6,-47,-47,-6,QY-006X-047
-6,-46,-46,-6,QY-006X-046
-6,-45,-45,-6,QY-006X-045
-6,-44,-44,-6,QY-006X-044
-6,-43,-43,-6,QY-006X-043
-6,-42,-42,-6,QY-006X-042
-6,-41,-41,-6,QY-006X-041
-6,-40,-40,-6,QY-006X-040
-6,-39,-39,-6,QY-006X-039
-6,-38,-38,-6,QY-006X-038
-6,-37,-37,-6,QY-006X-037
-6,-36,-36,-6,QY-006X-036
-6,-35,-35,-6,QY-006X-035
-6,-34,-34,-6,QY-006X-034
-6,-33,-33,-6,QY-006X-033
-6,-32,-32,-6,QY-006X-032
-6,-31,-31,-6,QY-006X-031
-6,-30,-30,-6,QY-006X-030
-6,-29,-29,-6,QY-006X-029
-6,-28,-28,-6,QY-006X-028
-6,-27,-27,-6,QY-006X-027
-6,-26,-26,-6,QY-006X-026
-6,-25,-25,-6,QY-006X-025
-6,-24,-24,-6,QY-006X-024
-6,-23,-23,-6,QY-006X-023
-6,-22,-22,-6,QY-006X-022
-6,-21,-21,-6,QY-006X-021
-6,-20,-20,-6,QY-006X-020
-6,-19,-19,-6,QY-006X-019
-6,-18,-18,-6,QY-006X-018
-6,-17,-17,-6,QY-006X-017
-6,-16,-16,-6,QY-006X-016
-6,-15,-15,-6,QY-006X-015
-6,-14,-14,-6,QY-006X-014
-6,-13,-13,-6,QY-006X-013
-6,-12,-12,-6,QY-006X-012
-6,-11,-11,-6,QY-006X-011
-6,-10,-10,-6,QY-006X-010
-6,-9,-9,-6,QY-006X-009
-6,-8,-8,-6,QY-006X-008
-6,-7,-7,-6,QY-006X-007
-6,-6,-6,-6,QY-006X-006
-6,-5,-5,-6,QY-006X-005
-6,-4,-4,-6,QY-006X-004
-6,-3,-3,-6,QY-006X-003
-6,-2,-2,-6,QY-006X-002
-6,-1,-1,-6,QY-006X-001
-6,0,0,-6,QY-006X0000
-6,1,1,-6,QY-006X0001
-6,2,2,-6,QY-006X0002
-6,3,3,-6,QY-006X0003
-6,4,4,-6,QY-006X0004
-6,5,5,-6,QY-006X0005
-6,6,6,-6,QY-006X0006
-6,7,7,-6,QY-006X0007
-6,8,8,-6,QY-006X0008
-6,9,9,-6,QY-006X0009
-6,10,10,-6,QY-006X0010
-6,11,11,-6,QY-006X0011
-6,12,12,-6,QY-006X0012
-6,13,13,-6,QY-006X0013
-6,14,14,-6,QY-006X0014
-6,15,15,-6,QY-006X0015
-6,16,16,-6,QY-006X0016
-6,17,17,-6,QY-006X0017
-6,18,18,-6,QY-006X0018
-6,19,19,-6,QY-006X0019
-6,20,20,-6,QY-006X0020
-6,21,21,-6,QY-006X0021
-6,22,22,-6,QY-006X0022
-6,23,23,-6,QY-006X0023
-6,24,24,-6,QY-006X0024
-6,25,25,-6,QY-006X0025
-6,26,26,-6,QY-006X0026
-6,27,27,-6,QY-006X0027
-6,28,28,-6,QY-006X0028
-6,29,29,-6,QY-006X0029
-6,30,30,-6,QY-006X0030
-6,31,31,-6,QY-006X0031
-6,32,32,-6,QY-006X0032
-6,33,33,-6,QY-006X0033
-6,34,34,-6,QY-006X0034
-6,35,35,-6,QY-006X0035
-6,36,36,-6,QY-006X0036
-6,37,37,-6,QY-006X0037
-6,38,38,-6,QY-006X0038
-6,39,39,-6,QY-006X0039
-6,40,40,-6,QY-006X0040
-6,41,41,-6,QY-006X0041
-6,42,42,-6,QY-006X0042
-6,43,43,-6,QY-006X0043
-6,44,44,-6,QY-006X0044
-6,45,45,-6,QY-006X0045
-6,46,46,-6,QY-006X0046
-5,51,51,-5,QY-005X0051
-5,50,50,-5,QY-005X0050
-5,49,49,-5,QY-005X0049
-5,48,48,-5,QY-005X0048
-5,47,47,-5,QY-005X0047
-5,46,46,-5,QY-005X0046
-5,45,45,-5,QY-005X0045
-5,44,44,-5,QY-005X0044
-5,43,43,-5,QY-005X0043
-5,42,42,-5,QY-005X0042
-5,41,41,-5,QY-005X0041
-5,40,40,-5,QY-005X0040
-5,39,39,-5,QY-005X0039
-5,38,38,-5,QY-005X0038
-5,37,37,-5,QY-005X0037
-5,36,36,-5,QY-005X0036
-5,35,35,-5,QY-005X0035
-5,34,34,-5,QY-005X0034
-5,33,33,-5,QY-005X0033
-5,32,32,-5,QY-005X0032
-5,31,31,-5,QY-005X0031
-5,30,30,-5,QY-005X0030
-5,29,29,-5,QY-005X0029
-5,28,28,-5,QY-005X0028
-5,27,27,-5,QY-005X0027
-5,26,26,-5,QY-005X0026
-5,25,25,-5,QY-005X0025
-5,24,24,-5,QY-005X0024
-5,23,23,-5,QY-005X0023
-5,22,22,-5,QY-005X0022
-5,21,21,-5,QY-005X0021
-5,20,20,-5,QY-005X0020
-5,19,19,-5,QY-005X0019
-5,18,18,-5,QY-005X0018
-5,17,17,-5,QY-005X0017
-5,16,16,-5,QY-005X0016
-5,15,15,-5,QY-005X0015
-5,14,14,-5,QY-005X0014
-5,13,13,-5,QY-005X0013
-5,12,12,-5,QY-005X0012
-5,11,11,-5,QY-005X0011
-5,10,10,-5,QY-005X0010
-5,9,9,-5,QY-005X0009
-5,8,8,-5,QY-005X0008
-5,7,7,-5,QY-005X0007
-5,6,6,-5,QY-005X0006
-5,5,5,-5,QY-005X0005
-5,4,4,-5,QY-005X0004
-5,3,3,-5,QY-005X0003
-5,2,2,-5,QY-005X0002
-5,1,1,-5,QY-005X0001
-5,0,0,-5,QY-005X0000
-5,-1,-1,-5,QY-005X-001
-5,-2,-2,-5,QY-005X-002
-5,-3,-3,-5,QY-005X-003
-5,-4,-4,-5,QY-005X-004
-5,-5,-5,-5,QY-005X-005
-5,-6,-6,-5,QY-005X-006
-5,-7,-7,-5,QY-005X-007
-5,-8,-8,-5,QY-005X-008
-5,-9,-9,-5,QY-005X-009
-5,-10,-10,-5,QY-005X-010
-5,-11,-11,-5,QY-005X-011
-5,-12,-12,-5,QY-005X-012
-5,-13,-13,-5,QY-005X-013
-5,-14,-14,-5,QY-005X-014
-5,-15,-15,-5,QY-005X-015
-5,-16,-16,-5,QY-005X-016
-5,-17,-17,-5,QY-005X-017
-5,-18,-18,-5,QY-005X-018
-5,-19,-19,-5,QY-005X-019
-5,-20,-20,-5,QY-005X-020
-5,-21,-21,-5,QY-005X-021
-5,-22,-22,-5,QY-005X-022
-5,-23,-23,-5,QY-005X-023
-5,-24,-24,-5,QY-005X-024
-5,-25,-25,-5,QY-005X-025
-5,-26,-26,-5,QY-005X-026
-5,-27,-27,-5,QY-005X-027
-5,-28,-28,-5,QY-005X-028
-5,-29,-29,-5,QY-005X-029
-5,-30,-30,-5,QY-005X-030
-5,-31,-31,-5,QY-005X-031
-5,-32,-32,-5,QY-005X-032
-5,-33,-33,-5,QY-005X-033
-5,-34,-34,-5,QY-005X-034
-5,-35,-35,-5,QY-005X-035
-5,-36,-36,-5,QY-005X-036
-5,-37,-37,-5,QY-005X-037
-5,-38,-38,-5,QY-005X-038
-5,-39,-39,-5,QY-005X-039
-5,-40,-40,-5,QY-005X-040
-5,-41,-41,-5,QY-005X-041
-5,-42,-42,-5,QY-005X-042
-5,-43,-43,-5,QY-005X-043
-5,-44,-44,-5,QY-005X-044
-5,-45,-45,-5,QY-005X-045
-5,-46,-46,-5,QY-005X-046
-5,-47,-47,-5,QY-005X-047
-5,-48,-48,-5,QY-005X-048
-5,-49,-49,-5,QY-005X-049
-5,-50,-50,-5,QY-005X-050
-5,-51,-51,-5,QY-005X-051
-5,-52,-52,-5,QY-005X-052
-5,-53,-53,-5,QY-005X-053
-4,-53,-53,-4,QY-004X-053
-4,-52,-52,-4,QY-004X-052
-4,-51,-51,-4,QY-004X-051
-4,-50,-50,-4,QY-004X-050
-4,-49,-49,-4,QY-004X-049
-4,-48,-48,-4,QY-004X-048
-4,-47,-47,-4,QY-004X-047
-4,-46,-46,-4,QY-004X-046
-4,-45,-45,-4,QY-004X-045
-4,-44,-44,-4,QY-004X-044
-4,-43,-43,-4,QY-004X-043
-4,-42,-42,-4,QY-004X-042
-4,-41,-41,-4,QY-004X-041
-4,-40,-40,-4,QY-004X-040
-4,-39,-39,-4,QY-004X-039
-4,-38,-38,-4,QY-004X-038
-4,-37,-37,-4,QY-004X-037
-4,-36,-36,-4,QY-004X-036
-4,-35,-35,-4,QY-004X-035
-4,-34,-34,-4,QY-004X-034
-4,-33,-33,-4,QY-004X-033
-4,-32,-32,-4,QY-004X-032
-4,-31,-31,-4,QY-004X-031
-4,-30,-30,-4,QY-004X-030
-4,-29,-29,-4,QY-004X-029
-4,-28,-28,-4,QY-004X-028
-4,-27,-27,-4,QY-004X-027
-4,-26,-26,-4,QY-004X-026
-4,-25,-25,-4,QY-004X-025
-4,-24,-24,-4,QY-004X-024
-4,-23,-23,-4,QY-004X-023
-4,-22,-22,-4,QY-004X-022
-4,-21,-21,-4,QY-004X-021
-4,-20,-20,-4,QY-004X-020
-4,-19,-19,-4,QY-004X-019
-4,-18,-18,-4,QY-004X-018
-4,-17,-17,-4,QY-004X-017
-4,-16,-16,-4,QY-004X-016
-4,-15,-15,-4,QY-004X-015
-4,-14,-14,-4,QY-004X-014
-4,-13,-13,-4,QY-004X-013
-4,-12,-12,-4,QY-004X-012
-4,-11,-11,-4,QY-004X-011
-4,-10,-10,-4,QY-004X-010
-4,-9,-9,-4,QY-004X-009
-4,-8,-8,-4,QY-004X-008
-4,-7,-7,-4,QY-004X-007
-4,-6,-6,-4,QY-004X-006
-4,-5,-5,-4,QY-004X-005
-4,-4,-4,-4,QY-004X-004
-4,-3,-3,-4,QY-004X-003
-4,-2,-2,-4,QY-004X-002
-4,-1,-1,-4,QY-004X-001
-4,0,0,-4,QY-004X0000
-4,1,1,-4,QY-004X0001
-4,2,2,-4,QY-004X0002
-4,3,3,-4,QY-004X0003
-4,4,4,-4,QY-004X0004
-4,5,5,-4,QY-004X0005
-4,6,6,-4,QY-004X0006
-4,7,7,-4,QY-004X0007
-4,8,8,-4,QY-004X0008
-4,9,9,-4,QY-004X0009
-4,10,10,-4,QY-004X0010
-4,11,11,-4,QY-004X0011
-4,12,12,-4,QY-004X0012
-4,13,13,-4,QY-004X0013
-4,14,14,-4,QY-004X0014
-4,15,15,-4,QY-004X0015
-4,16,16,-4,QY-004X0016
-4,17,17,-4,QY-004X0017
-4,18,18,-4,QY-004X0018
-4,19,19,-4,QY-004X0019
-4,20,20,-4,QY-004X0020
-4,21,21,-4,QY-004X0021
-4,22,22,-4,QY-004X0022
-4,23,23,-4,QY-004X0023
-4,24,24,-4,QY-004X0024
-4,25,25,-4,QY-004X0025
-4,26,26,-4,QY-004X0026
-4,27,27,-4,QY-004X0027
-4,28,28,-4,QY-004X0028
-4,29,29,-4,QY-004X0029
-4,30,30,-4,QY-004X0030
-4,31,31,-4,QY-004X0031
-4,32,32,-4,QY-004X0032
-4,33,33,-4,QY-004X0033
-4,34,34,-4,QY-004X0034
-4,35,35,-4,QY-004X0035
-4,36,36,-4,QY-004X0036
-4,37,37,-4,QY-004X0037
-4,38,38,-4,QY-004X0038
-4,39,39,-4,QY-004X0039
-4,40,40,-4,QY-004X0040
-4,41,41,-4,QY-004X0041
-4,42,42,-4,QY-004X0042
-4,43,43,-4,QY-004X0043
-4,44,44,-4,QY-004X0044
-4,45,45,-4,QY-004X0045
-4,46,46,-4,QY-004X0046
-4,47,47,-4,QY-004X0047
-4,48,48,-4,QY-004X0048
-4,49,49,-4,QY-004X0049
-4,50,50,-4,QY-004X0050
-4,51,51,-4,QY-004X0051
-3,51,51,-3,QY-003X0051
-3,50,50,-3,QY-003X0050
-3,49,49,-3,QY-003X0049
-3,48,48,-3,QY-003X0048
-3,47,47,-3,QY-003X0047
-3,46,46,-3,QY-003X0046
-3,45,45,-3,QY-003X0045
-3,44,44,-3,QY-003X0044
-3,43,43,-3,QY-003X0043
-3,42,42,-3,QY-003X0042
-3,41,41,-3,QY-003X0041
-3,40,40,-3,QY-003X0040
-3,39,39,-3,QY-003X0039
-3,38,38,-3,QY-003X0038
-3,37,37,-3,QY-003X0037
-3,36,36,-3,QY-003X0036
-3,35,35,-3,QY-003X0035
-3,34,34,-3,QY-003X0034
-3,33,33,-3,QY-003X0033
-3,32,32,-3,QY-003X0032
-3,31,31,-3,QY-003X0031
-3,30,30,-3,QY-003X0030
-3,29,29,-3,QY-003X0029
-3,28,28,-3,QY-003X0028
-3,27,27,-3,QY-003X0027
-3,26,26,-3,QY-003X0026
-3,25,25,-3,QY-003X0025
-3,24,24,-3,QY-003X0024
-3,23,23,-3,QY-003X0023
-3,22,22,-3,QY-003X0022
-3,21,21,-3,QY-003X0021
-3,20,20,-3,QY-003X0020
-3,19,19,-3,QY-003X0019
-3,18,18,-3,QY-003X0018
-3,17,17,-3,QY-003X0017
-3,16,16,-3,QY-003X0016
-3,15,15,-3,QY-003X0015
-3,14,14,-3,QY-003X0014
-3,13,13,-3,QY-003X0013
-3,12,12,-3,QY-003X0012
-3,11,11,-3,QY-003X0011
-3,10,10,-3,QY-003X0010
-3,9,9,-3,QY-003X0009
-3,8,8,-3,QY-003X0008
-3,7,7,-3,QY-003X0007
-3,6,6,-3,QY-003X0006
-3,5,5,-3,QY-003X0005
-3,4,4,-3,QY-003X0004
-3,3,3,-3,QY-003X0003
-3,2,2,-3,QY-003X0002
-3,1,1,-3,QY-003X0001
-3,0,0,-3,QY-003X0000
-3,-1,-1,-3,QY-003X-001
-3,-2,-2,-3,QY-003X-002
-3,-3,-3,-3,QY-003X-003
-3,-4,-4,-3,QY-003X-004
-3,-5,-5,-3,QY-003X-005
-3,-6,-6,-3,QY-003X-006
-3,-7,-7,-3,QY-003X-007
-3,-8,-8,-3,QY-003X-008
-3,-9,-9,-3,QY-003X-009
-3,-10,-10,-3,QY-003X-010
-3,-11,-11,-3,QY-003X-011
-3,-12,-12,-3,QY-003X-012
-3,-13,-13,-3,QY-003X-013
-3,-14,-14,-3,QY-003X-014
-3,-15,-15,-3,QY-003X-015
-3,-16,-16,-3,QY-003X-016
-3,-17,-17,-3,QY-003X-017
-3,-18,-18,-3,QY-003X-018
-3,-19,-19,-3,QY-003X-019
-3,-20,-20,-3,QY-003X-020
-3,-21,-21,-3,QY-003X-021
-3,-22,-22,-3,QY-003X-022
-3,-23,-23,-3,QY-003X-023
-3,-24,-24,-3,QY-003X-024
-3,-25,-25,-3,QY-003X-025
-3,-26,-26,-3,QY-003X-026
-3,-27,-27,-3,QY-003X-027
-3,-28,-28,-3,QY-003X-028
-3,-29,-29,-3,QY-003X-029
-3,-30,-30,-3,QY-003X-030
-3,-31,-31,-3,QY-003X-031
-3,-32,-32,-3,QY-003X-032
-3,-33,-33,-3,QY-003X-033
-3,-34,-34,-3,QY-003X-034
-3,-35,-35,-3,QY-003X-035
-3,-36,-36,-3,QY-003X-036
-3,-37,-37,-3,QY-003X-037
-3,-38,-38,-3,QY-003X-038
-3,-39,-39,-3,QY-003X-039
-3,-40,-40,-3,QY-003X-040
-3,-41,-41,-3,QY-003X-041
-3,-42,-42,-3,QY-003X-042
-3,-43,-43,-3,QY-003X-043
-3,-44,-44,-3,QY-003X-044
-3,-45,-45,-3,QY-003X-045
-3,-46,-46,-3,QY-003X-046
-3,-47,-47,-3,QY-003X-047
-3,-48,-48,-3,QY-003X-048
-3,-49,-49,-3,QY-003X-049
-3,-50,-50,-3,QY-003X-050
-3,-51,-51,-3,QY-003X-051
-3,-52,-52,-3,QY-003X-052
-3,-53,-53,-3,QY-003X-053
-2,-53,-53,-2,QY-002X-053
-2,-52,-52,-2,QY-002X-052
-2,-51,-51,-2,QY-002X-051
-2,-50,-50,-2,QY-002X-050
-2,-49,-49,-2,QY-002X-049
-2,-48,-48,-2,QY-002X-048
-2,-47,-47,-2,QY-002X-047
-2,-46,-46,-2,QY-002X-046
-2,-45,-45,-2,QY-002X-045
-2,-44,-44,-2,QY-002X-044
-2,-43,-43,-2,QY-002X-043
-2,-42,-42,-2,QY-002X-042
-2,-41,-41,-2,QY-002X-041
-2,-40,-40,-2,QY-002X-040
-2,-39,-39,-2,QY-002X-039
-2,-38,-38,-2,QY-002X-038
-2,-37,-37,-2,QY-002X-037
-2,-36,-36,-2,QY-002X-036
-2,-35,-35,-2,QY-002X-035
-2,-34,-34,-2,QY-002X-034
-2,-33,-33,-2,QY-002X-033
-2,-32,-32,-2,QY-002X-032
-2,-31,-31,-2,QY-002X-031
-2,-30,-30,-2,QY-002X-030
-2,-29,-29,-2,QY-002X-029
-2,-28,-28,-2,QY-002X-028
-2,-27,-27,-2,QY-002X-027
-2,-26,-26,-2,QY-002X-026
-2,-25,-25,-2,QY-002X-025
-2,-24,-24,-2,QY-002X-024
-2,-23,-23,-2,QY-002X-023
-2,-22,-22,-2,QY-002X-022
-2,-21,-21,-2,QY-002X-021
-2,-20,-20,-2,QY-002X-020
-2,-19,-19,-2,QY-002X-019
-2,-18,-18,-2,QY-002X-018
-2,-17,-17,-2,QY-002X-017
-2,-16,-16,-2,QY-002X-016
-2,-15,-15,-2,QY-002X-015
-2,-14,-14,-2,QY-002X-014
-2,-13,-13,-2,QY-002X-013
-2,-12,-12,-2,QY-002X-012
-2,-11,-11,-2,QY-002X-011
-2,-10,-10,-2,QY-002X-010
-2,-9,-9,-2,QY-002X-009
-2,-8,-8,-2,QY-002X-008
-2,-7,-7,-2,QY-002X-007
-2,-6,-6,-2,QY-002X-006
-2,-5,-5,-2,QY-002X-005
-2,-4,-4,-2,QY-002X-004
-2,-3,-3,-2,QY-002X-003
-2,-2,-2,-2,QY-002X-002
-2,-1,-1,-2,QY-002X-001
-2,0,0,-2,QY-002X0000
-2,1,1,-2,QY-002X0001
-2,2,2,-2,QY-002X0002
-2,3,3,-2,QY-002X0003
-2,4,4,-2,QY-002X0004
-2,5,5,-2,QY-002X0005
-2,6,6,-2,QY-002X0006
-2,7,7,-2,QY-002X0007
-2,8,8,-2,QY-002X0008
-2,9,9,-2,QY-002X0009
-2,10,10,-2,QY-002X0010
-2,11,11,-2,QY-002X0011
-2,12,12,-2,QY-002X0012
-2,13,13,-2,QY-002X0013
-2,14,14,-2,QY-002X0014
-2,15,15,-2,QY-002X0015
-2,16,16,-2,QY-002X0016
-2,17,17,-2,QY-002X0017
-2,18,18,-2,QY-002X0018
-2,19,19,-2,QY-002X0019
-2,20,20,-2,QY-002X0020
-2,21,21,-2,QY-002X0021
-2,22,22,-2,QY-002X0022
-2,23,23,-2,QY-002X0023
-2,24,24,-2,QY-002X0024
-2,25,25,-2,QY-002X0025
-2,26,26,-2,QY-002X0026
-2,27,27,-2,QY-002X0027
-2,28,28,-2,QY-002X0028
-2,29,29,-2,QY-002X0029
-2,30,30,-2,QY-002X0030
-2,31,31,-2,QY-002X0031
-2,32,32,-2,QY-002X0032
-2,33,33,-2,QY-002X0033
-2,34,34,-2,QY-002X0034
-2,35,35,-2,QY-002X0035
-2,36,36,-2,QY-002X0036
-2,37,37,-2,QY-002X0037
-2,38,38,-2,QY-002X0038
-2,39,39,-2,QY-002X0039
-2,40,40,-2,QY-002X0040
-2,41,41,-2,QY-002X0041
-2,42,42,-2,QY-002X0042
-2,43,43,-2,QY-002X0043
-2,44,44,-2,QY-002X0044
-2,45,45,-2,QY-002X0045
-2,46,46,-2,QY-002X0046
-2,47,47,-2,QY-002X0047
-2,48,48,-2,QY-002X0048
-2,49,49,-2,QY-002X0049
-2,50,50,-2,QY-002X0050
-2,51,51,-2,QY-002X0051
-1,51,51,-1,QY-001X0051
-1,50,50,-1,QY-001X0050
-1,49,49,-1,QY-001X0049
-1,48,48,-1,QY-001X0048
-1,47,47,-1,QY-001X0047
-1,46,46,-1,QY-001X0046
-1,45,45,-1,QY-001X0045
-1,44,44,-1,QY-001X0044
-1,43,43,-1,QY-001X0043
-1,42,42,-1,QY-001X0042
-1,41,41,-1,QY-001X0041
-1,40,40,-1,QY-001X0040
-1,39,39,-1,QY-001X0039
-1,38,38,-1,QY-001X0038
-1,37,37,-1,QY-001X0037
-1,36,36,-1,QY-001X0036
-1,35,35,-1,QY-001X0035
-1,34,34,-1,QY-001X0034
-1,33,33,-1,QY-001X0033
-1,32,32,-1,QY-001X0032
-1,31,31,-1,QY-001X0031
-1,30,30,-1,QY-001X0030
-1,29,29,-1,QY-001X0029
-1,28,28,-1,QY-001X0028
-1,27,27,-1,QY-001X0027
-1,26,26,-1,QY-001X0026
-1,25,25,-1,QY-001X0025
-1,24,24,-1,QY-001X0024
-1,23,23,-1,QY-001X0023
-1,22,22,-1,QY-001X0022
-1,21,21,-1,QY-001X0021
-1,20,20,-1,QY-001X0020
-1,19,19,-1,QY-001X0019
-1,18,18,-1,QY-001X0018
-1,17,17,-1,QY-001X0017
-1,16,16,-1,QY-001X0016
-1,15,15,-1,QY-001X0015
-1,14,14,-1,QY-001X0014
-1,13,13,-1,QY-001X0013
-1,12,12,-1,QY-001X0012
-1,11,11,-1,QY-001X0011
-1,10,10,-1,QY-001X0010
-1,9,9,-1,QY-001X0009
-1,8,8,-1,QY-001X0008
-1,7,7,-1,QY-001X0007
-1,6,6,-1,QY-001X0006
-1,5,5,-1,QY-001X0005
-1,4,4,-1,QY-001X0004
-1,3,3,-1,QY-001X0003
-1,2,2,-1,QY-001X0002
-1,1,1,-1,QY-001X0001
-1,0,0,-1,QY-001X0000
-1,-1,-1,-1,QY-001X-001
-1,-2,-2,-1,QY-001X-002
-1,-3,-3,-1,QY-001X-003
-1,-4,-4,-1,QY-001X-004
-1,-5,-5,-1,QY-001X-005
-1,-6,-6,-1,QY-001X-006
-1,-7,-7,-1,QY-001X-007
-1,-8,-8,-1,QY-001X-008
-1,-9,-9,-1,QY-001X-009
-1,-10,-10,-1,QY-001X-010
-1,-11,-11,-1,QY-001X-011
-1,-12,-12,-1,QY-001X-012
-1,-13,-13,-1,QY-001X-013
-1,-14,-14,-1,QY-001X-014
-1,-15,-15,-1,QY-001X-015
-1,-16,-16,-1,QY-001X-016
-1,-17,-17,-1,QY-001X-017
-1,-18,-18,-1,QY-001X-018
-1,-19,-19,-1,QY-001X-019
-1,-20,-20,-1,QY-001X-020
-1,-21,-21,-1,QY-001X-021
-1,-22,-22,-1,QY-001X-022
-1,-23,-23,-1,QY-001X-023
-1,-24,-24,-1,QY-001X-024
-1,-25,-25,-1,QY-001X-025
-1,-26,-26,-1,QY-001X-026
-1,-27,-27,-1,QY-001X-027
-1,-28,-28,-1,QY-001X-028
-1,-29,-29,-1,QY-001X-029
-1,-30,-30,-1,QY-001X-030
-1,-31,-31,-1,QY-001X-031
-1,-32,-32,-1,QY-001X-032
-1,-33,-33,-1,QY-001X-033
-1,-34,-34,-1,QY-001X-034
-1,-35,-35,-1,QY-001X-035
-1,-36,-36,-1,QY-001X-036
-1,-37,-37,-1,QY-001X-037
-1,-38,-38,-1,QY-001X-038
-1,-39,-39,-1,QY-001X-039
-1,-40,-40,-1,QY-001X-040
-1,-41,-41,-1,QY-001X-041
-1,-42,-42,-1,QY-001X-042
-1,-43,-43,-1,QY-001X-043
-1,-44,-44,-1,QY-001X-044
-1,-45,-45,-1,QY-001X-045
-1,-46,-46,-1,QY-001X-046
-1,-47,-47,-1,QY-001X-047
-1,-48,-48,-1,QY-001X-048
-1,-49,-49,-1,QY-001X-049
-1,-50,-50,-1,QY-001X-050
-1,-51,-51,-1,QY-001X-051
-1,-52,-52,-1,QY-001X-052
-1,-53,-53,-1,QY-001X-053
0,-53,-53,0,QY0000X-053
0,-52,-52,0,QY0000X-052
0,-51,-51,0,QY0000X-051
0,-50,-50,0,QY0000X-050
0,-49,-49,0,QY0000X-049
0,-48,-48,0,QY0000X-048
0,-47,-47,0,QY0000X-047
0,-46,-46,0,QY0000X-046
0,-45,-45,0,QY0000X-045
0,-44,-44,0,QY0000X-044
0,-43,-43,0,QY0000X-043
0,-42,-42,0,QY0000X-042
0,-41,-41,0,QY0000X-041
0,-40,-40,0,QY0000X-040
0,-39,-39,0,QY0000X-039
0,-38,-38,0,QY0000X-038
0,-37,-37,0,QY0000X-037
0,-36,-36,0,QY0000X-036
0,-35,-35,0,QY0000X-035
0,-34,-34,0,QY0000X-034
0,-33,-33,0,QY0000X-033
0,-32,-32,0,QY0000X-032
0,-31,-31,0,QY0000X-031
0,-30,-30,0,QY0000X-030
0,-29,-29,0,QY0000X-029
0,-28,-28,0,QY0000X-028
0,-27,-27,0,QY0000X-027
0,-26,-26,0,QY0000X-026
0,-25,-25,0,QY0000X-025
0,-24,-24,0,QY0000X-024
0,-23,-23,0,QY0000X-023
0,-22,-22,0,QY0000X-022
0,-21,-21,0,QY0000X-021
0,-20,-20,0,QY0000X-020
0,-19,-19,0,QY0000X-019
0,-18,-18,0,QY0000X-018
0,-17,-17,0,QY0000X-017
0,-16,-16,0,QY0000X-016
0,-15,-15,0,QY0000X-015
0,-14,-14,0,QY0000X-014
0,-13,-13,0,QY0000X-013
0,-12,-12,0,QY0000X-012
0,-11,-11,0,QY0000X-011
0,-10,-10,0,QY0000X-010
0,-9,-9,0,QY0000X-009
0,-8,-8,0,QY0000X-008
0,-7,-7,0,QY0000X-007
0,-6,-6,0,QY0000X-006
0,-5,-5,0,QY0000X-005
0,-4,-4,0,QY0000X-004
0,-3,-3,0,QY0000X-003
0,-2,-2,0,QY0000X-002
0,-1,-1,0,QY0000X-001
0,0,0,0,QY0000X0000
0,1,1,0,QY0000X0001
0,2,2,0,QY0000X0002
0,3,3,0,QY0000X0003
0,4,4,0,QY0000X0004
0,5,5,0,QY0000X0005
0,6,6,0,QY0000X0006
0,7,7,0,QY0000X0007
0,8,8,0,QY0000X0008
0,9,9,0,QY0000X0009
0,10,10,0,QY0000X0010
0,11,11,0,QY0000X0011
0,12,12,0,QY0000X0012
0,13,13,0,QY0000X0013
0,14,14,0,QY0000X0014
0,15,15,0,QY0000X0015
0,16,16,0,QY0000X0016
0,17,17,0,QY0000X0017
0,18,18,0,QY0000X0018
0,19,19,0,QY0000X0019
0,20,20,0,QY0000X0020
0,21,21,0,QY0000X0021
0,22,22,0,QY0000X0022
0,23,23,0,QY0000X0023
0,24,24,0,QY0000X0024
0,25,25,0,QY0000X0025
0,26,26,0,QY0000X0026
0,27,27,0,QY0000X0027
0,28,28,0,QY0000X0028
0,29,29,0,QY0000X0029
0,30,30,0,QY0000X0030
0,31,31,0,QY0000X0031
0,32,32,0,QY0000X0032
0,33,33,0,QY0000X0033
0,34,34,0,QY0000X0034
0,35,35,0,QY0000X0035
0,36,36,0,QY0000X0036
0,37,37,0,QY0000X0037
0,38,38,0,QY0000X0038
0,39,39,0,QY0000X0039
0,40,40,0,QY0000X0040
0,41,41,0,QY0000X0041
0,42,42,0,QY0000X0042
0,43,43,0,QY0000X0043
0,44,44,0,QY0000X0044
0,45,45,0,QY0000X0045
0,46,46,0,QY0000X0046
0,47,47,0,QY0000X0047
0,48,48,0,QY0000X0048
0,49,49,0,QY0000X0049
0,50,50,0,QY0000X0050
0,51,51,0,QY0000X0051
1,51,51,1,QY0001X0051
1,50,50,1,QY0001X0050
1,49,49,1,QY0001X0049
1,48,48,1,QY0001X0048
1,47,47,1,QY0001X0047
1,46,46,1,QY0001X0046
1,45,45,1,QY0001X0045
1,44,44,1,QY0001X0044
1,43,43,1,QY0001X0043
1,42,42,1,QY0001X0042
1,41,41,1,QY0001X0041
1,40,40,1,QY0001X0040
1,39,39,1,QY0001X0039
1,38,38,1,QY0001X0038
1,37,37,1,QY0001X0037
1,36,36,1,QY0001X0036
1,35,35,1,QY0001X0035
1,34,34,1,QY0001X0034
1,33,33,1,QY0001X0033
1,32,32,1,QY0001X0032
1,31,31,1,QY0001X0031
1,30,30,1,QY0001X0030
1,29,29,1,QY0001X0029
1,28,28,1,QY0001X0028
1,27,27,1,QY0001X0027
1,26,26,1,QY0001X0026
1,25,25,1,QY0001X0025
1,24,24,1,QY0001X0024
1,23,23,1,QY0001X0023
1,22,22,1,QY0001X0022
1,21,21,1,QY0001X0021
1,20,20,1,QY0001X0020
1,19,19,1,QY0001X0019
1,18,18,1,QY0001X0018
1,17,17,1,QY0001X0017
1,16,16,1,QY0001X0016
1,15,15,1,QY0001X0015
1,14,14,1,QY0001X0014
1,13,13,1,QY0001X0013
1,12,12,1,QY0001X0012
1,11,11,1,QY0001X0011
1,10,10,1,QY0001X0010
1,9,9,1,QY0001X0009
1,8,8,1,QY0001X0008
1,7,7,1,QY0001X0007
1,6,6,1,QY0001X0006
1,5,5,1,QY0001X0005
1,4,4,1,QY0001X0004
1,3,3,1,QY0001X0003
1,2,2,1,QY0001X0002
1,1,1,1,QY0001X0001
1,0,0,1,QY0001X0000
1,-1,-1,1,QY0001X-001
1,-2,-2,1,QY0001X-002
1,-3,-3,1,QY0001X-003
1,-4,-4,1,QY0001X-004
1,-5,-5,1,QY0001X-005
1,-6,-6,1,QY0001X-006
1,-7,-7,1,QY0001X-007
1,-8,-8,1,QY0001X-008
1,-9,-9,1,QY0001X-009
1,-10,-10,1,QY0001X-010
1,-11,-11,1,QY0001X-011
1,-12,-12,1,QY0001X-012
1,-13,-13,1,QY0001X-013
1,-14,-14,1,QY0001X-014
1,-15,-15,1,QY0001X-015
1,-16,-16,1,QY0001X-016
1,-17,-17,1,QY0001X-017
1,-18,-18,1,QY0001X-018
1,-19,-19,1,QY0001X-019
1,-20,-20,1,QY0001X-020
1,-21,-21,1,QY0001X-021
1,-22,-22,1,QY0001X-022
1,-23,-23,1,QY0001X-023
1,-24,-24,1,QY0001X-024
1,-25,-25,1,QY0001X-025
1,-26,-26,1,QY0001X-026
1,-27,-27,1,QY0001X-027
1,-28,-28,1,QY0001X-028
1,-29,-29,1,QY0001X-029
1,-30,-30,1,QY0001X-030
1,-31,-31,1,QY0001X-031
1,-32,-32,1,QY0001X-032
1,-33,-33,1,QY0001X-033
1,-34,-34,1,QY0001X-034
1,-35,-35,1,QY0001X-035
1,-36,-36,1,QY0001X-036
1,-37,-37,1,QY0001X-037
1,-38,-38,1,QY0001X-038
1,-39,-39,1,QY0001X-039
1,-40,-40,1,QY0001X-040
1,-41,-41,1,QY0001X-041
1,-42,-42,1,QY0001X-042
1,-43,-43,1,QY0001X-043
1,-44,-44,1,QY0001X-044
1,-45,-45,1,QY0001X-045
1,-46,-46,1,QY0001X-046
1,-47,-47,1,QY0001X-047
1,-48,-48,1,QY0001X-048
1,-49,-49,1,QY0001X-049
1,-50,-50,1,QY0001X-050
1,-51,-51,1,QY0001X-051
1,-52,-52,1,QY0001X-052
1,-53,-53,1,QY0001X-053
2,-53,-53,2,QY0002X-053
2,-52,-52,2,QY0002X-052
2,-51,-51,2,QY0002X-051
2,-50,-50,2,QY0002X-050
2,-49,-49,2,QY0002X-049
2,-48,-48,2,QY0002X-048
2,-47,-47,2,QY0002X-047
2,-46,-46,2,QY0002X-046
2,-45,-45,2,QY0002X-045
2,-44,-44,2,QY0002X-044
2,-43,-43,2,QY0002X-043
2,-42,-42,2,QY0002X-042
2,-41,-41,2,QY0002X-041
2,-40,-40,2,QY0002X-040
2,-39,-39,2,QY0002X-039
2,-38,-38,2,QY0002X-038
2,-37,-37,2,QY0002X-037
2,-36,-36,2,QY0002X-036
2,-35,-35,2,QY0002X-035
2,-34,-34,2,QY0002X-034
2,-33,-33,2,QY0002X-033
2,-32,-32,2,QY0002X-032
2,-31,-31,2,QY0002X-031
2,-30,-30,2,QY0002X-030
2,-29,-29,2,QY0002X-029
2,-28,-28,2,QY0002X-028
2,-27,-27,2,QY0002X-027
2,-26,-26,2,QY0002X-026
2,-25,-25,2,QY0002X-025
2,-24,-24,2,QY0002X-024
2,-23,-23,2,QY0002X-023
2,-22,-22,2,QY0002X-022
2,-21,-21,2,QY0002X-021
2,-20,-20,2,QY0002X-020
2,-19,-19,2,QY0002X-019
2,-18,-18,2,QY0002X-018
2,-17,-17,2,QY0002X-017
2,-16,-16,2,QY0002X-016
2,-15,-15,2,QY0002X-015
2,-14,-14,2,QY0002X-014
2,-13,-13,2,QY0002X-013
2,-12,-12,2,QY0002X-012
2,-11,-11,2,QY0002X-011
2,-10,-10,2,QY0002X-010
2,-9,-9,2,QY0002X-009
2,-8,-8,2,QY0002X-008
2,-7,-7,2,QY0002X-007
2,-6,-6,2,QY0002X-006
2,-5,-5,2,QY0002X-005
2,-4,-4,2,QY0002X-004
2,-3,-3,2,QY0002X-003
2,-2,-2,2,QY0002X-002
2,-1,-1,2,QY0002X-001
2,0,0,2,QY0002X0000
2,1,1,2,QY0002X0001
2,2,2,2,QY0002X0002
2,3,3,2,QY0002X0003
2,4,4,2,QY0002X0004
2,5,5,2,QY0002X0005
2,6,6,2,QY0002X0006
2,7,7,2,QY0002X0007
2,8,8,2,QY0002X0008
2,9,9,2,QY0002X0009
2,10,10,2,QY0002X0010
2,11,11,2,QY0002X0011
2,12,12,2,QY0002X0012
2,13,13,2,QY0002X0013
2,14,14,2,QY0002X0014
2,15,15,2,QY0002X0015
2,16,16,2,QY0002X0016
2,17,17,2,QY0002X0017
2,18,18,2,QY0002X0018
2,19,19,2,QY0002X0019
2,20,20,2,QY0002X0020
2,21,21,2,QY0002X0021
2,22,22,2,QY0002X0022
2,23,23,2,QY0002X0023
2,24,24,2,QY0002X0024
2,25,25,2,QY0002X0025
2,26,26,2,QY0002X0026
2,27,27,2,QY0002X0027
2,28,28,2,QY0002X0028
2,29,29,2,QY0002X0029
2,30,30,2,QY0002X0030
2,31,31,2,QY0002X0031
2,32,32,2,QY0002X0032
2,33,33,2,QY0002X0033
2,34,34,2,QY0002X0034
2,35,35,2,QY0002X0035
2,36,36,2,QY0002X0036
2,37,37,2,QY0002X0037
2,38,38,2,QY0002X0038
2,39,39,2,QY0002X0039
2,40,40,2,QY0002X0040
2,41,41,2,QY0002X0041
2,42,42,2,QY0002X0042
2,43,43,2,QY0002X0043
2,44,44,2,QY0002X0044
2,45,45,2,QY0002X0045
2,46,46,2,QY0002X0046
2,47,47,2,QY0002X0047
2,48,48,2,QY0002X0048
2,49,49,2,QY0002X0049
2,50,50,2,QY0002X0050
2,51,51,2,QY0002X0051
3,51,51,3,QY0003X0051
3,50,50,3,QY0003X0050
3,49,49,3,QY0003X0049
3,48,48,3,QY0003X0048
3,47,47,3,QY0003X0047
3,46,46,3,QY0003X0046
3,45,45,3,QY0003X0045
3,44,44,3,QY0003X0044
3,43,43,3,QY0003X0043
3,42,42,3,QY0003X0042
3,41,41,3,QY0003X0041
3,40,40,3,QY0003X0040
3,39,39,3,QY0003X0039
3,38,38,3,QY0003X0038
3,37,37,3,QY0003X0037
3,36,36,3,QY0003X0036
3,35,35,3,QY0003X0035
3,34,34,3,QY0003X0034
3,33,33,3,QY0003X0033
3,32,32,3,QY0003X0032
3,31,31,3,QY0003X0031
3,30,30,3,QY0003X0030
3,29,29,3,QY0003X0029
3,28,28,3,QY0003X0028
3,27,27,3,QY0003X0027
3,26,26,3,QY0003X0026
3,25,25,3,QY0003X0025
3,24,24,3,QY0003X0024
3,23,23,3,QY0003X0023
3,22,22,3,QY0003X0022
3,21,21,3,QY0003X0021
3,20,20,3,QY0003X0020
3,19,19,3,QY0003X0019
3,18,18,3,QY0003X0018
3,17,17,3,QY0003X0017
3,16,16,3,QY0003X0016
3,15,15,3,QY0003X0015
3,14,14,3,QY0003X0014
3,13,13,3,QY0003X0013
3,12,12,3,QY0003X0012
3,11,11,3,QY0003X0011
3,10,10,3,QY0003X0010
3,9,9,3,QY0003X0009
3,8,8,3,QY0003X0008
3,7,7,3,QY0003X0007
3,6,6,3,QY0003X0006
3,5,5,3,QY0003X0005
3,4,4,3,QY0003X0004
3,3,3,3,QY0003X0003
3,2,2,3,QY0003X0002
3,1,1,3,QY0003X0001
3,0,0,3,QY0003X0000
3,-1,-1,3,QY0003X-001
3,-2,-2,3,QY0003X-002
3,-3,-3,3,QY0003X-003
3,-4,-4,3,QY0003X-004
3,-5,-5,3,QY0003X-005
3,-6,-6,3,QY0003X-006
3,-7,-7,3,QY0003X-007
3,-8,-8,3,QY0003X-008
3,-9,-9,3,QY0003X-009
3,-10,-10,3,QY0003X-010
3,-11,-11,3,QY0003X-011
3,-12,-12,3,QY0003X-012
3,-13,-13,3,QY0003X-013
3,-14,-14,3,QY0003X-014
3,-15,-15,3,QY0003X-015
3,-16,-16,3,QY0003X-016
3,-17,-17,3,QY0003X-017
3,-18,-18,3,QY0003X-018
3,-19,-19,3,QY0003X-019
3,-20,-20,3,QY0003X-020
3,-21,-21,3,QY0003X-021
3,-22,-22,3,QY0003X-022
3,-23,-23,3,QY0003X-023
3,-24,-24,3,QY0003X-024
3,-25,-25,3,QY0003X-025
3,-26,-26,3,QY0003X-026
3,-27,-27,3,QY0003X-027
3,-28,-28,3,QY0003X-028
3,-29,-29,3,QY0003X-029
3,-30,-30,3,QY0003X-030
3,-31,-31,3,QY0003X-031
3,-32,-32,3,QY0003X-032
3,-33,-33,3,QY0003X-033
3,-34,-34,3,QY0003X-034
3,-35,-35,3,QY0003X-035
3,-36,-36,3,QY0003X-036
3,-37,-37,3,QY0003X-037
3,-38,-38,3,QY0003X-038
3,-39,-39,3,QY0003X-039
3,-40,-40,3,QY0003X-040
3,-41,-41,3,QY0003X-041
3,-42,-42,3,QY0003X-042
3,-43,-43,3,QY0003X-043
3,-44,-44,3,QY0003X-044
3,-45,-45,3,QY0003X-045
3,-46,-46,3,QY0003X-046
3,-47,-47,3,QY0003X-047
3,-48,-48,3,QY0003X-048
3,-49,-49,3,QY0003X-049
3,-50,-50,3,QY0003X-050
3,-51,-51,3,QY0003X-051
3,-52,-52,3,QY0003X-052
3,-53,-53,3,QY0003X-053
4,-53,-53,4,QY0004X-053
4,-52,-52,4,QY0004X-052
4,-51,-51,4,QY0004X-051
4,-50,-50,4,QY0004X-050
4,-49,-49,4,QY0004X-049
4,-48,-48,4,QY0004X-048
4,-47,-47,4,QY0004X-047
4,-46,-46,4,QY0004X-046
4,-45,-45,4,QY0004X-045
4,-44,-44,4,QY0004X-044
4,-43,-43,4,QY0004X-043
4,-42,-42,4,QY0004X-042
4,-41,-41,4,QY0004X-041
4,-40,-40,4,QY0004X-040
4,-39,-39,4,QY0004X-039
4,-38,-38,4,QY0004X-038
4,-37,-37,4,QY0004X-037
4,-36,-36,4,QY0004X-036
4,-35,-35,4,QY0004X-035
4,-34,-34,4,QY0004X-034
4,-33,-33,4,QY0004X-033
4,-32,-32,4,QY0004X-032
4,-31,-31,4,QY0004X-031
4,-30,-30,4,QY0004X-030
4,-29,-29,4,QY0004X-029
4,-28,-28,4,QY0004X-028
4,-27,-27,4,QY0004X-027
4,-26,-26,4,QY0004X-026
4,-25,-25,4,QY0004X-025
4,-24,-24,4,QY0004X-024
4,-23,-23,4,QY0004X-023
4,-22,-22,4,QY0004X-022
4,-21,-21,4,QY0004X-021
4,-20,-20,4,QY0004X-020
4,-19,-19,4,QY0004X-019
4,-18,-18,4,QY0004X-018
4,-17,-17,4,QY0004X-017
4,-16,-16,4,QY0004X-016
4,-15,-15,4,QY0004X-015
4,-14,-14,4,QY0004X-014
4,-13,-13,4,QY0004X-013
4,-12,-12,4,QY0004X-012
4,-11,-11,4,QY0004X-011
4,-10,-10,4,QY0004X-010
4,-9,-9,4,QY0004X-009
4,-8,-8,4,QY0004X-008
4,-7,-7,4,QY0004X-007
4,-6,-6,4,QY0004X-006
4,-5,-5,4,QY0004X-005
4,-4,-4,4,QY0004X-004
4,-3,-3,4,QY0004X-003
4,-2,-2,4,QY0004X-002
4,-1,-1,4,QY0004X-001
4,0,0,4,QY0004X0000
4,1,1,4,QY0004X0001
4,2,2,4,QY0004X0002
4,3,3,4,QY0004X0003
4,4,4,4,QY0004X0004
4,5,5,4,QY0004X0005
4,6,6,4,QY0004X0006
4,7,7,4,QY0004X0007
4,8,8,4,QY0004X0008
4,9,9,4,QY0004X0009
4,10,10,4,QY0004X0010
4,11,11,4,QY0004X0011
4,12,12,4,QY0004X0012
4,13,13,4,QY0004X0013
4,14,14,4,QY0004X0014
4,15,15,4,QY0004X0015
4,16,16,4,QY0004X0016
4,17,17,4,QY0004X0017
4,18,18,4,QY0004X0018
4,19,19,4,QY0004X0019
4,20,20,4,QY0004X0020
4,21,21,4,QY0004X0021
4,22,22,4,QY0004X0022
4,23,23,4,QY0004X0023
4,24,24,4,QY0004X0024
4,25,25,4,QY0004X0025
4,26,26,4,QY0004X0026
4,27,27,4,QY0004X0027
4,28,28,4,QY0004X0028
4,29,29,4,QY0004X0029
4,30,30,4,QY0004X0030
4,31,31,4,QY0004X0031
4,32,32,4,QY0004X0032
4,33,33,4,QY0004X0033
4,34,34,4,QY0004X0034
4,35,35,4,QY0004X0035
4,36,36,4,QY0004X0036
4,37,37,4,QY0004X0037
4,38,38,4,QY0004X0038
4,39,39,4,QY0004X0039
4,40,40,4,QY0004X0040
4,41,41,4,QY0004X0041
4,42,42,4,QY0004X0042
4,43,43,4,QY0004X0043
4,44,44,4,QY0004X0044
4,45,45,4,QY0004X0045
4,46,46,4,QY0004X0046
4,47,47,4,QY0004X0047
4,48,48,4,QY0004X0048
4,49,49,4,QY0004X0049
4,50,50,4,QY0004X0050
4,51,51,4,QY0004X0051
5,51,51,5,QY0005X0051
5,50,50,5,QY0005X0050
5,49,49,5,QY0005X0049
5,48,48,5,QY0005X0048
5,47,47,5,QY0005X0047
5,46,46,5,QY0005X0046
5,45,45,5,QY0005X0045
5,44,44,5,QY0005X0044
5,43,43,5,QY0005X0043
5,42,42,5,QY0005X0042
5,41,41,5,QY0005X0041
5,40,40,5,QY0005X0040
5,39,39,5,QY0005X0039
5,38,38,5,QY0005X0038
5,37,37,5,QY0005X0037
5,36,36,5,QY0005X0036
5,35,35,5,QY0005X0035
5,34,34,5,QY0005X0034
5,33,33,5,QY0005X0033
5,32,32,5,QY0005X0032
5,31,31,5,QY0005X0031
5,30,30,5,QY0005X0030
5,29,29,5,QY0005X0029
5,28,28,5,QY0005X0028
5,27,27,5,QY0005X0027
5,26,26,5,QY0005X0026
5,25,25,5,QY0005X0025
5,24,24,5,QY0005X0024
5,23,23,5,QY0005X0023
5,22,22,5,QY0005X0022
5,21,21,5,QY0005X0021
5,20,20,5,QY0005X0020
5,19,19,5,QY0005X0019
5,18,18,5,QY0005X0018
5,17,17,5,QY0005X0017
5,16,16,5,QY0005X0016
5,15,15,5,QY0005X0015
5,14,14,5,QY0005X0014
5,13,13,5,QY0005X0013
5,12,12,5,QY0005X0012
5,11,11,5,QY0005X0011
5,10,10,5,QY0005X0010
5,9,9,5,QY0005X0009
5,8,8,5,QY0005X0008
5,7,7,5,QY0005X0007
5,6,6,5,QY0005X0006
5,5,5,5,QY0005X0005
5,4,4,5,QY0005X0004
5,3,3,5,QY0005X0003
5,2,2,5,QY0005X0002
5,1,1,5,QY0005X0001
5,0,0,5,QY0005X0000
5,-1,-1,5,QY0005X-001
5,-2,-2,5,QY0005X-002
5,-3,-3,5,QY0005X-003
5,-4,-4,5,QY0005X-004
5,-5,-5,5,QY0005X-005
5,-6,-6,5,QY0005X-006
5,-7,-7,5,QY0005X-007
5,-8,-8,5,QY0005X-008
5,-9,-9,5,QY0005X-009
5,-10,-10,5,QY0005X-010
5,-11,-11,5,QY0005X-011
5,-12,-12,5,QY0005X-012
5,-13,-13,5,QY0005X-013
5,-14,-14,5,QY0005X-014
5,-15,-15,5,QY0005X-015
5,-16,-16,5,QY0005X-016
5,-17,-17,5,QY0005X-017
5,-18,-18,5,QY0005X-018
5,-19,-19,5,QY0005X-019
5,-20,-20,5,QY0005X-020
5,-21,-21,5,QY0005X-021
5,-22,-22,5,QY0005X-022
5,-23,-23,5,QY0005X-023
5,-24,-24,5,QY0005X-024
5,-25,-25,5,QY0005X-025
5,-26,-26,5,QY0005X-026
5,-27,-27,5,QY0005X-027
5,-28,-28,5,QY0005X-028
5,-29,-29,5,QY0005X-029
5,-30,-30,5,QY0005X-030
5,-31,-31,5,QY0005X-031
5,-32,-32,5,QY0005X-032
5,-33,-33,5,QY0005X-033
5,-34,-34,5,QY0005X-034
5,-35,-35,5,QY0005X-035
5,-36,-36,5,QY0005X-036
5,-37,-37,5,QY0005X-037
5,-38,-38,5,QY0005X-038
5,-39,-39,5,QY0005X-039
5,-40,-40,5,QY0005X-040
5,-41,-41,5,QY0005X-041
5,-42,-42,5,QY0005X-042
5,-43,-43,5,QY0005X-043
5,-44,-44,5,QY0005X-044
5,-45,-45,5,QY0005X-045
5,-46,-46,5,QY0005X-046
5,-47,-47,5,QY0005X-047
5,-48,-48,5,QY0005X-048
5,-49,-49,5,QY0005X-049
5,-50,-50,5,QY0005X-050
5,-51,-51,5,QY0005X-051
5,-52,-52,5,QY0005X-052
5,-53,-53,5,QY0005X-053
6,-53,-53,6,QY0006X-053
6,-52,-52,6,QY0006X-052
6,-51,-51,6,QY0006X-051
6,-50,-50,6,QY0006X-050
6,-49,-49,6,QY0006X-049
6,-48,-48,6,QY0006X-048
6,-47,-47,6,QY0006X-047
6,-46,-46,6,QY0006X-046
6,-45,-45,6,QY0006X-045
6,-44,-44,6,QY0006X-044
6,-43,-43,6,QY0006X-043
6,-42,-42,6,QY0006X-042
6,-41,-41,6,QY0006X-041
6,-40,-40,6,QY0006X-040
6,-39,-39,6,QY0006X-039
6,-38,-38,6,QY0006X-038
6,-37,-37,6,QY0006X-037
6,-36,-36,6,QY0006X-036
6,-35,-35,6,QY0006X-035
6,-34,-34,6,QY0006X-034
6,-33,-33,6,QY0006X-033
6,-32,-32,6,QY0006X-032
6,-31,-31,6,QY0006X-031
6,-30,-30,6,QY0006X-030
6,-29,-29,6,QY0006X-029
6,-28,-28,6,QY0006X-028
6,-27,-27,6,QY0006X-027
6,-26,-26,6,QY0006X-026
6,-25,-25,6,QY0006X-025
6,-24,-24,6,QY0006X-024
6,-23,-23,6,QY0006X-023
6,-22,-22,6,QY0006X-022
6,-21,-21,6,QY0006X-021
6,-20,-20,6,QY0006X-020
6,-19,-19,6,QY0006X-019
6,-18,-18,6,QY0006X-018
6,-17,-17,6,QY0006X-017
6,-16,-16,6,QY0006X-016
6,-15,-15,6,QY0006X-015
6,-14,-14,6,QY0006X-014
6,-13,-13,6,QY0006X-013
6,-12,-12,6,QY0006X-012
6,-11,-11,6,QY0006X-011
6,-10,-10,6,QY0006X-010
6,-9,-9,6,QY0006X-009
6,-8,-8,6,QY0006X-008
6,-7,-7,6,QY0006X-007
6,-6,-6,6,QY0006X-006
6,-5,-5,6,QY0006X-005
6,-4,-4,6,QY0006X-004
6,-3,-3,6,QY0006X-003
6,-2,-2,6,QY0006X-002
6,-1,-1,6,QY0006X-001
6,0,0,6,QY0006X0000
6,1,1,6,QY0006X0001
6,2,2,6,QY0006X0002
6,3,3,6,QY0006X0003
6,4,4,6,QY0006X0004
6,5,5,6,QY0006X0005
6,6,6,6,QY0006X0006
6,7,7,6,QY0006X0007
6,8,8,6,QY0006X0008
6,9,9,6,QY0006X0009
6,10,10,6,QY0006X0010
6,11,11,6,QY0006X0011
6,12,12,6,QY0006X0012
6,13,13,6,QY0006X0013
6,14,14,6,QY0006X0014
6,15,15,6,QY0006X0015
6,16,16,6,QY0006X0016
6,17,17,6,QY0006X0017
6,18,18,6,QY0006X0018
6,19,19,6,QY0006X0019
6,20,20,6,QY0006X0020
6,21,21,6,QY0006X0021
6,22,22,6,QY0006X0022
6,23,23,6,QY0006X0023
6,24,24,6,QY0006X0024
6,25,25,6,QY0006X0025
6,26,26,6,QY0006X0026
6,27,27,6,QY0006X0027
6,28,28,6,QY0006X0028
6,29,29,6,QY0006X0029
6,30,30,6,QY0006X0030
6,31,31,6,QY0006X0031
6,32,32,6,QY0006X0032
6,33,33,6,QY0006X0033
6,34,34,6,QY0006X0034
6,35,35,6,QY0006X0035
6,36,36,6,QY0006X0036
6,37,37,6,QY0006X0037
6,38,38,6,QY0006X0038
6,39,39,6,QY0006X0039
6,40,40,6,QY0006X0040
6,41,41,6,QY0006X0041
6,42,42,6,QY0006X0042
6,43,43,6,QY0006X0043
6,44,44,6,QY0006X0044
6,45,45,6,QY0006X0045
6,46,46,6,QY0006X0046
6,47,47,6,QY0006X0047
6,48,48,6,QY0006X0048
6,49,49,6,QY0006X0049
6,50,50,6,QY0006X0050
6,51,51,6,QY0006X0051
7,51,51,7,QY0007X0051
7,50,50,7,QY0007X0050
7,49,49,7,QY0007X0049
7,48,48,7,QY0007X0048
7,47,47,7,QY0007X0047
7,46,46,7,QY0007X0046
7,45,45,7,QY0007X0045
7,44,44,7,QY0007X0044
7,43,43,7,QY0007X0043
7,42,42,7,QY0007X0042
7,41,41,7,QY0007X0041
7,40,40,7,QY0007X0040
7,39,39,7,QY0007X0039
7,38,38,7,QY0007X0038
7,37,37,7,QY0007X0037
7,36,36,7,QY0007X0036
7,35,35,7,QY0007X0035
7,34,34,7,QY0007X0034
7,33,33,7,QY0007X0033
7,32,32,7,QY0007X0032
7,31,31,7,QY0007X0031
7,30,30,7,QY0007X0030
7,29,29,7,QY0007X0029
7,28,28,7,QY0007X0028
7,27,27,7,QY0007X0027
7,26,26,7,QY0007X0026
7,25,25,7,QY0007X0025
7,24,24,7,QY0007X0024
7,23,23,7,QY0007X0023
7,22,22,7,QY0007X0022
7,21,21,7,QY0007X0021
7,20,20,7,QY0007X0020
7,19,19,7,QY0007X0019
7,18,18,7,QY0007X0018
7,17,17,7,QY0007X0017
7,16,16,7,QY0007X0016
7,15,15,7,QY0007X0015
7,14,14,7,QY0007X0014
7,13,13,7,QY0007X0013
7,12,12,7,QY0007X0012
7,11,11,7,QY0007X0011
7,10,10,7,QY0007X0010
7,9,9,7,QY0007X0009
7,8,8,7,QY0007X0008
7,7,7,7,QY0007X0007
7,6,6,7,QY0007X0006
7,5,5,7,QY0007X0005
7,4,4,7,QY0007X0004
7,3,3,7,QY0007X0003
7,2,2,7,QY0007X0002
7,1,1,7,QY0007X0001
7,0,0,7,QY0007X0000
7,-1,-1,7,QY0007X-001
7,-2,-2,7,QY0007X-002
7,-3,-3,7,QY0007X-003
7,-4,-4,7,QY0007X-004
7,-5,-5,7,QY0007X-005
7,-6,-6,7,QY0007X-006
7,-7,-7,7,QY0007X-007
7,-8,-8,7,QY0007X-008
7,-9,-9,7,QY0007X-009
7,-10,-10,7,QY0007X-010
7,-11,-11,7,QY0007X-011
7,-12,-12,7,QY0007X-012
7,-13,-13,7,QY0007X-013
7,-14,-14,7,QY0007X-014
7,-15,-15,7,QY0007X-015
7,-16,-16,7,QY0007X-016
7,-17,-17,7,QY0007X-017
7,-18,-18,7,QY0007X-018
7,-19,-19,7,QY0007X-019
7,-20,-20,7,QY0007X-020
7,-21,-21,7,QY0007X-021
7,-22,-22,7,QY0007X-022
7,-23,-23,7,QY0007X-023
7,-24,-24,7,QY0007X-024
7,-25,-25,7,QY0007X-025
7,-26,-26,7,QY0007X-026
7,-27,-27,7,QY0007X-027
7,-28,-28,7,QY0007X-028
7,-29,-29,7,QY0007X-029
7,-30,-30,7,QY0007X-030
7,-31,-31,7,QY0007X-031
7,-32,-32,7,QY0007X-032
7,-33,-33,7,QY0007X-033
7,-34,-34,7,QY0007X-034
7,-35,-35,7,QY0007X-035
7,-36,-36,7,QY0007X-036
7,-37,-37,7,QY0007X-037
7,-38,-38,7,QY0007X-038
7,-39,-39,7,QY0007X-039
7,-40,-40,7,QY0007X-040
7,-41,-41,7,QY0007X-041
7,-42,-42,7,QY0007X-042
7,-43,-43,7,QY0007X-043
7,-44,-44,7,QY0007X-044
7,-45,-45,7,QY0007X-045
7,-46,-46,7,QY0007X-046
7,-47,-47,7,QY0007X-047
7,-48,-48,7,QY0007X-048
7,-49,-49,7,QY0007X-049
7,-50,-50,7,QY0007X-050
7,-51,-51,7,QY0007X-051
7,-52,-52,7,QY0007X-052
7,-53,-53,7,QY0007X-053
8,-53,-53,8,QY0008X-053
8,-52,-52,8,QY0008X-052
8,-51,-51,8,QY0008X-051
8,-50,-50,8,QY0008X-050
8,-49,-49,8,QY0008X-049
8,-48,-48,8,QY0008X-048
8,-47,-47,8,QY0008X-047
8,-46,-46,8,QY0008X-046
8,-45,-45,8,QY0008X-045
8,-44,-44,8,QY0008X-044
8,-43,-43,8,QY0008X-043
8,-42,-42,8,QY0008X-042
8,-41,-41,8,QY0008X-041
8,-40,-40,8,QY0008X-040
8,-39,-39,8,QY0008X-039
8,-38,-38,8,QY0008X-038
8,-37,-37,8,QY0008X-037
8,-36,-36,8,QY0008X-036
8,-35,-35,8,QY0008X-035
8,-34,-34,8,QY0008X-034
8,-33,-33,8,QY0008X-033
8,-32,-32,8,QY0008X-032
8,-31,-31,8,QY0008X-031
8,-30,-30,8,QY0008X-030
8,-29,-29,8,QY0008X-029
8,-28,-28,8,QY0008X-028
8,-27,-27,8,QY0008X-027
8,-26,-26,8,QY0008X-026
8,-25,-25,8,QY0008X-025
8,-24,-24,8,QY0008X-024
8,-23,-23,8,QY0008X-023
8,-22,-22,8,QY0008X-022
8,-21,-21,8,QY0008X-021
8,-20,-20,8,QY0008X-020
8,-19,-19,8,QY0008X-019
8,-18,-18,8,QY0008X-018
8,-17,-17,8,QY0008X-017
8,-16,-16,8,QY0008X-016
8,-15,-15,8,QY0008X-015
8,-14,-14,8,QY0008X-014
8,-13,-13,8,QY0008X-013
8,-12,-12,8,QY0008X-012
8,-11,-11,8,QY0008X-011
8,-10,-10,8,QY0008X-010
8,-9,-9,8,QY0008X-009
8,-8,-8,8,QY0008X-008
8,-7,-7,8,QY0008X-007
8,-6,-6,8,QY0008X-006
8,-5,-5,8,QY0008X-005
8,-4,-4,8,QY0008X-004
8,-3,-3,8,QY0008X-003
8,-2,-2,8,QY0008X-002
8,-1,-1,8,QY0008X-001
8,0,0,8,QY0008X0000
8,1,1,8,QY0008X0001
8,2,2,8,QY0008X0002
8,3,3,8,QY0008X0003
8,4,4,8,QY0008X0004
8,5,5,8,QY0008X0005
8,6,6,8,QY0008X0006
8,7,7,8,QY0008X0007
8,8,8,8,QY0008X0008
8,9,9,8,QY0008X0009
8,10,10,8,QY0008X0010
8,11,11,8,QY0008X0011
8,12,12,8,QY0008X0012
8,13,13,8,QY0008X0013
8,14,14,8,QY0008X0014
8,15,15,8,QY0008X0015
8,16,16,8,QY0008X0016
8,17,17,8,QY0008X0017
8,18,18,8,QY0008X0018
8,19,19,8,QY0008X0019
8,20,20,8,QY0008X0020
8,21,21,8,QY0008X0021
8,22,22,8,QY0008X0022
8,23,23,8,QY0008X0023
8,24,24,8,QY0008X0024
8,25,25,8,QY0008X0025
8,26,26,8,QY0008X0026
8,27,27,8,QY0008X0027
8,28,28,8,QY0008X0028
8,29,29,8,QY0008X0029
8,30,30,8,QY0008X0030
8,31,31,8,QY0008X0031
8,32,32,8,QY0008X0032
8,33,33,8,QY0008X0033
8,34,34,8,QY0008X0034
8,35,35,8,QY0008X0035
8,36,36,8,QY0008X0036
8,37,37,8,QY0008X0037
8,38,38,8,QY0008X0038
8,39,39,8,QY0008X0039
8,40,40,8,QY0008X0040
8,41,41,8,QY0008X0041
8,42,42,8,QY0008X0042
8,43,43,8,QY0008X0043
8,44,44,8,QY0008X0044
8,45,45,8,QY0008X0045
8,46,46,8,QY0008X0046
8,47,47,8,QY0008X0047
8,48,48,8,QY0008X0048
8,49,49,8,QY0008X0049
8,50,50,8,QY0008X0050
8,51,51,8,QY0008X0051
9,51,51,9,QY0009X0051
9,50,50,9,QY0009X0050
9,49,49,9,QY0009X0049
9,48,48,9,QY0009X0048
9,47,47,9,QY0009X0047
9,46,46,9,QY0009X0046
9,45,45,9,QY0009X0045
9,44,44,9,QY0009X0044
9,43,43,9,QY0009X0043
9,42,42,9,QY0009X0042
9,41,41,9,QY0009X0041
9,40,40,9,QY0009X0040
9,39,39,9,QY0009X0039
9,38,38,9,QY0009X0038
9,37,37,9,QY0009X0037
9,36,36,9,QY0009X0036
9,35,35,9,QY0009X0035
9,34,34,9,QY0009X0034
9,33,33,9,QY0009X0033
9,32,32,9,QY0009X0032
9,31,31,9,QY0009X0031
9,30,30,9,QY0009X0030
9,29,29,9,QY0009X0029
9,28,28,9,QY0009X0028
9,27,27,9,QY0009X0027
9,26,26,9,QY0009X0026
9,25,25,9,QY0009X0025
9,24,24,9,QY0009X0024
9,23,23,9,QY0009X0023
9,22,22,9,QY0009X0022
9,21,21,9,QY0009X0021
9,20,20,9,QY0009X0020
9,19,19,9,QY0009X0019
9,18,18,9,QY0009X0018
9,17,17,9,QY0009X0017
9,16,16,9,QY0009X0016
9,15,15,9,QY0009X0015
9,14,14,9,QY0009X0014
9,13,13,9,QY0009X0013
9,12,12,9,QY0009X0012
9,11,11,9,QY0009X0011
9,10,10,9,QY0009X0010
9,9,9,9,QY0009X0009
9,8,8,9,QY0009X0008
9,7,7,9,QY0009X0007
9,6,6,9,QY0009X0006
9,5,5,9,QY0009X0005
9,4,4,9,QY0009X0004
9,3,3,9,QY0009X0003
9,2,2,9,QY0009X0002
9,1,1,9,QY0009X0001
9,0,0,9,QY0009X0000
9,-1,-1,9,QY0009X-001
9,-2,-2,9,QY0009X-002
9,-3,-3,9,QY0009X-003
9,-4,-4,9,QY0009X-004
9,-5,-5,9,QY0009X-005
9,-6,-6,9,QY0009X-006
9,-7,-7,9,QY0009X-007
9,-8,-8,9,QY0009X-008
9,-9,-9,9,QY0009X-009
9,-10,-10,9,QY0009X-010
9,-11,-11,9,QY0009X-011
9,-12,-12,9,QY0009X-012
9,-13,-13,9,QY0009X-013
9,-14,-14,9,QY0009X-014
9,-15,-15,9,QY0009X-015
9,-16,-16,9,QY0009X-016
9,-17,-17,9,QY0009X-017
9,-18,-18,9,QY0009X-018
9,-19,-19,9,QY0009X-019
9,-20,-20,9,QY0009X-020
9,-21,-21,9,QY0009X-021
9,-22,-22,9,QY0009X-022
9,-23,-23,9,QY0009X-023
9,-24,-24,9,QY0009X-024
9,-25,-25,9,QY0009X-025
9,-26,-26,9,QY0009X-026
9,-27,-27,9,QY0009X-027
9,-28,-28,9,QY0009X-028
9,-29,-29,9,QY0009X-029
9,-30,-30,9,QY0009X-030
9,-31,-31,9,QY0009X-031
9,-32,-32,9,QY0009X-032
9,-33,-33,9,QY0009X-033
9,-34,-34,9,QY0009X-034
9,-35,-35,9,QY0009X-035
9,-36,-36,9,QY0009X-036
9,-37,-37,9,QY0009X-037
9,-38,-38,9,QY0009X-038
9,-39,-39,9,QY0009X-039
9,-40,-40,9,QY0009X-040
9,-41,-41,9,QY0009X-041
9,-42,-42,9,QY0009X-042
9,-43,-43,9,QY0009X-043
9,-44,-44,9,QY0009X-044
9,-45,-45,9,QY0009X-045
9,-46,-46,9,QY0009X-046
9,-47,-47,9,QY0009X-047
9,-48,-48,9,QY0009X-048
9,-49,-49,9,QY0009X-049
9,-50,-50,9,QY0009X-050
9,-51,-51,9,QY0009X-051
9,-52,-52,9,QY0009X-052
9,-53,-53,9,QY0009X-053
10,-48,-48,10,QY0010X-048
10,-47,-47,10,QY0010X-047
10,-46,-46,10,QY0010X-046
10,-45,-45,10,QY0010X-045
10,-44,-44,10,QY0010X-044
10,-43,-43,10,QY0010X-043
10,-42,-42,10,QY0010X-042
10,-41,-41,10,QY0010X-041
10,-40,-40,10,QY0010X-040
10,-39,-39,10,QY0010X-039
10,-38,-38,10,QY0010X-038
10,-37,-37,10,QY0010X-037
10,-36,-36,10,QY0010X-036
10,-35,-35,10,QY0010X-035
10,-34,-34,10,QY0010X-034
10,-33,-33,10,QY0010X-033
10,-32,-32,10,QY0010X-032
10,-31,-31,10,QY0010X-031
10,-30,-30,10,QY0010X-030
10,-29,-29,10,QY0010X-029
10,-28,-28,10,QY0010X-028
10,-27,-27,10,QY0010X-027
10,-26,-26,10,QY0010X-026
10,-25,-25,10,QY0010X-025
10,-24,-24,10,QY0010X-024
10,-23,-23,10,QY0010X-023
10,-22,-22,10,QY0010X-022
10,-21,-21,10,QY0010X-021
10,-20,-20,10,QY0010X-020
10,-19,-19,10,QY0010X-019
10,-18,-18,10,QY0010X-018
10,-17,-17,10,QY0010X-017
10,-16,-16,10,QY0010X-016
10,-15,-15,10,QY0010X-015
10,-14,-14,10,QY0010X-014
10,-13,-13,10,QY0010X-013
10,-12,-12,10,QY0010X-012
10,-11,-11,10,QY0010X-011
10,-10,-10,10,QY0010X-010
10,-9,-9,10,QY0010X-009
10,-8,-8,10,QY0010X-008
10,-7,-7,10,QY0010X-007
10,-6,-6,10,QY0010X-006
10,-5,-5,10,QY0010X-005
10,-4,-4,10,QY0010X-004
10,-3,-3,10,QY0010X-003
10,-2,-2,10,QY0010X-002
10,-1,-1,10,QY0010X-001
10,0,0,10,QY0010X0000
10,1,1,10,QY0010X0001
10,2,2,10,QY0010X0002
10,3,3,10,QY0010X0003
10,4,4,10,QY0010X0004
10,5,5,10,QY0010X0005
10,6,6,10,QY0010X0006
10,7,7,10,QY0010X0007
10,8,8,10,QY0010X0008
10,9,9,10,QY0010X0009
10,10,10,10,QY0010X0010
10,11,11,10,QY0010X0011
10,12,12,10,QY0010X0012
10,13,13,10,QY0010X0013
10,14,14,10,QY0010X0014
10,15,15,10,QY0010X0015
10,16,16,10,QY0010X0016
10,17,17,10,QY0010X0017
10,18,18,10,QY0010X0018
10,19,19,10,QY0010X0019
10,20,20,10,QY0010X0020
10,21,21,10,QY0010X0021
10,22,22,10,QY0010X0022
10,23,23,10,QY0010X0023
10,24,24,10,QY0010X0024
10,25,25,10,QY0010X0025
10,26,26,10,QY0010X0026
10,27,27,10,QY0010X0027
10,28,28,10,QY0010X0028
10,29,29,10,QY0010X0029
10,30,30,10,QY0010X0030
10,31,31,10,QY0010X0031
10,32,32,10,QY0010X0032
10,33,33,10,QY0010X0033
10,34,34,10,QY0010X0034
10,35,35,10,QY0010X0035
10,36,36,10,QY0010X0036
10,37,37,10,QY0010X0037
10,38,38,10,QY0010X0038
10,39,39,10,QY0010X0039
10,40,40,10,QY0010X0040
10,41,41,10,QY0010X0041
10,42,42,10,QY0010X0042
10,43,43,10,QY0010X0043
10,44,44,10,QY0010X0044
10,45,45,10,QY0010X0045
10,46,46,10,QY0010X0046
11,46,46,11,QY0011X0046
11,45,45,11,QY0011X0045
11,44,44,11,QY0011X0044
11,43,43,11,QY0011X0043
11,42,42,11,QY0011X0042
11,41,41,11,QY0011X0041
11,40,40,11,QY0011X0040
11,39,39,11,QY0011X0039
11,38,38,11,QY0011X0038
11,37,37,11,QY0011X0037
11,36,36,11,QY0011X0036
11,35,35,11,QY0011X0035
11,34,34,11,QY0011X0034
11,33,33,11,QY0011X0033
11,32,32,11,QY0011X0032
11,31,31,11,QY0011X0031
11,30,30,11,QY0011X0030
11,29,29,11,QY0011X0029
11,28,28,11,QY0011X0028
11,27,27,11,QY0011X0027
11,26,26,11,QY0011X0026
11,25,25,11,QY0011X0025
11,24,24,11,QY0011X0024
11,23,23,11,QY0011X0023
11,22,22,11,QY0011X0022
11,21,21,11,QY0011X0021
11,20,20,11,QY0011X0020
11,19,19,11,QY0011X0019
11,18,18,11,QY0011X0018
11,17,17,11,QY0011X0017
11,16,16,11,QY0011X0016
11,15,15,11,QY0011X0015
11,14,14,11,QY0011X0014
11,13,13,11,QY0011X0013
11,12,12,11,QY0011X0012
11,11,11,11,QY0011X0011
11,10,10,11,QY0011X0010
11,9,9,11,QY0011X0009
11,8,8,11,QY0011X0008
11,7,7,11,QY0011X0007
11,6,6,11,QY0011X0006
11,5,5,11,QY0011X0005
11,4,4,11,QY0011X0004
11,3,3,11,QY0011X0003
11,2,2,11,QY0011X0002
11,1,1,11,QY0011X0001
11,0,0,11,QY0011X0000
11,-1,-1,11,QY0011X-001
11,-2,-2,11,QY0011X-002
11,-3,-3,11,QY0011X-003
11,-4,-4,11,QY0011X-004
11,-5,-5,11,QY0011X-005
11,-6,-6,11,QY0011X-006
11,-7,-7,11,QY0011X-007
11,-8,-8,11,QY0011X-008
11,-9,-9,11,QY0011X-009
11,-10,-10,11,QY0011X-010
11,-11,-11,11,QY0011X-011
11,-12,-12,11,QY0011X-012
11,-13,-13,11,QY0011X-013
11,-14,-14,11,QY0011X-014
11,-15,-15,11,QY0011X-015
11,-16,-16,11,QY0011X-016
11,-17,-17,11,QY0011X-017
11,-18,-18,11,QY0011X-018
11,-19,-19,11,QY0011X-019
11,-20,-20,11,QY0011X-020
11,-21,-21,11,QY0011X-021
11,-22,-22,11,QY0011X-022
11,-23,-23,11,QY0011X-023
11,-24,-24,11,QY0011X-024
11,-25,-25,11,QY0011X-025
11,-26,-26,11,QY0011X-026
11,-27,-27,11,QY0011X-027
11,-28,-28,11,QY0011X-028
11,-29,-29,11,QY0011X-029
11,-30,-30,11,QY0011X-030
11,-31,-31,11,QY0011X-031
11,-32,-32,11,QY0011X-032
11,-33,-33,11,QY0011X-033
11,-34,-34,11,QY0011X-034
11,-35,-35,11,QY0011X-035
11,-36,-36,11,QY0011X-036
11,-37,-37,11,QY0011X-037
11,-38,-38,11,QY0011X-038
11,-39,-39,11,QY0011X-039
11,-40,-40,11,QY0011X-040
11,-41,-41,11,QY0011X-041
11,-42,-42,11,QY0011X-042
11,-43,-43,11,QY0011X-043
11,-44,-44,11,QY0011X-044
11,-45,-45,11,QY0011X-045
11,-46,-46,11,QY0011X-046
11,-47,-47,11,QY0011X-047
11,-48,-48,11,QY0011X-048
12,-48,-48,12,QY0012X-048
12,-47,-47,12,QY0012X-047
12,-46,-46,12,QY0012X-046
12,-45,-45,12,QY0012X-045
12,-44,-44,12,QY0012X-044
12,-43,-43,12,QY0012X-043
12,-42,-42,12,QY0012X-042
12,-41,-41,12,QY0012X-041
12,-40,-40,12,QY0012X-040
12,-39,-39,12,QY0012X-039
12,-38,-38,12,QY0012X-038
12,-37,-37,12,QY0012X-037
12,-36,-36,12,QY0012X-036
12,-35,-35,12,QY0012X-035
12,-34,-34,12,QY0012X-034
12,-33,-33,12,QY0012X-033
12,-32,-32,12,QY0012X-032
12,-31,-31,12,QY0012X-031
12,-30,-30,12,QY0012X-030
12,-29,-29,12,QY0012X-029
12,-28,-28,12,QY0012X-028
12,-27,-27,12,QY0012X-027
12,-26,-26,12,QY0012X-026
12,-25,-25,12,QY0012X-025
12,-24,-24,12,QY0012X-024
12,-23,-23,12,QY0012X-023
12,-22,-22,12,QY0012X-022
12,-21,-21,12,QY0012X-021
12,-20,-20,12,QY0012X-020
12,-19,-19,12,QY0012X-019
12,-18,-18,12,QY0012X-018
12,-17,-17,12,QY0012X-017
12,-16,-16,12,QY0012X-016
12,-15,-15,12,QY0012X-015
12,-14,-14,12,QY0012X-014
12,-13,-13,12,QY0012X-013
12,-12,-12,12,QY0012X-012
12,-11,-11,12,QY0012X-011
12,-10,-10,12,QY0012X-010
12,-9,-9,12,QY0012X-009
12,-8,-8,12,QY0012X-008
12,-7,-7,12,QY0012X-007
12,-6,-6,12,QY0012X-006
12,-5,-5,12,QY0012X-005
12,-4,-4,12,QY0012X-004
12,-3,-3,12,QY0012X-003
12,-2,-2,12,QY0012X-002
12,-1,-1,12,QY0012X-001
12,0,0,12,QY0012X0000
12,1,1,12,QY0012X0001
12,2,2,12,QY0012X0002
12,3,3,12,QY0012X0003
12,4,4,12,QY0012X0004
12,5,5,12,QY0012X0005
12,6,6,12,QY0012X0006
12,7,7,12,QY0012X0007
12,8,8,12,QY0012X0008
12,9,9,12,QY0012X0009
12,10,10,12,QY0012X0010
12,11,11,12,QY0012X0011
12,12,12,12,QY0012X0012
12,13,13,12,QY0012X0013
12,14,14,12,QY0012X0014
12,15,15,12,QY0012X0015
12,16,16,12,QY0012X0016
12,17,17,12,QY0012X0017
12,18,18,12,QY0012X0018
12,19,19,12,QY0012X0019
12,20,20,12,QY0012X0020
12,21,21,12,QY0012X0021
12,22,22,12,QY0012X0022
12,23,23,12,QY0012X0023
12,24,24,12,QY0012X0024
12,25,25,12,QY0012X0025
12,26,26,12,QY0012X0026
12,27,27,12,QY0012X0027
12,28,28,12,QY0012X0028
12,29,29,12,QY0012X0029
12,30,30,12,QY0012X0030
12,31,31,12,QY0012X0031
12,32,32,12,QY0012X0032
12,33,33,12,QY0012X0033
12,34,34,12,QY0012X0034
12,35,35,12,QY0012X0035
12,36,36,12,QY0012X0036
12,37,37,12,QY0012X0037
12,38,38,12,QY0012X0038
12,39,39,12,QY0012X0039
12,40,40,12,QY0012X0040
12,41,41,12,QY0012X0041
12,42,42,12,QY0012X0042
12,43,43,12,QY0012X0043
12,44,44,12,QY0012X0044
12,45,45,12,QY0012X0045
12,46,46,12,QY0012X0046
13,46,46,13,QY0013X0046
13,45,45,13,QY0013X0045
13,44,44,13,QY0013X0044
13,43,43,13,QY0013X0043
13,42,42,13,QY0013X0042
13,41,41,13,QY0013X0041
13,40,40,13,QY0013X0040
13,39,39,13,QY0013X0039
13,38,38,13,QY0013X0038
13,37,37,13,QY0013X0037
13,36,36,13,QY0013X0036
13,35,35,13,QY0013X0035
13,34,34,13,QY0013X0034
13,33,33,13,QY0013X0033
13,32,32,13,QY0013X0032
13,31,31,13,QY0013X0031
13,30,30,13,QY0013X0030
13,29,29,13,QY0013X0029
13,28,28,13,QY0013X0028
13,27,27,13,QY0013X0027
13,26,26,13,QY0013X0026
13,25,25,13,QY0013X0025
13,24,24,13,QY0013X0024
13,23,23,13,QY0013X0023
13,22,22,13,QY0013X0022
13,21,21,13,QY0013X0021
13,20,20,13,QY0013X0020
13,19,19,13,QY0013X0019
13,18,18,13,QY0013X0018
13,17,17,13,QY0013X0017
13,16,16,13,QY0013X0016
13,15,15,13,QY0013X0015
13,14,14,13,QY0013X0014
13,13,13,13,QY0013X0013
13,12,12,13,QY0013X0012
13,11,11,13,QY0013X0011
13,10,10,13,QY0013X0010
13,9,9,13,QY0013X0009
13,8,8,13,QY0013X0008
13,7,7,13,QY0013X0007
13,6,6,13,QY0013X0006
13,5,5,13,QY0013X0005
13,4,4,13,QY0013X0004
13,3,3,13,QY0013X0003
13,2,2,13,QY0013X0002
13,1,1,13,QY0013X0001
13,0,0,13,QY0013X0000
13,-1,-1,13,QY0013X-001
13,-2,-2,13,QY0013X-002
13,-3,-3,13,QY0013X-003
13,-4,-4,13,QY0013X-004
13,-5,-5,13,QY0013X-005
13,-6,-6,13,QY0013X-006
13,-7,-7,13,QY0013X-007
13,-8,-8,13,QY0013X-008
13,-9,-9,13,QY0013X-009
13,-10,-10,13,QY0013X-010
13,-11,-11,13,QY0013X-011
13,-12,-12,13,QY0013X-012
13,-13,-13,13,QY0013X-013
13,-14,-14,13,QY0013X-014
13,-15,-15,13,QY0013X-015
13,-16,-16,13,QY0013X-016
13,-17,-17,13,QY0013X-017
13,-18,-18,13,QY0013X-018
13,-19,-19,13,QY0013X-019
13,-20,-20,13,QY0013X-020
13,-21,-21,13,QY0013X-021
13,-22,-22,13,QY0013X-022
13,-23,-23,13,QY0013X-023
13,-24,-24,13,QY0013X-024
13,-25,-25,13,QY0013X-025
13,-26,-26,13,QY0013X-026
13,-27,-27,13,QY0013X-027
13,-28,-28,13,QY0013X-028
13,-29,-29,13,QY0013X-029
13,-30,-30,13,QY0013X-030
13,-31,-31,13,QY0013X-031
13,-32,-32,13,QY0013X-032
13,-33,-33,13,QY0013X-033
13,-34,-34,13,QY0013X-034
13,-35,-35,13,QY0013X-035
13,-36,-36,13,QY0013X-036
13,-37,-37,13,QY0013X-037
13,-38,-38,13,QY0013X-038
13,-39,-39,13,QY0013X-039
13,-40,-40,13,QY0013X-040
13,-41,-41,13,QY0013X-041
13,-42,-42,13,QY0013X-042
13,-43,-43,13,QY0013X-043
13,-44,-44,13,QY0013X-044
13,-45,-45,13,QY0013X-045
13,-46,-46,13,QY0013X-046
13,-47,-47,13,QY0013X-047
13,-48,-48,13,QY0013X-048
14,-48,-48,14,QY0014X-048
14,-47,-47,14,QY0014X-047
14,-46,-46,14,QY0014X-046
14,-45,-45,14,QY0014X-045
14,-44,-44,14,QY0014X-044
14,-43,-43,14,QY0014X-043
14,-42,-42,14,QY0014X-042
14,-41,-41,14,QY0014X-041
14,-40,-40,14,QY0014X-040
14,-39,-39,14,QY0014X-039
14,-38,-38,14,QY0014X-038
14,-37,-37,14,QY0014X-037
14,-36,-36,14,QY0014X-036
14,-35,-35,14,QY0014X-035
14,-34,-34,14,QY0014X-034
14,-33,-33,14,QY0014X-033
14,-32,-32,14,QY0014X-032
14,-31,-31,14,QY0014X-031
14,-30,-30,14,QY0014X-030
14,-29,-29,14,QY0014X-029
14,-28,-28,14,QY0014X-028
14,-27,-27,14,QY0014X-027
14,-26,-26,14,QY0014X-026
14,-25,-25,14,QY0014X-025
14,-24,-24,14,QY0014X-024
14,-23,-23,14,QY0014X-023
14,-22,-22,14,QY0014X-022
14,-21,-21,14,QY0014X-021
14,-20,-20,14,QY0014X-020
14,-19,-19,14,QY0014X-019
14,-18,-18,14,QY0014X-018
14,-17,-17,14,QY0014X-017
14,-16,-16,14,QY0014X-016
14,-15,-15,14,QY0014X-015
14,-14,-14,14,QY0014X-014
14,-13,-13,14,QY0014X-013
14,-12,-12,14,QY0014X-012
14,-11,-11,14,QY0014X-011
14,-10,-10,14,QY0014X-010
14,-9,-9,14,QY0014X-009
14,-8,-8,14,QY0014X-008
14,-7,-7,14,QY0014X-007
14,-6,-6,14,QY0014X-006
14,-5,-5,14,QY0014X-005
14,-4,-4,14,QY0014X-004
14,-3,-3,14,QY0014X-003
14,-2,-2,14,QY0014X-002
14,-1,-1,14,QY0014X-001
14,0,0,14,QY0014X0000
14,1,1,14,QY0014X0001
14,2,2,14,QY0014X0002
14,3,3,14,QY0014X0003
14,4,4,14,QY0014X0004
14,5,5,14,QY0014X0005
14,6,6,14,QY0014X0006
14,7,7,14,QY0014X0007
14,8,8,14,QY0014X0008
14,9,9,14,QY0014X0009
14,10,10,14,QY0014X0010
14,11,11,14,QY0014X0011
14,12,12,14,QY0014X0012
14,13,13,14,QY0014X0013
14,14,14,14,QY0014X0014
14,15,15,14,QY0014X0015
14,16,16,14,QY0014X0016
14,17,17,14,QY0014X0017
14,18,18,14,QY0014X0018
14,19,19,14,QY0014X0019
14,20,20,14,QY0014X0020
14,21,21,14,QY0014X0021
14,22,22,14,QY0014X0022
14,23,23,14,QY0014X0023
14,24,24,14,QY0014X0024
14,25,25,14,QY0014X0025
14,26,26,14,QY0014X0026
14,27,27,14,QY0014X0027
14,28,28,14,QY0014X0028
14,29,29,14,QY0014X0029
14,30,30,14,QY0014X0030
14,31,31,14,QY0014X0031
14,32,32,14,QY0014X0032
14,33,33,14,QY0014X0033
14,34,34,14,QY0014X0034
14,35,35,14,QY0014X0035
14,36,36,14,QY0014X0036
14,37,37,14,QY0014X0037
14,38,38,14,QY0014X0038
14,39,39,14,QY0014X0039
14,40,40,14,QY0014X0040
14,41,41,14,QY0014X0041
14,42,42,14,QY0014X0042
14,43,43,14,QY0014X0043
14,44,44,14,QY0014X0044
14,45,45,14,QY0014X0045
14,46,46,14,QY0014X0046
15,46,46,15,QY0015X0046
15,45,45,15,QY0015X0045
15,44,44,15,QY0015X0044
15,43,43,15,QY0015X0043
15,42,42,15,QY0015X0042
15,41,41,15,QY0015X0041
15,40,40,15,QY0015X0040
15,39,39,15,QY0015X0039
15,38,38,15,QY0015X0038
15,37,37,15,QY0015X0037
15,36,36,15,QY0015X0036
15,35,35,15,QY0015X0035
15,34,34,15,QY0015X0034
15,33,33,15,QY0015X0033
15,32,32,15,QY0015X0032
15,31,31,15,QY0015X0031
15,30,30,15,QY0015X0030
15,29,29,15,QY0015X0029
15,28,28,15,QY0015X0028
15,27,27,15,QY0015X0027
15,26,26,15,QY0015X0026
15,25,25,15,QY0015X0025
15,24,24,15,QY0015X0024
15,23,23,15,QY0015X0023
15,22,22,15,QY0015X0022
15,21,21,15,QY0015X0021
15,20,20,15,QY0015X0020
15,19,19,15,QY0015X0019
15,18,18,15,QY0015X0018
15,17,17,15,QY0015X0017
15,16,16,15,QY0015X0016
15,15,15,15,QY0015X0015
15,14,14,15,QY0015X0014
15,13,13,15,QY0015X0013
15,12,12,15,QY0015X0012
15,11,11,15,QY0015X0011
15,10,10,15,QY0015X0010
15,9,9,15,QY0015X0009
15,8,8,15,QY0015X0008
15,7,7,15,QY0015X0007
15,6,6,15,QY0015X0006
15,5,5,15,QY0015X0005
15,4,4,15,QY0015X0004
15,3,3,15,QY0015X0003
15,2,2,15,QY0015X0002
15,1,1,15,QY0015X0001
15,0,0,15,QY0015X0000
15,-1,-1,15,QY0015X-001
15,-2,-2,15,QY0015X-002
15,-3,-3,15,QY0015X-003
15,-4,-4,15,QY0015X-004
15,-5,-5,15,QY0015X-005
15,-6,-6,15,QY0015X-006
15,-7,-7,15,QY0015X-007
15,-8,-8,15,QY0015X-008
15,-9,-9,15,QY0015X-009
15,-10,-10,15,QY0015X-010
15,-11,-11,15,QY0015X-011
15,-12,-12,15,QY0015X-012
15,-13,-13,15,QY0015X-013
15,-14,-14,15,QY0015X-014
15,-15,-15,15,QY0015X-015
15,-16,-16,15,QY0015X-016
15,-17,-17,15,QY0015X-017
15,-18,-18,15,QY0015X-018
15,-19,-19,15,QY0015X-019
15,-20,-20,15,QY0015X-020
15,-21,-21,15,QY0015X-021
15,-22,-22,15,QY0015X-022
15,-23,-23,15,QY0015X-023
15,-24,-24,15,QY0015X-024
15,-25,-25,15,QY0015X-025
15,-26,-26,15,QY0015X-026
15,-27,-27,15,QY0015X-027
15,-28,-28,15,QY0015X-028
15,-29,-29,15,QY0015X-029
15,-30,-30,15,QY0015X-030
15,-31,-31,15,QY0015X-031
15,-32,-32,15,QY0015X-032
15,-33,-33,15,QY0015X-033
15,-34,-34,15,QY0015X-034
15,-35,-35,15,QY0015X-035
15,-36,-36,15,QY0015X-036
15,-37,-37,15,QY0015X-037
15,-38,-38,15,QY0015X-038
15,-39,-39,15,QY0015X-039
15,-40,-40,15,QY0015X-040
15,-41,-41,15,QY0015X-041
15,-42,-42,15,QY0015X-042
15,-43,-43,15,QY0015X-043
15,-44,-44,15,QY0015X-044
15,-45,-45,15,QY0015X-045
15,-46,-46,15,QY0015X-046
15,-47,-47,15,QY0015X-047
15,-48,-48,15,QY0015X-048
16,-48,-48,16,QY0016X-048
16,-47,-47,16,QY0016X-047
16,-46,-46,16,QY0016X-046
16,-45,-45,16,QY0016X-045
16,-44,-44,16,QY0016X-044
16,-43,-43,16,QY0016X-043
16,-42,-42,16,QY0016X-042
16,-41,-41,16,QY0016X-041
16,-40,-40,16,QY0016X-040
16,-39,-39,16,QY0016X-039
16,-38,-38,16,QY0016X-038
16,-37,-37,16,QY0016X-037
16,-36,-36,16,QY0016X-036
16,-35,-35,16,QY0016X-035
16,-34,-34,16,QY0016X-034
16,-33,-33,16,QY0016X-033
16,-32,-32,16,QY0016X-032
16,-31,-31,16,QY0016X-031
16,-30,-30,16,QY0016X-030
16,-29,-29,16,QY0016X-029
16,-28,-28,16,QY0016X-028
16,-27,-27,16,QY0016X-027
16,-26,-26,16,QY0016X-026
16,-25,-25,16,QY0016X-025
16,-24,-24,16,QY0016X-024
16,-23,-23,16,QY0016X-023
16,-22,-22,16,QY0016X-022
16,-21,-21,16,QY0016X-021
16,-20,-20,16,QY0016X-020
16,-19,-19,16,QY0016X-019
16,-18,-18,16,QY0016X-018
16,-17,-17,16,QY0016X-017
16,-16,-16,16,QY0016X-016
16,-15,-15,16,QY0016X-015
16,-14,-14,16,QY0016X-014
16,-13,-13,16,QY0016X-013
16,-12,-12,16,QY0016X-012
16,-11,-11,16,QY0016X-011
16,-10,-10,16,QY0016X-010
16,-9,-9,16,QY0016X-009
16,-8,-8,16,QY0016X-008
16,-7,-7,16,QY0016X-007
16,-6,-6,16,QY0016X-006
16,-5,-5,16,QY0016X-005
16,-4,-4,16,QY0016X-004
16,-3,-3,16,QY0016X-003
16,-2,-2,16,QY0016X-002
16,-1,-1,16,QY0016X-001
16,0,0,16,QY0016X0000
16,1,1,16,QY0016X0001
16,2,2,16,QY0016X0002
16,3,3,16,QY0016X0003
16,4,4,16,QY0016X0004
16,5,5,16,QY0016X0005
16,6,6,16,QY0016X0006
16,7,7,16,QY0016X0007
16,8,8,16,QY0016X0008
16,9,9,16,QY0016X0009
16,10,10,16,QY0016X0010
16,11,11,16,QY0016X0011
16,12,12,16,QY0016X0012
16,13,13,16,QY0016X0013
16,14,14,16,QY0016X0014
16,15,15,16,QY0016X0015
16,16,16,16,QY0016X0016
16,17,17,16,QY0016X0017
16,18,18,16,QY0016X0018
16,19,19,16,QY0016X0019
16,20,20,16,QY0016X0020
16,21,21,16,QY0016X0021
16,22,22,16,QY0016X0022
16,23,23,16,QY0016X0023
16,24,24,16,QY0016X0024
16,25,25,16,QY0016X0025
16,26,26,16,QY0016X0026
16,27,27,16,QY0016X0027
16,28,28,16,QY0016X0028
16,29,29,16,QY0016X0029
16,30,30,16,QY0016X0030
16,31,31,16,QY0016X0031
16,32,32,16,QY0016X0032
16,33,33,16,QY0016X0033
16,34,34,16,QY0016X0034
16,35,35,16,QY0016X0035
16,36,36,16,QY0016X0036
16,37,37,16,QY0016X0037
16,38,38,16,QY0016X0038
16,39,39,16,QY0016X0039
16,40,40,16,QY0016X0040
16,41,41,16,QY0016X0041
16,42,42,16,QY0016X0042
16,43,43,16,QY0016X0043
16,44,44,16,QY0016X0044
16,45,45,16,QY0016X0045
16,46,46,16,QY0016X0046
17,46,46,17,QY0017X0046
17,45,45,17,QY0017X0045
17,44,44,17,QY0017X0044
17,43,43,17,QY0017X0043
17,42,42,17,QY0017X0042
17,41,41,17,QY0017X0041
17,40,40,17,QY0017X0040
17,39,39,17,QY0017X0039
17,38,38,17,QY0017X0038
17,37,37,17,QY0017X0037
17,36,36,17,QY0017X0036
17,35,35,17,QY0017X0035
17,34,34,17,QY0017X0034
17,33,33,17,QY0017X0033
17,32,32,17,QY0017X0032
17,31,31,17,QY0017X0031
17,30,30,17,QY0017X0030
17,29,29,17,QY0017X0029
17,28,28,17,QY0017X0028
17,27,27,17,QY0017X0027
17,26,26,17,QY0017X0026
17,25,25,17,QY0017X0025
17,24,24,17,QY0017X0024
17,23,23,17,QY0017X0023
17,22,22,17,QY0017X0022
17,21,21,17,QY0017X0021
17,20,20,17,QY0017X0020
17,19,19,17,QY0017X0019
17,18,18,17,QY0017X0018
17,17,17,17,QY0017X0017
17,16,16,17,QY0017X0016
17,15,15,17,QY0017X0015
17,14,14,17,QY0017X0014
17,13,13,17,QY0017X0013
17,12,12,17,QY0017X0012
17,11,11,17,QY0017X0011
17,10,10,17,QY0017X0010
17,9,9,17,QY0017X0009
17,8,8,17,QY0017X0008
17,7,7,17,QY0017X0007
17,6,6,17,QY0017X0006
17,5,5,17,QY0017X0005
17,4,4,17,QY0017X0004
17,3,3,17,QY0017X0003
17,2,2,17,QY0017X0002
17,1,1,17,QY0017X0001
17,0,0,17,QY0017X0000
17,-1,-1,17,QY0017X-001
17,-2,-2,17,QY0017X-002
17,-3,-3,17,QY0017X-003
17,-4,-4,17,QY0017X-004
17,-5,-5,17,QY0017X-005
17,-6,-6,17,QY0017X-006
17,-7,-7,17,QY0017X-007
17,-8,-8,17,QY0017X-008
17,-9,-9,17,QY0017X-009
17,-10,-10,17,QY0017X-010
17,-11,-11,17,QY0017X-011
17,-12,-12,17,QY0017X-012
17,-13,-13,17,QY0017X-013
17,-14,-14,17,QY0017X-014
17,-15,-15,17,QY0017X-015
17,-16,-16,17,QY0017X-016
17,-17,-17,17,QY0017X-017
17,-18,-18,17,QY0017X-018
17,-19,-19,17,QY0017X-019
17,-20,-20,17,QY0017X-020
17,-21,-21,17,QY0017X-021
17,-22,-22,17,QY0017X-022
17,-23,-23,17,QY0017X-023
17,-24,-24,17,QY0017X-024
17,-25,-25,17,QY0017X-025
17,-26,-26,17,QY0017X-026
17,-27,-27,17,QY0017X-027
17,-28,-28,17,QY0017X-028
17,-29,-29,17,QY0017X-029
17,-30,-30,17,QY0017X-030
17,-31,-31,17,QY0017X-031
17,-32,-32,17,QY0017X-032
17,-33,-33,17,QY0017X-033
17,-34,-34,17,QY0017X-034
17,-35,-35,17,QY0017X-035
17,-36,-36,17,QY0017X-036
17,-37,-37,17,QY0017X-037
17,-38,-38,17,QY0017X-038
17,-39,-39,17,QY0017X-039
17,-40,-40,17,QY0017X-040
17,-41,-41,17,QY0017X-041
17,-42,-42,17,QY0017X-042
17,-43,-43,17,QY0017X-043
17,-44,-44,17,QY0017X-044
17,-45,-45,17,QY0017X-045
17,-46,-46,17,QY0017X-046
17,-47,-47,17,QY0017X-047
17,-48,-48,17,QY0017X-048
18,-48,-48,18,QY0018X-048
18,-47,-47,18,QY0018X-047
18,-46,-46,18,QY0018X-046
18,-45,-45,18,QY0018X-045
18,-44,-44,18,QY0018X-044
18,-43,-43,18,QY0018X-043
18,-42,-42,18,QY0018X-042
18,-41,-41,18,QY0018X-041
18,-40,-40,18,QY0018X-040
18,-39,-39,18,QY0018X-039
18,-38,-38,18,QY0018X-038
18,-37,-37,18,QY0018X-037
18,-36,-36,18,QY0018X-036
18,-35,-35,18,QY0018X-035
18,-34,-34,18,QY0018X-034
18,-33,-33,18,QY0018X-033
18,-32,-32,18,QY0018X-032
18,-31,-31,18,QY0018X-031
18,-30,-30,18,QY0018X-030
18,-29,-29,18,QY0018X-029
18,-28,-28,18,QY0018X-028
18,-27,-27,18,QY0018X-027
18,-26,-26,18,QY0018X-026
18,-25,-25,18,QY0018X-025
18,-24,-24,18,QY0018X-024
18,-23,-23,18,QY0018X-023
18,-22,-22,18,QY0018X-022
18,-21,-21,18,QY0018X-021
18,-20,-20,18,QY0018X-020
18,-19,-19,18,QY0018X-019
18,-18,-18,18,QY0018X-018
18,-17,-17,18,QY0018X-017
18,-16,-16,18,QY0018X-016
18,-15,-15,18,QY0018X-015
18,-14,-14,18,QY0018X-014
18,-13,-13,18,QY0018X-013
18,-12,-12,18,QY0018X-012
18,-11,-11,18,QY0018X-011
18,-10,-10,18,QY0018X-010
18,-9,-9,18,QY0018X-009
18,-8,-8,18,QY0018X-008
18,-7,-7,18,QY0018X-007
18,-6,-6,18,QY0018X-006
18,-5,-5,18,QY0018X-005
18,-4,-4,18,QY0018X-004
18,-3,-3,18,QY0018X-003
18,-2,-2,18,QY0018X-002
18,-1,-1,18,QY0018X-001
18,0,0,18,QY0018X0000
18,1,1,18,QY0018X0001
18,2,2,18,QY0018X0002
18,3,3,18,QY0018X0003
18,4,4,18,QY0018X0004
18,5,5,18,QY0018X0005
18,6,6,18,QY0018X0006
18,7,7,18,QY0018X0007
18,8,8,18,QY0018X0008
18,9,9,18,QY0018X0009
18,10,10,18,QY0018X0010
18,11,11,18,QY0018X0011
18,12,12,18,QY0018X0012
18,13,13,18,QY0018X0013
18,14,14,18,QY0018X0014
18,15,15,18,QY0018X0015
18,16,16,18,QY0018X0016
18,17,17,18,QY0018X0017
18,18,18,18,QY0018X0018
18,19,19,18,QY0018X0019
18,20,20,18,QY0018X0020
18,21,21,18,QY0018X0021
18,22,22,18,QY0018X0022
18,23,23,18,QY0018X0023
18,24,24,18,QY0018X0024
18,25,25,18,QY0018X0025
18,26,26,18,QY0018X0026
18,27,27,18,QY0018X0027
18,28,28,18,QY0018X0028
18,29,29,18,QY0018X0029
18,30,30,18,QY0018X0030
18,31,31,18,QY0018X0031
18,32,32,18,QY0018X0032
18,33,33,18,QY0018X0033
18,34,34,18,QY0018X0034
18,35,35,18,QY0018X0035
18,36,36,18,QY0018X0036
18,37,37,18,QY0018X0037
18,38,38,18,QY0018X0038
18,39,39,18,QY0018X0039
18,40,40,18,QY0018X0040
18,41,41,18,QY0018X0041
18,42,42,18,QY0018X0042
18,43,43,18,QY0018X0043
18,44,44,18,QY0018X0044
18,45,45,18,QY0018X0045
18,46,46,18,QY0018X0046
19,46,46,19,QY0019X0046
19,45,45,19,QY0019X0045
19,44,44,19,QY0019X0044
19,43,43,19,QY0019X0043
19,42,42,19,QY0019X0042
19,41,41,19,QY0019X0041
19,40,40,19,QY0019X0040
19,39,39,19,QY0019X0039
19,38,38,19,QY0019X0038
19,37,37,19,QY0019X0037
19,36,36,19,QY0019X0036
19,35,35,19,QY0019X0035
19,34,34,19,QY0019X0034
19,33,33,19,QY0019X0033
19,32,32,19,QY0019X0032
19,31,31,19,QY0019X0031
19,30,30,19,QY0019X0030
19,29,29,19,QY0019X0029
19,28,28,19,QY0019X0028
19,27,27,19,QY0019X0027
19,26,26,19,QY0019X0026
19,25,25,19,QY0019X0025
19,24,24,19,QY0019X0024
19,23,23,19,QY0019X0023
19,22,22,19,QY0019X0022
19,21,21,19,QY0019X0021
19,20,20,19,QY0019X0020
19,19,19,19,QY0019X0019
19,18,18,19,QY0019X0018
19,17,17,19,QY0019X0017
19,16,16,19,QY0019X0016
19,15,15,19,QY0019X0015
19,14,14,19,QY0019X0014
19,13,13,19,QY0019X0013
19,12,12,19,QY0019X0012
19,11,11,19,QY0019X0011
19,10,10,19,QY0019X0010
19,9,9,19,QY0019X0009
19,8,8,19,QY0019X0008
19,7,7,19,QY0019X0007
19,6,6,19,QY0019X0006
19,5,5,19,QY0019X0005
19,4,4,19,QY0019X0004
19,3,3,19,QY0019X0003
19,2,2,19,QY0019X0002
19,1,1,19,QY0019X0001
19,0,0,19,QY0019X0000
19,-1,-1,19,QY0019X-001
19,-2,-2,19,QY0019X-002
19,-3,-3,19,QY0019X-003
19,-4,-4,19,QY0019X-004
19,-5,-5,19,QY0019X-005
19,-6,-6,19,QY0019X-006
19,-7,-7,19,QY0019X-007
19,-8,-8,19,QY0019X-008
19,-9,-9,19,QY0019X-009
19,-10,-10,19,QY0019X-010
19,-11,-11,19,QY0019X-011
19,-12,-12,19,QY0019X-012
19,-13,-13,19,QY0019X-013
19,-14,-14,19,QY0019X-014
19,-15,-15,19,QY0019X-015
19,-16,-16,19,QY0019X-016
19,-17,-17,19,QY0019X-017
19,-18,-18,19,QY0019X-018
19,-19,-19,19,QY0019X-019
19,-20,-20,19,QY0019X-020
19,-21,-21,19,QY0019X-021
19,-22,-22,19,QY0019X-022
19,-23,-23,19,QY0019X-023
19,-24,-24,19,QY0019X-024
19,-25,-25,19,QY0019X-025
19,-26,-26,19,QY0019X-026
19,-27,-27,19,QY0019X-027
19,-28,-28,19,QY0019X-028
19,-29,-29,19,QY0019X-029
19,-30,-30,19,QY0019X-030
19,-31,-31,19,QY0019X-031
19,-32,-32,19,QY0019X-032
19,-33,-33,19,QY0019X-033
19,-34,-34,19,QY0019X-034
19,-35,-35,19,QY0019X-035
19,-36,-36,19,QY0019X-036
19,-37,-37,19,QY0019X-037
19,-38,-38,19,QY0019X-038
19,-39,-39,19,QY0019X-039
19,-40,-40,19,QY0019X-040
19,-41,-41,19,QY0019X-041
19,-42,-42,19,QY0019X-042
19,-43,-43,19,QY0019X-043
19,-44,-44,19,QY0019X-044
19,-45,-45,19,QY0019X-045
19,-46,-46,19,QY0019X-046
19,-47,-47,19,QY0019X-047
19,-48,-48,19,QY0019X-048
20,-48,-48,20,QY0020X-048
20,-47,-47,20,QY0020X-047
20,-46,-46,20,QY0020X-046
20,-45,-45,20,QY0020X-045
20,-44,-44,20,QY0020X-044
20,-43,-43,20,QY0020X-043
20,-42,-42,20,QY0020X-042
20,-41,-41,20,QY0020X-041
20,-40,-40,20,QY0020X-040
20,-39,-39,20,QY0020X-039
20,-38,-38,20,QY0020X-038
20,-37,-37,20,QY0020X-037
20,-36,-36,20,QY0020X-036
20,-35,-35,20,QY0020X-035
20,-34,-34,20,QY0020X-034
20,-33,-33,20,QY0020X-033
20,-32,-32,20,QY0020X-032
20,-31,-31,20,QY0020X-031
20,-30,-30,20,QY0020X-030
20,-29,-29,20,QY0020X-029
20,-28,-28,20,QY0020X-028
20,-27,-27,20,QY0020X-027
20,-26,-26,20,QY0020X-026
20,-25,-25,20,QY0020X-025
20,-24,-24,20,QY0020X-024
20,-23,-23,20,QY0020X-023
20,-22,-22,20,QY0020X-022
20,-21,-21,20,QY0020X-021
20,-20,-20,20,QY0020X-020
20,-19,-19,20,QY0020X-019
20,-18,-18,20,QY0020X-018
20,-17,-17,20,QY0020X-017
20,-16,-16,20,QY0020X-016
20,-15,-15,20,QY0020X-015
20,-14,-14,20,QY0020X-014
20,-13,-13,20,QY0020X-013
20,-12,-12,20,QY0020X-012
20,-11,-11,20,QY0020X-011
20,-10,-10,20,QY0020X-010
20,-9,-9,20,QY0020X-009
20,-8,-8,20,QY0020X-008
20,-7,-7,20,QY0020X-007
20,-6,-6,20,QY0020X-006
20,-5,-5,20,QY0020X-005
20,-4,-4,20,QY0020X-004
20,-3,-3,20,QY0020X-003
20,-2,-2,20,QY0020X-002
20,-1,-1,20,QY0020X-001
20,0,0,20,QY0020X0000
20,1,1,20,QY0020X0001
20,2,2,20,QY0020X0002
20,3,3,20,QY0020X0003
20,4,4,20,QY0020X0004
20,5,5,20,QY0020X0005
20,6,6,20,QY0020X0006
20,7,7,20,QY0020X0007
20,8,8,20,QY0020X0008
20,9,9,20,QY0020X0009
20,10,10,20,QY0020X0010
20,11,11,20,QY0020X0011
20,12,12,20,QY0020X0012
20,13,13,20,QY0020X0013
20,14,14,20,QY0020X0014
20,15,15,20,QY0020X0015
20,16,16,20,QY0020X0016
20,17,17,20,QY0020X0017
20,18,18,20,QY0020X0018
20,19,19,20,QY0020X0019
20,20,20,20,QY0020X0020
20,21,21,20,QY0020X0021
20,22,22,20,QY0020X0022
20,23,23,20,QY0020X0023
20,24,24,20,QY0020X0024
20,25,25,20,QY0020X0025
20,26,26,20,QY0020X0026
20,27,27,20,QY0020X0027
20,28,28,20,QY0020X0028
20,29,29,20,QY0020X0029
20,30,30,20,QY0020X0030
20,31,31,20,QY0020X0031
20,32,32,20,QY0020X0032
20,33,33,20,QY0020X0033
20,34,34,20,QY0020X0034
20,35,35,20,QY0020X0035
20,36,36,20,QY0020X0036
20,37,37,20,QY0020X0037
20,38,38,20,QY0020X0038
20,39,39,20,QY0020X0039
20,40,40,20,QY0020X0040
20,41,41,20,QY0020X0041
20,42,42,20,QY0020X0042
20,43,43,20,QY0020X0043
20,44,44,20,QY0020X0044
20,45,45,20,QY0020X0045
20,46,46,20,QY0020X0046
21,46,46,21,QY0021X0046
21,45,45,21,QY0021X0045
21,44,44,21,QY0021X0044
21,43,43,21,QY0021X0043
21,42,42,21,QY0021X0042
21,41,41,21,QY0021X0041
21,40,40,21,QY0021X0040
21,39,39,21,QY0021X0039
21,38,38,21,QY0021X0038
21,37,37,21,QY0021X0037
21,36,36,21,QY0021X0036
21,35,35,21,QY0021X0035
21,34,34,21,QY0021X0034
21,33,33,21,QY0021X0033
21,32,32,21,QY0021X0032
21,31,31,21,QY0021X0031
21,30,30,21,QY0021X0030
21,29,29,21,QY0021X0029
21,28,28,21,QY0021X0028
21,27,27,21,QY0021X0027
21,26,26,21,QY0021X0026
21,25,25,21,QY0021X0025
21,24,24,21,QY0021X0024
21,23,23,21,QY0021X0023
21,22,22,21,QY0021X0022
21,21,21,21,QY0021X0021
21,20,20,21,QY0021X0020
21,19,19,21,QY0021X0019
21,18,18,21,QY0021X0018
21,17,17,21,QY0021X0017
21,16,16,21,QY0021X0016
21,15,15,21,QY0021X0015
21,14,14,21,QY0021X0014
21,13,13,21,QY0021X0013
21,12,12,21,QY0021X0012
21,11,11,21,QY0021X0011
21,10,10,21,QY0021X0010
21,9,9,21,QY0021X0009
21,8,8,21,QY0021X0008
21,7,7,21,QY0021X0007
21,6,6,21,QY0021X0006
21,5,5,21,QY0021X0005
21,4,4,21,QY0021X0004
21,3,3,21,QY0021X0003
21,2,2,21,QY0021X0002
21,1,1,21,QY0021X0001
21,0,0,21,QY0021X0000
21,-1,-1,21,QY0021X-001
21,-2,-2,21,QY0021X-002
21,-3,-3,21,QY0021X-003
21,-4,-4,21,QY0021X-004
21,-5,-5,21,QY0021X-005
21,-6,-6,21,QY0021X-006
21,-7,-7,21,QY0021X-007
21,-8,-8,21,QY0021X-008
21,-9,-9,21,QY0021X-009
21,-10,-10,21,QY0021X-010
21,-11,-11,21,QY0021X-011
21,-12,-12,21,QY0021X-012
21,-13,-13,21,QY0021X-013
21,-14,-14,21,QY0021X-014
21,-15,-15,21,QY0021X-015
21,-16,-16,21,QY0021X-016
21,-17,-17,21,QY0021X-017
21,-18,-18,21,QY0021X-018
21,-19,-19,21,QY0021X-019
21,-20,-20,21,QY0021X-020
21,-21,-21,21,QY0021X-021
21,-22,-22,21,QY0021X-022
21,-23,-23,21,QY0021X-023
21,-24,-24,21,QY0021X-024
21,-25,-25,21,QY0021X-025
21,-26,-26,21,QY0021X-026
21,-27,-27,21,QY0021X-027
21,-28,-28,21,QY0021X-028
21,-29,-29,21,QY0021X-029
21,-30,-30,21,QY0021X-030
21,-31,-31,21,QY0021X-031
21,-32,-32,21,QY0021X-032
21,-33,-33,21,QY0021X-033
21,-34,-34,21,QY0021X-034
21,-35,-35,21,QY0021X-035
21,-36,-36,21,QY0021X-036
21,-37,-37,21,QY0021X-037
21,-38,-38,21,QY0021X-038
21,-39,-39,21,QY0021X-039
21,-40,-40,21,QY0021X-040
21,-41,-41,21,QY0021X-041
21,-42,-42,21,QY0021X-042
21,-43,-43,21,QY0021X-043
21,-44,-44,21,QY0021X-044
21,-45,-45,21,QY0021X-045
21,-46,-46,21,QY0021X-046
21,-47,-47,21,QY0021X-047
21,-48,-48,21,QY0021X-048
22,-48,-48,22,QY0022X-048
22,-47,-47,22,QY0022X-047
22,-46,-46,22,QY0022X-046
22,-45,-45,22,QY0022X-045
22,-44,-44,22,QY0022X-044
22,-43,-43,22,QY0022X-043
22,-42,-42,22,QY0022X-042
22,-41,-41,22,QY0022X-041
22,-40,-40,22,QY0022X-040
22,-39,-39,22,QY0022X-039
22,-38,-38,22,QY0022X-038
22,-37,-37,22,QY0022X-037
22,-36,-36,22,QY0022X-036
22,-35,-35,22,QY0022X-035
22,-34,-34,22,QY0022X-034
22,-33,-33,22,QY0022X-033
22,-32,-32,22,QY0022X-032
22,-31,-31,22,QY0022X-031
22,-30,-30,22,QY0022X-030
22,-29,-29,22,QY0022X-029
22,-28,-28,22,QY0022X-028
22,-27,-27,22,QY0022X-027
22,-26,-26,22,QY0022X-026
22,-25,-25,22,QY0022X-025
22,-24,-24,22,QY0022X-024
22,-23,-23,22,QY0022X-023
22,-22,-22,22,QY0022X-022
22,-21,-21,22,QY0022X-021
22,-20,-20,22,QY0022X-020
22,-19,-19,22,QY0022X-019
22,-18,-18,22,QY0022X-018
22,-17,-17,22,QY0022X-017
22,-16,-16,22,QY0022X-016
22,-15,-15,22,QY0022X-015
22,-14,-14,22,QY0022X-014
22,-13,-13,22,QY0022X-013
22,-12,-12,22,QY0022X-012
22,-11,-11,22,QY0022X-011
22,-10,-10,22,QY0022X-010
22,-9,-9,22,QY0022X-009
22,-8,-8,22,QY0022X-008
22,-7,-7,22,QY0022X-007
22,-6,-6,22,QY0022X-006
22,-5,-5,22,QY0022X-005
22,-4,-4,22,QY0022X-004
22,-3,-3,22,QY0022X-003
22,-2,-2,22,QY0022X-002
22,-1,-1,22,QY0022X-001
22,0,0,22,QY0022X0000
22,1,1,22,QY0022X0001
22,2,2,22,QY0022X0002
22,3,3,22,QY0022X0003
22,4,4,22,QY0022X0004
22,5,5,22,QY0022X0005
22,6,6,22,QY0022X0006
22,7,7,22,QY0022X0007
22,8,8,22,QY0022X0008
22,9,9,22,QY0022X0009
22,10,10,22,QY0022X0010
22,11,11,22,QY0022X0011
22,12,12,22,QY0022X0012
22,13,13,22,QY0022X0013
22,14,14,22,QY0022X0014
22,15,15,22,QY0022X0015
22,16,16,22,QY0022X0016
22,17,17,22,QY0022X0017
22,18,18,22,QY0022X0018
22,19,19,22,QY0022X0019
22,20,20,22,QY0022X0020
22,21,21,22,QY0022X0021
22,22,22,22,QY0022X0022
22,23,23,22,QY0022X0023
22,24,24,22,QY0022X0024
22,25,25,22,QY0022X0025
22,26,26,22,QY0022X0026
22,27,27,22,QY0022X0027
22,28,28,22,QY0022X0028
22,29,29,22,QY0022X0029
22,30,30,22,QY0022X0030
22,31,31,22,QY0022X0031
22,32,32,22,QY0022X0032
22,33,33,22,QY0022X0033
22,34,34,22,QY0022X0034
22,35,35,22,QY0022X0035
22,36,36,22,QY0022X0036
22,37,37,22,QY0022X0037
22,38,38,22,QY0022X0038
22,39,39,22,QY0022X0039
22,40,40,22,QY0022X0040
22,41,41,22,QY0022X0041
22,42,42,22,QY0022X0042
22,43,43,22,QY0022X0043
22,44,44,22,QY0022X0044
22,45,45,22,QY0022X0045
22,46,46,22,QY0022X0046
23,46,46,23,QY0023X0046
23,45,45,23,QY0023X0045
23,44,44,23,QY0023X0044
23,43,43,23,QY0023X0043
23,42,42,23,QY0023X0042
23,41,41,23,QY0023X0041
23,40,40,23,QY0023X0040
23,39,39,23,QY0023X0039
23,38,38,23,QY0023X0038
23,37,37,23,QY0023X0037
23,36,36,23,QY0023X0036
23,35,35,23,QY0023X0035
23,34,34,23,QY0023X0034
23,33,33,23,QY0023X0033
23,32,32,23,QY0023X0032
23,31,31,23,QY0023X0031
23,30,30,23,QY0023X0030
23,29,29,23,QY0023X0029
23,28,28,23,QY0023X0028
23,27,27,23,QY0023X0027
23,26,26,23,QY0023X0026
23,25,25,23,QY0023X0025
23,24,24,23,QY0023X0024
23,23,23,23,QY0023X0023
23,22,22,23,QY0023X0022
23,21,21,23,QY0023X0021
23,20,20,23,QY0023X0020
23,19,19,23,QY0023X0019
23,18,18,23,QY0023X0018
23,17,17,23,QY0023X0017
23,16,16,23,QY0023X0016
23,15,15,23,QY0023X0015
23,14,14,23,QY0023X0014
23,13,13,23,QY0023X0013
23,12,12,23,QY0023X0012
23,11,11,23,QY0023X0011
23,10,10,23,QY0023X0010
23,9,9,23,QY0023X0009
23,8,8,23,QY0023X0008
23,7,7,23,QY0023X0007
23,6,6,23,QY0023X0006
23,5,5,23,QY0023X0005
23,4,4,23,QY0023X0004
23,3,3,23,QY0023X0003
23,2,2,23,QY0023X0002
23,1,1,23,QY0023X0001
23,0,0,23,QY0023X0000
23,-1,-1,23,QY0023X-001
23,-2,-2,23,QY0023X-002
23,-3,-3,23,QY0023X-003
23,-4,-4,23,QY0023X-004
23,-5,-5,23,QY0023X-005
23,-6,-6,23,QY0023X-006
23,-7,-7,23,QY0023X-007
23,-8,-8,23,QY0023X-008
23,-9,-9,23,QY0023X-009
23,-10,-10,23,QY0023X-010
23,-11,-11,23,QY0023X-011
23,-12,-12,23,QY0023X-012
23,-13,-13,23,QY0023X-013
23,-14,-14,23,QY0023X-014
23,-15,-15,23,QY0023X-015
23,-16,-16,23,QY0023X-016
23,-17,-17,23,QY0023X-017
23,-18,-18,23,QY0023X-018
23,-19,-19,23,QY0023X-019
23,-20,-20,23,QY0023X-020
23,-21,-21,23,QY0023X-021
23,-22,-22,23,QY0023X-022
23,-23,-23,23,QY0023X-023
23,-24,-24,23,QY0023X-024
23,-25,-25,23,QY0023X-025
23,-26,-26,23,QY0023X-026
23,-27,-27,23,QY0023X-027
23,-28,-28,23,QY0023X-028
23,-29,-29,23,QY0023X-029
23,-30,-30,23,QY0023X-030
23,-31,-31,23,QY0023X-031
23,-32,-32,23,QY0023X-032
23,-33,-33,23,QY0023X-033
23,-34,-34,23,QY0023X-034
23,-35,-35,23,QY0023X-035
23,-36,-36,23,QY0023X-036
23,-37,-37,23,QY0023X-037
23,-38,-38,23,QY0023X-038
23,-39,-39,23,QY0023X-039
23,-40,-40,23,QY0023X-040
23,-41,-41,23,QY0023X-041
23,-42,-42,23,QY0023X-042
23,-43,-43,23,QY0023X-043
23,-44,-44,23,QY0023X-044
23,-45,-45,23,QY0023X-045
23,-46,-46,23,QY0023X-046
23,-47,-47,23,QY0023X-047
23,-48,-48,23,QY0023X-048
24,-48,-48,24,QY0024X-048
24,-47,-47,24,QY0024X-047
24,-46,-46,24,QY0024X-046
24,-45,-45,24,QY0024X-045
24,-44,-44,24,QY0024X-044
24,-43,-43,24,QY0024X-043
24,-42,-42,24,QY0024X-042
24,-41,-41,24,QY0024X-041
24,-40,-40,24,QY0024X-040
24,-39,-39,24,QY0024X-039
24,-38,-38,24,QY0024X-038
24,-37,-37,24,QY0024X-037
24,-36,-36,24,QY0024X-036
24,-35,-35,24,QY0024X-035
24,-34,-34,24,QY0024X-034
24,-33,-33,24,QY0024X-033
24,-32,-32,24,QY0024X-032
24,-31,-31,24,QY0024X-031
24,-30,-30,24,QY0024X-030
24,-29,-29,24,QY0024X-029
24,-28,-28,24,QY0024X-028
24,-27,-27,24,QY0024X-027
24,-26,-26,24,QY0024X-026
24,-25,-25,24,QY0024X-025
24,-24,-24,24,QY0024X-024
24,-23,-23,24,QY0024X-023
24,-22,-22,24,QY0024X-022
24,-21,-21,24,QY0024X-021
24,-20,-20,24,QY0024X-020
24,-19,-19,24,QY0024X-019
24,-18,-18,24,QY0024X-018
24,-17,-17,24,QY0024X-017
24,-16,-16,24,QY0024X-016
24,-15,-15,24,QY0024X-015
24,-14,-14,24,QY0024X-014
24,-13,-13,24,QY0024X-013
24,-12,-12,24,QY0024X-012
24,-11,-11,24,QY0024X-011
24,-10,-10,24,QY0024X-010
24,-9,-9,24,QY0024X-009
24,-8,-8,24,QY0024X-008
24,-7,-7,24,QY0024X-007
24,-6,-6,24,QY0024X-006
24,-5,-5,24,QY0024X-005
24,-4,-4,24,QY0024X-004
24,-3,-3,24,QY0024X-003
24,-2,-2,24,QY0024X-002
24,-1,-1,24,QY0024X-001
24,0,0,24,QY0024X0000
24,1,1,24,QY0024X0001
24,2,2,24,QY0024X0002
24,3,3,24,QY0024X0003
24,4,4,24,QY0024X0004
24,5,5,24,QY0024X0005
24,6,6,24,QY0024X0006
24,7,7,24,QY0024X0007
24,8,8,24,QY0024X0008
24,9,9,24,QY0024X0009
24,10,10,24,QY0024X0010
24,11,11,24,QY0024X0011
24,12,12,24,QY0024X0012
24,13,13,24,QY0024X0013
24,14,14,24,QY0024X0014
24,15,15,24,QY0024X0015
24,16,16,24,QY0024X0016
24,17,17,24,QY0024X0017
24,18,18,24,QY0024X0018
24,19,19,24,QY0024X0019
24,20,20,24,QY0024X0020
24,21,21,24,QY0024X0021
24,22,22,24,QY0024X0022
24,23,23,24,QY0024X0023
24,24,24,24,QY0024X0024
24,25,25,24,QY0024X0025
24,26,26,24,QY0024X0026
24,27,27,24,QY0024X0027
24,28,28,24,QY0024X0028
24,29,29,24,QY0024X0029
24,30,30,24,QY0024X0030
24,31,31,24,QY0024X0031
24,32,32,24,QY0024X0032
24,33,33,24,QY0024X0033
24,34,34,24,QY0024X0034
24,35,35,24,QY0024X0035
24,36,36,24,QY0024X0036
24,37,37,24,QY0024X0037
24,38,38,24,QY0024X0038
24,39,39,24,QY0024X0039
24,40,40,24,QY0024X0040
24,41,41,24,QY0024X0041
24,42,42,24,QY0024X0042
24,43,43,24,QY0024X0043
24,44,44,24,QY0024X0044
24,45,45,24,QY0024X0045
24,46,46,24,QY0024X0046
25,41,41,25,QY0025X0041
25,40,40,25,QY0025X0040
25,39,39,25,QY0025X0039
25,38,38,25,QY0025X0038
25,37,37,25,QY0025X0037
25,36,36,25,QY0025X0036
25,35,35,25,QY0025X0035
25,34,34,25,QY0025X0034
25,33,33,25,QY0025X0033
25,32,32,25,QY0025X0032
25,31,31,25,QY0025X0031
25,30,30,25,QY0025X0030
25,29,29,25,QY0025X0029
25,28,28,25,QY0025X0028
25,27,27,25,QY0025X0027
25,26,26,25,QY0025X0026
25,25,25,25,QY0025X0025
25,24,24,25,QY0025X0024
25,23,23,25,QY0025X0023
25,22,22,25,QY0025X0022
25,21,21,25,QY0025X0021
25,20,20,25,QY0025X0020
25,19,19,25,QY0025X0019
25,18,18,25,QY0025X0018
25,17,17,25,QY0025X0017
25,16,16,25,QY0025X0016
25,15,15,25,QY0025X0015
25,14,14,25,QY0025X0014
25,13,13,25,QY0025X0013
25,12,12,25,QY0025X0012
25,11,11,25,QY0025X0011
25,10,10,25,QY0025X0010
25,9,9,25,QY0025X0009
25,8,8,25,QY0025X0008
25,7,7,25,QY0025X0007
25,6,6,25,QY0025X0006
25,5,5,25,QY0025X0005
25,4,4,25,QY0025X0004
25,3,3,25,QY0025X0003
25,2,2,25,QY0025X0002
25,1,1,25,QY0025X0001
25,0,0,25,QY0025X0000
25,-1,-1,25,QY0025X-001
25,-2,-2,25,QY0025X-002
25,-3,-3,25,QY0025X-003
25,-4,-4,25,QY0025X-004
25,-5,-5,25,QY0025X-005
25,-6,-6,25,QY0025X-006
25,-7,-7,25,QY0025X-007
25,-8,-8,25,QY0025X-008
25,-9,-9,25,QY0025X-009
25,-10,-10,25,QY0025X-010
25,-11,-11,25,QY0025X-011
25,-12,-12,25,QY0025X-012
25,-13,-13,25,QY0025X-013
25,-14,-14,25,QY0025X-014
25,-15,-15,25,QY0025X-015
25,-16,-16,25,QY0025X-016
25,-17,-17,25,QY0025X-017
25,-18,-18,25,QY0025X-018
25,-19,-19,25,QY0025X-019
25,-20,-20,25,QY0025X-020
25,-21,-21,25,QY0025X-021
25,-22,-22,25,QY0025X-022
25,-23,-23,25,QY0025X-023
25,-24,-24,25,QY0025X-024
25,-25,-25,25,QY0025X-025
25,-26,-26,25,QY0025X-026
25,-27,-27,25,QY0025X-027
25,-28,-28,25,QY0025X-028
25,-29,-29,25,QY0025X-029
25,-30,-30,25,QY0025X-030
25,-31,-31,25,QY0025X-031
25,-32,-32,25,QY0025X-032
25,-33,-33,25,QY0025X-033
25,-34,-34,25,QY0025X-034
25,-35,-35,25,QY0025X-035
25,-36,-36,25,QY0025X-036
25,-37,-37,25,QY0025X-037
25,-38,-38,25,QY0025X-038
25,-39,-39,25,QY0025X-039
25,-40,-40,25,QY0025X-040
25,-41,-41,25,QY0025X-041
25,-42,-42,25,QY0025X-042
25,-43,-43,25,QY0025X-043
26,-43,-43,26,QY0026X-043
26,-42,-42,26,QY0026X-042
26,-41,-41,26,QY0026X-041
26,-40,-40,26,QY0026X-040
26,-39,-39,26,QY0026X-039
26,-38,-38,26,QY0026X-038
26,-37,-37,26,QY0026X-037
26,-36,-36,26,QY0026X-036
26,-35,-35,26,QY0026X-035
26,-34,-34,26,QY0026X-034
26,-33,-33,26,QY0026X-033
26,-32,-32,26,QY0026X-032
26,-31,-31,26,QY0026X-031
26,-30,-30,26,QY0026X-030
26,-29,-29,26,QY0026X-029
26,-28,-28,26,QY0026X-028
26,-27,-27,26,QY0026X-027
26,-26,-26,26,QY0026X-026
26,-25,-25,26,QY0026X-025
26,-24,-24,26,QY0026X-024
26,-23,-23,26,QY0026X-023
26,-22,-22,26,QY0026X-022
26,-21,-21,26,QY0026X-021
26,-20,-20,26,QY0026X-020
26,-19,-19,26,QY0026X-019
26,-18,-18,26,QY0026X-018
26,-17,-17,26,QY0026X-017
26,-16,-16,26,QY0026X-016
26,-15,-15,26,QY0026X-015
26,-14,-14,26,QY0026X-014
26,-13,-13,26,QY0026X-013
26,-12,-12,26,QY0026X-012
26,-11,-11,26,QY0026X-011
26,-10,-10,26,QY0026X-010
26,-9,-9,26,QY0026X-009
26,-8,-8,26,QY0026X-008
26,-7,-7,26,QY0026X-007
26,-6,-6,26,QY0026X-006
26,-5,-5,26,QY0026X-005
26,-4,-4,26,QY0026X-004
26,-3,-3,26,QY0026X-003
26,-2,-2,26,QY0026X-002
26,-1,-1,26,QY0026X-001
26,0,0,26,QY0026X0000
26,1,1,26,QY0026X0001
26,2,2,26,QY0026X0002
26,3,3,26,QY0026X0003
26,4,4,26,QY0026X0004
26,5,5,26,QY0026X0005
26,6,6,26,QY0026X0006
26,7,7,26,QY0026X0007
26,8,8,26,QY0026X0008
26,9,9,26,QY0026X0009
26,10,10,26,QY0026X0010
26,11,11,26,QY0026X0011
26,12,12,26,QY0026X0012
26,13,13,26,QY0026X0013
26,14,14,26,QY0026X0014
26,15,15,26,QY0026X0015
26,16,16,26,QY0026X0016
26,17,17,26,QY0026X0017
26,18,18,26,QY0026X0018
26,19,19,26,QY0026X0019
26,20,20,26,QY0026X0020
26,21,21,26,QY0026X0021
26,22,22,26,QY0026X0022
26,23,23,26,QY0026X0023
26,24,24,26,QY0026X0024
26,25,25,26,QY0026X0025
26,26,26,26,QY0026X0026
26,27,27,26,QY0026X0027
26,28,28,26,QY0026X0028
26,29,29,26,QY0026X0029
26,30,30,26,QY0026X0030
26,31,31,26,QY0026X0031
26,32,32,26,QY0026X0032
26,33,33,26,QY0026X0033
26,34,34,26,QY0026X0034
26,35,35,26,QY0026X0035
26,36,36,26,QY0026X0036
26,37,37,26,QY0026X0037
26,38,38,26,QY0026X0038
26,39,39,26,QY0026X0039
26,40,40,26,QY0026X0040
26,41,41,26,QY0026X0041
27,41,41,27,QY0027X0041
27,40,40,27,QY0027X0040
27,39,39,27,QY0027X0039
27,38,38,27,QY0027X0038
27,37,37,27,QY0027X0037
27,36,36,27,QY0027X0036
27,35,35,27,QY0027X0035
27,34,34,27,QY0027X0034
27,33,33,27,QY0027X0033
27,32,32,27,QY0027X0032
27,31,31,27,QY0027X0031
27,30,30,27,QY0027X0030
27,29,29,27,QY0027X0029
27,28,28,27,QY0027X0028
27,27,27,27,QY0027X0027
27,26,26,27,QY0027X0026
27,25,25,27,QY0027X0025
27,24,24,27,QY0027X0024
27,23,23,27,QY0027X0023
27,22,22,27,QY0027X0022
27,21,21,27,QY0027X0021
27,20,20,27,QY0027X0020
27,19,19,27,QY0027X0019
27,18,18,27,QY0027X0018
27,17,17,27,QY0027X0017
27,16,16,27,QY0027X0016
27,15,15,27,QY0027X0015
27,14,14,27,QY0027X0014
27,13,13,27,QY0027X0013
27,12,12,27,QY0027X0012
27,11,11,27,QY0027X0011
27,10,10,27,QY0027X0010
27,9,9,27,QY0027X0009
27,8,8,27,QY0027X0008
27,7,7,27,QY0027X0007
27,6,6,27,QY0027X0006
27,5,5,27,QY0027X0005
27,4,4,27,QY0027X0004
27,3,3,27,QY0027X0003
27,2,2,27,QY0027X0002
27,1,1,27,QY0027X0001
27,0,0,27,QY0027X0000
27,-1,-1,27,QY0027X-001
27,-2,-2,27,QY0027X-002
27,-3,-3,27,QY0027X-003
27,-4,-4,27,QY0027X-004
27,-5,-5,27,QY0027X-005
27,-6,-6,27,QY0027X-006
27,-7,-7,27,QY0027X-007
27,-8,-8,27,QY0027X-008
27,-9,-9,27,QY0027X-009
27,-10,-10,27,QY0027X-010
27,-11,-11,27,QY0027X-011
27,-12,-12,27,QY0027X-012
27,-13,-13,27,QY0027X-013
27,-14,-14,27,QY0027X-014
27,-15,-15,27,QY0027X-015
27,-16,-16,27,QY0027X-016
27,-17,-17,27,QY0027X-017
27,-18,-18,27,QY0027X-018
27,-19,-19,27,QY0027X-019
27,-20,-20,27,QY0027X-020
27,-21,-21,27,QY0027X-021
27,-22,-22,27,QY0027X-022
27,-23,-23,27,QY0027X-023
27,-24,-24,27,QY0027X-024
27,-25,-25,27,QY0027X-025
27,-26,-26,27,QY0027X-026
27,-27,-27,27,QY0027X-027
27,-28,-28,27,QY0027X-028
27,-29,-29,27,QY0027X-029
27,-30,-30,27,QY0027X-030
27,-31,-31,27,QY0027X-031
27,-32,-32,27,QY0027X-032
27,-33,-33,27,QY0027X-033
27,-34,-34,27,QY0027X-034
27,-35,-35,27,QY0027X-035
27,-36,-36,27,QY0027X-036
27,-37,-37,27,QY0027X-037
27,-38,-38,27,QY0027X-038
27,-39,-39,27,QY0027X-039
27,-40,-40,27,QY0027X-040
27,-41,-41,27,QY0027X-041
27,-42,-42,27,QY0027X-042
27,-43,-43,27,QY0027X-043
28,-43,-43,28,QY0028X-043
28,-42,-42,28,QY0028X-042
28,-41,-41,28,QY0028X-041
28,-40,-40,28,QY0028X-040
28,-39,-39,28,QY0028X-039
28,-38,-38,28,QY0028X-038
28,-37,-37,28,QY0028X-037
28,-36,-36,28,QY0028X-036
28,-35,-35,28,QY0028X-035
28,-34,-34,28,QY0028X-034
28,-33,-33,28,QY0028X-033
28,-32,-32,28,QY0028X-032
28,-31,-31,28,QY0028X-031
28,-30,-30,28,QY0028X-030
28,-29,-29,28,QY0028X-029
28,-28,-28,28,QY0028X-028
28,-27,-27,28,QY0028X-027
28,-26,-26,28,QY0028X-026
28,-25,-25,28,QY0028X-025
28,-24,-24,28,QY0028X-024
28,-23,-23,28,QY0028X-023
28,-22,-22,28,QY0028X-022
28,-21,-21,28,QY0028X-021
28,-20,-20,28,QY0028X-020
28,-19,-19,28,QY0028X-019
28,-18,-18,28,QY0028X-018
28,-17,-17,28,QY0028X-017
28,-16,-16,28,QY0028X-016
28,-15,-15,28,QY0028X-015
28,-14,-14,28,QY0028X-014
28,-13,-13,28,QY0028X-013
28,-12,-12,28,QY0028X-012
28,-11,-11,28,QY0028X-011
28,-10,-10,28,QY0028X-010
28,-9,-9,28,QY0028X-009
28,-8,-8,28,QY0028X-008
28,-7,-7,28,QY0028X-007
28,-6,-6,28,QY0028X-006
28,-5,-5,28,QY0028X-005
28,-4,-4,28,QY0028X-004
28,-3,-3,28,QY0028X-003
28,-2,-2,28,QY0028X-002
28,-1,-1,28,QY0028X-001
28,0,0,28,QY0028X0000
28,1,1,28,QY0028X0001
28,2,2,28,QY0028X0002
28,3,3,28,QY0028X0003
28,4,4,28,QY0028X0004
28,5,5,28,QY0028X0005
28,6,6,28,QY0028X0006
28,7,7,28,QY0028X0007
28,8,8,28,QY0028X0008
28,9,9,28,QY0028X0009
28,10,10,28,QY0028X0010
28,11,11,28,QY0028X0011
28,12,12,28,QY0028X0012
28,13,13,28,QY0028X0013
28,14,14,28,QY0028X0014
28,15,15,28,QY0028X0015
28,16,16,28,QY0028X0016
28,17,17,28,QY0028X0017
28,18,18,28,QY0028X0018
28,19,19,28,QY0028X0019
28,20,20,28,QY0028X0020
28,21,21,28,QY0028X0021
28,22,22,28,QY0028X0022
28,23,23,28,QY0028X0023
28,24,24,28,QY0028X0024
28,25,25,28,QY0028X0025
28,26,26,28,QY0028X0026
28,27,27,28,QY0028X0027
28,28,28,28,QY0028X0028
28,29,29,28,QY0028X0029
28,30,30,28,QY0028X0030
28,31,31,28,QY0028X0031
28,32,32,28,QY0028X0032
28,33,33,28,QY0028X0033
28,34,34,28,QY0028X0034
28,35,35,28,QY0028X0035
28,36,36,28,QY0028X0036
28,37,37,28,QY0028X0037
28,38,38,28,QY0028X0038
28,39,39,28,QY0028X0039
28,40,40,28,QY0028X0040
28,41,41,28,QY0028X0041
29,41,41,29,QY0029X0041
29,40,40,29,QY0029X0040
29,39,39,29,QY0029X0039
29,38,38,29,QY0029X0038
29,37,37,29,QY0029X0037
29,36,36,29,QY0029X0036
29,35,35,29,QY0029X0035
29,34,34,29,QY0029X0034
29,33,33,29,QY0029X0033
29,32,32,29,QY0029X0032
29,31,31,29,QY0029X0031
29,30,30,29,QY0029X0030
29,29,29,29,QY0029X0029
29,28,28,29,QY0029X0028
29,27,27,29,QY0029X0027
29,26,26,29,QY0029X0026
29,25,25,29,QY0029X0025
29,24,24,29,QY0029X0024
29,23,23,29,QY0029X0023
29,22,22,29,QY0029X0022
29,21,21,29,QY0029X0021
29,20,20,29,QY0029X0020
29,19,19,29,QY0029X0019
29,18,18,29,QY0029X0018
29,17,17,29,QY0029X0017
29,16,16,29,QY0029X0016
29,15,15,29,QY0029X0015
29,14,14,29,QY0029X0014
29,13,13,29,QY0029X0013
29,12,12,29,QY0029X0012
29,11,11,29,QY0029X0011
29,10,10,29,QY0029X0010
29,9,9,29,QY0029X0009
29,8,8,29,QY0029X0008
29,7,7,29,QY0029X0007
29,6,6,29,QY0029X0006
29,5,5,29,QY0029X0005
29,4,4,29,QY0029X0004
29,3,3,29,QY0029X0003
29,2,2,29,QY0029X0002
29,1,1,29,QY0029X0001
29,0,0,29,QY0029X0000
29,-1,-1,29,QY0029X-001
29,-2,-2,29,QY0029X-002
29,-3,-3,29,QY0029X-003
29,-4,-4,29,QY0029X-004
29,-5,-5,29,QY0029X-005
29,-6,-6,29,QY0029X-006
29,-7,-7,29,QY0029X-007
29,-8,-8,29,QY0029X-008
29,-9,-9,29,QY0029X-009
29,-10,-10,29,QY0029X-010
29,-11,-11,29,QY0029X-011
29,-12,-12,29,QY0029X-012
29,-13,-13,29,QY0029X-013
29,-14,-14,29,QY0029X-014
29,-15,-15,29,QY0029X-015
29,-16,-16,29,QY0029X-016
29,-17,-17,29,QY0029X-017
29,-18,-18,29,QY0029X-018
29,-19,-19,29,QY0029X-019
29,-20,-20,29,QY0029X-020
29,-21,-21,29,QY0029X-021
29,-22,-22,29,QY0029X-022
29,-23,-23,29,QY0029X-023
29,-24,-24,29,QY0029X-024
29,-25,-25,29,QY0029X-025
29,-26,-26,29,QY0029X-026
29,-27,-27,29,QY0029X-027
29,-28,-28,29,QY0029X-028
29,-29,-29,29,QY0029X-029
29,-30,-30,29,QY0029X-030
29,-31,-31,29,QY0029X-031
29,-32,-32,29,QY0029X-032
29,-33,-33,29,QY0029X-033
29,-34,-34,29,QY0029X-034
29,-35,-35,29,QY0029X-035
29,-36,-36,29,QY0029X-036
29,-37,-37,29,QY0029X-037
29,-38,-38,29,QY0029X-038
29,-39,-39,29,QY0029X-039
29,-40,-40,29,QY0029X-040
29,-41,-41,29,QY0029X-041
29,-42,-42,29,QY0029X-042
29,-43,-43,29,QY0029X-043
30,-43,-43,30,QY0030X-043
30,-42,-42,30,QY0030X-042
30,-41,-41,30,QY0030X-041
30,-40,-40,30,QY0030X-040
30,-39,-39,30,QY0030X-039
30,-38,-38,30,QY0030X-038
30,-37,-37,30,QY0030X-037
30,-36,-36,30,QY0030X-036
30,-35,-35,30,QY0030X-035
30,-34,-34,30,QY0030X-034
30,-33,-33,30,QY0030X-033
30,-32,-32,30,QY0030X-032
30,-31,-31,30,QY0030X-031
30,-30,-30,30,QY0030X-030
30,-29,-29,30,QY0030X-029
30,-28,-28,30,QY0030X-028
30,-27,-27,30,QY0030X-027
30,-26,-26,30,QY0030X-026
30,-25,-25,30,QY0030X-025
30,-24,-24,30,QY0030X-024
30,-23,-23,30,QY0030X-023
30,-22,-22,30,QY0030X-022
30,-21,-21,30,QY0030X-021
30,-20,-20,30,QY0030X-020
30,-19,-19,30,QY0030X-019
30,-18,-18,30,QY0030X-018
30,-17,-17,30,QY0030X-017
30,-16,-16,30,QY0030X-016
30,-15,-15,30,QY0030X-015
30,-14,-14,30,QY0030X-014
30,-13,-13,30,QY0030X-013
30,-12,-12,30,QY0030X-012
30,-11,-11,30,QY0030X-011
30,-10,-10,30,QY0030X-010
30,-9,-9,30,QY0030X-009
30,-8,-8,30,QY0030X-008
30,-7,-7,30,QY0030X-007
30,-6,-6,30,QY0030X-006
30,-5,-5,30,QY0030X-005
30,-4,-4,30,QY0030X-004
30,-3,-3,30,QY0030X-003
30,-2,-2,30,QY0030X-002
30,-1,-1,30,QY0030X-001
30,0,0,30,QY0030X0000
30,1,1,30,QY0030X0001
30,2,2,30,QY0030X0002
30,3,3,30,QY0030X0003
30,4,4,30,QY0030X0004
30,5,5,30,QY0030X0005
30,6,6,30,QY0030X0006
30,7,7,30,QY0030X0007
30,8,8,30,QY0030X0008
30,9,9,30,QY0030X0009
30,10,10,30,QY0030X0010
30,11,11,30,QY0030X0011
30,12,12,30,QY0030X0012
30,13,13,30,QY0030X0013
30,14,14,30,QY0030X0014
30,15,15,30,QY0030X0015
30,16,16,30,QY0030X0016
30,17,17,30,QY0030X0017
30,18,18,30,QY0030X0018
30,19,19,30,QY0030X0019
30,20,20,30,QY0030X0020
30,21,21,30,QY0030X0021
30,22,22,30,QY0030X0022
30,23,23,30,QY0030X0023
30,24,24,30,QY0030X0024
30,25,25,30,QY0030X0025
30,26,26,30,QY0030X0026
30,27,27,30,QY0030X0027
30,28,28,30,QY0030X0028
30,29,29,30,QY0030X0029
30,30,30,30,QY0030X0030
30,31,31,30,QY0030X0031
30,32,32,30,QY0030X0032
30,33,33,30,QY0030X0033
30,34,34,30,QY0030X0034
30,35,35,30,QY0030X0035
30,36,36,30,QY0030X0036
30,37,37,30,QY0030X0037
30,38,38,30,QY0030X0038
30,39,39,30,QY0030X0039
30,40,40,30,QY0030X0040
30,41,41,30,QY0030X0041
31,41,41,31,QY0031X0041
31,40,40,31,QY0031X0040
31,39,39,31,QY0031X0039
31,38,38,31,QY0031X0038
31,37,37,31,QY0031X0037
31,36,36,31,QY0031X0036
31,35,35,31,QY0031X0035
31,34,34,31,QY0031X0034
31,33,33,31,QY0031X0033
31,32,32,31,QY0031X0032
31,31,31,31,QY0031X0031
31,30,30,31,QY0031X0030
31,29,29,31,QY0031X0029
31,28,28,31,QY0031X0028
31,27,27,31,QY0031X0027
31,26,26,31,QY0031X0026
31,25,25,31,QY0031X0025
31,24,24,31,QY0031X0024
31,23,23,31,QY0031X0023
31,22,22,31,QY0031X0022
31,21,21,31,QY0031X0021
31,20,20,31,QY0031X0020
31,19,19,31,QY0031X0019
31,18,18,31,QY0031X0018
31,17,17,31,QY0031X0017
31,16,16,31,QY0031X0016
31,15,15,31,QY0031X0015
31,14,14,31,QY0031X0014
31,13,13,31,QY0031X0013
31,12,12,31,QY0031X0012
31,11,11,31,QY0031X0011
31,10,10,31,QY0031X0010
31,9,9,31,QY0031X0009
31,8,8,31,QY0031X0008
31,7,7,31,QY0031X0007
31,6,6,31,QY0031X0006
31,5,5,31,QY0031X0005
31,4,4,31,QY0031X0004
31,3,3,31,QY0031X0003
31,2,2,31,QY0031X0002
31,1,1,31,QY0031X0001
31,0,0,31,QY0031X0000
31,-1,-1,31,QY0031X-001
31,-2,-2,31,QY0031X-002
31,-3,-3,31,QY0031X-003
31,-4,-4,31,QY0031X-004
31,-5,-5,31,QY0031X-005
31,-6,-6,31,QY0031X-006
31,-7,-7,31,QY0031X-007
31,-8,-8,31,QY0031X-008
31,-9,-9,31,QY0031X-009
31,-10,-10,31,QY0031X-010
31,-11,-11,31,QY0031X-011
31,-12,-12,31,QY0031X-012
31,-13,-13,31,QY0031X-013
31,-14,-14,31,QY0031X-014
31,-15,-15,31,QY0031X-015
31,-16,-16,31,QY0031X-016
31,-17,-17,31,QY0031X-017
31,-18,-18,31,QY0031X-018
31,-19,-19,31,QY0031X-019
31,-20,-20,31,QY0031X-020
31,-21,-21,31,QY0031X-021
31,-22,-22,31,QY0031X-022
31,-23,-23,31,QY0031X-023
31,-24,-24,31,QY0031X-024
31,-25,-25,31,QY0031X-025
31,-26,-26,31,QY0031X-026
31,-27,-27,31,QY0031X-027
31,-28,-28,31,QY0031X-028
31,-29,-29,31,QY0031X-029
31,-30,-30,31,QY0031X-030
31,-31,-31,31,QY0031X-031
31,-32,-32,31,QY0031X-032
31,-33,-33,31,QY0031X-033
31,-34,-34,31,QY0031X-034
31,-35,-35,31,QY0031X-035
31,-36,-36,31,QY0031X-036
31,-37,-37,31,QY0031X-037
31,-38,-38,31,QY0031X-038
31,-39,-39,31,QY0031X-039
31,-40,-40,31,QY0031X-040
31,-41,-41,31,QY0031X-041
31,-42,-42,31,QY0031X-042
31,-43,-43,31,QY0031X-043
32,-43,-43,32,QY0032X-043
32,-42,-42,32,QY0032X-042
32,-41,-41,32,QY0032X-041
32,-40,-40,32,QY0032X-040
32,-39,-39,32,QY0032X-039
32,-38,-38,32,QY0032X-038
32,-37,-37,32,QY0032X-037
32,-36,-36,32,QY0032X-036
32,-35,-35,32,QY0032X-035
32,-34,-34,32,QY0032X-034
32,-33,-33,32,QY0032X-033
32,-32,-32,32,QY0032X-032
32,-31,-31,32,QY0032X-031
32,-30,-30,32,QY0032X-030
32,-29,-29,32,QY0032X-029
32,-28,-28,32,QY0032X-028
32,-27,-27,32,QY0032X-027
32,-26,-26,32,QY0032X-026
32,-25,-25,32,QY0032X-025
32,-24,-24,32,QY0032X-024
32,-23,-23,32,QY0032X-023
32,-22,-22,32,QY0032X-022
32,-21,-21,32,QY0032X-021
32,-20,-20,32,QY0032X-020
32,-19,-19,32,QY0032X-019
32,-18,-18,32,QY0032X-018
32,-17,-17,32,QY0032X-017
32,-16,-16,32,QY0032X-016
32,-15,-15,32,QY0032X-015
32,-14,-14,32,QY0032X-014
32,-13,-13,32,QY0032X-013
32,-12,-12,32,QY0032X-012
32,-11,-11,32,QY0032X-011
32,-10,-10,32,QY0032X-010
32,-9,-9,32,QY0032X-009
32,-8,-8,32,QY0032X-008
32,-7,-7,32,QY0032X-007
32,-6,-6,32,QY0032X-006
32,-5,-5,32,QY0032X-005
32,-4,-4,32,QY0032X-004
32,-3,-3,32,QY0032X-003
32,-2,-2,32,QY0032X-002
32,-1,-1,32,QY0032X-001
32,0,0,32,QY0032X0000
32,1,1,32,QY0032X0001
32,2,2,32,QY0032X0002
32,3,3,32,QY0032X0003
32,4,4,32,QY0032X0004
32,5,5,32,QY0032X0005
32,6,6,32,QY0032X0006
32,7,7,32,QY0032X0007
32,8,8,32,QY0032X0008
32,9,9,32,QY0032X0009
32,10,10,32,QY0032X0010
32,11,11,32,QY0032X0011
32,12,12,32,QY0032X0012
32,13,13,32,QY0032X0013
32,14,14,32,QY0032X0014
32,15,15,32,QY0032X0015
32,16,16,32,QY0032X0016
32,17,17,32,QY0032X0017
32,18,18,32,QY0032X0018
32,19,19,32,QY0032X0019
32,20,20,32,QY0032X0020
32,21,21,32,QY0032X0021
32,22,22,32,QY0032X0022
32,23,23,32,QY0032X0023
32,24,24,32,QY0032X0024
32,25,25,32,QY0032X0025
32,26,26,32,QY0032X0026
32,27,27,32,QY0032X0027
32,28,28,32,QY0032X0028
32,29,29,32,QY0032X0029
32,30,30,32,QY0032X0030
32,31,31,32,QY0032X0031
32,32,32,32,QY0032X0032
32,33,33,32,QY0032X0033
32,34,34,32,QY0032X0034
32,35,35,32,QY0032X0035
32,36,36,32,QY0032X0036
32,37,37,32,QY0032X0037
32,38,38,32,QY0032X0038
32,39,39,32,QY0032X0039
32,40,40,32,QY0032X0040
32,41,41,32,QY0032X0041
33,41,41,33,QY0033X0041
33,40,40,33,QY0033X0040
33,39,39,33,QY0033X0039
33,38,38,33,QY0033X0038
33,37,37,33,QY0033X0037
33,36,36,33,QY0033X0036
33,35,35,33,QY0033X0035
33,34,34,33,QY0033X0034
33,33,33,33,QY0033X0033
33,32,32,33,QY0033X0032
33,31,31,33,QY0033X0031
33,30,30,33,QY0033X0030
33,29,29,33,QY0033X0029
33,28,28,33,QY0033X0028
33,27,27,33,QY0033X0027
33,26,26,33,QY0033X0026
33,25,25,33,QY0033X0025
33,24,24,33,QY0033X0024
33,23,23,33,QY0033X0023
33,22,22,33,QY0033X0022
33,21,21,33,QY0033X0021
33,20,20,33,QY0033X0020
33,19,19,33,QY0033X0019
33,18,18,33,QY0033X0018
33,17,17,33,QY0033X0017
33,16,16,33,QY0033X0016
33,15,15,33,QY0033X0015
33,14,14,33,QY0033X0014
33,13,13,33,QY0033X0013
33,12,12,33,QY0033X0012
33,11,11,33,QY0033X0011
33,10,10,33,QY0033X0010
33,9,9,33,QY0033X0009
33,8,8,33,QY0033X0008
33,7,7,33,QY0033X0007
33,6,6,33,QY0033X0006
33,5,5,33,QY0033X0005
33,4,4,33,QY0033X0004
33,3,3,33,QY0033X0003
33,2,2,33,QY0033X0002
33,1,1,33,QY0033X0001
33,0,0,33,QY0033X0000
33,-1,-1,33,QY0033X-001
33,-2,-2,33,QY0033X-002
33,-3,-3,33,QY0033X-003
33,-4,-4,33,QY0033X-004
33,-5,-5,33,QY0033X-005
33,-6,-6,33,QY0033X-006
33,-7,-7,33,QY0033X-007
33,-8,-8,33,QY0033X-008
33,-9,-9,33,QY0033X-009
33,-10,-10,33,QY0033X-010
33,-11,-11,33,QY0033X-011
33,-12,-12,33,QY0033X-012
33,-13,-13,33,QY0033X-013
33,-14,-14,33,QY0033X-014
33,-15,-15,33,QY0033X-015
33,-16,-16,33,QY0033X-016
33,-17,-17,33,QY0033X-017
33,-18,-18,33,QY0033X-018
33,-19,-19,33,QY0033X-019
33,-20,-20,33,QY0033X-020
33,-21,-21,33,QY0033X-021
33,-22,-22,33,QY0033X-022
33,-23,-23,33,QY0033X-023
33,-24,-24,33,QY0033X-024
33,-25,-25,33,QY0033X-025
33,-26,-26,33,QY0033X-026
33,-27,-27,33,QY0033X-027
33,-28,-28,33,QY0033X-028
33,-29,-29,33,QY0033X-029
33,-30,-30,33,QY0033X-030
33,-31,-31,33,QY0033X-031
33,-32,-32,33,QY0033X-032
33,-33,-33,33,QY0033X-033
33,-34,-34,33,QY0033X-034
33,-35,-35,33,QY0033X-035
33,-36,-36,33,QY0033X-036
33,-37,-37,33,QY0033X-037
33,-38,-38,33,QY0033X-038
33,-39,-39,33,QY0033X-039
33,-40,-40,33,QY0033X-040
33,-41,-41,33,QY0033X-041
33,-42,-42,33,QY0033X-042
33,-43,-43,33,QY0033X-043
34,-43,-43,34,QY0034X-043
34,-42,-42,34,QY0034X-042
34,-41,-41,34,QY0034X-041
34,-40,-40,34,QY0034X-040
34,-39,-39,34,QY0034X-039
34,-38,-38,34,QY0034X-038
34,-37,-37,34,QY0034X-037
34,-36,-36,34,QY0034X-036
34,-35,-35,34,QY0034X-035
34,-34,-34,34,QY0034X-034
34,-33,-33,34,QY0034X-033
34,-32,-32,34,QY0034X-032
34,-31,-31,34,QY0034X-031
34,-30,-30,34,QY0034X-030
34,-29,-29,34,QY0034X-029
34,-28,-28,34,QY0034X-028
34,-27,-27,34,QY0034X-027
34,-26,-26,34,QY0034X-026
34,-25,-25,34,QY0034X-025
34,-24,-24,34,QY0034X-024
34,-23,-23,34,QY0034X-023
34,-22,-22,34,QY0034X-022
34,-21,-21,34,QY0034X-021
34,-20,-20,34,QY0034X-020
34,-19,-19,34,QY0034X-019
34,-18,-18,34,QY0034X-018
34,-17,-17,34,QY0034X-017
34,-16,-16,34,QY0034X-016
34,-15,-15,34,QY0034X-015
34,-14,-14,34,QY0034X-014
34,-13,-13,34,QY0034X-013
34,-12,-12,34,QY0034X-012
34,-11,-11,34,QY0034X-011
34,-10,-10,34,QY0034X-010
34,-9,-9,34,QY0034X-009
34,-8,-8,34,QY0034X-008
34,-7,-7,34,QY0034X-007
34,-6,-6,34,QY0034X-006
34,-5,-5,34,QY0034X-005
34,-4,-4,34,QY0034X-004
34,-3,-3,34,QY0034X-003
34,-2,-2,34,QY0034X-002
34,-1,-1,34,QY0034X-001
34,0,0,34,QY0034X0000
34,1,1,34,QY0034X0001
34,2,2,34,QY0034X0002
34,3,3,34,QY0034X0003
34,4,4,34,QY0034X0004
34,5,5,34,QY0034X0005
34,6,6,34,QY0034X0006
34,7,7,34,QY0034X0007
34,8,8,34,QY0034X0008
34,9,9,34,QY0034X0009
34,10,10,34,QY0034X0010
34,11,11,34,QY0034X0011
34,12,12,34,QY0034X0012
34,13,13,34,QY0034X0013
34,14,14,34,QY0034X0014
34,15,15,34,QY0034X0015
34,16,16,34,QY0034X0016
34,17,17,34,QY0034X0017
34,18,18,34,QY0034X0018
34,19,19,34,QY0034X0019
34,20,20,34,QY0034X0020
34,21,21,34,QY0034X0021
34,22,22,34,QY0034X0022
34,23,23,34,QY0034X0023
34,24,24,34,QY0034X0024
34,25,25,34,QY0034X0025
34,26,26,34,QY0034X0026
34,27,27,34,QY0034X0027
34,28,28,34,QY0034X0028
34,29,29,34,QY0034X0029
34,30,30,34,QY0034X0030
34,31,31,34,QY0034X0031
34,32,32,34,QY0034X0032
34,33,33,34,QY0034X0033
34,34,34,34,QY0034X0034
34,35,35,34,QY0034X0035
34,36,36,34,QY0034X0036
34,37,37,34,QY0034X0037
34,38,38,34,QY0034X0038
34,39,39,34,QY0034X0039
34,40,40,34,QY0034X0040
34,41,41,34,QY0034X0041
35,36,36,35,QY0035X0036
35,35,35,35,QY0035X0035
35,34,34,35,QY0035X0034
35,33,33,35,QY0035X0033
35,32,32,35,QY0035X0032
35,31,31,35,QY0035X0031
35,30,30,35,QY0035X0030
35,29,29,35,QY0035X0029
35,28,28,35,QY0035X0028
35,27,27,35,QY0035X0027
35,26,26,35,QY0035X0026
35,25,25,35,QY0035X0025
35,24,24,35,QY0035X0024
35,23,23,35,QY0035X0023
35,22,22,35,QY0035X0022
35,21,21,35,QY0035X0021
35,20,20,35,QY0035X0020
35,19,19,35,QY0035X0019
35,18,18,35,QY0035X0018
35,17,17,35,QY0035X0017
35,16,16,35,QY0035X0016
35,15,15,35,QY0035X0015
35,14,14,35,QY0035X0014
35,13,13,35,QY0035X0013
35,12,12,35,QY0035X0012
35,11,11,35,QY0035X0011
35,10,10,35,QY0035X0010
35,9,9,35,QY0035X0009
35,8,8,35,QY0035X0008
35,7,7,35,QY0035X0007
35,6,6,35,QY0035X0006
35,5,5,35,QY0035X0005
35,4,4,35,QY0035X0004
35,3,3,35,QY0035X0003
35,2,2,35,QY0035X0002
35,1,1,35,QY0035X0001
35,0,0,35,QY0035X0000
35,-1,-1,35,QY0035X-001
35,-2,-2,35,QY0035X-002
35,-3,-3,35,QY0035X-003
35,-4,-4,35,QY0035X-004
35,-5,-5,35,QY0035X-005
35,-6,-6,35,QY0035X-006
35,-7,-7,35,QY0035X-007
35,-8,-8,35,QY0035X-008
35,-9,-9,35,QY0035X-009
35,-10,-10,35,QY0035X-010
35,-11,-11,35,QY0035X-011
35,-12,-12,35,QY0035X-012
35,-13,-13,35,QY0035X-013
35,-14,-14,35,QY0035X-014
35,-15,-15,35,QY0035X-015
35,-16,-16,35,QY0035X-016
35,-17,-17,35,QY0035X-017
35,-18,-18,35,QY0035X-018
35,-19,-19,35,QY0035X-019
35,-20,-20,35,QY0035X-020
35,-21,-21,35,QY0035X-021
35,-22,-22,35,QY0035X-022
35,-23,-23,35,QY0035X-023
35,-24,-24,35,QY0035X-024
35,-25,-25,35,QY0035X-025
35,-26,-26,35,QY0035X-026
35,-27,-27,35,QY0035X-027
35,-28,-28,35,QY0035X-028
35,-29,-29,35,QY0035X-029
35,-30,-30,35,QY0035X-030
35,-31,-31,35,QY0035X-031
35,-32,-32,35,QY0035X-032
35,-33,-33,35,QY0035X-033
35,-34,-34,35,QY0035X-034
35,-35,-35,35,QY0035X-035
35,-36,-36,35,QY0035X-036
35,-37,-37,35,QY0035X-037
35,-38,-38,35,QY0035X-038
36,-38,-38,36,QY0036X-038
36,-37,-37,36,QY0036X-037
36,-36,-36,36,QY0036X-036
36,-35,-35,36,QY0036X-035
36,-34,-34,36,QY0036X-034
36,-33,-33,36,QY0036X-033
36,-32,-32,36,QY0036X-032
36,-31,-31,36,QY0036X-031
36,-30,-30,36,QY0036X-030
36,-29,-29,36,QY0036X-029
36,-28,-28,36,QY0036X-028
36,-27,-27,36,QY0036X-027
36,-26,-26,36,QY0036X-026
36,-25,-25,36,QY0036X-025
36,-24,-24,36,QY0036X-024
36,-23,-23,36,QY0036X-023
36,-22,-22,36,QY0036X-022
36,-21,-21,36,QY0036X-021
36,-20,-20,36,QY0036X-020
36,-19,-19,36,QY0036X-019
36,-18,-18,36,QY0036X-018
36,-17,-17,36,QY0036X-017
36,-16,-16,36,QY0036X-016
36,-15,-15,36,QY0036X-015
36,-14,-14,36,QY0036X-014
36,-13,-13,36,QY0036X-013
36,-12,-12,36,QY0036X-012
36,-11,-11,36,QY0036X-011
36,-10,-10,36,QY0036X-010
36,-9,-9,36,QY0036X-009
36,-8,-8,36,QY0036X-008
36,-7,-7,36,QY0036X-007
36,-6,-6,36,QY0036X-006
36,-5,-5,36,QY0036X-005
36,-4,-4,36,QY0036X-004
36,-3,-3,36,QY0036X-003
36,-2,-2,36,QY0036X-002
36,-1,-1,36,QY0036X-001
36,0,0,36,QY0036X0000
36,1,1,36,QY0036X0001
36,2,2,36,QY0036X0002
36,3,3,36,QY0036X0003
36,4,4,36,QY0036X0004
36,5,5,36,QY0036X0005
36,6,6,36,QY0036X0006
36,7,7,36,QY0036X0007
36,8,8,36,QY0036X0008
36,9,9,36,QY0036X0009
36,10,10,36,QY0036X0010
36,11,11,36,QY0036X0011
36,12,12,36,QY0036X0012
36,13,13,36,QY0036X0013
36,14,14,36,QY0036X0014
36,15,15,36,QY0036X0015
36,16,16,36,QY0036X0016
36,17,17,36,QY0036X0017
36,18,18,36,QY0036X0018
36,19,19,36,QY0036X0019
36,20,20,36,QY0036X0020
36,21,21,36,QY0036X0021
36,22,22,36,QY0036X0022
36,23,23,36,QY0036X0023
36,24,24,36,QY0036X0024
36,25,25,36,QY0036X0025
36,26,26,36,QY0036X0026
36,27,27,36,QY0036X0027
36,28,28,36,QY0036X0028
36,29,29,36,QY0036X0029
36,30,30,36,QY0036X0030
36,31,31,36,QY0036X0031
36,32,32,36,QY0036X0032
36,33,33,36,QY0036X0033
36,34,34,36,QY0036X0034
36,35,35,36,QY0036X0035
36,36,36,36,QY0036X0036
37,36,36,37,QY0037X0036
37,35,35,37,QY0037X0035
37,34,34,37,QY0037X0034
37,33,33,37,QY0037X0033
37,32,32,37,QY0037X0032
37,31,31,37,QY0037X0031
37,30,30,37,QY0037X0030
37,29,29,37,QY0037X0029
37,28,28,37,QY0037X0028
37,27,27,37,QY0037X0027
37,26,26,37,QY0037X0026
37,25,25,37,QY0037X0025
37,24,24,37,QY0037X0024
37,23,23,37,QY0037X0023
37,22,22,37,QY0037X0022
37,21,21,37,QY0037X0021
37,20,20,37,QY0037X0020
37,19,19,37,QY0037X0019
37,18,18,37,QY0037X0018
37,17,17,37,QY0037X0017
37,16,16,37,QY0037X0016
37,15,15,37,QY0037X0015
37,14,14,37,QY0037X0014
37,13,13,37,QY0037X0013
37,12,12,37,QY0037X0012
37,11,11,37,QY0037X0011
37,10,10,37,QY0037X0010
37,9,9,37,QY0037X0009
37,8,8,37,QY0037X0008
37,7,7,37,QY0037X0007
37,6,6,37,QY0037X0006
37,5,5,37,QY0037X0005
37,4,4,37,QY0037X0004
37,3,3,37,QY0037X0003
37,2,2,37,QY0037X0002
37,1,1,37,QY0037X0001
37,0,0,37,QY0037X0000
37,-1,-1,37,QY0037X-001
37,-2,-2,37,QY0037X-002
37,-3,-3,37,QY0037X-003
37,-4,-4,37,QY0037X-004
37,-5,-5,37,QY0037X-005
37,-6,-6,37,QY0037X-006
37,-7,-7,37,QY0037X-007
37,-8,-8,37,QY0037X-008
37,-9,-9,37,QY0037X-009
37,-10,-10,37,QY0037X-010
37,-11,-11,37,QY0037X-011
37,-12,-12,37,QY0037X-012
37,-13,-13,37,QY0037X-013
37,-14,-14,37,QY0037X-014
37,-15,-15,37,QY0037X-015
37,-16,-16,37,QY0037X-016
37,-17,-17,37,QY0037X-017
37,-18,-18,37,QY0037X-018
37,-19,-19,37,QY0037X-019
37,-20,-20,37,QY0037X-020
37,-21,-21,37,QY0037X-021
37,-22,-22,37,QY0037X-022
37,-23,-23,37,QY0037X-023
37,-24,-24,37,QY0037X-024
37,-25,-25,37,QY0037X-025
37,-26,-26,37,QY0037X-026
37,-27,-27,37,QY0037X-027
37,-28,-28,37,QY0037X-028
37,-29,-29,37,QY0037X-029
37,-30,-30,37,QY0037X-030
37,-31,-31,37,QY0037X-031
37,-32,-32,37,QY0037X-032
37,-33,-33,37,QY0037X-033
37,-34,-34,37,QY0037X-034
37,-35,-35,37,QY0037X-035
37,-36,-36,37,QY0037X-036
37,-37,-37,37,QY0037X-037
37,-38,-38,37,QY0037X-038
38,-38,-38,38,QY0038X-038
38,-37,-37,38,QY0038X-037
38,-36,-36,38,QY0038X-036
38,-35,-35,38,QY0038X-035
38,-34,-34,38,QY0038X-034
38,-33,-33,38,QY0038X-033
38,-32,-32,38,QY0038X-032
38,-31,-31,38,QY0038X-031
38,-30,-30,38,QY0038X-030
38,-29,-29,38,QY0038X-029
38,-28,-28,38,QY0038X-028
38,-27,-27,38,QY0038X-027
38,-26,-26,38,QY0038X-026
38,-25,-25,38,QY0038X-025
38,-24,-24,38,QY0038X-024
38,-23,-23,38,QY0038X-023
38,-22,-22,38,QY0038X-022
38,-21,-21,38,QY0038X-021
38,-20,-20,38,QY0038X-020
38,-19,-19,38,QY0038X-019
38,-18,-18,38,QY0038X-018
38,-17,-17,38,QY0038X-017
38,-16,-16,38,QY0038X-016
38,-15,-15,38,QY0038X-015
38,-14,-14,38,QY0038X-014
38,-13,-13,38,QY0038X-013
38,-12,-12,38,QY0038X-012
38,-11,-11,38,QY0038X-011
38,-10,-10,38,QY0038X-010
38,-9,-9,38,QY0038X-009
38,-8,-8,38,QY0038X-008
38,-7,-7,38,QY0038X-007
38,-6,-6,38,QY0038X-006
38,-5,-5,38,QY0038X-005
38,-4,-4,38,QY0038X-004
38,-3,-3,38,QY0038X-003
38,-2,-2,38,QY0038X-002
38,-1,-1,38,QY0038X-001
38,0,0,38,QY0038X0000
38,1,1,38,QY0038X0001
38,2,2,38,QY0038X0002
38,3,3,38,QY0038X0003
38,4,4,38,QY0038X0004
38,5,5,38,QY0038X0005
38,6,6,38,QY0038X0006
38,7,7,38,QY0038X0007
38,8,8,38,QY0038X0008
38,9,9,38,QY0038X0009
38,10,10,38,QY0038X0010
38,11,11,38,QY0038X0011
38,12,12,38,QY0038X0012
38,13,13,38,QY0038X0013
38,14,14,38,QY0038X0014
38,15,15,38,QY0038X0015
38,16,16,38,QY0038X0016
38,17,17,38,QY0038X0017
38,18,18,38,QY0038X0018
38,19,19,38,QY0038X0019
38,20,20,38,QY0038X0020
38,21,21,38,QY0038X0021
38,22,22,38,QY0038X0022
38,23,23,38,QY0038X0023
38,24,24,38,QY0038X0024
38,25,25,38,QY0038X0025
38,26,26,38,QY0038X0026
38,27,27,38,QY0038X0027
38,28,28,38,QY0038X0028
38,29,29,38,QY0038X0029
38,30,30,38,QY0038X0030
38,31,31,38,QY0038X0031
38,32,32,38,QY0038X0032
38,33,33,38,QY0038X0033
38,34,34,38,QY0038X0034
38,35,35,38,QY0038X0035
38,36,36,38,QY0038X0036
39,36,36,39,QY0039X0036
39,35,35,39,QY0039X0035
39,34,34,39,QY0039X0034
39,33,33,39,QY0039X0033
39,32,32,39,QY0039X0032
39,31,31,39,QY0039X0031
39,30,30,39,QY0039X0030
39,29,29,39,QY0039X0029
39,28,28,39,QY0039X0028
39,27,27,39,QY0039X0027
39,26,26,39,QY0039X0026
39,25,25,39,QY0039X0025
39,24,24,39,QY0039X0024
39,23,23,39,QY0039X0023
39,22,22,39,QY0039X0022
39,21,21,39,QY0039X0021
39,20,20,39,QY0039X0020
39,19,19,39,QY0039X0019
39,18,18,39,QY0039X0018
39,17,17,39,QY0039X0017
39,16,16,39,QY0039X0016
39,15,15,39,QY0039X0015
39,14,14,39,QY0039X0014
39,13,13,39,QY0039X0013
39,12,12,39,QY0039X0012
39,11,11,39,QY0039X0011
39,10,10,39,QY0039X0010
39,9,9,39,QY0039X0009
39,8,8,39,QY0039X0008
39,7,7,39,QY0039X0007
39,6,6,39,QY0039X0006
39,5,5,39,QY0039X0005
39,4,4,39,QY0039X0004
39,3,3,39,QY0039X0003
39,2,2,39,QY0039X0002
39,1,1,39,QY0039X0001
39,0,0,39,QY0039X0000
39,-1,-1,39,QY0039X-001
39,-2,-2,39,QY0039X-002
39,-3,-3,39,QY0039X-003
39,-4,-4,39,QY0039X-004
39,-5,-5,39,QY0039X-005
39,-6,-6,39,QY0039X-006
39,-7,-7,39,QY0039X-007
39,-8,-8,39,QY0039X-008
39,-9,-9,39,QY0039X-009
39,-10,-10,39,QY0039X-010
39,-11,-11,39,QY0039X-011
39,-12,-12,39,QY0039X-012
39,-13,-13,39,QY0039X-013
39,-14,-14,39,QY0039X-014
39,-15,-15,39,QY0039X-015
39,-16,-16,39,QY0039X-016
39,-17,-17,39,QY0039X-017
39,-18,-18,39,QY0039X-018
39,-19,-19,39,QY0039X-019
39,-20,-20,39,QY0039X-020
39,-21,-21,39,QY0039X-021
39,-22,-22,39,QY0039X-022
39,-23,-23,39,QY0039X-023
39,-24,-24,39,QY0039X-024
39,-25,-25,39,QY0039X-025
39,-26,-26,39,QY0039X-026
39,-27,-27,39,QY0039X-027
39,-28,-28,39,QY0039X-028
39,-29,-29,39,QY0039X-029
39,-30,-30,39,QY0039X-030
39,-31,-31,39,QY0039X-031
39,-32,-32,39,QY0039X-032
39,-33,-33,39,QY0039X-033
39,-34,-34,39,QY0039X-034
39,-35,-35,39,QY0039X-035
39,-36,-36,39,QY0039X-036
39,-37,-37,39,QY0039X-037
39,-38,-38,39,QY0039X-038
40,-33,-33,40,QY0040X-033
40,-32,-32,40,QY0040X-032
40,-31,-31,40,QY0040X-031
40,-30,-30,40,QY0040X-030
40,-29,-29,40,QY0040X-029
40,-28,-28,40,QY0040X-028
40,-27,-27,40,QY0040X-027
40,-26,-26,40,QY0040X-026
40,-25,-25,40,QY0040X-025
40,-24,-24,40,QY0040X-024
40,-23,-23,40,QY0040X-023
40,-22,-22,40,QY0040X-022
40,-21,-21,40,QY0040X-021
40,-20,-20,40,QY0040X-020
40,-19,-19,40,QY0040X-019
40,-18,-18,40,QY0040X-018
40,-17,-17,40,QY0040X-017
40,-16,-16,40,QY0040X-016
40,-15,-15,40,QY0040X-015
40,-14,-14,40,QY0040X-014
40,-13,-13,40,QY0040X-013
40,-12,-12,40,QY0040X-012
40,-11,-11,40,QY0040X-011
40,-10,-10,40,QY0040X-010
40,-9,-9,40,QY0040X-009
40,-8,-8,40,QY0040X-008
40,-7,-7,40,QY0040X-007
40,-6,-6,40,QY0040X-006
40,-5,-5,40,QY0040X-005
40,-4,-4,40,QY0040X-004
40,-3,-3,40,QY0040X-003
40,-2,-2,40,QY0040X-002
40,-1,-1,40,QY0040X-001
40,0,0,40,QY0040X0000
40,1,1,40,QY0040X0001
40,2,2,40,QY0040X0002
40,3,3,40,QY0040X0003
40,4,4,40,QY0040X0004
40,5,5,40,QY0040X0005
40,6,6,40,QY0040X0006
40,7,7,40,QY0040X0007
40,8,8,40,QY0040X0008
40,9,9,40,QY0040X0009
40,10,10,40,QY0040X0010
40,11,11,40,QY0040X0011
40,12,12,40,QY0040X0012
40,13,13,40,QY0040X0013
40,14,14,40,QY0040X0014
40,15,15,40,QY0040X0015
40,16,16,40,QY0040X0016
40,17,17,40,QY0040X0017
40,18,18,40,QY0040X0018
40,19,19,40,QY0040X0019
40,20,20,40,QY0040X0020
40,21,21,40,QY0040X0021
40,22,22,40,QY0040X0022
40,23,23,40,QY0040X0023
40,24,24,40,QY0040X0024
40,25,25,40,QY0040X0025
40,26,26,40,QY0040X0026
40,27,27,40,QY0040X0027
40,28,28,40,QY0040X0028
40,29,29,40,QY0040X0029
40,30,30,40,QY0040X0030
40,31,31,40,QY0040X0031
41,31,31,41,QY0041X0031
41,30,30,41,QY0041X0030
41,29,29,41,QY0041X0029
41,28,28,41,QY0041X0028
41,27,27,41,QY0041X0027
41,26,26,41,QY0041X0026
41,25,25,41,QY0041X0025
41,24,24,41,QY0041X0024
41,23,23,41,QY0041X0023
41,22,22,41,QY0041X0022
41,21,21,41,QY0041X0021
41,20,20,41,QY0041X0020
41,19,19,41,QY0041X0019
41,18,18,41,QY0041X0018
41,17,17,41,QY0041X0017
41,16,16,41,QY0041X0016
41,15,15,41,QY0041X0015
41,14,14,41,QY0041X0014
41,13,13,41,QY0041X0013
41,12,12,41,QY0041X0012
41,11,11,41,QY0041X0011
41,10,10,41,QY0041X0010
41,9,9,41,QY0041X0009
41,8,8,41,QY0041X0008
41,7,7,41,QY0041X0007
41,6,6,41,QY0041X0006
41,5,5,41,QY0041X0005
41,4,4,41,QY0041X0004
41,3,3,41,QY0041X0003
41,2,2,41,QY0041X0002
41,1,1,41,QY0041X0001
41,0,0,41,QY0041X0000
41,-1,-1,41,QY0041X-001
41,-2,-2,41,QY0041X-002
41,-3,-3,41,QY0041X-003
41,-4,-4,41,QY0041X-004
41,-5,-5,41,QY0041X-005
41,-6,-6,41,QY0041X-006
41,-7,-7,41,QY0041X-007
41,-8,-8,41,QY0041X-008
41,-9,-9,41,QY0041X-009
41,-10,-10,41,QY0041X-010
41,-11,-11,41,QY0041X-011
41,-12,-12,41,QY0041X-012
41,-13,-13,41,QY0041X-013
41,-14,-14,41,QY0041X-014
41,-15,-15,41,QY0041X-015
41,-16,-16,41,QY0041X-016
41,-17,-17,41,QY0041X-017
41,-18,-18,41,QY0041X-018
41,-19,-19,41,QY0041X-019
41,-20,-20,41,QY0041X-020
41,-21,-21,41,QY0041X-021
41,-22,-22,41,QY0041X-022
41,-23,-23,41,QY0041X-023
41,-24,-24,41,QY0041X-024
41,-25,-25,41,QY0041X-025
41,-26,-26,41,QY0041X-026
41,-27,-27,41,QY0041X-027
41,-28,-28,41,QY0041X-028
41,-29,-29,41,QY0041X-029
41,-30,-30,41,QY0041X-030
41,-31,-31,41,QY0041X-031
41,-32,-32,41,QY0041X-032
41,-33,-33,41,QY0041X-033
42,-33,-33,42,QY0042X-033
42,-32,-32,42,QY0042X-032
42,-31,-31,42,QY0042X-031
42,-30,-30,42,QY0042X-030
42,-29,-29,42,QY0042X-029
42,-28,-28,42,QY0042X-028
42,-27,-27,42,QY0042X-027
42,-26,-26,42,QY0042X-026
42,-25,-25,42,QY0042X-025
42,-24,-24,42,QY0042X-024
42,-23,-23,42,QY0042X-023
42,-22,-22,42,QY0042X-022
42,-21,-21,42,QY0042X-021
42,-20,-20,42,QY0042X-020
42,-19,-19,42,QY0042X-019
42,-18,-18,42,QY0042X-018
42,-17,-17,42,QY0042X-017
42,-16,-16,42,QY0042X-016
42,-15,-15,42,QY0042X-015
42,-14,-14,42,QY0042X-014
42,-13,-13,42,QY0042X-013
42,-12,-12,42,QY0042X-012
42,-11,-11,42,QY0042X-011
42,-10,-10,42,QY0042X-010
42,-9,-9,42,QY0042X-009
42,-8,-8,42,QY0042X-008
42,-7,-7,42,QY0042X-007
42,-6,-6,42,QY0042X-006
42,-5,-5,42,QY0042X-005
42,-4,-4,42,QY0042X-004
42,-3,-3,42,QY0042X-003
42,-2,-2,42,QY0042X-002
42,-1,-1,42,QY0042X-001
42,0,0,42,QY0042X0000
42,1,1,42,QY0042X0001
42,2,2,42,QY0042X0002
42,3,3,42,QY0042X0003
42,4,4,42,QY0042X0004
42,5,5,42,QY0042X0005
42,6,6,42,QY0042X0006
42,7,7,42,QY0042X0007
42,8,8,42,QY0042X0008
42,9,9,42,QY0042X0009
42,10,10,42,QY0042X0010
42,11,11,42,QY0042X0011
42,12,12,42,QY0042X0012
42,13,13,42,QY0042X0013
42,14,14,42,QY0042X0014
42,15,15,42,QY0042X0015
42,16,16,42,QY0042X0016
42,17,17,42,QY0042X0017
42,18,18,42,QY0042X0018
42,19,19,42,QY0042X0019
42,20,20,42,QY0042X0020
42,21,21,42,QY0042X0021
42,22,22,42,QY0042X0022
42,23,23,42,QY0042X0023
42,24,24,42,QY0042X0024
42,25,25,42,QY0042X0025
42,26,26,42,QY0042X0026
42,27,27,42,QY0042X0027
42,28,28,42,QY0042X0028
42,29,29,42,QY0042X0029
42,30,30,42,QY0042X0030
42,31,31,42,QY0042X0031
43,31,31,43,QY0043X0031
43,30,30,43,QY0043X0030
43,29,29,43,QY0043X0029
43,28,28,43,QY0043X0028
43,27,27,43,QY0043X0027
43,26,26,43,QY0043X0026
43,25,25,43,QY0043X0025
43,24,24,43,QY0043X0024
43,23,23,43,QY0043X0023
43,22,22,43,QY0043X0022
43,21,21,43,QY0043X0021
43,20,20,43,QY0043X0020
43,19,19,43,QY0043X0019
43,18,18,43,QY0043X0018
43,17,17,43,QY0043X0017
43,16,16,43,QY0043X0016
43,15,15,43,QY0043X0015
43,14,14,43,QY0043X0014
43,13,13,43,QY0043X0013
43,12,12,43,QY0043X0012
43,11,11,43,QY0043X0011
43,10,10,43,QY0043X0010
43,9,9,43,QY0043X0009
43,8,8,43,QY0043X0008
43,7,7,43,QY0043X0007
43,6,6,43,QY0043X0006
43,5,5,43,QY0043X0005
43,4,4,43,QY0043X0004
43,3,3,43,QY0043X0003
43,2,2,43,QY0043X0002
43,1,1,43,QY0043X0001
43,0,0,43,QY0043X0000
43,-1,-1,43,QY0043X-001
43,-2,-2,43,QY0043X-002
43,-3,-3,43,QY0043X-003
43,-4,-4,43,QY0043X-004
43,-5,-5,43,QY0043X-005
43,-6,-6,43,QY0043X-006
43,-7,-7,43,QY0043X-007
43,-8,-8,43,QY0043X-008
43,-9,-9,43,QY0043X-009
43,-10,-10,43,QY0043X-010
43,-11,-11,43,QY0043X-011
43,-12,-12,43,QY0043X-012
43,-13,-13,43,QY0043X-013
43,-14,-14,43,QY0043X-014
43,-15,-15,43,QY0043X-015
43,-16,-16,43,QY0043X-016
43,-17,-17,43,QY0043X-017
43,-18,-18,43,QY0043X-018
43,-19,-19,43,QY0043X-019
43,-20,-20,43,QY0043X-020
43,-21,-21,43,QY0043X-021
43,-22,-22,43,QY0043X-022
43,-23,-23,43,QY0043X-023
43,-24,-24,43,QY0043X-024
43,-25,-25,43,QY0043X-025
43,-26,-26,43,QY0043X-026
43,-27,-27,43,QY0043X-027
43,-28,-28,43,QY0043X-028
43,-29,-29,43,QY0043X-029
43,-30,-30,43,QY0043X-030
43,-31,-31,43,QY0043X-031
43,-32,-32,43,QY0043X-032
43,-33,-33,43,QY0043X-033
44,-33,-33,44,QY0044X-033
44,-32,-32,44,QY0044X-032
44,-31,-31,44,QY0044X-031
44,-30,-30,44,QY0044X-030
44,-29,-29,44,QY0044X-029
44,-28,-28,44,QY0044X-028
44,-27,-27,44,QY0044X-027
44,-26,-26,44,QY0044X-026
44,-25,-25,44,QY0044X-025
44,-24,-24,44,QY0044X-024
44,-23,-23,44,QY0044X-023
44,-22,-22,44,QY0044X-022
44,-21,-21,44,QY0044X-021
44,-20,-20,44,QY0044X-020
44,-19,-19,44,QY0044X-019
44,-18,-18,44,QY0044X-018
44,-17,-17,44,QY0044X-017
44,-16,-16,44,QY0044X-016
44,-15,-15,44,QY0044X-015
44,-14,-14,44,QY0044X-014
44,-13,-13,44,QY0044X-013
44,-12,-12,44,QY0044X-012
44,-11,-11,44,QY0044X-011
44,-10,-10,44,QY0044X-010
44,-9,-9,44,QY0044X-009
44,-8,-8,44,QY0044X-008
44,-7,-7,44,QY0044X-007
44,-6,-6,44,QY0044X-006
44,-5,-5,44,QY0044X-005
44,-4,-4,44,QY0044X-004
44,-3,-3,44,QY0044X-003
44,-2,-2,44,QY0044X-002
44,-1,-1,44,QY0044X-001
44,0,0,44,QY0044X0000
44,1,1,44,QY0044X0001
44,2,2,44,QY0044X0002
44,3,3,44,QY0044X0003
44,4,4,44,QY0044X0004
44,5,5,44,QY0044X0005
44,6,6,44,QY0044X0006
44,7,7,44,QY0044X0007
44,8,8,44,QY0044X0008
44,9,9,44,QY0044X0009
44,10,10,44,QY0044X0010
44,11,11,44,QY0044X0011
44,12,12,44,QY0044X0012
44,13,13,44,QY0044X0013
44,14,14,44,QY0044X0014
44,15,15,44,QY0044X0015
44,16,16,44,QY0044X0016
44,17,17,44,QY0044X0017
44,18,18,44,QY0044X0018
44,19,19,44,QY0044X0019
44,20,20,44,QY0044X0020
44,21,21,44,QY0044X0021
44,22,22,44,QY0044X0022
44,23,23,44,QY0044X0023
44,24,24,44,QY0044X0024
44,25,25,44,QY0044X0025
44,26,26,44,QY0044X0026
44,27,27,44,QY0044X0027
44,28,28,44,QY0044X0028
44,29,29,44,QY0044X0029
44,30,30,44,QY0044X0030
44,31,31,44,QY0044X0031
45,21,21,45,QY0045X0021
45,20,20,45,QY0045X0020
45,19,19,45,QY0045X0019
45,18,18,45,QY0045X0018
45,17,17,45,QY0045X0017
45,16,16,45,QY0045X0016
45,15,15,45,QY0045X0015
45,14,14,45,QY0045X0014
45,13,13,45,QY0045X0013
45,12,12,45,QY0045X0012
45,11,11,45,QY0045X0011
45,10,10,45,QY0045X0010
45,9,9,45,QY0045X0009
45,8,8,45,QY0045X0008
45,7,7,45,QY0045X0007
45,6,6,45,QY0045X0006
45,5,5,45,QY0045X0005
45,4,4,45,QY0045X0004
45,3,3,45,QY0045X0003
45,2,2,45,QY0045X0002
45,1,1,45,QY0045X0001
45,0,0,45,QY0045X0000
45,-1,-1,45,QY0045X-001
45,-2,-2,45,QY0045X-002
45,-3,-3,45,QY0045X-003
45,-4,-4,45,QY0045X-004
45,-5,-5,45,QY0045X-005
45,-6,-6,45,QY0045X-006
45,-7,-7,45,QY0045X-007
45,-8,-8,45,QY0045X-008
45,-9,-9,45,QY0045X-009
45,-10,-10,45,QY0045X-010
45,-11,-11,45,QY0045X-011
45,-12,-12,45,QY0045X-012
45,-13,-13,45,QY0045X-013
45,-14,-14,45,QY0045X-014
45,-15,-15,45,QY0045X-015
45,-16,-16,45,QY0045X-016
45,-17,-17,45,QY0045X-017
45,-18,-18,45,QY0045X-018
45,-19,-19,45,QY0045X-019
45,-20,-20,45,QY0045X-020
45,-21,-21,45,QY0045X-021
45,-22,-22,45,QY0045X-022
45,-23,-23,45,QY0045X-023
46,-23,-23,46,QY0046X-023
46,-22,-22,46,QY0046X-022
46,-21,-21,46,QY0046X-021
46,-20,-20,46,QY0046X-020
46,-19,-19,46,QY0046X-019
46,-18,-18,46,QY0046X-018
46,-17,-17,46,QY0046X-017
46,-16,-16,46,QY0046X-016
46,-15,-15,46,QY0046X-015
46,-14,-14,46,QY0046X-014
46,-13,-13,46,QY0046X-013
46,-12,-12,46,QY0046X-012
46,-11,-11,46,QY0046X-011
46,-10,-10,46,QY0046X-010
46,-9,-9,46,QY0046X-009
46,-8,-8,46,QY0046X-008
46,-7,-7,46,QY0046X-007
46,-6,-6,46,QY0046X-006
46,-5,-5,46,QY0046X-005
46,-4,-4,46,QY0046X-004
46,-3,-3,46,QY0046X-003
46,-2,-2,46,QY0046X-002
46,-1,-1,46,QY0046X-001
46,0,0,46,QY0046X0000
46,1,1,46,QY0046X0001
46,2,2,46,QY0046X0002
46,3,3,46,QY0046X0003
46,4,4,46,QY0046X0004
46,5,5,46,QY0046X0005
46,6,6,46,QY0046X0006
46,7,7,46,QY0046X0007
46,8,8,46,QY0046X0008
46,9,9,46,QY0046X0009
46,10,10,46,QY0046X0010
46,11,11,46,QY0046X0011
46,12,12,46,QY0046X0012
46,13,13,46,QY0046X0013
46,14,14,46,QY0046X0014
46,15,15,46,QY0046X0015
46,16,16,46,QY0046X0016
46,17,17,46,QY0046X0017
46,18,18,46,QY0046X0018
46,19,19,46,QY0046X0019
46,20,20,46,QY0046X0020
46,21,21,46,QY0046X0021
47,21,21,47,QY0047X0021
47,20,20,47,QY0047X0020
47,19,19,47,QY0047X0019
47,18,18,47,QY0047X0018
47,17,17,47,QY0047X0017
47,16,16,47,QY0047X0016
47,15,15,47,QY0047X0015
47,14,14,47,QY0047X0014
47,13,13,47,QY0047X0013
47,12,12,47,QY0047X0012
47,11,11,47,QY0047X0011
47,10,10,47,QY0047X0010
47,9,9,47,QY0047X0009
47,8,8,47,QY0047X0008
47,7,7,47,QY0047X0007
47,6,6,47,QY0047X0006
47,5,5,47,QY0047X0005
47,4,4,47,QY0047X0004
47,3,3,47,QY0047X0003
47,2,2,47,QY0047X0002
47,1,1,47,QY0047X0001
47,0,0,47,QY0047X0000
47,-1,-1,47,QY0047X-001
47,-2,-2,47,QY0047X-002
47,-3,-3,47,QY0047X-003
47,-4,-4,47,QY0047X-004
47,-5,-5,47,QY0047X-005
47,-6,-6,47,QY0047X-006
47,-7,-7,47,QY0047X-007
47,-8,-8,47,QY0047X-008
47,-9,-9,47,QY0047X-009
47,-10,-10,47,QY0047X-010
47,-11,-11,47,QY0047X-011
47,-12,-12,47,QY0047X-012
47,-13,-13,47,QY0047X-013
47,-14,-14,47,QY0047X-014
47,-15,-15,47,QY0047X-015
47,-16,-16,47,QY0047X-016
47,-17,-17,47,QY0047X-017
47,-18,-18,47,QY0047X-018
47,-19,-19,47,QY0047X-019
47,-20,-20,47,QY0047X-020
47,-21,-21,47,QY0047X-021
47,-22,-22,47,QY0047X-022
47,-23,-23,47,QY0047X-023
48,-23,-23,48,QY0048X-023
48,-22,-22,48,QY0048X-022
48,-21,-21,48,QY0048X-021
48,-20,-20,48,QY0048X-020
48,-19,-19,48,QY0048X-019
48,-18,-18,48,QY0048X-018
48,-17,-17,48,QY0048X-017
48,-16,-16,48,QY0048X-016
48,-15,-15,48,QY0048X-015
48,-14,-14,48,QY0048X-014
48,-13,-13,48,QY0048X-013
48,-12,-12,48,QY0048X-012
48,-11,-11,48,QY0048X-011
48,-10,-10,48,QY0048X-010
48,-9,-9,48,QY0048X-009
48,-8,-8,48,QY0048X-008
48,-7,-7,48,QY0048X-007
48,-6,-6,48,QY0048X-006
48,-5,-5,48,QY0048X-005
48,-4,-4,48,QY0048X-004
48,-3,-3,48,QY0048X-003
48,-2,-2,48,QY0048X-002
48,-1,-1,48,QY0048X-001
48,0,0,48,QY0048X0000
48,1,1,48,QY0048X0001
48,2,2,48,QY0048X0002
48,3,3,48,QY0048X0003
48,4,4,48,QY0048X0004
48,5,5,48,QY0048X0005
48,6,6,48,QY0048X0006
48,7,7,48,QY0048X0007
48,8,8,48,QY0048X0008
48,9,9,48,QY0048X0009
48,10,10,48,QY0048X0010
48,11,11,48,QY0048X0011
48,12,12,48,QY0048X0012
48,13,13,48,QY0048X0013
48,14,14,48,QY0048X0014
48,15,15,48,QY0048X0015
48,16,16,48,QY0048X0016
48,17,17,48,QY0048X0017
48,18,18,48,QY0048X0018
48,19,19,48,QY0048X0019
48,20,20,48,QY0048X0020
48,21,21,48,QY0048X0021
49,21,21,49,QY0049X0021
49,20,20,49,QY0049X0020
49,19,19,49,QY0049X0019
49,18,18,49,QY0049X0018
49,17,17,49,QY0049X0017
49,16,16,49,QY0049X0016
49,15,15,49,QY0049X0015
49,14,14,49,QY0049X0014
49,13,13,49,QY0049X0013
49,12,12,49,QY0049X0012
49,11,11,49,QY0049X0011
49,10,10,49,QY0049X0010
49,9,9,49,QY0049X0009
49,8,8,49,QY0049X0008
49,7,7,49,QY0049X0007
49,6,6,49,QY0049X0006
49,5,5,49,QY0049X0005
49,4,4,49,QY0049X0004
49,3,3,49,QY0049X0003
49,2,2,49,QY0049X0002
49,1,1,49,QY0049X0001
49,0,0,49,QY0049X0000
49,-1,-1,49,QY0049X-001
49,-2,-2,49,QY0049X-002
49,-3,-3,49,QY0049X-003
49,-4,-4,49,QY0049X-004
49,-5,-5,49,QY0049X-005
49,-6,-6,49,QY0049X-006
49,-7,-7,49,QY0049X-007
49,-8,-8,49,QY0049X-008
49,-9,-9,49,QY0049X-009
49,-10,-10,49,QY0049X-010
49,-11,-11,49,QY0049X-011
49,-12,-12,49,QY0049X-012
49,-13,-13,49,QY0049X-013
49,-14,-14,49,QY0049X-014
49,-15,-15,49,QY0049X-015
49,-16,-16,49,QY0049X-016
49,-17,-17,49,QY0049X-017
49,-18,-18,49,QY0049X-018
49,-19,-19,49,QY0049X-019
49,-20,-20,49,QY0049X-020
49,-21,-21,49,QY0049X-021
49,-22,-22,49,QY0049X-022
49,-23,-23,49,QY0049X-023
50,-8,-8,50,QY0050X-008
50,-7,-7,50,QY0050X-007
50,-6,-6,50,QY0050X-006
50,-5,-5,50,QY0050X-005
50,-4,-4,50,QY0050X-004
50,-3,-3,50,QY0050X-003
50,-2,-2,50,QY0050X-002
50,-1,-1,50,QY0050X-001
50,0,0,50,QY0050X0000
50,1,1,50,QY0050X0001
50,2,2,50,QY0050X0002
50,3,3,50,QY0050X0003
50,4,4,50,QY0050X0004
50,5,5,50,QY0050X0005
50,6,6,50,QY0050X0006
51,6,6,51,QY0051X0006
51,5,5,51,QY0051X0005
51,4,4,51,QY0051X0004
51,3,3,51,QY0051X0003
51,2,2,51,QY0051X0002
51,1,1,51,QY0051X0001
51,0,0,51,QY0051X0000
51,-1,-1,51,QY0051X-001
51,-2,-2,51,QY0051X-002
51,-3,-3,51,QY0051X-003
51,-4,-4,51,QY0051X-004
51,-5,-5,51,QY0051X-005
51,-6,-6,51,QY0051X-006
51,-7,-7,51,QY0051X-007
51,-8,-8,51,QY0051X-008
52,-8,-8,52,QY0052X-008
52,-7,-7,52,QY0052X-007
52,-6,-6,52,QY0052X-006
52,-5,-5,52,QY0052X-005
52,-4,-4,52,QY0052X-004
52,-3,-3,52,QY0052X-003
52,-2,-2,52,QY0052X-002
52,-1,-1,52,QY0052X-001
52,0,0,52,QY0052X0000
52,1,1,52,QY0052X0001
52,2,2,52,QY0052X0002
52,3,3,52,QY0052X0003
52,4,4,52,QY0052X0004
52,5,5,52,QY0052X0005
52,6,6,52,QY0052X0006
53,6,6,53,QY0053X0006
53,5,5,53,QY0053X0005
53,4,4,53,QY0053X0004
53,3,3,53,QY0053X0003
53,2,2,53,QY0053X0002
53,1,1,53,QY0053X0001
53,0,0,53,QY0053X0000
53,-1,-1,53,QY0053X-001
53,-2,-2,53,QY0053X-002
53,-3,-3,53,QY0053X-003
53,-4,-4,53,QY0053X-004
53,-5,-5,53,QY0053X-005
53,-6,-6,53,QY0053X-006
53,-7,-7,53,QY0053X-007
53,-8,-8,53,QY0053X-008
54,-8,-8,54,QY0054X-008
54,-7,-7,54,QY0054X-007
54,-6,-6,54,QY0054X-006
54,-5,-5,54,QY0054X-005
54,-4,-4,54,QY0054X-004
54,-3,-3,54,QY0054X-003
54,-2,-2,54,QY0054X-002
54,-1,-1,54,QY0054X-001
54,0,0,54,QY0054X0000
54,1,1,54,QY0054X0001
54,2,2,54,QY0054X0002
54,3,3,54,QY0054X0003
54,4,4,54,QY0054X0004
54,5,5,54,QY0054X0005
54,6,6,54,QY0054X0006
