row,col,seq,quad_pos,device_id,x_um,y_um,map_x,map_y,shot_x,shot_y,enabled
0,45,1,R0C0,AA051,45000,0,45000,0,45000,0,1
0,46,2,R0C0,AA052,46000,0,46000,0,46000,0,1
0,47,3,R0C0,AA053,47000,0,47000,0,47000,0,1
0,48,4,R0C0,AA054,48000,0,48000,0,48000,0,1
0,49,5,R0C0,AA055,49000,0,49000,0,49000,0,1
0,50,6,R0C0,AA056,50000,0,50000,0,50000,0,1
0,51,7,R0C0,AA057,51000,0,51000,0,51000,0,1
0,52,8,R0C0,AA058,52000,0,52000,0,52000,0,1
0,53,9,R0C0,AA059,53000,0,53000,0,53000,0,1
0,54,10,R0C0,AA061,54000,0,54000,0,54000,0,1
0,55,11,R0C0,AA062,55000,0,55000,0,55000,0,1
0,56,12,R0C0,AA063,56000,0,56000,0,56000,0,1
0,57,13,R0C0,AA064,57000,0,57000,0,57000,0,1
0,58,14,R0C0,AA065,58000,0,58000,0,58000,0,1
0,59,15,R0C0,AA066,59000,0,59000,0,59000,0,1
1,45,16,R0C0,AB051,45000,-1000,45000,1000,45000,1000,1
1,46,17,R0C0,AB052,46000,-1000,46000,1000,46000,1000,1
1,47,18,R0C0,AB053,47000,-1000,47000,1000,47000,1000,1
1,48,19,R0C0,AB054,48000,-1000,48000,1000,48000,1000,1
1,49,20,R0C0,AB055,49000,-1000,49000,1000,49000,1000,1
1,50,21,R0C0,AB056,50000,-1000,50000,1000,50000,1000,1
1,51,22,R0C0,AB057,51000,-1000,51000,1000,51000,1000,1
1,52,23,R0C0,AB058,52000,-1000,52000,1000,52000,1000,1
1,53,24,R0C0,AB059,53000,-1000,53000,1000,53000,1000,1
1,54,25,R0C0,AB061,54000,-1000,54000,1000,54000,1000,1
1,55,26,R0C0,AB062,55000,-1000,55000,1000,55000,1000,1
1,56,27,R0C0,AB063,56000,-1000,56000,1000,56000,1000,1
1,57,28,R0C0,AB064,57000,-1000,57000,1000,57000,1000,1
1,58,29,R0C0,AB065,58000,-1000,58000,1000,58000,1000,1
1,59,30,R0C0,AB066,59000,-1000,59000,1000,59000,1000,1
2,45,31,R0C0,AC051,45000,-2000,45000,2000,45000,2000,1
2,46,32,R0C0,AC052,46000,-2000,46000,2000,46000,2000,1
2,47,33,R0C0,AC053,47000,-2000,47000,2000,47000,2000,1
2,48,34,R0C0,AC054,48000,-2000,48000,2000,48000,2000,1
2,49,35,R0C0,AC055,49000,-2000,49000,2000,49000,2000,1
2,50,36,R0C0,AC056,50000,-2000,50000,2000,50000,2000,1
2,51,37,R0C0,AC057,51000,-2000,51000,2000,51000,2000,1
2,52,38,R0C0,AC058,52000,-2000,52000,2000,52000,2000,1
2,53,39,R0C0,AC059,53000,-2000,53000,2000,53000,2000,1
2,54,40,R0C0,AC061,54000,-2000,54000,2000,54000,2000,1
2,55,41,R0C0,AC062,55000,-2000,55000,2000,55000,2000,1
2,56,42,R0C0,AC063,56000,-2000,56000,2000,56000,2000,1
2,57,43,R0C0,AC064,57000,-2000,57000,2000,57000,2000,1
2,58,44,R0C0,AC065,58000,-2000,58000,2000,58000,2000,1
2,59,45,R0C0,AC066,59000,-2000,59000,2000,59000,2000,1
3,45,46,R0C0,AD051,45000,-3000,45000,3000,45000,3000,1
3,46,47,R0C0,AD052,46000,-3000,46000,3000,46000,3000,1
3,47,48,R0C0,AD053,47000,-3000,47000,3000,47000,3000,1
3,48,49,R0C0,AD054,48000,-3000,48000,3000,48000,3000,1
3,49,50,R0C0,AD055,49000,-3000,49000,3000,49000,3000,1
3,50,51,R0C0,AD056,50000,-3000,50000,3000,50000,3000,1
3,51,52,R0C0,AD057,51000,-3000,51000,3000,51000,3000,1
3,52,53,R0C0,AD058,52000,-3000,52000,3000,52000,3000,1
3,53,54,R0C0,AD059,53000,-3000,53000,3000,53000,3000,1
3,54,55,R0C0,AD061,54000,-3000,54000,3000,54000,3000,1
3,55,56,R0C0,AD062,55000,-3000,55000,3000,55000,3000,1
3,56,57,R0C0,AD063,56000,-3000,56000,3000,56000,3000,1
3,57,58,R0C0,AD064,57000,-3000,57000,3000,57000,3000,1
3,58,59,R0C0,AD065,58000,-3000,58000,3000,58000,3000,1
3,59,60,R0C0,AD066,59000,-3000,59000,3000,59000,3000,1
4,45,61,R0C0,AE051,45000,-4000,45000,4000,45000,4000,1
4,46,62,R0C0,AE052,46000,-4000,46000,4000,46000,4000,1
4,47,63,R0C0,AE053,47000,-4000,47000,4000,47000,4000,1
4,48,64,R0C0,AE054,48000,-4000,48000,4000,48000,4000,1
4,49,65,R0C0,AE055,49000,-4000,49000,4000,49000,4000,1
4,50,66,R0C0,AE056,50000,-4000,50000,4000,50000,4000,1
4,51,67,R0C0,AE057,51000,-4000,51000,4000,51000,4000,1
4,52,68,R0C0,AE058,52000,-4000,52000,4000,52000,4000,1
4,53,69,R0C0,AE059,53000,-4000,53000,4000,53000,4000,1
4,54,70,R0C0,AE061,54000,-4000,54000,4000,54000,4000,1
4,55,71,R0C0,AE062,55000,-4000,55000,4000,55000,4000,1
4,56,72,R0C0,AE063,56000,-4000,56000,4000,56000,4000,1
4,57,73,R0C0,AE064,57000,-4000,57000,4000,57000,4000,1
4,58,74,R0C0,AE065,58000,-4000,58000,4000,58000,4000,1
4,59,75,R0C0,AE066,59000,-4000,59000,4000,59000,4000,1
5,30,76,R0C0,AF034,30000,-5000,30000,5000,30000,5000,1
5,31,77,R0C0,AF035,31000,-5000,31000,5000,31000,5000,1
5,32,78,R0C0,AF036,32000,-5000,32000,5000,32000,5000,1
5,33,79,R0C0,AF037,33000,-5000,33000,5000,33000,5000,1
5,34,80,R0C0,AF038,34000,-5000,34000,5000,34000,5000,1
5,35,81,R0C0,AF039,35000,-5000,35000,5000,35000,5000,1
5,36,82,R0C0,AF041,36000,-5000,36000,5000,36000,5000,1
5,37,83,R0C0,AF042,37000,-5000,37000,5000,37000,5000,1
5,38,84,R0C0,AF043,38000,-5000,38000,5000,38000,5000,1
5,39,85,R0C0,AF044,39000,-5000,39000,5000,39000,5000,1
5,40,86,R0C0,AF045,40000,-5000,40000,5000,40000,5000,1
5,41,87,R0C0,AF046,41000,-5000,41000,5000,41000,5000,1
5,42,88,R0C0,AF047,42000,-5000,42000,5000,42000,5000,1
5,43,89,R0C0,AF048,43000,-5000,43000,5000,43000,5000,1
5,44,90,R0C0,AF049,44000,-5000,44000,5000,44000,5000,1
5,45,91,R0C0,AF051,45000,-5000,45000,5000,45000,5000,1
5,46,92,R0C0,AF052,46000,-5000,46000,5000,46000,5000,1
5,47,93,R0C0,AF053,47000,-5000,47000,5000,47000,5000,1
5,48,94,R0C0,AF054,48000,-5000,48000,5000,48000,5000,1
5,49,95,R0C0,AF055,49000,-5000,49000,5000,49000,5000,1
5,50,96,R0C0,AF056,50000,-5000,50000,5000,50000,5000,1
5,51,97,R0C0,AF057,51000,-5000,51000,5000,51000,5000,1
5,52,98,R0C0,AF058,52000,-5000,52000,5000,52000,5000,1
5,53,99,R0C0,AF059,53000,-5000,53000,5000,53000,5000,1
5,54,100,R0C0,AF061,54000,-5000,54000,5000,54000,5000,1
5,55,101,R0C0,AF062,55000,-5000,55000,5000,55000,5000,1
5,56,102,R0C0,AF063,56000,-5000,56000,5000,56000,5000,1
5,57,103,R0C0,AF064,57000,-5000,57000,5000,57000,5000,1
5,58,104,R0C0,AF065,58000,-5000,58000,5000,58000,5000,1
5,59,105,R0C0,AF066,59000,-5000,59000,5000,59000,5000,1
5,60,106,R0C0,AF067,60000,-5000,60000,5000,60000,5000,1
5,61,107,R0C0,AF068,61000,-5000,61000,5000,61000,5000,1
5,62,108,R0C0,AF069,62000,-5000,62000,5000,62000,5000,1
5,63,109,R0C0,AF071,63000,-5000,63000,5000,63000,5000,1
5,64,110,R0C0,AF072,64000,-5000,64000,5000,64000,5000,1
5,65,111,R0C0,AF073,65000,-5000,65000,5000,65000,5000,1
5,66,112,R0C0,AF074,66000,-5000,66000,5000,66000,5000,1
5,67,113,R0C0,AF075,67000,-5000,67000,5000,67000,5000,1
5,68,114,R0C0,AF076,68000,-5000,68000,5000,68000,5000,1
5,69,115,R0C0,AF077,69000,-5000,69000,5000,69000,5000,1
5,70,116,R0C0,AF078,70000,-5000,70000,5000,70000,5000,1
5,71,117,R0C0,AF079,71000,-5000,71000,5000,71000,5000,1
5,72,118,R0C0,AF081,72000,-5000,72000,5000,72000,5000,1
5,73,119,R0C0,AF082,73000,-5000,73000,5000,73000,5000,1
5,74,120,R0C0,AF083,74000,-5000,74000,5000,74000,5000,1
6,30,121,R0C0,AG034,30000,-6000,30000,6000,30000,6000,1
6,31,122,R0C0,AG035,31000,-6000,31000,6000,31000,6000,1
6,32,123,R0C0,AG036,32000,-6000,32000,6000,32000,6000,1
6,33,124,R0C0,AG037,33000,-6000,33000,6000,33000,6000,1
6,34,125,R0C0,AG038,34000,-6000,34000,6000,34000,6000,1
6,35,126,R0C0,AG039,35000,-6000,35000,6000,35000,6000,1
6,36,127,R0C0,AG041,36000,-6000,36000,6000,36000,6000,1
6,37,128,R0C0,AG042,37000,-6000,37000,6000,37000,6000,1
6,38,129,R0C0,AG043,38000,-6000,38000,6000,38000,6000,1
6,39,130,R0C0,AG044,39000,-6000,39000,6000,39000,6000,1
6,40,131,R0C0,AG045,40000,-6000,40000,6000,40000,6000,1
6,41,132,R0C0,AG046,41000,-6000,41000,6000,41000,6000,1
6,42,133,R0C0,AG047,42000,-6000,42000,6000,42000,6000,1
6,43,134,R0C0,AG048,43000,-6000,43000,6000,43000,6000,1
6,44,135,R0C0,AG049,44000,-6000,44000,6000,44000,6000,1
6,45,136,R0C0,AG051,45000,-6000,45000,6000,45000,6000,1
6,46,137,R0C0,AG052,46000,-6000,46000,6000,46000,6000,1
6,47,138,R0C0,AG053,47000,-6000,47000,6000,47000,6000,1
6,48,139,R0C0,AG054,48000,-6000,48000,6000,48000,6000,1
6,49,140,R0C0,AG055,49000,-6000,49000,6000,49000,6000,1
6,50,141,R0C0,AG056,50000,-6000,50000,6000,50000,6000,1
6,51,142,R0C0,AG057,51000,-6000,51000,6000,51000,6000,1
6,52,143,R0C0,AG058,52000,-6000,52000,6000,52000,6000,1
6,53,144,R0C0,AG059,53000,-6000,53000,6000,53000,6000,1
6,54,145,R0C0,AG061,54000,-6000,54000,6000,54000,6000,1
6,55,146,R0C0,AG062,55000,-6000,55000,6000,55000,6000,1
6,56,147,R0C0,AG063,56000,-6000,56000,6000,56000,6000,1
6,57,148,R0C0,AG064,57000,-6000,57000,6000,57000,6000,1
6,58,149,R0C0,AG065,58000,-6000,58000,6000,58000,6000,1
6,59,150,R0C0,AG066,59000,-6000,59000,6000,59000,6000,1
6,60,151,R0C0,AG067,60000,-6000,60000,6000,60000,6000,1
6,61,152,R0C0,AG068,61000,-6000,61000,6000,61000,6000,1
6,62,153,R0C0,AG069,62000,-6000,62000,6000,62000,6000,1
6,63,154,R0C0,AG071,63000,-6000,63000,6000,63000,6000,1
6,64,155,R0C0,AG072,64000,-6000,64000,6000,64000,6000,1
6,65,156,R0C0,AG073,65000,-6000,65000,6000,65000,6000,1
6,66,157,R0C0,AG074,66000,-6000,66000,6000,66000,6000,1
6,67,158,R0C0,AG075,67000,-6000,67000,6000,67000,6000,1
6,68,159,R0C0,AG076,68000,-6000,68000,6000,68000,6000,1
6,69,160,R0C0,AG077,69000,-6000,69000,6000,69000,6000,1
6,70,161,R0C0,AG078,70000,-6000,70000,6000,70000,6000,1
6,71,162,R0C0,AG079,71000,-6000,71000,6000,71000,6000,1
6,72,163,R0C0,AG081,72000,-6000,72000,6000,72000,6000,1
6,73,164,R0C0,AG082,73000,-6000,73000,6000,73000,6000,1
6,74,165,R0C0,AG083,74000,-6000,74000,6000,74000,6000,1
7,30,166,R0C0,AH034,30000,-7000,30000,7000,30000,7000,1
7,31,167,R0C0,AH035,31000,-7000,31000,7000,31000,7000,1
7,32,168,R0C0,AH036,32000,-7000,32000,7000,32000,7000,1
7,33,169,R0C0,AH037,33000,-7000,33000,7000,33000,7000,1
7,34,170,R0C0,AH038,34000,-7000,34000,7000,34000,7000,1
7,35,171,R0C0,AH039,35000,-7000,35000,7000,35000,7000,1
7,36,172,R0C0,AH041,36000,-7000,36000,7000,36000,7000,1
7,37,173,R0C0,AH042,37000,-7000,37000,7000,37000,7000,1
7,38,174,R0C0,AH043,38000,-7000,38000,7000,38000,7000,1
7,39,175,R0C0,AH044,39000,-7000,39000,7000,39000,7000,1
7,40,176,R0C0,AH045,40000,-7000,40000,7000,40000,7000,1
7,41,177,R0C0,AH046,41000,-7000,41000,7000,41000,7000,1
7,42,178,R0C0,AH047,42000,-7000,42000,7000,42000,7000,1
7,43,179,R0C0,AH048,43000,-7000,43000,7000,43000,7000,1
7,44,180,R0C0,AH049,44000,-7000,44000,7000,44000,7000,1
7,45,181,R0C0,AH051,45000,-7000,45000,7000,45000,7000,1
7,46,182,R0C0,AH052,46000,-7000,46000,7000,46000,7000,1
7,47,183,R0C0,AH053,47000,-7000,47000,7000,47000,7000,1
7,48,184,R0C0,AH054,48000,-7000,48000,7000,48000,7000,1
7,49,185,R0C0,AH055,49000,-7000,49000,7000,49000,7000,1
7,50,186,R0C0,AH056,50000,-7000,50000,7000,50000,7000,1
7,51,187,R0C0,AH057,51000,-7000,51000,7000,51000,7000,1
7,52,188,R0C0,AH058,52000,-7000,52000,7000,52000,7000,1
7,53,189,R0C0,AH059,53000,-7000,53000,7000,53000,7000,1
7,54,190,R0C0,AH061,54000,-7000,54000,7000,54000,7000,1
7,55,191,R0C0,AH062,55000,-7000,55000,7000,55000,7000,1
7,56,192,R0C0,AH063,56000,-7000,56000,7000,56000,7000,1
7,57,193,R0C0,AH064,57000,-7000,57000,7000,57000,7000,1
7,58,194,R0C0,AH065,58000,-7000,58000,7000,58000,7000,1
7,59,195,R0C0,AH066,59000,-7000,59000,7000,59000,7000,1
7,60,196,R0C0,AH067,60000,-7000,60000,7000,60000,7000,1
7,61,197,R0C0,AH068,61000,-7000,61000,7000,61000,7000,1
7,62,198,R0C0,AH069,62000,-7000,62000,7000,62000,7000,1
7,63,199,R0C0,AH071,63000,-7000,63000,7000,63000,7000,1
7,64,200,R0C0,AH072,64000,-7000,64000,7000,64000,7000,1
7,65,201,R0C0,AH073,65000,-7000,65000,7000,65000,7000,1
7,66,202,R0C0,AH074,66000,-7000,66000,7000,66000,7000,1
7,67,203,R0C0,AH075,67000,-7000,67000,7000,67000,7000,1
7,68,204,R0C0,AH076,68000,-7000,68000,7000,68000,7000,1
7,69,205,R0C0,AH077,69000,-7000,69000,7000,69000,7000,1
7,70,206,R0C0,AH078,70000,-7000,70000,7000,70000,7000,1
7,71,207,R0C0,AH079,71000,-7000,71000,7000,71000,7000,1
7,72,208,R0C0,AH081,72000,-7000,72000,7000,72000,7000,1
7,73,209,R0C0,AH082,73000,-7000,73000,7000,73000,7000,1
7,74,210,R0C0,AH083,74000,-7000,74000,7000,74000,7000,1
8,30,211,R0C0,AJ034,30000,-8000,30000,8000,30000,8000,1
8,31,212,R0C0,AJ035,31000,-8000,31000,8000,31000,8000,1
8,32,213,R0C0,AJ036,32000,-8000,32000,8000,32000,8000,1
8,33,214,R0C0,AJ037,33000,-8000,33000,8000,33000,8000,1
8,34,215,R0C0,AJ038,34000,-8000,34000,8000,34000,8000,1
8,35,216,R0C0,AJ039,35000,-8000,35000,8000,35000,8000,1
8,36,217,R0C0,AJ041,36000,-8000,36000,8000,36000,8000,1
8,37,218,R0C0,AJ042,37000,-8000,37000,8000,37000,8000,1
8,38,219,R0C0,AJ043,38000,-8000,38000,8000,38000,8000,1
8,39,220,R0C0,AJ044,39000,-8000,39000,8000,39000,8000,1
8,40,221,R0C0,AJ045,40000,-8000,40000,8000,40000,8000,1
8,41,222,R0C0,AJ046,41000,-8000,41000,8000,41000,8000,1
8,42,223,R0C0,AJ047,42000,-8000,42000,8000,42000,8000,1
8,43,224,R0C0,AJ048,43000,-8000,43000,8000,43000,8000,1
8,44,225,R0C0,AJ049,44000,-8000,44000,8000,44000,8000,1
8,45,226,R0C0,AJ051,45000,-8000,45000,8000,45000,8000,1
8,46,227,R0C0,AJ052,46000,-8000,46000,8000,46000,8000,1
8,47,228,R0C0,AJ053,47000,-8000,47000,8000,47000,8000,1
8,48,229,R0C0,AJ054,48000,-8000,48000,8000,48000,8000,1
8,49,230,R0C0,AJ055,49000,-8000,49000,8000,49000,8000,1
8,50,231,R0C0,AJ056,50000,-8000,50000,8000,50000,8000,1
8,51,232,R0C0,AJ057,51000,-8000,51000,8000,51000,8000,1
8,52,233,R0C0,AJ058,52000,-8000,52000,8000,52000,8000,1
8,53,234,R0C0,AJ059,53000,-8000,53000,8000,53000,8000,1
8,54,235,R0C0,AJ061,54000,-8000,54000,8000,54000,8000,1
8,55,236,R0C0,AJ062,55000,-8000,55000,8000,55000,8000,1
8,56,237,R0C0,AJ063,56000,-8000,56000,8000,56000,8000,1
8,57,238,R0C0,AJ064,57000,-8000,57000,8000,57000,8000,1
8,58,239,R0C0,AJ065,58000,-8000,58000,8000,58000,8000,1
8,59,240,R0C0,AJ066,59000,-8000,59000,8000,59000,8000,1
8,60,241,R0C0,AJ067,60000,-8000,60000,8000,60000,8000,1
8,61,242,R0C0,AJ068,61000,-8000,61000,8000,61000,8000,1
8,62,243,R0C0,AJ069,62000,-8000,62000,8000,62000,8000,1
8,63,244,R0C0,AJ071,63000,-8000,63000,8000,63000,8000,1
8,64,245,R0C0,AJ072,64000,-8000,64000,8000,64000,8000,1
8,65,246,R0C0,AJ073,65000,-8000,65000,8000,65000,8000,1
8,66,247,R0C0,AJ074,66000,-8000,66000,8000,66000,8000,1
8,67,248,R0C0,AJ075,67000,-8000,67000,8000,67000,8000,1
8,68,249,R0C0,AJ076,68000,-8000,68000,8000,68000,8000,1
8,69,250,R0C0,AJ077,69000,-8000,69000,8000,69000,8000,1
8,70,251,R0C0,AJ078,70000,-8000,70000,8000,70000,8000,1
8,71,252,R0C0,AJ079,71000,-8000,71000,8000,71000,8000,1
8,72,253,R0C0,AJ081,72000,-8000,72000,8000,72000,8000,1
8,73,254,R0C0,AJ082,73000,-8000,73000,8000,73000,8000,1
8,74,255,R0C0,AJ083,74000,-8000,74000,8000,74000,8000,1
9,30,256,R0C0,AK034,30000,-9000,30000,9000,30000,9000,1
9,31,257,R0C0,AK035,31000,-9000,31000,9000,31000,9000,1
9,32,258,R0C0,AK036,32000,-9000,32000,9000,32000,9000,1
9,33,259,R0C0,AK037,33000,-9000,33000,9000,33000,9000,1
9,34,260,R0C0,AK038,34000,-9000,34000,9000,34000,9000,1
9,35,261,R0C0,AK039,35000,-9000,35000,9000,35000,9000,1
9,36,262,R0C0,AK041,36000,-9000,36000,9000,36000,9000,1
9,37,263,R0C0,AK042,37000,-9000,37000,9000,37000,9000,1
9,38,264,R0C0,AK043,38000,-9000,38000,9000,38000,9000,1
9,39,265,R0C0,AK044,39000,-9000,39000,9000,39000,9000,1
9,40,266,R0C0,AK045,40000,-9000,40000,9000,40000,9000,1
9,41,267,R0C0,AK046,41000,-9000,41000,9000,41000,9000,1
9,42,268,R0C0,AK047,42000,-9000,42000,9000,42000,9000,1
9,43,269,R0C0,AK048,43000,-9000,43000,9000,43000,9000,1
9,44,270,R0C0,AK049,44000,-9000,44000,9000,44000,9000,1
9,45,271,R0C0,AK051,45000,-9000,45000,9000,45000,9000,1
9,46,272,R0C0,AK052,46000,-9000,46000,9000,46000,9000,1
9,47,273,R0C0,AK053,47000,-9000,47000,9000,47000,9000,1
9,48,274,R0C0,AK054,48000,-9000,48000,9000,48000,9000,1
9,49,275,R0C0,AK055,49000,-9000,49000,9000,49000,9000,1
9,50,276,R0C0,AK056,50000,-9000,50000,9000,50000,9000,1
9,51,277,R0C0,AK057,51000,-9000,51000,9000,51000,9000,1
9,52,278,R0C0,AK058,52000,-9000,52000,9000,52000,9000,1
9,53,279,R0C0,AK059,53000,-9000,53000,9000,53000,9000,1
9,54,280,R0C0,AK061,54000,-9000,54000,9000,54000,9000,1
9,55,281,R0C0,AK062,55000,-9000,55000,9000,55000,9000,1
9,56,282,R0C0,AK063,56000,-9000,56000,9000,56000,9000,1
9,57,283,R0C0,AK064,57000,-9000,57000,9000,57000,9000,1
9,58,284,R0C0,AK065,58000,-9000,58000,9000,58000,9000,1
9,59,285,R0C0,AK066,59000,-9000,59000,9000,59000,9000,1
9,60,286,R0C0,AK067,60000,-9000,60000,9000,60000,9000,1
9,61,287,R0C0,AK068,61000,-9000,61000,9000,61000,9000,1
9,62,288,R0C0,AK069,62000,-9000,62000,9000,62000,9000,1
9,63,289,R0C0,AK071,63000,-9000,63000,9000,63000,9000,1
9,64,290,R0C0,AK072,64000,-9000,64000,9000,64000,9000,1
9,65,291,R0C0,AK073,65000,-9000,65000,9000,65000,9000,1
9,66,292,R0C0,AK074,66000,-9000,66000,9000,66000,9000,1
9,67,293,R0C0,AK075,67000,-9000,67000,9000,67000,9000,1
9,68,294,R0C0,AK076,68000,-9000,68000,9000,68000,9000,1
9,69,295,R0C0,AK077,69000,-9000,69000,9000,69000,9000,1
9,70,296,R0C0,AK078,70000,-9000,70000,9000,70000,9000,1
9,71,297,R0C0,AK079,71000,-9000,71000,9000,71000,9000,1
9,72,298,R0C0,AK081,72000,-9000,72000,9000,72000,9000,1
9,73,299,R0C0,AK082,73000,-9000,73000,9000,73000,9000,1
9,74,300,R0C0,AK083,74000,-9000,74000,9000,74000,9000,1
10,20,301,R0C0,AL023,20000,-10000,20000,10000,20000,10000,1
10,21,302,R0C0,AL024,21000,-10000,21000,10000,21000,10000,1
10,22,303,R0C0,AL025,22000,-10000,22000,10000,22000,10000,1
10,23,304,R0C0,AL026,23000,-10000,23000,10000,23000,10000,1
10,24,305,R0C0,AL027,24000,-10000,24000,10000,24000,10000,1
10,25,306,R0C0,AL028,25000,-10000,25000,10000,25000,10000,1
10,26,307,R0C0,AL029,26000,-10000,26000,10000,26000,10000,1
10,27,308,R0C0,AL031,27000,-10000,27000,10000,27000,10000,1
10,28,309,R0C0,AL032,28000,-10000,28000,10000,28000,10000,1
10,29,310,R0C0,AL033,29000,-10000,29000,10000,29000,10000,1
10,30,311,R0C0,AL034,30000,-10000,30000,10000,30000,10000,1
10,31,312,R0C0,AL035,31000,-10000,31000,10000,31000,10000,1
10,32,313,R0C0,AL036,32000,-10000,32000,10000,32000,10000,1
10,33,314,R0C0,AL037,33000,-10000,33000,10000,33000,10000,1
10,34,315,R0C0,AL038,34000,-10000,34000,10000,34000,10000,1
10,35,316,R0C0,AL039,35000,-10000,35000,10000,35000,10000,1
10,36,317,R0C0,AL041,36000,-10000,36000,10000,36000,10000,1
10,37,318,R0C0,AL042,37000,-10000,37000,10000,37000,10000,1
10,38,319,R0C0,AL043,38000,-10000,38000,10000,38000,10000,1
10,39,320,R0C0,AL044,39000,-10000,39000,10000,39000,10000,1
10,40,321,R0C0,AL045,40000,-10000,40000,10000,40000,10000,1
10,41,322,R0C0,AL046,41000,-10000,41000,10000,41000,10000,1
10,42,323,R0C0,AL047,42000,-10000,42000,10000,42000,10000,1
10,43,324,R0C0,AL048,43000,-10000,43000,10000,43000,10000,1
10,44,325,R0C0,AL049,44000,-10000,44000,10000,44000,10000,1
10,45,326,R0C0,AL051,45000,-10000,45000,10000,45000,10000,1
10,46,327,R0C0,AL052,46000,-10000,46000,10000,46000,10000,1
10,47,328,R0C0,AL053,47000,-10000,47000,10000,47000,10000,1
10,48,329,R0C0,AL054,48000,-10000,48000,10000,48000,10000,1
10,49,330,R0C0,AL055,49000,-10000,49000,10000,49000,10000,1
10,50,331,R0C0,AL056,50000,-10000,50000,10000,50000,10000,1
10,51,332,R0C0,AL057,51000,-10000,51000,10000,51000,10000,1
10,52,333,R0C0,AL058,52000,-10000,52000,10000,52000,10000,1
10,53,334,R0C0,AL059,53000,-10000,53000,10000,53000,10000,1
10,54,335,R0C0,AL061,54000,-10000,54000,10000,54000,10000,1
10,55,336,R0C0,AL062,55000,-10000,55000,10000,55000,10000,1
10,56,337,R0C0,AL063,56000,-10000,56000,10000,56000,10000,1
10,57,338,R0C0,AL064,57000,-10000,57000,10000,57000,10000,1
10,58,339,R0C0,AL065,58000,-10000,58000,10000,58000,10000,1
10,59,340,R0C0,AL066,59000,-10000,59000,10000,59000,10000,1
10,60,341,R0C0,AL067,60000,-10000,60000,10000,60000,10000,1
10,61,342,R0C0,AL068,61000,-10000,61000,10000,61000,10000,1
10,62,343,R0C0,AL069,62000,-10000,62000,10000,62000,10000,1
10,63,344,R0C0,AL071,63000,-10000,63000,10000,63000,10000,1
10,64,345,R0C0,AL072,64000,-10000,64000,10000,64000,10000,1
10,65,346,R0C0,AL073,65000,-10000,65000,10000,65000,10000,1
10,66,347,R0C0,AL074,66000,-10000,66000,10000,66000,10000,1
10,67,348,R0C0,AL075,67000,-10000,67000,10000,67000,10000,1
10,68,349,R0C0,AL076,68000,-10000,68000,10000,68000,10000,1
10,69,350,R0C0,AL077,69000,-10000,69000,10000,69000,10000,1
10,70,351,R0C0,AL078,70000,-10000,70000,10000,70000,10000,1
10,71,352,R0C0,AL079,71000,-10000,71000,10000,71000,10000,1
10,72,353,R0C0,AL081,72000,-10000,72000,10000,72000,10000,1
10,73,354,R0C0,AL082,73000,-10000,73000,10000,73000,10000,1
10,74,355,R0C0,AL083,74000,-10000,74000,10000,74000,10000,1
10,75,356,R0C0,AL084,75000,-10000,75000,10000,75000,10000,1
10,76,357,R0C0,AL085,76000,-10000,76000,10000,76000,10000,1
10,77,358,R0C0,AL086,77000,-10000,77000,10000,77000,10000,1
10,78,359,R0C0,AL087,78000,-10000,78000,10000,78000,10000,1
10,79,360,R0C0,AL088,79000,-10000,79000,10000,79000,10000,1
10,80,361,R0C0,AL089,80000,-10000,80000,10000,80000,10000,1
10,81,362,R0C0,AL091,81000,-10000,81000,10000,81000,10000,1
10,82,363,R0C0,AL092,82000,-10000,82000,10000,82000,10000,1
10,83,364,R0C0,AL093,83000,-10000,83000,10000,83000,10000,1
10,84,365,R0C0,AL094,84000,-10000,84000,10000,84000,10000,1
11,20,366,R0C0,AM023,20000,-11000,20000,11000,20000,11000,1
11,21,367,R0C0,AM024,21000,-11000,21000,11000,21000,11000,1
11,22,368,R0C0,AM025,22000,-11000,22000,11000,22000,11000,1
11,23,369,R0C0,AM026,23000,-11000,23000,11000,23000,11000,1
11,24,370,R0C0,AM027,24000,-11000,24000,11000,24000,11000,1
11,25,371,R0C0,AM028,25000,-11000,25000,11000,25000,11000,1
11,26,372,R0C0,AM029,26000,-11000,26000,11000,26000,11000,1
11,27,373,R0C0,AM031,27000,-11000,27000,11000,27000,11000,1
11,28,374,R0C0,AM032,28000,-11000,28000,11000,28000,11000,1
11,29,375,R0C0,AM033,29000,-11000,29000,11000,29000,11000,1
11,30,376,R0C0,AM034,30000,-11000,30000,11000,30000,11000,1
11,31,377,R0C0,AM035,31000,-11000,31000,11000,31000,11000,1
11,32,378,R0C0,AM036,32000,-11000,32000,11000,32000,11000,1
11,33,379,R0C0,AM037,33000,-11000,33000,11000,33000,11000,1
11,34,380,R0C0,AM038,34000,-11000,34000,11000,34000,11000,1
11,35,381,R0C0,AM039,35000,-11000,35000,11000,35000,11000,1
11,36,382,R0C0,AM041,36000,-11000,36000,11000,36000,11000,1
11,37,383,R0C0,AM042,37000,-11000,37000,11000,37000,11000,1
11,38,384,R0C0,AM043,38000,-11000,38000,11000,38000,11000,1
11,39,385,R0C0,AM044,39000,-11000,39000,11000,39000,11000,1
11,40,386,R0C0,AM045,40000,-11000,40000,11000,40000,11000,1
11,41,387,R0C0,AM046,41000,-11000,41000,11000,41000,11000,1
11,42,388,R0C0,AM047,42000,-11000,42000,11000,42000,11000,1
11,43,389,R0C0,AM048,43000,-11000,43000,11000,43000,11000,1
11,44,390,R0C0,AM049,44000,-11000,44000,11000,44000,11000,1
11,45,391,R0C0,AM051,45000,-11000,45000,11000,45000,11000,1
11,46,392,R0C0,AM052,46000,-11000,46000,11000,46000,11000,1
11,47,393,R0C0,AM053,47000,-11000,47000,11000,47000,11000,1
11,48,394,R0C0,AM054,48000,-11000,48000,11000,48000,11000,1
11,49,395,R0C0,AM055,49000,-11000,49000,11000,49000,11000,1
11,50,396,R0C0,AM056,50000,-11000,50000,11000,50000,11000,1
11,51,397,R0C0,AM057,51000,-11000,51000,11000,51000,11000,1
11,52,398,R0C0,AM058,52000,-11000,52000,11000,52000,11000,1
11,53,399,R0C0,AM059,53000,-11000,53000,11000,53000,11000,1
11,54,400,R0C0,AM061,54000,-11000,54000,11000,54000,11000,1
11,55,401,R0C0,AM062,55000,-11000,55000,11000,55000,11000,1
11,56,402,R0C0,AM063,56000,-11000,56000,11000,56000,11000,1
11,57,403,R0C0,AM064,57000,-11000,57000,11000,57000,11000,1
11,58,404,R0C0,AM065,58000,-11000,58000,11000,58000,11000,1
11,59,405,R0C0,AM066,59000,-11000,59000,11000,59000,11000,1
11,60,406,R0C0,AM067,60000,-11000,60000,11000,60000,11000,1
11,61,407,R0C0,AM068,61000,-11000,61000,11000,61000,11000,1
11,62,408,R0C0,AM069,62000,-11000,62000,11000,62000,11000,1
11,63,409,R0C0,AM071,63000,-11000,63000,11000,63000,11000,1
11,64,410,R0C0,AM072,64000,-11000,64000,11000,64000,11000,1
11,65,411,R0C0,AM073,65000,-11000,65000,11000,65000,11000,1
11,66,412,R0C0,AM074,66000,-11000,66000,11000,66000,11000,1
11,67,413,R0C0,AM075,67000,-11000,67000,11000,67000,11000,1
11,68,414,R0C0,AM076,68000,-11000,68000,11000,68000,11000,1
11,69,415,R0C0,AM077,69000,-11000,69000,11000,69000,11000,1
11,70,416,R0C0,AM078,70000,-11000,70000,11000,70000,11000,1
11,71,417,R0C0,AM079,71000,-11000,71000,11000,71000,11000,1
11,72,418,R0C0,AM081,72000,-11000,72000,11000,72000,11000,1
11,73,419,R0C0,AM082,73000,-11000,73000,11000,73000,11000,1
11,74,420,R0C0,AM083,74000,-11000,74000,11000,74000,11000,1
11,75,421,R0C0,AM084,75000,-11000,75000,11000,75000,11000,1
11,76,422,R0C0,AM085,76000,-11000,76000,11000,76000,11000,1
11,77,423,R0C0,AM086,77000,-11000,77000,11000,77000,11000,1
11,78,424,R0C0,AM087,78000,-11000,78000,11000,78000,11000,1
11,79,425,R0C0,AM088,79000,-11000,79000,11000,79000,11000,1
11,80,426,R0C0,AM089,80000,-11000,80000,11000,80000,11000,1
11,81,427,R0C0,AM091,81000,-11000,81000,11000,81000,11000,1
11,82,428,R0C0,AM092,82000,-11000,82000,11000,82000,11000,1
11,83,429,R0C0,AM093,83000,-11000,83000,11000,83000,11000,1
11,84,430,R0C0,AM094,84000,-11000,84000,11000,84000,11000,1
12,20,431,R0C0,AN023,20000,-12000,20000,12000,20000,12000,1
12,21,432,R0C0,AN024,21000,-12000,21000,12000,21000,12000,1
12,22,433,R0C0,AN025,22000,-12000,22000,12000,22000,12000,1
12,23,434,R0C0,AN026,23000,-12000,23000,12000,23000,12000,1
12,24,435,R0C0,AN027,24000,-12000,24000,12000,24000,12000,1
12,25,436,R0C0,AN028,25000,-12000,25000,12000,25000,12000,1
12,26,437,R0C0,AN029,26000,-12000,26000,12000,26000,12000,1
12,27,438,R0C0,AN031,27000,-12000,27000,12000,27000,12000,1
12,28,439,R0C0,AN032,28000,-12000,28000,12000,28000,12000,1
12,29,440,R0C0,AN033,29000,-12000,29000,12000,29000,12000,1
12,30,441,R0C0,AN034,30000,-12000,30000,12000,30000,12000,1
12,31,442,R0C0,AN035,31000,-12000,31000,12000,31000,12000,1
12,32,443,R0C0,AN036,32000,-12000,32000,12000,32000,12000,1
12,33,444,R0C0,AN037,33000,-12000,33000,12000,33000,12000,1
12,34,445,R0C0,AN038,34000,-12000,34000,12000,34000,12000,1
12,35,446,R0C0,AN039,35000,-12000,35000,12000,35000,12000,1
12,36,447,R0C0,AN041,36000,-12000,36000,12000,36000,12000,1
12,37,448,R0C0,AN042,37000,-12000,37000,12000,37000,12000,1
12,38,449,R0C0,AN043,38000,-12000,38000,12000,38000,12000,1
12,39,450,R0C0,AN044,39000,-12000,39000,12000,39000,12000,1
12,40,451,R0C0,AN045,40000,-12000,40000,12000,40000,12000,1
12,41,452,R0C0,AN046,41000,-12000,41000,12000,41000,12000,1
12,42,453,R0C0,AN047,42000,-12000,42000,12000,42000,12000,1
12,43,454,R0C0,AN048,43000,-12000,43000,12000,43000,12000,1
12,44,455,R0C0,AN049,44000,-12000,44000,12000,44000,12000,1
12,45,456,R0C0,AN051,45000,-12000,45000,12000,45000,12000,1
12,46,457,R0C0,AN052,46000,-12000,46000,12000,46000,12000,1
12,47,458,R0C0,AN053,47000,-12000,47000,12000,47000,12000,1
12,48,459,R0C0,AN054,48000,-12000,48000,12000,48000,12000,1
12,49,460,R0C0,AN055,49000,-12000,49000,12000,49000,12000,1
12,50,461,R0C0,AN056,50000,-12000,50000,12000,50000,12000,1
12,51,462,R0C0,AN057,51000,-12000,51000,12000,51000,12000,1
12,52,463,R0C0,AN058,52000,-12000,52000,12000,52000,12000,1
12,53,464,R0C0,AN059,53000,-12000,53000,12000,53000,12000,1
12,54,465,R0C0,AN061,54000,-12000,54000,12000,54000,12000,1
12,55,466,R0C0,AN062,55000,-12000,55000,12000,55000,12000,1
12,56,467,R0C0,AN063,56000,-12000,56000,12000,56000,12000,1
12,57,468,R0C0,AN064,57000,-12000,57000,12000,57000,12000,1
12,58,469,R0C0,AN065,58000,-12000,58000,12000,58000,12000,1
12,59,470,R0C0,AN066,59000,-12000,59000,12000,59000,12000,1
12,60,471,R0C0,AN067,60000,-12000,60000,12000,60000,12000,1
12,61,472,R0C0,AN068,61000,-12000,61000,12000,61000,12000,1
12,62,473,R0C0,AN069,62000,-12000,62000,12000,62000,12000,1
12,63,474,R0C0,AN071,63000,-12000,63000,12000,63000,12000,1
12,64,475,R0C0,AN072,64000,-12000,64000,12000,64000,12000,1
12,65,476,R0C0,AN073,65000,-12000,65000,12000,65000,12000,1
12,66,477,R0C0,AN074,66000,-12000,66000,12000,66000,12000,1
12,67,478,R0C0,AN075,67000,-12000,67000,12000,67000,12000,1
12,68,479,R0C0,AN076,68000,-12000,68000,12000,68000,12000,1
12,69,480,R0C0,AN077,69000,-12000,69000,12000,69000,12000,1
12,70,481,R0C0,AN078,70000,-12000,70000,12000,70000,12000,1
12,71,482,R0C0,AN079,71000,-12000,71000,12000,71000,12000,1
12,72,483,R0C0,AN081,72000,-12000,72000,12000,72000,12000,1
12,73,484,R0C0,AN082,73000,-12000,73000,12000,73000,12000,1
12,74,485,R0C0,AN083,74000,-12000,74000,12000,74000,12000,1
12,75,486,R0C0,AN084,75000,-12000,75000,12000,75000,12000,1
12,76,487,R0C0,AN085,76000,-12000,76000,12000,76000,12000,1
12,77,488,R0C0,AN086,77000,-12000,77000,12000,77000,12000,1
12,78,489,R0C0,AN087,78000,-12000,78000,12000,78000,12000,1
12,79,490,R0C0,AN088,79000,-12000,79000,12000,79000,12000,1
12,80,491,R0C0,AN089,80000,-12000,80000,12000,80000,12000,1
12,81,492,R0C0,AN091,81000,-12000,81000,12000,81000,12000,1
12,82,493,R0C0,AN092,82000,-12000,82000,12000,82000,12000,1
12,83,494,R0C0,AN093,83000,-12000,83000,12000,83000,12000,1
12,84,495,R0C0,AN094,84000,-12000,84000,12000,84000,12000,1
13,20,496,R0C0,AP023,20000,-13000,20000,13000,20000,13000,1
13,21,497,R0C0,AP024,21000,-13000,21000,13000,21000,13000,1
13,22,498,R0C0,AP025,22000,-13000,22000,13000,22000,13000,1
13,23,499,R0C0,AP026,23000,-13000,23000,13000,23000,13000,1
13,24,500,R0C0,AP027,24000,-13000,24000,13000,24000,13000,1
13,25,501,R0C0,AP028,25000,-13000,25000,13000,25000,13000,1
13,26,502,R0C0,AP029,26000,-13000,26000,13000,26000,13000,1
13,27,503,R0C0,AP031,27000,-13000,27000,13000,27000,13000,1
13,28,504,R0C0,AP032,28000,-13000,28000,13000,28000,13000,1
13,29,505,R0C0,AP033,29000,-13000,29000,13000,29000,13000,1
13,30,506,R0C0,AP034,30000,-13000,30000,13000,30000,13000,1
13,31,507,R0C0,AP035,31000,-13000,31000,13000,31000,13000,1
13,32,508,R0C0,AP036,32000,-13000,32000,13000,32000,13000,1
13,33,509,R0C0,AP037,33000,-13000,33000,13000,33000,13000,1
13,34,510,R0C0,AP038,34000,-13000,34000,13000,34000,13000,1
13,35,511,R0C0,AP039,35000,-13000,35000,13000,35000,13000,1
13,36,512,R0C0,AP041,36000,-13000,36000,13000,36000,13000,1
13,37,513,R0C0,AP042,37000,-13000,37000,13000,37000,13000,1
13,38,514,R0C0,AP043,38000,-13000,38000,13000,38000,13000,1
13,39,515,R0C0,AP044,39000,-13000,39000,13000,39000,13000,1
13,40,516,R0C0,AP045,40000,-13000,40000,13000,40000,13000,1
13,41,517,R0C0,AP046,41000,-13000,41000,13000,41000,13000,1
13,42,518,R0C0,AP047,42000,-13000,42000,13000,42000,13000,1
13,43,519,R0C0,AP048,43000,-13000,43000,13000,43000,13000,1
13,44,520,R0C0,AP049,44000,-13000,44000,13000,44000,13000,1
13,45,521,R0C0,AP051,45000,-13000,45000,13000,45000,13000,1
13,46,522,R0C0,AP052,46000,-13000,46000,13000,46000,13000,1
13,47,523,R0C0,AP053,47000,-13000,47000,13000,47000,13000,1
13,48,524,R0C0,AP054,48000,-13000,48000,13000,48000,13000,1
13,49,525,R0C0,AP055,49000,-13000,49000,13000,49000,13000,1
13,50,526,R0C0,AP056,50000,-13000,50000,13000,50000,13000,1
13,51,527,R0C0,AP057,51000,-13000,51000,13000,51000,13000,1
13,52,528,R0C0,AP058,52000,-13000,52000,13000,52000,13000,1
13,53,529,R0C0,AP059,53000,-13000,53000,13000,53000,13000,1
13,54,530,R0C0,AP061,54000,-13000,54000,13000,54000,13000,1
13,55,531,R0C0,AP062,55000,-13000,55000,13000,55000,13000,1
13,56,532,R0C0,AP063,56000,-13000,56000,13000,56000,13000,1
13,57,533,R0C0,AP064,57000,-13000,57000,13000,57000,13000,1
13,58,534,R0C0,AP065,58000,-13000,58000,13000,58000,13000,1
13,59,535,R0C0,AP066,59000,-13000,59000,13000,59000,13000,1
13,60,536,R0C0,AP067,60000,-13000,60000,13000,60000,13000,1
13,61,537,R0C0,AP068,61000,-13000,61000,13000,61000,13000,1
13,62,538,R0C0,AP069,62000,-13000,62000,13000,62000,13000,1
13,63,539,R0C0,AP071,63000,-13000,63000,13000,63000,13000,1
13,64,540,R0C0,AP072,64000,-13000,64000,13000,64000,13000,1
13,65,541,R0C0,AP073,65000,-13000,65000,13000,65000,13000,1
13,66,542,R0C0,AP074,66000,-13000,66000,13000,66000,13000,1
13,67,543,R0C0,AP075,67000,-13000,67000,13000,67000,13000,1
13,68,544,R0C0,AP076,68000,-13000,68000,13000,68000,13000,1
13,69,545,R0C0,AP077,69000,-13000,69000,13000,69000,13000,1
13,70,546,R0C0,AP078,70000,-13000,70000,13000,70000,13000,1
13,71,547,R0C0,AP079,71000,-13000,71000,13000,71000,13000,1
13,72,548,R0C0,AP081,72000,-13000,72000,13000,72000,13000,1
13,73,549,R0C0,AP082,73000,-13000,73000,13000,73000,13000,1
13,74,550,R0C0,AP083,74000,-13000,74000,13000,74000,13000,1
13,75,551,R0C0,AP084,75000,-13000,75000,13000,75000,13000,1
13,76,552,R0C0,AP085,76000,-13000,76000,13000,76000,13000,1
13,77,553,R0C0,AP086,77000,-13000,77000,13000,77000,13000,1
13,78,554,R0C0,AP087,78000,-13000,78000,13000,78000,13000,1
13,79,555,R0C0,AP088,79000,-13000,79000,13000,79000,13000,1
13,80,556,R0C0,AP089,80000,-13000,80000,13000,80000,13000,1
13,81,557,R0C0,AP091,81000,-13000,81000,13000,81000,13000,1
13,82,558,R0C0,AP092,82000,-13000,82000,13000,82000,13000,1
13,83,559,R0C0,AP093,83000,-13000,83000,13000,83000,13000,1
13,84,560,R0C0,AP094,84000,-13000,84000,13000,84000,13000,1
14,20,561,R0C0,AR023,20000,-14000,20000,14000,20000,14000,1
14,21,562,R0C0,AR024,21000,-14000,21000,14000,21000,14000,1
14,22,563,R0C0,AR025,22000,-14000,22000,14000,22000,14000,1
14,23,564,R0C0,AR026,23000,-14000,23000,14000,23000,14000,1
14,24,565,R0C0,AR027,24000,-14000,24000,14000,24000,14000,1
14,25,566,R0C0,AR028,25000,-14000,25000,14000,25000,14000,1
14,26,567,R0C0,AR029,26000,-14000,26000,14000,26000,14000,1
14,27,568,R0C0,AR031,27000,-14000,27000,14000,27000,14000,1
14,28,569,R0C0,AR032,28000,-14000,28000,14000,28000,14000,1
14,29,570,R0C0,AR033,29000,-14000,29000,14000,29000,14000,1
14,30,571,R0C0,AR034,30000,-14000,30000,14000,30000,14000,1
14,31,572,R0C0,AR035,31000,-14000,31000,14000,31000,14000,1
14,32,573,R0C0,AR036,32000,-14000,32000,14000,32000,14000,1
14,33,574,R0C0,AR037,33000,-14000,33000,14000,33000,14000,1
14,34,575,R0C0,AR038,34000,-14000,34000,14000,34000,14000,1
14,35,576,R0C0,AR039,35000,-14000,35000,14000,35000,14000,1
14,36,577,R0C0,AR041,36000,-14000,36000,14000,36000,14000,1
14,37,578,R0C0,AR042,37000,-14000,37000,14000,37000,14000,1
14,38,579,R0C0,AR043,38000,-14000,38000,14000,38000,14000,1
14,39,580,R0C0,AR044,39000,-14000,39000,14000,39000,14000,1
14,40,581,R0C0,AR045,40000,-14000,40000,14000,40000,14000,1
14,41,582,R0C0,AR046,41000,-14000,41000,14000,41000,14000,1
14,42,583,R0C0,AR047,42000,-14000,42000,14000,42000,14000,1
14,43,584,R0C0,AR048,43000,-14000,43000,14000,43000,14000,1
14,44,585,R0C0,AR049,44000,-14000,44000,14000,44000,14000,1
14,45,586,R0C0,AR051,45000,-14000,45000,14000,45000,14000,1
14,46,587,R0C0,AR052,46000,-14000,46000,14000,46000,14000,1
14,47,588,R0C0,AR053,47000,-14000,47000,14000,47000,14000,1
14,48,589,R0C0,AR054,48000,-14000,48000,14000,48000,14000,1
14,49,590,R0C0,AR055,49000,-14000,49000,14000,49000,14000,1
14,50,591,R0C0,AR056,50000,-14000,50000,14000,50000,14000,1
14,51,592,R0C0,AR057,51000,-14000,51000,14000,51000,14000,1
14,52,593,R0C0,AR058,52000,-14000,52000,14000,52000,14000,1
14,53,594,R0C0,AR059,53000,-14000,53000,14000,53000,14000,1
14,54,595,R0C0,AR061,54000,-14000,54000,14000,54000,14000,1
14,55,596,R0C0,AR062,55000,-14000,55000,14000,55000,14000,1
14,56,597,R0C0,AR063,56000,-14000,56000,14000,56000,14000,1
14,57,598,R0C0,AR064,57000,-14000,57000,14000,57000,14000,1
14,58,599,R0C0,AR065,58000,-14000,58000,14000,58000,14000,1
14,59,600,R0C0,AR066,59000,-14000,59000,14000,59000,14000,1
14,60,601,R0C0,AR067,60000,-14000,60000,14000,60000,14000,1
14,61,602,R0C0,AR068,61000,-14000,61000,14000,61000,14000,1
14,62,603,R0C0,AR069,62000,-14000,62000,14000,62000,14000,1
14,63,604,R0C0,AR071,63000,-14000,63000,14000,63000,14000,1
14,64,605,R0C0,AR072,64000,-14000,64000,14000,64000,14000,1
14,65,606,R0C0,AR073,65000,-14000,65000,14000,65000,14000,1
14,66,607,R0C0,AR074,66000,-14000,66000,14000,66000,14000,1
14,67,608,R0C0,AR075,67000,-14000,67000,14000,67000,14000,1
14,68,609,R0C0,AR076,68000,-14000,68000,14000,68000,14000,1
14,69,610,R0C0,AR077,69000,-14000,69000,14000,69000,14000,1
14,70,611,R0C0,AR078,70000,-14000,70000,14000,70000,14000,1
14,71,612,R0C0,AR079,71000,-14000,71000,14000,71000,14000,1
14,72,613,R0C0,AR081,72000,-14000,72000,14000,72000,14000,1
14,73,614,R0C0,AR082,73000,-14000,73000,14000,73000,14000,1
14,74,615,R0C0,AR083,74000,-14000,74000,14000,74000,14000,1
14,75,616,R0C0,AR084,75000,-14000,75000,14000,75000,14000,1
14,76,617,R0C0,AR085,76000,-14000,76000,14000,76000,14000,1
14,77,618,R0C0,AR086,77000,-14000,77000,14000,77000,14000,1
14,78,619,R0C0,AR087,78000,-14000,78000,14000,78000,14000,1
14,79,620,R0C0,AR088,79000,-14000,79000,14000,79000,14000,1
14,80,621,R0C0,AR089,80000,-14000,80000,14000,80000,14000,1
14,81,622,R0C0,AR091,81000,-14000,81000,14000,81000,14000,1
14,82,623,R0C0,AR092,82000,-14000,82000,14000,82000,14000,1
14,83,624,R0C0,AR093,83000,-14000,83000,14000,83000,14000,1
14,84,625,R0C0,AR094,84000,-14000,84000,14000,84000,14000,1
15,15,626,R0C0,AS017,15000,-15000,15000,15000,15000,15000,1
15,16,627,R0C0,AS018,16000,-15000,16000,15000,16000,15000,1
15,17,628,R0C0,AS019,17000,-15000,17000,15000,17000,15000,1
15,18,629,R0C0,AS021,18000,-15000,18000,15000,18000,15000,1
15,19,630,R0C0,AS022,19000,-15000,19000,15000,19000,15000,1
15,20,631,R0C0,AS023,20000,-15000,20000,15000,20000,15000,1
15,21,632,R0C0,AS024,21000,-15000,21000,15000,21000,15000,1
15,22,633,R0C0,AS025,22000,-15000,22000,15000,22000,15000,1
15,23,634,R0C0,AS026,23000,-15000,23000,15000,23000,15000,1
15,24,635,R0C0,AS027,24000,-15000,24000,15000,24000,15000,1
15,25,636,R0C0,AS028,25000,-15000,25000,15000,25000,15000,1
15,26,637,R0C0,AS029,26000,-15000,26000,15000,26000,15000,1
15,27,638,R0C0,AS031,27000,-15000,27000,15000,27000,15000,1
15,28,639,R0C0,AS032,28000,-15000,28000,15000,28000,15000,1
15,29,640,R0C0,AS033,29000,-15000,29000,15000,29000,15000,1
15,30,641,R0C0,AS034,30000,-15000,30000,15000,30000,15000,1
15,31,642,R0C0,AS035,31000,-15000,31000,15000,31000,15000,1
15,32,643,R0C0,AS036,32000,-15000,32000,15000,32000,15000,1
15,33,644,R0C0,AS037,33000,-15000,33000,15000,33000,15000,1
15,34,645,R0C0,AS038,34000,-15000,34000,15000,34000,15000,1
15,35,646,R0C0,AS039,35000,-15000,35000,15000,35000,15000,1
15,36,647,R0C0,AS041,36000,-15000,36000,15000,36000,15000,1
15,37,648,R0C0,AS042,37000,-15000,37000,15000,37000,15000,1
15,38,649,R0C0,AS043,38000,-15000,38000,15000,38000,15000,1
15,39,650,R0C0,AS044,39000,-15000,39000,15000,39000,15000,1
15,40,651,R0C0,AS045,40000,-15000,40000,15000,40000,15000,1
15,41,652,R0C0,AS046,41000,-15000,41000,15000,41000,15000,1
15,42,653,R0C0,AS047,42000,-15000,42000,15000,42000,15000,1
15,43,654,R0C0,AS048,43000,-15000,43000,15000,43000,15000,1
15,44,655,R0C0,AS049,44000,-15000,44000,15000,44000,15000,1
15,45,656,R0C0,AS051,45000,-15000,45000,15000,45000,15000,1
15,46,657,R0C0,AS052,46000,-15000,46000,15000,46000,15000,1
15,47,658,R0C0,AS053,47000,-15000,47000,15000,47000,15000,1
15,48,659,R0C0,AS054,48000,-15000,48000,15000,48000,15000,1
15,49,660,R0C0,AS055,49000,-15000,49000,15000,49000,15000,1
15,50,661,R0C0,AS056,50000,-15000,50000,15000,50000,15000,1
15,51,662,R0C0,AS057,51000,-15000,51000,15000,51000,15000,1
15,52,663,R0C0,AS058,52000,-15000,52000,15000,52000,15000,1
15,53,664,R0C0,AS059,53000,-15000,53000,15000,53000,15000,1
15,54,665,R0C0,AS061,54000,-15000,54000,15000,54000,15000,1
15,55,666,R0C0,AS062,55000,-15000,55000,15000,55000,15000,1
15,56,667,R0C0,AS063,56000,-15000,56000,15000,56000,15000,1
15,57,668,R0C0,AS064,57000,-15000,57000,15000,57000,15000,1
15,58,669,R0C0,AS065,58000,-15000,58000,15000,58000,15000,1
15,59,670,R0C0,AS066,59000,-15000,59000,15000,59000,15000,1
15,60,671,R0C0,AS067,60000,-15000,60000,15000,60000,15000,1
15,61,672,R0C0,AS068,61000,-15000,61000,15000,61000,15000,1
15,62,673,R0C0,AS069,62000,-15000,62000,15000,62000,15000,1
15,63,674,R0C0,AS071,63000,-15000,63000,15000,63000,15000,1
15,64,675,R0C0,AS072,64000,-15000,64000,15000,64000,15000,1
15,65,676,R0C0,AS073,65000,-15000,65000,15000,65000,15000,1
15,66,677,R0C0,AS074,66000,-15000,66000,15000,66000,15000,1
15,67,678,R0C0,AS075,67000,-15000,67000,15000,67000,15000,1
15,68,679,R0C0,AS076,68000,-15000,68000,15000,68000,15000,1
15,69,680,R0C0,AS077,69000,-15000,69000,15000,69000,15000,1
15,70,681,R0C0,AS078,70000,-15000,70000,15000,70000,15000,1
15,71,682,R0C0,AS079,71000,-15000,71000,15000,71000,15000,1
15,72,683,R0C0,AS081,72000,-15000,72000,15000,72000,15000,1
15,73,684,R0C0,AS082,73000,-15000,73000,15000,73000,15000,1
15,74,685,R0C0,AS083,74000,-15000,74000,15000,74000,15000,1
15,75,686,R0C0,AS084,75000,-15000,75000,15000,75000,15000,1
15,76,687,R0C0,AS085,76000,-15000,76000,15000,76000,15000,1
15,77,688,R0C0,AS086,77000,-15000,77000,15000,77000,15000,1
15,78,689,R0C0,AS087,78000,-15000,78000,15000,78000,15000,1
15,79,690,R0C0,AS088,79000,-15000,79000,15000,79000,15000,1
15,80,691,R0C0,AS089,80000,-15000,80000,15000,80000,15000,1
15,81,692,R0C0,AS091,81000,-15000,81000,15000,81000,15000,1
15,82,693,R0C0,AS092,82000,-15000,82000,15000,82000,15000,1
15,83,694,R0C0,AS093,83000,-15000,83000,15000,83000,15000,1
15,84,695,R0C0,AS094,84000,-15000,84000,15000,84000,15000,1
15,85,696,R0C0,AS095,85000,-15000,85000,15000,85000,15000,1
15,86,697,R0C0,AS096,86000,-15000,86000,15000,86000,15000,1
15,87,698,R0C0,AS097,87000,-15000,87000,15000,87000,15000,1
15,88,699,R0C0,AS098,88000,-15000,88000,15000,88000,15000,1
15,89,700,R0C0,AS099,89000,-15000,89000,15000,89000,15000,1
16,15,701,R0C0,AT017,15000,-16000,15000,16000,15000,16000,1
16,16,702,R0C0,AT018,16000,-16000,16000,16000,16000,16000,1
16,17,703,R0C0,AT019,17000,-16000,17000,16000,17000,16000,1
16,18,704,R0C0,AT021,18000,-16000,18000,16000,18000,16000,1
16,19,705,R0C0,AT022,19000,-16000,19000,16000,19000,16000,1
16,20,706,R0C0,AT023,20000,-16000,20000,16000,20000,16000,1
16,21,707,R0C0,AT024,21000,-16000,21000,16000,21000,16000,1
16,22,708,R0C0,AT025,22000,-16000,22000,16000,22000,16000,1
16,23,709,R0C0,AT026,23000,-16000,23000,16000,23000,16000,1
16,24,710,R0C0,AT027,24000,-16000,24000,16000,24000,16000,1
16,25,711,R0C0,AT028,25000,-16000,25000,16000,25000,16000,1
16,26,712,R0C0,AT029,26000,-16000,26000,16000,26000,16000,1
16,27,713,R0C0,AT031,27000,-16000,27000,16000,27000,16000,1
16,28,714,R0C0,AT032,28000,-16000,28000,16000,28000,16000,1
16,29,715,R0C0,AT033,29000,-16000,29000,16000,29000,16000,1
16,30,716,R0C0,AT034,30000,-16000,30000,16000,30000,16000,1
16,31,717,R0C0,AT035,31000,-16000,31000,16000,31000,16000,1
16,32,718,R0C0,AT036,32000,-16000,32000,16000,32000,16000,1
16,33,719,R0C0,AT037,33000,-16000,33000,16000,33000,16000,1
16,34,720,R0C0,AT038,34000,-16000,34000,16000,34000,16000,1
16,35,721,R0C0,AT039,35000,-16000,35000,16000,35000,16000,1
16,36,722,R0C0,AT041,36000,-16000,36000,16000,36000,16000,1
16,37,723,R0C0,AT042,37000,-16000,37000,16000,37000,16000,1
16,38,724,R0C0,AT043,38000,-16000,38000,16000,38000,16000,1
16,39,725,R0C0,AT044,39000,-16000,39000,16000,39000,16000,1
16,40,726,R0C0,AT045,40000,-16000,40000,16000,40000,16000,1
16,41,727,R0C0,AT046,41000,-16000,41000,16000,41000,16000,1
16,42,728,R0C0,AT047,42000,-16000,42000,16000,42000,16000,1
16,43,729,R0C0,AT048,43000,-16000,43000,16000,43000,16000,1
16,44,730,R0C0,AT049,44000,-16000,44000,16000,44000,16000,1
16,45,731,R0C0,AT051,45000,-16000,45000,16000,45000,16000,1
16,46,732,R0C0,AT052,46000,-16000,46000,16000,46000,16000,1
16,47,733,R0C0,AT053,47000,-16000,47000,16000,47000,16000,1
16,48,734,R0C0,AT054,48000,-16000,48000,16000,48000,16000,1
16,49,735,R0C0,AT055,49000,-16000,49000,16000,49000,16000,1
16,50,736,R0C0,AT056,50000,-16000,50000,16000,50000,16000,1
16,51,737,R0C0,AT057,51000,-16000,51000,16000,51000,16000,1
16,52,738,R0C0,AT058,52000,-16000,52000,16000,52000,16000,1
16,53,739,R0C0,AT059,53000,-16000,53000,16000,53000,16000,1
16,54,740,R0C0,AT061,54000,-16000,54000,16000,54000,16000,1
16,55,741,R0C0,AT062,55000,-16000,55000,16000,55000,16000,1
16,56,742,R0C0,AT063,56000,-16000,56000,16000,56000,16000,1
16,57,743,R0C0,AT064,57000,-16000,57000,16000,57000,16000,1
16,58,744,R0C0,AT065,58000,-16000,58000,16000,58000,16000,1
16,59,745,R0C0,AT066,59000,-16000,59000,16000,59000,16000,1
16,60,746,R0C0,AT067,60000,-16000,60000,16000,60000,16000,1
16,61,747,R0C0,AT068,61000,-16000,61000,16000,61000,16000,1
16,62,748,R0C0,AT069,62000,-16000,62000,16000,62000,16000,1
16,63,749,R0C0,AT071,63000,-16000,63000,16000,63000,16000,1
16,64,750,R0C0,AT072,64000,-16000,64000,16000,64000,16000,1
16,65,751,R0C0,AT073,65000,-16000,65000,16000,65000,16000,1
16,66,752,R0C0,AT074,66000,-16000,66000,16000,66000,16000,1
16,67,753,R0C0,AT075,67000,-16000,67000,16000,67000,16000,1
16,68,754,R0C0,AT076,68000,-16000,68000,16000,68000,16000,1
16,69,755,R0C0,AT077,69000,-16000,69000,16000,69000,16000,1
16,70,756,R0C0,AT078,70000,-16000,70000,16000,70000,16000,1
16,71,757,R0C0,AT079,71000,-16000,71000,16000,71000,16000,1
16,72,758,R0C0,AT081,72000,-16000,72000,16000,72000,16000,1
16,73,759,R0C0,AT082,73000,-16000,73000,16000,73000,16000,1
16,74,760,R0C0,AT083,74000,-16000,74000,16000,74000,16000,1
16,75,761,R0C0,AT084,75000,-16000,75000,16000,75000,16000,1
16,76,762,R0C0,AT085,76000,-16000,76000,16000,76000,16000,1
16,77,763,R0C0,AT086,77000,-16000,77000,16000,77000,16000,1
16,78,764,R0C0,AT087,78000,-16000,78000,16000,78000,16000,1
16,79,765,R0C0,AT088,79000,-16000,79000,16000,79000,16000,1
16,80,766,R0C0,AT089,80000,-16000,80000,16000,80000,16000,1
16,81,767,R0C0,AT091,81000,-16000,81000,16000,81000,16000,1
16,82,768,R0C0,AT092,82000,-16000,82000,16000,82000,16000,1
16,83,769,R0C0,AT093,83000,-16000,83000,16000,83000,16000,1
16,84,770,R0C0,AT094,84000,-16000,84000,16000,84000,16000,1
16,85,771,R0C0,AT095,85000,-16000,85000,16000,85000,16000,1
16,86,772,R0C0,AT096,86000,-16000,86000,16000,86000,16000,1
16,87,773,R0C0,AT097,87000,-16000,87000,16000,87000,16000,1
16,88,774,R0C0,AT098,88000,-16000,88000,16000,88000,16000,1
16,89,775,R0C0,AT099,89000,-16000,89000,16000,89000,16000,1
17,15,776,R0C0,AU017,15000,-17000,15000,17000,15000,17000,1
17,16,777,R0C0,AU018,16000,-17000,16000,17000,16000,17000,1
17,17,778,R0C0,AU019,17000,-17000,17000,17000,17000,17000,1
17,18,779,R0C0,AU021,18000,-17000,18000,17000,18000,17000,1
17,19,780,R0C0,AU022,19000,-17000,19000,17000,19000,17000,1
17,20,781,R0C0,AU023,20000,-17000,20000,17000,20000,17000,1
17,21,782,R0C0,AU024,21000,-17000,21000,17000,21000,17000,1
17,22,783,R0C0,AU025,22000,-17000,22000,17000,22000,17000,1
17,23,784,R0C0,AU026,23000,-17000,23000,17000,23000,17000,1
17,24,785,R0C0,AU027,24000,-17000,24000,17000,24000,17000,1
17,25,786,R0C0,AU028,25000,-17000,25000,17000,25000,17000,1
17,26,787,R0C0,AU029,26000,-17000,26000,17000,26000,17000,1
17,27,788,R0C0,AU031,27000,-17000,27000,17000,27000,17000,1
17,28,789,R0C0,AU032,28000,-17000,28000,17000,28000,17000,1
17,29,790,R0C0,AU033,29000,-17000,29000,17000,29000,17000,1
17,30,791,R0C0,AU034,30000,-17000,30000,17000,30000,17000,1
17,31,792,R0C0,AU035,31000,-17000,31000,17000,31000,17000,1
17,32,793,R0C0,AU036,32000,-17000,32000,17000,32000,17000,1
17,33,794,R0C0,AU037,33000,-17000,33000,17000,33000,17000,1
17,34,795,R0C0,AU038,34000,-17000,34000,17000,34000,17000,1
17,35,796,R0C0,AU039,35000,-17000,35000,17000,35000,17000,1
17,36,797,R0C0,AU041,36000,-17000,36000,17000,36000,17000,1
17,37,798,R0C0,AU042,37000,-17000,37000,17000,37000,17000,1
17,38,799,R0C0,AU043,38000,-17000,38000,17000,38000,17000,1
17,39,800,R0C0,AU044,39000,-17000,39000,17000,39000,17000,1
17,40,801,R0C0,AU045,40000,-17000,40000,17000,40000,17000,1
17,41,802,R0C0,AU046,41000,-17000,41000,17000,41000,17000,1
17,42,803,R0C0,AU047,42000,-17000,42000,17000,42000,17000,1
17,43,804,R0C0,AU048,43000,-17000,43000,17000,43000,17000,1
17,44,805,R0C0,AU049,44000,-17000,44000,17000,44000,17000,1
17,45,806,R0C0,AU051,45000,-17000,45000,17000,45000,17000,1
17,46,807,R0C0,AU052,46000,-17000,46000,17000,46000,17000,1
17,47,808,R0C0,AU053,47000,-17000,47000,17000,47000,17000,1
17,48,809,R0C0,AU054,48000,-17000,48000,17000,48000,17000,1
17,49,810,R0C0,AU055,49000,-17000,49000,17000,49000,17000,1
17,50,811,R0C0,AU056,50000,-17000,50000,17000,50000,17000,1
17,51,812,R0C0,AU057,51000,-17000,51000,17000,51000,17000,1
17,52,813,R0C0,AU058,52000,-17000,52000,17000,52000,17000,1
17,53,814,R0C0,AU059,53000,-17000,53000,17000,53000,17000,1
17,54,815,R0C0,AU061,54000,-17000,54000,17000,54000,17000,1
17,55,816,R0C0,AU062,55000,-17000,55000,17000,55000,17000,1
17,56,817,R0C0,AU063,56000,-17000,56000,17000,56000,17000,1
17,57,818,R0C0,AU064,57000,-17000,57000,17000,57000,17000,1
17,58,819,R0C0,AU065,58000,-17000,58000,17000,58000,17000,1
17,59,820,R0C0,AU066,59000,-17000,59000,17000,59000,17000,1
17,60,821,R0C0,AU067,60000,-17000,60000,17000,60000,17000,1
17,61,822,R0C0,AU068,61000,-17000,61000,17000,61000,17000,1
17,62,823,R0C0,AU069,62000,-17000,62000,17000,62000,17000,1
17,63,824,R0C0,AU071,63000,-17000,63000,17000,63000,17000,1
17,64,825,R0C0,AU072,64000,-17000,64000,17000,64000,17000,1
17,65,826,R0C0,AU073,65000,-17000,65000,17000,65000,17000,1
17,66,827,R0C0,AU074,66000,-17000,66000,17000,66000,17000,1
17,67,828,R0C0,AU075,67000,-17000,67000,17000,67000,17000,1
17,68,829,R0C0,AU076,68000,-17000,68000,17000,68000,17000,1
17,69,830,R0C0,AU077,69000,-17000,69000,17000,69000,17000,1
17,70,831,R0C0,AU078,70000,-17000,70000,17000,70000,17000,1
17,71,832,R0C0,AU079,71000,-17000,71000,17000,71000,17000,1
17,72,833,R0C0,AU081,72000,-17000,72000,17000,72000,17000,1
17,73,834,R0C0,AU082,73000,-17000,73000,17000,73000,17000,1
17,74,835,R0C0,AU083,74000,-17000,74000,17000,74000,17000,1
17,75,836,R0C0,AU084,75000,-17000,75000,17000,75000,17000,1
17,76,837,R0C0,AU085,76000,-17000,76000,17000,76000,17000,1
17,77,838,R0C0,AU086,77000,-17000,77000,17000,77000,17000,1
17,78,839,R0C0,AU087,78000,-17000,78000,17000,78000,17000,1
17,79,840,R0C0,AU088,79000,-17000,79000,17000,79000,17000,1
17,80,841,R0C0,AU089,80000,-17000,80000,17000,80000,17000,1
17,81,842,R0C0,AU091,81000,-17000,81000,17000,81000,17000,1
17,82,843,R0C0,AU092,82000,-17000,82000,17000,82000,17000,1
17,83,844,R0C0,AU093,83000,-17000,83000,17000,83000,17000,1
17,84,845,R0C0,AU094,84000,-17000,84000,17000,84000,17000,1
17,85,846,R0C0,AU095,85000,-17000,85000,17000,85000,17000,1
17,86,847,R0C0,AU096,86000,-17000,86000,17000,86000,17000,1
17,87,848,R0C0,AU097,87000,-17000,87000,17000,87000,17000,1
17,88,849,R0C0,AU098,88000,-17000,88000,17000,88000,17000,1
17,89,850,R0C0,AU099,89000,-17000,89000,17000,89000,17000,1
18,15,851,R0C0,AV017,15000,-18000,15000,18000,15000,18000,1
18,16,852,R0C0,AV018,16000,-18000,16000,18000,16000,18000,1
18,17,853,R0C0,AV019,17000,-18000,17000,18000,17000,18000,1
18,18,854,R0C0,AV021,18000,-18000,18000,18000,18000,18000,1
18,19,855,R0C0,AV022,19000,-18000,19000,18000,19000,18000,1
18,20,856,R0C0,AV023,20000,-18000,20000,18000,20000,18000,1
18,21,857,R0C0,AV024,21000,-18000,21000,18000,21000,18000,1
18,22,858,R0C0,AV025,22000,-18000,22000,18000,22000,18000,1
18,23,859,R0C0,AV026,23000,-18000,23000,18000,23000,18000,1
18,24,860,R0C0,AV027,24000,-18000,24000,18000,24000,18000,1
18,25,861,R0C0,AV028,25000,-18000,25000,18000,25000,18000,1
18,26,862,R0C0,AV029,26000,-18000,26000,18000,26000,18000,1
18,27,863,R0C0,AV031,27000,-18000,27000,18000,27000,18000,1
18,28,864,R0C0,AV032,28000,-18000,28000,18000,28000,18000,1
18,29,865,R0C0,AV033,29000,-18000,29000,18000,29000,18000,1
18,30,866,R0C0,AV034,30000,-18000,30000,18000,30000,18000,1
18,31,867,R0C0,AV035,31000,-18000,31000,18000,31000,18000,1
18,32,868,R0C0,AV036,32000,-18000,32000,18000,32000,18000,1
18,33,869,R0C0,AV037,33000,-18000,33000,18000,33000,18000,1
18,34,870,R0C0,AV038,34000,-18000,34000,18000,34000,18000,1
18,35,871,R0C0,AV039,35000,-18000,35000,18000,35000,18000,1
18,36,872,R0C0,AV041,36000,-18000,36000,18000,36000,18000,1
18,37,873,R0C0,AV042,37000,-18000,37000,18000,37000,18000,1
18,38,874,R0C0,AV043,38000,-18000,38000,18000,38000,18000,1
18,39,875,R0C0,AV044,39000,-18000,39000,18000,39000,18000,1
18,40,876,R0C0,AV045,40000,-18000,40000,18000,40000,18000,1
18,41,877,R0C0,AV046,41000,-18000,41000,18000,41000,18000,1
18,42,878,R0C0,AV047,42000,-18000,42000,18000,42000,18000,1
18,43,879,R0C0,AV048,43000,-18000,43000,18000,43000,18000,1
18,44,880,R0C0,AV049,44000,-18000,44000,18000,44000,18000,1
18,45,881,R0C0,AV051,45000,-18000,45000,18000,45000,18000,1
18,46,882,R0C0,AV052,46000,-18000,46000,18000,46000,18000,1
18,47,883,R0C0,AV053,47000,-18000,47000,18000,47000,18000,1
18,48,884,R0C0,AV054,48000,-18000,48000,18000,48000,18000,1
18,49,885,R0C0,AV055,49000,-18000,49000,18000,49000,18000,1
18,50,886,R0C0,AV056,50000,-18000,50000,18000,50000,18000,1
18,51,887,R0C0,AV057,51000,-18000,51000,18000,51000,18000,1
18,52,888,R0C0,AV058,52000,-18000,52000,18000,52000,18000,1
18,53,889,R0C0,AV059,53000,-18000,53000,18000,53000,18000,1
18,54,890,R0C0,AV061,54000,-18000,54000,18000,54000,18000,1
18,55,891,R0C0,AV062,55000,-18000,55000,18000,55000,18000,1
18,56,892,R0C0,AV063,56000,-18000,56000,18000,56000,18000,1
18,57,893,R0C0,AV064,57000,-18000,57000,18000,57000,18000,1
18,58,894,R0C0,AV065,58000,-18000,58000,18000,58000,18000,1
18,59,895,R0C0,AV066,59000,-18000,59000,18000,59000,18000,1
18,60,896,R0C0,AV067,60000,-18000,60000,18000,60000,18000,1
18,61,897,R0C0,AV068,61000,-18000,61000,18000,61000,18000,1
18,62,898,R0C0,AV069,62000,-18000,62000,18000,62000,18000,1
18,63,899,R0C0,AV071,63000,-18000,63000,18000,63000,18000,1
18,64,900,R0C0,AV072,64000,-18000,64000,18000,64000,18000,1
18,65,901,R0C0,AV073,65000,-18000,65000,18000,65000,18000,1
18,66,902,R0C0,AV074,66000,-18000,66000,18000,66000,18000,1
18,67,903,R0C0,AV075,67000,-18000,67000,18000,67000,18000,1
18,68,904,R0C0,AV076,68000,-18000,68000,18000,68000,18000,1
18,69,905,R0C0,AV077,69000,-18000,69000,18000,69000,18000,1
18,70,906,R0C0,AV078,70000,-18000,70000,18000,70000,18000,1
18,71,907,R0C0,AV079,71000,-18000,71000,18000,71000,18000,1
18,72,908,R0C0,AV081,72000,-18000,72000,18000,72000,18000,1
18,73,909,R0C0,AV082,73000,-18000,73000,18000,73000,18000,1
18,74,910,R0C0,AV083,74000,-18000,74000,18000,74000,18000,1
18,75,911,R0C0,AV084,75000,-18000,75000,18000,75000,18000,1
18,76,912,R0C0,AV085,76000,-18000,76000,18000,76000,18000,1
18,77,913,R0C0,AV086,77000,-18000,77000,18000,77000,18000,1
18,78,914,R0C0,AV087,78000,-18000,78000,18000,78000,18000,1
18,79,915,R0C0,AV088,79000,-18000,79000,18000,79000,18000,1
18,80,916,R0C0,AV089,80000,-18000,80000,18000,80000,18000,1
18,81,917,R0C0,AV091,81000,-18000,81000,18000,81000,18000,1
18,82,918,R0C0,AV092,82000,-18000,82000,18000,82000,18000,1
18,83,919,R0C0,AV093,83000,-18000,83000,18000,83000,18000,1
18,84,920,R0C0,AV094,84000,-18000,84000,18000,84000,18000,1
18,85,921,R0C0,AV095,85000,-18000,85000,18000,85000,18000,1
18,86,922,R0C0,AV096,86000,-18000,86000,18000,86000,18000,1
18,87,923,R0C0,AV097,87000,-18000,87000,18000,87000,18000,1
18,88,924,R0C0,AV098,88000,-18000,88000,18000,88000,18000,1
18,89,925,R0C0,AV099,89000,-18000,89000,18000,89000,18000,1
19,15,926,R0C0,AW017,15000,-19000,15000,19000,15000,19000,1
19,16,927,R0C0,AW018,16000,-19000,16000,19000,16000,19000,1
19,17,928,R0C0,AW019,17000,-19000,17000,19000,17000,19000,1
19,18,929,R0C0,AW021,18000,-19000,18000,19000,18000,19000,1
19,19,930,R0C0,AW022,19000,-19000,19000,19000,19000,19000,1
19,20,931,R0C0,AW023,20000,-19000,20000,19000,20000,19000,1
19,21,932,R0C0,AW024,21000,-19000,21000,19000,21000,19000,1
19,22,933,R0C0,AW025,22000,-19000,22000,19000,22000,19000,1
19,23,934,R0C0,AW026,23000,-19000,23000,19000,23000,19000,1
19,24,935,R0C0,AW027,24000,-19000,24000,19000,24000,19000,1
19,25,936,R0C0,AW028,25000,-19000,25000,19000,25000,19000,1
19,26,937,R0C0,AW029,26000,-19000,26000,19000,26000,19000,1
19,27,938,R0C0,AW031,27000,-19000,27000,19000,27000,19000,1
19,28,939,R0C0,AW032,28000,-19000,28000,19000,28000,19000,1
19,29,940,R0C0,AW033,29000,-19000,29000,19000,29000,19000,1
19,30,941,R0C0,AW034,30000,-19000,30000,19000,30000,19000,1
19,31,942,R0C0,AW035,31000,-19000,31000,19000,31000,19000,1
19,32,943,R0C0,AW036,32000,-19000,32000,19000,32000,19000,1
19,33,944,R0C0,AW037,33000,-19000,33000,19000,33000,19000,1
19,34,945,R0C0,AW038,34000,-19000,34000,19000,34000,19000,1
19,35,946,R0C0,AW039,35000,-19000,35000,19000,35000,19000,1
19,36,947,R0C0,AW041,36000,-19000,36000,19000,36000,19000,1
19,37,948,R0C0,AW042,37000,-19000,37000,19000,37000,19000,1
19,38,949,R0C0,AW043,38000,-19000,38000,19000,38000,19000,1
19,39,950,R0C0,AW044,39000,-19000,39000,19000,39000,19000,1
19,40,951,R0C0,AW045,40000,-19000,40000,19000,40000,19000,1
19,41,952,R0C0,AW046,41000,-19000,41000,19000,41000,19000,1
19,42,953,R0C0,AW047,42000,-19000,42000,19000,42000,19000,1
19,43,954,R0C0,AW048,43000,-19000,43000,19000,43000,19000,1
19,44,955,R0C0,AW049,44000,-19000,44000,19000,44000,19000,1
19,45,956,R0C0,AW051,45000,-19000,45000,19000,45000,19000,1
19,46,957,R0C0,AW052,46000,-19000,46000,19000,46000,19000,1
19,47,958,R0C0,AW053,47000,-19000,47000,19000,47000,19000,1
19,48,959,R0C0,AW054,48000,-19000,48000,19000,48000,19000,1
19,49,960,R0C0,AW055,49000,-19000,49000,19000,49000,19000,1
19,50,961,R0C0,AW056,50000,-19000,50000,19000,50000,19000,1
19,51,962,R0C0,AW057,51000,-19000,51000,19000,51000,19000,1
19,52,963,R0C0,AW058,52000,-19000,52000,19000,52000,19000,1
19,53,964,R0C0,AW059,53000,-19000,53000,19000,53000,19000,1
19,54,965,R0C0,AW061,54000,-19000,54000,19000,54000,19000,1
19,55,966,R0C0,AW062,55000,-19000,55000,19000,55000,19000,1
19,56,967,R0C0,AW063,56000,-19000,56000,19000,56000,19000,1
19,57,968,R0C0,AW064,57000,-19000,57000,19000,57000,19000,1
19,58,969,R0C0,AW065,58000,-19000,58000,19000,58000,19000,1
19,59,970,R0C0,AW066,59000,-19000,59000,19000,59000,19000,1
19,60,971,R0C0,AW067,60000,-19000,60000,19000,60000,19000,1
19,61,972,R0C0,AW068,61000,-19000,61000,19000,61000,19000,1
19,62,973,R0C0,AW069,62000,-19000,62000,19000,62000,19000,1
19,63,974,R0C0,AW071,63000,-19000,63000,19000,63000,19000,1
19,64,975,R0C0,AW072,64000,-19000,64000,19000,64000,19000,1
19,65,976,R0C0,AW073,65000,-19000,65000,19000,65000,19000,1
19,66,977,R0C0,AW074,66000,-19000,66000,19000,66000,19000,1
19,67,978,R0C0,AW075,67000,-19000,67000,19000,67000,19000,1
19,68,979,R0C0,AW076,68000,-19000,68000,19000,68000,19000,1
19,69,980,R0C0,AW077,69000,-19000,69000,19000,69000,19000,1
19,70,981,R0C0,AW078,70000,-19000,70000,19000,70000,19000,1
19,71,982,R0C0,AW079,71000,-19000,71000,19000,71000,19000,1
19,72,983,R0C0,AW081,72000,-19000,72000,19000,72000,19000,1
19,73,984,R0C0,AW082,73000,-19000,73000,19000,73000,19000,1
19,74,985,R0C0,AW083,74000,-19000,74000,19000,74000,19000,1
19,75,986,R0C0,AW084,75000,-19000,75000,19000,75000,19000,1
19,76,987,R0C0,AW085,76000,-19000,76000,19000,76000,19000,1
19,77,988,R0C0,AW086,77000,-19000,77000,19000,77000,19000,1
19,78,989,R0C0,AW087,78000,-19000,78000,19000,78000,19000,1
19,79,990,R0C0,AW088,79000,-19000,79000,19000,79000,19000,1
19,80,991,R0C0,AW089,80000,-19000,80000,19000,80000,19000,1
19,81,992,R0C0,AW091,81000,-19000,81000,19000,81000,19000,1
19,82,993,R0C0,AW092,82000,-19000,82000,19000,82000,19000,1
19,83,994,R0C0,AW093,83000,-19000,83000,19000,83000,19000,1
19,84,995,R0C0,AW094,84000,-19000,84000,19000,84000,19000,1
19,85,996,R0C0,AW095,85000,-19000,85000,19000,85000,19000,1
19,86,997,R0C0,AW096,86000,-19000,86000,19000,86000,19000,1
19,87,998,R0C0,AW097,87000,-19000,87000,19000,87000,19000,1
19,88,999,R0C0,AW098,88000,-19000,88000,19000,88000,19000,1
19,89,1000,R0C0,AW099,89000,-19000,89000,19000,89000,19000,1
20,10,1001,R0C0,AX012,10000,-20000,10000,20000,10000,20000,1
20,11,1002,R0C0,AX013,11000,-20000,11000,20000,11000,20000,1
20,12,1003,R0C0,AX014,12000,-20000,12000,20000,12000,20000,1
20,13,1004,R0C0,AX015,13000,-20000,13000,20000,13000,20000,1
20,14,1005,R0C0,AX016,14000,-20000,14000,20000,14000,20000,1
20,15,1006,R0C0,AX017,15000,-20000,15000,20000,15000,20000,1
20,16,1007,R0C0,AX018,16000,-20000,16000,20000,16000,20000,1
20,17,1008,R0C0,AX019,17000,-20000,17000,20000,17000,20000,1
20,18,1009,R0C0,AX021,18000,-20000,18000,20000,18000,20000,1
20,19,1010,R0C0,AX022,19000,-20000,19000,20000,19000,20000,1
20,20,1011,R0C0,AX023,20000,-20000,20000,20000,20000,20000,1
20,21,1012,R0C0,AX024,21000,-20000,21000,20000,21000,20000,1
20,22,1013,R0C0,AX025,22000,-20000,22000,20000,22000,20000,1
20,23,1014,R0C0,AX026,23000,-20000,23000,20000,23000,20000,1
20,24,1015,R0C0,AX027,24000,-20000,24000,20000,24000,20000,1
20,25,1016,R0C0,AX028,25000,-20000,25000,20000,25000,20000,1
20,26,1017,R0C0,AX029,26000,-20000,26000,20000,26000,20000,1
20,27,1018,R0C0,AX031,27000,-20000,27000,20000,27000,20000,1
20,28,1019,R0C0,AX032,28000,-20000,28000,20000,28000,20000,1
20,29,1020,R0C0,AX033,29000,-20000,29000,20000,29000,20000,1
20,30,1021,R0C0,AX034,30000,-20000,30000,20000,30000,20000,1
20,31,1022,R0C0,AX035,31000,-20000,31000,20000,31000,20000,1
20,32,1023,R0C0,AX036,32000,-20000,32000,20000,32000,20000,1
20,33,1024,R0C0,AX037,33000,-20000,33000,20000,33000,20000,1
20,34,1025,R0C0,AX038,34000,-20000,34000,20000,34000,20000,1
20,35,1026,R0C0,AX039,35000,-20000,35000,20000,35000,20000,1
20,36,1027,R0C0,AX041,36000,-20000,36000,20000,36000,20000,1
20,37,1028,R0C0,AX042,37000,-20000,37000,20000,37000,20000,1
20,38,1029,R0C0,AX043,38000,-20000,38000,20000,38000,20000,1
20,39,1030,R0C0,AX044,39000,-20000,39000,20000,39000,20000,1
20,40,1031,R0C0,AX045,40000,-20000,40000,20000,40000,20000,1
20,41,1032,R0C0,AX046,41000,-20000,41000,20000,41000,20000,1
20,42,1033,R0C0,AX047,42000,-20000,42000,20000,42000,20000,1
20,43,1034,R0C0,AX048,43000,-20000,43000,20000,43000,20000,1
20,44,1035,R0C0,AX049,44000,-20000,44000,20000,44000,20000,1
20,45,1036,R0C0,AX051,45000,-20000,45000,20000,45000,20000,1
20,46,1037,R0C0,AX052,46000,-20000,46000,20000,46000,20000,1
20,47,1038,R0C0,AX053,47000,-20000,47000,20000,47000,20000,1
20,48,1039,R0C0,AX054,48000,-20000,48000,20000,48000,20000,1
20,49,1040,R0C0,AX055,49000,-20000,49000,20000,49000,20000,1
20,50,1041,R0C0,AX056,50000,-20000,50000,20000,50000,20000,1
20,51,1042,R0C0,AX057,51000,-20000,51000,20000,51000,20000,1
20,52,1043,R0C0,AX058,52000,-20000,52000,20000,52000,20000,1
20,53,1044,R0C0,AX059,53000,-20000,53000,20000,53000,20000,1
20,54,1045,R0C0,AX061,54000,-20000,54000,20000,54000,20000,1
20,55,1046,R0C0,AX062,55000,-20000,55000,20000,55000,20000,1
20,56,1047,R0C0,AX063,56000,-20000,56000,20000,56000,20000,1
20,57,1048,R0C0,AX064,57000,-20000,57000,20000,57000,20000,1
20,58,1049,R0C0,AX065,58000,-20000,58000,20000,58000,20000,1
20,59,1050,R0C0,AX066,59000,-20000,59000,20000,59000,20000,1
20,60,1051,R0C0,AX067,60000,-20000,60000,20000,60000,20000,1
20,61,1052,R0C0,AX068,61000,-20000,61000,20000,61000,20000,1
20,62,1053,R0C0,AX069,62000,-20000,62000,20000,62000,20000,1
20,63,1054,R0C0,AX071,63000,-20000,63000,20000,63000,20000,1
20,64,1055,R0C0,AX072,64000,-20000,64000,20000,64000,20000,1
20,65,1056,R0C0,AX073,65000,-20000,65000,20000,65000,20000,1
20,66,1057,R0C0,AX074,66000,-20000,66000,20000,66000,20000,1
20,67,1058,R0C0,AX075,67000,-20000,67000,20000,67000,20000,1
20,68,1059,R0C0,AX076,68000,-20000,68000,20000,68000,20000,1
20,69,1060,R0C0,AX077,69000,-20000,69000,20000,69000,20000,1
20,70,1061,R0C0,AX078,70000,-20000,70000,20000,70000,20000,1
20,71,1062,R0C0,AX079,71000,-20000,71000,20000,71000,20000,1
20,72,1063,R0C0,AX081,72000,-20000,72000,20000,72000,20000,1
20,73,1064,R0C0,AX082,73000,-20000,73000,20000,73000,20000,1
20,74,1065,R0C0,AX083,74000,-20000,74000,20000,74000,20000,1
20,75,1066,R0C0,AX084,75000,-20000,75000,20000,75000,20000,1
20,76,1067,R0C0,AX085,76000,-20000,76000,20000,76000,20000,1
20,77,1068,R0C0,AX086,77000,-20000,77000,20000,77000,20000,1
20,78,1069,R0C0,AX087,78000,-20000,78000,20000,78000,20000,1
20,79,1070,R0C0,AX088,79000,-20000,79000,20000,79000,20000,1
20,80,1071,R0C0,AX089,80000,-20000,80000,20000,80000,20000,1
20,81,1072,R0C0,AX091,81000,-20000,81000,20000,81000,20000,1
20,82,1073,R0C0,AX092,82000,-20000,82000,20000,82000,20000,1
20,83,1074,R0C0,AX093,83000,-20000,83000,20000,83000,20000,1
20,84,1075,R0C0,AX094,84000,-20000,84000,20000,84000,20000,1
20,85,1076,R0C0,AX095,85000,-20000,85000,20000,85000,20000,1
20,86,1077,R0C0,AX096,86000,-20000,86000,20000,86000,20000,1
20,87,1078,R0C0,AX097,87000,-20000,87000,20000,87000,20000,1
20,88,1079,R0C0,AX098,88000,-20000,88000,20000,88000,20000,1
20,89,1080,R0C0,AX099,89000,-20000,89000,20000,89000,20000,1
20,90,1081,R0C0,AX101,90000,-20000,90000,20000,90000,20000,1
20,91,1082,R0C0,AX102,91000,-20000,91000,20000,91000,20000,1
20,92,1083,R0C0,AX103,92000,-20000,92000,20000,92000,20000,1
20,93,1084,R0C0,AX104,93000,-20000,93000,20000,93000,20000,1
20,94,1085,R0C0,AX105,94000,-20000,94000,20000,94000,20000,1
21,10,1086,R0C0,AY012,10000,-21000,10000,21000,10000,21000,1
21,11,1087,R0C0,AY013,11000,-21000,11000,21000,11000,21000,1
21,12,1088,R0C0,AY014,12000,-21000,12000,21000,12000,21000,1
21,13,1089,R0C0,AY015,13000,-21000,13000,21000,13000,21000,1
21,14,1090,R0C0,AY016,14000,-21000,14000,21000,14000,21000,1
21,15,1091,R0C0,AY017,15000,-21000,15000,21000,15000,21000,1
21,16,1092,R0C0,AY018,16000,-21000,16000,21000,16000,21000,1
21,17,1093,R0C0,AY019,17000,-21000,17000,21000,17000,21000,1
21,18,1094,R0C0,AY021,18000,-21000,18000,21000,18000,21000,1
21,19,1095,R0C0,AY022,19000,-21000,19000,21000,19000,21000,1
21,20,1096,R0C0,AY023,20000,-21000,20000,21000,20000,21000,1
21,21,1097,R0C0,AY024,21000,-21000,21000,21000,21000,21000,1
21,22,1098,R0C0,AY025,22000,-21000,22000,21000,22000,21000,1
21,23,1099,R0C0,AY026,23000,-21000,23000,21000,23000,21000,1
21,24,1100,R0C0,AY027,24000,-21000,24000,21000,24000,21000,1
21,25,1101,R0C0,AY028,25000,-21000,25000,21000,25000,21000,1
21,26,1102,R0C0,AY029,26000,-21000,26000,21000,26000,21000,1
21,27,1103,R0C0,AY031,27000,-21000,27000,21000,27000,21000,1
21,28,1104,R0C0,AY032,28000,-21000,28000,21000,28000,21000,1
21,29,1105,R0C0,AY033,29000,-21000,29000,21000,29000,21000,1
21,30,1106,R0C0,AY034,30000,-21000,30000,21000,30000,21000,1
21,31,1107,R0C0,AY035,31000,-21000,31000,21000,31000,21000,1
21,32,1108,R0C0,AY036,32000,-21000,32000,21000,32000,21000,1
21,33,1109,R0C0,AY037,33000,-21000,33000,21000,33000,21000,1
21,34,1110,R0C0,AY038,34000,-21000,34000,21000,34000,21000,1
21,35,1111,R0C0,AY039,35000,-21000,35000,21000,35000,21000,1
21,36,1112,R0C0,AY041,36000,-21000,36000,21000,36000,21000,1
21,37,1113,R0C0,AY042,37000,-21000,37000,21000,37000,21000,1
21,38,1114,R0C0,AY043,38000,-21000,38000,21000,38000,21000,1
21,39,1115,R0C0,AY044,39000,-21000,39000,21000,39000,21000,1
21,40,1116,R0C0,AY045,40000,-21000,40000,21000,40000,21000,1
21,41,1117,R0C0,AY046,41000,-21000,41000,21000,41000,21000,1
21,42,1118,R0C0,AY047,42000,-21000,42000,21000,42000,21000,1
21,43,1119,R0C0,AY048,43000,-21000,43000,21000,43000,21000,1
21,44,1120,R0C0,AY049,44000,-21000,44000,21000,44000,21000,1
21,45,1121,R0C0,AY051,45000,-21000,45000,21000,45000,21000,1
21,46,1122,R0C0,AY052,46000,-21000,46000,21000,46000,21000,1
21,47,1123,R0C0,AY053,47000,-21000,47000,21000,47000,21000,1
21,48,1124,R0C0,AY054,48000,-21000,48000,21000,48000,21000,1
21,49,1125,R0C0,AY055,49000,-21000,49000,21000,49000,21000,1
21,50,1126,R0C0,AY056,50000,-21000,50000,21000,50000,21000,1
21,51,1127,R0C0,AY057,51000,-21000,51000,21000,51000,21000,1
21,52,1128,R0C0,AY058,52000,-21000,52000,21000,52000,21000,1
21,53,1129,R0C0,AY059,53000,-21000,53000,21000,53000,21000,1
21,54,1130,R0C0,AY061,54000,-21000,54000,21000,54000,21000,1
21,55,1131,R0C0,AY062,55000,-21000,55000,21000,55000,21000,1
21,56,1132,R0C0,AY063,56000,-21000,56000,21000,56000,21000,1
21,57,1133,R0C0,AY064,57000,-21000,57000,21000,57000,21000,1
21,58,1134,R0C0,AY065,58000,-21000,58000,21000,58000,21000,1
21,59,1135,R0C0,AY066,59000,-21000,59000,21000,59000,21000,1
21,60,1136,R0C0,AY067,60000,-21000,60000,21000,60000,21000,1
21,61,1137,R0C0,AY068,61000,-21000,61000,21000,61000,21000,1
21,62,1138,R0C0,AY069,62000,-21000,62000,21000,62000,21000,1
21,63,1139,R0C0,AY071,63000,-21000,63000,21000,63000,21000,1
21,64,1140,R0C0,AY072,64000,-21000,64000,21000,64000,21000,1
21,65,1141,R0C0,AY073,65000,-21000,65000,21000,65000,21000,1
21,66,1142,R0C0,AY074,66000,-21000,66000,21000,66000,21000,1
21,67,1143,R0C0,AY075,67000,-21000,67000,21000,67000,21000,1
21,68,1144,R0C0,AY076,68000,-21000,68000,21000,68000,21000,1
21,69,1145,R0C0,AY077,69000,-21000,69000,21000,69000,21000,1
21,70,1146,R0C0,AY078,70000,-21000,70000,21000,70000,21000,1
21,71,1147,R0C0,AY079,71000,-21000,71000,21000,71000,21000,1
21,72,1148,R0C0,AY081,72000,-21000,72000,21000,72000,21000,1
21,73,1149,R0C0,AY082,73000,-21000,73000,21000,73000,21000,1
21,74,1150,R0C0,AY083,74000,-21000,74000,21000,74000,21000,1
21,75,1151,R0C0,AY084,75000,-21000,75000,21000,75000,21000,1
21,76,1152,R0C0,AY085,76000,-21000,76000,21000,76000,21000,1
21,77,1153,R0C0,AY086,77000,-21000,77000,21000,77000,21000,1
21,78,1154,R0C0,AY087,78000,-21000,78000,21000,78000,21000,1
21,79,1155,R0C0,AY088,79000,-21000,79000,21000,79000,21000,1
21,80,1156,R0C0,AY089,80000,-21000,80000,21000,80000,21000,1
21,81,1157,R0C0,AY091,81000,-21000,81000,21000,81000,21000,1
21,82,1158,R0C0,AY092,82000,-21000,82000,21000,82000,21000,1
21,83,1159,R0C0,AY093,83000,-21000,83000,21000,83000,21000,1
21,84,1160,R0C0,AY094,84000,-21000,84000,21000,84000,21000,1
21,85,1161,R0C0,AY095,85000,-21000,85000,21000,85000,21000,1
21,86,1162,R0C0,AY096,86000,-21000,86000,21000,86000,21000,1
21,87,1163,R0C0,AY097,87000,-21000,87000,21000,87000,21000,1
21,88,1164,R0C0,AY098,88000,-21000,88000,21000,88000,21000,1
21,89,1165,R0C0,AY099,89000,-21000,89000,21000,89000,21000,1
21,90,1166,R0C0,AY101,90000,-21000,90000,21000,90000,21000,1
21,91,1167,R0C0,AY102,91000,-21000,91000,21000,91000,21000,1
21,92,1168,R0C0,AY103,92000,-21000,92000,21000,92000,21000,1
21,93,1169,R0C0,AY104,93000,-21000,93000,21000,93000,21000,1
21,94,1170,R0C0,AY105,94000,-21000,94000,21000,94000,21000,1
22,10,1171,R0C0,AZ012,10000,-22000,10000,22000,10000,22000,1
22,11,1172,R0C0,AZ013,11000,-22000,11000,22000,11000,22000,1
22,12,1173,R0C0,AZ014,12000,-22000,12000,22000,12000,22000,1
22,13,1174,R0C0,AZ015,13000,-22000,13000,22000,13000,22000,1
22,14,1175,R0C0,AZ016,14000,-22000,14000,22000,14000,22000,1
22,15,1176,R0C0,AZ017,15000,-22000,15000,22000,15000,22000,1
22,16,1177,R0C0,AZ018,16000,-22000,16000,22000,16000,22000,1
22,17,1178,R0C0,AZ019,17000,-22000,17000,22000,17000,22000,1
22,18,1179,R0C0,AZ021,18000,-22000,18000,22000,18000,22000,1
22,19,1180,R0C0,AZ022,19000,-22000,19000,22000,19000,22000,1
22,20,1181,R0C0,AZ023,20000,-22000,20000,22000,20000,22000,1
22,21,1182,R0C0,AZ024,21000,-22000,21000,22000,21000,22000,1
22,22,1183,R0C0,AZ025,22000,-22000,22000,22000,22000,22000,1
22,23,1184,R0C0,AZ026,23000,-22000,23000,22000,23000,22000,1
22,24,1185,R0C0,AZ027,24000,-22000,24000,22000,24000,22000,1
22,25,1186,R0C0,AZ028,25000,-22000,25000,22000,25000,22000,1
22,26,1187,R0C0,AZ029,26000,-22000,26000,22000,26000,22000,1
22,27,1188,R0C0,AZ031,27000,-22000,27000,22000,27000,22000,1
22,28,1189,R0C0,AZ032,28000,-22000,28000,22000,28000,22000,1
22,29,1190,R0C0,AZ033,29000,-22000,29000,22000,29000,22000,1
22,30,1191,R0C0,AZ034,30000,-22000,30000,22000,30000,22000,1
22,31,1192,R0C0,AZ035,31000,-22000,31000,22000,31000,22000,1
22,32,1193,R0C0,AZ036,32000,-22000,32000,22000,32000,22000,1
22,33,1194,R0C0,AZ037,33000,-22000,33000,22000,33000,22000,1
22,34,1195,R0C0,AZ038,34000,-22000,34000,22000,34000,22000,1
22,35,1196,R0C0,AZ039,35000,-22000,35000,22000,35000,22000,1
22,36,1197,R0C0,AZ041,36000,-22000,36000,22000,36000,22000,1
22,37,1198,R0C0,AZ042,37000,-22000,37000,22000,37000,22000,1
22,38,1199,R0C0,AZ043,38000,-22000,38000,22000,38000,22000,1
22,39,1200,R0C0,AZ044,39000,-22000,39000,22000,39000,22000,1
22,40,1201,R0C0,AZ045,40000,-22000,40000,22000,40000,22000,1
22,41,1202,R0C0,AZ046,41000,-22000,41000,22000,41000,22000,1
22,42,1203,R0C0,AZ047,42000,-22000,42000,22000,42000,22000,1
22,43,1204,R0C0,AZ048,43000,-22000,43000,22000,43000,22000,1
22,44,1205,R0C0,AZ049,44000,-22000,44000,22000,44000,22000,1
22,45,1206,R0C0,AZ051,45000,-22000,45000,22000,45000,22000,1
22,46,1207,R0C0,AZ052,46000,-22000,46000,22000,46000,22000,1
22,47,1208,R0C0,AZ053,47000,-22000,47000,22000,47000,22000,1
22,48,1209,R0C0,AZ054,48000,-22000,48000,22000,48000,22000,1
22,49,1210,R0C0,AZ055,49000,-22000,49000,22000,49000,22000,1
22,50,1211,R0C0,AZ056,50000,-22000,50000,22000,50000,22000,1
22,51,1212,R0C0,AZ057,51000,-22000,51000,22000,51000,22000,1
22,52,1213,R0C0,AZ058,52000,-22000,52000,22000,52000,22000,1
22,53,1214,R0C0,AZ059,53000,-22000,53000,22000,53000,22000,1
22,54,1215,R0C0,AZ061,54000,-22000,54000,22000,54000,22000,1
22,55,1216,R0C0,AZ062,55000,-22000,55000,22000,55000,22000,1
22,56,1217,R0C0,AZ063,56000,-22000,56000,22000,56000,22000,1
22,57,1218,R0C0,AZ064,57000,-22000,57000,22000,57000,22000,1
22,58,1219,R0C0,AZ065,58000,-22000,58000,22000,58000,22000,1
22,59,1220,R0C0,AZ066,59000,-22000,59000,22000,59000,22000,1
22,60,1221,R0C0,AZ067,60000,-22000,60000,22000,60000,22000,1
22,61,1222,R0C0,AZ068,61000,-22000,61000,22000,61000,22000,1
22,62,1223,R0C0,AZ069,62000,-22000,62000,22000,62000,22000,1
22,63,1224,R0C0,AZ071,63000,-22000,63000,22000,63000,22000,1
22,64,1225,R0C0,AZ072,64000,-22000,64000,22000,64000,22000,1
22,65,1226,R0C0,AZ073,65000,-22000,65000,22000,65000,22000,1
22,66,1227,R0C0,AZ074,66000,-22000,66000,22000,66000,22000,1
22,67,1228,R0C0,AZ075,67000,-22000,67000,22000,67000,22000,1
22,68,1229,R0C0,AZ076,68000,-22000,68000,22000,68000,22000,1
22,69,1230,R0C0,AZ077,69000,-22000,69000,22000,69000,22000,1
22,70,1231,R0C0,AZ078,70000,-22000,70000,22000,70000,22000,1
22,71,1232,R0C0,AZ079,71000,-22000,71000,22000,71000,22000,1
22,72,1233,R0C0,AZ081,72000,-22000,72000,22000,72000,22000,1
22,73,1234,R0C0,AZ082,73000,-22000,73000,22000,73000,22000,1
22,74,1235,R0C0,AZ083,74000,-22000,74000,22000,74000,22000,1
22,75,1236,R0C0,AZ084,75000,-22000,75000,22000,75000,22000,1
22,76,1237,R0C0,AZ085,76000,-22000,76000,22000,76000,22000,1
22,77,1238,R0C0,AZ086,77000,-22000,77000,22000,77000,22000,1
22,78,1239,R0C0,AZ087,78000,-22000,78000,22000,78000,22000,1
22,79,1240,R0C0,AZ088,79000,-22000,79000,22000,79000,22000,1
22,80,1241,R0C0,AZ089,80000,-22000,80000,22000,80000,22000,1
22,81,1242,R0C0,AZ091,81000,-22000,81000,22000,81000,22000,1
22,82,1243,R0C0,AZ092,82000,-22000,82000,22000,82000,22000,1
22,83,1244,R0C0,AZ093,83000,-22000,83000,22000,83000,22000,1
22,84,1245,R0C0,AZ094,84000,-22000,84000,22000,84000,22000,1
22,85,1246,R0C0,AZ095,85000,-22000,85000,22000,85000,22000,1
22,86,1247,R0C0,AZ096,86000,-22000,86000,22000,86000,22000,1
22,87,1248,R0C0,AZ097,87000,-22000,87000,22000,87000,22000,1
22,88,1249,R0C0,AZ098,88000,-22000,88000,22000,88000,22000,1
22,89,1250,R0C0,AZ099,89000,-22000,89000,22000,89000,22000,1
22,90,1251,R0C0,AZ101,90000,-22000,90000,22000,90000,22000,1
22,91,1252,R0C0,AZ102,91000,-22000,91000,22000,91000,22000,1
22,92,1253,R0C0,AZ103,92000,-22000,92000,22000,92000,22000,1
22,93,1254,R0C0,AZ104,93000,-22000,93000,22000,93000,22000,1
22,94,1255,R0C0,AZ105,94000,-22000,94000,22000,94000,22000,1
23,10,1256,R0C0,BA012,10000,-23000,10000,23000,10000,23000,1
23,11,1257,R0C0,BA013,11000,-23000,11000,23000,11000,23000,1
23,12,1258,R0C0,BA014,12000,-23000,12000,23000,12000,23000,1
23,13,1259,R0C0,BA015,13000,-23000,13000,23000,13000,23000,1
23,14,1260,R0C0,BA016,14000,-23000,14000,23000,14000,23000,1
23,15,1261,R0C0,BA017,15000,-23000,15000,23000,15000,23000,1
23,16,1262,R0C0,BA018,16000,-23000,16000,23000,16000,23000,1
23,17,1263,R0C0,BA019,17000,-23000,17000,23000,17000,23000,1
23,18,1264,R0C0,BA021,18000,-23000,18000,23000,18000,23000,1
23,19,1265,R0C0,BA022,19000,-23000,19000,23000,19000,23000,1
23,20,1266,R0C0,BA023,20000,-23000,20000,23000,20000,23000,1
23,21,1267,R0C0,BA024,21000,-23000,21000,23000,21000,23000,1
23,22,1268,R0C0,BA025,22000,-23000,22000,23000,22000,23000,1
23,23,1269,R0C0,BA026,23000,-23000,23000,23000,23000,23000,1
23,24,1270,R0C0,BA027,24000,-23000,24000,23000,24000,23000,1
23,25,1271,R0C0,BA028,25000,-23000,25000,23000,25000,23000,1
23,26,1272,R0C0,BA029,26000,-23000,26000,23000,26000,23000,1
23,27,1273,R0C0,BA031,27000,-23000,27000,23000,27000,23000,1
23,28,1274,R0C0,BA032,28000,-23000,28000,23000,28000,23000,1
23,29,1275,R0C0,BA033,29000,-23000,29000,23000,29000,23000,1
23,30,1276,R0C0,BA034,30000,-23000,30000,23000,30000,23000,1
23,31,1277,R0C0,BA035,31000,-23000,31000,23000,31000,23000,1
23,32,1278,R0C0,BA036,32000,-23000,32000,23000,32000,23000,1
23,33,1279,R0C0,BA037,33000,-23000,33000,23000,33000,23000,1
23,34,1280,R0C0,BA038,34000,-23000,34000,23000,34000,23000,1
23,35,1281,R0C0,BA039,35000,-23000,35000,23000,35000,23000,1
23,36,1282,R0C0,BA041,36000,-23000,36000,23000,36000,23000,1
23,37,1283,R0C0,BA042,37000,-23000,37000,23000,37000,23000,1
23,38,1284,R0C0,BA043,38000,-23000,38000,23000,38000,23000,1
23,39,1285,R0C0,BA044,39000,-23000,39000,23000,39000,23000,1
23,40,1286,R0C0,BA045,40000,-23000,40000,23000,40000,23000,1
23,41,1287,R0C0,BA046,41000,-23000,41000,23000,41000,23000,1
23,42,1288,R0C0,BA047,42000,-23000,42000,23000,42000,23000,1
23,43,1289,R0C0,BA048,43000,-23000,43000,23000,43000,23000,1
23,44,1290,R0C0,BA049,44000,-23000,44000,23000,44000,23000,1
23,45,1291,R0C0,BA051,45000,-23000,45000,23000,45000,23000,1
23,46,1292,R0C0,BA052,46000,-23000,46000,23000,46000,23000,1
23,47,1293,R0C0,BA053,47000,-23000,47000,23000,47000,23000,1
23,48,1294,R0C0,BA054,48000,-23000,48000,23000,48000,23000,1
23,49,1295,R0C0,BA055,49000,-23000,49000,23000,49000,23000,1
23,50,1296,R0C0,BA056,50000,-23000,50000,23000,50000,23000,1
23,51,1297,R0C0,BA057,51000,-23000,51000,23000,51000,23000,1
23,52,1298,R0C0,BA058,52000,-23000,52000,23000,52000,23000,1
23,53,1299,R0C0,BA059,53000,-23000,53000,23000,53000,23000,1
23,54,1300,R0C0,BA061,54000,-23000,54000,23000,54000,23000,1
23,55,1301,R0C0,BA062,55000,-23000,55000,23000,55000,23000,1
23,56,1302,R0C0,BA063,56000,-23000,56000,23000,56000,23000,1
23,57,1303,R0C0,BA064,57000,-23000,57000,23000,57000,23000,1
23,58,1304,R0C0,BA065,58000,-23000,58000,23000,58000,23000,1
23,59,1305,R0C0,BA066,59000,-23000,59000,23000,59000,23000,1
23,60,1306,R0C0,BA067,60000,-23000,60000,23000,60000,23000,1
23,61,1307,R0C0,BA068,61000,-23000,61000,23000,61000,23000,1
23,62,1308,R0C0,BA069,62000,-23000,62000,23000,62000,23000,1
23,63,1309,R0C0,BA071,63000,-23000,63000,23000,63000,23000,1
23,64,1310,R0C0,BA072,64000,-23000,64000,23000,64000,23000,1
23,65,1311,R0C0,BA073,65000,-23000,65000,23000,65000,23000,1
23,66,1312,R0C0,BA074,66000,-23000,66000,23000,66000,23000,1
23,67,1313,R0C0,BA075,67000,-23000,67000,23000,67000,23000,1
23,68,1314,R0C0,BA076,68000,-23000,68000,23000,68000,23000,1
23,69,1315,R0C0,BA077,69000,-23000,69000,23000,69000,23000,1
23,70,1316,R0C0,BA078,70000,-23000,70000,23000,70000,23000,1
23,71,1317,R0C0,BA079,71000,-23000,71000,23000,71000,23000,1
23,72,1318,R0C0,BA081,72000,-23000,72000,23000,72000,23000,1
23,73,1319,R0C0,BA082,73000,-23000,73000,23000,73000,23000,1
23,74,1320,R0C0,BA083,74000,-23000,74000,23000,74000,23000,1
23,75,1321,R0C0,BA084,75000,-23000,75000,23000,75000,23000,1
23,76,1322,R0C0,BA085,76000,-23000,76000,23000,76000,23000,1
23,77,1323,R0C0,BA086,77000,-23000,77000,23000,77000,23000,1
23,78,1324,R0C0,BA087,78000,-23000,78000,23000,78000,23000,1
23,79,1325,R0C0,BA088,79000,-23000,79000,23000,79000,23000,1
23,80,1326,R0C0,BA089,80000,-23000,80000,23000,80000,23000,1
23,81,1327,R0C0,BA091,81000,-23000,81000,23000,81000,23000,1
23,82,1328,R0C0,BA092,82000,-23000,82000,23000,82000,23000,1
23,83,1329,R0C0,BA093,83000,-23000,83000,23000,83000,23000,1
23,84,1330,R0C0,BA094,84000,-23000,84000,23000,84000,23000,1
23,85,1331,R0C0,BA095,85000,-23000,85000,23000,85000,23000,1
23,86,1332,R0C0,BA096,86000,-23000,86000,23000,86000,23000,1
23,87,1333,R0C0,BA097,87000,-23000,87000,23000,87000,23000,1
23,88,1334,R0C0,BA098,88000,-23000,88000,23000,88000,23000,1
23,89,1335,R0C0,BA099,89000,-23000,89000,23000,89000,23000,1
23,90,1336,R0C0,BA101,90000,-23000,90000,23000,90000,23000,1
23,91,1337,R0C0,BA102,91000,-23000,91000,23000,91000,23000,1
23,92,1338,R0C0,BA103,92000,-23000,92000,23000,92000,23000,1
23,93,1339,R0C0,BA104,93000,-23000,93000,23000,93000,23000,1
23,94,1340,R0C0,BA105,94000,-23000,94000,23000,94000,23000,1
24,10,1341,R0C0,BB012,10000,-24000,10000,24000,10000,24000,1
24,11,1342,R0C0,BB013,11000,-24000,11000,24000,11000,24000,1
24,12,1343,R0C0,BB014,12000,-24000,12000,24000,12000,24000,1
24,13,1344,R0C0,BB015,13000,-24000,13000,24000,13000,24000,1
24,14,1345,R0C0,BB016,14000,-24000,14000,24000,14000,24000,1
24,15,1346,R0C0,BB017,15000,-24000,15000,24000,15000,24000,1
24,16,1347,R0C0,BB018,16000,-24000,16000,24000,16000,24000,1
24,17,1348,R0C0,BB019,17000,-24000,17000,24000,17000,24000,1
24,18,1349,R0C0,BB021,18000,-24000,18000,24000,18000,24000,1
24,19,1350,R0C0,BB022,19000,-24000,19000,24000,19000,24000,1
24,20,1351,R0C0,BB023,20000,-24000,20000,24000,20000,24000,1
24,21,1352,R0C0,BB024,21000,-24000,21000,24000,21000,24000,1
24,22,1353,R0C0,BB025,22000,-24000,22000,24000,22000,24000,1
24,23,1354,R0C0,BB026,23000,-24000,23000,24000,23000,24000,1
24,24,1355,R0C0,BB027,24000,-24000,24000,24000,24000,24000,1
24,25,1356,R0C0,BB028,25000,-24000,25000,24000,25000,24000,1
24,26,1357,R0C0,BB029,26000,-24000,26000,24000,26000,24000,1
24,27,1358,R0C0,BB031,27000,-24000,27000,24000,27000,24000,1
24,28,1359,R0C0,BB032,28000,-24000,28000,24000,28000,24000,1
24,29,1360,R0C0,BB033,29000,-24000,29000,24000,29000,24000,1
24,30,1361,R0C0,BB034,30000,-24000,30000,24000,30000,24000,1
24,31,1362,R0C0,BB035,31000,-24000,31000,24000,31000,24000,1
24,32,1363,R0C0,BB036,32000,-24000,32000,24000,32000,24000,1
24,33,1364,R0C0,BB037,33000,-24000,33000,24000,33000,24000,1
24,34,1365,R0C0,BB038,34000,-24000,34000,24000,34000,24000,1
24,35,1366,R0C0,BB039,35000,-24000,35000,24000,35000,24000,1
24,36,1367,R0C0,BB041,36000,-24000,36000,24000,36000,24000,1
24,37,1368,R0C0,BB042,37000,-24000,37000,24000,37000,24000,1
24,38,1369,R0C0,BB043,38000,-24000,38000,24000,38000,24000,1
24,39,1370,R0C0,BB044,39000,-24000,39000,24000,39000,24000,1
24,40,1371,R0C0,BB045,40000,-24000,40000,24000,40000,24000,1
24,41,1372,R0C0,BB046,41000,-24000,41000,24000,41000,24000,1
24,42,1373,R0C0,BB047,42000,-24000,42000,24000,42000,24000,1
24,43,1374,R0C0,BB048,43000,-24000,43000,24000,43000,24000,1
24,44,1375,R0C0,BB049,44000,-24000,44000,24000,44000,24000,1
24,45,1376,R0C0,BB051,45000,-24000,45000,24000,45000,24000,1
24,46,1377,R0C0,BB052,46000,-24000,46000,24000,46000,24000,1
24,47,1378,R0C0,BB053,47000,-24000,47000,24000,47000,24000,1
24,48,1379,R0C0,BB054,48000,-24000,48000,24000,48000,24000,1
24,49,1380,R0C0,BB055,49000,-24000,49000,24000,49000,24000,1
24,50,1381,R0C0,BB056,50000,-24000,50000,24000,50000,24000,1
24,51,1382,R0C0,BB057,51000,-24000,51000,24000,51000,24000,1
24,52,1383,R0C0,BB058,52000,-24000,52000,24000,52000,24000,1
24,53,1384,R0C0,BB059,53000,-24000,53000,24000,53000,24000,1
24,54,1385,R0C0,BB061,54000,-24000,54000,24000,54000,24000,1
24,55,1386,R0C0,BB062,55000,-24000,55000,24000,55000,24000,1
24,56,1387,R0C0,BB063,56000,-24000,56000,24000,56000,24000,1
24,57,1388,R0C0,BB064,57000,-24000,57000,24000,57000,24000,1
24,58,1389,R0C0,BB065,58000,-24000,58000,24000,58000,24000,1
24,59,1390,R0C0,BB066,59000,-24000,59000,24000,59000,24000,1
24,60,1391,R0C0,BB067,60000,-24000,60000,24000,60000,24000,1
24,61,1392,R0C0,BB068,61000,-24000,61000,24000,61000,24000,1
24,62,1393,R0C0,BB069,62000,-24000,62000,24000,62000,24000,1
24,63,1394,R0C0,BB071,63000,-24000,63000,24000,63000,24000,1
24,64,1395,R0C0,BB072,64000,-24000,64000,24000,64000,24000,1
24,65,1396,R0C0,BB073,65000,-24000,65000,24000,65000,24000,1
24,66,1397,R0C0,BB074,66000,-24000,66000,24000,66000,24000,1
24,67,1398,R0C0,BB075,67000,-24000,67000,24000,67000,24000,1
24,68,1399,R0C0,BB076,68000,-24000,68000,24000,68000,24000,1
24,69,1400,R0C0,BB077,69000,-24000,69000,24000,69000,24000,1
24,70,1401,R0C0,BB078,70000,-24000,70000,24000,70000,24000,1
24,71,1402,R0C0,BB079,71000,-24000,71000,24000,71000,24000,1
24,72,1403,R0C0,BB081,72000,-24000,72000,24000,72000,24000,1
24,73,1404,R0C0,BB082,73000,-24000,73000,24000,73000,24000,1
24,74,1405,R0C0,BB083,74000,-24000,74000,24000,74000,24000,1
24,75,1406,R0C0,BB084,75000,-24000,75000,24000,75000,24000,1
24,76,1407,R0C0,BB085,76000,-24000,76000,24000,76000,24000,1
24,77,1408,R0C0,BB086,77000,-24000,77000,24000,77000,24000,1
24,78,1409,R0C0,BB087,78000,-24000,78000,24000,78000,24000,1
24,79,1410,R0C0,BB088,79000,-24000,79000,24000,79000,24000,1
24,80,1411,R0C0,BB089,80000,-24000,80000,24000,80000,24000,1
24,81,1412,R0C0,BB091,81000,-24000,81000,24000,81000,24000,1
24,82,1413,R0C0,BB092,82000,-24000,82000,24000,82000,24000,1
24,83,1414,R0C0,BB093,83000,-24000,83000,24000,83000,24000,1
24,84,1415,R0C0,BB094,84000,-24000,84000,24000,84000,24000,1
24,85,1416,R0C0,BB095,85000,-24000,85000,24000,85000,24000,1
24,86,1417,R0C0,BB096,86000,-24000,86000,24000,86000,24000,1
24,87,1418,R0C0,BB097,87000,-24000,87000,24000,87000,24000,1
24,88,1419,R0C0,BB098,88000,-24000,88000,24000,88000,24000,1
24,89,1420,R0C0,BB099,89000,-24000,89000,24000,89000,24000,1
24,90,1421,R0C0,BB101,90000,-24000,90000,24000,90000,24000,1
24,91,1422,R0C0,BB102,91000,-24000,91000,24000,91000,24000,1
24,92,1423,R0C0,BB103,92000,-24000,92000,24000,92000,24000,1
24,93,1424,R0C0,BB104,93000,-24000,93000,24000,93000,24000,1
24,94,1425,R0C0,BB105,94000,-24000,94000,24000,94000,24000,1
25,10,1426,R0C0,BC012,10000,-25000,10000,25000,10000,25000,1
25,11,1427,R0C0,BC013,11000,-25000,11000,25000,11000,25000,1
25,12,1428,R0C0,BC014,12000,-25000,12000,25000,12000,25000,1
25,13,1429,R0C0,BC015,13000,-25000,13000,25000,13000,25000,1
25,14,1430,R0C0,BC016,14000,-25000,14000,25000,14000,25000,1
25,15,1431,R0C0,BC017,15000,-25000,15000,25000,15000,25000,1
25,16,1432,R0C0,BC018,16000,-25000,16000,25000,16000,25000,1
25,17,1433,R0C0,BC019,17000,-25000,17000,25000,17000,25000,1
25,18,1434,R0C0,BC021,18000,-25000,18000,25000,18000,25000,1
25,19,1435,R0C0,BC022,19000,-25000,19000,25000,19000,25000,1
25,20,1436,R0C0,BC023,20000,-25000,20000,25000,20000,25000,1
25,21,1437,R0C0,BC024,21000,-25000,21000,25000,21000,25000,1
25,22,1438,R0C0,BC025,22000,-25000,22000,25000,22000,25000,1
25,23,1439,R0C0,BC026,23000,-25000,23000,25000,23000,25000,1
25,24,1440,R0C0,BC027,24000,-25000,24000,25000,24000,25000,1
25,25,1441,R0C0,BC028,25000,-25000,25000,25000,25000,25000,1
25,26,1442,R0C0,BC029,26000,-25000,26000,25000,26000,25000,1
25,27,1443,R0C0,BC031,27000,-25000,27000,25000,27000,25000,1
25,28,1444,R0C0,BC032,28000,-25000,28000,25000,28000,25000,1
25,29,1445,R0C0,BC033,29000,-25000,29000,25000,29000,25000,1
25,30,1446,R0C0,BC034,30000,-25000,30000,25000,30000,25000,1
25,31,1447,R0C0,BC035,31000,-25000,31000,25000,31000,25000,1
25,32,1448,R0C0,BC036,32000,-25000,32000,25000,32000,25000,1
25,33,1449,R0C0,BC037,33000,-25000,33000,25000,33000,25000,1
25,34,1450,R0C0,BC038,34000,-25000,34000,25000,34000,25000,1
25,35,1451,R0C0,BC039,35000,-25000,35000,25000,35000,25000,1
25,36,1452,R0C0,BC041,36000,-25000,36000,25000,36000,25000,1
25,37,1453,R0C0,BC042,37000,-25000,37000,25000,37000,25000,1
25,38,1454,R0C0,BC043,38000,-25000,38000,25000,38000,25000,1
25,39,1455,R0C0,BC044,39000,-25000,39000,25000,39000,25000,1
25,40,1456,R0C0,BC045,40000,-25000,40000,25000,40000,25000,1
25,41,1457,R0C0,BC046,41000,-25000,41000,25000,41000,25000,1
25,42,1458,R0C0,BC047,42000,-25000,42000,25000,42000,25000,1
25,43,1459,R0C0,BC048,43000,-25000,43000,25000,43000,25000,1
25,44,1460,R0C0,BC049,44000,-25000,44000,25000,44000,25000,1
25,45,1461,R0C0,BC051,45000,-25000,45000,25000,45000,25000,1
25,46,1462,R0C0,BC052,46000,-25000,46000,25000,46000,25000,1
25,47,1463,R0C0,BC053,47000,-25000,47000,25000,47000,25000,1
25,48,1464,R0C0,BC054,48000,-25000,48000,25000,48000,25000,1
25,49,1465,R0C0,BC055,49000,-25000,49000,25000,49000,25000,1
25,50,1466,R0C0,BC056,50000,-25000,50000,25000,50000,25000,1
25,51,1467,R0C0,BC057,51000,-25000,51000,25000,51000,25000,1
25,52,1468,R0C0,BC058,52000,-25000,52000,25000,52000,25000,1
25,53,1469,R0C0,BC059,53000,-25000,53000,25000,53000,25000,1
25,54,1470,R0C0,BC061,54000,-25000,54000,25000,54000,25000,1
25,55,1471,R0C0,BC062,55000,-25000,55000,25000,55000,25000,1
25,56,1472,R0C0,BC063,56000,-25000,56000,25000,56000,25000,1
25,57,1473,R0C0,BC064,57000,-25000,57000,25000,57000,25000,1
25,58,1474,R0C0,BC065,58000,-25000,58000,25000,58000,25000,1
25,59,1475,R0C0,BC066,59000,-25000,59000,25000,59000,25000,1
25,60,1476,R0C0,BC067,60000,-25000,60000,25000,60000,25000,1
25,61,1477,R0C0,BC068,61000,-25000,61000,25000,61000,25000,1
25,62,1478,R0C0,BC069,62000,-25000,62000,25000,62000,25000,1
25,63,1479,R0C0,BC071,63000,-25000,63000,25000,63000,25000,1
25,64,1480,R0C0,BC072,64000,-25000,64000,25000,64000,25000,1
25,65,1481,R0C0,BC073,65000,-25000,65000,25000,65000,25000,1
25,66,1482,R0C0,BC074,66000,-25000,66000,25000,66000,25000,1
25,67,1483,R0C0,BC075,67000,-25000,67000,25000,67000,25000,1
25,68,1484,R0C0,BC076,68000,-25000,68000,25000,68000,25000,1
25,69,1485,R0C0,BC077,69000,-25000,69000,25000,69000,25000,1
25,70,1486,R0C0,BC078,70000,-25000,70000,25000,70000,25000,1
25,71,1487,R0C0,BC079,71000,-25000,71000,25000,71000,25000,1
25,72,1488,R0C0,BC081,72000,-25000,72000,25000,72000,25000,1
25,73,1489,R0C0,BC082,73000,-25000,73000,25000,73000,25000,1
25,74,1490,R0C0,BC083,74000,-25000,74000,25000,74000,25000,1
25,75,1491,R0C0,BC084,75000,-25000,75000,25000,75000,25000,1
25,76,1492,R0C0,BC085,76000,-25000,76000,25000,76000,25000,1
25,77,1493,R0C0,BC086,77000,-25000,77000,25000,77000,25000,1
25,78,1494,R0C0,BC087,78000,-25000,78000,25000,78000,25000,1
25,79,1495,R0C0,BC088,79000,-25000,79000,25000,79000,25000,1
25,80,1496,R0C0,BC089,80000,-25000,80000,25000,80000,25000,1
25,81,1497,R0C0,BC091,81000,-25000,81000,25000,81000,25000,1
25,82,1498,R0C0,BC092,82000,-25000,82000,25000,82000,25000,1
25,83,1499,R0C0,BC093,83000,-25000,83000,25000,83000,25000,1
25,84,1500,R0C0,BC094,84000,-25000,84000,25000,84000,25000,1
25,85,1501,R0C0,BC095,85000,-25000,85000,25000,85000,25000,1
25,86,1502,R0C0,BC096,86000,-25000,86000,25000,86000,25000,1
25,87,1503,R0C0,BC097,87000,-25000,87000,25000,87000,25000,1
25,88,1504,R0C0,BC098,88000,-25000,88000,25000,88000,25000,1
25,89,1505,R0C0,BC099,89000,-25000,89000,25000,89000,25000,1
25,90,1506,R0C0,BC101,90000,-25000,90000,25000,90000,25000,1
25,91,1507,R0C0,BC102,91000,-25000,91000,25000,91000,25000,1
25,92,1508,R0C0,BC103,92000,-25000,92000,25000,92000,25000,1
25,93,1509,R0C0,BC104,93000,-25000,93000,25000,93000,25000,1
25,94,1510,R0C0,BC105,94000,-25000,94000,25000,94000,25000,1
26,10,1511,R0C0,BD012,10000,-26000,10000,26000,10000,26000,1
26,11,1512,R0C0,BD013,11000,-26000,11000,26000,11000,26000,1
26,12,1513,R0C0,BD014,12000,-26000,12000,26000,12000,26000,1
26,13,1514,R0C0,BD015,13000,-26000,13000,26000,13000,26000,1
26,14,1515,R0C0,BD016,14000,-26000,14000,26000,14000,26000,1
26,15,1516,R0C0,BD017,15000,-26000,15000,26000,15000,26000,1
26,16,1517,R0C0,BD018,16000,-26000,16000,26000,16000,26000,1
26,17,1518,R0C0,BD019,17000,-26000,17000,26000,17000,26000,1
26,18,1519,R0C0,BD021,18000,-26000,18000,26000,18000,26000,1
26,19,1520,R0C0,BD022,19000,-26000,19000,26000,19000,26000,1
26,20,1521,R0C0,BD023,20000,-26000,20000,26000,20000,26000,1
26,21,1522,R0C0,BD024,21000,-26000,21000,26000,21000,26000,1
26,22,1523,R0C0,BD025,22000,-26000,22000,26000,22000,26000,1
26,23,1524,R0C0,BD026,23000,-26000,23000,26000,23000,26000,1
26,24,1525,R0C0,BD027,24000,-26000,24000,26000,24000,26000,1
26,25,1526,R0C0,BD028,25000,-26000,25000,26000,25000,26000,1
26,26,1527,R0C0,BD029,26000,-26000,26000,26000,26000,26000,1
26,27,1528,R0C0,BD031,27000,-26000,27000,26000,27000,26000,1
26,28,1529,R0C0,BD032,28000,-26000,28000,26000,28000,26000,1
26,29,1530,R0C0,BD033,29000,-26000,29000,26000,29000,26000,1
26,30,1531,R0C0,BD034,30000,-26000,30000,26000,30000,26000,1
26,31,1532,R0C0,BD035,31000,-26000,31000,26000,31000,26000,1
26,32,1533,R0C0,BD036,32000,-26000,32000,26000,32000,26000,1
26,33,1534,R0C0,BD037,33000,-26000,33000,26000,33000,26000,1
26,34,1535,R0C0,BD038,34000,-26000,34000,26000,34000,26000,1
26,35,1536,R0C0,BD039,35000,-26000,35000,26000,35000,26000,1
26,36,1537,R0C0,BD041,36000,-26000,36000,26000,36000,26000,1
26,37,1538,R0C0,BD042,37000,-26000,37000,26000,37000,26000,1
26,38,1539,R0C0,BD043,38000,-26000,38000,26000,38000,26000,1
26,39,1540,R0C0,BD044,39000,-26000,39000,26000,39000,26000,1
26,40,1541,R0C0,BD045,40000,-26000,40000,26000,40000,26000,1
26,41,1542,R0C0,BD046,41000,-26000,41000,26000,41000,26000,1
26,42,1543,R0C0,BD047,42000,-26000,42000,26000,42000,26000,1
26,43,1544,R0C0,BD048,43000,-26000,43000,26000,43000,26000,1
26,44,1545,R0C0,BD049,44000,-26000,44000,26000,44000,26000,1
26,45,1546,R0C0,BD051,45000,-26000,45000,26000,45000,26000,1
26,46,1547,R0C0,BD052,46000,-26000,46000,26000,46000,26000,1
26,47,1548,R0C0,BD053,47000,-26000,47000,26000,47000,26000,1
26,48,1549,R0C0,BD054,48000,-26000,48000,26000,48000,26000,1
26,49,1550,R0C0,BD055,49000,-26000,49000,26000,49000,26000,1
26,50,1551,R0C0,BD056,50000,-26000,50000,26000,50000,26000,1
26,51,1552,R0C0,BD057,51000,-26000,51000,26000,51000,26000,1
26,52,1553,R0C0,BD058,52000,-26000,52000,26000,52000,26000,1
26,53,1554,R0C0,BD059,53000,-26000,53000,26000,53000,26000,1
26,54,1555,R0C0,BD061,54000,-26000,54000,26000,54000,26000,1
26,55,1556,R0C0,BD062,55000,-26000,55000,26000,55000,26000,1
26,56,1557,R0C0,BD063,56000,-26000,56000,26000,56000,26000,1
26,57,1558,R0C0,BD064,57000,-26000,57000,26000,57000,26000,1
26,58,1559,R0C0,BD065,58000,-26000,58000,26000,58000,26000,1
26,59,1560,R0C0,BD066,59000,-26000,59000,26000,59000,26000,1
26,60,1561,R0C0,BD067,60000,-26000,60000,26000,60000,26000,1
26,61,1562,R0C0,BD068,61000,-26000,61000,26000,61000,26000,1
26,62,1563,R0C0,BD069,62000,-26000,62000,26000,62000,26000,1
26,63,1564,R0C0,BD071,63000,-26000,63000,26000,63000,26000,1
26,64,1565,R0C0,BD072,64000,-26000,64000,26000,64000,26000,1
26,65,1566,R0C0,BD073,65000,-26000,65000,26000,65000,26000,1
26,66,1567,R0C0,BD074,66000,-26000,66000,26000,66000,26000,1
26,67,1568,R0C0,BD075,67000,-26000,67000,26000,67000,26000,1
26,68,1569,R0C0,BD076,68000,-26000,68000,26000,68000,26000,1
26,69,1570,R0C0,BD077,69000,-26000,69000,26000,69000,26000,1
26,70,1571,R0C0,BD078,70000,-26000,70000,26000,70000,26000,1
26,71,1572,R0C0,BD079,71000,-26000,71000,26000,71000,26000,1
26,72,1573,R0C0,BD081,72000,-26000,72000,26000,72000,26000,1
26,73,1574,R0C0,BD082,73000,-26000,73000,26000,73000,26000,1
26,74,1575,R0C0,BD083,74000,-26000,74000,26000,74000,26000,1
26,75,1576,R0C0,BD084,75000,-26000,75000,26000,75000,26000,1
26,76,1577,R0C0,BD085,76000,-26000,76000,26000,76000,26000,1
26,77,1578,R0C0,BD086,77000,-26000,77000,26000,77000,26000,1
26,78,1579,R0C0,BD087,78000,-26000,78000,26000,78000,26000,1
26,79,1580,R0C0,BD088,79000,-26000,79000,26000,79000,26000,1
26,80,1581,R0C0,BD089,80000,-26000,80000,26000,80000,26000,1
26,81,1582,R0C0,BD091,81000,-26000,81000,26000,81000,26000,1
26,82,1583,R0C0,BD092,82000,-26000,82000,26000,82000,26000,1
26,83,1584,R0C0,BD093,83000,-26000,83000,26000,83000,26000,1
26,84,1585,R0C0,BD094,84000,-26000,84000,26000,84000,26000,1
26,85,1586,R0C0,BD095,85000,-26000,85000,26000,85000,26000,1
26,86,1587,R0C0,BD096,86000,-26000,86000,26000,86000,26000,1
26,87,1588,R0C0,BD097,87000,-26000,87000,26000,87000,26000,1
26,88,1589,R0C0,BD098,88000,-26000,88000,26000,88000,26000,1
26,89,1590,R0C0,BD099,89000,-26000,89000,26000,89000,26000,1
26,90,1591,R0C0,BD101,90000,-26000,90000,26000,90000,26000,1
26,91,1592,R0C0,BD102,91000,-26000,91000,26000,91000,26000,1
26,92,1593,R0C0,BD103,92000,-26000,92000,26000,92000,26000,1
26,93,1594,R0C0,BD104,93000,-26000,93000,26000,93000,26000,1
26,94,1595,R0C0,BD105,94000,-26000,94000,26000,94000,26000,1
27,10,1596,R0C0,BE012,10000,-27000,10000,27000,10000,27000,1
27,11,1597,R0C0,BE013,11000,-27000,11000,27000,11000,27000,1
27,12,1598,R0C0,BE014,12000,-27000,12000,27000,12000,27000,1
27,13,1599,R0C0,BE015,13000,-27000,13000,27000,13000,27000,1
27,14,1600,R0C0,BE016,14000,-27000,14000,27000,14000,27000,1
27,15,1601,R0C0,BE017,15000,-27000,15000,27000,15000,27000,1
27,16,1602,R0C0,BE018,16000,-27000,16000,27000,16000,27000,1
27,17,1603,R0C0,BE019,17000,-27000,17000,27000,17000,27000,1
27,18,1604,R0C0,BE021,18000,-27000,18000,27000,18000,27000,1
27,19,1605,R0C0,BE022,19000,-27000,19000,27000,19000,27000,1
27,20,1606,R0C0,BE023,20000,-27000,20000,27000,20000,27000,1
27,21,1607,R0C0,BE024,21000,-27000,21000,27000,21000,27000,1
27,22,1608,R0C0,BE025,22000,-27000,22000,27000,22000,27000,1
27,23,1609,R0C0,BE026,23000,-27000,23000,27000,23000,27000,1
27,24,1610,R0C0,BE027,24000,-27000,24000,27000,24000,27000,1
27,25,1611,R0C0,BE028,25000,-27000,25000,27000,25000,27000,1
27,26,1612,R0C0,BE029,26000,-27000,26000,27000,26000,27000,1
27,27,1613,R0C0,BE031,27000,-27000,27000,27000,27000,27000,1
27,28,1614,R0C0,BE032,28000,-27000,28000,27000,28000,27000,1
27,29,1615,R0C0,BE033,29000,-27000,29000,27000,29000,27000,1
27,30,1616,R0C0,BE034,30000,-27000,30000,27000,30000,27000,1
27,31,1617,R0C0,BE035,31000,-27000,31000,27000,31000,27000,1
27,32,1618,R0C0,BE036,32000,-27000,32000,27000,32000,27000,1
27,33,1619,R0C0,BE037,33000,-27000,33000,27000,33000,27000,1
27,34,1620,R0C0,BE038,34000,-27000,34000,27000,34000,27000,1
27,35,1621,R0C0,BE039,35000,-27000,35000,27000,35000,27000,1
27,36,1622,R0C0,BE041,36000,-27000,36000,27000,36000,27000,1
27,37,1623,R0C0,BE042,37000,-27000,37000,27000,37000,27000,1
27,38,1624,R0C0,BE043,38000,-27000,38000,27000,38000,27000,1
27,39,1625,R0C0,BE044,39000,-27000,39000,27000,39000,27000,1
27,40,1626,R0C0,BE045,40000,-27000,40000,27000,40000,27000,1
27,41,1627,R0C0,BE046,41000,-27000,41000,27000,41000,27000,1
27,42,1628,R0C0,BE047,42000,-27000,42000,27000,42000,27000,1
27,43,1629,R0C0,BE048,43000,-27000,43000,27000,43000,27000,1
27,44,1630,R0C0,BE049,44000,-27000,44000,27000,44000,27000,1
27,45,1631,R0C0,BE051,45000,-27000,45000,27000,45000,27000,1
27,46,1632,R0C0,BE052,46000,-27000,46000,27000,46000,27000,1
27,47,1633,R0C0,BE053,47000,-27000,47000,27000,47000,27000,1
27,48,1634,R0C0,BE054,48000,-27000,48000,27000,48000,27000,1
27,49,1635,R0C0,BE055,49000,-27000,49000,27000,49000,27000,1
27,50,1636,R0C0,BE056,50000,-27000,50000,27000,50000,27000,1
27,51,1637,R0C0,BE057,51000,-27000,51000,27000,51000,27000,1
27,52,1638,R0C0,BE058,52000,-27000,52000,27000,52000,27000,1
27,53,1639,R0C0,BE059,53000,-27000,53000,27000,53000,27000,1
27,54,1640,R0C0,BE061,54000,-27000,54000,27000,54000,27000,1
27,55,1641,R0C0,BE062,55000,-27000,55000,27000,55000,27000,1
27,56,1642,R0C0,BE063,56000,-27000,56000,27000,56000,27000,1
27,57,1643,R0C0,BE064,57000,-27000,57000,27000,57000,27000,1
27,58,1644,R0C0,BE065,58000,-27000,58000,27000,58000,27000,1
27,59,1645,R0C0,BE066,59000,-27000,59000,27000,59000,27000,1
27,60,1646,R0C0,BE067,60000,-27000,60000,27000,60000,27000,1
27,61,1647,R0C0,BE068,61000,-27000,61000,27000,61000,27000,1
27,62,1648,R0C0,BE069,62000,-27000,62000,27000,62000,27000,1
27,63,1649,R0C0,BE071,63000,-27000,63000,27000,63000,27000,1
27,64,1650,R0C0,BE072,64000,-27000,64000,27000,64000,27000,1
27,65,1651,R0C0,BE073,65000,-27000,65000,27000,65000,27000,1
27,66,1652,R0C0,BE074,66000,-27000,66000,27000,66000,27000,1
27,67,1653,R0C0,BE075,67000,-27000,67000,27000,67000,27000,1
27,68,1654,R0C0,BE076,68000,-27000,68000,27000,68000,27000,1
27,69,1655,R0C0,BE077,69000,-27000,69000,27000,69000,27000,1
27,70,1656,R0C0,BE078,70000,-27000,70000,27000,70000,27000,1
27,71,1657,R0C0,BE079,71000,-27000,71000,27000,71000,27000,1
27,72,1658,R0C0,BE081,72000,-27000,72000,27000,72000,27000,1
27,73,1659,R0C0,BE082,73000,-27000,73000,27000,73000,27000,1
27,74,1660,R0C0,BE083,74000,-27000,74000,27000,74000,27000,1
27,75,1661,R0C0,BE084,75000,-27000,75000,27000,75000,27000,1
27,76,1662,R0C0,BE085,76000,-27000,76000,27000,76000,27000,1
27,77,1663,R0C0,BE086,77000,-27000,77000,27000,77000,27000,1
27,78,1664,R0C0,BE087,78000,-27000,78000,27000,78000,27000,1
27,79,1665,R0C0,BE088,79000,-27000,79000,27000,79000,27000,1
27,80,1666,R0C0,BE089,80000,-27000,80000,27000,80000,27000,1
27,81,1667,R0C0,BE091,81000,-27000,81000,27000,81000,27000,1
27,82,1668,R0C0,BE092,82000,-27000,82000,27000,82000,27000,1
27,83,1669,R0C0,BE093,83000,-27000,83000,27000,83000,27000,1
27,84,1670,R0C0,BE094,84000,-27000,84000,27000,84000,27000,1
27,85,1671,R0C0,BE095,85000,-27000,85000,27000,85000,27000,1
27,86,1672,R0C0,BE096,86000,-27000,86000,27000,86000,27000,1
27,87,1673,R0C0,BE097,87000,-27000,87000,27000,87000,27000,1
27,88,1674,R0C0,BE098,88000,-27000,88000,27000,88000,27000,1
27,89,1675,R0C0,BE099,89000,-27000,89000,27000,89000,27000,1
27,90,1676,R0C0,BE101,90000,-27000,90000,27000,90000,27000,1
27,91,1677,R0C0,BE102,91000,-27000,91000,27000,91000,27000,1
27,92,1678,R0C0,BE103,92000,-27000,92000,27000,92000,27000,1
27,93,1679,R0C0,BE104,93000,-27000,93000,27000,93000,27000,1
27,94,1680,R0C0,BE105,94000,-27000,94000,27000,94000,27000,1
28,10,1681,R0C0,BF012,10000,-28000,10000,28000,10000,28000,1
28,11,1682,R0C0,BF013,11000,-28000,11000,28000,11000,28000,1
28,12,1683,R0C0,BF014,12000,-28000,12000,28000,12000,28000,1
28,13,1684,R0C0,BF015,13000,-28000,13000,28000,13000,28000,1
28,14,1685,R0C0,BF016,14000,-28000,14000,28000,14000,28000,1
28,15,1686,R0C0,BF017,15000,-28000,15000,28000,15000,28000,1
28,16,1687,R0C0,BF018,16000,-28000,16000,28000,16000,28000,1
28,17,1688,R0C0,BF019,17000,-28000,17000,28000,17000,28000,1
28,18,1689,R0C0,BF021,18000,-28000,18000,28000,18000,28000,1
28,19,1690,R0C0,BF022,19000,-28000,19000,28000,19000,28000,1
28,20,1691,R0C0,BF023,20000,-28000,20000,28000,20000,28000,1
28,21,1692,R0C0,BF024,21000,-28000,21000,28000,21000,28000,1
28,22,1693,R0C0,BF025,22000,-28000,22000,28000,22000,28000,1
28,23,1694,R0C0,BF026,23000,-28000,23000,28000,23000,28000,1
28,24,1695,R0C0,BF027,24000,-28000,24000,28000,24000,28000,1
28,25,1696,R0C0,BF028,25000,-28000,25000,28000,25000,28000,1
28,26,1697,R0C0,BF029,26000,-28000,26000,28000,26000,28000,1
28,27,1698,R0C0,BF031,27000,-28000,27000,28000,27000,28000,1
28,28,1699,R0C0,BF032,28000,-28000,28000,28000,28000,28000,1
28,29,1700,R0C0,BF033,29000,-28000,29000,28000,29000,28000,1
28,30,1701,R0C0,BF034,30000,-28000,30000,28000,30000,28000,1
28,31,1702,R0C0,BF035,31000,-28000,31000,28000,31000,28000,1
28,32,1703,R0C0,BF036,32000,-28000,32000,28000,32000,28000,1
28,33,1704,R0C0,BF037,33000,-28000,33000,28000,33000,28000,1
28,34,1705,R0C0,BF038,34000,-28000,34000,28000,34000,28000,1
28,35,1706,R0C0,BF039,35000,-28000,35000,28000,35000,28000,1
28,36,1707,R0C0,BF041,36000,-28000,36000,28000,36000,28000,1
28,37,1708,R0C0,BF042,37000,-28000,37000,28000,37000,28000,1
28,38,1709,R0C0,BF043,38000,-28000,38000,28000,38000,28000,1
28,39,1710,R0C0,BF044,39000,-28000,39000,28000,39000,28000,1
28,40,1711,R0C0,BF045,40000,-28000,40000,28000,40000,28000,1
28,41,1712,R0C0,BF046,41000,-28000,41000,28000,41000,28000,1
28,42,1713,R0C0,BF047,42000,-28000,42000,28000,42000,28000,1
28,43,1714,R0C0,BF048,43000,-28000,43000,28000,43000,28000,1
28,44,1715,R0C0,BF049,44000,-28000,44000,28000,44000,28000,1
28,45,1716,R0C0,BF051,45000,-28000,45000,28000,45000,28000,1
28,46,1717,R0C0,BF052,46000,-28000,46000,28000,46000,28000,1
28,47,1718,R0C0,BF053,47000,-28000,47000,28000,47000,28000,1
28,48,1719,R0C0,BF054,48000,-28000,48000,28000,48000,28000,1
28,49,1720,R0C0,BF055,49000,-28000,49000,28000,49000,28000,1
28,50,1721,R0C0,BF056,50000,-28000,50000,28000,50000,28000,1
28,51,1722,R0C0,BF057,51000,-28000,51000,28000,51000,28000,1
28,52,1723,R0C0,BF058,52000,-28000,52000,28000,52000,28000,1
28,53,1724,R0C0,BF059,53000,-28000,53000,28000,53000,28000,1
28,54,1725,R0C0,BF061,54000,-28000,54000,28000,54000,28000,1
28,55,1726,R0C0,BF062,55000,-28000,55000,28000,55000,28000,1
28,56,1727,R0C0,BF063,56000,-28000,56000,28000,56000,28000,1
28,57,1728,R0C0,BF064,57000,-28000,57000,28000,57000,28000,1
28,58,1729,R0C0,BF065,58000,-28000,58000,28000,58000,28000,1
28,59,1730,R0C0,BF066,59000,-28000,59000,28000,59000,28000,1
28,60,1731,R0C0,BF067,60000,-28000,60000,28000,60000,28000,1
28,61,1732,R0C0,BF068,61000,-28000,61000,28000,61000,28000,1
28,62,1733,R0C0,BF069,62000,-28000,62000,28000,62000,28000,1
28,63,1734,R0C0,BF071,63000,-28000,63000,28000,63000,28000,1
28,64,1735,R0C0,BF072,64000,-28000,64000,28000,64000,28000,1
28,65,1736,R0C0,BF073,65000,-28000,65000,28000,65000,28000,1
28,66,1737,R0C0,BF074,66000,-28000,66000,28000,66000,28000,1
28,67,1738,R0C0,BF075,67000,-28000,67000,28000,67000,28000,1
28,68,1739,R0C0,BF076,68000,-28000,68000,28000,68000,28000,1
28,69,1740,R0C0,BF077,69000,-28000,69000,28000,69000,28000,1
28,70,1741,R0C0,BF078,70000,-28000,70000,28000,70000,28000,1
28,71,1742,R0C0,BF079,71000,-28000,71000,28000,71000,28000,1
28,72,1743,R0C0,BF081,72000,-28000,72000,28000,72000,28000,1
28,73,1744,R0C0,BF082,73000,-28000,73000,28000,73000,28000,1
28,74,1745,R0C0,BF083,74000,-28000,74000,28000,74000,28000,1
28,75,1746,R0C0,BF084,75000,-28000,75000,28000,75000,28000,1
28,76,1747,R0C0,BF085,76000,-28000,76000,28000,76000,28000,1
28,77,1748,R0C0,BF086,77000,-28000,77000,28000,77000,28000,1
28,78,1749,R0C0,BF087,78000,-28000,78000,28000,78000,28000,1
28,79,1750,R0C0,BF088,79000,-28000,79000,28000,79000,28000,1
28,80,1751,R0C0,BF089,80000,-28000,80000,28000,80000,28000,1
28,81,1752,R0C0,BF091,81000,-28000,81000,28000,81000,28000,1
28,82,1753,R0C0,BF092,82000,-28000,82000,28000,82000,28000,1
28,83,1754,R0C0,BF093,83000,-28000,83000,28000,83000,28000,1
28,84,1755,R0C0,BF094,84000,-28000,84000,28000,84000,28000,1
28,85,1756,R0C0,BF095,85000,-28000,85000,28000,85000,28000,1
28,86,1757,R0C0,BF096,86000,-28000,86000,28000,86000,28000,1
28,87,1758,R0C0,BF097,87000,-28000,87000,28000,87000,28000,1
28,88,1759,R0C0,BF098,88000,-28000,88000,28000,88000,28000,1
28,89,1760,R0C0,BF099,89000,-28000,89000,28000,89000,28000,1
28,90,1761,R0C0,BF101,90000,-28000,90000,28000,90000,28000,1
28,91,1762,R0C0,BF102,91000,-28000,91000,28000,91000,28000,1
28,92,1763,R0C0,BF103,92000,-28000,92000,28000,92000,28000,1
28,93,1764,R0C0,BF104,93000,-28000,93000,28000,93000,28000,1
28,94,1765,R0C0,BF105,94000,-28000,94000,28000,94000,28000,1
29,10,1766,R0C0,BG012,10000,-29000,10000,29000,10000,29000,1
29,11,1767,R0C0,BG013,11000,-29000,11000,29000,11000,29000,1
29,12,1768,R0C0,BG014,12000,-29000,12000,29000,12000,29000,1
29,13,1769,R0C0,BG015,13000,-29000,13000,29000,13000,29000,1
29,14,1770,R0C0,BG016,14000,-29000,14000,29000,14000,29000,1
29,15,1771,R0C0,BG017,15000,-29000,15000,29000,15000,29000,1
29,16,1772,R0C0,BG018,16000,-29000,16000,29000,16000,29000,1
29,17,1773,R0C0,BG019,17000,-29000,17000,29000,17000,29000,1
29,18,1774,R0C0,BG021,18000,-29000,18000,29000,18000,29000,1
29,19,1775,R0C0,BG022,19000,-29000,19000,29000,19000,29000,1
29,20,1776,R0C0,BG023,20000,-29000,20000,29000,20000,29000,1
29,21,1777,R0C0,BG024,21000,-29000,21000,29000,21000,29000,1
29,22,1778,R0C0,BG025,22000,-29000,22000,29000,22000,29000,1
29,23,1779,R0C0,BG026,23000,-29000,23000,29000,23000,29000,1
29,24,1780,R0C0,BG027,24000,-29000,24000,29000,24000,29000,1
29,25,1781,R0C0,BG028,25000,-29000,25000,29000,25000,29000,1
29,26,1782,R0C0,BG029,26000,-29000,26000,29000,26000,29000,1
29,27,1783,R0C0,BG031,27000,-29000,27000,29000,27000,29000,1
29,28,1784,R0C0,BG032,28000,-29000,28000,29000,28000,29000,1
29,29,1785,R0C0,BG033,29000,-29000,29000,29000,29000,29000,1
29,30,1786,R0C0,BG034,30000,-29000,30000,29000,30000,29000,1
29,31,1787,R0C0,BG035,31000,-29000,31000,29000,31000,29000,1
29,32,1788,R0C0,BG036,32000,-29000,32000,29000,32000,29000,1
29,33,1789,R0C0,BG037,33000,-29000,33000,29000,33000,29000,1
29,34,1790,R0C0,BG038,34000,-29000,34000,29000,34000,29000,1
29,35,1791,R0C0,BG039,35000,-29000,35000,29000,35000,29000,1
29,36,1792,R0C0,BG041,36000,-29000,36000,29000,36000,29000,1
29,37,1793,R0C0,BG042,37000,-29000,37000,29000,37000,29000,1
29,38,1794,R0C0,BG043,38000,-29000,38000,29000,38000,29000,1
29,39,1795,R0C0,BG044,39000,-29000,39000,29000,39000,29000,1
29,40,1796,R0C0,BG045,40000,-29000,40000,29000,40000,29000,1
29,41,1797,R0C0,BG046,41000,-29000,41000,29000,41000,29000,1
29,42,1798,R0C0,BG047,42000,-29000,42000,29000,42000,29000,1
29,43,1799,R0C0,BG048,43000,-29000,43000,29000,43000,29000,1
29,44,1800,R0C0,BG049,44000,-29000,44000,29000,44000,29000,1
29,45,1801,R0C0,BG051,45000,-29000,45000,29000,45000,29000,1
29,46,1802,R0C0,BG052,46000,-29000,46000,29000,46000,29000,1
29,47,1803,R0C0,BG053,47000,-29000,47000,29000,47000,29000,1
29,48,1804,R0C0,BG054,48000,-29000,48000,29000,48000,29000,1
29,49,1805,R0C0,BG055,49000,-29000,49000,29000,49000,29000,1
29,50,1806,R0C0,BG056,50000,-29000,50000,29000,50000,29000,1
29,51,1807,R0C0,BG057,51000,-29000,51000,29000,51000,29000,1
29,52,1808,R0C0,BG058,52000,-29000,52000,29000,52000,29000,1
29,53,1809,R0C0,BG059,53000,-29000,53000,29000,53000,29000,1
29,54,1810,R0C0,BG061,54000,-29000,54000,29000,54000,29000,1
29,55,1811,R0C0,BG062,55000,-29000,55000,29000,55000,29000,1
29,56,1812,R0C0,BG063,56000,-29000,56000,29000,56000,29000,1
29,57,1813,R0C0,BG064,57000,-29000,57000,29000,57000,29000,1
29,58,1814,R0C0,BG065,58000,-29000,58000,29000,58000,29000,1
29,59,1815,R0C0,BG066,59000,-29000,59000,29000,59000,29000,1
29,60,1816,R0C0,BG067,60000,-29000,60000,29000,60000,29000,1
29,61,1817,R0C0,BG068,61000,-29000,61000,29000,61000,29000,1
29,62,1818,R0C0,BG069,62000,-29000,62000,29000,62000,29000,1
29,63,1819,R0C0,BG071,63000,-29000,63000,29000,63000,29000,1
29,64,1820,R0C0,BG072,64000,-29000,64000,29000,64000,29000,1
29,65,1821,R0C0,BG073,65000,-29000,65000,29000,65000,29000,1
29,66,1822,R0C0,BG074,66000,-29000,66000,29000,66000,29000,1
29,67,1823,R0C0,BG075,67000,-29000,67000,29000,67000,29000,1
29,68,1824,R0C0,BG076,68000,-29000,68000,29000,68000,29000,1
29,69,1825,R0C0,BG077,69000,-29000,69000,29000,69000,29000,1
29,70,1826,R0C0,BG078,70000,-29000,70000,29000,70000,29000,1
29,71,1827,R0C0,BG079,71000,-29000,71000,29000,71000,29000,1
29,72,1828,R0C0,BG081,72000,-29000,72000,29000,72000,29000,1
29,73,1829,R0C0,BG082,73000,-29000,73000,29000,73000,29000,1
29,74,1830,R0C0,BG083,74000,-29000,74000,29000,74000,29000,1
29,75,1831,R0C0,BG084,75000,-29000,75000,29000,75000,29000,1
29,76,1832,R0C0,BG085,76000,-29000,76000,29000,76000,29000,1
29,77,1833,R0C0,BG086,77000,-29000,77000,29000,77000,29000,1
29,78,1834,R0C0,BG087,78000,-29000,78000,29000,78000,29000,1
29,79,1835,R0C0,BG088,79000,-29000,79000,29000,79000,29000,1
29,80,1836,R0C0,BG089,80000,-29000,80000,29000,80000,29000,1
29,81,1837,R0C0,BG091,81000,-29000,81000,29000,81000,29000,1
29,82,1838,R0C0,BG092,82000,-29000,82000,29000,82000,29000,1
29,83,1839,R0C0,BG093,83000,-29000,83000,29000,83000,29000,1
29,84,1840,R0C0,BG094,84000,-29000,84000,29000,84000,29000,1
29,85,1841,R0C0,BG095,85000,-29000,85000,29000,85000,29000,1
29,86,1842,R0C0,BG096,86000,-29000,86000,29000,86000,29000,1
29,87,1843,R0C0,BG097,87000,-29000,87000,29000,87000,29000,1
29,88,1844,R0C0,BG098,88000,-29000,88000,29000,88000,29000,1
29,89,1845,R0C0,BG099,89000,-29000,89000,29000,89000,29000,1
29,90,1846,R0C0,BG101,90000,-29000,90000,29000,90000,29000,1
29,91,1847,R0C0,BG102,91000,-29000,91000,29000,91000,29000,1
29,92,1848,R0C0,BG103,92000,-29000,92000,29000,92000,29000,1
29,93,1849,R0C0,BG104,93000,-29000,93000,29000,93000,29000,1
29,94,1850,R0C0,BG105,94000,-29000,94000,29000,94000,29000,1
30,5,1851,R0C0,BH006,5000,-30000,5000,30000,5000,30000,1
30,6,1852,R0C0,BH007,6000,-30000,6000,30000,6000,30000,1
30,7,1853,R0C0,BH008,7000,-30000,7000,30000,7000,30000,1
30,8,1854,R0C0,BH009,8000,-30000,8000,30000,8000,30000,1
30,9,1855,R0C0,BH011,9000,-30000,9000,30000,9000,30000,1
30,10,1856,R0C0,BH012,10000,-30000,10000,30000,10000,30000,1
30,11,1857,R0C0,BH013,11000,-30000,11000,30000,11000,30000,1
30,12,1858,R0C0,BH014,12000,-30000,12000,30000,12000,30000,1
30,13,1859,R0C0,BH015,13000,-30000,13000,30000,13000,30000,1
30,14,1860,R0C0,BH016,14000,-30000,14000,30000,14000,30000,1
30,15,1861,R0C0,BH017,15000,-30000,15000,30000,15000,30000,1
30,16,1862,R0C0,BH018,16000,-30000,16000,30000,16000,30000,1
30,17,1863,R0C0,BH019,17000,-30000,17000,30000,17000,30000,1
30,18,1864,R0C0,BH021,18000,-30000,18000,30000,18000,30000,1
30,19,1865,R0C0,BH022,19000,-30000,19000,30000,19000,30000,1
30,20,1866,R0C0,BH023,20000,-30000,20000,30000,20000,30000,1
30,21,1867,R0C0,BH024,21000,-30000,21000,30000,21000,30000,1
30,22,1868,R0C0,BH025,22000,-30000,22000,30000,22000,30000,1
30,23,1869,R0C0,BH026,23000,-30000,23000,30000,23000,30000,1
30,24,1870,R0C0,BH027,24000,-30000,24000,30000,24000,30000,1
30,25,1871,R0C0,BH028,25000,-30000,25000,30000,25000,30000,1
30,26,1872,R0C0,BH029,26000,-30000,26000,30000,26000,30000,1
30,27,1873,R0C0,BH031,27000,-30000,27000,30000,27000,30000,1
30,28,1874,R0C0,BH032,28000,-30000,28000,30000,28000,30000,1
30,29,1875,R0C0,BH033,29000,-30000,29000,30000,29000,30000,1
30,30,1876,R0C0,BH034,30000,-30000,30000,30000,30000,30000,1
30,31,1877,R0C0,BH035,31000,-30000,31000,30000,31000,30000,1
30,32,1878,R0C0,BH036,32000,-30000,32000,30000,32000,30000,1
30,33,1879,R0C0,BH037,33000,-30000,33000,30000,33000,30000,1
30,34,1880,R0C0,BH038,34000,-30000,34000,30000,34000,30000,1
30,35,1881,R0C0,BH039,35000,-30000,35000,30000,35000,30000,1
30,36,1882,R0C0,BH041,36000,-30000,36000,30000,36000,30000,1
30,37,1883,R0C0,BH042,37000,-30000,37000,30000,37000,30000,1
30,38,1884,R0C0,BH043,38000,-30000,38000,30000,38000,30000,1
30,39,1885,R0C0,BH044,39000,-30000,39000,30000,39000,30000,1
30,40,1886,R0C0,BH045,40000,-30000,40000,30000,40000,30000,1
30,41,1887,R0C0,BH046,41000,-30000,41000,30000,41000,30000,1
30,42,1888,R0C0,BH047,42000,-30000,42000,30000,42000,30000,1
30,43,1889,R0C0,BH048,43000,-30000,43000,30000,43000,30000,1
30,44,1890,R0C0,BH049,44000,-30000,44000,30000,44000,30000,1
30,45,1891,R0C0,BH051,45000,-30000,45000,30000,45000,30000,1
30,46,1892,R0C0,BH052,46000,-30000,46000,30000,46000,30000,1
30,47,1893,R0C0,BH053,47000,-30000,47000,30000,47000,30000,1
30,48,1894,R0C0,BH054,48000,-30000,48000,30000,48000,30000,1
30,49,1895,R0C0,BH055,49000,-30000,49000,30000,49000,30000,1
30,50,1896,R0C0,BH056,50000,-30000,50000,30000,50000,30000,1
30,51,1897,R0C0,BH057,51000,-30000,51000,30000,51000,30000,1
30,52,1898,R0C0,BH058,52000,-30000,52000,30000,52000,30000,1
30,53,1899,R0C0,BH059,53000,-30000,53000,30000,53000,30000,1
30,54,1900,R0C0,BH061,54000,-30000,54000,30000,54000,30000,1
30,55,1901,R0C0,BH062,55000,-30000,55000,30000,55000,30000,1
30,56,1902,R0C0,BH063,56000,-30000,56000,30000,56000,30000,1
30,57,1903,R0C0,BH064,57000,-30000,57000,30000,57000,30000,1
30,58,1904,R0C0,BH065,58000,-30000,58000,30000,58000,30000,1
30,59,1905,R0C0,BH066,59000,-30000,59000,30000,59000,30000,1
30,60,1906,R0C0,BH067,60000,-30000,60000,30000,60000,30000,1
30,61,1907,R0C0,BH068,61000,-30000,61000,30000,61000,30000,1
30,62,1908,R0C0,BH069,62000,-30000,62000,30000,62000,30000,1
30,63,1909,R0C0,BH071,63000,-30000,63000,30000,63000,30000,1
30,64,1910,R0C0,BH072,64000,-30000,64000,30000,64000,30000,1
30,65,1911,R0C0,BH073,65000,-30000,65000,30000,65000,30000,1
30,66,1912,R0C0,BH074,66000,-30000,66000,30000,66000,30000,1
30,67,1913,R0C0,BH075,67000,-30000,67000,30000,67000,30000,1
30,68,1914,R0C0,BH076,68000,-30000,68000,30000,68000,30000,1
30,69,1915,R0C0,BH077,69000,-30000,69000,30000,69000,30000,1
30,70,1916,R0C0,BH078,70000,-30000,70000,30000,70000,30000,1
30,71,1917,R0C0,BH079,71000,-30000,71000,30000,71000,30000,1
30,72,1918,R0C0,BH081,72000,-30000,72000,30000,72000,30000,1
30,73,1919,R0C0,BH082,73000,-30000,73000,30000,73000,30000,1
30,74,1920,R0C0,BH083,74000,-30000,74000,30000,74000,30000,1
30,75,1921,R0C0,BH084,75000,-30000,75000,30000,75000,30000,1
30,76,1922,R0C0,BH085,76000,-30000,76000,30000,76000,30000,1
30,77,1923,R0C0,BH086,77000,-30000,77000,30000,77000,30000,1
30,78,1924,R0C0,BH087,78000,-30000,78000,30000,78000,30000,1
30,79,1925,R0C0,BH088,79000,-30000,79000,30000,79000,30000,1
30,80,1926,R0C0,BH089,80000,-30000,80000,30000,80000,30000,1
30,81,1927,R0C0,BH091,81000,-30000,81000,30000,81000,30000,1
30,82,1928,R0C0,BH092,82000,-30000,82000,30000,82000,30000,1
30,83,1929,R0C0,BH093,83000,-30000,83000,30000,83000,30000,1
30,84,1930,R0C0,BH094,84000,-30000,84000,30000,84000,30000,1
30,85,1931,R0C0,BH095,85000,-30000,85000,30000,85000,30000,1
30,86,1932,R0C0,BH096,86000,-30000,86000,30000,86000,30000,1
30,87,1933,R0C0,BH097,87000,-30000,87000,30000,87000,30000,1
30,88,1934,R0C0,BH098,88000,-30000,88000,30000,88000,30000,1
30,89,1935,R0C0,BH099,89000,-30000,89000,30000,89000,30000,1
30,90,1936,R0C0,BH101,90000,-30000,90000,30000,90000,30000,1
30,91,1937,R0C0,BH102,91000,-30000,91000,30000,91000,30000,1
30,92,1938,R0C0,BH103,92000,-30000,92000,30000,92000,30000,1
30,93,1939,R0C0,BH104,93000,-30000,93000,30000,93000,30000,1
30,94,1940,R0C0,BH105,94000,-30000,94000,30000,94000,30000,1
30,95,1941,R0C0,BH106,95000,-30000,95000,30000,95000,30000,1
30,96,1942,R0C0,BH107,96000,-30000,96000,30000,96000,30000,1
30,97,1943,R0C0,BH108,97000,-30000,97000,30000,97000,30000,1
30,98,1944,R0C0,BH109,98000,-30000,98000,30000,98000,30000,1
30,99,1945,R0C0,BH111,99000,-30000,99000,30000,99000,30000,1
31,5,1946,R0C0,BJ006,5000,-31000,5000,31000,5000,31000,1
31,6,1947,R0C0,BJ007,6000,-31000,6000,31000,6000,31000,1
31,7,1948,R0C0,BJ008,7000,-31000,7000,31000,7000,31000,1
31,8,1949,R0C0,BJ009,8000,-31000,8000,31000,8000,31000,1
31,9,1950,R0C0,BJ011,9000,-31000,9000,31000,9000,31000,1
31,10,1951,R0C0,BJ012,10000,-31000,10000,31000,10000,31000,1
31,11,1952,R0C0,BJ013,11000,-31000,11000,31000,11000,31000,1
31,12,1953,R0C0,BJ014,12000,-31000,12000,31000,12000,31000,1
31,13,1954,R0C0,BJ015,13000,-31000,13000,31000,13000,31000,1
31,14,1955,R0C0,BJ016,14000,-31000,14000,31000,14000,31000,1
31,15,1956,R0C0,BJ017,15000,-31000,15000,31000,15000,31000,1
31,16,1957,R0C0,BJ018,16000,-31000,16000,31000,16000,31000,1
31,17,1958,R0C0,BJ019,17000,-31000,17000,31000,17000,31000,1
31,18,1959,R0C0,BJ021,18000,-31000,18000,31000,18000,31000,1
31,19,1960,R0C0,BJ022,19000,-31000,19000,31000,19000,31000,1
31,20,1961,R0C0,BJ023,20000,-31000,20000,31000,20000,31000,1
31,21,1962,R0C0,BJ024,21000,-31000,21000,31000,21000,31000,1
31,22,1963,R0C0,BJ025,22000,-31000,22000,31000,22000,31000,1
31,23,1964,R0C0,BJ026,23000,-31000,23000,31000,23000,31000,1
31,24,1965,R0C0,BJ027,24000,-31000,24000,31000,24000,31000,1
31,25,1966,R0C0,BJ028,25000,-31000,25000,31000,25000,31000,1
31,26,1967,R0C0,BJ029,26000,-31000,26000,31000,26000,31000,1
31,27,1968,R0C0,BJ031,27000,-31000,27000,31000,27000,31000,1
31,28,1969,R0C0,BJ032,28000,-31000,28000,31000,28000,31000,1
31,29,1970,R0C0,BJ033,29000,-31000,29000,31000,29000,31000,1
31,30,1971,R0C0,BJ034,30000,-31000,30000,31000,30000,31000,1
31,31,1972,R0C0,BJ035,31000,-31000,31000,31000,31000,31000,1
31,32,1973,R0C0,BJ036,32000,-31000,32000,31000,32000,31000,1
31,33,1974,R0C0,BJ037,33000,-31000,33000,31000,33000,31000,1
31,34,1975,R0C0,BJ038,34000,-31000,34000,31000,34000,31000,1
31,35,1976,R0C0,BJ039,35000,-31000,35000,31000,35000,31000,1
31,36,1977,R0C0,BJ041,36000,-31000,36000,31000,36000,31000,1
31,37,1978,R0C0,BJ042,37000,-31000,37000,31000,37000,31000,1
31,38,1979,R0C0,BJ043,38000,-31000,38000,31000,38000,31000,1
31,39,1980,R0C0,BJ044,39000,-31000,39000,31000,39000,31000,1
31,40,1981,R0C0,BJ045,40000,-31000,40000,31000,40000,31000,1
31,41,1982,R0C0,BJ046,41000,-31000,41000,31000,41000,31000,1
31,42,1983,R0C0,BJ047,42000,-31000,42000,31000,42000,31000,1
31,43,1984,R0C0,BJ048,43000,-31000,43000,31000,43000,31000,1
31,44,1985,R0C0,BJ049,44000,-31000,44000,31000,44000,31000,1
31,45,1986,R0C0,BJ051,45000,-31000,45000,31000,45000,31000,1
31,46,1987,R0C0,BJ052,46000,-31000,46000,31000,46000,31000,1
31,47,1988,R0C0,BJ053,47000,-31000,47000,31000,47000,31000,1
31,48,1989,R0C0,BJ054,48000,-31000,48000,31000,48000,31000,1
31,49,1990,R0C0,BJ055,49000,-31000,49000,31000,49000,31000,1
31,50,1991,R0C0,BJ056,50000,-31000,50000,31000,50000,31000,1
31,51,1992,R0C0,BJ057,51000,-31000,51000,31000,51000,31000,1
31,52,1993,R0C0,BJ058,52000,-31000,52000,31000,52000,31000,1
31,53,1994,R0C0,BJ059,53000,-31000,53000,31000,53000,31000,1
31,54,1995,R0C0,BJ061,54000,-31000,54000,31000,54000,31000,1
31,55,1996,R0C0,BJ062,55000,-31000,55000,31000,55000,31000,1
31,56,1997,R0C0,BJ063,56000,-31000,56000,31000,56000,31000,1
31,57,1998,R0C0,BJ064,57000,-31000,57000,31000,57000,31000,1
31,58,1999,R0C0,BJ065,58000,-31000,58000,31000,58000,31000,1
31,59,2000,R0C0,BJ066,59000,-31000,59000,31000,59000,31000,1
31,60,2001,R0C0,BJ067,60000,-31000,60000,31000,60000,31000,1
31,61,2002,R0C0,BJ068,61000,-31000,61000,31000,61000,31000,1
31,62,2003,R0C0,BJ069,62000,-31000,62000,31000,62000,31000,1
31,63,2004,R0C0,BJ071,63000,-31000,63000,31000,63000,31000,1
31,64,2005,R0C0,BJ072,64000,-31000,64000,31000,64000,31000,1
31,65,2006,R0C0,BJ073,65000,-31000,65000,31000,65000,31000,1
31,66,2007,R0C0,BJ074,66000,-31000,66000,31000,66000,31000,1
31,67,2008,R0C0,BJ075,67000,-31000,67000,31000,67000,31000,1
31,68,2009,R0C0,BJ076,68000,-31000,68000,31000,68000,31000,1
31,69,2010,R0C0,BJ077,69000,-31000,69000,31000,69000,31000,1
31,70,2011,R0C0,BJ078,70000,-31000,70000,31000,70000,31000,1
31,71,2012,R0C0,BJ079,71000,-31000,71000,31000,71000,31000,1
31,72,2013,R0C0,BJ081,72000,-31000,72000,31000,72000,31000,1
31,73,2014,R0C0,BJ082,73000,-31000,73000,31000,73000,31000,1
31,74,2015,R0C0,BJ083,74000,-31000,74000,31000,74000,31000,1
31,75,2016,R0C0,BJ084,75000,-31000,75000,31000,75000,31000,1
31,76,2017,R0C0,BJ085,76000,-31000,76000,31000,76000,31000,1
31,77,2018,R0C0,BJ086,77000,-31000,77000,31000,77000,31000,1
31,78,2019,R0C0,BJ087,78000,-31000,78000,31000,78000,31000,1
31,79,2020,R0C0,BJ088,79000,-31000,79000,31000,79000,31000,1
31,80,2021,R0C0,BJ089,80000,-31000,80000,31000,80000,31000,1
31,81,2022,R0C0,BJ091,81000,-31000,81000,31000,81000,31000,1
31,82,2023,R0C0,BJ092,82000,-31000,82000,31000,82000,31000,1
31,83,2024,R0C0,BJ093,83000,-31000,83000,31000,83000,31000,1
31,84,2025,R0C0,BJ094,84000,-31000,84000,31000,84000,31000,1
31,85,2026,R0C0,BJ095,85000,-31000,85000,31000,85000,31000,1
31,86,2027,R0C0,BJ096,86000,-31000,86000,31000,86000,31000,1
31,87,2028,R0C0,BJ097,87000,-31000,87000,31000,87000,31000,1
31,88,2029,R0C0,BJ098,88000,-31000,88000,31000,88000,31000,1
31,89,2030,R0C0,BJ099,89000,-31000,89000,31000,89000,31000,1
31,90,2031,R0C0,BJ101,90000,-31000,90000,31000,90000,31000,1
31,91,2032,R0C0,BJ102,91000,-31000,91000,31000,91000,31000,1
31,92,2033,R0C0,BJ103,92000,-31000,92000,31000,92000,31000,1
31,93,2034,R0C0,BJ104,93000,-31000,93000,31000,93000,31000,1
31,94,2035,R0C0,BJ105,94000,-31000,94000,31000,94000,31000,1
31,95,2036,R0C0,BJ106,95000,-31000,95000,31000,95000,31000,1
31,96,2037,R0C0,BJ107,96000,-31000,96000,31000,96000,31000,1
31,97,2038,R0C0,BJ108,97000,-31000,97000,31000,97000,31000,1
31,98,2039,R0C0,BJ109,98000,-31000,98000,31000,98000,31000,1
31,99,2040,R0C0,BJ111,99000,-31000,99000,31000,99000,31000,1
32,5,2041,R0C0,BK006,5000,-32000,5000,32000,5000,32000,1
32,6,2042,R0C0,BK007,6000,-32000,6000,32000,6000,32000,1
32,7,2043,R0C0,BK008,7000,-32000,7000,32000,7000,32000,1
32,8,2044,R0C0,BK009,8000,-32000,8000,32000,8000,32000,1
32,9,2045,R0C0,BK011,9000,-32000,9000,32000,9000,32000,1
32,10,2046,R0C0,BK012,10000,-32000,10000,32000,10000,32000,1
32,11,2047,R0C0,BK013,11000,-32000,11000,32000,11000,32000,1
32,12,2048,R0C0,BK014,12000,-32000,12000,32000,12000,32000,1
32,13,2049,R0C0,BK015,13000,-32000,13000,32000,13000,32000,1
32,14,2050,R0C0,BK016,14000,-32000,14000,32000,14000,32000,1
32,15,2051,R0C0,BK017,15000,-32000,15000,32000,15000,32000,1
32,16,2052,R0C0,BK018,16000,-32000,16000,32000,16000,32000,1
32,17,2053,R0C0,BK019,17000,-32000,17000,32000,17000,32000,1
32,18,2054,R0C0,BK021,18000,-32000,18000,32000,18000,32000,1
32,19,2055,R0C0,BK022,19000,-32000,19000,32000,19000,32000,1
32,20,2056,R0C0,BK023,20000,-32000,20000,32000,20000,32000,1
32,21,2057,R0C0,BK024,21000,-32000,21000,32000,21000,32000,1
32,22,2058,R0C0,BK025,22000,-32000,22000,32000,22000,32000,1
32,23,2059,R0C0,BK026,23000,-32000,23000,32000,23000,32000,1
32,24,2060,R0C0,BK027,24000,-32000,24000,32000,24000,32000,1
32,25,2061,R0C0,BK028,25000,-32000,25000,32000,25000,32000,1
32,26,2062,R0C0,BK029,26000,-32000,26000,32000,26000,32000,1
32,27,2063,R0C0,BK031,27000,-32000,27000,32000,27000,32000,1
32,28,2064,R0C0,BK032,28000,-32000,28000,32000,28000,32000,1
32,29,2065,R0C0,BK033,29000,-32000,29000,32000,29000,32000,1
32,30,2066,R0C0,BK034,30000,-32000,30000,32000,30000,32000,1
32,31,2067,R0C0,BK035,31000,-32000,31000,32000,31000,32000,1
32,32,2068,R0C0,BK036,32000,-32000,32000,32000,32000,32000,1
32,33,2069,R0C0,BK037,33000,-32000,33000,32000,33000,32000,1
32,34,2070,R0C0,BK038,34000,-32000,34000,32000,34000,32000,1
32,35,2071,R0C0,BK039,35000,-32000,35000,32000,35000,32000,1
32,36,2072,R0C0,BK041,36000,-32000,36000,32000,36000,32000,1
32,37,2073,R0C0,BK042,37000,-32000,37000,32000,37000,32000,1
32,38,2074,R0C0,BK043,38000,-32000,38000,32000,38000,32000,1
32,39,2075,R0C0,BK044,39000,-32000,39000,32000,39000,32000,1
32,40,2076,R0C0,BK045,40000,-32000,40000,32000,40000,32000,1
32,41,2077,R0C0,BK046,41000,-32000,41000,32000,41000,32000,1
32,42,2078,R0C0,BK047,42000,-32000,42000,32000,42000,32000,1
32,43,2079,R0C0,BK048,43000,-32000,43000,32000,43000,32000,1
32,44,2080,R0C0,BK049,44000,-32000,44000,32000,44000,32000,1
32,45,2081,R0C0,BK051,45000,-32000,45000,32000,45000,32000,1
32,46,2082,R0C0,BK052,46000,-32000,46000,32000,46000,32000,1
32,47,2083,R0C0,BK053,47000,-32000,47000,32000,47000,32000,1
32,48,2084,R0C0,BK054,48000,-32000,48000,32000,48000,32000,1
32,49,2085,R0C0,BK055,49000,-32000,49000,32000,49000,32000,1
32,50,2086,R0C0,BK056,50000,-32000,50000,32000,50000,32000,1
32,51,2087,R0C0,BK057,51000,-32000,51000,32000,51000,32000,1
32,52,2088,R0C0,BK058,52000,-32000,52000,32000,52000,32000,1
32,53,2089,R0C0,BK059,53000,-32000,53000,32000,53000,32000,1
32,54,2090,R0C0,BK061,54000,-32000,54000,32000,54000,32000,1
32,55,2091,R0C0,BK062,55000,-32000,55000,32000,55000,32000,1
32,56,2092,R0C0,BK063,56000,-32000,56000,32000,56000,32000,1
32,57,2093,R0C0,BK064,57000,-32000,57000,32000,57000,32000,1
32,58,2094,R0C0,BK065,58000,-32000,58000,32000,58000,32000,1
32,59,2095,R0C0,BK066,59000,-32000,59000,32000,59000,32000,1
32,60,2096,R0C0,BK067,60000,-32000,60000,32000,60000,32000,1
32,61,2097,R0C0,BK068,61000,-32000,61000,32000,61000,32000,1
32,62,2098,R0C0,BK069,62000,-32000,62000,32000,62000,32000,1
32,63,2099,R0C0,BK071,63000,-32000,63000,32000,63000,32000,1
32,64,2100,R0C0,BK072,64000,-32000,64000,32000,64000,32000,1
32,65,2101,R0C0,BK073,65000,-32000,65000,32000,65000,32000,1
32,66,2102,R0C0,BK074,66000,-32000,66000,32000,66000,32000,1
32,67,2103,R0C0,BK075,67000,-32000,67000,32000,67000,32000,1
32,68,2104,R0C0,BK076,68000,-32000,68000,32000,68000,32000,1
32,69,2105,R0C0,BK077,69000,-32000,69000,32000,69000,32000,1
32,70,2106,R0C0,BK078,70000,-32000,70000,32000,70000,32000,1
32,71,2107,R0C0,BK079,71000,-32000,71000,32000,71000,32000,1
32,72,2108,R0C0,BK081,72000,-32000,72000,32000,72000,32000,1
32,73,2109,R0C0,BK082,73000,-32000,73000,32000,73000,32000,1
32,74,2110,R0C0,BK083,74000,-32000,74000,32000,74000,32000,1
32,75,2111,R0C0,BK084,75000,-32000,75000,32000,75000,32000,1
32,76,2112,R0C0,BK085,76000,-32000,76000,32000,76000,32000,1
32,77,2113,R0C0,BK086,77000,-32000,77000,32000,77000,32000,1
32,78,2114,R0C0,BK087,78000,-32000,78000,32000,78000,32000,1
32,79,2115,R0C0,BK088,79000,-32000,79000,32000,79000,32000,1
32,80,2116,R0C0,BK089,80000,-32000,80000,32000,80000,32000,1
32,81,2117,R0C0,BK091,81000,-32000,81000,32000,81000,32000,1
32,82,2118,R0C0,BK092,82000,-32000,82000,32000,82000,32000,1
32,83,2119,R0C0,BK093,83000,-32000,83000,32000,83000,32000,1
32,84,2120,R0C0,BK094,84000,-32000,84000,32000,84000,32000,1
32,85,2121,R0C0,BK095,85000,-32000,85000,32000,85000,32000,1
32,86,2122,R0C0,BK096,86000,-32000,86000,32000,86000,32000,1
32,87,2123,R0C0,BK097,87000,-32000,87000,32000,87000,32000,1
32,88,2124,R0C0,BK098,88000,-32000,88000,32000,88000,32000,1
32,89,2125,R0C0,BK099,89000,-32000,89000,32000,89000,32000,1
32,90,2126,R0C0,BK101,90000,-32000,90000,32000,90000,32000,1
32,91,2127,R0C0,BK102,91000,-32000,91000,32000,91000,32000,1
32,92,2128,R0C0,BK103,92000,-32000,92000,32000,92000,32000,1
32,93,2129,R0C0,BK104,93000,-32000,93000,32000,93000,32000,1
32,94,2130,R0C0,BK105,94000,-32000,94000,32000,94000,32000,1
32,95,2131,R0C0,BK106,95000,-32000,95000,32000,95000,32000,1
32,96,2132,R0C0,BK107,96000,-32000,96000,32000,96000,32000,1
32,97,2133,R0C0,BK108,97000,-32000,97000,32000,97000,32000,1
32,98,2134,R0C0,BK109,98000,-32000,98000,32000,98000,32000,1
32,99,2135,R0C0,BK111,99000,-32000,99000,32000,99000,32000,1
33,5,2136,R0C0,BL006,5000,-33000,5000,33000,5000,33000,1
33,6,2137,R0C0,BL007,6000,-33000,6000,33000,6000,33000,1
33,7,2138,R0C0,BL008,7000,-33000,7000,33000,7000,33000,1
33,8,2139,R0C0,BL009,8000,-33000,8000,33000,8000,33000,1
33,9,2140,R0C0,BL011,9000,-33000,9000,33000,9000,33000,1
33,10,2141,R0C0,BL012,10000,-33000,10000,33000,10000,33000,1
33,11,2142,R0C0,BL013,11000,-33000,11000,33000,11000,33000,1
33,12,2143,R0C0,BL014,12000,-33000,12000,33000,12000,33000,1
33,13,2144,R0C0,BL015,13000,-33000,13000,33000,13000,33000,1
33,14,2145,R0C0,BL016,14000,-33000,14000,33000,14000,33000,1
33,15,2146,R0C0,BL017,15000,-33000,15000,33000,15000,33000,1
33,16,2147,R0C0,BL018,16000,-33000,16000,33000,16000,33000,1
33,17,2148,R0C0,BL019,17000,-33000,17000,33000,17000,33000,1
33,18,2149,R0C0,BL021,18000,-33000,18000,33000,18000,33000,1
33,19,2150,R0C0,BL022,19000,-33000,19000,33000,19000,33000,1
33,20,2151,R0C0,BL023,20000,-33000,20000,33000,20000,33000,1
33,21,2152,R0C0,BL024,21000,-33000,21000,33000,21000,33000,1
33,22,2153,R0C0,BL025,22000,-33000,22000,33000,22000,33000,1
33,23,2154,R0C0,BL026,23000,-33000,23000,33000,23000,33000,1
33,24,2155,R0C0,BL027,24000,-33000,24000,33000,24000,33000,1
33,25,2156,R0C0,BL028,25000,-33000,25000,33000,25000,33000,1
33,26,2157,R0C0,BL029,26000,-33000,26000,33000,26000,33000,1
33,27,2158,R0C0,BL031,27000,-33000,27000,33000,27000,33000,1
33,28,2159,R0C0,BL032,28000,-33000,28000,33000,28000,33000,1
33,29,2160,R0C0,BL033,29000,-33000,29000,33000,29000,33000,1
33,30,2161,R0C0,BL034,30000,-33000,30000,33000,30000,33000,1
33,31,2162,R0C0,BL035,31000,-33000,31000,33000,31000,33000,1
33,32,2163,R0C0,BL036,32000,-33000,32000,33000,32000,33000,1
33,33,2164,R0C0,BL037,33000,-33000,33000,33000,33000,33000,1
33,34,2165,R0C0,BL038,34000,-33000,34000,33000,34000,33000,1
33,35,2166,R0C0,BL039,35000,-33000,35000,33000,35000,33000,1
33,36,2167,R0C0,BL041,36000,-33000,36000,33000,36000,33000,1
33,37,2168,R0C0,BL042,37000,-33000,37000,33000,37000,33000,1
33,38,2169,R0C0,BL043,38000,-33000,38000,33000,38000,33000,1
33,39,2170,R0C0,BL044,39000,-33000,39000,33000,39000,33000,1
33,40,2171,R0C0,BL045,40000,-33000,40000,33000,40000,33000,1
33,41,2172,R0C0,BL046,41000,-33000,41000,33000,41000,33000,1
33,42,2173,R0C0,BL047,42000,-33000,42000,33000,42000,33000,1
33,43,2174,R0C0,BL048,43000,-33000,43000,33000,43000,33000,1
33,44,2175,R0C0,BL049,44000,-33000,44000,33000,44000,33000,1
33,45,2176,R0C0,BL051,45000,-33000,45000,33000,45000,33000,1
33,46,2177,R0C0,BL052,46000,-33000,46000,33000,46000,33000,1
33,47,2178,R0C0,BL053,47000,-33000,47000,33000,47000,33000,1
33,48,2179,R0C0,BL054,48000,-33000,48000,33000,48000,33000,1
33,49,2180,R0C0,BL055,49000,-33000,49000,33000,49000,33000,1
33,50,2181,R0C0,BL056,50000,-33000,50000,33000,50000,33000,1
33,51,2182,R0C0,BL057,51000,-33000,51000,33000,51000,33000,1
33,52,2183,R0C0,BL058,52000,-33000,52000,33000,52000,33000,1
33,53,2184,R0C0,BL059,53000,-33000,53000,33000,53000,33000,1
33,54,2185,R0C0,BL061,54000,-33000,54000,33000,54000,33000,1
33,55,2186,R0C0,BL062,55000,-33000,55000,33000,55000,33000,1
33,56,2187,R0C0,BL063,56000,-33000,56000,33000,56000,33000,1
33,57,2188,R0C0,BL064,57000,-33000,57000,33000,57000,33000,1
33,58,2189,R0C0,BL065,58000,-33000,58000,33000,58000,33000,1
33,59,2190,R0C0,BL066,59000,-33000,59000,33000,59000,33000,1
33,60,2191,R0C0,BL067,60000,-33000,60000,33000,60000,33000,1
33,61,2192,R0C0,BL068,61000,-33000,61000,33000,61000,33000,1
33,62,2193,R0C0,BL069,62000,-33000,62000,33000,62000,33000,1
33,63,2194,R0C0,BL071,63000,-33000,63000,33000,63000,33000,1
33,64,2195,R0C0,BL072,64000,-33000,64000,33000,64000,33000,1
33,65,2196,R0C0,BL073,65000,-33000,65000,33000,65000,33000,1
33,66,2197,R0C0,BL074,66000,-33000,66000,33000,66000,33000,1
33,67,2198,R0C0,BL075,67000,-33000,67000,33000,67000,33000,1
33,68,2199,R0C0,BL076,68000,-33000,68000,33000,68000,33000,1
33,69,2200,R0C0,BL077,69000,-33000,69000,33000,69000,33000,1
33,70,2201,R0C0,BL078,70000,-33000,70000,33000,70000,33000,1
33,71,2202,R0C0,BL079,71000,-33000,71000,33000,71000,33000,1
33,72,2203,R0C0,BL081,72000,-33000,72000,33000,72000,33000,1
33,73,2204,R0C0,BL082,73000,-33000,73000,33000,73000,33000,1
33,74,2205,R0C0,BL083,74000,-33000,74000,33000,74000,33000,1
33,75,2206,R0C0,BL084,75000,-33000,75000,33000,75000,33000,1
33,76,2207,R0C0,BL085,76000,-33000,76000,33000,76000,33000,1
33,77,2208,R0C0,BL086,77000,-33000,77000,33000,77000,33000,1
33,78,2209,R0C0,BL087,78000,-33000,78000,33000,78000,33000,1
33,79,2210,R0C0,BL088,79000,-33000,79000,33000,79000,33000,1
33,80,2211,R0C0,BL089,80000,-33000,80000,33000,80000,33000,1
33,81,2212,R0C0,BL091,81000,-33000,81000,33000,81000,33000,1
33,82,2213,R0C0,BL092,82000,-33000,82000,33000,82000,33000,1
33,83,2214,R0C0,BL093,83000,-33000,83000,33000,83000,33000,1
33,84,2215,R0C0,BL094,84000,-33000,84000,33000,84000,33000,1
33,85,2216,R0C0,BL095,85000,-33000,85000,33000,85000,33000,1
33,86,2217,R0C0,BL096,86000,-33000,86000,33000,86000,33000,1
33,87,2218,R0C0,BL097,87000,-33000,87000,33000,87000,33000,1
33,88,2219,R0C0,BL098,88000,-33000,88000,33000,88000,33000,1
33,89,2220,R0C0,BL099,89000,-33000,89000,33000,89000,33000,1
33,90,2221,R0C0,BL101,90000,-33000,90000,33000,90000,33000,1
33,91,2222,R0C0,BL102,91000,-33000,91000,33000,91000,33000,1
33,92,2223,R0C0,BL103,92000,-33000,92000,33000,92000,33000,1
33,93,2224,R0C0,BL104,93000,-33000,93000,33000,93000,33000,1
33,94,2225,R0C0,BL105,94000,-33000,94000,33000,94000,33000,1
33,95,2226,R0C0,BL106,95000,-33000,95000,33000,95000,33000,1
33,96,2227,R0C0,BL107,96000,-33000,96000,33000,96000,33000,1
33,97,2228,R0C0,BL108,97000,-33000,97000,33000,97000,33000,1
33,98,2229,R0C0,BL109,98000,-33000,98000,33000,98000,33000,1
33,99,2230,R0C0,BL111,99000,-33000,99000,33000,99000,33000,1
34,5,2231,R0C0,BM006,5000,-34000,5000,34000,5000,34000,1
34,6,2232,R0C0,BM007,6000,-34000,6000,34000,6000,34000,1
34,7,2233,R0C0,BM008,7000,-34000,7000,34000,7000,34000,1
34,8,2234,R0C0,BM009,8000,-34000,8000,34000,8000,34000,1
34,9,2235,R0C0,BM011,9000,-34000,9000,34000,9000,34000,1
34,10,2236,R0C0,BM012,10000,-34000,10000,34000,10000,34000,1
34,11,2237,R0C0,BM013,11000,-34000,11000,34000,11000,34000,1
34,12,2238,R0C0,BM014,12000,-34000,12000,34000,12000,34000,1
34,13,2239,R0C0,BM015,13000,-34000,13000,34000,13000,34000,1
34,14,2240,R0C0,BM016,14000,-34000,14000,34000,14000,34000,1
34,15,2241,R0C0,BM017,15000,-34000,15000,34000,15000,34000,1
34,16,2242,R0C0,BM018,16000,-34000,16000,34000,16000,34000,1
34,17,2243,R0C0,BM019,17000,-34000,17000,34000,17000,34000,1
34,18,2244,R0C0,BM021,18000,-34000,18000,34000,18000,34000,1
34,19,2245,R0C0,BM022,19000,-34000,19000,34000,19000,34000,1
34,20,2246,R0C0,BM023,20000,-34000,20000,34000,20000,34000,1
34,21,2247,R0C0,BM024,21000,-34000,21000,34000,21000,34000,1
34,22,2248,R0C0,BM025,22000,-34000,22000,34000,22000,34000,1
34,23,2249,R0C0,BM026,23000,-34000,23000,34000,23000,34000,1
34,24,2250,R0C0,BM027,24000,-34000,24000,34000,24000,34000,1
34,25,2251,R0C0,BM028,25000,-34000,25000,34000,25000,34000,1
34,26,2252,R0C0,BM029,26000,-34000,26000,34000,26000,34000,1
34,27,2253,R0C0,BM031,27000,-34000,27000,34000,27000,34000,1
34,28,2254,R0C0,BM032,28000,-34000,28000,34000,28000,34000,1
34,29,2255,R0C0,BM033,29000,-34000,29000,34000,29000,34000,1
34,30,2256,R0C0,BM034,30000,-34000,30000,34000,30000,34000,1
34,31,2257,R0C0,BM035,31000,-34000,31000,34000,31000,34000,1
34,32,2258,R0C0,BM036,32000,-34000,32000,34000,32000,34000,1
34,33,2259,R0C0,BM037,33000,-34000,33000,34000,33000,34000,1
34,34,2260,R0C0,BM038,34000,-34000,34000,34000,34000,34000,1
34,35,2261,R0C0,BM039,35000,-34000,35000,34000,35000,34000,1
34,36,2262,R0C0,BM041,36000,-34000,36000,34000,36000,34000,1
34,37,2263,R0C0,BM042,37000,-34000,37000,34000,37000,34000,1
34,38,2264,R0C0,BM043,38000,-34000,38000,34000,38000,34000,1
34,39,2265,R0C0,BM044,39000,-34000,39000,34000,39000,34000,1
34,40,2266,R0C0,BM045,40000,-34000,40000,34000,40000,34000,1
34,41,2267,R0C0,BM046,41000,-34000,41000,34000,41000,34000,1
34,42,2268,R0C0,BM047,42000,-34000,42000,34000,42000,34000,1
34,43,2269,R0C0,BM048,43000,-34000,43000,34000,43000,34000,1
34,44,2270,R0C0,BM049,44000,-34000,44000,34000,44000,34000,1
34,45,2271,R0C0,BM051,45000,-34000,45000,34000,45000,34000,1
34,46,2272,R0C0,BM052,46000,-34000,46000,34000,46000,34000,1
34,47,2273,R0C0,BM053,47000,-34000,47000,34000,47000,34000,1
34,48,2274,R0C0,BM054,48000,-34000,48000,34000,48000,34000,1
34,49,2275,R0C0,BM055,49000,-34000,49000,34000,49000,34000,1
34,50,2276,R0C0,BM056,50000,-34000,50000,34000,50000,34000,1
34,51,2277,R0C0,BM057,51000,-34000,51000,34000,51000,34000,1
34,52,2278,R0C0,BM058,52000,-34000,52000,34000,52000,34000,1
34,53,2279,R0C0,BM059,53000,-34000,53000,34000,53000,34000,1
34,54,2280,R0C0,BM061,54000,-34000,54000,34000,54000,34000,1
34,55,2281,R0C0,BM062,55000,-34000,55000,34000,55000,34000,1
34,56,2282,R0C0,BM063,56000,-34000,56000,34000,56000,34000,1
34,57,2283,R0C0,BM064,57000,-34000,57000,34000,57000,34000,1
34,58,2284,R0C0,BM065,58000,-34000,58000,34000,58000,34000,1
34,59,2285,R0C0,BM066,59000,-34000,59000,34000,59000,34000,1
34,60,2286,R0C0,BM067,60000,-34000,60000,34000,60000,34000,1
34,61,2287,R0C0,BM068,61000,-34000,61000,34000,61000,34000,1
34,62,2288,R0C0,BM069,62000,-34000,62000,34000,62000,34000,1
34,63,2289,R0C0,BM071,63000,-34000,63000,34000,63000,34000,1
34,64,2290,R0C0,BM072,64000,-34000,64000,34000,64000,34000,1
34,65,2291,R0C0,BM073,65000,-34000,65000,34000,65000,34000,1
34,66,2292,R0C0,BM074,66000,-34000,66000,34000,66000,34000,1
34,67,2293,R0C0,BM075,67000,-34000,67000,34000,67000,34000,1
34,68,2294,R0C0,BM076,68000,-34000,68000,34000,68000,34000,1
34,69,2295,R0C0,BM077,69000,-34000,69000,34000,69000,34000,1
34,70,2296,R0C0,BM078,70000,-34000,70000,34000,70000,34000,1
34,71,2297,R0C0,BM079,71000,-34000,71000,34000,71000,34000,1
34,72,2298,R0C0,BM081,72000,-34000,72000,34000,72000,34000,1
34,73,2299,R0C0,BM082,73000,-34000,73000,34000,73000,34000,1
34,74,2300,R0C0,BM083,74000,-34000,74000,34000,74000,34000,1
34,75,2301,R0C0,BM084,75000,-34000,75000,34000,75000,34000,1
34,76,2302,R0C0,BM085,76000,-34000,76000,34000,76000,34000,1
34,77,2303,R0C0,BM086,77000,-34000,77000,34000,77000,34000,1
34,78,2304,R0C0,BM087,78000,-34000,78000,34000,78000,34000,1
34,79,2305,R0C0,BM088,79000,-34000,79000,34000,79000,34000,1
34,80,2306,R0C0,BM089,80000,-34000,80000,34000,80000,34000,1
34,81,2307,R0C0,BM091,81000,-34000,81000,34000,81000,34000,1
34,82,2308,R0C0,BM092,82000,-34000,82000,34000,82000,34000,1
34,83,2309,R0C0,BM093,83000,-34000,83000,34000,83000,34000,1
34,84,2310,R0C0,BM094,84000,-34000,84000,34000,84000,34000,1
34,85,2311,R0C0,BM095,85000,-34000,85000,34000,85000,34000,1
34,86,2312,R0C0,BM096,86000,-34000,86000,34000,86000,34000,1
34,87,2313,R0C0,BM097,87000,-34000,87000,34000,87000,34000,1
34,88,2314,R0C0,BM098,88000,-34000,88000,34000,88000,34000,1
34,89,2315,R0C0,BM099,89000,-34000,89000,34000,89000,34000,1
34,90,2316,R0C0,BM101,90000,-34000,90000,34000,90000,34000,1
34,91,2317,R0C0,BM102,91000,-34000,91000,34000,91000,34000,1
34,92,2318,R0C0,BM103,92000,-34000,92000,34000,92000,34000,1
34,93,2319,R0C0,BM104,93000,-34000,93000,34000,93000,34000,1
34,94,2320,R0C0,BM105,94000,-34000,94000,34000,94000,34000,1
34,95,2321,R0C0,BM106,95000,-34000,95000,34000,95000,34000,1
34,96,2322,R0C0,BM107,96000,-34000,96000,34000,96000,34000,1
34,97,2323,R0C0,BM108,97000,-34000,97000,34000,97000,34000,1
34,98,2324,R0C0,BM109,98000,-34000,98000,34000,98000,34000,1
34,99,2325,R0C0,BM111,99000,-34000,99000,34000,99000,34000,1
35,5,2326,R0C0,BN006,5000,-35000,5000,35000,5000,35000,1
35,6,2327,R0C0,BN007,6000,-35000,6000,35000,6000,35000,1
35,7,2328,R0C0,BN008,7000,-35000,7000,35000,7000,35000,1
35,8,2329,R0C0,BN009,8000,-35000,8000,35000,8000,35000,1
35,9,2330,R0C0,BN011,9000,-35000,9000,35000,9000,35000,1
35,10,2331,R0C0,BN012,10000,-35000,10000,35000,10000,35000,1
35,11,2332,R0C0,BN013,11000,-35000,11000,35000,11000,35000,1
35,12,2333,R0C0,BN014,12000,-35000,12000,35000,12000,35000,1
35,13,2334,R0C0,BN015,13000,-35000,13000,35000,13000,35000,1
35,14,2335,R0C0,BN016,14000,-35000,14000,35000,14000,35000,1
35,15,2336,R0C0,BN017,15000,-35000,15000,35000,15000,35000,1
35,16,2337,R0C0,BN018,16000,-35000,16000,35000,16000,35000,1
35,17,2338,R0C0,BN019,17000,-35000,17000,35000,17000,35000,1
35,18,2339,R0C0,BN021,18000,-35000,18000,35000,18000,35000,1
35,19,2340,R0C0,BN022,19000,-35000,19000,35000,19000,35000,1
35,20,2341,R0C0,BN023,20000,-35000,20000,35000,20000,35000,1
35,21,2342,R0C0,BN024,21000,-35000,21000,35000,21000,35000,1
35,22,2343,R0C0,BN025,22000,-35000,22000,35000,22000,35000,1
35,23,2344,R0C0,BN026,23000,-35000,23000,35000,23000,35000,1
35,24,2345,R0C0,BN027,24000,-35000,24000,35000,24000,35000,1
35,25,2346,R0C0,BN028,25000,-35000,25000,35000,25000,35000,1
35,26,2347,R0C0,BN029,26000,-35000,26000,35000,26000,35000,1
35,27,2348,R0C0,BN031,27000,-35000,27000,35000,27000,35000,1
35,28,2349,R0C0,BN032,28000,-35000,28000,35000,28000,35000,1
35,29,2350,R0C0,BN033,29000,-35000,29000,35000,29000,35000,1
35,30,2351,R0C0,BN034,30000,-35000,30000,35000,30000,35000,1
35,31,2352,R0C0,BN035,31000,-35000,31000,35000,31000,35000,1
35,32,2353,R0C0,BN036,32000,-35000,32000,35000,32000,35000,1
35,33,2354,R0C0,BN037,33000,-35000,33000,35000,33000,35000,1
35,34,2355,R0C0,BN038,34000,-35000,34000,35000,34000,35000,1
35,35,2356,R0C0,BN039,35000,-35000,35000,35000,35000,35000,1
35,36,2357,R0C0,BN041,36000,-35000,36000,35000,36000,35000,1
35,37,2358,R0C0,BN042,37000,-35000,37000,35000,37000,35000,1
35,38,2359,R0C0,BN043,38000,-35000,38000,35000,38000,35000,1
35,39,2360,R0C0,BN044,39000,-35000,39000,35000,39000,35000,1
35,40,2361,R0C0,BN045,40000,-35000,40000,35000,40000,35000,1
35,41,2362,R0C0,BN046,41000,-35000,41000,35000,41000,35000,1
35,42,2363,R0C0,BN047,42000,-35000,42000,35000,42000,35000,1
35,43,2364,R0C0,BN048,43000,-35000,43000,35000,43000,35000,1
35,44,2365,R0C0,BN049,44000,-35000,44000,35000,44000,35000,1
35,45,2366,R0C0,BN051,45000,-35000,45000,35000,45000,35000,1
35,46,2367,R0C0,BN052,46000,-35000,46000,35000,46000,35000,1
35,47,2368,R0C0,BN053,47000,-35000,47000,35000,47000,35000,1
35,48,2369,R0C0,BN054,48000,-35000,48000,35000,48000,35000,1
35,49,2370,R0C0,BN055,49000,-35000,49000,35000,49000,35000,1
35,50,2371,R0C0,BN056,50000,-35000,50000,35000,50000,35000,1
35,51,2372,R0C0,BN057,51000,-35000,51000,35000,51000,35000,1
35,52,2373,R0C0,BN058,52000,-35000,52000,35000,52000,35000,1
35,53,2374,R0C0,BN059,53000,-35000,53000,35000,53000,35000,1
35,54,2375,R0C0,BN061,54000,-35000,54000,35000,54000,35000,1
35,55,2376,R0C0,BN062,55000,-35000,55000,35000,55000,35000,1
35,56,2377,R0C0,BN063,56000,-35000,56000,35000,56000,35000,1
35,57,2378,R0C0,BN064,57000,-35000,57000,35000,57000,35000,1
35,58,2379,R0C0,BN065,58000,-35000,58000,35000,58000,35000,1
35,59,2380,R0C0,BN066,59000,-35000,59000,35000,59000,35000,1
35,60,2381,R0C0,BN067,60000,-35000,60000,35000,60000,35000,1
35,61,2382,R0C0,BN068,61000,-35000,61000,35000,61000,35000,1
35,62,2383,R0C0,BN069,62000,-35000,62000,35000,62000,35000,1
35,63,2384,R0C0,BN071,63000,-35000,63000,35000,63000,35000,1
35,64,2385,R0C0,BN072,64000,-35000,64000,35000,64000,35000,1
35,65,2386,R0C0,BN073,65000,-35000,65000,35000,65000,35000,1
35,66,2387,R0C0,BN074,66000,-35000,66000,35000,66000,35000,1
35,67,2388,R0C0,BN075,67000,-35000,67000,35000,67000,35000,1
35,68,2389,R0C0,BN076,68000,-35000,68000,35000,68000,35000,1
35,69,2390,R0C0,BN077,69000,-35000,69000,35000,69000,35000,1
35,70,2391,R0C0,BN078,70000,-35000,70000,35000,70000,35000,1
35,71,2392,R0C0,BN079,71000,-35000,71000,35000,71000,35000,1
35,72,2393,R0C0,BN081,72000,-35000,72000,35000,72000,35000,1
35,73,2394,R0C0,BN082,73000,-35000,73000,35000,73000,35000,1
35,74,2395,R0C0,BN083,74000,-35000,74000,35000,74000,35000,1
35,75,2396,R0C0,BN084,75000,-35000,75000,35000,75000,35000,1
35,76,2397,R0C0,BN085,76000,-35000,76000,35000,76000,35000,1
35,77,2398,R0C0,BN086,77000,-35000,77000,35000,77000,35000,1
35,78,2399,R0C0,BN087,78000,-35000,78000,35000,78000,35000,1
35,79,2400,R0C0,BN088,79000,-35000,79000,35000,79000,35000,1
35,80,2401,R0C0,BN089,80000,-35000,80000,35000,80000,35000,1
35,81,2402,R0C0,BN091,81000,-35000,81000,35000,81000,35000,1
35,82,2403,R0C0,BN092,82000,-35000,82000,35000,82000,35000,1
35,83,2404,R0C0,BN093,83000,-35000,83000,35000,83000,35000,1
35,84,2405,R0C0,BN094,84000,-35000,84000,35000,84000,35000,1
35,85,2406,R0C0,BN095,85000,-35000,85000,35000,85000,35000,1
35,86,2407,R0C0,BN096,86000,-35000,86000,35000,86000,35000,1
35,87,2408,R0C0,BN097,87000,-35000,87000,35000,87000,35000,1
35,88,2409,R0C0,BN098,88000,-35000,88000,35000,88000,35000,1
35,89,2410,R0C0,BN099,89000,-35000,89000,35000,89000,35000,1
35,90,2411,R0C0,BN101,90000,-35000,90000,35000,90000,35000,1
35,91,2412,R0C0,BN102,91000,-35000,91000,35000,91000,35000,1
35,92,2413,R0C0,BN103,92000,-35000,92000,35000,92000,35000,1
35,93,2414,R0C0,BN104,93000,-35000,93000,35000,93000,35000,1
35,94,2415,R0C0,BN105,94000,-35000,94000,35000,94000,35000,1
35,95,2416,R0C0,BN106,95000,-35000,95000,35000,95000,35000,1
35,96,2417,R0C0,BN107,96000,-35000,96000,35000,96000,35000,1
35,97,2418,R0C0,BN108,97000,-35000,97000,35000,97000,35000,1
35,98,2419,R0C0,BN109,98000,-35000,98000,35000,98000,35000,1
35,99,2420,R0C0,BN111,99000,-35000,99000,35000,99000,35000,1
36,5,2421,R0C0,BP006,5000,-36000,5000,36000,5000,36000,1
36,6,2422,R0C0,BP007,6000,-36000,6000,36000,6000,36000,1
36,7,2423,R0C0,BP008,7000,-36000,7000,36000,7000,36000,1
36,8,2424,R0C0,BP009,8000,-36000,8000,36000,8000,36000,1
36,9,2425,R0C0,BP011,9000,-36000,9000,36000,9000,36000,1
36,10,2426,R0C0,BP012,10000,-36000,10000,36000,10000,36000,1
36,11,2427,R0C0,BP013,11000,-36000,11000,36000,11000,36000,1
36,12,2428,R0C0,BP014,12000,-36000,12000,36000,12000,36000,1
36,13,2429,R0C0,BP015,13000,-36000,13000,36000,13000,36000,1
36,14,2430,R0C0,BP016,14000,-36000,14000,36000,14000,36000,1
36,15,2431,R0C0,BP017,15000,-36000,15000,36000,15000,36000,1
36,16,2432,R0C0,BP018,16000,-36000,16000,36000,16000,36000,1
36,17,2433,R0C0,BP019,17000,-36000,17000,36000,17000,36000,1
36,18,2434,R0C0,BP021,18000,-36000,18000,36000,18000,36000,1
36,19,2435,R0C0,BP022,19000,-36000,19000,36000,19000,36000,1
36,20,2436,R0C0,BP023,20000,-36000,20000,36000,20000,36000,1
36,21,2437,R0C0,BP024,21000,-36000,21000,36000,21000,36000,1
36,22,2438,R0C0,BP025,22000,-36000,22000,36000,22000,36000,1
36,23,2439,R0C0,BP026,23000,-36000,23000,36000,23000,36000,1
36,24,2440,R0C0,BP027,24000,-36000,24000,36000,24000,36000,1
36,25,2441,R0C0,BP028,25000,-36000,25000,36000,25000,36000,1
36,26,2442,R0C0,BP029,26000,-36000,26000,36000,26000,36000,1
36,27,2443,R0C0,BP031,27000,-36000,27000,36000,27000,36000,1
36,28,2444,R0C0,BP032,28000,-36000,28000,36000,28000,36000,1
36,29,2445,R0C0,BP033,29000,-36000,29000,36000,29000,36000,1
36,30,2446,R0C0,BP034,30000,-36000,30000,36000,30000,36000,1
36,31,2447,R0C0,BP035,31000,-36000,31000,36000,31000,36000,1
36,32,2448,R0C0,BP036,32000,-36000,32000,36000,32000,36000,1
36,33,2449,R0C0,BP037,33000,-36000,33000,36000,33000,36000,1
36,34,2450,R0C0,BP038,34000,-36000,34000,36000,34000,36000,1
36,35,2451,R0C0,BP039,35000,-36000,35000,36000,35000,36000,1
36,36,2452,R0C0,BP041,36000,-36000,36000,36000,36000,36000,1
36,37,2453,R0C0,BP042,37000,-36000,37000,36000,37000,36000,1
36,38,2454,R0C0,BP043,38000,-36000,38000,36000,38000,36000,1
36,39,2455,R0C0,BP044,39000,-36000,39000,36000,39000,36000,1
36,40,2456,R0C0,BP045,40000,-36000,40000,36000,40000,36000,1
36,41,2457,R0C0,BP046,41000,-36000,41000,36000,41000,36000,1
36,42,2458,R0C0,BP047,42000,-36000,42000,36000,42000,36000,1
36,43,2459,R0C0,BP048,43000,-36000,43000,36000,43000,36000,1
36,44,2460,R0C0,BP049,44000,-36000,44000,36000,44000,36000,1
36,45,2461,R0C0,BP051,45000,-36000,45000,36000,45000,36000,1
36,46,2462,R0C0,BP052,46000,-36000,46000,36000,46000,36000,1
36,47,2463,R0C0,BP053,47000,-36000,47000,36000,47000,36000,1
36,48,2464,R0C0,BP054,48000,-36000,48000,36000,48000,36000,1
36,49,2465,R0C0,BP055,49000,-36000,49000,36000,49000,36000,1
36,50,2466,R0C0,BP056,50000,-36000,50000,36000,50000,36000,1
36,51,2467,R0C0,BP057,51000,-36000,51000,36000,51000,36000,1
36,52,2468,R0C0,BP058,52000,-36000,52000,36000,52000,36000,1
36,53,2469,R0C0,BP059,53000,-36000,53000,36000,53000,36000,1
36,54,2470,R0C0,BP061,54000,-36000,54000,36000,54000,36000,1
36,55,2471,R0C0,BP062,55000,-36000,55000,36000,55000,36000,1
36,56,2472,R0C0,BP063,56000,-36000,56000,36000,56000,36000,1
36,57,2473,R0C0,BP064,57000,-36000,57000,36000,57000,36000,1
36,58,2474,R0C0,BP065,58000,-36000,58000,36000,58000,36000,1
36,59,2475,R0C0,BP066,59000,-36000,59000,36000,59000,36000,1
36,60,2476,R0C0,BP067,60000,-36000,60000,36000,60000,36000,1
36,61,2477,R0C0,BP068,61000,-36000,61000,36000,61000,36000,1
36,62,2478,R0C0,BP069,62000,-36000,62000,36000,62000,36000,1
36,63,2479,R0C0,BP071,63000,-36000,63000,36000,63000,36000,1
36,64,2480,R0C0,BP072,64000,-36000,64000,36000,64000,36000,1
36,65,2481,R0C0,BP073,65000,-36000,65000,36000,65000,36000,1
36,66,2482,R0C0,BP074,66000,-36000,66000,36000,66000,36000,1
36,67,2483,R0C0,BP075,67000,-36000,67000,36000,67000,36000,1
36,68,2484,R0C0,BP076,68000,-36000,68000,36000,68000,36000,1
36,69,2485,R0C0,BP077,69000,-36000,69000,36000,69000,36000,1
36,70,2486,R0C0,BP078,70000,-36000,70000,36000,70000,36000,1
36,71,2487,R0C0,BP079,71000,-36000,71000,36000,71000,36000,1
36,72,2488,R0C0,BP081,72000,-36000,72000,36000,72000,36000,1
36,73,2489,R0C0,BP082,73000,-36000,73000,36000,73000,36000,1
36,74,2490,R0C0,BP083,74000,-36000,74000,36000,74000,36000,1
36,75,2491,R0C0,BP084,75000,-36000,75000,36000,75000,36000,1
36,76,2492,R0C0,BP085,76000,-36000,76000,36000,76000,36000,1
36,77,2493,R0C0,BP086,77000,-36000,77000,36000,77000,36000,1
36,78,2494,R0C0,BP087,78000,-36000,78000,36000,78000,36000,1
36,79,2495,R0C0,BP088,79000,-36000,79000,36000,79000,36000,1
36,80,2496,R0C0,BP089,80000,-36000,80000,36000,80000,36000,1
36,81,2497,R0C0,BP091,81000,-36000,81000,36000,81000,36000,1
36,82,2498,R0C0,BP092,82000,-36000,82000,36000,82000,36000,1
36,83,2499,R0C0,BP093,83000,-36000,83000,36000,83000,36000,1
36,84,2500,R0C0,BP094,84000,-36000,84000,36000,84000,36000,1
36,85,2501,R0C0,BP095,85000,-36000,85000,36000,85000,36000,1
36,86,2502,R0C0,BP096,86000,-36000,86000,36000,86000,36000,1
36,87,2503,R0C0,BP097,87000,-36000,87000,36000,87000,36000,1
36,88,2504,R0C0,BP098,88000,-36000,88000,36000,88000,36000,1
36,89,2505,R0C0,BP099,89000,-36000,89000,36000,89000,36000,1
36,90,2506,R0C0,BP101,90000,-36000,90000,36000,90000,36000,1
36,91,2507,R0C0,BP102,91000,-36000,91000,36000,91000,36000,1
36,92,2508,R0C0,BP103,92000,-36000,92000,36000,92000,36000,1
36,93,2509,R0C0,BP104,93000,-36000,93000,36000,93000,36000,1
36,94,2510,R0C0,BP105,94000,-36000,94000,36000,94000,36000,1
36,95,2511,R0C0,BP106,95000,-36000,95000,36000,95000,36000,1
36,96,2512,R0C0,BP107,96000,-36000,96000,36000,96000,36000,1
36,97,2513,R0C0,BP108,97000,-36000,97000,36000,97000,36000,1
36,98,2514,R0C0,BP109,98000,-36000,98000,36000,98000,36000,1
36,99,2515,R0C0,BP111,99000,-36000,99000,36000,99000,36000,1
37,5,2516,R0C0,BR006,5000,-37000,5000,37000,5000,37000,1
37,6,2517,R0C0,BR007,6000,-37000,6000,37000,6000,37000,1
37,7,2518,R0C0,BR008,7000,-37000,7000,37000,7000,37000,1
37,8,2519,R0C0,BR009,8000,-37000,8000,37000,8000,37000,1
37,9,2520,R0C0,BR011,9000,-37000,9000,37000,9000,37000,1
37,10,2521,R0C0,BR012,10000,-37000,10000,37000,10000,37000,1
37,11,2522,R0C0,BR013,11000,-37000,11000,37000,11000,37000,1
37,12,2523,R0C0,BR014,12000,-37000,12000,37000,12000,37000,1
37,13,2524,R0C0,BR015,13000,-37000,13000,37000,13000,37000,1
37,14,2525,R0C0,BR016,14000,-37000,14000,37000,14000,37000,1
37,15,2526,R0C0,BR017,15000,-37000,15000,37000,15000,37000,1
37,16,2527,R0C0,BR018,16000,-37000,16000,37000,16000,37000,1
37,17,2528,R0C0,BR019,17000,-37000,17000,37000,17000,37000,1
37,18,2529,R0C0,BR021,18000,-37000,18000,37000,18000,37000,1
37,19,2530,R0C0,BR022,19000,-37000,19000,37000,19000,37000,1
37,20,2531,R0C0,BR023,20000,-37000,20000,37000,20000,37000,1
37,21,2532,R0C0,BR024,21000,-37000,21000,37000,21000,37000,1
37,22,2533,R0C0,BR025,22000,-37000,22000,37000,22000,37000,1
37,23,2534,R0C0,BR026,23000,-37000,23000,37000,23000,37000,1
37,24,2535,R0C0,BR027,24000,-37000,24000,37000,24000,37000,1
37,25,2536,R0C0,BR028,25000,-37000,25000,37000,25000,37000,1
37,26,2537,R0C0,BR029,26000,-37000,26000,37000,26000,37000,1
37,27,2538,R0C0,BR031,27000,-37000,27000,37000,27000,37000,1
37,28,2539,R0C0,BR032,28000,-37000,28000,37000,28000,37000,1
37,29,2540,R0C0,BR033,29000,-37000,29000,37000,29000,37000,1
37,30,2541,R0C0,BR034,30000,-37000,30000,37000,30000,37000,1
37,31,2542,R0C0,BR035,31000,-37000,31000,37000,31000,37000,1
37,32,2543,R0C0,BR036,32000,-37000,32000,37000,32000,37000,1
37,33,2544,R0C0,BR037,33000,-37000,33000,37000,33000,37000,1
37,34,2545,R0C0,BR038,34000,-37000,34000,37000,34000,37000,1
37,35,2546,R0C0,BR039,35000,-37000,35000,37000,35000,37000,1
37,36,2547,R0C0,BR041,36000,-37000,36000,37000,36000,37000,1
37,37,2548,R0C0,BR042,37000,-37000,37000,37000,37000,37000,1
37,38,2549,R0C0,BR043,38000,-37000,38000,37000,38000,37000,1
37,39,2550,R0C0,BR044,39000,-37000,39000,37000,39000,37000,1
37,40,2551,R0C0,BR045,40000,-37000,40000,37000,40000,37000,1
37,41,2552,R0C0,BR046,41000,-37000,41000,37000,41000,37000,1
37,42,2553,R0C0,BR047,42000,-37000,42000,37000,42000,37000,1
37,43,2554,R0C0,BR048,43000,-37000,43000,37000,43000,37000,1
37,44,2555,R0C0,BR049,44000,-37000,44000,37000,44000,37000,1
37,45,2556,R0C0,BR051,45000,-37000,45000,37000,45000,37000,1
37,46,2557,R0C0,BR052,46000,-37000,46000,37000,46000,37000,1
37,47,2558,R0C0,BR053,47000,-37000,47000,37000,47000,37000,1
37,48,2559,R0C0,BR054,48000,-37000,48000,37000,48000,37000,1
37,49,2560,R0C0,BR055,49000,-37000,49000,37000,49000,37000,1
37,50,2561,R0C0,BR056,50000,-37000,50000,37000,50000,37000,1
37,51,2562,R0C0,BR057,51000,-37000,51000,37000,51000,37000,1
37,52,2563,R0C0,BR058,52000,-37000,52000,37000,52000,37000,1
37,53,2564,R0C0,BR059,53000,-37000,53000,37000,53000,37000,1
37,54,2565,R0C0,BR061,54000,-37000,54000,37000,54000,37000,1
37,55,2566,R0C0,BR062,55000,-37000,55000,37000,55000,37000,1
37,56,2567,R0C0,BR063,56000,-37000,56000,37000,56000,37000,1
37,57,2568,R0C0,BR064,57000,-37000,57000,37000,57000,37000,1
37,58,2569,R0C0,BR065,58000,-37000,58000,37000,58000,37000,1
37,59,2570,R0C0,BR066,59000,-37000,59000,37000,59000,37000,1
37,60,2571,R0C0,BR067,60000,-37000,60000,37000,60000,37000,1
37,61,2572,R0C0,BR068,61000,-37000,61000,37000,61000,37000,1
37,62,2573,R0C0,BR069,62000,-37000,62000,37000,62000,37000,1
37,63,2574,R0C0,BR071,63000,-37000,63000,37000,63000,37000,1
37,64,2575,R0C0,BR072,64000,-37000,64000,37000,64000,37000,1
37,65,2576,R0C0,BR073,65000,-37000,65000,37000,65000,37000,1
37,66,2577,R0C0,BR074,66000,-37000,66000,37000,66000,37000,1
37,67,2578,R0C0,BR075,67000,-37000,67000,37000,67000,37000,1
37,68,2579,R0C0,BR076,68000,-37000,68000,37000,68000,37000,1
37,69,2580,R0C0,BR077,69000,-37000,69000,37000,69000,37000,1
37,70,2581,R0C0,BR078,70000,-37000,70000,37000,70000,37000,1
37,71,2582,R0C0,BR079,71000,-37000,71000,37000,71000,37000,1
37,72,2583,R0C0,BR081,72000,-37000,72000,37000,72000,37000,1
37,73,2584,R0C0,BR082,73000,-37000,73000,37000,73000,37000,1
37,74,2585,R0C0,BR083,74000,-37000,74000,37000,74000,37000,1
37,75,2586,R0C0,BR084,75000,-37000,75000,37000,75000,37000,1
37,76,2587,R0C0,BR085,76000,-37000,76000,37000,76000,37000,1
37,77,2588,R0C0,BR086,77000,-37000,77000,37000,77000,37000,1
37,78,2589,R0C0,BR087,78000,-37000,78000,37000,78000,37000,1
37,79,2590,R0C0,BR088,79000,-37000,79000,37000,79000,37000,1
37,80,2591,R0C0,BR089,80000,-37000,80000,37000,80000,37000,1
37,81,2592,R0C0,BR091,81000,-37000,81000,37000,81000,37000,1
37,82,2593,R0C0,BR092,82000,-37000,82000,37000,82000,37000,1
37,83,2594,R0C0,BR093,83000,-37000,83000,37000,83000,37000,1
37,84,2595,R0C0,BR094,84000,-37000,84000,37000,84000,37000,1
37,85,2596,R0C0,BR095,85000,-37000,85000,37000,85000,37000,1
37,86,2597,R0C0,BR096,86000,-37000,86000,37000,86000,37000,1
37,87,2598,R0C0,BR097,87000,-37000,87000,37000,87000,37000,1
37,88,2599,R0C0,BR098,88000,-37000,88000,37000,88000,37000,1
37,89,2600,R0C0,BR099,89000,-37000,89000,37000,89000,37000,1
37,90,2601,R0C0,BR101,90000,-37000,90000,37000,90000,37000,1
37,91,2602,R0C0,BR102,91000,-37000,91000,37000,91000,37000,1
37,92,2603,R0C0,BR103,92000,-37000,92000,37000,92000,37000,1
37,93,2604,R0C0,BR104,93000,-37000,93000,37000,93000,37000,1
37,94,2605,R0C0,BR105,94000,-37000,94000,37000,94000,37000,1
37,95,2606,R0C0,BR106,95000,-37000,95000,37000,95000,37000,1
37,96,2607,R0C0,BR107,96000,-37000,96000,37000,96000,37000,1
37,97,2608,R0C0,BR108,97000,-37000,97000,37000,97000,37000,1
37,98,2609,R0C0,BR109,98000,-37000,98000,37000,98000,37000,1
37,99,2610,R0C0,BR111,99000,-37000,99000,37000,99000,37000,1
38,5,2611,R0C0,BS006,5000,-38000,5000,38000,5000,38000,1
38,6,2612,R0C0,BS007,6000,-38000,6000,38000,6000,38000,1
38,7,2613,R0C0,BS008,7000,-38000,7000,38000,7000,38000,1
38,8,2614,R0C0,BS009,8000,-38000,8000,38000,8000,38000,1
38,9,2615,R0C0,BS011,9000,-38000,9000,38000,9000,38000,1
38,10,2616,R0C0,BS012,10000,-38000,10000,38000,10000,38000,1
38,11,2617,R0C0,BS013,11000,-38000,11000,38000,11000,38000,1
38,12,2618,R0C0,BS014,12000,-38000,12000,38000,12000,38000,1
38,13,2619,R0C0,BS015,13000,-38000,13000,38000,13000,38000,1
38,14,2620,R0C0,BS016,14000,-38000,14000,38000,14000,38000,1
38,15,2621,R0C0,BS017,15000,-38000,15000,38000,15000,38000,1
38,16,2622,R0C0,BS018,16000,-38000,16000,38000,16000,38000,1
38,17,2623,R0C0,BS019,17000,-38000,17000,38000,17000,38000,1
38,18,2624,R0C0,BS021,18000,-38000,18000,38000,18000,38000,1
38,19,2625,R0C0,BS022,19000,-38000,19000,38000,19000,38000,1
38,20,2626,R0C0,BS023,20000,-38000,20000,38000,20000,38000,1
38,21,2627,R0C0,BS024,21000,-38000,21000,38000,21000,38000,1
38,22,2628,R0C0,BS025,22000,-38000,22000,38000,22000,38000,1
38,23,2629,R0C0,BS026,23000,-38000,23000,38000,23000,38000,1
38,24,2630,R0C0,BS027,24000,-38000,24000,38000,24000,38000,1
38,25,2631,R0C0,BS028,25000,-38000,25000,38000,25000,38000,1
38,26,2632,R0C0,BS029,26000,-38000,26000,38000,26000,38000,1
38,27,2633,R0C0,BS031,27000,-38000,27000,38000,27000,38000,1
38,28,2634,R0C0,BS032,28000,-38000,28000,38000,28000,38000,1
38,29,2635,R0C0,BS033,29000,-38000,29000,38000,29000,38000,1
38,30,2636,R0C0,BS034,30000,-38000,30000,38000,30000,38000,1
38,31,2637,R0C0,BS035,31000,-38000,31000,38000,31000,38000,1
38,32,2638,R0C0,BS036,32000,-38000,32000,38000,32000,38000,1
38,33,2639,R0C0,BS037,33000,-38000,33000,38000,33000,38000,1
38,34,2640,R0C0,BS038,34000,-38000,34000,38000,34000,38000,1
38,35,2641,R0C0,BS039,35000,-38000,35000,38000,35000,38000,1
38,36,2642,R0C0,BS041,36000,-38000,36000,38000,36000,38000,1
38,37,2643,R0C0,BS042,37000,-38000,37000,38000,37000,38000,1
38,38,2644,R0C0,BS043,38000,-38000,38000,38000,38000,38000,1
38,39,2645,R0C0,BS044,39000,-38000,39000,38000,39000,38000,1
38,40,2646,R0C0,BS045,40000,-38000,40000,38000,40000,38000,1
38,41,2647,R0C0,BS046,41000,-38000,41000,38000,41000,38000,1
38,42,2648,R0C0,BS047,42000,-38000,42000,38000,42000,38000,1
38,43,2649,R0C0,BS048,43000,-38000,43000,38000,43000,38000,1
38,44,2650,R0C0,BS049,44000,-38000,44000,38000,44000,38000,1
38,45,2651,R0C0,BS051,45000,-38000,45000,38000,45000,38000,1
38,46,2652,R0C0,BS052,46000,-38000,46000,38000,46000,38000,1
38,47,2653,R0C0,BS053,47000,-38000,47000,38000,47000,38000,1
38,48,2654,R0C0,BS054,48000,-38000,48000,38000,48000,38000,1
38,49,2655,R0C0,BS055,49000,-38000,49000,38000,49000,38000,1
38,50,2656,R0C0,BS056,50000,-38000,50000,38000,50000,38000,1
38,51,2657,R0C0,BS057,51000,-38000,51000,38000,51000,38000,1
38,52,2658,R0C0,BS058,52000,-38000,52000,38000,52000,38000,1
38,53,2659,R0C0,BS059,53000,-38000,53000,38000,53000,38000,1
38,54,2660,R0C0,BS061,54000,-38000,54000,38000,54000,38000,1
38,55,2661,R0C0,BS062,55000,-38000,55000,38000,55000,38000,1
38,56,2662,R0C0,BS063,56000,-38000,56000,38000,56000,38000,1
38,57,2663,R0C0,BS064,57000,-38000,57000,38000,57000,38000,1
38,58,2664,R0C0,BS065,58000,-38000,58000,38000,58000,38000,1
38,59,2665,R0C0,BS066,59000,-38000,59000,38000,59000,38000,1
38,60,2666,R0C0,BS067,60000,-38000,60000,38000,60000,38000,1
38,61,2667,R0C0,BS068,61000,-38000,61000,38000,61000,38000,1
38,62,2668,R0C0,BS069,62000,-38000,62000,38000,62000,38000,1
38,63,2669,R0C0,BS071,63000,-38000,63000,38000,63000,38000,1
38,64,2670,R0C0,BS072,64000,-38000,64000,38000,64000,38000,1
38,65,2671,R0C0,BS073,65000,-38000,65000,38000,65000,38000,1
38,66,2672,R0C0,BS074,66000,-38000,66000,38000,66000,38000,1
38,67,2673,R0C0,BS075,67000,-38000,67000,38000,67000,38000,1
38,68,2674,R0C0,BS076,68000,-38000,68000,38000,68000,38000,1
38,69,2675,R0C0,BS077,69000,-38000,69000,38000,69000,38000,1
38,70,2676,R0C0,BS078,70000,-38000,70000,38000,70000,38000,1
38,71,2677,R0C0,BS079,71000,-38000,71000,38000,71000,38000,1
38,72,2678,R0C0,BS081,72000,-38000,72000,38000,72000,38000,1
38,73,2679,R0C0,BS082,73000,-38000,73000,38000,73000,38000,1
38,74,2680,R0C0,BS083,74000,-38000,74000,38000,74000,38000,1
38,75,2681,R0C0,BS084,75000,-38000,75000,38000,75000,38000,1
38,76,2682,R0C0,BS085,76000,-38000,76000,38000,76000,38000,1
38,77,2683,R0C0,BS086,77000,-38000,77000,38000,77000,38000,1
38,78,2684,R0C0,BS087,78000,-38000,78000,38000,78000,38000,1
38,79,2685,R0C0,BS088,79000,-38000,79000,38000,79000,38000,1
38,80,2686,R0C0,BS089,80000,-38000,80000,38000,80000,38000,1
38,81,2687,R0C0,BS091,81000,-38000,81000,38000,81000,38000,1
38,82,2688,R0C0,BS092,82000,-38000,82000,38000,82000,38000,1
38,83,2689,R0C0,BS093,83000,-38000,83000,38000,83000,38000,1
38,84,2690,R0C0,BS094,84000,-38000,84000,38000,84000,38000,1
38,85,2691,R0C0,BS095,85000,-38000,85000,38000,85000,38000,1
38,86,2692,R0C0,BS096,86000,-38000,86000,38000,86000,38000,1
38,87,2693,R0C0,BS097,87000,-38000,87000,38000,87000,38000,1
38,88,2694,R0C0,BS098,88000,-38000,88000,38000,88000,38000,1
38,89,2695,R0C0,BS099,89000,-38000,89000,38000,89000,38000,1
38,90,2696,R0C0,BS101,90000,-38000,90000,38000,90000,38000,1
38,91,2697,R0C0,BS102,91000,-38000,91000,38000,91000,38000,1
38,92,2698,R0C0,BS103,92000,-38000,92000,38000,92000,38000,1
38,93,2699,R0C0,BS104,93000,-38000,93000,38000,93000,38000,1
38,94,2700,R0C0,BS105,94000,-38000,94000,38000,94000,38000,1
38,95,2701,R0C0,BS106,95000,-38000,95000,38000,95000,38000,1
38,96,2702,R0C0,BS107,96000,-38000,96000,38000,96000,38000,1
38,97,2703,R0C0,BS108,97000,-38000,97000,38000,97000,38000,1
38,98,2704,R0C0,BS109,98000,-38000,98000,38000,98000,38000,1
38,99,2705,R0C0,BS111,99000,-38000,99000,38000,99000,38000,1
39,5,2706,R0C0,BT006,5000,-39000,5000,39000,5000,39000,1
39,6,2707,R0C0,BT007,6000,-39000,6000,39000,6000,39000,1
39,7,2708,R0C0,BT008,7000,-39000,7000,39000,7000,39000,1
39,8,2709,R0C0,BT009,8000,-39000,8000,39000,8000,39000,1
39,9,2710,R0C0,BT011,9000,-39000,9000,39000,9000,39000,1
39,10,2711,R0C0,BT012,10000,-39000,10000,39000,10000,39000,1
39,11,2712,R0C0,BT013,11000,-39000,11000,39000,11000,39000,1
39,12,2713,R0C0,BT014,12000,-39000,12000,39000,12000,39000,1
39,13,2714,R0C0,BT015,13000,-39000,13000,39000,13000,39000,1
39,14,2715,R0C0,BT016,14000,-39000,14000,39000,14000,39000,1
39,15,2716,R0C0,BT017,15000,-39000,15000,39000,15000,39000,1
39,16,2717,R0C0,BT018,16000,-39000,16000,39000,16000,39000,1
39,17,2718,R0C0,BT019,17000,-39000,17000,39000,17000,39000,1
39,18,2719,R0C0,BT021,18000,-39000,18000,39000,18000,39000,1
39,19,2720,R0C0,BT022,19000,-39000,19000,39000,19000,39000,1
39,20,2721,R0C0,BT023,20000,-39000,20000,39000,20000,39000,1
39,21,2722,R0C0,BT024,21000,-39000,21000,39000,21000,39000,1
39,22,2723,R0C0,BT025,22000,-39000,22000,39000,22000,39000,1
39,23,2724,R0C0,BT026,23000,-39000,23000,39000,23000,39000,1
39,24,2725,R0C0,BT027,24000,-39000,24000,39000,24000,39000,1
39,25,2726,R0C0,BT028,25000,-39000,25000,39000,25000,39000,1
39,26,2727,R0C0,BT029,26000,-39000,26000,39000,26000,39000,1
39,27,2728,R0C0,BT031,27000,-39000,27000,39000,27000,39000,1
39,28,2729,R0C0,BT032,28000,-39000,28000,39000,28000,39000,1
39,29,2730,R0C0,BT033,29000,-39000,29000,39000,29000,39000,1
39,30,2731,R0C0,BT034,30000,-39000,30000,39000,30000,39000,1
39,31,2732,R0C0,BT035,31000,-39000,31000,39000,31000,39000,1
39,32,2733,R0C0,BT036,32000,-39000,32000,39000,32000,39000,1
39,33,2734,R0C0,BT037,33000,-39000,33000,39000,33000,39000,1
39,34,2735,R0C0,BT038,34000,-39000,34000,39000,34000,39000,1
39,35,2736,R0C0,BT039,35000,-39000,35000,39000,35000,39000,1
39,36,2737,R0C0,BT041,36000,-39000,36000,39000,36000,39000,1
39,37,2738,R0C0,BT042,37000,-39000,37000,39000,37000,39000,1
39,38,2739,R0C0,BT043,38000,-39000,38000,39000,38000,39000,1
39,39,2740,R0C0,BT044,39000,-39000,39000,39000,39000,39000,1
39,40,2741,R0C0,BT045,40000,-39000,40000,39000,40000,39000,1
39,41,2742,R0C0,BT046,41000,-39000,41000,39000,41000,39000,1
39,42,2743,R0C0,BT047,42000,-39000,42000,39000,42000,39000,1
39,43,2744,R0C0,BT048,43000,-39000,43000,39000,43000,39000,1
39,44,2745,R0C0,BT049,44000,-39000,44000,39000,44000,39000,1
39,45,2746,R0C0,BT051,45000,-39000,45000,39000,45000,39000,1
39,46,2747,R0C0,BT052,46000,-39000,46000,39000,46000,39000,1
39,47,2748,R0C0,BT053,47000,-39000,47000,39000,47000,39000,1
39,48,2749,R0C0,BT054,48000,-39000,48000,39000,48000,39000,1
39,49,2750,R0C0,BT055,49000,-39000,49000,39000,49000,39000,1
39,50,2751,R0C0,BT056,50000,-39000,50000,39000,50000,39000,1
39,51,2752,R0C0,BT057,51000,-39000,51000,39000,51000,39000,1
39,52,2753,R0C0,BT058,52000,-39000,52000,39000,52000,39000,1
39,53,2754,R0C0,BT059,53000,-39000,53000,39000,53000,39000,1
39,54,2755,R0C0,BT061,54000,-39000,54000,39000,54000,39000,1
39,55,2756,R0C0,BT062,55000,-39000,55000,39000,55000,39000,1
39,56,2757,R0C0,BT063,56000,-39000,56000,39000,56000,39000,1
39,57,2758,R0C0,BT064,57000,-39000,57000,39000,57000,39000,1
39,58,2759,R0C0,BT065,58000,-39000,58000,39000,58000,39000,1
39,59,2760,R0C0,BT066,59000,-39000,59000,39000,59000,39000,1
39,60,2761,R0C0,BT067,60000,-39000,60000,39000,60000,39000,1
39,61,2762,R0C0,BT068,61000,-39000,61000,39000,61000,39000,1
39,62,2763,R0C0,BT069,62000,-39000,62000,39000,62000,39000,1
39,63,2764,R0C0,BT071,63000,-39000,63000,39000,63000,39000,1
39,64,2765,R0C0,BT072,64000,-39000,64000,39000,64000,39000,1
39,65,2766,R0C0,BT073,65000,-39000,65000,39000,65000,39000,1
39,66,2767,R0C0,BT074,66000,-39000,66000,39000,66000,39000,1
39,67,2768,R0C0,BT075,67000,-39000,67000,39000,67000,39000,1
39,68,2769,R0C0,BT076,68000,-39000,68000,39000,68000,39000,1
39,69,2770,R0C0,BT077,69000,-39000,69000,39000,69000,39000,1
39,70,2771,R0C0,BT078,70000,-39000,70000,39000,70000,39000,1
39,71,2772,R0C0,BT079,71000,-39000,71000,39000,71000,39000,1
39,72,2773,R0C0,BT081,72000,-39000,72000,39000,72000,39000,1
39,73,2774,R0C0,BT082,73000,-39000,73000,39000,73000,39000,1
39,74,2775,R0C0,BT083,74000,-39000,74000,39000,74000,39000,1
39,75,2776,R0C0,BT084,75000,-39000,75000,39000,75000,39000,1
39,76,2777,R0C0,BT085,76000,-39000,76000,39000,76000,39000,1
39,77,2778,R0C0,BT086,77000,-39000,77000,39000,77000,39000,1
39,78,2779,R0C0,BT087,78000,-39000,78000,39000,78000,39000,1
39,79,2780,R0C0,BT088,79000,-39000,79000,39000,79000,39000,1
39,80,2781,R0C0,BT089,80000,-39000,80000,39000,80000,39000,1
39,81,2782,R0C0,BT091,81000,-39000,81000,39000,81000,39000,1
39,82,2783,R0C0,BT092,82000,-39000,82000,39000,82000,39000,1
39,83,2784,R0C0,BT093,83000,-39000,83000,39000,83000,39000,1
39,84,2785,R0C0,BT094,84000,-39000,84000,39000,84000,39000,1
39,85,2786,R0C0,BT095,85000,-39000,85000,39000,85000,39000,1
39,86,2787,R0C0,BT096,86000,-39000,86000,39000,86000,39000,1
39,87,2788,R0C0,BT097,87000,-39000,87000,39000,87000,39000,1
39,88,2789,R0C0,BT098,88000,-39000,88000,39000,88000,39000,1
39,89,2790,R0C0,BT099,89000,-39000,89000,39000,89000,39000,1
39,90,2791,R0C0,BT101,90000,-39000,90000,39000,90000,39000,1
39,91,2792,R0C0,BT102,91000,-39000,91000,39000,91000,39000,1
39,92,2793,R0C0,BT103,92000,-39000,92000,39000,92000,39000,1
39,93,2794,R0C0,BT104,93000,-39000,93000,39000,93000,39000,1
39,94,2795,R0C0,BT105,94000,-39000,94000,39000,94000,39000,1
39,95,2796,R0C0,BT106,95000,-39000,95000,39000,95000,39000,1
39,96,2797,R0C0,BT107,96000,-39000,96000,39000,96000,39000,1
39,97,2798,R0C0,BT108,97000,-39000,97000,39000,97000,39000,1
39,98,2799,R0C0,BT109,98000,-39000,98000,39000,98000,39000,1
39,99,2800,R0C0,BT111,99000,-39000,99000,39000,99000,39000,1
40,5,2801,R0C0,BU006,5000,-40000,5000,40000,5000,40000,1
40,6,2802,R0C0,BU007,6000,-40000,6000,40000,6000,40000,1
40,7,2803,R0C0,BU008,7000,-40000,7000,40000,7000,40000,1
40,8,2804,R0C0,BU009,8000,-40000,8000,40000,8000,40000,1
40,9,2805,R0C0,BU011,9000,-40000,9000,40000,9000,40000,1
40,10,2806,R0C0,BU012,10000,-40000,10000,40000,10000,40000,1
40,11,2807,R0C0,BU013,11000,-40000,11000,40000,11000,40000,1
40,12,2808,R0C0,BU014,12000,-40000,12000,40000,12000,40000,1
40,13,2809,R0C0,BU015,13000,-40000,13000,40000,13000,40000,1
40,14,2810,R0C0,BU016,14000,-40000,14000,40000,14000,40000,1
40,15,2811,R0C0,BU017,15000,-40000,15000,40000,15000,40000,1
40,16,2812,R0C0,BU018,16000,-40000,16000,40000,16000,40000,1
40,17,2813,R0C0,BU019,17000,-40000,17000,40000,17000,40000,1
40,18,2814,R0C0,BU021,18000,-40000,18000,40000,18000,40000,1
40,19,2815,R0C0,BU022,19000,-40000,19000,40000,19000,40000,1
40,20,2816,R0C0,BU023,20000,-40000,20000,40000,20000,40000,1
40,21,2817,R0C0,BU024,21000,-40000,21000,40000,21000,40000,1
40,22,2818,R0C0,BU025,22000,-40000,22000,40000,22000,40000,1
40,23,2819,R0C0,BU026,23000,-40000,23000,40000,23000,40000,1
40,24,2820,R0C0,BU027,24000,-40000,24000,40000,24000,40000,1
40,25,2821,R0C0,BU028,25000,-40000,25000,40000,25000,40000,1
40,26,2822,R0C0,BU029,26000,-40000,26000,40000,26000,40000,1
40,27,2823,R0C0,BU031,27000,-40000,27000,40000,27000,40000,1
40,28,2824,R0C0,BU032,28000,-40000,28000,40000,28000,40000,1
40,29,2825,R0C0,BU033,29000,-40000,29000,40000,29000,40000,1
40,30,2826,R0C0,BU034,30000,-40000,30000,40000,30000,40000,1
40,31,2827,R0C0,BU035,31000,-40000,31000,40000,31000,40000,1
40,32,2828,R0C0,BU036,32000,-40000,32000,40000,32000,40000,1
40,33,2829,R0C0,BU037,33000,-40000,33000,40000,33000,40000,1
40,34,2830,R0C0,BU038,34000,-40000,34000,40000,34000,40000,1
40,35,2831,R0C0,BU039,35000,-40000,35000,40000,35000,40000,1
40,36,2832,R0C0,BU041,36000,-40000,36000,40000,36000,40000,1
40,37,2833,R0C0,BU042,37000,-40000,37000,40000,37000,40000,1
40,38,2834,R0C0,BU043,38000,-40000,38000,40000,38000,40000,1
40,39,2835,R0C0,BU044,39000,-40000,39000,40000,39000,40000,1
40,40,2836,R0C0,BU045,40000,-40000,40000,40000,40000,40000,1
40,41,2837,R0C0,BU046,41000,-40000,41000,40000,41000,40000,1
40,42,2838,R0C0,BU047,42000,-40000,42000,40000,42000,40000,1
40,43,2839,R0C0,BU048,43000,-40000,43000,40000,43000,40000,1
40,44,2840,R0C0,BU049,44000,-40000,44000,40000,44000,40000,1
40,45,2841,R0C0,BU051,45000,-40000,45000,40000,45000,40000,1
40,46,2842,R0C0,BU052,46000,-40000,46000,40000,46000,40000,1
40,47,2843,R0C0,BU053,47000,-40000,47000,40000,47000,40000,1
40,48,2844,R0C0,BU054,48000,-40000,48000,40000,48000,40000,1
40,49,2845,R0C0,BU055,49000,-40000,49000,40000,49000,40000,1
40,50,2846,R0C0,BU056,50000,-40000,50000,40000,50000,40000,1
40,51,2847,R0C0,BU057,51000,-40000,51000,40000,51000,40000,1
40,52,2848,R0C0,BU058,52000,-40000,52000,40000,52000,40000,1
40,53,2849,R0C0,BU059,53000,-40000,53000,40000,53000,40000,1
40,54,2850,R0C0,BU061,54000,-40000,54000,40000,54000,40000,1
40,55,2851,R0C0,BU062,55000,-40000,55000,40000,55000,40000,1
40,56,2852,R0C0,BU063,56000,-40000,56000,40000,56000,40000,1
40,57,2853,R0C0,BU064,57000,-40000,57000,40000,57000,40000,1
40,58,2854,R0C0,BU065,58000,-40000,58000,40000,58000,40000,1
40,59,2855,R0C0,BU066,59000,-40000,59000,40000,59000,40000,1
40,60,2856,R0C0,BU067,60000,-40000,60000,40000,60000,40000,1
40,61,2857,R0C0,BU068,61000,-40000,61000,40000,61000,40000,1
40,62,2858,R0C0,BU069,62000,-40000,62000,40000,62000,40000,1
40,63,2859,R0C0,BU071,63000,-40000,63000,40000,63000,40000,1
40,64,2860,R0C0,BU072,64000,-40000,64000,40000,64000,40000,1
40,65,2861,R0C0,BU073,65000,-40000,65000,40000,65000,40000,1
40,66,2862,R0C0,BU074,66000,-40000,66000,40000,66000,40000,1
40,67,2863,R0C0,BU075,67000,-40000,67000,40000,67000,40000,1
40,68,2864,R0C0,BU076,68000,-40000,68000,40000,68000,40000,1
40,69,2865,R0C0,BU077,69000,-40000,69000,40000,69000,40000,1
40,70,2866,R0C0,BU078,70000,-40000,70000,40000,70000,40000,1
40,71,2867,R0C0,BU079,71000,-40000,71000,40000,71000,40000,1
40,72,2868,R0C0,BU081,72000,-40000,72000,40000,72000,40000,1
40,73,2869,R0C0,BU082,73000,-40000,73000,40000,73000,40000,1
40,74,2870,R0C0,BU083,74000,-40000,74000,40000,74000,40000,1
40,75,2871,R0C0,BU084,75000,-40000,75000,40000,75000,40000,1
40,76,2872,R0C0,BU085,76000,-40000,76000,40000,76000,40000,1
40,77,2873,R0C0,BU086,77000,-40000,77000,40000,77000,40000,1
40,78,2874,R0C0,BU087,78000,-40000,78000,40000,78000,40000,1
40,79,2875,R0C0,BU088,79000,-40000,79000,40000,79000,40000,1
40,80,2876,R0C0,BU089,80000,-40000,80000,40000,80000,40000,1
40,81,2877,R0C0,BU091,81000,-40000,81000,40000,81000,40000,1
40,82,2878,R0C0,BU092,82000,-40000,82000,40000,82000,40000,1
40,83,2879,R0C0,BU093,83000,-40000,83000,40000,83000,40000,1
40,84,2880,R0C0,BU094,84000,-40000,84000,40000,84000,40000,1
40,85,2881,R0C0,BU095,85000,-40000,85000,40000,85000,40000,1
40,86,2882,R0C0,BU096,86000,-40000,86000,40000,86000,40000,1
40,87,2883,R0C0,BU097,87000,-40000,87000,40000,87000,40000,1
40,88,2884,R0C0,BU098,88000,-40000,88000,40000,88000,40000,1
40,89,2885,R0C0,BU099,89000,-40000,89000,40000,89000,40000,1
40,90,2886,R0C0,BU101,90000,-40000,90000,40000,90000,40000,1
40,91,2887,R0C0,BU102,91000,-40000,91000,40000,91000,40000,1
40,92,2888,R0C0,BU103,92000,-40000,92000,40000,92000,40000,1
40,93,2889,R0C0,BU104,93000,-40000,93000,40000,93000,40000,1
40,94,2890,R0C0,BU105,94000,-40000,94000,40000,94000,40000,1
40,95,2891,R0C0,BU106,95000,-40000,95000,40000,95000,40000,1
40,96,2892,R0C0,BU107,96000,-40000,96000,40000,96000,40000,1
40,97,2893,R0C0,BU108,97000,-40000,97000,40000,97000,40000,1
40,98,2894,R0C0,BU109,98000,-40000,98000,40000,98000,40000,1
40,99,2895,R0C0,BU111,99000,-40000,99000,40000,99000,40000,1
41,5,2896,R0C0,BV006,5000,-41000,5000,41000,5000,41000,1
41,6,2897,R0C0,BV007,6000,-41000,6000,41000,6000,41000,1
41,7,2898,R0C0,BV008,7000,-41000,7000,41000,7000,41000,1
41,8,2899,R0C0,BV009,8000,-41000,8000,41000,8000,41000,1
41,9,2900,R0C0,BV011,9000,-41000,9000,41000,9000,41000,1
41,10,2901,R0C0,BV012,10000,-41000,10000,41000,10000,41000,1
41,11,2902,R0C0,BV013,11000,-41000,11000,41000,11000,41000,1
41,12,2903,R0C0,BV014,12000,-41000,12000,41000,12000,41000,1
41,13,2904,R0C0,BV015,13000,-41000,13000,41000,13000,41000,1
41,14,2905,R0C0,BV016,14000,-41000,14000,41000,14000,41000,1
41,15,2906,R0C0,BV017,15000,-41000,15000,41000,15000,41000,1
41,16,2907,R0C0,BV018,16000,-41000,16000,41000,16000,41000,1
41,17,2908,R0C0,BV019,17000,-41000,17000,41000,17000,41000,1
41,18,2909,R0C0,BV021,18000,-41000,18000,41000,18000,41000,1
41,19,2910,R0C0,BV022,19000,-41000,19000,41000,19000,41000,1
41,20,2911,R0C0,BV023,20000,-41000,20000,41000,20000,41000,1
41,21,2912,R0C0,BV024,21000,-41000,21000,41000,21000,41000,1
41,22,2913,R0C0,BV025,22000,-41000,22000,41000,22000,41000,1
41,23,2914,R0C0,BV026,23000,-41000,23000,41000,23000,41000,1
41,24,2915,R0C0,BV027,24000,-41000,24000,41000,24000,41000,1
41,25,2916,R0C0,BV028,25000,-41000,25000,41000,25000,41000,1
41,26,2917,R0C0,BV029,26000,-41000,26000,41000,26000,41000,1
41,27,2918,R0C0,BV031,27000,-41000,27000,41000,27000,41000,1
41,28,2919,R0C0,BV032,28000,-41000,28000,41000,28000,41000,1
41,29,2920,R0C0,BV033,29000,-41000,29000,41000,29000,41000,1
41,30,2921,R0C0,BV034,30000,-41000,30000,41000,30000,41000,1
41,31,2922,R0C0,BV035,31000,-41000,31000,41000,31000,41000,1
41,32,2923,R0C0,BV036,32000,-41000,32000,41000,32000,41000,1
41,33,2924,R0C0,BV037,33000,-41000,33000,41000,33000,41000,1
41,34,2925,R0C0,BV038,34000,-41000,34000,41000,34000,41000,1
41,35,2926,R0C0,BV039,35000,-41000,35000,41000,35000,41000,1
41,36,2927,R0C0,BV041,36000,-41000,36000,41000,36000,41000,1
41,37,2928,R0C0,BV042,37000,-41000,37000,41000,37000,41000,1
41,38,2929,R0C0,BV043,38000,-41000,38000,41000,38000,41000,1
41,39,2930,R0C0,BV044,39000,-41000,39000,41000,39000,41000,1
41,40,2931,R0C0,BV045,40000,-41000,40000,41000,40000,41000,1
41,41,2932,R0C0,BV046,41000,-41000,41000,41000,41000,41000,1
41,42,2933,R0C0,BV047,42000,-41000,42000,41000,42000,41000,1
41,43,2934,R0C0,BV048,43000,-41000,43000,41000,43000,41000,1
41,44,2935,R0C0,BV049,44000,-41000,44000,41000,44000,41000,1
41,45,2936,R0C0,BV051,45000,-41000,45000,41000,45000,41000,1
41,46,2937,R0C0,BV052,46000,-41000,46000,41000,46000,41000,1
41,47,2938,R0C0,BV053,47000,-41000,47000,41000,47000,41000,1
41,48,2939,R0C0,BV054,48000,-41000,48000,41000,48000,41000,1
41,49,2940,R0C0,BV055,49000,-41000,49000,41000,49000,41000,1
41,50,2941,R0C0,BV056,50000,-41000,50000,41000,50000,41000,1
41,51,2942,R0C0,BV057,51000,-41000,51000,41000,51000,41000,1
41,52,2943,R0C0,BV058,52000,-41000,52000,41000,52000,41000,1
41,53,2944,R0C0,BV059,53000,-41000,53000,41000,53000,41000,1
41,54,2945,R0C0,BV061,54000,-41000,54000,41000,54000,41000,1
41,55,2946,R0C0,BV062,55000,-41000,55000,41000,55000,41000,1
41,56,2947,R0C0,BV063,56000,-41000,56000,41000,56000,41000,1
41,57,2948,R0C0,BV064,57000,-41000,57000,41000,57000,41000,1
41,58,2949,R0C0,BV065,58000,-41000,58000,41000,58000,41000,1
41,59,2950,R0C0,BV066,59000,-41000,59000,41000,59000,41000,1
41,60,2951,R0C0,BV067,60000,-41000,60000,41000,60000,41000,1
41,61,2952,R0C0,BV068,61000,-41000,61000,41000,61000,41000,1
41,62,2953,R0C0,BV069,62000,-41000,62000,41000,62000,41000,1
41,63,2954,R0C0,BV071,63000,-41000,63000,41000,63000,41000,1
41,64,2955,R0C0,BV072,64000,-41000,64000,41000,64000,41000,1
41,65,2956,R0C0,BV073,65000,-41000,65000,41000,65000,41000,1
41,66,2957,R0C0,BV074,66000,-41000,66000,41000,66000,41000,1
41,67,2958,R0C0,BV075,67000,-41000,67000,41000,67000,41000,1
41,68,2959,R0C0,BV076,68000,-41000,68000,41000,68000,41000,1
41,69,2960,R0C0,BV077,69000,-41000,69000,41000,69000,41000,1
41,70,2961,R0C0,BV078,70000,-41000,70000,41000,70000,41000,1
41,71,2962,R0C0,BV079,71000,-41000,71000,41000,71000,41000,1
41,72,2963,R0C0,BV081,72000,-41000,72000,41000,72000,41000,1
41,73,2964,R0C0,BV082,73000,-41000,73000,41000,73000,41000,1
41,74,2965,R0C0,BV083,74000,-41000,74000,41000,74000,41000,1
41,75,2966,R0C0,BV084,75000,-41000,75000,41000,75000,41000,1
41,76,2967,R0C0,BV085,76000,-41000,76000,41000,76000,41000,1
41,77,2968,R0C0,BV086,77000,-41000,77000,41000,77000,41000,1
41,78,2969,R0C0,BV087,78000,-41000,78000,41000,78000,41000,1
41,79,2970,R0C0,BV088,79000,-41000,79000,41000,79000,41000,1
41,80,2971,R0C0,BV089,80000,-41000,80000,41000,80000,41000,1
41,81,2972,R0C0,BV091,81000,-41000,81000,41000,81000,41000,1
41,82,2973,R0C0,BV092,82000,-41000,82000,41000,82000,41000,1
41,83,2974,R0C0,BV093,83000,-41000,83000,41000,83000,41000,1
41,84,2975,R0C0,BV094,84000,-41000,84000,41000,84000,41000,1
41,85,2976,R0C0,BV095,85000,-41000,85000,41000,85000,41000,1
41,86,2977,R0C0,BV096,86000,-41000,86000,41000,86000,41000,1
41,87,2978,R0C0,BV097,87000,-41000,87000,41000,87000,41000,1
41,88,2979,R0C0,BV098,88000,-41000,88000,41000,88000,41000,1
41,89,2980,R0C0,BV099,89000,-41000,89000,41000,89000,41000,1
41,90,2981,R0C0,BV101,90000,-41000,90000,41000,90000,41000,1
41,91,2982,R0C0,BV102,91000,-41000,91000,41000,91000,41000,1
41,92,2983,R0C0,BV103,92000,-41000,92000,41000,92000,41000,1
41,93,2984,R0C0,BV104,93000,-41000,93000,41000,93000,41000,1
41,94,2985,R0C0,BV105,94000,-41000,94000,41000,94000,41000,1
41,95,2986,R0C0,BV106,95000,-41000,95000,41000,95000,41000,1
41,96,2987,R0C0,BV107,96000,-41000,96000,41000,96000,41000,1
41,97,2988,R0C0,BV108,97000,-41000,97000,41000,97000,41000,1
41,98,2989,R0C0,BV109,98000,-41000,98000,41000,98000,41000,1
41,99,2990,R0C0,BV111,99000,-41000,99000,41000,99000,41000,1
42,5,2991,R0C0,BW006,5000,-42000,5000,42000,5000,42000,1
42,6,2992,R0C0,BW007,6000,-42000,6000,42000,6000,42000,1
42,7,2993,R0C0,BW008,7000,-42000,7000,42000,7000,42000,1
42,8,2994,R0C0,BW009,8000,-42000,8000,42000,8000,42000,1
42,9,2995,R0C0,BW011,9000,-42000,9000,42000,9000,42000,1
42,10,2996,R0C0,BW012,10000,-42000,10000,42000,10000,42000,1
42,11,2997,R0C0,BW013,11000,-42000,11000,42000,11000,42000,1
42,12,2998,R0C0,BW014,12000,-42000,12000,42000,12000,42000,1
42,13,2999,R0C0,BW015,13000,-42000,13000,42000,13000,42000,1
42,14,3000,R0C0,BW016,14000,-42000,14000,42000,14000,42000,1
42,15,3001,R0C0,BW017,15000,-42000,15000,42000,15000,42000,1
42,16,3002,R0C0,BW018,16000,-42000,16000,42000,16000,42000,1
42,17,3003,R0C0,BW019,17000,-42000,17000,42000,17000,42000,1
42,18,3004,R0C0,BW021,18000,-42000,18000,42000,18000,42000,1
42,19,3005,R0C0,BW022,19000,-42000,19000,42000,19000,42000,1
42,20,3006,R0C0,BW023,20000,-42000,20000,42000,20000,42000,1
42,21,3007,R0C0,BW024,21000,-42000,21000,42000,21000,42000,1
42,22,3008,R0C0,BW025,22000,-42000,22000,42000,22000,42000,1
42,23,3009,R0C0,BW026,23000,-42000,23000,42000,23000,42000,1
42,24,3010,R0C0,BW027,24000,-42000,24000,42000,24000,42000,1
42,25,3011,R0C0,BW028,25000,-42000,25000,42000,25000,42000,1
42,26,3012,R0C0,BW029,26000,-42000,26000,42000,26000,42000,1
42,27,3013,R0C0,BW031,27000,-42000,27000,42000,27000,42000,1
42,28,3014,R0C0,BW032,28000,-42000,28000,42000,28000,42000,1
42,29,3015,R0C0,BW033,29000,-42000,29000,42000,29000,42000,1
42,30,3016,R0C0,BW034,30000,-42000,30000,42000,30000,42000,1
42,31,3017,R0C0,BW035,31000,-42000,31000,42000,31000,42000,1
42,32,3018,R0C0,BW036,32000,-42000,32000,42000,32000,42000,1
42,33,3019,R0C0,BW037,33000,-42000,33000,42000,33000,42000,1
42,34,3020,R0C0,BW038,34000,-42000,34000,42000,34000,42000,1
42,35,3021,R0C0,BW039,35000,-42000,35000,42000,35000,42000,1
42,36,3022,R0C0,BW041,36000,-42000,36000,42000,36000,42000,1
42,37,3023,R0C0,BW042,37000,-42000,37000,42000,37000,42000,1
42,38,3024,R0C0,BW043,38000,-42000,38000,42000,38000,42000,1
42,39,3025,R0C0,BW044,39000,-42000,39000,42000,39000,42000,1
42,40,3026,R0C0,BW045,40000,-42000,40000,42000,40000,42000,1
42,41,3027,R0C0,BW046,41000,-42000,41000,42000,41000,42000,1
42,42,3028,R0C0,BW047,42000,-42000,42000,42000,42000,42000,1
42,43,3029,R0C0,BW048,43000,-42000,43000,42000,43000,42000,1
42,44,3030,R0C0,BW049,44000,-42000,44000,42000,44000,42000,1
42,45,3031,R0C0,BW051,45000,-42000,45000,42000,45000,42000,1
42,46,3032,R0C0,BW052,46000,-42000,46000,42000,46000,42000,1
42,47,3033,R0C0,BW053,47000,-42000,47000,42000,47000,42000,1
42,48,3034,R0C0,BW054,48000,-42000,48000,42000,48000,42000,1
42,49,3035,R0C0,BW055,49000,-42000,49000,42000,49000,42000,1
42,50,3036,R0C0,BW056,50000,-42000,50000,42000,50000,42000,1
42,51,3037,R0C0,BW057,51000,-42000,51000,42000,51000,42000,1
42,52,3038,R0C0,BW058,52000,-42000,52000,42000,52000,42000,1
42,53,3039,R0C0,BW059,53000,-42000,53000,42000,53000,42000,1
42,54,3040,R0C0,BW061,54000,-42000,54000,42000,54000,42000,1
42,55,3041,R0C0,BW062,55000,-42000,55000,42000,55000,42000,1
42,56,3042,R0C0,BW063,56000,-42000,56000,42000,56000,42000,1
42,57,3043,R0C0,BW064,57000,-42000,57000,42000,57000,42000,1
42,58,3044,R0C0,BW065,58000,-42000,58000,42000,58000,42000,1
42,59,3045,R0C0,BW066,59000,-42000,59000,42000,59000,42000,1
42,60,3046,R0C0,BW067,60000,-42000,60000,42000,60000,42000,1
42,61,3047,R0C0,BW068,61000,-42000,61000,42000,61000,42000,1
42,62,3048,R0C0,BW069,62000,-42000,62000,42000,62000,42000,1
42,63,3049,R0C0,BW071,63000,-42000,63000,42000,63000,42000,1
42,64,3050,R0C0,BW072,64000,-42000,64000,42000,64000,42000,1
42,65,3051,R0C0,BW073,65000,-42000,65000,42000,65000,42000,1
42,66,3052,R0C0,BW074,66000,-42000,66000,42000,66000,42000,1
42,67,3053,R0C0,BW075,67000,-42000,67000,42000,67000,42000,1
42,68,3054,R0C0,BW076,68000,-42000,68000,42000,68000,42000,1
42,69,3055,R0C0,BW077,69000,-42000,69000,42000,69000,42000,1
42,70,3056,R0C0,BW078,70000,-42000,70000,42000,70000,42000,1
42,71,3057,R0C0,BW079,71000,-42000,71000,42000,71000,42000,1
42,72,3058,R0C0,BW081,72000,-42000,72000,42000,72000,42000,1
42,73,3059,R0C0,BW082,73000,-42000,73000,42000,73000,42000,1
42,74,3060,R0C0,BW083,74000,-42000,74000,42000,74000,42000,1
42,75,3061,R0C0,BW084,75000,-42000,75000,42000,75000,42000,1
42,76,3062,R0C0,BW085,76000,-42000,76000,42000,76000,42000,1
42,77,3063,R0C0,BW086,77000,-42000,77000,42000,77000,42000,1
42,78,3064,R0C0,BW087,78000,-42000,78000,42000,78000,42000,1
42,79,3065,R0C0,BW088,79000,-42000,79000,42000,79000,42000,1
42,80,3066,R0C0,BW089,80000,-42000,80000,42000,80000,42000,1
42,81,3067,R0C0,BW091,81000,-42000,81000,42000,81000,42000,1
42,82,3068,R0C0,BW092,82000,-42000,82000,42000,82000,42000,1
42,83,3069,R0C0,BW093,83000,-42000,83000,42000,83000,42000,1
42,84,3070,R0C0,BW094,84000,-42000,84000,42000,84000,42000,1
42,85,3071,R0C0,BW095,85000,-42000,85000,42000,85000,42000,1
42,86,3072,R0C0,BW096,86000,-42000,86000,42000,86000,42000,1
42,87,3073,R0C0,BW097,87000,-42000,87000,42000,87000,42000,1
42,88,3074,R0C0,BW098,88000,-42000,88000,42000,88000,42000,1
42,89,3075,R0C0,BW099,89000,-42000,89000,42000,89000,42000,1
42,90,3076,R0C0,BW101,90000,-42000,90000,42000,90000,42000,1
42,91,3077,R0C0,BW102,91000,-42000,91000,42000,91000,42000,1
42,92,3078,R0C0,BW103,92000,-42000,92000,42000,92000,42000,1
42,93,3079,R0C0,BW104,93000,-42000,93000,42000,93000,42000,1
42,94,3080,R0C0,BW105,94000,-42000,94000,42000,94000,42000,1
42,95,3081,R0C0,BW106,95000,-42000,95000,42000,95000,42000,1
42,96,3082,R0C0,BW107,96000,-42000,96000,42000,96000,42000,1
42,97,3083,R0C0,BW108,97000,-42000,97000,42000,97000,42000,1
42,98,3084,R0C0,BW109,98000,-42000,98000,42000,98000,42000,1
42,99,3085,R0C0,BW111,99000,-42000,99000,42000,99000,42000,1
43,5,3086,R0C0,BX006,5000,-43000,5000,43000,5000,43000,1
43,6,3087,R0C0,BX007,6000,-43000,6000,43000,6000,43000,1
43,7,3088,R0C0,BX008,7000,-43000,7000,43000,7000,43000,1
43,8,3089,R0C0,BX009,8000,-43000,8000,43000,8000,43000,1
43,9,3090,R0C0,BX011,9000,-43000,9000,43000,9000,43000,1
43,10,3091,R0C0,BX012,10000,-43000,10000,43000,10000,43000,1
43,11,3092,R0C0,BX013,11000,-43000,11000,43000,11000,43000,1
43,12,3093,R0C0,BX014,12000,-43000,12000,43000,12000,43000,1
43,13,3094,R0C0,BX015,13000,-43000,13000,43000,13000,43000,1
43,14,3095,R0C0,BX016,14000,-43000,14000,43000,14000,43000,1
43,15,3096,R0C0,BX017,15000,-43000,15000,43000,15000,43000,1
43,16,3097,R0C0,BX018,16000,-43000,16000,43000,16000,43000,1
43,17,3098,R0C0,BX019,17000,-43000,17000,43000,17000,43000,1
43,18,3099,R0C0,BX021,18000,-43000,18000,43000,18000,43000,1
43,19,3100,R0C0,BX022,19000,-43000,19000,43000,19000,43000,1
43,20,3101,R0C0,BX023,20000,-43000,20000,43000,20000,43000,1
43,21,3102,R0C0,BX024,21000,-43000,21000,43000,21000,43000,1
43,22,3103,R0C0,BX025,22000,-43000,22000,43000,22000,43000,1
43,23,3104,R0C0,BX026,23000,-43000,23000,43000,23000,43000,1
43,24,3105,R0C0,BX027,24000,-43000,24000,43000,24000,43000,1
43,25,3106,R0C0,BX028,25000,-43000,25000,43000,25000,43000,1
43,26,3107,R0C0,BX029,26000,-43000,26000,43000,26000,43000,1
43,27,3108,R0C0,BX031,27000,-43000,27000,43000,27000,43000,1
43,28,3109,R0C0,BX032,28000,-43000,28000,43000,28000,43000,1
43,29,3110,R0C0,BX033,29000,-43000,29000,43000,29000,43000,1
43,30,3111,R0C0,BX034,30000,-43000,30000,43000,30000,43000,1
43,31,3112,R0C0,BX035,31000,-43000,31000,43000,31000,43000,1
43,32,3113,R0C0,BX036,32000,-43000,32000,43000,32000,43000,1
43,33,3114,R0C0,BX037,33000,-43000,33000,43000,33000,43000,1
43,34,3115,R0C0,BX038,34000,-43000,34000,43000,34000,43000,1
43,35,3116,R0C0,BX039,35000,-43000,35000,43000,35000,43000,1
43,36,3117,R0C0,BX041,36000,-43000,36000,43000,36000,43000,1
43,37,3118,R0C0,BX042,37000,-43000,37000,43000,37000,43000,1
43,38,3119,R0C0,BX043,38000,-43000,38000,43000,38000,43000,1
43,39,3120,R0C0,BX044,39000,-43000,39000,43000,39000,43000,1
43,40,3121,R0C0,BX045,40000,-43000,40000,43000,40000,43000,1
43,41,3122,R0C0,BX046,41000,-43000,41000,43000,41000,43000,1
43,42,3123,R0C0,BX047,42000,-43000,42000,43000,42000,43000,1
43,43,3124,R0C0,BX048,43000,-43000,43000,43000,43000,43000,1
43,44,3125,R0C0,BX049,44000,-43000,44000,43000,44000,43000,1
43,45,3126,R0C0,BX051,45000,-43000,45000,43000,45000,43000,1
43,46,3127,R0C0,BX052,46000,-43000,46000,43000,46000,43000,1
43,47,3128,R0C0,BX053,47000,-43000,47000,43000,47000,43000,1
43,48,3129,R0C0,BX054,48000,-43000,48000,43000,48000,43000,1
43,49,3130,R0C0,BX055,49000,-43000,49000,43000,49000,43000,1
43,50,3131,R0C0,BX056,50000,-43000,50000,43000,50000,43000,1
43,51,3132,R0C0,BX057,51000,-43000,51000,43000,51000,43000,1
43,52,3133,R0C0,BX058,52000,-43000,52000,43000,52000,43000,1
43,53,3134,R0C0,BX059,53000,-43000,53000,43000,53000,43000,1
43,54,3135,R0C0,BX061,54000,-43000,54000,43000,54000,43000,1
43,55,3136,R0C0,BX062,55000,-43000,55000,43000,55000,43000,1
43,56,3137,R0C0,BX063,56000,-43000,56000,43000,56000,43000,1
43,57,3138,R0C0,BX064,57000,-43000,57000,43000,57000,43000,1
43,58,3139,R0C0,BX065,58000,-43000,58000,43000,58000,43000,1
43,59,3140,R0C0,BX066,59000,-43000,59000,43000,59000,43000,1
43,60,3141,R0C0,BX067,60000,-43000,60000,43000,60000,43000,1
43,61,3142,R0C0,BX068,61000,-43000,61000,43000,61000,43000,1
43,62,3143,R0C0,BX069,62000,-43000,62000,43000,62000,43000,1
43,63,3144,R0C0,BX071,63000,-43000,63000,43000,63000,43000,1
43,64,3145,R0C0,BX072,64000,-43000,64000,43000,64000,43000,1
43,65,3146,R0C0,BX073,65000,-43000,65000,43000,65000,43000,1
43,66,3147,R0C0,BX074,66000,-43000,66000,43000,66000,43000,1
43,67,3148,R0C0,BX075,67000,-43000,67000,43000,67000,43000,1
43,68,3149,R0C0,BX076,68000,-43000,68000,43000,68000,43000,1
43,69,3150,R0C0,BX077,69000,-43000,69000,43000,69000,43000,1
43,70,3151,R0C0,BX078,70000,-43000,70000,43000,70000,43000,1
43,71,3152,R0C0,BX079,71000,-43000,71000,43000,71000,43000,1
43,72,3153,R0C0,BX081,72000,-43000,72000,43000,72000,43000,1
43,73,3154,R0C0,BX082,73000,-43000,73000,43000,73000,43000,1
43,74,3155,R0C0,BX083,74000,-43000,74000,43000,74000,43000,1
43,75,3156,R0C0,BX084,75000,-43000,75000,43000,75000,43000,1
43,76,3157,R0C0,BX085,76000,-43000,76000,43000,76000,43000,1
43,77,3158,R0C0,BX086,77000,-43000,77000,43000,77000,43000,1
43,78,3159,R0C0,BX087,78000,-43000,78000,43000,78000,43000,1
43,79,3160,R0C0,BX088,79000,-43000,79000,43000,79000,43000,1
43,80,3161,R0C0,BX089,80000,-43000,80000,43000,80000,43000,1
43,81,3162,R0C0,BX091,81000,-43000,81000,43000,81000,43000,1
43,82,3163,R0C0,BX092,82000,-43000,82000,43000,82000,43000,1
43,83,3164,R0C0,BX093,83000,-43000,83000,43000,83000,43000,1
43,84,3165,R0C0,BX094,84000,-43000,84000,43000,84000,43000,1
43,85,3166,R0C0,BX095,85000,-43000,85000,43000,85000,43000,1
43,86,3167,R0C0,BX096,86000,-43000,86000,43000,86000,43000,1
43,87,3168,R0C0,BX097,87000,-43000,87000,43000,87000,43000,1
43,88,3169,R0C0,BX098,88000,-43000,88000,43000,88000,43000,1
43,89,3170,R0C0,BX099,89000,-43000,89000,43000,89000,43000,1
43,90,3171,R0C0,BX101,90000,-43000,90000,43000,90000,43000,1
43,91,3172,R0C0,BX102,91000,-43000,91000,43000,91000,43000,1
43,92,3173,R0C0,BX103,92000,-43000,92000,43000,92000,43000,1
43,93,3174,R0C0,BX104,93000,-43000,93000,43000,93000,43000,1
43,94,3175,R0C0,BX105,94000,-43000,94000,43000,94000,43000,1
43,95,3176,R0C0,BX106,95000,-43000,95000,43000,95000,43000,1
43,96,3177,R0C0,BX107,96000,-43000,96000,43000,96000,43000,1
43,97,3178,R0C0,BX108,97000,-43000,97000,43000,97000,43000,1
43,98,3179,R0C0,BX109,98000,-43000,98000,43000,98000,43000,1
43,99,3180,R0C0,BX111,99000,-43000,99000,43000,99000,43000,1
44,5,3181,R0C0,BY006,5000,-44000,5000,44000,5000,44000,1
44,6,3182,R0C0,BY007,6000,-44000,6000,44000,6000,44000,1
44,7,3183,R0C0,BY008,7000,-44000,7000,44000,7000,44000,1
44,8,3184,R0C0,BY009,8000,-44000,8000,44000,8000,44000,1
44,9,3185,R0C0,BY011,9000,-44000,9000,44000,9000,44000,1
44,10,3186,R0C0,BY012,10000,-44000,10000,44000,10000,44000,1
44,11,3187,R0C0,BY013,11000,-44000,11000,44000,11000,44000,1
44,12,3188,R0C0,BY014,12000,-44000,12000,44000,12000,44000,1
44,13,3189,R0C0,BY015,13000,-44000,13000,44000,13000,44000,1
44,14,3190,R0C0,BY016,14000,-44000,14000,44000,14000,44000,1
44,15,3191,R0C0,BY017,15000,-44000,15000,44000,15000,44000,1
44,16,3192,R0C0,BY018,16000,-44000,16000,44000,16000,44000,1
44,17,3193,R0C0,BY019,17000,-44000,17000,44000,17000,44000,1
44,18,3194,R0C0,BY021,18000,-44000,18000,44000,18000,44000,1
44,19,3195,R0C0,BY022,19000,-44000,19000,44000,19000,44000,1
44,20,3196,R0C0,BY023,20000,-44000,20000,44000,20000,44000,1
44,21,3197,R0C0,BY024,21000,-44000,21000,44000,21000,44000,1
44,22,3198,R0C0,BY025,22000,-44000,22000,44000,22000,44000,1
44,23,3199,R0C0,BY026,23000,-44000,23000,44000,23000,44000,1
44,24,3200,R0C0,BY027,24000,-44000,24000,44000,24000,44000,1
44,25,3201,R0C0,BY028,25000,-44000,25000,44000,25000,44000,1
44,26,3202,R0C0,BY029,26000,-44000,26000,44000,26000,44000,1
44,27,3203,R0C0,BY031,27000,-44000,27000,44000,27000,44000,1
44,28,3204,R0C0,BY032,28000,-44000,28000,44000,28000,44000,1
44,29,3205,R0C0,BY033,29000,-44000,29000,44000,29000,44000,1
44,30,3206,R0C0,BY034,30000,-44000,30000,44000,30000,44000,1
44,31,3207,R0C0,BY035,31000,-44000,31000,44000,31000,44000,1
44,32,3208,R0C0,BY036,32000,-44000,32000,44000,32000,44000,1
44,33,3209,R0C0,BY037,33000,-44000,33000,44000,33000,44000,1
44,34,3210,R0C0,BY038,34000,-44000,34000,44000,34000,44000,1
44,35,3211,R0C0,BY039,35000,-44000,35000,44000,35000,44000,1
44,36,3212,R0C0,BY041,36000,-44000,36000,44000,36000,44000,1
44,37,3213,R0C0,BY042,37000,-44000,37000,44000,37000,44000,1
44,38,3214,R0C0,BY043,38000,-44000,38000,44000,38000,44000,1
44,39,3215,R0C0,BY044,39000,-44000,39000,44000,39000,44000,1
44,40,3216,R0C0,BY045,40000,-44000,40000,44000,40000,44000,1
44,41,3217,R0C0,BY046,41000,-44000,41000,44000,41000,44000,1
44,42,3218,R0C0,BY047,42000,-44000,42000,44000,42000,44000,1
44,43,3219,R0C0,BY048,43000,-44000,43000,44000,43000,44000,1
44,44,3220,R0C0,BY049,44000,-44000,44000,44000,44000,44000,1
44,45,3221,R0C0,BY051,45000,-44000,45000,44000,45000,44000,1
44,46,3222,R0C0,BY052,46000,-44000,46000,44000,46000,44000,1
44,47,3223,R0C0,BY053,47000,-44000,47000,44000,47000,44000,1
44,48,3224,R0C0,BY054,48000,-44000,48000,44000,48000,44000,1
44,49,3225,R0C0,BY055,49000,-44000,49000,44000,49000,44000,1
44,50,3226,R0C0,BY056,50000,-44000,50000,44000,50000,44000,1
44,51,3227,R0C0,BY057,51000,-44000,51000,44000,51000,44000,1
44,52,3228,R0C0,BY058,52000,-44000,52000,44000,52000,44000,1
44,53,3229,R0C0,BY059,53000,-44000,53000,44000,53000,44000,1
44,54,3230,R0C0,BY061,54000,-44000,54000,44000,54000,44000,1
44,55,3231,R0C0,BY062,55000,-44000,55000,44000,55000,44000,1
44,56,3232,R0C0,BY063,56000,-44000,56000,44000,56000,44000,1
44,57,3233,R0C0,BY064,57000,-44000,57000,44000,57000,44000,1
44,58,3234,R0C0,BY065,58000,-44000,58000,44000,58000,44000,1
44,59,3235,R0C0,BY066,59000,-44000,59000,44000,59000,44000,1
44,60,3236,R0C0,BY067,60000,-44000,60000,44000,60000,44000,1
44,61,3237,R0C0,BY068,61000,-44000,61000,44000,61000,44000,1
44,62,3238,R0C0,BY069,62000,-44000,62000,44000,62000,44000,1
44,63,3239,R0C0,BY071,63000,-44000,63000,44000,63000,44000,1
44,64,3240,R0C0,BY072,64000,-44000,64000,44000,64000,44000,1
44,65,3241,R0C0,BY073,65000,-44000,65000,44000,65000,44000,1
44,66,3242,R0C0,BY074,66000,-44000,66000,44000,66000,44000,1
44,67,3243,R0C0,BY075,67000,-44000,67000,44000,67000,44000,1
44,68,3244,R0C0,BY076,68000,-44000,68000,44000,68000,44000,1
44,69,3245,R0C0,BY077,69000,-44000,69000,44000,69000,44000,1
44,70,3246,R0C0,BY078,70000,-44000,70000,44000,70000,44000,1
44,71,3247,R0C0,BY079,71000,-44000,71000,44000,71000,44000,1
44,72,3248,R0C0,BY081,72000,-44000,72000,44000,72000,44000,1
44,73,3249,R0C0,BY082,73000,-44000,73000,44000,73000,44000,1
44,74,3250,R0C0,BY083,74000,-44000,74000,44000,74000,44000,1
44,75,3251,R0C0,BY084,75000,-44000,75000,44000,75000,44000,1
44,76,3252,R0C0,BY085,76000,-44000,76000,44000,76000,44000,1
44,77,3253,R0C0,BY086,77000,-44000,77000,44000,77000,44000,1
44,78,3254,R0C0,BY087,78000,-44000,78000,44000,78000,44000,1
44,79,3255,R0C0,BY088,79000,-44000,79000,44000,79000,44000,1
44,80,3256,R0C0,BY089,80000,-44000,80000,44000,80000,44000,1
44,81,3257,R0C0,BY091,81000,-44000,81000,44000,81000,44000,1
44,82,3258,R0C0,BY092,82000,-44000,82000,44000,82000,44000,1
44,83,3259,R0C0,BY093,83000,-44000,83000,44000,83000,44000,1
44,84,3260,R0C0,BY094,84000,-44000,84000,44000,84000,44000,1
44,85,3261,R0C0,BY095,85000,-44000,85000,44000,85000,44000,1
44,86,3262,R0C0,BY096,86000,-44000,86000,44000,86000,44000,1
44,87,3263,R0C0,BY097,87000,-44000,87000,44000,87000,44000,1
44,88,3264,R0C0,BY098,88000,-44000,88000,44000,88000,44000,1
44,89,3265,R0C0,BY099,89000,-44000,89000,44000,89000,44000,1
44,90,3266,R0C0,BY101,90000,-44000,90000,44000,90000,44000,1
44,91,3267,R0C0,BY102,91000,-44000,91000,44000,91000,44000,1
44,92,3268,R0C0,BY103,92000,-44000,92000,44000,92000,44000,1
44,93,3269,R0C0,BY104,93000,-44000,93000,44000,93000,44000,1
44,94,3270,R0C0,BY105,94000,-44000,94000,44000,94000,44000,1
44,95,3271,R0C0,BY106,95000,-44000,95000,44000,95000,44000,1
44,96,3272,R0C0,BY107,96000,-44000,96000,44000,96000,44000,1
44,97,3273,R0C0,BY108,97000,-44000,97000,44000,97000,44000,1
44,98,3274,R0C0,BY109,98000,-44000,98000,44000,98000,44000,1
44,99,3275,R0C0,BY111,99000,-44000,99000,44000,99000,44000,1
45,0,3276,R0C0,BZ001,0,-45000,0,45000,0,45000,1
45,1,3277,R0C0,BZ002,1000,-45000,1000,45000,1000,45000,1
45,2,3278,R0C0,BZ003,2000,-45000,2000,45000,2000,45000,1
45,3,3279,R0C0,BZ004,3000,-45000,3000,45000,3000,45000,1
45,4,3280,R0C0,BZ005,4000,-45000,4000,45000,4000,45000,1
45,5,3281,R0C0,BZ006,5000,-45000,5000,45000,5000,45000,1
45,6,3282,R0C0,BZ007,6000,-45000,6000,45000,6000,45000,1
45,7,3283,R0C0,BZ008,7000,-45000,7000,45000,7000,45000,1
45,8,3284,R0C0,BZ009,8000,-45000,8000,45000,8000,45000,1
45,9,3285,R0C0,BZ011,9000,-45000,9000,45000,9000,45000,1
45,10,3286,R0C0,BZ012,10000,-45000,10000,45000,10000,45000,1
45,11,3287,R0C0,BZ013,11000,-45000,11000,45000,11000,45000,1
45,12,3288,R0C0,BZ014,12000,-45000,12000,45000,12000,45000,1
45,13,3289,R0C0,BZ015,13000,-45000,13000,45000,13000,45000,1
45,14,3290,R0C0,BZ016,14000,-45000,14000,45000,14000,45000,1
45,15,3291,R0C0,BZ017,15000,-45000,15000,45000,15000,45000,1
45,16,3292,R0C0,BZ018,16000,-45000,16000,45000,16000,45000,1
45,17,3293,R0C0,BZ019,17000,-45000,17000,45000,17000,45000,1
45,18,3294,R0C0,BZ021,18000,-45000,18000,45000,18000,45000,1
45,19,3295,R0C0,BZ022,19000,-45000,19000,45000,19000,45000,1
45,20,3296,R0C0,BZ023,20000,-45000,20000,45000,20000,45000,1
45,21,3297,R0C0,BZ024,21000,-45000,21000,45000,21000,45000,1
45,22,3298,R0C0,BZ025,22000,-45000,22000,45000,22000,45000,1
45,23,3299,R0C0,BZ026,23000,-45000,23000,45000,23000,45000,1
45,24,3300,R0C0,BZ027,24000,-45000,24000,45000,24000,45000,1
45,25,3301,R0C0,BZ028,25000,-45000,25000,45000,25000,45000,1
45,26,3302,R0C0,BZ029,26000,-45000,26000,45000,26000,45000,1
45,27,3303,R0C0,BZ031,27000,-45000,27000,45000,27000,45000,1
45,28,3304,R0C0,BZ032,28000,-45000,28000,45000,28000,45000,1
45,29,3305,R0C0,BZ033,29000,-45000,29000,45000,29000,45000,1
45,30,3306,R0C0,BZ034,30000,-45000,30000,45000,30000,45000,1
45,31,3307,R0C0,BZ035,31000,-45000,31000,45000,31000,45000,1
45,32,3308,R0C0,BZ036,32000,-45000,32000,45000,32000,45000,1
45,33,3309,R0C0,BZ037,33000,-45000,33000,45000,33000,45000,1
45,34,3310,R0C0,BZ038,34000,-45000,34000,45000,34000,45000,1
45,35,3311,R0C0,BZ039,35000,-45000,35000,45000,35000,45000,1
45,36,3312,R0C0,BZ041,36000,-45000,36000,45000,36000,45000,1
45,37,3313,R0C0,BZ042,37000,-45000,37000,45000,37000,45000,1
45,38,3314,R0C0,BZ043,38000,-45000,38000,45000,38000,45000,1
45,39,3315,R0C0,BZ044,39000,-45000,39000,45000,39000,45000,1
45,40,3316,R0C0,BZ045,40000,-45000,40000,45000,40000,45000,1
45,41,3317,R0C0,BZ046,41000,-45000,41000,45000,41000,45000,1
45,42,3318,R0C0,BZ047,42000,-45000,42000,45000,42000,45000,1
45,43,3319,R0C0,BZ048,43000,-45000,43000,45000,43000,45000,1
45,44,3320,R0C0,BZ049,44000,-45000,44000,45000,44000,45000,1
45,45,3321,R0C0,BZ051,45000,-45000,45000,45000,45000,45000,1
45,46,3322,R0C0,BZ052,46000,-45000,46000,45000,46000,45000,1
45,47,3323,R0C0,BZ053,47000,-45000,47000,45000,47000,45000,1
45,48,3324,R0C0,BZ054,48000,-45000,48000,45000,48000,45000,1
45,49,3325,R0C0,BZ055,49000,-45000,49000,45000,49000,45000,1
45,50,3326,R0C0,BZ056,50000,-45000,50000,45000,50000,45000,1
45,51,3327,R0C0,BZ057,51000,-45000,51000,45000,51000,45000,1
45,52,3328,R0C0,BZ058,52000,-45000,52000,45000,52000,45000,1
45,53,3329,R0C0,BZ059,53000,-45000,53000,45000,53000,45000,1
45,54,3330,R0C0,BZ061,54000,-45000,54000,45000,54000,45000,1
45,55,3331,R0C0,BZ062,55000,-45000,55000,45000,55000,45000,1
45,56,3332,R0C0,BZ063,56000,-45000,56000,45000,56000,45000,1
45,57,3333,R0C0,BZ064,57000,-45000,57000,45000,57000,45000,1
45,58,3334,R0C0,BZ065,58000,-45000,58000,45000,58000,45000,1
45,59,3335,R0C0,BZ066,59000,-45000,59000,45000,59000,45000,1
45,60,3336,R0C0,BZ067,60000,-45000,60000,45000,60000,45000,1
45,61,3337,R0C0,BZ068,61000,-45000,61000,45000,61000,45000,1
45,62,3338,R0C0,BZ069,62000,-45000,62000,45000,62000,45000,1
45,63,3339,R0C0,BZ071,63000,-45000,63000,45000,63000,45000,1
45,64,3340,R0C0,BZ072,64000,-45000,64000,45000,64000,45000,1
45,65,3341,R0C0,BZ073,65000,-45000,65000,45000,65000,45000,1
45,66,3342,R0C0,BZ074,66000,-45000,66000,45000,66000,45000,1
45,67,3343,R0C0,BZ075,67000,-45000,67000,45000,67000,45000,1
45,68,3344,R0C0,BZ076,68000,-45000,68000,45000,68000,45000,1
45,69,3345,R0C0,BZ077,69000,-45000,69000,45000,69000,45000,1
45,70,3346,R0C0,BZ078,70000,-45000,70000,45000,70000,45000,1
45,71,3347,R0C0,BZ079,71000,-45000,71000,45000,71000,45000,1
45,72,3348,R0C0,BZ081,72000,-45000,72000,45000,72000,45000,1
45,73,3349,R0C0,BZ082,73000,-45000,73000,45000,73000,45000,1
45,74,3350,R0C0,BZ083,74000,-45000,74000,45000,74000,45000,1
45,75,3351,R0C0,BZ084,75000,-45000,75000,45000,75000,45000,1
45,76,3352,R0C0,BZ085,76000,-45000,76000,45000,76000,45000,1
45,77,3353,R0C0,BZ086,77000,-45000,77000,45000,77000,45000,1
45,78,3354,R0C0,BZ087,78000,-45000,78000,45000,78000,45000,1
45,79,3355,R0C0,BZ088,79000,-45000,79000,45000,79000,45000,1
45,80,3356,R0C0,BZ089,80000,-45000,80000,45000,80000,45000,1
45,81,3357,R0C0,BZ091,81000,-45000,81000,45000,81000,45000,1
45,82,3358,R0C0,BZ092,82000,-45000,82000,45000,82000,45000,1
45,83,3359,R0C0,BZ093,83000,-45000,83000,45000,83000,45000,1
45,84,3360,R0C0,BZ094,84000,-45000,84000,45000,84000,45000,1
45,85,3361,R0C0,BZ095,85000,-45000,85000,45000,85000,45000,1
45,86,3362,R0C0,BZ096,86000,-45000,86000,45000,86000,45000,1
45,87,3363,R0C0,BZ097,87000,-45000,87000,45000,87000,45000,1
45,88,3364,R0C0,BZ098,88000,-45000,88000,45000,88000,45000,1
45,89,3365,R0C0,BZ099,89000,-45000,89000,45000,89000,45000,1
45,90,3366,R0C0,BZ101,90000,-45000,90000,45000,90000,45000,1
45,91,3367,R0C0,BZ102,91000,-45000,91000,45000,91000,45000,1
45,92,3368,R0C0,BZ103,92000,-45000,92000,45000,92000,45000,1
45,93,3369,R0C0,BZ104,93000,-45000,93000,45000,93000,45000,1
45,94,3370,R0C0,BZ105,94000,-45000,94000,45000,94000,45000,1
45,95,3371,R0C0,BZ106,95000,-45000,95000,45000,95000,45000,1
45,96,3372,R0C0,BZ107,96000,-45000,96000,45000,96000,45000,1
45,97,3373,R0C0,BZ108,97000,-45000,97000,45000,97000,45000,1
45,98,3374,R0C0,BZ109,98000,-45000,98000,45000,98000,45000,1
45,99,3375,R0C0,BZ111,99000,-45000,99000,45000,99000,45000,1
45,100,3376,R0C0,BZ112,100000,-45000,100000,45000,100000,45000,1
45,101,3377,R0C0,BZ113,101000,-45000,101000,45000,101000,45000,1
45,102,3378,R0C0,BZ114,102000,-45000,102000,45000,102000,45000,1
45,103,3379,R0C0,BZ115,103000,-45000,103000,45000,103000,45000,1
45,104,3380,R0C0,BZ116,104000,-45000,104000,45000,104000,45000,1
46,0,3381,R0C0,CA001,0,-46000,0,46000,0,46000,1
46,1,3382,R0C0,CA002,1000,-46000,1000,46000,1000,46000,1
46,2,3383,R0C0,CA003,2000,-46000,2000,46000,2000,46000,1
46,3,3384,R0C0,CA004,3000,-46000,3000,46000,3000,46000,1
46,4,3385,R0C0,CA005,4000,-46000,4000,46000,4000,46000,1
46,5,3386,R0C0,CA006,5000,-46000,5000,46000,5000,46000,1
46,6,3387,R0C0,CA007,6000,-46000,6000,46000,6000,46000,1
46,7,3388,R0C0,CA008,7000,-46000,7000,46000,7000,46000,1
46,8,3389,R0C0,CA009,8000,-46000,8000,46000,8000,46000,1
46,9,3390,R0C0,CA011,9000,-46000,9000,46000,9000,46000,1
46,10,3391,R0C0,CA012,10000,-46000,10000,46000,10000,46000,1
46,11,3392,R0C0,CA013,11000,-46000,11000,46000,11000,46000,1
46,12,3393,R0C0,CA014,12000,-46000,12000,46000,12000,46000,1
46,13,3394,R0C0,CA015,13000,-46000,13000,46000,13000,46000,1
46,14,3395,R0C0,CA016,14000,-46000,14000,46000,14000,46000,1
46,15,3396,R0C0,CA017,15000,-46000,15000,46000,15000,46000,1
46,16,3397,R0C0,CA018,16000,-46000,16000,46000,16000,46000,1
46,17,3398,R0C0,CA019,17000,-46000,17000,46000,17000,46000,1
46,18,3399,R0C0,CA021,18000,-46000,18000,46000,18000,46000,1
46,19,3400,R0C0,CA022,19000,-46000,19000,46000,19000,46000,1
46,20,3401,R0C0,CA023,20000,-46000,20000,46000,20000,46000,1
46,21,3402,R0C0,CA024,21000,-46000,21000,46000,21000,46000,1
46,22,3403,R0C0,CA025,22000,-46000,22000,46000,22000,46000,1
46,23,3404,R0C0,CA026,23000,-46000,23000,46000,23000,46000,1
46,24,3405,R0C0,CA027,24000,-46000,24000,46000,24000,46000,1
46,25,3406,R0C0,CA028,25000,-46000,25000,46000,25000,46000,1
46,26,3407,R0C0,CA029,26000,-46000,26000,46000,26000,46000,1
46,27,3408,R0C0,CA031,27000,-46000,27000,46000,27000,46000,1
46,28,3409,R0C0,CA032,28000,-46000,28000,46000,28000,46000,1
46,29,3410,R0C0,CA033,29000,-46000,29000,46000,29000,46000,1
46,30,3411,R0C0,CA034,30000,-46000,30000,46000,30000,46000,1
46,31,3412,R0C0,CA035,31000,-46000,31000,46000,31000,46000,1
46,32,3413,R0C0,CA036,32000,-46000,32000,46000,32000,46000,1
46,33,3414,R0C0,CA037,33000,-46000,33000,46000,33000,46000,1
46,34,3415,R0C0,CA038,34000,-46000,34000,46000,34000,46000,1
46,35,3416,R0C0,CA039,35000,-46000,35000,46000,35000,46000,1
46,36,3417,R0C0,CA041,36000,-46000,36000,46000,36000,46000,1
46,37,3418,R0C0,CA042,37000,-46000,37000,46000,37000,46000,1
46,38,3419,R0C0,CA043,38000,-46000,38000,46000,38000,46000,1
46,39,3420,R0C0,CA044,39000,-46000,39000,46000,39000,46000,1
46,40,3421,R0C0,CA045,40000,-46000,40000,46000,40000,46000,1
46,41,3422,R0C0,CA046,41000,-46000,41000,46000,41000,46000,1
46,42,3423,R0C0,CA047,42000,-46000,42000,46000,42000,46000,1
46,43,3424,R0C0,CA048,43000,-46000,43000,46000,43000,46000,1
46,44,3425,R0C0,CA049,44000,-46000,44000,46000,44000,46000,1
46,45,3426,R0C0,CA051,45000,-46000,45000,46000,45000,46000,1
46,46,3427,R0C0,CA052,46000,-46000,46000,46000,46000,46000,1
46,47,3428,R0C0,CA053,47000,-46000,47000,46000,47000,46000,1
46,48,3429,R0C0,CA054,48000,-46000,48000,46000,48000,46000,1
46,49,3430,R0C0,CA055,49000,-46000,49000,46000,49000,46000,1
46,50,3431,R0C0,CA056,50000,-46000,50000,46000,50000,46000,1
46,51,3432,R0C0,CA057,51000,-46000,51000,46000,51000,46000,1
46,52,3433,R0C0,CA058,52000,-46000,52000,46000,52000,46000,1
46,53,3434,R0C0,CA059,53000,-46000,53000,46000,53000,46000,1
46,54,3435,R0C0,CA061,54000,-46000,54000,46000,54000,46000,1
46,55,3436,R0C0,CA062,55000,-46000,55000,46000,55000,46000,1
46,56,3437,R0C0,CA063,56000,-46000,56000,46000,56000,46000,1
46,57,3438,R0C0,CA064,57000,-46000,57000,46000,57000,46000,1
46,58,3439,R0C0,CA065,58000,-46000,58000,46000,58000,46000,1
46,59,3440,R0C0,CA066,59000,-46000,59000,46000,59000,46000,1
46,60,3441,R0C0,CA067,60000,-46000,60000,46000,60000,46000,1
46,61,3442,R0C0,CA068,61000,-46000,61000,46000,61000,46000,1
46,62,3443,R0C0,CA069,62000,-46000,62000,46000,62000,46000,1
46,63,3444,R0C0,CA071,63000,-46000,63000,46000,63000,46000,1
46,64,3445,R0C0,CA072,64000,-46000,64000,46000,64000,46000,1
46,65,3446,R0C0,CA073,65000,-46000,65000,46000,65000,46000,1
46,66,3447,R0C0,CA074,66000,-46000,66000,46000,66000,46000,1
46,67,3448,R0C0,CA075,67000,-46000,67000,46000,67000,46000,1
46,68,3449,R0C0,CA076,68000,-46000,68000,46000,68000,46000,1
46,69,3450,R0C0,CA077,69000,-46000,69000,46000,69000,46000,1
46,70,3451,R0C0,CA078,70000,-46000,70000,46000,70000,46000,1
46,71,3452,R0C0,CA079,71000,-46000,71000,46000,71000,46000,1
46,72,3453,R0C0,CA081,72000,-46000,72000,46000,72000,46000,1
46,73,3454,R0C0,CA082,73000,-46000,73000,46000,73000,46000,1
46,74,3455,R0C0,CA083,74000,-46000,74000,46000,74000,46000,1
46,75,3456,R0C0,CA084,75000,-46000,75000,46000,75000,46000,1
46,76,3457,R0C0,CA085,76000,-46000,76000,46000,76000,46000,1
46,77,3458,R0C0,CA086,77000,-46000,77000,46000,77000,46000,1
46,78,3459,R0C0,CA087,78000,-46000,78000,46000,78000,46000,1
46,79,3460,R0C0,CA088,79000,-46000,79000,46000,79000,46000,1
46,80,3461,R0C0,CA089,80000,-46000,80000,46000,80000,46000,1
46,81,3462,R0C0,CA091,81000,-46000,81000,46000,81000,46000,1
46,82,3463,R0C0,CA092,82000,-46000,82000,46000,82000,46000,1
46,83,3464,R0C0,CA093,83000,-46000,83000,46000,83000,46000,1
46,84,3465,R0C0,CA094,84000,-46000,84000,46000,84000,46000,1
46,85,3466,R0C0,CA095,85000,-46000,85000,46000,85000,46000,1
46,86,3467,R0C0,CA096,86000,-46000,86000,46000,86000,46000,1
46,87,3468,R0C0,CA097,87000,-46000,87000,46000,87000,46000,1
46,88,3469,R0C0,CA098,88000,-46000,88000,46000,88000,46000,1
46,89,3470,R0C0,CA099,89000,-46000,89000,46000,89000,46000,1
46,90,3471,R0C0,CA101,90000,-46000,90000,46000,90000,46000,1
46,91,3472,R0C0,CA102,91000,-46000,91000,46000,91000,46000,1
46,92,3473,R0C0,CA103,92000,-46000,92000,46000,92000,46000,1
46,93,3474,R0C0,CA104,93000,-46000,93000,46000,93000,46000,1
46,94,3475,R0C0,CA105,94000,-46000,94000,46000,94000,46000,1
46,95,3476,R0C0,CA106,95000,-46000,95000,46000,95000,46000,1
46,96,3477,R0C0,CA107,96000,-46000,96000,46000,96000,46000,1
46,97,3478,R0C0,CA108,97000,-46000,97000,46000,97000,46000,1
46,98,3479,R0C0,CA109,98000,-46000,98000,46000,98000,46000,1
46,99,3480,R0C0,CA111,99000,-46000,99000,46000,99000,46000,1
46,100,3481,R0C0,CA112,100000,-46000,100000,46000,100000,46000,1
46,101,3482,R0C0,CA113,101000,-46000,101000,46000,101000,46000,1
46,102,3483,R0C0,CA114,102000,-46000,102000,46000,102000,46000,1
46,103,3484,R0C0,CA115,103000,-46000,103000,46000,103000,46000,1
46,104,3485,R0C0,CA116,104000,-46000,104000,46000,104000,46000,1
47,0,3486,R0C0,CB001,0,-47000,0,47000,0,47000,1
47,1,3487,R0C0,CB002,1000,-47000,1000,47000,1000,47000,1
47,2,3488,R0C0,CB003,2000,-47000,2000,47000,2000,47000,1
47,3,3489,R0C0,CB004,3000,-47000,3000,47000,3000,47000,1
47,4,3490,R0C0,CB005,4000,-47000,4000,47000,4000,47000,1
47,5,3491,R0C0,CB006,5000,-47000,5000,47000,5000,47000,1
47,6,3492,R0C0,CB007,6000,-47000,6000,47000,6000,47000,1
47,7,3493,R0C0,CB008,7000,-47000,7000,47000,7000,47000,1
47,8,3494,R0C0,CB009,8000,-47000,8000,47000,8000,47000,1
47,9,3495,R0C0,CB011,9000,-47000,9000,47000,9000,47000,1
47,10,3496,R0C0,CB012,10000,-47000,10000,47000,10000,47000,1
47,11,3497,R0C0,CB013,11000,-47000,11000,47000,11000,47000,1
47,12,3498,R0C0,CB014,12000,-47000,12000,47000,12000,47000,1
47,13,3499,R0C0,CB015,13000,-47000,13000,47000,13000,47000,1
47,14,3500,R0C0,CB016,14000,-47000,14000,47000,14000,47000,1
47,15,3501,R0C0,CB017,15000,-47000,15000,47000,15000,47000,1
47,16,3502,R0C0,CB018,16000,-47000,16000,47000,16000,47000,1
47,17,3503,R0C0,CB019,17000,-47000,17000,47000,17000,47000,1
47,18,3504,R0C0,CB021,18000,-47000,18000,47000,18000,47000,1
47,19,3505,R0C0,CB022,19000,-47000,19000,47000,19000,47000,1
47,20,3506,R0C0,CB023,20000,-47000,20000,47000,20000,47000,1
47,21,3507,R0C0,CB024,21000,-47000,21000,47000,21000,47000,1
47,22,3508,R0C0,CB025,22000,-47000,22000,47000,22000,47000,1
47,23,3509,R0C0,CB026,23000,-47000,23000,47000,23000,47000,1
47,24,3510,R0C0,CB027,24000,-47000,24000,47000,24000,47000,1
47,25,3511,R0C0,CB028,25000,-47000,25000,47000,25000,47000,1
47,26,3512,R0C0,CB029,26000,-47000,26000,47000,26000,47000,1
47,27,3513,R0C0,CB031,27000,-47000,27000,47000,27000,47000,1
47,28,3514,R0C0,CB032,28000,-47000,28000,47000,28000,47000,1
47,29,3515,R0C0,CB033,29000,-47000,29000,47000,29000,47000,1
47,30,3516,R0C0,CB034,30000,-47000,30000,47000,30000,47000,1
47,31,3517,R0C0,CB035,31000,-47000,31000,47000,31000,47000,1
47,32,3518,R0C0,CB036,32000,-47000,32000,47000,32000,47000,1
47,33,3519,R0C0,CB037,33000,-47000,33000,47000,33000,47000,1
47,34,3520,R0C0,CB038,34000,-47000,34000,47000,34000,47000,1
47,35,3521,R0C0,CB039,35000,-47000,35000,47000,35000,47000,1
47,36,3522,R0C0,CB041,36000,-47000,36000,47000,36000,47000,1
47,37,3523,R0C0,CB042,37000,-47000,37000,47000,37000,47000,1
47,38,3524,R0C0,CB043,38000,-47000,38000,47000,38000,47000,1
47,39,3525,R0C0,CB044,39000,-47000,39000,47000,39000,47000,1
47,40,3526,R0C0,CB045,40000,-47000,40000,47000,40000,47000,1
47,41,3527,R0C0,CB046,41000,-47000,41000,47000,41000,47000,1
47,42,3528,R0C0,CB047,42000,-47000,42000,47000,42000,47000,1
47,43,3529,R0C0,CB048,43000,-47000,43000,47000,43000,47000,1
47,44,3530,R0C0,CB049,44000,-47000,44000,47000,44000,47000,1
47,45,3531,R0C0,CB051,45000,-47000,45000,47000,45000,47000,1
47,46,3532,R0C0,CB052,46000,-47000,46000,47000,46000,47000,1
47,47,3533,R0C0,CB053,47000,-47000,47000,47000,47000,47000,1
47,48,3534,R0C0,CB054,48000,-47000,48000,47000,48000,47000,1
47,49,3535,R0C0,CB055,49000,-47000,49000,47000,49000,47000,1
47,50,3536,R0C0,CB056,50000,-47000,50000,47000,50000,47000,1
47,51,3537,R0C0,CB057,51000,-47000,51000,47000,51000,47000,1
47,52,3538,R0C0,CB058,52000,-47000,52000,47000,52000,47000,1
47,53,3539,R0C0,CB059,53000,-47000,53000,47000,53000,47000,1
47,54,3540,R0C0,CB061,54000,-47000,54000,47000,54000,47000,1
47,55,3541,R0C0,CB062,55000,-47000,55000,47000,55000,47000,1
47,56,3542,R0C0,CB063,56000,-47000,56000,47000,56000,47000,1
47,57,3543,R0C0,CB064,57000,-47000,57000,47000,57000,47000,1
47,58,3544,R0C0,CB065,58000,-47000,58000,47000,58000,47000,1
47,59,3545,R0C0,CB066,59000,-47000,59000,47000,59000,47000,1
47,60,3546,R0C0,CB067,60000,-47000,60000,47000,60000,47000,1
47,61,3547,R0C0,CB068,61000,-47000,61000,47000,61000,47000,1
47,62,3548,R0C0,CB069,62000,-47000,62000,47000,62000,47000,1
47,63,3549,R0C0,CB071,63000,-47000,63000,47000,63000,47000,1
47,64,3550,R0C0,CB072,64000,-47000,64000,47000,64000,47000,1
47,65,3551,R0C0,CB073,65000,-47000,65000,47000,65000,47000,1
47,66,3552,R0C0,CB074,66000,-47000,66000,47000,66000,47000,1
47,67,3553,R0C0,CB075,67000,-47000,67000,47000,67000,47000,1
47,68,3554,R0C0,CB076,68000,-47000,68000,47000,68000,47000,1
47,69,3555,R0C0,CB077,69000,-47000,69000,47000,69000,47000,1
47,70,3556,R0C0,CB078,70000,-47000,70000,47000,70000,47000,1
47,71,3557,R0C0,CB079,71000,-47000,71000,47000,71000,47000,1
47,72,3558,R0C0,CB081,72000,-47000,72000,47000,72000,47000,1
47,73,3559,R0C0,CB082,73000,-47000,73000,47000,73000,47000,1
47,74,3560,R0C0,CB083,74000,-47000,74000,47000,74000,47000,1
47,75,3561,R0C0,CB084,75000,-47000,75000,47000,75000,47000,1
47,76,3562,R0C0,CB085,76000,-47000,76000,47000,76000,47000,1
47,77,3563,R0C0,CB086,77000,-47000,77000,47000,77000,47000,1
47,78,3564,R0C0,CB087,78000,-47000,78000,47000,78000,47000,1
47,79,3565,R0C0,CB088,79000,-47000,79000,47000,79000,47000,1
47,80,3566,R0C0,CB089,80000,-47000,80000,47000,80000,47000,1
47,81,3567,R0C0,CB091,81000,-47000,81000,47000,81000,47000,1
47,82,3568,R0C0,CB092,82000,-47000,82000,47000,82000,47000,1
47,83,3569,R0C0,CB093,83000,-47000,83000,47000,83000,47000,1
47,84,3570,R0C0,CB094,84000,-47000,84000,47000,84000,47000,1
47,85,3571,R0C0,CB095,85000,-47000,85000,47000,85000,47000,1
47,86,3572,R0C0,CB096,86000,-47000,86000,47000,86000,47000,1
47,87,3573,R0C0,CB097,87000,-47000,87000,47000,87000,47000,1
47,88,3574,R0C0,CB098,88000,-47000,88000,47000,88000,47000,1
47,89,3575,R0C0,CB099,89000,-47000,89000,47000,89000,47000,1
47,90,3576,R0C0,CB101,90000,-47000,90000,47000,90000,47000,1
47,91,3577,R0C0,CB102,91000,-47000,91000,47000,91000,47000,1
47,92,3578,R0C0,CB103,92000,-47000,92000,47000,92000,47000,1
47,93,3579,R0C0,CB104,93000,-47000,93000,47000,93000,47000,1
47,94,3580,R0C0,CB105,94000,-47000,94000,47000,94000,47000,1
47,95,3581,R0C0,CB106,95000,-47000,95000,47000,95000,47000,1
47,96,3582,R0C0,CB107,96000,-47000,96000,47000,96000,47000,1
47,97,3583,R0C0,CB108,97000,-47000,97000,47000,97000,47000,1
47,98,3584,R0C0,CB109,98000,-47000,98000,47000,98000,47000,1
47,99,3585,R0C0,CB111,99000,-47000,99000,47000,99000,47000,1
47,100,3586,R0C0,CB112,100000,-47000,100000,47000,100000,47000,1
47,101,3587,R0C0,CB113,101000,-47000,101000,47000,101000,47000,1
47,102,3588,R0C0,CB114,102000,-47000,102000,47000,102000,47000,1
47,103,3589,R0C0,CB115,103000,-47000,103000,47000,103000,47000,1
47,104,3590,R0C0,CB116,104000,-47000,104000,47000,104000,47000,1
48,0,3591,R0C0,CC001,0,-48000,0,48000,0,48000,1
48,1,3592,R0C0,CC002,1000,-48000,1000,48000,1000,48000,1
48,2,3593,R0C0,CC003,2000,-48000,2000,48000,2000,48000,1
48,3,3594,R0C0,CC004,3000,-48000,3000,48000,3000,48000,1
48,4,3595,R0C0,CC005,4000,-48000,4000,48000,4000,48000,1
48,5,3596,R0C0,CC006,5000,-48000,5000,48000,5000,48000,1
48,6,3597,R0C0,CC007,6000,-48000,6000,48000,6000,48000,1
48,7,3598,R0C0,CC008,7000,-48000,7000,48000,7000,48000,1
48,8,3599,R0C0,CC009,8000,-48000,8000,48000,8000,48000,1
48,9,3600,R0C0,CC011,9000,-48000,9000,48000,9000,48000,1
48,10,3601,R0C0,CC012,10000,-48000,10000,48000,10000,48000,1
48,11,3602,R0C0,CC013,11000,-48000,11000,48000,11000,48000,1
48,12,3603,R0C0,CC014,12000,-48000,12000,48000,12000,48000,1
48,13,3604,R0C0,CC015,13000,-48000,13000,48000,13000,48000,1
48,14,3605,R0C0,CC016,14000,-48000,14000,48000,14000,48000,1
48,15,3606,R0C0,CC017,15000,-48000,15000,48000,15000,48000,1
48,16,3607,R0C0,CC018,16000,-48000,16000,48000,16000,48000,1
48,17,3608,R0C0,CC019,17000,-48000,17000,48000,17000,48000,1
48,18,3609,R0C0,CC021,18000,-48000,18000,48000,18000,48000,1
48,19,3610,R0C0,CC022,19000,-48000,19000,48000,19000,48000,1
48,20,3611,R0C0,CC023,20000,-48000,20000,48000,20000,48000,1
48,21,3612,R0C0,CC024,21000,-48000,21000,48000,21000,48000,1
48,22,3613,R0C0,CC025,22000,-48000,22000,48000,22000,48000,1
48,23,3614,R0C0,CC026,23000,-48000,23000,48000,23000,48000,1
48,24,3615,R0C0,CC027,24000,-48000,24000,48000,24000,48000,1
48,25,3616,R0C0,CC028,25000,-48000,25000,48000,25000,48000,1
48,26,3617,R0C0,CC029,26000,-48000,26000,48000,26000,48000,1
48,27,3618,R0C0,CC031,27000,-48000,27000,48000,27000,48000,1
48,28,3619,R0C0,CC032,28000,-48000,28000,48000,28000,48000,1
48,29,3620,R0C0,CC033,29000,-48000,29000,48000,29000,48000,1
48,30,3621,R0C0,CC034,30000,-48000,30000,48000,30000,48000,1
48,31,3622,R0C0,CC035,31000,-48000,31000,48000,31000,48000,1
48,32,3623,R0C0,CC036,32000,-48000,32000,48000,32000,48000,1
48,33,3624,R0C0,CC037,33000,-48000,33000,48000,33000,48000,1
48,34,3625,R0C0,CC038,34000,-48000,34000,48000,34000,48000,1
48,35,3626,R0C0,CC039,35000,-48000,35000,48000,35000,48000,1
48,36,3627,R0C0,CC041,36000,-48000,36000,48000,36000,48000,1
48,37,3628,R0C0,CC042,37000,-48000,37000,48000,37000,48000,1
48,38,3629,R0C0,CC043,38000,-48000,38000,48000,38000,48000,1
48,39,3630,R0C0,CC044,39000,-48000,39000,48000,39000,48000,1
48,40,3631,R0C0,CC045,40000,-48000,40000,48000,40000,48000,1
48,41,3632,R0C0,CC046,41000,-48000,41000,48000,41000,48000,1
48,42,3633,R0C0,CC047,42000,-48000,42000,48000,42000,48000,1
48,43,3634,R0C0,CC048,43000,-48000,43000,48000,43000,48000,1
48,44,3635,R0C0,CC049,44000,-48000,44000,48000,44000,48000,1
48,45,3636,R0C0,CC051,45000,-48000,45000,48000,45000,48000,1
48,46,3637,R0C0,CC052,46000,-48000,46000,48000,46000,48000,1
48,47,3638,R0C0,CC053,47000,-48000,47000,48000,47000,48000,1
48,48,3639,R0C0,CC054,48000,-48000,48000,48000,48000,48000,1
48,49,3640,R0C0,CC055,49000,-48000,49000,48000,49000,48000,1
48,50,3641,R0C0,CC056,50000,-48000,50000,48000,50000,48000,1
48,51,3642,R0C0,CC057,51000,-48000,51000,48000,51000,48000,1
48,52,3643,R0C0,CC058,52000,-48000,52000,48000,52000,48000,1
48,53,3644,R0C0,CC059,53000,-48000,53000,48000,53000,48000,1
48,54,3645,R0C0,CC061,54000,-48000,54000,48000,54000,48000,1
48,55,3646,R0C0,CC062,55000,-48000,55000,48000,55000,48000,1
48,56,3647,R0C0,CC063,56000,-48000,56000,48000,56000,48000,1
48,57,3648,R0C0,CC064,57000,-48000,57000,48000,57000,48000,1
48,58,3649,R0C0,CC065,58000,-48000,58000,48000,58000,48000,1
48,59,3650,R0C0,CC066,59000,-48000,59000,48000,59000,48000,1
48,60,3651,R0C0,CC067,60000,-48000,60000,48000,60000,48000,1
48,61,3652,R0C0,CC068,61000,-48000,61000,48000,61000,48000,1
48,62,3653,R0C0,CC069,62000,-48000,62000,48000,62000,48000,1
48,63,3654,R0C0,CC071,63000,-48000,63000,48000,63000,48000,1
48,64,3655,R0C0,CC072,64000,-48000,64000,48000,64000,48000,1
48,65,3656,R0C0,CC073,65000,-48000,65000,48000,65000,48000,1
48,66,3657,R0C0,CC074,66000,-48000,66000,48000,66000,48000,1
48,67,3658,R0C0,CC075,67000,-48000,67000,48000,67000,48000,1
48,68,3659,R0C0,CC076,68000,-48000,68000,48000,68000,48000,1
48,69,3660,R0C0,CC077,69000,-48000,69000,48000,69000,48000,1
48,70,3661,R0C0,CC078,70000,-48000,70000,48000,70000,48000,1
48,71,3662,R0C0,CC079,71000,-48000,71000,48000,71000,48000,1
48,72,3663,R0C0,CC081,72000,-48000,72000,48000,72000,48000,1
48,73,3664,R0C0,CC082,73000,-48000,73000,48000,73000,48000,1
48,74,3665,R0C0,CC083,74000,-48000,74000,48000,74000,48000,1
48,75,3666,R0C0,CC084,75000,-48000,75000,48000,75000,48000,1
48,76,3667,R0C0,CC085,76000,-48000,76000,48000,76000,48000,1
48,77,3668,R0C0,CC086,77000,-48000,77000,48000,77000,48000,1
48,78,3669,R0C0,CC087,78000,-48000,78000,48000,78000,48000,1
48,79,3670,R0C0,CC088,79000,-48000,79000,48000,79000,48000,1
48,80,3671,R0C0,CC089,80000,-48000,80000,48000,80000,48000,1
48,81,3672,R0C0,CC091,81000,-48000,81000,48000,81000,48000,1
48,82,3673,R0C0,CC092,82000,-48000,82000,48000,82000,48000,1
48,83,3674,R0C0,CC093,83000,-48000,83000,48000,83000,48000,1
48,84,3675,R0C0,CC094,84000,-48000,84000,48000,84000,48000,1
48,85,3676,R0C0,CC095,85000,-48000,85000,48000,85000,48000,1
48,86,3677,R0C0,CC096,86000,-48000,86000,48000,86000,48000,1
48,87,3678,R0C0,CC097,87000,-48000,87000,48000,87000,48000,1
48,88,3679,R0C0,CC098,88000,-48000,88000,48000,88000,48000,1
48,89,3680,R0C0,CC099,89000,-48000,89000,48000,89000,48000,1
48,90,3681,R0C0,CC101,90000,-48000,90000,48000,90000,48000,1
48,91,3682,R0C0,CC102,91000,-48000,91000,48000,91000,48000,1
48,92,3683,R0C0,CC103,92000,-48000,92000,48000,92000,48000,1
48,93,3684,R0C0,CC104,93000,-48000,93000,48000,93000,48000,1
48,94,3685,R0C0,CC105,94000,-48000,94000,48000,94000,48000,1
48,95,3686,R0C0,CC106,95000,-48000,95000,48000,95000,48000,1
48,96,3687,R0C0,CC107,96000,-48000,96000,48000,96000,48000,1
48,97,3688,R0C0,CC108,97000,-48000,97000,48000,97000,48000,1
48,98,3689,R0C0,CC109,98000,-48000,98000,48000,98000,48000,1
48,99,3690,R0C0,CC111,99000,-48000,99000,48000,99000,48000,1
48,100,3691,R0C0,CC112,100000,-48000,100000,48000,100000,48000,1
48,101,3692,R0C0,CC113,101000,-48000,101000,48000,101000,48000,1
48,102,3693,R0C0,CC114,102000,-48000,102000,48000,102000,48000,1
48,103,3694,R0C0,CC115,103000,-48000,103000,48000,103000,48000,1
48,104,3695,R0C0,CC116,104000,-48000,104000,48000,104000,48000,1
49,0,3696,R0C0,CD001,0,-49000,0,49000,0,49000,1
49,1,3697,R0C0,CD002,1000,-49000,1000,49000,1000,49000,1
49,2,3698,R0C0,CD003,2000,-49000,2000,49000,2000,49000,1
49,3,3699,R0C0,CD004,3000,-49000,3000,49000,3000,49000,1
49,4,3700,R0C0,CD005,4000,-49000,4000,49000,4000,49000,1
49,5,3701,R0C0,CD006,5000,-49000,5000,49000,5000,49000,1
49,6,3702,R0C0,CD007,6000,-49000,6000,49000,6000,49000,1
49,7,3703,R0C0,CD008,7000,-49000,7000,49000,7000,49000,1
49,8,3704,R0C0,CD009,8000,-49000,8000,49000,8000,49000,1
49,9,3705,R0C0,CD011,9000,-49000,9000,49000,9000,49000,1
49,10,3706,R0C0,CD012,10000,-49000,10000,49000,10000,49000,1
49,11,3707,R0C0,CD013,11000,-49000,11000,49000,11000,49000,1
49,12,3708,R0C0,CD014,12000,-49000,12000,49000,12000,49000,1
49,13,3709,R0C0,CD015,13000,-49000,13000,49000,13000,49000,1
49,14,3710,R0C0,CD016,14000,-49000,14000,49000,14000,49000,1
49,15,3711,R0C0,CD017,15000,-49000,15000,49000,15000,49000,1
49,16,3712,R0C0,CD018,16000,-49000,16000,49000,16000,49000,1
49,17,3713,R0C0,CD019,17000,-49000,17000,49000,17000,49000,1
49,18,3714,R0C0,CD021,18000,-49000,18000,49000,18000,49000,1
49,19,3715,R0C0,CD022,19000,-49000,19000,49000,19000,49000,1
49,20,3716,R0C0,CD023,20000,-49000,20000,49000,20000,49000,1
49,21,3717,R0C0,CD024,21000,-49000,21000,49000,21000,49000,1
49,22,3718,R0C0,CD025,22000,-49000,22000,49000,22000,49000,1
49,23,3719,R0C0,CD026,23000,-49000,23000,49000,23000,49000,1
49,24,3720,R0C0,CD027,24000,-49000,24000,49000,24000,49000,1
49,25,3721,R0C0,CD028,25000,-49000,25000,49000,25000,49000,1
49,26,3722,R0C0,CD029,26000,-49000,26000,49000,26000,49000,1
49,27,3723,R0C0,CD031,27000,-49000,27000,49000,27000,49000,1
49,28,3724,R0C0,CD032,28000,-49000,28000,49000,28000,49000,1
49,29,3725,R0C0,CD033,29000,-49000,29000,49000,29000,49000,1
49,30,3726,R0C0,CD034,30000,-49000,30000,49000,30000,49000,1
49,31,3727,R0C0,CD035,31000,-49000,31000,49000,31000,49000,1
49,32,3728,R0C0,CD036,32000,-49000,32000,49000,32000,49000,1
49,33,3729,R0C0,CD037,33000,-49000,33000,49000,33000,49000,1
49,34,3730,R0C0,CD038,34000,-49000,34000,49000,34000,49000,1
49,35,3731,R0C0,CD039,35000,-49000,35000,49000,35000,49000,1
49,36,3732,R0C0,CD041,36000,-49000,36000,49000,36000,49000,1
49,37,3733,R0C0,CD042,37000,-49000,37000,49000,37000,49000,1
49,38,3734,R0C0,CD043,38000,-49000,38000,49000,38000,49000,1
49,39,3735,R0C0,CD044,39000,-49000,39000,49000,39000,49000,1
49,40,3736,R0C0,CD045,40000,-49000,40000,49000,40000,49000,1
49,41,3737,R0C0,CD046,41000,-49000,41000,49000,41000,49000,1
49,42,3738,R0C0,CD047,42000,-49000,42000,49000,42000,49000,1
49,43,3739,R0C0,CD048,43000,-49000,43000,49000,43000,49000,1
49,44,3740,R0C0,CD049,44000,-49000,44000,49000,44000,49000,1
49,45,3741,R0C0,CD051,45000,-49000,45000,49000,45000,49000,1
49,46,3742,R0C0,CD052,46000,-49000,46000,49000,46000,49000,1
49,47,3743,R0C0,CD053,47000,-49000,47000,49000,47000,49000,1
49,48,3744,R0C0,CD054,48000,-49000,48000,49000,48000,49000,1
49,49,3745,R0C0,CD055,49000,-49000,49000,49000,49000,49000,1
49,50,3746,R0C0,CD056,50000,-49000,50000,49000,50000,49000,1
49,51,3747,R0C0,CD057,51000,-49000,51000,49000,51000,49000,1
49,52,3748,R0C0,CD058,52000,-49000,52000,49000,52000,49000,1
49,53,3749,R0C0,CD059,53000,-49000,53000,49000,53000,49000,1
49,54,3750,R0C0,CD061,54000,-49000,54000,49000,54000,49000,1
49,55,3751,R0C0,CD062,55000,-49000,55000,49000,55000,49000,1
49,56,3752,R0C0,CD063,56000,-49000,56000,49000,56000,49000,1
49,57,3753,R0C0,CD064,57000,-49000,57000,49000,57000,49000,1
49,58,3754,R0C0,CD065,58000,-49000,58000,49000,58000,49000,1
49,59,3755,R0C0,CD066,59000,-49000,59000,49000,59000,49000,1
49,60,3756,R0C0,CD067,60000,-49000,60000,49000,60000,49000,1
49,61,3757,R0C0,CD068,61000,-49000,61000,49000,61000,49000,1
49,62,3758,R0C0,CD069,62000,-49000,62000,49000,62000,49000,1
49,63,3759,R0C0,CD071,63000,-49000,63000,49000,63000,49000,1
49,64,3760,R0C0,CD072,64000,-49000,64000,49000,64000,49000,1
49,65,3761,R0C0,CD073,65000,-49000,65000,49000,65000,49000,1
49,66,3762,R0C0,CD074,66000,-49000,66000,49000,66000,49000,1
49,67,3763,R0C0,CD075,67000,-49000,67000,49000,67000,49000,1
49,68,3764,R0C0,CD076,68000,-49000,68000,49000,68000,49000,1
49,69,3765,R0C0,CD077,69000,-49000,69000,49000,69000,49000,1
49,70,3766,R0C0,CD078,70000,-49000,70000,49000,70000,49000,1
49,71,3767,R0C0,CD079,71000,-49000,71000,49000,71000,49000,1
49,72,3768,R0C0,CD081,72000,-49000,72000,49000,72000,49000,1
49,73,3769,R0C0,CD082,73000,-49000,73000,49000,73000,49000,1
49,74,3770,R0C0,CD083,74000,-49000,74000,49000,74000,49000,1
49,75,3771,R0C0,CD084,75000,-49000,75000,49000,75000,49000,1
49,76,3772,R0C0,CD085,76000,-49000,76000,49000,76000,49000,1
49,77,3773,R0C0,CD086,77000,-49000,77000,49000,77000,49000,1
49,78,3774,R0C0,CD087,78000,-49000,78000,49000,78000,49000,1
49,79,3775,R0C0,CD088,79000,-49000,79000,49000,79000,49000,1
49,80,3776,R0C0,CD089,80000,-49000,80000,49000,80000,49000,1
49,81,3777,R0C0,CD091,81000,-49000,81000,49000,81000,49000,1
49,82,3778,R0C0,CD092,82000,-49000,82000,49000,82000,49000,1
49,83,3779,R0C0,CD093,83000,-49000,83000,49000,83000,49000,1
49,84,3780,R0C0,CD094,84000,-49000,84000,49000,84000,49000,1
49,85,3781,R0C0,CD095,85000,-49000,85000,49000,85000,49000,1
49,86,3782,R0C0,CD096,86000,-49000,86000,49000,86000,49000,1
49,87,3783,R0C0,CD097,87000,-49000,87000,49000,87000,49000,1
49,88,3784,R0C0,CD098,88000,-49000,88000,49000,88000,49000,1
49,89,3785,R0C0,CD099,89000,-49000,89000,49000,89000,49000,1
49,90,3786,R0C0,CD101,90000,-49000,90000,49000,90000,49000,1
49,91,3787,R0C0,CD102,91000,-49000,91000,49000,91000,49000,1
49,92,3788,R0C0,CD103,92000,-49000,92000,49000,92000,49000,1
49,93,3789,R0C0,CD104,93000,-49000,93000,49000,93000,49000,1
49,94,3790,R0C0,CD105,94000,-49000,94000,49000,94000,49000,1
49,95,3791,R0C0,CD106,95000,-49000,95000,49000,95000,49000,1
49,96,3792,R0C0,CD107,96000,-49000,96000,49000,96000,49000,1
49,97,3793,R0C0,CD108,97000,-49000,97000,49000,97000,49000,1
49,98,3794,R0C0,CD109,98000,-49000,98000,49000,98000,49000,1
49,99,3795,R0C0,CD111,99000,-49000,99000,49000,99000,49000,1
49,100,3796,R0C0,CD112,100000,-49000,100000,49000,100000,49000,1
49,101,3797,R0C0,CD113,101000,-49000,101000,49000,101000,49000,1
49,102,3798,R0C0,CD114,102000,-49000,102000,49000,102000,49000,1
49,103,3799,R0C0,CD115,103000,-49000,103000,49000,103000,49000,1
49,104,3800,R0C0,CD116,104000,-49000,104000,49000,104000,49000,1
50,0,3801,R0C0,CE001,0,-50000,0,50000,0,50000,1
50,1,3802,R0C0,CE002,1000,-50000,1000,50000,1000,50000,1
50,2,3803,R0C0,CE003,2000,-50000,2000,50000,2000,50000,1
50,3,3804,R0C0,CE004,3000,-50000,3000,50000,3000,50000,1
50,4,3805,R0C0,CE005,4000,-50000,4000,50000,4000,50000,1
50,5,3806,R0C0,CE006,5000,-50000,5000,50000,5000,50000,1
50,6,3807,R0C0,CE007,6000,-50000,6000,50000,6000,50000,1
50,7,3808,R0C0,CE008,7000,-50000,7000,50000,7000,50000,1
50,8,3809,R0C0,CE009,8000,-50000,8000,50000,8000,50000,1
50,9,3810,R0C0,CE011,9000,-50000,9000,50000,9000,50000,1
50,10,3811,R0C0,CE012,10000,-50000,10000,50000,10000,50000,1
50,11,3812,R0C0,CE013,11000,-50000,11000,50000,11000,50000,1
50,12,3813,R0C0,CE014,12000,-50000,12000,50000,12000,50000,1
50,13,3814,R0C0,CE015,13000,-50000,13000,50000,13000,50000,1
50,14,3815,R0C0,CE016,14000,-50000,14000,50000,14000,50000,1
50,15,3816,R0C0,CE017,15000,-50000,15000,50000,15000,50000,1
50,16,3817,R0C0,CE018,16000,-50000,16000,50000,16000,50000,1
50,17,3818,R0C0,CE019,17000,-50000,17000,50000,17000,50000,1
50,18,3819,R0C0,CE021,18000,-50000,18000,50000,18000,50000,1
50,19,3820,R0C0,CE022,19000,-50000,19000,50000,19000,50000,1
50,20,3821,R0C0,CE023,20000,-50000,20000,50000,20000,50000,1
50,21,3822,R0C0,CE024,21000,-50000,21000,50000,21000,50000,1
50,22,3823,R0C0,CE025,22000,-50000,22000,50000,22000,50000,1
50,23,3824,R0C0,CE026,23000,-50000,23000,50000,23000,50000,1
50,24,3825,R0C0,CE027,24000,-50000,24000,50000,24000,50000,1
50,25,3826,R0C0,CE028,25000,-50000,25000,50000,25000,50000,1
50,26,3827,R0C0,CE029,26000,-50000,26000,50000,26000,50000,1
50,27,3828,R0C0,CE031,27000,-50000,27000,50000,27000,50000,1
50,28,3829,R0C0,CE032,28000,-50000,28000,50000,28000,50000,1
50,29,3830,R0C0,CE033,29000,-50000,29000,50000,29000,50000,1
50,30,3831,R0C0,CE034,30000,-50000,30000,50000,30000,50000,1
50,31,3832,R0C0,CE035,31000,-50000,31000,50000,31000,50000,1
50,32,3833,R0C0,CE036,32000,-50000,32000,50000,32000,50000,1
50,33,3834,R0C0,CE037,33000,-50000,33000,50000,33000,50000,1
50,34,3835,R0C0,CE038,34000,-50000,34000,50000,34000,50000,1
50,35,3836,R0C0,CE039,35000,-50000,35000,50000,35000,50000,1
50,36,3837,R0C0,CE041,36000,-50000,36000,50000,36000,50000,1
50,37,3838,R0C0,CE042,37000,-50000,37000,50000,37000,50000,1
50,38,3839,R0C0,CE043,38000,-50000,38000,50000,38000,50000,1
50,39,3840,R0C0,CE044,39000,-50000,39000,50000,39000,50000,1
50,40,3841,R0C0,CE045,40000,-50000,40000,50000,40000,50000,1
50,41,3842,R0C0,CE046,41000,-50000,41000,50000,41000,50000,1
50,42,3843,R0C0,CE047,42000,-50000,42000,50000,42000,50000,1
50,43,3844,R0C0,CE048,43000,-50000,43000,50000,43000,50000,1
50,44,3845,R0C0,CE049,44000,-50000,44000,50000,44000,50000,1
50,45,3846,R0C0,CE051,45000,-50000,45000,50000,45000,50000,1
50,46,3847,R0C0,CE052,46000,-50000,46000,50000,46000,50000,1
50,47,3848,R0C0,CE053,47000,-50000,47000,50000,47000,50000,1
50,48,3849,R0C0,CE054,48000,-50000,48000,50000,48000,50000,1
50,49,3850,R0C0,CE055,49000,-50000,49000,50000,49000,50000,1
50,50,3851,R0C0,CE056,50000,-50000,50000,50000,50000,50000,1
50,51,3852,R0C0,CE057,51000,-50000,51000,50000,51000,50000,1
50,52,3853,R0C0,CE058,52000,-50000,52000,50000,52000,50000,1
50,53,3854,R0C0,CE059,53000,-50000,53000,50000,53000,50000,1
50,54,3855,R0C0,CE061,54000,-50000,54000,50000,54000,50000,1
50,55,3856,R0C0,CE062,55000,-50000,55000,50000,55000,50000,1
50,56,3857,R0C0,CE063,56000,-50000,56000,50000,56000,50000,1
50,57,3858,R0C0,CE064,57000,-50000,57000,50000,57000,50000,1
50,58,3859,R0C0,CE065,58000,-50000,58000,50000,58000,50000,1
50,59,3860,R0C0,CE066,59000,-50000,59000,50000,59000,50000,1
50,60,3861,R0C0,CE067,60000,-50000,60000,50000,60000,50000,1
50,61,3862,R0C0,CE068,61000,-50000,61000,50000,61000,50000,1
50,62,3863,R0C0,CE069,62000,-50000,62000,50000,62000,50000,1
50,63,3864,R0C0,CE071,63000,-50000,63000,50000,63000,50000,1
50,64,3865,R0C0,CE072,64000,-50000,64000,50000,64000,50000,1
50,65,3866,R0C0,CE073,65000,-50000,65000,50000,65000,50000,1
50,66,3867,R0C0,CE074,66000,-50000,66000,50000,66000,50000,1
50,67,3868,R0C0,CE075,67000,-50000,67000,50000,67000,50000,1
50,68,3869,R0C0,CE076,68000,-50000,68000,50000,68000,50000,1
50,69,3870,R0C0,CE077,69000,-50000,69000,50000,69000,50000,1
50,70,3871,R0C0,CE078,70000,-50000,70000,50000,70000,50000,1
50,71,3872,R0C0,CE079,71000,-50000,71000,50000,71000,50000,1
50,72,3873,R0C0,CE081,72000,-50000,72000,50000,72000,50000,1
50,73,3874,R0C0,CE082,73000,-50000,73000,50000,73000,50000,1
50,74,3875,R0C0,CE083,74000,-50000,74000,50000,74000,50000,1
50,75,3876,R0C0,CE084,75000,-50000,75000,50000,75000,50000,1
50,76,3877,R0C0,CE085,76000,-50000,76000,50000,76000,50000,1
50,77,3878,R0C0,CE086,77000,-50000,77000,50000,77000,50000,1
50,78,3879,R0C0,CE087,78000,-50000,78000,50000,78000,50000,1
50,79,3880,R0C0,CE088,79000,-50000,79000,50000,79000,50000,1
50,80,3881,R0C0,CE089,80000,-50000,80000,50000,80000,50000,1
50,81,3882,R0C0,CE091,81000,-50000,81000,50000,81000,50000,1
50,82,3883,R0C0,CE092,82000,-50000,82000,50000,82000,50000,1
50,83,3884,R0C0,CE093,83000,-50000,83000,50000,83000,50000,1
50,84,3885,R0C0,CE094,84000,-50000,84000,50000,84000,50000,1
50,85,3886,R0C0,CE095,85000,-50000,85000,50000,85000,50000,1
50,86,3887,R0C0,CE096,86000,-50000,86000,50000,86000,50000,1
50,87,3888,R0C0,CE097,87000,-50000,87000,50000,87000,50000,1
50,88,3889,R0C0,CE098,88000,-50000,88000,50000,88000,50000,1
50,89,3890,R0C0,CE099,89000,-50000,89000,50000,89000,50000,1
50,90,3891,R0C0,CE101,90000,-50000,90000,50000,90000,50000,1
50,91,3892,R0C0,CE102,91000,-50000,91000,50000,91000,50000,1
50,92,3893,R0C0,CE103,92000,-50000,92000,50000,92000,50000,1
50,93,3894,R0C0,CE104,93000,-50000,93000,50000,93000,50000,1
50,94,3895,R0C0,CE105,94000,-50000,94000,50000,94000,50000,1
50,95,3896,R0C0,CE106,95000,-50000,95000,50000,95000,50000,1
50,96,3897,R0C0,CE107,96000,-50000,96000,50000,96000,50000,1
50,97,3898,R0C0,CE108,97000,-50000,97000,50000,97000,50000,1
50,98,3899,R0C0,CE109,98000,-50000,98000,50000,98000,50000,1
50,99,3900,R0C0,CE111,99000,-50000,99000,50000,99000,50000,1
50,100,3901,R0C0,CE112,100000,-50000,100000,50000,100000,50000,1
50,101,3902,R0C0,CE113,101000,-50000,101000,50000,101000,50000,1
50,102,3903,R0C0,CE114,102000,-50000,102000,50000,102000,50000,1
50,103,3904,R0C0,CE115,103000,-50000,103000,50000,103000,50000,1
50,104,3905,R0C0,CE116,104000,-50000,104000,50000,104000,50000,1
51,0,3906,R0C0,CF001,0,-51000,0,51000,0,51000,1
51,1,3907,R0C0,CF002,1000,-51000,1000,51000,1000,51000,1
51,2,3908,R0C0,CF003,2000,-51000,2000,51000,2000,51000,1
51,3,3909,R0C0,CF004,3000,-51000,3000,51000,3000,51000,1
51,4,3910,R0C0,CF005,4000,-51000,4000,51000,4000,51000,1
51,5,3911,R0C0,CF006,5000,-51000,5000,51000,5000,51000,1
51,6,3912,R0C0,CF007,6000,-51000,6000,51000,6000,51000,1
51,7,3913,R0C0,CF008,7000,-51000,7000,51000,7000,51000,1
51,8,3914,R0C0,CF009,8000,-51000,8000,51000,8000,51000,1
51,9,3915,R0C0,CF011,9000,-51000,9000,51000,9000,51000,1
51,10,3916,R0C0,CF012,10000,-51000,10000,51000,10000,51000,1
51,11,3917,R0C0,CF013,11000,-51000,11000,51000,11000,51000,1
51,12,3918,R0C0,CF014,12000,-51000,12000,51000,12000,51000,1
51,13,3919,R0C0,CF015,13000,-51000,13000,51000,13000,51000,1
51,14,3920,R0C0,CF016,14000,-51000,14000,51000,14000,51000,1
51,15,3921,R0C0,CF017,15000,-51000,15000,51000,15000,51000,1
51,16,3922,R0C0,CF018,16000,-51000,16000,51000,16000,51000,1
51,17,3923,R0C0,CF019,17000,-51000,17000,51000,17000,51000,1
51,18,3924,R0C0,CF021,18000,-51000,18000,51000,18000,51000,1
51,19,3925,R0C0,CF022,19000,-51000,19000,51000,19000,51000,1
51,20,3926,R0C0,CF023,20000,-51000,20000,51000,20000,51000,1
51,21,3927,R0C0,CF024,21000,-51000,21000,51000,21000,51000,1
51,22,3928,R0C0,CF025,22000,-51000,22000,51000,22000,51000,1
51,23,3929,R0C0,CF026,23000,-51000,23000,51000,23000,51000,1
51,24,3930,R0C0,CF027,24000,-51000,24000,51000,24000,51000,1
51,25,3931,R0C0,CF028,25000,-51000,25000,51000,25000,51000,1
51,26,3932,R0C0,CF029,26000,-51000,26000,51000,26000,51000,1
51,27,3933,R0C0,CF031,27000,-51000,27000,51000,27000,51000,1
51,28,3934,R0C0,CF032,28000,-51000,28000,51000,28000,51000,1
51,29,3935,R0C0,CF033,29000,-51000,29000,51000,29000,51000,1
51,30,3936,R0C0,CF034,30000,-51000,30000,51000,30000,51000,1
51,31,3937,R0C0,CF035,31000,-51000,31000,51000,31000,51000,1
51,32,3938,R0C0,CF036,32000,-51000,32000,51000,32000,51000,1
51,33,3939,R0C0,CF037,33000,-51000,33000,51000,33000,51000,1
51,34,3940,R0C0,CF038,34000,-51000,34000,51000,34000,51000,1
51,35,3941,R0C0,CF039,35000,-51000,35000,51000,35000,51000,1
51,36,3942,R0C0,CF041,36000,-51000,36000,51000,36000,51000,1
51,37,3943,R0C0,CF042,37000,-51000,37000,51000,37000,51000,1
51,38,3944,R0C0,CF043,38000,-51000,38000,51000,38000,51000,1
51,39,3945,R0C0,CF044,39000,-51000,39000,51000,39000,51000,1
51,40,3946,R0C0,CF045,40000,-51000,40000,51000,40000,51000,1
51,41,3947,R0C0,CF046,41000,-51000,41000,51000,41000,51000,1
51,42,3948,R0C0,CF047,42000,-51000,42000,51000,42000,51000,1
51,43,3949,R0C0,CF048,43000,-51000,43000,51000,43000,51000,1
51,44,3950,R0C0,CF049,44000,-51000,44000,51000,44000,51000,1
51,45,3951,R0C0,CF051,45000,-51000,45000,51000,45000,51000,1
51,46,3952,R0C0,CF052,46000,-51000,46000,51000,46000,51000,1
51,47,3953,R0C0,CF053,47000,-51000,47000,51000,47000,51000,1
51,48,3954,R0C0,CF054,48000,-51000,48000,51000,48000,51000,1
51,49,3955,R0C0,CF055,49000,-51000,49000,51000,49000,51000,1
51,50,3956,R0C0,CF056,50000,-51000,50000,51000,50000,51000,1
51,51,3957,R0C0,CF057,51000,-51000,51000,51000,51000,51000,1
51,52,3958,R0C0,CF058,52000,-51000,52000,51000,52000,51000,1
51,53,3959,R0C0,CF059,53000,-51000,53000,51000,53000,51000,1
51,54,3960,R0C0,CF061,54000,-51000,54000,51000,54000,51000,1
51,55,3961,R0C0,CF062,55000,-51000,55000,51000,55000,51000,1
51,56,3962,R0C0,CF063,56000,-51000,56000,51000,56000,51000,1
51,57,3963,R0C0,CF064,57000,-51000,57000,51000,57000,51000,1
51,58,3964,R0C0,CF065,58000,-51000,58000,51000,58000,51000,1
51,59,3965,R0C0,CF066,59000,-51000,59000,51000,59000,51000,1
51,60,3966,R0C0,CF067,60000,-51000,60000,51000,60000,51000,1
51,61,3967,R0C0,CF068,61000,-51000,61000,51000,61000,51000,1
51,62,3968,R0C0,CF069,62000,-51000,62000,51000,62000,51000,1
51,63,3969,R0C0,CF071,63000,-51000,63000,51000,63000,51000,1
51,64,3970,R0C0,CF072,64000,-51000,64000,51000,64000,51000,1
51,65,3971,R0C0,CF073,65000,-51000,65000,51000,65000,51000,1
51,66,3972,R0C0,CF074,66000,-51000,66000,51000,66000,51000,1
51,67,3973,R0C0,CF075,67000,-51000,67000,51000,67000,51000,1
51,68,3974,R0C0,CF076,68000,-51000,68000,51000,68000,51000,1
51,69,3975,R0C0,CF077,69000,-51000,69000,51000,69000,51000,1
51,70,3976,R0C0,CF078,70000,-51000,70000,51000,70000,51000,1
51,71,3977,R0C0,CF079,71000,-51000,71000,51000,71000,51000,1
51,72,3978,R0C0,CF081,72000,-51000,72000,51000,72000,51000,1
51,73,3979,R0C0,CF082,73000,-51000,73000,51000,73000,51000,1
51,74,3980,R0C0,CF083,74000,-51000,74000,51000,74000,51000,1
51,75,3981,R0C0,CF084,75000,-51000,75000,51000,75000,51000,1
51,76,3982,R0C0,CF085,76000,-51000,76000,51000,76000,51000,1
51,77,3983,R0C0,CF086,77000,-51000,77000,51000,77000,51000,1
51,78,3984,R0C0,CF087,78000,-51000,78000,51000,78000,51000,1
51,79,3985,R0C0,CF088,79000,-51000,79000,51000,79000,51000,1
51,80,3986,R0C0,CF089,80000,-51000,80000,51000,80000,51000,1
51,81,3987,R0C0,CF091,81000,-51000,81000,51000,81000,51000,1
51,82,3988,R0C0,CF092,82000,-51000,82000,51000,82000,51000,1
51,83,3989,R0C0,CF093,83000,-51000,83000,51000,83000,51000,1
51,84,3990,R0C0,CF094,84000,-51000,84000,51000,84000,51000,1
51,85,3991,R0C0,CF095,85000,-51000,85000,51000,85000,51000,1
51,86,3992,R0C0,CF096,86000,-51000,86000,51000,86000,51000,1
51,87,3993,R0C0,CF097,87000,-51000,87000,51000,87000,51000,1
51,88,3994,R0C0,CF098,88000,-51000,88000,51000,88000,51000,1
51,89,3995,R0C0,CF099,89000,-51000,89000,51000,89000,51000,1
51,90,3996,R0C0,CF101,90000,-51000,90000,51000,90000,51000,1
51,91,3997,R0C0,CF102,91000,-51000,91000,51000,91000,51000,1
51,92,3998,R0C0,CF103,92000,-51000,92000,51000,92000,51000,1
51,93,3999,R0C0,CF104,93000,-51000,93000,51000,93000,51000,1
51,94,4000,R0C0,CF105,94000,-51000,94000,51000,94000,51000,1
51,95,4001,R0C0,CF106,95000,-51000,95000,51000,95000,51000,1
51,96,4002,R0C0,CF107,96000,-51000,96000,51000,96000,51000,1
51,97,4003,R0C0,CF108,97000,-51000,97000,51000,97000,51000,1
51,98,4004,R0C0,CF109,98000,-51000,98000,51000,98000,51000,1
51,99,4005,R0C0,CF111,99000,-51000,99000,51000,99000,51000,1
51,100,4006,R0C0,CF112,100000,-51000,100000,51000,100000,51000,1
51,101,4007,R0C0,CF113,101000,-51000,101000,51000,101000,51000,1
51,102,4008,R0C0,CF114,102000,-51000,102000,51000,102000,51000,1
51,103,4009,R0C0,CF115,103000,-51000,103000,51000,103000,51000,1
51,104,4010,R0C0,CF116,104000,-51000,104000,51000,104000,51000,1
52,0,4011,R0C0,CG001,0,-52000,0,52000,0,52000,1
52,1,4012,R0C0,CG002,1000,-52000,1000,52000,1000,52000,1
52,2,4013,R0C0,CG003,2000,-52000,2000,52000,2000,52000,1
52,3,4014,R0C0,CG004,3000,-52000,3000,52000,3000,52000,1
52,4,4015,R0C0,CG005,4000,-52000,4000,52000,4000,52000,1
52,5,4016,R0C0,CG006,5000,-52000,5000,52000,5000,52000,1
52,6,4017,R0C0,CG007,6000,-52000,6000,52000,6000,52000,1
52,7,4018,R0C0,CG008,7000,-52000,7000,52000,7000,52000,1
52,8,4019,R0C0,CG009,8000,-52000,8000,52000,8000,52000,1
52,9,4020,R0C0,CG011,9000,-52000,9000,52000,9000,52000,1
52,10,4021,R0C0,CG012,10000,-52000,10000,52000,10000,52000,1
52,11,4022,R0C0,CG013,11000,-52000,11000,52000,11000,52000,1
52,12,4023,R0C0,CG014,12000,-52000,12000,52000,12000,52000,1
52,13,4024,R0C0,CG015,13000,-52000,13000,52000,13000,52000,1
52,14,4025,R0C0,CG016,14000,-52000,14000,52000,14000,52000,1
52,15,4026,R0C0,CG017,15000,-52000,15000,52000,15000,52000,1
52,16,4027,R0C0,CG018,16000,-52000,16000,52000,16000,52000,1
52,17,4028,R0C0,CG019,17000,-52000,17000,52000,17000,52000,1
52,18,4029,R0C0,CG021,18000,-52000,18000,52000,18000,52000,1
52,19,4030,R0C0,CG022,19000,-52000,19000,52000,19000,52000,1
52,20,4031,R0C0,CG023,20000,-52000,20000,52000,20000,52000,1
52,21,4032,R0C0,CG024,21000,-52000,21000,52000,21000,52000,1
52,22,4033,R0C0,CG025,22000,-52000,22000,52000,22000,52000,1
52,23,4034,R0C0,CG026,23000,-52000,23000,52000,23000,52000,1
52,24,4035,R0C0,CG027,24000,-52000,24000,52000,24000,52000,1
52,25,4036,R0C0,CG028,25000,-52000,25000,52000,25000,52000,1
52,26,4037,R0C0,CG029,26000,-52000,26000,52000,26000,52000,1
52,27,4038,R0C0,CG031,27000,-52000,27000,52000,27000,52000,1
52,28,4039,R0C0,CG032,28000,-52000,28000,52000,28000,52000,1
52,29,4040,R0C0,CG033,29000,-52000,29000,52000,29000,52000,1
52,30,4041,R0C0,CG034,30000,-52000,30000,52000,30000,52000,1
52,31,4042,R0C0,CG035,31000,-52000,31000,52000,31000,52000,1
52,32,4043,R0C0,CG036,32000,-52000,32000,52000,32000,52000,1
52,33,4044,R0C0,CG037,33000,-52000,33000,52000,33000,52000,1
52,34,4045,R0C0,CG038,34000,-52000,34000,52000,34000,52000,1
52,35,4046,R0C0,CG039,35000,-52000,35000,52000,35000,52000,1
52,36,4047,R0C0,CG041,36000,-52000,36000,52000,36000,52000,1
52,37,4048,R0C0,CG042,37000,-52000,37000,52000,37000,52000,1
52,38,4049,R0C0,CG043,38000,-52000,38000,52000,38000,52000,1
52,39,4050,R0C0,CG044,39000,-52000,39000,52000,39000,52000,1
52,40,4051,R0C0,CG045,40000,-52000,40000,52000,40000,52000,1
52,41,4052,R0C0,CG046,41000,-52000,41000,52000,41000,52000,1
52,42,4053,R0C0,CG047,42000,-52000,42000,52000,42000,52000,1
52,43,4054,R0C0,CG048,43000,-52000,43000,52000,43000,52000,1
52,44,4055,R0C0,CG049,44000,-52000,44000,52000,44000,52000,1
52,45,4056,R0C0,CG051,45000,-52000,45000,52000,45000,52000,1
52,46,4057,R0C0,CG052,46000,-52000,46000,52000,46000,52000,1
52,47,4058,R0C0,CG053,47000,-52000,47000,52000,47000,52000,1
52,48,4059,R0C0,CG054,48000,-52000,48000,52000,48000,52000,1
52,49,4060,R0C0,CG055,49000,-52000,49000,52000,49000,52000,1
52,50,4061,R0C0,CG056,50000,-52000,50000,52000,50000,52000,1
52,51,4062,R0C0,CG057,51000,-52000,51000,52000,51000,52000,1
52,52,4063,R0C0,CG058,52000,-52000,52000,52000,52000,52000,1
52,53,4064,R0C0,CG059,53000,-52000,53000,52000,53000,52000,1
52,54,4065,R0C0,CG061,54000,-52000,54000,52000,54000,52000,1
52,55,4066,R0C0,CG062,55000,-52000,55000,52000,55000,52000,1
52,56,4067,R0C0,CG063,56000,-52000,56000,52000,56000,52000,1
52,57,4068,R0C0,CG064,57000,-52000,57000,52000,57000,52000,1
52,58,4069,R0C0,CG065,58000,-52000,58000,52000,58000,52000,1
52,59,4070,R0C0,CG066,59000,-52000,59000,52000,59000,52000,1
52,60,4071,R0C0,CG067,60000,-52000,60000,52000,60000,52000,1
52,61,4072,R0C0,CG068,61000,-52000,61000,52000,61000,52000,1
52,62,4073,R0C0,CG069,62000,-52000,62000,52000,62000,52000,1
52,63,4074,R0C0,CG071,63000,-52000,63000,52000,63000,52000,1
52,64,4075,R0C0,CG072,64000,-52000,64000,52000,64000,52000,1
52,65,4076,R0C0,CG073,65000,-52000,65000,52000,65000,52000,1
52,66,4077,R0C0,CG074,66000,-52000,66000,52000,66000,52000,1
52,67,4078,R0C0,CG075,67000,-52000,67000,52000,67000,52000,1
52,68,4079,R0C0,CG076,68000,-52000,68000,52000,68000,52000,1
52,69,4080,R0C0,CG077,69000,-52000,69000,52000,69000,52000,1
52,70,4081,R0C0,CG078,70000,-52000,70000,52000,70000,52000,1
52,71,4082,R0C0,CG079,71000,-52000,71000,52000,71000,52000,1
52,72,4083,R0C0,CG081,72000,-52000,72000,52000,72000,52000,1
52,73,4084,R0C0,CG082,73000,-52000,73000,52000,73000,52000,1
52,74,4085,R0C0,CG083,74000,-52000,74000,52000,74000,52000,1
52,75,4086,R0C0,CG084,75000,-52000,75000,52000,75000,52000,1
52,76,4087,R0C0,CG085,76000,-52000,76000,52000,76000,52000,1
52,77,4088,R0C0,CG086,77000,-52000,77000,52000,77000,52000,1
52,78,4089,R0C0,CG087,78000,-52000,78000,52000,78000,52000,1
52,79,4090,R0C0,CG088,79000,-52000,79000,52000,79000,52000,1
52,80,4091,R0C0,CG089,80000,-52000,80000,52000,80000,52000,1
52,81,4092,R0C0,CG091,81000,-52000,81000,52000,81000,52000,1
52,82,4093,R0C0,CG092,82000,-52000,82000,52000,82000,52000,1
52,83,4094,R0C0,CG093,83000,-52000,83000,52000,83000,52000,1
52,84,4095,R0C0,CG094,84000,-52000,84000,52000,84000,52000,1
52,85,4096,R0C0,CG095,85000,-52000,85000,52000,85000,52000,1
52,86,4097,R0C0,CG096,86000,-52000,86000,52000,86000,52000,1
52,87,4098,R0C0,CG097,87000,-52000,87000,52000,87000,52000,1
52,88,4099,R0C0,CG098,88000,-52000,88000,52000,88000,52000,1
52,89,4100,R0C0,CG099,89000,-52000,89000,52000,89000,52000,1
52,90,4101,R0C0,CG101,90000,-52000,90000,52000,90000,52000,1
52,91,4102,R0C0,CG102,91000,-52000,91000,52000,91000,52000,1
52,92,4103,R0C0,CG103,92000,-52000,92000,52000,92000,52000,1
52,93,4104,R0C0,CG104,93000,-52000,93000,52000,93000,52000,1
52,94,4105,R0C0,CG105,94000,-52000,94000,52000,94000,52000,1
52,95,4106,R0C0,CG106,95000,-52000,95000,52000,95000,52000,1
52,96,4107,R0C0,CG107,96000,-52000,96000,52000,96000,52000,1
52,97,4108,R0C0,CG108,97000,-52000,97000,52000,97000,52000,1
52,98,4109,R0C0,CG109,98000,-52000,98000,52000,98000,52000,1
52,99,4110,R0C0,CG111,99000,-52000,99000,52000,99000,52000,1
52,100,4111,R0C0,CG112,100000,-52000,100000,52000,100000,52000,1
52,101,4112,R0C0,CG113,101000,-52000,101000,52000,101000,52000,1
52,102,4113,R0C0,CG114,102000,-52000,102000,52000,102000,52000,1
52,103,4114,R0C0,CG115,103000,-52000,103000,52000,103000,52000,1
52,104,4115,R0C0,CG116,104000,-52000,104000,52000,104000,52000,1
53,0,4116,R0C0,CH001,0,-53000,0,53000,0,53000,1
53,1,4117,R0C0,CH002,1000,-53000,1000,53000,1000,53000,1
53,2,4118,R0C0,CH003,2000,-53000,2000,53000,2000,53000,1
53,3,4119,R0C0,CH004,3000,-53000,3000,53000,3000,53000,1
53,4,4120,R0C0,CH005,4000,-53000,4000,53000,4000,53000,1
53,5,4121,R0C0,CH006,5000,-53000,5000,53000,5000,53000,1
53,6,4122,R0C0,CH007,6000,-53000,6000,53000,6000,53000,1
53,7,4123,R0C0,CH008,7000,-53000,7000,53000,7000,53000,1
53,8,4124,R0C0,CH009,8000,-53000,8000,53000,8000,53000,1
53,9,4125,R0C0,CH011,9000,-53000,9000,53000,9000,53000,1
53,10,4126,R0C0,CH012,10000,-53000,10000,53000,10000,53000,1
53,11,4127,R0C0,CH013,11000,-53000,11000,53000,11000,53000,1
53,12,4128,R0C0,CH014,12000,-53000,12000,53000,12000,53000,1
53,13,4129,R0C0,CH015,13000,-53000,13000,53000,13000,53000,1
53,14,4130,R0C0,CH016,14000,-53000,14000,53000,14000,53000,1
53,15,4131,R0C0,CH017,15000,-53000,15000,53000,15000,53000,1
53,16,4132,R0C0,CH018,16000,-53000,16000,53000,16000,53000,1
53,17,4133,R0C0,CH019,17000,-53000,17000,53000,17000,53000,1
53,18,4134,R0C0,CH021,18000,-53000,18000,53000,18000,53000,1
53,19,4135,R0C0,CH022,19000,-53000,19000,53000,19000,53000,1
53,20,4136,R0C0,CH023,20000,-53000,20000,53000,20000,53000,1
53,21,4137,R0C0,CH024,21000,-53000,21000,53000,21000,53000,1
53,22,4138,R0C0,CH025,22000,-53000,22000,53000,22000,53000,1
53,23,4139,R0C0,CH026,23000,-53000,23000,53000,23000,53000,1
53,24,4140,R0C0,CH027,24000,-53000,24000,53000,24000,53000,1
53,25,4141,R0C0,CH028,25000,-53000,25000,53000,25000,53000,1
53,26,4142,R0C0,CH029,26000,-53000,26000,53000,26000,53000,1
53,27,4143,R0C0,CH031,27000,-53000,27000,53000,27000,53000,1
53,28,4144,R0C0,CH032,28000,-53000,28000,53000,28000,53000,1
53,29,4145,R0C0,CH033,29000,-53000,29000,53000,29000,53000,1
53,30,4146,R0C0,CH034,30000,-53000,30000,53000,30000,53000,1
53,31,4147,R0C0,CH035,31000,-53000,31000,53000,31000,53000,1
53,32,4148,R0C0,CH036,32000,-53000,32000,53000,32000,53000,1
53,33,4149,R0C0,CH037,33000,-53000,33000,53000,33000,53000,1
53,34,4150,R0C0,CH038,34000,-53000,34000,53000,34000,53000,1
53,35,4151,R0C0,CH039,35000,-53000,35000,53000,35000,53000,1
53,36,4152,R0C0,CH041,36000,-53000,36000,53000,36000,53000,1
53,37,4153,R0C0,CH042,37000,-53000,37000,53000,37000,53000,1
53,38,4154,R0C0,CH043,38000,-53000,38000,53000,38000,53000,1
53,39,4155,R0C0,CH044,39000,-53000,39000,53000,39000,53000,1
53,40,4156,R0C0,CH045,40000,-53000,40000,53000,40000,53000,1
53,41,4157,R0C0,CH046,41000,-53000,41000,53000,41000,53000,1
53,42,4158,R0C0,CH047,42000,-53000,42000,53000,42000,53000,1
53,43,4159,R0C0,CH048,43000,-53000,43000,53000,43000,53000,1
53,44,4160,R0C0,CH049,44000,-53000,44000,53000,44000,53000,1
53,45,4161,R0C0,CH051,45000,-53000,45000,53000,45000,53000,1
53,46,4162,R0C0,CH052,46000,-53000,46000,53000,46000,53000,1
53,47,4163,R0C0,CH053,47000,-53000,47000,53000,47000,53000,1
53,48,4164,R0C0,CH054,48000,-53000,48000,53000,48000,53000,1
53,49,4165,R0C0,CH055,49000,-53000,49000,53000,49000,53000,1
53,50,4166,R0C0,CH056,50000,-53000,50000,53000,50000,53000,1
53,51,4167,R0C0,CH057,51000,-53000,51000,53000,51000,53000,1
53,52,4168,R0C0,CH058,52000,-53000,52000,53000,52000,53000,1
53,53,4169,R0C0,CH059,53000,-53000,53000,53000,53000,53000,1
53,54,4170,R0C0,CH061,54000,-53000,54000,53000,54000,53000,1
53,55,4171,R0C0,CH062,55000,-53000,55000,53000,55000,53000,1
53,56,4172,R0C0,CH063,56000,-53000,56000,53000,56000,53000,1
53,57,4173,R0C0,CH064,57000,-53000,57000,53000,57000,53000,1
53,58,4174,R0C0,CH065,58000,-53000,58000,53000,58000,53000,1
53,59,4175,R0C0,CH066,59000,-53000,59000,53000,59000,53000,1
53,60,4176,R0C0,CH067,60000,-53000,60000,53000,60000,53000,1
53,61,4177,R0C0,CH068,61000,-53000,61000,53000,61000,53000,1
53,62,4178,R0C0,CH069,62000,-53000,62000,53000,62000,53000,1
53,63,4179,R0C0,CH071,63000,-53000,63000,53000,63000,53000,1
53,64,4180,R0C0,CH072,64000,-53000,64000,53000,64000,53000,1
53,65,4181,R0C0,CH073,65000,-53000,65000,53000,65000,53000,1
53,66,4182,R0C0,CH074,66000,-53000,66000,53000,66000,53000,1
53,67,4183,R0C0,CH075,67000,-53000,67000,53000,67000,53000,1
53,68,4184,R0C0,CH076,68000,-53000,68000,53000,68000,53000,1
53,69,4185,R0C0,CH077,69000,-53000,69000,53000,69000,53000,1
53,70,4186,R0C0,CH078,70000,-53000,70000,53000,70000,53000,1
53,71,4187,R0C0,CH079,71000,-53000,71000,53000,71000,53000,1
53,72,4188,R0C0,CH081,72000,-53000,72000,53000,72000,53000,1
53,73,4189,R0C0,CH082,73000,-53000,73000,53000,73000,53000,1
53,74,4190,R0C0,CH083,74000,-53000,74000,53000,74000,53000,1
53,75,4191,R0C0,CH084,75000,-53000,75000,53000,75000,53000,1
53,76,4192,R0C0,CH085,76000,-53000,76000,53000,76000,53000,1
53,77,4193,R0C0,CH086,77000,-53000,77000,53000,77000,53000,1
53,78,4194,R0C0,CH087,78000,-53000,78000,53000,78000,53000,1
53,79,4195,R0C0,CH088,79000,-53000,79000,53000,79000,53000,1
53,80,4196,R0C0,CH089,80000,-53000,80000,53000,80000,53000,1
53,81,4197,R0C0,CH091,81000,-53000,81000,53000,81000,53000,1
53,82,4198,R0C0,CH092,82000,-53000,82000,53000,82000,53000,1
53,83,4199,R0C0,CH093,83000,-53000,83000,53000,83000,53000,1
53,84,4200,R0C0,CH094,84000,-53000,84000,53000,84000,53000,1
53,85,4201,R0C0,CH095,85000,-53000,85000,53000,85000,53000,1
53,86,4202,R0C0,CH096,86000,-53000,86000,53000,86000,53000,1
53,87,4203,R0C0,CH097,87000,-53000,87000,53000,87000,53000,1
53,88,4204,R0C0,CH098,88000,-53000,88000,53000,88000,53000,1
53,89,4205,R0C0,CH099,89000,-53000,89000,53000,89000,53000,1
53,90,4206,R0C0,CH101,90000,-53000,90000,53000,90000,53000,1
53,91,4207,R0C0,CH102,91000,-53000,91000,53000,91000,53000,1
53,92,4208,R0C0,CH103,92000,-53000,92000,53000,92000,53000,1
53,93,4209,R0C0,CH104,93000,-53000,93000,53000,93000,53000,1
53,94,4210,R0C0,CH105,94000,-53000,94000,53000,94000,53000,1
53,95,4211,R0C0,CH106,95000,-53000,95000,53000,95000,53000,1
53,96,4212,R0C0,CH107,96000,-53000,96000,53000,96000,53000,1
53,97,4213,R0C0,CH108,97000,-53000,97000,53000,97000,53000,1
53,98,4214,R0C0,CH109,98000,-53000,98000,53000,98000,53000,1
53,99,4215,R0C0,CH111,99000,-53000,99000,53000,99000,53000,1
53,100,4216,R0C0,CH112,100000,-53000,100000,53000,100000,53000,1
53,101,4217,R0C0,CH113,101000,-53000,101000,53000,101000,53000,1
53,102,4218,R0C0,CH114,102000,-53000,102000,53000,102000,53000,1
53,103,4219,R0C0,CH115,103000,-53000,103000,53000,103000,53000,1
53,104,4220,R0C0,CH116,104000,-53000,104000,53000,104000,53000,1
54,0,4221,R0C0,CJ001,0,-54000,0,54000,0,54000,1
54,1,4222,R0C0,CJ002,1000,-54000,1000,54000,1000,54000,1
54,2,4223,R0C0,CJ003,2000,-54000,2000,54000,2000,54000,1
54,3,4224,R0C0,CJ004,3000,-54000,3000,54000,3000,54000,1
54,4,4225,R0C0,CJ005,4000,-54000,4000,54000,4000,54000,1
54,5,4226,R0C0,CJ006,5000,-54000,5000,54000,5000,54000,1
54,6,4227,R0C0,CJ007,6000,-54000,6000,54000,6000,54000,1
54,7,4228,R0C0,CJ008,7000,-54000,7000,54000,7000,54000,1
54,8,4229,R0C0,CJ009,8000,-54000,8000,54000,8000,54000,1
54,9,4230,R0C0,CJ011,9000,-54000,9000,54000,9000,54000,1
54,10,4231,R0C0,CJ012,10000,-54000,10000,54000,10000,54000,1
54,11,4232,R0C0,CJ013,11000,-54000,11000,54000,11000,54000,1
54,12,4233,R0C0,CJ014,12000,-54000,12000,54000,12000,54000,1
54,13,4234,R0C0,CJ015,13000,-54000,13000,54000,13000,54000,1
54,14,4235,R0C0,CJ016,14000,-54000,14000,54000,14000,54000,1
54,15,4236,R0C0,CJ017,15000,-54000,15000,54000,15000,54000,1
54,16,4237,R0C0,CJ018,16000,-54000,16000,54000,16000,54000,1
54,17,4238,R0C0,CJ019,17000,-54000,17000,54000,17000,54000,1
54,18,4239,R0C0,CJ021,18000,-54000,18000,54000,18000,54000,1
54,19,4240,R0C0,CJ022,19000,-54000,19000,54000,19000,54000,1
54,20,4241,R0C0,CJ023,20000,-54000,20000,54000,20000,54000,1
54,21,4242,R0C0,CJ024,21000,-54000,21000,54000,21000,54000,1
54,22,4243,R0C0,CJ025,22000,-54000,22000,54000,22000,54000,1
54,23,4244,R0C0,CJ026,23000,-54000,23000,54000,23000,54000,1
54,24,4245,R0C0,CJ027,24000,-54000,24000,54000,24000,54000,1
54,25,4246,R0C0,CJ028,25000,-54000,25000,54000,25000,54000,1
54,26,4247,R0C0,CJ029,26000,-54000,26000,54000,26000,54000,1
54,27,4248,R0C0,CJ031,27000,-54000,27000,54000,27000,54000,1
54,28,4249,R0C0,CJ032,28000,-54000,28000,54000,28000,54000,1
54,29,4250,R0C0,CJ033,29000,-54000,29000,54000,29000,54000,1
54,30,4251,R0C0,CJ034,30000,-54000,30000,54000,30000,54000,1
54,31,4252,R0C0,CJ035,31000,-54000,31000,54000,31000,54000,1
54,32,4253,R0C0,CJ036,32000,-54000,32000,54000,32000,54000,1
54,33,4254,R0C0,CJ037,33000,-54000,33000,54000,33000,54000,1
54,34,4255,R0C0,CJ038,34000,-54000,34000,54000,34000,54000,1
54,35,4256,R0C0,CJ039,35000,-54000,35000,54000,35000,54000,1
54,36,4257,R0C0,CJ041,36000,-54000,36000,54000,36000,54000,1
54,37,4258,R0C0,CJ042,37000,-54000,37000,54000,37000,54000,1
54,38,4259,R0C0,CJ043,38000,-54000,38000,54000,38000,54000,1
54,39,4260,R0C0,CJ044,39000,-54000,39000,54000,39000,54000,1
54,40,4261,R0C0,CJ045,40000,-54000,40000,54000,40000,54000,1
54,41,4262,R0C0,CJ046,41000,-54000,41000,54000,41000,54000,1
54,42,4263,R0C0,CJ047,42000,-54000,42000,54000,42000,54000,1
54,43,4264,R0C0,CJ048,43000,-54000,43000,54000,43000,54000,1
54,44,4265,R0C0,CJ049,44000,-54000,44000,54000,44000,54000,1
54,45,4266,R0C0,CJ051,45000,-54000,45000,54000,45000,54000,1
54,46,4267,R0C0,CJ052,46000,-54000,46000,54000,46000,54000,1
54,47,4268,R0C0,CJ053,47000,-54000,47000,54000,47000,54000,1
54,48,4269,R0C0,CJ054,48000,-54000,48000,54000,48000,54000,1
54,49,4270,R0C0,CJ055,49000,-54000,49000,54000,49000,54000,1
54,50,4271,R0C0,CJ056,50000,-54000,50000,54000,50000,54000,1
54,51,4272,R0C0,CJ057,51000,-54000,51000,54000,51000,54000,1
54,52,4273,R0C0,CJ058,52000,-54000,52000,54000,52000,54000,1
54,53,4274,R0C0,CJ059,53000,-54000,53000,54000,53000,54000,1
54,54,4275,R0C0,CJ061,54000,-54000,54000,54000,54000,54000,1
54,55,4276,R0C0,CJ062,55000,-54000,55000,54000,55000,54000,1
54,56,4277,R0C0,CJ063,56000,-54000,56000,54000,56000,54000,1
54,57,4278,R0C0,CJ064,57000,-54000,57000,54000,57000,54000,1
54,58,4279,R0C0,CJ065,58000,-54000,58000,54000,58000,54000,1
54,59,4280,R0C0,CJ066,59000,-54000,59000,54000,59000,54000,1
54,60,4281,R0C0,CJ067,60000,-54000,60000,54000,60000,54000,1
54,61,4282,R0C0,CJ068,61000,-54000,61000,54000,61000,54000,1
54,62,4283,R0C0,CJ069,62000,-54000,62000,54000,62000,54000,1
54,63,4284,R0C0,CJ071,63000,-54000,63000,54000,63000,54000,1
54,64,4285,R0C0,CJ072,64000,-54000,64000,54000,64000,54000,1
54,65,4286,R0C0,CJ073,65000,-54000,65000,54000,65000,54000,1
54,66,4287,R0C0,CJ074,66000,-54000,66000,54000,66000,54000,1
54,67,4288,R0C0,CJ075,67000,-54000,67000,54000,67000,54000,1
54,68,4289,R0C0,CJ076,68000,-54000,68000,54000,68000,54000,1
54,69,4290,R0C0,CJ077,69000,-54000,69000,54000,69000,54000,1
54,70,4291,R0C0,CJ078,70000,-54000,70000,54000,70000,54000,1
54,71,4292,R0C0,CJ079,71000,-54000,71000,54000,71000,54000,1
54,72,4293,R0C0,CJ081,72000,-54000,72000,54000,72000,54000,1
54,73,4294,R0C0,CJ082,73000,-54000,73000,54000,73000,54000,1
54,74,4295,R0C0,CJ083,74000,-54000,74000,54000,74000,54000,1
54,75,4296,R0C0,CJ084,75000,-54000,75000,54000,75000,54000,1
54,76,4297,R0C0,CJ085,76000,-54000,76000,54000,76000,54000,1
54,77,4298,R0C0,CJ086,77000,-54000,77000,54000,77000,54000,1
54,78,4299,R0C0,CJ087,78000,-54000,78000,54000,78000,54000,1
54,79,4300,R0C0,CJ088,79000,-54000,79000,54000,79000,54000,1
54,80,4301,R0C0,CJ089,80000,-54000,80000,54000,80000,54000,1
54,81,4302,R0C0,CJ091,81000,-54000,81000,54000,81000,54000,1
54,82,4303,R0C0,CJ092,82000,-54000,82000,54000,82000,54000,1
54,83,4304,R0C0,CJ093,83000,-54000,83000,54000,83000,54000,1
54,84,4305,R0C0,CJ094,84000,-54000,84000,54000,84000,54000,1
54,85,4306,R0C0,CJ095,85000,-54000,85000,54000,85000,54000,1
54,86,4307,R0C0,CJ096,86000,-54000,86000,54000,86000,54000,1
54,87,4308,R0C0,CJ097,87000,-54000,87000,54000,87000,54000,1
54,88,4309,R0C0,CJ098,88000,-54000,88000,54000,88000,54000,1
54,89,4310,R0C0,CJ099,89000,-54000,89000,54000,89000,54000,1
54,90,4311,R0C0,CJ101,90000,-54000,90000,54000,90000,54000,1
54,91,4312,R0C0,CJ102,91000,-54000,91000,54000,91000,54000,1
54,92,4313,R0C0,CJ103,92000,-54000,92000,54000,92000,54000,1
54,93,4314,R0C0,CJ104,93000,-54000,93000,54000,93000,54000,1
54,94,4315,R0C0,CJ105,94000,-54000,94000,54000,94000,54000,1
54,95,4316,R0C0,CJ106,95000,-54000,95000,54000,95000,54000,1
54,96,4317,R0C0,CJ107,96000,-54000,96000,54000,96000,54000,1
54,97,4318,R0C0,CJ108,97000,-54000,97000,54000,97000,54000,1
54,98,4319,R0C0,CJ109,98000,-54000,98000,54000,98000,54000,1
54,99,4320,R0C0,CJ111,99000,-54000,99000,54000,99000,54000,1
54,100,4321,R0C0,CJ112,100000,-54000,100000,54000,100000,54000,1
54,101,4322,R0C0,CJ113,101000,-54000,101000,54000,101000,54000,1
54,102,4323,R0C0,CJ114,102000,-54000,102000,54000,102000,54000,1
54,103,4324,R0C0,CJ115,103000,-54000,103000,54000,103000,54000,1
54,104,4325,R0C0,CJ116,104000,-54000,104000,54000,104000,54000,1
55,0,4326,R0C0,CK001,0,-55000,0,55000,0,55000,1
55,1,4327,R0C0,CK002,1000,-55000,1000,55000,1000,55000,1
55,2,4328,R0C0,CK003,2000,-55000,2000,55000,2000,55000,1
55,3,4329,R0C0,CK004,3000,-55000,3000,55000,3000,55000,1
55,4,4330,R0C0,CK005,4000,-55000,4000,55000,4000,55000,1
55,5,4331,R0C0,CK006,5000,-55000,5000,55000,5000,55000,1
55,6,4332,R0C0,CK007,6000,-55000,6000,55000,6000,55000,1
55,7,4333,R0C0,CK008,7000,-55000,7000,55000,7000,55000,1
55,8,4334,R0C0,CK009,8000,-55000,8000,55000,8000,55000,1
55,9,4335,R0C0,CK011,9000,-55000,9000,55000,9000,55000,1
55,10,4336,R0C0,CK012,10000,-55000,10000,55000,10000,55000,1
55,11,4337,R0C0,CK013,11000,-55000,11000,55000,11000,55000,1
55,12,4338,R0C0,CK014,12000,-55000,12000,55000,12000,55000,1
55,13,4339,R0C0,CK015,13000,-55000,13000,55000,13000,55000,1
55,14,4340,R0C0,CK016,14000,-55000,14000,55000,14000,55000,1
55,15,4341,R0C0,CK017,15000,-55000,15000,55000,15000,55000,1
55,16,4342,R0C0,CK018,16000,-55000,16000,55000,16000,55000,1
55,17,4343,R0C0,CK019,17000,-55000,17000,55000,17000,55000,1
55,18,4344,R0C0,CK021,18000,-55000,18000,55000,18000,55000,1
55,19,4345,R0C0,CK022,19000,-55000,19000,55000,19000,55000,1
55,20,4346,R0C0,CK023,20000,-55000,20000,55000,20000,55000,1
55,21,4347,R0C0,CK024,21000,-55000,21000,55000,21000,55000,1
55,22,4348,R0C0,CK025,22000,-55000,22000,55000,22000,55000,1
55,23,4349,R0C0,CK026,23000,-55000,23000,55000,23000,55000,1
55,24,4350,R0C0,CK027,24000,-55000,24000,55000,24000,55000,1
55,25,4351,R0C0,CK028,25000,-55000,25000,55000,25000,55000,1
55,26,4352,R0C0,CK029,26000,-55000,26000,55000,26000,55000,1
55,27,4353,R0C0,CK031,27000,-55000,27000,55000,27000,55000,1
55,28,4354,R0C0,CK032,28000,-55000,28000,55000,28000,55000,1
55,29,4355,R0C0,CK033,29000,-55000,29000,55000,29000,55000,1
55,30,4356,R0C0,CK034,30000,-55000,30000,55000,30000,55000,1
55,31,4357,R0C0,CK035,31000,-55000,31000,55000,31000,55000,1
55,32,4358,R0C0,CK036,32000,-55000,32000,55000,32000,55000,1
55,33,4359,R0C0,CK037,33000,-55000,33000,55000,33000,55000,1
55,34,4360,R0C0,CK038,34000,-55000,34000,55000,34000,55000,1
55,35,4361,R0C0,CK039,35000,-55000,35000,55000,35000,55000,1
55,36,4362,R0C0,CK041,36000,-55000,36000,55000,36000,55000,1
55,37,4363,R0C0,CK042,37000,-55000,37000,55000,37000,55000,1
55,38,4364,R0C0,CK043,38000,-55000,38000,55000,38000,55000,1
55,39,4365,R0C0,CK044,39000,-55000,39000,55000,39000,55000,1
55,40,4366,R0C0,CK045,40000,-55000,40000,55000,40000,55000,1
55,41,4367,R0C0,CK046,41000,-55000,41000,55000,41000,55000,1
55,42,4368,R0C0,CK047,42000,-55000,42000,55000,42000,55000,1
55,43,4369,R0C0,CK048,43000,-55000,43000,55000,43000,55000,1
55,44,4370,R0C0,CK049,44000,-55000,44000,55000,44000,55000,1
55,45,4371,R0C0,CK051,45000,-55000,45000,55000,45000,55000,1
55,46,4372,R0C0,CK052,46000,-55000,46000,55000,46000,55000,1
55,47,4373,R0C0,CK053,47000,-55000,47000,55000,47000,55000,1
55,48,4374,R0C0,CK054,48000,-55000,48000,55000,48000,55000,1
55,49,4375,R0C0,CK055,49000,-55000,49000,55000,49000,55000,1
55,50,4376,R0C0,CK056,50000,-55000,50000,55000,50000,55000,1
55,51,4377,R0C0,CK057,51000,-55000,51000,55000,51000,55000,1
55,52,4378,R0C0,CK058,52000,-55000,52000,55000,52000,55000,1
55,53,4379,R0C0,CK059,53000,-55000,53000,55000,53000,55000,1
55,54,4380,R0C0,CK061,54000,-55000,54000,55000,54000,55000,1
55,55,4381,R0C0,CK062,55000,-55000,55000,55000,55000,55000,1
55,56,4382,R0C0,CK063,56000,-55000,56000,55000,56000,55000,1
55,57,4383,R0C0,CK064,57000,-55000,57000,55000,57000,55000,1
55,58,4384,R0C0,CK065,58000,-55000,58000,55000,58000,55000,1
55,59,4385,R0C0,CK066,59000,-55000,59000,55000,59000,55000,1
55,60,4386,R0C0,CK067,60000,-55000,60000,55000,60000,55000,1
55,61,4387,R0C0,CK068,61000,-55000,61000,55000,61000,55000,1
55,62,4388,R0C0,CK069,62000,-55000,62000,55000,62000,55000,1
55,63,4389,R0C0,CK071,63000,-55000,63000,55000,63000,55000,1
55,64,4390,R0C0,CK072,64000,-55000,64000,55000,64000,55000,1
55,65,4391,R0C0,CK073,65000,-55000,65000,55000,65000,55000,1
55,66,4392,R0C0,CK074,66000,-55000,66000,55000,66000,55000,1
55,67,4393,R0C0,CK075,67000,-55000,67000,55000,67000,55000,1
55,68,4394,R0C0,CK076,68000,-55000,68000,55000,68000,55000,1
55,69,4395,R0C0,CK077,69000,-55000,69000,55000,69000,55000,1
55,70,4396,R0C0,CK078,70000,-55000,70000,55000,70000,55000,1
55,71,4397,R0C0,CK079,71000,-55000,71000,55000,71000,55000,1
55,72,4398,R0C0,CK081,72000,-55000,72000,55000,72000,55000,1
55,73,4399,R0C0,CK082,73000,-55000,73000,55000,73000,55000,1
55,74,4400,R0C0,CK083,74000,-55000,74000,55000,74000,55000,1
55,75,4401,R0C0,CK084,75000,-55000,75000,55000,75000,55000,1
55,76,4402,R0C0,CK085,76000,-55000,76000,55000,76000,55000,1
55,77,4403,R0C0,CK086,77000,-55000,77000,55000,77000,55000,1
55,78,4404,R0C0,CK087,78000,-55000,78000,55000,78000,55000,1
55,79,4405,R0C0,CK088,79000,-55000,79000,55000,79000,55000,1
55,80,4406,R0C0,CK089,80000,-55000,80000,55000,80000,55000,1
55,81,4407,R0C0,CK091,81000,-55000,81000,55000,81000,55000,1
55,82,4408,R0C0,CK092,82000,-55000,82000,55000,82000,55000,1
55,83,4409,R0C0,CK093,83000,-55000,83000,55000,83000,55000,1
55,84,4410,R0C0,CK094,84000,-55000,84000,55000,84000,55000,1
55,85,4411,R0C0,CK095,85000,-55000,85000,55000,85000,55000,1
55,86,4412,R0C0,CK096,86000,-55000,86000,55000,86000,55000,1
55,87,4413,R0C0,CK097,87000,-55000,87000,55000,87000,55000,1
55,88,4414,R0C0,CK098,88000,-55000,88000,55000,88000,55000,1
55,89,4415,R0C0,CK099,89000,-55000,89000,55000,89000,55000,1
55,90,4416,R0C0,CK101,90000,-55000,90000,55000,90000,55000,1
55,91,4417,R0C0,CK102,91000,-55000,91000,55000,91000,55000,1
55,92,4418,R0C0,CK103,92000,-55000,92000,55000,92000,55000,1
55,93,4419,R0C0,CK104,93000,-55000,93000,55000,93000,55000,1
55,94,4420,R0C0,CK105,94000,-55000,94000,55000,94000,55000,1
55,95,4421,R0C0,CK106,95000,-55000,95000,55000,95000,55000,1
55,96,4422,R0C0,CK107,96000,-55000,96000,55000,96000,55000,1
55,97,4423,R0C0,CK108,97000,-55000,97000,55000,97000,55000,1
55,98,4424,R0C0,CK109,98000,-55000,98000,55000,98000,55000,1
55,99,4425,R0C0,CK111,99000,-55000,99000,55000,99000,55000,1
55,100,4426,R0C0,CK112,100000,-55000,100000,55000,100000,55000,1
55,101,4427,R0C0,CK113,101000,-55000,101000,55000,101000,55000,1
55,102,4428,R0C0,CK114,102000,-55000,102000,55000,102000,55000,1
55,103,4429,R0C0,CK115,103000,-55000,103000,55000,103000,55000,1
55,104,4430,R0C0,CK116,104000,-55000,104000,55000,104000,55000,1
56,0,4431,R0C0,CL001,0,-56000,0,56000,0,56000,1
56,1,4432,R0C0,CL002,1000,-56000,1000,56000,1000,56000,1
56,2,4433,R0C0,CL003,2000,-56000,2000,56000,2000,56000,1
56,3,4434,R0C0,CL004,3000,-56000,3000,56000,3000,56000,1
56,4,4435,R0C0,CL005,4000,-56000,4000,56000,4000,56000,1
56,5,4436,R0C0,CL006,5000,-56000,5000,56000,5000,56000,1
56,6,4437,R0C0,CL007,6000,-56000,6000,56000,6000,56000,1
56,7,4438,R0C0,CL008,7000,-56000,7000,56000,7000,56000,1
56,8,4439,R0C0,CL009,8000,-56000,8000,56000,8000,56000,1
56,9,4440,R0C0,CL011,9000,-56000,9000,56000,9000,56000,1
56,10,4441,R0C0,CL012,10000,-56000,10000,56000,10000,56000,1
56,11,4442,R0C0,CL013,11000,-56000,11000,56000,11000,56000,1
56,12,4443,R0C0,CL014,12000,-56000,12000,56000,12000,56000,1
56,13,4444,R0C0,CL015,13000,-56000,13000,56000,13000,56000,1
56,14,4445,R0C0,CL016,14000,-56000,14000,56000,14000,56000,1
56,15,4446,R0C0,CL017,15000,-56000,15000,56000,15000,56000,1
56,16,4447,R0C0,CL018,16000,-56000,16000,56000,16000,56000,1
56,17,4448,R0C0,CL019,17000,-56000,17000,56000,17000,56000,1
56,18,4449,R0C0,CL021,18000,-56000,18000,56000,18000,56000,1
56,19,4450,R0C0,CL022,19000,-56000,19000,56000,19000,56000,1
56,20,4451,R0C0,CL023,20000,-56000,20000,56000,20000,56000,1
56,21,4452,R0C0,CL024,21000,-56000,21000,56000,21000,56000,1
56,22,4453,R0C0,CL025,22000,-56000,22000,56000,22000,56000,1
56,23,4454,R0C0,CL026,23000,-56000,23000,56000,23000,56000,1
56,24,4455,R0C0,CL027,24000,-56000,24000,56000,24000,56000,1
56,25,4456,R0C0,CL028,25000,-56000,25000,56000,25000,56000,1
56,26,4457,R0C0,CL029,26000,-56000,26000,56000,26000,56000,1
56,27,4458,R0C0,CL031,27000,-56000,27000,56000,27000,56000,1
56,28,4459,R0C0,CL032,28000,-56000,28000,56000,28000,56000,1
56,29,4460,R0C0,CL033,29000,-56000,29000,56000,29000,56000,1
56,30,4461,R0C0,CL034,30000,-56000,30000,56000,30000,56000,1
56,31,4462,R0C0,CL035,31000,-56000,31000,56000,31000,56000,1
56,32,4463,R0C0,CL036,32000,-56000,32000,56000,32000,56000,1
56,33,4464,R0C0,CL037,33000,-56000,33000,56000,33000,56000,1
56,34,4465,R0C0,CL038,34000,-56000,34000,56000,34000,56000,1
56,35,4466,R0C0,CL039,35000,-56000,35000,56000,35000,56000,1
56,36,4467,R0C0,CL041,36000,-56000,36000,56000,36000,56000,1
56,37,4468,R0C0,CL042,37000,-56000,37000,56000,37000,56000,1
56,38,4469,R0C0,CL043,38000,-56000,38000,56000,38000,56000,1
56,39,4470,R0C0,CL044,39000,-56000,39000,56000,39000,56000,1
56,40,4471,R0C0,CL045,40000,-56000,40000,56000,40000,56000,1
56,41,4472,R0C0,CL046,41000,-56000,41000,56000,41000,56000,1
56,42,4473,R0C0,CL047,42000,-56000,42000,56000,42000,56000,1
56,43,4474,R0C0,CL048,43000,-56000,43000,56000,43000,56000,1
56,44,4475,R0C0,CL049,44000,-56000,44000,56000,44000,56000,1
56,45,4476,R0C0,CL051,45000,-56000,45000,56000,45000,56000,1
56,46,4477,R0C0,CL052,46000,-56000,46000,56000,46000,56000,1
56,47,4478,R0C0,CL053,47000,-56000,47000,56000,47000,56000,1
56,48,4479,R0C0,CL054,48000,-56000,48000,56000,48000,56000,1
56,49,4480,R0C0,CL055,49000,-56000,49000,56000,49000,56000,1
56,50,4481,R0C0,CL056,50000,-56000,50000,56000,50000,56000,1
56,51,4482,R0C0,CL057,51000,-56000,51000,56000,51000,56000,1
56,52,4483,R0C0,CL058,52000,-56000,52000,56000,52000,56000,1
56,53,4484,R0C0,CL059,53000,-56000,53000,56000,53000,56000,1
56,54,4485,R0C0,CL061,54000,-56000,54000,56000,54000,56000,1
56,55,4486,R0C0,CL062,55000,-56000,55000,56000,55000,56000,1
56,56,4487,R0C0,CL063,56000,-56000,56000,56000,56000,56000,1
56,57,4488,R0C0,CL064,57000,-56000,57000,56000,57000,56000,1
56,58,4489,R0C0,CL065,58000,-56000,58000,56000,58000,56000,1
56,59,4490,R0C0,CL066,59000,-56000,59000,56000,59000,56000,1
56,60,4491,R0C0,CL067,60000,-56000,60000,56000,60000,56000,1
56,61,4492,R0C0,CL068,61000,-56000,61000,56000,61000,56000,1
56,62,4493,R0C0,CL069,62000,-56000,62000,56000,62000,56000,1
56,63,4494,R0C0,CL071,63000,-56000,63000,56000,63000,56000,1
56,64,4495,R0C0,CL072,64000,-56000,64000,56000,64000,56000,1
56,65,4496,R0C0,CL073,65000,-56000,65000,56000,65000,56000,1
56,66,4497,R0C0,CL074,66000,-56000,66000,56000,66000,56000,1
56,67,4498,R0C0,CL075,67000,-56000,67000,56000,67000,56000,1
56,68,4499,R0C0,CL076,68000,-56000,68000,56000,68000,56000,1
56,69,4500,R0C0,CL077,69000,-56000,69000,56000,69000,56000,1
56,70,4501,R0C0,CL078,70000,-56000,70000,56000,70000,56000,1
56,71,4502,R0C0,CL079,71000,-56000,71000,56000,71000,56000,1
56,72,4503,R0C0,CL081,72000,-56000,72000,56000,72000,56000,1
56,73,4504,R0C0,CL082,73000,-56000,73000,56000,73000,56000,1
56,74,4505,R0C0,CL083,74000,-56000,74000,56000,74000,56000,1
56,75,4506,R0C0,CL084,75000,-56000,75000,56000,75000,56000,1
56,76,4507,R0C0,CL085,76000,-56000,76000,56000,76000,56000,1
56,77,4508,R0C0,CL086,77000,-56000,77000,56000,77000,56000,1
56,78,4509,R0C0,CL087,78000,-56000,78000,56000,78000,56000,1
56,79,4510,R0C0,CL088,79000,-56000,79000,56000,79000,56000,1
56,80,4511,R0C0,CL089,80000,-56000,80000,56000,80000,56000,1
56,81,4512,R0C0,CL091,81000,-56000,81000,56000,81000,56000,1
56,82,4513,R0C0,CL092,82000,-56000,82000,56000,82000,56000,1
56,83,4514,R0C0,CL093,83000,-56000,83000,56000,83000,56000,1
56,84,4515,R0C0,CL094,84000,-56000,84000,56000,84000,56000,1
56,85,4516,R0C0,CL095,85000,-56000,85000,56000,85000,56000,1
56,86,4517,R0C0,CL096,86000,-56000,86000,56000,86000,56000,1
56,87,4518,R0C0,CL097,87000,-56000,87000,56000,87000,56000,1
56,88,4519,R0C0,CL098,88000,-56000,88000,56000,88000,56000,1
56,89,4520,R0C0,CL099,89000,-56000,89000,56000,89000,56000,1
56,90,4521,R0C0,CL101,90000,-56000,90000,56000,90000,56000,1
56,91,4522,R0C0,CL102,91000,-56000,91000,56000,91000,56000,1
56,92,4523,R0C0,CL103,92000,-56000,92000,56000,92000,56000,1
56,93,4524,R0C0,CL104,93000,-56000,93000,56000,93000,56000,1
56,94,4525,R0C0,CL105,94000,-56000,94000,56000,94000,56000,1
56,95,4526,R0C0,CL106,95000,-56000,95000,56000,95000,56000,1
56,96,4527,R0C0,CL107,96000,-56000,96000,56000,96000,56000,1
56,97,4528,R0C0,CL108,97000,-56000,97000,56000,97000,56000,1
56,98,4529,R0C0,CL109,98000,-56000,98000,56000,98000,56000,1
56,99,4530,R0C0,CL111,99000,-56000,99000,56000,99000,56000,1
56,100,4531,R0C0,CL112,100000,-56000,100000,56000,100000,56000,1
56,101,4532,R0C0,CL113,101000,-56000,101000,56000,101000,56000,1
56,102,4533,R0C0,CL114,102000,-56000,102000,56000,102000,56000,1
56,103,4534,R0C0,CL115,103000,-56000,103000,56000,103000,56000,1
56,104,4535,R0C0,CL116,104000,-56000,104000,56000,104000,56000,1
57,0,4536,R0C0,CM001,0,-57000,0,57000,0,57000,1
57,1,4537,R0C0,CM002,1000,-57000,1000,57000,1000,57000,1
57,2,4538,R0C0,CM003,2000,-57000,2000,57000,2000,57000,1
57,3,4539,R0C0,CM004,3000,-57000,3000,57000,3000,57000,1
57,4,4540,R0C0,CM005,4000,-57000,4000,57000,4000,57000,1
57,5,4541,R0C0,CM006,5000,-57000,5000,57000,5000,57000,1
57,6,4542,R0C0,CM007,6000,-57000,6000,57000,6000,57000,1
57,7,4543,R0C0,CM008,7000,-57000,7000,57000,7000,57000,1
57,8,4544,R0C0,CM009,8000,-57000,8000,57000,8000,57000,1
57,9,4545,R0C0,CM011,9000,-57000,9000,57000,9000,57000,1
57,10,4546,R0C0,CM012,10000,-57000,10000,57000,10000,57000,1
57,11,4547,R0C0,CM013,11000,-57000,11000,57000,11000,57000,1
57,12,4548,R0C0,CM014,12000,-57000,12000,57000,12000,57000,1
57,13,4549,R0C0,CM015,13000,-57000,13000,57000,13000,57000,1
57,14,4550,R0C0,CM016,14000,-57000,14000,57000,14000,57000,1
57,15,4551,R0C0,CM017,15000,-57000,15000,57000,15000,57000,1
57,16,4552,R0C0,CM018,16000,-57000,16000,57000,16000,57000,1
57,17,4553,R0C0,CM019,17000,-57000,17000,57000,17000,57000,1
57,18,4554,R0C0,CM021,18000,-57000,18000,57000,18000,57000,1
57,19,4555,R0C0,CM022,19000,-57000,19000,57000,19000,57000,1
57,20,4556,R0C0,CM023,20000,-57000,20000,57000,20000,57000,1
57,21,4557,R0C0,CM024,21000,-57000,21000,57000,21000,57000,1
57,22,4558,R0C0,CM025,22000,-57000,22000,57000,22000,57000,1
57,23,4559,R0C0,CM026,23000,-57000,23000,57000,23000,57000,1
57,24,4560,R0C0,CM027,24000,-57000,24000,57000,24000,57000,1
57,25,4561,R0C0,CM028,25000,-57000,25000,57000,25000,57000,1
57,26,4562,R0C0,CM029,26000,-57000,26000,57000,26000,57000,1
57,27,4563,R0C0,CM031,27000,-57000,27000,57000,27000,57000,1
57,28,4564,R0C0,CM032,28000,-57000,28000,57000,28000,57000,1
57,29,4565,R0C0,CM033,29000,-57000,29000,57000,29000,57000,1
57,30,4566,R0C0,CM034,30000,-57000,30000,57000,30000,57000,1
57,31,4567,R0C0,CM035,31000,-57000,31000,57000,31000,57000,1
57,32,4568,R0C0,CM036,32000,-57000,32000,57000,32000,57000,1
57,33,4569,R0C0,CM037,33000,-57000,33000,57000,33000,57000,1
57,34,4570,R0C0,CM038,34000,-57000,34000,57000,34000,57000,1
57,35,4571,R0C0,CM039,35000,-57000,35000,57000,35000,57000,1
57,36,4572,R0C0,CM041,36000,-57000,36000,57000,36000,57000,1
57,37,4573,R0C0,CM042,37000,-57000,37000,57000,37000,57000,1
57,38,4574,R0C0,CM043,38000,-57000,38000,57000,38000,57000,1
57,39,4575,R0C0,CM044,39000,-57000,39000,57000,39000,57000,1
57,40,4576,R0C0,CM045,40000,-57000,40000,57000,40000,57000,1
57,41,4577,R0C0,CM046,41000,-57000,41000,57000,41000,57000,1
57,42,4578,R0C0,CM047,42000,-57000,42000,57000,42000,57000,1
57,43,4579,R0C0,CM048,43000,-57000,43000,57000,43000,57000,1
57,44,4580,R0C0,CM049,44000,-57000,44000,57000,44000,57000,1
57,45,4581,R0C0,CM051,45000,-57000,45000,57000,45000,57000,1
57,46,4582,R0C0,CM052,46000,-57000,46000,57000,46000,57000,1
57,47,4583,R0C0,CM053,47000,-57000,47000,57000,47000,57000,1
57,48,4584,R0C0,CM054,48000,-57000,48000,57000,48000,57000,1
57,49,4585,R0C0,CM055,49000,-57000,49000,57000,49000,57000,1
57,50,4586,R0C0,CM056,50000,-57000,50000,57000,50000,57000,1
57,51,4587,R0C0,CM057,51000,-57000,51000,57000,51000,57000,1
57,52,4588,R0C0,CM058,52000,-57000,52000,57000,52000,57000,1
57,53,4589,R0C0,CM059,53000,-57000,53000,57000,53000,57000,1
57,54,4590,R0C0,CM061,54000,-57000,54000,57000,54000,57000,1
57,55,4591,R0C0,CM062,55000,-57000,55000,57000,55000,57000,1
57,56,4592,R0C0,CM063,56000,-57000,56000,57000,56000,57000,1
57,57,4593,R0C0,CM064,57000,-57000,57000,57000,57000,57000,1
57,58,4594,R0C0,CM065,58000,-57000,58000,57000,58000,57000,1
57,59,4595,R0C0,CM066,59000,-57000,59000,57000,59000,57000,1
57,60,4596,R0C0,CM067,60000,-57000,60000,57000,60000,57000,1
57,61,4597,R0C0,CM068,61000,-57000,61000,57000,61000,57000,1
57,62,4598,R0C0,CM069,62000,-57000,62000,57000,62000,57000,1
57,63,4599,R0C0,CM071,63000,-57000,63000,57000,63000,57000,1
57,64,4600,R0C0,CM072,64000,-57000,64000,57000,64000,57000,1
57,65,4601,R0C0,CM073,65000,-57000,65000,57000,65000,57000,1
57,66,4602,R0C0,CM074,66000,-57000,66000,57000,66000,57000,1
57,67,4603,R0C0,CM075,67000,-57000,67000,57000,67000,57000,1
57,68,4604,R0C0,CM076,68000,-57000,68000,57000,68000,57000,1
57,69,4605,R0C0,CM077,69000,-57000,69000,57000,69000,57000,1
57,70,4606,R0C0,CM078,70000,-57000,70000,57000,70000,57000,1
57,71,4607,R0C0,CM079,71000,-57000,71000,57000,71000,57000,1
57,72,4608,R0C0,CM081,72000,-57000,72000,57000,72000,57000,1
57,73,4609,R0C0,CM082,73000,-57000,73000,57000,73000,57000,1
57,74,4610,R0C0,CM083,74000,-57000,74000,57000,74000,57000,1
57,75,4611,R0C0,CM084,75000,-57000,75000,57000,75000,57000,1
57,76,4612,R0C0,CM085,76000,-57000,76000,57000,76000,57000,1
57,77,4613,R0C0,CM086,77000,-57000,77000,57000,77000,57000,1
57,78,4614,R0C0,CM087,78000,-57000,78000,57000,78000,57000,1
57,79,4615,R0C0,CM088,79000,-57000,79000,57000,79000,57000,1
57,80,4616,R0C0,CM089,80000,-57000,80000,57000,80000,57000,1
57,81,4617,R0C0,CM091,81000,-57000,81000,57000,81000,57000,1
57,82,4618,R0C0,CM092,82000,-57000,82000,57000,82000,57000,1
57,83,4619,R0C0,CM093,83000,-57000,83000,57000,83000,57000,1
57,84,4620,R0C0,CM094,84000,-57000,84000,57000,84000,57000,1
57,85,4621,R0C0,CM095,85000,-57000,85000,57000,85000,57000,1
57,86,4622,R0C0,CM096,86000,-57000,86000,57000,86000,57000,1
57,87,4623,R0C0,CM097,87000,-57000,87000,57000,87000,57000,1
57,88,4624,R0C0,CM098,88000,-57000,88000,57000,88000,57000,1
57,89,4625,R0C0,CM099,89000,-57000,89000,57000,89000,57000,1
57,90,4626,R0C0,CM101,90000,-57000,90000,57000,90000,57000,1
57,91,4627,R0C0,CM102,91000,-57000,91000,57000,91000,57000,1
57,92,4628,R0C0,CM103,92000,-57000,92000,57000,92000,57000,1
57,93,4629,R0C0,CM104,93000,-57000,93000,57000,93000,57000,1
57,94,4630,R0C0,CM105,94000,-57000,94000,57000,94000,57000,1
57,95,4631,R0C0,CM106,95000,-57000,95000,57000,95000,57000,1
57,96,4632,R0C0,CM107,96000,-57000,96000,57000,96000,57000,1
57,97,4633,R0C0,CM108,97000,-57000,97000,57000,97000,57000,1
57,98,4634,R0C0,CM109,98000,-57000,98000,57000,98000,57000,1
57,99,4635,R0C0,CM111,99000,-57000,99000,57000,99000,57000,1
57,100,4636,R0C0,CM112,100000,-57000,100000,57000,100000,57000,1
57,101,4637,R0C0,CM113,101000,-57000,101000,57000,101000,57000,1
57,102,4638,R0C0,CM114,102000,-57000,102000,57000,102000,57000,1
57,103,4639,R0C0,CM115,103000,-57000,103000,57000,103000,57000,1
57,104,4640,R0C0,CM116,104000,-57000,104000,57000,104000,57000,1
58,0,4641,R0C0,CN001,0,-58000,0,58000,0,58000,1
58,1,4642,R0C0,CN002,1000,-58000,1000,58000,1000,58000,1
58,2,4643,R0C0,CN003,2000,-58000,2000,58000,2000,58000,1
58,3,4644,R0C0,CN004,3000,-58000,3000,58000,3000,58000,1
58,4,4645,R0C0,CN005,4000,-58000,4000,58000,4000,58000,1
58,5,4646,R0C0,CN006,5000,-58000,5000,58000,5000,58000,1
58,6,4647,R0C0,CN007,6000,-58000,6000,58000,6000,58000,1
58,7,4648,R0C0,CN008,7000,-58000,7000,58000,7000,58000,1
58,8,4649,R0C0,CN009,8000,-58000,8000,58000,8000,58000,1
58,9,4650,R0C0,CN011,9000,-58000,9000,58000,9000,58000,1
58,10,4651,R0C0,CN012,10000,-58000,10000,58000,10000,58000,1
58,11,4652,R0C0,CN013,11000,-58000,11000,58000,11000,58000,1
58,12,4653,R0C0,CN014,12000,-58000,12000,58000,12000,58000,1
58,13,4654,R0C0,CN015,13000,-58000,13000,58000,13000,58000,1
58,14,4655,R0C0,CN016,14000,-58000,14000,58000,14000,58000,1
58,15,4656,R0C0,CN017,15000,-58000,15000,58000,15000,58000,1
58,16,4657,R0C0,CN018,16000,-58000,16000,58000,16000,58000,1
58,17,4658,R0C0,CN019,17000,-58000,17000,58000,17000,58000,1
58,18,4659,R0C0,CN021,18000,-58000,18000,58000,18000,58000,1
58,19,4660,R0C0,CN022,19000,-58000,19000,58000,19000,58000,1
58,20,4661,R0C0,CN023,20000,-58000,20000,58000,20000,58000,1
58,21,4662,R0C0,CN024,21000,-58000,21000,58000,21000,58000,1
58,22,4663,R0C0,CN025,22000,-58000,22000,58000,22000,58000,1
58,23,4664,R0C0,CN026,23000,-58000,23000,58000,23000,58000,1
58,24,4665,R0C0,CN027,24000,-58000,24000,58000,24000,58000,1
58,25,4666,R0C0,CN028,25000,-58000,25000,58000,25000,58000,1
58,26,4667,R0C0,CN029,26000,-58000,26000,58000,26000,58000,1
58,27,4668,R0C0,CN031,27000,-58000,27000,58000,27000,58000,1
58,28,4669,R0C0,CN032,28000,-58000,28000,58000,28000,58000,1
58,29,4670,R0C0,CN033,29000,-58000,29000,58000,29000,58000,1
58,30,4671,R0C0,CN034,30000,-58000,30000,58000,30000,58000,1
58,31,4672,R0C0,CN035,31000,-58000,31000,58000,31000,58000,1
58,32,4673,R0C0,CN036,32000,-58000,32000,58000,32000,58000,1
58,33,4674,R0C0,CN037,33000,-58000,33000,58000,33000,58000,1
58,34,4675,R0C0,CN038,34000,-58000,34000,58000,34000,58000,1
58,35,4676,R0C0,CN039,35000,-58000,35000,58000,35000,58000,1
58,36,4677,R0C0,CN041,36000,-58000,36000,58000,36000,58000,1
58,37,4678,R0C0,CN042,37000,-58000,37000,58000,37000,58000,1
58,38,4679,R0C0,CN043,38000,-58000,38000,58000,38000,58000,1
58,39,4680,R0C0,CN044,39000,-58000,39000,58000,39000,58000,1
58,40,4681,R0C0,CN045,40000,-58000,40000,58000,40000,58000,1
58,41,4682,R0C0,CN046,41000,-58000,41000,58000,41000,58000,1
58,42,4683,R0C0,CN047,42000,-58000,42000,58000,42000,58000,1
58,43,4684,R0C0,CN048,43000,-58000,43000,58000,43000,58000,1
58,44,4685,R0C0,CN049,44000,-58000,44000,58000,44000,58000,1
58,45,4686,R0C0,CN051,45000,-58000,45000,58000,45000,58000,1
58,46,4687,R0C0,CN052,46000,-58000,46000,58000,46000,58000,1
58,47,4688,R0C0,CN053,47000,-58000,47000,58000,47000,58000,1
58,48,4689,R0C0,CN054,48000,-58000,48000,58000,48000,58000,1
58,49,4690,R0C0,CN055,49000,-58000,49000,58000,49000,58000,1
58,50,4691,R0C0,CN056,50000,-58000,50000,58000,50000,58000,1
58,51,4692,R0C0,CN057,51000,-58000,51000,58000,51000,58000,1
58,52,4693,R0C0,CN058,52000,-58000,52000,58000,52000,58000,1
58,53,4694,R0C0,CN059,53000,-58000,53000,58000,53000,58000,1
58,54,4695,R0C0,CN061,54000,-58000,54000,58000,54000,58000,1
58,55,4696,R0C0,CN062,55000,-58000,55000,58000,55000,58000,1
58,56,4697,R0C0,CN063,56000,-58000,56000,58000,56000,58000,1
58,57,4698,R0C0,CN064,57000,-58000,57000,58000,57000,58000,1
58,58,4699,R0C0,CN065,58000,-58000,58000,58000,58000,58000,1
58,59,4700,R0C0,CN066,59000,-58000,59000,58000,59000,58000,1
58,60,4701,R0C0,CN067,60000,-58000,60000,58000,60000,58000,1
58,61,4702,R0C0,CN068,61000,-58000,61000,58000,61000,58000,1
58,62,4703,R0C0,CN069,62000,-58000,62000,58000,62000,58000,1
58,63,4704,R0C0,CN071,63000,-58000,63000,58000,63000,58000,1
58,64,4705,R0C0,CN072,64000,-58000,64000,58000,64000,58000,1
58,65,4706,R0C0,CN073,65000,-58000,65000,58000,65000,58000,1
58,66,4707,R0C0,CN074,66000,-58000,66000,58000,66000,58000,1
58,67,4708,R0C0,CN075,67000,-58000,67000,58000,67000,58000,1
58,68,4709,R0C0,CN076,68000,-58000,68000,58000,68000,58000,1
58,69,4710,R0C0,CN077,69000,-58000,69000,58000,69000,58000,1
58,70,4711,R0C0,CN078,70000,-58000,70000,58000,70000,58000,1
58,71,4712,R0C0,CN079,71000,-58000,71000,58000,71000,58000,1
58,72,4713,R0C0,CN081,72000,-58000,72000,58000,72000,58000,1
58,73,4714,R0C0,CN082,73000,-58000,73000,58000,73000,58000,1
58,74,4715,R0C0,CN083,74000,-58000,74000,58000,74000,58000,1
58,75,4716,R0C0,CN084,75000,-58000,75000,58000,75000,58000,1
58,76,4717,R0C0,CN085,76000,-58000,76000,58000,76000,58000,1
58,77,4718,R0C0,CN086,77000,-58000,77000,58000,77000,58000,1
58,78,4719,R0C0,CN087,78000,-58000,78000,58000,78000,58000,1
58,79,4720,R0C0,CN088,79000,-58000,79000,58000,79000,58000,1
58,80,4721,R0C0,CN089,80000,-58000,80000,58000,80000,58000,1
58,81,4722,R0C0,CN091,81000,-58000,81000,58000,81000,58000,1
58,82,4723,R0C0,CN092,82000,-58000,82000,58000,82000,58000,1
58,83,4724,R0C0,CN093,83000,-58000,83000,58000,83000,58000,1
58,84,4725,R0C0,CN094,84000,-58000,84000,58000,84000,58000,1
58,85,4726,R0C0,CN095,85000,-58000,85000,58000,85000,58000,1
58,86,4727,R0C0,CN096,86000,-58000,86000,58000,86000,58000,1
58,87,4728,R0C0,CN097,87000,-58000,87000,58000,87000,58000,1
58,88,4729,R0C0,CN098,88000,-58000,88000,58000,88000,58000,1
58,89,4730,R0C0,CN099,89000,-58000,89000,58000,89000,58000,1
58,90,4731,R0C0,CN101,90000,-58000,90000,58000,90000,58000,1
58,91,4732,R0C0,CN102,91000,-58000,91000,58000,91000,58000,1
58,92,4733,R0C0,CN103,92000,-58000,92000,58000,92000,58000,1
58,93,4734,R0C0,CN104,93000,-58000,93000,58000,93000,58000,1
58,94,4735,R0C0,CN105,94000,-58000,94000,58000,94000,58000,1
58,95,4736,R0C0,CN106,95000,-58000,95000,58000,95000,58000,1
58,96,4737,R0C0,CN107,96000,-58000,96000,58000,96000,58000,1
58,97,4738,R0C0,CN108,97000,-58000,97000,58000,97000,58000,1
58,98,4739,R0C0,CN109,98000,-58000,98000,58000,98000,58000,1
58,99,4740,R0C0,CN111,99000,-58000,99000,58000,99000,58000,1
58,100,4741,R0C0,CN112,100000,-58000,100000,58000,100000,58000,1
58,101,4742,R0C0,CN113,101000,-58000,101000,58000,101000,58000,1
58,102,4743,R0C0,CN114,102000,-58000,102000,58000,102000,58000,1
58,103,4744,R0C0,CN115,103000,-58000,103000,58000,103000,58000,1
58,104,4745,R0C0,CN116,104000,-58000,104000,58000,104000,58000,1
59,0,4746,R0C0,CP001,0,-59000,0,59000,0,59000,1
59,1,4747,R0C0,CP002,1000,-59000,1000,59000,1000,59000,1
59,2,4748,R0C0,CP003,2000,-59000,2000,59000,2000,59000,1
59,3,4749,R0C0,CP004,3000,-59000,3000,59000,3000,59000,1
59,4,4750,R0C0,CP005,4000,-59000,4000,59000,4000,59000,1
59,5,4751,R0C0,CP006,5000,-59000,5000,59000,5000,59000,1
59,6,4752,R0C0,CP007,6000,-59000,6000,59000,6000,59000,1
59,7,4753,R0C0,CP008,7000,-59000,7000,59000,7000,59000,1
59,8,4754,R0C0,CP009,8000,-59000,8000,59000,8000,59000,1
59,9,4755,R0C0,CP011,9000,-59000,9000,59000,9000,59000,1
59,10,4756,R0C0,CP012,10000,-59000,10000,59000,10000,59000,1
59,11,4757,R0C0,CP013,11000,-59000,11000,59000,11000,59000,1
59,12,4758,R0C0,CP014,12000,-59000,12000,59000,12000,59000,1
59,13,4759,R0C0,CP015,13000,-59000,13000,59000,13000,59000,1
59,14,4760,R0C0,CP016,14000,-59000,14000,59000,14000,59000,1
59,15,4761,R0C0,CP017,15000,-59000,15000,59000,15000,59000,1
59,16,4762,R0C0,CP018,16000,-59000,16000,59000,16000,59000,1
59,17,4763,R0C0,CP019,17000,-59000,17000,59000,17000,59000,1
59,18,4764,R0C0,CP021,18000,-59000,18000,59000,18000,59000,1
59,19,4765,R0C0,CP022,19000,-59000,19000,59000,19000,59000,1
59,20,4766,R0C0,CP023,20000,-59000,20000,59000,20000,59000,1
59,21,4767,R0C0,CP024,21000,-59000,21000,59000,21000,59000,1
59,22,4768,R0C0,CP025,22000,-59000,22000,59000,22000,59000,1
59,23,4769,R0C0,CP026,23000,-59000,23000,59000,23000,59000,1
59,24,4770,R0C0,CP027,24000,-59000,24000,59000,24000,59000,1
59,25,4771,R0C0,CP028,25000,-59000,25000,59000,25000,59000,1
59,26,4772,R0C0,CP029,26000,-59000,26000,59000,26000,59000,1
59,27,4773,R0C0,CP031,27000,-59000,27000,59000,27000,59000,1
59,28,4774,R0C0,CP032,28000,-59000,28000,59000,28000,59000,1
59,29,4775,R0C0,CP033,29000,-59000,29000,59000,29000,59000,1
59,30,4776,R0C0,CP034,30000,-59000,30000,59000,30000,59000,1
59,31,4777,R0C0,CP035,31000,-59000,31000,59000,31000,59000,1
59,32,4778,R0C0,CP036,32000,-59000,32000,59000,32000,59000,1
59,33,4779,R0C0,CP037,33000,-59000,33000,59000,33000,59000,1
59,34,4780,R0C0,CP038,34000,-59000,34000,59000,34000,59000,1
59,35,4781,R0C0,CP039,35000,-59000,35000,59000,35000,59000,1
59,36,4782,R0C0,CP041,36000,-59000,36000,59000,36000,59000,1
59,37,4783,R0C0,CP042,37000,-59000,37000,59000,37000,59000,1
59,38,4784,R0C0,CP043,38000,-59000,38000,59000,38000,59000,1
59,39,4785,R0C0,CP044,39000,-59000,39000,59000,39000,59000,1
59,40,4786,R0C0,CP045,40000,-59000,40000,59000,40000,59000,1
59,41,4787,R0C0,CP046,41000,-59000,41000,59000,41000,59000,1
59,42,4788,R0C0,CP047,42000,-59000,42000,59000,42000,59000,1
59,43,4789,R0C0,CP048,43000,-59000,43000,59000,43000,59000,1
59,44,4790,R0C0,CP049,44000,-59000,44000,59000,44000,59000,1
59,45,4791,R0C0,CP051,45000,-59000,45000,59000,45000,59000,1
59,46,4792,R0C0,CP052,46000,-59000,46000,59000,46000,59000,1
59,47,4793,R0C0,CP053,47000,-59000,47000,59000,47000,59000,1
59,48,4794,R0C0,CP054,48000,-59000,48000,59000,48000,59000,1
59,49,4795,R0C0,CP055,49000,-59000,49000,59000,49000,59000,1
59,50,4796,R0C0,CP056,50000,-59000,50000,59000,50000,59000,1
59,51,4797,R0C0,CP057,51000,-59000,51000,59000,51000,59000,1
59,52,4798,R0C0,CP058,52000,-59000,52000,59000,52000,59000,1
59,53,4799,R0C0,CP059,53000,-59000,53000,59000,53000,59000,1
59,54,4800,R0C0,CP061,54000,-59000,54000,59000,54000,59000,1
59,55,4801,R0C0,CP062,55000,-59000,55000,59000,55000,59000,1
59,56,4802,R0C0,CP063,56000,-59000,56000,59000,56000,59000,1
59,57,4803,R0C0,CP064,57000,-59000,57000,59000,57000,59000,1
59,58,4804,R0C0,CP065,58000,-59000,58000,59000,58000,59000,1
59,59,4805,R0C0,CP066,59000,-59000,59000,59000,59000,59000,1
59,60,4806,R0C0,CP067,60000,-59000,60000,59000,60000,59000,1
59,61,4807,R0C0,CP068,61000,-59000,61000,59000,61000,59000,1
59,62,4808,R0C0,CP069,62000,-59000,62000,59000,62000,59000,1
59,63,4809,R0C0,CP071,63000,-59000,63000,59000,63000,59000,1
59,64,4810,R0C0,CP072,64000,-59000,64000,59000,64000,59000,1
59,65,4811,R0C0,CP073,65000,-59000,65000,59000,65000,59000,1
59,66,4812,R0C0,CP074,66000,-59000,66000,59000,66000,59000,1
59,67,4813,R0C0,CP075,67000,-59000,67000,59000,67000,59000,1
59,68,4814,R0C0,CP076,68000,-59000,68000,59000,68000,59000,1
59,69,4815,R0C0,CP077,69000,-59000,69000,59000,69000,59000,1
59,70,4816,R0C0,CP078,70000,-59000,70000,59000,70000,59000,1
59,71,4817,R0C0,CP079,71000,-59000,71000,59000,71000,59000,1
59,72,4818,R0C0,CP081,72000,-59000,72000,59000,72000,59000,1
59,73,4819,R0C0,CP082,73000,-59000,73000,59000,73000,59000,1
59,74,4820,R0C0,CP083,74000,-59000,74000,59000,74000,59000,1
59,75,4821,R0C0,CP084,75000,-59000,75000,59000,75000,59000,1
59,76,4822,R0C0,CP085,76000,-59000,76000,59000,76000,59000,1
59,77,4823,R0C0,CP086,77000,-59000,77000,59000,77000,59000,1
59,78,4824,R0C0,CP087,78000,-59000,78000,59000,78000,59000,1
59,79,4825,R0C0,CP088,79000,-59000,79000,59000,79000,59000,1
59,80,4826,R0C0,CP089,80000,-59000,80000,59000,80000,59000,1
59,81,4827,R0C0,CP091,81000,-59000,81000,59000,81000,59000,1
59,82,4828,R0C0,CP092,82000,-59000,82000,59000,82000,59000,1
59,83,4829,R0C0,CP093,83000,-59000,83000,59000,83000,59000,1
59,84,4830,R0C0,CP094,84000,-59000,84000,59000,84000,59000,1
59,85,4831,R0C0,CP095,85000,-59000,85000,59000,85000,59000,1
59,86,4832,R0C0,CP096,86000,-59000,86000,59000,86000,59000,1
59,87,4833,R0C0,CP097,87000,-59000,87000,59000,87000,59000,1
59,88,4834,R0C0,CP098,88000,-59000,88000,59000,88000,59000,1
59,89,4835,R0C0,CP099,89000,-59000,89000,59000,89000,59000,1
59,90,4836,R0C0,CP101,90000,-59000,90000,59000,90000,59000,1
59,91,4837,R0C0,CP102,91000,-59000,91000,59000,91000,59000,1
59,92,4838,R0C0,CP103,92000,-59000,92000,59000,92000,59000,1
59,93,4839,R0C0,CP104,93000,-59000,93000,59000,93000,59000,1
59,94,4840,R0C0,CP105,94000,-59000,94000,59000,94000,59000,1
59,95,4841,R0C0,CP106,95000,-59000,95000,59000,95000,59000,1
59,96,4842,R0C0,CP107,96000,-59000,96000,59000,96000,59000,1
59,97,4843,R0C0,CP108,97000,-59000,97000,59000,97000,59000,1
59,98,4844,R0C0,CP109,98000,-59000,98000,59000,98000,59000,1
59,99,4845,R0C0,CP111,99000,-59000,99000,59000,99000,59000,1
59,100,4846,R0C0,CP112,100000,-59000,100000,59000,100000,59000,1
59,101,4847,R0C0,CP113,101000,-59000,101000,59000,101000,59000,1
59,102,4848,R0C0,CP114,102000,-59000,102000,59000,102000,59000,1
59,103,4849,R0C0,CP115,103000,-59000,103000,59000,103000,59000,1
59,104,4850,R0C0,CP116,104000,-59000,104000,59000,104000,59000,1
60,5,4851,R0C0,CR006,5000,-60000,5000,60000,5000,60000,1
60,6,4852,R0C0,CR007,6000,-60000,6000,60000,6000,60000,1
60,7,4853,R0C0,CR008,7000,-60000,7000,60000,7000,60000,1
60,8,4854,R0C0,CR009,8000,-60000,8000,60000,8000,60000,1
60,9,4855,R0C0,CR011,9000,-60000,9000,60000,9000,60000,1
60,10,4856,R0C0,CR012,10000,-60000,10000,60000,10000,60000,1
60,11,4857,R0C0,CR013,11000,-60000,11000,60000,11000,60000,1
60,12,4858,R0C0,CR014,12000,-60000,12000,60000,12000,60000,1
60,13,4859,R0C0,CR015,13000,-60000,13000,60000,13000,60000,1
60,14,4860,R0C0,CR016,14000,-60000,14000,60000,14000,60000,1
60,15,4861,R0C0,CR017,15000,-60000,15000,60000,15000,60000,1
60,16,4862,R0C0,CR018,16000,-60000,16000,60000,16000,60000,1
60,17,4863,R0C0,CR019,17000,-60000,17000,60000,17000,60000,1
60,18,4864,R0C0,CR021,18000,-60000,18000,60000,18000,60000,1
60,19,4865,R0C0,CR022,19000,-60000,19000,60000,19000,60000,1
60,20,4866,R0C0,CR023,20000,-60000,20000,60000,20000,60000,1
60,21,4867,R0C0,CR024,21000,-60000,21000,60000,21000,60000,1
60,22,4868,R0C0,CR025,22000,-60000,22000,60000,22000,60000,1
60,23,4869,R0C0,CR026,23000,-60000,23000,60000,23000,60000,1
60,24,4870,R0C0,CR027,24000,-60000,24000,60000,24000,60000,1
60,25,4871,R0C0,CR028,25000,-60000,25000,60000,25000,60000,1
60,26,4872,R0C0,CR029,26000,-60000,26000,60000,26000,60000,1
60,27,4873,R0C0,CR031,27000,-60000,27000,60000,27000,60000,1
60,28,4874,R0C0,CR032,28000,-60000,28000,60000,28000,60000,1
60,29,4875,R0C0,CR033,29000,-60000,29000,60000,29000,60000,1
60,30,4876,R0C0,CR034,30000,-60000,30000,60000,30000,60000,1
60,31,4877,R0C0,CR035,31000,-60000,31000,60000,31000,60000,1
60,32,4878,R0C0,CR036,32000,-60000,32000,60000,32000,60000,1
60,33,4879,R0C0,CR037,33000,-60000,33000,60000,33000,60000,1
60,34,4880,R0C0,CR038,34000,-60000,34000,60000,34000,60000,1
60,35,4881,R0C0,CR039,35000,-60000,35000,60000,35000,60000,1
60,36,4882,R0C0,CR041,36000,-60000,36000,60000,36000,60000,1
60,37,4883,R0C0,CR042,37000,-60000,37000,60000,37000,60000,1
60,38,4884,R0C0,CR043,38000,-60000,38000,60000,38000,60000,1
60,39,4885,R0C0,CR044,39000,-60000,39000,60000,39000,60000,1
60,40,4886,R0C0,CR045,40000,-60000,40000,60000,40000,60000,1
60,41,4887,R0C0,CR046,41000,-60000,41000,60000,41000,60000,1
60,42,4888,R0C0,CR047,42000,-60000,42000,60000,42000,60000,1
60,43,4889,R0C0,CR048,43000,-60000,43000,60000,43000,60000,1
60,44,4890,R0C0,CR049,44000,-60000,44000,60000,44000,60000,1
60,45,4891,R0C0,CR051,45000,-60000,45000,60000,45000,60000,1
60,46,4892,R0C0,CR052,46000,-60000,46000,60000,46000,60000,1
60,47,4893,R0C0,CR053,47000,-60000,47000,60000,47000,60000,1
60,48,4894,R0C0,CR054,48000,-60000,48000,60000,48000,60000,1
60,49,4895,R0C0,CR055,49000,-60000,49000,60000,49000,60000,1
60,50,4896,R0C0,CR056,50000,-60000,50000,60000,50000,60000,1
60,51,4897,R0C0,CR057,51000,-60000,51000,60000,51000,60000,1
60,52,4898,R0C0,CR058,52000,-60000,52000,60000,52000,60000,1
60,53,4899,R0C0,CR059,53000,-60000,53000,60000,53000,60000,1
60,54,4900,R0C0,CR061,54000,-60000,54000,60000,54000,60000,1
60,55,4901,R0C0,CR062,55000,-60000,55000,60000,55000,60000,1
60,56,4902,R0C0,CR063,56000,-60000,56000,60000,56000,60000,1
60,57,4903,R0C0,CR064,57000,-60000,57000,60000,57000,60000,1
60,58,4904,R0C0,CR065,58000,-60000,58000,60000,58000,60000,1
60,59,4905,R0C0,CR066,59000,-60000,59000,60000,59000,60000,1
60,60,4906,R0C0,CR067,60000,-60000,60000,60000,60000,60000,1
60,61,4907,R0C0,CR068,61000,-60000,61000,60000,61000,60000,1
60,62,4908,R0C0,CR069,62000,-60000,62000,60000,62000,60000,1
60,63,4909,R0C0,CR071,63000,-60000,63000,60000,63000,60000,1
60,64,4910,R0C0,CR072,64000,-60000,64000,60000,64000,60000,1
60,65,4911,R0C0,CR073,65000,-60000,65000,60000,65000,60000,1
60,66,4912,R0C0,CR074,66000,-60000,66000,60000,66000,60000,1
60,67,4913,R0C0,CR075,67000,-60000,67000,60000,67000,60000,1
60,68,4914,R0C0,CR076,68000,-60000,68000,60000,68000,60000,1
60,69,4915,R0C0,CR077,69000,-60000,69000,60000,69000,60000,1
60,70,4916,R0C0,CR078,70000,-60000,70000,60000,70000,60000,1
60,71,4917,R0C0,CR079,71000,-60000,71000,60000,71000,60000,1
60,72,4918,R0C0,CR081,72000,-60000,72000,60000,72000,60000,1
60,73,4919,R0C0,CR082,73000,-60000,73000,60000,73000,60000,1
60,74,4920,R0C0,CR083,74000,-60000,74000,60000,74000,60000,1
60,75,4921,R0C0,CR084,75000,-60000,75000,60000,75000,60000,1
60,76,4922,R0C0,CR085,76000,-60000,76000,60000,76000,60000,1
60,77,4923,R0C0,CR086,77000,-60000,77000,60000,77000,60000,1
60,78,4924,R0C0,CR087,78000,-60000,78000,60000,78000,60000,1
60,79,4925,R0C0,CR088,79000,-60000,79000,60000,79000,60000,1
60,80,4926,R0C0,CR089,80000,-60000,80000,60000,80000,60000,1
60,81,4927,R0C0,CR091,81000,-60000,81000,60000,81000,60000,1
60,82,4928,R0C0,CR092,82000,-60000,82000,60000,82000,60000,1
60,83,4929,R0C0,CR093,83000,-60000,83000,60000,83000,60000,1
60,84,4930,R0C0,CR094,84000,-60000,84000,60000,84000,60000,1
60,85,4931,R0C0,CR095,85000,-60000,85000,60000,85000,60000,1
60,86,4932,R0C0,CR096,86000,-60000,86000,60000,86000,60000,1
60,87,4933,R0C0,CR097,87000,-60000,87000,60000,87000,60000,1
60,88,4934,R0C0,CR098,88000,-60000,88000,60000,88000,60000,1
60,89,4935,R0C0,CR099,89000,-60000,89000,60000,89000,60000,1
60,90,4936,R0C0,CR101,90000,-60000,90000,60000,90000,60000,1
60,91,4937,R0C0,CR102,91000,-60000,91000,60000,91000,60000,1
60,92,4938,R0C0,CR103,92000,-60000,92000,60000,92000,60000,1
60,93,4939,R0C0,CR104,93000,-60000,93000,60000,93000,60000,1
60,94,4940,R0C0,CR105,94000,-60000,94000,60000,94000,60000,1
60,95,4941,R0C0,CR106,95000,-60000,95000,60000,95000,60000,1
60,96,4942,R0C0,CR107,96000,-60000,96000,60000,96000,60000,1
60,97,4943,R0C0,CR108,97000,-60000,97000,60000,97000,60000,1
60,98,4944,R0C0,CR109,98000,-60000,98000,60000,98000,60000,1
60,99,4945,R0C0,CR111,99000,-60000,99000,60000,99000,60000,1
61,5,4946,R0C0,CS006,5000,-61000,5000,61000,5000,61000,1
61,6,4947,R0C0,CS007,6000,-61000,6000,61000,6000,61000,1
61,7,4948,R0C0,CS008,7000,-61000,7000,61000,7000,61000,1
61,8,4949,R0C0,CS009,8000,-61000,8000,61000,8000,61000,1
61,9,4950,R0C0,CS011,9000,-61000,9000,61000,9000,61000,1
61,10,4951,R0C0,CS012,10000,-61000,10000,61000,10000,61000,1
61,11,4952,R0C0,CS013,11000,-61000,11000,61000,11000,61000,1
61,12,4953,R0C0,CS014,12000,-61000,12000,61000,12000,61000,1
61,13,4954,R0C0,CS015,13000,-61000,13000,61000,13000,61000,1
61,14,4955,R0C0,CS016,14000,-61000,14000,61000,14000,61000,1
61,15,4956,R0C0,CS017,15000,-61000,15000,61000,15000,61000,1
61,16,4957,R0C0,CS018,16000,-61000,16000,61000,16000,61000,1
61,17,4958,R0C0,CS019,17000,-61000,17000,61000,17000,61000,1
61,18,4959,R0C0,CS021,18000,-61000,18000,61000,18000,61000,1
61,19,4960,R0C0,CS022,19000,-61000,19000,61000,19000,61000,1
61,20,4961,R0C0,CS023,20000,-61000,20000,61000,20000,61000,1
61,21,4962,R0C0,CS024,21000,-61000,21000,61000,21000,61000,1
61,22,4963,R0C0,CS025,22000,-61000,22000,61000,22000,61000,1
61,23,4964,R0C0,CS026,23000,-61000,23000,61000,23000,61000,1
61,24,4965,R0C0,CS027,24000,-61000,24000,61000,24000,61000,1
61,25,4966,R0C0,CS028,25000,-61000,25000,61000,25000,61000,1
61,26,4967,R0C0,CS029,26000,-61000,26000,61000,26000,61000,1
61,27,4968,R0C0,CS031,27000,-61000,27000,61000,27000,61000,1
61,28,4969,R0C0,CS032,28000,-61000,28000,61000,28000,61000,1
61,29,4970,R0C0,CS033,29000,-61000,29000,61000,29000,61000,1
61,30,4971,R0C0,CS034,30000,-61000,30000,61000,30000,61000,1
61,31,4972,R0C0,CS035,31000,-61000,31000,61000,31000,61000,1
61,32,4973,R0C0,CS036,32000,-61000,32000,61000,32000,61000,1
61,33,4974,R0C0,CS037,33000,-61000,33000,61000,33000,61000,1
61,34,4975,R0C0,CS038,34000,-61000,34000,61000,34000,61000,1
61,35,4976,R0C0,CS039,35000,-61000,35000,61000,35000,61000,1
61,36,4977,R0C0,CS041,36000,-61000,36000,61000,36000,61000,1
61,37,4978,R0C0,CS042,37000,-61000,37000,61000,37000,61000,1
61,38,4979,R0C0,CS043,38000,-61000,38000,61000,38000,61000,1
61,39,4980,R0C0,CS044,39000,-61000,39000,61000,39000,61000,1
61,40,4981,R0C0,CS045,40000,-61000,40000,61000,40000,61000,1
61,41,4982,R0C0,CS046,41000,-61000,41000,61000,41000,61000,1
61,42,4983,R0C0,CS047,42000,-61000,42000,61000,42000,61000,1
61,43,4984,R0C0,CS048,43000,-61000,43000,61000,43000,61000,1
61,44,4985,R0C0,CS049,44000,-61000,44000,61000,44000,61000,1
61,45,4986,R0C0,CS051,45000,-61000,45000,61000,45000,61000,1
61,46,4987,R0C0,CS052,46000,-61000,46000,61000,46000,61000,1
61,47,4988,R0C0,CS053,47000,-61000,47000,61000,47000,61000,1
61,48,4989,R0C0,CS054,48000,-61000,48000,61000,48000,61000,1
61,49,4990,R0C0,CS055,49000,-61000,49000,61000,49000,61000,1
61,50,4991,R0C0,CS056,50000,-61000,50000,61000,50000,61000,1
61,51,4992,R0C0,CS057,51000,-61000,51000,61000,51000,61000,1
61,52,4993,R0C0,CS058,52000,-61000,52000,61000,52000,61000,1
61,53,4994,R0C0,CS059,53000,-61000,53000,61000,53000,61000,1
61,54,4995,R0C0,CS061,54000,-61000,54000,61000,54000,61000,1
61,55,4996,R0C0,CS062,55000,-61000,55000,61000,55000,61000,1
61,56,4997,R0C0,CS063,56000,-61000,56000,61000,56000,61000,1
61,57,4998,R0C0,CS064,57000,-61000,57000,61000,57000,61000,1
61,58,4999,R0C0,CS065,58000,-61000,58000,61000,58000,61000,1
61,59,5000,R0C0,CS066,59000,-61000,59000,61000,59000,61000,1
61,60,5001,R0C0,CS067,60000,-61000,60000,61000,60000,61000,1
61,61,5002,R0C0,CS068,61000,-61000,61000,61000,61000,61000,1
61,62,5003,R0C0,CS069,62000,-61000,62000,61000,62000,61000,1
61,63,5004,R0C0,CS071,63000,-61000,63000,61000,63000,61000,1
61,64,5005,R0C0,CS072,64000,-61000,64000,61000,64000,61000,1
61,65,5006,R0C0,CS073,65000,-61000,65000,61000,65000,61000,1
61,66,5007,R0C0,CS074,66000,-61000,66000,61000,66000,61000,1
61,67,5008,R0C0,CS075,67000,-61000,67000,61000,67000,61000,1
61,68,5009,R0C0,CS076,68000,-61000,68000,61000,68000,61000,1
61,69,5010,R0C0,CS077,69000,-61000,69000,61000,69000,61000,1
61,70,5011,R0C0,CS078,70000,-61000,70000,61000,70000,61000,1
61,71,5012,R0C0,CS079,71000,-61000,71000,61000,71000,61000,1
61,72,5013,R0C0,CS081,72000,-61000,72000,61000,72000,61000,1
61,73,5014,R0C0,CS082,73000,-61000,73000,61000,73000,61000,1
61,74,5015,R0C0,CS083,74000,-61000,74000,61000,74000,61000,1
61,75,5016,R0C0,CS084,75000,-61000,75000,61000,75000,61000,1
61,76,5017,R0C0,CS085,76000,-61000,76000,61000,76000,61000,1
61,77,5018,R0C0,CS086,77000,-61000,77000,61000,77000,61000,1
61,78,5019,R0C0,CS087,78000,-61000,78000,61000,78000,61000,1
61,79,5020,R0C0,CS088,79000,-61000,79000,61000,79000,61000,1
61,80,5021,R0C0,CS089,80000,-61000,80000,61000,80000,61000,1
61,81,5022,R0C0,CS091,81000,-61000,81000,61000,81000,61000,1
61,82,5023,R0C0,CS092,82000,-61000,82000,61000,82000,61000,1
61,83,5024,R0C0,CS093,83000,-61000,83000,61000,83000,61000,1
61,84,5025,R0C0,CS094,84000,-61000,84000,61000,84000,61000,1
61,85,5026,R0C0,CS095,85000,-61000,85000,61000,85000,61000,1
61,86,5027,R0C0,CS096,86000,-61000,86000,61000,86000,61000,1
61,87,5028,R0C0,CS097,87000,-61000,87000,61000,87000,61000,1
61,88,5029,R0C0,CS098,88000,-61000,88000,61000,88000,61000,1
61,89,5030,R0C0,CS099,89000,-61000,89000,61000,89000,61000,1
61,90,5031,R0C0,CS101,90000,-61000,90000,61000,90000,61000,1
61,91,5032,R0C0,CS102,91000,-61000,91000,61000,91000,61000,1
61,92,5033,R0C0,CS103,92000,-61000,92000,61000,92000,61000,1
61,93,5034,R0C0,CS104,93000,-61000,93000,61000,93000,61000,1
61,94,5035,R0C0,CS105,94000,-61000,94000,61000,94000,61000,1
61,95,5036,R0C0,CS106,95000,-61000,95000,61000,95000,61000,1
61,96,5037,R0C0,CS107,96000,-61000,96000,61000,96000,61000,1
61,97,5038,R0C0,CS108,97000,-61000,97000,61000,97000,61000,1
61,98,5039,R0C0,CS109,98000,-61000,98000,61000,98000,61000,1
61,99,5040,R0C0,CS111,99000,-61000,99000,61000,99000,61000,1
62,5,5041,R0C0,CT006,5000,-62000,5000,62000,5000,62000,1
62,6,5042,R0C0,CT007,6000,-62000,6000,62000,6000,62000,1
62,7,5043,R0C0,CT008,7000,-62000,7000,62000,7000,62000,1
62,8,5044,R0C0,CT009,8000,-62000,8000,62000,8000,62000,1
62,9,5045,R0C0,CT011,9000,-62000,9000,62000,9000,62000,1
62,10,5046,R0C0,CT012,10000,-62000,10000,62000,10000,62000,1
62,11,5047,R0C0,CT013,11000,-62000,11000,62000,11000,62000,1
62,12,5048,R0C0,CT014,12000,-62000,12000,62000,12000,62000,1
62,13,5049,R0C0,CT015,13000,-62000,13000,62000,13000,62000,1
62,14,5050,R0C0,CT016,14000,-62000,14000,62000,14000,62000,1
62,15,5051,R0C0,CT017,15000,-62000,15000,62000,15000,62000,1
62,16,5052,R0C0,CT018,16000,-62000,16000,62000,16000,62000,1
62,17,5053,R0C0,CT019,17000,-62000,17000,62000,17000,62000,1
62,18,5054,R0C0,CT021,18000,-62000,18000,62000,18000,62000,1
62,19,5055,R0C0,CT022,19000,-62000,19000,62000,19000,62000,1
62,20,5056,R0C0,CT023,20000,-62000,20000,62000,20000,62000,1
62,21,5057,R0C0,CT024,21000,-62000,21000,62000,21000,62000,1
62,22,5058,R0C0,CT025,22000,-62000,22000,62000,22000,62000,1
62,23,5059,R0C0,CT026,23000,-62000,23000,62000,23000,62000,1
62,24,5060,R0C0,CT027,24000,-62000,24000,62000,24000,62000,1
62,25,5061,R0C0,CT028,25000,-62000,25000,62000,25000,62000,1
62,26,5062,R0C0,CT029,26000,-62000,26000,62000,26000,62000,1
62,27,5063,R0C0,CT031,27000,-62000,27000,62000,27000,62000,1
62,28,5064,R0C0,CT032,28000,-62000,28000,62000,28000,62000,1
62,29,5065,R0C0,CT033,29000,-62000,29000,62000,29000,62000,1
62,30,5066,R0C0,CT034,30000,-62000,30000,62000,30000,62000,1
62,31,5067,R0C0,CT035,31000,-62000,31000,62000,31000,62000,1
62,32,5068,R0C0,CT036,32000,-62000,32000,62000,32000,62000,1
62,33,5069,R0C0,CT037,33000,-62000,33000,62000,33000,62000,1
62,34,5070,R0C0,CT038,34000,-62000,34000,62000,34000,62000,1
62,35,5071,R0C0,CT039,35000,-62000,35000,62000,35000,62000,1
62,36,5072,R0C0,CT041,36000,-62000,36000,62000,36000,62000,1
62,37,5073,R0C0,CT042,37000,-62000,37000,62000,37000,62000,1
62,38,5074,R0C0,CT043,38000,-62000,38000,62000,38000,62000,1
62,39,5075,R0C0,CT044,39000,-62000,39000,62000,39000,62000,1
62,40,5076,R0C0,CT045,40000,-62000,40000,62000,40000,62000,1
62,41,5077,R0C0,CT046,41000,-62000,41000,62000,41000,62000,1
62,42,5078,R0C0,CT047,42000,-62000,42000,62000,42000,62000,1
62,43,5079,R0C0,CT048,43000,-62000,43000,62000,43000,62000,1
62,44,5080,R0C0,CT049,44000,-62000,44000,62000,44000,62000,1
62,45,5081,R0C0,CT051,45000,-62000,45000,62000,45000,62000,1
62,46,5082,R0C0,CT052,46000,-62000,46000,62000,46000,62000,1
62,47,5083,R0C0,CT053,47000,-62000,47000,62000,47000,62000,1
62,48,5084,R0C0,CT054,48000,-62000,48000,62000,48000,62000,1
62,49,5085,R0C0,CT055,49000,-62000,49000,62000,49000,62000,1
62,50,5086,R0C0,CT056,50000,-62000,50000,62000,50000,62000,1
62,51,5087,R0C0,CT057,51000,-62000,51000,62000,51000,62000,1
62,52,5088,R0C0,CT058,52000,-62000,52000,62000,52000,62000,1
62,53,5089,R0C0,CT059,53000,-62000,53000,62000,53000,62000,1
62,54,5090,R0C0,CT061,54000,-62000,54000,62000,54000,62000,1
62,55,5091,R0C0,CT062,55000,-62000,55000,62000,55000,62000,1
62,56,5092,R0C0,CT063,56000,-62000,56000,62000,56000,62000,1
62,57,5093,R0C0,CT064,57000,-62000,57000,62000,57000,62000,1
62,58,5094,R0C0,CT065,58000,-62000,58000,62000,58000,62000,1
62,59,5095,R0C0,CT066,59000,-62000,59000,62000,59000,62000,1
62,60,5096,R0C0,CT067,60000,-62000,60000,62000,60000,62000,1
62,61,5097,R0C0,CT068,61000,-62000,61000,62000,61000,62000,1
62,62,5098,R0C0,CT069,62000,-62000,62000,62000,62000,62000,1
62,63,5099,R0C0,CT071,63000,-62000,63000,62000,63000,62000,1
62,64,5100,R0C0,CT072,64000,-62000,64000,62000,64000,62000,1
62,65,5101,R0C0,CT073,65000,-62000,65000,62000,65000,62000,1
62,66,5102,R0C0,CT074,66000,-62000,66000,62000,66000,62000,1
62,67,5103,R0C0,CT075,67000,-62000,67000,62000,67000,62000,1
62,68,5104,R0C0,CT076,68000,-62000,68000,62000,68000,62000,1
62,69,5105,R0C0,CT077,69000,-62000,69000,62000,69000,62000,1
62,70,5106,R0C0,CT078,70000,-62000,70000,62000,70000,62000,1
62,71,5107,R0C0,CT079,71000,-62000,71000,62000,71000,62000,1
62,72,5108,R0C0,CT081,72000,-62000,72000,62000,72000,62000,1
62,73,5109,R0C0,CT082,73000,-62000,73000,62000,73000,62000,1
62,74,5110,R0C0,CT083,74000,-62000,74000,62000,74000,62000,1
62,75,5111,R0C0,CT084,75000,-62000,75000,62000,75000,62000,1
62,76,5112,R0C0,CT085,76000,-62000,76000,62000,76000,62000,1
62,77,5113,R0C0,CT086,77000,-62000,77000,62000,77000,62000,1
62,78,5114,R0C0,CT087,78000,-62000,78000,62000,78000,62000,1
62,79,5115,R0C0,CT088,79000,-62000,79000,62000,79000,62000,1
62,80,5116,R0C0,CT089,80000,-62000,80000,62000,80000,62000,1
62,81,5117,R0C0,CT091,81000,-62000,81000,62000,81000,62000,1
62,82,5118,R0C0,CT092,82000,-62000,82000,62000,82000,62000,1
62,83,5119,R0C0,CT093,83000,-62000,83000,62000,83000,62000,1
62,84,5120,R0C0,CT094,84000,-62000,84000,62000,84000,62000,1
62,85,5121,R0C0,CT095,85000,-62000,85000,62000,85000,62000,1
62,86,5122,R0C0,CT096,86000,-62000,86000,62000,86000,62000,1
62,87,5123,R0C0,CT097,87000,-62000,87000,62000,87000,62000,1
62,88,5124,R0C0,CT098,88000,-62000,88000,62000,88000,62000,1
62,89,5125,R0C0,CT099,89000,-62000,89000,62000,89000,62000,1
62,90,5126,R0C0,CT101,90000,-62000,90000,62000,90000,62000,1
62,91,5127,R0C0,CT102,91000,-62000,91000,62000,91000,62000,1
62,92,5128,R0C0,CT103,92000,-62000,92000,62000,92000,62000,1
62,93,5129,R0C0,CT104,93000,-62000,93000,62000,93000,62000,1
62,94,5130,R0C0,CT105,94000,-62000,94000,62000,94000,62000,1
62,95,5131,R0C0,CT106,95000,-62000,95000,62000,95000,62000,1
62,96,5132,R0C0,CT107,96000,-62000,96000,62000,96000,62000,1
62,97,5133,R0C0,CT108,97000,-62000,97000,62000,97000,62000,1
62,98,5134,R0C0,CT109,98000,-62000,98000,62000,98000,62000,1
62,99,5135,R0C0,CT111,99000,-62000,99000,62000,99000,62000,1
63,5,5136,R0C0,CU006,5000,-63000,5000,63000,5000,63000,1
63,6,5137,R0C0,CU007,6000,-63000,6000,63000,6000,63000,1
63,7,5138,R0C0,CU008,7000,-63000,7000,63000,7000,63000,1
63,8,5139,R0C0,CU009,8000,-63000,8000,63000,8000,63000,1
63,9,5140,R0C0,CU011,9000,-63000,9000,63000,9000,63000,1
63,10,5141,R0C0,CU012,10000,-63000,10000,63000,10000,63000,1
63,11,5142,R0C0,CU013,11000,-63000,11000,63000,11000,63000,1
63,12,5143,R0C0,CU014,12000,-63000,12000,63000,12000,63000,1
63,13,5144,R0C0,CU015,13000,-63000,13000,63000,13000,63000,1
63,14,5145,R0C0,CU016,14000,-63000,14000,63000,14000,63000,1
63,15,5146,R0C0,CU017,15000,-63000,15000,63000,15000,63000,1
63,16,5147,R0C0,CU018,16000,-63000,16000,63000,16000,63000,1
63,17,5148,R0C0,CU019,17000,-63000,17000,63000,17000,63000,1
63,18,5149,R0C0,CU021,18000,-63000,18000,63000,18000,63000,1
63,19,5150,R0C0,CU022,19000,-63000,19000,63000,19000,63000,1
63,20,5151,R0C0,CU023,20000,-63000,20000,63000,20000,63000,1
63,21,5152,R0C0,CU024,21000,-63000,21000,63000,21000,63000,1
63,22,5153,R0C0,CU025,22000,-63000,22000,63000,22000,63000,1
63,23,5154,R0C0,CU026,23000,-63000,23000,63000,23000,63000,1
63,24,5155,R0C0,CU027,24000,-63000,24000,63000,24000,63000,1
63,25,5156,R0C0,CU028,25000,-63000,25000,63000,25000,63000,1
63,26,5157,R0C0,CU029,26000,-63000,26000,63000,26000,63000,1
63,27,5158,R0C0,CU031,27000,-63000,27000,63000,27000,63000,1
63,28,5159,R0C0,CU032,28000,-63000,28000,63000,28000,63000,1
63,29,5160,R0C0,CU033,29000,-63000,29000,63000,29000,63000,1
63,30,5161,R0C0,CU034,30000,-63000,30000,63000,30000,63000,1
63,31,5162,R0C0,CU035,31000,-63000,31000,63000,31000,63000,1
63,32,5163,R0C0,CU036,32000,-63000,32000,63000,32000,63000,1
63,33,5164,R0C0,CU037,33000,-63000,33000,63000,33000,63000,1
63,34,5165,R0C0,CU038,34000,-63000,34000,63000,34000,63000,1
63,35,5166,R0C0,CU039,35000,-63000,35000,63000,35000,63000,1
63,36,5167,R0C0,CU041,36000,-63000,36000,63000,36000,63000,1
63,37,5168,R0C0,CU042,37000,-63000,37000,63000,37000,63000,1
63,38,5169,R0C0,CU043,38000,-63000,38000,63000,38000,63000,1
63,39,5170,R0C0,CU044,39000,-63000,39000,63000,39000,63000,1
63,40,5171,R0C0,CU045,40000,-63000,40000,63000,40000,63000,1
63,41,5172,R0C0,CU046,41000,-63000,41000,63000,41000,63000,1
63,42,5173,R0C0,CU047,42000,-63000,42000,63000,42000,63000,1
63,43,5174,R0C0,CU048,43000,-63000,43000,63000,43000,63000,1
63,44,5175,R0C0,CU049,44000,-63000,44000,63000,44000,63000,1
63,45,5176,R0C0,CU051,45000,-63000,45000,63000,45000,63000,1
63,46,5177,R0C0,CU052,46000,-63000,46000,63000,46000,63000,1
63,47,5178,R0C0,CU053,47000,-63000,47000,63000,47000,63000,1
63,48,5179,R0C0,CU054,48000,-63000,48000,63000,48000,63000,1
63,49,5180,R0C0,CU055,49000,-63000,49000,63000,49000,63000,1
63,50,5181,R0C0,CU056,50000,-63000,50000,63000,50000,63000,1
63,51,5182,R0C0,CU057,51000,-63000,51000,63000,51000,63000,1
63,52,5183,R0C0,CU058,52000,-63000,52000,63000,52000,63000,1
63,53,5184,R0C0,CU059,53000,-63000,53000,63000,53000,63000,1
63,54,5185,R0C0,CU061,54000,-63000,54000,63000,54000,63000,1
63,55,5186,R0C0,CU062,55000,-63000,55000,63000,55000,63000,1
63,56,5187,R0C0,CU063,56000,-63000,56000,63000,56000,63000,1
63,57,5188,R0C0,CU064,57000,-63000,57000,63000,57000,63000,1
63,58,5189,R0C0,CU065,58000,-63000,58000,63000,58000,63000,1
63,59,5190,R0C0,CU066,59000,-63000,59000,63000,59000,63000,1
63,60,5191,R0C0,CU067,60000,-63000,60000,63000,60000,63000,1
63,61,5192,R0C0,CU068,61000,-63000,61000,63000,61000,63000,1
63,62,5193,R0C0,CU069,62000,-63000,62000,63000,62000,63000,1
63,63,5194,R0C0,CU071,63000,-63000,63000,63000,63000,63000,1
63,64,5195,R0C0,CU072,64000,-63000,64000,63000,64000,63000,1
63,65,5196,R0C0,CU073,65000,-63000,65000,63000,65000,63000,1
63,66,5197,R0C0,CU074,66000,-63000,66000,63000,66000,63000,1
63,67,5198,R0C0,CU075,67000,-63000,67000,63000,67000,63000,1
63,68,5199,R0C0,CU076,68000,-63000,68000,63000,68000,63000,1
63,69,5200,R0C0,CU077,69000,-63000,69000,63000,69000,63000,1
63,70,5201,R0C0,CU078,70000,-63000,70000,63000,70000,63000,1
63,71,5202,R0C0,CU079,71000,-63000,71000,63000,71000,63000,1
63,72,5203,R0C0,CU081,72000,-63000,72000,63000,72000,63000,1
63,73,5204,R0C0,CU082,73000,-63000,73000,63000,73000,63000,1
63,74,5205,R0C0,CU083,74000,-63000,74000,63000,74000,63000,1
63,75,5206,R0C0,CU084,75000,-63000,75000,63000,75000,63000,1
63,76,5207,R0C0,CU085,76000,-63000,76000,63000,76000,63000,1
63,77,5208,R0C0,CU086,77000,-63000,77000,63000,77000,63000,1
63,78,5209,R0C0,CU087,78000,-63000,78000,63000,78000,63000,1
63,79,5210,R0C0,CU088,79000,-63000,79000,63000,79000,63000,1
63,80,5211,R0C0,CU089,80000,-63000,80000,63000,80000,63000,1
63,81,5212,R0C0,CU091,81000,-63000,81000,63000,81000,63000,1
63,82,5213,R0C0,CU092,82000,-63000,82000,63000,82000,63000,1
63,83,5214,R0C0,CU093,83000,-63000,83000,63000,83000,63000,1
63,84,5215,R0C0,CU094,84000,-63000,84000,63000,84000,63000,1
63,85,5216,R0C0,CU095,85000,-63000,85000,63000,85000,63000,1
63,86,5217,R0C0,CU096,86000,-63000,86000,63000,86000,63000,1
63,87,5218,R0C0,CU097,87000,-63000,87000,63000,87000,63000,1
63,88,5219,R0C0,CU098,88000,-63000,88000,63000,88000,63000,1
63,89,5220,R0C0,CU099,89000,-63000,89000,63000,89000,63000,1
63,90,5221,R0C0,CU101,90000,-63000,90000,63000,90000,63000,1
63,91,5222,R0C0,CU102,91000,-63000,91000,63000,91000,63000,1
63,92,5223,R0C0,CU103,92000,-63000,92000,63000,92000,63000,1
63,93,5224,R0C0,CU104,93000,-63000,93000,63000,93000,63000,1
63,94,5225,R0C0,CU105,94000,-63000,94000,63000,94000,63000,1
63,95,5226,R0C0,CU106,95000,-63000,95000,63000,95000,63000,1
63,96,5227,R0C0,CU107,96000,-63000,96000,63000,96000,63000,1
63,97,5228,R0C0,CU108,97000,-63000,97000,63000,97000,63000,1
63,98,5229,R0C0,CU109,98000,-63000,98000,63000,98000,63000,1
63,99,5230,R0C0,CU111,99000,-63000,99000,63000,99000,63000,1
64,5,5231,R0C0,CV006,5000,-64000,5000,64000,5000,64000,1
64,6,5232,R0C0,CV007,6000,-64000,6000,64000,6000,64000,1
64,7,5233,R0C0,CV008,7000,-64000,7000,64000,7000,64000,1
64,8,5234,R0C0,CV009,8000,-64000,8000,64000,8000,64000,1
64,9,5235,R0C0,CV011,9000,-64000,9000,64000,9000,64000,1
64,10,5236,R0C0,CV012,10000,-64000,10000,64000,10000,64000,1
64,11,5237,R0C0,CV013,11000,-64000,11000,64000,11000,64000,1
64,12,5238,R0C0,CV014,12000,-64000,12000,64000,12000,64000,1
64,13,5239,R0C0,CV015,13000,-64000,13000,64000,13000,64000,1
64,14,5240,R0C0,CV016,14000,-64000,14000,64000,14000,64000,1
64,15,5241,R0C0,CV017,15000,-64000,15000,64000,15000,64000,1
64,16,5242,R0C0,CV018,16000,-64000,16000,64000,16000,64000,1
64,17,5243,R0C0,CV019,17000,-64000,17000,64000,17000,64000,1
64,18,5244,R0C0,CV021,18000,-64000,18000,64000,18000,64000,1
64,19,5245,R0C0,CV022,19000,-64000,19000,64000,19000,64000,1
64,20,5246,R0C0,CV023,20000,-64000,20000,64000,20000,64000,1
64,21,5247,R0C0,CV024,21000,-64000,21000,64000,21000,64000,1
64,22,5248,R0C0,CV025,22000,-64000,22000,64000,22000,64000,1
64,23,5249,R0C0,CV026,23000,-64000,23000,64000,23000,64000,1
64,24,5250,R0C0,CV027,24000,-64000,24000,64000,24000,64000,1
64,25,5251,R0C0,CV028,25000,-64000,25000,64000,25000,64000,1
64,26,5252,R0C0,CV029,26000,-64000,26000,64000,26000,64000,1
64,27,5253,R0C0,CV031,27000,-64000,27000,64000,27000,64000,1
64,28,5254,R0C0,CV032,28000,-64000,28000,64000,28000,64000,1
64,29,5255,R0C0,CV033,29000,-64000,29000,64000,29000,64000,1
64,30,5256,R0C0,CV034,30000,-64000,30000,64000,30000,64000,1
64,31,5257,R0C0,CV035,31000,-64000,31000,64000,31000,64000,1
64,32,5258,R0C0,CV036,32000,-64000,32000,64000,32000,64000,1
64,33,5259,R0C0,CV037,33000,-64000,33000,64000,33000,64000,1
64,34,5260,R0C0,CV038,34000,-64000,34000,64000,34000,64000,1
64,35,5261,R0C0,CV039,35000,-64000,35000,64000,35000,64000,1
64,36,5262,R0C0,CV041,36000,-64000,36000,64000,36000,64000,1
64,37,5263,R0C0,CV042,37000,-64000,37000,64000,37000,64000,1
64,38,5264,R0C0,CV043,38000,-64000,38000,64000,38000,64000,1
64,39,5265,R0C0,CV044,39000,-64000,39000,64000,39000,64000,1
64,40,5266,R0C0,CV045,40000,-64000,40000,64000,40000,64000,1
64,41,5267,R0C0,CV046,41000,-64000,41000,64000,41000,64000,1
64,42,5268,R0C0,CV047,42000,-64000,42000,64000,42000,64000,1
64,43,5269,R0C0,CV048,43000,-64000,43000,64000,43000,64000,1
64,44,5270,R0C0,CV049,44000,-64000,44000,64000,44000,64000,1
64,45,5271,R0C0,CV051,45000,-64000,45000,64000,45000,64000,1
64,46,5272,R0C0,CV052,46000,-64000,46000,64000,46000,64000,1
64,47,5273,R0C0,CV053,47000,-64000,47000,64000,47000,64000,1
64,48,5274,R0C0,CV054,48000,-64000,48000,64000,48000,64000,1
64,49,5275,R0C0,CV055,49000,-64000,49000,64000,49000,64000,1
64,50,5276,R0C0,CV056,50000,-64000,50000,64000,50000,64000,1
64,51,5277,R0C0,CV057,51000,-64000,51000,64000,51000,64000,1
64,52,5278,R0C0,CV058,52000,-64000,52000,64000,52000,64000,1
64,53,5279,R0C0,CV059,53000,-64000,53000,64000,53000,64000,1
64,54,5280,R0C0,CV061,54000,-64000,54000,64000,54000,64000,1
64,55,5281,R0C0,CV062,55000,-64000,55000,64000,55000,64000,1
64,56,5282,R0C0,CV063,56000,-64000,56000,64000,56000,64000,1
64,57,5283,R0C0,CV064,57000,-64000,57000,64000,57000,64000,1
64,58,5284,R0C0,CV065,58000,-64000,58000,64000,58000,64000,1
64,59,5285,R0C0,CV066,59000,-64000,59000,64000,59000,64000,1
64,60,5286,R0C0,CV067,60000,-64000,60000,64000,60000,64000,1
64,61,5287,R0C0,CV068,61000,-64000,61000,64000,61000,64000,1
64,62,5288,R0C0,CV069,62000,-64000,62000,64000,62000,64000,1
64,63,5289,R0C0,CV071,63000,-64000,63000,64000,63000,64000,1
64,64,5290,R0C0,CV072,64000,-64000,64000,64000,64000,64000,1
64,65,5291,R0C0,CV073,65000,-64000,65000,64000,65000,64000,1
64,66,5292,R0C0,CV074,66000,-64000,66000,64000,66000,64000,1
64,67,5293,R0C0,CV075,67000,-64000,67000,64000,67000,64000,1
64,68,5294,R0C0,CV076,68000,-64000,68000,64000,68000,64000,1
64,69,5295,R0C0,CV077,69000,-64000,69000,64000,69000,64000,1
64,70,5296,R0C0,CV078,70000,-64000,70000,64000,70000,64000,1
64,71,5297,R0C0,CV079,71000,-64000,71000,64000,71000,64000,1
64,72,5298,R0C0,CV081,72000,-64000,72000,64000,72000,64000,1
64,73,5299,R0C0,CV082,73000,-64000,73000,64000,73000,64000,1
64,74,5300,R0C0,CV083,74000,-64000,74000,64000,74000,64000,1
64,75,5301,R0C0,CV084,75000,-64000,75000,64000,75000,64000,1
64,76,5302,R0C0,CV085,76000,-64000,76000,64000,76000,64000,1
64,77,5303,R0C0,CV086,77000,-64000,77000,64000,77000,64000,1
64,78,5304,R0C0,CV087,78000,-64000,78000,64000,78000,64000,1
64,79,5305,R0C0,CV088,79000,-64000,79000,64000,79000,64000,1
64,80,5306,R0C0,CV089,80000,-64000,80000,64000,80000,64000,1
64,81,5307,R0C0,CV091,81000,-64000,81000,64000,81000,64000,1
64,82,5308,R0C0,CV092,82000,-64000,82000,64000,82000,64000,1
64,83,5309,R0C0,CV093,83000,-64000,83000,64000,83000,64000,1
64,84,5310,R0C0,CV094,84000,-64000,84000,64000,84000,64000,1
64,85,5311,R0C0,CV095,85000,-64000,85000,64000,85000,64000,1
64,86,5312,R0C0,CV096,86000,-64000,86000,64000,86000,64000,1
64,87,5313,R0C0,CV097,87000,-64000,87000,64000,87000,64000,1
64,88,5314,R0C0,CV098,88000,-64000,88000,64000,88000,64000,1
64,89,5315,R0C0,CV099,89000,-64000,89000,64000,89000,64000,1
64,90,5316,R0C0,CV101,90000,-64000,90000,64000,90000,64000,1
64,91,5317,R0C0,CV102,91000,-64000,91000,64000,91000,64000,1
64,92,5318,R0C0,CV103,92000,-64000,92000,64000,92000,64000,1
64,93,5319,R0C0,CV104,93000,-64000,93000,64000,93000,64000,1
64,94,5320,R0C0,CV105,94000,-64000,94000,64000,94000,64000,1
64,95,5321,R0C0,CV106,95000,-64000,95000,64000,95000,64000,1
64,96,5322,R0C0,CV107,96000,-64000,96000,64000,96000,64000,1
64,97,5323,R0C0,CV108,97000,-64000,97000,64000,97000,64000,1
64,98,5324,R0C0,CV109,98000,-64000,98000,64000,98000,64000,1
64,99,5325,R0C0,CV111,99000,-64000,99000,64000,99000,64000,1
65,5,5326,R0C0,CW006,5000,-65000,5000,65000,5000,65000,1
65,6,5327,R0C0,CW007,6000,-65000,6000,65000,6000,65000,1
65,7,5328,R0C0,CW008,7000,-65000,7000,65000,7000,65000,1
65,8,5329,R0C0,CW009,8000,-65000,8000,65000,8000,65000,1
65,9,5330,R0C0,CW011,9000,-65000,9000,65000,9000,65000,1
65,10,5331,R0C0,CW012,10000,-65000,10000,65000,10000,65000,1
65,11,5332,R0C0,CW013,11000,-65000,11000,65000,11000,65000,1
65,12,5333,R0C0,CW014,12000,-65000,12000,65000,12000,65000,1
65,13,5334,R0C0,CW015,13000,-65000,13000,65000,13000,65000,1
65,14,5335,R0C0,CW016,14000,-65000,14000,65000,14000,65000,1
65,15,5336,R0C0,CW017,15000,-65000,15000,65000,15000,65000,1
65,16,5337,R0C0,CW018,16000,-65000,16000,65000,16000,65000,1
65,17,5338,R0C0,CW019,17000,-65000,17000,65000,17000,65000,1
65,18,5339,R0C0,CW021,18000,-65000,18000,65000,18000,65000,1
65,19,5340,R0C0,CW022,19000,-65000,19000,65000,19000,65000,1
65,20,5341,R0C0,CW023,20000,-65000,20000,65000,20000,65000,1
65,21,5342,R0C0,CW024,21000,-65000,21000,65000,21000,65000,1
65,22,5343,R0C0,CW025,22000,-65000,22000,65000,22000,65000,1
65,23,5344,R0C0,CW026,23000,-65000,23000,65000,23000,65000,1
65,24,5345,R0C0,CW027,24000,-65000,24000,65000,24000,65000,1
65,25,5346,R0C0,CW028,25000,-65000,25000,65000,25000,65000,1
65,26,5347,R0C0,CW029,26000,-65000,26000,65000,26000,65000,1
65,27,5348,R0C0,CW031,27000,-65000,27000,65000,27000,65000,1
65,28,5349,R0C0,CW032,28000,-65000,28000,65000,28000,65000,1
65,29,5350,R0C0,CW033,29000,-65000,29000,65000,29000,65000,1
65,30,5351,R0C0,CW034,30000,-65000,30000,65000,30000,65000,1
65,31,5352,R0C0,CW035,31000,-65000,31000,65000,31000,65000,1
65,32,5353,R0C0,CW036,32000,-65000,32000,65000,32000,65000,1
65,33,5354,R0C0,CW037,33000,-65000,33000,65000,33000,65000,1
65,34,5355,R0C0,CW038,34000,-65000,34000,65000,34000,65000,1
65,35,5356,R0C0,CW039,35000,-65000,35000,65000,35000,65000,1
65,36,5357,R0C0,CW041,36000,-65000,36000,65000,36000,65000,1
65,37,5358,R0C0,CW042,37000,-65000,37000,65000,37000,65000,1
65,38,5359,R0C0,CW043,38000,-65000,38000,65000,38000,65000,1
65,39,5360,R0C0,CW044,39000,-65000,39000,65000,39000,65000,1
65,40,5361,R0C0,CW045,40000,-65000,40000,65000,40000,65000,1
65,41,5362,R0C0,CW046,41000,-65000,41000,65000,41000,65000,1
65,42,5363,R0C0,CW047,42000,-65000,42000,65000,42000,65000,1
65,43,5364,R0C0,CW048,43000,-65000,43000,65000,43000,65000,1
65,44,5365,R0C0,CW049,44000,-65000,44000,65000,44000,65000,1
65,45,5366,R0C0,CW051,45000,-65000,45000,65000,45000,65000,1
65,46,5367,R0C0,CW052,46000,-65000,46000,65000,46000,65000,1
65,47,5368,R0C0,CW053,47000,-65000,47000,65000,47000,65000,1
65,48,5369,R0C0,CW054,48000,-65000,48000,65000,48000,65000,1
65,49,5370,R0C0,CW055,49000,-65000,49000,65000,49000,65000,1
65,50,5371,R0C0,CW056,50000,-65000,50000,65000,50000,65000,1
65,51,5372,R0C0,CW057,51000,-65000,51000,65000,51000,65000,1
65,52,5373,R0C0,CW058,52000,-65000,52000,65000,52000,65000,1
65,53,5374,R0C0,CW059,53000,-65000,53000,65000,53000,65000,1
65,54,5375,R0C0,CW061,54000,-65000,54000,65000,54000,65000,1
65,55,5376,R0C0,CW062,55000,-65000,55000,65000,55000,65000,1
65,56,5377,R0C0,CW063,56000,-65000,56000,65000,56000,65000,1
65,57,5378,R0C0,CW064,57000,-65000,57000,65000,57000,65000,1
65,58,5379,R0C0,CW065,58000,-65000,58000,65000,58000,65000,1
65,59,5380,R0C0,CW066,59000,-65000,59000,65000,59000,65000,1
65,60,5381,R0C0,CW067,60000,-65000,60000,65000,60000,65000,1
65,61,5382,R0C0,CW068,61000,-65000,61000,65000,61000,65000,1
65,62,5383,R0C0,CW069,62000,-65000,62000,65000,62000,65000,1
65,63,5384,R0C0,CW071,63000,-65000,63000,65000,63000,65000,1
65,64,5385,R0C0,CW072,64000,-65000,64000,65000,64000,65000,1
65,65,5386,R0C0,CW073,65000,-65000,65000,65000,65000,65000,1
65,66,5387,R0C0,CW074,66000,-65000,66000,65000,66000,65000,1
65,67,5388,R0C0,CW075,67000,-65000,67000,65000,67000,65000,1
65,68,5389,R0C0,CW076,68000,-65000,68000,65000,68000,65000,1
65,69,5390,R0C0,CW077,69000,-65000,69000,65000,69000,65000,1
65,70,5391,R0C0,CW078,70000,-65000,70000,65000,70000,65000,1
65,71,5392,R0C0,CW079,71000,-65000,71000,65000,71000,65000,1
65,72,5393,R0C0,CW081,72000,-65000,72000,65000,72000,65000,1
65,73,5394,R0C0,CW082,73000,-65000,73000,65000,73000,65000,1
65,74,5395,R0C0,CW083,74000,-65000,74000,65000,74000,65000,1
65,75,5396,R0C0,CW084,75000,-65000,75000,65000,75000,65000,1
65,76,5397,R0C0,CW085,76000,-65000,76000,65000,76000,65000,1
65,77,5398,R0C0,CW086,77000,-65000,77000,65000,77000,65000,1
65,78,5399,R0C0,CW087,78000,-65000,78000,65000,78000,65000,1
65,79,5400,R0C0,CW088,79000,-65000,79000,65000,79000,65000,1
65,80,5401,R0C0,CW089,80000,-65000,80000,65000,80000,65000,1
65,81,5402,R0C0,CW091,81000,-65000,81000,65000,81000,65000,1
65,82,5403,R0C0,CW092,82000,-65000,82000,65000,82000,65000,1
65,83,5404,R0C0,CW093,83000,-65000,83000,65000,83000,65000,1
65,84,5405,R0C0,CW094,84000,-65000,84000,65000,84000,65000,1
65,85,5406,R0C0,CW095,85000,-65000,85000,65000,85000,65000,1
65,86,5407,R0C0,CW096,86000,-65000,86000,65000,86000,65000,1
65,87,5408,R0C0,CW097,87000,-65000,87000,65000,87000,65000,1
65,88,5409,R0C0,CW098,88000,-65000,88000,65000,88000,65000,1
65,89,5410,R0C0,CW099,89000,-65000,89000,65000,89000,65000,1
65,90,5411,R0C0,CW101,90000,-65000,90000,65000,90000,65000,1
65,91,5412,R0C0,CW102,91000,-65000,91000,65000,91000,65000,1
65,92,5413,R0C0,CW103,92000,-65000,92000,65000,92000,65000,1
65,93,5414,R0C0,CW104,93000,-65000,93000,65000,93000,65000,1
65,94,5415,R0C0,CW105,94000,-65000,94000,65000,94000,65000,1
65,95,5416,R0C0,CW106,95000,-65000,95000,65000,95000,65000,1
65,96,5417,R0C0,CW107,96000,-65000,96000,65000,96000,65000,1
65,97,5418,R0C0,CW108,97000,-65000,97000,65000,97000,65000,1
65,98,5419,R0C0,CW109,98000,-65000,98000,65000,98000,65000,1
65,99,5420,R0C0,CW111,99000,-65000,99000,65000,99000,65000,1
66,5,5421,R0C0,CX006,5000,-66000,5000,66000,5000,66000,1
66,6,5422,R0C0,CX007,6000,-66000,6000,66000,6000,66000,1
66,7,5423,R0C0,CX008,7000,-66000,7000,66000,7000,66000,1
66,8,5424,R0C0,CX009,8000,-66000,8000,66000,8000,66000,1
66,9,5425,R0C0,CX011,9000,-66000,9000,66000,9000,66000,1
66,10,5426,R0C0,CX012,10000,-66000,10000,66000,10000,66000,1
66,11,5427,R0C0,CX013,11000,-66000,11000,66000,11000,66000,1
66,12,5428,R0C0,CX014,12000,-66000,12000,66000,12000,66000,1
66,13,5429,R0C0,CX015,13000,-66000,13000,66000,13000,66000,1
66,14,5430,R0C0,CX016,14000,-66000,14000,66000,14000,66000,1
66,15,5431,R0C0,CX017,15000,-66000,15000,66000,15000,66000,1
66,16,5432,R0C0,CX018,16000,-66000,16000,66000,16000,66000,1
66,17,5433,R0C0,CX019,17000,-66000,17000,66000,17000,66000,1
66,18,5434,R0C0,CX021,18000,-66000,18000,66000,18000,66000,1
66,19,5435,R0C0,CX022,19000,-66000,19000,66000,19000,66000,1
66,20,5436,R0C0,CX023,20000,-66000,20000,66000,20000,66000,1
66,21,5437,R0C0,CX024,21000,-66000,21000,66000,21000,66000,1
66,22,5438,R0C0,CX025,22000,-66000,22000,66000,22000,66000,1
66,23,5439,R0C0,CX026,23000,-66000,23000,66000,23000,66000,1
66,24,5440,R0C0,CX027,24000,-66000,24000,66000,24000,66000,1
66,25,5441,R0C0,CX028,25000,-66000,25000,66000,25000,66000,1
66,26,5442,R0C0,CX029,26000,-66000,26000,66000,26000,66000,1
66,27,5443,R0C0,CX031,27000,-66000,27000,66000,27000,66000,1
66,28,5444,R0C0,CX032,28000,-66000,28000,66000,28000,66000,1
66,29,5445,R0C0,CX033,29000,-66000,29000,66000,29000,66000,1
66,30,5446,R0C0,CX034,30000,-66000,30000,66000,30000,66000,1
66,31,5447,R0C0,CX035,31000,-66000,31000,66000,31000,66000,1
66,32,5448,R0C0,CX036,32000,-66000,32000,66000,32000,66000,1
66,33,5449,R0C0,CX037,33000,-66000,33000,66000,33000,66000,1
66,34,5450,R0C0,CX038,34000,-66000,34000,66000,34000,66000,1
66,35,5451,R0C0,CX039,35000,-66000,35000,66000,35000,66000,1
66,36,5452,R0C0,CX041,36000,-66000,36000,66000,36000,66000,1
66,37,5453,R0C0,CX042,37000,-66000,37000,66000,37000,66000,1
66,38,5454,R0C0,CX043,38000,-66000,38000,66000,38000,66000,1
66,39,5455,R0C0,CX044,39000,-66000,39000,66000,39000,66000,1
66,40,5456,R0C0,CX045,40000,-66000,40000,66000,40000,66000,1
66,41,5457,R0C0,CX046,41000,-66000,41000,66000,41000,66000,1
66,42,5458,R0C0,CX047,42000,-66000,42000,66000,42000,66000,1
66,43,5459,R0C0,CX048,43000,-66000,43000,66000,43000,66000,1
66,44,5460,R0C0,CX049,44000,-66000,44000,66000,44000,66000,1
66,45,5461,R0C0,CX051,45000,-66000,45000,66000,45000,66000,1
66,46,5462,R0C0,CX052,46000,-66000,46000,66000,46000,66000,1
66,47,5463,R0C0,CX053,47000,-66000,47000,66000,47000,66000,1
66,48,5464,R0C0,CX054,48000,-66000,48000,66000,48000,66000,1
66,49,5465,R0C0,CX055,49000,-66000,49000,66000,49000,66000,1
66,50,5466,R0C0,CX056,50000,-66000,50000,66000,50000,66000,1
66,51,5467,R0C0,CX057,51000,-66000,51000,66000,51000,66000,1
66,52,5468,R0C0,CX058,52000,-66000,52000,66000,52000,66000,1
66,53,5469,R0C0,CX059,53000,-66000,53000,66000,53000,66000,1
66,54,5470,R0C0,CX061,54000,-66000,54000,66000,54000,66000,1
66,55,5471,R0C0,CX062,55000,-66000,55000,66000,55000,66000,1
66,56,5472,R0C0,CX063,56000,-66000,56000,66000,56000,66000,1
66,57,5473,R0C0,CX064,57000,-66000,57000,66000,57000,66000,1
66,58,5474,R0C0,CX065,58000,-66000,58000,66000,58000,66000,1
66,59,5475,R0C0,CX066,59000,-66000,59000,66000,59000,66000,1
66,60,5476,R0C0,CX067,60000,-66000,60000,66000,60000,66000,1
66,61,5477,R0C0,CX068,61000,-66000,61000,66000,61000,66000,1
66,62,5478,R0C0,CX069,62000,-66000,62000,66000,62000,66000,1
66,63,5479,R0C0,CX071,63000,-66000,63000,66000,63000,66000,1
66,64,5480,R0C0,CX072,64000,-66000,64000,66000,64000,66000,1
66,65,5481,R0C0,CX073,65000,-66000,65000,66000,65000,66000,1
66,66,5482,R0C0,CX074,66000,-66000,66000,66000,66000,66000,1
66,67,5483,R0C0,CX075,67000,-66000,67000,66000,67000,66000,1
66,68,5484,R0C0,CX076,68000,-66000,68000,66000,68000,66000,1
66,69,5485,R0C0,CX077,69000,-66000,69000,66000,69000,66000,1
66,70,5486,R0C0,CX078,70000,-66000,70000,66000,70000,66000,1
66,71,5487,R0C0,CX079,71000,-66000,71000,66000,71000,66000,1
66,72,5488,R0C0,CX081,72000,-66000,72000,66000,72000,66000,1
66,73,5489,R0C0,CX082,73000,-66000,73000,66000,73000,66000,1
66,74,5490,R0C0,CX083,74000,-66000,74000,66000,74000,66000,1
66,75,5491,R0C0,CX084,75000,-66000,75000,66000,75000,66000,1
66,76,5492,R0C0,CX085,76000,-66000,76000,66000,76000,66000,1
66,77,5493,R0C0,CX086,77000,-66000,77000,66000,77000,66000,1
66,78,5494,R0C0,CX087,78000,-66000,78000,66000,78000,66000,1
66,79,5495,R0C0,CX088,79000,-66000,79000,66000,79000,66000,1
66,80,5496,R0C0,CX089,80000,-66000,80000,66000,80000,66000,1
66,81,5497,R0C0,CX091,81000,-66000,81000,66000,81000,66000,1
66,82,5498,R0C0,CX092,82000,-66000,82000,66000,82000,66000,1
66,83,5499,R0C0,CX093,83000,-66000,83000,66000,83000,66000,1
66,84,5500,R0C0,CX094,84000,-66000,84000,66000,84000,66000,1
66,85,5501,R0C0,CX095,85000,-66000,85000,66000,85000,66000,1
66,86,5502,R0C0,CX096,86000,-66000,86000,66000,86000,66000,1
66,87,5503,R0C0,CX097,87000,-66000,87000,66000,87000,66000,1
66,88,5504,R0C0,CX098,88000,-66000,88000,66000,88000,66000,1
66,89,5505,R0C0,CX099,89000,-66000,89000,66000,89000,66000,1
66,90,5506,R0C0,CX101,90000,-66000,90000,66000,90000,66000,1
66,91,5507,R0C0,CX102,91000,-66000,91000,66000,91000,66000,1
66,92,5508,R0C0,CX103,92000,-66000,92000,66000,92000,66000,1
66,93,5509,R0C0,CX104,93000,-66000,93000,66000,93000,66000,1
66,94,5510,R0C0,CX105,94000,-66000,94000,66000,94000,66000,1
66,95,5511,R0C0,CX106,95000,-66000,95000,66000,95000,66000,1
66,96,5512,R0C0,CX107,96000,-66000,96000,66000,96000,66000,1
66,97,5513,R0C0,CX108,97000,-66000,97000,66000,97000,66000,1
66,98,5514,R0C0,CX109,98000,-66000,98000,66000,98000,66000,1
66,99,5515,R0C0,CX111,99000,-66000,99000,66000,99000,66000,1
67,5,5516,R0C0,CY006,5000,-67000,5000,67000,5000,67000,1
67,6,5517,R0C0,CY007,6000,-67000,6000,67000,6000,67000,1
67,7,5518,R0C0,CY008,7000,-67000,7000,67000,7000,67000,1
67,8,5519,R0C0,CY009,8000,-67000,8000,67000,8000,67000,1
67,9,5520,R0C0,CY011,9000,-67000,9000,67000,9000,67000,1
67,10,5521,R0C0,CY012,10000,-67000,10000,67000,10000,67000,1
67,11,5522,R0C0,CY013,11000,-67000,11000,67000,11000,67000,1
67,12,5523,R0C0,CY014,12000,-67000,12000,67000,12000,67000,1
67,13,5524,R0C0,CY015,13000,-67000,13000,67000,13000,67000,1
67,14,5525,R0C0,CY016,14000,-67000,14000,67000,14000,67000,1
67,15,5526,R0C0,CY017,15000,-67000,15000,67000,15000,67000,1
67,16,5527,R0C0,CY018,16000,-67000,16000,67000,16000,67000,1
67,17,5528,R0C0,CY019,17000,-67000,17000,67000,17000,67000,1
67,18,5529,R0C0,CY021,18000,-67000,18000,67000,18000,67000,1
67,19,5530,R0C0,CY022,19000,-67000,19000,67000,19000,67000,1
67,20,5531,R0C0,CY023,20000,-67000,20000,67000,20000,67000,1
67,21,5532,R0C0,CY024,21000,-67000,21000,67000,21000,67000,1
67,22,5533,R0C0,CY025,22000,-67000,22000,67000,22000,67000,1
67,23,5534,R0C0,CY026,23000,-67000,23000,67000,23000,67000,1
67,24,5535,R0C0,CY027,24000,-67000,24000,67000,24000,67000,1
67,25,5536,R0C0,CY028,25000,-67000,25000,67000,25000,67000,1
67,26,5537,R0C0,CY029,26000,-67000,26000,67000,26000,67000,1
67,27,5538,R0C0,CY031,27000,-67000,27000,67000,27000,67000,1
67,28,5539,R0C0,CY032,28000,-67000,28000,67000,28000,67000,1
67,29,5540,R0C0,CY033,29000,-67000,29000,67000,29000,67000,1
67,30,5541,R0C0,CY034,30000,-67000,30000,67000,30000,67000,1
67,31,5542,R0C0,CY035,31000,-67000,31000,67000,31000,67000,1
67,32,5543,R0C0,CY036,32000,-67000,32000,67000,32000,67000,1
67,33,5544,R0C0,CY037,33000,-67000,33000,67000,33000,67000,1
67,34,5545,R0C0,CY038,34000,-67000,34000,67000,34000,67000,1
67,35,5546,R0C0,CY039,35000,-67000,35000,67000,35000,67000,1
67,36,5547,R0C0,CY041,36000,-67000,36000,67000,36000,67000,1
67,37,5548,R0C0,CY042,37000,-67000,37000,67000,37000,67000,1
67,38,5549,R0C0,CY043,38000,-67000,38000,67000,38000,67000,1
67,39,5550,R0C0,CY044,39000,-67000,39000,67000,39000,67000,1
67,40,5551,R0C0,CY045,40000,-67000,40000,67000,40000,67000,1
67,41,5552,R0C0,CY046,41000,-67000,41000,67000,41000,67000,1
67,42,5553,R0C0,CY047,42000,-67000,42000,67000,42000,67000,1
67,43,5554,R0C0,CY048,43000,-67000,43000,67000,43000,67000,1
67,44,5555,R0C0,CY049,44000,-67000,44000,67000,44000,67000,1
67,45,5556,R0C0,CY051,45000,-67000,45000,67000,45000,67000,1
67,46,5557,R0C0,CY052,46000,-67000,46000,67000,46000,67000,1
67,47,5558,R0C0,CY053,47000,-67000,47000,67000,47000,67000,1
67,48,5559,R0C0,CY054,48000,-67000,48000,67000,48000,67000,1
67,49,5560,R0C0,CY055,49000,-67000,49000,67000,49000,67000,1
67,50,5561,R0C0,CY056,50000,-67000,50000,67000,50000,67000,1
67,51,5562,R0C0,CY057,51000,-67000,51000,67000,51000,67000,1
67,52,5563,R0C0,CY058,52000,-67000,52000,67000,52000,67000,1
67,53,5564,R0C0,CY059,53000,-67000,53000,67000,53000,67000,1
67,54,5565,R0C0,CY061,54000,-67000,54000,67000,54000,67000,1
67,55,5566,R0C0,CY062,55000,-67000,55000,67000,55000,67000,1
67,56,5567,R0C0,CY063,56000,-67000,56000,67000,56000,67000,1
67,57,5568,R0C0,CY064,57000,-67000,57000,67000,57000,67000,1
67,58,5569,R0C0,CY065,58000,-67000,58000,67000,58000,67000,1
67,59,5570,R0C0,CY066,59000,-67000,59000,67000,59000,67000,1
67,60,5571,R0C0,CY067,60000,-67000,60000,67000,60000,67000,1
67,61,5572,R0C0,CY068,61000,-67000,61000,67000,61000,67000,1
67,62,5573,R0C0,CY069,62000,-67000,62000,67000,62000,67000,1
67,63,5574,R0C0,CY071,63000,-67000,63000,67000,63000,67000,1
67,64,5575,R0C0,CY072,64000,-67000,64000,67000,64000,67000,1
67,65,5576,R0C0,CY073,65000,-67000,65000,67000,65000,67000,1
67,66,5577,R0C0,CY074,66000,-67000,66000,67000,66000,67000,1
67,67,5578,R0C0,CY075,67000,-67000,67000,67000,67000,67000,1
67,68,5579,R0C0,CY076,68000,-67000,68000,67000,68000,67000,1
67,69,5580,R0C0,CY077,69000,-67000,69000,67000,69000,67000,1
67,70,5581,R0C0,CY078,70000,-67000,70000,67000,70000,67000,1
67,71,5582,R0C0,CY079,71000,-67000,71000,67000,71000,67000,1
67,72,5583,R0C0,CY081,72000,-67000,72000,67000,72000,67000,1
67,73,5584,R0C0,CY082,73000,-67000,73000,67000,73000,67000,1
67,74,5585,R0C0,CY083,74000,-67000,74000,67000,74000,67000,1
67,75,5586,R0C0,CY084,75000,-67000,75000,67000,75000,67000,1
67,76,5587,R0C0,CY085,76000,-67000,76000,67000,76000,67000,1
67,77,5588,R0C0,CY086,77000,-67000,77000,67000,77000,67000,1
67,78,5589,R0C0,CY087,78000,-67000,78000,67000,78000,67000,1
67,79,5590,R0C0,CY088,79000,-67000,79000,67000,79000,67000,1
67,80,5591,R0C0,CY089,80000,-67000,80000,67000,80000,67000,1
67,81,5592,R0C0,CY091,81000,-67000,81000,67000,81000,67000,1
67,82,5593,R0C0,CY092,82000,-67000,82000,67000,82000,67000,1
67,83,5594,R0C0,CY093,83000,-67000,83000,67000,83000,67000,1
67,84,5595,R0C0,CY094,84000,-67000,84000,67000,84000,67000,1
67,85,5596,R0C0,CY095,85000,-67000,85000,67000,85000,67000,1
67,86,5597,R0C0,CY096,86000,-67000,86000,67000,86000,67000,1
67,87,5598,R0C0,CY097,87000,-67000,87000,67000,87000,67000,1
67,88,5599,R0C0,CY098,88000,-67000,88000,67000,88000,67000,1
67,89,5600,R0C0,CY099,89000,-67000,89000,67000,89000,67000,1
67,90,5601,R0C0,CY101,90000,-67000,90000,67000,90000,67000,1
67,91,5602,R0C0,CY102,91000,-67000,91000,67000,91000,67000,1
67,92,5603,R0C0,CY103,92000,-67000,92000,67000,92000,67000,1
67,93,5604,R0C0,CY104,93000,-67000,93000,67000,93000,67000,1
67,94,5605,R0C0,CY105,94000,-67000,94000,67000,94000,67000,1
67,95,5606,R0C0,CY106,95000,-67000,95000,67000,95000,67000,1
67,96,5607,R0C0,CY107,96000,-67000,96000,67000,96000,67000,1
67,97,5608,R0C0,CY108,97000,-67000,97000,67000,97000,67000,1
67,98,5609,R0C0,CY109,98000,-67000,98000,67000,98000,67000,1
67,99,5610,R0C0,CY111,99000,-67000,99000,67000,99000,67000,1
68,5,5611,R0C0,CZ006,5000,-68000,5000,68000,5000,68000,1
68,6,5612,R0C0,CZ007,6000,-68000,6000,68000,6000,68000,1
68,7,5613,R0C0,CZ008,7000,-68000,7000,68000,7000,68000,1
68,8,5614,R0C0,CZ009,8000,-68000,8000,68000,8000,68000,1
68,9,5615,R0C0,CZ011,9000,-68000,9000,68000,9000,68000,1
68,10,5616,R0C0,CZ012,10000,-68000,10000,68000,10000,68000,1
68,11,5617,R0C0,CZ013,11000,-68000,11000,68000,11000,68000,1
68,12,5618,R0C0,CZ014,12000,-68000,12000,68000,12000,68000,1
68,13,5619,R0C0,CZ015,13000,-68000,13000,68000,13000,68000,1
68,14,5620,R0C0,CZ016,14000,-68000,14000,68000,14000,68000,1
68,15,5621,R0C0,CZ017,15000,-68000,15000,68000,15000,68000,1
68,16,5622,R0C0,CZ018,16000,-68000,16000,68000,16000,68000,1
68,17,5623,R0C0,CZ019,17000,-68000,17000,68000,17000,68000,1
68,18,5624,R0C0,CZ021,18000,-68000,18000,68000,18000,68000,1
68,19,5625,R0C0,CZ022,19000,-68000,19000,68000,19000,68000,1
68,20,5626,R0C0,CZ023,20000,-68000,20000,68000,20000,68000,1
68,21,5627,R0C0,CZ024,21000,-68000,21000,68000,21000,68000,1
68,22,5628,R0C0,CZ025,22000,-68000,22000,68000,22000,68000,1
68,23,5629,R0C0,CZ026,23000,-68000,23000,68000,23000,68000,1
68,24,5630,R0C0,CZ027,24000,-68000,24000,68000,24000,68000,1
68,25,5631,R0C0,CZ028,25000,-68000,25000,68000,25000,68000,1
68,26,5632,R0C0,CZ029,26000,-68000,26000,68000,26000,68000,1
68,27,5633,R0C0,CZ031,27000,-68000,27000,68000,27000,68000,1
68,28,5634,R0C0,CZ032,28000,-68000,28000,68000,28000,68000,1
68,29,5635,R0C0,CZ033,29000,-68000,29000,68000,29000,68000,1
68,30,5636,R0C0,CZ034,30000,-68000,30000,68000,30000,68000,1
68,31,5637,R0C0,CZ035,31000,-68000,31000,68000,31000,68000,1
68,32,5638,R0C0,CZ036,32000,-68000,32000,68000,32000,68000,1
68,33,5639,R0C0,CZ037,33000,-68000,33000,68000,33000,68000,1
68,34,5640,R0C0,CZ038,34000,-68000,34000,68000,34000,68000,1
68,35,5641,R0C0,CZ039,35000,-68000,35000,68000,35000,68000,1
68,36,5642,R0C0,CZ041,36000,-68000,36000,68000,36000,68000,1
68,37,5643,R0C0,CZ042,37000,-68000,37000,68000,37000,68000,1
68,38,5644,R0C0,CZ043,38000,-68000,38000,68000,38000,68000,1
68,39,5645,R0C0,CZ044,39000,-68000,39000,68000,39000,68000,1
68,40,5646,R0C0,CZ045,40000,-68000,40000,68000,40000,68000,1
68,41,5647,R0C0,CZ046,41000,-68000,41000,68000,41000,68000,1
68,42,5648,R0C0,CZ047,42000,-68000,42000,68000,42000,68000,1
68,43,5649,R0C0,CZ048,43000,-68000,43000,68000,43000,68000,1
68,44,5650,R0C0,CZ049,44000,-68000,44000,68000,44000,68000,1
68,45,5651,R0C0,CZ051,45000,-68000,45000,68000,45000,68000,1
68,46,5652,R0C0,CZ052,46000,-68000,46000,68000,46000,68000,1
68,47,5653,R0C0,CZ053,47000,-68000,47000,68000,47000,68000,1
68,48,5654,R0C0,CZ054,48000,-68000,48000,68000,48000,68000,1
68,49,5655,R0C0,CZ055,49000,-68000,49000,68000,49000,68000,1
68,50,5656,R0C0,CZ056,50000,-68000,50000,68000,50000,68000,1
68,51,5657,R0C0,CZ057,51000,-68000,51000,68000,51000,68000,1
68,52,5658,R0C0,CZ058,52000,-68000,52000,68000,52000,68000,1
68,53,5659,R0C0,CZ059,53000,-68000,53000,68000,53000,68000,1
68,54,5660,R0C0,CZ061,54000,-68000,54000,68000,54000,68000,1
68,55,5661,R0C0,CZ062,55000,-68000,55000,68000,55000,68000,1
68,56,5662,R0C0,CZ063,56000,-68000,56000,68000,56000,68000,1
68,57,5663,R0C0,CZ064,57000,-68000,57000,68000,57000,68000,1
68,58,5664,R0C0,CZ065,58000,-68000,58000,68000,58000,68000,1
68,59,5665,R0C0,CZ066,59000,-68000,59000,68000,59000,68000,1
68,60,5666,R0C0,CZ067,60000,-68000,60000,68000,60000,68000,1
68,61,5667,R0C0,CZ068,61000,-68000,61000,68000,61000,68000,1
68,62,5668,R0C0,CZ069,62000,-68000,62000,68000,62000,68000,1
68,63,5669,R0C0,CZ071,63000,-68000,63000,68000,63000,68000,1
68,64,5670,R0C0,CZ072,64000,-68000,64000,68000,64000,68000,1
68,65,5671,R0C0,CZ073,65000,-68000,65000,68000,65000,68000,1
68,66,5672,R0C0,CZ074,66000,-68000,66000,68000,66000,68000,1
68,67,5673,R0C0,CZ075,67000,-68000,67000,68000,67000,68000,1
68,68,5674,R0C0,CZ076,68000,-68000,68000,68000,68000,68000,1
68,69,5675,R0C0,CZ077,69000,-68000,69000,68000,69000,68000,1
68,70,5676,R0C0,CZ078,70000,-68000,70000,68000,70000,68000,1
68,71,5677,R0C0,CZ079,71000,-68000,71000,68000,71000,68000,1
68,72,5678,R0C0,CZ081,72000,-68000,72000,68000,72000,68000,1
68,73,5679,R0C0,CZ082,73000,-68000,73000,68000,73000,68000,1
68,74,5680,R0C0,CZ083,74000,-68000,74000,68000,74000,68000,1
68,75,5681,R0C0,CZ084,75000,-68000,75000,68000,75000,68000,1
68,76,5682,R0C0,CZ085,76000,-68000,76000,68000,76000,68000,1
68,77,5683,R0C0,CZ086,77000,-68000,77000,68000,77000,68000,1
68,78,5684,R0C0,CZ087,78000,-68000,78000,68000,78000,68000,1
68,79,5685,R0C0,CZ088,79000,-68000,79000,68000,79000,68000,1
68,80,5686,R0C0,CZ089,80000,-68000,80000,68000,80000,68000,1
68,81,5687,R0C0,CZ091,81000,-68000,81000,68000,81000,68000,1
68,82,5688,R0C0,CZ092,82000,-68000,82000,68000,82000,68000,1
68,83,5689,R0C0,CZ093,83000,-68000,83000,68000,83000,68000,1
68,84,5690,R0C0,CZ094,84000,-68000,84000,68000,84000,68000,1
68,85,5691,R0C0,CZ095,85000,-68000,85000,68000,85000,68000,1
68,86,5692,R0C0,CZ096,86000,-68000,86000,68000,86000,68000,1
68,87,5693,R0C0,CZ097,87000,-68000,87000,68000,87000,68000,1
68,88,5694,R0C0,CZ098,88000,-68000,88000,68000,88000,68000,1
68,89,5695,R0C0,CZ099,89000,-68000,89000,68000,89000,68000,1
68,90,5696,R0C0,CZ101,90000,-68000,90000,68000,90000,68000,1
68,91,5697,R0C0,CZ102,91000,-68000,91000,68000,91000,68000,1
68,92,5698,R0C0,CZ103,92000,-68000,92000,68000,92000,68000,1
68,93,5699,R0C0,CZ104,93000,-68000,93000,68000,93000,68000,1
68,94,5700,R0C0,CZ105,94000,-68000,94000,68000,94000,68000,1
68,95,5701,R0C0,CZ106,95000,-68000,95000,68000,95000,68000,1
68,96,5702,R0C0,CZ107,96000,-68000,96000,68000,96000,68000,1
68,97,5703,R0C0,CZ108,97000,-68000,97000,68000,97000,68000,1
68,98,5704,R0C0,CZ109,98000,-68000,98000,68000,98000,68000,1
68,99,5705,R0C0,CZ111,99000,-68000,99000,68000,99000,68000,1
69,5,5706,R0C0,DA006,5000,-69000,5000,69000,5000,69000,1
69,6,5707,R0C0,DA007,6000,-69000,6000,69000,6000,69000,1
69,7,5708,R0C0,DA008,7000,-69000,7000,69000,7000,69000,1
69,8,5709,R0C0,DA009,8000,-69000,8000,69000,8000,69000,1
69,9,5710,R0C0,DA011,9000,-69000,9000,69000,9000,69000,1
69,10,5711,R0C0,DA012,10000,-69000,10000,69000,10000,69000,1
69,11,5712,R0C0,DA013,11000,-69000,11000,69000,11000,69000,1
69,12,5713,R0C0,DA014,12000,-69000,12000,69000,12000,69000,1
69,13,5714,R0C0,DA015,13000,-69000,13000,69000,13000,69000,1
69,14,5715,R0C0,DA016,14000,-69000,14000,69000,14000,69000,1
69,15,5716,R0C0,DA017,15000,-69000,15000,69000,15000,69000,1
69,16,5717,R0C0,DA018,16000,-69000,16000,69000,16000,69000,1
69,17,5718,R0C0,DA019,17000,-69000,17000,69000,17000,69000,1
69,18,5719,R0C0,DA021,18000,-69000,18000,69000,18000,69000,1
69,19,5720,R0C0,DA022,19000,-69000,19000,69000,19000,69000,1
69,20,5721,R0C0,DA023,20000,-69000,20000,69000,20000,69000,1
69,21,5722,R0C0,DA024,21000,-69000,21000,69000,21000,69000,1
69,22,5723,R0C0,DA025,22000,-69000,22000,69000,22000,69000,1
69,23,5724,R0C0,DA026,23000,-69000,23000,69000,23000,69000,1
69,24,5725,R0C0,DA027,24000,-69000,24000,69000,24000,69000,1
69,25,5726,R0C0,DA028,25000,-69000,25000,69000,25000,69000,1
69,26,5727,R0C0,DA029,26000,-69000,26000,69000,26000,69000,1
69,27,5728,R0C0,DA031,27000,-69000,27000,69000,27000,69000,1
69,28,5729,R0C0,DA032,28000,-69000,28000,69000,28000,69000,1
69,29,5730,R0C0,DA033,29000,-69000,29000,69000,29000,69000,1
69,30,5731,R0C0,DA034,30000,-69000,30000,69000,30000,69000,1
69,31,5732,R0C0,DA035,31000,-69000,31000,69000,31000,69000,1
69,32,5733,R0C0,DA036,32000,-69000,32000,69000,32000,69000,1
69,33,5734,R0C0,DA037,33000,-69000,33000,69000,33000,69000,1
69,34,5735,R0C0,DA038,34000,-69000,34000,69000,34000,69000,1
69,35,5736,R0C0,DA039,35000,-69000,35000,69000,35000,69000,1
69,36,5737,R0C0,DA041,36000,-69000,36000,69000,36000,69000,1
69,37,5738,R0C0,DA042,37000,-69000,37000,69000,37000,69000,1
69,38,5739,R0C0,DA043,38000,-69000,38000,69000,38000,69000,1
69,39,5740,R0C0,DA044,39000,-69000,39000,69000,39000,69000,1
69,40,5741,R0C0,DA045,40000,-69000,40000,69000,40000,69000,1
69,41,5742,R0C0,DA046,41000,-69000,41000,69000,41000,69000,1
69,42,5743,R0C0,DA047,42000,-69000,42000,69000,42000,69000,1
69,43,5744,R0C0,DA048,43000,-69000,43000,69000,43000,69000,1
69,44,5745,R0C0,DA049,44000,-69000,44000,69000,44000,69000,1
69,45,5746,R0C0,DA051,45000,-69000,45000,69000,45000,69000,1
69,46,5747,R0C0,DA052,46000,-69000,46000,69000,46000,69000,1
69,47,5748,R0C0,DA053,47000,-69000,47000,69000,47000,69000,1
69,48,5749,R0C0,DA054,48000,-69000,48000,69000,48000,69000,1
69,49,5750,R0C0,DA055,49000,-69000,49000,69000,49000,69000,1
69,50,5751,R0C0,DA056,50000,-69000,50000,69000,50000,69000,1
69,51,5752,R0C0,DA057,51000,-69000,51000,69000,51000,69000,1
69,52,5753,R0C0,DA058,52000,-69000,52000,69000,52000,69000,1
69,53,5754,R0C0,DA059,53000,-69000,53000,69000,53000,69000,1
69,54,5755,R0C0,DA061,54000,-69000,54000,69000,54000,69000,1
69,55,5756,R0C0,DA062,55000,-69000,55000,69000,55000,69000,1
69,56,5757,R0C0,DA063,56000,-69000,56000,69000,56000,69000,1
69,57,5758,R0C0,DA064,57000,-69000,57000,69000,57000,69000,1
69,58,5759,R0C0,DA065,58000,-69000,58000,69000,58000,69000,1
69,59,5760,R0C0,DA066,59000,-69000,59000,69000,59000,69000,1
69,60,5761,R0C0,DA067,60000,-69000,60000,69000,60000,69000,1
69,61,5762,R0C0,DA068,61000,-69000,61000,69000,61000,69000,1
69,62,5763,R0C0,DA069,62000,-69000,62000,69000,62000,69000,1
69,63,5764,R0C0,DA071,63000,-69000,63000,69000,63000,69000,1
69,64,5765,R0C0,DA072,64000,-69000,64000,69000,64000,69000,1
69,65,5766,R0C0,DA073,65000,-69000,65000,69000,65000,69000,1
69,66,5767,R0C0,DA074,66000,-69000,66000,69000,66000,69000,1
69,67,5768,R0C0,DA075,67000,-69000,67000,69000,67000,69000,1
69,68,5769,R0C0,DA076,68000,-69000,68000,69000,68000,69000,1
69,69,5770,R0C0,DA077,69000,-69000,69000,69000,69000,69000,1
69,70,5771,R0C0,DA078,70000,-69000,70000,69000,70000,69000,1
69,71,5772,R0C0,DA079,71000,-69000,71000,69000,71000,69000,1
69,72,5773,R0C0,DA081,72000,-69000,72000,69000,72000,69000,1
69,73,5774,R0C0,DA082,73000,-69000,73000,69000,73000,69000,1
69,74,5775,R0C0,DA083,74000,-69000,74000,69000,74000,69000,1
69,75,5776,R0C0,DA084,75000,-69000,75000,69000,75000,69000,1
69,76,5777,R0C0,DA085,76000,-69000,76000,69000,76000,69000,1
69,77,5778,R0C0,DA086,77000,-69000,77000,69000,77000,69000,1
69,78,5779,R0C0,DA087,78000,-69000,78000,69000,78000,69000,1
69,79,5780,R0C0,DA088,79000,-69000,79000,69000,79000,69000,1
69,80,5781,R0C0,DA089,80000,-69000,80000,69000,80000,69000,1
69,81,5782,R0C0,DA091,81000,-69000,81000,69000,81000,69000,1
69,82,5783,R0C0,DA092,82000,-69000,82000,69000,82000,69000,1
69,83,5784,R0C0,DA093,83000,-69000,83000,69000,83000,69000,1
69,84,5785,R0C0,DA094,84000,-69000,84000,69000,84000,69000,1
69,85,5786,R0C0,DA095,85000,-69000,85000,69000,85000,69000,1
69,86,5787,R0C0,DA096,86000,-69000,86000,69000,86000,69000,1
69,87,5788,R0C0,DA097,87000,-69000,87000,69000,87000,69000,1
69,88,5789,R0C0,DA098,88000,-69000,88000,69000,88000,69000,1
69,89,5790,R0C0,DA099,89000,-69000,89000,69000,89000,69000,1
69,90,5791,R0C0,DA101,90000,-69000,90000,69000,90000,69000,1
69,91,5792,R0C0,DA102,91000,-69000,91000,69000,91000,69000,1
69,92,5793,R0C0,DA103,92000,-69000,92000,69000,92000,69000,1
69,93,5794,R0C0,DA104,93000,-69000,93000,69000,93000,69000,1
69,94,5795,R0C0,DA105,94000,-69000,94000,69000,94000,69000,1
69,95,5796,R0C0,DA106,95000,-69000,95000,69000,95000,69000,1
69,96,5797,R0C0,DA107,96000,-69000,96000,69000,96000,69000,1
69,97,5798,R0C0,DA108,97000,-69000,97000,69000,97000,69000,1
69,98,5799,R0C0,DA109,98000,-69000,98000,69000,98000,69000,1
69,99,5800,R0C0,DA111,99000,-69000,99000,69000,99000,69000,1
70,5,5801,R0C0,DB006,5000,-70000,5000,70000,5000,70000,1
70,6,5802,R0C0,DB007,6000,-70000,6000,70000,6000,70000,1
70,7,5803,R0C0,DB008,7000,-70000,7000,70000,7000,70000,1
70,8,5804,R0C0,DB009,8000,-70000,8000,70000,8000,70000,1
70,9,5805,R0C0,DB011,9000,-70000,9000,70000,9000,70000,1
70,10,5806,R0C0,DB012,10000,-70000,10000,70000,10000,70000,1
70,11,5807,R0C0,DB013,11000,-70000,11000,70000,11000,70000,1
70,12,5808,R0C0,DB014,12000,-70000,12000,70000,12000,70000,1
70,13,5809,R0C0,DB015,13000,-70000,13000,70000,13000,70000,1
70,14,5810,R0C0,DB016,14000,-70000,14000,70000,14000,70000,1
70,15,5811,R0C0,DB017,15000,-70000,15000,70000,15000,70000,1
70,16,5812,R0C0,DB018,16000,-70000,16000,70000,16000,70000,1
70,17,5813,R0C0,DB019,17000,-70000,17000,70000,17000,70000,1
70,18,5814,R0C0,DB021,18000,-70000,18000,70000,18000,70000,1
70,19,5815,R0C0,DB022,19000,-70000,19000,70000,19000,70000,1
70,20,5816,R0C0,DB023,20000,-70000,20000,70000,20000,70000,1
70,21,5817,R0C0,DB024,21000,-70000,21000,70000,21000,70000,1
70,22,5818,R0C0,DB025,22000,-70000,22000,70000,22000,70000,1
70,23,5819,R0C0,DB026,23000,-70000,23000,70000,23000,70000,1
70,24,5820,R0C0,DB027,24000,-70000,24000,70000,24000,70000,1
70,25,5821,R0C0,DB028,25000,-70000,25000,70000,25000,70000,1
70,26,5822,R0C0,DB029,26000,-70000,26000,70000,26000,70000,1
70,27,5823,R0C0,DB031,27000,-70000,27000,70000,27000,70000,1
70,28,5824,R0C0,DB032,28000,-70000,28000,70000,28000,70000,1
70,29,5825,R0C0,DB033,29000,-70000,29000,70000,29000,70000,1
70,30,5826,R0C0,DB034,30000,-70000,30000,70000,30000,70000,1
70,31,5827,R0C0,DB035,31000,-70000,31000,70000,31000,70000,1
70,32,5828,R0C0,DB036,32000,-70000,32000,70000,32000,70000,1
70,33,5829,R0C0,DB037,33000,-70000,33000,70000,33000,70000,1
70,34,5830,R0C0,DB038,34000,-70000,34000,70000,34000,70000,1
70,35,5831,R0C0,DB039,35000,-70000,35000,70000,35000,70000,1
70,36,5832,R0C0,DB041,36000,-70000,36000,70000,36000,70000,1
70,37,5833,R0C0,DB042,37000,-70000,37000,70000,37000,70000,1
70,38,5834,R0C0,DB043,38000,-70000,38000,70000,38000,70000,1
70,39,5835,R0C0,DB044,39000,-70000,39000,70000,39000,70000,1
70,40,5836,R0C0,DB045,40000,-70000,40000,70000,40000,70000,1
70,41,5837,R0C0,DB046,41000,-70000,41000,70000,41000,70000,1
70,42,5838,R0C0,DB047,42000,-70000,42000,70000,42000,70000,1
70,43,5839,R0C0,DB048,43000,-70000,43000,70000,43000,70000,1
70,44,5840,R0C0,DB049,44000,-70000,44000,70000,44000,70000,1
70,45,5841,R0C0,DB051,45000,-70000,45000,70000,45000,70000,1
70,46,5842,R0C0,DB052,46000,-70000,46000,70000,46000,70000,1
70,47,5843,R0C0,DB053,47000,-70000,47000,70000,47000,70000,1
70,48,5844,R0C0,DB054,48000,-70000,48000,70000,48000,70000,1
70,49,5845,R0C0,DB055,49000,-70000,49000,70000,49000,70000,1
70,50,5846,R0C0,DB056,50000,-70000,50000,70000,50000,70000,1
70,51,5847,R0C0,DB057,51000,-70000,51000,70000,51000,70000,1
70,52,5848,R0C0,DB058,52000,-70000,52000,70000,52000,70000,1
70,53,5849,R0C0,DB059,53000,-70000,53000,70000,53000,70000,1
70,54,5850,R0C0,DB061,54000,-70000,54000,70000,54000,70000,1
70,55,5851,R0C0,DB062,55000,-70000,55000,70000,55000,70000,1
70,56,5852,R0C0,DB063,56000,-70000,56000,70000,56000,70000,1
70,57,5853,R0C0,DB064,57000,-70000,57000,70000,57000,70000,1
70,58,5854,R0C0,DB065,58000,-70000,58000,70000,58000,70000,1
70,59,5855,R0C0,DB066,59000,-70000,59000,70000,59000,70000,1
70,60,5856,R0C0,DB067,60000,-70000,60000,70000,60000,70000,1
70,61,5857,R0C0,DB068,61000,-70000,61000,70000,61000,70000,1
70,62,5858,R0C0,DB069,62000,-70000,62000,70000,62000,70000,1
70,63,5859,R0C0,DB071,63000,-70000,63000,70000,63000,70000,1
70,64,5860,R0C0,DB072,64000,-70000,64000,70000,64000,70000,1
70,65,5861,R0C0,DB073,65000,-70000,65000,70000,65000,70000,1
70,66,5862,R0C0,DB074,66000,-70000,66000,70000,66000,70000,1
70,67,5863,R0C0,DB075,67000,-70000,67000,70000,67000,70000,1
70,68,5864,R0C0,DB076,68000,-70000,68000,70000,68000,70000,1
70,69,5865,R0C0,DB077,69000,-70000,69000,70000,69000,70000,1
70,70,5866,R0C0,DB078,70000,-70000,70000,70000,70000,70000,1
70,71,5867,R0C0,DB079,71000,-70000,71000,70000,71000,70000,1
70,72,5868,R0C0,DB081,72000,-70000,72000,70000,72000,70000,1
70,73,5869,R0C0,DB082,73000,-70000,73000,70000,73000,70000,1
70,74,5870,R0C0,DB083,74000,-70000,74000,70000,74000,70000,1
70,75,5871,R0C0,DB084,75000,-70000,75000,70000,75000,70000,1
70,76,5872,R0C0,DB085,76000,-70000,76000,70000,76000,70000,1
70,77,5873,R0C0,DB086,77000,-70000,77000,70000,77000,70000,1
70,78,5874,R0C0,DB087,78000,-70000,78000,70000,78000,70000,1
70,79,5875,R0C0,DB088,79000,-70000,79000,70000,79000,70000,1
70,80,5876,R0C0,DB089,80000,-70000,80000,70000,80000,70000,1
70,81,5877,R0C0,DB091,81000,-70000,81000,70000,81000,70000,1
70,82,5878,R0C0,DB092,82000,-70000,82000,70000,82000,70000,1
70,83,5879,R0C0,DB093,83000,-70000,83000,70000,83000,70000,1
70,84,5880,R0C0,DB094,84000,-70000,84000,70000,84000,70000,1
70,85,5881,R0C0,DB095,85000,-70000,85000,70000,85000,70000,1
70,86,5882,R0C0,DB096,86000,-70000,86000,70000,86000,70000,1
70,87,5883,R0C0,DB097,87000,-70000,87000,70000,87000,70000,1
70,88,5884,R0C0,DB098,88000,-70000,88000,70000,88000,70000,1
70,89,5885,R0C0,DB099,89000,-70000,89000,70000,89000,70000,1
70,90,5886,R0C0,DB101,90000,-70000,90000,70000,90000,70000,1
70,91,5887,R0C0,DB102,91000,-70000,91000,70000,91000,70000,1
70,92,5888,R0C0,DB103,92000,-70000,92000,70000,92000,70000,1
70,93,5889,R0C0,DB104,93000,-70000,93000,70000,93000,70000,1
70,94,5890,R0C0,DB105,94000,-70000,94000,70000,94000,70000,1
70,95,5891,R0C0,DB106,95000,-70000,95000,70000,95000,70000,1
70,96,5892,R0C0,DB107,96000,-70000,96000,70000,96000,70000,1
70,97,5893,R0C0,DB108,97000,-70000,97000,70000,97000,70000,1
70,98,5894,R0C0,DB109,98000,-70000,98000,70000,98000,70000,1
70,99,5895,R0C0,DB111,99000,-70000,99000,70000,99000,70000,1
71,5,5896,R0C0,DC006,5000,-71000,5000,71000,5000,71000,1
71,6,5897,R0C0,DC007,6000,-71000,6000,71000,6000,71000,1
71,7,5898,R0C0,DC008,7000,-71000,7000,71000,7000,71000,1
71,8,5899,R0C0,DC009,8000,-71000,8000,71000,8000,71000,1
71,9,5900,R0C0,DC011,9000,-71000,9000,71000,9000,71000,1
71,10,5901,R0C0,DC012,10000,-71000,10000,71000,10000,71000,1
71,11,5902,R0C0,DC013,11000,-71000,11000,71000,11000,71000,1
71,12,5903,R0C0,DC014,12000,-71000,12000,71000,12000,71000,1
71,13,5904,R0C0,DC015,13000,-71000,13000,71000,13000,71000,1
71,14,5905,R0C0,DC016,14000,-71000,14000,71000,14000,71000,1
71,15,5906,R0C0,DC017,15000,-71000,15000,71000,15000,71000,1
71,16,5907,R0C0,DC018,16000,-71000,16000,71000,16000,71000,1
71,17,5908,R0C0,DC019,17000,-71000,17000,71000,17000,71000,1
71,18,5909,R0C0,DC021,18000,-71000,18000,71000,18000,71000,1
71,19,5910,R0C0,DC022,19000,-71000,19000,71000,19000,71000,1
71,20,5911,R0C0,DC023,20000,-71000,20000,71000,20000,71000,1
71,21,5912,R0C0,DC024,21000,-71000,21000,71000,21000,71000,1
71,22,5913,R0C0,DC025,22000,-71000,22000,71000,22000,71000,1
71,23,5914,R0C0,DC026,23000,-71000,23000,71000,23000,71000,1
71,24,5915,R0C0,DC027,24000,-71000,24000,71000,24000,71000,1
71,25,5916,R0C0,DC028,25000,-71000,25000,71000,25000,71000,1
71,26,5917,R0C0,DC029,26000,-71000,26000,71000,26000,71000,1
71,27,5918,R0C0,DC031,27000,-71000,27000,71000,27000,71000,1
71,28,5919,R0C0,DC032,28000,-71000,28000,71000,28000,71000,1
71,29,5920,R0C0,DC033,29000,-71000,29000,71000,29000,71000,1
71,30,5921,R0C0,DC034,30000,-71000,30000,71000,30000,71000,1
71,31,5922,R0C0,DC035,31000,-71000,31000,71000,31000,71000,1
71,32,5923,R0C0,DC036,32000,-71000,32000,71000,32000,71000,1
71,33,5924,R0C0,DC037,33000,-71000,33000,71000,33000,71000,1
71,34,5925,R0C0,DC038,34000,-71000,34000,71000,34000,71000,1
71,35,5926,R0C0,DC039,35000,-71000,35000,71000,35000,71000,1
71,36,5927,R0C0,DC041,36000,-71000,36000,71000,36000,71000,1
71,37,5928,R0C0,DC042,37000,-71000,37000,71000,37000,71000,1
71,38,5929,R0C0,DC043,38000,-71000,38000,71000,38000,71000,1
71,39,5930,R0C0,DC044,39000,-71000,39000,71000,39000,71000,1
71,40,5931,R0C0,DC045,40000,-71000,40000,71000,40000,71000,1
71,41,5932,R0C0,DC046,41000,-71000,41000,71000,41000,71000,1
71,42,5933,R0C0,DC047,42000,-71000,42000,71000,42000,71000,1
71,43,5934,R0C0,DC048,43000,-71000,43000,71000,43000,71000,1
71,44,5935,R0C0,DC049,44000,-71000,44000,71000,44000,71000,1
71,45,5936,R0C0,DC051,45000,-71000,45000,71000,45000,71000,1
71,46,5937,R0C0,DC052,46000,-71000,46000,71000,46000,71000,1
71,47,5938,R0C0,DC053,47000,-71000,47000,71000,47000,71000,1
71,48,5939,R0C0,DC054,48000,-71000,48000,71000,48000,71000,1
71,49,5940,R0C0,DC055,49000,-71000,49000,71000,49000,71000,1
71,50,5941,R0C0,DC056,50000,-71000,50000,71000,50000,71000,1
71,51,5942,R0C0,DC057,51000,-71000,51000,71000,51000,71000,1
71,52,5943,R0C0,DC058,52000,-71000,52000,71000,52000,71000,1
71,53,5944,R0C0,DC059,53000,-71000,53000,71000,53000,71000,1
71,54,5945,R0C0,DC061,54000,-71000,54000,71000,54000,71000,1
71,55,5946,R0C0,DC062,55000,-71000,55000,71000,55000,71000,1
71,56,5947,R0C0,DC063,56000,-71000,56000,71000,56000,71000,1
71,57,5948,R0C0,DC064,57000,-71000,57000,71000,57000,71000,1
71,58,5949,R0C0,DC065,58000,-71000,58000,71000,58000,71000,1
71,59,5950,R0C0,DC066,59000,-71000,59000,71000,59000,71000,1
71,60,5951,R0C0,DC067,60000,-71000,60000,71000,60000,71000,1
71,61,5952,R0C0,DC068,61000,-71000,61000,71000,61000,71000,1
71,62,5953,R0C0,DC069,62000,-71000,62000,71000,62000,71000,1
71,63,5954,R0C0,DC071,63000,-71000,63000,71000,63000,71000,1
71,64,5955,R0C0,DC072,64000,-71000,64000,71000,64000,71000,1
71,65,5956,R0C0,DC073,65000,-71000,65000,71000,65000,71000,1
71,66,5957,R0C0,DC074,66000,-71000,66000,71000,66000,71000,1
71,67,5958,R0C0,DC075,67000,-71000,67000,71000,67000,71000,1
71,68,5959,R0C0,DC076,68000,-71000,68000,71000,68000,71000,1
71,69,5960,R0C0,DC077,69000,-71000,69000,71000,69000,71000,1
71,70,5961,R0C0,DC078,70000,-71000,70000,71000,70000,71000,1
71,71,5962,R0C0,DC079,71000,-71000,71000,71000,71000,71000,1
71,72,5963,R0C0,DC081,72000,-71000,72000,71000,72000,71000,1
71,73,5964,R0C0,DC082,73000,-71000,73000,71000,73000,71000,1
71,74,5965,R0C0,DC083,74000,-71000,74000,71000,74000,71000,1
71,75,5966,R0C0,DC084,75000,-71000,75000,71000,75000,71000,1
71,76,5967,R0C0,DC085,76000,-71000,76000,71000,76000,71000,1
71,77,5968,R0C0,DC086,77000,-71000,77000,71000,77000,71000,1
71,78,5969,R0C0,DC087,78000,-71000,78000,71000,78000,71000,1
71,79,5970,R0C0,DC088,79000,-71000,79000,71000,79000,71000,1
71,80,5971,R0C0,DC089,80000,-71000,80000,71000,80000,71000,1
71,81,5972,R0C0,DC091,81000,-71000,81000,71000,81000,71000,1
71,82,5973,R0C0,DC092,82000,-71000,82000,71000,82000,71000,1
71,83,5974,R0C0,DC093,83000,-71000,83000,71000,83000,71000,1
71,84,5975,R0C0,DC094,84000,-71000,84000,71000,84000,71000,1
71,85,5976,R0C0,DC095,85000,-71000,85000,71000,85000,71000,1
71,86,5977,R0C0,DC096,86000,-71000,86000,71000,86000,71000,1
71,87,5978,R0C0,DC097,87000,-71000,87000,71000,87000,71000,1
71,88,5979,R0C0,DC098,88000,-71000,88000,71000,88000,71000,1
71,89,5980,R0C0,DC099,89000,-71000,89000,71000,89000,71000,1
71,90,5981,R0C0,DC101,90000,-71000,90000,71000,90000,71000,1
71,91,5982,R0C0,DC102,91000,-71000,91000,71000,91000,71000,1
71,92,5983,R0C0,DC103,92000,-71000,92000,71000,92000,71000,1
71,93,5984,R0C0,DC104,93000,-71000,93000,71000,93000,71000,1
71,94,5985,R0C0,DC105,94000,-71000,94000,71000,94000,71000,1
71,95,5986,R0C0,DC106,95000,-71000,95000,71000,95000,71000,1
71,96,5987,R0C0,DC107,96000,-71000,96000,71000,96000,71000,1
71,97,5988,R0C0,DC108,97000,-71000,97000,71000,97000,71000,1
71,98,5989,R0C0,DC109,98000,-71000,98000,71000,98000,71000,1
71,99,5990,R0C0,DC111,99000,-71000,99000,71000,99000,71000,1
72,5,5991,R0C0,DD006,5000,-72000,5000,72000,5000,72000,1
72,6,5992,R0C0,DD007,6000,-72000,6000,72000,6000,72000,1
72,7,5993,R0C0,DD008,7000,-72000,7000,72000,7000,72000,1
72,8,5994,R0C0,DD009,8000,-72000,8000,72000,8000,72000,1
72,9,5995,R0C0,DD011,9000,-72000,9000,72000,9000,72000,1
72,10,5996,R0C0,DD012,10000,-72000,10000,72000,10000,72000,1
72,11,5997,R0C0,DD013,11000,-72000,11000,72000,11000,72000,1
72,12,5998,R0C0,DD014,12000,-72000,12000,72000,12000,72000,1
72,13,5999,R0C0,DD015,13000,-72000,13000,72000,13000,72000,1
72,14,6000,R0C0,DD016,14000,-72000,14000,72000,14000,72000,1
72,15,6001,R0C0,DD017,15000,-72000,15000,72000,15000,72000,1
72,16,6002,R0C0,DD018,16000,-72000,16000,72000,16000,72000,1
72,17,6003,R0C0,DD019,17000,-72000,17000,72000,17000,72000,1
72,18,6004,R0C0,DD021,18000,-72000,18000,72000,18000,72000,1
72,19,6005,R0C0,DD022,19000,-72000,19000,72000,19000,72000,1
72,20,6006,R0C0,DD023,20000,-72000,20000,72000,20000,72000,1
72,21,6007,R0C0,DD024,21000,-72000,21000,72000,21000,72000,1
72,22,6008,R0C0,DD025,22000,-72000,22000,72000,22000,72000,1
72,23,6009,R0C0,DD026,23000,-72000,23000,72000,23000,72000,1
72,24,6010,R0C0,DD027,24000,-72000,24000,72000,24000,72000,1
72,25,6011,R0C0,DD028,25000,-72000,25000,72000,25000,72000,1
72,26,6012,R0C0,DD029,26000,-72000,26000,72000,26000,72000,1
72,27,6013,R0C0,DD031,27000,-72000,27000,72000,27000,72000,1
72,28,6014,R0C0,DD032,28000,-72000,28000,72000,28000,72000,1
72,29,6015,R0C0,DD033,29000,-72000,29000,72000,29000,72000,1
72,30,6016,R0C0,DD034,30000,-72000,30000,72000,30000,72000,1
72,31,6017,R0C0,DD035,31000,-72000,31000,72000,31000,72000,1
72,32,6018,R0C0,DD036,32000,-72000,32000,72000,32000,72000,1
72,33,6019,R0C0,DD037,33000,-72000,33000,72000,33000,72000,1
72,34,6020,R0C0,DD038,34000,-72000,34000,72000,34000,72000,1
72,35,6021,R0C0,DD039,35000,-72000,35000,72000,35000,72000,1
72,36,6022,R0C0,DD041,36000,-72000,36000,72000,36000,72000,1
72,37,6023,R0C0,DD042,37000,-72000,37000,72000,37000,72000,1
72,38,6024,R0C0,DD043,38000,-72000,38000,72000,38000,72000,1
72,39,6025,R0C0,DD044,39000,-72000,39000,72000,39000,72000,1
72,40,6026,R0C0,DD045,40000,-72000,40000,72000,40000,72000,1
72,41,6027,R0C0,DD046,41000,-72000,41000,72000,41000,72000,1
72,42,6028,R0C0,DD047,42000,-72000,42000,72000,42000,72000,1
72,43,6029,R0C0,DD048,43000,-72000,43000,72000,43000,72000,1
72,44,6030,R0C0,DD049,44000,-72000,44000,72000,44000,72000,1
72,45,6031,R0C0,DD051,45000,-72000,45000,72000,45000,72000,1
72,46,6032,R0C0,DD052,46000,-72000,46000,72000,46000,72000,1
72,47,6033,R0C0,DD053,47000,-72000,47000,72000,47000,72000,1
72,48,6034,R0C0,DD054,48000,-72000,48000,72000,48000,72000,1
72,49,6035,R0C0,DD055,49000,-72000,49000,72000,49000,72000,1
72,50,6036,R0C0,DD056,50000,-72000,50000,72000,50000,72000,1
72,51,6037,R0C0,DD057,51000,-72000,51000,72000,51000,72000,1
72,52,6038,R0C0,DD058,52000,-72000,52000,72000,52000,72000,1
72,53,6039,R0C0,DD059,53000,-72000,53000,72000,53000,72000,1
72,54,6040,R0C0,DD061,54000,-72000,54000,72000,54000,72000,1
72,55,6041,R0C0,DD062,55000,-72000,55000,72000,55000,72000,1
72,56,6042,R0C0,DD063,56000,-72000,56000,72000,56000,72000,1
72,57,6043,R0C0,DD064,57000,-72000,57000,72000,57000,72000,1
72,58,6044,R0C0,DD065,58000,-72000,58000,72000,58000,72000,1
72,59,6045,R0C0,DD066,59000,-72000,59000,72000,59000,72000,1
72,60,6046,R0C0,DD067,60000,-72000,60000,72000,60000,72000,1
72,61,6047,R0C0,DD068,61000,-72000,61000,72000,61000,72000,1
72,62,6048,R0C0,DD069,62000,-72000,62000,72000,62000,72000,1
72,63,6049,R0C0,DD071,63000,-72000,63000,72000,63000,72000,1
72,64,6050,R0C0,DD072,64000,-72000,64000,72000,64000,72000,1
72,65,6051,R0C0,DD073,65000,-72000,65000,72000,65000,72000,1
72,66,6052,R0C0,DD074,66000,-72000,66000,72000,66000,72000,1
72,67,6053,R0C0,DD075,67000,-72000,67000,72000,67000,72000,1
72,68,6054,R0C0,DD076,68000,-72000,68000,72000,68000,72000,1
72,69,6055,R0C0,DD077,69000,-72000,69000,72000,69000,72000,1
72,70,6056,R0C0,DD078,70000,-72000,70000,72000,70000,72000,1
72,71,6057,R0C0,DD079,71000,-72000,71000,72000,71000,72000,1
72,72,6058,R0C0,DD081,72000,-72000,72000,72000,72000,72000,1
72,73,6059,R0C0,DD082,73000,-72000,73000,72000,73000,72000,1
72,74,6060,R0C0,DD083,74000,-72000,74000,72000,74000,72000,1
72,75,6061,R0C0,DD084,75000,-72000,75000,72000,75000,72000,1
72,76,6062,R0C0,DD085,76000,-72000,76000,72000,76000,72000,1
72,77,6063,R0C0,DD086,77000,-72000,77000,72000,77000,72000,1
72,78,6064,R0C0,DD087,78000,-72000,78000,72000,78000,72000,1
72,79,6065,R0C0,DD088,79000,-72000,79000,72000,79000,72000,1
72,80,6066,R0C0,DD089,80000,-72000,80000,72000,80000,72000,1
72,81,6067,R0C0,DD091,81000,-72000,81000,72000,81000,72000,1
72,82,6068,R0C0,DD092,82000,-72000,82000,72000,82000,72000,1
72,83,6069,R0C0,DD093,83000,-72000,83000,72000,83000,72000,1
72,84,6070,R0C0,DD094,84000,-72000,84000,72000,84000,72000,1
72,85,6071,R0C0,DD095,85000,-72000,85000,72000,85000,72000,1
72,86,6072,R0C0,DD096,86000,-72000,86000,72000,86000,72000,1
72,87,6073,R0C0,DD097,87000,-72000,87000,72000,87000,72000,1
72,88,6074,R0C0,DD098,88000,-72000,88000,72000,88000,72000,1
72,89,6075,R0C0,DD099,89000,-72000,89000,72000,89000,72000,1
72,90,6076,R0C0,DD101,90000,-72000,90000,72000,90000,72000,1
72,91,6077,R0C0,DD102,91000,-72000,91000,72000,91000,72000,1
72,92,6078,R0C0,DD103,92000,-72000,92000,72000,92000,72000,1
72,93,6079,R0C0,DD104,93000,-72000,93000,72000,93000,72000,1
72,94,6080,R0C0,DD105,94000,-72000,94000,72000,94000,72000,1
72,95,6081,R0C0,DD106,95000,-72000,95000,72000,95000,72000,1
72,96,6082,R0C0,DD107,96000,-72000,96000,72000,96000,72000,1
72,97,6083,R0C0,DD108,97000,-72000,97000,72000,97000,72000,1
72,98,6084,R0C0,DD109,98000,-72000,98000,72000,98000,72000,1
72,99,6085,R0C0,DD111,99000,-72000,99000,72000,99000,72000,1
73,5,6086,R0C0,DE006,5000,-73000,5000,73000,5000,73000,1
73,6,6087,R0C0,DE007,6000,-73000,6000,73000,6000,73000,1
73,7,6088,R0C0,DE008,7000,-73000,7000,73000,7000,73000,1
73,8,6089,R0C0,DE009,8000,-73000,8000,73000,8000,73000,1
73,9,6090,R0C0,DE011,9000,-73000,9000,73000,9000,73000,1
73,10,6091,R0C0,DE012,10000,-73000,10000,73000,10000,73000,1
73,11,6092,R0C0,DE013,11000,-73000,11000,73000,11000,73000,1
73,12,6093,R0C0,DE014,12000,-73000,12000,73000,12000,73000,1
73,13,6094,R0C0,DE015,13000,-73000,13000,73000,13000,73000,1
73,14,6095,R0C0,DE016,14000,-73000,14000,73000,14000,73000,1
73,15,6096,R0C0,DE017,15000,-73000,15000,73000,15000,73000,1
73,16,6097,R0C0,DE018,16000,-73000,16000,73000,16000,73000,1
73,17,6098,R0C0,DE019,17000,-73000,17000,73000,17000,73000,1
73,18,6099,R0C0,DE021,18000,-73000,18000,73000,18000,73000,1
73,19,6100,R0C0,DE022,19000,-73000,19000,73000,19000,73000,1
73,20,6101,R0C0,DE023,20000,-73000,20000,73000,20000,73000,1
73,21,6102,R0C0,DE024,21000,-73000,21000,73000,21000,73000,1
73,22,6103,R0C0,DE025,22000,-73000,22000,73000,22000,73000,1
73,23,6104,R0C0,DE026,23000,-73000,23000,73000,23000,73000,1
73,24,6105,R0C0,DE027,24000,-73000,24000,73000,24000,73000,1
73,25,6106,R0C0,DE028,25000,-73000,25000,73000,25000,73000,1
73,26,6107,R0C0,DE029,26000,-73000,26000,73000,26000,73000,1
73,27,6108,R0C0,DE031,27000,-73000,27000,73000,27000,73000,1
73,28,6109,R0C0,DE032,28000,-73000,28000,73000,28000,73000,1
73,29,6110,R0C0,DE033,29000,-73000,29000,73000,29000,73000,1
73,30,6111,R0C0,DE034,30000,-73000,30000,73000,30000,73000,1
73,31,6112,R0C0,DE035,31000,-73000,31000,73000,31000,73000,1
73,32,6113,R0C0,DE036,32000,-73000,32000,73000,32000,73000,1
73,33,6114,R0C0,DE037,33000,-73000,33000,73000,33000,73000,1
73,34,6115,R0C0,DE038,34000,-73000,34000,73000,34000,73000,1
73,35,6116,R0C0,DE039,35000,-73000,35000,73000,35000,73000,1
73,36,6117,R0C0,DE041,36000,-73000,36000,73000,36000,73000,1
73,37,6118,R0C0,DE042,37000,-73000,37000,73000,37000,73000,1
73,38,6119,R0C0,DE043,38000,-73000,38000,73000,38000,73000,1
73,39,6120,R0C0,DE044,39000,-73000,39000,73000,39000,73000,1
73,40,6121,R0C0,DE045,40000,-73000,40000,73000,40000,73000,1
73,41,6122,R0C0,DE046,41000,-73000,41000,73000,41000,73000,1
73,42,6123,R0C0,DE047,42000,-73000,42000,73000,42000,73000,1
73,43,6124,R0C0,DE048,43000,-73000,43000,73000,43000,73000,1
73,44,6125,R0C0,DE049,44000,-73000,44000,73000,44000,73000,1
73,45,6126,R0C0,DE051,45000,-73000,45000,73000,45000,73000,1
73,46,6127,R0C0,DE052,46000,-73000,46000,73000,46000,73000,1
73,47,6128,R0C0,DE053,47000,-73000,47000,73000,47000,73000,1
73,48,6129,R0C0,DE054,48000,-73000,48000,73000,48000,73000,1
73,49,6130,R0C0,DE055,49000,-73000,49000,73000,49000,73000,1
73,50,6131,R0C0,DE056,50000,-73000,50000,73000,50000,73000,1
73,51,6132,R0C0,DE057,51000,-73000,51000,73000,51000,73000,1
73,52,6133,R0C0,DE058,52000,-73000,52000,73000,52000,73000,1
73,53,6134,R0C0,DE059,53000,-73000,53000,73000,53000,73000,1
73,54,6135,R0C0,DE061,54000,-73000,54000,73000,54000,73000,1
73,55,6136,R0C0,DE062,55000,-73000,55000,73000,55000,73000,1
73,56,6137,R0C0,DE063,56000,-73000,56000,73000,56000,73000,1
73,57,6138,R0C0,DE064,57000,-73000,57000,73000,57000,73000,1
73,58,6139,R0C0,DE065,58000,-73000,58000,73000,58000,73000,1
73,59,6140,R0C0,DE066,59000,-73000,59000,73000,59000,73000,1
73,60,6141,R0C0,DE067,60000,-73000,60000,73000,60000,73000,1
73,61,6142,R0C0,DE068,61000,-73000,61000,73000,61000,73000,1
73,62,6143,R0C0,DE069,62000,-73000,62000,73000,62000,73000,1
73,63,6144,R0C0,DE071,63000,-73000,63000,73000,63000,73000,1
73,64,6145,R0C0,DE072,64000,-73000,64000,73000,64000,73000,1
73,65,6146,R0C0,DE073,65000,-73000,65000,73000,65000,73000,1
73,66,6147,R0C0,DE074,66000,-73000,66000,73000,66000,73000,1
73,67,6148,R0C0,DE075,67000,-73000,67000,73000,67000,73000,1
73,68,6149,R0C0,DE076,68000,-73000,68000,73000,68000,73000,1
73,69,6150,R0C0,DE077,69000,-73000,69000,73000,69000,73000,1
73,70,6151,R0C0,DE078,70000,-73000,70000,73000,70000,73000,1
73,71,6152,R0C0,DE079,71000,-73000,71000,73000,71000,73000,1
73,72,6153,R0C0,DE081,72000,-73000,72000,73000,72000,73000,1
73,73,6154,R0C0,DE082,73000,-73000,73000,73000,73000,73000,1
73,74,6155,R0C0,DE083,74000,-73000,74000,73000,74000,73000,1
73,75,6156,R0C0,DE084,75000,-73000,75000,73000,75000,73000,1
73,76,6157,R0C0,DE085,76000,-73000,76000,73000,76000,73000,1
73,77,6158,R0C0,DE086,77000,-73000,77000,73000,77000,73000,1
73,78,6159,R0C0,DE087,78000,-73000,78000,73000,78000,73000,1
73,79,6160,R0C0,DE088,79000,-73000,79000,73000,79000,73000,1
73,80,6161,R0C0,DE089,80000,-73000,80000,73000,80000,73000,1
73,81,6162,R0C0,DE091,81000,-73000,81000,73000,81000,73000,1
73,82,6163,R0C0,DE092,82000,-73000,82000,73000,82000,73000,1
73,83,6164,R0C0,DE093,83000,-73000,83000,73000,83000,73000,1
73,84,6165,R0C0,DE094,84000,-73000,84000,73000,84000,73000,1
73,85,6166,R0C0,DE095,85000,-73000,85000,73000,85000,73000,1
73,86,6167,R0C0,DE096,86000,-73000,86000,73000,86000,73000,1
73,87,6168,R0C0,DE097,87000,-73000,87000,73000,87000,73000,1
73,88,6169,R0C0,DE098,88000,-73000,88000,73000,88000,73000,1
73,89,6170,R0C0,DE099,89000,-73000,89000,73000,89000,73000,1
73,90,6171,R0C0,DE101,90000,-73000,90000,73000,90000,73000,1
73,91,6172,R0C0,DE102,91000,-73000,91000,73000,91000,73000,1
73,92,6173,R0C0,DE103,92000,-73000,92000,73000,92000,73000,1
73,93,6174,R0C0,DE104,93000,-73000,93000,73000,93000,73000,1
73,94,6175,R0C0,DE105,94000,-73000,94000,73000,94000,73000,1
73,95,6176,R0C0,DE106,95000,-73000,95000,73000,95000,73000,1
73,96,6177,R0C0,DE107,96000,-73000,96000,73000,96000,73000,1
73,97,6178,R0C0,DE108,97000,-73000,97000,73000,97000,73000,1
73,98,6179,R0C0,DE109,98000,-73000,98000,73000,98000,73000,1
73,99,6180,R0C0,DE111,99000,-73000,99000,73000,99000,73000,1
74,5,6181,R0C0,DF006,5000,-74000,5000,74000,5000,74000,1
74,6,6182,R0C0,DF007,6000,-74000,6000,74000,6000,74000,1
74,7,6183,R0C0,DF008,7000,-74000,7000,74000,7000,74000,1
74,8,6184,R0C0,DF009,8000,-74000,8000,74000,8000,74000,1
74,9,6185,R0C0,DF011,9000,-74000,9000,74000,9000,74000,1
74,10,6186,R0C0,DF012,10000,-74000,10000,74000,10000,74000,1
74,11,6187,R0C0,DF013,11000,-74000,11000,74000,11000,74000,1
74,12,6188,R0C0,DF014,12000,-74000,12000,74000,12000,74000,1
74,13,6189,R0C0,DF015,13000,-74000,13000,74000,13000,74000,1
74,14,6190,R0C0,DF016,14000,-74000,14000,74000,14000,74000,1
74,15,6191,R0C0,DF017,15000,-74000,15000,74000,15000,74000,1
74,16,6192,R0C0,DF018,16000,-74000,16000,74000,16000,74000,1
74,17,6193,R0C0,DF019,17000,-74000,17000,74000,17000,74000,1
74,18,6194,R0C0,DF021,18000,-74000,18000,74000,18000,74000,1
74,19,6195,R0C0,DF022,19000,-74000,19000,74000,19000,74000,1
74,20,6196,R0C0,DF023,20000,-74000,20000,74000,20000,74000,1
74,21,6197,R0C0,DF024,21000,-74000,21000,74000,21000,74000,1
74,22,6198,R0C0,DF025,22000,-74000,22000,74000,22000,74000,1
74,23,6199,R0C0,DF026,23000,-74000,23000,74000,23000,74000,1
74,24,6200,R0C0,DF027,24000,-74000,24000,74000,24000,74000,1
74,25,6201,R0C0,DF028,25000,-74000,25000,74000,25000,74000,1
74,26,6202,R0C0,DF029,26000,-74000,26000,74000,26000,74000,1
74,27,6203,R0C0,DF031,27000,-74000,27000,74000,27000,74000,1
74,28,6204,R0C0,DF032,28000,-74000,28000,74000,28000,74000,1
74,29,6205,R0C0,DF033,29000,-74000,29000,74000,29000,74000,1
74,30,6206,R0C0,DF034,30000,-74000,30000,74000,30000,74000,1
74,31,6207,R0C0,DF035,31000,-74000,31000,74000,31000,74000,1
74,32,6208,R0C0,DF036,32000,-74000,32000,74000,32000,74000,1
74,33,6209,R0C0,DF037,33000,-74000,33000,74000,33000,74000,1
74,34,6210,R0C0,DF038,34000,-74000,34000,74000,34000,74000,1
74,35,6211,R0C0,DF039,35000,-74000,35000,74000,35000,74000,1
74,36,6212,R0C0,DF041,36000,-74000,36000,74000,36000,74000,1
74,37,6213,R0C0,DF042,37000,-74000,37000,74000,37000,74000,1
74,38,6214,R0C0,DF043,38000,-74000,38000,74000,38000,74000,1
74,39,6215,R0C0,DF044,39000,-74000,39000,74000,39000,74000,1
74,40,6216,R0C0,DF045,40000,-74000,40000,74000,40000,74000,1
74,41,6217,R0C0,DF046,41000,-74000,41000,74000,41000,74000,1
74,42,6218,R0C0,DF047,42000,-74000,42000,74000,42000,74000,1
74,43,6219,R0C0,DF048,43000,-74000,43000,74000,43000,74000,1
74,44,6220,R0C0,DF049,44000,-74000,44000,74000,44000,74000,1
74,45,6221,R0C0,DF051,45000,-74000,45000,74000,45000,74000,1
74,46,6222,R0C0,DF052,46000,-74000,46000,74000,46000,74000,1
74,47,6223,R0C0,DF053,47000,-74000,47000,74000,47000,74000,1
74,48,6224,R0C0,DF054,48000,-74000,48000,74000,48000,74000,1
74,49,6225,R0C0,DF055,49000,-74000,49000,74000,49000,74000,1
74,50,6226,R0C0,DF056,50000,-74000,50000,74000,50000,74000,1
74,51,6227,R0C0,DF057,51000,-74000,51000,74000,51000,74000,1
74,52,6228,R0C0,DF058,52000,-74000,52000,74000,52000,74000,1
74,53,6229,R0C0,DF059,53000,-74000,53000,74000,53000,74000,1
74,54,6230,R0C0,DF061,54000,-74000,54000,74000,54000,74000,1
74,55,6231,R0C0,DF062,55000,-74000,55000,74000,55000,74000,1
74,56,6232,R0C0,DF063,56000,-74000,56000,74000,56000,74000,1
74,57,6233,R0C0,DF064,57000,-74000,57000,74000,57000,74000,1
74,58,6234,R0C0,DF065,58000,-74000,58000,74000,58000,74000,1
74,59,6235,R0C0,DF066,59000,-74000,59000,74000,59000,74000,1
74,60,6236,R0C0,DF067,60000,-74000,60000,74000,60000,74000,1
74,61,6237,R0C0,DF068,61000,-74000,61000,74000,61000,74000,1
74,62,6238,R0C0,DF069,62000,-74000,62000,74000,62000,74000,1
74,63,6239,R0C0,DF071,63000,-74000,63000,74000,63000,74000,1
74,64,6240,R0C0,DF072,64000,-74000,64000,74000,64000,74000,1
74,65,6241,R0C0,DF073,65000,-74000,65000,74000,65000,74000,1
74,66,6242,R0C0,DF074,66000,-74000,66000,74000,66000,74000,1
74,67,6243,R0C0,DF075,67000,-74000,67000,74000,67000,74000,1
74,68,6244,R0C0,DF076,68000,-74000,68000,74000,68000,74000,1
74,69,6245,R0C0,DF077,69000,-74000,69000,74000,69000,74000,1
74,70,6246,R0C0,DF078,70000,-74000,70000,74000,70000,74000,1
74,71,6247,R0C0,DF079,71000,-74000,71000,74000,71000,74000,1
74,72,6248,R0C0,DF081,72000,-74000,72000,74000,72000,74000,1
74,73,6249,R0C0,DF082,73000,-74000,73000,74000,73000,74000,1
74,74,6250,R0C0,DF083,74000,-74000,74000,74000,74000,74000,1
74,75,6251,R0C0,DF084,75000,-74000,75000,74000,75000,74000,1
74,76,6252,R0C0,DF085,76000,-74000,76000,74000,76000,74000,1
74,77,6253,R0C0,DF086,77000,-74000,77000,74000,77000,74000,1
74,78,6254,R0C0,DF087,78000,-74000,78000,74000,78000,74000,1
74,79,6255,R0C0,DF088,79000,-74000,79000,74000,79000,74000,1
74,80,6256,R0C0,DF089,80000,-74000,80000,74000,80000,74000,1
74,81,6257,R0C0,DF091,81000,-74000,81000,74000,81000,74000,1
74,82,6258,R0C0,DF092,82000,-74000,82000,74000,82000,74000,1
74,83,6259,R0C0,DF093,83000,-74000,83000,74000,83000,74000,1
74,84,6260,R0C0,DF094,84000,-74000,84000,74000,84000,74000,1
74,85,6261,R0C0,DF095,85000,-74000,85000,74000,85000,74000,1
74,86,6262,R0C0,DF096,86000,-74000,86000,74000,86000,74000,1
74,87,6263,R0C0,DF097,87000,-74000,87000,74000,87000,74000,1
74,88,6264,R0C0,DF098,88000,-74000,88000,74000,88000,74000,1
74,89,6265,R0C0,DF099,89000,-74000,89000,74000,89000,74000,1
74,90,6266,R0C0,DF101,90000,-74000,90000,74000,90000,74000,1
74,91,6267,R0C0,DF102,91000,-74000,91000,74000,91000,74000,1
74,92,6268,R0C0,DF103,92000,-74000,92000,74000,92000,74000,1
74,93,6269,R0C0,DF104,93000,-74000,93000,74000,93000,74000,1
74,94,6270,R0C0,DF105,94000,-74000,94000,74000,94000,74000,1
74,95,6271,R0C0,DF106,95000,-74000,95000,74000,95000,74000,1
74,96,6272,R0C0,DF107,96000,-74000,96000,74000,96000,74000,1
74,97,6273,R0C0,DF108,97000,-74000,97000,74000,97000,74000,1
74,98,6274,R0C0,DF109,98000,-74000,98000,74000,98000,74000,1
74,99,6275,R0C0,DF111,99000,-74000,99000,74000,99000,74000,1
75,10,6276,R0C0,DG012,10000,-75000,10000,75000,10000,75000,1
75,11,6277,R0C0,DG013,11000,-75000,11000,75000,11000,75000,1
75,12,6278,R0C0,DG014,12000,-75000,12000,75000,12000,75000,1
75,13,6279,R0C0,DG015,13000,-75000,13000,75000,13000,75000,1
75,14,6280,R0C0,DG016,14000,-75000,14000,75000,14000,75000,1
75,15,6281,R0C0,DG017,15000,-75000,15000,75000,15000,75000,1
75,16,6282,R0C0,DG018,16000,-75000,16000,75000,16000,75000,1
75,17,6283,R0C0,DG019,17000,-75000,17000,75000,17000,75000,1
75,18,6284,R0C0,DG021,18000,-75000,18000,75000,18000,75000,1
75,19,6285,R0C0,DG022,19000,-75000,19000,75000,19000,75000,1
75,20,6286,R0C0,DG023,20000,-75000,20000,75000,20000,75000,1
75,21,6287,R0C0,DG024,21000,-75000,21000,75000,21000,75000,1
75,22,6288,R0C0,DG025,22000,-75000,22000,75000,22000,75000,1
75,23,6289,R0C0,DG026,23000,-75000,23000,75000,23000,75000,1
75,24,6290,R0C0,DG027,24000,-75000,24000,75000,24000,75000,1
75,25,6291,R0C0,DG028,25000,-75000,25000,75000,25000,75000,1
75,26,6292,R0C0,DG029,26000,-75000,26000,75000,26000,75000,1
75,27,6293,R0C0,DG031,27000,-75000,27000,75000,27000,75000,1
75,28,6294,R0C0,DG032,28000,-75000,28000,75000,28000,75000,1
75,29,6295,R0C0,DG033,29000,-75000,29000,75000,29000,75000,1
75,30,6296,R0C0,DG034,30000,-75000,30000,75000,30000,75000,1
75,31,6297,R0C0,DG035,31000,-75000,31000,75000,31000,75000,1
75,32,6298,R0C0,DG036,32000,-75000,32000,75000,32000,75000,1
75,33,6299,R0C0,DG037,33000,-75000,33000,75000,33000,75000,1
75,34,6300,R0C0,DG038,34000,-75000,34000,75000,34000,75000,1
75,35,6301,R0C0,DG039,35000,-75000,35000,75000,35000,75000,1
75,36,6302,R0C0,DG041,36000,-75000,36000,75000,36000,75000,1
75,37,6303,R0C0,DG042,37000,-75000,37000,75000,37000,75000,1
75,38,6304,R0C0,DG043,38000,-75000,38000,75000,38000,75000,1
75,39,6305,R0C0,DG044,39000,-75000,39000,75000,39000,75000,1
75,40,6306,R0C0,DG045,40000,-75000,40000,75000,40000,75000,1
75,41,6307,R0C0,DG046,41000,-75000,41000,75000,41000,75000,1
75,42,6308,R0C0,DG047,42000,-75000,42000,75000,42000,75000,1
75,43,6309,R0C0,DG048,43000,-75000,43000,75000,43000,75000,1
75,44,6310,R0C0,DG049,44000,-75000,44000,75000,44000,75000,1
75,45,6311,R0C0,DG051,45000,-75000,45000,75000,45000,75000,1
75,46,6312,R0C0,DG052,46000,-75000,46000,75000,46000,75000,1
75,47,6313,R0C0,DG053,47000,-75000,47000,75000,47000,75000,1
75,48,6314,R0C0,DG054,48000,-75000,48000,75000,48000,75000,1
75,49,6315,R0C0,DG055,49000,-75000,49000,75000,49000,75000,1
75,50,6316,R0C0,DG056,50000,-75000,50000,75000,50000,75000,1
75,51,6317,R0C0,DG057,51000,-75000,51000,75000,51000,75000,1
75,52,6318,R0C0,DG058,52000,-75000,52000,75000,52000,75000,1
75,53,6319,R0C0,DG059,53000,-75000,53000,75000,53000,75000,1
75,54,6320,R0C0,DG061,54000,-75000,54000,75000,54000,75000,1
75,55,6321,R0C0,DG062,55000,-75000,55000,75000,55000,75000,1
75,56,6322,R0C0,DG063,56000,-75000,56000,75000,56000,75000,1
75,57,6323,R0C0,DG064,57000,-75000,57000,75000,57000,75000,1
75,58,6324,R0C0,DG065,58000,-75000,58000,75000,58000,75000,1
75,59,6325,R0C0,DG066,59000,-75000,59000,75000,59000,75000,1
75,60,6326,R0C0,DG067,60000,-75000,60000,75000,60000,75000,1
75,61,6327,R0C0,DG068,61000,-75000,61000,75000,61000,75000,1
75,62,6328,R0C0,DG069,62000,-75000,62000,75000,62000,75000,1
75,63,6329,R0C0,DG071,63000,-75000,63000,75000,63000,75000,1
75,64,6330,R0C0,DG072,64000,-75000,64000,75000,64000,75000,1
75,65,6331,R0C0,DG073,65000,-75000,65000,75000,65000,75000,1
75,66,6332,R0C0,DG074,66000,-75000,66000,75000,66000,75000,1
75,67,6333,R0C0,DG075,67000,-75000,67000,75000,67000,75000,1
75,68,6334,R0C0,DG076,68000,-75000,68000,75000,68000,75000,1
75,69,6335,R0C0,DG077,69000,-75000,69000,75000,69000,75000,1
75,70,6336,R0C0,DG078,70000,-75000,70000,75000,70000,75000,1
75,71,6337,R0C0,DG079,71000,-75000,71000,75000,71000,75000,1
75,72,6338,R0C0,DG081,72000,-75000,72000,75000,72000,75000,1
75,73,6339,R0C0,DG082,73000,-75000,73000,75000,73000,75000,1
75,74,6340,R0C0,DG083,74000,-75000,74000,75000,74000,75000,1
75,75,6341,R0C0,DG084,75000,-75000,75000,75000,75000,75000,1
75,76,6342,R0C0,DG085,76000,-75000,76000,75000,76000,75000,1
75,77,6343,R0C0,DG086,77000,-75000,77000,75000,77000,75000,1
75,78,6344,R0C0,DG087,78000,-75000,78000,75000,78000,75000,1
75,79,6345,R0C0,DG088,79000,-75000,79000,75000,79000,75000,1
75,80,6346,R0C0,DG089,80000,-75000,80000,75000,80000,75000,1
75,81,6347,R0C0,DG091,81000,-75000,81000,75000,81000,75000,1
75,82,6348,R0C0,DG092,82000,-75000,82000,75000,82000,75000,1
75,83,6349,R0C0,DG093,83000,-75000,83000,75000,83000,75000,1
75,84,6350,R0C0,DG094,84000,-75000,84000,75000,84000,75000,1
75,85,6351,R0C0,DG095,85000,-75000,85000,75000,85000,75000,1
75,86,6352,R0C0,DG096,86000,-75000,86000,75000,86000,75000,1
75,87,6353,R0C0,DG097,87000,-75000,87000,75000,87000,75000,1
75,88,6354,R0C0,DG098,88000,-75000,88000,75000,88000,75000,1
75,89,6355,R0C0,DG099,89000,-75000,89000,75000,89000,75000,1
75,90,6356,R0C0,DG101,90000,-75000,90000,75000,90000,75000,1
75,91,6357,R0C0,DG102,91000,-75000,91000,75000,91000,75000,1
75,92,6358,R0C0,DG103,92000,-75000,92000,75000,92000,75000,1
75,93,6359,R0C0,DG104,93000,-75000,93000,75000,93000,75000,1
75,94,6360,R0C0,DG105,94000,-75000,94000,75000,94000,75000,1
76,10,6361,R0C0,DH012,10000,-76000,10000,76000,10000,76000,1
76,11,6362,R0C0,DH013,11000,-76000,11000,76000,11000,76000,1
76,12,6363,R0C0,DH014,12000,-76000,12000,76000,12000,76000,1
76,13,6364,R0C0,DH015,13000,-76000,13000,76000,13000,76000,1
76,14,6365,R0C0,DH016,14000,-76000,14000,76000,14000,76000,1
76,15,6366,R0C0,DH017,15000,-76000,15000,76000,15000,76000,1
76,16,6367,R0C0,DH018,16000,-76000,16000,76000,16000,76000,1
76,17,6368,R0C0,DH019,17000,-76000,17000,76000,17000,76000,1
76,18,6369,R0C0,DH021,18000,-76000,18000,76000,18000,76000,1
76,19,6370,R0C0,DH022,19000,-76000,19000,76000,19000,76000,1
76,20,6371,R0C0,DH023,20000,-76000,20000,76000,20000,76000,1
76,21,6372,R0C0,DH024,21000,-76000,21000,76000,21000,76000,1
76,22,6373,R0C0,DH025,22000,-76000,22000,76000,22000,76000,1
76,23,6374,R0C0,DH026,23000,-76000,23000,76000,23000,76000,1
76,24,6375,R0C0,DH027,24000,-76000,24000,76000,24000,76000,1
76,25,6376,R0C0,DH028,25000,-76000,25000,76000,25000,76000,1
76,26,6377,R0C0,DH029,26000,-76000,26000,76000,26000,76000,1
76,27,6378,R0C0,DH031,27000,-76000,27000,76000,27000,76000,1
76,28,6379,R0C0,DH032,28000,-76000,28000,76000,28000,76000,1
76,29,6380,R0C0,DH033,29000,-76000,29000,76000,29000,76000,1
76,30,6381,R0C0,DH034,30000,-76000,30000,76000,30000,76000,1
76,31,6382,R0C0,DH035,31000,-76000,31000,76000,31000,76000,1
76,32,6383,R0C0,DH036,32000,-76000,32000,76000,32000,76000,1
76,33,6384,R0C0,DH037,33000,-76000,33000,76000,33000,76000,1
76,34,6385,R0C0,DH038,34000,-76000,34000,76000,34000,76000,1
76,35,6386,R0C0,DH039,35000,-76000,35000,76000,35000,76000,1
76,36,6387,R0C0,DH041,36000,-76000,36000,76000,36000,76000,1
76,37,6388,R0C0,DH042,37000,-76000,37000,76000,37000,76000,1
76,38,6389,R0C0,DH043,38000,-76000,38000,76000,38000,76000,1
76,39,6390,R0C0,DH044,39000,-76000,39000,76000,39000,76000,1
76,40,6391,R0C0,DH045,40000,-76000,40000,76000,40000,76000,1
76,41,6392,R0C0,DH046,41000,-76000,41000,76000,41000,76000,1
76,42,6393,R0C0,DH047,42000,-76000,42000,76000,42000,76000,1
76,43,6394,R0C0,DH048,43000,-76000,43000,76000,43000,76000,1
76,44,6395,R0C0,DH049,44000,-76000,44000,76000,44000,76000,1
76,45,6396,R0C0,DH051,45000,-76000,45000,76000,45000,76000,1
76,46,6397,R0C0,DH052,46000,-76000,46000,76000,46000,76000,1
76,47,6398,R0C0,DH053,47000,-76000,47000,76000,47000,76000,1
76,48,6399,R0C0,DH054,48000,-76000,48000,76000,48000,76000,1
76,49,6400,R0C0,DH055,49000,-76000,49000,76000,49000,76000,1
76,50,6401,R0C0,DH056,50000,-76000,50000,76000,50000,76000,1
76,51,6402,R0C0,DH057,51000,-76000,51000,76000,51000,76000,1
76,52,6403,R0C0,DH058,52000,-76000,52000,76000,52000,76000,1
76,53,6404,R0C0,DH059,53000,-76000,53000,76000,53000,76000,1
76,54,6405,R0C0,DH061,54000,-76000,54000,76000,54000,76000,1
76,55,6406,R0C0,DH062,55000,-76000,55000,76000,55000,76000,1
76,56,6407,R0C0,DH063,56000,-76000,56000,76000,56000,76000,1
76,57,6408,R0C0,DH064,57000,-76000,57000,76000,57000,76000,1
76,58,6409,R0C0,DH065,58000,-76000,58000,76000,58000,76000,1
76,59,6410,R0C0,DH066,59000,-76000,59000,76000,59000,76000,1
76,60,6411,R0C0,DH067,60000,-76000,60000,76000,60000,76000,1
76,61,6412,R0C0,DH068,61000,-76000,61000,76000,61000,76000,1
76,62,6413,R0C0,DH069,62000,-76000,62000,76000,62000,76000,1
76,63,6414,R0C0,DH071,63000,-76000,63000,76000,63000,76000,1
76,64,6415,R0C0,DH072,64000,-76000,64000,76000,64000,76000,1
76,65,6416,R0C0,DH073,65000,-76000,65000,76000,65000,76000,1
76,66,6417,R0C0,DH074,66000,-76000,66000,76000,66000,76000,1
76,67,6418,R0C0,DH075,67000,-76000,67000,76000,67000,76000,1
76,68,6419,R0C0,DH076,68000,-76000,68000,76000,68000,76000,1
76,69,6420,R0C0,DH077,69000,-76000,69000,76000,69000,76000,1
76,70,6421,R0C0,DH078,70000,-76000,70000,76000,70000,76000,1
76,71,6422,R0C0,DH079,71000,-76000,71000,76000,71000,76000,1
76,72,6423,R0C0,DH081,72000,-76000,72000,76000,72000,76000,1
76,73,6424,R0C0,DH082,73000,-76000,73000,76000,73000,76000,1
76,74,6425,R0C0,DH083,74000,-76000,74000,76000,74000,76000,1
76,75,6426,R0C0,DH084,75000,-76000,75000,76000,75000,76000,1
76,76,6427,R0C0,DH085,76000,-76000,76000,76000,76000,76000,1
76,77,6428,R0C0,DH086,77000,-76000,77000,76000,77000,76000,1
76,78,6429,R0C0,DH087,78000,-76000,78000,76000,78000,76000,1
76,79,6430,R0C0,DH088,79000,-76000,79000,76000,79000,76000,1
76,80,6431,R0C0,DH089,80000,-76000,80000,76000,80000,76000,1
76,81,6432,R0C0,DH091,81000,-76000,81000,76000,81000,76000,1
76,82,6433,R0C0,DH092,82000,-76000,82000,76000,82000,76000,1
76,83,6434,R0C0,DH093,83000,-76000,83000,76000,83000,76000,1
76,84,6435,R0C0,DH094,84000,-76000,84000,76000,84000,76000,1
76,85,6436,R0C0,DH095,85000,-76000,85000,76000,85000,76000,1
76,86,6437,R0C0,DH096,86000,-76000,86000,76000,86000,76000,1
76,87,6438,R0C0,DH097,87000,-76000,87000,76000,87000,76000,1
76,88,6439,R0C0,DH098,88000,-76000,88000,76000,88000,76000,1
76,89,6440,R0C0,DH099,89000,-76000,89000,76000,89000,76000,1
76,90,6441,R0C0,DH101,90000,-76000,90000,76000,90000,76000,1
76,91,6442,R0C0,DH102,91000,-76000,91000,76000,91000,76000,1
76,92,6443,R0C0,DH103,92000,-76000,92000,76000,92000,76000,1
76,93,6444,R0C0,DH104,93000,-76000,93000,76000,93000,76000,1
76,94,6445,R0C0,DH105,94000,-76000,94000,76000,94000,76000,1
77,10,6446,R0C0,DJ012,10000,-77000,10000,77000,10000,77000,1
77,11,6447,R0C0,DJ013,11000,-77000,11000,77000,11000,77000,1
77,12,6448,R0C0,DJ014,12000,-77000,12000,77000,12000,77000,1
77,13,6449,R0C0,DJ015,13000,-77000,13000,77000,13000,77000,1
77,14,6450,R0C0,DJ016,14000,-77000,14000,77000,14000,77000,1
77,15,6451,R0C0,DJ017,15000,-77000,15000,77000,15000,77000,1
77,16,6452,R0C0,DJ018,16000,-77000,16000,77000,16000,77000,1
77,17,6453,R0C0,DJ019,17000,-77000,17000,77000,17000,77000,1
77,18,6454,R0C0,DJ021,18000,-77000,18000,77000,18000,77000,1
77,19,6455,R0C0,DJ022,19000,-77000,19000,77000,19000,77000,1
77,20,6456,R0C0,DJ023,20000,-77000,20000,77000,20000,77000,1
77,21,6457,R0C0,DJ024,21000,-77000,21000,77000,21000,77000,1
77,22,6458,R0C0,DJ025,22000,-77000,22000,77000,22000,77000,1
77,23,6459,R0C0,DJ026,23000,-77000,23000,77000,23000,77000,1
77,24,6460,R0C0,DJ027,24000,-77000,24000,77000,24000,77000,1
77,25,6461,R0C0,DJ028,25000,-77000,25000,77000,25000,77000,1
77,26,6462,R0C0,DJ029,26000,-77000,26000,77000,26000,77000,1
77,27,6463,R0C0,DJ031,27000,-77000,27000,77000,27000,77000,1
77,28,6464,R0C0,DJ032,28000,-77000,28000,77000,28000,77000,1
77,29,6465,R0C0,DJ033,29000,-77000,29000,77000,29000,77000,1
77,30,6466,R0C0,DJ034,30000,-77000,30000,77000,30000,77000,1
77,31,6467,R0C0,DJ035,31000,-77000,31000,77000,31000,77000,1
77,32,6468,R0C0,DJ036,32000,-77000,32000,77000,32000,77000,1
77,33,6469,R0C0,DJ037,33000,-77000,33000,77000,33000,77000,1
77,34,6470,R0C0,DJ038,34000,-77000,34000,77000,34000,77000,1
77,35,6471,R0C0,DJ039,35000,-77000,35000,77000,35000,77000,1
77,36,6472,R0C0,DJ041,36000,-77000,36000,77000,36000,77000,1
77,37,6473,R0C0,DJ042,37000,-77000,37000,77000,37000,77000,1
77,38,6474,R0C0,DJ043,38000,-77000,38000,77000,38000,77000,1
77,39,6475,R0C0,DJ044,39000,-77000,39000,77000,39000,77000,1
77,40,6476,R0C0,DJ045,40000,-77000,40000,77000,40000,77000,1
77,41,6477,R0C0,DJ046,41000,-77000,41000,77000,41000,77000,1
77,42,6478,R0C0,DJ047,42000,-77000,42000,77000,42000,77000,1
77,43,6479,R0C0,DJ048,43000,-77000,43000,77000,43000,77000,1
77,44,6480,R0C0,DJ049,44000,-77000,44000,77000,44000,77000,1
77,45,6481,R0C0,DJ051,45000,-77000,45000,77000,45000,77000,1
77,46,6482,R0C0,DJ052,46000,-77000,46000,77000,46000,77000,1
77,47,6483,R0C0,DJ053,47000,-77000,47000,77000,47000,77000,1
77,48,6484,R0C0,DJ054,48000,-77000,48000,77000,48000,77000,1
77,49,6485,R0C0,DJ055,49000,-77000,49000,77000,49000,77000,1
77,50,6486,R0C0,DJ056,50000,-77000,50000,77000,50000,77000,1
77,51,6487,R0C0,DJ057,51000,-77000,51000,77000,51000,77000,1
77,52,6488,R0C0,DJ058,52000,-77000,52000,77000,52000,77000,1
77,53,6489,R0C0,DJ059,53000,-77000,53000,77000,53000,77000,1
77,54,6490,R0C0,DJ061,54000,-77000,54000,77000,54000,77000,1
77,55,6491,R0C0,DJ062,55000,-77000,55000,77000,55000,77000,1
77,56,6492,R0C0,DJ063,56000,-77000,56000,77000,56000,77000,1
77,57,6493,R0C0,DJ064,57000,-77000,57000,77000,57000,77000,1
77,58,6494,R0C0,DJ065,58000,-77000,58000,77000,58000,77000,1
77,59,6495,R0C0,DJ066,59000,-77000,59000,77000,59000,77000,1
77,60,6496,R0C0,DJ067,60000,-77000,60000,77000,60000,77000,1
77,61,6497,R0C0,DJ068,61000,-77000,61000,77000,61000,77000,1
77,62,6498,R0C0,DJ069,62000,-77000,62000,77000,62000,77000,1
77,63,6499,R0C0,DJ071,63000,-77000,63000,77000,63000,77000,1
77,64,6500,R0C0,DJ072,64000,-77000,64000,77000,64000,77000,1
77,65,6501,R0C0,DJ073,65000,-77000,65000,77000,65000,77000,1
77,66,6502,R0C0,DJ074,66000,-77000,66000,77000,66000,77000,1
77,67,6503,R0C0,DJ075,67000,-77000,67000,77000,67000,77000,1
77,68,6504,R0C0,DJ076,68000,-77000,68000,77000,68000,77000,1
77,69,6505,R0C0,DJ077,69000,-77000,69000,77000,69000,77000,1
77,70,6506,R0C0,DJ078,70000,-77000,70000,77000,70000,77000,1
77,71,6507,R0C0,DJ079,71000,-77000,71000,77000,71000,77000,1
77,72,6508,R0C0,DJ081,72000,-77000,72000,77000,72000,77000,1
77,73,6509,R0C0,DJ082,73000,-77000,73000,77000,73000,77000,1
77,74,6510,R0C0,DJ083,74000,-77000,74000,77000,74000,77000,1
77,75,6511,R0C0,DJ084,75000,-77000,75000,77000,75000,77000,1
77,76,6512,R0C0,DJ085,76000,-77000,76000,77000,76000,77000,1
77,77,6513,R0C0,DJ086,77000,-77000,77000,77000,77000,77000,1
77,78,6514,R0C0,DJ087,78000,-77000,78000,77000,78000,77000,1
77,79,6515,R0C0,DJ088,79000,-77000,79000,77000,79000,77000,1
77,80,6516,R0C0,DJ089,80000,-77000,80000,77000,80000,77000,1
77,81,6517,R0C0,DJ091,81000,-77000,81000,77000,81000,77000,1
77,82,6518,R0C0,DJ092,82000,-77000,82000,77000,82000,77000,1
77,83,6519,R0C0,DJ093,83000,-77000,83000,77000,83000,77000,1
77,84,6520,R0C0,DJ094,84000,-77000,84000,77000,84000,77000,1
77,85,6521,R0C0,DJ095,85000,-77000,85000,77000,85000,77000,1
77,86,6522,R0C0,DJ096,86000,-77000,86000,77000,86000,77000,1
77,87,6523,R0C0,DJ097,87000,-77000,87000,77000,87000,77000,1
77,88,6524,R0C0,DJ098,88000,-77000,88000,77000,88000,77000,1
77,89,6525,R0C0,DJ099,89000,-77000,89000,77000,89000,77000,1
77,90,6526,R0C0,DJ101,90000,-77000,90000,77000,90000,77000,1
77,91,6527,R0C0,DJ102,91000,-77000,91000,77000,91000,77000,1
77,92,6528,R0C0,DJ103,92000,-77000,92000,77000,92000,77000,1
77,93,6529,R0C0,DJ104,93000,-77000,93000,77000,93000,77000,1
77,94,6530,R0C0,DJ105,94000,-77000,94000,77000,94000,77000,1
78,10,6531,R0C0,DK012,10000,-78000,10000,78000,10000,78000,1
78,11,6532,R0C0,DK013,11000,-78000,11000,78000,11000,78000,1
78,12,6533,R0C0,DK014,12000,-78000,12000,78000,12000,78000,1
78,13,6534,R0C0,DK015,13000,-78000,13000,78000,13000,78000,1
78,14,6535,R0C0,DK016,14000,-78000,14000,78000,14000,78000,1
78,15,6536,R0C0,DK017,15000,-78000,15000,78000,15000,78000,1
78,16,6537,R0C0,DK018,16000,-78000,16000,78000,16000,78000,1
78,17,6538,R0C0,DK019,17000,-78000,17000,78000,17000,78000,1
78,18,6539,R0C0,DK021,18000,-78000,18000,78000,18000,78000,1
78,19,6540,R0C0,DK022,19000,-78000,19000,78000,19000,78000,1
78,20,6541,R0C0,DK023,20000,-78000,20000,78000,20000,78000,1
78,21,6542,R0C0,DK024,21000,-78000,21000,78000,21000,78000,1
78,22,6543,R0C0,DK025,22000,-78000,22000,78000,22000,78000,1
78,23,6544,R0C0,DK026,23000,-78000,23000,78000,23000,78000,1
78,24,6545,R0C0,DK027,24000,-78000,24000,78000,24000,78000,1
78,25,6546,R0C0,DK028,25000,-78000,25000,78000,25000,78000,1
78,26,6547,R0C0,DK029,26000,-78000,26000,78000,26000,78000,1
78,27,6548,R0C0,DK031,27000,-78000,27000,78000,27000,78000,1
78,28,6549,R0C0,DK032,28000,-78000,28000,78000,28000,78000,1
78,29,6550,R0C0,DK033,29000,-78000,29000,78000,29000,78000,1
78,30,6551,R0C0,DK034,30000,-78000,30000,78000,30000,78000,1
78,31,6552,R0C0,DK035,31000,-78000,31000,78000,31000,78000,1
78,32,6553,R0C0,DK036,32000,-78000,32000,78000,32000,78000,1
78,33,6554,R0C0,DK037,33000,-78000,33000,78000,33000,78000,1
78,34,6555,R0C0,DK038,34000,-78000,34000,78000,34000,78000,1
78,35,6556,R0C0,DK039,35000,-78000,35000,78000,35000,78000,1
78,36,6557,R0C0,DK041,36000,-78000,36000,78000,36000,78000,1
78,37,6558,R0C0,DK042,37000,-78000,37000,78000,37000,78000,1
78,38,6559,R0C0,DK043,38000,-78000,38000,78000,38000,78000,1
78,39,6560,R0C0,DK044,39000,-78000,39000,78000,39000,78000,1
78,40,6561,R0C0,DK045,40000,-78000,40000,78000,40000,78000,1
78,41,6562,R0C0,DK046,41000,-78000,41000,78000,41000,78000,1
78,42,6563,R0C0,DK047,42000,-78000,42000,78000,42000,78000,1
78,43,6564,R0C0,DK048,43000,-78000,43000,78000,43000,78000,1
78,44,6565,R0C0,DK049,44000,-78000,44000,78000,44000,78000,1
78,45,6566,R0C0,DK051,45000,-78000,45000,78000,45000,78000,1
78,46,6567,R0C0,DK052,46000,-78000,46000,78000,46000,78000,1
78,47,6568,R0C0,DK053,47000,-78000,47000,78000,47000,78000,1
78,48,6569,R0C0,DK054,48000,-78000,48000,78000,48000,78000,1
78,49,6570,R0C0,DK055,49000,-78000,49000,78000,49000,78000,1
78,50,6571,R0C0,DK056,50000,-78000,50000,78000,50000,78000,1
78,51,6572,R0C0,DK057,51000,-78000,51000,78000,51000,78000,1
78,52,6573,R0C0,DK058,52000,-78000,52000,78000,52000,78000,1
78,53,6574,R0C0,DK059,53000,-78000,53000,78000,53000,78000,1
78,54,6575,R0C0,DK061,54000,-78000,54000,78000,54000,78000,1
78,55,6576,R0C0,DK062,55000,-78000,55000,78000,55000,78000,1
78,56,6577,R0C0,DK063,56000,-78000,56000,78000,56000,78000,1
78,57,6578,R0C0,DK064,57000,-78000,57000,78000,57000,78000,1
78,58,6579,R0C0,DK065,58000,-78000,58000,78000,58000,78000,1
78,59,6580,R0C0,DK066,59000,-78000,59000,78000,59000,78000,1
78,60,6581,R0C0,DK067,60000,-78000,60000,78000,60000,78000,1
78,61,6582,R0C0,DK068,61000,-78000,61000,78000,61000,78000,1
78,62,6583,R0C0,DK069,62000,-78000,62000,78000,62000,78000,1
78,63,6584,R0C0,DK071,63000,-78000,63000,78000,63000,78000,1
78,64,6585,R0C0,DK072,64000,-78000,64000,78000,64000,78000,1
78,65,6586,R0C0,DK073,65000,-78000,65000,78000,65000,78000,1
78,66,6587,R0C0,DK074,66000,-78000,66000,78000,66000,78000,1
78,67,6588,R0C0,DK075,67000,-78000,67000,78000,67000,78000,1
78,68,6589,R0C0,DK076,68000,-78000,68000,78000,68000,78000,1
78,69,6590,R0C0,DK077,69000,-78000,69000,78000,69000,78000,1
78,70,6591,R0C0,DK078,70000,-78000,70000,78000,70000,78000,1
78,71,6592,R0C0,DK079,71000,-78000,71000,78000,71000,78000,1
78,72,6593,R0C0,DK081,72000,-78000,72000,78000,72000,78000,1
78,73,6594,R0C0,DK082,73000,-78000,73000,78000,73000,78000,1
78,74,6595,R0C0,DK083,74000,-78000,74000,78000,74000,78000,1
78,75,6596,R0C0,DK084,75000,-78000,75000,78000,75000,78000,1
78,76,6597,R0C0,DK085,76000,-78000,76000,78000,76000,78000,1
78,77,6598,R0C0,DK086,77000,-78000,77000,78000,77000,78000,1
78,78,6599,R0C0,DK087,78000,-78000,78000,78000,78000,78000,1
78,79,6600,R0C0,DK088,79000,-78000,79000,78000,79000,78000,1
78,80,6601,R0C0,DK089,80000,-78000,80000,78000,80000,78000,1
78,81,6602,R0C0,DK091,81000,-78000,81000,78000,81000,78000,1
78,82,6603,R0C0,DK092,82000,-78000,82000,78000,82000,78000,1
78,83,6604,R0C0,DK093,83000,-78000,83000,78000,83000,78000,1
78,84,6605,R0C0,DK094,84000,-78000,84000,78000,84000,78000,1
78,85,6606,R0C0,DK095,85000,-78000,85000,78000,85000,78000,1
78,86,6607,R0C0,DK096,86000,-78000,86000,78000,86000,78000,1
78,87,6608,R0C0,DK097,87000,-78000,87000,78000,87000,78000,1
78,88,6609,R0C0,DK098,88000,-78000,88000,78000,88000,78000,1
78,89,6610,R0C0,DK099,89000,-78000,89000,78000,89000,78000,1
78,90,6611,R0C0,DK101,90000,-78000,90000,78000,90000,78000,1
78,91,6612,R0C0,DK102,91000,-78000,91000,78000,91000,78000,1
78,92,6613,R0C0,DK103,92000,-78000,92000,78000,92000,78000,1
78,93,6614,R0C0,DK104,93000,-78000,93000,78000,93000,78000,1
78,94,6615,R0C0,DK105,94000,-78000,94000,78000,94000,78000,1
79,10,6616,R0C0,DL012,10000,-79000,10000,79000,10000,79000,1
79,11,6617,R0C0,DL013,11000,-79000,11000,79000,11000,79000,1
79,12,6618,R0C0,DL014,12000,-79000,12000,79000,12000,79000,1
79,13,6619,R0C0,DL015,13000,-79000,13000,79000,13000,79000,1
79,14,6620,R0C0,DL016,14000,-79000,14000,79000,14000,79000,1
79,15,6621,R0C0,DL017,15000,-79000,15000,79000,15000,79000,1
79,16,6622,R0C0,DL018,16000,-79000,16000,79000,16000,79000,1
79,17,6623,R0C0,DL019,17000,-79000,17000,79000,17000,79000,1
79,18,6624,R0C0,DL021,18000,-79000,18000,79000,18000,79000,1
79,19,6625,R0C0,DL022,19000,-79000,19000,79000,19000,79000,1
79,20,6626,R0C0,DL023,20000,-79000,20000,79000,20000,79000,1
79,21,6627,R0C0,DL024,21000,-79000,21000,79000,21000,79000,1
79,22,6628,R0C0,DL025,22000,-79000,22000,79000,22000,79000,1
79,23,6629,R0C0,DL026,23000,-79000,23000,79000,23000,79000,1
79,24,6630,R0C0,DL027,24000,-79000,24000,79000,24000,79000,1
79,25,6631,R0C0,DL028,25000,-79000,25000,79000,25000,79000,1
79,26,6632,R0C0,DL029,26000,-79000,26000,79000,26000,79000,1
79,27,6633,R0C0,DL031,27000,-79000,27000,79000,27000,79000,1
79,28,6634,R0C0,DL032,28000,-79000,28000,79000,28000,79000,1
79,29,6635,R0C0,DL033,29000,-79000,29000,79000,29000,79000,1
79,30,6636,R0C0,DL034,30000,-79000,30000,79000,30000,79000,1
79,31,6637,R0C0,DL035,31000,-79000,31000,79000,31000,79000,1
79,32,6638,R0C0,DL036,32000,-79000,32000,79000,32000,79000,1
79,33,6639,R0C0,DL037,33000,-79000,33000,79000,33000,79000,1
79,34,6640,R0C0,DL038,34000,-79000,34000,79000,34000,79000,1
79,35,6641,R0C0,DL039,35000,-79000,35000,79000,35000,79000,1
79,36,6642,R0C0,DL041,36000,-79000,36000,79000,36000,79000,1
79,37,6643,R0C0,DL042,37000,-79000,37000,79000,37000,79000,1
79,38,6644,R0C0,DL043,38000,-79000,38000,79000,38000,79000,1
79,39,6645,R0C0,DL044,39000,-79000,39000,79000,39000,79000,1
79,40,6646,R0C0,DL045,40000,-79000,40000,79000,40000,79000,1
79,41,6647,R0C0,DL046,41000,-79000,41000,79000,41000,79000,1
79,42,6648,R0C0,DL047,42000,-79000,42000,79000,42000,79000,1
79,43,6649,R0C0,DL048,43000,-79000,43000,79000,43000,79000,1
79,44,6650,R0C0,DL049,44000,-79000,44000,79000,44000,79000,1
79,45,6651,R0C0,DL051,45000,-79000,45000,79000,45000,79000,1
79,46,6652,R0C0,DL052,46000,-79000,46000,79000,46000,79000,1
79,47,6653,R0C0,DL053,47000,-79000,47000,79000,47000,79000,1
79,48,6654,R0C0,DL054,48000,-79000,48000,79000,48000,79000,1
79,49,6655,R0C0,DL055,49000,-79000,49000,79000,49000,79000,1
79,50,6656,R0C0,DL056,50000,-79000,50000,79000,50000,79000,1
79,51,6657,R0C0,DL057,51000,-79000,51000,79000,51000,79000,1
79,52,6658,R0C0,DL058,52000,-79000,52000,79000,52000,79000,1
79,53,6659,R0C0,DL059,53000,-79000,53000,79000,53000,79000,1
79,54,6660,R0C0,DL061,54000,-79000,54000,79000,54000,79000,1
79,55,6661,R0C0,DL062,55000,-79000,55000,79000,55000,79000,1
79,56,6662,R0C0,DL063,56000,-79000,56000,79000,56000,79000,1
79,57,6663,R0C0,DL064,57000,-79000,57000,79000,57000,79000,1
79,58,6664,R0C0,DL065,58000,-79000,58000,79000,58000,79000,1
79,59,6665,R0C0,DL066,59000,-79000,59000,79000,59000,79000,1
79,60,6666,R0C0,DL067,60000,-79000,60000,79000,60000,79000,1
79,61,6667,R0C0,DL068,61000,-79000,61000,79000,61000,79000,1
79,62,6668,R0C0,DL069,62000,-79000,62000,79000,62000,79000,1
79,63,6669,R0C0,DL071,63000,-79000,63000,79000,63000,79000,1
79,64,6670,R0C0,DL072,64000,-79000,64000,79000,64000,79000,1
79,65,6671,R0C0,DL073,65000,-79000,65000,79000,65000,79000,1
79,66,6672,R0C0,DL074,66000,-79000,66000,79000,66000,79000,1
79,67,6673,R0C0,DL075,67000,-79000,67000,79000,67000,79000,1
79,68,6674,R0C0,DL076,68000,-79000,68000,79000,68000,79000,1
79,69,6675,R0C0,DL077,69000,-79000,69000,79000,69000,79000,1
79,70,6676,R0C0,DL078,70000,-79000,70000,79000,70000,79000,1
79,71,6677,R0C0,DL079,71000,-79000,71000,79000,71000,79000,1
79,72,6678,R0C0,DL081,72000,-79000,72000,79000,72000,79000,1
79,73,6679,R0C0,DL082,73000,-79000,73000,79000,73000,79000,1
79,74,6680,R0C0,DL083,74000,-79000,74000,79000,74000,79000,1
79,75,6681,R0C0,DL084,75000,-79000,75000,79000,75000,79000,1
79,76,6682,R0C0,DL085,76000,-79000,76000,79000,76000,79000,1
79,77,6683,R0C0,DL086,77000,-79000,77000,79000,77000,79000,1
79,78,6684,R0C0,DL087,78000,-79000,78000,79000,78000,79000,1
79,79,6685,R0C0,DL088,79000,-79000,79000,79000,79000,79000,1
79,80,6686,R0C0,DL089,80000,-79000,80000,79000,80000,79000,1
79,81,6687,R0C0,DL091,81000,-79000,81000,79000,81000,79000,1
79,82,6688,R0C0,DL092,82000,-79000,82000,79000,82000,79000,1
79,83,6689,R0C0,DL093,83000,-79000,83000,79000,83000,79000,1
79,84,6690,R0C0,DL094,84000,-79000,84000,79000,84000,79000,1
79,85,6691,R0C0,DL095,85000,-79000,85000,79000,85000,79000,1
79,86,6692,R0C0,DL096,86000,-79000,86000,79000,86000,79000,1
79,87,6693,R0C0,DL097,87000,-79000,87000,79000,87000,79000,1
79,88,6694,R0C0,DL098,88000,-79000,88000,79000,88000,79000,1
79,89,6695,R0C0,DL099,89000,-79000,89000,79000,89000,79000,1
79,90,6696,R0C0,DL101,90000,-79000,90000,79000,90000,79000,1
79,91,6697,R0C0,DL102,91000,-79000,91000,79000,91000,79000,1
79,92,6698,R0C0,DL103,92000,-79000,92000,79000,92000,79000,1
79,93,6699,R0C0,DL104,93000,-79000,93000,79000,93000,79000,1
79,94,6700,R0C0,DL105,94000,-79000,94000,79000,94000,79000,1
80,10,6701,R0C0,DM012,10000,-80000,10000,80000,10000,80000,1
80,11,6702,R0C0,DM013,11000,-80000,11000,80000,11000,80000,1
80,12,6703,R0C0,DM014,12000,-80000,12000,80000,12000,80000,1
80,13,6704,R0C0,DM015,13000,-80000,13000,80000,13000,80000,1
80,14,6705,R0C0,DM016,14000,-80000,14000,80000,14000,80000,1
80,15,6706,R0C0,DM017,15000,-80000,15000,80000,15000,80000,1
80,16,6707,R0C0,DM018,16000,-80000,16000,80000,16000,80000,1
80,17,6708,R0C0,DM019,17000,-80000,17000,80000,17000,80000,1
80,18,6709,R0C0,DM021,18000,-80000,18000,80000,18000,80000,1
80,19,6710,R0C0,DM022,19000,-80000,19000,80000,19000,80000,1
80,20,6711,R0C0,DM023,20000,-80000,20000,80000,20000,80000,1
80,21,6712,R0C0,DM024,21000,-80000,21000,80000,21000,80000,1
80,22,6713,R0C0,DM025,22000,-80000,22000,80000,22000,80000,1
80,23,6714,R0C0,DM026,23000,-80000,23000,80000,23000,80000,1
80,24,6715,R0C0,DM027,24000,-80000,24000,80000,24000,80000,1
80,25,6716,R0C0,DM028,25000,-80000,25000,80000,25000,80000,1
80,26,6717,R0C0,DM029,26000,-80000,26000,80000,26000,80000,1
80,27,6718,R0C0,DM031,27000,-80000,27000,80000,27000,80000,1
80,28,6719,R0C0,DM032,28000,-80000,28000,80000,28000,80000,1
80,29,6720,R0C0,DM033,29000,-80000,29000,80000,29000,80000,1
80,30,6721,R0C0,DM034,30000,-80000,30000,80000,30000,80000,1
80,31,6722,R0C0,DM035,31000,-80000,31000,80000,31000,80000,1
80,32,6723,R0C0,DM036,32000,-80000,32000,80000,32000,80000,1
80,33,6724,R0C0,DM037,33000,-80000,33000,80000,33000,80000,1
80,34,6725,R0C0,DM038,34000,-80000,34000,80000,34000,80000,1
80,35,6726,R0C0,DM039,35000,-80000,35000,80000,35000,80000,1
80,36,6727,R0C0,DM041,36000,-80000,36000,80000,36000,80000,1
80,37,6728,R0C0,DM042,37000,-80000,37000,80000,37000,80000,1
80,38,6729,R0C0,DM043,38000,-80000,38000,80000,38000,80000,1
80,39,6730,R0C0,DM044,39000,-80000,39000,80000,39000,80000,1
80,40,6731,R0C0,DM045,40000,-80000,40000,80000,40000,80000,1
80,41,6732,R0C0,DM046,41000,-80000,41000,80000,41000,80000,1
80,42,6733,R0C0,DM047,42000,-80000,42000,80000,42000,80000,1
80,43,6734,R0C0,DM048,43000,-80000,43000,80000,43000,80000,1
80,44,6735,R0C0,DM049,44000,-80000,44000,80000,44000,80000,1
80,45,6736,R0C0,DM051,45000,-80000,45000,80000,45000,80000,1
80,46,6737,R0C0,DM052,46000,-80000,46000,80000,46000,80000,1
80,47,6738,R0C0,DM053,47000,-80000,47000,80000,47000,80000,1
80,48,6739,R0C0,DM054,48000,-80000,48000,80000,48000,80000,1
80,49,6740,R0C0,DM055,49000,-80000,49000,80000,49000,80000,1
80,50,6741,R0C0,DM056,50000,-80000,50000,80000,50000,80000,1
80,51,6742,R0C0,DM057,51000,-80000,51000,80000,51000,80000,1
80,52,6743,R0C0,DM058,52000,-80000,52000,80000,52000,80000,1
80,53,6744,R0C0,DM059,53000,-80000,53000,80000,53000,80000,1
80,54,6745,R0C0,DM061,54000,-80000,54000,80000,54000,80000,1
80,55,6746,R0C0,DM062,55000,-80000,55000,80000,55000,80000,1
80,56,6747,R0C0,DM063,56000,-80000,56000,80000,56000,80000,1
80,57,6748,R0C0,DM064,57000,-80000,57000,80000,57000,80000,1
80,58,6749,R0C0,DM065,58000,-80000,58000,80000,58000,80000,1
80,59,6750,R0C0,DM066,59000,-80000,59000,80000,59000,80000,1
80,60,6751,R0C0,DM067,60000,-80000,60000,80000,60000,80000,1
80,61,6752,R0C0,DM068,61000,-80000,61000,80000,61000,80000,1
80,62,6753,R0C0,DM069,62000,-80000,62000,80000,62000,80000,1
80,63,6754,R0C0,DM071,63000,-80000,63000,80000,63000,80000,1
80,64,6755,R0C0,DM072,64000,-80000,64000,80000,64000,80000,1
80,65,6756,R0C0,DM073,65000,-80000,65000,80000,65000,80000,1
80,66,6757,R0C0,DM074,66000,-80000,66000,80000,66000,80000,1
80,67,6758,R0C0,DM075,67000,-80000,67000,80000,67000,80000,1
80,68,6759,R0C0,DM076,68000,-80000,68000,80000,68000,80000,1
80,69,6760,R0C0,DM077,69000,-80000,69000,80000,69000,80000,1
80,70,6761,R0C0,DM078,70000,-80000,70000,80000,70000,80000,1
80,71,6762,R0C0,DM079,71000,-80000,71000,80000,71000,80000,1
80,72,6763,R0C0,DM081,72000,-80000,72000,80000,72000,80000,1
80,73,6764,R0C0,DM082,73000,-80000,73000,80000,73000,80000,1
80,74,6765,R0C0,DM083,74000,-80000,74000,80000,74000,80000,1
80,75,6766,R0C0,DM084,75000,-80000,75000,80000,75000,80000,1
80,76,6767,R0C0,DM085,76000,-80000,76000,80000,76000,80000,1
80,77,6768,R0C0,DM086,77000,-80000,77000,80000,77000,80000,1
80,78,6769,R0C0,DM087,78000,-80000,78000,80000,78000,80000,1
80,79,6770,R0C0,DM088,79000,-80000,79000,80000,79000,80000,1
80,80,6771,R0C0,DM089,80000,-80000,80000,80000,80000,80000,1
80,81,6772,R0C0,DM091,81000,-80000,81000,80000,81000,80000,1
80,82,6773,R0C0,DM092,82000,-80000,82000,80000,82000,80000,1
80,83,6774,R0C0,DM093,83000,-80000,83000,80000,83000,80000,1
80,84,6775,R0C0,DM094,84000,-80000,84000,80000,84000,80000,1
80,85,6776,R0C0,DM095,85000,-80000,85000,80000,85000,80000,1
80,86,6777,R0C0,DM096,86000,-80000,86000,80000,86000,80000,1
80,87,6778,R0C0,DM097,87000,-80000,87000,80000,87000,80000,1
80,88,6779,R0C0,DM098,88000,-80000,88000,80000,88000,80000,1
80,89,6780,R0C0,DM099,89000,-80000,89000,80000,89000,80000,1
80,90,6781,R0C0,DM101,90000,-80000,90000,80000,90000,80000,1
80,91,6782,R0C0,DM102,91000,-80000,91000,80000,91000,80000,1
80,92,6783,R0C0,DM103,92000,-80000,92000,80000,92000,80000,1
80,93,6784,R0C0,DM104,93000,-80000,93000,80000,93000,80000,1
80,94,6785,R0C0,DM105,94000,-80000,94000,80000,94000,80000,1
81,10,6786,R0C0,DN012,10000,-81000,10000,81000,10000,81000,1
81,11,6787,R0C0,DN013,11000,-81000,11000,81000,11000,81000,1
81,12,6788,R0C0,DN014,12000,-81000,12000,81000,12000,81000,1
81,13,6789,R0C0,DN015,13000,-81000,13000,81000,13000,81000,1
81,14,6790,R0C0,DN016,14000,-81000,14000,81000,14000,81000,1
81,15,6791,R0C0,DN017,15000,-81000,15000,81000,15000,81000,1
81,16,6792,R0C0,DN018,16000,-81000,16000,81000,16000,81000,1
81,17,6793,R0C0,DN019,17000,-81000,17000,81000,17000,81000,1
81,18,6794,R0C0,DN021,18000,-81000,18000,81000,18000,81000,1
81,19,6795,R0C0,DN022,19000,-81000,19000,81000,19000,81000,1
81,20,6796,R0C0,DN023,20000,-81000,20000,81000,20000,81000,1
81,21,6797,R0C0,DN024,21000,-81000,21000,81000,21000,81000,1
81,22,6798,R0C0,DN025,22000,-81000,22000,81000,22000,81000,1
81,23,6799,R0C0,DN026,23000,-81000,23000,81000,23000,81000,1
81,24,6800,R0C0,DN027,24000,-81000,24000,81000,24000,81000,1
81,25,6801,R0C0,DN028,25000,-81000,25000,81000,25000,81000,1
81,26,6802,R0C0,DN029,26000,-81000,26000,81000,26000,81000,1
81,27,6803,R0C0,DN031,27000,-81000,27000,81000,27000,81000,1
81,28,6804,R0C0,DN032,28000,-81000,28000,81000,28000,81000,1
81,29,6805,R0C0,DN033,29000,-81000,29000,81000,29000,81000,1
81,30,6806,R0C0,DN034,30000,-81000,30000,81000,30000,81000,1
81,31,6807,R0C0,DN035,31000,-81000,31000,81000,31000,81000,1
81,32,6808,R0C0,DN036,32000,-81000,32000,81000,32000,81000,1
81,33,6809,R0C0,DN037,33000,-81000,33000,81000,33000,81000,1
81,34,6810,R0C0,DN038,34000,-81000,34000,81000,34000,81000,1
81,35,6811,R0C0,DN039,35000,-81000,35000,81000,35000,81000,1
81,36,6812,R0C0,DN041,36000,-81000,36000,81000,36000,81000,1
81,37,6813,R0C0,DN042,37000,-81000,37000,81000,37000,81000,1
81,38,6814,R0C0,DN043,38000,-81000,38000,81000,38000,81000,1
81,39,6815,R0C0,DN044,39000,-81000,39000,81000,39000,81000,1
81,40,6816,R0C0,DN045,40000,-81000,40000,81000,40000,81000,1
81,41,6817,R0C0,DN046,41000,-81000,41000,81000,41000,81000,1
81,42,6818,R0C0,DN047,42000,-81000,42000,81000,42000,81000,1
81,43,6819,R0C0,DN048,43000,-81000,43000,81000,43000,81000,1
81,44,6820,R0C0,DN049,44000,-81000,44000,81000,44000,81000,1
81,45,6821,R0C0,DN051,45000,-81000,45000,81000,45000,81000,1
81,46,6822,R0C0,DN052,46000,-81000,46000,81000,46000,81000,1
81,47,6823,R0C0,DN053,47000,-81000,47000,81000,47000,81000,1
81,48,6824,R0C0,DN054,48000,-81000,48000,81000,48000,81000,1
81,49,6825,R0C0,DN055,49000,-81000,49000,81000,49000,81000,1
81,50,6826,R0C0,DN056,50000,-81000,50000,81000,50000,81000,1
81,51,6827,R0C0,DN057,51000,-81000,51000,81000,51000,81000,1
81,52,6828,R0C0,DN058,52000,-81000,52000,81000,52000,81000,1
81,53,6829,R0C0,DN059,53000,-81000,53000,81000,53000,81000,1
81,54,6830,R0C0,DN061,54000,-81000,54000,81000,54000,81000,1
81,55,6831,R0C0,DN062,55000,-81000,55000,81000,55000,81000,1
81,56,6832,R0C0,DN063,56000,-81000,56000,81000,56000,81000,1
81,57,6833,R0C0,DN064,57000,-81000,57000,81000,57000,81000,1
81,58,6834,R0C0,DN065,58000,-81000,58000,81000,58000,81000,1
81,59,6835,R0C0,DN066,59000,-81000,59000,81000,59000,81000,1
81,60,6836,R0C0,DN067,60000,-81000,60000,81000,60000,81000,1
81,61,6837,R0C0,DN068,61000,-81000,61000,81000,61000,81000,1
81,62,6838,R0C0,DN069,62000,-81000,62000,81000,62000,81000,1
81,63,6839,R0C0,DN071,63000,-81000,63000,81000,63000,81000,1
81,64,6840,R0C0,DN072,64000,-81000,64000,81000,64000,81000,1
81,65,6841,R0C0,DN073,65000,-81000,65000,81000,65000,81000,1
81,66,6842,R0C0,DN074,66000,-81000,66000,81000,66000,81000,1
81,67,6843,R0C0,DN075,67000,-81000,67000,81000,67000,81000,1
81,68,6844,R0C0,DN076,68000,-81000,68000,81000,68000,81000,1
81,69,6845,R0C0,DN077,69000,-81000,69000,81000,69000,81000,1
81,70,6846,R0C0,DN078,70000,-81000,70000,81000,70000,81000,1
81,71,6847,R0C0,DN079,71000,-81000,71000,81000,71000,81000,1
81,72,6848,R0C0,DN081,72000,-81000,72000,81000,72000,81000,1
81,73,6849,R0C0,DN082,73000,-81000,73000,81000,73000,81000,1
81,74,6850,R0C0,DN083,74000,-81000,74000,81000,74000,81000,1
81,75,6851,R0C0,DN084,75000,-81000,75000,81000,75000,81000,1
81,76,6852,R0C0,DN085,76000,-81000,76000,81000,76000,81000,1
81,77,6853,R0C0,DN086,77000,-81000,77000,81000,77000,81000,1
81,78,6854,R0C0,DN087,78000,-81000,78000,81000,78000,81000,1
81,79,6855,R0C0,DN088,79000,-81000,79000,81000,79000,81000,1
81,80,6856,R0C0,DN089,80000,-81000,80000,81000,80000,81000,1
81,81,6857,R0C0,DN091,81000,-81000,81000,81000,81000,81000,1
81,82,6858,R0C0,DN092,82000,-81000,82000,81000,82000,81000,1
81,83,6859,R0C0,DN093,83000,-81000,83000,81000,83000,81000,1
81,84,6860,R0C0,DN094,84000,-81000,84000,81000,84000,81000,1
81,85,6861,R0C0,DN095,85000,-81000,85000,81000,85000,81000,1
81,86,6862,R0C0,DN096,86000,-81000,86000,81000,86000,81000,1
81,87,6863,R0C0,DN097,87000,-81000,87000,81000,87000,81000,1
81,88,6864,R0C0,DN098,88000,-81000,88000,81000,88000,81000,1
81,89,6865,R0C0,DN099,89000,-81000,89000,81000,89000,81000,1
81,90,6866,R0C0,DN101,90000,-81000,90000,81000,90000,81000,1
81,91,6867,R0C0,DN102,91000,-81000,91000,81000,91000,81000,1
81,92,6868,R0C0,DN103,92000,-81000,92000,81000,92000,81000,1
81,93,6869,R0C0,DN104,93000,-81000,93000,81000,93000,81000,1
81,94,6870,R0C0,DN105,94000,-81000,94000,81000,94000,81000,1
82,10,6871,R0C0,DP012,10000,-82000,10000,82000,10000,82000,1
82,11,6872,R0C0,DP013,11000,-82000,11000,82000,11000,82000,1
82,12,6873,R0C0,DP014,12000,-82000,12000,82000,12000,82000,1
82,13,6874,R0C0,DP015,13000,-82000,13000,82000,13000,82000,1
82,14,6875,R0C0,DP016,14000,-82000,14000,82000,14000,82000,1
82,15,6876,R0C0,DP017,15000,-82000,15000,82000,15000,82000,1
82,16,6877,R0C0,DP018,16000,-82000,16000,82000,16000,82000,1
82,17,6878,R0C0,DP019,17000,-82000,17000,82000,17000,82000,1
82,18,6879,R0C0,DP021,18000,-82000,18000,82000,18000,82000,1
82,19,6880,R0C0,DP022,19000,-82000,19000,82000,19000,82000,1
82,20,6881,R0C0,DP023,20000,-82000,20000,82000,20000,82000,1
82,21,6882,R0C0,DP024,21000,-82000,21000,82000,21000,82000,1
82,22,6883,R0C0,DP025,22000,-82000,22000,82000,22000,82000,1
82,23,6884,R0C0,DP026,23000,-82000,23000,82000,23000,82000,1
82,24,6885,R0C0,DP027,24000,-82000,24000,82000,24000,82000,1
82,25,6886,R0C0,DP028,25000,-82000,25000,82000,25000,82000,1
82,26,6887,R0C0,DP029,26000,-82000,26000,82000,26000,82000,1
82,27,6888,R0C0,DP031,27000,-82000,27000,82000,27000,82000,1
82,28,6889,R0C0,DP032,28000,-82000,28000,82000,28000,82000,1
82,29,6890,R0C0,DP033,29000,-82000,29000,82000,29000,82000,1
82,30,6891,R0C0,DP034,30000,-82000,30000,82000,30000,82000,1
82,31,6892,R0C0,DP035,31000,-82000,31000,82000,31000,82000,1
82,32,6893,R0C0,DP036,32000,-82000,32000,82000,32000,82000,1
82,33,6894,R0C0,DP037,33000,-82000,33000,82000,33000,82000,1
82,34,6895,R0C0,DP038,34000,-82000,34000,82000,34000,82000,1
82,35,6896,R0C0,DP039,35000,-82000,35000,82000,35000,82000,1
82,36,6897,R0C0,DP041,36000,-82000,36000,82000,36000,82000,1
82,37,6898,R0C0,DP042,37000,-82000,37000,82000,37000,82000,1
82,38,6899,R0C0,DP043,38000,-82000,38000,82000,38000,82000,1
82,39,6900,R0C0,DP044,39000,-82000,39000,82000,39000,82000,1
82,40,6901,R0C0,DP045,40000,-82000,40000,82000,40000,82000,1
82,41,6902,R0C0,DP046,41000,-82000,41000,82000,41000,82000,1
82,42,6903,R0C0,DP047,42000,-82000,42000,82000,42000,82000,1
82,43,6904,R0C0,DP048,43000,-82000,43000,82000,43000,82000,1
82,44,6905,R0C0,DP049,44000,-82000,44000,82000,44000,82000,1
82,45,6906,R0C0,DP051,45000,-82000,45000,82000,45000,82000,1
82,46,6907,R0C0,DP052,46000,-82000,46000,82000,46000,82000,1
82,47,6908,R0C0,DP053,47000,-82000,47000,82000,47000,82000,1
82,48,6909,R0C0,DP054,48000,-82000,48000,82000,48000,82000,1
82,49,6910,R0C0,DP055,49000,-82000,49000,82000,49000,82000,1
82,50,6911,R0C0,DP056,50000,-82000,50000,82000,50000,82000,1
82,51,6912,R0C0,DP057,51000,-82000,51000,82000,51000,82000,1
82,52,6913,R0C0,DP058,52000,-82000,52000,82000,52000,82000,1
82,53,6914,R0C0,DP059,53000,-82000,53000,82000,53000,82000,1
82,54,6915,R0C0,DP061,54000,-82000,54000,82000,54000,82000,1
82,55,6916,R0C0,DP062,55000,-82000,55000,82000,55000,82000,1
82,56,6917,R0C0,DP063,56000,-82000,56000,82000,56000,82000,1
82,57,6918,R0C0,DP064,57000,-82000,57000,82000,57000,82000,1
82,58,6919,R0C0,DP065,58000,-82000,58000,82000,58000,82000,1
82,59,6920,R0C0,DP066,59000,-82000,59000,82000,59000,82000,1
82,60,6921,R0C0,DP067,60000,-82000,60000,82000,60000,82000,1
82,61,6922,R0C0,DP068,61000,-82000,61000,82000,61000,82000,1
82,62,6923,R0C0,DP069,62000,-82000,62000,82000,62000,82000,1
82,63,6924,R0C0,DP071,63000,-82000,63000,82000,63000,82000,1
82,64,6925,R0C0,DP072,64000,-82000,64000,82000,64000,82000,1
82,65,6926,R0C0,DP073,65000,-82000,65000,82000,65000,82000,1
82,66,6927,R0C0,DP074,66000,-82000,66000,82000,66000,82000,1
82,67,6928,R0C0,DP075,67000,-82000,67000,82000,67000,82000,1
82,68,6929,R0C0,DP076,68000,-82000,68000,82000,68000,82000,1
82,69,6930,R0C0,DP077,69000,-82000,69000,82000,69000,82000,1
82,70,6931,R0C0,DP078,70000,-82000,70000,82000,70000,82000,1
82,71,6932,R0C0,DP079,71000,-82000,71000,82000,71000,82000,1
82,72,6933,R0C0,DP081,72000,-82000,72000,82000,72000,82000,1
82,73,6934,R0C0,DP082,73000,-82000,73000,82000,73000,82000,1
82,74,6935,R0C0,DP083,74000,-82000,74000,82000,74000,82000,1
82,75,6936,R0C0,DP084,75000,-82000,75000,82000,75000,82000,1
82,76,6937,R0C0,DP085,76000,-82000,76000,82000,76000,82000,1
82,77,6938,R0C0,DP086,77000,-82000,77000,82000,77000,82000,1
82,78,6939,R0C0,DP087,78000,-82000,78000,82000,78000,82000,1
82,79,6940,R0C0,DP088,79000,-82000,79000,82000,79000,82000,1
82,80,6941,R0C0,DP089,80000,-82000,80000,82000,80000,82000,1
82,81,6942,R0C0,DP091,81000,-82000,81000,82000,81000,82000,1
82,82,6943,R0C0,DP092,82000,-82000,82000,82000,82000,82000,1
82,83,6944,R0C0,DP093,83000,-82000,83000,82000,83000,82000,1
82,84,6945,R0C0,DP094,84000,-82000,84000,82000,84000,82000,1
82,85,6946,R0C0,DP095,85000,-82000,85000,82000,85000,82000,1
82,86,6947,R0C0,DP096,86000,-82000,86000,82000,86000,82000,1
82,87,6948,R0C0,DP097,87000,-82000,87000,82000,87000,82000,1
82,88,6949,R0C0,DP098,88000,-82000,88000,82000,88000,82000,1
82,89,6950,R0C0,DP099,89000,-82000,89000,82000,89000,82000,1
82,90,6951,R0C0,DP101,90000,-82000,90000,82000,90000,82000,1
82,91,6952,R0C0,DP102,91000,-82000,91000,82000,91000,82000,1
82,92,6953,R0C0,DP103,92000,-82000,92000,82000,92000,82000,1
82,93,6954,R0C0,DP104,93000,-82000,93000,82000,93000,82000,1
82,94,6955,R0C0,DP105,94000,-82000,94000,82000,94000,82000,1
83,10,6956,R0C0,DR012,10000,-83000,10000,83000,10000,83000,1
83,11,6957,R0C0,DR013,11000,-83000,11000,83000,11000,83000,1
83,12,6958,R0C0,DR014,12000,-83000,12000,83000,12000,83000,1
83,13,6959,R0C0,DR015,13000,-83000,13000,83000,13000,83000,1
83,14,6960,R0C0,DR016,14000,-83000,14000,83000,14000,83000,1
83,15,6961,R0C0,DR017,15000,-83000,15000,83000,15000,83000,1
83,16,6962,R0C0,DR018,16000,-83000,16000,83000,16000,83000,1
83,17,6963,R0C0,DR019,17000,-83000,17000,83000,17000,83000,1
83,18,6964,R0C0,DR021,18000,-83000,18000,83000,18000,83000,1
83,19,6965,R0C0,DR022,19000,-83000,19000,83000,19000,83000,1
83,20,6966,R0C0,DR023,20000,-83000,20000,83000,20000,83000,1
83,21,6967,R0C0,DR024,21000,-83000,21000,83000,21000,83000,1
83,22,6968,R0C0,DR025,22000,-83000,22000,83000,22000,83000,1
83,23,6969,R0C0,DR026,23000,-83000,23000,83000,23000,83000,1
83,24,6970,R0C0,DR027,24000,-83000,24000,83000,24000,83000,1
83,25,6971,R0C0,DR028,25000,-83000,25000,83000,25000,83000,1
83,26,6972,R0C0,DR029,26000,-83000,26000,83000,26000,83000,1
83,27,6973,R0C0,DR031,27000,-83000,27000,83000,27000,83000,1
83,28,6974,R0C0,DR032,28000,-83000,28000,83000,28000,83000,1
83,29,6975,R0C0,DR033,29000,-83000,29000,83000,29000,83000,1
83,30,6976,R0C0,DR034,30000,-83000,30000,83000,30000,83000,1
83,31,6977,R0C0,DR035,31000,-83000,31000,83000,31000,83000,1
83,32,6978,R0C0,DR036,32000,-83000,32000,83000,32000,83000,1
83,33,6979,R0C0,DR037,33000,-83000,33000,83000,33000,83000,1
83,34,6980,R0C0,DR038,34000,-83000,34000,83000,34000,83000,1
83,35,6981,R0C0,DR039,35000,-83000,35000,83000,35000,83000,1
83,36,6982,R0C0,DR041,36000,-83000,36000,83000,36000,83000,1
83,37,6983,R0C0,DR042,37000,-83000,37000,83000,37000,83000,1
83,38,6984,R0C0,DR043,38000,-83000,38000,83000,38000,83000,1
83,39,6985,R0C0,DR044,39000,-83000,39000,83000,39000,83000,1
83,40,6986,R0C0,DR045,40000,-83000,40000,83000,40000,83000,1
83,41,6987,R0C0,DR046,41000,-83000,41000,83000,41000,83000,1
83,42,6988,R0C0,DR047,42000,-83000,42000,83000,42000,83000,1
83,43,6989,R0C0,DR048,43000,-83000,43000,83000,43000,83000,1
83,44,6990,R0C0,DR049,44000,-83000,44000,83000,44000,83000,1
83,45,6991,R0C0,DR051,45000,-83000,45000,83000,45000,83000,1
83,46,6992,R0C0,DR052,46000,-83000,46000,83000,46000,83000,1
83,47,6993,R0C0,DR053,47000,-83000,47000,83000,47000,83000,1
83,48,6994,R0C0,DR054,48000,-83000,48000,83000,48000,83000,1
83,49,6995,R0C0,DR055,49000,-83000,49000,83000,49000,83000,1
83,50,6996,R0C0,DR056,50000,-83000,50000,83000,50000,83000,1
83,51,6997,R0C0,DR057,51000,-83000,51000,83000,51000,83000,1
83,52,6998,R0C0,DR058,52000,-83000,52000,83000,52000,83000,1
83,53,6999,R0C0,DR059,53000,-83000,53000,83000,53000,83000,1
83,54,7000,R0C0,DR061,54000,-83000,54000,83000,54000,83000,1
83,55,7001,R0C0,DR062,55000,-83000,55000,83000,55000,83000,1
83,56,7002,R0C0,DR063,56000,-83000,56000,83000,56000,83000,1
83,57,7003,R0C0,DR064,57000,-83000,57000,83000,57000,83000,1
83,58,7004,R0C0,DR065,58000,-83000,58000,83000,58000,83000,1
83,59,7005,R0C0,DR066,59000,-83000,59000,83000,59000,83000,1
83,60,7006,R0C0,DR067,60000,-83000,60000,83000,60000,83000,1
83,61,7007,R0C0,DR068,61000,-83000,61000,83000,61000,83000,1
83,62,7008,R0C0,DR069,62000,-83000,62000,83000,62000,83000,1
83,63,7009,R0C0,DR071,63000,-83000,63000,83000,63000,83000,1
83,64,7010,R0C0,DR072,64000,-83000,64000,83000,64000,83000,1
83,65,7011,R0C0,DR073,65000,-83000,65000,83000,65000,83000,1
83,66,7012,R0C0,DR074,66000,-83000,66000,83000,66000,83000,1
83,67,7013,R0C0,DR075,67000,-83000,67000,83000,67000,83000,1
83,68,7014,R0C0,DR076,68000,-83000,68000,83000,68000,83000,1
83,69,7015,R0C0,DR077,69000,-83000,69000,83000,69000,83000,1
83,70,7016,R0C0,DR078,70000,-83000,70000,83000,70000,83000,1
83,71,7017,R0C0,DR079,71000,-83000,71000,83000,71000,83000,1
83,72,7018,R0C0,DR081,72000,-83000,72000,83000,72000,83000,1
83,73,7019,R0C0,DR082,73000,-83000,73000,83000,73000,83000,1
83,74,7020,R0C0,DR083,74000,-83000,74000,83000,74000,83000,1
83,75,7021,R0C0,DR084,75000,-83000,75000,83000,75000,83000,1
83,76,7022,R0C0,DR085,76000,-83000,76000,83000,76000,83000,1
83,77,7023,R0C0,DR086,77000,-83000,77000,83000,77000,83000,1
83,78,7024,R0C0,DR087,78000,-83000,78000,83000,78000,83000,1
83,79,7025,R0C0,DR088,79000,-83000,79000,83000,79000,83000,1
83,80,7026,R0C0,DR089,80000,-83000,80000,83000,80000,83000,1
83,81,7027,R0C0,DR091,81000,-83000,81000,83000,81000,83000,1
83,82,7028,R0C0,DR092,82000,-83000,82000,83000,82000,83000,1
83,83,7029,R0C0,DR093,83000,-83000,83000,83000,83000,83000,1
83,84,7030,R0C0,DR094,84000,-83000,84000,83000,84000,83000,1
83,85,7031,R0C0,DR095,85000,-83000,85000,83000,85000,83000,1
83,86,7032,R0C0,DR096,86000,-83000,86000,83000,86000,83000,1
83,87,7033,R0C0,DR097,87000,-83000,87000,83000,87000,83000,1
83,88,7034,R0C0,DR098,88000,-83000,88000,83000,88000,83000,1
83,89,7035,R0C0,DR099,89000,-83000,89000,83000,89000,83000,1
83,90,7036,R0C0,DR101,90000,-83000,90000,83000,90000,83000,1
83,91,7037,R0C0,DR102,91000,-83000,91000,83000,91000,83000,1
83,92,7038,R0C0,DR103,92000,-83000,92000,83000,92000,83000,1
83,93,7039,R0C0,DR104,93000,-83000,93000,83000,93000,83000,1
83,94,7040,R0C0,DR105,94000,-83000,94000,83000,94000,83000,1
84,10,7041,R0C0,DS012,10000,-84000,10000,84000,10000,84000,1
84,11,7042,R0C0,DS013,11000,-84000,11000,84000,11000,84000,1
84,12,7043,R0C0,DS014,12000,-84000,12000,84000,12000,84000,1
84,13,7044,R0C0,DS015,13000,-84000,13000,84000,13000,84000,1
84,14,7045,R0C0,DS016,14000,-84000,14000,84000,14000,84000,1
84,15,7046,R0C0,DS017,15000,-84000,15000,84000,15000,84000,1
84,16,7047,R0C0,DS018,16000,-84000,16000,84000,16000,84000,1
84,17,7048,R0C0,DS019,17000,-84000,17000,84000,17000,84000,1
84,18,7049,R0C0,DS021,18000,-84000,18000,84000,18000,84000,1
84,19,7050,R0C0,DS022,19000,-84000,19000,84000,19000,84000,1
84,20,7051,R0C0,DS023,20000,-84000,20000,84000,20000,84000,1
84,21,7052,R0C0,DS024,21000,-84000,21000,84000,21000,84000,1
84,22,7053,R0C0,DS025,22000,-84000,22000,84000,22000,84000,1
84,23,7054,R0C0,DS026,23000,-84000,23000,84000,23000,84000,1
84,24,7055,R0C0,DS027,24000,-84000,24000,84000,24000,84000,1
84,25,7056,R0C0,DS028,25000,-84000,25000,84000,25000,84000,1
84,26,7057,R0C0,DS029,26000,-84000,26000,84000,26000,84000,1
84,27,7058,R0C0,DS031,27000,-84000,27000,84000,27000,84000,1
84,28,7059,R0C0,DS032,28000,-84000,28000,84000,28000,84000,1
84,29,7060,R0C0,DS033,29000,-84000,29000,84000,29000,84000,1
84,30,7061,R0C0,DS034,30000,-84000,30000,84000,30000,84000,1
84,31,7062,R0C0,DS035,31000,-84000,31000,84000,31000,84000,1
84,32,7063,R0C0,DS036,32000,-84000,32000,84000,32000,84000,1
84,33,7064,R0C0,DS037,33000,-84000,33000,84000,33000,84000,1
84,34,7065,R0C0,DS038,34000,-84000,34000,84000,34000,84000,1
84,35,7066,R0C0,DS039,35000,-84000,35000,84000,35000,84000,1
84,36,7067,R0C0,DS041,36000,-84000,36000,84000,36000,84000,1
84,37,7068,R0C0,DS042,37000,-84000,37000,84000,37000,84000,1
84,38,7069,R0C0,DS043,38000,-84000,38000,84000,38000,84000,1
84,39,7070,R0C0,DS044,39000,-84000,39000,84000,39000,84000,1
84,40,7071,R0C0,DS045,40000,-84000,40000,84000,40000,84000,1
84,41,7072,R0C0,DS046,41000,-84000,41000,84000,41000,84000,1
84,42,7073,R0C0,DS047,42000,-84000,42000,84000,42000,84000,1
84,43,7074,R0C0,DS048,43000,-84000,43000,84000,43000,84000,1
84,44,7075,R0C0,DS049,44000,-84000,44000,84000,44000,84000,1
84,45,7076,R0C0,DS051,45000,-84000,45000,84000,45000,84000,1
84,46,7077,R0C0,DS052,46000,-84000,46000,84000,46000,84000,1
84,47,7078,R0C0,DS053,47000,-84000,47000,84000,47000,84000,1
84,48,7079,R0C0,DS054,48000,-84000,48000,84000,48000,84000,1
84,49,7080,R0C0,DS055,49000,-84000,49000,84000,49000,84000,1
84,50,7081,R0C0,DS056,50000,-84000,50000,84000,50000,84000,1
84,51,7082,R0C0,DS057,51000,-84000,51000,84000,51000,84000,1
84,52,7083,R0C0,DS058,52000,-84000,52000,84000,52000,84000,1
84,53,7084,R0C0,DS059,53000,-84000,53000,84000,53000,84000,1
84,54,7085,R0C0,DS061,54000,-84000,54000,84000,54000,84000,1
84,55,7086,R0C0,DS062,55000,-84000,55000,84000,55000,84000,1
84,56,7087,R0C0,DS063,56000,-84000,56000,84000,56000,84000,1
84,57,7088,R0C0,DS064,57000,-84000,57000,84000,57000,84000,1
84,58,7089,R0C0,DS065,58000,-84000,58000,84000,58000,84000,1
84,59,7090,R0C0,DS066,59000,-84000,59000,84000,59000,84000,1
84,60,7091,R0C0,DS067,60000,-84000,60000,84000,60000,84000,1
84,61,7092,R0C0,DS068,61000,-84000,61000,84000,61000,84000,1
84,62,7093,R0C0,DS069,62000,-84000,62000,84000,62000,84000,1
84,63,7094,R0C0,DS071,63000,-84000,63000,84000,63000,84000,1
84,64,7095,R0C0,DS072,64000,-84000,64000,84000,64000,84000,1
84,65,7096,R0C0,DS073,65000,-84000,65000,84000,65000,84000,1
84,66,7097,R0C0,DS074,66000,-84000,66000,84000,66000,84000,1
84,67,7098,R0C0,DS075,67000,-84000,67000,84000,67000,84000,1
84,68,7099,R0C0,DS076,68000,-84000,68000,84000,68000,84000,1
84,69,7100,R0C0,DS077,69000,-84000,69000,84000,69000,84000,1
84,70,7101,R0C0,DS078,70000,-84000,70000,84000,70000,84000,1
84,71,7102,R0C0,DS079,71000,-84000,71000,84000,71000,84000,1
84,72,7103,R0C0,DS081,72000,-84000,72000,84000,72000,84000,1
84,73,7104,R0C0,DS082,73000,-84000,73000,84000,73000,84000,1
84,74,7105,R0C0,DS083,74000,-84000,74000,84000,74000,84000,1
84,75,7106,R0C0,DS084,75000,-84000,75000,84000,75000,84000,1
84,76,7107,R0C0,DS085,76000,-84000,76000,84000,76000,84000,1
84,77,7108,R0C0,DS086,77000,-84000,77000,84000,77000,84000,1
84,78,7109,R0C0,DS087,78000,-84000,78000,84000,78000,84000,1
84,79,7110,R0C0,DS088,79000,-84000,79000,84000,79000,84000,1
84,80,7111,R0C0,DS089,80000,-84000,80000,84000,80000,84000,1
84,81,7112,R0C0,DS091,81000,-84000,81000,84000,81000,84000,1
84,82,7113,R0C0,DS092,82000,-84000,82000,84000,82000,84000,1
84,83,7114,R0C0,DS093,83000,-84000,83000,84000,83000,84000,1
84,84,7115,R0C0,DS094,84000,-84000,84000,84000,84000,84000,1
84,85,7116,R0C0,DS095,85000,-84000,85000,84000,85000,84000,1
84,86,7117,R0C0,DS096,86000,-84000,86000,84000,86000,84000,1
84,87,7118,R0C0,DS097,87000,-84000,87000,84000,87000,84000,1
84,88,7119,R0C0,DS098,88000,-84000,88000,84000,88000,84000,1
84,89,7120,R0C0,DS099,89000,-84000,89000,84000,89000,84000,1
84,90,7121,R0C0,DS101,90000,-84000,90000,84000,90000,84000,1
84,91,7122,R0C0,DS102,91000,-84000,91000,84000,91000,84000,1
84,92,7123,R0C0,DS103,92000,-84000,92000,84000,92000,84000,1
84,93,7124,R0C0,DS104,93000,-84000,93000,84000,93000,84000,1
84,94,7125,R0C0,DS105,94000,-84000,94000,84000,94000,84000,1
85,15,7126,R0C0,DT017,15000,-85000,15000,85000,15000,85000,1
85,16,7127,R0C0,DT018,16000,-85000,16000,85000,16000,85000,1
85,17,7128,R0C0,DT019,17000,-85000,17000,85000,17000,85000,1
85,18,7129,R0C0,DT021,18000,-85000,18000,85000,18000,85000,1
85,19,7130,R0C0,DT022,19000,-85000,19000,85000,19000,85000,1
85,20,7131,R0C0,DT023,20000,-85000,20000,85000,20000,85000,1
85,21,7132,R0C0,DT024,21000,-85000,21000,85000,21000,85000,1
85,22,7133,R0C0,DT025,22000,-85000,22000,85000,22000,85000,1
85,23,7134,R0C0,DT026,23000,-85000,23000,85000,23000,85000,1
85,24,7135,R0C0,DT027,24000,-85000,24000,85000,24000,85000,1
85,25,7136,R0C0,DT028,25000,-85000,25000,85000,25000,85000,1
85,26,7137,R0C0,DT029,26000,-85000,26000,85000,26000,85000,1
85,27,7138,R0C0,DT031,27000,-85000,27000,85000,27000,85000,1
85,28,7139,R0C0,DT032,28000,-85000,28000,85000,28000,85000,1
85,29,7140,R0C0,DT033,29000,-85000,29000,85000,29000,85000,1
85,30,7141,R0C0,DT034,30000,-85000,30000,85000,30000,85000,1
85,31,7142,R0C0,DT035,31000,-85000,31000,85000,31000,85000,1
85,32,7143,R0C0,DT036,32000,-85000,32000,85000,32000,85000,1
85,33,7144,R0C0,DT037,33000,-85000,33000,85000,33000,85000,1
85,34,7145,R0C0,DT038,34000,-85000,34000,85000,34000,85000,1
85,35,7146,R0C0,DT039,35000,-85000,35000,85000,35000,85000,1
85,36,7147,R0C0,DT041,36000,-85000,36000,85000,36000,85000,1
85,37,7148,R0C0,DT042,37000,-85000,37000,85000,37000,85000,1
85,38,7149,R0C0,DT043,38000,-85000,38000,85000,38000,85000,1
85,39,7150,R0C0,DT044,39000,-85000,39000,85000,39000,85000,1
85,40,7151,R0C0,DT045,40000,-85000,40000,85000,40000,85000,1
85,41,7152,R0C0,DT046,41000,-85000,41000,85000,41000,85000,1
85,42,7153,R0C0,DT047,42000,-85000,42000,85000,42000,85000,1
85,43,7154,R0C0,DT048,43000,-85000,43000,85000,43000,85000,1
85,44,7155,R0C0,DT049,44000,-85000,44000,85000,44000,85000,1
85,45,7156,R0C0,DT051,45000,-85000,45000,85000,45000,85000,1
85,46,7157,R0C0,DT052,46000,-85000,46000,85000,46000,85000,1
85,47,7158,R0C0,DT053,47000,-85000,47000,85000,47000,85000,1
85,48,7159,R0C0,DT054,48000,-85000,48000,85000,48000,85000,1
85,49,7160,R0C0,DT055,49000,-85000,49000,85000,49000,85000,1
85,50,7161,R0C0,DT056,50000,-85000,50000,85000,50000,85000,1
85,51,7162,R0C0,DT057,51000,-85000,51000,85000,51000,85000,1
85,52,7163,R0C0,DT058,52000,-85000,52000,85000,52000,85000,1
85,53,7164,R0C0,DT059,53000,-85000,53000,85000,53000,85000,1
85,54,7165,R0C0,DT061,54000,-85000,54000,85000,54000,85000,1
85,55,7166,R0C0,DT062,55000,-85000,55000,85000,55000,85000,1
85,56,7167,R0C0,DT063,56000,-85000,56000,85000,56000,85000,1
85,57,7168,R0C0,DT064,57000,-85000,57000,85000,57000,85000,1
85,58,7169,R0C0,DT065,58000,-85000,58000,85000,58000,85000,1
85,59,7170,R0C0,DT066,59000,-85000,59000,85000,59000,85000,1
85,60,7171,R0C0,DT067,60000,-85000,60000,85000,60000,85000,1
85,61,7172,R0C0,DT068,61000,-85000,61000,85000,61000,85000,1
85,62,7173,R0C0,DT069,62000,-85000,62000,85000,62000,85000,1
85,63,7174,R0C0,DT071,63000,-85000,63000,85000,63000,85000,1
85,64,7175,R0C0,DT072,64000,-85000,64000,85000,64000,85000,1
85,65,7176,R0C0,DT073,65000,-85000,65000,85000,65000,85000,1
85,66,7177,R0C0,DT074,66000,-85000,66000,85000,66000,85000,1
85,67,7178,R0C0,DT075,67000,-85000,67000,85000,67000,85000,1
85,68,7179,R0C0,DT076,68000,-85000,68000,85000,68000,85000,1
85,69,7180,R0C0,DT077,69000,-85000,69000,85000,69000,85000,1
85,70,7181,R0C0,DT078,70000,-85000,70000,85000,70000,85000,1
85,71,7182,R0C0,DT079,71000,-85000,71000,85000,71000,85000,1
85,72,7183,R0C0,DT081,72000,-85000,72000,85000,72000,85000,1
85,73,7184,R0C0,DT082,73000,-85000,73000,85000,73000,85000,1
85,74,7185,R0C0,DT083,74000,-85000,74000,85000,74000,85000,1
85,75,7186,R0C0,DT084,75000,-85000,75000,85000,75000,85000,1
85,76,7187,R0C0,DT085,76000,-85000,76000,85000,76000,85000,1
85,77,7188,R0C0,DT086,77000,-85000,77000,85000,77000,85000,1
85,78,7189,R0C0,DT087,78000,-85000,78000,85000,78000,85000,1
85,79,7190,R0C0,DT088,79000,-85000,79000,85000,79000,85000,1
85,80,7191,R0C0,DT089,80000,-85000,80000,85000,80000,85000,1
85,81,7192,R0C0,DT091,81000,-85000,81000,85000,81000,85000,1
85,82,7193,R0C0,DT092,82000,-85000,82000,85000,82000,85000,1
85,83,7194,R0C0,DT093,83000,-85000,83000,85000,83000,85000,1
85,84,7195,R0C0,DT094,84000,-85000,84000,85000,84000,85000,1
85,85,7196,R0C0,DT095,85000,-85000,85000,85000,85000,85000,1
85,86,7197,R0C0,DT096,86000,-85000,86000,85000,86000,85000,1
85,87,7198,R0C0,DT097,87000,-85000,87000,85000,87000,85000,1
85,88,7199,R0C0,DT098,88000,-85000,88000,85000,88000,85000,1
85,89,7200,R0C0,DT099,89000,-85000,89000,85000,89000,85000,1
86,15,7201,R0C0,DU017,15000,-86000,15000,86000,15000,86000,1
86,16,7202,R0C0,DU018,16000,-86000,16000,86000,16000,86000,1
86,17,7203,R0C0,DU019,17000,-86000,17000,86000,17000,86000,1
86,18,7204,R0C0,DU021,18000,-86000,18000,86000,18000,86000,1
86,19,7205,R0C0,DU022,19000,-86000,19000,86000,19000,86000,1
86,20,7206,R0C0,DU023,20000,-86000,20000,86000,20000,86000,1
86,21,7207,R0C0,DU024,21000,-86000,21000,86000,21000,86000,1
86,22,7208,R0C0,DU025,22000,-86000,22000,86000,22000,86000,1
86,23,7209,R0C0,DU026,23000,-86000,23000,86000,23000,86000,1
86,24,7210,R0C0,DU027,24000,-86000,24000,86000,24000,86000,1
86,25,7211,R0C0,DU028,25000,-86000,25000,86000,25000,86000,1
86,26,7212,R0C0,DU029,26000,-86000,26000,86000,26000,86000,1
86,27,7213,R0C0,DU031,27000,-86000,27000,86000,27000,86000,1
86,28,7214,R0C0,DU032,28000,-86000,28000,86000,28000,86000,1
86,29,7215,R0C0,DU033,29000,-86000,29000,86000,29000,86000,1
86,30,7216,R0C0,DU034,30000,-86000,30000,86000,30000,86000,1
86,31,7217,R0C0,DU035,31000,-86000,31000,86000,31000,86000,1
86,32,7218,R0C0,DU036,32000,-86000,32000,86000,32000,86000,1
86,33,7219,R0C0,DU037,33000,-86000,33000,86000,33000,86000,1
86,34,7220,R0C0,DU038,34000,-86000,34000,86000,34000,86000,1
86,35,7221,R0C0,DU039,35000,-86000,35000,86000,35000,86000,1
86,36,7222,R0C0,DU041,36000,-86000,36000,86000,36000,86000,1
86,37,7223,R0C0,DU042,37000,-86000,37000,86000,37000,86000,1
86,38,7224,R0C0,DU043,38000,-86000,38000,86000,38000,86000,1
86,39,7225,R0C0,DU044,39000,-86000,39000,86000,39000,86000,1
86,40,7226,R0C0,DU045,40000,-86000,40000,86000,40000,86000,1
86,41,7227,R0C0,DU046,41000,-86000,41000,86000,41000,86000,1
86,42,7228,R0C0,DU047,42000,-86000,42000,86000,42000,86000,1
86,43,7229,R0C0,DU048,43000,-86000,43000,86000,43000,86000,1
86,44,7230,R0C0,DU049,44000,-86000,44000,86000,44000,86000,1
86,45,7231,R0C0,DU051,45000,-86000,45000,86000,45000,86000,1
86,46,7232,R0C0,DU052,46000,-86000,46000,86000,46000,86000,1
86,47,7233,R0C0,DU053,47000,-86000,47000,86000,47000,86000,1
86,48,7234,R0C0,DU054,48000,-86000,48000,86000,48000,86000,1
86,49,7235,R0C0,DU055,49000,-86000,49000,86000,49000,86000,1
86,50,7236,R0C0,DU056,50000,-86000,50000,86000,50000,86000,1
86,51,7237,R0C0,DU057,51000,-86000,51000,86000,51000,86000,1
86,52,7238,R0C0,DU058,52000,-86000,52000,86000,52000,86000,1
86,53,7239,R0C0,DU059,53000,-86000,53000,86000,53000,86000,1
86,54,7240,R0C0,DU061,54000,-86000,54000,86000,54000,86000,1
86,55,7241,R0C0,DU062,55000,-86000,55000,86000,55000,86000,1
86,56,7242,R0C0,DU063,56000,-86000,56000,86000,56000,86000,1
86,57,7243,R0C0,DU064,57000,-86000,57000,86000,57000,86000,1
86,58,7244,R0C0,DU065,58000,-86000,58000,86000,58000,86000,1
86,59,7245,R0C0,DU066,59000,-86000,59000,86000,59000,86000,1
86,60,7246,R0C0,DU067,60000,-86000,60000,86000,60000,86000,1
86,61,7247,R0C0,DU068,61000,-86000,61000,86000,61000,86000,1
86,62,7248,R0C0,DU069,62000,-86000,62000,86000,62000,86000,1
86,63,7249,R0C0,DU071,63000,-86000,63000,86000,63000,86000,1
86,64,7250,R0C0,DU072,64000,-86000,64000,86000,64000,86000,1
86,65,7251,R0C0,DU073,65000,-86000,65000,86000,65000,86000,1
86,66,7252,R0C0,DU074,66000,-86000,66000,86000,66000,86000,1
86,67,7253,R0C0,DU075,67000,-86000,67000,86000,67000,86000,1
86,68,7254,R0C0,DU076,68000,-86000,68000,86000,68000,86000,1
86,69,7255,R0C0,DU077,69000,-86000,69000,86000,69000,86000,1
86,70,7256,R0C0,DU078,70000,-86000,70000,86000,70000,86000,1
86,71,7257,R0C0,DU079,71000,-86000,71000,86000,71000,86000,1
86,72,7258,R0C0,DU081,72000,-86000,72000,86000,72000,86000,1
86,73,7259,R0C0,DU082,73000,-86000,73000,86000,73000,86000,1
86,74,7260,R0C0,DU083,74000,-86000,74000,86000,74000,86000,1
86,75,7261,R0C0,DU084,75000,-86000,75000,86000,75000,86000,1
86,76,7262,R0C0,DU085,76000,-86000,76000,86000,76000,86000,1
86,77,7263,R0C0,DU086,77000,-86000,77000,86000,77000,86000,1
86,78,7264,R0C0,DU087,78000,-86000,78000,86000,78000,86000,1
86,79,7265,R0C0,DU088,79000,-86000,79000,86000,79000,86000,1
86,80,7266,R0C0,DU089,80000,-86000,80000,86000,80000,86000,1
86,81,7267,R0C0,DU091,81000,-86000,81000,86000,81000,86000,1
86,82,7268,R0C0,DU092,82000,-86000,82000,86000,82000,86000,1
86,83,7269,R0C0,DU093,83000,-86000,83000,86000,83000,86000,1
86,84,7270,R0C0,DU094,84000,-86000,84000,86000,84000,86000,1
86,85,7271,R0C0,DU095,85000,-86000,85000,86000,85000,86000,1
86,86,7272,R0C0,DU096,86000,-86000,86000,86000,86000,86000,1
86,87,7273,R0C0,DU097,87000,-86000,87000,86000,87000,86000,1
86,88,7274,R0C0,DU098,88000,-86000,88000,86000,88000,86000,1
86,89,7275,R0C0,DU099,89000,-86000,89000,86000,89000,86000,1
87,15,7276,R0C0,DV017,15000,-87000,15000,87000,15000,87000,1
87,16,7277,R0C0,DV018,16000,-87000,16000,87000,16000,87000,1
87,17,7278,R0C0,DV019,17000,-87000,17000,87000,17000,87000,1
87,18,7279,R0C0,DV021,18000,-87000,18000,87000,18000,87000,1
87,19,7280,R0C0,DV022,19000,-87000,19000,87000,19000,87000,1
87,20,7281,R0C0,DV023,20000,-87000,20000,87000,20000,87000,1
87,21,7282,R0C0,DV024,21000,-87000,21000,87000,21000,87000,1
87,22,7283,R0C0,DV025,22000,-87000,22000,87000,22000,87000,1
87,23,7284,R0C0,DV026,23000,-87000,23000,87000,23000,87000,1
87,24,7285,R0C0,DV027,24000,-87000,24000,87000,24000,87000,1
87,25,7286,R0C0,DV028,25000,-87000,25000,87000,25000,87000,1
87,26,7287,R0C0,DV029,26000,-87000,26000,87000,26000,87000,1
87,27,7288,R0C0,DV031,27000,-87000,27000,87000,27000,87000,1
87,28,7289,R0C0,DV032,28000,-87000,28000,87000,28000,87000,1
87,29,7290,R0C0,DV033,29000,-87000,29000,87000,29000,87000,1
87,30,7291,R0C0,DV034,30000,-87000,30000,87000,30000,87000,1
87,31,7292,R0C0,DV035,31000,-87000,31000,87000,31000,87000,1
87,32,7293,R0C0,DV036,32000,-87000,32000,87000,32000,87000,1
87,33,7294,R0C0,DV037,33000,-87000,33000,87000,33000,87000,1
87,34,7295,R0C0,DV038,34000,-87000,34000,87000,34000,87000,1
87,35,7296,R0C0,DV039,35000,-87000,35000,87000,35000,87000,1
87,36,7297,R0C0,DV041,36000,-87000,36000,87000,36000,87000,1
87,37,7298,R0C0,DV042,37000,-87000,37000,87000,37000,87000,1
87,38,7299,R0C0,DV043,38000,-87000,38000,87000,38000,87000,1
87,39,7300,R0C0,DV044,39000,-87000,39000,87000,39000,87000,1
87,40,7301,R0C0,DV045,40000,-87000,40000,87000,40000,87000,1
87,41,7302,R0C0,DV046,41000,-87000,41000,87000,41000,87000,1
87,42,7303,R0C0,DV047,42000,-87000,42000,87000,42000,87000,1
87,43,7304,R0C0,DV048,43000,-87000,43000,87000,43000,87000,1
87,44,7305,R0C0,DV049,44000,-87000,44000,87000,44000,87000,1
87,45,7306,R0C0,DV051,45000,-87000,45000,87000,45000,87000,1
87,46,7307,R0C0,DV052,46000,-87000,46000,87000,46000,87000,1
87,47,7308,R0C0,DV053,47000,-87000,47000,87000,47000,87000,1
87,48,7309,R0C0,DV054,48000,-87000,48000,87000,48000,87000,1
87,49,7310,R0C0,DV055,49000,-87000,49000,87000,49000,87000,1
87,50,7311,R0C0,DV056,50000,-87000,50000,87000,50000,87000,1
87,51,7312,R0C0,DV057,51000,-87000,51000,87000,51000,87000,1
87,52,7313,R0C0,DV058,52000,-87000,52000,87000,52000,87000,1
87,53,7314,R0C0,DV059,53000,-87000,53000,87000,53000,87000,1
87,54,7315,R0C0,DV061,54000,-87000,54000,87000,54000,87000,1
87,55,7316,R0C0,DV062,55000,-87000,55000,87000,55000,87000,1
87,56,7317,R0C0,DV063,56000,-87000,56000,87000,56000,87000,1
87,57,7318,R0C0,DV064,57000,-87000,57000,87000,57000,87000,1
87,58,7319,R0C0,DV065,58000,-87000,58000,87000,58000,87000,1
87,59,7320,R0C0,DV066,59000,-87000,59000,87000,59000,87000,1
87,60,7321,R0C0,DV067,60000,-87000,60000,87000,60000,87000,1
87,61,7322,R0C0,DV068,61000,-87000,61000,87000,61000,87000,1
87,62,7323,R0C0,DV069,62000,-87000,62000,87000,62000,87000,1
87,63,7324,R0C0,DV071,63000,-87000,63000,87000,63000,87000,1
87,64,7325,R0C0,DV072,64000,-87000,64000,87000,64000,87000,1
87,65,7326,R0C0,DV073,65000,-87000,65000,87000,65000,87000,1
87,66,7327,R0C0,DV074,66000,-87000,66000,87000,66000,87000,1
87,67,7328,R0C0,DV075,67000,-87000,67000,87000,67000,87000,1
87,68,7329,R0C0,DV076,68000,-87000,68000,87000,68000,87000,1
87,69,7330,R0C0,DV077,69000,-87000,69000,87000,69000,87000,1
87,70,7331,R0C0,DV078,70000,-87000,70000,87000,70000,87000,1
87,71,7332,R0C0,DV079,71000,-87000,71000,87000,71000,87000,1
87,72,7333,R0C0,DV081,72000,-87000,72000,87000,72000,87000,1
87,73,7334,R0C0,DV082,73000,-87000,73000,87000,73000,87000,1
87,74,7335,R0C0,DV083,74000,-87000,74000,87000,74000,87000,1
87,75,7336,R0C0,DV084,75000,-87000,75000,87000,75000,87000,1
87,76,7337,R0C0,DV085,76000,-87000,76000,87000,76000,87000,1
87,77,7338,R0C0,DV086,77000,-87000,77000,87000,77000,87000,1
87,78,7339,R0C0,DV087,78000,-87000,78000,87000,78000,87000,1
87,79,7340,R0C0,DV088,79000,-87000,79000,87000,79000,87000,1
87,80,7341,R0C0,DV089,80000,-87000,80000,87000,80000,87000,1
87,81,7342,R0C0,DV091,81000,-87000,81000,87000,81000,87000,1
87,82,7343,R0C0,DV092,82000,-87000,82000,87000,82000,87000,1
87,83,7344,R0C0,DV093,83000,-87000,83000,87000,83000,87000,1
87,84,7345,R0C0,DV094,84000,-87000,84000,87000,84000,87000,1
87,85,7346,R0C0,DV095,85000,-87000,85000,87000,85000,87000,1
87,86,7347,R0C0,DV096,86000,-87000,86000,87000,86000,87000,1
87,87,7348,R0C0,DV097,87000,-87000,87000,87000,87000,87000,1
87,88,7349,R0C0,DV098,88000,-87000,88000,87000,88000,87000,1
87,89,7350,R0C0,DV099,89000,-87000,89000,87000,89000,87000,1
88,15,7351,R0C0,DW017,15000,-88000,15000,88000,15000,88000,1
88,16,7352,R0C0,DW018,16000,-88000,16000,88000,16000,88000,1
88,17,7353,R0C0,DW019,17000,-88000,17000,88000,17000,88000,1
88,18,7354,R0C0,DW021,18000,-88000,18000,88000,18000,88000,1
88,19,7355,R0C0,DW022,19000,-88000,19000,88000,19000,88000,1
88,20,7356,R0C0,DW023,20000,-88000,20000,88000,20000,88000,1
88,21,7357,R0C0,DW024,21000,-88000,21000,88000,21000,88000,1
88,22,7358,R0C0,DW025,22000,-88000,22000,88000,22000,88000,1
88,23,7359,R0C0,DW026,23000,-88000,23000,88000,23000,88000,1
88,24,7360,R0C0,DW027,24000,-88000,24000,88000,24000,88000,1
88,25,7361,R0C0,DW028,25000,-88000,25000,88000,25000,88000,1
88,26,7362,R0C0,DW029,26000,-88000,26000,88000,26000,88000,1
88,27,7363,R0C0,DW031,27000,-88000,27000,88000,27000,88000,1
88,28,7364,R0C0,DW032,28000,-88000,28000,88000,28000,88000,1
88,29,7365,R0C0,DW033,29000,-88000,29000,88000,29000,88000,1
88,30,7366,R0C0,DW034,30000,-88000,30000,88000,30000,88000,1
88,31,7367,R0C0,DW035,31000,-88000,31000,88000,31000,88000,1
88,32,7368,R0C0,DW036,32000,-88000,32000,88000,32000,88000,1
88,33,7369,R0C0,DW037,33000,-88000,33000,88000,33000,88000,1
88,34,7370,R0C0,DW038,34000,-88000,34000,88000,34000,88000,1
88,35,7371,R0C0,DW039,35000,-88000,35000,88000,35000,88000,1
88,36,7372,R0C0,DW041,36000,-88000,36000,88000,36000,88000,1
88,37,7373,R0C0,DW042,37000,-88000,37000,88000,37000,88000,1
88,38,7374,R0C0,DW043,38000,-88000,38000,88000,38000,88000,1
88,39,7375,R0C0,DW044,39000,-88000,39000,88000,39000,88000,1
88,40,7376,R0C0,DW045,40000,-88000,40000,88000,40000,88000,1
88,41,7377,R0C0,DW046,41000,-88000,41000,88000,41000,88000,1
88,42,7378,R0C0,DW047,42000,-88000,42000,88000,42000,88000,1
88,43,7379,R0C0,DW048,43000,-88000,43000,88000,43000,88000,1
88,44,7380,R0C0,DW049,44000,-88000,44000,88000,44000,88000,1
88,45,7381,R0C0,DW051,45000,-88000,45000,88000,45000,88000,1
88,46,7382,R0C0,DW052,46000,-88000,46000,88000,46000,88000,1
88,47,7383,R0C0,DW053,47000,-88000,47000,88000,47000,88000,1
88,48,7384,R0C0,DW054,48000,-88000,48000,88000,48000,88000,1
88,49,7385,R0C0,DW055,49000,-88000,49000,88000,49000,88000,1
88,50,7386,R0C0,DW056,50000,-88000,50000,88000,50000,88000,1
88,51,7387,R0C0,DW057,51000,-88000,51000,88000,51000,88000,1
88,52,7388,R0C0,DW058,52000,-88000,52000,88000,52000,88000,1
88,53,7389,R0C0,DW059,53000,-88000,53000,88000,53000,88000,1
88,54,7390,R0C0,DW061,54000,-88000,54000,88000,54000,88000,1
88,55,7391,R0C0,DW062,55000,-88000,55000,88000,55000,88000,1
88,56,7392,R0C0,DW063,56000,-88000,56000,88000,56000,88000,1
88,57,7393,R0C0,DW064,57000,-88000,57000,88000,57000,88000,1
88,58,7394,R0C0,DW065,58000,-88000,58000,88000,58000,88000,1
88,59,7395,R0C0,DW066,59000,-88000,59000,88000,59000,88000,1
88,60,7396,R0C0,DW067,60000,-88000,60000,88000,60000,88000,1
88,61,7397,R0C0,DW068,61000,-88000,61000,88000,61000,88000,1
88,62,7398,R0C0,DW069,62000,-88000,62000,88000,62000,88000,1
88,63,7399,R0C0,DW071,63000,-88000,63000,88000,63000,88000,1
88,64,7400,R0C0,DW072,64000,-88000,64000,88000,64000,88000,1
88,65,7401,R0C0,DW073,65000,-88000,65000,88000,65000,88000,1
88,66,7402,R0C0,DW074,66000,-88000,66000,88000,66000,88000,1
88,67,7403,R0C0,DW075,67000,-88000,67000,88000,67000,88000,1
88,68,7404,R0C0,DW076,68000,-88000,68000,88000,68000,88000,1
88,69,7405,R0C0,DW077,69000,-88000,69000,88000,69000,88000,1
88,70,7406,R0C0,DW078,70000,-88000,70000,88000,70000,88000,1
88,71,7407,R0C0,DW079,71000,-88000,71000,88000,71000,88000,1
88,72,7408,R0C0,DW081,72000,-88000,72000,88000,72000,88000,1
88,73,7409,R0C0,DW082,73000,-88000,73000,88000,73000,88000,1
88,74,7410,R0C0,DW083,74000,-88000,74000,88000,74000,88000,1
88,75,7411,R0C0,DW084,75000,-88000,75000,88000,75000,88000,1
88,76,7412,R0C0,DW085,76000,-88000,76000,88000,76000,88000,1
88,77,7413,R0C0,DW086,77000,-88000,77000,88000,77000,88000,1
88,78,7414,R0C0,DW087,78000,-88000,78000,88000,78000,88000,1
88,79,7415,R0C0,DW088,79000,-88000,79000,88000,79000,88000,1
88,80,7416,R0C0,DW089,80000,-88000,80000,88000,80000,88000,1
88,81,7417,R0C0,DW091,81000,-88000,81000,88000,81000,88000,1
88,82,7418,R0C0,DW092,82000,-88000,82000,88000,82000,88000,1
88,83,7419,R0C0,DW093,83000,-88000,83000,88000,83000,88000,1
88,84,7420,R0C0,DW094,84000,-88000,84000,88000,84000,88000,1
88,85,7421,R0C0,DW095,85000,-88000,85000,88000,85000,88000,1
88,86,7422,R0C0,DW096,86000,-88000,86000,88000,86000,88000,1
88,87,7423,R0C0,DW097,87000,-88000,87000,88000,87000,88000,1
88,88,7424,R0C0,DW098,88000,-88000,88000,88000,88000,88000,1
88,89,7425,R0C0,DW099,89000,-88000,89000,88000,89000,88000,1
89,15,7426,R0C0,DX017,15000,-89000,15000,89000,15000,89000,1
89,16,7427,R0C0,DX018,16000,-89000,16000,89000,16000,89000,1
89,17,7428,R0C0,DX019,17000,-89000,17000,89000,17000,89000,1
89,18,7429,R0C0,DX021,18000,-89000,18000,89000,18000,89000,1
89,19,7430,R0C0,DX022,19000,-89000,19000,89000,19000,89000,1
89,20,7431,R0C0,DX023,20000,-89000,20000,89000,20000,89000,1
89,21,7432,R0C0,DX024,21000,-89000,21000,89000,21000,89000,1
89,22,7433,R0C0,DX025,22000,-89000,22000,89000,22000,89000,1
89,23,7434,R0C0,DX026,23000,-89000,23000,89000,23000,89000,1
89,24,7435,R0C0,DX027,24000,-89000,24000,89000,24000,89000,1
89,25,7436,R0C0,DX028,25000,-89000,25000,89000,25000,89000,1
89,26,7437,R0C0,DX029,26000,-89000,26000,89000,26000,89000,1
89,27,7438,R0C0,DX031,27000,-89000,27000,89000,27000,89000,1
89,28,7439,R0C0,DX032,28000,-89000,28000,89000,28000,89000,1
89,29,7440,R0C0,DX033,29000,-89000,29000,89000,29000,89000,1
89,30,7441,R0C0,DX034,30000,-89000,30000,89000,30000,89000,1
89,31,7442,R0C0,DX035,31000,-89000,31000,89000,31000,89000,1
89,32,7443,R0C0,DX036,32000,-89000,32000,89000,32000,89000,1
89,33,7444,R0C0,DX037,33000,-89000,33000,89000,33000,89000,1
89,34,7445,R0C0,DX038,34000,-89000,34000,89000,34000,89000,1
89,35,7446,R0C0,DX039,35000,-89000,35000,89000,35000,89000,1
89,36,7447,R0C0,DX041,36000,-89000,36000,89000,36000,89000,1
89,37,7448,R0C0,DX042,37000,-89000,37000,89000,37000,89000,1
89,38,7449,R0C0,DX043,38000,-89000,38000,89000,38000,89000,1
89,39,7450,R0C0,DX044,39000,-89000,39000,89000,39000,89000,1
89,40,7451,R0C0,DX045,40000,-89000,40000,89000,40000,89000,1
89,41,7452,R0C0,DX046,41000,-89000,41000,89000,41000,89000,1
89,42,7453,R0C0,DX047,42000,-89000,42000,89000,42000,89000,1
89,43,7454,R0C0,DX048,43000,-89000,43000,89000,43000,89000,1
89,44,7455,R0C0,DX049,44000,-89000,44000,89000,44000,89000,1
89,45,7456,R0C0,DX051,45000,-89000,45000,89000,45000,89000,1
89,46,7457,R0C0,DX052,46000,-89000,46000,89000,46000,89000,1
89,47,7458,R0C0,DX053,47000,-89000,47000,89000,47000,89000,1
89,48,7459,R0C0,DX054,48000,-89000,48000,89000,48000,89000,1
89,49,7460,R0C0,DX055,49000,-89000,49000,89000,49000,89000,1
89,50,7461,R0C0,DX056,50000,-89000,50000,89000,50000,89000,1
89,51,7462,R0C0,DX057,51000,-89000,51000,89000,51000,89000,1
89,52,7463,R0C0,DX058,52000,-89000,52000,89000,52000,89000,1
89,53,7464,R0C0,DX059,53000,-89000,53000,89000,53000,89000,1
89,54,7465,R0C0,DX061,54000,-89000,54000,89000,54000,89000,1
89,55,7466,R0C0,DX062,55000,-89000,55000,89000,55000,89000,1
89,56,7467,R0C0,DX063,56000,-89000,56000,89000,56000,89000,1
89,57,7468,R0C0,DX064,57000,-89000,57000,89000,57000,89000,1
89,58,7469,R0C0,DX065,58000,-89000,58000,89000,58000,89000,1
89,59,7470,R0C0,DX066,59000,-89000,59000,89000,59000,89000,1
89,60,7471,R0C0,DX067,60000,-89000,60000,89000,60000,89000,1
89,61,7472,R0C0,DX068,61000,-89000,61000,89000,61000,89000,1
89,62,7473,R0C0,DX069,62000,-89000,62000,89000,62000,89000,1
89,63,7474,R0C0,DX071,63000,-89000,63000,89000,63000,89000,1
89,64,7475,R0C0,DX072,64000,-89000,64000,89000,64000,89000,1
89,65,7476,R0C0,DX073,65000,-89000,65000,89000,65000,89000,1
89,66,7477,R0C0,DX074,66000,-89000,66000,89000,66000,89000,1
89,67,7478,R0C0,DX075,67000,-89000,67000,89000,67000,89000,1
89,68,7479,R0C0,DX076,68000,-89000,68000,89000,68000,89000,1
89,69,7480,R0C0,DX077,69000,-89000,69000,89000,69000,89000,1
89,70,7481,R0C0,DX078,70000,-89000,70000,89000,70000,89000,1
89,71,7482,R0C0,DX079,71000,-89000,71000,89000,71000,89000,1
89,72,7483,R0C0,DX081,72000,-89000,72000,89000,72000,89000,1
89,73,7484,R0C0,DX082,73000,-89000,73000,89000,73000,89000,1
89,74,7485,R0C0,DX083,74000,-89000,74000,89000,74000,89000,1
89,75,7486,R0C0,DX084,75000,-89000,75000,89000,75000,89000,1
89,76,7487,R0C0,DX085,76000,-89000,76000,89000,76000,89000,1
89,77,7488,R0C0,DX086,77000,-89000,77000,89000,77000,89000,1
89,78,7489,R0C0,DX087,78000,-89000,78000,89000,78000,89000,1
89,79,7490,R0C0,DX088,79000,-89000,79000,89000,79000,89000,1
89,80,7491,R0C0,DX089,80000,-89000,80000,89000,80000,89000,1
89,81,7492,R0C0,DX091,81000,-89000,81000,89000,81000,89000,1
89,82,7493,R0C0,DX092,82000,-89000,82000,89000,82000,89000,1
89,83,7494,R0C0,DX093,83000,-89000,83000,89000,83000,89000,1
89,84,7495,R0C0,DX094,84000,-89000,84000,89000,84000,89000,1
89,85,7496,R0C0,DX095,85000,-89000,85000,89000,85000,89000,1
89,86,7497,R0C0,DX096,86000,-89000,86000,89000,86000,89000,1
89,87,7498,R0C0,DX097,87000,-89000,87000,89000,87000,89000,1
89,88,7499,R0C0,DX098,88000,-89000,88000,89000,88000,89000,1
89,89,7500,R0C0,DX099,89000,-89000,89000,89000,89000,89000,1
90,20,7501,R0C0,DY023,20000,-90000,20000,90000,20000,90000,1
90,21,7502,R0C0,DY024,21000,-90000,21000,90000,21000,90000,1
90,22,7503,R0C0,DY025,22000,-90000,22000,90000,22000,90000,1
90,23,7504,R0C0,DY026,23000,-90000,23000,90000,23000,90000,1
90,24,7505,R0C0,DY027,24000,-90000,24000,90000,24000,90000,1
90,25,7506,R0C0,DY028,25000,-90000,25000,90000,25000,90000,1
90,26,7507,R0C0,DY029,26000,-90000,26000,90000,26000,90000,1
90,27,7508,R0C0,DY031,27000,-90000,27000,90000,27000,90000,1
90,28,7509,R0C0,DY032,28000,-90000,28000,90000,28000,90000,1
90,29,7510,R0C0,DY033,29000,-90000,29000,90000,29000,90000,1
90,30,7511,R0C0,DY034,30000,-90000,30000,90000,30000,90000,1
90,31,7512,R0C0,DY035,31000,-90000,31000,90000,31000,90000,1
90,32,7513,R0C0,DY036,32000,-90000,32000,90000,32000,90000,1
90,33,7514,R0C0,DY037,33000,-90000,33000,90000,33000,90000,1
90,34,7515,R0C0,DY038,34000,-90000,34000,90000,34000,90000,1
90,35,7516,R0C0,DY039,35000,-90000,35000,90000,35000,90000,1
90,36,7517,R0C0,DY041,36000,-90000,36000,90000,36000,90000,1
90,37,7518,R0C0,DY042,37000,-90000,37000,90000,37000,90000,1
90,38,7519,R0C0,DY043,38000,-90000,38000,90000,38000,90000,1
90,39,7520,R0C0,DY044,39000,-90000,39000,90000,39000,90000,1
90,40,7521,R0C0,DY045,40000,-90000,40000,90000,40000,90000,1
90,41,7522,R0C0,DY046,41000,-90000,41000,90000,41000,90000,1
90,42,7523,R0C0,DY047,42000,-90000,42000,90000,42000,90000,1
90,43,7524,R0C0,DY048,43000,-90000,43000,90000,43000,90000,1
90,44,7525,R0C0,DY049,44000,-90000,44000,90000,44000,90000,1
90,45,7526,R0C0,DY051,45000,-90000,45000,90000,45000,90000,1
90,46,7527,R0C0,DY052,46000,-90000,46000,90000,46000,90000,1
90,47,7528,R0C0,DY053,47000,-90000,47000,90000,47000,90000,1
90,48,7529,R0C0,DY054,48000,-90000,48000,90000,48000,90000,1
90,49,7530,R0C0,DY055,49000,-90000,49000,90000,49000,90000,1
90,50,7531,R0C0,DY056,50000,-90000,50000,90000,50000,90000,1
90,51,7532,R0C0,DY057,51000,-90000,51000,90000,51000,90000,1
90,52,7533,R0C0,DY058,52000,-90000,52000,90000,52000,90000,1
90,53,7534,R0C0,DY059,53000,-90000,53000,90000,53000,90000,1
90,54,7535,R0C0,DY061,54000,-90000,54000,90000,54000,90000,1
90,55,7536,R0C0,DY062,55000,-90000,55000,90000,55000,90000,1
90,56,7537,R0C0,DY063,56000,-90000,56000,90000,56000,90000,1
90,57,7538,R0C0,DY064,57000,-90000,57000,90000,57000,90000,1
90,58,7539,R0C0,DY065,58000,-90000,58000,90000,58000,90000,1
90,59,7540,R0C0,DY066,59000,-90000,59000,90000,59000,90000,1
90,60,7541,R0C0,DY067,60000,-90000,60000,90000,60000,90000,1
90,61,7542,R0C0,DY068,61000,-90000,61000,90000,61000,90000,1
90,62,7543,R0C0,DY069,62000,-90000,62000,90000,62000,90000,1
90,63,7544,R0C0,DY071,63000,-90000,63000,90000,63000,90000,1
90,64,7545,R0C0,DY072,64000,-90000,64000,90000,64000,90000,1
90,65,7546,R0C0,DY073,65000,-90000,65000,90000,65000,90000,1
90,66,7547,R0C0,DY074,66000,-90000,66000,90000,66000,90000,1
90,67,7548,R0C0,DY075,67000,-90000,67000,90000,67000,90000,1
90,68,7549,R0C0,DY076,68000,-90000,68000,90000,68000,90000,1
90,69,7550,R0C0,DY077,69000,-90000,69000,90000,69000,90000,1
90,70,7551,R0C0,DY078,70000,-90000,70000,90000,70000,90000,1
90,71,7552,R0C0,DY079,71000,-90000,71000,90000,71000,90000,1
90,72,7553,R0C0,DY081,72000,-90000,72000,90000,72000,90000,1
90,73,7554,R0C0,DY082,73000,-90000,73000,90000,73000,90000,1
90,74,7555,R0C0,DY083,74000,-90000,74000,90000,74000,90000,1
90,75,7556,R0C0,DY084,75000,-90000,75000,90000,75000,90000,1
90,76,7557,R0C0,DY085,76000,-90000,76000,90000,76000,90000,1
90,77,7558,R0C0,DY086,77000,-90000,77000,90000,77000,90000,1
90,78,7559,R0C0,DY087,78000,-90000,78000,90000,78000,90000,1
90,79,7560,R0C0,DY088,79000,-90000,79000,90000,79000,90000,1
90,80,7561,R0C0,DY089,80000,-90000,80000,90000,80000,90000,1
90,81,7562,R0C0,DY091,81000,-90000,81000,90000,81000,90000,1
90,82,7563,R0C0,DY092,82000,-90000,82000,90000,82000,90000,1
90,83,7564,R0C0,DY093,83000,-90000,83000,90000,83000,90000,1
90,84,7565,R0C0,DY094,84000,-90000,84000,90000,84000,90000,1
91,20,7566,R0C0,DZ023,20000,-91000,20000,91000,20000,91000,1
91,21,7567,R0C0,DZ024,21000,-91000,21000,91000,21000,91000,1
91,22,7568,R0C0,DZ025,22000,-91000,22000,91000,22000,91000,1
91,23,7569,R0C0,DZ026,23000,-91000,23000,91000,23000,91000,1
91,24,7570,R0C0,DZ027,24000,-91000,24000,91000,24000,91000,1
91,25,7571,R0C0,DZ028,25000,-91000,25000,91000,25000,91000,1
91,26,7572,R0C0,DZ029,26000,-91000,26000,91000,26000,91000,1
91,27,7573,R0C0,DZ031,27000,-91000,27000,91000,27000,91000,1
91,28,7574,R0C0,DZ032,28000,-91000,28000,91000,28000,91000,1
91,29,7575,R0C0,DZ033,29000,-91000,29000,91000,29000,91000,1
91,30,7576,R0C0,DZ034,30000,-91000,30000,91000,30000,91000,1
91,31,7577,R0C0,DZ035,31000,-91000,31000,91000,31000,91000,1
91,32,7578,R0C0,DZ036,32000,-91000,32000,91000,32000,91000,1
91,33,7579,R0C0,DZ037,33000,-91000,33000,91000,33000,91000,1
91,34,7580,R0C0,DZ038,34000,-91000,34000,91000,34000,91000,1
91,35,7581,R0C0,DZ039,35000,-91000,35000,91000,35000,91000,1
91,36,7582,R0C0,DZ041,36000,-91000,36000,91000,36000,91000,1
91,37,7583,R0C0,DZ042,37000,-91000,37000,91000,37000,91000,1
91,38,7584,R0C0,DZ043,38000,-91000,38000,91000,38000,91000,1
91,39,7585,R0C0,DZ044,39000,-91000,39000,91000,39000,91000,1
91,40,7586,R0C0,DZ045,40000,-91000,40000,91000,40000,91000,1
91,41,7587,R0C0,DZ046,41000,-91000,41000,91000,41000,91000,1
91,42,7588,R0C0,DZ047,42000,-91000,42000,91000,42000,91000,1
91,43,7589,R0C0,DZ048,43000,-91000,43000,91000,43000,91000,1
91,44,7590,R0C0,DZ049,44000,-91000,44000,91000,44000,91000,1
91,45,7591,R0C0,DZ051,45000,-91000,45000,91000,45000,91000,1
91,46,7592,R0C0,DZ052,46000,-91000,46000,91000,46000,91000,1
91,47,7593,R0C0,DZ053,47000,-91000,47000,91000,47000,91000,1
91,48,7594,R0C0,DZ054,48000,-91000,48000,91000,48000,91000,1
91,49,7595,R0C0,DZ055,49000,-91000,49000,91000,49000,91000,1
91,50,7596,R0C0,DZ056,50000,-91000,50000,91000,50000,91000,1
91,51,7597,R0C0,DZ057,51000,-91000,51000,91000,51000,91000,1
91,52,7598,R0C0,DZ058,52000,-91000,52000,91000,52000,91000,1
91,53,7599,R0C0,DZ059,53000,-91000,53000,91000,53000,91000,1
91,54,7600,R0C0,DZ061,54000,-91000,54000,91000,54000,91000,1
91,55,7601,R0C0,DZ062,55000,-91000,55000,91000,55000,91000,1
91,56,7602,R0C0,DZ063,56000,-91000,56000,91000,56000,91000,1
91,57,7603,R0C0,DZ064,57000,-91000,57000,91000,57000,91000,1
91,58,7604,R0C0,DZ065,58000,-91000,58000,91000,58000,91000,1
91,59,7605,R0C0,DZ066,59000,-91000,59000,91000,59000,91000,1
91,60,7606,R0C0,DZ067,60000,-91000,60000,91000,60000,91000,1
91,61,7607,R0C0,DZ068,61000,-91000,61000,91000,61000,91000,1
91,62,7608,R0C0,DZ069,62000,-91000,62000,91000,62000,91000,1
91,63,7609,R0C0,DZ071,63000,-91000,63000,91000,63000,91000,1
91,64,7610,R0C0,DZ072,64000,-91000,64000,91000,64000,91000,1
91,65,7611,R0C0,DZ073,65000,-91000,65000,91000,65000,91000,1
91,66,7612,R0C0,DZ074,66000,-91000,66000,91000,66000,91000,1
91,67,7613,R0C0,DZ075,67000,-91000,67000,91000,67000,91000,1
91,68,7614,R0C0,DZ076,68000,-91000,68000,91000,68000,91000,1
91,69,7615,R0C0,DZ077,69000,-91000,69000,91000,69000,91000,1
91,70,7616,R0C0,DZ078,70000,-91000,70000,91000,70000,91000,1
91,71,7617,R0C0,DZ079,71000,-91000,71000,91000,71000,91000,1
91,72,7618,R0C0,DZ081,72000,-91000,72000,91000,72000,91000,1
91,73,7619,R0C0,DZ082,73000,-91000,73000,91000,73000,91000,1
91,74,7620,R0C0,DZ083,74000,-91000,74000,91000,74000,91000,1
91,75,7621,R0C0,DZ084,75000,-91000,75000,91000,75000,91000,1
91,76,7622,R0C0,DZ085,76000,-91000,76000,91000,76000,91000,1
91,77,7623,R0C0,DZ086,77000,-91000,77000,91000,77000,91000,1
91,78,7624,R0C0,DZ087,78000,-91000,78000,91000,78000,91000,1
91,79,7625,R0C0,DZ088,79000,-91000,79000,91000,79000,91000,1
91,80,7626,R0C0,DZ089,80000,-91000,80000,91000,80000,91000,1
91,81,7627,R0C0,DZ091,81000,-91000,81000,91000,81000,91000,1
91,82,7628,R0C0,DZ092,82000,-91000,82000,91000,82000,91000,1
91,83,7629,R0C0,DZ093,83000,-91000,83000,91000,83000,91000,1
91,84,7630,R0C0,DZ094,84000,-91000,84000,91000,84000,91000,1
92,20,7631,R0C0,EA023,20000,-92000,20000,92000,20000,92000,1
92,21,7632,R0C0,EA024,21000,-92000,21000,92000,21000,92000,1
92,22,7633,R0C0,EA025,22000,-92000,22000,92000,22000,92000,1
92,23,7634,R0C0,EA026,23000,-92000,23000,92000,23000,92000,1
92,24,7635,R0C0,EA027,24000,-92000,24000,92000,24000,92000,1
92,25,7636,R0C0,EA028,25000,-92000,25000,92000,25000,92000,1
92,26,7637,R0C0,EA029,26000,-92000,26000,92000,26000,92000,1
92,27,7638,R0C0,EA031,27000,-92000,27000,92000,27000,92000,1
92,28,7639,R0C0,EA032,28000,-92000,28000,92000,28000,92000,1
92,29,7640,R0C0,EA033,29000,-92000,29000,92000,29000,92000,1
92,30,7641,R0C0,EA034,30000,-92000,30000,92000,30000,92000,1
92,31,7642,R0C0,EA035,31000,-92000,31000,92000,31000,92000,1
92,32,7643,R0C0,EA036,32000,-92000,32000,92000,32000,92000,1
92,33,7644,R0C0,EA037,33000,-92000,33000,92000,33000,92000,1
92,34,7645,R0C0,EA038,34000,-92000,34000,92000,34000,92000,1
92,35,7646,R0C0,EA039,35000,-92000,35000,92000,35000,92000,1
92,36,7647,R0C0,EA041,36000,-92000,36000,92000,36000,92000,1
92,37,7648,R0C0,EA042,37000,-92000,37000,92000,37000,92000,1
92,38,7649,R0C0,EA043,38000,-92000,38000,92000,38000,92000,1
92,39,7650,R0C0,EA044,39000,-92000,39000,92000,39000,92000,1
92,40,7651,R0C0,EA045,40000,-92000,40000,92000,40000,92000,1
92,41,7652,R0C0,EA046,41000,-92000,41000,92000,41000,92000,1
92,42,7653,R0C0,EA047,42000,-92000,42000,92000,42000,92000,1
92,43,7654,R0C0,EA048,43000,-92000,43000,92000,43000,92000,1
92,44,7655,R0C0,EA049,44000,-92000,44000,92000,44000,92000,1
92,45,7656,R0C0,EA051,45000,-92000,45000,92000,45000,92000,1
92,46,7657,R0C0,EA052,46000,-92000,46000,92000,46000,92000,1
92,47,7658,R0C0,EA053,47000,-92000,47000,92000,47000,92000,1
92,48,7659,R0C0,EA054,48000,-92000,48000,92000,48000,92000,1
92,49,7660,R0C0,EA055,49000,-92000,49000,92000,49000,92000,1
92,50,7661,R0C0,EA056,50000,-92000,50000,92000,50000,92000,1
92,51,7662,R0C0,EA057,51000,-92000,51000,92000,51000,92000,1
92,52,7663,R0C0,EA058,52000,-92000,52000,92000,52000,92000,1
92,53,7664,R0C0,EA059,53000,-92000,53000,92000,53000,92000,1
92,54,7665,R0C0,EA061,54000,-92000,54000,92000,54000,92000,1
92,55,7666,R0C0,EA062,55000,-92000,55000,92000,55000,92000,1
92,56,7667,R0C0,EA063,56000,-92000,56000,92000,56000,92000,1
92,57,7668,R0C0,EA064,57000,-92000,57000,92000,57000,92000,1
92,58,7669,R0C0,EA065,58000,-92000,58000,92000,58000,92000,1
92,59,7670,R0C0,EA066,59000,-92000,59000,92000,59000,92000,1
92,60,7671,R0C0,EA067,60000,-92000,60000,92000,60000,92000,1
92,61,7672,R0C0,EA068,61000,-92000,61000,92000,61000,92000,1
92,62,7673,R0C0,EA069,62000,-92000,62000,92000,62000,92000,1
92,63,7674,R0C0,EA071,63000,-92000,63000,92000,63000,92000,1
92,64,7675,R0C0,EA072,64000,-92000,64000,92000,64000,92000,1
92,65,7676,R0C0,EA073,65000,-92000,65000,92000,65000,92000,1
92,66,7677,R0C0,EA074,66000,-92000,66000,92000,66000,92000,1
92,67,7678,R0C0,EA075,67000,-92000,67000,92000,67000,92000,1
92,68,7679,R0C0,EA076,68000,-92000,68000,92000,68000,92000,1
92,69,7680,R0C0,EA077,69000,-92000,69000,92000,69000,92000,1
92,70,7681,R0C0,EA078,70000,-92000,70000,92000,70000,92000,1
92,71,7682,R0C0,EA079,71000,-92000,71000,92000,71000,92000,1
92,72,7683,R0C0,EA081,72000,-92000,72000,92000,72000,92000,1
92,73,7684,R0C0,EA082,73000,-92000,73000,92000,73000,92000,1
92,74,7685,R0C0,EA083,74000,-92000,74000,92000,74000,92000,1
92,75,7686,R0C0,EA084,75000,-92000,75000,92000,75000,92000,1
92,76,7687,R0C0,EA085,76000,-92000,76000,92000,76000,92000,1
92,77,7688,R0C0,EA086,77000,-92000,77000,92000,77000,92000,1
92,78,7689,R0C0,EA087,78000,-92000,78000,92000,78000,92000,1
92,79,7690,R0C0,EA088,79000,-92000,79000,92000,79000,92000,1
92,80,7691,R0C0,EA089,80000,-92000,80000,92000,80000,92000,1
92,81,7692,R0C0,EA091,81000,-92000,81000,92000,81000,92000,1
92,82,7693,R0C0,EA092,82000,-92000,82000,92000,82000,92000,1
92,83,7694,R0C0,EA093,83000,-92000,83000,92000,83000,92000,1
92,84,7695,R0C0,EA094,84000,-92000,84000,92000,84000,92000,1
93,20,7696,R0C0,EB023,20000,-93000,20000,93000,20000,93000,1
93,21,7697,R0C0,EB024,21000,-93000,21000,93000,21000,93000,1
93,22,7698,R0C0,EB025,22000,-93000,22000,93000,22000,93000,1
93,23,7699,R0C0,EB026,23000,-93000,23000,93000,23000,93000,1
93,24,7700,R0C0,EB027,24000,-93000,24000,93000,24000,93000,1
93,25,7701,R0C0,EB028,25000,-93000,25000,93000,25000,93000,1
93,26,7702,R0C0,EB029,26000,-93000,26000,93000,26000,93000,1
93,27,7703,R0C0,EB031,27000,-93000,27000,93000,27000,93000,1
93,28,7704,R0C0,EB032,28000,-93000,28000,93000,28000,93000,1
93,29,7705,R0C0,EB033,29000,-93000,29000,93000,29000,93000,1
93,30,7706,R0C0,EB034,30000,-93000,30000,93000,30000,93000,1
93,31,7707,R0C0,EB035,31000,-93000,31000,93000,31000,93000,1
93,32,7708,R0C0,EB036,32000,-93000,32000,93000,32000,93000,1
93,33,7709,R0C0,EB037,33000,-93000,33000,93000,33000,93000,1
93,34,7710,R0C0,EB038,34000,-93000,34000,93000,34000,93000,1
93,35,7711,R0C0,EB039,35000,-93000,35000,93000,35000,93000,1
93,36,7712,R0C0,EB041,36000,-93000,36000,93000,36000,93000,1
93,37,7713,R0C0,EB042,37000,-93000,37000,93000,37000,93000,1
93,38,7714,R0C0,EB043,38000,-93000,38000,93000,38000,93000,1
93,39,7715,R0C0,EB044,39000,-93000,39000,93000,39000,93000,1
93,40,7716,R0C0,EB045,40000,-93000,40000,93000,40000,93000,1
93,41,7717,R0C0,EB046,41000,-93000,41000,93000,41000,93000,1
93,42,7718,R0C0,EB047,42000,-93000,42000,93000,42000,93000,1
93,43,7719,R0C0,EB048,43000,-93000,43000,93000,43000,93000,1
93,44,7720,R0C0,EB049,44000,-93000,44000,93000,44000,93000,1
93,45,7721,R0C0,EB051,45000,-93000,45000,93000,45000,93000,1
93,46,7722,R0C0,EB052,46000,-93000,46000,93000,46000,93000,1
93,47,7723,R0C0,EB053,47000,-93000,47000,93000,47000,93000,1
93,48,7724,R0C0,EB054,48000,-93000,48000,93000,48000,93000,1
93,49,7725,R0C0,EB055,49000,-93000,49000,93000,49000,93000,1
93,50,7726,R0C0,EB056,50000,-93000,50000,93000,50000,93000,1
93,51,7727,R0C0,EB057,51000,-93000,51000,93000,51000,93000,1
93,52,7728,R0C0,EB058,52000,-93000,52000,93000,52000,93000,1
93,53,7729,R0C0,EB059,53000,-93000,53000,93000,53000,93000,1
93,54,7730,R0C0,EB061,54000,-93000,54000,93000,54000,93000,1
93,55,7731,R0C0,EB062,55000,-93000,55000,93000,55000,93000,1
93,56,7732,R0C0,EB063,56000,-93000,56000,93000,56000,93000,1
93,57,7733,R0C0,EB064,57000,-93000,57000,93000,57000,93000,1
93,58,7734,R0C0,EB065,58000,-93000,58000,93000,58000,93000,1
93,59,7735,R0C0,EB066,59000,-93000,59000,93000,59000,93000,1
93,60,7736,R0C0,EB067,60000,-93000,60000,93000,60000,93000,1
93,61,7737,R0C0,EB068,61000,-93000,61000,93000,61000,93000,1
93,62,7738,R0C0,EB069,62000,-93000,62000,93000,62000,93000,1
93,63,7739,R0C0,EB071,63000,-93000,63000,93000,63000,93000,1
93,64,7740,R0C0,EB072,64000,-93000,64000,93000,64000,93000,1
93,65,7741,R0C0,EB073,65000,-93000,65000,93000,65000,93000,1
93,66,7742,R0C0,EB074,66000,-93000,66000,93000,66000,93000,1
93,67,7743,R0C0,EB075,67000,-93000,67000,93000,67000,93000,1
93,68,7744,R0C0,EB076,68000,-93000,68000,93000,68000,93000,1
93,69,7745,R0C0,EB077,69000,-93000,69000,93000,69000,93000,1
93,70,7746,R0C0,EB078,70000,-93000,70000,93000,70000,93000,1
93,71,7747,R0C0,EB079,71000,-93000,71000,93000,71000,93000,1
93,72,7748,R0C0,EB081,72000,-93000,72000,93000,72000,93000,1
93,73,7749,R0C0,EB082,73000,-93000,73000,93000,73000,93000,1
93,74,7750,R0C0,EB083,74000,-93000,74000,93000,74000,93000,1
93,75,7751,R0C0,EB084,75000,-93000,75000,93000,75000,93000,1
93,76,7752,R0C0,EB085,76000,-93000,76000,93000,76000,93000,1
93,77,7753,R0C0,EB086,77000,-93000,77000,93000,77000,93000,1
93,78,7754,R0C0,EB087,78000,-93000,78000,93000,78000,93000,1
93,79,7755,R0C0,EB088,79000,-93000,79000,93000,79000,93000,1
93,80,7756,R0C0,EB089,80000,-93000,80000,93000,80000,93000,1
93,81,7757,R0C0,EB091,81000,-93000,81000,93000,81000,93000,1
93,82,7758,R0C0,EB092,82000,-93000,82000,93000,82000,93000,1
93,83,7759,R0C0,EB093,83000,-93000,83000,93000,83000,93000,1
93,84,7760,R0C0,EB094,84000,-93000,84000,93000,84000,93000,1
94,20,7761,R0C0,EC023,20000,-94000,20000,94000,20000,94000,1
94,21,7762,R0C0,EC024,21000,-94000,21000,94000,21000,94000,1
94,22,7763,R0C0,EC025,22000,-94000,22000,94000,22000,94000,1
94,23,7764,R0C0,EC026,23000,-94000,23000,94000,23000,94000,1
94,24,7765,R0C0,EC027,24000,-94000,24000,94000,24000,94000,1
94,25,7766,R0C0,EC028,25000,-94000,25000,94000,25000,94000,1
94,26,7767,R0C0,EC029,26000,-94000,26000,94000,26000,94000,1
94,27,7768,R0C0,EC031,27000,-94000,27000,94000,27000,94000,1
94,28,7769,R0C0,EC032,28000,-94000,28000,94000,28000,94000,1
94,29,7770,R0C0,EC033,29000,-94000,29000,94000,29000,94000,1
94,30,7771,R0C0,EC034,30000,-94000,30000,94000,30000,94000,1
94,31,7772,R0C0,EC035,31000,-94000,31000,94000,31000,94000,1
94,32,7773,R0C0,EC036,32000,-94000,32000,94000,32000,94000,1
94,33,7774,R0C0,EC037,33000,-94000,33000,94000,33000,94000,1
94,34,7775,R0C0,EC038,34000,-94000,34000,94000,34000,94000,1
94,35,7776,R0C0,EC039,35000,-94000,35000,94000,35000,94000,1
94,36,7777,R0C0,EC041,36000,-94000,36000,94000,36000,94000,1
94,37,7778,R0C0,EC042,37000,-94000,37000,94000,37000,94000,1
94,38,7779,R0C0,EC043,38000,-94000,38000,94000,38000,94000,1
94,39,7780,R0C0,EC044,39000,-94000,39000,94000,39000,94000,1
94,40,7781,R0C0,EC045,40000,-94000,40000,94000,40000,94000,1
94,41,7782,R0C0,EC046,41000,-94000,41000,94000,41000,94000,1
94,42,7783,R0C0,EC047,42000,-94000,42000,94000,42000,94000,1
94,43,7784,R0C0,EC048,43000,-94000,43000,94000,43000,94000,1
94,44,7785,R0C0,EC049,44000,-94000,44000,94000,44000,94000,1
94,45,7786,R0C0,EC051,45000,-94000,45000,94000,45000,94000,1
94,46,7787,R0C0,EC052,46000,-94000,46000,94000,46000,94000,1
94,47,7788,R0C0,EC053,47000,-94000,47000,94000,47000,94000,1
94,48,7789,R0C0,EC054,48000,-94000,48000,94000,48000,94000,1
94,49,7790,R0C0,EC055,49000,-94000,49000,94000,49000,94000,1
94,50,7791,R0C0,EC056,50000,-94000,50000,94000,50000,94000,1
94,51,7792,R0C0,EC057,51000,-94000,51000,94000,51000,94000,1
94,52,7793,R0C0,EC058,52000,-94000,52000,94000,52000,94000,1
94,53,7794,R0C0,EC059,53000,-94000,53000,94000,53000,94000,1
94,54,7795,R0C0,EC061,54000,-94000,54000,94000,54000,94000,1
94,55,7796,R0C0,EC062,55000,-94000,55000,94000,55000,94000,1
94,56,7797,R0C0,EC063,56000,-94000,56000,94000,56000,94000,1
94,57,7798,R0C0,EC064,57000,-94000,57000,94000,57000,94000,1
94,58,7799,R0C0,EC065,58000,-94000,58000,94000,58000,94000,1
94,59,7800,R0C0,EC066,59000,-94000,59000,94000,59000,94000,1
94,60,7801,R0C0,EC067,60000,-94000,60000,94000,60000,94000,1
94,61,7802,R0C0,EC068,61000,-94000,61000,94000,61000,94000,1
94,62,7803,R0C0,EC069,62000,-94000,62000,94000,62000,94000,1
94,63,7804,R0C0,EC071,63000,-94000,63000,94000,63000,94000,1
94,64,7805,R0C0,EC072,64000,-94000,64000,94000,64000,94000,1
94,65,7806,R0C0,EC073,65000,-94000,65000,94000,65000,94000,1
94,66,7807,R0C0,EC074,66000,-94000,66000,94000,66000,94000,1
94,67,7808,R0C0,EC075,67000,-94000,67000,94000,67000,94000,1
94,68,7809,R0C0,EC076,68000,-94000,68000,94000,68000,94000,1
94,69,7810,R0C0,EC077,69000,-94000,69000,94000,69000,94000,1
94,70,7811,R0C0,EC078,70000,-94000,70000,94000,70000,94000,1
94,71,7812,R0C0,EC079,71000,-94000,71000,94000,71000,94000,1
94,72,7813,R0C0,EC081,72000,-94000,72000,94000,72000,94000,1
94,73,7814,R0C0,EC082,73000,-94000,73000,94000,73000,94000,1
94,74,7815,R0C0,EC083,74000,-94000,74000,94000,74000,94000,1
94,75,7816,R0C0,EC084,75000,-94000,75000,94000,75000,94000,1
94,76,7817,R0C0,EC085,76000,-94000,76000,94000,76000,94000,1
94,77,7818,R0C0,EC086,77000,-94000,77000,94000,77000,94000,1
94,78,7819,R0C0,EC087,78000,-94000,78000,94000,78000,94000,1
94,79,7820,R0C0,EC088,79000,-94000,79000,94000,79000,94000,1
94,80,7821,R0C0,EC089,80000,-94000,80000,94000,80000,94000,1
94,81,7822,R0C0,EC091,81000,-94000,81000,94000,81000,94000,1
94,82,7823,R0C0,EC092,82000,-94000,82000,94000,82000,94000,1
94,83,7824,R0C0,EC093,83000,-94000,83000,94000,83000,94000,1
94,84,7825,R0C0,EC094,84000,-94000,84000,94000,84000,94000,1
95,30,7826,R0C0,ED034,30000,-95000,30000,95000,30000,95000,1
95,31,7827,R0C0,ED035,31000,-95000,31000,95000,31000,95000,1
95,32,7828,R0C0,ED036,32000,-95000,32000,95000,32000,95000,1
95,33,7829,R0C0,ED037,33000,-95000,33000,95000,33000,95000,1
95,34,7830,R0C0,ED038,34000,-95000,34000,95000,34000,95000,1
95,35,7831,R0C0,ED039,35000,-95000,35000,95000,35000,95000,1
95,36,7832,R0C0,ED041,36000,-95000,36000,95000,36000,95000,1
95,37,7833,R0C0,ED042,37000,-95000,37000,95000,37000,95000,1
95,38,7834,R0C0,ED043,38000,-95000,38000,95000,38000,95000,1
95,39,7835,R0C0,ED044,39000,-95000,39000,95000,39000,95000,1
95,40,7836,R0C0,ED045,40000,-95000,40000,95000,40000,95000,1
95,41,7837,R0C0,ED046,41000,-95000,41000,95000,41000,95000,1
95,42,7838,R0C0,ED047,42000,-95000,42000,95000,42000,95000,1
95,43,7839,R0C0,ED048,43000,-95000,43000,95000,43000,95000,1
95,44,7840,R0C0,ED049,44000,-95000,44000,95000,44000,95000,1
95,45,7841,R0C0,ED051,45000,-95000,45000,95000,45000,95000,1
95,46,7842,R0C0,ED052,46000,-95000,46000,95000,46000,95000,1
95,47,7843,R0C0,ED053,47000,-95000,47000,95000,47000,95000,1
95,48,7844,R0C0,ED054,48000,-95000,48000,95000,48000,95000,1
95,49,7845,R0C0,ED055,49000,-95000,49000,95000,49000,95000,1
95,50,7846,R0C0,ED056,50000,-95000,50000,95000,50000,95000,1
95,51,7847,R0C0,ED057,51000,-95000,51000,95000,51000,95000,1
95,52,7848,R0C0,ED058,52000,-95000,52000,95000,52000,95000,1
95,53,7849,R0C0,ED059,53000,-95000,53000,95000,53000,95000,1
95,54,7850,R0C0,ED061,54000,-95000,54000,95000,54000,95000,1
95,55,7851,R0C0,ED062,55000,-95000,55000,95000,55000,95000,1
95,56,7852,R0C0,ED063,56000,-95000,56000,95000,56000,95000,1
95,57,7853,R0C0,ED064,57000,-95000,57000,95000,57000,95000,1
95,58,7854,R0C0,ED065,58000,-95000,58000,95000,58000,95000,1
95,59,7855,R0C0,ED066,59000,-95000,59000,95000,59000,95000,1
95,60,7856,R0C0,ED067,60000,-95000,60000,95000,60000,95000,1
95,61,7857,R0C0,ED068,61000,-95000,61000,95000,61000,95000,1
95,62,7858,R0C0,ED069,62000,-95000,62000,95000,62000,95000,1
95,63,7859,R0C0,ED071,63000,-95000,63000,95000,63000,95000,1
95,64,7860,R0C0,ED072,64000,-95000,64000,95000,64000,95000,1
95,65,7861,R0C0,ED073,65000,-95000,65000,95000,65000,95000,1
95,66,7862,R0C0,ED074,66000,-95000,66000,95000,66000,95000,1
95,67,7863,R0C0,ED075,67000,-95000,67000,95000,67000,95000,1
95,68,7864,R0C0,ED076,68000,-95000,68000,95000,68000,95000,1
95,69,7865,R0C0,ED077,69000,-95000,69000,95000,69000,95000,1
95,70,7866,R0C0,ED078,70000,-95000,70000,95000,70000,95000,1
95,71,7867,R0C0,ED079,71000,-95000,71000,95000,71000,95000,1
95,72,7868,R0C0,ED081,72000,-95000,72000,95000,72000,95000,1
95,73,7869,R0C0,ED082,73000,-95000,73000,95000,73000,95000,1
95,74,7870,R0C0,ED083,74000,-95000,74000,95000,74000,95000,1
96,30,7871,R0C0,EE034,30000,-96000,30000,96000,30000,96000,1
96,31,7872,R0C0,EE035,31000,-96000,31000,96000,31000,96000,1
96,32,7873,R0C0,EE036,32000,-96000,32000,96000,32000,96000,1
96,33,7874,R0C0,EE037,33000,-96000,33000,96000,33000,96000,1
96,34,7875,R0C0,EE038,34000,-96000,34000,96000,34000,96000,1
96,35,7876,R0C0,EE039,35000,-96000,35000,96000,35000,96000,1
96,36,7877,R0C0,EE041,36000,-96000,36000,96000,36000,96000,1
96,37,7878,R0C0,EE042,37000,-96000,37000,96000,37000,96000,1
96,38,7879,R0C0,EE043,38000,-96000,38000,96000,38000,96000,1
96,39,7880,R0C0,EE044,39000,-96000,39000,96000,39000,96000,1
96,40,7881,R0C0,EE045,40000,-96000,40000,96000,40000,96000,1
96,41,7882,R0C0,EE046,41000,-96000,41000,96000,41000,96000,1
96,42,7883,R0C0,EE047,42000,-96000,42000,96000,42000,96000,1
96,43,7884,R0C0,EE048,43000,-96000,43000,96000,43000,96000,1
96,44,7885,R0C0,EE049,44000,-96000,44000,96000,44000,96000,1
96,45,7886,R0C0,EE051,45000,-96000,45000,96000,45000,96000,1
96,46,7887,R0C0,EE052,46000,-96000,46000,96000,46000,96000,1
96,47,7888,R0C0,EE053,47000,-96000,47000,96000,47000,96000,1
96,48,7889,R0C0,EE054,48000,-96000,48000,96000,48000,96000,1
96,49,7890,R0C0,EE055,49000,-96000,49000,96000,49000,96000,1
96,50,7891,R0C0,EE056,50000,-96000,50000,96000,50000,96000,1
96,51,7892,R0C0,EE057,51000,-96000,51000,96000,51000,96000,1
96,52,7893,R0C0,EE058,52000,-96000,52000,96000,52000,96000,1
96,53,7894,R0C0,EE059,53000,-96000,53000,96000,53000,96000,1
96,54,7895,R0C0,EE061,54000,-96000,54000,96000,54000,96000,1
96,55,7896,R0C0,EE062,55000,-96000,55000,96000,55000,96000,1
96,56,7897,R0C0,EE063,56000,-96000,56000,96000,56000,96000,1
96,57,7898,R0C0,EE064,57000,-96000,57000,96000,57000,96000,1
96,58,7899,R0C0,EE065,58000,-96000,58000,96000,58000,96000,1
96,59,7900,R0C0,EE066,59000,-96000,59000,96000,59000,96000,1
96,60,7901,R0C0,EE067,60000,-96000,60000,96000,60000,96000,1
96,61,7902,R0C0,EE068,61000,-96000,61000,96000,61000,96000,1
96,62,7903,R0C0,EE069,62000,-96000,62000,96000,62000,96000,1
96,63,7904,R0C0,EE071,63000,-96000,63000,96000,63000,96000,1
96,64,7905,R0C0,EE072,64000,-96000,64000,96000,64000,96000,1
96,65,7906,R0C0,EE073,65000,-96000,65000,96000,65000,96000,1
96,66,7907,R0C0,EE074,66000,-96000,66000,96000,66000,96000,1
96,67,7908,R0C0,EE075,67000,-96000,67000,96000,67000,96000,1
96,68,7909,R0C0,EE076,68000,-96000,68000,96000,68000,96000,1
96,69,7910,R0C0,EE077,69000,-96000,69000,96000,69000,96000,1
96,70,7911,R0C0,EE078,70000,-96000,70000,96000,70000,96000,1
96,71,7912,R0C0,EE079,71000,-96000,71000,96000,71000,96000,1
96,72,7913,R0C0,EE081,72000,-96000,72000,96000,72000,96000,1
96,73,7914,R0C0,EE082,73000,-96000,73000,96000,73000,96000,1
96,74,7915,R0C0,EE083,74000,-96000,74000,96000,74000,96000,1
97,30,7916,R0C0,EF034,30000,-97000,30000,97000,30000,97000,1
97,31,7917,R0C0,EF035,31000,-97000,31000,97000,31000,97000,1
97,32,7918,R0C0,EF036,32000,-97000,32000,97000,32000,97000,1
97,33,7919,R0C0,EF037,33000,-97000,33000,97000,33000,97000,1
97,34,7920,R0C0,EF038,34000,-97000,34000,97000,34000,97000,1
97,35,7921,R0C0,EF039,35000,-97000,35000,97000,35000,97000,1
97,36,7922,R0C0,EF041,36000,-97000,36000,97000,36000,97000,1
97,37,7923,R0C0,EF042,37000,-97000,37000,97000,37000,97000,1
97,38,7924,R0C0,EF043,38000,-97000,38000,97000,38000,97000,1
97,39,7925,R0C0,EF044,39000,-97000,39000,97000,39000,97000,1
97,40,7926,R0C0,EF045,40000,-97000,40000,97000,40000,97000,1
97,41,7927,R0C0,EF046,41000,-97000,41000,97000,41000,97000,1
97,42,7928,R0C0,EF047,42000,-97000,42000,97000,42000,97000,1
97,43,7929,R0C0,EF048,43000,-97000,43000,97000,43000,97000,1
97,44,7930,R0C0,EF049,44000,-97000,44000,97000,44000,97000,1
97,45,7931,R0C0,EF051,45000,-97000,45000,97000,45000,97000,1
97,46,7932,R0C0,EF052,46000,-97000,46000,97000,46000,97000,1
97,47,7933,R0C0,EF053,47000,-97000,47000,97000,47000,97000,1
97,48,7934,R0C0,EF054,48000,-97000,48000,97000,48000,97000,1
97,49,7935,R0C0,EF055,49000,-97000,49000,97000,49000,97000,1
97,50,7936,R0C0,EF056,50000,-97000,50000,97000,50000,97000,1
97,51,7937,R0C0,EF057,51000,-97000,51000,97000,51000,97000,1
97,52,7938,R0C0,EF058,52000,-97000,52000,97000,52000,97000,1
97,53,7939,R0C0,EF059,53000,-97000,53000,97000,53000,97000,1
97,54,7940,R0C0,EF061,54000,-97000,54000,97000,54000,97000,1
97,55,7941,R0C0,EF062,55000,-97000,55000,97000,55000,97000,1
97,56,7942,R0C0,EF063,56000,-97000,56000,97000,56000,97000,1
97,57,7943,R0C0,EF064,57000,-97000,57000,97000,57000,97000,1
97,58,7944,R0C0,EF065,58000,-97000,58000,97000,58000,97000,1
97,59,7945,R0C0,EF066,59000,-97000,59000,97000,59000,97000,1
97,60,7946,R0C0,EF067,60000,-97000,60000,97000,60000,97000,1
97,61,7947,R0C0,EF068,61000,-97000,61000,97000,61000,97000,1
97,62,7948,R0C0,EF069,62000,-97000,62000,97000,62000,97000,1
97,63,7949,R0C0,EF071,63000,-97000,63000,97000,63000,97000,1
97,64,7950,R0C0,EF072,64000,-97000,64000,97000,64000,97000,1
97,65,7951,R0C0,EF073,65000,-97000,65000,97000,65000,97000,1
97,66,7952,R0C0,EF074,66000,-97000,66000,97000,66000,97000,1
97,67,7953,R0C0,EF075,67000,-97000,67000,97000,67000,97000,1
97,68,7954,R0C0,EF076,68000,-97000,68000,97000,68000,97000,1
97,69,7955,R0C0,EF077,69000,-97000,69000,97000,69000,97000,1
97,70,7956,R0C0,EF078,70000,-97000,70000,97000,70000,97000,1
97,71,7957,R0C0,EF079,71000,-97000,71000,97000,71000,97000,1
97,72,7958,R0C0,EF081,72000,-97000,72000,97000,72000,97000,1
97,73,7959,R0C0,EF082,73000,-97000,73000,97000,73000,97000,1
97,74,7960,R0C0,EF083,74000,-97000,74000,97000,74000,97000,1
98,30,7961,R0C0,EG034,30000,-98000,30000,98000,30000,98000,1
98,31,7962,R0C0,EG035,31000,-98000,31000,98000,31000,98000,1
98,32,7963,R0C0,EG036,32000,-98000,32000,98000,32000,98000,1
98,33,7964,R0C0,EG037,33000,-98000,33000,98000,33000,98000,1
98,34,7965,R0C0,EG038,34000,-98000,34000,98000,34000,98000,1
98,35,7966,R0C0,EG039,35000,-98000,35000,98000,35000,98000,1
98,36,7967,R0C0,EG041,36000,-98000,36000,98000,36000,98000,1
98,37,7968,R0C0,EG042,37000,-98000,37000,98000,37000,98000,1
98,38,7969,R0C0,EG043,38000,-98000,38000,98000,38000,98000,1
98,39,7970,R0C0,EG044,39000,-98000,39000,98000,39000,98000,1
98,40,7971,R0C0,EG045,40000,-98000,40000,98000,40000,98000,1
98,41,7972,R0C0,EG046,41000,-98000,41000,98000,41000,98000,1
98,42,7973,R0C0,EG047,42000,-98000,42000,98000,42000,98000,1
98,43,7974,R0C0,EG048,43000,-98000,43000,98000,43000,98000,1
98,44,7975,R0C0,EG049,44000,-98000,44000,98000,44000,98000,1
98,45,7976,R0C0,EG051,45000,-98000,45000,98000,45000,98000,1
98,46,7977,R0C0,EG052,46000,-98000,46000,98000,46000,98000,1
98,47,7978,R0C0,EG053,47000,-98000,47000,98000,47000,98000,1
98,48,7979,R0C0,EG054,48000,-98000,48000,98000,48000,98000,1
98,49,7980,R0C0,EG055,49000,-98000,49000,98000,49000,98000,1
98,50,7981,R0C0,EG056,50000,-98000,50000,98000,50000,98000,1
98,51,7982,R0C0,EG057,51000,-98000,51000,98000,51000,98000,1
98,52,7983,R0C0,EG058,52000,-98000,52000,98000,52000,98000,1
98,53,7984,R0C0,EG059,53000,-98000,53000,98000,53000,98000,1
98,54,7985,R0C0,EG061,54000,-98000,54000,98000,54000,98000,1
98,55,7986,R0C0,EG062,55000,-98000,55000,98000,55000,98000,1
98,56,7987,R0C0,EG063,56000,-98000,56000,98000,56000,98000,1
98,57,7988,R0C0,EG064,57000,-98000,57000,98000,57000,98000,1
98,58,7989,R0C0,EG065,58000,-98000,58000,98000,58000,98000,1
98,59,7990,R0C0,EG066,59000,-98000,59000,98000,59000,98000,1
98,60,7991,R0C0,EG067,60000,-98000,60000,98000,60000,98000,1
98,61,7992,R0C0,EG068,61000,-98000,61000,98000,61000,98000,1
98,62,7993,R0C0,EG069,62000,-98000,62000,98000,62000,98000,1
98,63,7994,R0C0,EG071,63000,-98000,63000,98000,63000,98000,1
98,64,7995,R0C0,EG072,64000,-98000,64000,98000,64000,98000,1
98,65,7996,R0C0,EG073,65000,-98000,65000,98000,65000,98000,1
98,66,7997,R0C0,EG074,66000,-98000,66000,98000,66000,98000,1
98,67,7998,R0C0,EG075,67000,-98000,67000,98000,67000,98000,1
98,68,7999,R0C0,EG076,68000,-98000,68000,98000,68000,98000,1
98,69,8000,R0C0,EG077,69000,-98000,69000,98000,69000,98000,1
98,70,8001,R0C0,EG078,70000,-98000,70000,98000,70000,98000,1
98,71,8002,R0C0,EG079,71000,-98000,71000,98000,71000,98000,1
98,72,8003,R0C0,EG081,72000,-98000,72000,98000,72000,98000,1
98,73,8004,R0C0,EG082,73000,-98000,73000,98000,73000,98000,1
98,74,8005,R0C0,EG083,74000,-98000,74000,98000,74000,98000,1
99,30,8006,R0C0,EH034,30000,-99000,30000,99000,30000,99000,1
99,31,8007,R0C0,EH035,31000,-99000,31000,99000,31000,99000,1
99,32,8008,R0C0,EH036,32000,-99000,32000,99000,32000,99000,1
99,33,8009,R0C0,EH037,33000,-99000,33000,99000,33000,99000,1
99,34,8010,R0C0,EH038,34000,-99000,34000,99000,34000,99000,1
99,35,8011,R0C0,EH039,35000,-99000,35000,99000,35000,99000,1
99,36,8012,R0C0,EH041,36000,-99000,36000,99000,36000,99000,1
99,37,8013,R0C0,EH042,37000,-99000,37000,99000,37000,99000,1
99,38,8014,R0C0,EH043,38000,-99000,38000,99000,38000,99000,1
99,39,8015,R0C0,EH044,39000,-99000,39000,99000,39000,99000,1
99,40,8016,R0C0,EH045,40000,-99000,40000,99000,40000,99000,1
99,41,8017,R0C0,EH046,41000,-99000,41000,99000,41000,99000,1
99,42,8018,R0C0,EH047,42000,-99000,42000,99000,42000,99000,1
99,43,8019,R0C0,EH048,43000,-99000,43000,99000,43000,99000,1
99,44,8020,R0C0,EH049,44000,-99000,44000,99000,44000,99000,1
99,45,8021,R0C0,EH051,45000,-99000,45000,99000,45000,99000,1
99,46,8022,R0C0,EH052,46000,-99000,46000,99000,46000,99000,1
99,47,8023,R0C0,EH053,47000,-99000,47000,99000,47000,99000,1
99,48,8024,R0C0,EH054,48000,-99000,48000,99000,48000,99000,1
99,49,8025,R0C0,EH055,49000,-99000,49000,99000,49000,99000,1
99,50,8026,R0C0,EH056,50000,-99000,50000,99000,50000,99000,1
99,51,8027,R0C0,EH057,51000,-99000,51000,99000,51000,99000,1
99,52,8028,R0C0,EH058,52000,-99000,52000,99000,52000,99000,1
99,53,8029,R0C0,EH059,53000,-99000,53000,99000,53000,99000,1
99,54,8030,R0C0,EH061,54000,-99000,54000,99000,54000,99000,1
99,55,8031,R0C0,EH062,55000,-99000,55000,99000,55000,99000,1
99,56,8032,R0C0,EH063,56000,-99000,56000,99000,56000,99000,1
99,57,8033,R0C0,EH064,57000,-99000,57000,99000,57000,99000,1
99,58,8034,R0C0,EH065,58000,-99000,58000,99000,58000,99000,1
99,59,8035,R0C0,EH066,59000,-99000,59000,99000,59000,99000,1
99,60,8036,R0C0,EH067,60000,-99000,60000,99000,60000,99000,1
99,61,8037,R0C0,EH068,61000,-99000,61000,99000,61000,99000,1
99,62,8038,R0C0,EH069,62000,-99000,62000,99000,62000,99000,1
99,63,8039,R0C0,EH071,63000,-99000,63000,99000,63000,99000,1
99,64,8040,R0C0,EH072,64000,-99000,64000,99000,64000,99000,1
99,65,8041,R0C0,EH073,65000,-99000,65000,99000,65000,99000,1
99,66,8042,R0C0,EH074,66000,-99000,66000,99000,66000,99000,1
99,67,8043,R0C0,EH075,67000,-99000,67000,99000,67000,99000,1
99,68,8044,R0C0,EH076,68000,-99000,68000,99000,68000,99000,1
99,69,8045,R0C0,EH077,69000,-99000,69000,99000,69000,99000,1
99,70,8046,R0C0,EH078,70000,-99000,70000,99000,70000,99000,1
99,71,8047,R0C0,EH079,71000,-99000,71000,99000,71000,99000,1
99,72,8048,R0C0,EH081,72000,-99000,72000,99000,72000,99000,1
99,73,8049,R0C0,EH082,73000,-99000,73000,99000,73000,99000,1
99,74,8050,R0C0,EH083,74000,-99000,74000,99000,74000,99000,1
100,45,8051,R0C0,EJ051,45000,-100000,45000,100000,45000,100000,1
100,46,8052,R0C0,EJ052,46000,-100000,46000,100000,46000,100000,1
100,47,8053,R0C0,EJ053,47000,-100000,47000,100000,47000,100000,1
100,48,8054,R0C0,EJ054,48000,-100000,48000,100000,48000,100000,1
100,49,8055,R0C0,EJ055,49000,-100000,49000,100000,49000,100000,1
100,50,8056,R0C0,EJ056,50000,-100000,50000,100000,50000,100000,1
100,51,8057,R0C0,EJ057,51000,-100000,51000,100000,51000,100000,1
100,52,8058,R0C0,EJ058,52000,-100000,52000,100000,52000,100000,1
100,53,8059,R0C0,EJ059,53000,-100000,53000,100000,53000,100000,1
100,54,8060,R0C0,EJ061,54000,-100000,54000,100000,54000,100000,1
100,55,8061,R0C0,EJ062,55000,-100000,55000,100000,55000,100000,1
100,56,8062,R0C0,EJ063,56000,-100000,56000,100000,56000,100000,1
100,57,8063,R0C0,EJ064,57000,-100000,57000,100000,57000,100000,1
100,58,8064,R0C0,EJ065,58000,-100000,58000,100000,58000,100000,1
100,59,8065,R0C0,EJ066,59000,-100000,59000,100000,59000,100000,1
101,45,8066,R0C0,EK051,45000,-101000,45000,101000,45000,101000,1
101,46,8067,R0C0,EK052,46000,-101000,46000,101000,46000,101000,1
101,47,8068,R0C0,EK053,47000,-101000,47000,101000,47000,101000,1
101,48,8069,R0C0,EK054,48000,-101000,48000,101000,48000,101000,1
101,49,8070,R0C0,EK055,49000,-101000,49000,101000,49000,101000,1
101,50,8071,R0C0,EK056,50000,-101000,50000,101000,50000,101000,1
101,51,8072,R0C0,EK057,51000,-101000,51000,101000,51000,101000,1
101,52,8073,R0C0,EK058,52000,-101000,52000,101000,52000,101000,1
101,53,8074,R0C0,EK059,53000,-101000,53000,101000,53000,101000,1
101,54,8075,R0C0,EK061,54000,-101000,54000,101000,54000,101000,1
101,55,8076,R0C0,EK062,55000,-101000,55000,101000,55000,101000,1
101,56,8077,R0C0,EK063,56000,-101000,56000,101000,56000,101000,1
101,57,8078,R0C0,EK064,57000,-101000,57000,101000,57000,101000,1
101,58,8079,R0C0,EK065,58000,-101000,58000,101000,58000,101000,1
101,59,8080,R0C0,EK066,59000,-101000,59000,101000,59000,101000,1
102,45,8081,R0C0,EL051,45000,-102000,45000,102000,45000,102000,1
102,46,8082,R0C0,EL052,46000,-102000,46000,102000,46000,102000,1
102,47,8083,R0C0,EL053,47000,-102000,47000,102000,47000,102000,1
102,48,8084,R0C0,EL054,48000,-102000,48000,102000,48000,102000,1
102,49,8085,R0C0,EL055,49000,-102000,49000,102000,49000,102000,1
102,50,8086,R0C0,EL056,50000,-102000,50000,102000,50000,102000,1
102,51,8087,R0C0,EL057,51000,-102000,51000,102000,51000,102000,1
102,52,8088,R0C0,EL058,52000,-102000,52000,102000,52000,102000,1
102,53,8089,R0C0,EL059,53000,-102000,53000,102000,53000,102000,1
102,54,8090,R0C0,EL061,54000,-102000,54000,102000,54000,102000,1
102,55,8091,R0C0,EL062,55000,-102000,55000,102000,55000,102000,1
102,56,8092,R0C0,EL063,56000,-102000,56000,102000,56000,102000,1
102,57,8093,R0C0,EL064,57000,-102000,57000,102000,57000,102000,1
102,58,8094,R0C0,EL065,58000,-102000,58000,102000,58000,102000,1
102,59,8095,R0C0,EL066,59000,-102000,59000,102000,59000,102000,1
103,45,8096,R0C0,EM051,45000,-103000,45000,103000,45000,103000,1
103,46,8097,R0C0,EM052,46000,-103000,46000,103000,46000,103000,1
103,47,8098,R0C0,EM053,47000,-103000,47000,103000,47000,103000,1
103,48,8099,R0C0,EM054,48000,-103000,48000,103000,48000,103000,1
103,49,8100,R0C0,EM055,49000,-103000,49000,103000,49000,103000,1
103,50,8101,R0C0,EM056,50000,-103000,50000,103000,50000,103000,1
103,51,8102,R0C0,EM057,51000,-103000,51000,103000,51000,103000,1
103,52,8103,R0C0,EM058,52000,-103000,52000,103000,52000,103000,1
103,53,8104,R0C0,EM059,53000,-103000,53000,103000,53000,103000,1
103,54,8105,R0C0,EM061,54000,-103000,54000,103000,54000,103000,1
103,55,8106,R0C0,EM062,55000,-103000,55000,103000,55000,103000,1
103,56,8107,R0C0,EM063,56000,-103000,56000,103000,56000,103000,1
103,57,8108,R0C0,EM064,57000,-103000,57000,103000,57000,103000,1
103,58,8109,R0C0,EM065,58000,-103000,58000,103000,58000,103000,1
103,59,8110,R0C0,EM066,59000,-103000,59000,103000,59000,103000,1
104,45,8111,R0C0,EN051,45000,-104000,45000,104000,45000,104000,1
104,46,8112,R0C0,EN052,46000,-104000,46000,104000,46000,104000,1
104,47,8113,R0C0,EN053,47000,-104000,47000,104000,47000,104000,1
104,48,8114,R0C0,EN054,48000,-104000,48000,104000,48000,104000,1
104,49,8115,R0C0,EN055,49000,-104000,49000,104000,49000,104000,1
104,50,8116,R0C0,EN056,50000,-104000,50000,104000,50000,104000,1
104,51,8117,R0C0,EN057,51000,-104000,51000,104000,51000,104000,1
104,52,8118,R0C0,EN058,52000,-104000,52000,104000,52000,104000,1
104,53,8119,R0C0,EN059,53000,-104000,53000,104000,53000,104000,1
104,54,8120,R0C0,EN061,54000,-104000,54000,104000,54000,104000,1
104,55,8121,R0C0,EN062,55000,-104000,55000,104000,55000,104000,1
104,56,8122,R0C0,EN063,56000,-104000,56000,104000,56000,104000,1
104,57,8123,R0C0,EN064,57000,-104000,57000,104000,57000,104000,1
104,58,8124,R0C0,EN065,58000,-104000,58000,104000,58000,104000,1
104,59,8125,R0C0,EN066,59000,-104000,59000,104000,59000,104000,1
