row,col,x_die,y_die,raw_q
-65,-1,-1,-65,QY-065X-001
-65,0,0,-65,QY-065X0000
-65,1,1,-65,QY-065X0001
-65,2,2,-65,QY-065X0002
-65,3,3,-65,QY-065X0003
-65,4,4,-65,QY-065X0004
-65,5,5,-65,QY-065X0005
-65,6,6,-65,QY-065X0006
-65,7,7,-65,QY-065X0007
-65,8,8,-65,QY-065X0008
-65,9,9,-65,QY-065X0009
-65,10,10,-65,QY-065X0010
-65,11,11,-65,QY-065X0011
-64,17,17,-64,QY-064X0017
-64,16,16,-64,QY-064X0016
-64,15,15,-64,QY-064X0015
-64,14,14,-64,QY-064X0014
-64,13,13,-64,QY-064X0013
-64,12,12,-64,QY-064X0012
-64,11,11,-64,QY-064X0011
-64,10,10,-64,QY-064X0010
-64,9,9,-64,QY-064X0009
-64,8,8,-64,QY-064X0008
-64,7,7,-64,QY-064X0007
-64,6,6,-64,QY-064X0006
-64,5,5,-64,QY-064X0005
-64,4,4,-64,QY-064X0004
-64,3,3,-64,QY-064X0003
-64,2,2,-64,QY-064X0002
-64,1,1,-64,QY-064X0001
-64,0,0,-64,QY-064X0000
-64,-1,-1,-64,QY-064X-001
-64,-2,-2,-64,QY-064X-002
-64,-3,-3,-64,QY-064X-003
-64,-4,-4,-64,QY-064X-004
-64,-5,-5,-64,QY-064X-005
-64,-6,-6,-64,QY-064X-006
-64,-7,-7,-64,QY-064X-007
-63,-12,-12,-63,QY-063X-012
-63,-11,-11,-63,QY-063X-011
-63,-10,-10,-63,QY-063X-010
-63,-9,-9,-63,QY-063X-009
-63,-8,-8,-63,QY-063X-008
-63,-7,-7,-63,QY-063X-007
-63,-6,-6,-63,QY-063X-006
-63,-5,-5,-63,QY-063X-005
-63,-4,-4,-63,QY-063X-004
-63,-3,-3,-63,QY-063X-003
-63,-2,-2,-63,QY-063X-002
-63,-1,-1,-63,QY-063X-001
-63,0,0,-63,QY-063X0000
-63,1,1,-63,QY-063X0001
-63,2,2,-63,QY-063X0002
-63,3,3,-63,QY-063X0003
-63,4,4,-63,QY-063X0004
-63,5,5,-63,QY-063X0005
-63,6,6,-63,QY-063X0006
-63,7,7,-63,QY-063X0007
-63,8,8,-63,QY-063X0008
-63,9,9,-63,QY-063X0009
-63,10,10,-63,QY-063X0010
-63,11,11,-63,QY-063X0011
-63,12,12,-63,QY-063X0012
-63,13,13,-63,QY-063X0013
-63,14,14,-63,QY-063X0014
-63,15,15,-63,QY-063X0015
-63,16,16,-63,QY-063X0016
-63,17,17,-63,QY-063X0017
-63,18,18,-63,QY-063X0018
-63,19,19,-63,QY-063X0019
-63,20,20,-63,QY-063X0020
-63,21,21,-63,QY-063X0021
-63,22,22,-63,QY-063X0022
-62,25,25,-62,QY-062X0025
-62,24,24,-62,QY-062X0024
-62,23,23,-62,QY-062X0023
-62,22,22,-62,QY-062X0022
-62,21,21,-62,QY-062X0021
-62,20,20,-62,QY-062X0020
-62,19,19,-62,QY-062X0019
-62,18,18,-62,QY-062X0018
-62,17,17,-62,QY-062X0017
-62,16,16,-62,QY-062X0016
-62,15,15,-62,QY-062X0015
-62,14,14,-62,QY-062X0014
-62,13,13,-62,QY-062X0013
-62,12,12,-62,QY-062X0012
-62,11,11,-62,QY-062X0011
-62,10,10,-62,QY-062X0010
-62,9,9,-62,QY-062X0009
-62,8,8,-62,QY-062X0008
-62,7,7,-62,QY-062X0007
-62,6,6,-62,QY-062X0006
-62,5,5,-62,QY-062X0005
-62,4,4,-62,QY-062X0004
-62,3,3,-62,QY-062X0003
-62,2,2,-62,QY-062X0002
-62,1,1,-62,QY-062X0001
-62,0,0,-62,QY-062X0000
-62,-1,-1,-62,QY-062X-001
-62,-2,-2,-62,QY-062X-002
-62,-3,-3,-62,QY-062X-003
-62,-4,-4,-62,QY-062X-004
-62,-5,-5,-62,QY-062X-005
-62,-6,-6,-62,QY-062X-006
-62,-7,-7,-62,QY-062X-007
-62,-8,-8,-62,QY-062X-008
-62,-9,-9,-62,QY-062X-009
-62,-10,-10,-62,QY-062X-010
-62,-11,-11,-62,QY-062X-011
-62,-12,-12,-62,QY-062X-012
-62,-13,-13,-62,QY-062X-013
-62,-14,-14,-62,QY-062X-014
-62,-15,-15,-62,QY-062X-015
-61,-18,-18,-61,QY-061X-018
-61,-17,-17,-61,QY-061X-017
-61,-16,-16,-61,QY-061X-016
-61,-15,-15,-61,QY-061X-015
-61,-14,-14,-61,QY-061X-014
-61,-13,-13,-61,QY-061X-013
-61,-12,-12,-61,QY-061X-012
-61,-11,-11,-61,QY-061X-011
-61,-10,-10,-61,QY-061X-010
-61,-9,-9,-61,QY-061X-009
-61,-8,-8,-61,QY-061X-008
-61,-7,-7,-61,QY-061X-007
-61,-6,-6,-61,QY-061X-006
-61,-5,-5,-61,QY-061X-005
-61,-4,-4,-61,QY-061X-004
-61,-3,-3,-61,QY-061X-003
-61,-2,-2,-61,QY-061X-002
-61,-1,-1,-61,QY-061X-001
-61,0,0,-61,QY-061X0000
-61,1,1,-61,QY-061X0001
-61,2,2,-61,QY-061X0002
-61,3,3,-61,QY-061X0003
-61,4,4,-61,QY-061X0004
-61,5,5,-61,QY-061X0005
-61,6,6,-61,QY-061X0006
-61,7,7,-61,QY-061X0007
-61,8,8,-61,QY-061X0008
-61,9,9,-61,QY-061X0009
-61,10,10,-61,QY-061X0010
-61,11,11,-61,QY-061X0011
-61,12,12,-61,QY-061X0012
-61,13,13,-61,QY-061X0013
-61,14,14,-61,QY-061X0014
-61,15,15,-61,QY-061X0015
-61,16,16,-61,QY-061X0016
-61,17,17,-61,QY-061X0017
-61,18,18,-61,QY-061X0018
-61,19,19,-61,QY-061X0019
-61,20,20,-61,QY-061X0020
-61,21,21,-61,QY-061X0021
-61,22,22,-61,QY-061X0022
-61,23,23,-61,QY-061X0023
-61,24,24,-61,QY-061X0024
-61,25,25,-61,QY-061X0025
-61,26,26,-61,QY-061X0026
-61,27,27,-61,QY-061X0027
-61,28,28,-61,QY-061X0028
-60,31,31,-60,QY-060X0031
-60,30,30,-60,QY-060X0030
-60,29,29,-60,QY-060X0029
-60,28,28,-60,QY-060X0028
-60,27,27,-60,QY-060X0027
-60,26,26,-60,QY-060X0026
-60,25,25,-60,QY-060X0025
-60,24,24,-60,QY-060X0024
-60,23,23,-60,QY-060X0023
-60,22,22,-60,QY-060X0022
-60,21,21,-60,QY-060X0021
-60,20,20,-60,QY-060X0020
-60,19,19,-60,QY-060X0019
-60,18,18,-60,QY-060X0018
-60,17,17,-60,QY-060X0017
-60,16,16,-60,QY-060X0016
-60,15,15,-60,QY-060X0015
-60,14,14,-60,QY-060X0014
-60,13,13,-60,QY-060X0013
-60,12,12,-60,QY-060X0012
-60,11,11,-60,QY-060X0011
-60,10,10,-60,QY-060X0010
-60,9,9,-60,QY-060X0009
-60,8,8,-60,QY-060X0008
-60,7,7,-60,QY-060X0007
-60,6,6,-60,QY-060X0006
-60,5,5,-60,QY-060X0005
-60,4,4,-60,QY-060X0004
-60,3,3,-60,QY-060X0003
-60,2,2,-60,QY-060X0002
-60,1,1,-60,QY-060X0001
-60,0,0,-60,QY-060X0000
-60,-1,-1,-60,QY-060X-001
-60,-2,-2,-60,QY-060X-002
-60,-3,-3,-60,QY-060X-003
-60,-4,-4,-60,QY-060X-004
-60,-5,-5,-60,QY-060X-005
-60,-6,-6,-60,QY-060X-006
-60,-7,-7,-60,QY-060X-007
-60,-8,-8,-60,QY-060X-008
-60,-9,-9,-60,QY-060X-009
-60,-10,-10,-60,QY-060X-010
-60,-11,-11,-60,QY-060X-011
-60,-12,-12,-60,QY-060X-012
-60,-13,-13,-60,QY-060X-013
-60,-14,-14,-60,QY-060X-014
-60,-15,-15,-60,QY-060X-015
-60,-16,-16,-60,QY-060X-016
-60,-17,-17,-60,QY-060X-017
-60,-18,-18,-60,QY-060X-018
-60,-19,-19,-60,QY-060X-019
-60,-20,-20,-60,QY-060X-020
-60,-21,-21,-60,QY-060X-021
-59,-23,-23,-59,QY-059X-023
-59,-22,-22,-59,QY-059X-022
-59,-21,-21,-59,QY-059X-021
-59,-20,-20,-59,QY-059X-020
-59,-19,-19,-59,QY-059X-019
-59,-18,-18,-59,QY-059X-018
-59,-17,-17,-59,QY-059X-017
-59,-16,-16,-59,QY-059X-016
-59,-15,-15,-59,QY-059X-015
-59,-14,-14,-59,QY-059X-014
-59,-13,-13,-59,QY-059X-013
-59,-12,-12,-59,QY-059X-012
-59,-11,-11,-59,QY-059X-011
-59,-10,-10,-59,QY-059X-010
-59,-9,-9,-59,QY-059X-009
-59,-8,-8,-59,QY-059X-008
-59,-7,-7,-59,QY-059X-007
-59,-6,-6,-59,QY-059X-006
-59,-5,-5,-59,QY-059X-005
-59,-4,-4,-59,QY-059X-004
-59,-3,-3,-59,QY-059X-003
-59,-2,-2,-59,QY-059X-002
-59,-1,-1,-59,QY-059X-001
-59,0,0,-59,QY-059X0000
-59,1,1,-59,QY-059X0001
-59,2,2,-59,QY-059X0002
-59,3,3,-59,QY-059X0003
-59,4,4,-59,QY-059X0004
-59,5,5,-59,QY-059X0005
-59,6,6,-59,QY-059X0006
-59,7,7,-59,QY-059X0007
-59,8,8,-59,QY-059X0008
-59,9,9,-59,QY-059X0009
-59,10,10,-59,QY-059X0010
-59,11,11,-59,QY-059X0011
-59,12,12,-59,QY-059X0012
-59,13,13,-59,QY-059X0013
-59,14,14,-59,QY-059X0014
-59,15,15,-59,QY-059X0015
-59,16,16,-59,QY-059X0016
-59,17,17,-59,QY-059X0017
-59,18,18,-59,QY-059X0018
-59,19,19,-59,QY-059X0019
-59,20,20,-59,QY-059X0020
-59,21,21,-59,QY-059X0021
-59,22,22,-59,QY-059X0022
-59,23,23,-59,QY-059X0023
-59,24,24,-59,QY-059X0024
-59,25,25,-59,QY-059X0025
-59,26,26,-59,QY-059X0026
-59,27,27,-59,QY-059X0027
-59,28,28,-59,QY-059X0028
-59,29,29,-59,QY-059X0029
-59,30,30,-59,QY-059X0030
-59,31,31,-59,QY-059X0031
-59,32,32,-59,QY-059X0032
-59,33,33,-59,QY-059X0033
-58,35,35,-58,QY-058X0035
-58,34,34,-58,QY-058X0034
-58,33,33,-58,QY-058X0033
-58,32,32,-58,QY-058X0032
-58,31,31,-58,QY-058X0031
-58,30,30,-58,QY-058X0030
-58,29,29,-58,QY-058X0029
-58,28,28,-58,QY-058X0028
-58,27,27,-58,QY-058X0027
-58,26,26,-58,QY-058X0026
-58,25,25,-58,QY-058X0025
-58,24,24,-58,QY-058X0024
-58,23,23,-58,QY-058X0023
-58,22,22,-58,QY-058X0022
-58,21,21,-58,QY-058X0021
-58,20,20,-58,QY-058X0020
-58,19,19,-58,QY-058X0019
-58,18,18,-58,QY-058X0018
-58,17,17,-58,QY-058X0017
-58,16,16,-58,QY-058X0016
-58,15,15,-58,QY-058X0015
-58,14,14,-58,QY-058X0014
-58,13,13,-58,QY-058X0013
-58,12,12,-58,QY-058X0012
-58,11,11,-58,QY-058X0011
-58,10,10,-58,QY-058X0010
-58,9,9,-58,QY-058X0009
-58,8,8,-58,QY-058X0008
-58,7,7,-58,QY-058X0007
-58,6,6,-58,QY-058X0006
-58,5,5,-58,QY-058X0005
-58,4,4,-58,QY-058X0004
-58,3,3,-58,QY-058X0003
-58,2,2,-58,QY-058X0002
-58,1,1,-58,QY-058X0001
-58,0,0,-58,QY-058X0000
-58,-1,-1,-58,QY-058X-001
-58,-2,-2,-58,QY-058X-002
-58,-3,-3,-58,QY-058X-003
-58,-4,-4,-58,QY-058X-004
-58,-5,-5,-58,QY-058X-005
-58,-6,-6,-58,QY-058X-006
-58,-7,-7,-58,QY-058X-007
-58,-8,-8,-58,QY-058X-008
-58,-9,-9,-58,QY-058X-009
-58,-10,-10,-58,QY-058X-010
-58,-11,-11,-58,QY-058X-011
-58,-12,-12,-58,QY-058X-012
-58,-13,-13,-58,QY-058X-013
-58,-14,-14,-58,QY-058X-014
-58,-15,-15,-58,QY-058X-015
-58,-16,-16,-58,QY-058X-016
-58,-17,-17,-58,QY-058X-017
-58,-18,-18,-58,QY-058X-018
-58,-19,-19,-58,QY-058X-019
-58,-20,-20,-58,QY-058X-020
-58,-21,-21,-58,QY-058X-021
-58,-22,-22,-58,QY-058X-022
-58,-23,-23,-58,QY-058X-023
-58,-24,-24,-58,QY-058X-024
-58,-25,-25,-58,QY-058X-025
-57,-27,-27,-57,QY-057X-027
-57,-26,-26,-57,QY-057X-026
-57,-25,-25,-57,QY-057X-025
-57,-24,-24,-57,QY-057X-024
-57,-23,-23,-57,QY-057X-023
-57,-22,-22,-57,QY-057X-022
-57,-21,-21,-57,QY-057X-021
-57,-20,-20,-57,QY-057X-020
-57,-19,-19,-57,QY-057X-019
-57,-18,-18,-57,QY-057X-018
-57,-17,-17,-57,QY-057X-017
-57,-16,-16,-57,QY-057X-016
-57,-15,-15,-57,QY-057X-015
-57,-14,-14,-57,QY-057X-014
-57,-13,-13,-57,QY-057X-013
-57,-12,-12,-57,QY-057X-012
-57,-11,-11,-57,QY-057X-011
-57,-10,-10,-57,QY-057X-010
-57,-9,-9,-57,QY-057X-009
-57,-8,-8,-57,QY-057X-008
-57,-7,-7,-57,QY-057X-007
-57,-6,-6,-57,QY-057X-006
-57,-5,-5,-57,QY-057X-005
-57,-4,-4,-57,QY-057X-004
-57,-3,-3,-57,QY-057X-003
-57,-2,-2,-57,QY-057X-002
-57,-1,-1,-57,QY-057X-001
-57,0,0,-57,QY-057X0000
-57,1,1,-57,QY-057X0001
-57,2,2,-57,QY-057X0002
-57,3,3,-57,QY-057X0003
-57,4,4,-57,QY-057X0004
-57,5,5,-57,QY-057X0005
-57,6,6,-57,QY-057X0006
-57,7,7,-57,QY-057X0007
-57,8,8,-57,QY-057X0008
-57,9,9,-57,QY-057X0009
-57,10,10,-57,QY-057X0010
-57,11,11,-57,QY-057X0011
-57,12,12,-57,QY-057X0012
-57,13,13,-57,QY-057X0013
-57,14,14,-57,QY-057X0014
-57,15,15,-57,QY-057X0015
-57,16,16,-57,QY-057X0016
-57,17,17,-57,QY-057X0017
-57,18,18,-57,QY-057X0018
-57,19,19,-57,QY-057X0019
-57,20,20,-57,QY-057X0020
-57,21,21,-57,QY-057X0021
-57,22,22,-57,QY-057X0022
-57,23,23,-57,QY-057X0023
-57,24,24,-57,QY-057X0024
-57,25,25,-57,QY-057X0025
-57,26,26,-57,QY-057X0026
-57,27,27,-57,QY-057X0027
-57,28,28,-57,QY-057X0028
-57,29,29,-57,QY-057X0029
-57,30,30,-57,QY-057X0030
-57,31,31,-57,QY-057X0031
-57,32,32,-57,QY-057X0032
-57,33,33,-57,QY-057X0033
-57,34,34,-57,QY-057X0034
-57,35,35,-57,QY-057X0035
-57,36,36,-57,QY-057X0036
-57,37,37,-57,QY-057X0037
-56,39,39,-56,QY-056X0039
-56,38,38,-56,QY-056X0038
-56,37,37,-56,QY-056X0037
-56,36,36,-56,QY-056X0036
-56,35,35,-56,QY-056X0035
-56,34,34,-56,QY-056X0034
-56,33,33,-56,QY-056X0033
-56,32,32,-56,QY-056X0032
-56,31,31,-56,QY-056X0031
-56,30,30,-56,QY-056X0030
-56,29,29,-56,QY-056X0029
-56,28,28,-56,QY-056X0028
-56,27,27,-56,QY-056X0027
-56,26,26,-56,QY-056X0026
-56,25,25,-56,QY-056X0025
-56,24,24,-56,QY-056X0024
-56,23,23,-56,QY-056X0023
-56,22,22,-56,QY-056X0022
-56,21,21,-56,QY-056X0021
-56,20,20,-56,QY-056X0020
-56,19,19,-56,QY-056X0019
-56,18,18,-56,QY-056X0018
-56,17,17,-56,QY-056X0017
-56,16,16,-56,QY-056X0016
-56,15,15,-56,QY-056X0015
-56,14,14,-56,QY-056X0014
-56,13,13,-56,QY-056X0013
-56,12,12,-56,QY-056X0012
-56,11,11,-56,QY-056X0011
-56,10,10,-56,QY-056X0010
-56,9,9,-56,QY-056X0009
-56,8,8,-56,QY-056X0008
-56,7,7,-56,QY-056X0007
-56,6,6,-56,QY-056X0006
-56,5,5,-56,QY-056X0005
-56,4,4,-56,QY-056X0004
-56,3,3,-56,QY-056X0003
-56,2,2,-56,QY-056X0002
-56,1,1,-56,QY-056X0001
-56,0,0,-56,QY-056X0000
-56,-1,-1,-56,QY-056X-001
-56,-2,-2,-56,QY-056X-002
-56,-3,-3,-56,QY-056X-003
-56,-4,-4,-56,QY-056X-004
-56,-5,-5,-56,QY-056X-005
-56,-6,-6,-56,QY-056X-006
-56,-7,-7,-56,QY-056X-007
-56,-8,-8,-56,QY-056X-008
-56,-9,-9,-56,QY-056X-009
-56,-10,-10,-56,QY-056X-010
-56,-11,-11,-56,QY-056X-011
-56,-12,-12,-56,QY-056X-012
-56,-13,-13,-56,QY-056X-013
-56,-14,-14,-56,QY-056X-014
-56,-15,-15,-56,QY-056X-015
-56,-16,-16,-56,QY-056X-016
-56,-17,-17,-56,QY-056X-017
-56,-18,-18,-56,QY-056X-018
-56,-19,-19,-56,QY-056X-019
-56,-20,-20,-56,QY-056X-020
-56,-21,-21,-56,QY-056X-021
-56,-22,-22,-56,QY-056X-022
-56,-23,-23,-56,QY-056X-023
-56,-24,-24,-56,QY-056X-024
-56,-25,-25,-56,QY-056X-025
-56,-26,-26,-56,QY-056X-026
-56,-27,-27,-56,QY-056X-027
-56,-28,-28,-56,QY-056X-028
-56,-29,-29,-56,QY-056X-029
-55,-30,-30,-55,QY-055X-030
-55,-29,-29,-55,QY-055X-029
-55,-28,-28,-55,QY-055X-028
-55,-27,-27,-55,QY-055X-027
-55,-26,-26,-55,QY-055X-026
-55,-25,-25,-55,QY-055X-025
-55,-24,-24,-55,QY-055X-024
-55,-23,-23,-55,QY-055X-023
-55,-22,-22,-55,QY-055X-022
-55,-21,-21,-55,QY-055X-021
-55,-20,-20,-55,QY-055X-020
-55,-19,-19,-55,QY-055X-019
-55,-18,-18,-55,QY-055X-018
-55,-17,-17,-55,QY-055X-017
-55,-16,-16,-55,QY-055X-016
-55,-15,-15,-55,QY-055X-015
-55,-14,-14,-55,QY-055X-014
-55,-13,-13,-55,QY-055X-013
-55,-12,-12,-55,QY-055X-012
-55,-11,-11,-55,QY-055X-011
-55,-10,-10,-55,QY-055X-010
-55,-9,-9,-55,QY-055X-009
-55,-8,-8,-55,QY-055X-008
-55,-7,-7,-55,QY-055X-007
-55,-6,-6,-55,QY-055X-006
-55,-5,-5,-55,QY-055X-005
-55,-4,-4,-55,QY-055X-004
-55,-3,-3,-55,QY-055X-003
-55,-2,-2,-55,QY-055X-002
-55,-1,-1,-55,QY-055X-001
-55,0,0,-55,QY-055X0000
-55,1,1,-55,QY-055X0001
-55,2,2,-55,QY-055X0002
-55,3,3,-55,QY-055X0003
-55,4,4,-55,QY-055X0004
-55,5,5,-55,QY-055X0005
-55,6,6,-55,QY-055X0006
-55,7,7,-55,QY-055X0007
-55,8,8,-55,QY-055X0008
-55,9,9,-55,QY-055X0009
-55,10,10,-55,QY-055X0010
-55,11,11,-55,QY-055X0011
-55,12,12,-55,QY-055X0012
-55,13,13,-55,QY-055X0013
-55,14,14,-55,QY-055X0014
-55,15,15,-55,QY-055X0015
-55,16,16,-55,QY-055X0016
-55,17,17,-55,QY-055X0017
-55,18,18,-55,QY-055X0018
-55,19,19,-55,QY-055X0019
-55,20,20,-55,QY-055X0020
-55,21,21,-55,QY-055X0021
-55,22,22,-55,QY-055X0022
-55,23,23,-55,QY-055X0023
-55,24,24,-55,QY-055X0024
-55,25,25,-55,QY-055X0025
-55,26,26,-55,QY-055X0026
-55,27,27,-55,QY-055X0027
-55,28,28,-55,QY-055X0028
-55,29,29,-55,QY-055X0029
-55,30,30,-55,QY-055X0030
-55,31,31,-55,QY-055X0031
-55,32,32,-55,QY-055X0032
-55,33,33,-55,QY-055X0033
-55,34,34,-55,QY-055X0034
-55,35,35,-55,QY-055X0035
-55,36,36,-55,QY-055X0036
-55,37,37,-55,QY-055X0037
-55,38,38,-55,QY-055X0038
-55,39,39,-55,QY-055X0039
-55,40,40,-55,QY-055X0040
-54,42,42,-54,QY-054X0042
-54,41,41,-54,QY-054X0041
-54,40,40,-54,QY-054X0040
-54,39,39,-54,QY-054X0039
-54,38,38,-54,QY-054X0038
-54,37,37,-54,QY-054X0037
-54,36,36,-54,QY-054X0036
-54,35,35,-54,QY-054X0035
-54,34,34,-54,QY-054X0034
-54,33,33,-54,QY-054X0033
-54,32,32,-54,QY-054X0032
-54,31,31,-54,QY-054X0031
-54,30,30,-54,QY-054X0030
-54,29,29,-54,QY-054X0029
-54,28,28,-54,QY-054X0028
-54,27,27,-54,QY-054X0027
-54,26,26,-54,QY-054X0026
-54,25,25,-54,QY-054X0025
-54,24,24,-54,QY-054X0024
-54,23,23,-54,QY-054X0023
-54,22,22,-54,QY-054X0022
-54,21,21,-54,QY-054X0021
-54,20,20,-54,QY-054X0020
-54,19,19,-54,QY-054X0019
-54,18,18,-54,QY-054X0018
-54,17,17,-54,QY-054X0017
-54,16,16,-54,QY-054X0016
-54,15,15,-54,QY-054X0015
-54,14,14,-54,QY-054X0014
-54,13,13,-54,QY-054X0013
-54,12,12,-54,QY-054X0012
-54,11,11,-54,QY-054X0011
-54,10,10,-54,QY-054X0010
-54,9,9,-54,QY-054X0009
-54,8,8,-54,QY-054X0008
-54,7,7,-54,QY-054X0007
-54,6,6,-54,QY-054X0006
-54,5,5,-54,QY-054X0005
-54,4,4,-54,QY-054X0004
-54,3,3,-54,QY-054X0003
-54,2,2,-54,QY-054X0002
-54,1,1,-54,QY-054X0001
-54,0,0,-54,QY-054X0000
-54,-1,-1,-54,QY-054X-001
-54,-2,-2,-54,QY-054X-002
-54,-3,-3,-54,QY-054X-003
-54,-4,-4,-54,QY-054X-004
-54,-5,-5,-54,QY-054X-005
-54,-6,-6,-54,QY-054X-006
-54,-7,-7,-54,QY-054X-007
-54,-8,-8,-54,QY-054X-008
-54,-9,-9,-54,QY-054X-009
-54,-10,-10,-54,QY-054X-010
-54,-11,-11,-54,QY-054X-011
-54,-12,-12,-54,QY-054X-012
-54,-13,-13,-54,QY-054X-013
-54,-14,-14,-54,QY-054X-014
-54,-15,-15,-54,QY-054X-015
-54,-16,-16,-54,QY-054X-016
-54,-17,-17,-54,QY-054X-017
-54,-18,-18,-54,QY-054X-018
-54,-19,-19,-54,QY-054X-019
-54,-20,-20,-54,QY-054X-020
-54,-21,-21,-54,QY-054X-021
-54,-22,-22,-54,QY-054X-022
-54,-23,-23,-54,QY-054X-023
-54,-24,-24,-54,QY-054X-024
-54,-25,-25,-54,QY-054X-025
-54,-26,-26,-54,QY-054X-026
-54,-27,-27,-54,QY-054X-027
-54,-28,-28,-54,QY-054X-028
-54,-29,-29,-54,QY-054X-029
-54,-30,-30,-54,QY-054X-030
-54,-31,-31,-54,QY-054X-031
-54,-32,-32,-54,QY-054X-032
-53,-33,-33,-53,QY-053X-033
-53,-32,-32,-53,QY-053X-032
-53,-31,-31,-53,QY-053X-031
-53,-30,-30,-53,QY-053X-030
-53,-29,-29,-53,QY-053X-029
-53,-28,-28,-53,QY-053X-028
-53,-27,-27,-53,QY-053X-027
-53,-26,-26,-53,QY-053X-026
-53,-25,-25,-53,QY-053X-025
-53,-24,-24,-53,QY-053X-024
-53,-23,-23,-53,QY-053X-023
-53,-22,-22,-53,QY-053X-022
-53,-21,-21,-53,QY-053X-021
-53,-20,-20,-53,QY-053X-020
-53,-19,-19,-53,QY-053X-019
-53,-18,-18,-53,QY-053X-018
-53,-17,-17,-53,QY-053X-017
-53,-16,-16,-53,QY-053X-016
-53,-15,-15,-53,QY-053X-015
-53,-14,-14,-53,QY-053X-014
-53,-13,-13,-53,QY-053X-013
-53,-12,-12,-53,QY-053X-012
-53,-11,-11,-53,QY-053X-011
-53,-10,-10,-53,QY-053X-010
-53,-9,-9,-53,QY-053X-009
-53,-8,-8,-53,QY-053X-008
-53,-7,-7,-53,QY-053X-007
-53,-6,-6,-53,QY-053X-006
-53,-5,-5,-53,QY-053X-005
-53,-4,-4,-53,QY-053X-004
-53,-3,-3,-53,QY-053X-003
-53,-2,-2,-53,QY-053X-002
-53,-1,-1,-53,QY-053X-001
-53,0,0,-53,QY-053X0000
-53,1,1,-53,QY-053X0001
-53,2,2,-53,QY-053X0002
-53,3,3,-53,QY-053X0003
-53,4,4,-53,QY-053X0004
-53,5,5,-53,QY-053X0005
-53,6,6,-53,QY-053X0006
-53,7,7,-53,QY-053X0007
-53,8,8,-53,QY-053X0008
-53,9,9,-53,QY-053X0009
-53,10,10,-53,QY-053X0010
-53,11,11,-53,QY-053X0011
-53,12,12,-53,QY-053X0012
-53,13,13,-53,QY-053X0013
-53,14,14,-53,QY-053X0014
-53,15,15,-53,QY-053X0015
-53,16,16,-53,QY-053X0016
-53,17,17,-53,QY-053X0017
-53,18,18,-53,QY-053X0018
-53,19,19,-53,QY-053X0019
-53,20,20,-53,QY-053X0020
-53,21,21,-53,QY-053X0021
-53,22,22,-53,QY-053X0022
-53,23,23,-53,QY-053X0023
-53,24,24,-53,QY-053X0024
-53,25,25,-53,QY-053X0025
-53,26,26,-53,QY-053X0026
-53,27,27,-53,QY-053X0027
-53,28,28,-53,QY-053X0028
-53,29,29,-53,QY-053X0029
-53,30,30,-53,QY-053X0030
-53,31,31,-53,QY-053X0031
-53,32,32,-53,QY-053X0032
-53,33,33,-53,QY-053X0033
-53,34,34,-53,QY-053X0034
-53,35,35,-53,QY-053X0035
-53,36,36,-53,QY-053X0036
-53,37,37,-53,QY-053X0037
-53,38,38,-53,QY-053X0038
-53,39,39,-53,QY-053X0039
-53,40,40,-53,QY-053X0040
-53,41,41,-53,QY-053X0041
-53,42,42,-53,QY-053X0042
-53,43,43,-53,QY-053X0043
-52,45,45,-52,QY-052X0045
-52,44,44,-52,QY-052X0044
-52,43,43,-52,QY-052X0043
-52,42,42,-52,QY-052X0042
-52,41,41,-52,QY-052X0041
-52,40,40,-52,QY-052X0040
-52,39,39,-52,QY-052X0039
-52,38,38,-52,QY-052X0038
-52,37,37,-52,QY-052X0037
-52,36,36,-52,QY-052X0036
-52,35,35,-52,QY-052X0035
-52,34,34,-52,QY-052X0034
-52,33,33,-52,QY-052X0033
-52,32,32,-52,QY-052X0032
-52,31,31,-52,QY-052X0031
-52,30,30,-52,QY-052X0030
-52,29,29,-52,QY-052X0029
-52,28,28,-52,QY-052X0028
-52,27,27,-52,QY-052X0027
-52,26,26,-52,QY-052X0026
-52,25,25,-52,QY-052X0025
-52,24,24,-52,QY-052X0024
-52,23,23,-52,QY-052X0023
-52,22,22,-52,QY-052X0022
-52,21,21,-52,QY-052X0021
-52,20,20,-52,QY-052X0020
-52,19,19,-52,QY-052X0019
-52,18,18,-52,QY-052X0018
-52,17,17,-52,QY-052X0017
-52,16,16,-52,QY-052X0016
-52,15,15,-52,QY-052X0015
-52,14,14,-52,QY-052X0014
-52,13,13,-52,QY-052X0013
-52,12,12,-52,QY-052X0012
-52,11,11,-52,QY-052X0011
-52,10,10,-52,QY-052X0010
-52,9,9,-52,QY-052X0009
-52,8,8,-52,QY-052X0008
-52,7,7,-52,QY-052X0007
-52,6,6,-52,QY-052X0006
-52,5,5,-52,QY-052X0005
-52,4,4,-52,QY-052X0004
-52,3,3,-52,QY-052X0003
-52,2,2,-52,QY-052X0002
-52,1,1,-52,QY-052X0001
-52,0,0,-52,QY-052X0000
-52,-1,-1,-52,QY-052X-001
-52,-2,-2,-52,QY-052X-002
-52,-3,-3,-52,QY-052X-003
-52,-4,-4,-52,QY-052X-004
-52,-5,-5,-52,QY-052X-005
-52,-6,-6,-52,QY-052X-006
-52,-7,-7,-52,QY-052X-007
-52,-8,-8,-52,QY-052X-008
-52,-9,-9,-52,QY-052X-009
-52,-10,-10,-52,QY-052X-010
-52,-11,-11,-52,QY-052X-011
-52,-12,-12,-52,QY-052X-012
-52,-13,-13,-52,QY-052X-013
-52,-14,-14,-52,QY-052X-014
-52,-15,-15,-52,QY-052X-015
-52,-16,-16,-52,QY-052X-016
-52,-17,-17,-52,QY-052X-017
-52,-18,-18,-52,QY-052X-018
-52,-19,-19,-52,QY-052X-019
-52,-20,-20,-52,QY-052X-020
-52,-21,-21,-52,QY-052X-021
-52,-22,-22,-52,QY-052X-022
-52,-23,-23,-52,QY-052X-023
-52,-24,-24,-52,QY-052X-024
-52,-25,-25,-52,QY-052X-025
-52,-26,-26,-52,QY-052X-026
-52,-27,-27,-52,QY-052X-027
-52,-28,-28,-52,QY-052X-028
-52,-29,-29,-52,QY-052X-029
-52,-30,-30,-52,QY-052X-030
-52,-31,-31,-52,QY-052X-031
-52,-32,-32,-52,QY-052X-032
-52,-33,-33,-52,QY-052X-033
-52,-34,-34,-52,QY-052X-034
-52,-35,-35,-52,QY-052X-035
-51,-36,-36,-51,QY-051X-036
-51,-35,-35,-51,QY-051X-035
-51,-34,-34,-51,QY-051X-034
-51,-33,-33,-51,QY-051X-033
-51,-32,-32,-51,QY-051X-032
-51,-31,-31,-51,QY-051X-031
-51,-30,-30,-51,QY-051X-030
-51,-29,-29,-51,QY-051X-029
-51,-28,-28,-51,QY-051X-028
-51,-27,-27,-51,QY-051X-027
-51,-26,-26,-51,QY-051X-026
-51,-25,-25,-51,QY-051X-025
-51,-24,-24,-51,QY-051X-024
-51,-23,-23,-51,QY-051X-023
-51,-22,-22,-51,QY-051X-022
-51,-21,-21,-51,QY-051X-021
-51,-20,-20,-51,QY-051X-020
-51,-19,-19,-51,QY-051X-019
-51,-18,-18,-51,QY-051X-018
-51,-17,-17,-51,QY-051X-017
-51,-16,-16,-51,QY-051X-016
-51,-15,-15,-51,QY-051X-015
-51,-14,-14,-51,QY-051X-014
-51,-13,-13,-51,QY-051X-013
-51,-12,-12,-51,QY-051X-012
-51,-11,-11,-51,QY-051X-011
-51,-10,-10,-51,QY-051X-010
-51,-9,-9,-51,QY-051X-009
-51,-8,-8,-51,QY-051X-008
-51,-7,-7,-51,QY-051X-007
-51,-6,-6,-51,QY-051X-006
-51,-5,-5,-51,QY-051X-005
-51,-4,-4,-51,QY-051X-004
-51,-3,-3,-51,QY-051X-003
-51,-2,-2,-51,QY-051X-002
-51,-1,-1,-51,QY-051X-001
-51,0,0,-51,QY-051X0000
-51,1,1,-51,QY-051X0001
-51,2,2,-51,QY-051X0002
-51,3,3,-51,QY-051X0003
-51,4,4,-51,QY-051X0004
-51,5,5,-51,QY-051X0005
-51,6,6,-51,QY-051X0006
-51,7,7,-51,QY-051X0007
-51,8,8,-51,QY-051X0008
-51,9,9,-51,QY-051X0009
-51,10,10,-51,QY-051X0010
-51,11,11,-51,QY-051X0011
-51,12,12,-51,QY-051X0012
-51,13,13,-51,QY-051X0013
-51,14,14,-51,QY-051X0014
-51,15,15,-51,QY-051X0015
-51,16,16,-51,QY-051X0016
-51,17,17,-51,QY-051X0017
-51,18,18,-51,QY-051X0018
-51,19,19,-51,QY-051X0019
-51,20,20,-51,QY-051X0020
-51,21,21,-51,QY-051X0021
-51,22,22,-51,QY-051X0022
-51,23,23,-51,QY-051X0023
-51,24,24,-51,QY-051X0024
-51,25,25,-51,QY-051X0025
-51,26,26,-51,QY-051X0026
-51,27,27,-51,QY-051X0027
-51,28,28,-51,QY-051X0028
-51,29,29,-51,QY-051X0029
-51,30,30,-51,QY-051X0030
-51,31,31,-51,QY-051X0031
-51,32,32,-51,QY-051X0032
-51,33,33,-51,QY-051X0033
-51,34,34,-51,QY-051X0034
-51,35,35,-51,QY-051X0035
-51,36,36,-51,QY-051X0036
-51,37,37,-51,QY-051X0037
-51,38,38,-51,QY-051X0038
-51,39,39,-51,QY-051X0039
-51,40,40,-51,QY-051X0040
-51,41,41,-51,QY-051X0041
-51,42,42,-51,QY-051X0042
-51,43,43,-51,QY-051X0043
-51,44,44,-51,QY-051X0044
-51,45,45,-51,QY-051X0045
-51,46,46,-51,QY-051X0046
-50,47,47,-50,QY-050X0047
-50,46,46,-50,QY-050X0046
-50,45,45,-50,QY-050X0045
-50,44,44,-50,QY-050X0044
-50,43,43,-50,QY-050X0043
-50,42,42,-50,QY-050X0042
-50,41,41,-50,QY-050X0041
-50,40,40,-50,QY-050X0040
-50,39,39,-50,QY-050X0039
-50,38,38,-50,QY-050X0038
-50,37,37,-50,QY-050X0037
-50,36,36,-50,QY-050X0036
-50,35,35,-50,QY-050X0035
-50,34,34,-50,QY-050X0034
-50,33,33,-50,QY-050X0033
-50,32,32,-50,QY-050X0032
-50,31,31,-50,QY-050X0031
-50,30,30,-50,QY-050X0030
-50,29,29,-50,QY-050X0029
-50,28,28,-50,QY-050X0028
-50,27,27,-50,QY-050X0027
-50,26,26,-50,QY-050X0026
-50,25,25,-50,QY-050X0025
-50,24,24,-50,QY-050X0024
-50,23,23,-50,QY-050X0023
-50,22,22,-50,QY-050X0022
-50,21,21,-50,QY-050X0021
-50,20,20,-50,QY-050X0020
-50,19,19,-50,QY-050X0019
-50,18,18,-50,QY-050X0018
-50,17,17,-50,QY-050X0017
-50,16,16,-50,QY-050X0016
-50,15,15,-50,QY-050X0015
-50,14,14,-50,QY-050X0014
-50,13,13,-50,QY-050X0013
-50,12,12,-50,QY-050X0012
-50,11,11,-50,QY-050X0011
-50,10,10,-50,QY-050X0010
-50,9,9,-50,QY-050X0009
-50,8,8,-50,QY-050X0008
-50,7,7,-50,QY-050X0007
-50,6,6,-50,QY-050X0006
-50,5,5,-50,QY-050X0005
-50,4,4,-50,QY-050X0004
-50,3,3,-50,QY-050X0003
-50,2,2,-50,QY-050X0002
-50,1,1,-50,QY-050X0001
-50,0,0,-50,QY-050X0000
-50,-1,-1,-50,QY-050X-001
-50,-2,-2,-50,QY-050X-002
-50,-3,-3,-50,QY-050X-003
-50,-4,-4,-50,QY-050X-004
-50,-5,-5,-50,QY-050X-005
-50,-6,-6,-50,QY-050X-006
-50,-7,-7,-50,QY-050X-007
-50,-8,-8,-50,QY-050X-008
-50,-9,-9,-50,QY-050X-009
-50,-10,-10,-50,QY-050X-010
-50,-11,-11,-50,QY-050X-011
-50,-12,-12,-50,QY-050X-012
-50,-13,-13,-50,QY-050X-013
-50,-14,-14,-50,QY-050X-014
-50,-15,-15,-50,QY-050X-015
-50,-16,-16,-50,QY-050X-016
-50,-17,-17,-50,QY-050X-017
-50,-18,-18,-50,QY-050X-018
-50,-19,-19,-50,QY-050X-019
-50,-20,-20,-50,QY-050X-020
-50,-21,-21,-50,QY-050X-021
-50,-22,-22,-50,QY-050X-022
-50,-23,-23,-50,QY-050X-023
-50,-24,-24,-50,QY-050X-024
-50,-25,-25,-50,QY-050X-025
-50,-26,-26,-50,QY-050X-026
-50,-27,-27,-50,QY-050X-027
-50,-28,-28,-50,QY-050X-028
-50,-29,-29,-50,QY-050X-029
-50,-30,-30,-50,QY-050X-030
-50,-31,-31,-50,QY-050X-031
-50,-32,-32,-50,QY-050X-032
-50,-33,-33,-50,QY-050X-033
-50,-34,-34,-50,QY-050X-034
-50,-35,-35,-50,QY-050X-035
-50,-36,-36,-50,QY-050X-036
-50,-37,-37,-50,QY-050X-037
-49,-39,-39,-49,QY-049X-039
-49,-38,-38,-49,QY-049X-038
-49,-37,-37,-49,QY-049X-037
-49,-36,-36,-49,QY-049X-036
-49,-35,-35,-49,QY-049X-035
-49,-34,-34,-49,QY-049X-034
-49,-33,-33,-49,QY-049X-033
-49,-32,-32,-49,QY-049X-032
-49,-31,-31,-49,QY-049X-031
-49,-30,-30,-49,QY-049X-030
-49,-29,-29,-49,QY-049X-029
-49,-28,-28,-49,QY-049X-028
-49,-27,-27,-49,QY-049X-027
-49,-26,-26,-49,QY-049X-026
-49,-25,-25,-49,QY-049X-025
-49,-24,-24,-49,QY-049X-024
-49,-23,-23,-49,QY-049X-023
-49,-22,-22,-49,QY-049X-022
-49,-21,-21,-49,QY-049X-021
-49,-20,-20,-49,QY-049X-020
-49,-19,-19,-49,QY-049X-019
-49,-18,-18,-49,QY-049X-018
-49,-17,-17,-49,QY-049X-017
-49,-16,-16,-49,QY-049X-016
-49,-15,-15,-49,QY-049X-015
-49,-14,-14,-49,QY-049X-014
-49,-13,-13,-49,QY-049X-013
-49,-12,-12,-49,QY-049X-012
-49,-11,-11,-49,QY-049X-011
-49,-10,-10,-49,QY-049X-010
-49,-9,-9,-49,QY-049X-009
-49,-8,-8,-49,QY-049X-008
-49,-7,-7,-49,QY-049X-007
-49,-6,-6,-49,QY-049X-006
-49,-5,-5,-49,QY-049X-005
-49,-4,-4,-49,QY-049X-004
-49,-3,-3,-49,QY-049X-003
-49,-2,-2,-49,QY-049X-002
-49,-1,-1,-49,QY-049X-001
-49,0,0,-49,QY-049X0000
-49,1,1,-49,QY-049X0001
-49,2,2,-49,QY-049X0002
-49,3,3,-49,QY-049X0003
-49,4,4,-49,QY-049X0004
-49,5,5,-49,QY-049X0005
-49,6,6,-49,QY-049X0006
-49,7,7,-49,QY-049X0007
-49,8,8,-49,QY-049X0008
-49,9,9,-49,QY-049X0009
-49,10,10,-49,QY-049X0010
-49,11,11,-49,QY-049X0011
-49,12,12,-49,QY-049X0012
-49,13,13,-49,QY-049X0013
-49,14,14,-49,QY-049X0014
-49,15,15,-49,QY-049X0015
-49,16,16,-49,QY-049X0016
-49,17,17,-49,QY-049X0017
-49,18,18,-49,QY-049X0018
-49,19,19,-49,QY-049X0019
-49,20,20,-49,QY-049X0020
-49,21,21,-49,QY-049X0021
-49,22,22,-49,QY-049X0022
-49,23,23,-49,QY-049X0023
-49,24,24,-49,QY-049X0024
-49,25,25,-49,QY-049X0025
-49,26,26,-49,QY-049X0026
-49,27,27,-49,QY-049X0027
-49,28,28,-49,QY-049X0028
-49,29,29,-49,QY-049X0029
-49,30,30,-49,QY-049X0030
-49,31,31,-49,QY-049X0031
-49,32,32,-49,QY-049X0032
-49,33,33,-49,QY-049X0033
-49,34,34,-49,QY-049X0034
-49,35,35,-49,QY-049X0035
-49,36,36,-49,QY-049X0036
-49,37,37,-49,QY-049X0037
-49,38,38,-49,QY-049X0038
-49,39,39,-49,QY-049X0039
-49,40,40,-49,QY-049X0040
-49,41,41,-49,QY-049X0041
-49,42,42,-49,QY-049X0042
-49,43,43,-49,QY-049X0043
-49,44,44,-49,QY-049X0044
-49,45,45,-49,QY-049X0045
-49,46,46,-49,QY-049X0046
-49,47,47,-49,QY-049X0047
-49,48,48,-49,QY-049X0048
-48,50,50,-48,QY-048X0050
-48,49,49,-48,QY-048X0049
-48,48,48,-48,QY-048X0048
-48,47,47,-48,QY-048X0047
-48,46,46,-48,QY-048X0046
-48,45,45,-48,QY-048X0045
-48,44,44,-48,QY-048X0044
-48,43,43,-48,QY-048X0043
-48,42,42,-48,QY-048X0042
-48,41,41,-48,QY-048X0041
-48,40,40,-48,QY-048X0040
-48,39,39,-48,QY-048X0039
-48,38,38,-48,QY-048X0038
-48,37,37,-48,QY-048X0037
-48,36,36,-48,QY-048X0036
-48,35,35,-48,QY-048X0035
-48,34,34,-48,QY-048X0034
-48,33,33,-48,QY-048X0033
-48,32,32,-48,QY-048X0032
-48,31,31,-48,QY-048X0031
-48,30,30,-48,QY-048X0030
-48,29,29,-48,QY-048X0029
-48,28,28,-48,QY-048X0028
-48,27,27,-48,QY-048X0027
-48,26,26,-48,QY-048X0026
-48,25,25,-48,QY-048X0025
-48,24,24,-48,QY-048X0024
-48,23,23,-48,QY-048X0023
-48,22,22,-48,QY-048X0022
-48,21,21,-48,QY-048X0021
-48,20,20,-48,QY-048X0020
-48,19,19,-48,QY-048X0019
-48,18,18,-48,QY-048X0018
-48,17,17,-48,QY-048X0017
-48,16,16,-48,QY-048X0016
-48,15,15,-48,QY-048X0015
-48,14,14,-48,QY-048X0014
-48,13,13,-48,QY-048X0013
-48,12,12,-48,QY-048X0012
-48,11,11,-48,QY-048X0011
-48,10,10,-48,QY-048X0010
-48,9,9,-48,QY-048X0009
-48,8,8,-48,QY-048X0008
-48,7,7,-48,QY-048X0007
-48,6,6,-48,QY-048X0006
-48,5,5,-48,QY-048X0005
-48,4,4,-48,QY-048X0004
-48,3,3,-48,QY-048X0003
-48,2,2,-48,QY-048X0002
-48,1,1,-48,QY-048X0001
-48,0,0,-48,QY-048X0000
-48,-1,-1,-48,QY-048X-001
-48,-2,-2,-48,QY-048X-002
-48,-3,-3,-48,QY-048X-003
-48,-4,-4,-48,QY-048X-004
-48,-5,-5,-48,QY-048X-005
-48,-6,-6,-48,QY-048X-006
-48,-7,-7,-48,QY-048X-007
-48,-8,-8,-48,QY-048X-008
-48,-9,-9,-48,QY-048X-009
-48,-10,-10,-48,QY-048X-010
-48,-11,-11,-48,QY-048X-011
-48,-12,-12,-48,QY-048X-012
-48,-13,-13,-48,QY-048X-013
-48,-14,-14,-48,QY-048X-014
-48,-15,-15,-48,QY-048X-015
-48,-16,-16,-48,QY-048X-016
-48,-17,-17,-48,QY-048X-017
-48,-18,-18,-48,QY-048X-018
-48,-19,-19,-48,QY-048X-019
-48,-20,-20,-48,QY-048X-020
-48,-21,-21,-48,QY-048X-021
-48,-22,-22,-48,QY-048X-022
-48,-23,-23,-48,QY-048X-023
-48,-24,-24,-48,QY-048X-024
-48,-25,-25,-48,QY-048X-025
-48,-26,-26,-48,QY-048X-026
-48,-27,-27,-48,QY-048X-027
-48,-28,-28,-48,QY-048X-028
-48,-29,-29,-48,QY-048X-029
-48,-30,-30,-48,QY-048X-030
-48,-31,-31,-48,QY-048X-031
-48,-32,-32,-48,QY-048X-032
-48,-33,-33,-48,QY-048X-033
-48,-34,-34,-48,QY-048X-034
-48,-35,-35,-48,QY-048X-035
-48,-36,-36,-48,QY-048X-036
-48,-37,-37,-48,QY-048X-037
-48,-38,-38,-48,QY-048X-038
-48,-39,-39,-48,QY-048X-039
-48,-40,-40,-48,QY-048X-040
-47,-41,-41,-47,QY-047X-041
-47,-40,-40,-47,QY-047X-040
-47,-39,-39,-47,QY-047X-039
-47,-38,-38,-47,QY-047X-038
-47,-37,-37,-47,QY-047X-037
-47,-36,-36,-47,QY-047X-036
-47,-35,-35,-47,QY-047X-035
-47,-34,-34,-47,QY-047X-034
-47,-33,-33,-47,QY-047X-033
-47,-32,-32,-47,QY-047X-032
-47,-31,-31,-47,QY-047X-031
-47,-30,-30,-47,QY-047X-030
-47,-29,-29,-47,QY-047X-029
-47,-28,-28,-47,QY-047X-028
-47,-27,-27,-47,QY-047X-027
-47,-26,-26,-47,QY-047X-026
-47,-25,-25,-47,QY-047X-025
-47,-24,-24,-47,QY-047X-024
-47,-23,-23,-47,QY-047X-023
-47,-22,-22,-47,QY-047X-022
-47,-21,-21,-47,QY-047X-021
-47,-20,-20,-47,QY-047X-020
-47,-19,-19,-47,QY-047X-019
-47,-18,-18,-47,QY-047X-018
-47,-17,-17,-47,QY-047X-017
-47,-16,-16,-47,QY-047X-016
-47,-15,-15,-47,QY-047X-015
-47,-14,-14,-47,QY-047X-014
-47,-13,-13,-47,QY-047X-013
-47,-12,-12,-47,QY-047X-012
-47,-11,-11,-47,QY-047X-011
-47,-10,-10,-47,QY-047X-010
-47,-9,-9,-47,QY-047X-009
-47,-8,-8,-47,QY-047X-008
-47,-7,-7,-47,QY-047X-007
-47,-6,-6,-47,QY-047X-006
-47,-5,-5,-47,QY-047X-005
-47,-4,-4,-47,QY-047X-004
-47,-3,-3,-47,QY-047X-003
-47,-2,-2,-47,QY-047X-002
-47,-1,-1,-47,QY-047X-001
-47,0,0,-47,QY-047X0000
-47,1,1,-47,QY-047X0001
-47,2,2,-47,QY-047X0002
-47,3,3,-47,QY-047X0003
-47,4,4,-47,QY-047X0004
-47,5,5,-47,QY-047X0005
-47,6,6,-47,QY-047X0006
-47,7,7,-47,QY-047X0007
-47,8,8,-47,QY-047X0008
-47,9,9,-47,QY-047X0009
-47,10,10,-47,QY-047X0010
-47,11,11,-47,QY-047X0011
-47,12,12,-47,QY-047X0012
-47,13,13,-47,QY-047X0013
-47,14,14,-47,QY-047X0014
-47,15,15,-47,QY-047X0015
-47,16,16,-47,QY-047X0016
-47,17,17,-47,QY-047X0017
-47,18,18,-47,QY-047X0018
-47,19,19,-47,QY-047X0019
-47,20,20,-47,QY-047X0020
-47,21,21,-47,QY-047X0021
-47,22,22,-47,QY-047X0022
-47,23,23,-47,QY-047X0023
-47,24,24,-47,QY-047X0024
-47,25,25,-47,QY-047X0025
-47,26,26,-47,QY-047X0026
-47,27,27,-47,QY-047X0027
-47,28,28,-47,QY-047X0028
-47,29,29,-47,QY-047X0029
-47,30,30,-47,QY-047X0030
-47,31,31,-47,QY-047X0031
-47,32,32,-47,QY-047X0032
-47,33,33,-47,QY-047X0033
-47,34,34,-47,QY-047X0034
-47,35,35,-47,QY-047X0035
-47,36,36,-47,QY-047X0036
-47,37,37,-47,QY-047X0037
-47,38,38,-47,QY-047X0038
-47,39,39,-47,QY-047X0039
-47,40,40,-47,QY-047X0040
-47,41,41,-47,QY-047X0041
-47,42,42,-47,QY-047X0042
-47,43,43,-47,QY-047X0043
-47,44,44,-47,QY-047X0044
-47,45,45,-47,QY-047X0045
-47,46,46,-47,QY-047X0046
-47,47,47,-47,QY-047X0047
-47,48,48,-47,QY-047X0048
-47,49,49,-47,QY-047X0049
-47,50,50,-47,QY-047X0050
-47,51,51,-47,QY-047X0051
-46,52,52,-46,QY-046X0052
-46,51,51,-46,QY-046X0051
-46,50,50,-46,QY-046X0050
-46,49,49,-46,QY-046X0049
-46,48,48,-46,QY-046X0048
-46,47,47,-46,QY-046X0047
-46,46,46,-46,QY-046X0046
-46,45,45,-46,QY-046X0045
-46,44,44,-46,QY-046X0044
-46,43,43,-46,QY-046X0043
-46,42,42,-46,QY-046X0042
-46,41,41,-46,QY-046X0041
-46,40,40,-46,QY-046X0040
-46,39,39,-46,QY-046X0039
-46,38,38,-46,QY-046X0038
-46,37,37,-46,QY-046X0037
-46,36,36,-46,QY-046X0036
-46,35,35,-46,QY-046X0035
-46,34,34,-46,QY-046X0034
-46,33,33,-46,QY-046X0033
-46,32,32,-46,QY-046X0032
-46,31,31,-46,QY-046X0031
-46,30,30,-46,QY-046X0030
-46,29,29,-46,QY-046X0029
-46,28,28,-46,QY-046X0028
-46,27,27,-46,QY-046X0027
-46,26,26,-46,QY-046X0026
-46,25,25,-46,QY-046X0025
-46,24,24,-46,QY-046X0024
-46,23,23,-46,QY-046X0023
-46,22,22,-46,QY-046X0022
-46,21,21,-46,QY-046X0021
-46,20,20,-46,QY-046X0020
-46,19,19,-46,QY-046X0019
-46,18,18,-46,QY-046X0018
-46,17,17,-46,QY-046X0017
-46,16,16,-46,QY-046X0016
-46,15,15,-46,QY-046X0015
-46,14,14,-46,QY-046X0014
-46,13,13,-46,QY-046X0013
-46,12,12,-46,QY-046X0012
-46,11,11,-46,QY-046X0011
-46,10,10,-46,QY-046X0010
-46,9,9,-46,QY-046X0009
-46,8,8,-46,QY-046X0008
-46,7,7,-46,QY-046X0007
-46,6,6,-46,QY-046X0006
-46,5,5,-46,QY-046X0005
-46,4,4,-46,QY-046X0004
-46,3,3,-46,QY-046X0003
-46,2,2,-46,QY-046X0002
-46,1,1,-46,QY-046X0001
-46,0,0,-46,QY-046X0000
-46,-1,-1,-46,QY-046X-001
-46,-2,-2,-46,QY-046X-002
-46,-3,-3,-46,QY-046X-003
-46,-4,-4,-46,QY-046X-004
-46,-5,-5,-46,QY-046X-005
-46,-6,-6,-46,QY-046X-006
-46,-7,-7,-46,QY-046X-007
-46,-8,-8,-46,QY-046X-008
-46,-9,-9,-46,QY-046X-009
-46,-10,-10,-46,QY-046X-010
-46,-11,-11,-46,QY-046X-011
-46,-12,-12,-46,QY-046X-012
-46,-13,-13,-46,QY-046X-013
-46,-14,-14,-46,QY-046X-014
-46,-15,-15,-46,QY-046X-015
-46,-16,-16,-46,QY-046X-016
-46,-17,-17,-46,QY-046X-017
-46,-18,-18,-46,QY-046X-018
-46,-19,-19,-46,QY-046X-019
-46,-20,-20,-46,QY-046X-020
-46,-21,-21,-46,QY-046X-021
-46,-22,-22,-46,QY-046X-022
-46,-23,-23,-46,QY-046X-023
-46,-24,-24,-46,QY-046X-024
-46,-25,-25,-46,QY-046X-025
-46,-26,-26,-46,QY-046X-026
-46,-27,-27,-46,QY-046X-027
-46,-28,-28,-46,QY-046X-028
-46,-29,-29,-46,QY-046X-029
-46,-30,-30,-46,QY-046X-030
-46,-31,-31,-46,QY-046X-031
-46,-32,-32,-46,QY-046X-032
-46,-33,-33,-46,QY-046X-033
-46,-34,-34,-46,QY-046X-034
-46,-35,-35,-46,QY-046X-035
-46,-36,-36,-46,QY-046X-036
-46,-37,-37,-46,QY-046X-037
-46,-38,-38,-46,QY-046X-038
-46,-39,-39,-46,QY-046X-039
-46,-40,-40,-46,QY-046X-040
-46,-41,-41,-46,QY-046X-041
-46,-42,-42,-46,QY-046X-042
-45,-43,-43,-45,QY-045X-043
-45,-42,-42,-45,QY-045X-042
-45,-41,-41,-45,QY-045X-041
-45,-40,-40,-45,QY-045X-040
-45,-39,-39,-45,QY-045X-039
-45,-38,-38,-45,QY-045X-038
-45,-37,-37,-45,QY-045X-037
-45,-36,-36,-45,QY-045X-036
-45,-35,-35,-45,QY-045X-035
-45,-34,-34,-45,QY-045X-034
-45,-33,-33,-45,QY-045X-033
-45,-32,-32,-45,QY-045X-032
-45,-31,-31,-45,QY-045X-031
-45,-30,-30,-45,QY-045X-030
-45,-29,-29,-45,QY-045X-029
-45,-28,-28,-45,QY-045X-028
-45,-27,-27,-45,QY-045X-027
-45,-26,-26,-45,QY-045X-026
-45,-25,-25,-45,QY-045X-025
-45,-24,-24,-45,QY-045X-024
-45,-23,-23,-45,QY-045X-023
-45,-22,-22,-45,QY-045X-022
-45,-21,-21,-45,QY-045X-021
-45,-20,-20,-45,QY-045X-020
-45,-19,-19,-45,QY-045X-019
-45,-18,-18,-45,QY-045X-018
-45,-17,-17,-45,QY-045X-017
-45,-16,-16,-45,QY-045X-016
-45,-15,-15,-45,QY-045X-015
-45,-14,-14,-45,QY-045X-014
-45,-13,-13,-45,QY-045X-013
-45,-12,-12,-45,QY-045X-012
-45,-11,-11,-45,QY-045X-011
-45,-10,-10,-45,QY-045X-010
-45,-9,-9,-45,QY-045X-009
-45,-8,-8,-45,QY-045X-008
-45,-7,-7,-45,QY-045X-007
-45,-6,-6,-45,QY-045X-006
-45,-5,-5,-45,QY-045X-005
-45,-4,-4,-45,QY-045X-004
-45,-3,-3,-45,QY-045X-003
-45,-2,-2,-45,QY-045X-002
-45,-1,-1,-45,QY-045X-001
-45,0,0,-45,QY-045X0000
-45,1,1,-45,QY-045X0001
-45,2,2,-45,QY-045X0002
-45,3,3,-45,QY-045X0003
-45,4,4,-45,QY-045X0004
-45,5,5,-45,QY-045X0005
-45,6,6,-45,QY-045X0006
-45,7,7,-45,QY-045X0007
-45,8,8,-45,QY-045X0008
-45,9,9,-45,QY-045X0009
-45,10,10,-45,QY-045X0010
-45,11,11,-45,QY-045X0011
-45,12,12,-45,QY-045X0012
-45,13,13,-45,QY-045X0013
-45,14,14,-45,QY-045X0014
-45,15,15,-45,QY-045X0015
-45,16,16,-45,QY-045X0016
-45,17,17,-45,QY-045X0017
-45,18,18,-45,QY-045X0018
-45,19,19,-45,QY-045X0019
-45,20,20,-45,QY-045X0020
-45,21,21,-45,QY-045X0021
-45,22,22,-45,QY-045X0022
-45,23,23,-45,QY-045X0023
-45,24,24,-45,QY-045X0024
-45,25,25,-45,QY-045X0025
-45,26,26,-45,QY-045X0026
-45,27,27,-45,QY-045X0027
-45,28,28,-45,QY-045X0028
-45,29,29,-45,QY-045X0029
-45,30,30,-45,QY-045X0030
-45,31,31,-45,QY-045X0031
-45,32,32,-45,QY-045X0032
-45,33,33,-45,QY-045X0033
-45,34,34,-45,QY-045X0034
-45,35,35,-45,QY-045X0035
-45,36,36,-45,QY-045X0036
-45,37,37,-45,QY-045X0037
-45,38,38,-45,QY-045X0038
-45,39,39,-45,QY-045X0039
-45,40,40,-45,QY-045X0040
-45,41,41,-45,QY-045X0041
-45,42,42,-45,QY-045X0042
-45,43,43,-45,QY-045X0043
-45,44,44,-45,QY-045X0044
-45,45,45,-45,QY-045X0045
-45,46,46,-45,QY-045X0046
-45,47,47,-45,QY-045X0047
-45,48,48,-45,QY-045X0048
-45,49,49,-45,QY-045X0049
-45,50,50,-45,QY-045X0050
-45,51,51,-45,QY-045X0051
-45,52,52,-45,QY-045X0052
-45,53,53,-45,QY-045X0053
-44,54,54,-44,QY-044X0054
-44,53,53,-44,QY-044X0053
-44,52,52,-44,QY-044X0052
-44,51,51,-44,QY-044X0051
-44,50,50,-44,QY-044X0050
-44,49,49,-44,QY-044X0049
-44,48,48,-44,QY-044X0048
-44,47,47,-44,QY-044X0047
-44,46,46,-44,QY-044X0046
-44,45,45,-44,QY-044X0045
-44,44,44,-44,QY-044X0044
-44,43,43,-44,QY-044X0043
-44,42,42,-44,QY-044X0042
-44,41,41,-44,QY-044X0041
-44,40,40,-44,QY-044X0040
-44,39,39,-44,QY-044X0039
-44,38,38,-44,QY-044X0038
-44,37,37,-44,QY-044X0037
-44,36,36,-44,QY-044X0036
-44,35,35,-44,QY-044X0035
-44,34,34,-44,QY-044X0034
-44,33,33,-44,QY-044X0033
-44,32,32,-44,QY-044X0032
-44,31,31,-44,QY-044X0031
-44,30,30,-44,QY-044X0030
-44,29,29,-44,QY-044X0029
-44,28,28,-44,QY-044X0028
-44,27,27,-44,QY-044X0027
-44,26,26,-44,QY-044X0026
-44,25,25,-44,QY-044X0025
-44,24,24,-44,QY-044X0024
-44,23,23,-44,QY-044X0023
-44,22,22,-44,QY-044X0022
-44,21,21,-44,QY-044X0021
-44,20,20,-44,QY-044X0020
-44,19,19,-44,QY-044X0019
-44,18,18,-44,QY-044X0018
-44,17,17,-44,QY-044X0017
-44,16,16,-44,QY-044X0016
-44,15,15,-44,QY-044X0015
-44,14,14,-44,QY-044X0014
-44,13,13,-44,QY-044X0013
-44,12,12,-44,QY-044X0012
-44,11,11,-44,QY-044X0011
-44,10,10,-44,QY-044X0010
-44,9,9,-44,QY-044X0009
-44,8,8,-44,QY-044X0008
-44,7,7,-44,QY-044X0007
-44,6,6,-44,QY-044X0006
-44,5,5,-44,QY-044X0005
-44,4,4,-44,QY-044X0004
-44,3,3,-44,QY-044X0003
-44,2,2,-44,QY-044X0002
-44,1,1,-44,QY-044X0001
-44,0,0,-44,QY-044X0000
-44,-1,-1,-44,QY-044X-001
-44,-2,-2,-44,QY-044X-002
-44,-3,-3,-44,QY-044X-003
-44,-4,-4,-44,QY-044X-004
-44,-5,-5,-44,QY-044X-005
-44,-6,-6,-44,QY-044X-006
-44,-7,-7,-44,QY-044X-007
-44,-8,-8,-44,QY-044X-008
-44,-9,-9,-44,QY-044X-009
-44,-10,-10,-44,QY-044X-010
-44,-11,-11,-44,QY-044X-011
-44,-12,-12,-44,QY-044X-012
-44,-13,-13,-44,QY-044X-013
-44,-14,-14,-44,QY-044X-014
-44,-15,-15,-44,QY-044X-015
-44,-16,-16,-44,QY-044X-016
-44,-17,-17,-44,QY-044X-017
-44,-18,-18,-44,QY-044X-018
-44,-19,-19,-44,QY-044X-019
-44,-20,-20,-44,QY-044X-020
-44,-21,-21,-44,QY-044X-021
-44,-22,-22,-44,QY-044X-022
-44,-23,-23,-44,QY-044X-023
-44,-24,-24,-44,QY-044X-024
-44,-25,-25,-44,QY-044X-025
-44,-26,-26,-44,QY-044X-026
-44,-27,-27,-44,QY-044X-027
-44,-28,-28,-44,QY-044X-028
-44,-29,-29,-44,QY-044X-029
-44,-30,-30,-44,QY-044X-030
-44,-31,-31,-44,QY-044X-031
-44,-32,-32,-44,QY-044X-032
-44,-33,-33,-44,QY-044X-033
-44,-34,-34,-44,QY-044X-034
-44,-35,-35,-44,QY-044X-035
-44,-36,-36,-44,QY-044X-036
-44,-37,-37,-44,QY-044X-037
-44,-38,-38,-44,QY-044X-038
-44,-39,-39,-44,QY-044X-039
-44,-40,-40,-44,QY-044X-040
-44,-41,-41,-44,QY-044X-041
-44,-42,-42,-44,QY-044X-042
-44,-43,-43,-44,QY-044X-043
-44,-44,-44,-44,QY-044X-044
-43,-45,-45,-43,QY-043X-045
-43,-44,-44,-43,QY-043X-044
-43,-43,-43,-43,QY-043X-043
-43,-42,-42,-43,QY-043X-042
-43,-41,-41,-43,QY-043X-041
-43,-40,-40,-43,QY-043X-040
-43,-39,-39,-43,QY-043X-039
-43,-38,-38,-43,QY-043X-038
-43,-37,-37,-43,QY-043X-037
-43,-36,-36,-43,QY-043X-036
-43,-35,-35,-43,QY-043X-035
-43,-34,-34,-43,QY-043X-034
-43,-33,-33,-43,QY-043X-033
-43,-32,-32,-43,QY-043X-032
-43,-31,-31,-43,QY-043X-031
-43,-30,-30,-43,QY-043X-030
-43,-29,-29,-43,QY-043X-029
-43,-28,-28,-43,QY-043X-028
-43,-27,-27,-43,QY-043X-027
-43,-26,-26,-43,QY-043X-026
-43,-25,-25,-43,QY-043X-025
-43,-24,-24,-43,QY-043X-024
-43,-23,-23,-43,QY-043X-023
-43,-22,-22,-43,QY-043X-022
-43,-21,-21,-43,QY-043X-021
-43,-20,-20,-43,QY-043X-020
-43,-19,-19,-43,QY-043X-019
-43,-18,-18,-43,QY-043X-018
-43,-17,-17,-43,QY-043X-017
-43,-16,-16,-43,QY-043X-016
-43,-15,-15,-43,QY-043X-015
-43,-14,-14,-43,QY-043X-014
-43,-13,-13,-43,QY-043X-013
-43,-12,-12,-43,QY-043X-012
-43,-11,-11,-43,QY-043X-011
-43,-10,-10,-43,QY-043X-010
-43,-9,-9,-43,QY-043X-009
-43,-8,-8,-43,QY-043X-008
-43,-7,-7,-43,QY-043X-007
-43,-6,-6,-43,QY-043X-006
-43,-5,-5,-43,QY-043X-005
-43,-4,-4,-43,QY-043X-004
-43,-3,-3,-43,QY-043X-003
-43,-2,-2,-43,QY-043X-002
-43,-1,-1,-43,QY-043X-001
-43,0,0,-43,QY-043X0000
-43,1,1,-43,QY-043X0001
-43,2,2,-43,QY-043X0002
-43,3,3,-43,QY-043X0003
-43,4,4,-43,QY-043X0004
-43,5,5,-43,QY-043X0005
-43,6,6,-43,QY-043X0006
-43,7,7,-43,QY-043X0007
-43,8,8,-43,QY-043X0008
-43,9,9,-43,QY-043X0009
-43,10,10,-43,QY-043X0010
-43,11,11,-43,QY-043X0011
-43,12,12,-43,QY-043X0012
-43,13,13,-43,QY-043X0013
-43,14,14,-43,QY-043X0014
-43,15,15,-43,QY-043X0015
-43,16,16,-43,QY-043X0016
-43,17,17,-43,QY-043X0017
-43,18,18,-43,QY-043X0018
-43,19,19,-43,QY-043X0019
-43,20,20,-43,QY-043X0020
-43,21,21,-43,QY-043X0021
-43,22,22,-43,QY-043X0022
-43,23,23,-43,QY-043X0023
-43,24,24,-43,QY-043X0024
-43,25,25,-43,QY-043X0025
-43,26,26,-43,QY-043X0026
-43,27,27,-43,QY-043X0027
-43,28,28,-43,QY-043X0028
-43,29,29,-43,QY-043X0029
-43,30,30,-43,QY-043X0030
-43,31,31,-43,QY-043X0031
-43,32,32,-43,QY-043X0032
-43,33,33,-43,QY-043X0033
-43,34,34,-43,QY-043X0034
-43,35,35,-43,QY-043X0035
-43,36,36,-43,QY-043X0036
-43,37,37,-43,QY-043X0037
-43,38,38,-43,QY-043X0038
-43,39,39,-43,QY-043X0039
-43,40,40,-43,QY-043X0040
-43,41,41,-43,QY-043X0041
-43,42,42,-43,QY-043X0042
-43,43,43,-43,QY-043X0043
-43,44,44,-43,QY-043X0044
-43,45,45,-43,QY-043X0045
-43,46,46,-43,QY-043X0046
-43,47,47,-43,QY-043X0047
-43,48,48,-43,QY-043X0048
-43,49,49,-43,QY-043X0049
-43,50,50,-43,QY-043X0050
-43,51,51,-43,QY-043X0051
-43,52,52,-43,QY-043X0052
-43,53,53,-43,QY-043X0053
-43,54,54,-43,QY-043X0054
-43,55,55,-43,QY-043X0055
-42,56,56,-42,QY-042X0056
-42,55,55,-42,QY-042X0055
-42,54,54,-42,QY-042X0054
-42,53,53,-42,QY-042X0053
-42,52,52,-42,QY-042X0052
-42,51,51,-42,QY-042X0051
-42,50,50,-42,QY-042X0050
-42,49,49,-42,QY-042X0049
-42,48,48,-42,QY-042X0048
-42,47,47,-42,QY-042X0047
-42,46,46,-42,QY-042X0046
-42,45,45,-42,QY-042X0045
-42,44,44,-42,QY-042X0044
-42,43,43,-42,QY-042X0043
-42,42,42,-42,QY-042X0042
-42,41,41,-42,QY-042X0041
-42,40,40,-42,QY-042X0040
-42,39,39,-42,QY-042X0039
-42,38,38,-42,QY-042X0038
-42,37,37,-42,QY-042X0037
-42,36,36,-42,QY-042X0036
-42,35,35,-42,QY-042X0035
-42,34,34,-42,QY-042X0034
-42,33,33,-42,QY-042X0033
-42,32,32,-42,QY-042X0032
-42,31,31,-42,QY-042X0031
-42,30,30,-42,QY-042X0030
-42,29,29,-42,QY-042X0029
-42,28,28,-42,QY-042X0028
-42,27,27,-42,QY-042X0027
-42,26,26,-42,QY-042X0026
-42,25,25,-42,QY-042X0025
-42,24,24,-42,QY-042X0024
-42,23,23,-42,QY-042X0023
-42,22,22,-42,QY-042X0022
-42,21,21,-42,QY-042X0021
-42,20,20,-42,QY-042X0020
-42,19,19,-42,QY-042X0019
-42,18,18,-42,QY-042X0018
-42,17,17,-42,QY-042X0017
-42,16,16,-42,QY-042X0016
-42,15,15,-42,QY-042X0015
-42,14,14,-42,QY-042X0014
-42,13,13,-42,QY-042X0013
-42,12,12,-42,QY-042X0012
-42,11,11,-42,QY-042X0011
-42,10,10,-42,QY-042X0010
-42,9,9,-42,QY-042X0009
-42,8,8,-42,QY-042X0008
-42,7,7,-42,QY-042X0007
-42,6,6,-42,QY-042X0006
-42,5,5,-42,QY-042X0005
-42,4,4,-42,QY-042X0004
-42,3,3,-42,QY-042X0003
-42,2,2,-42,QY-042X0002
-42,1,1,-42,QY-042X0001
-42,0,0,-42,QY-042X0000
-42,-1,-1,-42,QY-042X-001
-42,-2,-2,-42,QY-042X-002
-42,-3,-3,-42,QY-042X-003
-42,-4,-4,-42,QY-042X-004
-42,-5,-5,-42,QY-042X-005
-42,-6,-6,-42,QY-042X-006
-42,-7,-7,-42,QY-042X-007
-42,-8,-8,-42,QY-042X-008
-42,-9,-9,-42,QY-042X-009
-42,-10,-10,-42,QY-042X-010
-42,-11,-11,-42,QY-042X-011
-42,-12,-12,-42,QY-042X-012
-42,-13,-13,-42,QY-042X-013
-42,-14,-14,-42,QY-042X-014
-42,-15,-15,-42,QY-042X-015
-42,-16,-16,-42,QY-042X-016
-42,-17,-17,-42,QY-042X-017
-42,-18,-18,-42,QY-042X-018
-42,-19,-19,-42,QY-042X-019
-42,-20,-20,-42,QY-042X-020
-42,-21,-21,-42,QY-042X-021
-42,-22,-22,-42,QY-042X-022
-42,-23,-23,-42,QY-042X-023
-42,-24,-24,-42,QY-042X-024
-42,-25,-25,-42,QY-042X-025
-42,-26,-26,-42,QY-042X-026
-42,-27,-27,-42,QY-042X-027
-42,-28,-28,-42,QY-042X-028
-42,-29,-29,-42,QY-042X-029
-42,-30,-30,-42,QY-042X-030
-42,-31,-31,-42,QY-042X-031
-42,-32,-32,-42,QY-042X-032
-42,-33,-33,-42,QY-042X-033
-42,-34,-34,-42,QY-042X-034
-42,-35,-35,-42,QY-042X-035
-42,-36,-36,-42,QY-042X-036
-42,-37,-37,-42,QY-042X-037
-42,-38,-38,-42,QY-042X-038
-42,-39,-39,-42,QY-042X-039
-42,-40,-40,-42,QY-042X-040
-42,-41,-41,-42,QY-042X-041
-42,-42,-42,-42,QY-042X-042
-42,-43,-43,-42,QY-042X-043
-42,-44,-44,-42,QY-042X-044
-42,-45,-45,-42,QY-042X-045
-42,-46,-46,-42,QY-042X-046
-41,-47,-47,-41,QY-041X-047
-41,-46,-46,-41,QY-041X-046
-41,-45,-45,-41,QY-041X-045
-41,-44,-44,-41,QY-041X-044
-41,-43,-43,-41,QY-041X-043
-41,-42,-42,-41,QY-041X-042
-41,-41,-41,-41,QY-041X-041
-41,-40,-40,-41,QY-041X-040
-41,-39,-39,-41,QY-041X-039
-41,-38,-38,-41,QY-041X-038
-41,-37,-37,-41,QY-041X-037
-41,-36,-36,-41,QY-041X-036
-41,-35,-35,-41,QY-041X-035
-41,-34,-34,-41,QY-041X-034
-41,-33,-33,-41,QY-041X-033
-41,-32,-32,-41,QY-041X-032
-41,-31,-31,-41,QY-041X-031
-41,-30,-30,-41,QY-041X-030
-41,-29,-29,-41,QY-041X-029
-41,-28,-28,-41,QY-041X-028
-41,-27,-27,-41,QY-041X-027
-41,-26,-26,-41,QY-041X-026
-41,-25,-25,-41,QY-041X-025
-41,-24,-24,-41,QY-041X-024
-41,-23,-23,-41,QY-041X-023
-41,-22,-22,-41,QY-041X-022
-41,-21,-21,-41,QY-041X-021
-41,-20,-20,-41,QY-041X-020
-41,-19,-19,-41,QY-041X-019
-41,-18,-18,-41,QY-041X-018
-41,-17,-17,-41,QY-041X-017
-41,-16,-16,-41,QY-041X-016
-41,-15,-15,-41,QY-041X-015
-41,-14,-14,-41,QY-041X-014
-41,-13,-13,-41,QY-041X-013
-41,-12,-12,-41,QY-041X-012
-41,-11,-11,-41,QY-041X-011
-41,-10,-10,-41,QY-041X-010
-41,-9,-9,-41,QY-041X-009
-41,-8,-8,-41,QY-041X-008
-41,-7,-7,-41,QY-041X-007
-41,-6,-6,-41,QY-041X-006
-41,-5,-5,-41,QY-041X-005
-41,-4,-4,-41,QY-041X-004
-41,-3,-3,-41,QY-041X-003
-41,-2,-2,-41,QY-041X-002
-41,-1,-1,-41,QY-041X-001
-41,0,0,-41,QY-041X0000
-41,1,1,-41,QY-041X0001
-41,2,2,-41,QY-041X0002
-41,3,3,-41,QY-041X0003
-41,4,4,-41,QY-041X0004
-41,5,5,-41,QY-041X0005
-41,6,6,-41,QY-041X0006
-41,7,7,-41,QY-041X0007
-41,8,8,-41,QY-041X0008
-41,9,9,-41,QY-041X0009
-41,10,10,-41,QY-041X0010
-41,11,11,-41,QY-041X0011
-41,12,12,-41,QY-041X0012
-41,13,13,-41,QY-041X0013
-41,14,14,-41,QY-041X0014
-41,15,15,-41,QY-041X0015
-41,16,16,-41,QY-041X0016
-41,17,17,-41,QY-041X0017
-41,18,18,-41,QY-041X0018
-41,19,19,-41,QY-041X0019
-41,20,20,-41,QY-041X0020
-41,21,21,-41,QY-041X0021
-41,22,22,-41,QY-041X0022
-41,23,23,-41,QY-041X0023
-41,24,24,-41,QY-041X0024
-41,25,25,-41,QY-041X0025
-41,26,26,-41,QY-041X0026
-41,27,27,-41,QY-041X0027
-41,28,28,-41,QY-041X0028
-41,29,29,-41,QY-041X0029
-41,30,30,-41,QY-041X0030
-41,31,31,-41,QY-041X0031
-41,32,32,-41,QY-041X0032
-41,33,33,-41,QY-041X0033
-41,34,34,-41,QY-041X0034
-41,35,35,-41,QY-041X0035
-41,36,36,-41,QY-041X0036
-41,37,37,-41,QY-041X0037
-41,38,38,-41,QY-041X0038
-41,39,39,-41,QY-041X0039
-41,40,40,-41,QY-041X0040
-41,41,41,-41,QY-041X0041
-41,42,42,-41,QY-041X0042
-41,43,43,-41,QY-041X0043
-41,44,44,-41,QY-041X0044
-41,45,45,-41,QY-041X0045
-41,46,46,-41,QY-041X0046
-41,47,47,-41,QY-041X0047
-41,48,48,-41,QY-041X0048
-41,49,49,-41,QY-041X0049
-41,50,50,-41,QY-041X0050
-41,51,51,-41,QY-041X0051
-41,52,52,-41,QY-041X0052
-41,53,53,-41,QY-041X0053
-41,54,54,-41,QY-041X0054
-41,55,55,-41,QY-041X0055
-41,56,56,-41,QY-041X0056
-40,57,57,-40,QY-040X0057
-40,56,56,-40,QY-040X0056
-40,55,55,-40,QY-040X0055
-40,54,54,-40,QY-040X0054
-40,53,53,-40,QY-040X0053
-40,52,52,-40,QY-040X0052
-40,51,51,-40,QY-040X0051
-40,50,50,-40,QY-040X0050
-40,49,49,-40,QY-040X0049
-40,48,48,-40,QY-040X0048
-40,47,47,-40,QY-040X0047
-40,46,46,-40,QY-040X0046
-40,45,45,-40,QY-040X0045
-40,44,44,-40,QY-040X0044
-40,43,43,-40,QY-040X0043
-40,42,42,-40,QY-040X0042
-40,41,41,-40,QY-040X0041
-40,40,40,-40,QY-040X0040
-40,39,39,-40,QY-040X0039
-40,38,38,-40,QY-040X0038
-40,37,37,-40,QY-040X0037
-40,36,36,-40,QY-040X0036
-40,35,35,-40,QY-040X0035
-40,34,34,-40,QY-040X0034
-40,33,33,-40,QY-040X0033
-40,32,32,-40,QY-040X0032
-40,31,31,-40,QY-040X0031
-40,30,30,-40,QY-040X0030
-40,29,29,-40,QY-040X0029
-40,28,28,-40,QY-040X0028
-40,27,27,-40,QY-040X0027
-40,26,26,-40,QY-040X0026
-40,25,25,-40,QY-040X0025
-40,24,24,-40,QY-040X0024
-40,23,23,-40,QY-040X0023
-40,22,22,-40,QY-040X0022
-40,21,21,-40,QY-040X0021
-40,20,20,-40,QY-040X0020
-40,19,19,-40,QY-040X0019
-40,18,18,-40,QY-040X0018
-40,17,17,-40,QY-040X0017
-40,16,16,-40,QY-040X0016
-40,15,15,-40,QY-040X0015
-40,14,14,-40,QY-040X0014
-40,13,13,-40,QY-040X0013
-40,12,12,-40,QY-040X0012
-40,11,11,-40,QY-040X0011
-40,10,10,-40,QY-040X0010
-40,9,9,-40,QY-040X0009
-40,8,8,-40,QY-040X0008
-40,7,7,-40,QY-040X0007
-40,6,6,-40,QY-040X0006
-40,5,5,-40,QY-040X0005
-40,4,4,-40,QY-040X0004
-40,3,3,-40,QY-040X0003
-40,2,2,-40,QY-040X0002
-40,1,1,-40,QY-040X0001
-40,0,0,-40,QY-040X0000
-40,-1,-1,-40,QY-040X-001
-40,-2,-2,-40,QY-040X-002
-40,-3,-3,-40,QY-040X-003
-40,-4,-4,-40,QY-040X-004
-40,-5,-5,-40,QY-040X-005
-40,-6,-6,-40,QY-040X-006
-40,-7,-7,-40,QY-040X-007
-40,-8,-8,-40,QY-040X-008
-40,-9,-9,-40,QY-040X-009
-40,-10,-10,-40,QY-040X-010
-40,-11,-11,-40,QY-040X-011
-40,-12,-12,-40,QY-040X-012
-40,-13,-13,-40,QY-040X-013
-40,-14,-14,-40,QY-040X-014
-40,-15,-15,-40,QY-040X-015
-40,-16,-16,-40,QY-040X-016
-40,-17,-17,-40,QY-040X-017
-40,-18,-18,-40,QY-040X-018
-40,-19,-19,-40,QY-040X-019
-40,-20,-20,-40,QY-040X-020
-40,-21,-21,-40,QY-040X-021
-40,-22,-22,-40,QY-040X-022
-40,-23,-23,-40,QY-040X-023
-40,-24,-24,-40,QY-040X-024
-40,-25,-25,-40,QY-040X-025
-40,-26,-26,-40,QY-040X-026
-40,-27,-27,-40,QY-040X-027
-40,-28,-28,-40,QY-040X-028
-40,-29,-29,-40,QY-040X-029
-40,-30,-30,-40,QY-040X-030
-40,-31,-31,-40,QY-040X-031
-40,-32,-32,-40,QY-040X-032
-40,-33,-33,-40,QY-040X-033
-40,-34,-34,-40,QY-040X-034
-40,-35,-35,-40,QY-040X-035
-40,-36,-36,-40,QY-040X-036
-40,-37,-37,-40,QY-040X-037
-40,-38,-38,-40,QY-040X-038
-40,-39,-39,-40,QY-040X-039
-40,-40,-40,-40,QY-040X-040
-40,-41,-41,-40,QY-040X-041
-40,-42,-42,-40,QY-040X-042
-40,-43,-43,-40,QY-040X-043
-40,-44,-44,-40,QY-040X-044
-40,-45,-45,-40,QY-040X-045
-40,-46,-46,-40,QY-040X-046
-40,-47,-47,-40,QY-040X-047
-39,-48,-48,-39,QY-039X-048
-39,-47,-47,-39,QY-039X-047
-39,-46,-46,-39,QY-039X-046
-39,-45,-45,-39,QY-039X-045
-39,-44,-44,-39,QY-039X-044
-39,-43,-43,-39,QY-039X-043
-39,-42,-42,-39,QY-039X-042
-39,-41,-41,-39,QY-039X-041
-39,-40,-40,-39,QY-039X-040
-39,-39,-39,-39,QY-039X-039
-39,-38,-38,-39,QY-039X-038
-39,-37,-37,-39,QY-039X-037
-39,-36,-36,-39,QY-039X-036
-39,-35,-35,-39,QY-039X-035
-39,-34,-34,-39,QY-039X-034
-39,-33,-33,-39,QY-039X-033
-39,-32,-32,-39,QY-039X-032
-39,-31,-31,-39,QY-039X-031
-39,-30,-30,-39,QY-039X-030
-39,-29,-29,-39,QY-039X-029
-39,-28,-28,-39,QY-039X-028
-39,-27,-27,-39,QY-039X-027
-39,-26,-26,-39,QY-039X-026
-39,-25,-25,-39,QY-039X-025
-39,-24,-24,-39,QY-039X-024
-39,-23,-23,-39,QY-039X-023
-39,-22,-22,-39,QY-039X-022
-39,-21,-21,-39,QY-039X-021
-39,-20,-20,-39,QY-039X-020
-39,-19,-19,-39,QY-039X-019
-39,-18,-18,-39,QY-039X-018
-39,-17,-17,-39,QY-039X-017
-39,-16,-16,-39,QY-039X-016
-39,-15,-15,-39,QY-039X-015
-39,-14,-14,-39,QY-039X-014
-39,-13,-13,-39,QY-039X-013
-39,-12,-12,-39,QY-039X-012
-39,-11,-11,-39,QY-039X-011
-39,-10,-10,-39,QY-039X-010
-39,-9,-9,-39,QY-039X-009
-39,-8,-8,-39,QY-039X-008
-39,-7,-7,-39,QY-039X-007
-39,-6,-6,-39,QY-039X-006
-39,-5,-5,-39,QY-039X-005
-39,-4,-4,-39,QY-039X-004
-39,-3,-3,-39,QY-039X-003
-39,-2,-2,-39,QY-039X-002
-39,-1,-1,-39,QY-039X-001
-39,0,0,-39,QY-039X0000
-39,1,1,-39,QY-039X0001
-39,2,2,-39,QY-039X0002
-39,3,3,-39,QY-039X0003
-39,4,4,-39,QY-039X0004
-39,5,5,-39,QY-039X0005
-39,6,6,-39,QY-039X0006
-39,7,7,-39,QY-039X0007
-39,8,8,-39,QY-039X0008
-39,9,9,-39,QY-039X0009
-39,10,10,-39,QY-039X0010
-39,11,11,-39,QY-039X0011
-39,12,12,-39,QY-039X0012
-39,13,13,-39,QY-039X0013
-39,14,14,-39,QY-039X0014
-39,15,15,-39,QY-039X0015
-39,16,16,-39,QY-039X0016
-39,17,17,-39,QY-039X0017
-39,18,18,-39,QY-039X0018
-39,19,19,-39,QY-039X0019
-39,20,20,-39,QY-039X0020
-39,21,21,-39,QY-039X0021
-39,22,22,-39,QY-039X0022
-39,23,23,-39,QY-039X0023
-39,24,24,-39,QY-039X0024
-39,25,25,-39,QY-039X0025
-39,26,26,-39,QY-039X0026
-39,27,27,-39,QY-039X0027
-39,28,28,-39,QY-039X0028
-39,29,29,-39,QY-039X0029
-39,30,30,-39,QY-039X0030
-39,31,31,-39,QY-039X0031
-39,32,32,-39,QY-039X0032
-39,33,33,-39,QY-039X0033
-39,34,34,-39,QY-039X0034
-39,35,35,-39,QY-039X0035
-39,36,36,-39,QY-039X0036
-39,37,37,-39,QY-039X0037
-39,38,38,-39,QY-039X0038
-39,39,39,-39,QY-039X0039
-39,40,40,-39,QY-039X0040
-39,41,41,-39,QY-039X0041
-39,42,42,-39,QY-039X0042
-39,43,43,-39,QY-039X0043
-39,44,44,-39,QY-039X0044
-39,45,45,-39,QY-039X0045
-39,46,46,-39,QY-039X0046
-39,47,47,-39,QY-039X0047
-39,48,48,-39,QY-039X0048
-39,49,49,-39,QY-039X0049
-39,50,50,-39,QY-039X0050
-39,51,51,-39,QY-039X0051
-39,52,52,-39,QY-039X0052
-39,53,53,-39,QY-039X0053
-39,54,54,-39,QY-039X0054
-39,55,55,-39,QY-039X0055
-39,56,56,-39,QY-039X0056
-39,57,57,-39,QY-039X0057
-39,58,58,-39,QY-039X0058
-38,59,59,-38,QY-038X0059
-38,58,58,-38,QY-038X0058
-38,57,57,-38,QY-038X0057
-38,56,56,-38,QY-038X0056
-38,55,55,-38,QY-038X0055
-38,54,54,-38,QY-038X0054
-38,53,53,-38,QY-038X0053
-38,52,52,-38,QY-038X0052
-38,51,51,-38,QY-038X0051
-38,50,50,-38,QY-038X0050
-38,49,49,-38,QY-038X0049
-38,48,48,-38,QY-038X0048
-38,47,47,-38,QY-038X0047
-38,46,46,-38,QY-038X0046
-38,45,45,-38,QY-038X0045
-38,44,44,-38,QY-038X0044
-38,43,43,-38,QY-038X0043
-38,42,42,-38,QY-038X0042
-38,41,41,-38,QY-038X0041
-38,40,40,-38,QY-038X0040
-38,39,39,-38,QY-038X0039
-38,38,38,-38,QY-038X0038
-38,37,37,-38,QY-038X0037
-38,36,36,-38,QY-038X0036
-38,35,35,-38,QY-038X0035
-38,34,34,-38,QY-038X0034
-38,33,33,-38,QY-038X0033
-38,32,32,-38,QY-038X0032
-38,31,31,-38,QY-038X0031
-38,30,30,-38,QY-038X0030
-38,29,29,-38,QY-038X0029
-38,28,28,-38,QY-038X0028
-38,27,27,-38,QY-038X0027
-38,26,26,-38,QY-038X0026
-38,25,25,-38,QY-038X0025
-38,24,24,-38,QY-038X0024
-38,23,23,-38,QY-038X0023
-38,22,22,-38,QY-038X0022
-38,21,21,-38,QY-038X0021
-38,20,20,-38,QY-038X0020
-38,19,19,-38,QY-038X0019
-38,18,18,-38,QY-038X0018
-38,17,17,-38,QY-038X0017
-38,16,16,-38,QY-038X0016
-38,15,15,-38,QY-038X0015
-38,14,14,-38,QY-038X0014
-38,13,13,-38,QY-038X0013
-38,12,12,-38,QY-038X0012
-38,11,11,-38,QY-038X0011
-38,10,10,-38,QY-038X0010
-38,9,9,-38,QY-038X0009
-38,8,8,-38,QY-038X0008
-38,7,7,-38,QY-038X0007
-38,6,6,-38,QY-038X0006
-38,5,5,-38,QY-038X0005
-38,4,4,-38,QY-038X0004
-38,3,3,-38,QY-038X0003
-38,2,2,-38,QY-038X0002
-38,1,1,-38,QY-038X0001
-38,0,0,-38,QY-038X0000
-38,-1,-1,-38,QY-038X-001
-38,-2,-2,-38,QY-038X-002
-38,-3,-3,-38,QY-038X-003
-38,-4,-4,-38,QY-038X-004
-38,-5,-5,-38,QY-038X-005
-38,-6,-6,-38,QY-038X-006
-38,-7,-7,-38,QY-038X-007
-38,-8,-8,-38,QY-038X-008
-38,-9,-9,-38,QY-038X-009
-38,-10,-10,-38,QY-038X-010
-38,-11,-11,-38,QY-038X-011
-38,-12,-12,-38,QY-038X-012
-38,-13,-13,-38,QY-038X-013
-38,-14,-14,-38,QY-038X-014
-38,-15,-15,-38,QY-038X-015
-38,-16,-16,-38,QY-038X-016
-38,-17,-17,-38,QY-038X-017
-38,-18,-18,-38,QY-038X-018
-38,-19,-19,-38,QY-038X-019
-38,-20,-20,-38,QY-038X-020
-38,-21,-21,-38,QY-038X-021
-38,-22,-22,-38,QY-038X-022
-38,-23,-23,-38,QY-038X-023
-38,-24,-24,-38,QY-038X-024
-38,-25,-25,-38,QY-038X-025
-38,-26,-26,-38,QY-038X-026
-38,-27,-27,-38,QY-038X-027
-38,-28,-28,-38,QY-038X-028
-38,-29,-29,-38,QY-038X-029
-38,-30,-30,-38,QY-038X-030
-38,-31,-31,-38,QY-038X-031
-38,-32,-32,-38,QY-038X-032
-38,-33,-33,-38,QY-038X-033
-38,-34,-34,-38,QY-038X-034
-38,-35,-35,-38,QY-038X-035
-38,-36,-36,-38,QY-038X-036
-38,-37,-37,-38,QY-038X-037
-38,-38,-38,-38,QY-038X-038
-38,-39,-39,-38,QY-038X-039
-38,-40,-40,-38,QY-038X-040
-38,-41,-41,-38,QY-038X-041
-38,-42,-42,-38,QY-038X-042
-38,-43,-43,-38,QY-038X-043
-38,-44,-44,-38,QY-038X-044
-38,-45,-45,-38,QY-038X-045
-38,-46,-46,-38,QY-038X-046
-38,-47,-47,-38,QY-038X-047
-38,-48,-48,-38,QY-038X-048
-38,-49,-49,-38,QY-038X-049
-37,-50,-50,-37,QY-037X-050
-37,-49,-49,-37,QY-037X-049
-37,-48,-48,-37,QY-037X-048
-37,-47,-47,-37,QY-037X-047
-37,-46,-46,-37,QY-037X-046
-37,-45,-45,-37,QY-037X-045
-37,-44,-44,-37,QY-037X-044
-37,-43,-43,-37,QY-037X-043
-37,-42,-42,-37,QY-037X-042
-37,-41,-41,-37,QY-037X-041
-37,-40,-40,-37,QY-037X-040
-37,-39,-39,-37,QY-037X-039
-37,-38,-38,-37,QY-037X-038
-37,-37,-37,-37,QY-037X-037
-37,-36,-36,-37,QY-037X-036
-37,-35,-35,-37,QY-037X-035
-37,-34,-34,-37,QY-037X-034
-37,-33,-33,-37,QY-037X-033
-37,-32,-32,-37,QY-037X-032
-37,-31,-31,-37,QY-037X-031
-37,-30,-30,-37,QY-037X-030
-37,-29,-29,-37,QY-037X-029
-37,-28,-28,-37,QY-037X-028
-37,-27,-27,-37,QY-037X-027
-37,-26,-26,-37,QY-037X-026
-37,-25,-25,-37,QY-037X-025
-37,-24,-24,-37,QY-037X-024
-37,-23,-23,-37,QY-037X-023
-37,-22,-22,-37,QY-037X-022
-37,-21,-21,-37,QY-037X-021
-37,-20,-20,-37,QY-037X-020
-37,-19,-19,-37,QY-037X-019
-37,-18,-18,-37,QY-037X-018
-37,-17,-17,-37,QY-037X-017
-37,-16,-16,-37,QY-037X-016
-37,-15,-15,-37,QY-037X-015
-37,-14,-14,-37,QY-037X-014
-37,-13,-13,-37,QY-037X-013
-37,-12,-12,-37,QY-037X-012
-37,-11,-11,-37,QY-037X-011
-37,-10,-10,-37,QY-037X-010
-37,-9,-9,-37,QY-037X-009
-37,-8,-8,-37,QY-037X-008
-37,-7,-7,-37,QY-037X-007
-37,-6,-6,-37,QY-037X-006
-37,-5,-5,-37,QY-037X-005
-37,-4,-4,-37,QY-037X-004
-37,-3,-3,-37,QY-037X-003
-37,-2,-2,-37,QY-037X-002
-37,-1,-1,-37,QY-037X-001
-37,0,0,-37,QY-037X0000
-37,1,1,-37,QY-037X0001
-37,2,2,-37,QY-037X0002
-37,3,3,-37,QY-037X0003
-37,4,4,-37,QY-037X0004
-37,5,5,-37,QY-037X0005
-37,6,6,-37,QY-037X0006
-37,7,7,-37,QY-037X0007
-37,8,8,-37,QY-037X0008
-37,9,9,-37,QY-037X0009
-37,10,10,-37,QY-037X0010
-37,11,11,-37,QY-037X0011
-37,12,12,-37,QY-037X0012
-37,13,13,-37,QY-037X0013
-37,14,14,-37,QY-037X0014
-37,15,15,-37,QY-037X0015
-37,16,16,-37,QY-037X0016
-37,17,17,-37,QY-037X0017
-37,18,18,-37,QY-037X0018
-37,19,19,-37,QY-037X0019
-37,20,20,-37,QY-037X0020
-37,21,21,-37,QY-037X0021
-37,22,22,-37,QY-037X0022
-37,23,23,-37,QY-037X0023
-37,24,24,-37,QY-037X0024
-37,25,25,-37,QY-037X0025
-37,26,26,-37,QY-037X0026
-37,27,27,-37,QY-037X0027
-37,28,28,-37,QY-037X0028
-37,29,29,-37,QY-037X0029
-37,30,30,-37,QY-037X0030
-37,31,31,-37,QY-037X0031
-37,32,32,-37,QY-037X0032
-37,33,33,-37,QY-037X0033
-37,34,34,-37,QY-037X0034
-37,35,35,-37,QY-037X0035
-37,36,36,-37,QY-037X0036
-37,37,37,-37,QY-037X0037
-37,38,38,-37,QY-037X0038
-37,39,39,-37,QY-037X0039
-37,40,40,-37,QY-037X0040
-37,41,41,-37,QY-037X0041
-37,42,42,-37,QY-037X0042
-37,43,43,-37,QY-037X0043
-37,44,44,-37,QY-037X0044
-37,45,45,-37,QY-037X0045
-37,46,46,-37,QY-037X0046
-37,47,47,-37,QY-037X0047
-37,48,48,-37,QY-037X0048
-37,49,49,-37,QY-037X0049
-37,50,50,-37,QY-037X0050
-37,51,51,-37,QY-037X0051
-37,52,52,-37,QY-037X0052
-37,53,53,-37,QY-037X0053
-37,54,54,-37,QY-037X0054
-37,55,55,-37,QY-037X0055
-37,56,56,-37,QY-037X0056
-37,57,57,-37,QY-037X0057
-37,58,58,-37,QY-037X0058
-37,59,59,-37,QY-037X0059
-37,60,60,-37,QY-037X0060
-36,60,60,-36,QY-036X0060
-36,59,59,-36,QY-036X0059
-36,58,58,-36,QY-036X0058
-36,57,57,-36,QY-036X0057
-36,56,56,-36,QY-036X0056
-36,55,55,-36,QY-036X0055
-36,54,54,-36,QY-036X0054
-36,53,53,-36,QY-036X0053
-36,52,52,-36,QY-036X0052
-36,51,51,-36,QY-036X0051
-36,50,50,-36,QY-036X0050
-36,49,49,-36,QY-036X0049
-36,48,48,-36,QY-036X0048
-36,47,47,-36,QY-036X0047
-36,46,46,-36,QY-036X0046
-36,45,45,-36,QY-036X0045
-36,44,44,-36,QY-036X0044
-36,43,43,-36,QY-036X0043
-36,42,42,-36,QY-036X0042
-36,41,41,-36,QY-036X0041
-36,40,40,-36,QY-036X0040
-36,39,39,-36,QY-036X0039
-36,38,38,-36,QY-036X0038
-36,37,37,-36,QY-036X0037
-36,36,36,-36,QY-036X0036
-36,35,35,-36,QY-036X0035
-36,34,34,-36,QY-036X0034
-36,33,33,-36,QY-036X0033
-36,32,32,-36,QY-036X0032
-36,31,31,-36,QY-036X0031
-36,30,30,-36,QY-036X0030
-36,29,29,-36,QY-036X0029
-36,28,28,-36,QY-036X0028
-36,27,27,-36,QY-036X0027
-36,26,26,-36,QY-036X0026
-36,25,25,-36,QY-036X0025
-36,24,24,-36,QY-036X0024
-36,23,23,-36,QY-036X0023
-36,22,22,-36,QY-036X0022
-36,21,21,-36,QY-036X0021
-36,20,20,-36,QY-036X0020
-36,19,19,-36,QY-036X0019
-36,18,18,-36,QY-036X0018
-36,17,17,-36,QY-036X0017
-36,16,16,-36,QY-036X0016
-36,15,15,-36,QY-036X0015
-36,14,14,-36,QY-036X0014
-36,13,13,-36,QY-036X0013
-36,12,12,-36,QY-036X0012
-36,11,11,-36,QY-036X0011
-36,10,10,-36,QY-036X0010
-36,9,9,-36,QY-036X0009
-36,8,8,-36,QY-036X0008
-36,7,7,-36,QY-036X0007
-36,6,6,-36,QY-036X0006
-36,5,5,-36,QY-036X0005
-36,4,4,-36,QY-036X0004
-36,3,3,-36,QY-036X0003
-36,2,2,-36,QY-036X0002
-36,1,1,-36,QY-036X0001
-36,0,0,-36,QY-036X0000
-36,-1,-1,-36,QY-036X-001
-36,-2,-2,-36,QY-036X-002
-36,-3,-3,-36,QY-036X-003
-36,-4,-4,-36,QY-036X-004
-36,-5,-5,-36,QY-036X-005
-36,-6,-6,-36,QY-036X-006
-36,-7,-7,-36,QY-036X-007
-36,-8,-8,-36,QY-036X-008
-36,-9,-9,-36,QY-036X-009
-36,-10,-10,-36,QY-036X-010
-36,-11,-11,-36,QY-036X-011
-36,-12,-12,-36,QY-036X-012
-36,-13,-13,-36,QY-036X-013
-36,-14,-14,-36,QY-036X-014
-36,-15,-15,-36,QY-036X-015
-36,-16,-16,-36,QY-036X-016
-36,-17,-17,-36,QY-036X-017
-36,-18,-18,-36,QY-036X-018
-36,-19,-19,-36,QY-036X-019
-36,-20,-20,-36,QY-036X-020
-36,-21,-21,-36,QY-036X-021
-36,-22,-22,-36,QY-036X-022
-36,-23,-23,-36,QY-036X-023
-36,-24,-24,-36,QY-036X-024
-36,-25,-25,-36,QY-036X-025
-36,-26,-26,-36,QY-036X-026
-36,-27,-27,-36,QY-036X-027
-36,-28,-28,-36,QY-036X-028
-36,-29,-29,-36,QY-036X-029
-36,-30,-30,-36,QY-036X-030
-36,-31,-31,-36,QY-036X-031
-36,-32,-32,-36,QY-036X-032
-36,-33,-33,-36,QY-036X-033
-36,-34,-34,-36,QY-036X-034
-36,-35,-35,-36,QY-036X-035
-36,-36,-36,-36,QY-036X-036
-36,-37,-37,-36,QY-036X-037
-36,-38,-38,-36,QY-036X-038
-36,-39,-39,-36,QY-036X-039
-36,-40,-40,-36,QY-036X-040
-36,-41,-41,-36,QY-036X-041
-36,-42,-42,-36,QY-036X-042
-36,-43,-43,-36,QY-036X-043
-36,-44,-44,-36,QY-036X-044
-36,-45,-45,-36,QY-036X-045
-36,-46,-46,-36,QY-036X-046
-36,-47,-47,-36,QY-036X-047
-36,-48,-48,-36,QY-036X-048
-36,-49,-49,-36,QY-036X-049
-36,-50,-50,-36,QY-036X-050
-35,-51,-51,-35,QY-035X-051
-35,-50,-50,-35,QY-035X-050
-35,-49,-49,-35,QY-035X-049
-35,-48,-48,-35,QY-035X-048
-35,-47,-47,-35,QY-035X-047
-35,-46,-46,-35,QY-035X-046
-35,-45,-45,-35,QY-035X-045
-35,-44,-44,-35,QY-035X-044
-35,-43,-43,-35,QY-035X-043
-35,-42,-42,-35,QY-035X-042
-35,-41,-41,-35,QY-035X-041
-35,-40,-40,-35,QY-035X-040
-35,-39,-39,-35,QY-035X-039
-35,-38,-38,-35,QY-035X-038
-35,-37,-37,-35,QY-035X-037
-35,-36,-36,-35,QY-035X-036
-35,-35,-35,-35,QY-035X-035
-35,-34,-34,-35,QY-035X-034
-35,-33,-33,-35,QY-035X-033
-35,-32,-32,-35,QY-035X-032
-35,-31,-31,-35,QY-035X-031
-35,-30,-30,-35,QY-035X-030
-35,-29,-29,-35,QY-035X-029
-35,-28,-28,-35,QY-035X-028
-35,-27,-27,-35,QY-035X-027
-35,-26,-26,-35,QY-035X-026
-35,-25,-25,-35,QY-035X-025
-35,-24,-24,-35,QY-035X-024
-35,-23,-23,-35,QY-035X-023
-35,-22,-22,-35,QY-035X-022
-35,-21,-21,-35,QY-035X-021
-35,-20,-20,-35,QY-035X-020
-35,-19,-19,-35,QY-035X-019
-35,-18,-18,-35,QY-035X-018
-35,-17,-17,-35,QY-035X-017
-35,-16,-16,-35,QY-035X-016
-35,-15,-15,-35,QY-035X-015
-35,-14,-14,-35,QY-035X-014
-35,-13,-13,-35,QY-035X-013
-35,-12,-12,-35,QY-035X-012
-35,-11,-11,-35,QY-035X-011
-35,-10,-10,-35,QY-035X-010
-35,-9,-9,-35,QY-035X-009
-35,-8,-8,-35,QY-035X-008
-35,-7,-7,-35,QY-035X-007
-35,-6,-6,-35,QY-035X-006
-35,-5,-5,-35,QY-035X-005
-35,-4,-4,-35,QY-035X-004
-35,-3,-3,-35,QY-035X-003
-35,-2,-2,-35,QY-035X-002
-35,-1,-1,-35,QY-035X-001
-35,0,0,-35,QY-035X0000
-35,1,1,-35,QY-035X0001
-35,2,2,-35,QY-035X0002
-35,3,3,-35,QY-035X0003
-35,4,4,-35,QY-035X0004
-35,5,5,-35,QY-035X0005
-35,6,6,-35,QY-035X0006
-35,7,7,-35,QY-035X0007
-35,8,8,-35,QY-035X0008
-35,9,9,-35,QY-035X0009
-35,10,10,-35,QY-035X0010
-35,11,11,-35,QY-035X0011
-35,12,12,-35,QY-035X0012
-35,13,13,-35,QY-035X0013
-35,14,14,-35,QY-035X0014
-35,15,15,-35,QY-035X0015
-35,16,16,-35,QY-035X0016
-35,17,17,-35,QY-035X0017
-35,18,18,-35,QY-035X0018
-35,19,19,-35,QY-035X0019
-35,20,20,-35,QY-035X0020
-35,21,21,-35,QY-035X0021
-35,22,22,-35,QY-035X0022
-35,23,23,-35,QY-035X0023
-35,24,24,-35,QY-035X0024
-35,25,25,-35,QY-035X0025
-35,26,26,-35,QY-035X0026
-35,27,27,-35,QY-035X0027
-35,28,28,-35,QY-035X0028
-35,29,29,-35,QY-035X0029
-35,30,30,-35,QY-035X0030
-35,31,31,-35,QY-035X0031
-35,32,32,-35,QY-035X0032
-35,33,33,-35,QY-035X0033
-35,34,34,-35,QY-035X0034
-35,35,35,-35,QY-035X0035
-35,36,36,-35,QY-035X0036
-35,37,37,-35,QY-035X0037
-35,38,38,-35,QY-035X0038
-35,39,39,-35,QY-035X0039
-35,40,40,-35,QY-035X0040
-35,41,41,-35,QY-035X0041
-35,42,42,-35,QY-035X0042
-35,43,43,-35,QY-035X0043
-35,44,44,-35,QY-035X0044
-35,45,45,-35,QY-035X0045
-35,46,46,-35,QY-035X0046
-35,47,47,-35,QY-035X0047
-35,48,48,-35,QY-035X0048
-35,49,49,-35,QY-035X0049
-35,50,50,-35,QY-035X0050
-35,51,51,-35,QY-035X0051
-35,52,52,-35,QY-035X0052
-35,53,53,-35,QY-035X0053
-35,54,54,-35,QY-035X0054
-35,55,55,-35,QY-035X0055
-35,56,56,-35,QY-035X0056
-35,57,57,-35,QY-035X0057
-35,58,58,-35,QY-035X0058
-35,59,59,-35,QY-035X0059
-35,60,60,-35,QY-035X0060
-35,61,61,-35,QY-035X0061
-34,62,62,-34,QY-034X0062
-34,61,61,-34,QY-034X0061
-34,60,60,-34,QY-034X0060
-34,59,59,-34,QY-034X0059
-34,58,58,-34,QY-034X0058
-34,57,57,-34,QY-034X0057
-34,56,56,-34,QY-034X0056
-34,55,55,-34,QY-034X0055
-34,54,54,-34,QY-034X0054
-34,53,53,-34,QY-034X0053
-34,52,52,-34,QY-034X0052
-34,51,51,-34,QY-034X0051
-34,50,50,-34,QY-034X0050
-34,49,49,-34,QY-034X0049
-34,48,48,-34,QY-034X0048
-34,47,47,-34,QY-034X0047
-34,46,46,-34,QY-034X0046
-34,45,45,-34,QY-034X0045
-34,44,44,-34,QY-034X0044
-34,43,43,-34,QY-034X0043
-34,42,42,-34,QY-034X0042
-34,41,41,-34,QY-034X0041
-34,40,40,-34,QY-034X0040
-34,39,39,-34,QY-034X0039
-34,38,38,-34,QY-034X0038
-34,37,37,-34,QY-034X0037
-34,36,36,-34,QY-034X0036
-34,35,35,-34,QY-034X0035
-34,34,34,-34,QY-034X0034
-34,33,33,-34,QY-034X0033
-34,32,32,-34,QY-034X0032
-34,31,31,-34,QY-034X0031
-34,30,30,-34,QY-034X0030
-34,29,29,-34,QY-034X0029
-34,28,28,-34,QY-034X0028
-34,27,27,-34,QY-034X0027
-34,26,26,-34,QY-034X0026
-34,25,25,-34,QY-034X0025
-34,24,24,-34,QY-034X0024
-34,23,23,-34,QY-034X0023
-34,22,22,-34,QY-034X0022
-34,21,21,-34,QY-034X0021
-34,20,20,-34,QY-034X0020
-34,19,19,-34,QY-034X0019
-34,18,18,-34,QY-034X0018
-34,17,17,-34,QY-034X0017
-34,16,16,-34,QY-034X0016
-34,15,15,-34,QY-034X0015
-34,14,14,-34,QY-034X0014
-34,13,13,-34,QY-034X0013
-34,12,12,-34,QY-034X0012
-34,11,11,-34,QY-034X0011
-34,10,10,-34,QY-034X0010
-34,9,9,-34,QY-034X0009
-34,8,8,-34,QY-034X0008
-34,7,7,-34,QY-034X0007
-34,6,6,-34,QY-034X0006
-34,5,5,-34,QY-034X0005
-34,4,4,-34,QY-034X0004
-34,3,3,-34,QY-034X0003
-34,2,2,-34,QY-034X0002
-34,1,1,-34,QY-034X0001
-34,0,0,-34,QY-034X0000
-34,-1,-1,-34,QY-034X-001
-34,-2,-2,-34,QY-034X-002
-34,-3,-3,-34,QY-034X-003
-34,-4,-4,-34,QY-034X-004
-34,-5,-5,-34,QY-034X-005
-34,-6,-6,-34,QY-034X-006
-34,-7,-7,-34,QY-034X-007
-34,-8,-8,-34,QY-034X-008
-34,-9,-9,-34,QY-034X-009
-34,-10,-10,-34,QY-034X-010
-34,-11,-11,-34,QY-034X-011
-34,-12,-12,-34,QY-034X-012
-34,-13,-13,-34,QY-034X-013
-34,-14,-14,-34,QY-034X-014
-34,-15,-15,-34,QY-034X-015
-34,-16,-16,-34,QY-034X-016
-34,-17,-17,-34,QY-034X-017
-34,-18,-18,-34,QY-034X-018
-34,-19,-19,-34,QY-034X-019
-34,-20,-20,-34,QY-034X-020
-34,-21,-21,-34,QY-034X-021
-34,-22,-22,-34,QY-034X-022
-34,-23,-23,-34,QY-034X-023
-34,-24,-24,-34,QY-034X-024
-34,-25,-25,-34,QY-034X-025
-34,-26,-26,-34,QY-034X-026
-34,-27,-27,-34,QY-034X-027
-34,-28,-28,-34,QY-034X-028
-34,-29,-29,-34,QY-034X-029
-34,-30,-30,-34,QY-034X-030
-34,-31,-31,-34,QY-034X-031
-34,-32,-32,-34,QY-034X-032
-34,-33,-33,-34,QY-034X-033
-34,-34,-34,-34,QY-034X-034
-34,-35,-35,-34,QY-034X-035
-34,-36,-36,-34,QY-034X-036
-34,-37,-37,-34,QY-034X-037
-34,-38,-38,-34,QY-034X-038
-34,-39,-39,-34,QY-034X-039
-34,-40,-40,-34,QY-034X-040
-34,-41,-41,-34,QY-034X-041
-34,-42,-42,-34,QY-034X-042
-34,-43,-43,-34,QY-034X-043
-34,-44,-44,-34,QY-034X-044
-34,-45,-45,-34,QY-034X-045
-34,-46,-46,-34,QY-034X-046
-34,-47,-47,-34,QY-034X-047
-34,-48,-48,-34,QY-034X-048
-34,-49,-49,-34,QY-034X-049
-34,-50,-50,-34,QY-034X-050
-34,-51,-51,-34,QY-034X-051
-34,-52,-52,-34,QY-034X-052
-33,-52,-52,-33,QY-033X-052
-33,-51,-51,-33,QY-033X-051
-33,-50,-50,-33,QY-033X-050
-33,-49,-49,-33,QY-033X-049
-33,-48,-48,-33,QY-033X-048
-33,-47,-47,-33,QY-033X-047
-33,-46,-46,-33,QY-033X-046
-33,-45,-45,-33,QY-033X-045
-33,-44,-44,-33,QY-033X-044
-33,-43,-43,-33,QY-033X-043
-33,-42,-42,-33,QY-033X-042
-33,-41,-41,-33,QY-033X-041
-33,-40,-40,-33,QY-033X-040
-33,-39,-39,-33,QY-033X-039
-33,-38,-38,-33,QY-033X-038
-33,-37,-37,-33,QY-033X-037
-33,-36,-36,-33,QY-033X-036
-33,-35,-35,-33,QY-033X-035
-33,-34,-34,-33,QY-033X-034
-33,-33,-33,-33,QY-033X-033
-33,-32,-32,-33,QY-033X-032
-33,-31,-31,-33,QY-033X-031
-33,-30,-30,-33,QY-033X-030
-33,-29,-29,-33,QY-033X-029
-33,-28,-28,-33,QY-033X-028
-33,-27,-27,-33,QY-033X-027
-33,-26,-26,-33,QY-033X-026
-33,-25,-25,-33,QY-033X-025
-33,-24,-24,-33,QY-033X-024
-33,-23,-23,-33,QY-033X-023
-33,-22,-22,-33,QY-033X-022
-33,-21,-21,-33,QY-033X-021
-33,-20,-20,-33,QY-033X-020
-33,-19,-19,-33,QY-033X-019
-33,-18,-18,-33,QY-033X-018
-33,-17,-17,-33,QY-033X-017
-33,-16,-16,-33,QY-033X-016
-33,-15,-15,-33,QY-033X-015
-33,-14,-14,-33,QY-033X-014
-33,-13,-13,-33,QY-033X-013
-33,-12,-12,-33,QY-033X-012
-33,-11,-11,-33,QY-033X-011
-33,-10,-10,-33,QY-033X-010
-33,-9,-9,-33,QY-033X-009
-33,-8,-8,-33,QY-033X-008
-33,-7,-7,-33,QY-033X-007
-33,-6,-6,-33,QY-033X-006
-33,-5,-5,-33,QY-033X-005
-33,-4,-4,-33,QY-033X-004
-33,-3,-3,-33,QY-033X-003
-33,-2,-2,-33,QY-033X-002
-33,-1,-1,-33,QY-033X-001
-33,0,0,-33,QY-033X0000
-33,1,1,-33,QY-033X0001
-33,2,2,-33,QY-033X0002
-33,3,3,-33,QY-033X0003
-33,4,4,-33,QY-033X0004
-33,5,5,-33,QY-033X0005
-33,6,6,-33,QY-033X0006
-33,7,7,-33,QY-033X0007
-33,8,8,-33,QY-033X0008
-33,9,9,-33,QY-033X0009
-33,10,10,-33,QY-033X0010
-33,11,11,-33,QY-033X0011
-33,12,12,-33,QY-033X0012
-33,13,13,-33,QY-033X0013
-33,14,14,-33,QY-033X0014
-33,15,15,-33,QY-033X0015
-33,16,16,-33,QY-033X0016
-33,17,17,-33,QY-033X0017
-33,18,18,-33,QY-033X0018
-33,19,19,-33,QY-033X0019
-33,20,20,-33,QY-033X0020
-33,21,21,-33,QY-033X0021
-33,22,22,-33,QY-033X0022
-33,23,23,-33,QY-033X0023
-33,24,24,-33,QY-033X0024
-33,25,25,-33,QY-033X0025
-33,26,26,-33,QY-033X0026
-33,27,27,-33,QY-033X0027
-33,28,28,-33,QY-033X0028
-33,29,29,-33,QY-033X0029
-33,30,30,-33,QY-033X0030
-33,31,31,-33,QY-033X0031
-33,32,32,-33,QY-033X0032
-33,33,33,-33,QY-033X0033
-33,34,34,-33,QY-033X0034
-33,35,35,-33,QY-033X0035
-33,36,36,-33,QY-033X0036
-33,37,37,-33,QY-033X0037
-33,38,38,-33,QY-033X0038
-33,39,39,-33,QY-033X0039
-33,40,40,-33,QY-033X0040
-33,41,41,-33,QY-033X0041
-33,42,42,-33,QY-033X0042
-33,43,43,-33,QY-033X0043
-33,44,44,-33,QY-033X0044
-33,45,45,-33,QY-033X0045
-33,46,46,-33,QY-033X0046
-33,47,47,-33,QY-033X0047
-33,48,48,-33,QY-033X0048
-33,49,49,-33,QY-033X0049
-33,50,50,-33,QY-033X0050
-33,51,51,-33,QY-033X0051
-33,52,52,-33,QY-033X0052
-33,53,53,-33,QY-033X0053
-33,54,54,-33,QY-033X0054
-33,55,55,-33,QY-033X0055
-33,56,56,-33,QY-033X0056
-33,57,57,-33,QY-033X0057
-33,58,58,-33,QY-033X0058
-33,59,59,-33,QY-033X0059
-33,60,60,-33,QY-033X0060
-33,61,61,-33,QY-033X0061
-33,62,62,-33,QY-033X0062
-32,63,63,-32,QY-032X0063
-32,62,62,-32,QY-032X0062
-32,61,61,-32,QY-032X0061
-32,60,60,-32,QY-032X0060
-32,59,59,-32,QY-032X0059
-32,58,58,-32,QY-032X0058
-32,57,57,-32,QY-032X0057
-32,56,56,-32,QY-032X0056
-32,55,55,-32,QY-032X0055
-32,54,54,-32,QY-032X0054
-32,53,53,-32,QY-032X0053
-32,52,52,-32,QY-032X0052
-32,51,51,-32,QY-032X0051
-32,50,50,-32,QY-032X0050
-32,49,49,-32,QY-032X0049
-32,48,48,-32,QY-032X0048
-32,47,47,-32,QY-032X0047
-32,46,46,-32,QY-032X0046
-32,45,45,-32,QY-032X0045
-32,44,44,-32,QY-032X0044
-32,43,43,-32,QY-032X0043
-32,42,42,-32,QY-032X0042
-32,41,41,-32,QY-032X0041
-32,40,40,-32,QY-032X0040
-32,39,39,-32,QY-032X0039
-32,38,38,-32,QY-032X0038
-32,37,37,-32,QY-032X0037
-32,36,36,-32,QY-032X0036
-32,35,35,-32,QY-032X0035
-32,34,34,-32,QY-032X0034
-32,33,33,-32,QY-032X0033
-32,32,32,-32,QY-032X0032
-32,31,31,-32,QY-032X0031
-32,30,30,-32,QY-032X0030
-32,29,29,-32,QY-032X0029
-32,28,28,-32,QY-032X0028
-32,27,27,-32,QY-032X0027
-32,26,26,-32,QY-032X0026
-32,25,25,-32,QY-032X0025
-32,24,24,-32,QY-032X0024
-32,23,23,-32,QY-032X0023
-32,22,22,-32,QY-032X0022
-32,21,21,-32,QY-032X0021
-32,20,20,-32,QY-032X0020
-32,19,19,-32,QY-032X0019
-32,18,18,-32,QY-032X0018
-32,17,17,-32,QY-032X0017
-32,16,16,-32,QY-032X0016
-32,15,15,-32,QY-032X0015
-32,14,14,-32,QY-032X0014
-32,13,13,-32,QY-032X0013
-32,12,12,-32,QY-032X0012
-32,11,11,-32,QY-032X0011
-32,10,10,-32,QY-032X0010
-32,9,9,-32,QY-032X0009
-32,8,8,-32,QY-032X0008
-32,7,7,-32,QY-032X0007
-32,6,6,-32,QY-032X0006
-32,5,5,-32,QY-032X0005
-32,4,4,-32,QY-032X0004
-32,3,3,-32,QY-032X0003
-32,2,2,-32,QY-032X0002
-32,1,1,-32,QY-032X0001
-32,0,0,-32,QY-032X0000
-32,-1,-1,-32,QY-032X-001
-32,-2,-2,-32,QY-032X-002
-32,-3,-3,-32,QY-032X-003
-32,-4,-4,-32,QY-032X-004
-32,-5,-5,-32,QY-032X-005
-32,-6,-6,-32,QY-032X-006
-32,-7,-7,-32,QY-032X-007
-32,-8,-8,-32,QY-032X-008
-32,-9,-9,-32,QY-032X-009
-32,-10,-10,-32,QY-032X-010
-32,-11,-11,-32,QY-032X-011
-32,-12,-12,-32,QY-032X-012
-32,-13,-13,-32,QY-032X-013
-32,-14,-14,-32,QY-032X-014
-32,-15,-15,-32,QY-032X-015
-32,-16,-16,-32,QY-032X-016
-32,-17,-17,-32,QY-032X-017
-32,-18,-18,-32,QY-032X-018
-32,-19,-19,-32,QY-032X-019
-32,-20,-20,-32,QY-032X-020
-32,-21,-21,-32,QY-032X-021
-32,-22,-22,-32,QY-032X-022
-32,-23,-23,-32,QY-032X-023
-32,-24,-24,-32,QY-032X-024
-32,-25,-25,-32,QY-032X-025
-32,-26,-26,-32,QY-032X-026
-32,-27,-27,-32,QY-032X-027
-32,-28,-28,-32,QY-032X-028
-32,-29,-29,-32,QY-032X-029
-32,-30,-30,-32,QY-032X-030
-32,-31,-31,-32,QY-032X-031
-32,-32,-32,-32,QY-032X-032
-32,-33,-33,-32,QY-032X-033
-32,-34,-34,-32,QY-032X-034
-32,-35,-35,-32,QY-032X-035
-32,-36,-36,-32,QY-032X-036
-32,-37,-37,-32,QY-032X-037
-32,-38,-38,-32,QY-032X-038
-32,-39,-39,-32,QY-032X-039
-32,-40,-40,-32,QY-032X-040
-32,-41,-41,-32,QY-032X-041
-32,-42,-42,-32,QY-032X-042
-32,-43,-43,-32,QY-032X-043
-32,-44,-44,-32,QY-032X-044
-32,-45,-45,-32,QY-032X-045
-32,-46,-46,-32,QY-032X-046
-32,-47,-47,-32,QY-032X-047
-32,-48,-48,-32,QY-032X-048
-32,-49,-49,-32,QY-032X-049
-32,-50,-50,-32,QY-032X-050
-32,-51,-51,-32,QY-032X-051
-32,-52,-52,-32,QY-032X-052
-32,-53,-53,-32,QY-032X-053
-31,-54,-54,-31,QY-031X-054
-31,-53,-53,-31,QY-031X-053
-31,-52,-52,-31,QY-031X-052
-31,-51,-51,-31,QY-031X-051
-31,-50,-50,-31,QY-031X-050
-31,-49,-49,-31,QY-031X-049
-31,-48,-48,-31,QY-031X-048
-31,-47,-47,-31,QY-031X-047
-31,-46,-46,-31,QY-031X-046
-31,-45,-45,-31,QY-031X-045
-31,-44,-44,-31,QY-031X-044
-31,-43,-43,-31,QY-031X-043
-31,-42,-42,-31,QY-031X-042
-31,-41,-41,-31,QY-031X-041
-31,-40,-40,-31,QY-031X-040
-31,-39,-39,-31,QY-031X-039
-31,-38,-38,-31,QY-031X-038
-31,-37,-37,-31,QY-031X-037
-31,-36,-36,-31,QY-031X-036
-31,-35,-35,-31,QY-031X-035
-31,-34,-34,-31,QY-031X-034
-31,-33,-33,-31,QY-031X-033
-31,-32,-32,-31,QY-031X-032
-31,-31,-31,-31,QY-031X-031
-31,-30,-30,-31,QY-031X-030
-31,-29,-29,-31,QY-031X-029
-31,-28,-28,-31,QY-031X-028
-31,-27,-27,-31,QY-031X-027
-31,-26,-26,-31,QY-031X-026
-31,-25,-25,-31,QY-031X-025
-31,-24,-24,-31,QY-031X-024
-31,-23,-23,-31,QY-031X-023
-31,-22,-22,-31,QY-031X-022
-31,-21,-21,-31,QY-031X-021
-31,-20,-20,-31,QY-031X-020
-31,-19,-19,-31,QY-031X-019
-31,-18,-18,-31,QY-031X-018
-31,-17,-17,-31,QY-031X-017
-31,-16,-16,-31,QY-031X-016
-31,-15,-15,-31,QY-031X-015
-31,-14,-14,-31,QY-031X-014
-31,-13,-13,-31,QY-031X-013
-31,-12,-12,-31,QY-031X-012
-31,-11,-11,-31,QY-031X-011
-31,-10,-10,-31,QY-031X-010
-31,-9,-9,-31,QY-031X-009
-31,-8,-8,-31,QY-031X-008
-31,-7,-7,-31,QY-031X-007
-31,-6,-6,-31,QY-031X-006
-31,-5,-5,-31,QY-031X-005
-31,-4,-4,-31,QY-031X-004
-31,-3,-3,-31,QY-031X-003
-31,-2,-2,-31,QY-031X-002
-31,-1,-1,-31,QY-031X-001
-31,0,0,-31,QY-031X0000
-31,1,1,-31,QY-031X0001
-31,2,2,-31,QY-031X0002
-31,3,3,-31,QY-031X0003
-31,4,4,-31,QY-031X0004
-31,5,5,-31,QY-031X0005
-31,6,6,-31,QY-031X0006
-31,7,7,-31,QY-031X0007
-31,8,8,-31,QY-031X0008
-31,9,9,-31,QY-031X0009
-31,10,10,-31,QY-031X0010
-31,11,11,-31,QY-031X0011
-31,12,12,-31,QY-031X0012
-31,13,13,-31,QY-031X0013
-31,14,14,-31,QY-031X0014
-31,15,15,-31,QY-031X0015
-31,16,16,-31,QY-031X0016
-31,17,17,-31,QY-031X0017
-31,18,18,-31,QY-031X0018
-31,19,19,-31,QY-031X0019
-31,20,20,-31,QY-031X0020
-31,21,21,-31,QY-031X0021
-31,22,22,-31,QY-031X0022
-31,23,23,-31,QY-031X0023
-31,24,24,-31,QY-031X0024
-31,25,25,-31,QY-031X0025
-31,26,26,-31,QY-031X0026
-31,27,27,-31,QY-031X0027
-31,28,28,-31,QY-031X0028
-31,29,29,-31,QY-031X0029
-31,30,30,-31,QY-031X0030
-31,31,31,-31,QY-031X0031
-31,32,32,-31,QY-031X0032
-31,33,33,-31,QY-031X0033
-31,34,34,-31,QY-031X0034
-31,35,35,-31,QY-031X0035
-31,36,36,-31,QY-031X0036
-31,37,37,-31,QY-031X0037
-31,38,38,-31,QY-031X0038
-31,39,39,-31,QY-031X0039
-31,40,40,-31,QY-031X0040
-31,41,41,-31,QY-031X0041
-31,42,42,-31,QY-031X0042
-31,43,43,-31,QY-031X0043
-31,44,44,-31,QY-031X0044
-31,45,45,-31,QY-031X0045
-31,46,46,-31,QY-031X0046
-31,47,47,-31,QY-031X0047
-31,48,48,-31,QY-031X0048
-31,49,49,-31,QY-031X0049
-31,50,50,-31,QY-031X0050
-31,51,51,-31,QY-031X0051
-31,52,52,-31,QY-031X0052
-31,53,53,-31,QY-031X0053
-31,54,54,-31,QY-031X0054
-31,55,55,-31,QY-031X0055
-31,56,56,-31,QY-031X0056
-31,57,57,-31,QY-031X0057
-31,58,58,-31,QY-031X0058
-31,59,59,-31,QY-031X0059
-31,60,60,-31,QY-031X0060
-31,61,61,-31,QY-031X0061
-31,62,62,-31,QY-031X0062
-31,63,63,-31,QY-031X0063
-31,64,64,-31,QY-031X0064
-30,64,64,-30,QY-030X0064
-30,63,63,-30,QY-030X0063
-30,62,62,-30,QY-030X0062
-30,61,61,-30,QY-030X0061
-30,60,60,-30,QY-030X0060
-30,59,59,-30,QY-030X0059
-30,58,58,-30,QY-030X0058
-30,57,57,-30,QY-030X0057
-30,56,56,-30,QY-030X0056
-30,55,55,-30,QY-030X0055
-30,54,54,-30,QY-030X0054
-30,53,53,-30,QY-030X0053
-30,52,52,-30,QY-030X0052
-30,51,51,-30,QY-030X0051
-30,50,50,-30,QY-030X0050
-30,49,49,-30,QY-030X0049
-30,48,48,-30,QY-030X0048
-30,47,47,-30,QY-030X0047
-30,46,46,-30,QY-030X0046
-30,45,45,-30,QY-030X0045
-30,44,44,-30,QY-030X0044
-30,43,43,-30,QY-030X0043
-30,42,42,-30,QY-030X0042
-30,41,41,-30,QY-030X0041
-30,40,40,-30,QY-030X0040
-30,39,39,-30,QY-030X0039
-30,38,38,-30,QY-030X0038
-30,37,37,-30,QY-030X0037
-30,36,36,-30,QY-030X0036
-30,35,35,-30,QY-030X0035
-30,34,34,-30,QY-030X0034
-30,33,33,-30,QY-030X0033
-30,32,32,-30,QY-030X0032
-30,31,31,-30,QY-030X0031
-30,30,30,-30,QY-030X0030
-30,29,29,-30,QY-030X0029
-30,28,28,-30,QY-030X0028
-30,27,27,-30,QY-030X0027
-30,26,26,-30,QY-030X0026
-30,25,25,-30,QY-030X0025
-30,24,24,-30,QY-030X0024
-30,23,23,-30,QY-030X0023
-30,22,22,-30,QY-030X0022
-30,21,21,-30,QY-030X0021
-30,20,20,-30,QY-030X0020
-30,19,19,-30,QY-030X0019
-30,18,18,-30,QY-030X0018
-30,17,17,-30,QY-030X0017
-30,16,16,-30,QY-030X0016
-30,15,15,-30,QY-030X0015
-30,14,14,-30,QY-030X0014
-30,13,13,-30,QY-030X0013
-30,12,12,-30,QY-030X0012
-30,11,11,-30,QY-030X0011
-30,10,10,-30,QY-030X0010
-30,9,9,-30,QY-030X0009
-30,8,8,-30,QY-030X0008
-30,7,7,-30,QY-030X0007
-30,6,6,-30,QY-030X0006
-30,5,5,-30,QY-030X0005
-30,4,4,-30,QY-030X0004
-30,3,3,-30,QY-030X0003
-30,2,2,-30,QY-030X0002
-30,1,1,-30,QY-030X0001
-30,0,0,-30,QY-030X0000
-30,-1,-1,-30,QY-030X-001
-30,-2,-2,-30,QY-030X-002
-30,-3,-3,-30,QY-030X-003
-30,-4,-4,-30,QY-030X-004
-30,-5,-5,-30,QY-030X-005
-30,-6,-6,-30,QY-030X-006
-30,-7,-7,-30,QY-030X-007
-30,-8,-8,-30,QY-030X-008
-30,-9,-9,-30,QY-030X-009
-30,-10,-10,-30,QY-030X-010
-30,-11,-11,-30,QY-030X-011
-30,-12,-12,-30,QY-030X-012
-30,-13,-13,-30,QY-030X-013
-30,-14,-14,-30,QY-030X-014
-30,-15,-15,-30,QY-030X-015
-30,-16,-16,-30,QY-030X-016
-30,-17,-17,-30,QY-030X-017
-30,-18,-18,-30,QY-030X-018
-30,-19,-19,-30,QY-030X-019
-30,-20,-20,-30,QY-030X-020
-30,-21,-21,-30,QY-030X-021
-30,-22,-22,-30,QY-030X-022
-30,-23,-23,-30,QY-030X-023
-30,-24,-24,-30,QY-030X-024
-30,-25,-25,-30,QY-030X-025
-30,-26,-26,-30,QY-030X-026
-30,-27,-27,-30,QY-030X-027
-30,-28,-28,-30,QY-030X-028
-30,-29,-29,-30,QY-030X-029
-30,-30,-30,-30,QY-030X-030
-30,-31,-31,-30,QY-030X-031
-30,-32,-32,-30,QY-030X-032
-30,-33,-33,-30,QY-030X-033
-30,-34,-34,-30,QY-030X-034
-30,-35,-35,-30,QY-030X-035
-30,-36,-36,-30,QY-030X-036
-30,-37,-37,-30,QY-030X-037
-30,-38,-38,-30,QY-030X-038
-30,-39,-39,-30,QY-030X-039
-30,-40,-40,-30,QY-030X-040
-30,-41,-41,-30,QY-030X-041
-30,-42,-42,-30,QY-030X-042
-30,-43,-43,-30,QY-030X-043
-30,-44,-44,-30,QY-030X-044
-30,-45,-45,-30,QY-030X-045
-30,-46,-46,-30,QY-030X-046
-30,-47,-47,-30,QY-030X-047
-30,-48,-48,-30,QY-030X-048
-30,-49,-49,-30,QY-030X-049
-30,-50,-50,-30,QY-030X-050
-30,-51,-51,-30,QY-030X-051
-30,-52,-52,-30,QY-030X-052
-30,-53,-53,-30,QY-030X-053
-30,-54,-54,-30,QY-030X-054
-29,-55,-55,-29,QY-029X-055
-29,-54,-54,-29,QY-029X-054
-29,-53,-53,-29,QY-029X-053
-29,-52,-52,-29,QY-029X-052
-29,-51,-51,-29,QY-029X-051
-29,-50,-50,-29,QY-029X-050
-29,-49,-49,-29,QY-029X-049
-29,-48,-48,-29,QY-029X-048
-29,-47,-47,-29,QY-029X-047
-29,-46,-46,-29,QY-029X-046
-29,-45,-45,-29,QY-029X-045
-29,-44,-44,-29,QY-029X-044
-29,-43,-43,-29,QY-029X-043
-29,-42,-42,-29,QY-029X-042
-29,-41,-41,-29,QY-029X-041
-29,-40,-40,-29,QY-029X-040
-29,-39,-39,-29,QY-029X-039
-29,-38,-38,-29,QY-029X-038
-29,-37,-37,-29,QY-029X-037
-29,-36,-36,-29,QY-029X-036
-29,-35,-35,-29,QY-029X-035
-29,-34,-34,-29,QY-029X-034
-29,-33,-33,-29,QY-029X-033
-29,-32,-32,-29,QY-029X-032
-29,-31,-31,-29,QY-029X-031
-29,-30,-30,-29,QY-029X-030
-29,-29,-29,-29,QY-029X-029
-29,-28,-28,-29,QY-029X-028
-29,-27,-27,-29,QY-029X-027
-29,-26,-26,-29,QY-029X-026
-29,-25,-25,-29,QY-029X-025
-29,-24,-24,-29,QY-029X-024
-29,-23,-23,-29,QY-029X-023
-29,-22,-22,-29,QY-029X-022
-29,-21,-21,-29,QY-029X-021
-29,-20,-20,-29,QY-029X-020
-29,-19,-19,-29,QY-029X-019
-29,-18,-18,-29,QY-029X-018
-29,-17,-17,-29,QY-029X-017
-29,-16,-16,-29,QY-029X-016
-29,-15,-15,-29,QY-029X-015
-29,-14,-14,-29,QY-029X-014
-29,-13,-13,-29,QY-029X-013
-29,-12,-12,-29,QY-029X-012
-29,-11,-11,-29,QY-029X-011
-29,-10,-10,-29,QY-029X-010
-29,-9,-9,-29,QY-029X-009
-29,-8,-8,-29,QY-029X-008
-29,-7,-7,-29,QY-029X-007
-29,-6,-6,-29,QY-029X-006
-29,-5,-5,-29,QY-029X-005
-29,-4,-4,-29,QY-029X-004
-29,-3,-3,-29,QY-029X-003
-29,-2,-2,-29,QY-029X-002
-29,-1,-1,-29,QY-029X-001
-29,0,0,-29,QY-029X0000
-29,1,1,-29,QY-029X0001
-29,2,2,-29,QY-029X0002
-29,3,3,-29,QY-029X0003
-29,4,4,-29,QY-029X0004
-29,5,5,-29,QY-029X0005
-29,6,6,-29,QY-029X0006
-29,7,7,-29,QY-029X0007
-29,8,8,-29,QY-029X0008
-29,9,9,-29,QY-029X0009
-29,10,10,-29,QY-029X0010
-29,11,11,-29,QY-029X0011
-29,12,12,-29,QY-029X0012
-29,13,13,-29,QY-029X0013
-29,14,14,-29,QY-029X0014
-29,15,15,-29,QY-029X0015
-29,16,16,-29,QY-029X0016
-29,17,17,-29,QY-029X0017
-29,18,18,-29,QY-029X0018
-29,19,19,-29,QY-029X0019
-29,20,20,-29,QY-029X0020
-29,21,21,-29,QY-029X0021
-29,22,22,-29,QY-029X0022
-29,23,23,-29,QY-029X0023
-29,24,24,-29,QY-029X0024
-29,25,25,-29,QY-029X0025
-29,26,26,-29,QY-029X0026
-29,27,27,-29,QY-029X0027
-29,28,28,-29,QY-029X0028
-29,29,29,-29,QY-029X0029
-29,30,30,-29,QY-029X0030
-29,31,31,-29,QY-029X0031
-29,32,32,-29,QY-029X0032
-29,33,33,-29,QY-029X0033
-29,34,34,-29,QY-029X0034
-29,35,35,-29,QY-029X0035
-29,36,36,-29,QY-029X0036
-29,37,37,-29,QY-029X0037
-29,38,38,-29,QY-029X0038
-29,39,39,-29,QY-029X0039
-29,40,40,-29,QY-029X0040
-29,41,41,-29,QY-029X0041
-29,42,42,-29,QY-029X0042
-29,43,43,-29,QY-029X0043
-29,44,44,-29,QY-029X0044
-29,45,45,-29,QY-029X0045
-29,46,46,-29,QY-029X0046
-29,47,47,-29,QY-029X0047
-29,48,48,-29,QY-029X0048
-29,49,49,-29,QY-029X0049
-29,50,50,-29,QY-029X0050
-29,51,51,-29,QY-029X0051
-29,52,52,-29,QY-029X0052
-29,53,53,-29,QY-029X0053
-29,54,54,-29,QY-029X0054
-29,55,55,-29,QY-029X0055
-29,56,56,-29,QY-029X0056
-29,57,57,-29,QY-029X0057
-29,58,58,-29,QY-029X0058
-29,59,59,-29,QY-029X0059
-29,60,60,-29,QY-029X0060
-29,61,61,-29,QY-029X0061
-29,62,62,-29,QY-029X0062
-29,63,63,-29,QY-029X0063
-29,64,64,-29,QY-029X0064
-29,65,65,-29,QY-029X0065
-28,65,65,-28,QY-028X0065
-28,64,64,-28,QY-028X0064
-28,63,63,-28,QY-028X0063
-28,62,62,-28,QY-028X0062
-28,61,61,-28,QY-028X0061
-28,60,60,-28,QY-028X0060
-28,59,59,-28,QY-028X0059
-28,58,58,-28,QY-028X0058
-28,57,57,-28,QY-028X0057
-28,56,56,-28,QY-028X0056
-28,55,55,-28,QY-028X0055
-28,54,54,-28,QY-028X0054
-28,53,53,-28,QY-028X0053
-28,52,52,-28,QY-028X0052
-28,51,51,-28,QY-028X0051
-28,50,50,-28,QY-028X0050
-28,49,49,-28,QY-028X0049
-28,48,48,-28,QY-028X0048
-28,47,47,-28,QY-028X0047
-28,46,46,-28,QY-028X0046
-28,45,45,-28,QY-028X0045
-28,44,44,-28,QY-028X0044
-28,43,43,-28,QY-028X0043
-28,42,42,-28,QY-028X0042
-28,41,41,-28,QY-028X0041
-28,40,40,-28,QY-028X0040
-28,39,39,-28,QY-028X0039
-28,38,38,-28,QY-028X0038
-28,37,37,-28,QY-028X0037
-28,36,36,-28,QY-028X0036
-28,35,35,-28,QY-028X0035
-28,34,34,-28,QY-028X0034
-28,33,33,-28,QY-028X0033
-28,32,32,-28,QY-028X0032
-28,31,31,-28,QY-028X0031
-28,30,30,-28,QY-028X0030
-28,29,29,-28,QY-028X0029
-28,28,28,-28,QY-028X0028
-28,27,27,-28,QY-028X0027
-28,26,26,-28,QY-028X0026
-28,25,25,-28,QY-028X0025
-28,24,24,-28,QY-028X0024
-28,23,23,-28,QY-028X0023
-28,22,22,-28,QY-028X0022
-28,21,21,-28,QY-028X0021
-28,20,20,-28,QY-028X0020
-28,19,19,-28,QY-028X0019
-28,18,18,-28,QY-028X0018
-28,17,17,-28,QY-028X0017
-28,16,16,-28,QY-028X0016
-28,15,15,-28,QY-028X0015
-28,14,14,-28,QY-028X0014
-28,13,13,-28,QY-028X0013
-28,12,12,-28,QY-028X0012
-28,11,11,-28,QY-028X0011
-28,10,10,-28,QY-028X0010
-28,9,9,-28,QY-028X0009
-28,8,8,-28,QY-028X0008
-28,7,7,-28,QY-028X0007
-28,6,6,-28,QY-028X0006
-28,5,5,-28,QY-028X0005
-28,4,4,-28,QY-028X0004
-28,3,3,-28,QY-028X0003
-28,2,2,-28,QY-028X0002
-28,1,1,-28,QY-028X0001
-28,0,0,-28,QY-028X0000
-28,-1,-1,-28,QY-028X-001
-28,-2,-2,-28,QY-028X-002
-28,-3,-3,-28,QY-028X-003
-28,-4,-4,-28,QY-028X-004
-28,-5,-5,-28,QY-028X-005
-28,-6,-6,-28,QY-028X-006
-28,-7,-7,-28,QY-028X-007
-28,-8,-8,-28,QY-028X-008
-28,-9,-9,-28,QY-028X-009
-28,-10,-10,-28,QY-028X-010
-28,-11,-11,-28,QY-028X-011
-28,-12,-12,-28,QY-028X-012
-28,-13,-13,-28,QY-028X-013
-28,-14,-14,-28,QY-028X-014
-28,-15,-15,-28,QY-028X-015
-28,-16,-16,-28,QY-028X-016
-28,-17,-17,-28,QY-028X-017
-28,-18,-18,-28,QY-028X-018
-28,-19,-19,-28,QY-028X-019
-28,-20,-20,-28,QY-028X-020
-28,-21,-21,-28,QY-028X-021
-28,-22,-22,-28,QY-028X-022
-28,-23,-23,-28,QY-028X-023
-28,-24,-24,-28,QY-028X-024
-28,-25,-25,-28,QY-028X-025
-28,-26,-26,-28,QY-028X-026
-28,-27,-27,-28,QY-028X-027
-28,-28,-28,-28,QY-028X-028
-28,-29,-29,-28,QY-028X-029
-28,-30,-30,-28,QY-028X-030
-28,-31,-31,-28,QY-028X-031
-28,-32,-32,-28,QY-028X-032
-28,-33,-33,-28,QY-028X-033
-28,-34,-34,-28,QY-028X-034
-28,-35,-35,-28,QY-028X-035
-28,-36,-36,-28,QY-028X-036
-28,-37,-37,-28,QY-028X-037
-28,-38,-38,-28,QY-028X-038
-28,-39,-39,-28,QY-028X-039
-28,-40,-40,-28,QY-028X-040
-28,-41,-41,-28,QY-028X-041
-28,-42,-42,-28,QY-028X-042
-28,-43,-43,-28,QY-028X-043
-28,-44,-44,-28,QY-028X-044
-28,-45,-45,-28,QY-028X-045
-28,-46,-46,-28,QY-028X-046
-28,-47,-47,-28,QY-028X-047
-28,-48,-48,-28,QY-028X-048
-28,-49,-49,-28,QY-028X-049
-28,-50,-50,-28,QY-028X-050
-28,-51,-51,-28,QY-028X-051
-28,-52,-52,-28,QY-028X-052
-28,-53,-53,-28,QY-028X-053
-28,-54,-54,-28,QY-028X-054
-28,-55,-55,-28,QY-028X-055
-27,-56,-56,-27,QY-027X-056
-27,-55,-55,-27,QY-027X-055
-27,-54,-54,-27,QY-027X-054
-27,-53,-53,-27,QY-027X-053
-27,-52,-52,-27,QY-027X-052
-27,-51,-51,-27,QY-027X-051
-27,-50,-50,-27,QY-027X-050
-27,-49,-49,-27,QY-027X-049
-27,-48,-48,-27,QY-027X-048
-27,-47,-47,-27,QY-027X-047
-27,-46,-46,-27,QY-027X-046
-27,-45,-45,-27,QY-027X-045
-27,-44,-44,-27,QY-027X-044
-27,-43,-43,-27,QY-027X-043
-27,-42,-42,-27,QY-027X-042
-27,-41,-41,-27,QY-027X-041
-27,-40,-40,-27,QY-027X-040
-27,-39,-39,-27,QY-027X-039
-27,-38,-38,-27,QY-027X-038
-27,-37,-37,-27,QY-027X-037
-27,-36,-36,-27,QY-027X-036
-27,-35,-35,-27,QY-027X-035
-27,-34,-34,-27,QY-027X-034
-27,-33,-33,-27,QY-027X-033
-27,-32,-32,-27,QY-027X-032
-27,-31,-31,-27,QY-027X-031
-27,-30,-30,-27,QY-027X-030
-27,-29,-29,-27,QY-027X-029
-27,-28,-28,-27,QY-027X-028
-27,-27,-27,-27,QY-027X-027
-27,-26,-26,-27,QY-027X-026
-27,-25,-25,-27,QY-027X-025
-27,-24,-24,-27,QY-027X-024
-27,-23,-23,-27,QY-027X-023
-27,-22,-22,-27,QY-027X-022
-27,-21,-21,-27,QY-027X-021
-27,-20,-20,-27,QY-027X-020
-27,-19,-19,-27,QY-027X-019
-27,-18,-18,-27,QY-027X-018
-27,-17,-17,-27,QY-027X-017
-27,-16,-16,-27,QY-027X-016
-27,-15,-15,-27,QY-027X-015
-27,-14,-14,-27,QY-027X-014
-27,-13,-13,-27,QY-027X-013
-27,-12,-12,-27,QY-027X-012
-27,-11,-11,-27,QY-027X-011
-27,-10,-10,-27,QY-027X-010
-27,-9,-9,-27,QY-027X-009
-27,-8,-8,-27,QY-027X-008
-27,-7,-7,-27,QY-027X-007
-27,-6,-6,-27,QY-027X-006
-27,-5,-5,-27,QY-027X-005
-27,-4,-4,-27,QY-027X-004
-27,-3,-3,-27,QY-027X-003
-27,-2,-2,-27,QY-027X-002
-27,-1,-1,-27,QY-027X-001
-27,0,0,-27,QY-027X0000
-27,1,1,-27,QY-027X0001
-27,2,2,-27,QY-027X0002
-27,3,3,-27,QY-027X0003
-27,4,4,-27,QY-027X0004
-27,5,5,-27,QY-027X0005
-27,6,6,-27,QY-027X0006
-27,7,7,-27,QY-027X0007
-27,8,8,-27,QY-027X0008
-27,9,9,-27,QY-027X0009
-27,10,10,-27,QY-027X0010
-27,11,11,-27,QY-027X0011
-27,12,12,-27,QY-027X0012
-27,13,13,-27,QY-027X0013
-27,14,14,-27,QY-027X0014
-27,15,15,-27,QY-027X0015
-27,16,16,-27,QY-027X0016
-27,17,17,-27,QY-027X0017
-27,18,18,-27,QY-027X0018
-27,19,19,-27,QY-027X0019
-27,20,20,-27,QY-027X0020
-27,21,21,-27,QY-027X0021
-27,22,22,-27,QY-027X0022
-27,23,23,-27,QY-027X0023
-27,24,24,-27,QY-027X0024
-27,25,25,-27,QY-027X0025
-27,26,26,-27,QY-027X0026
-27,27,27,-27,QY-027X0027
-27,28,28,-27,QY-027X0028
-27,29,29,-27,QY-027X0029
-27,30,30,-27,QY-027X0030
-27,31,31,-27,QY-027X0031
-27,32,32,-27,QY-027X0032
-27,33,33,-27,QY-027X0033
-27,34,34,-27,QY-027X0034
-27,35,35,-27,QY-027X0035
-27,36,36,-27,QY-027X0036
-27,37,37,-27,QY-027X0037
-27,38,38,-27,QY-027X0038
-27,39,39,-27,QY-027X0039
-27,40,40,-27,QY-027X0040
-27,41,41,-27,QY-027X0041
-27,42,42,-27,QY-027X0042
-27,43,43,-27,QY-027X0043
-27,44,44,-27,QY-027X0044
-27,45,45,-27,QY-027X0045
-27,46,46,-27,QY-027X0046
-27,47,47,-27,QY-027X0047
-27,48,48,-27,QY-027X0048
-27,49,49,-27,QY-027X0049
-27,50,50,-27,QY-027X0050
-27,51,51,-27,QY-027X0051
-27,52,52,-27,QY-027X0052
-27,53,53,-27,QY-027X0053
-27,54,54,-27,QY-027X0054
-27,55,55,-27,QY-027X0055
-27,56,56,-27,QY-027X0056
-27,57,57,-27,QY-027X0057
-27,58,58,-27,QY-027X0058
-27,59,59,-27,QY-027X0059
-27,60,60,-27,QY-027X0060
-27,61,61,-27,QY-027X0061
-27,62,62,-27,QY-027X0062
-27,63,63,-27,QY-027X0063
-27,64,64,-27,QY-027X0064
-27,65,65,-27,QY-027X0065
-27,66,66,-27,QY-027X0066
-26,66,66,-26,QY-026X0066
-26,65,65,-26,QY-026X0065
-26,64,64,-26,QY-026X0064
-26,63,63,-26,QY-026X0063
-26,62,62,-26,QY-026X0062
-26,61,61,-26,QY-026X0061
-26,60,60,-26,QY-026X0060
-26,59,59,-26,QY-026X0059
-26,58,58,-26,QY-026X0058
-26,57,57,-26,QY-026X0057
-26,56,56,-26,QY-026X0056
-26,55,55,-26,QY-026X0055
-26,54,54,-26,QY-026X0054
-26,53,53,-26,QY-026X0053
-26,52,52,-26,QY-026X0052
-26,51,51,-26,QY-026X0051
-26,50,50,-26,QY-026X0050
-26,49,49,-26,QY-026X0049
-26,48,48,-26,QY-026X0048
-26,47,47,-26,QY-026X0047
-26,46,46,-26,QY-026X0046
-26,45,45,-26,QY-026X0045
-26,44,44,-26,QY-026X0044
-26,43,43,-26,QY-026X0043
-26,42,42,-26,QY-026X0042
-26,41,41,-26,QY-026X0041
-26,40,40,-26,QY-026X0040
-26,39,39,-26,QY-026X0039
-26,38,38,-26,QY-026X0038
-26,37,37,-26,QY-026X0037
-26,36,36,-26,QY-026X0036
-26,35,35,-26,QY-026X0035
-26,34,34,-26,QY-026X0034
-26,33,33,-26,QY-026X0033
-26,32,32,-26,QY-026X0032
-26,31,31,-26,QY-026X0031
-26,30,30,-26,QY-026X0030
-26,29,29,-26,QY-026X0029
-26,28,28,-26,QY-026X0028
-26,27,27,-26,QY-026X0027
-26,26,26,-26,QY-026X0026
-26,25,25,-26,QY-026X0025
-26,24,24,-26,QY-026X0024
-26,23,23,-26,QY-026X0023
-26,22,22,-26,QY-026X0022
-26,21,21,-26,QY-026X0021
-26,20,20,-26,QY-026X0020
-26,19,19,-26,QY-026X0019
-26,18,18,-26,QY-026X0018
-26,17,17,-26,QY-026X0017
-26,16,16,-26,QY-026X0016
-26,15,15,-26,QY-026X0015
-26,14,14,-26,QY-026X0014
-26,13,13,-26,QY-026X0013
-26,12,12,-26,QY-026X0012
-26,11,11,-26,QY-026X0011
-26,10,10,-26,QY-026X0010
-26,9,9,-26,QY-026X0009
-26,8,8,-26,QY-026X0008
-26,7,7,-26,QY-026X0007
-26,6,6,-26,QY-026X0006
-26,5,5,-26,QY-026X0005
-26,4,4,-26,QY-026X0004
-26,3,3,-26,QY-026X0003
-26,2,2,-26,QY-026X0002
-26,1,1,-26,QY-026X0001
-26,0,0,-26,QY-026X0000
-26,-1,-1,-26,QY-026X-001
-26,-2,-2,-26,QY-026X-002
-26,-3,-3,-26,QY-026X-003
-26,-4,-4,-26,QY-026X-004
-26,-5,-5,-26,QY-026X-005
-26,-6,-6,-26,QY-026X-006
-26,-7,-7,-26,QY-026X-007
-26,-8,-8,-26,QY-026X-008
-26,-9,-9,-26,QY-026X-009
-26,-10,-10,-26,QY-026X-010
-26,-11,-11,-26,QY-026X-011
-26,-12,-12,-26,QY-026X-012
-26,-13,-13,-26,QY-026X-013
-26,-14,-14,-26,QY-026X-014
-26,-15,-15,-26,QY-026X-015
-26,-16,-16,-26,QY-026X-016
-26,-17,-17,-26,QY-026X-017
-26,-18,-18,-26,QY-026X-018
-26,-19,-19,-26,QY-026X-019
-26,-20,-20,-26,QY-026X-020
-26,-21,-21,-26,QY-026X-021
-26,-22,-22,-26,QY-026X-022
-26,-23,-23,-26,QY-026X-023
-26,-24,-24,-26,QY-026X-024
-26,-25,-25,-26,QY-026X-025
-26,-26,-26,-26,QY-026X-026
-26,-27,-27,-26,QY-026X-027
-26,-28,-28,-26,QY-026X-028
-26,-29,-29,-26,QY-026X-029
-26,-30,-30,-26,QY-026X-030
-26,-31,-31,-26,QY-026X-031
-26,-32,-32,-26,QY-026X-032
-26,-33,-33,-26,QY-026X-033
-26,-34,-34,-26,QY-026X-034
-26,-35,-35,-26,QY-026X-035
-26,-36,-36,-26,QY-026X-036
-26,-37,-37,-26,QY-026X-037
-26,-38,-38,-26,QY-026X-038
-26,-39,-39,-26,QY-026X-039
-26,-40,-40,-26,QY-026X-040
-26,-41,-41,-26,QY-026X-041
-26,-42,-42,-26,QY-026X-042
-26,-43,-43,-26,QY-026X-043
-26,-44,-44,-26,QY-026X-044
-26,-45,-45,-26,QY-026X-045
-26,-46,-46,-26,QY-026X-046
-26,-47,-47,-26,QY-026X-047
-26,-48,-48,-26,QY-026X-048
-26,-49,-49,-26,QY-026X-049
-26,-50,-50,-26,QY-026X-050
-26,-51,-51,-26,QY-026X-051
-26,-52,-52,-26,QY-026X-052
-26,-53,-53,-26,QY-026X-053
-26,-54,-54,-26,QY-026X-054
-26,-55,-55,-26,QY-026X-055
-26,-56,-56,-26,QY-026X-056
-25,-57,-57,-25,QY-025X-057
-25,-56,-56,-25,QY-025X-056
-25,-55,-55,-25,QY-025X-055
-25,-54,-54,-25,QY-025X-054
-25,-53,-53,-25,QY-025X-053
-25,-52,-52,-25,QY-025X-052
-25,-51,-51,-25,QY-025X-051
-25,-50,-50,-25,QY-025X-050
-25,-49,-49,-25,QY-025X-049
-25,-48,-48,-25,QY-025X-048
-25,-47,-47,-25,QY-025X-047
-25,-46,-46,-25,QY-025X-046
-25,-45,-45,-25,QY-025X-045
-25,-44,-44,-25,QY-025X-044
-25,-43,-43,-25,QY-025X-043
-25,-42,-42,-25,QY-025X-042
-25,-41,-41,-25,QY-025X-041
-25,-40,-40,-25,QY-025X-040
-25,-39,-39,-25,QY-025X-039
-25,-38,-38,-25,QY-025X-038
-25,-37,-37,-25,QY-025X-037
-25,-36,-36,-25,QY-025X-036
-25,-35,-35,-25,QY-025X-035
-25,-34,-34,-25,QY-025X-034
-25,-33,-33,-25,QY-025X-033
-25,-32,-32,-25,QY-025X-032
-25,-31,-31,-25,QY-025X-031
-25,-30,-30,-25,QY-025X-030
-25,-29,-29,-25,QY-025X-029
-25,-28,-28,-25,QY-025X-028
-25,-27,-27,-25,QY-025X-027
-25,-26,-26,-25,QY-025X-026
-25,-25,-25,-25,QY-025X-025
-25,-24,-24,-25,QY-025X-024
-25,-23,-23,-25,QY-025X-023
-25,-22,-22,-25,QY-025X-022
-25,-21,-21,-25,QY-025X-021
-25,-20,-20,-25,QY-025X-020
-25,-19,-19,-25,QY-025X-019
-25,-18,-18,-25,QY-025X-018
-25,-17,-17,-25,QY-025X-017
-25,-16,-16,-25,QY-025X-016
-25,-15,-15,-25,QY-025X-015
-25,-14,-14,-25,QY-025X-014
-25,-13,-13,-25,QY-025X-013
-25,-12,-12,-25,QY-025X-012
-25,-11,-11,-25,QY-025X-011
-25,-10,-10,-25,QY-025X-010
-25,-9,-9,-25,QY-025X-009
-25,-8,-8,-25,QY-025X-008
-25,-7,-7,-25,QY-025X-007
-25,-6,-6,-25,QY-025X-006
-25,-5,-5,-25,QY-025X-005
-25,-4,-4,-25,QY-025X-004
-25,-3,-3,-25,QY-025X-003
-25,-2,-2,-25,QY-025X-002
-25,-1,-1,-25,QY-025X-001
-25,0,0,-25,QY-025X0000
-25,1,1,-25,QY-025X0001
-25,2,2,-25,QY-025X0002
-25,3,3,-25,QY-025X0003
-25,4,4,-25,QY-025X0004
-25,5,5,-25,QY-025X0005
-25,6,6,-25,QY-025X0006
-25,7,7,-25,QY-025X0007
-25,8,8,-25,QY-025X0008
-25,9,9,-25,QY-025X0009
-25,10,10,-25,QY-025X0010
-25,11,11,-25,QY-025X0011
-25,12,12,-25,QY-025X0012
-25,13,13,-25,QY-025X0013
-25,14,14,-25,QY-025X0014
-25,15,15,-25,QY-025X0015
-25,16,16,-25,QY-025X0016
-25,17,17,-25,QY-025X0017
-25,18,18,-25,QY-025X0018
-25,19,19,-25,QY-025X0019
-25,20,20,-25,QY-025X0020
-25,21,21,-25,QY-025X0021
-25,22,22,-25,QY-025X0022
-25,23,23,-25,QY-025X0023
-25,24,24,-25,QY-025X0024
-25,25,25,-25,QY-025X0025
-25,26,26,-25,QY-025X0026
-25,27,27,-25,QY-025X0027
-25,28,28,-25,QY-025X0028
-25,29,29,-25,QY-025X0029
-25,30,30,-25,QY-025X0030
-25,31,31,-25,QY-025X0031
-25,32,32,-25,QY-025X0032
-25,33,33,-25,QY-025X0033
-25,34,34,-25,QY-025X0034
-25,35,35,-25,QY-025X0035
-25,36,36,-25,QY-025X0036
-25,37,37,-25,QY-025X0037
-25,38,38,-25,QY-025X0038
-25,39,39,-25,QY-025X0039
-25,40,40,-25,QY-025X0040
-25,41,41,-25,QY-025X0041
-25,42,42,-25,QY-025X0042
-25,43,43,-25,QY-025X0043
-25,44,44,-25,QY-025X0044
-25,45,45,-25,QY-025X0045
-25,46,46,-25,QY-025X0046
-25,47,47,-25,QY-025X0047
-25,48,48,-25,QY-025X0048
-25,49,49,-25,QY-025X0049
-25,50,50,-25,QY-025X0050
-25,51,51,-25,QY-025X0051
-25,52,52,-25,QY-025X0052
-25,53,53,-25,QY-025X0053
-25,54,54,-25,QY-025X0054
-25,55,55,-25,QY-025X0055
-25,56,56,-25,QY-025X0056
-25,57,57,-25,QY-025X0057
-25,58,58,-25,QY-025X0058
-25,59,59,-25,QY-025X0059
-25,60,60,-25,QY-025X0060
-25,61,61,-25,QY-025X0061
-25,62,62,-25,QY-025X0062
-25,63,63,-25,QY-025X0063
-25,64,64,-25,QY-025X0064
-25,65,65,-25,QY-025X0065
-25,66,66,-25,QY-025X0066
-25,67,67,-25,QY-025X0067
-24,67,67,-24,QY-024X0067
-24,66,66,-24,QY-024X0066
-24,65,65,-24,QY-024X0065
-24,64,64,-24,QY-024X0064
-24,63,63,-24,QY-024X0063
-24,62,62,-24,QY-024X0062
-24,61,61,-24,QY-024X0061
-24,60,60,-24,QY-024X0060
-24,59,59,-24,QY-024X0059
-24,58,58,-24,QY-024X0058
-24,57,57,-24,QY-024X0057
-24,56,56,-24,QY-024X0056
-24,55,55,-24,QY-024X0055
-24,54,54,-24,QY-024X0054
-24,53,53,-24,QY-024X0053
-24,52,52,-24,QY-024X0052
-24,51,51,-24,QY-024X0051
-24,50,50,-24,QY-024X0050
-24,49,49,-24,QY-024X0049
-24,48,48,-24,QY-024X0048
-24,47,47,-24,QY-024X0047
-24,46,46,-24,QY-024X0046
-24,45,45,-24,QY-024X0045
-24,44,44,-24,QY-024X0044
-24,43,43,-24,QY-024X0043
-24,42,42,-24,QY-024X0042
-24,41,41,-24,QY-024X0041
-24,40,40,-24,QY-024X0040
-24,39,39,-24,QY-024X0039
-24,38,38,-24,QY-024X0038
-24,37,37,-24,QY-024X0037
-24,36,36,-24,QY-024X0036
-24,35,35,-24,QY-024X0035
-24,34,34,-24,QY-024X0034
-24,33,33,-24,QY-024X0033
-24,32,32,-24,QY-024X0032
-24,31,31,-24,QY-024X0031
-24,30,30,-24,QY-024X0030
-24,29,29,-24,QY-024X0029
-24,28,28,-24,QY-024X0028
-24,27,27,-24,QY-024X0027
-24,26,26,-24,QY-024X0026
-24,25,25,-24,QY-024X0025
-24,24,24,-24,QY-024X0024
-24,23,23,-24,QY-024X0023
-24,22,22,-24,QY-024X0022
-24,21,21,-24,QY-024X0021
-24,20,20,-24,QY-024X0020
-24,19,19,-24,QY-024X0019
-24,18,18,-24,QY-024X0018
-24,17,17,-24,QY-024X0017
-24,16,16,-24,QY-024X0016
-24,15,15,-24,QY-024X0015
-24,14,14,-24,QY-024X0014
-24,13,13,-24,QY-024X0013
-24,12,12,-24,QY-024X0012
-24,11,11,-24,QY-024X0011
-24,10,10,-24,QY-024X0010
-24,9,9,-24,QY-024X0009
-24,8,8,-24,QY-024X0008
-24,7,7,-24,QY-024X0007
-24,6,6,-24,QY-024X0006
-24,5,5,-24,QY-024X0005
-24,4,4,-24,QY-024X0004
-24,3,3,-24,QY-024X0003
-24,2,2,-24,QY-024X0002
-24,1,1,-24,QY-024X0001
-24,0,0,-24,QY-024X0000
-24,-1,-1,-24,QY-024X-001
-24,-2,-2,-24,QY-024X-002
-24,-3,-3,-24,QY-024X-003
-24,-4,-4,-24,QY-024X-004
-24,-5,-5,-24,QY-024X-005
-24,-6,-6,-24,QY-024X-006
-24,-7,-7,-24,QY-024X-007
-24,-8,-8,-24,QY-024X-008
-24,-9,-9,-24,QY-024X-009
-24,-10,-10,-24,QY-024X-010
-24,-11,-11,-24,QY-024X-011
-24,-12,-12,-24,QY-024X-012
-24,-13,-13,-24,QY-024X-013
-24,-14,-14,-24,QY-024X-014
-24,-15,-15,-24,QY-024X-015
-24,-16,-16,-24,QY-024X-016
-24,-17,-17,-24,QY-024X-017
-24,-18,-18,-24,QY-024X-018
-24,-19,-19,-24,QY-024X-019
-24,-20,-20,-24,QY-024X-020
-24,-21,-21,-24,QY-024X-021
-24,-22,-22,-24,QY-024X-022
-24,-23,-23,-24,QY-024X-023
-24,-24,-24,-24,QY-024X-024
-24,-25,-25,-24,QY-024X-025
-24,-26,-26,-24,QY-024X-026
-24,-27,-27,-24,QY-024X-027
-24,-28,-28,-24,QY-024X-028
-24,-29,-29,-24,QY-024X-029
-24,-30,-30,-24,QY-024X-030
-24,-31,-31,-24,QY-024X-031
-24,-32,-32,-24,QY-024X-032
-24,-33,-33,-24,QY-024X-033
-24,-34,-34,-24,QY-024X-034
-24,-35,-35,-24,QY-024X-035
-24,-36,-36,-24,QY-024X-036
-24,-37,-37,-24,QY-024X-037
-24,-38,-38,-24,QY-024X-038
-24,-39,-39,-24,QY-024X-039
-24,-40,-40,-24,QY-024X-040
-24,-41,-41,-24,QY-024X-041
-24,-42,-42,-24,QY-024X-042
-24,-43,-43,-24,QY-024X-043
-24,-44,-44,-24,QY-024X-044
-24,-45,-45,-24,QY-024X-045
-24,-46,-46,-24,QY-024X-046
-24,-47,-47,-24,QY-024X-047
-24,-48,-48,-24,QY-024X-048
-24,-49,-49,-24,QY-024X-049
-24,-50,-50,-24,QY-024X-050
-24,-51,-51,-24,QY-024X-051
-24,-52,-52,-24,QY-024X-052
-24,-53,-53,-24,QY-024X-053
-24,-54,-54,-24,QY-024X-054
-24,-55,-55,-24,QY-024X-055
-24,-56,-56,-24,QY-024X-056
-24,-57,-57,-24,QY-024X-057
-23,-58,-58,-23,QY-023X-058
-23,-57,-57,-23,QY-023X-057
-23,-56,-56,-23,QY-023X-056
-23,-55,-55,-23,QY-023X-055
-23,-54,-54,-23,QY-023X-054
-23,-53,-53,-23,QY-023X-053
-23,-52,-52,-23,QY-023X-052
-23,-51,-51,-23,QY-023X-051
-23,-50,-50,-23,QY-023X-050
-23,-49,-49,-23,QY-023X-049
-23,-48,-48,-23,QY-023X-048
-23,-47,-47,-23,QY-023X-047
-23,-46,-46,-23,QY-023X-046
-23,-45,-45,-23,QY-023X-045
-23,-44,-44,-23,QY-023X-044
-23,-43,-43,-23,QY-023X-043
-23,-42,-42,-23,QY-023X-042
-23,-41,-41,-23,QY-023X-041
-23,-40,-40,-23,QY-023X-040
-23,-39,-39,-23,QY-023X-039
-23,-38,-38,-23,QY-023X-038
-23,-37,-37,-23,QY-023X-037
-23,-36,-36,-23,QY-023X-036
-23,-35,-35,-23,QY-023X-035
-23,-34,-34,-23,QY-023X-034
-23,-33,-33,-23,QY-023X-033
-23,-32,-32,-23,QY-023X-032
-23,-31,-31,-23,QY-023X-031
-23,-30,-30,-23,QY-023X-030
-23,-29,-29,-23,QY-023X-029
-23,-28,-28,-23,QY-023X-028
-23,-27,-27,-23,QY-023X-027
-23,-26,-26,-23,QY-023X-026
-23,-25,-25,-23,QY-023X-025
-23,-24,-24,-23,QY-023X-024
-23,-23,-23,-23,QY-023X-023
-23,-22,-22,-23,QY-023X-022
-23,-21,-21,-23,QY-023X-021
-23,-20,-20,-23,QY-023X-020
-23,-19,-19,-23,QY-023X-019
-23,-18,-18,-23,QY-023X-018
-23,-17,-17,-23,QY-023X-017
-23,-16,-16,-23,QY-023X-016
-23,-15,-15,-23,QY-023X-015
-23,-14,-14,-23,QY-023X-014
-23,-13,-13,-23,QY-023X-013
-23,-12,-12,-23,QY-023X-012
-23,-11,-11,-23,QY-023X-011
-23,-10,-10,-23,QY-023X-010
-23,-9,-9,-23,QY-023X-009
-23,-8,-8,-23,QY-023X-008
-23,-7,-7,-23,QY-023X-007
-23,-6,-6,-23,QY-023X-006
-23,-5,-5,-23,QY-023X-005
-23,-4,-4,-23,QY-023X-004
-23,-3,-3,-23,QY-023X-003
-23,-2,-2,-23,QY-023X-002
-23,-1,-1,-23,QY-023X-001
-23,0,0,-23,QY-023X0000
-23,1,1,-23,QY-023X0001
-23,2,2,-23,QY-023X0002
-23,3,3,-23,QY-023X0003
-23,4,4,-23,QY-023X0004
-23,5,5,-23,QY-023X0005
-23,6,6,-23,QY-023X0006
-23,7,7,-23,QY-023X0007
-23,8,8,-23,QY-023X0008
-23,9,9,-23,QY-023X0009
-23,10,10,-23,QY-023X0010
-23,11,11,-23,QY-023X0011
-23,12,12,-23,QY-023X0012
-23,13,13,-23,QY-023X0013
-23,14,14,-23,QY-023X0014
-23,15,15,-23,QY-023X0015
-23,16,16,-23,QY-023X0016
-23,17,17,-23,QY-023X0017
-23,18,18,-23,QY-023X0018
-23,19,19,-23,QY-023X0019
-23,20,20,-23,QY-023X0020
-23,21,21,-23,QY-023X0021
-23,22,22,-23,QY-023X0022
-23,23,23,-23,QY-023X0023
-23,24,24,-23,QY-023X0024
-23,25,25,-23,QY-023X0025
-23,26,26,-23,QY-023X0026
-23,27,27,-23,QY-023X0027
-23,28,28,-23,QY-023X0028
-23,29,29,-23,QY-023X0029
-23,30,30,-23,QY-023X0030
-23,31,31,-23,QY-023X0031
-23,32,32,-23,QY-023X0032
-23,33,33,-23,QY-023X0033
-23,34,34,-23,QY-023X0034
-23,35,35,-23,QY-023X0035
-23,36,36,-23,QY-023X0036
-23,37,37,-23,QY-023X0037
-23,38,38,-23,QY-023X0038
-23,39,39,-23,QY-023X0039
-23,40,40,-23,QY-023X0040
-23,41,41,-23,QY-023X0041
-23,42,42,-23,QY-023X0042
-23,43,43,-23,QY-023X0043
-23,44,44,-23,QY-023X0044
-23,45,45,-23,QY-023X0045
-23,46,46,-23,QY-023X0046
-23,47,47,-23,QY-023X0047
-23,48,48,-23,QY-023X0048
-23,49,49,-23,QY-023X0049
-23,50,50,-23,QY-023X0050
-23,51,51,-23,QY-023X0051
-23,52,52,-23,QY-023X0052
-23,53,53,-23,QY-023X0053
-23,54,54,-23,QY-023X0054
-23,55,55,-23,QY-023X0055
-23,56,56,-23,QY-023X0056
-23,57,57,-23,QY-023X0057
-23,58,58,-23,QY-023X0058
-23,59,59,-23,QY-023X0059
-23,60,60,-23,QY-023X0060
-23,61,61,-23,QY-023X0061
-23,62,62,-23,QY-023X0062
-23,63,63,-23,QY-023X0063
-23,64,64,-23,QY-023X0064
-23,65,65,-23,QY-023X0065
-23,66,66,-23,QY-023X0066
-23,67,67,-23,QY-023X0067
-23,68,68,-23,QY-023X0068
-22,68,68,-22,QY-022X0068
-22,67,67,-22,QY-022X0067
-22,66,66,-22,QY-022X0066
-22,65,65,-22,QY-022X0065
-22,64,64,-22,QY-022X0064
-22,63,63,-22,QY-022X0063
-22,62,62,-22,QY-022X0062
-22,61,61,-22,QY-022X0061
-22,60,60,-22,QY-022X0060
-22,59,59,-22,QY-022X0059
-22,58,58,-22,QY-022X0058
-22,57,57,-22,QY-022X0057
-22,56,56,-22,QY-022X0056
-22,55,55,-22,QY-022X0055
-22,54,54,-22,QY-022X0054
-22,53,53,-22,QY-022X0053
-22,52,52,-22,QY-022X0052
-22,51,51,-22,QY-022X0051
-22,50,50,-22,QY-022X0050
-22,49,49,-22,QY-022X0049
-22,48,48,-22,QY-022X0048
-22,47,47,-22,QY-022X0047
-22,46,46,-22,QY-022X0046
-22,45,45,-22,QY-022X0045
-22,44,44,-22,QY-022X0044
-22,43,43,-22,QY-022X0043
-22,42,42,-22,QY-022X0042
-22,41,41,-22,QY-022X0041
-22,40,40,-22,QY-022X0040
-22,39,39,-22,QY-022X0039
-22,38,38,-22,QY-022X0038
-22,37,37,-22,QY-022X0037
-22,36,36,-22,QY-022X0036
-22,35,35,-22,QY-022X0035
-22,34,34,-22,QY-022X0034
-22,33,33,-22,QY-022X0033
-22,32,32,-22,QY-022X0032
-22,31,31,-22,QY-022X0031
-22,30,30,-22,QY-022X0030
-22,29,29,-22,QY-022X0029
-22,28,28,-22,QY-022X0028
-22,27,27,-22,QY-022X0027
-22,26,26,-22,QY-022X0026
-22,25,25,-22,QY-022X0025
-22,24,24,-22,QY-022X0024
-22,23,23,-22,QY-022X0023
-22,22,22,-22,QY-022X0022
-22,21,21,-22,QY-022X0021
-22,20,20,-22,QY-022X0020
-22,19,19,-22,QY-022X0019
-22,18,18,-22,QY-022X0018
-22,17,17,-22,QY-022X0017
-22,16,16,-22,QY-022X0016
-22,15,15,-22,QY-022X0015
-22,14,14,-22,QY-022X0014
-22,13,13,-22,QY-022X0013
-22,12,12,-22,QY-022X0012
-22,11,11,-22,QY-022X0011
-22,10,10,-22,QY-022X0010
-22,9,9,-22,QY-022X0009
-22,8,8,-22,QY-022X0008
-22,7,7,-22,QY-022X0007
-22,6,6,-22,QY-022X0006
-22,5,5,-22,QY-022X0005
-22,4,4,-22,QY-022X0004
-22,3,3,-22,QY-022X0003
-22,2,2,-22,QY-022X0002
-22,1,1,-22,QY-022X0001
-22,0,0,-22,QY-022X0000
-22,-1,-1,-22,QY-022X-001
-22,-2,-2,-22,QY-022X-002
-22,-3,-3,-22,QY-022X-003
-22,-4,-4,-22,QY-022X-004
-22,-5,-5,-22,QY-022X-005
-22,-6,-6,-22,QY-022X-006
-22,-7,-7,-22,QY-022X-007
-22,-8,-8,-22,QY-022X-008
-22,-9,-9,-22,QY-022X-009
-22,-10,-10,-22,QY-022X-010
-22,-11,-11,-22,QY-022X-011
-22,-12,-12,-22,QY-022X-012
-22,-13,-13,-22,QY-022X-013
-22,-14,-14,-22,QY-022X-014
-22,-15,-15,-22,QY-022X-015
-22,-16,-16,-22,QY-022X-016
-22,-17,-17,-22,QY-022X-017
-22,-18,-18,-22,QY-022X-018
-22,-19,-19,-22,QY-022X-019
-22,-20,-20,-22,QY-022X-020
-22,-21,-21,-22,QY-022X-021
-22,-22,-22,-22,QY-022X-022
-22,-23,-23,-22,QY-022X-023
-22,-24,-24,-22,QY-022X-024
-22,-25,-25,-22,QY-022X-025
-22,-26,-26,-22,QY-022X-026
-22,-27,-27,-22,QY-022X-027
-22,-28,-28,-22,QY-022X-028
-22,-29,-29,-22,QY-022X-029
-22,-30,-30,-22,QY-022X-030
-22,-31,-31,-22,QY-022X-031
-22,-32,-32,-22,QY-022X-032
-22,-33,-33,-22,QY-022X-033
-22,-34,-34,-22,QY-022X-034
-22,-35,-35,-22,QY-022X-035
-22,-36,-36,-22,QY-022X-036
-22,-37,-37,-22,QY-022X-037
-22,-38,-38,-22,QY-022X-038
-22,-39,-39,-22,QY-022X-039
-22,-40,-40,-22,QY-022X-040
-22,-41,-41,-22,QY-022X-041
-22,-42,-42,-22,QY-022X-042
-22,-43,-43,-22,QY-022X-043
-22,-44,-44,-22,QY-022X-044
-22,-45,-45,-22,QY-022X-045
-22,-46,-46,-22,QY-022X-046
-22,-47,-47,-22,QY-022X-047
-22,-48,-48,-22,QY-022X-048
-22,-49,-49,-22,QY-022X-049
-22,-50,-50,-22,QY-022X-050
-22,-51,-51,-22,QY-022X-051
-22,-52,-52,-22,QY-022X-052
-22,-53,-53,-22,QY-022X-053
-22,-54,-54,-22,QY-022X-054
-22,-55,-55,-22,QY-022X-055
-22,-56,-56,-22,QY-022X-056
-22,-57,-57,-22,QY-022X-057
-22,-58,-58,-22,QY-022X-058
-21,-58,-58,-21,QY-021X-058
-21,-57,-57,-21,QY-021X-057
-21,-56,-56,-21,QY-021X-056
-21,-55,-55,-21,QY-021X-055
-21,-54,-54,-21,QY-021X-054
-21,-53,-53,-21,QY-021X-053
-21,-52,-52,-21,QY-021X-052
-21,-51,-51,-21,QY-021X-051
-21,-50,-50,-21,QY-021X-050
-21,-49,-49,-21,QY-021X-049
-21,-48,-48,-21,QY-021X-048
-21,-47,-47,-21,QY-021X-047
-21,-46,-46,-21,QY-021X-046
-21,-45,-45,-21,QY-021X-045
-21,-44,-44,-21,QY-021X-044
-21,-43,-43,-21,QY-021X-043
-21,-42,-42,-21,QY-021X-042
-21,-41,-41,-21,QY-021X-041
-21,-40,-40,-21,QY-021X-040
-21,-39,-39,-21,QY-021X-039
-21,-38,-38,-21,QY-021X-038
-21,-37,-37,-21,QY-021X-037
-21,-36,-36,-21,QY-021X-036
-21,-35,-35,-21,QY-021X-035
-21,-34,-34,-21,QY-021X-034
-21,-33,-33,-21,QY-021X-033
-21,-32,-32,-21,QY-021X-032
-21,-31,-31,-21,QY-021X-031
-21,-30,-30,-21,QY-021X-030
-21,-29,-29,-21,QY-021X-029
-21,-28,-28,-21,QY-021X-028
-21,-27,-27,-21,QY-021X-027
-21,-26,-26,-21,QY-021X-026
-21,-25,-25,-21,QY-021X-025
-21,-24,-24,-21,QY-021X-024
-21,-23,-23,-21,QY-021X-023
-21,-22,-22,-21,QY-021X-022
-21,-21,-21,-21,QY-021X-021
-21,-20,-20,-21,QY-021X-020
-21,-19,-19,-21,QY-021X-019
-21,-18,-18,-21,QY-021X-018
-21,-17,-17,-21,QY-021X-017
-21,-16,-16,-21,QY-021X-016
-21,-15,-15,-21,QY-021X-015
-21,-14,-14,-21,QY-021X-014
-21,-13,-13,-21,QY-021X-013
-21,-12,-12,-21,QY-021X-012
-21,-11,-11,-21,QY-021X-011
-21,-10,-10,-21,QY-021X-010
-21,-9,-9,-21,QY-021X-009
-21,-8,-8,-21,QY-021X-008
-21,-7,-7,-21,QY-021X-007
-21,-6,-6,-21,QY-021X-006
-21,-5,-5,-21,QY-021X-005
-21,-4,-4,-21,QY-021X-004
-21,-3,-3,-21,QY-021X-003
-21,-2,-2,-21,QY-021X-002
-21,-1,-1,-21,QY-021X-001
-21,0,0,-21,QY-021X0000
-21,1,1,-21,QY-021X0001
-21,2,2,-21,QY-021X0002
-21,3,3,-21,QY-021X0003
-21,4,4,-21,QY-021X0004
-21,5,5,-21,QY-021X0005
-21,6,6,-21,QY-021X0006
-21,7,7,-21,QY-021X0007
-21,8,8,-21,QY-021X0008
-21,9,9,-21,QY-021X0009
-21,10,10,-21,QY-021X0010
-21,11,11,-21,QY-021X0011
-21,12,12,-21,QY-021X0012
-21,13,13,-21,QY-021X0013
-21,14,14,-21,QY-021X0014
-21,15,15,-21,QY-021X0015
-21,16,16,-21,QY-021X0016
-21,17,17,-21,QY-021X0017
-21,18,18,-21,QY-021X0018
-21,19,19,-21,QY-021X0019
-21,20,20,-21,QY-021X0020
-21,21,21,-21,QY-021X0021
-21,22,22,-21,QY-021X0022
-21,23,23,-21,QY-021X0023
-21,24,24,-21,QY-021X0024
-21,25,25,-21,QY-021X0025
-21,26,26,-21,QY-021X0026
-21,27,27,-21,QY-021X0027
-21,28,28,-21,QY-021X0028
-21,29,29,-21,QY-021X0029
-21,30,30,-21,QY-021X0030
-21,31,31,-21,QY-021X0031
-21,32,32,-21,QY-021X0032
-21,33,33,-21,QY-021X0033
-21,34,34,-21,QY-021X0034
-21,35,35,-21,QY-021X0035
-21,36,36,-21,QY-021X0036
-21,37,37,-21,QY-021X0037
-21,38,38,-21,QY-021X0038
-21,39,39,-21,QY-021X0039
-21,40,40,-21,QY-021X0040
-21,41,41,-21,QY-021X0041
-21,42,42,-21,QY-021X0042
-21,43,43,-21,QY-021X0043
-21,44,44,-21,QY-021X0044
-21,45,45,-21,QY-021X0045
-21,46,46,-21,QY-021X0046
-21,47,47,-21,QY-021X0047
-21,48,48,-21,QY-021X0048
-21,49,49,-21,QY-021X0049
-21,50,50,-21,QY-021X0050
-21,51,51,-21,QY-021X0051
-21,52,52,-21,QY-021X0052
-21,53,53,-21,QY-021X0053
-21,54,54,-21,QY-021X0054
-21,55,55,-21,QY-021X0055
-21,56,56,-21,QY-021X0056
-21,57,57,-21,QY-021X0057
-21,58,58,-21,QY-021X0058
-21,59,59,-21,QY-021X0059
-21,60,60,-21,QY-021X0060
-21,61,61,-21,QY-021X0061
-21,62,62,-21,QY-021X0062
-21,63,63,-21,QY-021X0063
-21,64,64,-21,QY-021X0064
-21,65,65,-21,QY-021X0065
-21,66,66,-21,QY-021X0066
-21,67,67,-21,QY-021X0067
-21,68,68,-21,QY-021X0068
-20,69,69,-20,QY-020X0069
-20,68,68,-20,QY-020X0068
-20,67,67,-20,QY-020X0067
-20,66,66,-20,QY-020X0066
-20,65,65,-20,QY-020X0065
-20,64,64,-20,QY-020X0064
-20,63,63,-20,QY-020X0063
-20,62,62,-20,QY-020X0062
-20,61,61,-20,QY-020X0061
-20,60,60,-20,QY-020X0060
-20,59,59,-20,QY-020X0059
-20,58,58,-20,QY-020X0058
-20,57,57,-20,QY-020X0057
-20,56,56,-20,QY-020X0056
-20,55,55,-20,QY-020X0055
-20,54,54,-20,QY-020X0054
-20,53,53,-20,QY-020X0053
-20,52,52,-20,QY-020X0052
-20,51,51,-20,QY-020X0051
-20,50,50,-20,QY-020X0050
-20,49,49,-20,QY-020X0049
-20,48,48,-20,QY-020X0048
-20,47,47,-20,QY-020X0047
-20,46,46,-20,QY-020X0046
-20,45,45,-20,QY-020X0045
-20,44,44,-20,QY-020X0044
-20,43,43,-20,QY-020X0043
-20,42,42,-20,QY-020X0042
-20,41,41,-20,QY-020X0041
-20,40,40,-20,QY-020X0040
-20,39,39,-20,QY-020X0039
-20,38,38,-20,QY-020X0038
-20,37,37,-20,QY-020X0037
-20,36,36,-20,QY-020X0036
-20,35,35,-20,QY-020X0035
-20,34,34,-20,QY-020X0034
-20,33,33,-20,QY-020X0033
-20,32,32,-20,QY-020X0032
-20,31,31,-20,QY-020X0031
-20,30,30,-20,QY-020X0030
-20,29,29,-20,QY-020X0029
-20,28,28,-20,QY-020X0028
-20,27,27,-20,QY-020X0027
-20,26,26,-20,QY-020X0026
-20,25,25,-20,QY-020X0025
-20,24,24,-20,QY-020X0024
-20,23,23,-20,QY-020X0023
-20,22,22,-20,QY-020X0022
-20,21,21,-20,QY-020X0021
-20,20,20,-20,QY-020X0020
-20,19,19,-20,QY-020X0019
-20,18,18,-20,QY-020X0018
-20,17,17,-20,QY-020X0017
-20,16,16,-20,QY-020X0016
-20,15,15,-20,QY-020X0015
-20,14,14,-20,QY-020X0014
-20,13,13,-20,QY-020X0013
-20,12,12,-20,QY-020X0012
-20,11,11,-20,QY-020X0011
-20,10,10,-20,QY-020X0010
-20,9,9,-20,QY-020X0009
-20,8,8,-20,QY-020X0008
-20,7,7,-20,QY-020X0007
-20,6,6,-20,QY-020X0006
-20,5,5,-20,QY-020X0005
-20,4,4,-20,QY-020X0004
-20,3,3,-20,QY-020X0003
-20,2,2,-20,QY-020X0002
-20,1,1,-20,QY-020X0001
-20,0,0,-20,QY-020X0000
-20,-1,-1,-20,QY-020X-001
-20,-2,-2,-20,QY-020X-002
-20,-3,-3,-20,QY-020X-003
-20,-4,-4,-20,QY-020X-004
-20,-5,-5,-20,QY-020X-005
-20,-6,-6,-20,QY-020X-006
-20,-7,-7,-20,QY-020X-007
-20,-8,-8,-20,QY-020X-008
-20,-9,-9,-20,QY-020X-009
-20,-10,-10,-20,QY-020X-010
-20,-11,-11,-20,QY-020X-011
-20,-12,-12,-20,QY-020X-012
-20,-13,-13,-20,QY-020X-013
-20,-14,-14,-20,QY-020X-014
-20,-15,-15,-20,QY-020X-015
-20,-16,-16,-20,QY-020X-016
-20,-17,-17,-20,QY-020X-017
-20,-18,-18,-20,QY-020X-018
-20,-19,-19,-20,QY-020X-019
-20,-20,-20,-20,QY-020X-020
-20,-21,-21,-20,QY-020X-021
-20,-22,-22,-20,QY-020X-022
-20,-23,-23,-20,QY-020X-023
-20,-24,-24,-20,QY-020X-024
-20,-25,-25,-20,QY-020X-025
-20,-26,-26,-20,QY-020X-026
-20,-27,-27,-20,QY-020X-027
-20,-28,-28,-20,QY-020X-028
-20,-29,-29,-20,QY-020X-029
-20,-30,-30,-20,QY-020X-030
-20,-31,-31,-20,QY-020X-031
-20,-32,-32,-20,QY-020X-032
-20,-33,-33,-20,QY-020X-033
-20,-34,-34,-20,QY-020X-034
-20,-35,-35,-20,QY-020X-035
-20,-36,-36,-20,QY-020X-036
-20,-37,-37,-20,QY-020X-037
-20,-38,-38,-20,QY-020X-038
-20,-39,-39,-20,QY-020X-039
-20,-40,-40,-20,QY-020X-040
-20,-41,-41,-20,QY-020X-041
-20,-42,-42,-20,QY-020X-042
-20,-43,-43,-20,QY-020X-043
-20,-44,-44,-20,QY-020X-044
-20,-45,-45,-20,QY-020X-045
-20,-46,-46,-20,QY-020X-046
-20,-47,-47,-20,QY-020X-047
-20,-48,-48,-20,QY-020X-048
-20,-49,-49,-20,QY-020X-049
-20,-50,-50,-20,QY-020X-050
-20,-51,-51,-20,QY-020X-051
-20,-52,-52,-20,QY-020X-052
-20,-53,-53,-20,QY-020X-053
-20,-54,-54,-20,QY-020X-054
-20,-55,-55,-20,QY-020X-055
-20,-56,-56,-20,QY-020X-056
-20,-57,-57,-20,QY-020X-057
-20,-58,-58,-20,QY-020X-058
-20,-59,-59,-20,QY-020X-059
-19,-59,-59,-19,QY-019X-059
-19,-58,-58,-19,QY-019X-058
-19,-57,-57,-19,QY-019X-057
-19,-56,-56,-19,QY-019X-056
-19,-55,-55,-19,QY-019X-055
-19,-54,-54,-19,QY-019X-054
-19,-53,-53,-19,QY-019X-053
-19,-52,-52,-19,QY-019X-052
-19,-51,-51,-19,QY-019X-051
-19,-50,-50,-19,QY-019X-050
-19,-49,-49,-19,QY-019X-049
-19,-48,-48,-19,QY-019X-048
-19,-47,-47,-19,QY-019X-047
-19,-46,-46,-19,QY-019X-046
-19,-45,-45,-19,QY-019X-045
-19,-44,-44,-19,QY-019X-044
-19,-43,-43,-19,QY-019X-043
-19,-42,-42,-19,QY-019X-042
-19,-41,-41,-19,QY-019X-041
-19,-40,-40,-19,QY-019X-040
-19,-39,-39,-19,QY-019X-039
-19,-38,-38,-19,QY-019X-038
-19,-37,-37,-19,QY-019X-037
-19,-36,-36,-19,QY-019X-036
-19,-35,-35,-19,QY-019X-035
-19,-34,-34,-19,QY-019X-034
-19,-33,-33,-19,QY-019X-033
-19,-32,-32,-19,QY-019X-032
-19,-31,-31,-19,QY-019X-031
-19,-30,-30,-19,QY-019X-030
-19,-29,-29,-19,QY-019X-029
-19,-28,-28,-19,QY-019X-028
-19,-27,-27,-19,QY-019X-027
-19,-26,-26,-19,QY-019X-026
-19,-25,-25,-19,QY-019X-025
-19,-24,-24,-19,QY-019X-024
-19,-23,-23,-19,QY-019X-023
-19,-22,-22,-19,QY-019X-022
-19,-21,-21,-19,QY-019X-021
-19,-20,-20,-19,QY-019X-020
-19,-19,-19,-19,QY-019X-019
-19,-18,-18,-19,QY-019X-018
-19,-17,-17,-19,QY-019X-017
-19,-16,-16,-19,QY-019X-016
-19,-15,-15,-19,QY-019X-015
-19,-14,-14,-19,QY-019X-014
-19,-13,-13,-19,QY-019X-013
-19,-12,-12,-19,QY-019X-012
-19,-11,-11,-19,QY-019X-011
-19,-10,-10,-19,QY-019X-010
-19,-9,-9,-19,QY-019X-009
-19,-8,-8,-19,QY-019X-008
-19,-7,-7,-19,QY-019X-007
-19,-6,-6,-19,QY-019X-006
-19,-5,-5,-19,QY-019X-005
-19,-4,-4,-19,QY-019X-004
-19,-3,-3,-19,QY-019X-003
-19,-2,-2,-19,QY-019X-002
-19,-1,-1,-19,QY-019X-001
-19,0,0,-19,QY-019X0000
-19,1,1,-19,QY-019X0001
-19,2,2,-19,QY-019X0002
-19,3,3,-19,QY-019X0003
-19,4,4,-19,QY-019X0004
-19,5,5,-19,QY-019X0005
-19,6,6,-19,QY-019X0006
-19,7,7,-19,QY-019X0007
-19,8,8,-19,QY-019X0008
-19,9,9,-19,QY-019X0009
-19,10,10,-19,QY-019X0010
-19,11,11,-19,QY-019X0011
-19,12,12,-19,QY-019X0012
-19,13,13,-19,QY-019X0013
-19,14,14,-19,QY-019X0014
-19,15,15,-19,QY-019X0015
-19,16,16,-19,QY-019X0016
-19,17,17,-19,QY-019X0017
-19,18,18,-19,QY-019X0018
-19,19,19,-19,QY-019X0019
-19,20,20,-19,QY-019X0020
-19,21,21,-19,QY-019X0021
-19,22,22,-19,QY-019X0022
-19,23,23,-19,QY-019X0023
-19,24,24,-19,QY-019X0024
-19,25,25,-19,QY-019X0025
-19,26,26,-19,QY-019X0026
-19,27,27,-19,QY-019X0027
-19,28,28,-19,QY-019X0028
-19,29,29,-19,QY-019X0029
-19,30,30,-19,QY-019X0030
-19,31,31,-19,QY-019X0031
-19,32,32,-19,QY-019X0032
-19,33,33,-19,QY-019X0033
-19,34,34,-19,QY-019X0034
-19,35,35,-19,QY-019X0035
-19,36,36,-19,QY-019X0036
-19,37,37,-19,QY-019X0037
-19,38,38,-19,QY-019X0038
-19,39,39,-19,QY-019X0039
-19,40,40,-19,QY-019X0040
-19,41,41,-19,QY-019X0041
-19,42,42,-19,QY-019X0042
-19,43,43,-19,QY-019X0043
-19,44,44,-19,QY-019X0044
-19,45,45,-19,QY-019X0045
-19,46,46,-19,QY-019X0046
-19,47,47,-19,QY-019X0047
-19,48,48,-19,QY-019X0048
-19,49,49,-19,QY-019X0049
-19,50,50,-19,QY-019X0050
-19,51,51,-19,QY-019X0051
-19,52,52,-19,QY-019X0052
-19,53,53,-19,QY-019X0053
-19,54,54,-19,QY-019X0054
-19,55,55,-19,QY-019X0055
-19,56,56,-19,QY-019X0056
-19,57,57,-19,QY-019X0057
-19,58,58,-19,QY-019X0058
-19,59,59,-19,QY-019X0059
-19,60,60,-19,QY-019X0060
-19,61,61,-19,QY-019X0061
-19,62,62,-19,QY-019X0062
-19,63,63,-19,QY-019X0063
-19,64,64,-19,QY-019X0064
-19,65,65,-19,QY-019X0065
-19,66,66,-19,QY-019X0066
-19,67,67,-19,QY-019X0067
-19,68,68,-19,QY-019X0068
-19,69,69,-19,QY-019X0069
-18,69,69,-18,QY-018X0069
-18,68,68,-18,QY-018X0068
-18,67,67,-18,QY-018X0067
-18,66,66,-18,QY-018X0066
-18,65,65,-18,QY-018X0065
-18,64,64,-18,QY-018X0064
-18,63,63,-18,QY-018X0063
-18,62,62,-18,QY-018X0062
-18,61,61,-18,QY-018X0061
-18,60,60,-18,QY-018X0060
-18,59,59,-18,QY-018X0059
-18,58,58,-18,QY-018X0058
-18,57,57,-18,QY-018X0057
-18,56,56,-18,QY-018X0056
-18,55,55,-18,QY-018X0055
-18,54,54,-18,QY-018X0054
-18,53,53,-18,QY-018X0053
-18,52,52,-18,QY-018X0052
-18,51,51,-18,QY-018X0051
-18,50,50,-18,QY-018X0050
-18,49,49,-18,QY-018X0049
-18,48,48,-18,QY-018X0048
-18,47,47,-18,QY-018X0047
-18,46,46,-18,QY-018X0046
-18,45,45,-18,QY-018X0045
-18,44,44,-18,QY-018X0044
-18,43,43,-18,QY-018X0043
-18,42,42,-18,QY-018X0042
-18,41,41,-18,QY-018X0041
-18,40,40,-18,QY-018X0040
-18,39,39,-18,QY-018X0039
-18,38,38,-18,QY-018X0038
-18,37,37,-18,QY-018X0037
-18,36,36,-18,QY-018X0036
-18,35,35,-18,QY-018X0035
-18,34,34,-18,QY-018X0034
-18,33,33,-18,QY-018X0033
-18,32,32,-18,QY-018X0032
-18,31,31,-18,QY-018X0031
-18,30,30,-18,QY-018X0030
-18,29,29,-18,QY-018X0029
-18,28,28,-18,QY-018X0028
-18,27,27,-18,QY-018X0027
-18,26,26,-18,QY-018X0026
-18,25,25,-18,QY-018X0025
-18,24,24,-18,QY-018X0024
-18,23,23,-18,QY-018X0023
-18,22,22,-18,QY-018X0022
-18,21,21,-18,QY-018X0021
-18,20,20,-18,QY-018X0020
-18,19,19,-18,QY-018X0019
-18,18,18,-18,QY-018X0018
-18,17,17,-18,QY-018X0017
-18,16,16,-18,QY-018X0016
-18,15,15,-18,QY-018X0015
-18,14,14,-18,QY-018X0014
-18,13,13,-18,QY-018X0013
-18,12,12,-18,QY-018X0012
-18,11,11,-18,QY-018X0011
-18,10,10,-18,QY-018X0010
-18,9,9,-18,QY-018X0009
-18,8,8,-18,QY-018X0008
-18,7,7,-18,QY-018X0007
-18,6,6,-18,QY-018X0006
-18,5,5,-18,QY-018X0005
-18,4,4,-18,QY-018X0004
-18,3,3,-18,QY-018X0003
-18,2,2,-18,QY-018X0002
-18,1,1,-18,QY-018X0001
-18,0,0,-18,QY-018X0000
-18,-1,-1,-18,QY-018X-001
-18,-2,-2,-18,QY-018X-002
-18,-3,-3,-18,QY-018X-003
-18,-4,-4,-18,QY-018X-004
-18,-5,-5,-18,QY-018X-005
-18,-6,-6,-18,QY-018X-006
-18,-7,-7,-18,QY-018X-007
-18,-8,-8,-18,QY-018X-008
-18,-9,-9,-18,QY-018X-009
-18,-10,-10,-18,QY-018X-010
-18,-11,-11,-18,QY-018X-011
-18,-12,-12,-18,QY-018X-012
-18,-13,-13,-18,QY-018X-013
-18,-14,-14,-18,QY-018X-014
-18,-15,-15,-18,QY-018X-015
-18,-16,-16,-18,QY-018X-016
-18,-17,-17,-18,QY-018X-017
-18,-18,-18,-18,QY-018X-018
-18,-19,-19,-18,QY-018X-019
-18,-20,-20,-18,QY-018X-020
-18,-21,-21,-18,QY-018X-021
-18,-22,-22,-18,QY-018X-022
-18,-23,-23,-18,QY-018X-023
-18,-24,-24,-18,QY-018X-024
-18,-25,-25,-18,QY-018X-025
-18,-26,-26,-18,QY-018X-026
-18,-27,-27,-18,QY-018X-027
-18,-28,-28,-18,QY-018X-028
-18,-29,-29,-18,QY-018X-029
-18,-30,-30,-18,QY-018X-030
-18,-31,-31,-18,QY-018X-031
-18,-32,-32,-18,QY-018X-032
-18,-33,-33,-18,QY-018X-033
-18,-34,-34,-18,QY-018X-034
-18,-35,-35,-18,QY-018X-035
-18,-36,-36,-18,QY-018X-036
-18,-37,-37,-18,QY-018X-037
-18,-38,-38,-18,QY-018X-038
-18,-39,-39,-18,QY-018X-039
-18,-40,-40,-18,QY-018X-040
-18,-41,-41,-18,QY-018X-041
-18,-42,-42,-18,QY-018X-042
-18,-43,-43,-18,QY-018X-043
-18,-44,-44,-18,QY-018X-044
-18,-45,-45,-18,QY-018X-045
-18,-46,-46,-18,QY-018X-046
-18,-47,-47,-18,QY-018X-047
-18,-48,-48,-18,QY-018X-048
-18,-49,-49,-18,QY-018X-049
-18,-50,-50,-18,QY-018X-050
-18,-51,-51,-18,QY-018X-051
-18,-52,-52,-18,QY-018X-052
-18,-53,-53,-18,QY-018X-053
-18,-54,-54,-18,QY-018X-054
-18,-55,-55,-18,QY-018X-055
-18,-56,-56,-18,QY-018X-056
-18,-57,-57,-18,QY-018X-057
-18,-58,-58,-18,QY-018X-058
-18,-59,-59,-18,QY-018X-059
-17,-60,-60,-17,QY-017X-060
-17,-59,-59,-17,QY-017X-059
-17,-58,-58,-17,QY-017X-058
-17,-57,-57,-17,QY-017X-057
-17,-56,-56,-17,QY-017X-056
-17,-55,-55,-17,QY-017X-055
-17,-54,-54,-17,QY-017X-054
-17,-53,-53,-17,QY-017X-053
-17,-52,-52,-17,QY-017X-052
-17,-51,-51,-17,QY-017X-051
-17,-50,-50,-17,QY-017X-050
-17,-49,-49,-17,QY-017X-049
-17,-48,-48,-17,QY-017X-048
-17,-47,-47,-17,QY-017X-047
-17,-46,-46,-17,QY-017X-046
-17,-45,-45,-17,QY-017X-045
-17,-44,-44,-17,QY-017X-044
-17,-43,-43,-17,QY-017X-043
-17,-42,-42,-17,QY-017X-042
-17,-41,-41,-17,QY-017X-041
-17,-40,-40,-17,QY-017X-040
-17,-39,-39,-17,QY-017X-039
-17,-38,-38,-17,QY-017X-038
-17,-37,-37,-17,QY-017X-037
-17,-36,-36,-17,QY-017X-036
-17,-35,-35,-17,QY-017X-035
-17,-34,-34,-17,QY-017X-034
-17,-33,-33,-17,QY-017X-033
-17,-32,-32,-17,QY-017X-032
-17,-31,-31,-17,QY-017X-031
-17,-30,-30,-17,QY-017X-030
-17,-29,-29,-17,QY-017X-029
-17,-28,-28,-17,QY-017X-028
-17,-27,-27,-17,QY-017X-027
-17,-26,-26,-17,QY-017X-026
-17,-25,-25,-17,QY-017X-025
-17,-24,-24,-17,QY-017X-024
-17,-23,-23,-17,QY-017X-023
-17,-22,-22,-17,QY-017X-022
-17,-21,-21,-17,QY-017X-021
-17,-20,-20,-17,QY-017X-020
-17,-19,-19,-17,QY-017X-019
-17,-18,-18,-17,QY-017X-018
-17,-17,-17,-17,QY-017X-017
-17,-16,-16,-17,QY-017X-016
-17,-15,-15,-17,QY-017X-015
-17,-14,-14,-17,QY-017X-014
-17,-13,-13,-17,QY-017X-013
-17,-12,-12,-17,QY-017X-012
-17,-11,-11,-17,QY-017X-011
-17,-10,-10,-17,QY-017X-010
-17,-9,-9,-17,QY-017X-009
-17,-8,-8,-17,QY-017X-008
-17,-7,-7,-17,QY-017X-007
-17,-6,-6,-17,QY-017X-006
-17,-5,-5,-17,QY-017X-005
-17,-4,-4,-17,QY-017X-004
-17,-3,-3,-17,QY-017X-003
-17,-2,-2,-17,QY-017X-002
-17,-1,-1,-17,QY-017X-001
-17,0,0,-17,QY-017X0000
-17,1,1,-17,QY-017X0001
-17,2,2,-17,QY-017X0002
-17,3,3,-17,QY-017X0003
-17,4,4,-17,QY-017X0004
-17,5,5,-17,QY-017X0005
-17,6,6,-17,QY-017X0006
-17,7,7,-17,QY-017X0007
-17,8,8,-17,QY-017X0008
-17,9,9,-17,QY-017X0009
-17,10,10,-17,QY-017X0010
-17,11,11,-17,QY-017X0011
-17,12,12,-17,QY-017X0012
-17,13,13,-17,QY-017X0013
-17,14,14,-17,QY-017X0014
-17,15,15,-17,QY-017X0015
-17,16,16,-17,QY-017X0016
-17,17,17,-17,QY-017X0017
-17,18,18,-17,QY-017X0018
-17,19,19,-17,QY-017X0019
-17,20,20,-17,QY-017X0020
-17,21,21,-17,QY-017X0021
-17,22,22,-17,QY-017X0022
-17,23,23,-17,QY-017X0023
-17,24,24,-17,QY-017X0024
-17,25,25,-17,QY-017X0025
-17,26,26,-17,QY-017X0026
-17,27,27,-17,QY-017X0027
-17,28,28,-17,QY-017X0028
-17,29,29,-17,QY-017X0029
-17,30,30,-17,QY-017X0030
-17,31,31,-17,QY-017X0031
-17,32,32,-17,QY-017X0032
-17,33,33,-17,QY-017X0033
-17,34,34,-17,QY-017X0034
-17,35,35,-17,QY-017X0035
-17,36,36,-17,QY-017X0036
-17,37,37,-17,QY-017X0037
-17,38,38,-17,QY-017X0038
-17,39,39,-17,QY-017X0039
-17,40,40,-17,QY-017X0040
-17,41,41,-17,QY-017X0041
-17,42,42,-17,QY-017X0042
-17,43,43,-17,QY-017X0043
-17,44,44,-17,QY-017X0044
-17,45,45,-17,QY-017X0045
-17,46,46,-17,QY-017X0046
-17,47,47,-17,QY-017X0047
-17,48,48,-17,QY-017X0048
-17,49,49,-17,QY-017X0049
-17,50,50,-17,QY-017X0050
-17,51,51,-17,QY-017X0051
-17,52,52,-17,QY-017X0052
-17,53,53,-17,QY-017X0053
-17,54,54,-17,QY-017X0054
-17,55,55,-17,QY-017X0055
-17,56,56,-17,QY-017X0056
-17,57,57,-17,QY-017X0057
-17,58,58,-17,QY-017X0058
-17,59,59,-17,QY-017X0059
-17,60,60,-17,QY-017X0060
-17,61,61,-17,QY-017X0061
-17,62,62,-17,QY-017X0062
-17,63,63,-17,QY-017X0063
-17,64,64,-17,QY-017X0064
-17,65,65,-17,QY-017X0065
-17,66,66,-17,QY-017X0066
-17,67,67,-17,QY-017X0067
-17,68,68,-17,QY-017X0068
-17,69,69,-17,QY-017X0069
-17,70,70,-17,QY-017X0070
-16,70,70,-16,QY-016X0070
-16,69,69,-16,QY-016X0069
-16,68,68,-16,QY-016X0068
-16,67,67,-16,QY-016X0067
-16,66,66,-16,QY-016X0066
-16,65,65,-16,QY-016X0065
-16,64,64,-16,QY-016X0064
-16,63,63,-16,QY-016X0063
-16,62,62,-16,QY-016X0062
-16,61,61,-16,QY-016X0061
-16,60,60,-16,QY-016X0060
-16,59,59,-16,QY-016X0059
-16,58,58,-16,QY-016X0058
-16,57,57,-16,QY-016X0057
-16,56,56,-16,QY-016X0056
-16,55,55,-16,QY-016X0055
-16,54,54,-16,QY-016X0054
-16,53,53,-16,QY-016X0053
-16,52,52,-16,QY-016X0052
-16,51,51,-16,QY-016X0051
-16,50,50,-16,QY-016X0050
-16,49,49,-16,QY-016X0049
-16,48,48,-16,QY-016X0048
-16,47,47,-16,QY-016X0047
-16,46,46,-16,QY-016X0046
-16,45,45,-16,QY-016X0045
-16,44,44,-16,QY-016X0044
-16,43,43,-16,QY-016X0043
-16,42,42,-16,QY-016X0042
-16,41,41,-16,QY-016X0041
-16,40,40,-16,QY-016X0040
-16,39,39,-16,QY-016X0039
-16,38,38,-16,QY-016X0038
-16,37,37,-16,QY-016X0037
-16,36,36,-16,QY-016X0036
-16,35,35,-16,QY-016X0035
-16,34,34,-16,QY-016X0034
-16,33,33,-16,QY-016X0033
-16,32,32,-16,QY-016X0032
-16,31,31,-16,QY-016X0031
-16,30,30,-16,QY-016X0030
-16,29,29,-16,QY-016X0029
-16,28,28,-16,QY-016X0028
-16,27,27,-16,QY-016X0027
-16,26,26,-16,QY-016X0026
-16,25,25,-16,QY-016X0025
-16,24,24,-16,QY-016X0024
-16,23,23,-16,QY-016X0023
-16,22,22,-16,QY-016X0022
-16,21,21,-16,QY-016X0021
-16,20,20,-16,QY-016X0020
-16,19,19,-16,QY-016X0019
-16,18,18,-16,QY-016X0018
-16,17,17,-16,QY-016X0017
-16,16,16,-16,QY-016X0016
-16,15,15,-16,QY-016X0015
-16,14,14,-16,QY-016X0014
-16,13,13,-16,QY-016X0013
-16,12,12,-16,QY-016X0012
-16,11,11,-16,QY-016X0011
-16,10,10,-16,QY-016X0010
-16,9,9,-16,QY-016X0009
-16,8,8,-16,QY-016X0008
-16,7,7,-16,QY-016X0007
-16,6,6,-16,QY-016X0006
-16,5,5,-16,QY-016X0005
-16,4,4,-16,QY-016X0004
-16,3,3,-16,QY-016X0003
-16,2,2,-16,QY-016X0002
-16,1,1,-16,QY-016X0001
-16,0,0,-16,QY-016X0000
-16,-1,-1,-16,QY-016X-001
-16,-2,-2,-16,QY-016X-002
-16,-3,-3,-16,QY-016X-003
-16,-4,-4,-16,QY-016X-004
-16,-5,-5,-16,QY-016X-005
-16,-6,-6,-16,QY-016X-006
-16,-7,-7,-16,QY-016X-007
-16,-8,-8,-16,QY-016X-008
-16,-9,-9,-16,QY-016X-009
-16,-10,-10,-16,QY-016X-010
-16,-11,-11,-16,QY-016X-011
-16,-12,-12,-16,QY-016X-012
-16,-13,-13,-16,QY-016X-013
-16,-14,-14,-16,QY-016X-014
-16,-15,-15,-16,QY-016X-015
-16,-16,-16,-16,QY-016X-016
-16,-17,-17,-16,QY-016X-017
-16,-18,-18,-16,QY-016X-018
-16,-19,-19,-16,QY-016X-019
-16,-20,-20,-16,QY-016X-020
-16,-21,-21,-16,QY-016X-021
-16,-22,-22,-16,QY-016X-022
-16,-23,-23,-16,QY-016X-023
-16,-24,-24,-16,QY-016X-024
-16,-25,-25,-16,QY-016X-025
-16,-26,-26,-16,QY-016X-026
-16,-27,-27,-16,QY-016X-027
-16,-28,-28,-16,QY-016X-028
-16,-29,-29,-16,QY-016X-029
-16,-30,-30,-16,QY-016X-030
-16,-31,-31,-16,QY-016X-031
-16,-32,-32,-16,QY-016X-032
-16,-33,-33,-16,QY-016X-033
-16,-34,-34,-16,QY-016X-034
-16,-35,-35,-16,QY-016X-035
-16,-36,-36,-16,QY-016X-036
-16,-37,-37,-16,QY-016X-037
-16,-38,-38,-16,QY-016X-038
-16,-39,-39,-16,QY-016X-039
-16,-40,-40,-16,QY-016X-040
-16,-41,-41,-16,QY-016X-041
-16,-42,-42,-16,QY-016X-042
-16,-43,-43,-16,QY-016X-043
-16,-44,-44,-16,QY-016X-044
-16,-45,-45,-16,QY-016X-045
-16,-46,-46,-16,QY-016X-046
-16,-47,-47,-16,QY-016X-047
-16,-48,-48,-16,QY-016X-048
-16,-49,-49,-16,QY-016X-049
-16,-50,-50,-16,QY-016X-050
-16,-51,-51,-16,QY-016X-051
-16,-52,-52,-16,QY-016X-052
-16,-53,-53,-16,QY-016X-053
-16,-54,-54,-16,QY-016X-054
-16,-55,-55,-16,QY-016X-055
-16,-56,-56,-16,QY-016X-056
-16,-57,-57,-16,QY-016X-057
-16,-58,-58,-16,QY-016X-058
-16,-59,-59,-16,QY-016X-059
-16,-60,-60,-16,QY-016X-060
-15,-60,-60,-15,QY-015X-060
-15,-59,-59,-15,QY-015X-059
-15,-58,-58,-15,QY-015X-058
-15,-57,-57,-15,QY-015X-057
-15,-56,-56,-15,QY-015X-056
-15,-55,-55,-15,QY-015X-055
-15,-54,-54,-15,QY-015X-054
-15,-53,-53,-15,QY-015X-053
-15,-52,-52,-15,QY-015X-052
-15,-51,-51,-15,QY-015X-051
-15,-50,-50,-15,QY-015X-050
-15,-49,-49,-15,QY-015X-049
-15,-48,-48,-15,QY-015X-048
-15,-47,-47,-15,QY-015X-047
-15,-46,-46,-15,QY-015X-046
-15,-45,-45,-15,QY-015X-045
-15,-44,-44,-15,QY-015X-044
-15,-43,-43,-15,QY-015X-043
-15,-42,-42,-15,QY-015X-042
-15,-41,-41,-15,QY-015X-041
-15,-40,-40,-15,QY-015X-040
-15,-39,-39,-15,QY-015X-039
-15,-38,-38,-15,QY-015X-038
-15,-37,-37,-15,QY-015X-037
-15,-36,-36,-15,QY-015X-036
-15,-35,-35,-15,QY-015X-035
-15,-34,-34,-15,QY-015X-034
-15,-33,-33,-15,QY-015X-033
-15,-32,-32,-15,QY-015X-032
-15,-31,-31,-15,QY-015X-031
-15,-30,-30,-15,QY-015X-030
-15,-29,-29,-15,QY-015X-029
-15,-28,-28,-15,QY-015X-028
-15,-27,-27,-15,QY-015X-027
-15,-26,-26,-15,QY-015X-026
-15,-25,-25,-15,QY-015X-025
-15,-24,-24,-15,QY-015X-024
-15,-23,-23,-15,QY-015X-023
-15,-22,-22,-15,QY-015X-022
-15,-21,-21,-15,QY-015X-021
-15,-20,-20,-15,QY-015X-020
-15,-19,-19,-15,QY-015X-019
-15,-18,-18,-15,QY-015X-018
-15,-17,-17,-15,QY-015X-017
-15,-16,-16,-15,QY-015X-016
-15,-15,-15,-15,QY-015X-015
-15,-14,-14,-15,QY-015X-014
-15,-13,-13,-15,QY-015X-013
-15,-12,-12,-15,QY-015X-012
-15,-11,-11,-15,QY-015X-011
-15,-10,-10,-15,QY-015X-010
-15,-9,-9,-15,QY-015X-009
-15,-8,-8,-15,QY-015X-008
-15,-7,-7,-15,QY-015X-007
-15,-6,-6,-15,QY-015X-006
-15,-5,-5,-15,QY-015X-005
-15,-4,-4,-15,QY-015X-004
-15,-3,-3,-15,QY-015X-003
-15,-2,-2,-15,QY-015X-002
-15,-1,-1,-15,QY-015X-001
-15,0,0,-15,QY-015X0000
-15,1,1,-15,QY-015X0001
-15,2,2,-15,QY-015X0002
-15,3,3,-15,QY-015X0003
-15,4,4,-15,QY-015X0004
-15,5,5,-15,QY-015X0005
-15,6,6,-15,QY-015X0006
-15,7,7,-15,QY-015X0007
-15,8,8,-15,QY-015X0008
-15,9,9,-15,QY-015X0009
-15,10,10,-15,QY-015X0010
-15,11,11,-15,QY-015X0011
-15,12,12,-15,QY-015X0012
-15,13,13,-15,QY-015X0013
-15,14,14,-15,QY-015X0014
-15,15,15,-15,QY-015X0015
-15,16,16,-15,QY-015X0016
-15,17,17,-15,QY-015X0017
-15,18,18,-15,QY-015X0018
-15,19,19,-15,QY-015X0019
-15,20,20,-15,QY-015X0020
-15,21,21,-15,QY-015X0021
-15,22,22,-15,QY-015X0022
-15,23,23,-15,QY-015X0023
-15,24,24,-15,QY-015X0024
-15,25,25,-15,QY-015X0025
-15,26,26,-15,QY-015X0026
-15,27,27,-15,QY-015X0027
-15,28,28,-15,QY-015X0028
-15,29,29,-15,QY-015X0029
-15,30,30,-15,QY-015X0030
-15,31,31,-15,QY-015X0031
-15,32,32,-15,QY-015X0032
-15,33,33,-15,QY-015X0033
-15,34,34,-15,QY-015X0034
-15,35,35,-15,QY-015X0035
-15,36,36,-15,QY-015X0036
-15,37,37,-15,QY-015X0037
-15,38,38,-15,QY-015X0038
-15,39,39,-15,QY-015X0039
-15,40,40,-15,QY-015X0040
-15,41,41,-15,QY-015X0041
-15,42,42,-15,QY-015X0042
-15,43,43,-15,QY-015X0043
-15,44,44,-15,QY-015X0044
-15,45,45,-15,QY-015X0045
-15,46,46,-15,QY-015X0046
-15,47,47,-15,QY-015X0047
-15,48,48,-15,QY-015X0048
-15,49,49,-15,QY-015X0049
-15,50,50,-15,QY-015X0050
-15,51,51,-15,QY-015X0051
-15,52,52,-15,QY-015X0052
-15,53,53,-15,QY-015X0053
-15,54,54,-15,QY-015X0054
-15,55,55,-15,QY-015X0055
-15,56,56,-15,QY-015X0056
-15,57,57,-15,QY-015X0057
-15,58,58,-15,QY-015X0058
-15,59,59,-15,QY-015X0059
-15,60,60,-15,QY-015X0060
-15,61,61,-15,QY-015X0061
-15,62,62,-15,QY-015X0062
-15,63,63,-15,QY-015X0063
-15,64,64,-15,QY-015X0064
-15,65,65,-15,QY-015X0065
-15,66,66,-15,QY-015X0066
-15,67,67,-15,QY-015X0067
-15,68,68,-15,QY-015X0068
-15,69,69,-15,QY-015X0069
-15,70,70,-15,QY-015X0070
-14,71,71,-14,QY-014X0071
-14,70,70,-14,QY-014X0070
-14,69,69,-14,QY-014X0069
-14,68,68,-14,QY-014X0068
-14,67,67,-14,QY-014X0067
-14,66,66,-14,QY-014X0066
-14,65,65,-14,QY-014X0065
-14,64,64,-14,QY-014X0064
-14,63,63,-14,QY-014X0063
-14,62,62,-14,QY-014X0062
-14,61,61,-14,QY-014X0061
-14,60,60,-14,QY-014X0060
-14,59,59,-14,QY-014X0059
-14,58,58,-14,QY-014X0058
-14,57,57,-14,QY-014X0057
-14,56,56,-14,QY-014X0056
-14,55,55,-14,QY-014X0055
-14,54,54,-14,QY-014X0054
-14,53,53,-14,QY-014X0053
-14,52,52,-14,QY-014X0052
-14,51,51,-14,QY-014X0051
-14,50,50,-14,QY-014X0050
-14,49,49,-14,QY-014X0049
-14,48,48,-14,QY-014X0048
-14,47,47,-14,QY-014X0047
-14,46,46,-14,QY-014X0046
-14,45,45,-14,QY-014X0045
-14,44,44,-14,QY-014X0044
-14,43,43,-14,QY-014X0043
-14,42,42,-14,QY-014X0042
-14,41,41,-14,QY-014X0041
-14,40,40,-14,QY-014X0040
-14,39,39,-14,QY-014X0039
-14,38,38,-14,QY-014X0038
-14,37,37,-14,QY-014X0037
-14,36,36,-14,QY-014X0036
-14,35,35,-14,QY-014X0035
-14,34,34,-14,QY-014X0034
-14,33,33,-14,QY-014X0033
-14,32,32,-14,QY-014X0032
-14,31,31,-14,QY-014X0031
-14,30,30,-14,QY-014X0030
-14,29,29,-14,QY-014X0029
-14,28,28,-14,QY-014X0028
-14,27,27,-14,QY-014X0027
-14,26,26,-14,QY-014X0026
-14,25,25,-14,QY-014X0025
-14,24,24,-14,QY-014X0024
-14,23,23,-14,QY-014X0023
-14,22,22,-14,QY-014X0022
-14,21,21,-14,QY-014X0021
-14,20,20,-14,QY-014X0020
-14,19,19,-14,QY-014X0019
-14,18,18,-14,QY-014X0018
-14,17,17,-14,QY-014X0017
-14,16,16,-14,QY-014X0016
-14,15,15,-14,QY-014X0015
-14,14,14,-14,QY-014X0014
-14,13,13,-14,QY-014X0013
-14,12,12,-14,QY-014X0012
-14,11,11,-14,QY-014X0011
-14,10,10,-14,QY-014X0010
-14,9,9,-14,QY-014X0009
-14,8,8,-14,QY-014X0008
-14,7,7,-14,QY-014X0007
-14,6,6,-14,QY-014X0006
-14,5,5,-14,QY-014X0005
-14,4,4,-14,QY-014X0004
-14,3,3,-14,QY-014X0003
-14,2,2,-14,QY-014X0002
-14,1,1,-14,QY-014X0001
-14,0,0,-14,QY-014X0000
-14,-1,-1,-14,QY-014X-001
-14,-2,-2,-14,QY-014X-002
-14,-3,-3,-14,QY-014X-003
-14,-4,-4,-14,QY-014X-004
-14,-5,-5,-14,QY-014X-005
-14,-6,-6,-14,QY-014X-006
-14,-7,-7,-14,QY-014X-007
-14,-8,-8,-14,QY-014X-008
-14,-9,-9,-14,QY-014X-009
-14,-10,-10,-14,QY-014X-010
-14,-11,-11,-14,QY-014X-011
-14,-12,-12,-14,QY-014X-012
-14,-13,-13,-14,QY-014X-013
-14,-14,-14,-14,QY-014X-014
-14,-15,-15,-14,QY-014X-015
-14,-16,-16,-14,QY-014X-016
-14,-17,-17,-14,QY-014X-017
-14,-18,-18,-14,QY-014X-018
-14,-19,-19,-14,QY-014X-019
-14,-20,-20,-14,QY-014X-020
-14,-21,-21,-14,QY-014X-021
-14,-22,-22,-14,QY-014X-022
-14,-23,-23,-14,QY-014X-023
-14,-24,-24,-14,QY-014X-024
-14,-25,-25,-14,QY-014X-025
-14,-26,-26,-14,QY-014X-026
-14,-27,-27,-14,QY-014X-027
-14,-28,-28,-14,QY-014X-028
-14,-29,-29,-14,QY-014X-029
-14,-30,-30,-14,QY-014X-030
-14,-31,-31,-14,QY-014X-031
-14,-32,-32,-14,QY-014X-032
-14,-33,-33,-14,QY-014X-033
-14,-34,-34,-14,QY-014X-034
-14,-35,-35,-14,QY-014X-035
-14,-36,-36,-14,QY-014X-036
-14,-37,-37,-14,QY-014X-037
-14,-38,-38,-14,QY-014X-038
-14,-39,-39,-14,QY-014X-039
-14,-40,-40,-14,QY-014X-040
-14,-41,-41,-14,QY-014X-041
-14,-42,-42,-14,QY-014X-042
-14,-43,-43,-14,QY-014X-043
-14,-44,-44,-14,QY-014X-044
-14,-45,-45,-14,QY-014X-045
-14,-46,-46,-14,QY-014X-046
-14,-47,-47,-14,QY-014X-047
-14,-48,-48,-14,QY-014X-048
-14,-49,-49,-14,QY-014X-049
-14,-50,-50,-14,QY-014X-050
-14,-51,-51,-14,QY-014X-051
-14,-52,-52,-14,QY-014X-052
-14,-53,-53,-14,QY-014X-053
-14,-54,-54,-14,QY-014X-054
-14,-55,-55,-14,QY-014X-055
-14,-56,-56,-14,QY-014X-056
-14,-57,-57,-14,QY-014X-057
-14,-58,-58,-14,QY-014X-058
-14,-59,-59,-14,QY-014X-059
-14,-60,-60,-14,QY-014X-060
-14,-61,-61,-14,QY-014X-061
-13,-61,-61,-13,QY-013X-061
-13,-60,-60,-13,QY-013X-060
-13,-59,-59,-13,QY-013X-059
-13,-58,-58,-13,QY-013X-058
-13,-57,-57,-13,QY-013X-057
-13,-56,-56,-13,QY-013X-056
-13,-55,-55,-13,QY-013X-055
-13,-54,-54,-13,QY-013X-054
-13,-53,-53,-13,QY-013X-053
-13,-52,-52,-13,QY-013X-052
-13,-51,-51,-13,QY-013X-051
-13,-50,-50,-13,QY-013X-050
-13,-49,-49,-13,QY-013X-049
-13,-48,-48,-13,QY-013X-048
-13,-47,-47,-13,QY-013X-047
-13,-46,-46,-13,QY-013X-046
-13,-45,-45,-13,QY-013X-045
-13,-44,-44,-13,QY-013X-044
-13,-43,-43,-13,QY-013X-043
-13,-42,-42,-13,QY-013X-042
-13,-41,-41,-13,QY-013X-041
-13,-40,-40,-13,QY-013X-040
-13,-39,-39,-13,QY-013X-039
-13,-38,-38,-13,QY-013X-038
-13,-37,-37,-13,QY-013X-037
-13,-36,-36,-13,QY-013X-036
-13,-35,-35,-13,QY-013X-035
-13,-34,-34,-13,QY-013X-034
-13,-33,-33,-13,QY-013X-033
-13,-32,-32,-13,QY-013X-032
-13,-31,-31,-13,QY-013X-031
-13,-30,-30,-13,QY-013X-030
-13,-29,-29,-13,QY-013X-029
-13,-28,-28,-13,QY-013X-028
-13,-27,-27,-13,QY-013X-027
-13,-26,-26,-13,QY-013X-026
-13,-25,-25,-13,QY-013X-025
-13,-24,-24,-13,QY-013X-024
-13,-23,-23,-13,QY-013X-023
-13,-22,-22,-13,QY-013X-022
-13,-21,-21,-13,QY-013X-021
-13,-20,-20,-13,QY-013X-020
-13,-19,-19,-13,QY-013X-019
-13,-18,-18,-13,QY-013X-018
-13,-17,-17,-13,QY-013X-017
-13,-16,-16,-13,QY-013X-016
-13,-15,-15,-13,QY-013X-015
-13,-14,-14,-13,QY-013X-014
-13,-13,-13,-13,QY-013X-013
-13,-12,-12,-13,QY-013X-012
-13,-11,-11,-13,QY-013X-011
-13,-10,-10,-13,QY-013X-010
-13,-9,-9,-13,QY-013X-009
-13,-8,-8,-13,QY-013X-008
-13,-7,-7,-13,QY-013X-007
-13,-6,-6,-13,QY-013X-006
-13,-5,-5,-13,QY-013X-005
-13,-4,-4,-13,QY-013X-004
-13,-3,-3,-13,QY-013X-003
-13,-2,-2,-13,QY-013X-002
-13,-1,-1,-13,QY-013X-001
-13,0,0,-13,QY-013X0000
-13,1,1,-13,QY-013X0001
-13,2,2,-13,QY-013X0002
-13,3,3,-13,QY-013X0003
-13,4,4,-13,QY-013X0004
-13,5,5,-13,QY-013X0005
-13,6,6,-13,QY-013X0006
-13,7,7,-13,QY-013X0007
-13,8,8,-13,QY-013X0008
-13,9,9,-13,QY-013X0009
-13,10,10,-13,QY-013X0010
-13,11,11,-13,QY-013X0011
-13,12,12,-13,QY-013X0012
-13,13,13,-13,QY-013X0013
-13,14,14,-13,QY-013X0014
-13,15,15,-13,QY-013X0015
-13,16,16,-13,QY-013X0016
-13,17,17,-13,QY-013X0017
-13,18,18,-13,QY-013X0018
-13,19,19,-13,QY-013X0019
-13,20,20,-13,QY-013X0020
-13,21,21,-13,QY-013X0021
-13,22,22,-13,QY-013X0022
-13,23,23,-13,QY-013X0023
-13,24,24,-13,QY-013X0024
-13,25,25,-13,QY-013X0025
-13,26,26,-13,QY-013X0026
-13,27,27,-13,QY-013X0027
-13,28,28,-13,QY-013X0028
-13,29,29,-13,QY-013X0029
-13,30,30,-13,QY-013X0030
-13,31,31,-13,QY-013X0031
-13,32,32,-13,QY-013X0032
-13,33,33,-13,QY-013X0033
-13,34,34,-13,QY-013X0034
-13,35,35,-13,QY-013X0035
-13,36,36,-13,QY-013X0036
-13,37,37,-13,QY-013X0037
-13,38,38,-13,QY-013X0038
-13,39,39,-13,QY-013X0039
-13,40,40,-13,QY-013X0040
-13,41,41,-13,QY-013X0041
-13,42,42,-13,QY-013X0042
-13,43,43,-13,QY-013X0043
-13,44,44,-13,QY-013X0044
-13,45,45,-13,QY-013X0045
-13,46,46,-13,QY-013X0046
-13,47,47,-13,QY-013X0047
-13,48,48,-13,QY-013X0048
-13,49,49,-13,QY-013X0049
-13,50,50,-13,QY-013X0050
-13,51,51,-13,QY-013X0051
-13,52,52,-13,QY-013X0052
-13,53,53,-13,QY-013X0053
-13,54,54,-13,QY-013X0054
-13,55,55,-13,QY-013X0055
-13,56,56,-13,QY-013X0056
-13,57,57,-13,QY-013X0057
-13,58,58,-13,QY-013X0058
-13,59,59,-13,QY-013X0059
-13,60,60,-13,QY-013X0060
-13,61,61,-13,QY-013X0061
-13,62,62,-13,QY-013X0062
-13,63,63,-13,QY-013X0063
-13,64,64,-13,QY-013X0064
-13,65,65,-13,QY-013X0065
-13,66,66,-13,QY-013X0066
-13,67,67,-13,QY-013X0067
-13,68,68,-13,QY-013X0068
-13,69,69,-13,QY-013X0069
-13,70,70,-13,QY-013X0070
-13,71,71,-13,QY-013X0071
-12,71,71,-12,QY-012X0071
-12,70,70,-12,QY-012X0070
-12,69,69,-12,QY-012X0069
-12,68,68,-12,QY-012X0068
-12,67,67,-12,QY-012X0067
-12,66,66,-12,QY-012X0066
-12,65,65,-12,QY-012X0065
-12,64,64,-12,QY-012X0064
-12,63,63,-12,QY-012X0063
-12,62,62,-12,QY-012X0062
-12,61,61,-12,QY-012X0061
-12,60,60,-12,QY-012X0060
-12,59,59,-12,QY-012X0059
-12,58,58,-12,QY-012X0058
-12,57,57,-12,QY-012X0057
-12,56,56,-12,QY-012X0056
-12,55,55,-12,QY-012X0055
-12,54,54,-12,QY-012X0054
-12,53,53,-12,QY-012X0053
-12,52,52,-12,QY-012X0052
-12,51,51,-12,QY-012X0051
-12,50,50,-12,QY-012X0050
-12,49,49,-12,QY-012X0049
-12,48,48,-12,QY-012X0048
-12,47,47,-12,QY-012X0047
-12,46,46,-12,QY-012X0046
-12,45,45,-12,QY-012X0045
-12,44,44,-12,QY-012X0044
-12,43,43,-12,QY-012X0043
-12,42,42,-12,QY-012X0042
-12,41,41,-12,QY-012X0041
-12,40,40,-12,QY-012X0040
-12,39,39,-12,QY-012X0039
-12,38,38,-12,QY-012X0038
-12,37,37,-12,QY-012X0037
-12,36,36,-12,QY-012X0036
-12,35,35,-12,QY-012X0035
-12,34,34,-12,QY-012X0034
-12,33,33,-12,QY-012X0033
-12,32,32,-12,QY-012X0032
-12,31,31,-12,QY-012X0031
-12,30,30,-12,QY-012X0030
-12,29,29,-12,QY-012X0029
-12,28,28,-12,QY-012X0028
-12,27,27,-12,QY-012X0027
-12,26,26,-12,QY-012X0026
-12,25,25,-12,QY-012X0025
-12,24,24,-12,QY-012X0024
-12,23,23,-12,QY-012X0023
-12,22,22,-12,QY-012X0022
-12,21,21,-12,QY-012X0021
-12,20,20,-12,QY-012X0020
-12,19,19,-12,QY-012X0019
-12,18,18,-12,QY-012X0018
-12,17,17,-12,QY-012X0017
-12,16,16,-12,QY-012X0016
-12,15,15,-12,QY-012X0015
-12,14,14,-12,QY-012X0014
-12,13,13,-12,QY-012X0013
-12,12,12,-12,QY-012X0012
-12,11,11,-12,QY-012X0011
-12,10,10,-12,QY-012X0010
-12,9,9,-12,QY-012X0009
-12,8,8,-12,QY-012X0008
-12,7,7,-12,QY-012X0007
-12,6,6,-12,QY-012X0006
-12,5,5,-12,QY-012X0005
-12,4,4,-12,QY-012X0004
-12,3,3,-12,QY-012X0003
-12,2,2,-12,QY-012X0002
-12,1,1,-12,QY-012X0001
-12,0,0,-12,QY-012X0000
-12,-1,-1,-12,QY-012X-001
-12,-2,-2,-12,QY-012X-002
-12,-3,-3,-12,QY-012X-003
-12,-4,-4,-12,QY-012X-004
-12,-5,-5,-12,QY-012X-005
-12,-6,-6,-12,QY-012X-006
-12,-7,-7,-12,QY-012X-007
-12,-8,-8,-12,QY-012X-008
-12,-9,-9,-12,QY-012X-009
-12,-10,-10,-12,QY-012X-010
-12,-11,-11,-12,QY-012X-011
-12,-12,-12,-12,QY-012X-012
-12,-13,-13,-12,QY-012X-013
-12,-14,-14,-12,QY-012X-014
-12,-15,-15,-12,QY-012X-015
-12,-16,-16,-12,QY-012X-016
-12,-17,-17,-12,QY-012X-017
-12,-18,-18,-12,QY-012X-018
-12,-19,-19,-12,QY-012X-019
-12,-20,-20,-12,QY-012X-020
-12,-21,-21,-12,QY-012X-021
-12,-22,-22,-12,QY-012X-022
-12,-23,-23,-12,QY-012X-023
-12,-24,-24,-12,QY-012X-024
-12,-25,-25,-12,QY-012X-025
-12,-26,-26,-12,QY-012X-026
-12,-27,-27,-12,QY-012X-027
-12,-28,-28,-12,QY-012X-028
-12,-29,-29,-12,QY-012X-029
-12,-30,-30,-12,QY-012X-030
-12,-31,-31,-12,QY-012X-031
-12,-32,-32,-12,QY-012X-032
-12,-33,-33,-12,QY-012X-033
-12,-34,-34,-12,QY-012X-034
-12,-35,-35,-12,QY-012X-035
-12,-36,-36,-12,QY-012X-036
-12,-37,-37,-12,QY-012X-037
-12,-38,-38,-12,QY-012X-038
-12,-39,-39,-12,QY-012X-039
-12,-40,-40,-12,QY-012X-040
-12,-41,-41,-12,QY-012X-041
-12,-42,-42,-12,QY-012X-042
-12,-43,-43,-12,QY-012X-043
-12,-44,-44,-12,QY-012X-044
-12,-45,-45,-12,QY-012X-045
-12,-46,-46,-12,QY-012X-046
-12,-47,-47,-12,QY-012X-047
-12,-48,-48,-12,QY-012X-048
-12,-49,-49,-12,QY-012X-049
-12,-50,-50,-12,QY-012X-050
-12,-51,-51,-12,QY-012X-051
-12,-52,-52,-12,QY-012X-052
-12,-53,-53,-12,QY-012X-053
-12,-54,-54,-12,QY-012X-054
-12,-55,-55,-12,QY-012X-055
-12,-56,-56,-12,QY-012X-056
-12,-57,-57,-12,QY-012X-057
-12,-58,-58,-12,QY-012X-058
-12,-59,-59,-12,QY-012X-059
-12,-60,-60,-12,QY-012X-060
-12,-61,-61,-12,QY-012X-061
-11,-61,-61,-11,QY-011X-061
-11,-60,-60,-11,QY-011X-060
-11,-59,-59,-11,QY-011X-059
-11,-58,-58,-11,QY-011X-058
-11,-57,-57,-11,QY-011X-057
-11,-56,-56,-11,QY-011X-056
-11,-55,-55,-11,QY-011X-055
-11,-54,-54,-11,QY-011X-054
-11,-53,-53,-11,QY-011X-053
-11,-52,-52,-11,QY-011X-052
-11,-51,-51,-11,QY-011X-051
-11,-50,-50,-11,QY-011X-050
-11,-49,-49,-11,QY-011X-049
-11,-48,-48,-11,QY-011X-048
-11,-47,-47,-11,QY-011X-047
-11,-46,-46,-11,QY-011X-046
-11,-45,-45,-11,QY-011X-045
-11,-44,-44,-11,QY-011X-044
-11,-43,-43,-11,QY-011X-043
-11,-42,-42,-11,QY-011X-042
-11,-41,-41,-11,QY-011X-041
-11,-40,-40,-11,QY-011X-040
-11,-39,-39,-11,QY-011X-039
-11,-38,-38,-11,QY-011X-038
-11,-37,-37,-11,QY-011X-037
-11,-36,-36,-11,QY-011X-036
-11,-35,-35,-11,QY-011X-035
-11,-34,-34,-11,QY-011X-034
-11,-33,-33,-11,QY-011X-033
-11,-32,-32,-11,QY-011X-032
-11,-31,-31,-11,QY-011X-031
-11,-30,-30,-11,QY-011X-030
-11,-29,-29,-11,QY-011X-029
-11,-28,-28,-11,QY-011X-028
-11,-27,-27,-11,QY-011X-027
-11,-26,-26,-11,QY-011X-026
-11,-25,-25,-11,QY-011X-025
-11,-24,-24,-11,QY-011X-024
-11,-23,-23,-11,QY-011X-023
-11,-22,-22,-11,QY-011X-022
-11,-21,-21,-11,QY-011X-021
-11,-20,-20,-11,QY-011X-020
-11,-19,-19,-11,QY-011X-019
-11,-18,-18,-11,QY-011X-018
-11,-17,-17,-11,QY-011X-017
-11,-16,-16,-11,QY-011X-016
-11,-15,-15,-11,QY-011X-015
-11,-14,-14,-11,QY-011X-014
-11,-13,-13,-11,QY-011X-013
-11,-12,-12,-11,QY-011X-012
-11,-11,-11,-11,QY-011X-011
-11,-10,-10,-11,QY-011X-010
-11,-9,-9,-11,QY-011X-009
-11,-8,-8,-11,QY-011X-008
-11,-7,-7,-11,QY-011X-007
-11,-6,-6,-11,QY-011X-006
-11,-5,-5,-11,QY-011X-005
-11,-4,-4,-11,QY-011X-004
-11,-3,-3,-11,QY-011X-003
-11,-2,-2,-11,QY-011X-002
-11,-1,-1,-11,QY-011X-001
-11,0,0,-11,QY-011X0000
-11,1,1,-11,QY-011X0001
-11,2,2,-11,QY-011X0002
-11,3,3,-11,QY-011X0003
-11,4,4,-11,QY-011X0004
-11,5,5,-11,QY-011X0005
-11,6,6,-11,QY-011X0006
-11,7,7,-11,QY-011X0007
-11,8,8,-11,QY-011X0008
-11,9,9,-11,QY-011X0009
-11,10,10,-11,QY-011X0010
-11,11,11,-11,QY-011X0011
-11,12,12,-11,QY-011X0012
-11,13,13,-11,QY-011X0013
-11,14,14,-11,QY-011X0014
-11,15,15,-11,QY-011X0015
-11,16,16,-11,QY-011X0016
-11,17,17,-11,QY-011X0017
-11,18,18,-11,QY-011X0018
-11,19,19,-11,QY-011X0019
-11,20,20,-11,QY-011X0020
-11,21,21,-11,QY-011X0021
-11,22,22,-11,QY-011X0022
-11,23,23,-11,QY-011X0023
-11,24,24,-11,QY-011X0024
-11,25,25,-11,QY-011X0025
-11,26,26,-11,QY-011X0026
-11,27,27,-11,QY-011X0027
-11,28,28,-11,QY-011X0028
-11,29,29,-11,QY-011X0029
-11,30,30,-11,QY-011X0030
-11,31,31,-11,QY-011X0031
-11,32,32,-11,QY-011X0032
-11,33,33,-11,QY-011X0033
-11,34,34,-11,QY-011X0034
-11,35,35,-11,QY-011X0035
-11,36,36,-11,QY-011X0036
-11,37,37,-11,QY-011X0037
-11,38,38,-11,QY-011X0038
-11,39,39,-11,QY-011X0039
-11,40,40,-11,QY-011X0040
-11,41,41,-11,QY-011X0041
-11,42,42,-11,QY-011X0042
-11,43,43,-11,QY-011X0043
-11,44,44,-11,QY-011X0044
-11,45,45,-11,QY-011X0045
-11,46,46,-11,QY-011X0046
-11,47,47,-11,QY-011X0047
-11,48,48,-11,QY-011X0048
-11,49,49,-11,QY-011X0049
-11,50,50,-11,QY-011X0050
-11,51,51,-11,QY-011X0051
-11,52,52,-11,QY-011X0052
-11,53,53,-11,QY-011X0053
-11,54,54,-11,QY-011X0054
-11,55,55,-11,QY-011X0055
-11,56,56,-11,QY-011X0056
-11,57,57,-11,QY-011X0057
-11,58,58,-11,QY-011X0058
-11,59,59,-11,QY-011X0059
-11,60,60,-11,QY-011X0060
-11,61,61,-11,QY-011X0061
-11,62,62,-11,QY-011X0062
-11,63,63,-11,QY-011X0063
-11,64,64,-11,QY-011X0064
-11,65,65,-11,QY-011X0065
-11,66,66,-11,QY-011X0066
-11,67,67,-11,QY-011X0067
-11,68,68,-11,QY-011X0068
-11,69,69,-11,QY-011X0069
-11,70,70,-11,QY-011X0070
-11,71,71,-11,QY-011X0071
-10,71,71,-10,QY-010X0071
-10,70,70,-10,QY-010X0070
-10,69,69,-10,QY-010X0069
-10,68,68,-10,QY-010X0068
-10,67,67,-10,QY-010X0067
-10,66,66,-10,QY-010X0066
-10,65,65,-10,QY-010X0065
-10,64,64,-10,QY-010X0064
-10,63,63,-10,QY-010X0063
-10,62,62,-10,QY-010X0062
-10,61,61,-10,QY-010X0061
-10,60,60,-10,QY-010X0060
-10,59,59,-10,QY-010X0059
-10,58,58,-10,QY-010X0058
-10,57,57,-10,QY-010X0057
-10,56,56,-10,QY-010X0056
-10,55,55,-10,QY-010X0055
-10,54,54,-10,QY-010X0054
-10,53,53,-10,QY-010X0053
-10,52,52,-10,QY-010X0052
-10,51,51,-10,QY-010X0051
-10,50,50,-10,QY-010X0050
-10,49,49,-10,QY-010X0049
-10,48,48,-10,QY-010X0048
-10,47,47,-10,QY-010X0047
-10,46,46,-10,QY-010X0046
-10,45,45,-10,QY-010X0045
-10,44,44,-10,QY-010X0044
-10,43,43,-10,QY-010X0043
-10,42,42,-10,QY-010X0042
-10,41,41,-10,QY-010X0041
-10,40,40,-10,QY-010X0040
-10,39,39,-10,QY-010X0039
-10,38,38,-10,QY-010X0038
-10,37,37,-10,QY-010X0037
-10,36,36,-10,QY-010X0036
-10,35,35,-10,QY-010X0035
-10,34,34,-10,QY-010X0034
-10,33,33,-10,QY-010X0033
-10,32,32,-10,QY-010X0032
-10,31,31,-10,QY-010X0031
-10,30,30,-10,QY-010X0030
-10,29,29,-10,QY-010X0029
-10,28,28,-10,QY-010X0028
-10,27,27,-10,QY-010X0027
-10,26,26,-10,QY-010X0026
-10,25,25,-10,QY-010X0025
-10,24,24,-10,QY-010X0024
-10,23,23,-10,QY-010X0023
-10,22,22,-10,QY-010X0022
-10,21,21,-10,QY-010X0021
-10,20,20,-10,QY-010X0020
-10,19,19,-10,QY-010X0019
-10,18,18,-10,QY-010X0018
-10,17,17,-10,QY-010X0017
-10,16,16,-10,QY-010X0016
-10,15,15,-10,QY-010X0015
-10,14,14,-10,QY-010X0014
-10,13,13,-10,QY-010X0013
-10,12,12,-10,QY-010X0012
-10,11,11,-10,QY-010X0011
-10,10,10,-10,QY-010X0010
-10,9,9,-10,QY-010X0009
-10,8,8,-10,QY-010X0008
-10,7,7,-10,QY-010X0007
-10,6,6,-10,QY-010X0006
-10,5,5,-10,QY-010X0005
-10,4,4,-10,QY-010X0004
-10,3,3,-10,QY-010X0003
-10,2,2,-10,QY-010X0002
-10,1,1,-10,QY-010X0001
-10,0,0,-10,QY-010X0000
-10,-1,-1,-10,QY-010X-001
-10,-2,-2,-10,QY-010X-002
-10,-3,-3,-10,QY-010X-003
-10,-4,-4,-10,QY-010X-004
-10,-5,-5,-10,QY-010X-005
-10,-6,-6,-10,QY-010X-006
-10,-7,-7,-10,QY-010X-007
-10,-8,-8,-10,QY-010X-008
-10,-9,-9,-10,QY-010X-009
-10,-10,-10,-10,QY-010X-010
-10,-11,-11,-10,QY-010X-011
-10,-12,-12,-10,QY-010X-012
-10,-13,-13,-10,QY-010X-013
-10,-14,-14,-10,QY-010X-014
-10,-15,-15,-10,QY-010X-015
-10,-16,-16,-10,QY-010X-016
-10,-17,-17,-10,QY-010X-017
-10,-18,-18,-10,QY-010X-018
-10,-19,-19,-10,QY-010X-019
-10,-20,-20,-10,QY-010X-020
-10,-21,-21,-10,QY-010X-021
-10,-22,-22,-10,QY-010X-022
-10,-23,-23,-10,QY-010X-023
-10,-24,-24,-10,QY-010X-024
-10,-25,-25,-10,QY-010X-025
-10,-26,-26,-10,QY-010X-026
-10,-27,-27,-10,QY-010X-027
-10,-28,-28,-10,QY-010X-028
-10,-29,-29,-10,QY-010X-029
-10,-30,-30,-10,QY-010X-030
-10,-31,-31,-10,QY-010X-031
-10,-32,-32,-10,QY-010X-032
-10,-33,-33,-10,QY-010X-033
-10,-34,-34,-10,QY-010X-034
-10,-35,-35,-10,QY-010X-035
-10,-36,-36,-10,QY-010X-036
-10,-37,-37,-10,QY-010X-037
-10,-38,-38,-10,QY-010X-038
-10,-39,-39,-10,QY-010X-039
-10,-40,-40,-10,QY-010X-040
-10,-41,-41,-10,QY-010X-041
-10,-42,-42,-10,QY-010X-042
-10,-43,-43,-10,QY-010X-043
-10,-44,-44,-10,QY-010X-044
-10,-45,-45,-10,QY-010X-045
-10,-46,-46,-10,QY-010X-046
-10,-47,-47,-10,QY-010X-047
-10,-48,-48,-10,QY-010X-048
-10,-49,-49,-10,QY-010X-049
-10,-50,-50,-10,QY-010X-050
-10,-51,-51,-10,QY-010X-051
-10,-52,-52,-10,QY-010X-052
-10,-53,-53,-10,QY-010X-053
-10,-54,-54,-10,QY-010X-054
-10,-55,-55,-10,QY-010X-055
-10,-56,-56,-10,QY-010X-056
-10,-57,-57,-10,QY-010X-057
-10,-58,-58,-10,QY-010X-058
-10,-59,-59,-10,QY-010X-059
-10,-60,-60,-10,QY-010X-060
-10,-61,-61,-10,QY-010X-061
-10,-62,-62,-10,QY-010X-062
-9,-62,-62,-9,QY-009X-062
-9,-61,-61,-9,QY-009X-061
-9,-60,-60,-9,QY-009X-060
-9,-59,-59,-9,QY-009X-059
-9,-58,-58,-9,QY-009X-058
-9,-57,-57,-9,QY-009X-057
-9,-56,-56,-9,QY-009X-056
-9,-55,-55,-9,QY-009X-055
-9,-54,-54,-9,QY-009X-054
-9,-53,-53,-9,QY-009X-053
-9,-52,-52,-9,QY-009X-052
-9,-51,-51,-9,QY-009X-051
-9,-50,-50,-9,QY-009X-050
-9,-49,-49,-9,QY-009X-049
-9,-48,-48,-9,QY-009X-048
-9,-47,-47,-9,QY-009X-047
-9,-46,-46,-9,QY-009X-046
-9,-45,-45,-9,QY-009X-045
-9,-44,-44,-9,QY-009X-044
-9,-43,-43,-9,QY-009X-043
-9,-42,-42,-9,QY-009X-042
-9,-41,-41,-9,QY-009X-041
-9,-40,-40,-9,QY-009X-040
-9,-39,-39,-9,QY-009X-039
-9,-38,-38,-9,QY-009X-038
-9,-37,-37,-9,QY-009X-037
-9,-36,-36,-9,QY-009X-036
-9,-35,-35,-9,QY-009X-035
-9,-34,-34,-9,QY-009X-034
-9,-33,-33,-9,QY-009X-033
-9,-32,-32,-9,QY-009X-032
-9,-31,-31,-9,QY-009X-031
-9,-30,-30,-9,QY-009X-030
-9,-29,-29,-9,QY-009X-029
-9,-28,-28,-9,QY-009X-028
-9,-27,-27,-9,QY-009X-027
-9,-26,-26,-9,QY-009X-026
-9,-25,-25,-9,QY-009X-025
-9,-24,-24,-9,QY-009X-024
-9,-23,-23,-9,QY-009X-023
-9,-22,-22,-9,QY-009X-022
-9,-21,-21,-9,QY-009X-021
-9,-20,-20,-9,QY-009X-020
-9,-19,-19,-9,QY-009X-019
-9,-18,-18,-9,QY-009X-018
-9,-17,-17,-9,QY-009X-017
-9,-16,-16,-9,QY-009X-016
-9,-15,-15,-9,QY-009X-015
-9,-14,-14,-9,QY-009X-014
-9,-13,-13,-9,QY-009X-013
-9,-12,-12,-9,QY-009X-012
-9,-11,-11,-9,QY-009X-011
-9,-10,-10,-9,QY-009X-010
-9,-9,-9,-9,QY-009X-009
-9,-8,-8,-9,QY-009X-008
-9,-7,-7,-9,QY-009X-007
-9,-6,-6,-9,QY-009X-006
-9,-5,-5,-9,QY-009X-005
-9,-4,-4,-9,QY-009X-004
-9,-3,-3,-9,QY-009X-003
-9,-2,-2,-9,QY-009X-002
-9,-1,-1,-9,QY-009X-001
-9,0,0,-9,QY-009X0000
-9,1,1,-9,QY-009X0001
-9,2,2,-9,QY-009X0002
-9,3,3,-9,QY-009X0003
-9,4,4,-9,QY-009X0004
-9,5,5,-9,QY-009X0005
-9,6,6,-9,QY-009X0006
-9,7,7,-9,QY-009X0007
-9,8,8,-9,QY-009X0008
-9,9,9,-9,QY-009X0009
-9,10,10,-9,QY-009X0010
-9,11,11,-9,QY-009X0011
-9,12,12,-9,QY-009X0012
-9,13,13,-9,QY-009X0013
-9,14,14,-9,QY-009X0014
-9,15,15,-9,QY-009X0015
-9,16,16,-9,QY-009X0016
-9,17,17,-9,QY-009X0017
-9,18,18,-9,QY-009X0018
-9,19,19,-9,QY-009X0019
-9,20,20,-9,QY-009X0020
-9,21,21,-9,QY-009X0021
-9,22,22,-9,QY-009X0022
-9,23,23,-9,QY-009X0023
-9,24,24,-9,QY-009X0024
-9,25,25,-9,QY-009X0025
-9,26,26,-9,QY-009X0026
-9,27,27,-9,QY-009X0027
-9,28,28,-9,QY-009X0028
-9,29,29,-9,QY-009X0029
-9,30,30,-9,QY-009X0030
-9,31,31,-9,QY-009X0031
-9,32,32,-9,QY-009X0032
-9,33,33,-9,QY-009X0033
-9,34,34,-9,QY-009X0034
-9,35,35,-9,QY-009X0035
-9,36,36,-9,QY-009X0036
-9,37,37,-9,QY-009X0037
-9,38,38,-9,QY-009X0038
-9,39,39,-9,QY-009X0039
-9,40,40,-9,QY-009X0040
-9,41,41,-9,QY-009X0041
-9,42,42,-9,QY-009X0042
-9,43,43,-9,QY-009X0043
-9,44,44,-9,QY-009X0044
-9,45,45,-9,QY-009X0045
-9,46,46,-9,QY-009X0046
-9,47,47,-9,QY-009X0047
-9,48,48,-9,QY-009X0048
-9,49,49,-9,QY-009X0049
-9,50,50,-9,QY-009X0050
-9,51,51,-9,QY-009X0051
-9,52,52,-9,QY-009X0052
-9,53,53,-9,QY-009X0053
-9,54,54,-9,QY-009X0054
-9,55,55,-9,QY-009X0055
-9,56,56,-9,QY-009X0056
-9,57,57,-9,QY-009X0057
-9,58,58,-9,QY-009X0058
-9,59,59,-9,QY-009X0059
-9,60,60,-9,QY-009X0060
-9,61,61,-9,QY-009X0061
-9,62,62,-9,QY-009X0062
-9,63,63,-9,QY-009X0063
-9,64,64,-9,QY-009X0064
-9,65,65,-9,QY-009X0065
-9,66,66,-9,QY-009X0066
-9,67,67,-9,QY-009X0067
-9,68,68,-9,QY-009X0068
-9,69,69,-9,QY-009X0069
-9,70,70,-9,QY-009X0070
-9,71,71,-9,QY-009X0071
-9,72,72,-9,QY-009X0072
-8,72,72,-8,QY-008X0072
-8,71,71,-8,QY-008X0071
-8,70,70,-8,QY-008X0070
-8,69,69,-8,QY-008X0069
-8,68,68,-8,QY-008X0068
-8,67,67,-8,QY-008X0067
-8,66,66,-8,QY-008X0066
-8,65,65,-8,QY-008X0065
-8,64,64,-8,QY-008X0064
-8,63,63,-8,QY-008X0063
-8,62,62,-8,QY-008X0062
-8,61,61,-8,QY-008X0061
-8,60,60,-8,QY-008X0060
-8,59,59,-8,QY-008X0059
-8,58,58,-8,QY-008X0058
-8,57,57,-8,QY-008X0057
-8,56,56,-8,QY-008X0056
-8,55,55,-8,QY-008X0055
-8,54,54,-8,QY-008X0054
-8,53,53,-8,QY-008X0053
-8,52,52,-8,QY-008X0052
-8,51,51,-8,QY-008X0051
-8,50,50,-8,QY-008X0050
-8,49,49,-8,QY-008X0049
-8,48,48,-8,QY-008X0048
-8,47,47,-8,QY-008X0047
-8,46,46,-8,QY-008X0046
-8,45,45,-8,QY-008X0045
-8,44,44,-8,QY-008X0044
-8,43,43,-8,QY-008X0043
-8,42,42,-8,QY-008X0042
-8,41,41,-8,QY-008X0041
-8,40,40,-8,QY-008X0040
-8,39,39,-8,QY-008X0039
-8,38,38,-8,QY-008X0038
-8,37,37,-8,QY-008X0037
-8,36,36,-8,QY-008X0036
-8,35,35,-8,QY-008X0035
-8,34,34,-8,QY-008X0034
-8,33,33,-8,QY-008X0033
-8,32,32,-8,QY-008X0032
-8,31,31,-8,QY-008X0031
-8,30,30,-8,QY-008X0030
-8,29,29,-8,QY-008X0029
-8,28,28,-8,QY-008X0028
-8,27,27,-8,QY-008X0027
-8,26,26,-8,QY-008X0026
-8,25,25,-8,QY-008X0025
-8,24,24,-8,QY-008X0024
-8,23,23,-8,QY-008X0023
-8,22,22,-8,QY-008X0022
-8,21,21,-8,QY-008X0021
-8,20,20,-8,QY-008X0020
-8,19,19,-8,QY-008X0019
-8,18,18,-8,QY-008X0018
-8,17,17,-8,QY-008X0017
-8,16,16,-8,QY-008X0016
-8,15,15,-8,QY-008X0015
-8,14,14,-8,QY-008X0014
-8,13,13,-8,QY-008X0013
-8,12,12,-8,QY-008X0012
-8,11,11,-8,QY-008X0011
-8,10,10,-8,QY-008X0010
-8,9,9,-8,QY-008X0009
-8,8,8,-8,QY-008X0008
-8,7,7,-8,QY-008X0007
-8,6,6,-8,QY-008X0006
-8,5,5,-8,QY-008X0005
-8,4,4,-8,QY-008X0004
-8,3,3,-8,QY-008X0003
-8,2,2,-8,QY-008X0002
-8,1,1,-8,QY-008X0001
-8,0,0,-8,QY-008X0000
-8,-1,-1,-8,QY-008X-001
-8,-2,-2,-8,QY-008X-002
-8,-3,-3,-8,QY-008X-003
-8,-4,-4,-8,QY-008X-004
-8,-5,-5,-8,QY-008X-005
-8,-6,-6,-8,QY-008X-006
-8,-7,-7,-8,QY-008X-007
-8,-8,-8,-8,QY-008X-008
-8,-9,-9,-8,QY-008X-009
-8,-10,-10,-8,QY-008X-010
-8,-11,-11,-8,QY-008X-011
-8,-12,-12,-8,QY-008X-012
-8,-13,-13,-8,QY-008X-013
-8,-14,-14,-8,QY-008X-014
-8,-15,-15,-8,QY-008X-015
-8,-16,-16,-8,QY-008X-016
-8,-17,-17,-8,QY-008X-017
-8,-18,-18,-8,QY-008X-018
-8,-19,-19,-8,QY-008X-019
-8,-20,-20,-8,QY-008X-020
-8,-21,-21,-8,QY-008X-021
-8,-22,-22,-8,QY-008X-022
-8,-23,-23,-8,QY-008X-023
-8,-24,-24,-8,QY-008X-024
-8,-25,-25,-8,QY-008X-025
-8,-26,-26,-8,QY-008X-026
-8,-27,-27,-8,QY-008X-027
-8,-28,-28,-8,QY-008X-028
-8,-29,-29,-8,QY-008X-029
-8,-30,-30,-8,QY-008X-030
-8,-31,-31,-8,QY-008X-031
-8,-32,-32,-8,QY-008X-032
-8,-33,-33,-8,QY-008X-033
-8,-34,-34,-8,QY-008X-034
-8,-35,-35,-8,QY-008X-035
-8,-36,-36,-8,QY-008X-036
-8,-37,-37,-8,QY-008X-037
-8,-38,-38,-8,QY-008X-038
-8,-39,-39,-8,QY-008X-039
-8,-40,-40,-8,QY-008X-040
-8,-41,-41,-8,QY-008X-041
-8,-42,-42,-8,QY-008X-042
-8,-43,-43,-8,QY-008X-043
-8,-44,-44,-8,QY-008X-044
-8,-45,-45,-8,QY-008X-045
-8,-46,-46,-8,QY-008X-046
-8,-47,-47,-8,QY-008X-047
-8,-48,-48,-8,QY-008X-048
-8,-49,-49,-8,QY-008X-049
-8,-50,-50,-8,QY-008X-050
-8,-51,-51,-8,QY-008X-051
-8,-52,-52,-8,QY-008X-052
-8,-53,-53,-8,QY-008X-053
-8,-54,-54,-8,QY-008X-054
-8,-55,-55,-8,QY-008X-055
-8,-56,-56,-8,QY-008X-056
-8,-57,-57,-8,QY-008X-057
-8,-58,-58,-8,QY-008X-058
-8,-59,-59,-8,QY-008X-059
-8,-60,-60,-8,QY-008X-060
-8,-61,-61,-8,QY-008X-061
-8,-62,-62,-8,QY-008X-062
-7,-62,-62,-7,QY-007X-062
-7,-61,-61,-7,QY-007X-061
-7,-60,-60,-7,QY-007X-060
-7,-59,-59,-7,QY-007X-059
-7,-58,-58,-7,QY-007X-058
-7,-57,-57,-7,QY-007X-057
-7,-56,-56,-7,QY-007X-056
-7,-55,-55,-7,QY-007X-055
-7,-54,-54,-7,QY-007X-054
-7,-53,-53,-7,QY-007X-053
-7,-52,-52,-7,QY-007X-052
-7,-51,-51,-7,QY-007X-051
-7,-50,-50,-7,QY-007X-050
-7,-49,-49,-7,QY-007X-049
-7,-48,-48,-7,QY-007X-048
-7,-47,-47,-7,QY-007X-047
-7,-46,-46,-7,QY-007X-046
-7,-45,-45,-7,QY-007X-045
-7,-44,-44,-7,QY-007X-044
-7,-43,-43,-7,QY-007X-043
-7,-42,-42,-7,QY-007X-042
-7,-41,-41,-7,QY-007X-041
-7,-40,-40,-7,QY-007X-040
-7,-39,-39,-7,QY-007X-039
-7,-38,-38,-7,QY-007X-038
-7,-37,-37,-7,QY-007X-037
-7,-36,-36,-7,QY-007X-036
-7,-35,-35,-7,QY-007X-035
-7,-34,-34,-7,QY-007X-034
-7,-33,-33,-7,QY-007X-033
-7,-32,-32,-7,QY-007X-032
-7,-31,-31,-7,QY-007X-031
-7,-30,-30,-7,QY-007X-030
-7,-29,-29,-7,QY-007X-029
-7,-28,-28,-7,QY-007X-028
-7,-27,-27,-7,QY-007X-027
-7,-26,-26,-7,QY-007X-026
-7,-25,-25,-7,QY-007X-025
-7,-24,-24,-7,QY-007X-024
-7,-23,-23,-7,QY-007X-023
-7,-22,-22,-7,QY-007X-022
-7,-21,-21,-7,QY-007X-021
-7,-20,-20,-7,QY-007X-020
-7,-19,-19,-7,QY-007X-019
-7,-18,-18,-7,QY-007X-018
-7,-17,-17,-7,QY-007X-017
-7,-16,-16,-7,QY-007X-016
-7,-15,-15,-7,QY-007X-015
-7,-14,-14,-7,QY-007X-014
-7,-13,-13,-7,QY-007X-013
-7,-12,-12,-7,QY-007X-012
-7,-11,-11,-7,QY-007X-011
-7,-10,-10,-7,QY-007X-010
-7,-9,-9,-7,QY-007X-009
-7,-8,-8,-7,QY-007X-008
-7,-7,-7,-7,QY-007X-007
-7,-6,-6,-7,QY-007X-006
-7,-5,-5,-7,QY-007X-005
-7,-4,-4,-7,QY-007X-004
-7,-3,-3,-7,QY-007X-003
-7,-2,-2,-7,QY-007X-002
-7,-1,-1,-7,QY-007X-001
-7,0,0,-7,QY-007X0000
-7,1,1,-7,QY-007X0001
-7,2,2,-7,QY-007X0002
-7,3,3,-7,QY-007X0003
-7,4,4,-7,QY-007X0004
-7,5,5,-7,QY-007X0005
-7,6,6,-7,QY-007X0006
-7,7,7,-7,QY-007X0007
-7,8,8,-7,QY-007X0008
-7,9,9,-7,QY-007X0009
-7,10,10,-7,QY-007X0010
-7,11,11,-7,QY-007X0011
-7,12,12,-7,QY-007X0012
-7,13,13,-7,QY-007X0013
-7,14,14,-7,QY-007X0014
-7,15,15,-7,QY-007X0015
-7,16,16,-7,QY-007X0016
-7,17,17,-7,QY-007X0017
-7,18,18,-7,QY-007X0018
-7,19,19,-7,QY-007X0019
-7,20,20,-7,QY-007X0020
-7,21,21,-7,QY-007X0021
-7,22,22,-7,QY-007X0022
-7,23,23,-7,QY-007X0023
-7,24,24,-7,QY-007X0024
-7,25,25,-7,QY-007X0025
-7,26,26,-7,QY-007X0026
-7,27,27,-7,QY-007X0027
-7,28,28,-7,QY-007X0028
-7,29,29,-7,QY-007X0029
-7,30,30,-7,QY-007X0030
-7,31,31,-7,QY-007X0031
-7,32,32,-7,QY-007X0032
-7,33,33,-7,QY-007X0033
-7,34,34,-7,QY-007X0034
-7,35,35,-7,QY-007X0035
-7,36,36,-7,QY-007X0036
-7,37,37,-7,QY-007X0037
-7,38,38,-7,QY-007X0038
-7,39,39,-7,QY-007X0039
-7,40,40,-7,QY-007X0040
-7,41,41,-7,QY-007X0041
-7,42,42,-7,QY-007X0042
-7,43,43,-7,QY-007X0043
-7,44,44,-7,QY-007X0044
-7,45,45,-7,QY-007X0045
-7,46,46,-7,QY-007X0046
-7,47,47,-7,QY-007X0047
-7,48,48,-7,QY-007X0048
-7,49,49,-7,QY-007X0049
-7,50,50,-7,QY-007X0050
-7,51,51,-7,QY-007X0051
-7,52,52,-7,QY-007X0052
-7,53,53,-7,QY-007X0053
-7,54,54,-7,QY-007X0054
-7,55,55,-7,QY-007X0055
-7,56,56,-7,QY-007X0056
-7,57,57,-7,QY-007X0057
-7,58,58,-7,QY-007X0058
-7,59,59,-7,QY-007X0059
-7,60,60,-7,QY-007X0060
-7,61,61,-7,QY-007X0061
-7,62,62,-7,QY-007X0062
-7,63,63,-7,QY-007X0063
-7,64,64,-7,QY-007X0064
-7,65,65,-7,QY-007X0065
-7,66,66,-7,QY-007X0066
-7,67,67,-7,QY-007X0067
-7,68,68,-7,QY-007X0068
-7,69,69,-7,QY-007X0069
-7,70,70,-7,QY-007X0070
-7,71,71,-7,QY-007X0071
-7,72,72,-7,QY-007X0072
-6,72,72,-6,QY-006X0072
-6,71,71,-6,QY-006X0071
-6,70,70,-6,QY-006X0070
-6,69,69,-6,QY-006X0069
-6,68,68,-6,QY-006X0068
-6,67,67,-6,QY-006X0067
-6,66,66,-6,QY-006X0066
-6,65,65,-6,QY-006X0065
-6,64,64,-6,QY-006X0064
-6,63,63,-6,QY-006X0063
-6,62,62,-6,QY-006X0062
-6,61,61,-6,QY-006X0061
-6,60,60,-6,QY-006X0060
-6,59,59,-6,QY-006X0059
-6,58,58,-6,QY-006X0058
-6,57,57,-6,QY-006X0057
-6,56,56,-6,QY-006X0056
-6,55,55,-6,QY-006X0055
-6,54,54,-6,QY-006X0054
-6,53,53,-6,QY-006X0053
-6,52,52,-6,QY-006X0052
-6,51,51,-6,QY-006X0051
-6,50,50,-6,QY-006X0050
-6,49,49,-6,QY-006X0049
-6,48,48,-6,QY-006X0048
-6,47,47,-6,QY-006X0047
-6,46,46,-6,QY-006X0046
-6,45,45,-6,QY-006X0045
-6,44,44,-6,QY-006X0044
-6,43,43,-6,QY-006X0043
-6,42,42,-6,QY-006X0042
-6,41,41,-6,QY-006X0041
-6,40,40,-6,QY-006X0040
-6,39,39,-6,QY-006X0039
-6,38,38,-6,QY-006X0038
-6,37,37,-6,QY-006X0037
-6,36,36,-6,QY-006X0036
-6,35,35,-6,QY-006X0035
-6,34,34,-6,QY-006X0034
-6,33,33,-6,QY-006X0033
-6,32,32,-6,QY-006X0032
-6,31,31,-6,QY-006X0031
-6,30,30,-6,QY-006X0030
-6,29,29,-6,QY-006X0029
-6,28,28,-6,QY-006X0028
-6,27,27,-6,QY-006X0027
-6,26,26,-6,QY-006X0026
-6,25,25,-6,QY-006X0025
-6,24,24,-6,QY-006X0024
-6,23,23,-6,QY-006X0023
-6,22,22,-6,QY-006X0022
-6,21,21,-6,QY-006X0021
-6,20,20,-6,QY-006X0020
-6,19,19,-6,QY-006X0019
-6,18,18,-6,QY-006X0018
-6,17,17,-6,QY-006X0017
-6,16,16,-6,QY-006X0016
-6,15,15,-6,QY-006X0015
-6,14,14,-6,QY-006X0014
-6,13,13,-6,QY-006X0013
-6,12,12,-6,QY-006X0012
-6,11,11,-6,QY-006X0011
-6,10,10,-6,QY-006X0010
-6,9,9,-6,QY-006X0009
-6,8,8,-6,QY-006X0008
-6,7,7,-6,QY-006X0007
-6,6,6,-6,QY-006X0006
-6,5,5,-6,QY-006X0005
-6,4,4,-6,QY-006X0004
-6,3,3,-6,QY-006X0003
-6,2,2,-6,QY-006X0002
-6,1,1,-6,QY-006X0001
-6,0,0,-6,QY-006X0000
-6,-1,-1,-6,QY-006X-001
-6,-2,-2,-6,QY-006X-002
-6,-3,-3,-6,QY-006X-003
-6,-4,-4,-6,QY-006X-004
-6,-5,-5,-6,QY-006X-005
-6,-6,-6,-6,QY-006X-006
-6,-7,-7,-6,QY-006X-007
-6,-8,-8,-6,QY-006X-008
-6,-9,-9,-6,QY-006X-009
-6,-10,-10,-6,QY-006X-010
-6,-11,-11,-6,QY-006X-011
-6,-12,-12,-6,QY-006X-012
-6,-13,-13,-6,QY-006X-013
-6,-14,-14,-6,QY-006X-014
-6,-15,-15,-6,QY-006X-015
-6,-16,-16,-6,QY-006X-016
-6,-17,-17,-6,QY-006X-017
-6,-18,-18,-6,QY-006X-018
-6,-19,-19,-6,QY-006X-019
-6,-20,-20,-6,QY-006X-020
-6,-21,-21,-6,QY-006X-021
-6,-22,-22,-6,QY-006X-022
-6,-23,-23,-6,QY-006X-023
-6,-24,-24,-6,QY-006X-024
-6,-25,-25,-6,QY-006X-025
-6,-26,-26,-6,QY-006X-026
-6,-27,-27,-6,QY-006X-027
-6,-28,-28,-6,QY-006X-028
-6,-29,-29,-6,QY-006X-029
-6,-30,-30,-6,QY-006X-030
-6,-31,-31,-6,QY-006X-031
-6,-32,-32,-6,QY-006X-032
-6,-33,-33,-6,QY-006X-033
-6,-34,-34,-6,QY-006X-034
-6,-35,-35,-6,QY-006X-035
-6,-36,-36,-6,QY-006X-036
-6,-37,-37,-6,QY-006X-037
-6,-38,-38,-6,QY-006X-038
-6,-39,-39,-6,QY-006X-039
-6,-40,-40,-6,QY-006X-040
-6,-41,-41,-6,QY-006X-041
-6,-42,-42,-6,QY-006X-042
-6,-43,-43,-6,QY-006X-043
-6,-44,-44,-6,QY-006X-044
-6,-45,-45,-6,QY-006X-045
-6,-46,-46,-6,QY-006X-046
-6,-47,-47,-6,QY-006X-047
-6,-48,-48,-6,QY-006X-048
-6,-49,-49,-6,QY-006X-049
-6,-50,-50,-6,QY-006X-050
-6,-51,-51,-6,QY-006X-051
-6,-52,-52,-6,QY-006X-052
-6,-53,-53,-6,QY-006X-053
-6,-54,-54,-6,QY-006X-054
-6,-55,-55,-6,QY-006X-055
-6,-56,-56,-6,QY-006X-056
-6,-57,-57,-6,QY-006X-057
-6,-58,-58,-6,QY-006X-058
-6,-59,-59,-6,QY-006X-059
-6,-60,-60,-6,QY-006X-060
-6,-61,-61,-6,QY-006X-061
-6,-62,-62,-6,QY-006X-062
-5,-62,-62,-5,QY-005X-062
-5,-61,-61,-5,QY-005X-061
-5,-60,-60,-5,QY-005X-060
-5,-59,-59,-5,QY-005X-059
-5,-58,-58,-5,QY-005X-058
-5,-57,-57,-5,QY-005X-057
-5,-56,-56,-5,QY-005X-056
-5,-55,-55,-5,QY-005X-055
-5,-54,-54,-5,QY-005X-054
-5,-53,-53,-5,QY-005X-053
-5,-52,-52,-5,QY-005X-052
-5,-51,-51,-5,QY-005X-051
-5,-50,-50,-5,QY-005X-050
-5,-49,-49,-5,QY-005X-049
-5,-48,-48,-5,QY-005X-048
-5,-47,-47,-5,QY-005X-047
-5,-46,-46,-5,QY-005X-046
-5,-45,-45,-5,QY-005X-045
-5,-44,-44,-5,QY-005X-044
-5,-43,-43,-5,QY-005X-043
-5,-42,-42,-5,QY-005X-042
-5,-41,-41,-5,QY-005X-041
-5,-40,-40,-5,QY-005X-040
-5,-39,-39,-5,QY-005X-039
-5,-38,-38,-5,QY-005X-038
-5,-37,-37,-5,QY-005X-037
-5,-36,-36,-5,QY-005X-036
-5,-35,-35,-5,QY-005X-035
-5,-34,-34,-5,QY-005X-034
-5,-33,-33,-5,QY-005X-033
-5,-32,-32,-5,QY-005X-032
-5,-31,-31,-5,QY-005X-031
-5,-30,-30,-5,QY-005X-030
-5,-29,-29,-5,QY-005X-029
-5,-28,-28,-5,QY-005X-028
-5,-27,-27,-5,QY-005X-027
-5,-26,-26,-5,QY-005X-026
-5,-25,-25,-5,QY-005X-025
-5,-24,-24,-5,QY-005X-024
-5,-23,-23,-5,QY-005X-023
-5,-22,-22,-5,QY-005X-022
-5,-21,-21,-5,QY-005X-021
-5,-20,-20,-5,QY-005X-020
-5,-19,-19,-5,QY-005X-019
-5,-18,-18,-5,QY-005X-018
-5,-17,-17,-5,QY-005X-017
-5,-16,-16,-5,QY-005X-016
-5,-15,-15,-5,QY-005X-015
-5,-14,-14,-5,QY-005X-014
-5,-13,-13,-5,QY-005X-013
-5,-12,-12,-5,QY-005X-012
-5,-11,-11,-5,QY-005X-011
-5,-10,-10,-5,QY-005X-010
-5,-9,-9,-5,QY-005X-009
-5,-8,-8,-5,QY-005X-008
-5,-7,-7,-5,QY-005X-007
-5,-6,-6,-5,QY-005X-006
-5,-5,-5,-5,QY-005X-005
-5,-4,-4,-5,QY-005X-004
-5,-3,-3,-5,QY-005X-003
-5,-2,-2,-5,QY-005X-002
-5,-1,-1,-5,QY-005X-001
-5,0,0,-5,QY-005X0000
-5,1,1,-5,QY-005X0001
-5,2,2,-5,QY-005X0002
-5,3,3,-5,QY-005X0003
-5,4,4,-5,QY-005X0004
-5,5,5,-5,QY-005X0005
-5,6,6,-5,QY-005X0006
-5,7,7,-5,QY-005X0007
-5,8,8,-5,QY-005X0008
-5,9,9,-5,QY-005X0009
-5,10,10,-5,QY-005X0010
-5,11,11,-5,QY-005X0011
-5,12,12,-5,QY-005X0012
-5,13,13,-5,QY-005X0013
-5,14,14,-5,QY-005X0014
-5,15,15,-5,QY-005X0015
-5,16,16,-5,QY-005X0016
-5,17,17,-5,QY-005X0017
-5,18,18,-5,QY-005X0018
-5,19,19,-5,QY-005X0019
-5,20,20,-5,QY-005X0020
-5,21,21,-5,QY-005X0021
-5,22,22,-5,QY-005X0022
-5,23,23,-5,QY-005X0023
-5,24,24,-5,QY-005X0024
-5,25,25,-5,QY-005X0025
-5,26,26,-5,QY-005X0026
-5,27,27,-5,QY-005X0027
-5,28,28,-5,QY-005X0028
-5,29,29,-5,QY-005X0029
-5,30,30,-5,QY-005X0030
-5,31,31,-5,QY-005X0031
-5,32,32,-5,QY-005X0032
-5,33,33,-5,QY-005X0033
-5,34,34,-5,QY-005X0034
-5,35,35,-5,QY-005X0035
-5,36,36,-5,QY-005X0036
-5,37,37,-5,QY-005X0037
-5,38,38,-5,QY-005X0038
-5,39,39,-5,QY-005X0039
-5,40,40,-5,QY-005X0040
-5,41,41,-5,QY-005X0041
-5,42,42,-5,QY-005X0042
-5,43,43,-5,QY-005X0043
-5,44,44,-5,QY-005X0044
-5,45,45,-5,QY-005X0045
-5,46,46,-5,QY-005X0046
-5,47,47,-5,QY-005X0047
-5,48,48,-5,QY-005X0048
-5,49,49,-5,QY-005X0049
-5,50,50,-5,QY-005X0050
-5,51,51,-5,QY-005X0051
-5,52,52,-5,QY-005X0052
-5,53,53,-5,QY-005X0053
-5,54,54,-5,QY-005X0054
-5,55,55,-5,QY-005X0055
-5,56,56,-5,QY-005X0056
-5,57,57,-5,QY-005X0057
-5,58,58,-5,QY-005X0058
-5,59,59,-5,QY-005X0059
-5,60,60,-5,QY-005X0060
-5,61,61,-5,QY-005X0061
-5,62,62,-5,QY-005X0062
-5,63,63,-5,QY-005X0063
-5,64,64,-5,QY-005X0064
-5,65,65,-5,QY-005X0065
-5,66,66,-5,QY-005X0066
-5,67,67,-5,QY-005X0067
-5,68,68,-5,QY-005X0068
-5,69,69,-5,QY-005X0069
-5,70,70,-5,QY-005X0070
-5,71,71,-5,QY-005X0071
-5,72,72,-5,QY-005X0072
-4,72,72,-4,QY-004X0072
-4,71,71,-4,QY-004X0071
-4,70,70,-4,QY-004X0070
-4,69,69,-4,QY-004X0069
-4,68,68,-4,QY-004X0068
-4,67,67,-4,QY-004X0067
-4,66,66,-4,QY-004X0066
-4,65,65,-4,QY-004X0065
-4,64,64,-4,QY-004X0064
-4,63,63,-4,QY-004X0063
-4,62,62,-4,QY-004X0062
-4,61,61,-4,QY-004X0061
-4,60,60,-4,QY-004X0060
-4,59,59,-4,QY-004X0059
-4,58,58,-4,QY-004X0058
-4,57,57,-4,QY-004X0057
-4,56,56,-4,QY-004X0056
-4,55,55,-4,QY-004X0055
-4,54,54,-4,QY-004X0054
-4,53,53,-4,QY-004X0053
-4,52,52,-4,QY-004X0052
-4,51,51,-4,QY-004X0051
-4,50,50,-4,QY-004X0050
-4,49,49,-4,QY-004X0049
-4,48,48,-4,QY-004X0048
-4,47,47,-4,QY-004X0047
-4,46,46,-4,QY-004X0046
-4,45,45,-4,QY-004X0045
-4,44,44,-4,QY-004X0044
-4,43,43,-4,QY-004X0043
-4,42,42,-4,QY-004X0042
-4,41,41,-4,QY-004X0041
-4,40,40,-4,QY-004X0040
-4,39,39,-4,QY-004X0039
-4,38,38,-4,QY-004X0038
-4,37,37,-4,QY-004X0037
-4,36,36,-4,QY-004X0036
-4,35,35,-4,QY-004X0035
-4,34,34,-4,QY-004X0034
-4,33,33,-4,QY-004X0033
-4,32,32,-4,QY-004X0032
-4,31,31,-4,QY-004X0031
-4,30,30,-4,QY-004X0030
-4,29,29,-4,QY-004X0029
-4,28,28,-4,QY-004X0028
-4,27,27,-4,QY-004X0027
-4,26,26,-4,QY-004X0026
-4,25,25,-4,QY-004X0025
-4,24,24,-4,QY-004X0024
-4,23,23,-4,QY-004X0023
-4,22,22,-4,QY-004X0022
-4,21,21,-4,QY-004X0021
-4,20,20,-4,QY-004X0020
-4,19,19,-4,QY-004X0019
-4,18,18,-4,QY-004X0018
-4,17,17,-4,QY-004X0017
-4,16,16,-4,QY-004X0016
-4,15,15,-4,QY-004X0015
-4,14,14,-4,QY-004X0014
-4,13,13,-4,QY-004X0013
-4,12,12,-4,QY-004X0012
-4,11,11,-4,QY-004X0011
-4,10,10,-4,QY-004X0010
-4,9,9,-4,QY-004X0009
-4,8,8,-4,QY-004X0008
-4,7,7,-4,QY-004X0007
-4,6,6,-4,QY-004X0006
-4,5,5,-4,QY-004X0005
-4,4,4,-4,QY-004X0004
-4,3,3,-4,QY-004X0003
-4,2,2,-4,QY-004X0002
-4,1,1,-4,QY-004X0001
-4,0,0,-4,QY-004X0000
-4,-1,-1,-4,QY-004X-001
-4,-2,-2,-4,QY-004X-002
-4,-3,-3,-4,QY-004X-003
-4,-4,-4,-4,QY-004X-004
-4,-5,-5,-4,QY-004X-005
-4,-6,-6,-4,QY-004X-006
-4,-7,-7,-4,QY-004X-007
-4,-8,-8,-4,QY-004X-008
-4,-9,-9,-4,QY-004X-009
-4,-10,-10,-4,QY-004X-010
-4,-11,-11,-4,QY-004X-011
-4,-12,-12,-4,QY-004X-012
-4,-13,-13,-4,QY-004X-013
-4,-14,-14,-4,QY-004X-014
-4,-15,-15,-4,QY-004X-015
-4,-16,-16,-4,QY-004X-016
-4,-17,-17,-4,QY-004X-017
-4,-18,-18,-4,QY-004X-018
-4,-19,-19,-4,QY-004X-019
-4,-20,-20,-4,QY-004X-020
-4,-21,-21,-4,QY-004X-021
-4,-22,-22,-4,QY-004X-022
-4,-23,-23,-4,QY-004X-023
-4,-24,-24,-4,QY-004X-024
-4,-25,-25,-4,QY-004X-025
-4,-26,-26,-4,QY-004X-026
-4,-27,-27,-4,QY-004X-027
-4,-28,-28,-4,QY-004X-028
-4,-29,-29,-4,QY-004X-029
-4,-30,-30,-4,QY-004X-030
-4,-31,-31,-4,QY-004X-031
-4,-32,-32,-4,QY-004X-032
-4,-33,-33,-4,QY-004X-033
-4,-34,-34,-4,QY-004X-034
-4,-35,-35,-4,QY-004X-035
-4,-36,-36,-4,QY-004X-036
-4,-37,-37,-4,QY-004X-037
-4,-38,-38,-4,QY-004X-038
-4,-39,-39,-4,QY-004X-039
-4,-40,-40,-4,QY-004X-040
-4,-41,-41,-4,QY-004X-041
-4,-42,-42,-4,QY-004X-042
-4,-43,-43,-4,QY-004X-043
-4,-44,-44,-4,QY-004X-044
-4,-45,-45,-4,QY-004X-045
-4,-46,-46,-4,QY-004X-046
-4,-47,-47,-4,QY-004X-047
-4,-48,-48,-4,QY-004X-048
-4,-49,-49,-4,QY-004X-049
-4,-50,-50,-4,QY-004X-050
-4,-51,-51,-4,QY-004X-051
-4,-52,-52,-4,QY-004X-052
-4,-53,-53,-4,QY-004X-053
-4,-54,-54,-4,QY-004X-054
-4,-55,-55,-4,QY-004X-055
-4,-56,-56,-4,QY-004X-056
-4,-57,-57,-4,QY-004X-057
-4,-58,-58,-4,QY-004X-058
-4,-59,-59,-4,QY-004X-059
-4,-60,-60,-4,QY-004X-060
-4,-61,-61,-4,QY-004X-061
-4,-62,-62,-4,QY-004X-062
-3,-63,-63,-3,QY-003X-063
-3,-62,-62,-3,QY-003X-062
-3,-61,-61,-3,QY-003X-061
-3,-60,-60,-3,QY-003X-060
-3,-59,-59,-3,QY-003X-059
-3,-58,-58,-3,QY-003X-058
-3,-57,-57,-3,QY-003X-057
-3,-56,-56,-3,QY-003X-056
-3,-55,-55,-3,QY-003X-055
-3,-54,-54,-3,QY-003X-054
-3,-53,-53,-3,QY-003X-053
-3,-52,-52,-3,QY-003X-052
-3,-51,-51,-3,QY-003X-051
-3,-50,-50,-3,QY-003X-050
-3,-49,-49,-3,QY-003X-049
-3,-48,-48,-3,QY-003X-048
-3,-47,-47,-3,QY-003X-047
-3,-46,-46,-3,QY-003X-046
-3,-45,-45,-3,QY-003X-045
-3,-44,-44,-3,QY-003X-044
-3,-43,-43,-3,QY-003X-043
-3,-42,-42,-3,QY-003X-042
-3,-41,-41,-3,QY-003X-041
-3,-40,-40,-3,QY-003X-040
-3,-39,-39,-3,QY-003X-039
-3,-38,-38,-3,QY-003X-038
-3,-37,-37,-3,QY-003X-037
-3,-36,-36,-3,QY-003X-036
-3,-35,-35,-3,QY-003X-035
-3,-34,-34,-3,QY-003X-034
-3,-33,-33,-3,QY-003X-033
-3,-32,-32,-3,QY-003X-032
-3,-31,-31,-3,QY-003X-031
-3,-30,-30,-3,QY-003X-030
-3,-29,-29,-3,QY-003X-029
-3,-28,-28,-3,QY-003X-028
-3,-27,-27,-3,QY-003X-027
-3,-26,-26,-3,QY-003X-026
-3,-25,-25,-3,QY-003X-025
-3,-24,-24,-3,QY-003X-024
-3,-23,-23,-3,QY-003X-023
-3,-22,-22,-3,QY-003X-022
-3,-21,-21,-3,QY-003X-021
-3,-20,-20,-3,QY-003X-020
-3,-19,-19,-3,QY-003X-019
-3,-18,-18,-3,QY-003X-018
-3,-17,-17,-3,QY-003X-017
-3,-16,-16,-3,QY-003X-016
-3,-15,-15,-3,QY-003X-015
-3,-14,-14,-3,QY-003X-014
-3,-13,-13,-3,QY-003X-013
-3,-12,-12,-3,QY-003X-012
-3,-11,-11,-3,QY-003X-011
-3,-10,-10,-3,QY-003X-010
-3,-9,-9,-3,QY-003X-009
-3,-8,-8,-3,QY-003X-008
-3,-7,-7,-3,QY-003X-007
-3,-6,-6,-3,QY-003X-006
-3,-5,-5,-3,QY-003X-005
-3,-4,-4,-3,QY-003X-004
-3,-3,-3,-3,QY-003X-003
-3,-2,-2,-3,QY-003X-002
-3,-1,-1,-3,QY-003X-001
-3,0,0,-3,QY-003X0000
-3,1,1,-3,QY-003X0001
-3,2,2,-3,QY-003X0002
-3,3,3,-3,QY-003X0003
-3,4,4,-3,QY-003X0004
-3,5,5,-3,QY-003X0005
-3,6,6,-3,QY-003X0006
-3,7,7,-3,QY-003X0007
-3,8,8,-3,QY-003X0008
-3,9,9,-3,QY-003X0009
-3,10,10,-3,QY-003X0010
-3,11,11,-3,QY-003X0011
-3,12,12,-3,QY-003X0012
-3,13,13,-3,QY-003X0013
-3,14,14,-3,QY-003X0014
-3,15,15,-3,QY-003X0015
-3,16,16,-3,QY-003X0016
-3,17,17,-3,QY-003X0017
-3,18,18,-3,QY-003X0018
-3,19,19,-3,QY-003X0019
-3,20,20,-3,QY-003X0020
-3,21,21,-3,QY-003X0021
-3,22,22,-3,QY-003X0022
-3,23,23,-3,QY-003X0023
-3,24,24,-3,QY-003X0024
-3,25,25,-3,QY-003X0025
-3,26,26,-3,QY-003X0026
-3,27,27,-3,QY-003X0027
-3,28,28,-3,QY-003X0028
-3,29,29,-3,QY-003X0029
-3,30,30,-3,QY-003X0030
-3,31,31,-3,QY-003X0031
-3,32,32,-3,QY-003X0032
-3,33,33,-3,QY-003X0033
-3,34,34,-3,QY-003X0034
-3,35,35,-3,QY-003X0035
-3,36,36,-3,QY-003X0036
-3,37,37,-3,QY-003X0037
-3,38,38,-3,QY-003X0038
-3,39,39,-3,QY-003X0039
-3,40,40,-3,QY-003X0040
-3,41,41,-3,QY-003X0041
-3,42,42,-3,QY-003X0042
-3,43,43,-3,QY-003X0043
-3,44,44,-3,QY-003X0044
-3,45,45,-3,QY-003X0045
-3,46,46,-3,QY-003X0046
-3,47,47,-3,QY-003X0047
-3,48,48,-3,QY-003X0048
-3,49,49,-3,QY-003X0049
-3,50,50,-3,QY-003X0050
-3,51,51,-3,QY-003X0051
-3,52,52,-3,QY-003X0052
-3,53,53,-3,QY-003X0053
-3,54,54,-3,QY-003X0054
-3,55,55,-3,QY-003X0055
-3,56,56,-3,QY-003X0056
-3,57,57,-3,QY-003X0057
-3,58,58,-3,QY-003X0058
-3,59,59,-3,QY-003X0059
-3,60,60,-3,QY-003X0060
-3,61,61,-3,QY-003X0061
-3,62,62,-3,QY-003X0062
-3,63,63,-3,QY-003X0063
-3,64,64,-3,QY-003X0064
-3,65,65,-3,QY-003X0065
-3,66,66,-3,QY-003X0066
-3,67,67,-3,QY-003X0067
-3,68,68,-3,QY-003X0068
-3,69,69,-3,QY-003X0069
-3,70,70,-3,QY-003X0070
-3,71,71,-3,QY-003X0071
-3,72,72,-3,QY-003X0072
-3,73,73,-3,QY-003X0073
-2,73,73,-2,QY-002X0073
-2,72,72,-2,QY-002X0072
-2,71,71,-2,QY-002X0071
-2,70,70,-2,QY-002X0070
-2,69,69,-2,QY-002X0069
-2,68,68,-2,QY-002X0068
-2,67,67,-2,QY-002X0067
-2,66,66,-2,QY-002X0066
-2,65,65,-2,QY-002X0065
-2,64,64,-2,QY-002X0064
-2,63,63,-2,QY-002X0063
-2,62,62,-2,QY-002X0062
-2,61,61,-2,QY-002X0061
-2,60,60,-2,QY-002X0060
-2,59,59,-2,QY-002X0059
-2,58,58,-2,QY-002X0058
-2,57,57,-2,QY-002X0057
-2,56,56,-2,QY-002X0056
-2,55,55,-2,QY-002X0055
-2,54,54,-2,QY-002X0054
-2,53,53,-2,QY-002X0053
-2,52,52,-2,QY-002X0052
-2,51,51,-2,QY-002X0051
-2,50,50,-2,QY-002X0050
-2,49,49,-2,QY-002X0049
-2,48,48,-2,QY-002X0048
-2,47,47,-2,QY-002X0047
-2,46,46,-2,QY-002X0046
-2,45,45,-2,QY-002X0045
-2,44,44,-2,QY-002X0044
-2,43,43,-2,QY-002X0043
-2,42,42,-2,QY-002X0042
-2,41,41,-2,QY-002X0041
-2,40,40,-2,QY-002X0040
-2,39,39,-2,QY-002X0039
-2,38,38,-2,QY-002X0038
-2,37,37,-2,QY-002X0037
-2,36,36,-2,QY-002X0036
-2,35,35,-2,QY-002X0035
-2,34,34,-2,QY-002X0034
-2,33,33,-2,QY-002X0033
-2,32,32,-2,QY-002X0032
-2,31,31,-2,QY-002X0031
-2,30,30,-2,QY-002X0030
-2,29,29,-2,QY-002X0029
-2,28,28,-2,QY-002X0028
-2,27,27,-2,QY-002X0027
-2,26,26,-2,QY-002X0026
-2,25,25,-2,QY-002X0025
-2,24,24,-2,QY-002X0024
-2,23,23,-2,QY-002X0023
-2,22,22,-2,QY-002X0022
-2,21,21,-2,QY-002X0021
-2,20,20,-2,QY-002X0020
-2,19,19,-2,QY-002X0019
-2,18,18,-2,QY-002X0018
-2,17,17,-2,QY-002X0017
-2,16,16,-2,QY-002X0016
-2,15,15,-2,QY-002X0015
-2,14,14,-2,QY-002X0014
-2,13,13,-2,QY-002X0013
-2,12,12,-2,QY-002X0012
-2,11,11,-2,QY-002X0011
-2,10,10,-2,QY-002X0010
-2,9,9,-2,QY-002X0009
-2,8,8,-2,QY-002X0008
-2,7,7,-2,QY-002X0007
-2,6,6,-2,QY-002X0006
-2,5,5,-2,QY-002X0005
-2,4,4,-2,QY-002X0004
-2,3,3,-2,QY-002X0003
-2,2,2,-2,QY-002X0002
-2,1,1,-2,QY-002X0001
-2,0,0,-2,QY-002X0000
-2,-1,-1,-2,QY-002X-001
-2,-2,-2,-2,QY-002X-002
-2,-3,-3,-2,QY-002X-003
-2,-4,-4,-2,QY-002X-004
-2,-5,-5,-2,QY-002X-005
-2,-6,-6,-2,QY-002X-006
-2,-7,-7,-2,QY-002X-007
-2,-8,-8,-2,QY-002X-008
-2,-9,-9,-2,QY-002X-009
-2,-10,-10,-2,QY-002X-010
-2,-11,-11,-2,QY-002X-011
-2,-12,-12,-2,QY-002X-012
-2,-13,-13,-2,QY-002X-013
-2,-14,-14,-2,QY-002X-014
-2,-15,-15,-2,QY-002X-015
-2,-16,-16,-2,QY-002X-016
-2,-17,-17,-2,QY-002X-017
-2,-18,-18,-2,QY-002X-018
-2,-19,-19,-2,QY-002X-019
-2,-20,-20,-2,QY-002X-020
-2,-21,-21,-2,QY-002X-021
-2,-22,-22,-2,QY-002X-022
-2,-23,-23,-2,QY-002X-023
-2,-24,-24,-2,QY-002X-024
-2,-25,-25,-2,QY-002X-025
-2,-26,-26,-2,QY-002X-026
-2,-27,-27,-2,QY-002X-027
-2,-28,-28,-2,QY-002X-028
-2,-29,-29,-2,QY-002X-029
-2,-30,-30,-2,QY-002X-030
-2,-31,-31,-2,QY-002X-031
-2,-32,-32,-2,QY-002X-032
-2,-33,-33,-2,QY-002X-033
-2,-34,-34,-2,QY-002X-034
-2,-35,-35,-2,QY-002X-035
-2,-36,-36,-2,QY-002X-036
-2,-37,-37,-2,QY-002X-037
-2,-38,-38,-2,QY-002X-038
-2,-39,-39,-2,QY-002X-039
-2,-40,-40,-2,QY-002X-040
-2,-41,-41,-2,QY-002X-041
-2,-42,-42,-2,QY-002X-042
-2,-43,-43,-2,QY-002X-043
-2,-44,-44,-2,QY-002X-044
-2,-45,-45,-2,QY-002X-045
-2,-46,-46,-2,QY-002X-046
-2,-47,-47,-2,QY-002X-047
-2,-48,-48,-2,QY-002X-048
-2,-49,-49,-2,QY-002X-049
-2,-50,-50,-2,QY-002X-050
-2,-51,-51,-2,QY-002X-051
-2,-52,-52,-2,QY-002X-052
-2,-53,-53,-2,QY-002X-053
-2,-54,-54,-2,QY-002X-054
-2,-55,-55,-2,QY-002X-055
-2,-56,-56,-2,QY-002X-056
-2,-57,-57,-2,QY-002X-057
-2,-58,-58,-2,QY-002X-058
-2,-59,-59,-2,QY-002X-059
-2,-60,-60,-2,QY-002X-060
-2,-61,-61,-2,QY-002X-061
-2,-62,-62,-2,QY-002X-062
-2,-63,-63,-2,QY-002X-063
-1,-63,-63,-1,QY-001X-063
-1,-62,-62,-1,QY-001X-062
-1,-61,-61,-1,QY-001X-061
-1,-60,-60,-1,QY-001X-060
-1,-59,-59,-1,QY-001X-059
-1,-58,-58,-1,QY-001X-058
-1,-57,-57,-1,QY-001X-057
-1,-56,-56,-1,QY-001X-056
-1,-55,-55,-1,QY-001X-055
-1,-54,-54,-1,QY-001X-054
-1,-53,-53,-1,QY-001X-053
-1,-52,-52,-1,QY-001X-052
-1,-51,-51,-1,QY-001X-051
-1,-50,-50,-1,QY-001X-050
-1,-49,-49,-1,QY-001X-049
-1,-48,-48,-1,QY-001X-048
-1,-47,-47,-1,QY-001X-047
-1,-46,-46,-1,QY-001X-046
-1,-45,-45,-1,QY-001X-045
-1,-44,-44,-1,QY-001X-044
-1,-43,-43,-1,QY-001X-043
-1,-42,-42,-1,QY-001X-042
-1,-41,-41,-1,QY-001X-041
-1,-40,-40,-1,QY-001X-040
-1,-39,-39,-1,QY-001X-039
-1,-38,-38,-1,QY-001X-038
-1,-37,-37,-1,QY-001X-037
-1,-36,-36,-1,QY-001X-036
-1,-35,-35,-1,QY-001X-035
-1,-34,-34,-1,QY-001X-034
-1,-33,-33,-1,QY-001X-033
-1,-32,-32,-1,QY-001X-032
-1,-31,-31,-1,QY-001X-031
-1,-30,-30,-1,QY-001X-030
-1,-29,-29,-1,QY-001X-029
-1,-28,-28,-1,QY-001X-028
-1,-27,-27,-1,QY-001X-027
-1,-26,-26,-1,QY-001X-026
-1,-25,-25,-1,QY-001X-025
-1,-24,-24,-1,QY-001X-024
-1,-23,-23,-1,QY-001X-023
-1,-22,-22,-1,QY-001X-022
-1,-21,-21,-1,QY-001X-021
-1,-20,-20,-1,QY-001X-020
-1,-19,-19,-1,QY-001X-019
-1,-18,-18,-1,QY-001X-018
-1,-17,-17,-1,QY-001X-017
-1,-16,-16,-1,QY-001X-016
-1,-15,-15,-1,QY-001X-015
-1,-14,-14,-1,QY-001X-014
-1,-13,-13,-1,QY-001X-013
-1,-12,-12,-1,QY-001X-012
-1,-11,-11,-1,QY-001X-011
-1,-10,-10,-1,QY-001X-010
-1,-9,-9,-1,QY-001X-009
-1,-8,-8,-1,QY-001X-008
-1,-7,-7,-1,QY-001X-007
-1,-6,-6,-1,QY-001X-006
-1,-5,-5,-1,QY-001X-005
-1,-4,-4,-1,QY-001X-004
-1,-3,-3,-1,QY-001X-003
-1,-2,-2,-1,QY-001X-002
-1,-1,-1,-1,QY-001X-001
-1,0,0,-1,QY-001X0000
-1,1,1,-1,QY-001X0001
-1,2,2,-1,QY-001X0002
-1,3,3,-1,QY-001X0003
-1,4,4,-1,QY-001X0004
-1,5,5,-1,QY-001X0005
-1,6,6,-1,QY-001X0006
-1,7,7,-1,QY-001X0007
-1,8,8,-1,QY-001X0008
-1,9,9,-1,QY-001X0009
-1,10,10,-1,QY-001X0010
-1,11,11,-1,QY-001X0011
-1,12,12,-1,QY-001X0012
-1,13,13,-1,QY-001X0013
-1,14,14,-1,QY-001X0014
-1,15,15,-1,QY-001X0015
-1,16,16,-1,QY-001X0016
-1,17,17,-1,QY-001X0017
-1,18,18,-1,QY-001X0018
-1,19,19,-1,QY-001X0019
-1,20,20,-1,QY-001X0020
-1,21,21,-1,QY-001X0021
-1,22,22,-1,QY-001X0022
-1,23,23,-1,QY-001X0023
-1,24,24,-1,QY-001X0024
-1,25,25,-1,QY-001X0025
-1,26,26,-1,QY-001X0026
-1,27,27,-1,QY-001X0027
-1,28,28,-1,QY-001X0028
-1,29,29,-1,QY-001X0029
-1,30,30,-1,QY-001X0030
-1,31,31,-1,QY-001X0031
-1,32,32,-1,QY-001X0032
-1,33,33,-1,QY-001X0033
-1,34,34,-1,QY-001X0034
-1,35,35,-1,QY-001X0035
-1,36,36,-1,QY-001X0036
-1,37,37,-1,QY-001X0037
-1,38,38,-1,QY-001X0038
-1,39,39,-1,QY-001X0039
-1,40,40,-1,QY-001X0040
-1,41,41,-1,QY-001X0041
-1,42,42,-1,QY-001X0042
-1,43,43,-1,QY-001X0043
-1,44,44,-1,QY-001X0044
-1,45,45,-1,QY-001X0045
-1,46,46,-1,QY-001X0046
-1,47,47,-1,QY-001X0047
-1,48,48,-1,QY-001X0048
-1,49,49,-1,QY-001X0049
-1,50,50,-1,QY-001X0050
-1,51,51,-1,QY-001X0051
-1,52,52,-1,QY-001X0052
-1,53,53,-1,QY-001X0053
-1,54,54,-1,QY-001X0054
-1,55,55,-1,QY-001X0055
-1,56,56,-1,QY-001X0056
-1,57,57,-1,QY-001X0057
-1,58,58,-1,QY-001X0058
-1,59,59,-1,QY-001X0059
-1,60,60,-1,QY-001X0060
-1,61,61,-1,QY-001X0061
-1,62,62,-1,QY-001X0062
-1,63,63,-1,QY-001X0063
-1,64,64,-1,QY-001X0064
-1,65,65,-1,QY-001X0065
-1,66,66,-1,QY-001X0066
-1,67,67,-1,QY-001X0067
-1,68,68,-1,QY-001X0068
-1,69,69,-1,QY-001X0069
-1,70,70,-1,QY-001X0070
-1,71,71,-1,QY-001X0071
-1,72,72,-1,QY-001X0072
-1,73,73,-1,QY-001X0073
0,73,73,0,QY0000X0073
0,72,72,0,QY0000X0072
0,71,71,0,QY0000X0071
0,70,70,0,QY0000X0070
0,69,69,0,QY0000X0069
0,68,68,0,QY0000X0068
0,67,67,0,QY0000X0067
0,66,66,0,QY0000X0066
0,65,65,0,QY0000X0065
0,64,64,0,QY0000X0064
0,63,63,0,QY0000X0063
0,62,62,0,QY0000X0062
0,61,61,0,QY0000X0061
0,60,60,0,QY0000X0060
0,59,59,0,QY0000X0059
0,58,58,0,QY0000X0058
0,57,57,0,QY0000X0057
0,56,56,0,QY0000X0056
0,55,55,0,QY0000X0055
0,54,54,0,QY0000X0054
0,53,53,0,QY0000X0053
0,52,52,0,QY0000X0052
0,51,51,0,QY0000X0051
0,50,50,0,QY0000X0050
0,49,49,0,QY0000X0049
0,48,48,0,QY0000X0048
0,47,47,0,QY0000X0047
0,46,46,0,QY0000X0046
0,45,45,0,QY0000X0045
0,44,44,0,QY0000X0044
0,43,43,0,QY0000X0043
0,42,42,0,QY0000X0042
0,41,41,0,QY0000X0041
0,40,40,0,QY0000X0040
0,39,39,0,QY0000X0039
0,38,38,0,QY0000X0038
0,37,37,0,QY0000X0037
0,36,36,0,QY0000X0036
0,35,35,0,QY0000X0035
0,34,34,0,QY0000X0034
0,33,33,0,QY0000X0033
0,32,32,0,QY0000X0032
0,31,31,0,QY0000X0031
0,30,30,0,QY0000X0030
0,29,29,0,QY0000X0029
0,28,28,0,QY0000X0028
0,27,27,0,QY0000X0027
0,26,26,0,QY0000X0026
0,25,25,0,QY0000X0025
0,24,24,0,QY0000X0024
0,23,23,0,QY0000X0023
0,22,22,0,QY0000X0022
0,21,21,0,QY0000X0021
0,20,20,0,QY0000X0020
0,19,19,0,QY0000X0019
0,18,18,0,QY0000X0018
0,17,17,0,QY0000X0017
0,16,16,0,QY0000X0016
0,15,15,0,QY0000X0015
0,14,14,0,QY0000X0014
0,13,13,0,QY0000X0013
0,12,12,0,QY0000X0012
0,11,11,0,QY0000X0011
0,10,10,0,QY0000X0010
0,9,9,0,QY0000X0009
0,8,8,0,QY0000X0008
0,7,7,0,QY0000X0007
0,6,6,0,QY0000X0006
0,5,5,0,QY0000X0005
0,4,4,0,QY0000X0004
0,3,3,0,QY0000X0003
0,2,2,0,QY0000X0002
0,1,1,0,QY0000X0001
0,0,0,0,QY0000X0000
0,-1,-1,0,QY0000X-001
0,-2,-2,0,QY0000X-002
0,-3,-3,0,QY0000X-003
0,-4,-4,0,QY0000X-004
0,-5,-5,0,QY0000X-005
0,-6,-6,0,QY0000X-006
0,-7,-7,0,QY0000X-007
0,-8,-8,0,QY0000X-008
0,-9,-9,0,QY0000X-009
0,-10,-10,0,QY0000X-010
0,-11,-11,0,QY0000X-011
0,-12,-12,0,QY0000X-012
0,-13,-13,0,QY0000X-013
0,-14,-14,0,QY0000X-014
0,-15,-15,0,QY0000X-015
0,-16,-16,0,QY0000X-016
0,-17,-17,0,QY0000X-017
0,-18,-18,0,QY0000X-018
0,-19,-19,0,QY0000X-019
0,-20,-20,0,QY0000X-020
0,-21,-21,0,QY0000X-021
0,-22,-22,0,QY0000X-022
0,-23,-23,0,QY0000X-023
0,-24,-24,0,QY0000X-024
0,-25,-25,0,QY0000X-025
0,-26,-26,0,QY0000X-026
0,-27,-27,0,QY0000X-027
0,-28,-28,0,QY0000X-028
0,-29,-29,0,QY0000X-029
0,-30,-30,0,QY0000X-030
0,-31,-31,0,QY0000X-031
0,-32,-32,0,QY0000X-032
0,-33,-33,0,QY0000X-033
0,-34,-34,0,QY0000X-034
0,-35,-35,0,QY0000X-035
0,-36,-36,0,QY0000X-036
0,-37,-37,0,QY0000X-037
0,-38,-38,0,QY0000X-038
0,-39,-39,0,QY0000X-039
0,-40,-40,0,QY0000X-040
0,-41,-41,0,QY0000X-041
0,-42,-42,0,QY0000X-042
0,-43,-43,0,QY0000X-043
0,-44,-44,0,QY0000X-044
0,-45,-45,0,QY0000X-045
0,-46,-46,0,QY0000X-046
0,-47,-47,0,QY0000X-047
0,-48,-48,0,QY0000X-048
0,-49,-49,0,QY0000X-049
0,-50,-50,0,QY0000X-050
0,-51,-51,0,QY0000X-051
0,-52,-52,0,QY0000X-052
0,-53,-53,0,QY0000X-053
0,-54,-54,0,QY0000X-054
0,-55,-55,0,QY0000X-055
0,-56,-56,0,QY0000X-056
0,-57,-57,0,QY0000X-057
0,-58,-58,0,QY0000X-058
0,-59,-59,0,QY0000X-059
0,-60,-60,0,QY0000X-060
0,-61,-61,0,QY0000X-061
0,-62,-62,0,QY0000X-062
0,-63,-63,0,QY0000X-063
1,-63,-63,1,QY0001X-063
1,-62,-62,1,QY0001X-062
1,-61,-61,1,QY0001X-061
1,-60,-60,1,QY0001X-060
1,-59,-59,1,QY0001X-059
1,-58,-58,1,QY0001X-058
1,-57,-57,1,QY0001X-057
1,-56,-56,1,QY0001X-056
1,-55,-55,1,QY0001X-055
1,-54,-54,1,QY0001X-054
1,-53,-53,1,QY0001X-053
1,-52,-52,1,QY0001X-052
1,-51,-51,1,QY0001X-051
1,-50,-50,1,QY0001X-050
1,-49,-49,1,QY0001X-049
1,-48,-48,1,QY0001X-048
1,-47,-47,1,QY0001X-047
1,-46,-46,1,QY0001X-046
1,-45,-45,1,QY0001X-045
1,-44,-44,1,QY0001X-044
1,-43,-43,1,QY0001X-043
1,-42,-42,1,QY0001X-042
1,-41,-41,1,QY0001X-041
1,-40,-40,1,QY0001X-040
1,-39,-39,1,QY0001X-039
1,-38,-38,1,QY0001X-038
1,-37,-37,1,QY0001X-037
1,-36,-36,1,QY0001X-036
1,-35,-35,1,QY0001X-035
1,-34,-34,1,QY0001X-034
1,-33,-33,1,QY0001X-033
1,-32,-32,1,QY0001X-032
1,-31,-31,1,QY0001X-031
1,-30,-30,1,QY0001X-030
1,-29,-29,1,QY0001X-029
1,-28,-28,1,QY0001X-028
1,-27,-27,1,QY0001X-027
1,-26,-26,1,QY0001X-026
1,-25,-25,1,QY0001X-025
1,-24,-24,1,QY0001X-024
1,-23,-23,1,QY0001X-023
1,-22,-22,1,QY0001X-022
1,-21,-21,1,QY0001X-021
1,-20,-20,1,QY0001X-020
1,-19,-19,1,QY0001X-019
1,-18,-18,1,QY0001X-018
1,-17,-17,1,QY0001X-017
1,-16,-16,1,QY0001X-016
1,-15,-15,1,QY0001X-015
1,-14,-14,1,QY0001X-014
1,-13,-13,1,QY0001X-013
1,-12,-12,1,QY0001X-012
1,-11,-11,1,QY0001X-011
1,-10,-10,1,QY0001X-010
1,-9,-9,1,QY0001X-009
1,-8,-8,1,QY0001X-008
1,-7,-7,1,QY0001X-007
1,-6,-6,1,QY0001X-006
1,-5,-5,1,QY0001X-005
1,-4,-4,1,QY0001X-004
1,-3,-3,1,QY0001X-003
1,-2,-2,1,QY0001X-002
1,-1,-1,1,QY0001X-001
1,0,0,1,QY0001X0000
1,1,1,1,QY0001X0001
1,2,2,1,QY0001X0002
1,3,3,1,QY0001X0003
1,4,4,1,QY0001X0004
1,5,5,1,QY0001X0005
1,6,6,1,QY0001X0006
1,7,7,1,QY0001X0007
1,8,8,1,QY0001X0008
1,9,9,1,QY0001X0009
1,10,10,1,QY0001X0010
1,11,11,1,QY0001X0011
1,12,12,1,QY0001X0012
1,13,13,1,QY0001X0013
1,14,14,1,QY0001X0014
1,15,15,1,QY0001X0015
1,16,16,1,QY0001X0016
1,17,17,1,QY0001X0017
1,18,18,1,QY0001X0018
1,19,19,1,QY0001X0019
1,20,20,1,QY0001X0020
1,21,21,1,QY0001X0021
1,22,22,1,QY0001X0022
1,23,23,1,QY0001X0023
1,24,24,1,QY0001X0024
1,25,25,1,QY0001X0025
1,26,26,1,QY0001X0026
1,27,27,1,QY0001X0027
1,28,28,1,QY0001X0028
1,29,29,1,QY0001X0029
1,30,30,1,QY0001X0030
1,31,31,1,QY0001X0031
1,32,32,1,QY0001X0032
1,33,33,1,QY0001X0033
1,34,34,1,QY0001X0034
1,35,35,1,QY0001X0035
1,36,36,1,QY0001X0036
1,37,37,1,QY0001X0037
1,38,38,1,QY0001X0038
1,39,39,1,QY0001X0039
1,40,40,1,QY0001X0040
1,41,41,1,QY0001X0041
1,42,42,1,QY0001X0042
1,43,43,1,QY0001X0043
1,44,44,1,QY0001X0044
1,45,45,1,QY0001X0045
1,46,46,1,QY0001X0046
1,47,47,1,QY0001X0047
1,48,48,1,QY0001X0048
1,49,49,1,QY0001X0049
1,50,50,1,QY0001X0050
1,51,51,1,QY0001X0051
1,52,52,1,QY0001X0052
1,53,53,1,QY0001X0053
1,54,54,1,QY0001X0054
1,55,55,1,QY0001X0055
1,56,56,1,QY0001X0056
1,57,57,1,QY0001X0057
1,58,58,1,QY0001X0058
1,59,59,1,QY0001X0059
1,60,60,1,QY0001X0060
1,61,61,1,QY0001X0061
1,62,62,1,QY0001X0062
1,63,63,1,QY0001X0063
1,64,64,1,QY0001X0064
1,65,65,1,QY0001X0065
1,66,66,1,QY0001X0066
1,67,67,1,QY0001X0067
1,68,68,1,QY0001X0068
1,69,69,1,QY0001X0069
1,70,70,1,QY0001X0070
1,71,71,1,QY0001X0071
1,72,72,1,QY0001X0072
1,73,73,1,QY0001X0073
2,73,73,2,QY0002X0073
2,72,72,2,QY0002X0072
2,71,71,2,QY0002X0071
2,70,70,2,QY0002X0070
2,69,69,2,QY0002X0069
2,68,68,2,QY0002X0068
2,67,67,2,QY0002X0067
2,66,66,2,QY0002X0066
2,65,65,2,QY0002X0065
2,64,64,2,QY0002X0064
2,63,63,2,QY0002X0063
2,62,62,2,QY0002X0062
2,61,61,2,QY0002X0061
2,60,60,2,QY0002X0060
2,59,59,2,QY0002X0059
2,58,58,2,QY0002X0058
2,57,57,2,QY0002X0057
2,56,56,2,QY0002X0056
2,55,55,2,QY0002X0055
2,54,54,2,QY0002X0054
2,53,53,2,QY0002X0053
2,52,52,2,QY0002X0052
2,51,51,2,QY0002X0051
2,50,50,2,QY0002X0050
2,49,49,2,QY0002X0049
2,48,48,2,QY0002X0048
2,47,47,2,QY0002X0047
2,46,46,2,QY0002X0046
2,45,45,2,QY0002X0045
2,44,44,2,QY0002X0044
2,43,43,2,QY0002X0043
2,42,42,2,QY0002X0042
2,41,41,2,QY0002X0041
2,40,40,2,QY0002X0040
2,39,39,2,QY0002X0039
2,38,38,2,QY0002X0038
2,37,37,2,QY0002X0037
2,36,36,2,QY0002X0036
2,35,35,2,QY0002X0035
2,34,34,2,QY0002X0034
2,33,33,2,QY0002X0033
2,32,32,2,QY0002X0032
2,31,31,2,QY0002X0031
2,30,30,2,QY0002X0030
2,29,29,2,QY0002X0029
2,28,28,2,QY0002X0028
2,27,27,2,QY0002X0027
2,26,26,2,QY0002X0026
2,25,25,2,QY0002X0025
2,24,24,2,QY0002X0024
2,23,23,2,QY0002X0023
2,22,22,2,QY0002X0022
2,21,21,2,QY0002X0021
2,20,20,2,QY0002X0020
2,19,19,2,QY0002X0019
2,18,18,2,QY0002X0018
2,17,17,2,QY0002X0017
2,16,16,2,QY0002X0016
2,15,15,2,QY0002X0015
2,14,14,2,QY0002X0014
2,13,13,2,QY0002X0013
2,12,12,2,QY0002X0012
2,11,11,2,QY0002X0011
2,10,10,2,QY0002X0010
2,9,9,2,QY0002X0009
2,8,8,2,QY0002X0008
2,7,7,2,QY0002X0007
2,6,6,2,QY0002X0006
2,5,5,2,QY0002X0005
2,4,4,2,QY0002X0004
2,3,3,2,QY0002X0003
2,2,2,2,QY0002X0002
2,1,1,2,QY0002X0001
2,0,0,2,QY0002X0000
2,-1,-1,2,QY0002X-001
2,-2,-2,2,QY0002X-002
2,-3,-3,2,QY0002X-003
2,-4,-4,2,QY0002X-004
2,-5,-5,2,QY0002X-005
2,-6,-6,2,QY0002X-006
2,-7,-7,2,QY0002X-007
2,-8,-8,2,QY0002X-008
2,-9,-9,2,QY0002X-009
2,-10,-10,2,QY0002X-010
2,-11,-11,2,QY0002X-011
2,-12,-12,2,QY0002X-012
2,-13,-13,2,QY0002X-013
2,-14,-14,2,QY0002X-014
2,-15,-15,2,QY0002X-015
2,-16,-16,2,QY0002X-016
2,-17,-17,2,QY0002X-017
2,-18,-18,2,QY0002X-018
2,-19,-19,2,QY0002X-019
2,-20,-20,2,QY0002X-020
2,-21,-21,2,QY0002X-021
2,-22,-22,2,QY0002X-022
2,-23,-23,2,QY0002X-023
2,-24,-24,2,QY0002X-024
2,-25,-25,2,QY0002X-025
2,-26,-26,2,QY0002X-026
2,-27,-27,2,QY0002X-027
2,-28,-28,2,QY0002X-028
2,-29,-29,2,QY0002X-029
2,-30,-30,2,QY0002X-030
2,-31,-31,2,QY0002X-031
2,-32,-32,2,QY0002X-032
2,-33,-33,2,QY0002X-033
2,-34,-34,2,QY0002X-034
2,-35,-35,2,QY0002X-035
2,-36,-36,2,QY0002X-036
2,-37,-37,2,QY0002X-037
2,-38,-38,2,QY0002X-038
2,-39,-39,2,QY0002X-039
2,-40,-40,2,QY0002X-040
2,-41,-41,2,QY0002X-041
2,-42,-42,2,QY0002X-042
2,-43,-43,2,QY0002X-043
2,-44,-44,2,QY0002X-044
2,-45,-45,2,QY0002X-045
2,-46,-46,2,QY0002X-046
2,-47,-47,2,QY0002X-047
2,-48,-48,2,QY0002X-048
2,-49,-49,2,QY0002X-049
2,-50,-50,2,QY0002X-050
2,-51,-51,2,QY0002X-051
2,-52,-52,2,QY0002X-052
2,-53,-53,2,QY0002X-053
2,-54,-54,2,QY0002X-054
2,-55,-55,2,QY0002X-055
2,-56,-56,2,QY0002X-056
2,-57,-57,2,QY0002X-057
2,-58,-58,2,QY0002X-058
2,-59,-59,2,QY0002X-059
2,-60,-60,2,QY0002X-060
2,-61,-61,2,QY0002X-061
2,-62,-62,2,QY0002X-062
2,-63,-63,2,QY0002X-063
3,-63,-63,3,QY0003X-063
3,-62,-62,3,QY0003X-062
3,-61,-61,3,QY0003X-061
3,-60,-60,3,QY0003X-060
3,-59,-59,3,QY0003X-059
3,-58,-58,3,QY0003X-058
3,-57,-57,3,QY0003X-057
3,-56,-56,3,QY0003X-056
3,-55,-55,3,QY0003X-055
3,-54,-54,3,QY0003X-054
3,-53,-53,3,QY0003X-053
3,-52,-52,3,QY0003X-052
3,-51,-51,3,QY0003X-051
3,-50,-50,3,QY0003X-050
3,-49,-49,3,QY0003X-049
3,-48,-48,3,QY0003X-048
3,-47,-47,3,QY0003X-047
3,-46,-46,3,QY0003X-046
3,-45,-45,3,QY0003X-045
3,-44,-44,3,QY0003X-044
3,-43,-43,3,QY0003X-043
3,-42,-42,3,QY0003X-042
3,-41,-41,3,QY0003X-041
3,-40,-40,3,QY0003X-040
3,-39,-39,3,QY0003X-039
3,-38,-38,3,QY0003X-038
3,-37,-37,3,QY0003X-037
3,-36,-36,3,QY0003X-036
3,-35,-35,3,QY0003X-035
3,-34,-34,3,QY0003X-034
3,-33,-33,3,QY0003X-033
3,-32,-32,3,QY0003X-032
3,-31,-31,3,QY0003X-031
3,-30,-30,3,QY0003X-030
3,-29,-29,3,QY0003X-029
3,-28,-28,3,QY0003X-028
3,-27,-27,3,QY0003X-027
3,-26,-26,3,QY0003X-026
3,-25,-25,3,QY0003X-025
3,-24,-24,3,QY0003X-024
3,-23,-23,3,QY0003X-023
3,-22,-22,3,QY0003X-022
3,-21,-21,3,QY0003X-021
3,-20,-20,3,QY0003X-020
3,-19,-19,3,QY0003X-019
3,-18,-18,3,QY0003X-018
3,-17,-17,3,QY0003X-017
3,-16,-16,3,QY0003X-016
3,-15,-15,3,QY0003X-015
3,-14,-14,3,QY0003X-014
3,-13,-13,3,QY0003X-013
3,-12,-12,3,QY0003X-012
3,-11,-11,3,QY0003X-011
3,-10,-10,3,QY0003X-010
3,-9,-9,3,QY0003X-009
3,-8,-8,3,QY0003X-008
3,-7,-7,3,QY0003X-007
3,-6,-6,3,QY0003X-006
3,-5,-5,3,QY0003X-005
3,-4,-4,3,QY0003X-004
3,-3,-3,3,QY0003X-003
3,-2,-2,3,QY0003X-002
3,-1,-1,3,QY0003X-001
3,0,0,3,QY0003X0000
3,1,1,3,QY0003X0001
3,2,2,3,QY0003X0002
3,3,3,3,QY0003X0003
3,4,4,3,QY0003X0004
3,5,5,3,QY0003X0005
3,6,6,3,QY0003X0006
3,7,7,3,QY0003X0007
3,8,8,3,QY0003X0008
3,9,9,3,QY0003X0009
3,10,10,3,QY0003X0010
3,11,11,3,QY0003X0011
3,12,12,3,QY0003X0012
3,13,13,3,QY0003X0013
3,14,14,3,QY0003X0014
3,15,15,3,QY0003X0015
3,16,16,3,QY0003X0016
3,17,17,3,QY0003X0017
3,18,18,3,QY0003X0018
3,19,19,3,QY0003X0019
3,20,20,3,QY0003X0020
3,21,21,3,QY0003X0021
3,22,22,3,QY0003X0022
3,23,23,3,QY0003X0023
3,24,24,3,QY0003X0024
3,25,25,3,QY0003X0025
3,26,26,3,QY0003X0026
3,27,27,3,QY0003X0027
3,28,28,3,QY0003X0028
3,29,29,3,QY0003X0029
3,30,30,3,QY0003X0030
3,31,31,3,QY0003X0031
3,32,32,3,QY0003X0032
3,33,33,3,QY0003X0033
3,34,34,3,QY0003X0034
3,35,35,3,QY0003X0035
3,36,36,3,QY0003X0036
3,37,37,3,QY0003X0037
3,38,38,3,QY0003X0038
3,39,39,3,QY0003X0039
3,40,40,3,QY0003X0040
3,41,41,3,QY0003X0041
3,42,42,3,QY0003X0042
3,43,43,3,QY0003X0043
3,44,44,3,QY0003X0044
3,45,45,3,QY0003X0045
3,46,46,3,QY0003X0046
3,47,47,3,QY0003X0047
3,48,48,3,QY0003X0048
3,49,49,3,QY0003X0049
3,50,50,3,QY0003X0050
3,51,51,3,QY0003X0051
3,52,52,3,QY0003X0052
3,53,53,3,QY0003X0053
3,54,54,3,QY0003X0054
3,55,55,3,QY0003X0055
3,56,56,3,QY0003X0056
3,57,57,3,QY0003X0057
3,58,58,3,QY0003X0058
3,59,59,3,QY0003X0059
3,60,60,3,QY0003X0060
3,61,61,3,QY0003X0061
3,62,62,3,QY0003X0062
3,63,63,3,QY0003X0063
3,64,64,3,QY0003X0064
3,65,65,3,QY0003X0065
3,66,66,3,QY0003X0066
3,67,67,3,QY0003X0067
3,68,68,3,QY0003X0068
3,69,69,3,QY0003X0069
3,70,70,3,QY0003X0070
3,71,71,3,QY0003X0071
3,72,72,3,QY0003X0072
3,73,73,3,QY0003X0073
4,73,73,4,QY0004X0073
4,72,72,4,QY0004X0072
4,71,71,4,QY0004X0071
4,70,70,4,QY0004X0070
4,69,69,4,QY0004X0069
4,68,68,4,QY0004X0068
4,67,67,4,QY0004X0067
4,66,66,4,QY0004X0066
4,65,65,4,QY0004X0065
4,64,64,4,QY0004X0064
4,63,63,4,QY0004X0063
4,62,62,4,QY0004X0062
4,61,61,4,QY0004X0061
4,60,60,4,QY0004X0060
4,59,59,4,QY0004X0059
4,58,58,4,QY0004X0058
4,57,57,4,QY0004X0057
4,56,56,4,QY0004X0056
4,55,55,4,QY0004X0055
4,54,54,4,QY0004X0054
4,53,53,4,QY0004X0053
4,52,52,4,QY0004X0052
4,51,51,4,QY0004X0051
4,50,50,4,QY0004X0050
4,49,49,4,QY0004X0049
4,48,48,4,QY0004X0048
4,47,47,4,QY0004X0047
4,46,46,4,QY0004X0046
4,45,45,4,QY0004X0045
4,44,44,4,QY0004X0044
4,43,43,4,QY0004X0043
4,42,42,4,QY0004X0042
4,41,41,4,QY0004X0041
4,40,40,4,QY0004X0040
4,39,39,4,QY0004X0039
4,38,38,4,QY0004X0038
4,37,37,4,QY0004X0037
4,36,36,4,QY0004X0036
4,35,35,4,QY0004X0035
4,34,34,4,QY0004X0034
4,33,33,4,QY0004X0033
4,32,32,4,QY0004X0032
4,31,31,4,QY0004X0031
4,30,30,4,QY0004X0030
4,29,29,4,QY0004X0029
4,28,28,4,QY0004X0028
4,27,27,4,QY0004X0027
4,26,26,4,QY0004X0026
4,25,25,4,QY0004X0025
4,24,24,4,QY0004X0024
4,23,23,4,QY0004X0023
4,22,22,4,QY0004X0022
4,21,21,4,QY0004X0021
4,20,20,4,QY0004X0020
4,19,19,4,QY0004X0019
4,18,18,4,QY0004X0018
4,17,17,4,QY0004X0017
4,16,16,4,QY0004X0016
4,15,15,4,QY0004X0015
4,14,14,4,QY0004X0014
4,13,13,4,QY0004X0013
4,12,12,4,QY0004X0012
4,11,11,4,QY0004X0011
4,10,10,4,QY0004X0010
4,9,9,4,QY0004X0009
4,8,8,4,QY0004X0008
4,7,7,4,QY0004X0007
4,6,6,4,QY0004X0006
4,5,5,4,QY0004X0005
4,4,4,4,QY0004X0004
4,3,3,4,QY0004X0003
4,2,2,4,QY0004X0002
4,1,1,4,QY0004X0001
4,0,0,4,QY0004X0000
4,-1,-1,4,QY0004X-001
4,-2,-2,4,QY0004X-002
4,-3,-3,4,QY0004X-003
4,-4,-4,4,QY0004X-004
4,-5,-5,4,QY0004X-005
4,-6,-6,4,QY0004X-006
4,-7,-7,4,QY0004X-007
4,-8,-8,4,QY0004X-008
4,-9,-9,4,QY0004X-009
4,-10,-10,4,QY0004X-010
4,-11,-11,4,QY0004X-011
4,-12,-12,4,QY0004X-012
4,-13,-13,4,QY0004X-013
4,-14,-14,4,QY0004X-014
4,-15,-15,4,QY0004X-015
4,-16,-16,4,QY0004X-016
4,-17,-17,4,QY0004X-017
4,-18,-18,4,QY0004X-018
4,-19,-19,4,QY0004X-019
4,-20,-20,4,QY0004X-020
4,-21,-21,4,QY0004X-021
4,-22,-22,4,QY0004X-022
4,-23,-23,4,QY0004X-023
4,-24,-24,4,QY0004X-024
4,-25,-25,4,QY0004X-025
4,-26,-26,4,QY0004X-026
4,-27,-27,4,QY0004X-027
4,-28,-28,4,QY0004X-028
4,-29,-29,4,QY0004X-029
4,-30,-30,4,QY0004X-030
4,-31,-31,4,QY0004X-031
4,-32,-32,4,QY0004X-032
4,-33,-33,4,QY0004X-033
4,-34,-34,4,QY0004X-034
4,-35,-35,4,QY0004X-035
4,-36,-36,4,QY0004X-036
4,-37,-37,4,QY0004X-037
4,-38,-38,4,QY0004X-038
4,-39,-39,4,QY0004X-039
4,-40,-40,4,QY0004X-040
4,-41,-41,4,QY0004X-041
4,-42,-42,4,QY0004X-042
4,-43,-43,4,QY0004X-043
4,-44,-44,4,QY0004X-044
4,-45,-45,4,QY0004X-045
4,-46,-46,4,QY0004X-046
4,-47,-47,4,QY0004X-047
4,-48,-48,4,QY0004X-048
4,-49,-49,4,QY0004X-049
4,-50,-50,4,QY0004X-050
4,-51,-51,4,QY0004X-051
4,-52,-52,4,QY0004X-052
4,-53,-53,4,QY0004X-053
4,-54,-54,4,QY0004X-054
4,-55,-55,4,QY0004X-055
4,-56,-56,4,QY0004X-056
4,-57,-57,4,QY0004X-057
4,-58,-58,4,QY0004X-058
4,-59,-59,4,QY0004X-059
4,-60,-60,4,QY0004X-060
4,-61,-61,4,QY0004X-061
4,-62,-62,4,QY0004X-062
4,-63,-63,4,QY0004X-063
5,-63,-63,5,QY0005X-063
5,-62,-62,5,QY0005X-062
5,-61,-61,5,QY0005X-061
5,-60,-60,5,QY0005X-060
5,-59,-59,5,QY0005X-059
5,-58,-58,5,QY0005X-058
5,-57,-57,5,QY0005X-057
5,-56,-56,5,QY0005X-056
5,-55,-55,5,QY0005X-055
5,-54,-54,5,QY0005X-054
5,-53,-53,5,QY0005X-053
5,-52,-52,5,QY0005X-052
5,-51,-51,5,QY0005X-051
5,-50,-50,5,QY0005X-050
5,-49,-49,5,QY0005X-049
5,-48,-48,5,QY0005X-048
5,-47,-47,5,QY0005X-047
5,-46,-46,5,QY0005X-046
5,-45,-45,5,QY0005X-045
5,-44,-44,5,QY0005X-044
5,-43,-43,5,QY0005X-043
5,-42,-42,5,QY0005X-042
5,-41,-41,5,QY0005X-041
5,-40,-40,5,QY0005X-040
5,-39,-39,5,QY0005X-039
5,-38,-38,5,QY0005X-038
5,-37,-37,5,QY0005X-037
5,-36,-36,5,QY0005X-036
5,-35,-35,5,QY0005X-035
5,-34,-34,5,QY0005X-034
5,-33,-33,5,QY0005X-033
5,-32,-32,5,QY0005X-032
5,-31,-31,5,QY0005X-031
5,-30,-30,5,QY0005X-030
5,-29,-29,5,QY0005X-029
5,-28,-28,5,QY0005X-028
5,-27,-27,5,QY0005X-027
5,-26,-26,5,QY0005X-026
5,-25,-25,5,QY0005X-025
5,-24,-24,5,QY0005X-024
5,-23,-23,5,QY0005X-023
5,-22,-22,5,QY0005X-022
5,-21,-21,5,QY0005X-021
5,-20,-20,5,QY0005X-020
5,-19,-19,5,QY0005X-019
5,-18,-18,5,QY0005X-018
5,-17,-17,5,QY0005X-017
5,-16,-16,5,QY0005X-016
5,-15,-15,5,QY0005X-015
5,-14,-14,5,QY0005X-014
5,-13,-13,5,QY0005X-013
5,-12,-12,5,QY0005X-012
5,-11,-11,5,QY0005X-011
5,-10,-10,5,QY0005X-010
5,-9,-9,5,QY0005X-009
5,-8,-8,5,QY0005X-008
5,-7,-7,5,QY0005X-007
5,-6,-6,5,QY0005X-006
5,-5,-5,5,QY0005X-005
5,-4,-4,5,QY0005X-004
5,-3,-3,5,QY0005X-003
5,-2,-2,5,QY0005X-002
5,-1,-1,5,QY0005X-001
5,0,0,5,QY0005X0000
5,1,1,5,QY0005X0001
5,2,2,5,QY0005X0002
5,3,3,5,QY0005X0003
5,4,4,5,QY0005X0004
5,5,5,5,QY0005X0005
5,6,6,5,QY0005X0006
5,7,7,5,QY0005X0007
5,8,8,5,QY0005X0008
5,9,9,5,QY0005X0009
5,10,10,5,QY0005X0010
5,11,11,5,QY0005X0011
5,12,12,5,QY0005X0012
5,13,13,5,QY0005X0013
5,14,14,5,QY0005X0014
5,15,15,5,QY0005X0015
5,16,16,5,QY0005X0016
5,17,17,5,QY0005X0017
5,18,18,5,QY0005X0018
5,19,19,5,QY0005X0019
5,20,20,5,QY0005X0020
5,21,21,5,QY0005X0021
5,22,22,5,QY0005X0022
5,23,23,5,QY0005X0023
5,24,24,5,QY0005X0024
5,25,25,5,QY0005X0025
5,26,26,5,QY0005X0026
5,27,27,5,QY0005X0027
5,28,28,5,QY0005X0028
5,29,29,5,QY0005X0029
5,30,30,5,QY0005X0030
5,31,31,5,QY0005X0031
5,32,32,5,QY0005X0032
5,33,33,5,QY0005X0033
5,34,34,5,QY0005X0034
5,35,35,5,QY0005X0035
5,36,36,5,QY0005X0036
5,37,37,5,QY0005X0037
5,38,38,5,QY0005X0038
5,39,39,5,QY0005X0039
5,40,40,5,QY0005X0040
5,41,41,5,QY0005X0041
5,42,42,5,QY0005X0042
5,43,43,5,QY0005X0043
5,44,44,5,QY0005X0044
5,45,45,5,QY0005X0045
5,46,46,5,QY0005X0046
5,47,47,5,QY0005X0047
5,48,48,5,QY0005X0048
5,49,49,5,QY0005X0049
5,50,50,5,QY0005X0050
5,51,51,5,QY0005X0051
5,52,52,5,QY0005X0052
5,53,53,5,QY0005X0053
5,54,54,5,QY0005X0054
5,55,55,5,QY0005X0055
5,56,56,5,QY0005X0056
5,57,57,5,QY0005X0057
5,58,58,5,QY0005X0058
5,59,59,5,QY0005X0059
5,60,60,5,QY0005X0060
5,61,61,5,QY0005X0061
5,62,62,5,QY0005X0062
5,63,63,5,QY0005X0063
5,64,64,5,QY0005X0064
5,65,65,5,QY0005X0065
5,66,66,5,QY0005X0066
5,67,67,5,QY0005X0067
5,68,68,5,QY0005X0068
5,69,69,5,QY0005X0069
5,70,70,5,QY0005X0070
5,71,71,5,QY0005X0071
5,72,72,5,QY0005X0072
5,73,73,5,QY0005X0073
6,73,73,6,QY0006X0073
6,72,72,6,QY0006X0072
6,71,71,6,QY0006X0071
6,70,70,6,QY0006X0070
6,69,69,6,QY0006X0069
6,68,68,6,QY0006X0068
6,67,67,6,QY0006X0067
6,66,66,6,QY0006X0066
6,65,65,6,QY0006X0065
6,64,64,6,QY0006X0064
6,63,63,6,QY0006X0063
6,62,62,6,QY0006X0062
6,61,61,6,QY0006X0061
6,60,60,6,QY0006X0060
6,59,59,6,QY0006X0059
6,58,58,6,QY0006X0058
6,57,57,6,QY0006X0057
6,56,56,6,QY0006X0056
6,55,55,6,QY0006X0055
6,54,54,6,QY0006X0054
6,53,53,6,QY0006X0053
6,52,52,6,QY0006X0052
6,51,51,6,QY0006X0051
6,50,50,6,QY0006X0050
6,49,49,6,QY0006X0049
6,48,48,6,QY0006X0048
6,47,47,6,QY0006X0047
6,46,46,6,QY0006X0046
6,45,45,6,QY0006X0045
6,44,44,6,QY0006X0044
6,43,43,6,QY0006X0043
6,42,42,6,QY0006X0042
6,41,41,6,QY0006X0041
6,40,40,6,QY0006X0040
6,39,39,6,QY0006X0039
6,38,38,6,QY0006X0038
6,37,37,6,QY0006X0037
6,36,36,6,QY0006X0036
6,35,35,6,QY0006X0035
6,34,34,6,QY0006X0034
6,33,33,6,QY0006X0033
6,32,32,6,QY0006X0032
6,31,31,6,QY0006X0031
6,30,30,6,QY0006X0030
6,29,29,6,QY0006X0029
6,28,28,6,QY0006X0028
6,27,27,6,QY0006X0027
6,26,26,6,QY0006X0026
6,25,25,6,QY0006X0025
6,24,24,6,QY0006X0024
6,23,23,6,QY0006X0023
6,22,22,6,QY0006X0022
6,21,21,6,QY0006X0021
6,20,20,6,QY0006X0020
6,19,19,6,QY0006X0019
6,18,18,6,QY0006X0018
6,17,17,6,QY0006X0017
6,16,16,6,QY0006X0016
6,15,15,6,QY0006X0015
6,14,14,6,QY0006X0014
6,13,13,6,QY0006X0013
6,12,12,6,QY0006X0012
6,11,11,6,QY0006X0011
6,10,10,6,QY0006X0010
6,9,9,6,QY0006X0009
6,8,8,6,QY0006X0008
6,7,7,6,QY0006X0007
6,6,6,6,QY0006X0006
6,5,5,6,QY0006X0005
6,4,4,6,QY0006X0004
6,3,3,6,QY0006X0003
6,2,2,6,QY0006X0002
6,1,1,6,QY0006X0001
6,0,0,6,QY0006X0000
6,-1,-1,6,QY0006X-001
6,-2,-2,6,QY0006X-002
6,-3,-3,6,QY0006X-003
6,-4,-4,6,QY0006X-004
6,-5,-5,6,QY0006X-005
6,-6,-6,6,QY0006X-006
6,-7,-7,6,QY0006X-007
6,-8,-8,6,QY0006X-008
6,-9,-9,6,QY0006X-009
6,-10,-10,6,QY0006X-010
6,-11,-11,6,QY0006X-011
6,-12,-12,6,QY0006X-012
6,-13,-13,6,QY0006X-013
6,-14,-14,6,QY0006X-014
6,-15,-15,6,QY0006X-015
6,-16,-16,6,QY0006X-016
6,-17,-17,6,QY0006X-017
6,-18,-18,6,QY0006X-018
6,-19,-19,6,QY0006X-019
6,-20,-20,6,QY0006X-020
6,-21,-21,6,QY0006X-021
6,-22,-22,6,QY0006X-022
6,-23,-23,6,QY0006X-023
6,-24,-24,6,QY0006X-024
6,-25,-25,6,QY0006X-025
6,-26,-26,6,QY0006X-026
6,-27,-27,6,QY0006X-027
6,-28,-28,6,QY0006X-028
6,-29,-29,6,QY0006X-029
6,-30,-30,6,QY0006X-030
6,-31,-31,6,QY0006X-031
6,-32,-32,6,QY0006X-032
6,-33,-33,6,QY0006X-033
6,-34,-34,6,QY0006X-034
6,-35,-35,6,QY0006X-035
6,-36,-36,6,QY0006X-036
6,-37,-37,6,QY0006X-037
6,-38,-38,6,QY0006X-038
6,-39,-39,6,QY0006X-039
6,-40,-40,6,QY0006X-040
6,-41,-41,6,QY0006X-041
6,-42,-42,6,QY0006X-042
6,-43,-43,6,QY0006X-043
6,-44,-44,6,QY0006X-044
6,-45,-45,6,QY0006X-045
6,-46,-46,6,QY0006X-046
6,-47,-47,6,QY0006X-047
6,-48,-48,6,QY0006X-048
6,-49,-49,6,QY0006X-049
6,-50,-50,6,QY0006X-050
6,-51,-51,6,QY0006X-051
6,-52,-52,6,QY0006X-052
6,-53,-53,6,QY0006X-053
6,-54,-54,6,QY0006X-054
6,-55,-55,6,QY0006X-055
6,-56,-56,6,QY0006X-056
6,-57,-57,6,QY0006X-057
6,-58,-58,6,QY0006X-058
6,-59,-59,6,QY0006X-059
6,-60,-60,6,QY0006X-060
6,-61,-61,6,QY0006X-061
6,-62,-62,6,QY0006X-062
6,-63,-63,6,QY0006X-063
7,-63,-63,7,QY0007X-063
7,-62,-62,7,QY0007X-062
7,-61,-61,7,QY0007X-061
7,-60,-60,7,QY0007X-060
7,-59,-59,7,QY0007X-059
7,-58,-58,7,QY0007X-058
7,-57,-57,7,QY0007X-057
7,-56,-56,7,QY0007X-056
7,-55,-55,7,QY0007X-055
7,-54,-54,7,QY0007X-054
7,-53,-53,7,QY0007X-053
7,-52,-52,7,QY0007X-052
7,-51,-51,7,QY0007X-051
7,-50,-50,7,QY0007X-050
7,-49,-49,7,QY0007X-049
7,-48,-48,7,QY0007X-048
7,-47,-47,7,QY0007X-047
7,-46,-46,7,QY0007X-046
7,-45,-45,7,QY0007X-045
7,-44,-44,7,QY0007X-044
7,-43,-43,7,QY0007X-043
7,-42,-42,7,QY0007X-042
7,-41,-41,7,QY0007X-041
7,-40,-40,7,QY0007X-040
7,-39,-39,7,QY0007X-039
7,-38,-38,7,QY0007X-038
7,-37,-37,7,QY0007X-037
7,-36,-36,7,QY0007X-036
7,-35,-35,7,QY0007X-035
7,-34,-34,7,QY0007X-034
7,-33,-33,7,QY0007X-033
7,-32,-32,7,QY0007X-032
7,-31,-31,7,QY0007X-031
7,-30,-30,7,QY0007X-030
7,-29,-29,7,QY0007X-029
7,-28,-28,7,QY0007X-028
7,-27,-27,7,QY0007X-027
7,-26,-26,7,QY0007X-026
7,-25,-25,7,QY0007X-025
7,-24,-24,7,QY0007X-024
7,-23,-23,7,QY0007X-023
7,-22,-22,7,QY0007X-022
7,-21,-21,7,QY0007X-021
7,-20,-20,7,QY0007X-020
7,-19,-19,7,QY0007X-019
7,-18,-18,7,QY0007X-018
7,-17,-17,7,QY0007X-017
7,-16,-16,7,QY0007X-016
7,-15,-15,7,QY0007X-015
7,-14,-14,7,QY0007X-014
7,-13,-13,7,QY0007X-013
7,-12,-12,7,QY0007X-012
7,-11,-11,7,QY0007X-011
7,-10,-10,7,QY0007X-010
7,-9,-9,7,QY0007X-009
7,-8,-8,7,QY0007X-008
7,-7,-7,7,QY0007X-007
7,-6,-6,7,QY0007X-006
7,-5,-5,7,QY0007X-005
7,-4,-4,7,QY0007X-004
7,-3,-3,7,QY0007X-003
7,-2,-2,7,QY0007X-002
7,-1,-1,7,QY0007X-001
7,0,0,7,QY0007X0000
7,1,1,7,QY0007X0001
7,2,2,7,QY0007X0002
7,3,3,7,QY0007X0003
7,4,4,7,QY0007X0004
7,5,5,7,QY0007X0005
7,6,6,7,QY0007X0006
7,7,7,7,QY0007X0007
7,8,8,7,QY0007X0008
7,9,9,7,QY0007X0009
7,10,10,7,QY0007X0010
7,11,11,7,QY0007X0011
7,12,12,7,QY0007X0012
7,13,13,7,QY0007X0013
7,14,14,7,QY0007X0014
7,15,15,7,QY0007X0015
7,16,16,7,QY0007X0016
7,17,17,7,QY0007X0017
7,18,18,7,QY0007X0018
7,19,19,7,QY0007X0019
7,20,20,7,QY0007X0020
7,21,21,7,QY0007X0021
7,22,22,7,QY0007X0022
7,23,23,7,QY0007X0023
7,24,24,7,QY0007X0024
7,25,25,7,QY0007X0025
7,26,26,7,QY0007X0026
7,27,27,7,QY0007X0027
7,28,28,7,QY0007X0028
7,29,29,7,QY0007X0029
7,30,30,7,QY0007X0030
7,31,31,7,QY0007X0031
7,32,32,7,QY0007X0032
7,33,33,7,QY0007X0033
7,34,34,7,QY0007X0034
7,35,35,7,QY0007X0035
7,36,36,7,QY0007X0036
7,37,37,7,QY0007X0037
7,38,38,7,QY0007X0038
7,39,39,7,QY0007X0039
7,40,40,7,QY0007X0040
7,41,41,7,QY0007X0041
7,42,42,7,QY0007X0042
7,43,43,7,QY0007X0043
7,44,44,7,QY0007X0044
7,45,45,7,QY0007X0045
7,46,46,7,QY0007X0046
7,47,47,7,QY0007X0047
7,48,48,7,QY0007X0048
7,49,49,7,QY0007X0049
7,50,50,7,QY0007X0050
7,51,51,7,QY0007X0051
7,52,52,7,QY0007X0052
7,53,53,7,QY0007X0053
7,54,54,7,QY0007X0054
7,55,55,7,QY0007X0055
7,56,56,7,QY0007X0056
7,57,57,7,QY0007X0057
7,58,58,7,QY0007X0058
7,59,59,7,QY0007X0059
7,60,60,7,QY0007X0060
7,61,61,7,QY0007X0061
7,62,62,7,QY0007X0062
7,63,63,7,QY0007X0063
7,64,64,7,QY0007X0064
7,65,65,7,QY0007X0065
7,66,66,7,QY0007X0066
7,67,67,7,QY0007X0067
7,68,68,7,QY0007X0068
7,69,69,7,QY0007X0069
7,70,70,7,QY0007X0070
7,71,71,7,QY0007X0071
7,72,72,7,QY0007X0072
7,73,73,7,QY0007X0073
8,73,73,8,QY0008X0073
8,72,72,8,QY0008X0072
8,71,71,8,QY0008X0071
8,70,70,8,QY0008X0070
8,69,69,8,QY0008X0069
8,68,68,8,QY0008X0068
8,67,67,8,QY0008X0067
8,66,66,8,QY0008X0066
8,65,65,8,QY0008X0065
8,64,64,8,QY0008X0064
8,63,63,8,QY0008X0063
8,62,62,8,QY0008X0062
8,61,61,8,QY0008X0061
8,60,60,8,QY0008X0060
8,59,59,8,QY0008X0059
8,58,58,8,QY0008X0058
8,57,57,8,QY0008X0057
8,56,56,8,QY0008X0056
8,55,55,8,QY0008X0055
8,54,54,8,QY0008X0054
8,53,53,8,QY0008X0053
8,52,52,8,QY0008X0052
8,51,51,8,QY0008X0051
8,50,50,8,QY0008X0050
8,49,49,8,QY0008X0049
8,48,48,8,QY0008X0048
8,47,47,8,QY0008X0047
8,46,46,8,QY0008X0046
8,45,45,8,QY0008X0045
8,44,44,8,QY0008X0044
8,43,43,8,QY0008X0043
8,42,42,8,QY0008X0042
8,41,41,8,QY0008X0041
8,40,40,8,QY0008X0040
8,39,39,8,QY0008X0039
8,38,38,8,QY0008X0038
8,37,37,8,QY0008X0037
8,36,36,8,QY0008X0036
8,35,35,8,QY0008X0035
8,34,34,8,QY0008X0034
8,33,33,8,QY0008X0033
8,32,32,8,QY0008X0032
8,31,31,8,QY0008X0031
8,30,30,8,QY0008X0030
8,29,29,8,QY0008X0029
8,28,28,8,QY0008X0028
8,27,27,8,QY0008X0027
8,26,26,8,QY0008X0026
8,25,25,8,QY0008X0025
8,24,24,8,QY0008X0024
8,23,23,8,QY0008X0023
8,22,22,8,QY0008X0022
8,21,21,8,QY0008X0021
8,20,20,8,QY0008X0020
8,19,19,8,QY0008X0019
8,18,18,8,QY0008X0018
8,17,17,8,QY0008X0017
8,16,16,8,QY0008X0016
8,15,15,8,QY0008X0015
8,14,14,8,QY0008X0014
8,13,13,8,QY0008X0013
8,12,12,8,QY0008X0012
8,11,11,8,QY0008X0011
8,10,10,8,QY0008X0010
8,9,9,8,QY0008X0009
8,8,8,8,QY0008X0008
8,7,7,8,QY0008X0007
8,6,6,8,QY0008X0006
8,5,5,8,QY0008X0005
8,4,4,8,QY0008X0004
8,3,3,8,QY0008X0003
8,2,2,8,QY0008X0002
8,1,1,8,QY0008X0001
8,0,0,8,QY0008X0000
8,-1,-1,8,QY0008X-001
8,-2,-2,8,QY0008X-002
8,-3,-3,8,QY0008X-003
8,-4,-4,8,QY0008X-004
8,-5,-5,8,QY0008X-005
8,-6,-6,8,QY0008X-006
8,-7,-7,8,QY0008X-007
8,-8,-8,8,QY0008X-008
8,-9,-9,8,QY0008X-009
8,-10,-10,8,QY0008X-010
8,-11,-11,8,QY0008X-011
8,-12,-12,8,QY0008X-012
8,-13,-13,8,QY0008X-013
8,-14,-14,8,QY0008X-014
8,-15,-15,8,QY0008X-015
8,-16,-16,8,QY0008X-016
8,-17,-17,8,QY0008X-017
8,-18,-18,8,QY0008X-018
8,-19,-19,8,QY0008X-019
8,-20,-20,8,QY0008X-020
8,-21,-21,8,QY0008X-021
8,-22,-22,8,QY0008X-022
8,-23,-23,8,QY0008X-023
8,-24,-24,8,QY0008X-024
8,-25,-25,8,QY0008X-025
8,-26,-26,8,QY0008X-026
8,-27,-27,8,QY0008X-027
8,-28,-28,8,QY0008X-028
8,-29,-29,8,QY0008X-029
8,-30,-30,8,QY0008X-030
8,-31,-31,8,QY0008X-031
8,-32,-32,8,QY0008X-032
8,-33,-33,8,QY0008X-033
8,-34,-34,8,QY0008X-034
8,-35,-35,8,QY0008X-035
8,-36,-36,8,QY0008X-036
8,-37,-37,8,QY0008X-037
8,-38,-38,8,QY0008X-038
8,-39,-39,8,QY0008X-039
8,-40,-40,8,QY0008X-040
8,-41,-41,8,QY0008X-041
8,-42,-42,8,QY0008X-042
8,-43,-43,8,QY0008X-043
8,-44,-44,8,QY0008X-044
8,-45,-45,8,QY0008X-045
8,-46,-46,8,QY0008X-046
8,-47,-47,8,QY0008X-047
8,-48,-48,8,QY0008X-048
8,-49,-49,8,QY0008X-049
8,-50,-50,8,QY0008X-050
8,-51,-51,8,QY0008X-051
8,-52,-52,8,QY0008X-052
8,-53,-53,8,QY0008X-053
8,-54,-54,8,QY0008X-054
8,-55,-55,8,QY0008X-055
8,-56,-56,8,QY0008X-056
8,-57,-57,8,QY0008X-057
8,-58,-58,8,QY0008X-058
8,-59,-59,8,QY0008X-059
8,-60,-60,8,QY0008X-060
8,-61,-61,8,QY0008X-061
8,-62,-62,8,QY0008X-062
8,-63,-63,8,QY0008X-063
9,-63,-63,9,QY0009X-063
9,-62,-62,9,QY0009X-062
9,-61,-61,9,QY0009X-061
9,-60,-60,9,QY0009X-060
9,-59,-59,9,QY0009X-059
9,-58,-58,9,QY0009X-058
9,-57,-57,9,QY0009X-057
9,-56,-56,9,QY0009X-056
9,-55,-55,9,QY0009X-055
9,-54,-54,9,QY0009X-054
9,-53,-53,9,QY0009X-053
9,-52,-52,9,QY0009X-052
9,-51,-51,9,QY0009X-051
9,-50,-50,9,QY0009X-050
9,-49,-49,9,QY0009X-049
9,-48,-48,9,QY0009X-048
9,-47,-47,9,QY0009X-047
9,-46,-46,9,QY0009X-046
9,-45,-45,9,QY0009X-045
9,-44,-44,9,QY0009X-044
9,-43,-43,9,QY0009X-043
9,-42,-42,9,QY0009X-042
9,-41,-41,9,QY0009X-041
9,-40,-40,9,QY0009X-040
9,-39,-39,9,QY0009X-039
9,-38,-38,9,QY0009X-038
9,-37,-37,9,QY0009X-037
9,-36,-36,9,QY0009X-036
9,-35,-35,9,QY0009X-035
9,-34,-34,9,QY0009X-034
9,-33,-33,9,QY0009X-033
9,-32,-32,9,QY0009X-032
9,-31,-31,9,QY0009X-031
9,-30,-30,9,QY0009X-030
9,-29,-29,9,QY0009X-029
9,-28,-28,9,QY0009X-028
9,-27,-27,9,QY0009X-027
9,-26,-26,9,QY0009X-026
9,-25,-25,9,QY0009X-025
9,-24,-24,9,QY0009X-024
9,-23,-23,9,QY0009X-023
9,-22,-22,9,QY0009X-022
9,-21,-21,9,QY0009X-021
9,-20,-20,9,QY0009X-020
9,-19,-19,9,QY0009X-019
9,-18,-18,9,QY0009X-018
9,-17,-17,9,QY0009X-017
9,-16,-16,9,QY0009X-016
9,-15,-15,9,QY0009X-015
9,-14,-14,9,QY0009X-014
9,-13,-13,9,QY0009X-013
9,-12,-12,9,QY0009X-012
9,-11,-11,9,QY0009X-011
9,-10,-10,9,QY0009X-010
9,-9,-9,9,QY0009X-009
9,-8,-8,9,QY0009X-008
9,-7,-7,9,QY0009X-007
9,-6,-6,9,QY0009X-006
9,-5,-5,9,QY0009X-005
9,-4,-4,9,QY0009X-004
9,-3,-3,9,QY0009X-003
9,-2,-2,9,QY0009X-002
9,-1,-1,9,QY0009X-001
9,0,0,9,QY0009X0000
9,1,1,9,QY0009X0001
9,2,2,9,QY0009X0002
9,3,3,9,QY0009X0003
9,4,4,9,QY0009X0004
9,5,5,9,QY0009X0005
9,6,6,9,QY0009X0006
9,7,7,9,QY0009X0007
9,8,8,9,QY0009X0008
9,9,9,9,QY0009X0009
9,10,10,9,QY0009X0010
9,11,11,9,QY0009X0011
9,12,12,9,QY0009X0012
9,13,13,9,QY0009X0013
9,14,14,9,QY0009X0014
9,15,15,9,QY0009X0015
9,16,16,9,QY0009X0016
9,17,17,9,QY0009X0017
9,18,18,9,QY0009X0018
9,19,19,9,QY0009X0019
9,20,20,9,QY0009X0020
9,21,21,9,QY0009X0021
9,22,22,9,QY0009X0022
9,23,23,9,QY0009X0023
9,24,24,9,QY0009X0024
9,25,25,9,QY0009X0025
9,26,26,9,QY0009X0026
9,27,27,9,QY0009X0027
9,28,28,9,QY0009X0028
9,29,29,9,QY0009X0029
9,30,30,9,QY0009X0030
9,31,31,9,QY0009X0031
9,32,32,9,QY0009X0032
9,33,33,9,QY0009X0033
9,34,34,9,QY0009X0034
9,35,35,9,QY0009X0035
9,36,36,9,QY0009X0036
9,37,37,9,QY0009X0037
9,38,38,9,QY0009X0038
9,39,39,9,QY0009X0039
9,40,40,9,QY0009X0040
9,41,41,9,QY0009X0041
9,42,42,9,QY0009X0042
9,43,43,9,QY0009X0043
9,44,44,9,QY0009X0044
9,45,45,9,QY0009X0045
9,46,46,9,QY0009X0046
9,47,47,9,QY0009X0047
9,48,48,9,QY0009X0048
9,49,49,9,QY0009X0049
9,50,50,9,QY0009X0050
9,51,51,9,QY0009X0051
9,52,52,9,QY0009X0052
9,53,53,9,QY0009X0053
9,54,54,9,QY0009X0054
9,55,55,9,QY0009X0055
9,56,56,9,QY0009X0056
9,57,57,9,QY0009X0057
9,58,58,9,QY0009X0058
9,59,59,9,QY0009X0059
9,60,60,9,QY0009X0060
9,61,61,9,QY0009X0061
9,62,62,9,QY0009X0062
9,63,63,9,QY0009X0063
9,64,64,9,QY0009X0064
9,65,65,9,QY0009X0065
9,66,66,9,QY0009X0066
9,67,67,9,QY0009X0067
9,68,68,9,QY0009X0068
9,69,69,9,QY0009X0069
9,70,70,9,QY0009X0070
9,71,71,9,QY0009X0071
9,72,72,9,QY0009X0072
9,73,73,9,QY0009X0073
10,72,72,10,QY0010X0072
10,71,71,10,QY0010X0071
10,70,70,10,QY0010X0070
10,69,69,10,QY0010X0069
10,68,68,10,QY0010X0068
10,67,67,10,QY0010X0067
10,66,66,10,QY0010X0066
10,65,65,10,QY0010X0065
10,64,64,10,QY0010X0064
10,63,63,10,QY0010X0063
10,62,62,10,QY0010X0062
10,61,61,10,QY0010X0061
10,60,60,10,QY0010X0060
10,59,59,10,QY0010X0059
10,58,58,10,QY0010X0058
10,57,57,10,QY0010X0057
10,56,56,10,QY0010X0056
10,55,55,10,QY0010X0055
10,54,54,10,QY0010X0054
10,53,53,10,QY0010X0053
10,52,52,10,QY0010X0052
10,51,51,10,QY0010X0051
10,50,50,10,QY0010X0050
10,49,49,10,QY0010X0049
10,48,48,10,QY0010X0048
10,47,47,10,QY0010X0047
10,46,46,10,QY0010X0046
10,45,45,10,QY0010X0045
10,44,44,10,QY0010X0044
10,43,43,10,QY0010X0043
10,42,42,10,QY0010X0042
10,41,41,10,QY0010X0041
10,40,40,10,QY0010X0040
10,39,39,10,QY0010X0039
10,38,38,10,QY0010X0038
10,37,37,10,QY0010X0037
10,36,36,10,QY0010X0036
10,35,35,10,QY0010X0035
10,34,34,10,QY0010X0034
10,33,33,10,QY0010X0033
10,32,32,10,QY0010X0032
10,31,31,10,QY0010X0031
10,30,30,10,QY0010X0030
10,29,29,10,QY0010X0029
10,28,28,10,QY0010X0028
10,27,27,10,QY0010X0027
10,26,26,10,QY0010X0026
10,25,25,10,QY0010X0025
10,24,24,10,QY0010X0024
10,23,23,10,QY0010X0023
10,22,22,10,QY0010X0022
10,21,21,10,QY0010X0021
10,20,20,10,QY0010X0020
10,19,19,10,QY0010X0019
10,18,18,10,QY0010X0018
10,17,17,10,QY0010X0017
10,16,16,10,QY0010X0016
10,15,15,10,QY0010X0015
10,14,14,10,QY0010X0014
10,13,13,10,QY0010X0013
10,12,12,10,QY0010X0012
10,11,11,10,QY0010X0011
10,10,10,10,QY0010X0010
10,9,9,10,QY0010X0009
10,8,8,10,QY0010X0008
10,7,7,10,QY0010X0007
10,6,6,10,QY0010X0006
10,5,5,10,QY0010X0005
10,4,4,10,QY0010X0004
10,3,3,10,QY0010X0003
10,2,2,10,QY0010X0002
10,1,1,10,QY0010X0001
10,0,0,10,QY0010X0000
10,-1,-1,10,QY0010X-001
10,-2,-2,10,QY0010X-002
10,-3,-3,10,QY0010X-003
10,-4,-4,10,QY0010X-004
10,-5,-5,10,QY0010X-005
10,-6,-6,10,QY0010X-006
10,-7,-7,10,QY0010X-007
10,-8,-8,10,QY0010X-008
10,-9,-9,10,QY0010X-009
10,-10,-10,10,QY0010X-010
10,-11,-11,10,QY0010X-011
10,-12,-12,10,QY0010X-012
10,-13,-13,10,QY0010X-013
10,-14,-14,10,QY0010X-014
10,-15,-15,10,QY0010X-015
10,-16,-16,10,QY0010X-016
10,-17,-17,10,QY0010X-017
10,-18,-18,10,QY0010X-018
10,-19,-19,10,QY0010X-019
10,-20,-20,10,QY0010X-020
10,-21,-21,10,QY0010X-021
10,-22,-22,10,QY0010X-022
10,-23,-23,10,QY0010X-023
10,-24,-24,10,QY0010X-024
10,-25,-25,10,QY0010X-025
10,-26,-26,10,QY0010X-026
10,-27,-27,10,QY0010X-027
10,-28,-28,10,QY0010X-028
10,-29,-29,10,QY0010X-029
10,-30,-30,10,QY0010X-030
10,-31,-31,10,QY0010X-031
10,-32,-32,10,QY0010X-032
10,-33,-33,10,QY0010X-033
10,-34,-34,10,QY0010X-034
10,-35,-35,10,QY0010X-035
10,-36,-36,10,QY0010X-036
10,-37,-37,10,QY0010X-037
10,-38,-38,10,QY0010X-038
10,-39,-39,10,QY0010X-039
10,-40,-40,10,QY0010X-040
10,-41,-41,10,QY0010X-041
10,-42,-42,10,QY0010X-042
10,-43,-43,10,QY0010X-043
10,-44,-44,10,QY0010X-044
10,-45,-45,10,QY0010X-045
10,-46,-46,10,QY0010X-046
10,-47,-47,10,QY0010X-047
10,-48,-48,10,QY0010X-048
10,-49,-49,10,QY0010X-049
10,-50,-50,10,QY0010X-050
10,-51,-51,10,QY0010X-051
10,-52,-52,10,QY0010X-052
10,-53,-53,10,QY0010X-053
10,-54,-54,10,QY0010X-054
10,-55,-55,10,QY0010X-055
10,-56,-56,10,QY0010X-056
10,-57,-57,10,QY0010X-057
10,-58,-58,10,QY0010X-058
10,-59,-59,10,QY0010X-059
10,-60,-60,10,QY0010X-060
10,-61,-61,10,QY0010X-061
10,-62,-62,10,QY0010X-062
11,-62,-62,11,QY0011X-062
11,-61,-61,11,QY0011X-061
11,-60,-60,11,QY0011X-060
11,-59,-59,11,QY0011X-059
11,-58,-58,11,QY0011X-058
11,-57,-57,11,QY0011X-057
11,-56,-56,11,QY0011X-056
11,-55,-55,11,QY0011X-055
11,-54,-54,11,QY0011X-054
11,-53,-53,11,QY0011X-053
11,-52,-52,11,QY0011X-052
11,-51,-51,11,QY0011X-051
11,-50,-50,11,QY0011X-050
11,-49,-49,11,QY0011X-049
11,-48,-48,11,QY0011X-048
11,-47,-47,11,QY0011X-047
11,-46,-46,11,QY0011X-046
11,-45,-45,11,QY0011X-045
11,-44,-44,11,QY0011X-044
11,-43,-43,11,QY0011X-043
11,-42,-42,11,QY0011X-042
11,-41,-41,11,QY0011X-041
11,-40,-40,11,QY0011X-040
11,-39,-39,11,QY0011X-039
11,-38,-38,11,QY0011X-038
11,-37,-37,11,QY0011X-037
11,-36,-36,11,QY0011X-036
11,-35,-35,11,QY0011X-035
11,-34,-34,11,QY0011X-034
11,-33,-33,11,QY0011X-033
11,-32,-32,11,QY0011X-032
11,-31,-31,11,QY0011X-031
11,-30,-30,11,QY0011X-030
11,-29,-29,11,QY0011X-029
11,-28,-28,11,QY0011X-028
11,-27,-27,11,QY0011X-027
11,-26,-26,11,QY0011X-026
11,-25,-25,11,QY0011X-025
11,-24,-24,11,QY0011X-024
11,-23,-23,11,QY0011X-023
11,-22,-22,11,QY0011X-022
11,-21,-21,11,QY0011X-021
11,-20,-20,11,QY0011X-020
11,-19,-19,11,QY0011X-019
11,-18,-18,11,QY0011X-018
11,-17,-17,11,QY0011X-017
11,-16,-16,11,QY0011X-016
11,-15,-15,11,QY0011X-015
11,-14,-14,11,QY0011X-014
11,-13,-13,11,QY0011X-013
11,-12,-12,11,QY0011X-012
11,-11,-11,11,QY0011X-011
11,-10,-10,11,QY0011X-010
11,-9,-9,11,QY0011X-009
11,-8,-8,11,QY0011X-008
11,-7,-7,11,QY0011X-007
11,-6,-6,11,QY0011X-006
11,-5,-5,11,QY0011X-005
11,-4,-4,11,QY0011X-004
11,-3,-3,11,QY0011X-003
11,-2,-2,11,QY0011X-002
11,-1,-1,11,QY0011X-001
11,0,0,11,QY0011X0000
11,1,1,11,QY0011X0001
11,2,2,11,QY0011X0002
11,3,3,11,QY0011X0003
11,4,4,11,QY0011X0004
11,5,5,11,QY0011X0005
11,6,6,11,QY0011X0006
11,7,7,11,QY0011X0007
11,8,8,11,QY0011X0008
11,9,9,11,QY0011X0009
11,10,10,11,QY0011X0010
11,11,11,11,QY0011X0011
11,12,12,11,QY0011X0012
11,13,13,11,QY0011X0013
11,14,14,11,QY0011X0014
11,15,15,11,QY0011X0015
11,16,16,11,QY0011X0016
11,17,17,11,QY0011X0017
11,18,18,11,QY0011X0018
11,19,19,11,QY0011X0019
11,20,20,11,QY0011X0020
11,21,21,11,QY0011X0021
11,22,22,11,QY0011X0022
11,23,23,11,QY0011X0023
11,24,24,11,QY0011X0024
11,25,25,11,QY0011X0025
11,26,26,11,QY0011X0026
11,27,27,11,QY0011X0027
11,28,28,11,QY0011X0028
11,29,29,11,QY0011X0029
11,30,30,11,QY0011X0030
11,31,31,11,QY0011X0031
11,32,32,11,QY0011X0032
11,33,33,11,QY0011X0033
11,34,34,11,QY0011X0034
11,35,35,11,QY0011X0035
11,36,36,11,QY0011X0036
11,37,37,11,QY0011X0037
11,38,38,11,QY0011X0038
11,39,39,11,QY0011X0039
11,40,40,11,QY0011X0040
11,41,41,11,QY0011X0041
11,42,42,11,QY0011X0042
11,43,43,11,QY0011X0043
11,44,44,11,QY0011X0044
11,45,45,11,QY0011X0045
11,46,46,11,QY0011X0046
11,47,47,11,QY0011X0047
11,48,48,11,QY0011X0048
11,49,49,11,QY0011X0049
11,50,50,11,QY0011X0050
11,51,51,11,QY0011X0051
11,52,52,11,QY0011X0052
11,53,53,11,QY0011X0053
11,54,54,11,QY0011X0054
11,55,55,11,QY0011X0055
11,56,56,11,QY0011X0056
11,57,57,11,QY0011X0057
11,58,58,11,QY0011X0058
11,59,59,11,QY0011X0059
11,60,60,11,QY0011X0060
11,61,61,11,QY0011X0061
11,62,62,11,QY0011X0062
11,63,63,11,QY0011X0063
11,64,64,11,QY0011X0064
11,65,65,11,QY0011X0065
11,66,66,11,QY0011X0066
11,67,67,11,QY0011X0067
11,68,68,11,QY0011X0068
11,69,69,11,QY0011X0069
11,70,70,11,QY0011X0070
11,71,71,11,QY0011X0071
11,72,72,11,QY0011X0072
12,72,72,12,QY0012X0072
12,71,71,12,QY0012X0071
12,70,70,12,QY0012X0070
12,69,69,12,QY0012X0069
12,68,68,12,QY0012X0068
12,67,67,12,QY0012X0067
12,66,66,12,QY0012X0066
12,65,65,12,QY0012X0065
12,64,64,12,QY0012X0064
12,63,63,12,QY0012X0063
12,62,62,12,QY0012X0062
12,61,61,12,QY0012X0061
12,60,60,12,QY0012X0060
12,59,59,12,QY0012X0059
12,58,58,12,QY0012X0058
12,57,57,12,QY0012X0057
12,56,56,12,QY0012X0056
12,55,55,12,QY0012X0055
12,54,54,12,QY0012X0054
12,53,53,12,QY0012X0053
12,52,52,12,QY0012X0052
12,51,51,12,QY0012X0051
12,50,50,12,QY0012X0050
12,49,49,12,QY0012X0049
12,48,48,12,QY0012X0048
12,47,47,12,QY0012X0047
12,46,46,12,QY0012X0046
12,45,45,12,QY0012X0045
12,44,44,12,QY0012X0044
12,43,43,12,QY0012X0043
12,42,42,12,QY0012X0042
12,41,41,12,QY0012X0041
12,40,40,12,QY0012X0040
12,39,39,12,QY0012X0039
12,38,38,12,QY0012X0038
12,37,37,12,QY0012X0037
12,36,36,12,QY0012X0036
12,35,35,12,QY0012X0035
12,34,34,12,QY0012X0034
12,33,33,12,QY0012X0033
12,32,32,12,QY0012X0032
12,31,31,12,QY0012X0031
12,30,30,12,QY0012X0030
12,29,29,12,QY0012X0029
12,28,28,12,QY0012X0028
12,27,27,12,QY0012X0027
12,26,26,12,QY0012X0026
12,25,25,12,QY0012X0025
12,24,24,12,QY0012X0024
12,23,23,12,QY0012X0023
12,22,22,12,QY0012X0022
12,21,21,12,QY0012X0021
12,20,20,12,QY0012X0020
12,19,19,12,QY0012X0019
12,18,18,12,QY0012X0018
12,17,17,12,QY0012X0017
12,16,16,12,QY0012X0016
12,15,15,12,QY0012X0015
12,14,14,12,QY0012X0014
12,13,13,12,QY0012X0013
12,12,12,12,QY0012X0012
12,11,11,12,QY0012X0011
12,10,10,12,QY0012X0010
12,9,9,12,QY0012X0009
12,8,8,12,QY0012X0008
12,7,7,12,QY0012X0007
12,6,6,12,QY0012X0006
12,5,5,12,QY0012X0005
12,4,4,12,QY0012X0004
12,3,3,12,QY0012X0003
12,2,2,12,QY0012X0002
12,1,1,12,QY0012X0001
12,0,0,12,QY0012X0000
12,-1,-1,12,QY0012X-001
12,-2,-2,12,QY0012X-002
12,-3,-3,12,QY0012X-003
12,-4,-4,12,QY0012X-004
12,-5,-5,12,QY0012X-005
12,-6,-6,12,QY0012X-006
12,-7,-7,12,QY0012X-007
12,-8,-8,12,QY0012X-008
12,-9,-9,12,QY0012X-009
12,-10,-10,12,QY0012X-010
12,-11,-11,12,QY0012X-011
12,-12,-12,12,QY0012X-012
12,-13,-13,12,QY0012X-013
12,-14,-14,12,QY0012X-014
12,-15,-15,12,QY0012X-015
12,-16,-16,12,QY0012X-016
12,-17,-17,12,QY0012X-017
12,-18,-18,12,QY0012X-018
12,-19,-19,12,QY0012X-019
12,-20,-20,12,QY0012X-020
12,-21,-21,12,QY0012X-021
12,-22,-22,12,QY0012X-022
12,-23,-23,12,QY0012X-023
12,-24,-24,12,QY0012X-024
12,-25,-25,12,QY0012X-025
12,-26,-26,12,QY0012X-026
12,-27,-27,12,QY0012X-027
12,-28,-28,12,QY0012X-028
12,-29,-29,12,QY0012X-029
12,-30,-30,12,QY0012X-030
12,-31,-31,12,QY0012X-031
12,-32,-32,12,QY0012X-032
12,-33,-33,12,QY0012X-033
12,-34,-34,12,QY0012X-034
12,-35,-35,12,QY0012X-035
12,-36,-36,12,QY0012X-036
12,-37,-37,12,QY0012X-037
12,-38,-38,12,QY0012X-038
12,-39,-39,12,QY0012X-039
12,-40,-40,12,QY0012X-040
12,-41,-41,12,QY0012X-041
12,-42,-42,12,QY0012X-042
12,-43,-43,12,QY0012X-043
12,-44,-44,12,QY0012X-044
12,-45,-45,12,QY0012X-045
12,-46,-46,12,QY0012X-046
12,-47,-47,12,QY0012X-047
12,-48,-48,12,QY0012X-048
12,-49,-49,12,QY0012X-049
12,-50,-50,12,QY0012X-050
12,-51,-51,12,QY0012X-051
12,-52,-52,12,QY0012X-052
12,-53,-53,12,QY0012X-053
12,-54,-54,12,QY0012X-054
12,-55,-55,12,QY0012X-055
12,-56,-56,12,QY0012X-056
12,-57,-57,12,QY0012X-057
12,-58,-58,12,QY0012X-058
12,-59,-59,12,QY0012X-059
12,-60,-60,12,QY0012X-060
12,-61,-61,12,QY0012X-061
12,-62,-62,12,QY0012X-062
13,-62,-62,13,QY0013X-062
13,-61,-61,13,QY0013X-061
13,-60,-60,13,QY0013X-060
13,-59,-59,13,QY0013X-059
13,-58,-58,13,QY0013X-058
13,-57,-57,13,QY0013X-057
13,-56,-56,13,QY0013X-056
13,-55,-55,13,QY0013X-055
13,-54,-54,13,QY0013X-054
13,-53,-53,13,QY0013X-053
13,-52,-52,13,QY0013X-052
13,-51,-51,13,QY0013X-051
13,-50,-50,13,QY0013X-050
13,-49,-49,13,QY0013X-049
13,-48,-48,13,QY0013X-048
13,-47,-47,13,QY0013X-047
13,-46,-46,13,QY0013X-046
13,-45,-45,13,QY0013X-045
13,-44,-44,13,QY0013X-044
13,-43,-43,13,QY0013X-043
13,-42,-42,13,QY0013X-042
13,-41,-41,13,QY0013X-041
13,-40,-40,13,QY0013X-040
13,-39,-39,13,QY0013X-039
13,-38,-38,13,QY0013X-038
13,-37,-37,13,QY0013X-037
13,-36,-36,13,QY0013X-036
13,-35,-35,13,QY0013X-035
13,-34,-34,13,QY0013X-034
13,-33,-33,13,QY0013X-033
13,-32,-32,13,QY0013X-032
13,-31,-31,13,QY0013X-031
13,-30,-30,13,QY0013X-030
13,-29,-29,13,QY0013X-029
13,-28,-28,13,QY0013X-028
13,-27,-27,13,QY0013X-027
13,-26,-26,13,QY0013X-026
13,-25,-25,13,QY0013X-025
13,-24,-24,13,QY0013X-024
13,-23,-23,13,QY0013X-023
13,-22,-22,13,QY0013X-022
13,-21,-21,13,QY0013X-021
13,-20,-20,13,QY0013X-020
13,-19,-19,13,QY0013X-019
13,-18,-18,13,QY0013X-018
13,-17,-17,13,QY0013X-017
13,-16,-16,13,QY0013X-016
13,-15,-15,13,QY0013X-015
13,-14,-14,13,QY0013X-014
13,-13,-13,13,QY0013X-013
13,-12,-12,13,QY0013X-012
13,-11,-11,13,QY0013X-011
13,-10,-10,13,QY0013X-010
13,-9,-9,13,QY0013X-009
13,-8,-8,13,QY0013X-008
13,-7,-7,13,QY0013X-007
13,-6,-6,13,QY0013X-006
13,-5,-5,13,QY0013X-005
13,-4,-4,13,QY0013X-004
13,-3,-3,13,QY0013X-003
13,-2,-2,13,QY0013X-002
13,-1,-1,13,QY0013X-001
13,0,0,13,QY0013X0000
13,1,1,13,QY0013X0001
13,2,2,13,QY0013X0002
13,3,3,13,QY0013X0003
13,4,4,13,QY0013X0004
13,5,5,13,QY0013X0005
13,6,6,13,QY0013X0006
13,7,7,13,QY0013X0007
13,8,8,13,QY0013X0008
13,9,9,13,QY0013X0009
13,10,10,13,QY0013X0010
13,11,11,13,QY0013X0011
13,12,12,13,QY0013X0012
13,13,13,13,QY0013X0013
13,14,14,13,QY0013X0014
13,15,15,13,QY0013X0015
13,16,16,13,QY0013X0016
13,17,17,13,QY0013X0017
13,18,18,13,QY0013X0018
13,19,19,13,QY0013X0019
13,20,20,13,QY0013X0020
13,21,21,13,QY0013X0021
13,22,22,13,QY0013X0022
13,23,23,13,QY0013X0023
13,24,24,13,QY0013X0024
13,25,25,13,QY0013X0025
13,26,26,13,QY0013X0026
13,27,27,13,QY0013X0027
13,28,28,13,QY0013X0028
13,29,29,13,QY0013X0029
13,30,30,13,QY0013X0030
13,31,31,13,QY0013X0031
13,32,32,13,QY0013X0032
13,33,33,13,QY0013X0033
13,34,34,13,QY0013X0034
13,35,35,13,QY0013X0035
13,36,36,13,QY0013X0036
13,37,37,13,QY0013X0037
13,38,38,13,QY0013X0038
13,39,39,13,QY0013X0039
13,40,40,13,QY0013X0040
13,41,41,13,QY0013X0041
13,42,42,13,QY0013X0042
13,43,43,13,QY0013X0043
13,44,44,13,QY0013X0044
13,45,45,13,QY0013X0045
13,46,46,13,QY0013X0046
13,47,47,13,QY0013X0047
13,48,48,13,QY0013X0048
13,49,49,13,QY0013X0049
13,50,50,13,QY0013X0050
13,51,51,13,QY0013X0051
13,52,52,13,QY0013X0052
13,53,53,13,QY0013X0053
13,54,54,13,QY0013X0054
13,55,55,13,QY0013X0055
13,56,56,13,QY0013X0056
13,57,57,13,QY0013X0057
13,58,58,13,QY0013X0058
13,59,59,13,QY0013X0059
13,60,60,13,QY0013X0060
13,61,61,13,QY0013X0061
13,62,62,13,QY0013X0062
13,63,63,13,QY0013X0063
13,64,64,13,QY0013X0064
13,65,65,13,QY0013X0065
13,66,66,13,QY0013X0066
13,67,67,13,QY0013X0067
13,68,68,13,QY0013X0068
13,69,69,13,QY0013X0069
13,70,70,13,QY0013X0070
13,71,71,13,QY0013X0071
13,72,72,13,QY0013X0072
14,72,72,14,QY0014X0072
14,71,71,14,QY0014X0071
14,70,70,14,QY0014X0070
14,69,69,14,QY0014X0069
14,68,68,14,QY0014X0068
14,67,67,14,QY0014X0067
14,66,66,14,QY0014X0066
14,65,65,14,QY0014X0065
14,64,64,14,QY0014X0064
14,63,63,14,QY0014X0063
14,62,62,14,QY0014X0062
14,61,61,14,QY0014X0061
14,60,60,14,QY0014X0060
14,59,59,14,QY0014X0059
14,58,58,14,QY0014X0058
14,57,57,14,QY0014X0057
14,56,56,14,QY0014X0056
14,55,55,14,QY0014X0055
14,54,54,14,QY0014X0054
14,53,53,14,QY0014X0053
14,52,52,14,QY0014X0052
14,51,51,14,QY0014X0051
14,50,50,14,QY0014X0050
14,49,49,14,QY0014X0049
14,48,48,14,QY0014X0048
14,47,47,14,QY0014X0047
14,46,46,14,QY0014X0046
14,45,45,14,QY0014X0045
14,44,44,14,QY0014X0044
14,43,43,14,QY0014X0043
14,42,42,14,QY0014X0042
14,41,41,14,QY0014X0041
14,40,40,14,QY0014X0040
14,39,39,14,QY0014X0039
14,38,38,14,QY0014X0038
14,37,37,14,QY0014X0037
14,36,36,14,QY0014X0036
14,35,35,14,QY0014X0035
14,34,34,14,QY0014X0034
14,33,33,14,QY0014X0033
14,32,32,14,QY0014X0032
14,31,31,14,QY0014X0031
14,30,30,14,QY0014X0030
14,29,29,14,QY0014X0029
14,28,28,14,QY0014X0028
14,27,27,14,QY0014X0027
14,26,26,14,QY0014X0026
14,25,25,14,QY0014X0025
14,24,24,14,QY0014X0024
14,23,23,14,QY0014X0023
14,22,22,14,QY0014X0022
14,21,21,14,QY0014X0021
14,20,20,14,QY0014X0020
14,19,19,14,QY0014X0019
14,18,18,14,QY0014X0018
14,17,17,14,QY0014X0017
14,16,16,14,QY0014X0016
14,15,15,14,QY0014X0015
14,14,14,14,QY0014X0014
14,13,13,14,QY0014X0013
14,12,12,14,QY0014X0012
14,11,11,14,QY0014X0011
14,10,10,14,QY0014X0010
14,9,9,14,QY0014X0009
14,8,8,14,QY0014X0008
14,7,7,14,QY0014X0007
14,6,6,14,QY0014X0006
14,5,5,14,QY0014X0005
14,4,4,14,QY0014X0004
14,3,3,14,QY0014X0003
14,2,2,14,QY0014X0002
14,1,1,14,QY0014X0001
14,0,0,14,QY0014X0000
14,-1,-1,14,QY0014X-001
14,-2,-2,14,QY0014X-002
14,-3,-3,14,QY0014X-003
14,-4,-4,14,QY0014X-004
14,-5,-5,14,QY0014X-005
14,-6,-6,14,QY0014X-006
14,-7,-7,14,QY0014X-007
14,-8,-8,14,QY0014X-008
14,-9,-9,14,QY0014X-009
14,-10,-10,14,QY0014X-010
14,-11,-11,14,QY0014X-011
14,-12,-12,14,QY0014X-012
14,-13,-13,14,QY0014X-013
14,-14,-14,14,QY0014X-014
14,-15,-15,14,QY0014X-015
14,-16,-16,14,QY0014X-016
14,-17,-17,14,QY0014X-017
14,-18,-18,14,QY0014X-018
14,-19,-19,14,QY0014X-019
14,-20,-20,14,QY0014X-020
14,-21,-21,14,QY0014X-021
14,-22,-22,14,QY0014X-022
14,-23,-23,14,QY0014X-023
14,-24,-24,14,QY0014X-024
14,-25,-25,14,QY0014X-025
14,-26,-26,14,QY0014X-026
14,-27,-27,14,QY0014X-027
14,-28,-28,14,QY0014X-028
14,-29,-29,14,QY0014X-029
14,-30,-30,14,QY0014X-030
14,-31,-31,14,QY0014X-031
14,-32,-32,14,QY0014X-032
14,-33,-33,14,QY0014X-033
14,-34,-34,14,QY0014X-034
14,-35,-35,14,QY0014X-035
14,-36,-36,14,QY0014X-036
14,-37,-37,14,QY0014X-037
14,-38,-38,14,QY0014X-038
14,-39,-39,14,QY0014X-039
14,-40,-40,14,QY0014X-040
14,-41,-41,14,QY0014X-041
14,-42,-42,14,QY0014X-042
14,-43,-43,14,QY0014X-043
14,-44,-44,14,QY0014X-044
14,-45,-45,14,QY0014X-045
14,-46,-46,14,QY0014X-046
14,-47,-47,14,QY0014X-047
14,-48,-48,14,QY0014X-048
14,-49,-49,14,QY0014X-049
14,-50,-50,14,QY0014X-050
14,-51,-51,14,QY0014X-051
14,-52,-52,14,QY0014X-052
14,-53,-53,14,QY0014X-053
14,-54,-54,14,QY0014X-054
14,-55,-55,14,QY0014X-055
14,-56,-56,14,QY0014X-056
14,-57,-57,14,QY0014X-057
14,-58,-58,14,QY0014X-058
14,-59,-59,14,QY0014X-059
14,-60,-60,14,QY0014X-060
14,-61,-61,14,QY0014X-061
14,-62,-62,14,QY0014X-062
15,-62,-62,15,QY0015X-062
15,-61,-61,15,QY0015X-061
15,-60,-60,15,QY0015X-060
15,-59,-59,15,QY0015X-059
15,-58,-58,15,QY0015X-058
15,-57,-57,15,QY0015X-057
15,-56,-56,15,QY0015X-056
15,-55,-55,15,QY0015X-055
15,-54,-54,15,QY0015X-054
15,-53,-53,15,QY0015X-053
15,-52,-52,15,QY0015X-052
15,-51,-51,15,QY0015X-051
15,-50,-50,15,QY0015X-050
15,-49,-49,15,QY0015X-049
15,-48,-48,15,QY0015X-048
15,-47,-47,15,QY0015X-047
15,-46,-46,15,QY0015X-046
15,-45,-45,15,QY0015X-045
15,-44,-44,15,QY0015X-044
15,-43,-43,15,QY0015X-043
15,-42,-42,15,QY0015X-042
15,-41,-41,15,QY0015X-041
15,-40,-40,15,QY0015X-040
15,-39,-39,15,QY0015X-039
15,-38,-38,15,QY0015X-038
15,-37,-37,15,QY0015X-037
15,-36,-36,15,QY0015X-036
15,-35,-35,15,QY0015X-035
15,-34,-34,15,QY0015X-034
15,-33,-33,15,QY0015X-033
15,-32,-32,15,QY0015X-032
15,-31,-31,15,QY0015X-031
15,-30,-30,15,QY0015X-030
15,-29,-29,15,QY0015X-029
15,-28,-28,15,QY0015X-028
15,-27,-27,15,QY0015X-027
15,-26,-26,15,QY0015X-026
15,-25,-25,15,QY0015X-025
15,-24,-24,15,QY0015X-024
15,-23,-23,15,QY0015X-023
15,-22,-22,15,QY0015X-022
15,-21,-21,15,QY0015X-021
15,-20,-20,15,QY0015X-020
15,-19,-19,15,QY0015X-019
15,-18,-18,15,QY0015X-018
15,-17,-17,15,QY0015X-017
15,-16,-16,15,QY0015X-016
15,-15,-15,15,QY0015X-015
15,-14,-14,15,QY0015X-014
15,-13,-13,15,QY0015X-013
15,-12,-12,15,QY0015X-012
15,-11,-11,15,QY0015X-011
15,-10,-10,15,QY0015X-010
15,-9,-9,15,QY0015X-009
15,-8,-8,15,QY0015X-008
15,-7,-7,15,QY0015X-007
15,-6,-6,15,QY0015X-006
15,-5,-5,15,QY0015X-005
15,-4,-4,15,QY0015X-004
15,-3,-3,15,QY0015X-003
15,-2,-2,15,QY0015X-002
15,-1,-1,15,QY0015X-001
15,0,0,15,QY0015X0000
15,1,1,15,QY0015X0001
15,2,2,15,QY0015X0002
15,3,3,15,QY0015X0003
15,4,4,15,QY0015X0004
15,5,5,15,QY0015X0005
15,6,6,15,QY0015X0006
15,7,7,15,QY0015X0007
15,8,8,15,QY0015X0008
15,9,9,15,QY0015X0009
15,10,10,15,QY0015X0010
15,11,11,15,QY0015X0011
15,12,12,15,QY0015X0012
15,13,13,15,QY0015X0013
15,14,14,15,QY0015X0014
15,15,15,15,QY0015X0015
15,16,16,15,QY0015X0016
15,17,17,15,QY0015X0017
15,18,18,15,QY0015X0018
15,19,19,15,QY0015X0019
15,20,20,15,QY0015X0020
15,21,21,15,QY0015X0021
15,22,22,15,QY0015X0022
15,23,23,15,QY0015X0023
15,24,24,15,QY0015X0024
15,25,25,15,QY0015X0025
15,26,26,15,QY0015X0026
15,27,27,15,QY0015X0027
15,28,28,15,QY0015X0028
15,29,29,15,QY0015X0029
15,30,30,15,QY0015X0030
15,31,31,15,QY0015X0031
15,32,32,15,QY0015X0032
15,33,33,15,QY0015X0033
15,34,34,15,QY0015X0034
15,35,35,15,QY0015X0035
15,36,36,15,QY0015X0036
15,37,37,15,QY0015X0037
15,38,38,15,QY0015X0038
15,39,39,15,QY0015X0039
15,40,40,15,QY0015X0040
15,41,41,15,QY0015X0041
15,42,42,15,QY0015X0042
15,43,43,15,QY0015X0043
15,44,44,15,QY0015X0044
15,45,45,15,QY0015X0045
15,46,46,15,QY0015X0046
15,47,47,15,QY0015X0047
15,48,48,15,QY0015X0048
15,49,49,15,QY0015X0049
15,50,50,15,QY0015X0050
15,51,51,15,QY0015X0051
15,52,52,15,QY0015X0052
15,53,53,15,QY0015X0053
15,54,54,15,QY0015X0054
15,55,55,15,QY0015X0055
15,56,56,15,QY0015X0056
15,57,57,15,QY0015X0057
15,58,58,15,QY0015X0058
15,59,59,15,QY0015X0059
15,60,60,15,QY0015X0060
15,61,61,15,QY0015X0061
15,62,62,15,QY0015X0062
15,63,63,15,QY0015X0063
15,64,64,15,QY0015X0064
15,65,65,15,QY0015X0065
15,66,66,15,QY0015X0066
15,67,67,15,QY0015X0067
15,68,68,15,QY0015X0068
15,69,69,15,QY0015X0069
15,70,70,15,QY0015X0070
15,71,71,15,QY0015X0071
15,72,72,15,QY0015X0072
16,71,71,16,QY0016X0071
16,70,70,16,QY0016X0070
16,69,69,16,QY0016X0069
16,68,68,16,QY0016X0068
16,67,67,16,QY0016X0067
16,66,66,16,QY0016X0066
16,65,65,16,QY0016X0065
16,64,64,16,QY0016X0064
16,63,63,16,QY0016X0063
16,62,62,16,QY0016X0062
16,61,61,16,QY0016X0061
16,60,60,16,QY0016X0060
16,59,59,16,QY0016X0059
16,58,58,16,QY0016X0058
16,57,57,16,QY0016X0057
16,56,56,16,QY0016X0056
16,55,55,16,QY0016X0055
16,54,54,16,QY0016X0054
16,53,53,16,QY0016X0053
16,52,52,16,QY0016X0052
16,51,51,16,QY0016X0051
16,50,50,16,QY0016X0050
16,49,49,16,QY0016X0049
16,48,48,16,QY0016X0048
16,47,47,16,QY0016X0047
16,46,46,16,QY0016X0046
16,45,45,16,QY0016X0045
16,44,44,16,QY0016X0044
16,43,43,16,QY0016X0043
16,42,42,16,QY0016X0042
16,41,41,16,QY0016X0041
16,40,40,16,QY0016X0040
16,39,39,16,QY0016X0039
16,38,38,16,QY0016X0038
16,37,37,16,QY0016X0037
16,36,36,16,QY0016X0036
16,35,35,16,QY0016X0035
16,34,34,16,QY0016X0034
16,33,33,16,QY0016X0033
16,32,32,16,QY0016X0032
16,31,31,16,QY0016X0031
16,30,30,16,QY0016X0030
16,29,29,16,QY0016X0029
16,28,28,16,QY0016X0028
16,27,27,16,QY0016X0027
16,26,26,16,QY0016X0026
16,25,25,16,QY0016X0025
16,24,24,16,QY0016X0024
16,23,23,16,QY0016X0023
16,22,22,16,QY0016X0022
16,21,21,16,QY0016X0021
16,20,20,16,QY0016X0020
16,19,19,16,QY0016X0019
16,18,18,16,QY0016X0018
16,17,17,16,QY0016X0017
16,16,16,16,QY0016X0016
16,15,15,16,QY0016X0015
16,14,14,16,QY0016X0014
16,13,13,16,QY0016X0013
16,12,12,16,QY0016X0012
16,11,11,16,QY0016X0011
16,10,10,16,QY0016X0010
16,9,9,16,QY0016X0009
16,8,8,16,QY0016X0008
16,7,7,16,QY0016X0007
16,6,6,16,QY0016X0006
16,5,5,16,QY0016X0005
16,4,4,16,QY0016X0004
16,3,3,16,QY0016X0003
16,2,2,16,QY0016X0002
16,1,1,16,QY0016X0001
16,0,0,16,QY0016X0000
16,-1,-1,16,QY0016X-001
16,-2,-2,16,QY0016X-002
16,-3,-3,16,QY0016X-003
16,-4,-4,16,QY0016X-004
16,-5,-5,16,QY0016X-005
16,-6,-6,16,QY0016X-006
16,-7,-7,16,QY0016X-007
16,-8,-8,16,QY0016X-008
16,-9,-9,16,QY0016X-009
16,-10,-10,16,QY0016X-010
16,-11,-11,16,QY0016X-011
16,-12,-12,16,QY0016X-012
16,-13,-13,16,QY0016X-013
16,-14,-14,16,QY0016X-014
16,-15,-15,16,QY0016X-015
16,-16,-16,16,QY0016X-016
16,-17,-17,16,QY0016X-017
16,-18,-18,16,QY0016X-018
16,-19,-19,16,QY0016X-019
16,-20,-20,16,QY0016X-020
16,-21,-21,16,QY0016X-021
16,-22,-22,16,QY0016X-022
16,-23,-23,16,QY0016X-023
16,-24,-24,16,QY0016X-024
16,-25,-25,16,QY0016X-025
16,-26,-26,16,QY0016X-026
16,-27,-27,16,QY0016X-027
16,-28,-28,16,QY0016X-028
16,-29,-29,16,QY0016X-029
16,-30,-30,16,QY0016X-030
16,-31,-31,16,QY0016X-031
16,-32,-32,16,QY0016X-032
16,-33,-33,16,QY0016X-033
16,-34,-34,16,QY0016X-034
16,-35,-35,16,QY0016X-035
16,-36,-36,16,QY0016X-036
16,-37,-37,16,QY0016X-037
16,-38,-38,16,QY0016X-038
16,-39,-39,16,QY0016X-039
16,-40,-40,16,QY0016X-040
16,-41,-41,16,QY0016X-041
16,-42,-42,16,QY0016X-042
16,-43,-43,16,QY0016X-043
16,-44,-44,16,QY0016X-044
16,-45,-45,16,QY0016X-045
16,-46,-46,16,QY0016X-046
16,-47,-47,16,QY0016X-047
16,-48,-48,16,QY0016X-048
16,-49,-49,16,QY0016X-049
16,-50,-50,16,QY0016X-050
16,-51,-51,16,QY0016X-051
16,-52,-52,16,QY0016X-052
16,-53,-53,16,QY0016X-053
16,-54,-54,16,QY0016X-054
16,-55,-55,16,QY0016X-055
16,-56,-56,16,QY0016X-056
16,-57,-57,16,QY0016X-057
16,-58,-58,16,QY0016X-058
16,-59,-59,16,QY0016X-059
16,-60,-60,16,QY0016X-060
16,-61,-61,16,QY0016X-061
16,-62,-62,16,QY0016X-062
17,-61,-61,17,QY0017X-061
17,-60,-60,17,QY0017X-060
17,-59,-59,17,QY0017X-059
17,-58,-58,17,QY0017X-058
17,-57,-57,17,QY0017X-057
17,-56,-56,17,QY0017X-056
17,-55,-55,17,QY0017X-055
17,-54,-54,17,QY0017X-054
17,-53,-53,17,QY0017X-053
17,-52,-52,17,QY0017X-052
17,-51,-51,17,QY0017X-051
17,-50,-50,17,QY0017X-050
17,-49,-49,17,QY0017X-049
17,-48,-48,17,QY0017X-048
17,-47,-47,17,QY0017X-047
17,-46,-46,17,QY0017X-046
17,-45,-45,17,QY0017X-045
17,-44,-44,17,QY0017X-044
17,-43,-43,17,QY0017X-043
17,-42,-42,17,QY0017X-042
17,-41,-41,17,QY0017X-041
17,-40,-40,17,QY0017X-040
17,-39,-39,17,QY0017X-039
17,-38,-38,17,QY0017X-038
17,-37,-37,17,QY0017X-037
17,-36,-36,17,QY0017X-036
17,-35,-35,17,QY0017X-035
17,-34,-34,17,QY0017X-034
17,-33,-33,17,QY0017X-033
17,-32,-32,17,QY0017X-032
17,-31,-31,17,QY0017X-031
17,-30,-30,17,QY0017X-030
17,-29,-29,17,QY0017X-029
17,-28,-28,17,QY0017X-028
17,-27,-27,17,QY0017X-027
17,-26,-26,17,QY0017X-026
17,-25,-25,17,QY0017X-025
17,-24,-24,17,QY0017X-024
17,-23,-23,17,QY0017X-023
17,-22,-22,17,QY0017X-022
17,-21,-21,17,QY0017X-021
17,-20,-20,17,QY0017X-020
17,-19,-19,17,QY0017X-019
17,-18,-18,17,QY0017X-018
17,-17,-17,17,QY0017X-017
17,-16,-16,17,QY0017X-016
17,-15,-15,17,QY0017X-015
17,-14,-14,17,QY0017X-014
17,-13,-13,17,QY0017X-013
17,-12,-12,17,QY0017X-012
17,-11,-11,17,QY0017X-011
17,-10,-10,17,QY0017X-010
17,-9,-9,17,QY0017X-009
17,-8,-8,17,QY0017X-008
17,-7,-7,17,QY0017X-007
17,-6,-6,17,QY0017X-006
17,-5,-5,17,QY0017X-005
17,-4,-4,17,QY0017X-004
17,-3,-3,17,QY0017X-003
17,-2,-2,17,QY0017X-002
17,-1,-1,17,QY0017X-001
17,0,0,17,QY0017X0000
17,1,1,17,QY0017X0001
17,2,2,17,QY0017X0002
17,3,3,17,QY0017X0003
17,4,4,17,QY0017X0004
17,5,5,17,QY0017X0005
17,6,6,17,QY0017X0006
17,7,7,17,QY0017X0007
17,8,8,17,QY0017X0008
17,9,9,17,QY0017X0009
17,10,10,17,QY0017X0010
17,11,11,17,QY0017X0011
17,12,12,17,QY0017X0012
17,13,13,17,QY0017X0013
17,14,14,17,QY0017X0014
17,15,15,17,QY0017X0015
17,16,16,17,QY0017X0016
17,17,17,17,QY0017X0017
17,18,18,17,QY0017X0018
17,19,19,17,QY0017X0019
17,20,20,17,QY0017X0020
17,21,21,17,QY0017X0021
17,22,22,17,QY0017X0022
17,23,23,17,QY0017X0023
17,24,24,17,QY0017X0024
17,25,25,17,QY0017X0025
17,26,26,17,QY0017X0026
17,27,27,17,QY0017X0027
17,28,28,17,QY0017X0028
17,29,29,17,QY0017X0029
17,30,30,17,QY0017X0030
17,31,31,17,QY0017X0031
17,32,32,17,QY0017X0032
17,33,33,17,QY0017X0033
17,34,34,17,QY0017X0034
17,35,35,17,QY0017X0035
17,36,36,17,QY0017X0036
17,37,37,17,QY0017X0037
17,38,38,17,QY0017X0038
17,39,39,17,QY0017X0039
17,40,40,17,QY0017X0040
17,41,41,17,QY0017X0041
17,42,42,17,QY0017X0042
17,43,43,17,QY0017X0043
17,44,44,17,QY0017X0044
17,45,45,17,QY0017X0045
17,46,46,17,QY0017X0046
17,47,47,17,QY0017X0047
17,48,48,17,QY0017X0048
17,49,49,17,QY0017X0049
17,50,50,17,QY0017X0050
17,51,51,17,QY0017X0051
17,52,52,17,QY0017X0052
17,53,53,17,QY0017X0053
17,54,54,17,QY0017X0054
17,55,55,17,QY0017X0055
17,56,56,17,QY0017X0056
17,57,57,17,QY0017X0057
17,58,58,17,QY0017X0058
17,59,59,17,QY0017X0059
17,60,60,17,QY0017X0060
17,61,61,17,QY0017X0061
17,62,62,17,QY0017X0062
17,63,63,17,QY0017X0063
17,64,64,17,QY0017X0064
17,65,65,17,QY0017X0065
17,66,66,17,QY0017X0066
17,67,67,17,QY0017X0067
17,68,68,17,QY0017X0068
17,69,69,17,QY0017X0069
17,70,70,17,QY0017X0070
17,71,71,17,QY0017X0071
18,71,71,18,QY0018X0071
18,70,70,18,QY0018X0070
18,69,69,18,QY0018X0069
18,68,68,18,QY0018X0068
18,67,67,18,QY0018X0067
18,66,66,18,QY0018X0066
18,65,65,18,QY0018X0065
18,64,64,18,QY0018X0064
18,63,63,18,QY0018X0063
18,62,62,18,QY0018X0062
18,61,61,18,QY0018X0061
18,60,60,18,QY0018X0060
18,59,59,18,QY0018X0059
18,58,58,18,QY0018X0058
18,57,57,18,QY0018X0057
18,56,56,18,QY0018X0056
18,55,55,18,QY0018X0055
18,54,54,18,QY0018X0054
18,53,53,18,QY0018X0053
18,52,52,18,QY0018X0052
18,51,51,18,QY0018X0051
18,50,50,18,QY0018X0050
18,49,49,18,QY0018X0049
18,48,48,18,QY0018X0048
18,47,47,18,QY0018X0047
18,46,46,18,QY0018X0046
18,45,45,18,QY0018X0045
18,44,44,18,QY0018X0044
18,43,43,18,QY0018X0043
18,42,42,18,QY0018X0042
18,41,41,18,QY0018X0041
18,40,40,18,QY0018X0040
18,39,39,18,QY0018X0039
18,38,38,18,QY0018X0038
18,37,37,18,QY0018X0037
18,36,36,18,QY0018X0036
18,35,35,18,QY0018X0035
18,34,34,18,QY0018X0034
18,33,33,18,QY0018X0033
18,32,32,18,QY0018X0032
18,31,31,18,QY0018X0031
18,30,30,18,QY0018X0030
18,29,29,18,QY0018X0029
18,28,28,18,QY0018X0028
18,27,27,18,QY0018X0027
18,26,26,18,QY0018X0026
18,25,25,18,QY0018X0025
18,24,24,18,QY0018X0024
18,23,23,18,QY0018X0023
18,22,22,18,QY0018X0022
18,21,21,18,QY0018X0021
18,20,20,18,QY0018X0020
18,19,19,18,QY0018X0019
18,18,18,18,QY0018X0018
18,17,17,18,QY0018X0017
18,16,16,18,QY0018X0016
18,15,15,18,QY0018X0015
18,14,14,18,QY0018X0014
18,13,13,18,QY0018X0013
18,12,12,18,QY0018X0012
18,11,11,18,QY0018X0011
18,10,10,18,QY0018X0010
18,9,9,18,QY0018X0009
18,8,8,18,QY0018X0008
18,7,7,18,QY0018X0007
18,6,6,18,QY0018X0006
18,5,5,18,QY0018X0005
18,4,4,18,QY0018X0004
18,3,3,18,QY0018X0003
18,2,2,18,QY0018X0002
18,1,1,18,QY0018X0001
18,0,0,18,QY0018X0000
18,-1,-1,18,QY0018X-001
18,-2,-2,18,QY0018X-002
18,-3,-3,18,QY0018X-003
18,-4,-4,18,QY0018X-004
18,-5,-5,18,QY0018X-005
18,-6,-6,18,QY0018X-006
18,-7,-7,18,QY0018X-007
18,-8,-8,18,QY0018X-008
18,-9,-9,18,QY0018X-009
18,-10,-10,18,QY0018X-010
18,-11,-11,18,QY0018X-011
18,-12,-12,18,QY0018X-012
18,-13,-13,18,QY0018X-013
18,-14,-14,18,QY0018X-014
18,-15,-15,18,QY0018X-015
18,-16,-16,18,QY0018X-016
18,-17,-17,18,QY0018X-017
18,-18,-18,18,QY0018X-018
18,-19,-19,18,QY0018X-019
18,-20,-20,18,QY0018X-020
18,-21,-21,18,QY0018X-021
18,-22,-22,18,QY0018X-022
18,-23,-23,18,QY0018X-023
18,-24,-24,18,QY0018X-024
18,-25,-25,18,QY0018X-025
18,-26,-26,18,QY0018X-026
18,-27,-27,18,QY0018X-027
18,-28,-28,18,QY0018X-028
18,-29,-29,18,QY0018X-029
18,-30,-30,18,QY0018X-030
18,-31,-31,18,QY0018X-031
18,-32,-32,18,QY0018X-032
18,-33,-33,18,QY0018X-033
18,-34,-34,18,QY0018X-034
18,-35,-35,18,QY0018X-035
18,-36,-36,18,QY0018X-036
18,-37,-37,18,QY0018X-037
18,-38,-38,18,QY0018X-038
18,-39,-39,18,QY0018X-039
18,-40,-40,18,QY0018X-040
18,-41,-41,18,QY0018X-041
18,-42,-42,18,QY0018X-042
18,-43,-43,18,QY0018X-043
18,-44,-44,18,QY0018X-044
18,-45,-45,18,QY0018X-045
18,-46,-46,18,QY0018X-046
18,-47,-47,18,QY0018X-047
18,-48,-48,18,QY0018X-048
18,-49,-49,18,QY0018X-049
18,-50,-50,18,QY0018X-050
18,-51,-51,18,QY0018X-051
18,-52,-52,18,QY0018X-052
18,-53,-53,18,QY0018X-053
18,-54,-54,18,QY0018X-054
18,-55,-55,18,QY0018X-055
18,-56,-56,18,QY0018X-056
18,-57,-57,18,QY0018X-057
18,-58,-58,18,QY0018X-058
18,-59,-59,18,QY0018X-059
18,-60,-60,18,QY0018X-060
18,-61,-61,18,QY0018X-061
19,-61,-61,19,QY0019X-061
19,-60,-60,19,QY0019X-060
19,-59,-59,19,QY0019X-059
19,-58,-58,19,QY0019X-058
19,-57,-57,19,QY0019X-057
19,-56,-56,19,QY0019X-056
19,-55,-55,19,QY0019X-055
19,-54,-54,19,QY0019X-054
19,-53,-53,19,QY0019X-053
19,-52,-52,19,QY0019X-052
19,-51,-51,19,QY0019X-051
19,-50,-50,19,QY0019X-050
19,-49,-49,19,QY0019X-049
19,-48,-48,19,QY0019X-048
19,-47,-47,19,QY0019X-047
19,-46,-46,19,QY0019X-046
19,-45,-45,19,QY0019X-045
19,-44,-44,19,QY0019X-044
19,-43,-43,19,QY0019X-043
19,-42,-42,19,QY0019X-042
19,-41,-41,19,QY0019X-041
19,-40,-40,19,QY0019X-040
19,-39,-39,19,QY0019X-039
19,-38,-38,19,QY0019X-038
19,-37,-37,19,QY0019X-037
19,-36,-36,19,QY0019X-036
19,-35,-35,19,QY0019X-035
19,-34,-34,19,QY0019X-034
19,-33,-33,19,QY0019X-033
19,-32,-32,19,QY0019X-032
19,-31,-31,19,QY0019X-031
19,-30,-30,19,QY0019X-030
19,-29,-29,19,QY0019X-029
19,-28,-28,19,QY0019X-028
19,-27,-27,19,QY0019X-027
19,-26,-26,19,QY0019X-026
19,-25,-25,19,QY0019X-025
19,-24,-24,19,QY0019X-024
19,-23,-23,19,QY0019X-023
19,-22,-22,19,QY0019X-022
19,-21,-21,19,QY0019X-021
19,-20,-20,19,QY0019X-020
19,-19,-19,19,QY0019X-019
19,-18,-18,19,QY0019X-018
19,-17,-17,19,QY0019X-017
19,-16,-16,19,QY0019X-016
19,-15,-15,19,QY0019X-015
19,-14,-14,19,QY0019X-014
19,-13,-13,19,QY0019X-013
19,-12,-12,19,QY0019X-012
19,-11,-11,19,QY0019X-011
19,-10,-10,19,QY0019X-010
19,-9,-9,19,QY0019X-009
19,-8,-8,19,QY0019X-008
19,-7,-7,19,QY0019X-007
19,-6,-6,19,QY0019X-006
19,-5,-5,19,QY0019X-005
19,-4,-4,19,QY0019X-004
19,-3,-3,19,QY0019X-003
19,-2,-2,19,QY0019X-002
19,-1,-1,19,QY0019X-001
19,0,0,19,QY0019X0000
19,1,1,19,QY0019X0001
19,2,2,19,QY0019X0002
19,3,3,19,QY0019X0003
19,4,4,19,QY0019X0004
19,5,5,19,QY0019X0005
19,6,6,19,QY0019X0006
19,7,7,19,QY0019X0007
19,8,8,19,QY0019X0008
19,9,9,19,QY0019X0009
19,10,10,19,QY0019X0010
19,11,11,19,QY0019X0011
19,12,12,19,QY0019X0012
19,13,13,19,QY0019X0013
19,14,14,19,QY0019X0014
19,15,15,19,QY0019X0015
19,16,16,19,QY0019X0016
19,17,17,19,QY0019X0017
19,18,18,19,QY0019X0018
19,19,19,19,QY0019X0019
19,20,20,19,QY0019X0020
19,21,21,19,QY0019X0021
19,22,22,19,QY0019X0022
19,23,23,19,QY0019X0023
19,24,24,19,QY0019X0024
19,25,25,19,QY0019X0025
19,26,26,19,QY0019X0026
19,27,27,19,QY0019X0027
19,28,28,19,QY0019X0028
19,29,29,19,QY0019X0029
19,30,30,19,QY0019X0030
19,31,31,19,QY0019X0031
19,32,32,19,QY0019X0032
19,33,33,19,QY0019X0033
19,34,34,19,QY0019X0034
19,35,35,19,QY0019X0035
19,36,36,19,QY0019X0036
19,37,37,19,QY0019X0037
19,38,38,19,QY0019X0038
19,39,39,19,QY0019X0039
19,40,40,19,QY0019X0040
19,41,41,19,QY0019X0041
19,42,42,19,QY0019X0042
19,43,43,19,QY0019X0043
19,44,44,19,QY0019X0044
19,45,45,19,QY0019X0045
19,46,46,19,QY0019X0046
19,47,47,19,QY0019X0047
19,48,48,19,QY0019X0048
19,49,49,19,QY0019X0049
19,50,50,19,QY0019X0050
19,51,51,19,QY0019X0051
19,52,52,19,QY0019X0052
19,53,53,19,QY0019X0053
19,54,54,19,QY0019X0054
19,55,55,19,QY0019X0055
19,56,56,19,QY0019X0056
19,57,57,19,QY0019X0057
19,58,58,19,QY0019X0058
19,59,59,19,QY0019X0059
19,60,60,19,QY0019X0060
19,61,61,19,QY0019X0061
19,62,62,19,QY0019X0062
19,63,63,19,QY0019X0063
19,64,64,19,QY0019X0064
19,65,65,19,QY0019X0065
19,66,66,19,QY0019X0066
19,67,67,19,QY0019X0067
19,68,68,19,QY0019X0068
19,69,69,19,QY0019X0069
19,70,70,19,QY0019X0070
19,71,71,19,QY0019X0071
20,71,71,20,QY0020X0071
20,70,70,20,QY0020X0070
20,69,69,20,QY0020X0069
20,68,68,20,QY0020X0068
20,67,67,20,QY0020X0067
20,66,66,20,QY0020X0066
20,65,65,20,QY0020X0065
20,64,64,20,QY0020X0064
20,63,63,20,QY0020X0063
20,62,62,20,QY0020X0062
20,61,61,20,QY0020X0061
20,60,60,20,QY0020X0060
20,59,59,20,QY0020X0059
20,58,58,20,QY0020X0058
20,57,57,20,QY0020X0057
20,56,56,20,QY0020X0056
20,55,55,20,QY0020X0055
20,54,54,20,QY0020X0054
20,53,53,20,QY0020X0053
20,52,52,20,QY0020X0052
20,51,51,20,QY0020X0051
20,50,50,20,QY0020X0050
20,49,49,20,QY0020X0049
20,48,48,20,QY0020X0048
20,47,47,20,QY0020X0047
20,46,46,20,QY0020X0046
20,45,45,20,QY0020X0045
20,44,44,20,QY0020X0044
20,43,43,20,QY0020X0043
20,42,42,20,QY0020X0042
20,41,41,20,QY0020X0041
20,40,40,20,QY0020X0040
20,39,39,20,QY0020X0039
20,38,38,20,QY0020X0038
20,37,37,20,QY0020X0037
20,36,36,20,QY0020X0036
20,35,35,20,QY0020X0035
20,34,34,20,QY0020X0034
20,33,33,20,QY0020X0033
20,32,32,20,QY0020X0032
20,31,31,20,QY0020X0031
20,30,30,20,QY0020X0030
20,29,29,20,QY0020X0029
20,28,28,20,QY0020X0028
20,27,27,20,QY0020X0027
20,26,26,20,QY0020X0026
20,25,25,20,QY0020X0025
20,24,24,20,QY0020X0024
20,23,23,20,QY0020X0023
20,22,22,20,QY0020X0022
20,21,21,20,QY0020X0021
20,20,20,20,QY0020X0020
20,19,19,20,QY0020X0019
20,18,18,20,QY0020X0018
20,17,17,20,QY0020X0017
20,16,16,20,QY0020X0016
20,15,15,20,QY0020X0015
20,14,14,20,QY0020X0014
20,13,13,20,QY0020X0013
20,12,12,20,QY0020X0012
20,11,11,20,QY0020X0011
20,10,10,20,QY0020X0010
20,9,9,20,QY0020X0009
20,8,8,20,QY0020X0008
20,7,7,20,QY0020X0007
20,6,6,20,QY0020X0006
20,5,5,20,QY0020X0005
20,4,4,20,QY0020X0004
20,3,3,20,QY0020X0003
20,2,2,20,QY0020X0002
20,1,1,20,QY0020X0001
20,0,0,20,QY0020X0000
20,-1,-1,20,QY0020X-001
20,-2,-2,20,QY0020X-002
20,-3,-3,20,QY0020X-003
20,-4,-4,20,QY0020X-004
20,-5,-5,20,QY0020X-005
20,-6,-6,20,QY0020X-006
20,-7,-7,20,QY0020X-007
20,-8,-8,20,QY0020X-008
20,-9,-9,20,QY0020X-009
20,-10,-10,20,QY0020X-010
20,-11,-11,20,QY0020X-011
20,-12,-12,20,QY0020X-012
20,-13,-13,20,QY0020X-013
20,-14,-14,20,QY0020X-014
20,-15,-15,20,QY0020X-015
20,-16,-16,20,QY0020X-016
20,-17,-17,20,QY0020X-017
20,-18,-18,20,QY0020X-018
20,-19,-19,20,QY0020X-019
20,-20,-20,20,QY0020X-020
20,-21,-21,20,QY0020X-021
20,-22,-22,20,QY0020X-022
20,-23,-23,20,QY0020X-023
20,-24,-24,20,QY0020X-024
20,-25,-25,20,QY0020X-025
20,-26,-26,20,QY0020X-026
20,-27,-27,20,QY0020X-027
20,-28,-28,20,QY0020X-028
20,-29,-29,20,QY0020X-029
20,-30,-30,20,QY0020X-030
20,-31,-31,20,QY0020X-031
20,-32,-32,20,QY0020X-032
20,-33,-33,20,QY0020X-033
20,-34,-34,20,QY0020X-034
20,-35,-35,20,QY0020X-035
20,-36,-36,20,QY0020X-036
20,-37,-37,20,QY0020X-037
20,-38,-38,20,QY0020X-038
20,-39,-39,20,QY0020X-039
20,-40,-40,20,QY0020X-040
20,-41,-41,20,QY0020X-041
20,-42,-42,20,QY0020X-042
20,-43,-43,20,QY0020X-043
20,-44,-44,20,QY0020X-044
20,-45,-45,20,QY0020X-045
20,-46,-46,20,QY0020X-046
20,-47,-47,20,QY0020X-047
20,-48,-48,20,QY0020X-048
20,-49,-49,20,QY0020X-049
20,-50,-50,20,QY0020X-050
20,-51,-51,20,QY0020X-051
20,-52,-52,20,QY0020X-052
20,-53,-53,20,QY0020X-053
20,-54,-54,20,QY0020X-054
20,-55,-55,20,QY0020X-055
20,-56,-56,20,QY0020X-056
20,-57,-57,20,QY0020X-057
20,-58,-58,20,QY0020X-058
20,-59,-59,20,QY0020X-059
20,-60,-60,20,QY0020X-060
20,-61,-61,20,QY0020X-061
21,-60,-60,21,QY0021X-060
21,-59,-59,21,QY0021X-059
21,-58,-58,21,QY0021X-058
21,-57,-57,21,QY0021X-057
21,-56,-56,21,QY0021X-056
21,-55,-55,21,QY0021X-055
21,-54,-54,21,QY0021X-054
21,-53,-53,21,QY0021X-053
21,-52,-52,21,QY0021X-052
21,-51,-51,21,QY0021X-051
21,-50,-50,21,QY0021X-050
21,-49,-49,21,QY0021X-049
21,-48,-48,21,QY0021X-048
21,-47,-47,21,QY0021X-047
21,-46,-46,21,QY0021X-046
21,-45,-45,21,QY0021X-045
21,-44,-44,21,QY0021X-044
21,-43,-43,21,QY0021X-043
21,-42,-42,21,QY0021X-042
21,-41,-41,21,QY0021X-041
21,-40,-40,21,QY0021X-040
21,-39,-39,21,QY0021X-039
21,-38,-38,21,QY0021X-038
21,-37,-37,21,QY0021X-037
21,-36,-36,21,QY0021X-036
21,-35,-35,21,QY0021X-035
21,-34,-34,21,QY0021X-034
21,-33,-33,21,QY0021X-033
21,-32,-32,21,QY0021X-032
21,-31,-31,21,QY0021X-031
21,-30,-30,21,QY0021X-030
21,-29,-29,21,QY0021X-029
21,-28,-28,21,QY0021X-028
21,-27,-27,21,QY0021X-027
21,-26,-26,21,QY0021X-026
21,-25,-25,21,QY0021X-025
21,-24,-24,21,QY0021X-024
21,-23,-23,21,QY0021X-023
21,-22,-22,21,QY0021X-022
21,-21,-21,21,QY0021X-021
21,-20,-20,21,QY0021X-020
21,-19,-19,21,QY0021X-019
21,-18,-18,21,QY0021X-018
21,-17,-17,21,QY0021X-017
21,-16,-16,21,QY0021X-016
21,-15,-15,21,QY0021X-015
21,-14,-14,21,QY0021X-014
21,-13,-13,21,QY0021X-013
21,-12,-12,21,QY0021X-012
21,-11,-11,21,QY0021X-011
21,-10,-10,21,QY0021X-010
21,-9,-9,21,QY0021X-009
21,-8,-8,21,QY0021X-008
21,-7,-7,21,QY0021X-007
21,-6,-6,21,QY0021X-006
21,-5,-5,21,QY0021X-005
21,-4,-4,21,QY0021X-004
21,-3,-3,21,QY0021X-003
21,-2,-2,21,QY0021X-002
21,-1,-1,21,QY0021X-001
21,0,0,21,QY0021X0000
21,1,1,21,QY0021X0001
21,2,2,21,QY0021X0002
21,3,3,21,QY0021X0003
21,4,4,21,QY0021X0004
21,5,5,21,QY0021X0005
21,6,6,21,QY0021X0006
21,7,7,21,QY0021X0007
21,8,8,21,QY0021X0008
21,9,9,21,QY0021X0009
21,10,10,21,QY0021X0010
21,11,11,21,QY0021X0011
21,12,12,21,QY0021X0012
21,13,13,21,QY0021X0013
21,14,14,21,QY0021X0014
21,15,15,21,QY0021X0015
21,16,16,21,QY0021X0016
21,17,17,21,QY0021X0017
21,18,18,21,QY0021X0018
21,19,19,21,QY0021X0019
21,20,20,21,QY0021X0020
21,21,21,21,QY0021X0021
21,22,22,21,QY0021X0022
21,23,23,21,QY0021X0023
21,24,24,21,QY0021X0024
21,25,25,21,QY0021X0025
21,26,26,21,QY0021X0026
21,27,27,21,QY0021X0027
21,28,28,21,QY0021X0028
21,29,29,21,QY0021X0029
21,30,30,21,QY0021X0030
21,31,31,21,QY0021X0031
21,32,32,21,QY0021X0032
21,33,33,21,QY0021X0033
21,34,34,21,QY0021X0034
21,35,35,21,QY0021X0035
21,36,36,21,QY0021X0036
21,37,37,21,QY0021X0037
21,38,38,21,QY0021X0038
21,39,39,21,QY0021X0039
21,40,40,21,QY0021X0040
21,41,41,21,QY0021X0041
21,42,42,21,QY0021X0042
21,43,43,21,QY0021X0043
21,44,44,21,QY0021X0044
21,45,45,21,QY0021X0045
21,46,46,21,QY0021X0046
21,47,47,21,QY0021X0047
21,48,48,21,QY0021X0048
21,49,49,21,QY0021X0049
21,50,50,21,QY0021X0050
21,51,51,21,QY0021X0051
21,52,52,21,QY0021X0052
21,53,53,21,QY0021X0053
21,54,54,21,QY0021X0054
21,55,55,21,QY0021X0055
21,56,56,21,QY0021X0056
21,57,57,21,QY0021X0057
21,58,58,21,QY0021X0058
21,59,59,21,QY0021X0059
21,60,60,21,QY0021X0060
21,61,61,21,QY0021X0061
21,62,62,21,QY0021X0062
21,63,63,21,QY0021X0063
21,64,64,21,QY0021X0064
21,65,65,21,QY0021X0065
21,66,66,21,QY0021X0066
21,67,67,21,QY0021X0067
21,68,68,21,QY0021X0068
21,69,69,21,QY0021X0069
21,70,70,21,QY0021X0070
22,70,70,22,QY0022X0070
22,69,69,22,QY0022X0069
22,68,68,22,QY0022X0068
22,67,67,22,QY0022X0067
22,66,66,22,QY0022X0066
22,65,65,22,QY0022X0065
22,64,64,22,QY0022X0064
22,63,63,22,QY0022X0063
22,62,62,22,QY0022X0062
22,61,61,22,QY0022X0061
22,60,60,22,QY0022X0060
22,59,59,22,QY0022X0059
22,58,58,22,QY0022X0058
22,57,57,22,QY0022X0057
22,56,56,22,QY0022X0056
22,55,55,22,QY0022X0055
22,54,54,22,QY0022X0054
22,53,53,22,QY0022X0053
22,52,52,22,QY0022X0052
22,51,51,22,QY0022X0051
22,50,50,22,QY0022X0050
22,49,49,22,QY0022X0049
22,48,48,22,QY0022X0048
22,47,47,22,QY0022X0047
22,46,46,22,QY0022X0046
22,45,45,22,QY0022X0045
22,44,44,22,QY0022X0044
22,43,43,22,QY0022X0043
22,42,42,22,QY0022X0042
22,41,41,22,QY0022X0041
22,40,40,22,QY0022X0040
22,39,39,22,QY0022X0039
22,38,38,22,QY0022X0038
22,37,37,22,QY0022X0037
22,36,36,22,QY0022X0036
22,35,35,22,QY0022X0035
22,34,34,22,QY0022X0034
22,33,33,22,QY0022X0033
22,32,32,22,QY0022X0032
22,31,31,22,QY0022X0031
22,30,30,22,QY0022X0030
22,29,29,22,QY0022X0029
22,28,28,22,QY0022X0028
22,27,27,22,QY0022X0027
22,26,26,22,QY0022X0026
22,25,25,22,QY0022X0025
22,24,24,22,QY0022X0024
22,23,23,22,QY0022X0023
22,22,22,22,QY0022X0022
22,21,21,22,QY0022X0021
22,20,20,22,QY0022X0020
22,19,19,22,QY0022X0019
22,18,18,22,QY0022X0018
22,17,17,22,QY0022X0017
22,16,16,22,QY0022X0016
22,15,15,22,QY0022X0015
22,14,14,22,QY0022X0014
22,13,13,22,QY0022X0013
22,12,12,22,QY0022X0012
22,11,11,22,QY0022X0011
22,10,10,22,QY0022X0010
22,9,9,22,QY0022X0009
22,8,8,22,QY0022X0008
22,7,7,22,QY0022X0007
22,6,6,22,QY0022X0006
22,5,5,22,QY0022X0005
22,4,4,22,QY0022X0004
22,3,3,22,QY0022X0003
22,2,2,22,QY0022X0002
22,1,1,22,QY0022X0001
22,0,0,22,QY0022X0000
22,-1,-1,22,QY0022X-001
22,-2,-2,22,QY0022X-002
22,-3,-3,22,QY0022X-003
22,-4,-4,22,QY0022X-004
22,-5,-5,22,QY0022X-005
22,-6,-6,22,QY0022X-006
22,-7,-7,22,QY0022X-007
22,-8,-8,22,QY0022X-008
22,-9,-9,22,QY0022X-009
22,-10,-10,22,QY0022X-010
22,-11,-11,22,QY0022X-011
22,-12,-12,22,QY0022X-012
22,-13,-13,22,QY0022X-013
22,-14,-14,22,QY0022X-014
22,-15,-15,22,QY0022X-015
22,-16,-16,22,QY0022X-016
22,-17,-17,22,QY0022X-017
22,-18,-18,22,QY0022X-018
22,-19,-19,22,QY0022X-019
22,-20,-20,22,QY0022X-020
22,-21,-21,22,QY0022X-021
22,-22,-22,22,QY0022X-022
22,-23,-23,22,QY0022X-023
22,-24,-24,22,QY0022X-024
22,-25,-25,22,QY0022X-025
22,-26,-26,22,QY0022X-026
22,-27,-27,22,QY0022X-027
22,-28,-28,22,QY0022X-028
22,-29,-29,22,QY0022X-029
22,-30,-30,22,QY0022X-030
22,-31,-31,22,QY0022X-031
22,-32,-32,22,QY0022X-032
22,-33,-33,22,QY0022X-033
22,-34,-34,22,QY0022X-034
22,-35,-35,22,QY0022X-035
22,-36,-36,22,QY0022X-036
22,-37,-37,22,QY0022X-037
22,-38,-38,22,QY0022X-038
22,-39,-39,22,QY0022X-039
22,-40,-40,22,QY0022X-040
22,-41,-41,22,QY0022X-041
22,-42,-42,22,QY0022X-042
22,-43,-43,22,QY0022X-043
22,-44,-44,22,QY0022X-044
22,-45,-45,22,QY0022X-045
22,-46,-46,22,QY0022X-046
22,-47,-47,22,QY0022X-047
22,-48,-48,22,QY0022X-048
22,-49,-49,22,QY0022X-049
22,-50,-50,22,QY0022X-050
22,-51,-51,22,QY0022X-051
22,-52,-52,22,QY0022X-052
22,-53,-53,22,QY0022X-053
22,-54,-54,22,QY0022X-054
22,-55,-55,22,QY0022X-055
22,-56,-56,22,QY0022X-056
22,-57,-57,22,QY0022X-057
22,-58,-58,22,QY0022X-058
22,-59,-59,22,QY0022X-059
22,-60,-60,22,QY0022X-060
23,-60,-60,23,QY0023X-060
23,-59,-59,23,QY0023X-059
23,-58,-58,23,QY0023X-058
23,-57,-57,23,QY0023X-057
23,-56,-56,23,QY0023X-056
23,-55,-55,23,QY0023X-055
23,-54,-54,23,QY0023X-054
23,-53,-53,23,QY0023X-053
23,-52,-52,23,QY0023X-052
23,-51,-51,23,QY0023X-051
23,-50,-50,23,QY0023X-050
23,-49,-49,23,QY0023X-049
23,-48,-48,23,QY0023X-048
23,-47,-47,23,QY0023X-047
23,-46,-46,23,QY0023X-046
23,-45,-45,23,QY0023X-045
23,-44,-44,23,QY0023X-044
23,-43,-43,23,QY0023X-043
23,-42,-42,23,QY0023X-042
23,-41,-41,23,QY0023X-041
23,-40,-40,23,QY0023X-040
23,-39,-39,23,QY0023X-039
23,-38,-38,23,QY0023X-038
23,-37,-37,23,QY0023X-037
23,-36,-36,23,QY0023X-036
23,-35,-35,23,QY0023X-035
23,-34,-34,23,QY0023X-034
23,-33,-33,23,QY0023X-033
23,-32,-32,23,QY0023X-032
23,-31,-31,23,QY0023X-031
23,-30,-30,23,QY0023X-030
23,-29,-29,23,QY0023X-029
23,-28,-28,23,QY0023X-028
23,-27,-27,23,QY0023X-027
23,-26,-26,23,QY0023X-026
23,-25,-25,23,QY0023X-025
23,-24,-24,23,QY0023X-024
23,-23,-23,23,QY0023X-023
23,-22,-22,23,QY0023X-022
23,-21,-21,23,QY0023X-021
23,-20,-20,23,QY0023X-020
23,-19,-19,23,QY0023X-019
23,-18,-18,23,QY0023X-018
23,-17,-17,23,QY0023X-017
23,-16,-16,23,QY0023X-016
23,-15,-15,23,QY0023X-015
23,-14,-14,23,QY0023X-014
23,-13,-13,23,QY0023X-013
23,-12,-12,23,QY0023X-012
23,-11,-11,23,QY0023X-011
23,-10,-10,23,QY0023X-010
23,-9,-9,23,QY0023X-009
23,-8,-8,23,QY0023X-008
23,-7,-7,23,QY0023X-007
23,-6,-6,23,QY0023X-006
23,-5,-5,23,QY0023X-005
23,-4,-4,23,QY0023X-004
23,-3,-3,23,QY0023X-003
23,-2,-2,23,QY0023X-002
23,-1,-1,23,QY0023X-001
23,0,0,23,QY0023X0000
23,1,1,23,QY0023X0001
23,2,2,23,QY0023X0002
23,3,3,23,QY0023X0003
23,4,4,23,QY0023X0004
23,5,5,23,QY0023X0005
23,6,6,23,QY0023X0006
23,7,7,23,QY0023X0007
23,8,8,23,QY0023X0008
23,9,9,23,QY0023X0009
23,10,10,23,QY0023X0010
23,11,11,23,QY0023X0011
23,12,12,23,QY0023X0012
23,13,13,23,QY0023X0013
23,14,14,23,QY0023X0014
23,15,15,23,QY0023X0015
23,16,16,23,QY0023X0016
23,17,17,23,QY0023X0017
23,18,18,23,QY0023X0018
23,19,19,23,QY0023X0019
23,20,20,23,QY0023X0020
23,21,21,23,QY0023X0021
23,22,22,23,QY0023X0022
23,23,23,23,QY0023X0023
23,24,24,23,QY0023X0024
23,25,25,23,QY0023X0025
23,26,26,23,QY0023X0026
23,27,27,23,QY0023X0027
23,28,28,23,QY0023X0028
23,29,29,23,QY0023X0029
23,30,30,23,QY0023X0030
23,31,31,23,QY0023X0031
23,32,32,23,QY0023X0032
23,33,33,23,QY0023X0033
23,34,34,23,QY0023X0034
23,35,35,23,QY0023X0035
23,36,36,23,QY0023X0036
23,37,37,23,QY0023X0037
23,38,38,23,QY0023X0038
23,39,39,23,QY0023X0039
23,40,40,23,QY0023X0040
23,41,41,23,QY0023X0041
23,42,42,23,QY0023X0042
23,43,43,23,QY0023X0043
23,44,44,23,QY0023X0044
23,45,45,23,QY0023X0045
23,46,46,23,QY0023X0046
23,47,47,23,QY0023X0047
23,48,48,23,QY0023X0048
23,49,49,23,QY0023X0049
23,50,50,23,QY0023X0050
23,51,51,23,QY0023X0051
23,52,52,23,QY0023X0052
23,53,53,23,QY0023X0053
23,54,54,23,QY0023X0054
23,55,55,23,QY0023X0055
23,56,56,23,QY0023X0056
23,57,57,23,QY0023X0057
23,58,58,23,QY0023X0058
23,59,59,23,QY0023X0059
23,60,60,23,QY0023X0060
23,61,61,23,QY0023X0061
23,62,62,23,QY0023X0062
23,63,63,23,QY0023X0063
23,64,64,23,QY0023X0064
23,65,65,23,QY0023X0065
23,66,66,23,QY0023X0066
23,67,67,23,QY0023X0067
23,68,68,23,QY0023X0068
23,69,69,23,QY0023X0069
23,70,70,23,QY0023X0070
24,69,69,24,QY0024X0069
24,68,68,24,QY0024X0068
24,67,67,24,QY0024X0067
24,66,66,24,QY0024X0066
24,65,65,24,QY0024X0065
24,64,64,24,QY0024X0064
24,63,63,24,QY0024X0063
24,62,62,24,QY0024X0062
24,61,61,24,QY0024X0061
24,60,60,24,QY0024X0060
24,59,59,24,QY0024X0059
24,58,58,24,QY0024X0058
24,57,57,24,QY0024X0057
24,56,56,24,QY0024X0056
24,55,55,24,QY0024X0055
24,54,54,24,QY0024X0054
24,53,53,24,QY0024X0053
24,52,52,24,QY0024X0052
24,51,51,24,QY0024X0051
24,50,50,24,QY0024X0050
24,49,49,24,QY0024X0049
24,48,48,24,QY0024X0048
24,47,47,24,QY0024X0047
24,46,46,24,QY0024X0046
24,45,45,24,QY0024X0045
24,44,44,24,QY0024X0044
24,43,43,24,QY0024X0043
24,42,42,24,QY0024X0042
24,41,41,24,QY0024X0041
24,40,40,24,QY0024X0040
24,39,39,24,QY0024X0039
24,38,38,24,QY0024X0038
24,37,37,24,QY0024X0037
24,36,36,24,QY0024X0036
24,35,35,24,QY0024X0035
24,34,34,24,QY0024X0034
24,33,33,24,QY0024X0033
24,32,32,24,QY0024X0032
24,31,31,24,QY0024X0031
24,30,30,24,QY0024X0030
24,29,29,24,QY0024X0029
24,28,28,24,QY0024X0028
24,27,27,24,QY0024X0027
24,26,26,24,QY0024X0026
24,25,25,24,QY0024X0025
24,24,24,24,QY0024X0024
24,23,23,24,QY0024X0023
24,22,22,24,QY0024X0022
24,21,21,24,QY0024X0021
24,20,20,24,QY0024X0020
24,19,19,24,QY0024X0019
24,18,18,24,QY0024X0018
24,17,17,24,QY0024X0017
24,16,16,24,QY0024X0016
24,15,15,24,QY0024X0015
24,14,14,24,QY0024X0014
24,13,13,24,QY0024X0013
24,12,12,24,QY0024X0012
24,11,11,24,QY0024X0011
24,10,10,24,QY0024X0010
24,9,9,24,QY0024X0009
24,8,8,24,QY0024X0008
24,7,7,24,QY0024X0007
24,6,6,24,QY0024X0006
24,5,5,24,QY0024X0005
24,4,4,24,QY0024X0004
24,3,3,24,QY0024X0003
24,2,2,24,QY0024X0002
24,1,1,24,QY0024X0001
24,0,0,24,QY0024X0000
24,-1,-1,24,QY0024X-001
24,-2,-2,24,QY0024X-002
24,-3,-3,24,QY0024X-003
24,-4,-4,24,QY0024X-004
24,-5,-5,24,QY0024X-005
24,-6,-6,24,QY0024X-006
24,-7,-7,24,QY0024X-007
24,-8,-8,24,QY0024X-008
24,-9,-9,24,QY0024X-009
24,-10,-10,24,QY0024X-010
24,-11,-11,24,QY0024X-011
24,-12,-12,24,QY0024X-012
24,-13,-13,24,QY0024X-013
24,-14,-14,24,QY0024X-014
24,-15,-15,24,QY0024X-015
24,-16,-16,24,QY0024X-016
24,-17,-17,24,QY0024X-017
24,-18,-18,24,QY0024X-018
24,-19,-19,24,QY0024X-019
24,-20,-20,24,QY0024X-020
24,-21,-21,24,QY0024X-021
24,-22,-22,24,QY0024X-022
24,-23,-23,24,QY0024X-023
24,-24,-24,24,QY0024X-024
24,-25,-25,24,QY0024X-025
24,-26,-26,24,QY0024X-026
24,-27,-27,24,QY0024X-027
24,-28,-28,24,QY0024X-028
24,-29,-29,24,QY0024X-029
24,-30,-30,24,QY0024X-030
24,-31,-31,24,QY0024X-031
24,-32,-32,24,QY0024X-032
24,-33,-33,24,QY0024X-033
24,-34,-34,24,QY0024X-034
24,-35,-35,24,QY0024X-035
24,-36,-36,24,QY0024X-036
24,-37,-37,24,QY0024X-037
24,-38,-38,24,QY0024X-038
24,-39,-39,24,QY0024X-039
24,-40,-40,24,QY0024X-040
24,-41,-41,24,QY0024X-041
24,-42,-42,24,QY0024X-042
24,-43,-43,24,QY0024X-043
24,-44,-44,24,QY0024X-044
24,-45,-45,24,QY0024X-045
24,-46,-46,24,QY0024X-046
24,-47,-47,24,QY0024X-047
24,-48,-48,24,QY0024X-048
24,-49,-49,24,QY0024X-049
24,-50,-50,24,QY0024X-050
24,-51,-51,24,QY0024X-051
24,-52,-52,24,QY0024X-052
24,-53,-53,24,QY0024X-053
24,-54,-54,24,QY0024X-054
24,-55,-55,24,QY0024X-055
24,-56,-56,24,QY0024X-056
24,-57,-57,24,QY0024X-057
24,-58,-58,24,QY0024X-058
24,-59,-59,24,QY0024X-059
25,-59,-59,25,QY0025X-059
25,-58,-58,25,QY0025X-058
25,-57,-57,25,QY0025X-057
25,-56,-56,25,QY0025X-056
25,-55,-55,25,QY0025X-055
25,-54,-54,25,QY0025X-054
25,-53,-53,25,QY0025X-053
25,-52,-52,25,QY0025X-052
25,-51,-51,25,QY0025X-051
25,-50,-50,25,QY0025X-050
25,-49,-49,25,QY0025X-049
25,-48,-48,25,QY0025X-048
25,-47,-47,25,QY0025X-047
25,-46,-46,25,QY0025X-046
25,-45,-45,25,QY0025X-045
25,-44,-44,25,QY0025X-044
25,-43,-43,25,QY0025X-043
25,-42,-42,25,QY0025X-042
25,-41,-41,25,QY0025X-041
25,-40,-40,25,QY0025X-040
25,-39,-39,25,QY0025X-039
25,-38,-38,25,QY0025X-038
25,-37,-37,25,QY0025X-037
25,-36,-36,25,QY0025X-036
25,-35,-35,25,QY0025X-035
25,-34,-34,25,QY0025X-034
25,-33,-33,25,QY0025X-033
25,-32,-32,25,QY0025X-032
25,-31,-31,25,QY0025X-031
25,-30,-30,25,QY0025X-030
25,-29,-29,25,QY0025X-029
25,-28,-28,25,QY0025X-028
25,-27,-27,25,QY0025X-027
25,-26,-26,25,QY0025X-026
25,-25,-25,25,QY0025X-025
25,-24,-24,25,QY0025X-024
25,-23,-23,25,QY0025X-023
25,-22,-22,25,QY0025X-022
25,-21,-21,25,QY0025X-021
25,-20,-20,25,QY0025X-020
25,-19,-19,25,QY0025X-019
25,-18,-18,25,QY0025X-018
25,-17,-17,25,QY0025X-017
25,-16,-16,25,QY0025X-016
25,-15,-15,25,QY0025X-015
25,-14,-14,25,QY0025X-014
25,-13,-13,25,QY0025X-013
25,-12,-12,25,QY0025X-012
25,-11,-11,25,QY0025X-011
25,-10,-10,25,QY0025X-010
25,-9,-9,25,QY0025X-009
25,-8,-8,25,QY0025X-008
25,-7,-7,25,QY0025X-007
25,-6,-6,25,QY0025X-006
25,-5,-5,25,QY0025X-005
25,-4,-4,25,QY0025X-004
25,-3,-3,25,QY0025X-003
25,-2,-2,25,QY0025X-002
25,-1,-1,25,QY0025X-001
25,0,0,25,QY0025X0000
25,1,1,25,QY0025X0001
25,2,2,25,QY0025X0002
25,3,3,25,QY0025X0003
25,4,4,25,QY0025X0004
25,5,5,25,QY0025X0005
25,6,6,25,QY0025X0006
25,7,7,25,QY0025X0007
25,8,8,25,QY0025X0008
25,9,9,25,QY0025X0009
25,10,10,25,QY0025X0010
25,11,11,25,QY0025X0011
25,12,12,25,QY0025X0012
25,13,13,25,QY0025X0013
25,14,14,25,QY0025X0014
25,15,15,25,QY0025X0015
25,16,16,25,QY0025X0016
25,17,17,25,QY0025X0017
25,18,18,25,QY0025X0018
25,19,19,25,QY0025X0019
25,20,20,25,QY0025X0020
25,21,21,25,QY0025X0021
25,22,22,25,QY0025X0022
25,23,23,25,QY0025X0023
25,24,24,25,QY0025X0024
25,25,25,25,QY0025X0025
25,26,26,25,QY0025X0026
25,27,27,25,QY0025X0027
25,28,28,25,QY0025X0028
25,29,29,25,QY0025X0029
25,30,30,25,QY0025X0030
25,31,31,25,QY0025X0031
25,32,32,25,QY0025X0032
25,33,33,25,QY0025X0033
25,34,34,25,QY0025X0034
25,35,35,25,QY0025X0035
25,36,36,25,QY0025X0036
25,37,37,25,QY0025X0037
25,38,38,25,QY0025X0038
25,39,39,25,QY0025X0039
25,40,40,25,QY0025X0040
25,41,41,25,QY0025X0041
25,42,42,25,QY0025X0042
25,43,43,25,QY0025X0043
25,44,44,25,QY0025X0044
25,45,45,25,QY0025X0045
25,46,46,25,QY0025X0046
25,47,47,25,QY0025X0047
25,48,48,25,QY0025X0048
25,49,49,25,QY0025X0049
25,50,50,25,QY0025X0050
25,51,51,25,QY0025X0051
25,52,52,25,QY0025X0052
25,53,53,25,QY0025X0053
25,54,54,25,QY0025X0054
25,55,55,25,QY0025X0055
25,56,56,25,QY0025X0056
25,57,57,25,QY0025X0057
25,58,58,25,QY0025X0058
25,59,59,25,QY0025X0059
25,60,60,25,QY0025X0060
25,61,61,25,QY0025X0061
25,62,62,25,QY0025X0062
25,63,63,25,QY0025X0063
25,64,64,25,QY0025X0064
25,65,65,25,QY0025X0065
25,66,66,25,QY0025X0066
25,67,67,25,QY0025X0067
25,68,68,25,QY0025X0068
25,69,69,25,QY0025X0069
26,69,69,26,QY0026X0069
26,68,68,26,QY0026X0068
26,67,67,26,QY0026X0067
26,66,66,26,QY0026X0066
26,65,65,26,QY0026X0065
26,64,64,26,QY0026X0064
26,63,63,26,QY0026X0063
26,62,62,26,QY0026X0062
26,61,61,26,QY0026X0061
26,60,60,26,QY0026X0060
26,59,59,26,QY0026X0059
26,58,58,26,QY0026X0058
26,57,57,26,QY0026X0057
26,56,56,26,QY0026X0056
26,55,55,26,QY0026X0055
26,54,54,26,QY0026X0054
26,53,53,26,QY0026X0053
26,52,52,26,QY0026X0052
26,51,51,26,QY0026X0051
26,50,50,26,QY0026X0050
26,49,49,26,QY0026X0049
26,48,48,26,QY0026X0048
26,47,47,26,QY0026X0047
26,46,46,26,QY0026X0046
26,45,45,26,QY0026X0045
26,44,44,26,QY0026X0044
26,43,43,26,QY0026X0043
26,42,42,26,QY0026X0042
26,41,41,26,QY0026X0041
26,40,40,26,QY0026X0040
26,39,39,26,QY0026X0039
26,38,38,26,QY0026X0038
26,37,37,26,QY0026X0037
26,36,36,26,QY0026X0036
26,35,35,26,QY0026X0035
26,34,34,26,QY0026X0034
26,33,33,26,QY0026X0033
26,32,32,26,QY0026X0032
26,31,31,26,QY0026X0031
26,30,30,26,QY0026X0030
26,29,29,26,QY0026X0029
26,28,28,26,QY0026X0028
26,27,27,26,QY0026X0027
26,26,26,26,QY0026X0026
26,25,25,26,QY0026X0025
26,24,24,26,QY0026X0024
26,23,23,26,QY0026X0023
26,22,22,26,QY0026X0022
26,21,21,26,QY0026X0021
26,20,20,26,QY0026X0020
26,19,19,26,QY0026X0019
26,18,18,26,QY0026X0018
26,17,17,26,QY0026X0017
26,16,16,26,QY0026X0016
26,15,15,26,QY0026X0015
26,14,14,26,QY0026X0014
26,13,13,26,QY0026X0013
26,12,12,26,QY0026X0012
26,11,11,26,QY0026X0011
26,10,10,26,QY0026X0010
26,9,9,26,QY0026X0009
26,8,8,26,QY0026X0008
26,7,7,26,QY0026X0007
26,6,6,26,QY0026X0006
26,5,5,26,QY0026X0005
26,4,4,26,QY0026X0004
26,3,3,26,QY0026X0003
26,2,2,26,QY0026X0002
26,1,1,26,QY0026X0001
26,0,0,26,QY0026X0000
26,-1,-1,26,QY0026X-001
26,-2,-2,26,QY0026X-002
26,-3,-3,26,QY0026X-003
26,-4,-4,26,QY0026X-004
26,-5,-5,26,QY0026X-005
26,-6,-6,26,QY0026X-006
26,-7,-7,26,QY0026X-007
26,-8,-8,26,QY0026X-008
26,-9,-9,26,QY0026X-009
26,-10,-10,26,QY0026X-010
26,-11,-11,26,QY0026X-011
26,-12,-12,26,QY0026X-012
26,-13,-13,26,QY0026X-013
26,-14,-14,26,QY0026X-014
26,-15,-15,26,QY0026X-015
26,-16,-16,26,QY0026X-016
26,-17,-17,26,QY0026X-017
26,-18,-18,26,QY0026X-018
26,-19,-19,26,QY0026X-019
26,-20,-20,26,QY0026X-020
26,-21,-21,26,QY0026X-021
26,-22,-22,26,QY0026X-022
26,-23,-23,26,QY0026X-023
26,-24,-24,26,QY0026X-024
26,-25,-25,26,QY0026X-025
26,-26,-26,26,QY0026X-026
26,-27,-27,26,QY0026X-027
26,-28,-28,26,QY0026X-028
26,-29,-29,26,QY0026X-029
26,-30,-30,26,QY0026X-030
26,-31,-31,26,QY0026X-031
26,-32,-32,26,QY0026X-032
26,-33,-33,26,QY0026X-033
26,-34,-34,26,QY0026X-034
26,-35,-35,26,QY0026X-035
26,-36,-36,26,QY0026X-036
26,-37,-37,26,QY0026X-037
26,-38,-38,26,QY0026X-038
26,-39,-39,26,QY0026X-039
26,-40,-40,26,QY0026X-040
26,-41,-41,26,QY0026X-041
26,-42,-42,26,QY0026X-042
26,-43,-43,26,QY0026X-043
26,-44,-44,26,QY0026X-044
26,-45,-45,26,QY0026X-045
26,-46,-46,26,QY0026X-046
26,-47,-47,26,QY0026X-047
26,-48,-48,26,QY0026X-048
26,-49,-49,26,QY0026X-049
26,-50,-50,26,QY0026X-050
26,-51,-51,26,QY0026X-051
26,-52,-52,26,QY0026X-052
26,-53,-53,26,QY0026X-053
26,-54,-54,26,QY0026X-054
26,-55,-55,26,QY0026X-055
26,-56,-56,26,QY0026X-056
26,-57,-57,26,QY0026X-057
26,-58,-58,26,QY0026X-058
26,-59,-59,26,QY0026X-059
27,-58,-58,27,QY0027X-058
27,-57,-57,27,QY0027X-057
27,-56,-56,27,QY0027X-056
27,-55,-55,27,QY0027X-055
27,-54,-54,27,QY0027X-054
27,-53,-53,27,QY0027X-053
27,-52,-52,27,QY0027X-052
27,-51,-51,27,QY0027X-051
27,-50,-50,27,QY0027X-050
27,-49,-49,27,QY0027X-049
27,-48,-48,27,QY0027X-048
27,-47,-47,27,QY0027X-047
27,-46,-46,27,QY0027X-046
27,-45,-45,27,QY0027X-045
27,-44,-44,27,QY0027X-044
27,-43,-43,27,QY0027X-043
27,-42,-42,27,QY0027X-042
27,-41,-41,27,QY0027X-041
27,-40,-40,27,QY0027X-040
27,-39,-39,27,QY0027X-039
27,-38,-38,27,QY0027X-038
27,-37,-37,27,QY0027X-037
27,-36,-36,27,QY0027X-036
27,-35,-35,27,QY0027X-035
27,-34,-34,27,QY0027X-034
27,-33,-33,27,QY0027X-033
27,-32,-32,27,QY0027X-032
27,-31,-31,27,QY0027X-031
27,-30,-30,27,QY0027X-030
27,-29,-29,27,QY0027X-029
27,-28,-28,27,QY0027X-028
27,-27,-27,27,QY0027X-027
27,-26,-26,27,QY0027X-026
27,-25,-25,27,QY0027X-025
27,-24,-24,27,QY0027X-024
27,-23,-23,27,QY0027X-023
27,-22,-22,27,QY0027X-022
27,-21,-21,27,QY0027X-021
27,-20,-20,27,QY0027X-020
27,-19,-19,27,QY0027X-019
27,-18,-18,27,QY0027X-018
27,-17,-17,27,QY0027X-017
27,-16,-16,27,QY0027X-016
27,-15,-15,27,QY0027X-015
27,-14,-14,27,QY0027X-014
27,-13,-13,27,QY0027X-013
27,-12,-12,27,QY0027X-012
27,-11,-11,27,QY0027X-011
27,-10,-10,27,QY0027X-010
27,-9,-9,27,QY0027X-009
27,-8,-8,27,QY0027X-008
27,-7,-7,27,QY0027X-007
27,-6,-6,27,QY0027X-006
27,-5,-5,27,QY0027X-005
27,-4,-4,27,QY0027X-004
27,-3,-3,27,QY0027X-003
27,-2,-2,27,QY0027X-002
27,-1,-1,27,QY0027X-001
27,0,0,27,QY0027X0000
27,1,1,27,QY0027X0001
27,2,2,27,QY0027X0002
27,3,3,27,QY0027X0003
27,4,4,27,QY0027X0004
27,5,5,27,QY0027X0005
27,6,6,27,QY0027X0006
27,7,7,27,QY0027X0007
27,8,8,27,QY0027X0008
27,9,9,27,QY0027X0009
27,10,10,27,QY0027X0010
27,11,11,27,QY0027X0011
27,12,12,27,QY0027X0012
27,13,13,27,QY0027X0013
27,14,14,27,QY0027X0014
27,15,15,27,QY0027X0015
27,16,16,27,QY0027X0016
27,17,17,27,QY0027X0017
27,18,18,27,QY0027X0018
27,19,19,27,QY0027X0019
27,20,20,27,QY0027X0020
27,21,21,27,QY0027X0021
27,22,22,27,QY0027X0022
27,23,23,27,QY0027X0023
27,24,24,27,QY0027X0024
27,25,25,27,QY0027X0025
27,26,26,27,QY0027X0026
27,27,27,27,QY0027X0027
27,28,28,27,QY0027X0028
27,29,29,27,QY0027X0029
27,30,30,27,QY0027X0030
27,31,31,27,QY0027X0031
27,32,32,27,QY0027X0032
27,33,33,27,QY0027X0033
27,34,34,27,QY0027X0034
27,35,35,27,QY0027X0035
27,36,36,27,QY0027X0036
27,37,37,27,QY0027X0037
27,38,38,27,QY0027X0038
27,39,39,27,QY0027X0039
27,40,40,27,QY0027X0040
27,41,41,27,QY0027X0041
27,42,42,27,QY0027X0042
27,43,43,27,QY0027X0043
27,44,44,27,QY0027X0044
27,45,45,27,QY0027X0045
27,46,46,27,QY0027X0046
27,47,47,27,QY0027X0047
27,48,48,27,QY0027X0048
27,49,49,27,QY0027X0049
27,50,50,27,QY0027X0050
27,51,51,27,QY0027X0051
27,52,52,27,QY0027X0052
27,53,53,27,QY0027X0053
27,54,54,27,QY0027X0054
27,55,55,27,QY0027X0055
27,56,56,27,QY0027X0056
27,57,57,27,QY0027X0057
27,58,58,27,QY0027X0058
27,59,59,27,QY0027X0059
27,60,60,27,QY0027X0060
27,61,61,27,QY0027X0061
27,62,62,27,QY0027X0062
27,63,63,27,QY0027X0063
27,64,64,27,QY0027X0064
27,65,65,27,QY0027X0065
27,66,66,27,QY0027X0066
27,67,67,27,QY0027X0067
27,68,68,27,QY0027X0068
28,68,68,28,QY0028X0068
28,67,67,28,QY0028X0067
28,66,66,28,QY0028X0066
28,65,65,28,QY0028X0065
28,64,64,28,QY0028X0064
28,63,63,28,QY0028X0063
28,62,62,28,QY0028X0062
28,61,61,28,QY0028X0061
28,60,60,28,QY0028X0060
28,59,59,28,QY0028X0059
28,58,58,28,QY0028X0058
28,57,57,28,QY0028X0057
28,56,56,28,QY0028X0056
28,55,55,28,QY0028X0055
28,54,54,28,QY0028X0054
28,53,53,28,QY0028X0053
28,52,52,28,QY0028X0052
28,51,51,28,QY0028X0051
28,50,50,28,QY0028X0050
28,49,49,28,QY0028X0049
28,48,48,28,QY0028X0048
28,47,47,28,QY0028X0047
28,46,46,28,QY0028X0046
28,45,45,28,QY0028X0045
28,44,44,28,QY0028X0044
28,43,43,28,QY0028X0043
28,42,42,28,QY0028X0042
28,41,41,28,QY0028X0041
28,40,40,28,QY0028X0040
28,39,39,28,QY0028X0039
28,38,38,28,QY0028X0038
28,37,37,28,QY0028X0037
28,36,36,28,QY0028X0036
28,35,35,28,QY0028X0035
28,34,34,28,QY0028X0034
28,33,33,28,QY0028X0033
28,32,32,28,QY0028X0032
28,31,31,28,QY0028X0031
28,30,30,28,QY0028X0030
28,29,29,28,QY0028X0029
28,28,28,28,QY0028X0028
28,27,27,28,QY0028X0027
28,26,26,28,QY0028X0026
28,25,25,28,QY0028X0025
28,24,24,28,QY0028X0024
28,23,23,28,QY0028X0023
28,22,22,28,QY0028X0022
28,21,21,28,QY0028X0021
28,20,20,28,QY0028X0020
28,19,19,28,QY0028X0019
28,18,18,28,QY0028X0018
28,17,17,28,QY0028X0017
28,16,16,28,QY0028X0016
28,15,15,28,QY0028X0015
28,14,14,28,QY0028X0014
28,13,13,28,QY0028X0013
28,12,12,28,QY0028X0012
28,11,11,28,QY0028X0011
28,10,10,28,QY0028X0010
28,9,9,28,QY0028X0009
28,8,8,28,QY0028X0008
28,7,7,28,QY0028X0007
28,6,6,28,QY0028X0006
28,5,5,28,QY0028X0005
28,4,4,28,QY0028X0004
28,3,3,28,QY0028X0003
28,2,2,28,QY0028X0002
28,1,1,28,QY0028X0001
28,0,0,28,QY0028X0000
28,-1,-1,28,QY0028X-001
28,-2,-2,28,QY0028X-002
28,-3,-3,28,QY0028X-003
28,-4,-4,28,QY0028X-004
28,-5,-5,28,QY0028X-005
28,-6,-6,28,QY0028X-006
28,-7,-7,28,QY0028X-007
28,-8,-8,28,QY0028X-008
28,-9,-9,28,QY0028X-009
28,-10,-10,28,QY0028X-010
28,-11,-11,28,QY0028X-011
28,-12,-12,28,QY0028X-012
28,-13,-13,28,QY0028X-013
28,-14,-14,28,QY0028X-014
28,-15,-15,28,QY0028X-015
28,-16,-16,28,QY0028X-016
28,-17,-17,28,QY0028X-017
28,-18,-18,28,QY0028X-018
28,-19,-19,28,QY0028X-019
28,-20,-20,28,QY0028X-020
28,-21,-21,28,QY0028X-021
28,-22,-22,28,QY0028X-022
28,-23,-23,28,QY0028X-023
28,-24,-24,28,QY0028X-024
28,-25,-25,28,QY0028X-025
28,-26,-26,28,QY0028X-026
28,-27,-27,28,QY0028X-027
28,-28,-28,28,QY0028X-028
28,-29,-29,28,QY0028X-029
28,-30,-30,28,QY0028X-030
28,-31,-31,28,QY0028X-031
28,-32,-32,28,QY0028X-032
28,-33,-33,28,QY0028X-033
28,-34,-34,28,QY0028X-034
28,-35,-35,28,QY0028X-035
28,-36,-36,28,QY0028X-036
28,-37,-37,28,QY0028X-037
28,-38,-38,28,QY0028X-038
28,-39,-39,28,QY0028X-039
28,-40,-40,28,QY0028X-040
28,-41,-41,28,QY0028X-041
28,-42,-42,28,QY0028X-042
28,-43,-43,28,QY0028X-043
28,-44,-44,28,QY0028X-044
28,-45,-45,28,QY0028X-045
28,-46,-46,28,QY0028X-046
28,-47,-47,28,QY0028X-047
28,-48,-48,28,QY0028X-048
28,-49,-49,28,QY0028X-049
28,-50,-50,28,QY0028X-050
28,-51,-51,28,QY0028X-051
28,-52,-52,28,QY0028X-052
28,-53,-53,28,QY0028X-053
28,-54,-54,28,QY0028X-054
28,-55,-55,28,QY0028X-055
28,-56,-56,28,QY0028X-056
28,-57,-57,28,QY0028X-057
28,-58,-58,28,QY0028X-058
29,-58,-58,29,QY0029X-058
29,-57,-57,29,QY0029X-057
29,-56,-56,29,QY0029X-056
29,-55,-55,29,QY0029X-055
29,-54,-54,29,QY0029X-054
29,-53,-53,29,QY0029X-053
29,-52,-52,29,QY0029X-052
29,-51,-51,29,QY0029X-051
29,-50,-50,29,QY0029X-050
29,-49,-49,29,QY0029X-049
29,-48,-48,29,QY0029X-048
29,-47,-47,29,QY0029X-047
29,-46,-46,29,QY0029X-046
29,-45,-45,29,QY0029X-045
29,-44,-44,29,QY0029X-044
29,-43,-43,29,QY0029X-043
29,-42,-42,29,QY0029X-042
29,-41,-41,29,QY0029X-041
29,-40,-40,29,QY0029X-040
29,-39,-39,29,QY0029X-039
29,-38,-38,29,QY0029X-038
29,-37,-37,29,QY0029X-037
29,-36,-36,29,QY0029X-036
29,-35,-35,29,QY0029X-035
29,-34,-34,29,QY0029X-034
29,-33,-33,29,QY0029X-033
29,-32,-32,29,QY0029X-032
29,-31,-31,29,QY0029X-031
29,-30,-30,29,QY0029X-030
29,-29,-29,29,QY0029X-029
29,-28,-28,29,QY0029X-028
29,-27,-27,29,QY0029X-027
29,-26,-26,29,QY0029X-026
29,-25,-25,29,QY0029X-025
29,-24,-24,29,QY0029X-024
29,-23,-23,29,QY0029X-023
29,-22,-22,29,QY0029X-022
29,-21,-21,29,QY0029X-021
29,-20,-20,29,QY0029X-020
29,-19,-19,29,QY0029X-019
29,-18,-18,29,QY0029X-018
29,-17,-17,29,QY0029X-017
29,-16,-16,29,QY0029X-016
29,-15,-15,29,QY0029X-015
29,-14,-14,29,QY0029X-014
29,-13,-13,29,QY0029X-013
29,-12,-12,29,QY0029X-012
29,-11,-11,29,QY0029X-011
29,-10,-10,29,QY0029X-010
29,-9,-9,29,QY0029X-009
29,-8,-8,29,QY0029X-008
29,-7,-7,29,QY0029X-007
29,-6,-6,29,QY0029X-006
29,-5,-5,29,QY0029X-005
29,-4,-4,29,QY0029X-004
29,-3,-3,29,QY0029X-003
29,-2,-2,29,QY0029X-002
29,-1,-1,29,QY0029X-001
29,0,0,29,QY0029X0000
29,1,1,29,QY0029X0001
29,2,2,29,QY0029X0002
29,3,3,29,QY0029X0003
29,4,4,29,QY0029X0004
29,5,5,29,QY0029X0005
29,6,6,29,QY0029X0006
29,7,7,29,QY0029X0007
29,8,8,29,QY0029X0008
29,9,9,29,QY0029X0009
29,10,10,29,QY0029X0010
29,11,11,29,QY0029X0011
29,12,12,29,QY0029X0012
29,13,13,29,QY0029X0013
29,14,14,29,QY0029X0014
29,15,15,29,QY0029X0015
29,16,16,29,QY0029X0016
29,17,17,29,QY0029X0017
29,18,18,29,QY0029X0018
29,19,19,29,QY0029X0019
29,20,20,29,QY0029X0020
29,21,21,29,QY0029X0021
29,22,22,29,QY0029X0022
29,23,23,29,QY0029X0023
29,24,24,29,QY0029X0024
29,25,25,29,QY0029X0025
29,26,26,29,QY0029X0026
29,27,27,29,QY0029X0027
29,28,28,29,QY0029X0028
29,29,29,29,QY0029X0029
29,30,30,29,QY0029X0030
29,31,31,29,QY0029X0031
29,32,32,29,QY0029X0032
29,33,33,29,QY0029X0033
29,34,34,29,QY0029X0034
29,35,35,29,QY0029X0035
29,36,36,29,QY0029X0036
29,37,37,29,QY0029X0037
29,38,38,29,QY0029X0038
29,39,39,29,QY0029X0039
29,40,40,29,QY0029X0040
29,41,41,29,QY0029X0041
29,42,42,29,QY0029X0042
29,43,43,29,QY0029X0043
29,44,44,29,QY0029X0044
29,45,45,29,QY0029X0045
29,46,46,29,QY0029X0046
29,47,47,29,QY0029X0047
29,48,48,29,QY0029X0048
29,49,49,29,QY0029X0049
29,50,50,29,QY0029X0050
29,51,51,29,QY0029X0051
29,52,52,29,QY0029X0052
29,53,53,29,QY0029X0053
29,54,54,29,QY0029X0054
29,55,55,29,QY0029X0055
29,56,56,29,QY0029X0056
29,57,57,29,QY0029X0057
29,58,58,29,QY0029X0058
29,59,59,29,QY0029X0059
29,60,60,29,QY0029X0060
29,61,61,29,QY0029X0061
29,62,62,29,QY0029X0062
29,63,63,29,QY0029X0063
29,64,64,29,QY0029X0064
29,65,65,29,QY0029X0065
29,66,66,29,QY0029X0066
29,67,67,29,QY0029X0067
29,68,68,29,QY0029X0068
30,67,67,30,QY0030X0067
30,66,66,30,QY0030X0066
30,65,65,30,QY0030X0065
30,64,64,30,QY0030X0064
30,63,63,30,QY0030X0063
30,62,62,30,QY0030X0062
30,61,61,30,QY0030X0061
30,60,60,30,QY0030X0060
30,59,59,30,QY0030X0059
30,58,58,30,QY0030X0058
30,57,57,30,QY0030X0057
30,56,56,30,QY0030X0056
30,55,55,30,QY0030X0055
30,54,54,30,QY0030X0054
30,53,53,30,QY0030X0053
30,52,52,30,QY0030X0052
30,51,51,30,QY0030X0051
30,50,50,30,QY0030X0050
30,49,49,30,QY0030X0049
30,48,48,30,QY0030X0048
30,47,47,30,QY0030X0047
30,46,46,30,QY0030X0046
30,45,45,30,QY0030X0045
30,44,44,30,QY0030X0044
30,43,43,30,QY0030X0043
30,42,42,30,QY0030X0042
30,41,41,30,QY0030X0041
30,40,40,30,QY0030X0040
30,39,39,30,QY0030X0039
30,38,38,30,QY0030X0038
30,37,37,30,QY0030X0037
30,36,36,30,QY0030X0036
30,35,35,30,QY0030X0035
30,34,34,30,QY0030X0034
30,33,33,30,QY0030X0033
30,32,32,30,QY0030X0032
30,31,31,30,QY0030X0031
30,30,30,30,QY0030X0030
30,29,29,30,QY0030X0029
30,28,28,30,QY0030X0028
30,27,27,30,QY0030X0027
30,26,26,30,QY0030X0026
30,25,25,30,QY0030X0025
30,24,24,30,QY0030X0024
30,23,23,30,QY0030X0023
30,22,22,30,QY0030X0022
30,21,21,30,QY0030X0021
30,20,20,30,QY0030X0020
30,19,19,30,QY0030X0019
30,18,18,30,QY0030X0018
30,17,17,30,QY0030X0017
30,16,16,30,QY0030X0016
30,15,15,30,QY0030X0015
30,14,14,30,QY0030X0014
30,13,13,30,QY0030X0013
30,12,12,30,QY0030X0012
30,11,11,30,QY0030X0011
30,10,10,30,QY0030X0010
30,9,9,30,QY0030X0009
30,8,8,30,QY0030X0008
30,7,7,30,QY0030X0007
30,6,6,30,QY0030X0006
30,5,5,30,QY0030X0005
30,4,4,30,QY0030X0004
30,3,3,30,QY0030X0003
30,2,2,30,QY0030X0002
30,1,1,30,QY0030X0001
30,0,0,30,QY0030X0000
30,-1,-1,30,QY0030X-001
30,-2,-2,30,QY0030X-002
30,-3,-3,30,QY0030X-003
30,-4,-4,30,QY0030X-004
30,-5,-5,30,QY0030X-005
30,-6,-6,30,QY0030X-006
30,-7,-7,30,QY0030X-007
30,-8,-8,30,QY0030X-008
30,-9,-9,30,QY0030X-009
30,-10,-10,30,QY0030X-010
30,-11,-11,30,QY0030X-011
30,-12,-12,30,QY0030X-012
30,-13,-13,30,QY0030X-013
30,-14,-14,30,QY0030X-014
30,-15,-15,30,QY0030X-015
30,-16,-16,30,QY0030X-016
30,-17,-17,30,QY0030X-017
30,-18,-18,30,QY0030X-018
30,-19,-19,30,QY0030X-019
30,-20,-20,30,QY0030X-020
30,-21,-21,30,QY0030X-021
30,-22,-22,30,QY0030X-022
30,-23,-23,30,QY0030X-023
30,-24,-24,30,QY0030X-024
30,-25,-25,30,QY0030X-025
30,-26,-26,30,QY0030X-026
30,-27,-27,30,QY0030X-027
30,-28,-28,30,QY0030X-028
30,-29,-29,30,QY0030X-029
30,-30,-30,30,QY0030X-030
30,-31,-31,30,QY0030X-031
30,-32,-32,30,QY0030X-032
30,-33,-33,30,QY0030X-033
30,-34,-34,30,QY0030X-034
30,-35,-35,30,QY0030X-035
30,-36,-36,30,QY0030X-036
30,-37,-37,30,QY0030X-037
30,-38,-38,30,QY0030X-038
30,-39,-39,30,QY0030X-039
30,-40,-40,30,QY0030X-040
30,-41,-41,30,QY0030X-041
30,-42,-42,30,QY0030X-042
30,-43,-43,30,QY0030X-043
30,-44,-44,30,QY0030X-044
30,-45,-45,30,QY0030X-045
30,-46,-46,30,QY0030X-046
30,-47,-47,30,QY0030X-047
30,-48,-48,30,QY0030X-048
30,-49,-49,30,QY0030X-049
30,-50,-50,30,QY0030X-050
30,-51,-51,30,QY0030X-051
30,-52,-52,30,QY0030X-052
30,-53,-53,30,QY0030X-053
30,-54,-54,30,QY0030X-054
30,-55,-55,30,QY0030X-055
30,-56,-56,30,QY0030X-056
30,-57,-57,30,QY0030X-057
31,-57,-57,31,QY0031X-057
31,-56,-56,31,QY0031X-056
31,-55,-55,31,QY0031X-055
31,-54,-54,31,QY0031X-054
31,-53,-53,31,QY0031X-053
31,-52,-52,31,QY0031X-052
31,-51,-51,31,QY0031X-051
31,-50,-50,31,QY0031X-050
31,-49,-49,31,QY0031X-049
31,-48,-48,31,QY0031X-048
31,-47,-47,31,QY0031X-047
31,-46,-46,31,QY0031X-046
31,-45,-45,31,QY0031X-045
31,-44,-44,31,QY0031X-044
31,-43,-43,31,QY0031X-043
31,-42,-42,31,QY0031X-042
31,-41,-41,31,QY0031X-041
31,-40,-40,31,QY0031X-040
31,-39,-39,31,QY0031X-039
31,-38,-38,31,QY0031X-038
31,-37,-37,31,QY0031X-037
31,-36,-36,31,QY0031X-036
31,-35,-35,31,QY0031X-035
31,-34,-34,31,QY0031X-034
31,-33,-33,31,QY0031X-033
31,-32,-32,31,QY0031X-032
31,-31,-31,31,QY0031X-031
31,-30,-30,31,QY0031X-030
31,-29,-29,31,QY0031X-029
31,-28,-28,31,QY0031X-028
31,-27,-27,31,QY0031X-027
31,-26,-26,31,QY0031X-026
31,-25,-25,31,QY0031X-025
31,-24,-24,31,QY0031X-024
31,-23,-23,31,QY0031X-023
31,-22,-22,31,QY0031X-022
31,-21,-21,31,QY0031X-021
31,-20,-20,31,QY0031X-020
31,-19,-19,31,QY0031X-019
31,-18,-18,31,QY0031X-018
31,-17,-17,31,QY0031X-017
31,-16,-16,31,QY0031X-016
31,-15,-15,31,QY0031X-015
31,-14,-14,31,QY0031X-014
31,-13,-13,31,QY0031X-013
31,-12,-12,31,QY0031X-012
31,-11,-11,31,QY0031X-011
31,-10,-10,31,QY0031X-010
31,-9,-9,31,QY0031X-009
31,-8,-8,31,QY0031X-008
31,-7,-7,31,QY0031X-007
31,-6,-6,31,QY0031X-006
31,-5,-5,31,QY0031X-005
31,-4,-4,31,QY0031X-004
31,-3,-3,31,QY0031X-003
31,-2,-2,31,QY0031X-002
31,-1,-1,31,QY0031X-001
31,0,0,31,QY0031X0000
31,1,1,31,QY0031X0001
31,2,2,31,QY0031X0002
31,3,3,31,QY0031X0003
31,4,4,31,QY0031X0004
31,5,5,31,QY0031X0005
31,6,6,31,QY0031X0006
31,7,7,31,QY0031X0007
31,8,8,31,QY0031X0008
31,9,9,31,QY0031X0009
31,10,10,31,QY0031X0010
31,11,11,31,QY0031X0011
31,12,12,31,QY0031X0012
31,13,13,31,QY0031X0013
31,14,14,31,QY0031X0014
31,15,15,31,QY0031X0015
31,16,16,31,QY0031X0016
31,17,17,31,QY0031X0017
31,18,18,31,QY0031X0018
31,19,19,31,QY0031X0019
31,20,20,31,QY0031X0020
31,21,21,31,QY0031X0021
31,22,22,31,QY0031X0022
31,23,23,31,QY0031X0023
31,24,24,31,QY0031X0024
31,25,25,31,QY0031X0025
31,26,26,31,QY0031X0026
31,27,27,31,QY0031X0027
31,28,28,31,QY0031X0028
31,29,29,31,QY0031X0029
31,30,30,31,QY0031X0030
31,31,31,31,QY0031X0031
31,32,32,31,QY0031X0032
31,33,33,31,QY0031X0033
31,34,34,31,QY0031X0034
31,35,35,31,QY0031X0035
31,36,36,31,QY0031X0036
31,37,37,31,QY0031X0037
31,38,38,31,QY0031X0038
31,39,39,31,QY0031X0039
31,40,40,31,QY0031X0040
31,41,41,31,QY0031X0041
31,42,42,31,QY0031X0042
31,43,43,31,QY0031X0043
31,44,44,31,QY0031X0044
31,45,45,31,QY0031X0045
31,46,46,31,QY0031X0046
31,47,47,31,QY0031X0047
31,48,48,31,QY0031X0048
31,49,49,31,QY0031X0049
31,50,50,31,QY0031X0050
31,51,51,31,QY0031X0051
31,52,52,31,QY0031X0052
31,53,53,31,QY0031X0053
31,54,54,31,QY0031X0054
31,55,55,31,QY0031X0055
31,56,56,31,QY0031X0056
31,57,57,31,QY0031X0057
31,58,58,31,QY0031X0058
31,59,59,31,QY0031X0059
31,60,60,31,QY0031X0060
31,61,61,31,QY0031X0061
31,62,62,31,QY0031X0062
31,63,63,31,QY0031X0063
31,64,64,31,QY0031X0064
31,65,65,31,QY0031X0065
31,66,66,31,QY0031X0066
31,67,67,31,QY0031X0067
32,66,66,32,QY0032X0066
32,65,65,32,QY0032X0065
32,64,64,32,QY0032X0064
32,63,63,32,QY0032X0063
32,62,62,32,QY0032X0062
32,61,61,32,QY0032X0061
32,60,60,32,QY0032X0060
32,59,59,32,QY0032X0059
32,58,58,32,QY0032X0058
32,57,57,32,QY0032X0057
32,56,56,32,QY0032X0056
32,55,55,32,QY0032X0055
32,54,54,32,QY0032X0054
32,53,53,32,QY0032X0053
32,52,52,32,QY0032X0052
32,51,51,32,QY0032X0051
32,50,50,32,QY0032X0050
32,49,49,32,QY0032X0049
32,48,48,32,QY0032X0048
32,47,47,32,QY0032X0047
32,46,46,32,QY0032X0046
32,45,45,32,QY0032X0045
32,44,44,32,QY0032X0044
32,43,43,32,QY0032X0043
32,42,42,32,QY0032X0042
32,41,41,32,QY0032X0041
32,40,40,32,QY0032X0040
32,39,39,32,QY0032X0039
32,38,38,32,QY0032X0038
32,37,37,32,QY0032X0037
32,36,36,32,QY0032X0036
32,35,35,32,QY0032X0035
32,34,34,32,QY0032X0034
32,33,33,32,QY0032X0033
32,32,32,32,QY0032X0032
32,31,31,32,QY0032X0031
32,30,30,32,QY0032X0030
32,29,29,32,QY0032X0029
32,28,28,32,QY0032X0028
32,27,27,32,QY0032X0027
32,26,26,32,QY0032X0026
32,25,25,32,QY0032X0025
32,24,24,32,QY0032X0024
32,23,23,32,QY0032X0023
32,22,22,32,QY0032X0022
32,21,21,32,QY0032X0021
32,20,20,32,QY0032X0020
32,19,19,32,QY0032X0019
32,18,18,32,QY0032X0018
32,17,17,32,QY0032X0017
32,16,16,32,QY0032X0016
32,15,15,32,QY0032X0015
32,14,14,32,QY0032X0014
32,13,13,32,QY0032X0013
32,12,12,32,QY0032X0012
32,11,11,32,QY0032X0011
32,10,10,32,QY0032X0010
32,9,9,32,QY0032X0009
32,8,8,32,QY0032X0008
32,7,7,32,QY0032X0007
32,6,6,32,QY0032X0006
32,5,5,32,QY0032X0005
32,4,4,32,QY0032X0004
32,3,3,32,QY0032X0003
32,2,2,32,QY0032X0002
32,1,1,32,QY0032X0001
32,0,0,32,QY0032X0000
32,-1,-1,32,QY0032X-001
32,-2,-2,32,QY0032X-002
32,-3,-3,32,QY0032X-003
32,-4,-4,32,QY0032X-004
32,-5,-5,32,QY0032X-005
32,-6,-6,32,QY0032X-006
32,-7,-7,32,QY0032X-007
32,-8,-8,32,QY0032X-008
32,-9,-9,32,QY0032X-009
32,-10,-10,32,QY0032X-010
32,-11,-11,32,QY0032X-011
32,-12,-12,32,QY0032X-012
32,-13,-13,32,QY0032X-013
32,-14,-14,32,QY0032X-014
32,-15,-15,32,QY0032X-015
32,-16,-16,32,QY0032X-016
32,-17,-17,32,QY0032X-017
32,-18,-18,32,QY0032X-018
32,-19,-19,32,QY0032X-019
32,-20,-20,32,QY0032X-020
32,-21,-21,32,QY0032X-021
32,-22,-22,32,QY0032X-022
32,-23,-23,32,QY0032X-023
32,-24,-24,32,QY0032X-024
32,-25,-25,32,QY0032X-025
32,-26,-26,32,QY0032X-026
32,-27,-27,32,QY0032X-027
32,-28,-28,32,QY0032X-028
32,-29,-29,32,QY0032X-029
32,-30,-30,32,QY0032X-030
32,-31,-31,32,QY0032X-031
32,-32,-32,32,QY0032X-032
32,-33,-33,32,QY0032X-033
32,-34,-34,32,QY0032X-034
32,-35,-35,32,QY0032X-035
32,-36,-36,32,QY0032X-036
32,-37,-37,32,QY0032X-037
32,-38,-38,32,QY0032X-038
32,-39,-39,32,QY0032X-039
32,-40,-40,32,QY0032X-040
32,-41,-41,32,QY0032X-041
32,-42,-42,32,QY0032X-042
32,-43,-43,32,QY0032X-043
32,-44,-44,32,QY0032X-044
32,-45,-45,32,QY0032X-045
32,-46,-46,32,QY0032X-046
32,-47,-47,32,QY0032X-047
32,-48,-48,32,QY0032X-048
32,-49,-49,32,QY0032X-049
32,-50,-50,32,QY0032X-050
32,-51,-51,32,QY0032X-051
32,-52,-52,32,QY0032X-052
32,-53,-53,32,QY0032X-053
32,-54,-54,32,QY0032X-054
32,-55,-55,32,QY0032X-055
32,-56,-56,32,QY0032X-056
33,-56,-56,33,QY0033X-056
33,-55,-55,33,QY0033X-055
33,-54,-54,33,QY0033X-054
33,-53,-53,33,QY0033X-053
33,-52,-52,33,QY0033X-052
33,-51,-51,33,QY0033X-051
33,-50,-50,33,QY0033X-050
33,-49,-49,33,QY0033X-049
33,-48,-48,33,QY0033X-048
33,-47,-47,33,QY0033X-047
33,-46,-46,33,QY0033X-046
33,-45,-45,33,QY0033X-045
33,-44,-44,33,QY0033X-044
33,-43,-43,33,QY0033X-043
33,-42,-42,33,QY0033X-042
33,-41,-41,33,QY0033X-041
33,-40,-40,33,QY0033X-040
33,-39,-39,33,QY0033X-039
33,-38,-38,33,QY0033X-038
33,-37,-37,33,QY0033X-037
33,-36,-36,33,QY0033X-036
33,-35,-35,33,QY0033X-035
33,-34,-34,33,QY0033X-034
33,-33,-33,33,QY0033X-033
33,-32,-32,33,QY0033X-032
33,-31,-31,33,QY0033X-031
33,-30,-30,33,QY0033X-030
33,-29,-29,33,QY0033X-029
33,-28,-28,33,QY0033X-028
33,-27,-27,33,QY0033X-027
33,-26,-26,33,QY0033X-026
33,-25,-25,33,QY0033X-025
33,-24,-24,33,QY0033X-024
33,-23,-23,33,QY0033X-023
33,-22,-22,33,QY0033X-022
33,-21,-21,33,QY0033X-021
33,-20,-20,33,QY0033X-020
33,-19,-19,33,QY0033X-019
33,-18,-18,33,QY0033X-018
33,-17,-17,33,QY0033X-017
33,-16,-16,33,QY0033X-016
33,-15,-15,33,QY0033X-015
33,-14,-14,33,QY0033X-014
33,-13,-13,33,QY0033X-013
33,-12,-12,33,QY0033X-012
33,-11,-11,33,QY0033X-011
33,-10,-10,33,QY0033X-010
33,-9,-9,33,QY0033X-009
33,-8,-8,33,QY0033X-008
33,-7,-7,33,QY0033X-007
33,-6,-6,33,QY0033X-006
33,-5,-5,33,QY0033X-005
33,-4,-4,33,QY0033X-004
33,-3,-3,33,QY0033X-003
33,-2,-2,33,QY0033X-002
33,-1,-1,33,QY0033X-001
33,0,0,33,QY0033X0000
33,1,1,33,QY0033X0001
33,2,2,33,QY0033X0002
33,3,3,33,QY0033X0003
33,4,4,33,QY0033X0004
33,5,5,33,QY0033X0005
33,6,6,33,QY0033X0006
33,7,7,33,QY0033X0007
33,8,8,33,QY0033X0008
33,9,9,33,QY0033X0009
33,10,10,33,QY0033X0010
33,11,11,33,QY0033X0011
33,12,12,33,QY0033X0012
33,13,13,33,QY0033X0013
33,14,14,33,QY0033X0014
33,15,15,33,QY0033X0015
33,16,16,33,QY0033X0016
33,17,17,33,QY0033X0017
33,18,18,33,QY0033X0018
33,19,19,33,QY0033X0019
33,20,20,33,QY0033X0020
33,21,21,33,QY0033X0021
33,22,22,33,QY0033X0022
33,23,23,33,QY0033X0023
33,24,24,33,QY0033X0024
33,25,25,33,QY0033X0025
33,26,26,33,QY0033X0026
33,27,27,33,QY0033X0027
33,28,28,33,QY0033X0028
33,29,29,33,QY0033X0029
33,30,30,33,QY0033X0030
33,31,31,33,QY0033X0031
33,32,32,33,QY0033X0032
33,33,33,33,QY0033X0033
33,34,34,33,QY0033X0034
33,35,35,33,QY0033X0035
33,36,36,33,QY0033X0036
33,37,37,33,QY0033X0037
33,38,38,33,QY0033X0038
33,39,39,33,QY0033X0039
33,40,40,33,QY0033X0040
33,41,41,33,QY0033X0041
33,42,42,33,QY0033X0042
33,43,43,33,QY0033X0043
33,44,44,33,QY0033X0044
33,45,45,33,QY0033X0045
33,46,46,33,QY0033X0046
33,47,47,33,QY0033X0047
33,48,48,33,QY0033X0048
33,49,49,33,QY0033X0049
33,50,50,33,QY0033X0050
33,51,51,33,QY0033X0051
33,52,52,33,QY0033X0052
33,53,53,33,QY0033X0053
33,54,54,33,QY0033X0054
33,55,55,33,QY0033X0055
33,56,56,33,QY0033X0056
33,57,57,33,QY0033X0057
33,58,58,33,QY0033X0058
33,59,59,33,QY0033X0059
33,60,60,33,QY0033X0060
33,61,61,33,QY0033X0061
33,62,62,33,QY0033X0062
33,63,63,33,QY0033X0063
33,64,64,33,QY0033X0064
33,65,65,33,QY0033X0065
33,66,66,33,QY0033X0066
34,65,65,34,QY0034X0065
34,64,64,34,QY0034X0064
34,63,63,34,QY0034X0063
34,62,62,34,QY0034X0062
34,61,61,34,QY0034X0061
34,60,60,34,QY0034X0060
34,59,59,34,QY0034X0059
34,58,58,34,QY0034X0058
34,57,57,34,QY0034X0057
34,56,56,34,QY0034X0056
34,55,55,34,QY0034X0055
34,54,54,34,QY0034X0054
34,53,53,34,QY0034X0053
34,52,52,34,QY0034X0052
34,51,51,34,QY0034X0051
34,50,50,34,QY0034X0050
34,49,49,34,QY0034X0049
34,48,48,34,QY0034X0048
34,47,47,34,QY0034X0047
34,46,46,34,QY0034X0046
34,45,45,34,QY0034X0045
34,44,44,34,QY0034X0044
34,43,43,34,QY0034X0043
34,42,42,34,QY0034X0042
34,41,41,34,QY0034X0041
34,40,40,34,QY0034X0040
34,39,39,34,QY0034X0039
34,38,38,34,QY0034X0038
34,37,37,34,QY0034X0037
34,36,36,34,QY0034X0036
34,35,35,34,QY0034X0035
34,34,34,34,QY0034X0034
34,33,33,34,QY0034X0033
34,32,32,34,QY0034X0032
34,31,31,34,QY0034X0031
34,30,30,34,QY0034X0030
34,29,29,34,QY0034X0029
34,28,28,34,QY0034X0028
34,27,27,34,QY0034X0027
34,26,26,34,QY0034X0026
34,25,25,34,QY0034X0025
34,24,24,34,QY0034X0024
34,23,23,34,QY0034X0023
34,22,22,34,QY0034X0022
34,21,21,34,QY0034X0021
34,20,20,34,QY0034X0020
34,19,19,34,QY0034X0019
34,18,18,34,QY0034X0018
34,17,17,34,QY0034X0017
34,16,16,34,QY0034X0016
34,15,15,34,QY0034X0015
34,14,14,34,QY0034X0014
34,13,13,34,QY0034X0013
34,12,12,34,QY0034X0012
34,11,11,34,QY0034X0011
34,10,10,34,QY0034X0010
34,9,9,34,QY0034X0009
34,8,8,34,QY0034X0008
34,7,7,34,QY0034X0007
34,6,6,34,QY0034X0006
34,5,5,34,QY0034X0005
34,4,4,34,QY0034X0004
34,3,3,34,QY0034X0003
34,2,2,34,QY0034X0002
34,1,1,34,QY0034X0001
34,0,0,34,QY0034X0000
34,-1,-1,34,QY0034X-001
34,-2,-2,34,QY0034X-002
34,-3,-3,34,QY0034X-003
34,-4,-4,34,QY0034X-004
34,-5,-5,34,QY0034X-005
34,-6,-6,34,QY0034X-006
34,-7,-7,34,QY0034X-007
34,-8,-8,34,QY0034X-008
34,-9,-9,34,QY0034X-009
34,-10,-10,34,QY0034X-010
34,-11,-11,34,QY0034X-011
34,-12,-12,34,QY0034X-012
34,-13,-13,34,QY0034X-013
34,-14,-14,34,QY0034X-014
34,-15,-15,34,QY0034X-015
34,-16,-16,34,QY0034X-016
34,-17,-17,34,QY0034X-017
34,-18,-18,34,QY0034X-018
34,-19,-19,34,QY0034X-019
34,-20,-20,34,QY0034X-020
34,-21,-21,34,QY0034X-021
34,-22,-22,34,QY0034X-022
34,-23,-23,34,QY0034X-023
34,-24,-24,34,QY0034X-024
34,-25,-25,34,QY0034X-025
34,-26,-26,34,QY0034X-026
34,-27,-27,34,QY0034X-027
34,-28,-28,34,QY0034X-028
34,-29,-29,34,QY0034X-029
34,-30,-30,34,QY0034X-030
34,-31,-31,34,QY0034X-031
34,-32,-32,34,QY0034X-032
34,-33,-33,34,QY0034X-033
34,-34,-34,34,QY0034X-034
34,-35,-35,34,QY0034X-035
34,-36,-36,34,QY0034X-036
34,-37,-37,34,QY0034X-037
34,-38,-38,34,QY0034X-038
34,-39,-39,34,QY0034X-039
34,-40,-40,34,QY0034X-040
34,-41,-41,34,QY0034X-041
34,-42,-42,34,QY0034X-042
34,-43,-43,34,QY0034X-043
34,-44,-44,34,QY0034X-044
34,-45,-45,34,QY0034X-045
34,-46,-46,34,QY0034X-046
34,-47,-47,34,QY0034X-047
34,-48,-48,34,QY0034X-048
34,-49,-49,34,QY0034X-049
34,-50,-50,34,QY0034X-050
34,-51,-51,34,QY0034X-051
34,-52,-52,34,QY0034X-052
34,-53,-53,34,QY0034X-053
34,-54,-54,34,QY0034X-054
34,-55,-55,34,QY0034X-055
35,-55,-55,35,QY0035X-055
35,-54,-54,35,QY0035X-054
35,-53,-53,35,QY0035X-053
35,-52,-52,35,QY0035X-052
35,-51,-51,35,QY0035X-051
35,-50,-50,35,QY0035X-050
35,-49,-49,35,QY0035X-049
35,-48,-48,35,QY0035X-048
35,-47,-47,35,QY0035X-047
35,-46,-46,35,QY0035X-046
35,-45,-45,35,QY0035X-045
35,-44,-44,35,QY0035X-044
35,-43,-43,35,QY0035X-043
35,-42,-42,35,QY0035X-042
35,-41,-41,35,QY0035X-041
35,-40,-40,35,QY0035X-040
35,-39,-39,35,QY0035X-039
35,-38,-38,35,QY0035X-038
35,-37,-37,35,QY0035X-037
35,-36,-36,35,QY0035X-036
35,-35,-35,35,QY0035X-035
35,-34,-34,35,QY0035X-034
35,-33,-33,35,QY0035X-033
35,-32,-32,35,QY0035X-032
35,-31,-31,35,QY0035X-031
35,-30,-30,35,QY0035X-030
35,-29,-29,35,QY0035X-029
35,-28,-28,35,QY0035X-028
35,-27,-27,35,QY0035X-027
35,-26,-26,35,QY0035X-026
35,-25,-25,35,QY0035X-025
35,-24,-24,35,QY0035X-024
35,-23,-23,35,QY0035X-023
35,-22,-22,35,QY0035X-022
35,-21,-21,35,QY0035X-021
35,-20,-20,35,QY0035X-020
35,-19,-19,35,QY0035X-019
35,-18,-18,35,QY0035X-018
35,-17,-17,35,QY0035X-017
35,-16,-16,35,QY0035X-016
35,-15,-15,35,QY0035X-015
35,-14,-14,35,QY0035X-014
35,-13,-13,35,QY0035X-013
35,-12,-12,35,QY0035X-012
35,-11,-11,35,QY0035X-011
35,-10,-10,35,QY0035X-010
35,-9,-9,35,QY0035X-009
35,-8,-8,35,QY0035X-008
35,-7,-7,35,QY0035X-007
35,-6,-6,35,QY0035X-006
35,-5,-5,35,QY0035X-005
35,-4,-4,35,QY0035X-004
35,-3,-3,35,QY0035X-003
35,-2,-2,35,QY0035X-002
35,-1,-1,35,QY0035X-001
35,0,0,35,QY0035X0000
35,1,1,35,QY0035X0001
35,2,2,35,QY0035X0002
35,3,3,35,QY0035X0003
35,4,4,35,QY0035X0004
35,5,5,35,QY0035X0005
35,6,6,35,QY0035X0006
35,7,7,35,QY0035X0007
35,8,8,35,QY0035X0008
35,9,9,35,QY0035X0009
35,10,10,35,QY0035X0010
35,11,11,35,QY0035X0011
35,12,12,35,QY0035X0012
35,13,13,35,QY0035X0013
35,14,14,35,QY0035X0014
35,15,15,35,QY0035X0015
35,16,16,35,QY0035X0016
35,17,17,35,QY0035X0017
35,18,18,35,QY0035X0018
35,19,19,35,QY0035X0019
35,20,20,35,QY0035X0020
35,21,21,35,QY0035X0021
35,22,22,35,QY0035X0022
35,23,23,35,QY0035X0023
35,24,24,35,QY0035X0024
35,25,25,35,QY0035X0025
35,26,26,35,QY0035X0026
35,27,27,35,QY0035X0027
35,28,28,35,QY0035X0028
35,29,29,35,QY0035X0029
35,30,30,35,QY0035X0030
35,31,31,35,QY0035X0031
35,32,32,35,QY0035X0032
35,33,33,35,QY0035X0033
35,34,34,35,QY0035X0034
35,35,35,35,QY0035X0035
35,36,36,35,QY0035X0036
35,37,37,35,QY0035X0037
35,38,38,35,QY0035X0038
35,39,39,35,QY0035X0039
35,40,40,35,QY0035X0040
35,41,41,35,QY0035X0041
35,42,42,35,QY0035X0042
35,43,43,35,QY0035X0043
35,44,44,35,QY0035X0044
35,45,45,35,QY0035X0045
35,46,46,35,QY0035X0046
35,47,47,35,QY0035X0047
35,48,48,35,QY0035X0048
35,49,49,35,QY0035X0049
35,50,50,35,QY0035X0050
35,51,51,35,QY0035X0051
35,52,52,35,QY0035X0052
35,53,53,35,QY0035X0053
35,54,54,35,QY0035X0054
35,55,55,35,QY0035X0055
35,56,56,35,QY0035X0056
35,57,57,35,QY0035X0057
35,58,58,35,QY0035X0058
35,59,59,35,QY0035X0059
35,60,60,35,QY0035X0060
35,61,61,35,QY0035X0061
35,62,62,35,QY0035X0062
35,63,63,35,QY0035X0063
35,64,64,35,QY0035X0064
35,65,65,35,QY0035X0065
36,64,64,36,QY0036X0064
36,63,63,36,QY0036X0063
36,62,62,36,QY0036X0062
36,61,61,36,QY0036X0061
36,60,60,36,QY0036X0060
36,59,59,36,QY0036X0059
36,58,58,36,QY0036X0058
36,57,57,36,QY0036X0057
36,56,56,36,QY0036X0056
36,55,55,36,QY0036X0055
36,54,54,36,QY0036X0054
36,53,53,36,QY0036X0053
36,52,52,36,QY0036X0052
36,51,51,36,QY0036X0051
36,50,50,36,QY0036X0050
36,49,49,36,QY0036X0049
36,48,48,36,QY0036X0048
36,47,47,36,QY0036X0047
36,46,46,36,QY0036X0046
36,45,45,36,QY0036X0045
36,44,44,36,QY0036X0044
36,43,43,36,QY0036X0043
36,42,42,36,QY0036X0042
36,41,41,36,QY0036X0041
36,40,40,36,QY0036X0040
36,39,39,36,QY0036X0039
36,38,38,36,QY0036X0038
36,37,37,36,QY0036X0037
36,36,36,36,QY0036X0036
36,35,35,36,QY0036X0035
36,34,34,36,QY0036X0034
36,33,33,36,QY0036X0033
36,32,32,36,QY0036X0032
36,31,31,36,QY0036X0031
36,30,30,36,QY0036X0030
36,29,29,36,QY0036X0029
36,28,28,36,QY0036X0028
36,27,27,36,QY0036X0027
36,26,26,36,QY0036X0026
36,25,25,36,QY0036X0025
36,24,24,36,QY0036X0024
36,23,23,36,QY0036X0023
36,22,22,36,QY0036X0022
36,21,21,36,QY0036X0021
36,20,20,36,QY0036X0020
36,19,19,36,QY0036X0019
36,18,18,36,QY0036X0018
36,17,17,36,QY0036X0017
36,16,16,36,QY0036X0016
36,15,15,36,QY0036X0015
36,14,14,36,QY0036X0014
36,13,13,36,QY0036X0013
36,12,12,36,QY0036X0012
36,11,11,36,QY0036X0011
36,10,10,36,QY0036X0010
36,9,9,36,QY0036X0009
36,8,8,36,QY0036X0008
36,7,7,36,QY0036X0007
36,6,6,36,QY0036X0006
36,5,5,36,QY0036X0005
36,4,4,36,QY0036X0004
36,3,3,36,QY0036X0003
36,2,2,36,QY0036X0002
36,1,1,36,QY0036X0001
36,0,0,36,QY0036X0000
36,-1,-1,36,QY0036X-001
36,-2,-2,36,QY0036X-002
36,-3,-3,36,QY0036X-003
36,-4,-4,36,QY0036X-004
36,-5,-5,36,QY0036X-005
36,-6,-6,36,QY0036X-006
36,-7,-7,36,QY0036X-007
36,-8,-8,36,QY0036X-008
36,-9,-9,36,QY0036X-009
36,-10,-10,36,QY0036X-010
36,-11,-11,36,QY0036X-011
36,-12,-12,36,QY0036X-012
36,-13,-13,36,QY0036X-013
36,-14,-14,36,QY0036X-014
36,-15,-15,36,QY0036X-015
36,-16,-16,36,QY0036X-016
36,-17,-17,36,QY0036X-017
36,-18,-18,36,QY0036X-018
36,-19,-19,36,QY0036X-019
36,-20,-20,36,QY0036X-020
36,-21,-21,36,QY0036X-021
36,-22,-22,36,QY0036X-022
36,-23,-23,36,QY0036X-023
36,-24,-24,36,QY0036X-024
36,-25,-25,36,QY0036X-025
36,-26,-26,36,QY0036X-026
36,-27,-27,36,QY0036X-027
36,-28,-28,36,QY0036X-028
36,-29,-29,36,QY0036X-029
36,-30,-30,36,QY0036X-030
36,-31,-31,36,QY0036X-031
36,-32,-32,36,QY0036X-032
36,-33,-33,36,QY0036X-033
36,-34,-34,36,QY0036X-034
36,-35,-35,36,QY0036X-035
36,-36,-36,36,QY0036X-036
36,-37,-37,36,QY0036X-037
36,-38,-38,36,QY0036X-038
36,-39,-39,36,QY0036X-039
36,-40,-40,36,QY0036X-040
36,-41,-41,36,QY0036X-041
36,-42,-42,36,QY0036X-042
36,-43,-43,36,QY0036X-043
36,-44,-44,36,QY0036X-044
36,-45,-45,36,QY0036X-045
36,-46,-46,36,QY0036X-046
36,-47,-47,36,QY0036X-047
36,-48,-48,36,QY0036X-048
36,-49,-49,36,QY0036X-049
36,-50,-50,36,QY0036X-050
36,-51,-51,36,QY0036X-051
36,-52,-52,36,QY0036X-052
36,-53,-53,36,QY0036X-053
36,-54,-54,36,QY0036X-054
37,-54,-54,37,QY0037X-054
37,-53,-53,37,QY0037X-053
37,-52,-52,37,QY0037X-052
37,-51,-51,37,QY0037X-051
37,-50,-50,37,QY0037X-050
37,-49,-49,37,QY0037X-049
37,-48,-48,37,QY0037X-048
37,-47,-47,37,QY0037X-047
37,-46,-46,37,QY0037X-046
37,-45,-45,37,QY0037X-045
37,-44,-44,37,QY0037X-044
37,-43,-43,37,QY0037X-043
37,-42,-42,37,QY0037X-042
37,-41,-41,37,QY0037X-041
37,-40,-40,37,QY0037X-040
37,-39,-39,37,QY0037X-039
37,-38,-38,37,QY0037X-038
37,-37,-37,37,QY0037X-037
37,-36,-36,37,QY0037X-036
37,-35,-35,37,QY0037X-035
37,-34,-34,37,QY0037X-034
37,-33,-33,37,QY0037X-033
37,-32,-32,37,QY0037X-032
37,-31,-31,37,QY0037X-031
37,-30,-30,37,QY0037X-030
37,-29,-29,37,QY0037X-029
37,-28,-28,37,QY0037X-028
37,-27,-27,37,QY0037X-027
37,-26,-26,37,QY0037X-026
37,-25,-25,37,QY0037X-025
37,-24,-24,37,QY0037X-024
37,-23,-23,37,QY0037X-023
37,-22,-22,37,QY0037X-022
37,-21,-21,37,QY0037X-021
37,-20,-20,37,QY0037X-020
37,-19,-19,37,QY0037X-019
37,-18,-18,37,QY0037X-018
37,-17,-17,37,QY0037X-017
37,-16,-16,37,QY0037X-016
37,-15,-15,37,QY0037X-015
37,-14,-14,37,QY0037X-014
37,-13,-13,37,QY0037X-013
37,-12,-12,37,QY0037X-012
37,-11,-11,37,QY0037X-011
37,-10,-10,37,QY0037X-010
37,-9,-9,37,QY0037X-009
37,-8,-8,37,QY0037X-008
37,-7,-7,37,QY0037X-007
37,-6,-6,37,QY0037X-006
37,-5,-5,37,QY0037X-005
37,-4,-4,37,QY0037X-004
37,-3,-3,37,QY0037X-003
37,-2,-2,37,QY0037X-002
37,-1,-1,37,QY0037X-001
37,0,0,37,QY0037X0000
37,1,1,37,QY0037X0001
37,2,2,37,QY0037X0002
37,3,3,37,QY0037X0003
37,4,4,37,QY0037X0004
37,5,5,37,QY0037X0005
37,6,6,37,QY0037X0006
37,7,7,37,QY0037X0007
37,8,8,37,QY0037X0008
37,9,9,37,QY0037X0009
37,10,10,37,QY0037X0010
37,11,11,37,QY0037X0011
37,12,12,37,QY0037X0012
37,13,13,37,QY0037X0013
37,14,14,37,QY0037X0014
37,15,15,37,QY0037X0015
37,16,16,37,QY0037X0016
37,17,17,37,QY0037X0017
37,18,18,37,QY0037X0018
37,19,19,37,QY0037X0019
37,20,20,37,QY0037X0020
37,21,21,37,QY0037X0021
37,22,22,37,QY0037X0022
37,23,23,37,QY0037X0023
37,24,24,37,QY0037X0024
37,25,25,37,QY0037X0025
37,26,26,37,QY0037X0026
37,27,27,37,QY0037X0027
37,28,28,37,QY0037X0028
37,29,29,37,QY0037X0029
37,30,30,37,QY0037X0030
37,31,31,37,QY0037X0031
37,32,32,37,QY0037X0032
37,33,33,37,QY0037X0033
37,34,34,37,QY0037X0034
37,35,35,37,QY0037X0035
37,36,36,37,QY0037X0036
37,37,37,37,QY0037X0037
37,38,38,37,QY0037X0038
37,39,39,37,QY0037X0039
37,40,40,37,QY0037X0040
37,41,41,37,QY0037X0041
37,42,42,37,QY0037X0042
37,43,43,37,QY0037X0043
37,44,44,37,QY0037X0044
37,45,45,37,QY0037X0045
37,46,46,37,QY0037X0046
37,47,47,37,QY0037X0047
37,48,48,37,QY0037X0048
37,49,49,37,QY0037X0049
37,50,50,37,QY0037X0050
37,51,51,37,QY0037X0051
37,52,52,37,QY0037X0052
37,53,53,37,QY0037X0053
37,54,54,37,QY0037X0054
37,55,55,37,QY0037X0055
37,56,56,37,QY0037X0056
37,57,57,37,QY0037X0057
37,58,58,37,QY0037X0058
37,59,59,37,QY0037X0059
37,60,60,37,QY0037X0060
37,61,61,37,QY0037X0061
37,62,62,37,QY0037X0062
37,63,63,37,QY0037X0063
37,64,64,37,QY0037X0064
38,63,63,38,QY0038X0063
38,62,62,38,QY0038X0062
38,61,61,38,QY0038X0061
38,60,60,38,QY0038X0060
38,59,59,38,QY0038X0059
38,58,58,38,QY0038X0058
38,57,57,38,QY0038X0057
38,56,56,38,QY0038X0056
38,55,55,38,QY0038X0055
38,54,54,38,QY0038X0054
38,53,53,38,QY0038X0053
38,52,52,38,QY0038X0052
38,51,51,38,QY0038X0051
38,50,50,38,QY0038X0050
38,49,49,38,QY0038X0049
38,48,48,38,QY0038X0048
38,47,47,38,QY0038X0047
38,46,46,38,QY0038X0046
38,45,45,38,QY0038X0045
38,44,44,38,QY0038X0044
38,43,43,38,QY0038X0043
38,42,42,38,QY0038X0042
38,41,41,38,QY0038X0041
38,40,40,38,QY0038X0040
38,39,39,38,QY0038X0039
38,38,38,38,QY0038X0038
38,37,37,38,QY0038X0037
38,36,36,38,QY0038X0036
38,35,35,38,QY0038X0035
38,34,34,38,QY0038X0034
38,33,33,38,QY0038X0033
38,32,32,38,QY0038X0032
38,31,31,38,QY0038X0031
38,30,30,38,QY0038X0030
38,29,29,38,QY0038X0029
38,28,28,38,QY0038X0028
38,27,27,38,QY0038X0027
38,26,26,38,QY0038X0026
38,25,25,38,QY0038X0025
38,24,24,38,QY0038X0024
38,23,23,38,QY0038X0023
38,22,22,38,QY0038X0022
38,21,21,38,QY0038X0021
38,20,20,38,QY0038X0020
38,19,19,38,QY0038X0019
38,18,18,38,QY0038X0018
38,17,17,38,QY0038X0017
38,16,16,38,QY0038X0016
38,15,15,38,QY0038X0015
38,14,14,38,QY0038X0014
38,13,13,38,QY0038X0013
38,12,12,38,QY0038X0012
38,11,11,38,QY0038X0011
38,10,10,38,QY0038X0010
38,9,9,38,QY0038X0009
38,8,8,38,QY0038X0008
38,7,7,38,QY0038X0007
38,6,6,38,QY0038X0006
38,5,5,38,QY0038X0005
38,4,4,38,QY0038X0004
38,3,3,38,QY0038X0003
38,2,2,38,QY0038X0002
38,1,1,38,QY0038X0001
38,0,0,38,QY0038X0000
38,-1,-1,38,QY0038X-001
38,-2,-2,38,QY0038X-002
38,-3,-3,38,QY0038X-003
38,-4,-4,38,QY0038X-004
38,-5,-5,38,QY0038X-005
38,-6,-6,38,QY0038X-006
38,-7,-7,38,QY0038X-007
38,-8,-8,38,QY0038X-008
38,-9,-9,38,QY0038X-009
38,-10,-10,38,QY0038X-010
38,-11,-11,38,QY0038X-011
38,-12,-12,38,QY0038X-012
38,-13,-13,38,QY0038X-013
38,-14,-14,38,QY0038X-014
38,-15,-15,38,QY0038X-015
38,-16,-16,38,QY0038X-016
38,-17,-17,38,QY0038X-017
38,-18,-18,38,QY0038X-018
38,-19,-19,38,QY0038X-019
38,-20,-20,38,QY0038X-020
38,-21,-21,38,QY0038X-021
38,-22,-22,38,QY0038X-022
38,-23,-23,38,QY0038X-023
38,-24,-24,38,QY0038X-024
38,-25,-25,38,QY0038X-025
38,-26,-26,38,QY0038X-026
38,-27,-27,38,QY0038X-027
38,-28,-28,38,QY0038X-028
38,-29,-29,38,QY0038X-029
38,-30,-30,38,QY0038X-030
38,-31,-31,38,QY0038X-031
38,-32,-32,38,QY0038X-032
38,-33,-33,38,QY0038X-033
38,-34,-34,38,QY0038X-034
38,-35,-35,38,QY0038X-035
38,-36,-36,38,QY0038X-036
38,-37,-37,38,QY0038X-037
38,-38,-38,38,QY0038X-038
38,-39,-39,38,QY0038X-039
38,-40,-40,38,QY0038X-040
38,-41,-41,38,QY0038X-041
38,-42,-42,38,QY0038X-042
38,-43,-43,38,QY0038X-043
38,-44,-44,38,QY0038X-044
38,-45,-45,38,QY0038X-045
38,-46,-46,38,QY0038X-046
38,-47,-47,38,QY0038X-047
38,-48,-48,38,QY0038X-048
38,-49,-49,38,QY0038X-049
38,-50,-50,38,QY0038X-050
38,-51,-51,38,QY0038X-051
38,-52,-52,38,QY0038X-052
38,-53,-53,38,QY0038X-053
39,-52,-52,39,QY0039X-052
39,-51,-51,39,QY0039X-051
39,-50,-50,39,QY0039X-050
39,-49,-49,39,QY0039X-049
39,-48,-48,39,QY0039X-048
39,-47,-47,39,QY0039X-047
39,-46,-46,39,QY0039X-046
39,-45,-45,39,QY0039X-045
39,-44,-44,39,QY0039X-044
39,-43,-43,39,QY0039X-043
39,-42,-42,39,QY0039X-042
39,-41,-41,39,QY0039X-041
39,-40,-40,39,QY0039X-040
39,-39,-39,39,QY0039X-039
39,-38,-38,39,QY0039X-038
39,-37,-37,39,QY0039X-037
39,-36,-36,39,QY0039X-036
39,-35,-35,39,QY0039X-035
39,-34,-34,39,QY0039X-034
39,-33,-33,39,QY0039X-033
39,-32,-32,39,QY0039X-032
39,-31,-31,39,QY0039X-031
39,-30,-30,39,QY0039X-030
39,-29,-29,39,QY0039X-029
39,-28,-28,39,QY0039X-028
39,-27,-27,39,QY0039X-027
39,-26,-26,39,QY0039X-026
39,-25,-25,39,QY0039X-025
39,-24,-24,39,QY0039X-024
39,-23,-23,39,QY0039X-023
39,-22,-22,39,QY0039X-022
39,-21,-21,39,QY0039X-021
39,-20,-20,39,QY0039X-020
39,-19,-19,39,QY0039X-019
39,-18,-18,39,QY0039X-018
39,-17,-17,39,QY0039X-017
39,-16,-16,39,QY0039X-016
39,-15,-15,39,QY0039X-015
39,-14,-14,39,QY0039X-014
39,-13,-13,39,QY0039X-013
39,-12,-12,39,QY0039X-012
39,-11,-11,39,QY0039X-011
39,-10,-10,39,QY0039X-010
39,-9,-9,39,QY0039X-009
39,-8,-8,39,QY0039X-008
39,-7,-7,39,QY0039X-007
39,-6,-6,39,QY0039X-006
39,-5,-5,39,QY0039X-005
39,-4,-4,39,QY0039X-004
39,-3,-3,39,QY0039X-003
39,-2,-2,39,QY0039X-002
39,-1,-1,39,QY0039X-001
39,0,0,39,QY0039X0000
39,1,1,39,QY0039X0001
39,2,2,39,QY0039X0002
39,3,3,39,QY0039X0003
39,4,4,39,QY0039X0004
39,5,5,39,QY0039X0005
39,6,6,39,QY0039X0006
39,7,7,39,QY0039X0007
39,8,8,39,QY0039X0008
39,9,9,39,QY0039X0009
39,10,10,39,QY0039X0010
39,11,11,39,QY0039X0011
39,12,12,39,QY0039X0012
39,13,13,39,QY0039X0013
39,14,14,39,QY0039X0014
39,15,15,39,QY0039X0015
39,16,16,39,QY0039X0016
39,17,17,39,QY0039X0017
39,18,18,39,QY0039X0018
39,19,19,39,QY0039X0019
39,20,20,39,QY0039X0020
39,21,21,39,QY0039X0021
39,22,22,39,QY0039X0022
39,23,23,39,QY0039X0023
39,24,24,39,QY0039X0024
39,25,25,39,QY0039X0025
39,26,26,39,QY0039X0026
39,27,27,39,QY0039X0027
39,28,28,39,QY0039X0028
39,29,29,39,QY0039X0029
39,30,30,39,QY0039X0030
39,31,31,39,QY0039X0031
39,32,32,39,QY0039X0032
39,33,33,39,QY0039X0033
39,34,34,39,QY0039X0034
39,35,35,39,QY0039X0035
39,36,36,39,QY0039X0036
39,37,37,39,QY0039X0037
39,38,38,39,QY0039X0038
39,39,39,39,QY0039X0039
39,40,40,39,QY0039X0040
39,41,41,39,QY0039X0041
39,42,42,39,QY0039X0042
39,43,43,39,QY0039X0043
39,44,44,39,QY0039X0044
39,45,45,39,QY0039X0045
39,46,46,39,QY0039X0046
39,47,47,39,QY0039X0047
39,48,48,39,QY0039X0048
39,49,49,39,QY0039X0049
39,50,50,39,QY0039X0050
39,51,51,39,QY0039X0051
39,52,52,39,QY0039X0052
39,53,53,39,QY0039X0053
39,54,54,39,QY0039X0054
39,55,55,39,QY0039X0055
39,56,56,39,QY0039X0056
39,57,57,39,QY0039X0057
39,58,58,39,QY0039X0058
39,59,59,39,QY0039X0059
39,60,60,39,QY0039X0060
39,61,61,39,QY0039X0061
39,62,62,39,QY0039X0062
40,62,62,40,QY0040X0062
40,61,61,40,QY0040X0061
40,60,60,40,QY0040X0060
40,59,59,40,QY0040X0059
40,58,58,40,QY0040X0058
40,57,57,40,QY0040X0057
40,56,56,40,QY0040X0056
40,55,55,40,QY0040X0055
40,54,54,40,QY0040X0054
40,53,53,40,QY0040X0053
40,52,52,40,QY0040X0052
40,51,51,40,QY0040X0051
40,50,50,40,QY0040X0050
40,49,49,40,QY0040X0049
40,48,48,40,QY0040X0048
40,47,47,40,QY0040X0047
40,46,46,40,QY0040X0046
40,45,45,40,QY0040X0045
40,44,44,40,QY0040X0044
40,43,43,40,QY0040X0043
40,42,42,40,QY0040X0042
40,41,41,40,QY0040X0041
40,40,40,40,QY0040X0040
40,39,39,40,QY0040X0039
40,38,38,40,QY0040X0038
40,37,37,40,QY0040X0037
40,36,36,40,QY0040X0036
40,35,35,40,QY0040X0035
40,34,34,40,QY0040X0034
40,33,33,40,QY0040X0033
40,32,32,40,QY0040X0032
40,31,31,40,QY0040X0031
40,30,30,40,QY0040X0030
40,29,29,40,QY0040X0029
40,28,28,40,QY0040X0028
40,27,27,40,QY0040X0027
40,26,26,40,QY0040X0026
40,25,25,40,QY0040X0025
40,24,24,40,QY0040X0024
40,23,23,40,QY0040X0023
40,22,22,40,QY0040X0022
40,21,21,40,QY0040X0021
40,20,20,40,QY0040X0020
40,19,19,40,QY0040X0019
40,18,18,40,QY0040X0018
40,17,17,40,QY0040X0017
40,16,16,40,QY0040X0016
40,15,15,40,QY0040X0015
40,14,14,40,QY0040X0014
40,13,13,40,QY0040X0013
40,12,12,40,QY0040X0012
40,11,11,40,QY0040X0011
40,10,10,40,QY0040X0010
40,9,9,40,QY0040X0009
40,8,8,40,QY0040X0008
40,7,7,40,QY0040X0007
40,6,6,40,QY0040X0006
40,5,5,40,QY0040X0005
40,4,4,40,QY0040X0004
40,3,3,40,QY0040X0003
40,2,2,40,QY0040X0002
40,1,1,40,QY0040X0001
40,0,0,40,QY0040X0000
40,-1,-1,40,QY0040X-001
40,-2,-2,40,QY0040X-002
40,-3,-3,40,QY0040X-003
40,-4,-4,40,QY0040X-004
40,-5,-5,40,QY0040X-005
40,-6,-6,40,QY0040X-006
40,-7,-7,40,QY0040X-007
40,-8,-8,40,QY0040X-008
40,-9,-9,40,QY0040X-009
40,-10,-10,40,QY0040X-010
40,-11,-11,40,QY0040X-011
40,-12,-12,40,QY0040X-012
40,-13,-13,40,QY0040X-013
40,-14,-14,40,QY0040X-014
40,-15,-15,40,QY0040X-015
40,-16,-16,40,QY0040X-016
40,-17,-17,40,QY0040X-017
40,-18,-18,40,QY0040X-018
40,-19,-19,40,QY0040X-019
40,-20,-20,40,QY0040X-020
40,-21,-21,40,QY0040X-021
40,-22,-22,40,QY0040X-022
40,-23,-23,40,QY0040X-023
40,-24,-24,40,QY0040X-024
40,-25,-25,40,QY0040X-025
40,-26,-26,40,QY0040X-026
40,-27,-27,40,QY0040X-027
40,-28,-28,40,QY0040X-028
40,-29,-29,40,QY0040X-029
40,-30,-30,40,QY0040X-030
40,-31,-31,40,QY0040X-031
40,-32,-32,40,QY0040X-032
40,-33,-33,40,QY0040X-033
40,-34,-34,40,QY0040X-034
40,-35,-35,40,QY0040X-035
40,-36,-36,40,QY0040X-036
40,-37,-37,40,QY0040X-037
40,-38,-38,40,QY0040X-038
40,-39,-39,40,QY0040X-039
40,-40,-40,40,QY0040X-040
40,-41,-41,40,QY0040X-041
40,-42,-42,40,QY0040X-042
40,-43,-43,40,QY0040X-043
40,-44,-44,40,QY0040X-044
40,-45,-45,40,QY0040X-045
40,-46,-46,40,QY0040X-046
40,-47,-47,40,QY0040X-047
40,-48,-48,40,QY0040X-048
40,-49,-49,40,QY0040X-049
40,-50,-50,40,QY0040X-050
40,-51,-51,40,QY0040X-051
40,-52,-52,40,QY0040X-052
41,-51,-51,41,QY0041X-051
41,-50,-50,41,QY0041X-050
41,-49,-49,41,QY0041X-049
41,-48,-48,41,QY0041X-048
41,-47,-47,41,QY0041X-047
41,-46,-46,41,QY0041X-046
41,-45,-45,41,QY0041X-045
41,-44,-44,41,QY0041X-044
41,-43,-43,41,QY0041X-043
41,-42,-42,41,QY0041X-042
41,-41,-41,41,QY0041X-041
41,-40,-40,41,QY0041X-040
41,-39,-39,41,QY0041X-039
41,-38,-38,41,QY0041X-038
41,-37,-37,41,QY0041X-037
41,-36,-36,41,QY0041X-036
41,-35,-35,41,QY0041X-035
41,-34,-34,41,QY0041X-034
41,-33,-33,41,QY0041X-033
41,-32,-32,41,QY0041X-032
41,-31,-31,41,QY0041X-031
41,-30,-30,41,QY0041X-030
41,-29,-29,41,QY0041X-029
41,-28,-28,41,QY0041X-028
41,-27,-27,41,QY0041X-027
41,-26,-26,41,QY0041X-026
41,-25,-25,41,QY0041X-025
41,-24,-24,41,QY0041X-024
41,-23,-23,41,QY0041X-023
41,-22,-22,41,QY0041X-022
41,-21,-21,41,QY0041X-021
41,-20,-20,41,QY0041X-020
41,-19,-19,41,QY0041X-019
41,-18,-18,41,QY0041X-018
41,-17,-17,41,QY0041X-017
41,-16,-16,41,QY0041X-016
41,-15,-15,41,QY0041X-015
41,-14,-14,41,QY0041X-014
41,-13,-13,41,QY0041X-013
41,-12,-12,41,QY0041X-012
41,-11,-11,41,QY0041X-011
41,-10,-10,41,QY0041X-010
41,-9,-9,41,QY0041X-009
41,-8,-8,41,QY0041X-008
41,-7,-7,41,QY0041X-007
41,-6,-6,41,QY0041X-006
41,-5,-5,41,QY0041X-005
41,-4,-4,41,QY0041X-004
41,-3,-3,41,QY0041X-003
41,-2,-2,41,QY0041X-002
41,-1,-1,41,QY0041X-001
41,0,0,41,QY0041X0000
41,1,1,41,QY0041X0001
41,2,2,41,QY0041X0002
41,3,3,41,QY0041X0003
41,4,4,41,QY0041X0004
41,5,5,41,QY0041X0005
41,6,6,41,QY0041X0006
41,7,7,41,QY0041X0007
41,8,8,41,QY0041X0008
41,9,9,41,QY0041X0009
41,10,10,41,QY0041X0010
41,11,11,41,QY0041X0011
41,12,12,41,QY0041X0012
41,13,13,41,QY0041X0013
41,14,14,41,QY0041X0014
41,15,15,41,QY0041X0015
41,16,16,41,QY0041X0016
41,17,17,41,QY0041X0017
41,18,18,41,QY0041X0018
41,19,19,41,QY0041X0019
41,20,20,41,QY0041X0020
41,21,21,41,QY0041X0021
41,22,22,41,QY0041X0022
41,23,23,41,QY0041X0023
41,24,24,41,QY0041X0024
41,25,25,41,QY0041X0025
41,26,26,41,QY0041X0026
41,27,27,41,QY0041X0027
41,28,28,41,QY0041X0028
41,29,29,41,QY0041X0029
41,30,30,41,QY0041X0030
41,31,31,41,QY0041X0031
41,32,32,41,QY0041X0032
41,33,33,41,QY0041X0033
41,34,34,41,QY0041X0034
41,35,35,41,QY0041X0035
41,36,36,41,QY0041X0036
41,37,37,41,QY0041X0037
41,38,38,41,QY0041X0038
41,39,39,41,QY0041X0039
41,40,40,41,QY0041X0040
41,41,41,41,QY0041X0041
41,42,42,41,QY0041X0042
41,43,43,41,QY0041X0043
41,44,44,41,QY0041X0044
41,45,45,41,QY0041X0045
41,46,46,41,QY0041X0046
41,47,47,41,QY0041X0047
41,48,48,41,QY0041X0048
41,49,49,41,QY0041X0049
41,50,50,41,QY0041X0050
41,51,51,41,QY0041X0051
41,52,52,41,QY0041X0052
41,53,53,41,QY0041X0053
41,54,54,41,QY0041X0054
41,55,55,41,QY0041X0055
41,56,56,41,QY0041X0056
41,57,57,41,QY0041X0057
41,58,58,41,QY0041X0058
41,59,59,41,QY0041X0059
41,60,60,41,QY0041X0060
41,61,61,41,QY0041X0061
42,60,60,42,QY0042X0060
42,59,59,42,QY0042X0059
42,58,58,42,QY0042X0058
42,57,57,42,QY0042X0057
42,56,56,42,QY0042X0056
42,55,55,42,QY0042X0055
42,54,54,42,QY0042X0054
42,53,53,42,QY0042X0053
42,52,52,42,QY0042X0052
42,51,51,42,QY0042X0051
42,50,50,42,QY0042X0050
42,49,49,42,QY0042X0049
42,48,48,42,QY0042X0048
42,47,47,42,QY0042X0047
42,46,46,42,QY0042X0046
42,45,45,42,QY0042X0045
42,44,44,42,QY0042X0044
42,43,43,42,QY0042X0043
42,42,42,42,QY0042X0042
42,41,41,42,QY0042X0041
42,40,40,42,QY0042X0040
42,39,39,42,QY0042X0039
42,38,38,42,QY0042X0038
42,37,37,42,QY0042X0037
42,36,36,42,QY0042X0036
42,35,35,42,QY0042X0035
42,34,34,42,QY0042X0034
42,33,33,42,QY0042X0033
42,32,32,42,QY0042X0032
42,31,31,42,QY0042X0031
42,30,30,42,QY0042X0030
42,29,29,42,QY0042X0029
42,28,28,42,QY0042X0028
42,27,27,42,QY0042X0027
42,26,26,42,QY0042X0026
42,25,25,42,QY0042X0025
42,24,24,42,QY0042X0024
42,23,23,42,QY0042X0023
42,22,22,42,QY0042X0022
42,21,21,42,QY0042X0021
42,20,20,42,QY0042X0020
42,19,19,42,QY0042X0019
42,18,18,42,QY0042X0018
42,17,17,42,QY0042X0017
42,16,16,42,QY0042X0016
42,15,15,42,QY0042X0015
42,14,14,42,QY0042X0014
42,13,13,42,QY0042X0013
42,12,12,42,QY0042X0012
42,11,11,42,QY0042X0011
42,10,10,42,QY0042X0010
42,9,9,42,QY0042X0009
42,8,8,42,QY0042X0008
42,7,7,42,QY0042X0007
42,6,6,42,QY0042X0006
42,5,5,42,QY0042X0005
42,4,4,42,QY0042X0004
42,3,3,42,QY0042X0003
42,2,2,42,QY0042X0002
42,1,1,42,QY0042X0001
42,0,0,42,QY0042X0000
42,-1,-1,42,QY0042X-001
42,-2,-2,42,QY0042X-002
42,-3,-3,42,QY0042X-003
42,-4,-4,42,QY0042X-004
42,-5,-5,42,QY0042X-005
42,-6,-6,42,QY0042X-006
42,-7,-7,42,QY0042X-007
42,-8,-8,42,QY0042X-008
42,-9,-9,42,QY0042X-009
42,-10,-10,42,QY0042X-010
42,-11,-11,42,QY0042X-011
42,-12,-12,42,QY0042X-012
42,-13,-13,42,QY0042X-013
42,-14,-14,42,QY0042X-014
42,-15,-15,42,QY0042X-015
42,-16,-16,42,QY0042X-016
42,-17,-17,42,QY0042X-017
42,-18,-18,42,QY0042X-018
42,-19,-19,42,QY0042X-019
42,-20,-20,42,QY0042X-020
42,-21,-21,42,QY0042X-021
42,-22,-22,42,QY0042X-022
42,-23,-23,42,QY0042X-023
42,-24,-24,42,QY0042X-024
42,-25,-25,42,QY0042X-025
42,-26,-26,42,QY0042X-026
42,-27,-27,42,QY0042X-027
42,-28,-28,42,QY0042X-028
42,-29,-29,42,QY0042X-029
42,-30,-30,42,QY0042X-030
42,-31,-31,42,QY0042X-031
42,-32,-32,42,QY0042X-032
42,-33,-33,42,QY0042X-033
42,-34,-34,42,QY0042X-034
42,-35,-35,42,QY0042X-035
42,-36,-36,42,QY0042X-036
42,-37,-37,42,QY0042X-037
42,-38,-38,42,QY0042X-038
42,-39,-39,42,QY0042X-039
42,-40,-40,42,QY0042X-040
42,-41,-41,42,QY0042X-041
42,-42,-42,42,QY0042X-042
42,-43,-43,42,QY0042X-043
42,-44,-44,42,QY0042X-044
42,-45,-45,42,QY0042X-045
42,-46,-46,42,QY0042X-046
42,-47,-47,42,QY0042X-047
42,-48,-48,42,QY0042X-048
42,-49,-49,42,QY0042X-049
42,-50,-50,42,QY0042X-050
43,-50,-50,43,QY0043X-050
43,-49,-49,43,QY0043X-049
43,-48,-48,43,QY0043X-048
43,-47,-47,43,QY0043X-047
43,-46,-46,43,QY0043X-046
43,-45,-45,43,QY0043X-045
43,-44,-44,43,QY0043X-044
43,-43,-43,43,QY0043X-043
43,-42,-42,43,QY0043X-042
43,-41,-41,43,QY0043X-041
43,-40,-40,43,QY0043X-040
43,-39,-39,43,QY0043X-039
43,-38,-38,43,QY0043X-038
43,-37,-37,43,QY0043X-037
43,-36,-36,43,QY0043X-036
43,-35,-35,43,QY0043X-035
43,-34,-34,43,QY0043X-034
43,-33,-33,43,QY0043X-033
43,-32,-32,43,QY0043X-032
43,-31,-31,43,QY0043X-031
43,-30,-30,43,QY0043X-030
43,-29,-29,43,QY0043X-029
43,-28,-28,43,QY0043X-028
43,-27,-27,43,QY0043X-027
43,-26,-26,43,QY0043X-026
43,-25,-25,43,QY0043X-025
43,-24,-24,43,QY0043X-024
43,-23,-23,43,QY0043X-023
43,-22,-22,43,QY0043X-022
43,-21,-21,43,QY0043X-021
43,-20,-20,43,QY0043X-020
43,-19,-19,43,QY0043X-019
43,-18,-18,43,QY0043X-018
43,-17,-17,43,QY0043X-017
43,-16,-16,43,QY0043X-016
43,-15,-15,43,QY0043X-015
43,-14,-14,43,QY0043X-014
43,-13,-13,43,QY0043X-013
43,-12,-12,43,QY0043X-012
43,-11,-11,43,QY0043X-011
43,-10,-10,43,QY0043X-010
43,-9,-9,43,QY0043X-009
43,-8,-8,43,QY0043X-008
43,-7,-7,43,QY0043X-007
43,-6,-6,43,QY0043X-006
43,-5,-5,43,QY0043X-005
43,-4,-4,43,QY0043X-004
43,-3,-3,43,QY0043X-003
43,-2,-2,43,QY0043X-002
43,-1,-1,43,QY0043X-001
43,0,0,43,QY0043X0000
43,1,1,43,QY0043X0001
43,2,2,43,QY0043X0002
43,3,3,43,QY0043X0003
43,4,4,43,QY0043X0004
43,5,5,43,QY0043X0005
43,6,6,43,QY0043X0006
43,7,7,43,QY0043X0007
43,8,8,43,QY0043X0008
43,9,9,43,QY0043X0009
43,10,10,43,QY0043X0010
43,11,11,43,QY0043X0011
43,12,12,43,QY0043X0012
43,13,13,43,QY0043X0013
43,14,14,43,QY0043X0014
43,15,15,43,QY0043X0015
43,16,16,43,QY0043X0016
43,17,17,43,QY0043X0017
43,18,18,43,QY0043X0018
43,19,19,43,QY0043X0019
43,20,20,43,QY0043X0020
43,21,21,43,QY0043X0021
43,22,22,43,QY0043X0022
43,23,23,43,QY0043X0023
43,24,24,43,QY0043X0024
43,25,25,43,QY0043X0025
43,26,26,43,QY0043X0026
43,27,27,43,QY0043X0027
43,28,28,43,QY0043X0028
43,29,29,43,QY0043X0029
43,30,30,43,QY0043X0030
43,31,31,43,QY0043X0031
43,32,32,43,QY0043X0032
43,33,33,43,QY0043X0033
43,34,34,43,QY0043X0034
43,35,35,43,QY0043X0035
43,36,36,43,QY0043X0036
43,37,37,43,QY0043X0037
43,38,38,43,QY0043X0038
43,39,39,43,QY0043X0039
43,40,40,43,QY0043X0040
43,41,41,43,QY0043X0041
43,42,42,43,QY0043X0042
43,43,43,43,QY0043X0043
43,44,44,43,QY0043X0044
43,45,45,43,QY0043X0045
43,46,46,43,QY0043X0046
43,47,47,43,QY0043X0047
43,48,48,43,QY0043X0048
43,49,49,43,QY0043X0049
43,50,50,43,QY0043X0050
43,51,51,43,QY0043X0051
43,52,52,43,QY0043X0052
43,53,53,43,QY0043X0053
43,54,54,43,QY0043X0054
43,55,55,43,QY0043X0055
43,56,56,43,QY0043X0056
43,57,57,43,QY0043X0057
43,58,58,43,QY0043X0058
43,59,59,43,QY0043X0059
43,60,60,43,QY0043X0060
44,59,59,44,QY0044X0059
44,58,58,44,QY0044X0058
44,57,57,44,QY0044X0057
44,56,56,44,QY0044X0056
44,55,55,44,QY0044X0055
44,54,54,44,QY0044X0054
44,53,53,44,QY0044X0053
44,52,52,44,QY0044X0052
44,51,51,44,QY0044X0051
44,50,50,44,QY0044X0050
44,49,49,44,QY0044X0049
44,48,48,44,QY0044X0048
44,47,47,44,QY0044X0047
44,46,46,44,QY0044X0046
44,45,45,44,QY0044X0045
44,44,44,44,QY0044X0044
44,43,43,44,QY0044X0043
44,42,42,44,QY0044X0042
44,41,41,44,QY0044X0041
44,40,40,44,QY0044X0040
44,39,39,44,QY0044X0039
44,38,38,44,QY0044X0038
44,37,37,44,QY0044X0037
44,36,36,44,QY0044X0036
44,35,35,44,QY0044X0035
44,34,34,44,QY0044X0034
44,33,33,44,QY0044X0033
44,32,32,44,QY0044X0032
44,31,31,44,QY0044X0031
44,30,30,44,QY0044X0030
44,29,29,44,QY0044X0029
44,28,28,44,QY0044X0028
44,27,27,44,QY0044X0027
44,26,26,44,QY0044X0026
44,25,25,44,QY0044X0025
44,24,24,44,QY0044X0024
44,23,23,44,QY0044X0023
44,22,22,44,QY0044X0022
44,21,21,44,QY0044X0021
44,20,20,44,QY0044X0020
44,19,19,44,QY0044X0019
44,18,18,44,QY0044X0018
44,17,17,44,QY0044X0017
44,16,16,44,QY0044X0016
44,15,15,44,QY0044X0015
44,14,14,44,QY0044X0014
44,13,13,44,QY0044X0013
44,12,12,44,QY0044X0012
44,11,11,44,QY0044X0011
44,10,10,44,QY0044X0010
44,9,9,44,QY0044X0009
44,8,8,44,QY0044X0008
44,7,7,44,QY0044X0007
44,6,6,44,QY0044X0006
44,5,5,44,QY0044X0005
44,4,4,44,QY0044X0004
44,3,3,44,QY0044X0003
44,2,2,44,QY0044X0002
44,1,1,44,QY0044X0001
44,0,0,44,QY0044X0000
44,-1,-1,44,QY0044X-001
44,-2,-2,44,QY0044X-002
44,-3,-3,44,QY0044X-003
44,-4,-4,44,QY0044X-004
44,-5,-5,44,QY0044X-005
44,-6,-6,44,QY0044X-006
44,-7,-7,44,QY0044X-007
44,-8,-8,44,QY0044X-008
44,-9,-9,44,QY0044X-009
44,-10,-10,44,QY0044X-010
44,-11,-11,44,QY0044X-011
44,-12,-12,44,QY0044X-012
44,-13,-13,44,QY0044X-013
44,-14,-14,44,QY0044X-014
44,-15,-15,44,QY0044X-015
44,-16,-16,44,QY0044X-016
44,-17,-17,44,QY0044X-017
44,-18,-18,44,QY0044X-018
44,-19,-19,44,QY0044X-019
44,-20,-20,44,QY0044X-020
44,-21,-21,44,QY0044X-021
44,-22,-22,44,QY0044X-022
44,-23,-23,44,QY0044X-023
44,-24,-24,44,QY0044X-024
44,-25,-25,44,QY0044X-025
44,-26,-26,44,QY0044X-026
44,-27,-27,44,QY0044X-027
44,-28,-28,44,QY0044X-028
44,-29,-29,44,QY0044X-029
44,-30,-30,44,QY0044X-030
44,-31,-31,44,QY0044X-031
44,-32,-32,44,QY0044X-032
44,-33,-33,44,QY0044X-033
44,-34,-34,44,QY0044X-034
44,-35,-35,44,QY0044X-035
44,-36,-36,44,QY0044X-036
44,-37,-37,44,QY0044X-037
44,-38,-38,44,QY0044X-038
44,-39,-39,44,QY0044X-039
44,-40,-40,44,QY0044X-040
44,-41,-41,44,QY0044X-041
44,-42,-42,44,QY0044X-042
44,-43,-43,44,QY0044X-043
44,-44,-44,44,QY0044X-044
44,-45,-45,44,QY0044X-045
44,-46,-46,44,QY0044X-046
44,-47,-47,44,QY0044X-047
44,-48,-48,44,QY0044X-048
44,-49,-49,44,QY0044X-049
45,-48,-48,45,QY0045X-048
45,-47,-47,45,QY0045X-047
45,-46,-46,45,QY0045X-046
45,-45,-45,45,QY0045X-045
45,-44,-44,45,QY0045X-044
45,-43,-43,45,QY0045X-043
45,-42,-42,45,QY0045X-042
45,-41,-41,45,QY0045X-041
45,-40,-40,45,QY0045X-040
45,-39,-39,45,QY0045X-039
45,-38,-38,45,QY0045X-038
45,-37,-37,45,QY0045X-037
45,-36,-36,45,QY0045X-036
45,-35,-35,45,QY0045X-035
45,-34,-34,45,QY0045X-034
45,-33,-33,45,QY0045X-033
45,-32,-32,45,QY0045X-032
45,-31,-31,45,QY0045X-031
45,-30,-30,45,QY0045X-030
45,-29,-29,45,QY0045X-029
45,-28,-28,45,QY0045X-028
45,-27,-27,45,QY0045X-027
45,-26,-26,45,QY0045X-026
45,-25,-25,45,QY0045X-025
45,-24,-24,45,QY0045X-024
45,-23,-23,45,QY0045X-023
45,-22,-22,45,QY0045X-022
45,-21,-21,45,QY0045X-021
45,-20,-20,45,QY0045X-020
45,-19,-19,45,QY0045X-019
45,-18,-18,45,QY0045X-018
45,-17,-17,45,QY0045X-017
45,-16,-16,45,QY0045X-016
45,-15,-15,45,QY0045X-015
45,-14,-14,45,QY0045X-014
45,-13,-13,45,QY0045X-013
45,-12,-12,45,QY0045X-012
45,-11,-11,45,QY0045X-011
45,-10,-10,45,QY0045X-010
45,-9,-9,45,QY0045X-009
45,-8,-8,45,QY0045X-008
45,-7,-7,45,QY0045X-007
45,-6,-6,45,QY0045X-006
45,-5,-5,45,QY0045X-005
45,-4,-4,45,QY0045X-004
45,-3,-3,45,QY0045X-003
45,-2,-2,45,QY0045X-002
45,-1,-1,45,QY0045X-001
45,0,0,45,QY0045X0000
45,1,1,45,QY0045X0001
45,2,2,45,QY0045X0002
45,3,3,45,QY0045X0003
45,4,4,45,QY0045X0004
45,5,5,45,QY0045X0005
45,6,6,45,QY0045X0006
45,7,7,45,QY0045X0007
45,8,8,45,QY0045X0008
45,9,9,45,QY0045X0009
45,10,10,45,QY0045X0010
45,11,11,45,QY0045X0011
45,12,12,45,QY0045X0012
45,13,13,45,QY0045X0013
45,14,14,45,QY0045X0014
45,15,15,45,QY0045X0015
45,16,16,45,QY0045X0016
45,17,17,45,QY0045X0017
45,18,18,45,QY0045X0018
45,19,19,45,QY0045X0019
45,20,20,45,QY0045X0020
45,21,21,45,QY0045X0021
45,22,22,45,QY0045X0022
45,23,23,45,QY0045X0023
45,24,24,45,QY0045X0024
45,25,25,45,QY0045X0025
45,26,26,45,QY0045X0026
45,27,27,45,QY0045X0027
45,28,28,45,QY0045X0028
45,29,29,45,QY0045X0029
45,30,30,45,QY0045X0030
45,31,31,45,QY0045X0031
45,32,32,45,QY0045X0032
45,33,33,45,QY0045X0033
45,34,34,45,QY0045X0034
45,35,35,45,QY0045X0035
45,36,36,45,QY0045X0036
45,37,37,45,QY0045X0037
45,38,38,45,QY0045X0038
45,39,39,45,QY0045X0039
45,40,40,45,QY0045X0040
45,41,41,45,QY0045X0041
45,42,42,45,QY0045X0042
45,43,43,45,QY0045X0043
45,44,44,45,QY0045X0044
45,45,45,45,QY0045X0045
45,46,46,45,QY0045X0046
45,47,47,45,QY0045X0047
45,48,48,45,QY0045X0048
45,49,49,45,QY0045X0049
45,50,50,45,QY0045X0050
45,51,51,45,QY0045X0051
45,52,52,45,QY0045X0052
45,53,53,45,QY0045X0053
45,54,54,45,QY0045X0054
45,55,55,45,QY0045X0055
45,56,56,45,QY0045X0056
45,57,57,45,QY0045X0057
45,58,58,45,QY0045X0058
46,57,57,46,QY0046X0057
46,56,56,46,QY0046X0056
46,55,55,46,QY0046X0055
46,54,54,46,QY0046X0054
46,53,53,46,QY0046X0053
46,52,52,46,QY0046X0052
46,51,51,46,QY0046X0051
46,50,50,46,QY0046X0050
46,49,49,46,QY0046X0049
46,48,48,46,QY0046X0048
46,47,47,46,QY0046X0047
46,46,46,46,QY0046X0046
46,45,45,46,QY0046X0045
46,44,44,46,QY0046X0044
46,43,43,46,QY0046X0043
46,42,42,46,QY0046X0042
46,41,41,46,QY0046X0041
46,40,40,46,QY0046X0040
46,39,39,46,QY0046X0039
46,38,38,46,QY0046X0038
46,37,37,46,QY0046X0037
46,36,36,46,QY0046X0036
46,35,35,46,QY0046X0035
46,34,34,46,QY0046X0034
46,33,33,46,QY0046X0033
46,32,32,46,QY0046X0032
46,31,31,46,QY0046X0031
46,30,30,46,QY0046X0030
46,29,29,46,QY0046X0029
46,28,28,46,QY0046X0028
46,27,27,46,QY0046X0027
46,26,26,46,QY0046X0026
46,25,25,46,QY0046X0025
46,24,24,46,QY0046X0024
46,23,23,46,QY0046X0023
46,22,22,46,QY0046X0022
46,21,21,46,QY0046X0021
46,20,20,46,QY0046X0020
46,19,19,46,QY0046X0019
46,18,18,46,QY0046X0018
46,17,17,46,QY0046X0017
46,16,16,46,QY0046X0016
46,15,15,46,QY0046X0015
46,14,14,46,QY0046X0014
46,13,13,46,QY0046X0013
46,12,12,46,QY0046X0012
46,11,11,46,QY0046X0011
46,10,10,46,QY0046X0010
46,9,9,46,QY0046X0009
46,8,8,46,QY0046X0008
46,7,7,46,QY0046X0007
46,6,6,46,QY0046X0006
46,5,5,46,QY0046X0005
46,4,4,46,QY0046X0004
46,3,3,46,QY0046X0003
46,2,2,46,QY0046X0002
46,1,1,46,QY0046X0001
46,0,0,46,QY0046X0000
46,-1,-1,46,QY0046X-001
46,-2,-2,46,QY0046X-002
46,-3,-3,46,QY0046X-003
46,-4,-4,46,QY0046X-004
46,-5,-5,46,QY0046X-005
46,-6,-6,46,QY0046X-006
46,-7,-7,46,QY0046X-007
46,-8,-8,46,QY0046X-008
46,-9,-9,46,QY0046X-009
46,-10,-10,46,QY0046X-010
46,-11,-11,46,QY0046X-011
46,-12,-12,46,QY0046X-012
46,-13,-13,46,QY0046X-013
46,-14,-14,46,QY0046X-014
46,-15,-15,46,QY0046X-015
46,-16,-16,46,QY0046X-016
46,-17,-17,46,QY0046X-017
46,-18,-18,46,QY0046X-018
46,-19,-19,46,QY0046X-019
46,-20,-20,46,QY0046X-020
46,-21,-21,46,QY0046X-021
46,-22,-22,46,QY0046X-022
46,-23,-23,46,QY0046X-023
46,-24,-24,46,QY0046X-024
46,-25,-25,46,QY0046X-025
46,-26,-26,46,QY0046X-026
46,-27,-27,46,QY0046X-027
46,-28,-28,46,QY0046X-028
46,-29,-29,46,QY0046X-029
46,-30,-30,46,QY0046X-030
46,-31,-31,46,QY0046X-031
46,-32,-32,46,QY0046X-032
46,-33,-33,46,QY0046X-033
46,-34,-34,46,QY0046X-034
46,-35,-35,46,QY0046X-035
46,-36,-36,46,QY0046X-036
46,-37,-37,46,QY0046X-037
46,-38,-38,46,QY0046X-038
46,-39,-39,46,QY0046X-039
46,-40,-40,46,QY0046X-040
46,-41,-41,46,QY0046X-041
46,-42,-42,46,QY0046X-042
46,-43,-43,46,QY0046X-043
46,-44,-44,46,QY0046X-044
46,-45,-45,46,QY0046X-045
46,-46,-46,46,QY0046X-046
46,-47,-47,46,QY0046X-047
47,-47,-47,47,QY0047X-047
47,-46,-46,47,QY0047X-046
47,-45,-45,47,QY0047X-045
47,-44,-44,47,QY0047X-044
47,-43,-43,47,QY0047X-043
47,-42,-42,47,QY0047X-042
47,-41,-41,47,QY0047X-041
47,-40,-40,47,QY0047X-040
47,-39,-39,47,QY0047X-039
47,-38,-38,47,QY0047X-038
47,-37,-37,47,QY0047X-037
47,-36,-36,47,QY0047X-036
47,-35,-35,47,QY0047X-035
47,-34,-34,47,QY0047X-034
47,-33,-33,47,QY0047X-033
47,-32,-32,47,QY0047X-032
47,-31,-31,47,QY0047X-031
47,-30,-30,47,QY0047X-030
47,-29,-29,47,QY0047X-029
47,-28,-28,47,QY0047X-028
47,-27,-27,47,QY0047X-027
47,-26,-26,47,QY0047X-026
47,-25,-25,47,QY0047X-025
47,-24,-24,47,QY0047X-024
47,-23,-23,47,QY0047X-023
47,-22,-22,47,QY0047X-022
47,-21,-21,47,QY0047X-021
47,-20,-20,47,QY0047X-020
47,-19,-19,47,QY0047X-019
47,-18,-18,47,QY0047X-018
47,-17,-17,47,QY0047X-017
47,-16,-16,47,QY0047X-016
47,-15,-15,47,QY0047X-015
47,-14,-14,47,QY0047X-014
47,-13,-13,47,QY0047X-013
47,-12,-12,47,QY0047X-012
47,-11,-11,47,QY0047X-011
47,-10,-10,47,QY0047X-010
47,-9,-9,47,QY0047X-009
47,-8,-8,47,QY0047X-008
47,-7,-7,47,QY0047X-007
47,-6,-6,47,QY0047X-006
47,-5,-5,47,QY0047X-005
47,-4,-4,47,QY0047X-004
47,-3,-3,47,QY0047X-003
47,-2,-2,47,QY0047X-002
47,-1,-1,47,QY0047X-001
47,0,0,47,QY0047X0000
47,1,1,47,QY0047X0001
47,2,2,47,QY0047X0002
47,3,3,47,QY0047X0003
47,4,4,47,QY0047X0004
47,5,5,47,QY0047X0005
47,6,6,47,QY0047X0006
47,7,7,47,QY0047X0007
47,8,8,47,QY0047X0008
47,9,9,47,QY0047X0009
47,10,10,47,QY0047X0010
47,11,11,47,QY0047X0011
47,12,12,47,QY0047X0012
47,13,13,47,QY0047X0013
47,14,14,47,QY0047X0014
47,15,15,47,QY0047X0015
47,16,16,47,QY0047X0016
47,17,17,47,QY0047X0017
47,18,18,47,QY0047X0018
47,19,19,47,QY0047X0019
47,20,20,47,QY0047X0020
47,21,21,47,QY0047X0021
47,22,22,47,QY0047X0022
47,23,23,47,QY0047X0023
47,24,24,47,QY0047X0024
47,25,25,47,QY0047X0025
47,26,26,47,QY0047X0026
47,27,27,47,QY0047X0027
47,28,28,47,QY0047X0028
47,29,29,47,QY0047X0029
47,30,30,47,QY0047X0030
47,31,31,47,QY0047X0031
47,32,32,47,QY0047X0032
47,33,33,47,QY0047X0033
47,34,34,47,QY0047X0034
47,35,35,47,QY0047X0035
47,36,36,47,QY0047X0036
47,37,37,47,QY0047X0037
47,38,38,47,QY0047X0038
47,39,39,47,QY0047X0039
47,40,40,47,QY0047X0040
47,41,41,47,QY0047X0041
47,42,42,47,QY0047X0042
47,43,43,47,QY0047X0043
47,44,44,47,QY0047X0044
47,45,45,47,QY0047X0045
47,46,46,47,QY0047X0046
47,47,47,47,QY0047X0047
47,48,48,47,QY0047X0048
47,49,49,47,QY0047X0049
47,50,50,47,QY0047X0050
47,51,51,47,QY0047X0051
47,52,52,47,QY0047X0052
47,53,53,47,QY0047X0053
47,54,54,47,QY0047X0054
47,55,55,47,QY0047X0055
47,56,56,47,QY0047X0056
48,56,56,48,QY0048X0056
48,55,55,48,QY0048X0055
48,54,54,48,QY0048X0054
48,53,53,48,QY0048X0053
48,52,52,48,QY0048X0052
48,51,51,48,QY0048X0051
48,50,50,48,QY0048X0050
48,49,49,48,QY0048X0049
48,48,48,48,QY0048X0048
48,47,47,48,QY0048X0047
48,46,46,48,QY0048X0046
48,45,45,48,QY0048X0045
48,44,44,48,QY0048X0044
48,43,43,48,QY0048X0043
48,42,42,48,QY0048X0042
48,41,41,48,QY0048X0041
48,40,40,48,QY0048X0040
48,39,39,48,QY0048X0039
48,38,38,48,QY0048X0038
48,37,37,48,QY0048X0037
48,36,36,48,QY0048X0036
48,35,35,48,QY0048X0035
48,34,34,48,QY0048X0034
48,33,33,48,QY0048X0033
48,32,32,48,QY0048X0032
48,31,31,48,QY0048X0031
48,30,30,48,QY0048X0030
48,29,29,48,QY0048X0029
48,28,28,48,QY0048X0028
48,27,27,48,QY0048X0027
48,26,26,48,QY0048X0026
48,25,25,48,QY0048X0025
48,24,24,48,QY0048X0024
48,23,23,48,QY0048X0023
48,22,22,48,QY0048X0022
48,21,21,48,QY0048X0021
48,20,20,48,QY0048X0020
48,19,19,48,QY0048X0019
48,18,18,48,QY0048X0018
48,17,17,48,QY0048X0017
48,16,16,48,QY0048X0016
48,15,15,48,QY0048X0015
48,14,14,48,QY0048X0014
48,13,13,48,QY0048X0013
48,12,12,48,QY0048X0012
48,11,11,48,QY0048X0011
48,10,10,48,QY0048X0010
48,9,9,48,QY0048X0009
48,8,8,48,QY0048X0008
48,7,7,48,QY0048X0007
48,6,6,48,QY0048X0006
48,5,5,48,QY0048X0005
48,4,4,48,QY0048X0004
48,3,3,48,QY0048X0003
48,2,2,48,QY0048X0002
48,1,1,48,QY0048X0001
48,0,0,48,QY0048X0000
48,-1,-1,48,QY0048X-001
48,-2,-2,48,QY0048X-002
48,-3,-3,48,QY0048X-003
48,-4,-4,48,QY0048X-004
48,-5,-5,48,QY0048X-005
48,-6,-6,48,QY0048X-006
48,-7,-7,48,QY0048X-007
48,-8,-8,48,QY0048X-008
48,-9,-9,48,QY0048X-009
48,-10,-10,48,QY0048X-010
48,-11,-11,48,QY0048X-011
48,-12,-12,48,QY0048X-012
48,-13,-13,48,QY0048X-013
48,-14,-14,48,QY0048X-014
48,-15,-15,48,QY0048X-015
48,-16,-16,48,QY0048X-016
48,-17,-17,48,QY0048X-017
48,-18,-18,48,QY0048X-018
48,-19,-19,48,QY0048X-019
48,-20,-20,48,QY0048X-020
48,-21,-21,48,QY0048X-021
48,-22,-22,48,QY0048X-022
48,-23,-23,48,QY0048X-023
48,-24,-24,48,QY0048X-024
48,-25,-25,48,QY0048X-025
48,-26,-26,48,QY0048X-026
48,-27,-27,48,QY0048X-027
48,-28,-28,48,QY0048X-028
48,-29,-29,48,QY0048X-029
48,-30,-30,48,QY0048X-030
48,-31,-31,48,QY0048X-031
48,-32,-32,48,QY0048X-032
48,-33,-33,48,QY0048X-033
48,-34,-34,48,QY0048X-034
48,-35,-35,48,QY0048X-035
48,-36,-36,48,QY0048X-036
48,-37,-37,48,QY0048X-037
48,-38,-38,48,QY0048X-038
48,-39,-39,48,QY0048X-039
48,-40,-40,48,QY0048X-040
48,-41,-41,48,QY0048X-041
48,-42,-42,48,QY0048X-042
48,-43,-43,48,QY0048X-043
48,-44,-44,48,QY0048X-044
48,-45,-45,48,QY0048X-045
48,-46,-46,48,QY0048X-046
49,-45,-45,49,QY0049X-045
49,-44,-44,49,QY0049X-044
49,-43,-43,49,QY0049X-043
49,-42,-42,49,QY0049X-042
49,-41,-41,49,QY0049X-041
49,-40,-40,49,QY0049X-040
49,-39,-39,49,QY0049X-039
49,-38,-38,49,QY0049X-038
49,-37,-37,49,QY0049X-037
49,-36,-36,49,QY0049X-036
49,-35,-35,49,QY0049X-035
49,-34,-34,49,QY0049X-034
49,-33,-33,49,QY0049X-033
49,-32,-32,49,QY0049X-032
49,-31,-31,49,QY0049X-031
49,-30,-30,49,QY0049X-030
49,-29,-29,49,QY0049X-029
49,-28,-28,49,QY0049X-028
49,-27,-27,49,QY0049X-027
49,-26,-26,49,QY0049X-026
49,-25,-25,49,QY0049X-025
49,-24,-24,49,QY0049X-024
49,-23,-23,49,QY0049X-023
49,-22,-22,49,QY0049X-022
49,-21,-21,49,QY0049X-021
49,-20,-20,49,QY0049X-020
49,-19,-19,49,QY0049X-019
49,-18,-18,49,QY0049X-018
49,-17,-17,49,QY0049X-017
49,-16,-16,49,QY0049X-016
49,-15,-15,49,QY0049X-015
49,-14,-14,49,QY0049X-014
49,-13,-13,49,QY0049X-013
49,-12,-12,49,QY0049X-012
49,-11,-11,49,QY0049X-011
49,-10,-10,49,QY0049X-010
49,-9,-9,49,QY0049X-009
49,-8,-8,49,QY0049X-008
49,-7,-7,49,QY0049X-007
49,-6,-6,49,QY0049X-006
49,-5,-5,49,QY0049X-005
49,-4,-4,49,QY0049X-004
49,-3,-3,49,QY0049X-003
49,-2,-2,49,QY0049X-002
49,-1,-1,49,QY0049X-001
49,0,0,49,QY0049X0000
49,1,1,49,QY0049X0001
49,2,2,49,QY0049X0002
49,3,3,49,QY0049X0003
49,4,4,49,QY0049X0004
49,5,5,49,QY0049X0005
49,6,6,49,QY0049X0006
49,7,7,49,QY0049X0007
49,8,8,49,QY0049X0008
49,9,9,49,QY0049X0009
49,10,10,49,QY0049X0010
49,11,11,49,QY0049X0011
49,12,12,49,QY0049X0012
49,13,13,49,QY0049X0013
49,14,14,49,QY0049X0014
49,15,15,49,QY0049X0015
49,16,16,49,QY0049X0016
49,17,17,49,QY0049X0017
49,18,18,49,QY0049X0018
49,19,19,49,QY0049X0019
49,20,20,49,QY0049X0020
49,21,21,49,QY0049X0021
49,22,22,49,QY0049X0022
49,23,23,49,QY0049X0023
49,24,24,49,QY0049X0024
49,25,25,49,QY0049X0025
49,26,26,49,QY0049X0026
49,27,27,49,QY0049X0027
49,28,28,49,QY0049X0028
49,29,29,49,QY0049X0029
49,30,30,49,QY0049X0030
49,31,31,49,QY0049X0031
49,32,32,49,QY0049X0032
49,33,33,49,QY0049X0033
49,34,34,49,QY0049X0034
49,35,35,49,QY0049X0035
49,36,36,49,QY0049X0036
49,37,37,49,QY0049X0037
49,38,38,49,QY0049X0038
49,39,39,49,QY0049X0039
49,40,40,49,QY0049X0040
49,41,41,49,QY0049X0041
49,42,42,49,QY0049X0042
49,43,43,49,QY0049X0043
49,44,44,49,QY0049X0044
49,45,45,49,QY0049X0045
49,46,46,49,QY0049X0046
49,47,47,49,QY0049X0047
49,48,48,49,QY0049X0048
49,49,49,49,QY0049X0049
49,50,50,49,QY0049X0050
49,51,51,49,QY0049X0051
49,52,52,49,QY0049X0052
49,53,53,49,QY0049X0053
49,54,54,49,QY0049X0054
49,55,55,49,QY0049X0055
50,54,54,50,QY0050X0054
50,53,53,50,QY0050X0053
50,52,52,50,QY0050X0052
50,51,51,50,QY0050X0051
50,50,50,50,QY0050X0050
50,49,49,50,QY0050X0049
50,48,48,50,QY0050X0048
50,47,47,50,QY0050X0047
50,46,46,50,QY0050X0046
50,45,45,50,QY0050X0045
50,44,44,50,QY0050X0044
50,43,43,50,QY0050X0043
50,42,42,50,QY0050X0042
50,41,41,50,QY0050X0041
50,40,40,50,QY0050X0040
50,39,39,50,QY0050X0039
50,38,38,50,QY0050X0038
50,37,37,50,QY0050X0037
50,36,36,50,QY0050X0036
50,35,35,50,QY0050X0035
50,34,34,50,QY0050X0034
50,33,33,50,QY0050X0033
50,32,32,50,QY0050X0032
50,31,31,50,QY0050X0031
50,30,30,50,QY0050X0030
50,29,29,50,QY0050X0029
50,28,28,50,QY0050X0028
50,27,27,50,QY0050X0027
50,26,26,50,QY0050X0026
50,25,25,50,QY0050X0025
50,24,24,50,QY0050X0024
50,23,23,50,QY0050X0023
50,22,22,50,QY0050X0022
50,21,21,50,QY0050X0021
50,20,20,50,QY0050X0020
50,19,19,50,QY0050X0019
50,18,18,50,QY0050X0018
50,17,17,50,QY0050X0017
50,16,16,50,QY0050X0016
50,15,15,50,QY0050X0015
50,14,14,50,QY0050X0014
50,13,13,50,QY0050X0013
50,12,12,50,QY0050X0012
50,11,11,50,QY0050X0011
50,10,10,50,QY0050X0010
50,9,9,50,QY0050X0009
50,8,8,50,QY0050X0008
50,7,7,50,QY0050X0007
50,6,6,50,QY0050X0006
50,5,5,50,QY0050X0005
50,4,4,50,QY0050X0004
50,3,3,50,QY0050X0003
50,2,2,50,QY0050X0002
50,1,1,50,QY0050X0001
50,0,0,50,QY0050X0000
50,-1,-1,50,QY0050X-001
50,-2,-2,50,QY0050X-002
50,-3,-3,50,QY0050X-003
50,-4,-4,50,QY0050X-004
50,-5,-5,50,QY0050X-005
50,-6,-6,50,QY0050X-006
50,-7,-7,50,QY0050X-007
50,-8,-8,50,QY0050X-008
50,-9,-9,50,QY0050X-009
50,-10,-10,50,QY0050X-010
50,-11,-11,50,QY0050X-011
50,-12,-12,50,QY0050X-012
50,-13,-13,50,QY0050X-013
50,-14,-14,50,QY0050X-014
50,-15,-15,50,QY0050X-015
50,-16,-16,50,QY0050X-016
50,-17,-17,50,QY0050X-017
50,-18,-18,50,QY0050X-018
50,-19,-19,50,QY0050X-019
50,-20,-20,50,QY0050X-020
50,-21,-21,50,QY0050X-021
50,-22,-22,50,QY0050X-022
50,-23,-23,50,QY0050X-023
50,-24,-24,50,QY0050X-024
50,-25,-25,50,QY0050X-025
50,-26,-26,50,QY0050X-026
50,-27,-27,50,QY0050X-027
50,-28,-28,50,QY0050X-028
50,-29,-29,50,QY0050X-029
50,-30,-30,50,QY0050X-030
50,-31,-31,50,QY0050X-031
50,-32,-32,50,QY0050X-032
50,-33,-33,50,QY0050X-033
50,-34,-34,50,QY0050X-034
50,-35,-35,50,QY0050X-035
50,-36,-36,50,QY0050X-036
50,-37,-37,50,QY0050X-037
50,-38,-38,50,QY0050X-038
50,-39,-39,50,QY0050X-039
50,-40,-40,50,QY0050X-040
50,-41,-41,50,QY0050X-041
50,-42,-42,50,QY0050X-042
50,-43,-43,50,QY0050X-043
50,-44,-44,50,QY0050X-044
51,-43,-43,51,QY0051X-043
51,-42,-42,51,QY0051X-042
51,-41,-41,51,QY0051X-041
51,-40,-40,51,QY0051X-040
51,-39,-39,51,QY0051X-039
51,-38,-38,51,QY0051X-038
51,-37,-37,51,QY0051X-037
51,-36,-36,51,QY0051X-036
51,-35,-35,51,QY0051X-035
51,-34,-34,51,QY0051X-034
51,-33,-33,51,QY0051X-033
51,-32,-32,51,QY0051X-032
51,-31,-31,51,QY0051X-031
51,-30,-30,51,QY0051X-030
51,-29,-29,51,QY0051X-029
51,-28,-28,51,QY0051X-028
51,-27,-27,51,QY0051X-027
51,-26,-26,51,QY0051X-026
51,-25,-25,51,QY0051X-025
51,-24,-24,51,QY0051X-024
51,-23,-23,51,QY0051X-023
51,-22,-22,51,QY0051X-022
51,-21,-21,51,QY0051X-021
51,-20,-20,51,QY0051X-020
51,-19,-19,51,QY0051X-019
51,-18,-18,51,QY0051X-018
51,-17,-17,51,QY0051X-017
51,-16,-16,51,QY0051X-016
51,-15,-15,51,QY0051X-015
51,-14,-14,51,QY0051X-014
51,-13,-13,51,QY0051X-013
51,-12,-12,51,QY0051X-012
51,-11,-11,51,QY0051X-011
51,-10,-10,51,QY0051X-010
51,-9,-9,51,QY0051X-009
51,-8,-8,51,QY0051X-008
51,-7,-7,51,QY0051X-007
51,-6,-6,51,QY0051X-006
51,-5,-5,51,QY0051X-005
51,-4,-4,51,QY0051X-004
51,-3,-3,51,QY0051X-003
51,-2,-2,51,QY0051X-002
51,-1,-1,51,QY0051X-001
51,0,0,51,QY0051X0000
51,1,1,51,QY0051X0001
51,2,2,51,QY0051X0002
51,3,3,51,QY0051X0003
51,4,4,51,QY0051X0004
51,5,5,51,QY0051X0005
51,6,6,51,QY0051X0006
51,7,7,51,QY0051X0007
51,8,8,51,QY0051X0008
51,9,9,51,QY0051X0009
51,10,10,51,QY0051X0010
51,11,11,51,QY0051X0011
51,12,12,51,QY0051X0012
51,13,13,51,QY0051X0013
51,14,14,51,QY0051X0014
51,15,15,51,QY0051X0015
51,16,16,51,QY0051X0016
51,17,17,51,QY0051X0017
51,18,18,51,QY0051X0018
51,19,19,51,QY0051X0019
51,20,20,51,QY0051X0020
51,21,21,51,QY0051X0021
51,22,22,51,QY0051X0022
51,23,23,51,QY0051X0023
51,24,24,51,QY0051X0024
51,25,25,51,QY0051X0025
51,26,26,51,QY0051X0026
51,27,27,51,QY0051X0027
51,28,28,51,QY0051X0028
51,29,29,51,QY0051X0029
51,30,30,51,QY0051X0030
51,31,31,51,QY0051X0031
51,32,32,51,QY0051X0032
51,33,33,51,QY0051X0033
51,34,34,51,QY0051X0034
51,35,35,51,QY0051X0035
51,36,36,51,QY0051X0036
51,37,37,51,QY0051X0037
51,38,38,51,QY0051X0038
51,39,39,51,QY0051X0039
51,40,40,51,QY0051X0040
51,41,41,51,QY0051X0041
51,42,42,51,QY0051X0042
51,43,43,51,QY0051X0043
51,44,44,51,QY0051X0044
51,45,45,51,QY0051X0045
51,46,46,51,QY0051X0046
51,47,47,51,QY0051X0047
51,48,48,51,QY0051X0048
51,49,49,51,QY0051X0049
51,50,50,51,QY0051X0050
51,51,51,51,QY0051X0051
51,52,52,51,QY0051X0052
51,53,53,51,QY0051X0053
52,52,52,52,QY0052X0052
52,51,51,52,QY0052X0051
52,50,50,52,QY0052X0050
52,49,49,52,QY0052X0049
52,48,48,52,QY0052X0048
52,47,47,52,QY0052X0047
52,46,46,52,QY0052X0046
52,45,45,52,QY0052X0045
52,44,44,52,QY0052X0044
52,43,43,52,QY0052X0043
52,42,42,52,QY0052X0042
52,41,41,52,QY0052X0041
52,40,40,52,QY0052X0040
52,39,39,52,QY0052X0039
52,38,38,52,QY0052X0038
52,37,37,52,QY0052X0037
52,36,36,52,QY0052X0036
52,35,35,52,QY0052X0035
52,34,34,52,QY0052X0034
52,33,33,52,QY0052X0033
52,32,32,52,QY0052X0032
52,31,31,52,QY0052X0031
52,30,30,52,QY0052X0030
52,29,29,52,QY0052X0029
52,28,28,52,QY0052X0028
52,27,27,52,QY0052X0027
52,26,26,52,QY0052X0026
52,25,25,52,QY0052X0025
52,24,24,52,QY0052X0024
52,23,23,52,QY0052X0023
52,22,22,52,QY0052X0022
52,21,21,52,QY0052X0021
52,20,20,52,QY0052X0020
52,19,19,52,QY0052X0019
52,18,18,52,QY0052X0018
52,17,17,52,QY0052X0017
52,16,16,52,QY0052X0016
52,15,15,52,QY0052X0015
52,14,14,52,QY0052X0014
52,13,13,52,QY0052X0013
52,12,12,52,QY0052X0012
52,11,11,52,QY0052X0011
52,10,10,52,QY0052X0010
52,9,9,52,QY0052X0009
52,8,8,52,QY0052X0008
52,7,7,52,QY0052X0007
52,6,6,52,QY0052X0006
52,5,5,52,QY0052X0005
52,4,4,52,QY0052X0004
52,3,3,52,QY0052X0003
52,2,2,52,QY0052X0002
52,1,1,52,QY0052X0001
52,0,0,52,QY0052X0000
52,-1,-1,52,QY0052X-001
52,-2,-2,52,QY0052X-002
52,-3,-3,52,QY0052X-003
52,-4,-4,52,QY0052X-004
52,-5,-5,52,QY0052X-005
52,-6,-6,52,QY0052X-006
52,-7,-7,52,QY0052X-007
52,-8,-8,52,QY0052X-008
52,-9,-9,52,QY0052X-009
52,-10,-10,52,QY0052X-010
52,-11,-11,52,QY0052X-011
52,-12,-12,52,QY0052X-012
52,-13,-13,52,QY0052X-013
52,-14,-14,52,QY0052X-014
52,-15,-15,52,QY0052X-015
52,-16,-16,52,QY0052X-016
52,-17,-17,52,QY0052X-017
52,-18,-18,52,QY0052X-018
52,-19,-19,52,QY0052X-019
52,-20,-20,52,QY0052X-020
52,-21,-21,52,QY0052X-021
52,-22,-22,52,QY0052X-022
52,-23,-23,52,QY0052X-023
52,-24,-24,52,QY0052X-024
52,-25,-25,52,QY0052X-025
52,-26,-26,52,QY0052X-026
52,-27,-27,52,QY0052X-027
52,-28,-28,52,QY0052X-028
52,-29,-29,52,QY0052X-029
52,-30,-30,52,QY0052X-030
52,-31,-31,52,QY0052X-031
52,-32,-32,52,QY0052X-032
52,-33,-33,52,QY0052X-033
52,-34,-34,52,QY0052X-034
52,-35,-35,52,QY0052X-035
52,-36,-36,52,QY0052X-036
52,-37,-37,52,QY0052X-037
52,-38,-38,52,QY0052X-038
52,-39,-39,52,QY0052X-039
52,-40,-40,52,QY0052X-040
52,-41,-41,52,QY0052X-041
52,-42,-42,52,QY0052X-042
53,-41,-41,53,QY0053X-041
53,-40,-40,53,QY0053X-040
53,-39,-39,53,QY0053X-039
53,-38,-38,53,QY0053X-038
53,-37,-37,53,QY0053X-037
53,-36,-36,53,QY0053X-036
53,-35,-35,53,QY0053X-035
53,-34,-34,53,QY0053X-034
53,-33,-33,53,QY0053X-033
53,-32,-32,53,QY0053X-032
53,-31,-31,53,QY0053X-031
53,-30,-30,53,QY0053X-030
53,-29,-29,53,QY0053X-029
53,-28,-28,53,QY0053X-028
53,-27,-27,53,QY0053X-027
53,-26,-26,53,QY0053X-026
53,-25,-25,53,QY0053X-025
53,-24,-24,53,QY0053X-024
53,-23,-23,53,QY0053X-023
53,-22,-22,53,QY0053X-022
53,-21,-21,53,QY0053X-021
53,-20,-20,53,QY0053X-020
53,-19,-19,53,QY0053X-019
53,-18,-18,53,QY0053X-018
53,-17,-17,53,QY0053X-017
53,-16,-16,53,QY0053X-016
53,-15,-15,53,QY0053X-015
53,-14,-14,53,QY0053X-014
53,-13,-13,53,QY0053X-013
53,-12,-12,53,QY0053X-012
53,-11,-11,53,QY0053X-011
53,-10,-10,53,QY0053X-010
53,-9,-9,53,QY0053X-009
53,-8,-8,53,QY0053X-008
53,-7,-7,53,QY0053X-007
53,-6,-6,53,QY0053X-006
53,-5,-5,53,QY0053X-005
53,-4,-4,53,QY0053X-004
53,-3,-3,53,QY0053X-003
53,-2,-2,53,QY0053X-002
53,-1,-1,53,QY0053X-001
53,0,0,53,QY0053X0000
53,1,1,53,QY0053X0001
53,2,2,53,QY0053X0002
53,3,3,53,QY0053X0003
53,4,4,53,QY0053X0004
53,5,5,53,QY0053X0005
53,6,6,53,QY0053X0006
53,7,7,53,QY0053X0007
53,8,8,53,QY0053X0008
53,9,9,53,QY0053X0009
53,10,10,53,QY0053X0010
53,11,11,53,QY0053X0011
53,12,12,53,QY0053X0012
53,13,13,53,QY0053X0013
53,14,14,53,QY0053X0014
53,15,15,53,QY0053X0015
53,16,16,53,QY0053X0016
53,17,17,53,QY0053X0017
53,18,18,53,QY0053X0018
53,19,19,53,QY0053X0019
53,20,20,53,QY0053X0020
53,21,21,53,QY0053X0021
53,22,22,53,QY0053X0022
53,23,23,53,QY0053X0023
53,24,24,53,QY0053X0024
53,25,25,53,QY0053X0025
53,26,26,53,QY0053X0026
53,27,27,53,QY0053X0027
53,28,28,53,QY0053X0028
53,29,29,53,QY0053X0029
53,30,30,53,QY0053X0030
53,31,31,53,QY0053X0031
53,32,32,53,QY0053X0032
53,33,33,53,QY0053X0033
53,34,34,53,QY0053X0034
53,35,35,53,QY0053X0035
53,36,36,53,QY0053X0036
53,37,37,53,QY0053X0037
53,38,38,53,QY0053X0038
53,39,39,53,QY0053X0039
53,40,40,53,QY0053X0040
53,41,41,53,QY0053X0041
53,42,42,53,QY0053X0042
53,43,43,53,QY0053X0043
53,44,44,53,QY0053X0044
53,45,45,53,QY0053X0045
53,46,46,53,QY0053X0046
53,47,47,53,QY0053X0047
53,48,48,53,QY0053X0048
53,49,49,53,QY0053X0049
53,50,50,53,QY0053X0050
53,51,51,53,QY0053X0051
54,50,50,54,QY0054X0050
54,49,49,54,QY0054X0049
54,48,48,54,QY0054X0048
54,47,47,54,QY0054X0047
54,46,46,54,QY0054X0046
54,45,45,54,QY0054X0045
54,44,44,54,QY0054X0044
54,43,43,54,QY0054X0043
54,42,42,54,QY0054X0042
54,41,41,54,QY0054X0041
54,40,40,54,QY0054X0040
54,39,39,54,QY0054X0039
54,38,38,54,QY0054X0038
54,37,37,54,QY0054X0037
54,36,36,54,QY0054X0036
54,35,35,54,QY0054X0035
54,34,34,54,QY0054X0034
54,33,33,54,QY0054X0033
54,32,32,54,QY0054X0032
54,31,31,54,QY0054X0031
54,30,30,54,QY0054X0030
54,29,29,54,QY0054X0029
54,28,28,54,QY0054X0028
54,27,27,54,QY0054X0027
54,26,26,54,QY0054X0026
54,25,25,54,QY0054X0025
54,24,24,54,QY0054X0024
54,23,23,54,QY0054X0023
54,22,22,54,QY0054X0022
54,21,21,54,QY0054X0021
54,20,20,54,QY0054X0020
54,19,19,54,QY0054X0019
54,18,18,54,QY0054X0018
54,17,17,54,QY0054X0017
54,16,16,54,QY0054X0016
54,15,15,54,QY0054X0015
54,14,14,54,QY0054X0014
54,13,13,54,QY0054X0013
54,12,12,54,QY0054X0012
54,11,11,54,QY0054X0011
54,10,10,54,QY0054X0010
54,9,9,54,QY0054X0009
54,8,8,54,QY0054X0008
54,7,7,54,QY0054X0007
54,6,6,54,QY0054X0006
54,5,5,54,QY0054X0005
54,4,4,54,QY0054X0004
54,3,3,54,QY0054X0003
54,2,2,54,QY0054X0002
54,1,1,54,QY0054X0001
54,0,0,54,QY0054X0000
54,-1,-1,54,QY0054X-001
54,-2,-2,54,QY0054X-002
54,-3,-3,54,QY0054X-003
54,-4,-4,54,QY0054X-004
54,-5,-5,54,QY0054X-005
54,-6,-6,54,QY0054X-006
54,-7,-7,54,QY0054X-007
54,-8,-8,54,QY0054X-008
54,-9,-9,54,QY0054X-009
54,-10,-10,54,QY0054X-010
54,-11,-11,54,QY0054X-011
54,-12,-12,54,QY0054X-012
54,-13,-13,54,QY0054X-013
54,-14,-14,54,QY0054X-014
54,-15,-15,54,QY0054X-015
54,-16,-16,54,QY0054X-016
54,-17,-17,54,QY0054X-017
54,-18,-18,54,QY0054X-018
54,-19,-19,54,QY0054X-019
54,-20,-20,54,QY0054X-020
54,-21,-21,54,QY0054X-021
54,-22,-22,54,QY0054X-022
54,-23,-23,54,QY0054X-023
54,-24,-24,54,QY0054X-024
54,-25,-25,54,QY0054X-025
54,-26,-26,54,QY0054X-026
54,-27,-27,54,QY0054X-027
54,-28,-28,54,QY0054X-028
54,-29,-29,54,QY0054X-029
54,-30,-30,54,QY0054X-030
54,-31,-31,54,QY0054X-031
54,-32,-32,54,QY0054X-032
54,-33,-33,54,QY0054X-033
54,-34,-34,54,QY0054X-034
54,-35,-35,54,QY0054X-035
54,-36,-36,54,QY0054X-036
54,-37,-37,54,QY0054X-037
54,-38,-38,54,QY0054X-038
54,-39,-39,54,QY0054X-039
54,-40,-40,54,QY0054X-040
55,-39,-39,55,QY0055X-039
55,-38,-38,55,QY0055X-038
55,-37,-37,55,QY0055X-037
55,-36,-36,55,QY0055X-036
55,-35,-35,55,QY0055X-035
55,-34,-34,55,QY0055X-034
55,-33,-33,55,QY0055X-033
55,-32,-32,55,QY0055X-032
55,-31,-31,55,QY0055X-031
55,-30,-30,55,QY0055X-030
55,-29,-29,55,QY0055X-029
55,-28,-28,55,QY0055X-028
55,-27,-27,55,QY0055X-027
55,-26,-26,55,QY0055X-026
55,-25,-25,55,QY0055X-025
55,-24,-24,55,QY0055X-024
55,-23,-23,55,QY0055X-023
55,-22,-22,55,QY0055X-022
55,-21,-21,55,QY0055X-021
55,-20,-20,55,QY0055X-020
55,-19,-19,55,QY0055X-019
55,-18,-18,55,QY0055X-018
55,-17,-17,55,QY0055X-017
55,-16,-16,55,QY0055X-016
55,-15,-15,55,QY0055X-015
55,-14,-14,55,QY0055X-014
55,-13,-13,55,QY0055X-013
55,-12,-12,55,QY0055X-012
55,-11,-11,55,QY0055X-011
55,-10,-10,55,QY0055X-010
55,-9,-9,55,QY0055X-009
55,-8,-8,55,QY0055X-008
55,-7,-7,55,QY0055X-007
55,-6,-6,55,QY0055X-006
55,-5,-5,55,QY0055X-005
55,-4,-4,55,QY0055X-004
55,-3,-3,55,QY0055X-003
55,-2,-2,55,QY0055X-002
55,-1,-1,55,QY0055X-001
55,0,0,55,QY0055X0000
55,1,1,55,QY0055X0001
55,2,2,55,QY0055X0002
55,3,3,55,QY0055X0003
55,4,4,55,QY0055X0004
55,5,5,55,QY0055X0005
55,6,6,55,QY0055X0006
55,7,7,55,QY0055X0007
55,8,8,55,QY0055X0008
55,9,9,55,QY0055X0009
55,10,10,55,QY0055X0010
55,11,11,55,QY0055X0011
55,12,12,55,QY0055X0012
55,13,13,55,QY0055X0013
55,14,14,55,QY0055X0014
55,15,15,55,QY0055X0015
55,16,16,55,QY0055X0016
55,17,17,55,QY0055X0017
55,18,18,55,QY0055X0018
55,19,19,55,QY0055X0019
55,20,20,55,QY0055X0020
55,21,21,55,QY0055X0021
55,22,22,55,QY0055X0022
55,23,23,55,QY0055X0023
55,24,24,55,QY0055X0024
55,25,25,55,QY0055X0025
55,26,26,55,QY0055X0026
55,27,27,55,QY0055X0027
55,28,28,55,QY0055X0028
55,29,29,55,QY0055X0029
55,30,30,55,QY0055X0030
55,31,31,55,QY0055X0031
55,32,32,55,QY0055X0032
55,33,33,55,QY0055X0033
55,34,34,55,QY0055X0034
55,35,35,55,QY0055X0035
55,36,36,55,QY0055X0036
55,37,37,55,QY0055X0037
55,38,38,55,QY0055X0038
55,39,39,55,QY0055X0039
55,40,40,55,QY0055X0040
55,41,41,55,QY0055X0041
55,42,42,55,QY0055X0042
55,43,43,55,QY0055X0043
55,44,44,55,QY0055X0044
55,45,45,55,QY0055X0045
55,46,46,55,QY0055X0046
55,47,47,55,QY0055X0047
55,48,48,55,QY0055X0048
56,47,47,56,QY0056X0047
56,46,46,56,QY0056X0046
56,45,45,56,QY0056X0045
56,44,44,56,QY0056X0044
56,43,43,56,QY0056X0043
56,42,42,56,QY0056X0042
56,41,41,56,QY0056X0041
56,40,40,56,QY0056X0040
56,39,39,56,QY0056X0039
56,38,38,56,QY0056X0038
56,37,37,56,QY0056X0037
56,36,36,56,QY0056X0036
56,35,35,56,QY0056X0035
56,34,34,56,QY0056X0034
56,33,33,56,QY0056X0033
56,32,32,56,QY0056X0032
56,31,31,56,QY0056X0031
56,30,30,56,QY0056X0030
56,29,29,56,QY0056X0029
56,28,28,56,QY0056X0028
56,27,27,56,QY0056X0027
56,26,26,56,QY0056X0026
56,25,25,56,QY0056X0025
56,24,24,56,QY0056X0024
56,23,23,56,QY0056X0023
56,22,22,56,QY0056X0022
56,21,21,56,QY0056X0021
56,20,20,56,QY0056X0020
56,19,19,56,QY0056X0019
56,18,18,56,QY0056X0018
56,17,17,56,QY0056X0017
56,16,16,56,QY0056X0016
56,15,15,56,QY0056X0015
56,14,14,56,QY0056X0014
56,13,13,56,QY0056X0013
56,12,12,56,QY0056X0012
56,11,11,56,QY0056X0011
56,10,10,56,QY0056X0010
56,9,9,56,QY0056X0009
56,8,8,56,QY0056X0008
56,7,7,56,QY0056X0007
56,6,6,56,QY0056X0006
56,5,5,56,QY0056X0005
56,4,4,56,QY0056X0004
56,3,3,56,QY0056X0003
56,2,2,56,QY0056X0002
56,1,1,56,QY0056X0001
56,0,0,56,QY0056X0000
56,-1,-1,56,QY0056X-001
56,-2,-2,56,QY0056X-002
56,-3,-3,56,QY0056X-003
56,-4,-4,56,QY0056X-004
56,-5,-5,56,QY0056X-005
56,-6,-6,56,QY0056X-006
56,-7,-7,56,QY0056X-007
56,-8,-8,56,QY0056X-008
56,-9,-9,56,QY0056X-009
56,-10,-10,56,QY0056X-010
56,-11,-11,56,QY0056X-011
56,-12,-12,56,QY0056X-012
56,-13,-13,56,QY0056X-013
56,-14,-14,56,QY0056X-014
56,-15,-15,56,QY0056X-015
56,-16,-16,56,QY0056X-016
56,-17,-17,56,QY0056X-017
56,-18,-18,56,QY0056X-018
56,-19,-19,56,QY0056X-019
56,-20,-20,56,QY0056X-020
56,-21,-21,56,QY0056X-021
56,-22,-22,56,QY0056X-022
56,-23,-23,56,QY0056X-023
56,-24,-24,56,QY0056X-024
56,-25,-25,56,QY0056X-025
56,-26,-26,56,QY0056X-026
56,-27,-27,56,QY0056X-027
56,-28,-28,56,QY0056X-028
56,-29,-29,56,QY0056X-029
56,-30,-30,56,QY0056X-030
56,-31,-31,56,QY0056X-031
56,-32,-32,56,QY0056X-032
56,-33,-33,56,QY0056X-033
56,-34,-34,56,QY0056X-034
56,-35,-35,56,QY0056X-035
56,-36,-36,56,QY0056X-036
56,-37,-37,56,QY0056X-037
57,-36,-36,57,QY0057X-036
57,-35,-35,57,QY0057X-035
57,-34,-34,57,QY0057X-034
57,-33,-33,57,QY0057X-033
57,-32,-32,57,QY0057X-032
57,-31,-31,57,QY0057X-031
57,-30,-30,57,QY0057X-030
57,-29,-29,57,QY0057X-029
57,-28,-28,57,QY0057X-028
57,-27,-27,57,QY0057X-027
57,-26,-26,57,QY0057X-026
57,-25,-25,57,QY0057X-025
57,-24,-24,57,QY0057X-024
57,-23,-23,57,QY0057X-023
57,-22,-22,57,QY0057X-022
57,-21,-21,57,QY0057X-021
57,-20,-20,57,QY0057X-020
57,-19,-19,57,QY0057X-019
57,-18,-18,57,QY0057X-018
57,-17,-17,57,QY0057X-017
57,-16,-16,57,QY0057X-016
57,-15,-15,57,QY0057X-015
57,-14,-14,57,QY0057X-014
57,-13,-13,57,QY0057X-013
57,-12,-12,57,QY0057X-012
57,-11,-11,57,QY0057X-011
57,-10,-10,57,QY0057X-010
57,-9,-9,57,QY0057X-009
57,-8,-8,57,QY0057X-008
57,-7,-7,57,QY0057X-007
57,-6,-6,57,QY0057X-006
57,-5,-5,57,QY0057X-005
57,-4,-4,57,QY0057X-004
57,-3,-3,57,QY0057X-003
57,-2,-2,57,QY0057X-002
57,-1,-1,57,QY0057X-001
57,0,0,57,QY0057X0000
57,1,1,57,QY0057X0001
57,2,2,57,QY0057X0002
57,3,3,57,QY0057X0003
57,4,4,57,QY0057X0004
57,5,5,57,QY0057X0005
57,6,6,57,QY0057X0006
57,7,7,57,QY0057X0007
57,8,8,57,QY0057X0008
57,9,9,57,QY0057X0009
57,10,10,57,QY0057X0010
57,11,11,57,QY0057X0011
57,12,12,57,QY0057X0012
57,13,13,57,QY0057X0013
57,14,14,57,QY0057X0014
57,15,15,57,QY0057X0015
57,16,16,57,QY0057X0016
57,17,17,57,QY0057X0017
57,18,18,57,QY0057X0018
57,19,19,57,QY0057X0019
57,20,20,57,QY0057X0020
57,21,21,57,QY0057X0021
57,22,22,57,QY0057X0022
57,23,23,57,QY0057X0023
57,24,24,57,QY0057X0024
57,25,25,57,QY0057X0025
57,26,26,57,QY0057X0026
57,27,27,57,QY0057X0027
57,28,28,57,QY0057X0028
57,29,29,57,QY0057X0029
57,30,30,57,QY0057X0030
57,31,31,57,QY0057X0031
57,32,32,57,QY0057X0032
57,33,33,57,QY0057X0033
57,34,34,57,QY0057X0034
57,35,35,57,QY0057X0035
57,36,36,57,QY0057X0036
57,37,37,57,QY0057X0037
57,38,38,57,QY0057X0038
57,39,39,57,QY0057X0039
57,40,40,57,QY0057X0040
57,41,41,57,QY0057X0041
57,42,42,57,QY0057X0042
57,43,43,57,QY0057X0043
57,44,44,57,QY0057X0044
57,45,45,57,QY0057X0045
57,46,46,57,QY0057X0046
58,45,45,58,QY0058X0045
58,44,44,58,QY0058X0044
58,43,43,58,QY0058X0043
58,42,42,58,QY0058X0042
58,41,41,58,QY0058X0041
58,40,40,58,QY0058X0040
58,39,39,58,QY0058X0039
58,38,38,58,QY0058X0038
58,37,37,58,QY0058X0037
58,36,36,58,QY0058X0036
58,35,35,58,QY0058X0035
58,34,34,58,QY0058X0034
58,33,33,58,QY0058X0033
58,32,32,58,QY0058X0032
58,31,31,58,QY0058X0031
58,30,30,58,QY0058X0030
58,29,29,58,QY0058X0029
58,28,28,58,QY0058X0028
58,27,27,58,QY0058X0027
58,26,26,58,QY0058X0026
58,25,25,58,QY0058X0025
58,24,24,58,QY0058X0024
58,23,23,58,QY0058X0023
58,22,22,58,QY0058X0022
58,21,21,58,QY0058X0021
58,20,20,58,QY0058X0020
58,19,19,58,QY0058X0019
58,18,18,58,QY0058X0018
58,17,17,58,QY0058X0017
58,16,16,58,QY0058X0016
58,15,15,58,QY0058X0015
58,14,14,58,QY0058X0014
58,13,13,58,QY0058X0013
58,12,12,58,QY0058X0012
58,11,11,58,QY0058X0011
58,10,10,58,QY0058X0010
58,9,9,58,QY0058X0009
58,8,8,58,QY0058X0008
58,7,7,58,QY0058X0007
58,6,6,58,QY0058X0006
58,5,5,58,QY0058X0005
58,4,4,58,QY0058X0004
58,3,3,58,QY0058X0003
58,2,2,58,QY0058X0002
58,1,1,58,QY0058X0001
58,0,0,58,QY0058X0000
58,-1,-1,58,QY0058X-001
58,-2,-2,58,QY0058X-002
58,-3,-3,58,QY0058X-003
58,-4,-4,58,QY0058X-004
58,-5,-5,58,QY0058X-005
58,-6,-6,58,QY0058X-006
58,-7,-7,58,QY0058X-007
58,-8,-8,58,QY0058X-008
58,-9,-9,58,QY0058X-009
58,-10,-10,58,QY0058X-010
58,-11,-11,58,QY0058X-011
58,-12,-12,58,QY0058X-012
58,-13,-13,58,QY0058X-013
58,-14,-14,58,QY0058X-014
58,-15,-15,58,QY0058X-015
58,-16,-16,58,QY0058X-016
58,-17,-17,58,QY0058X-017
58,-18,-18,58,QY0058X-018
58,-19,-19,58,QY0058X-019
58,-20,-20,58,QY0058X-020
58,-21,-21,58,QY0058X-021
58,-22,-22,58,QY0058X-022
58,-23,-23,58,QY0058X-023
58,-24,-24,58,QY0058X-024
58,-25,-25,58,QY0058X-025
58,-26,-26,58,QY0058X-026
58,-27,-27,58,QY0058X-027
58,-28,-28,58,QY0058X-028
58,-29,-29,58,QY0058X-029
58,-30,-30,58,QY0058X-030
58,-31,-31,58,QY0058X-031
58,-32,-32,58,QY0058X-032
58,-33,-33,58,QY0058X-033
58,-34,-34,58,QY0058X-034
58,-35,-35,58,QY0058X-035
59,-33,-33,59,QY0059X-033
59,-32,-32,59,QY0059X-032
59,-31,-31,59,QY0059X-031
59,-30,-30,59,QY0059X-030
59,-29,-29,59,QY0059X-029
59,-28,-28,59,QY0059X-028
59,-27,-27,59,QY0059X-027
59,-26,-26,59,QY0059X-026
59,-25,-25,59,QY0059X-025
59,-24,-24,59,QY0059X-024
59,-23,-23,59,QY0059X-023
59,-22,-22,59,QY0059X-022
59,-21,-21,59,QY0059X-021
59,-20,-20,59,QY0059X-020
59,-19,-19,59,QY0059X-019
59,-18,-18,59,QY0059X-018
59,-17,-17,59,QY0059X-017
59,-16,-16,59,QY0059X-016
59,-15,-15,59,QY0059X-015
59,-14,-14,59,QY0059X-014
59,-13,-13,59,QY0059X-013
59,-12,-12,59,QY0059X-012
59,-11,-11,59,QY0059X-011
59,-10,-10,59,QY0059X-010
59,-9,-9,59,QY0059X-009
59,-8,-8,59,QY0059X-008
59,-7,-7,59,QY0059X-007
59,-6,-6,59,QY0059X-006
59,-5,-5,59,QY0059X-005
59,-4,-4,59,QY0059X-004
59,-3,-3,59,QY0059X-003
59,-2,-2,59,QY0059X-002
59,-1,-1,59,QY0059X-001
59,0,0,59,QY0059X0000
59,1,1,59,QY0059X0001
59,2,2,59,QY0059X0002
59,3,3,59,QY0059X0003
59,4,4,59,QY0059X0004
59,5,5,59,QY0059X0005
59,6,6,59,QY0059X0006
59,7,7,59,QY0059X0007
59,8,8,59,QY0059X0008
59,9,9,59,QY0059X0009
59,10,10,59,QY0059X0010
59,11,11,59,QY0059X0011
59,12,12,59,QY0059X0012
59,13,13,59,QY0059X0013
59,14,14,59,QY0059X0014
59,15,15,59,QY0059X0015
59,16,16,59,QY0059X0016
59,17,17,59,QY0059X0017
59,18,18,59,QY0059X0018
59,19,19,59,QY0059X0019
59,20,20,59,QY0059X0020
59,21,21,59,QY0059X0021
59,22,22,59,QY0059X0022
59,23,23,59,QY0059X0023
59,24,24,59,QY0059X0024
59,25,25,59,QY0059X0025
59,26,26,59,QY0059X0026
59,27,27,59,QY0059X0027
59,28,28,59,QY0059X0028
59,29,29,59,QY0059X0029
59,30,30,59,QY0059X0030
59,31,31,59,QY0059X0031
59,32,32,59,QY0059X0032
59,33,33,59,QY0059X0033
59,34,34,59,QY0059X0034
59,35,35,59,QY0059X0035
59,36,36,59,QY0059X0036
59,37,37,59,QY0059X0037
59,38,38,59,QY0059X0038
59,39,39,59,QY0059X0039
59,40,40,59,QY0059X0040
59,41,41,59,QY0059X0041
59,42,42,59,QY0059X0042
59,43,43,59,QY0059X0043
60,42,42,60,QY0060X0042
60,41,41,60,QY0060X0041
60,40,40,60,QY0060X0040
60,39,39,60,QY0060X0039
60,38,38,60,QY0060X0038
60,37,37,60,QY0060X0037
60,36,36,60,QY0060X0036
60,35,35,60,QY0060X0035
60,34,34,60,QY0060X0034
60,33,33,60,QY0060X0033
60,32,32,60,QY0060X0032
60,31,31,60,QY0060X0031
60,30,30,60,QY0060X0030
60,29,29,60,QY0060X0029
60,28,28,60,QY0060X0028
60,27,27,60,QY0060X0027
60,26,26,60,QY0060X0026
60,25,25,60,QY0060X0025
60,24,24,60,QY0060X0024
60,23,23,60,QY0060X0023
60,22,22,60,QY0060X0022
60,21,21,60,QY0060X0021
60,20,20,60,QY0060X0020
60,19,19,60,QY0060X0019
60,18,18,60,QY0060X0018
60,17,17,60,QY0060X0017
60,16,16,60,QY0060X0016
60,15,15,60,QY0060X0015
60,14,14,60,QY0060X0014
60,13,13,60,QY0060X0013
60,12,12,60,QY0060X0012
60,11,11,60,QY0060X0011
60,10,10,60,QY0060X0010
60,9,9,60,QY0060X0009
60,8,8,60,QY0060X0008
60,7,7,60,QY0060X0007
60,6,6,60,QY0060X0006
60,5,5,60,QY0060X0005
60,4,4,60,QY0060X0004
60,3,3,60,QY0060X0003
60,2,2,60,QY0060X0002
60,1,1,60,QY0060X0001
60,0,0,60,QY0060X0000
60,-1,-1,60,QY0060X-001
60,-2,-2,60,QY0060X-002
60,-3,-3,60,QY0060X-003
60,-4,-4,60,QY0060X-004
60,-5,-5,60,QY0060X-005
60,-6,-6,60,QY0060X-006
60,-7,-7,60,QY0060X-007
60,-8,-8,60,QY0060X-008
60,-9,-9,60,QY0060X-009
60,-10,-10,60,QY0060X-010
60,-11,-11,60,QY0060X-011
60,-12,-12,60,QY0060X-012
60,-13,-13,60,QY0060X-013
60,-14,-14,60,QY0060X-014
60,-15,-15,60,QY0060X-015
60,-16,-16,60,QY0060X-016
60,-17,-17,60,QY0060X-017
60,-18,-18,60,QY0060X-018
60,-19,-19,60,QY0060X-019
60,-20,-20,60,QY0060X-020
60,-21,-21,60,QY0060X-021
60,-22,-22,60,QY0060X-022
60,-23,-23,60,QY0060X-023
60,-24,-24,60,QY0060X-024
60,-25,-25,60,QY0060X-025
60,-26,-26,60,QY0060X-026
60,-27,-27,60,QY0060X-027
60,-28,-28,60,QY0060X-028
60,-29,-29,60,QY0060X-029
60,-30,-30,60,QY0060X-030
60,-31,-31,60,QY0060X-031
60,-32,-32,60,QY0060X-032
61,-30,-30,61,QY0061X-030
61,-29,-29,61,QY0061X-029
61,-28,-28,61,QY0061X-028
61,-27,-27,61,QY0061X-027
61,-26,-26,61,QY0061X-026
61,-25,-25,61,QY0061X-025
61,-24,-24,61,QY0061X-024
61,-23,-23,61,QY0061X-023
61,-22,-22,61,QY0061X-022
61,-21,-21,61,QY0061X-021
61,-20,-20,61,QY0061X-020
61,-19,-19,61,QY0061X-019
61,-18,-18,61,QY0061X-018
61,-17,-17,61,QY0061X-017
61,-16,-16,61,QY0061X-016
61,-15,-15,61,QY0061X-015
61,-14,-14,61,QY0061X-014
61,-13,-13,61,QY0061X-013
61,-12,-12,61,QY0061X-012
61,-11,-11,61,QY0061X-011
61,-10,-10,61,QY0061X-010
61,-9,-9,61,QY0061X-009
61,-8,-8,61,QY0061X-008
61,-7,-7,61,QY0061X-007
61,-6,-6,61,QY0061X-006
61,-5,-5,61,QY0061X-005
61,-4,-4,61,QY0061X-004
61,-3,-3,61,QY0061X-003
61,-2,-2,61,QY0061X-002
61,-1,-1,61,QY0061X-001
61,0,0,61,QY0061X0000
61,1,1,61,QY0061X0001
61,2,2,61,QY0061X0002
61,3,3,61,QY0061X0003
61,4,4,61,QY0061X0004
61,5,5,61,QY0061X0005
61,6,6,61,QY0061X0006
61,7,7,61,QY0061X0007
61,8,8,61,QY0061X0008
61,9,9,61,QY0061X0009
61,10,10,61,QY0061X0010
61,11,11,61,QY0061X0011
61,12,12,61,QY0061X0012
61,13,13,61,QY0061X0013
61,14,14,61,QY0061X0014
61,15,15,61,QY0061X0015
61,16,16,61,QY0061X0016
61,17,17,61,QY0061X0017
61,18,18,61,QY0061X0018
61,19,19,61,QY0061X0019
61,20,20,61,QY0061X0020
61,21,21,61,QY0061X0021
61,22,22,61,QY0061X0022
61,23,23,61,QY0061X0023
61,24,24,61,QY0061X0024
61,25,25,61,QY0061X0025
61,26,26,61,QY0061X0026
61,27,27,61,QY0061X0027
61,28,28,61,QY0061X0028
61,29,29,61,QY0061X0029
61,30,30,61,QY0061X0030
61,31,31,61,QY0061X0031
61,32,32,61,QY0061X0032
61,33,33,61,QY0061X0033
61,34,34,61,QY0061X0034
61,35,35,61,QY0061X0035
61,36,36,61,QY0061X0036
61,37,37,61,QY0061X0037
61,38,38,61,QY0061X0038
61,39,39,61,QY0061X0039
61,40,40,61,QY0061X0040
62,39,39,62,QY0062X0039
62,38,38,62,QY0062X0038
62,37,37,62,QY0062X0037
62,36,36,62,QY0062X0036
62,35,35,62,QY0062X0035
62,34,34,62,QY0062X0034
62,33,33,62,QY0062X0033
62,32,32,62,QY0062X0032
62,31,31,62,QY0062X0031
62,30,30,62,QY0062X0030
62,29,29,62,QY0062X0029
62,28,28,62,QY0062X0028
62,27,27,62,QY0062X0027
62,26,26,62,QY0062X0026
62,25,25,62,QY0062X0025
62,24,24,62,QY0062X0024
62,23,23,62,QY0062X0023
62,22,22,62,QY0062X0022
62,21,21,62,QY0062X0021
62,20,20,62,QY0062X0020
62,19,19,62,QY0062X0019
62,18,18,62,QY0062X0018
62,17,17,62,QY0062X0017
62,16,16,62,QY0062X0016
62,15,15,62,QY0062X0015
62,14,14,62,QY0062X0014
62,13,13,62,QY0062X0013
62,12,12,62,QY0062X0012
62,11,11,62,QY0062X0011
62,10,10,62,QY0062X0010
62,9,9,62,QY0062X0009
62,8,8,62,QY0062X0008
62,7,7,62,QY0062X0007
62,6,6,62,QY0062X0006
62,5,5,62,QY0062X0005
62,4,4,62,QY0062X0004
62,3,3,62,QY0062X0003
62,2,2,62,QY0062X0002
62,1,1,62,QY0062X0001
62,0,0,62,QY0062X0000
62,-1,-1,62,QY0062X-001
62,-2,-2,62,QY0062X-002
62,-3,-3,62,QY0062X-003
62,-4,-4,62,QY0062X-004
62,-5,-5,62,QY0062X-005
62,-6,-6,62,QY0062X-006
62,-7,-7,62,QY0062X-007
62,-8,-8,62,QY0062X-008
62,-9,-9,62,QY0062X-009
62,-10,-10,62,QY0062X-010
62,-11,-11,62,QY0062X-011
62,-12,-12,62,QY0062X-012
62,-13,-13,62,QY0062X-013
62,-14,-14,62,QY0062X-014
62,-15,-15,62,QY0062X-015
62,-16,-16,62,QY0062X-016
62,-17,-17,62,QY0062X-017
62,-18,-18,62,QY0062X-018
62,-19,-19,62,QY0062X-019
62,-20,-20,62,QY0062X-020
62,-21,-21,62,QY0062X-021
62,-22,-22,62,QY0062X-022
62,-23,-23,62,QY0062X-023
62,-24,-24,62,QY0062X-024
62,-25,-25,62,QY0062X-025
62,-26,-26,62,QY0062X-026
62,-27,-27,62,QY0062X-027
62,-28,-28,62,QY0062X-028
62,-29,-29,62,QY0062X-029
63,-27,-27,63,QY0063X-027
63,-26,-26,63,QY0063X-026
63,-25,-25,63,QY0063X-025
63,-24,-24,63,QY0063X-024
63,-23,-23,63,QY0063X-023
63,-22,-22,63,QY0063X-022
63,-21,-21,63,QY0063X-021
63,-20,-20,63,QY0063X-020
63,-19,-19,63,QY0063X-019
63,-18,-18,63,QY0063X-018
63,-17,-17,63,QY0063X-017
63,-16,-16,63,QY0063X-016
63,-15,-15,63,QY0063X-015
63,-14,-14,63,QY0063X-014
63,-13,-13,63,QY0063X-013
63,-12,-12,63,QY0063X-012
63,-11,-11,63,QY0063X-011
63,-10,-10,63,QY0063X-010
63,-9,-9,63,QY0063X-009
63,-8,-8,63,QY0063X-008
63,-7,-7,63,QY0063X-007
63,-6,-6,63,QY0063X-006
63,-5,-5,63,QY0063X-005
63,-4,-4,63,QY0063X-004
63,-3,-3,63,QY0063X-003
63,-2,-2,63,QY0063X-002
63,-1,-1,63,QY0063X-001
63,0,0,63,QY0063X0000
63,1,1,63,QY0063X0001
63,2,2,63,QY0063X0002
63,3,3,63,QY0063X0003
63,4,4,63,QY0063X0004
63,5,5,63,QY0063X0005
63,6,6,63,QY0063X0006
63,7,7,63,QY0063X0007
63,8,8,63,QY0063X0008
63,9,9,63,QY0063X0009
63,10,10,63,QY0063X0010
63,11,11,63,QY0063X0011
63,12,12,63,QY0063X0012
63,13,13,63,QY0063X0013
63,14,14,63,QY0063X0014
63,15,15,63,QY0063X0015
63,16,16,63,QY0063X0016
63,17,17,63,QY0063X0017
63,18,18,63,QY0063X0018
63,19,19,63,QY0063X0019
63,20,20,63,QY0063X0020
63,21,21,63,QY0063X0021
63,22,22,63,QY0063X0022
63,23,23,63,QY0063X0023
63,24,24,63,QY0063X0024
63,25,25,63,QY0063X0025
63,26,26,63,QY0063X0026
63,27,27,63,QY0063X0027
63,28,28,63,QY0063X0028
63,29,29,63,QY0063X0029
63,30,30,63,QY0063X0030
63,31,31,63,QY0063X0031
63,32,32,63,QY0063X0032
63,33,33,63,QY0063X0033
63,34,34,63,QY0063X0034
63,35,35,63,QY0063X0035
63,36,36,63,QY0063X0036
63,37,37,63,QY0063X0037
64,35,35,64,QY0064X0035
64,34,34,64,QY0064X0034
64,33,33,64,QY0064X0033
64,32,32,64,QY0064X0032
64,31,31,64,QY0064X0031
64,30,30,64,QY0064X0030
64,29,29,64,QY0064X0029
64,28,28,64,QY0064X0028
64,27,27,64,QY0064X0027
64,26,26,64,QY0064X0026
64,25,25,64,QY0064X0025
64,24,24,64,QY0064X0024
64,23,23,64,QY0064X0023
64,22,22,64,QY0064X0022
64,21,21,64,QY0064X0021
64,20,20,64,QY0064X0020
64,19,19,64,QY0064X0019
64,18,18,64,QY0064X0018
64,17,17,64,QY0064X0017
64,16,16,64,QY0064X0016
64,15,15,64,QY0064X0015
64,14,14,64,QY0064X0014
64,13,13,64,QY0064X0013
64,12,12,64,QY0064X0012
64,11,11,64,QY0064X0011
64,10,10,64,QY0064X0010
64,9,9,64,QY0064X0009
64,8,8,64,QY0064X0008
64,7,7,64,QY0064X0007
64,6,6,64,QY0064X0006
64,5,5,64,QY0064X0005
64,4,4,64,QY0064X0004
64,3,3,64,QY0064X0003
64,2,2,64,QY0064X0002
64,1,1,64,QY0064X0001
64,0,0,64,QY0064X0000
64,-1,-1,64,QY0064X-001
64,-2,-2,64,QY0064X-002
64,-3,-3,64,QY0064X-003
64,-4,-4,64,QY0064X-004
64,-5,-5,64,QY0064X-005
64,-6,-6,64,QY0064X-006
64,-7,-7,64,QY0064X-007
64,-8,-8,64,QY0064X-008
64,-9,-9,64,QY0064X-009
64,-10,-10,64,QY0064X-010
64,-11,-11,64,QY0064X-011
64,-12,-12,64,QY0064X-012
64,-13,-13,64,QY0064X-013
64,-14,-14,64,QY0064X-014
64,-15,-15,64,QY0064X-015
64,-16,-16,64,QY0064X-016
64,-17,-17,64,QY0064X-017
64,-18,-18,64,QY0064X-018
64,-19,-19,64,QY0064X-019
64,-20,-20,64,QY0064X-020
64,-21,-21,64,QY0064X-021
64,-22,-22,64,QY0064X-022
64,-23,-23,64,QY0064X-023
64,-24,-24,64,QY0064X-024
64,-25,-25,64,QY0064X-025
65,-23,-23,65,QY0065X-023
65,-22,-22,65,QY0065X-022
65,-21,-21,65,QY0065X-021
65,-20,-20,65,QY0065X-020
65,-19,-19,65,QY0065X-019
65,-18,-18,65,QY0065X-018
65,-17,-17,65,QY0065X-017
65,-16,-16,65,QY0065X-016
65,-15,-15,65,QY0065X-015
65,-14,-14,65,QY0065X-014
65,-13,-13,65,QY0065X-013
65,-12,-12,65,QY0065X-012
65,-11,-11,65,QY0065X-011
65,-10,-10,65,QY0065X-010
65,-9,-9,65,QY0065X-009
65,-8,-8,65,QY0065X-008
65,-7,-7,65,QY0065X-007
65,-6,-6,65,QY0065X-006
65,-5,-5,65,QY0065X-005
65,-4,-4,65,QY0065X-004
65,-3,-3,65,QY0065X-003
65,-2,-2,65,QY0065X-002
65,-1,-1,65,QY0065X-001
65,0,0,65,QY0065X0000
65,1,1,65,QY0065X0001
65,2,2,65,QY0065X0002
65,3,3,65,QY0065X0003
65,4,4,65,QY0065X0004
65,5,5,65,QY0065X0005
65,6,6,65,QY0065X0006
65,7,7,65,QY0065X0007
65,8,8,65,QY0065X0008
65,9,9,65,QY0065X0009
65,10,10,65,QY0065X0010
65,11,11,65,QY0065X0011
65,12,12,65,QY0065X0012
65,13,13,65,QY0065X0013
65,14,14,65,QY0065X0014
65,15,15,65,QY0065X0015
65,16,16,65,QY0065X0016
65,17,17,65,QY0065X0017
65,18,18,65,QY0065X0018
65,19,19,65,QY0065X0019
65,20,20,65,QY0065X0020
65,21,21,65,QY0065X0021
65,22,22,65,QY0065X0022
65,23,23,65,QY0065X0023
65,24,24,65,QY0065X0024
65,25,25,65,QY0065X0025
65,26,26,65,QY0065X0026
65,27,27,65,QY0065X0027
65,28,28,65,QY0065X0028
65,29,29,65,QY0065X0029
65,30,30,65,QY0065X0030
65,31,31,65,QY0065X0031
65,32,32,65,QY0065X0032
65,33,33,65,QY0065X0033
66,31,31,66,QY0066X0031
66,30,30,66,QY0066X0030
66,29,29,66,QY0066X0029
66,28,28,66,QY0066X0028
66,27,27,66,QY0066X0027
66,26,26,66,QY0066X0026
66,25,25,66,QY0066X0025
66,24,24,66,QY0066X0024
66,23,23,66,QY0066X0023
66,22,22,66,QY0066X0022
66,21,21,66,QY0066X0021
66,20,20,66,QY0066X0020
66,19,19,66,QY0066X0019
66,18,18,66,QY0066X0018
66,17,17,66,QY0066X0017
66,16,16,66,QY0066X0016
66,15,15,66,QY0066X0015
66,14,14,66,QY0066X0014
66,13,13,66,QY0066X0013
66,12,12,66,QY0066X0012
66,11,11,66,QY0066X0011
66,10,10,66,QY0066X0010
66,9,9,66,QY0066X0009
66,8,8,66,QY0066X0008
66,7,7,66,QY0066X0007
66,6,6,66,QY0066X0006
66,5,5,66,QY0066X0005
66,4,4,66,QY0066X0004
66,3,3,66,QY0066X0003
66,2,2,66,QY0066X0002
66,1,1,66,QY0066X0001
66,0,0,66,QY0066X0000
66,-1,-1,66,QY0066X-001
66,-2,-2,66,QY0066X-002
66,-3,-3,66,QY0066X-003
66,-4,-4,66,QY0066X-004
66,-5,-5,66,QY0066X-005
66,-6,-6,66,QY0066X-006
66,-7,-7,66,QY0066X-007
66,-8,-8,66,QY0066X-008
66,-9,-9,66,QY0066X-009
66,-10,-10,66,QY0066X-010
66,-11,-11,66,QY0066X-011
66,-12,-12,66,QY0066X-012
66,-13,-13,66,QY0066X-013
66,-14,-14,66,QY0066X-014
66,-15,-15,66,QY0066X-015
66,-16,-16,66,QY0066X-016
66,-17,-17,66,QY0066X-017
66,-18,-18,66,QY0066X-018
66,-19,-19,66,QY0066X-019
66,-20,-20,66,QY0066X-020
66,-21,-21,66,QY0066X-021
67,-18,-18,67,QY0067X-018
67,-17,-17,67,QY0067X-017
67,-16,-16,67,QY0067X-016
67,-15,-15,67,QY0067X-015
67,-14,-14,67,QY0067X-014
67,-13,-13,67,QY0067X-013
67,-12,-12,67,QY0067X-012
67,-11,-11,67,QY0067X-011
67,-10,-10,67,QY0067X-010
67,-9,-9,67,QY0067X-009
67,-8,-8,67,QY0067X-008
67,-7,-7,67,QY0067X-007
67,-6,-6,67,QY0067X-006
67,-5,-5,67,QY0067X-005
67,-4,-4,67,QY0067X-004
67,-3,-3,67,QY0067X-003
67,-2,-2,67,QY0067X-002
67,-1,-1,67,QY0067X-001
67,0,0,67,QY0067X0000
67,1,1,67,QY0067X0001
67,2,2,67,QY0067X0002
67,3,3,67,QY0067X0003
67,4,4,67,QY0067X0004
67,5,5,67,QY0067X0005
67,6,6,67,QY0067X0006
67,7,7,67,QY0067X0007
67,8,8,67,QY0067X0008
67,9,9,67,QY0067X0009
67,10,10,67,QY0067X0010
67,11,11,67,QY0067X0011
67,12,12,67,QY0067X0012
67,13,13,67,QY0067X0013
67,14,14,67,QY0067X0014
67,15,15,67,QY0067X0015
67,16,16,67,QY0067X0016
67,17,17,67,QY0067X0017
67,18,18,67,QY0067X0018
67,19,19,67,QY0067X0019
67,20,20,67,QY0067X0020
67,21,21,67,QY0067X0021
67,22,22,67,QY0067X0022
67,23,23,67,QY0067X0023
67,24,24,67,QY0067X0024
67,25,25,67,QY0067X0025
67,26,26,67,QY0067X0026
67,27,27,67,QY0067X0027
67,28,28,67,QY0067X0028
68,25,25,68,QY0068X0025
68,24,24,68,QY0068X0024
68,23,23,68,QY0068X0023
68,22,22,68,QY0068X0022
68,21,21,68,QY0068X0021
68,20,20,68,QY0068X0020
68,19,19,68,QY0068X0019
68,18,18,68,QY0068X0018
68,17,17,68,QY0068X0017
68,16,16,68,QY0068X0016
68,15,15,68,QY0068X0015
68,14,14,68,QY0068X0014
68,13,13,68,QY0068X0013
68,12,12,68,QY0068X0012
68,11,11,68,QY0068X0011
68,10,10,68,QY0068X0010
68,9,9,68,QY0068X0009
68,8,8,68,QY0068X0008
68,7,7,68,QY0068X0007
68,6,6,68,QY0068X0006
68,5,5,68,QY0068X0005
68,4,4,68,QY0068X0004
68,3,3,68,QY0068X0003
68,2,2,68,QY0068X0002
68,1,1,68,QY0068X0001
68,0,0,68,QY0068X0000
68,-1,-1,68,QY0068X-001
68,-2,-2,68,QY0068X-002
68,-3,-3,68,QY0068X-003
68,-4,-4,68,QY0068X-004
68,-5,-5,68,QY0068X-005
68,-6,-6,68,QY0068X-006
68,-7,-7,68,QY0068X-007
68,-8,-8,68,QY0068X-008
68,-9,-9,68,QY0068X-009
68,-10,-10,68,QY0068X-010
68,-11,-11,68,QY0068X-011
68,-12,-12,68,QY0068X-012
68,-13,-13,68,QY0068X-013
68,-14,-14,68,QY0068X-014
68,-15,-15,68,QY0068X-015
69,-12,-12,69,QY0069X-012
69,-11,-11,69,QY0069X-011
69,-10,-10,69,QY0069X-010
69,-9,-9,69,QY0069X-009
69,-8,-8,69,QY0069X-008
69,-7,-7,69,QY0069X-007
69,-6,-6,69,QY0069X-006
69,-5,-5,69,QY0069X-005
69,-4,-4,69,QY0069X-004
69,-3,-3,69,QY0069X-003
69,-2,-2,69,QY0069X-002
69,-1,-1,69,QY0069X-001
69,0,0,69,QY0069X0000
69,1,1,69,QY0069X0001
69,2,2,69,QY0069X0002
69,3,3,69,QY0069X0003
69,4,4,69,QY0069X0004
69,5,5,69,QY0069X0005
69,6,6,69,QY0069X0006
69,7,7,69,QY0069X0007
69,8,8,69,QY0069X0008
69,9,9,69,QY0069X0009
69,10,10,69,QY0069X0010
69,11,11,69,QY0069X0011
69,12,12,69,QY0069X0012
69,13,13,69,QY0069X0013
69,14,14,69,QY0069X0014
69,15,15,69,QY0069X0015
69,16,16,69,QY0069X0016
69,17,17,69,QY0069X0017
69,18,18,69,QY0069X0018
69,19,19,69,QY0069X0019
69,20,20,69,QY0069X0020
69,21,21,69,QY0069X0021
69,22,22,69,QY0069X0022
70,17,17,70,QY0070X0017
70,16,16,70,QY0070X0016
70,15,15,70,QY0070X0015
70,14,14,70,QY0070X0014
70,13,13,70,QY0070X0013
70,12,12,70,QY0070X0012
70,11,11,70,QY0070X0011
70,10,10,70,QY0070X0010
70,9,9,70,QY0070X0009
70,8,8,70,QY0070X0008
70,7,7,70,QY0070X0007
70,6,6,70,QY0070X0006
70,5,5,70,QY0070X0005
70,4,4,70,QY0070X0004
70,3,3,70,QY0070X0003
70,2,2,70,QY0070X0002
70,1,1,70,QY0070X0001
70,0,0,70,QY0070X0000
70,-1,-1,70,QY0070X-001
70,-2,-2,70,QY0070X-002
70,-3,-3,70,QY0070X-003
70,-4,-4,70,QY0070X-004
70,-5,-5,70,QY0070X-005
70,-6,-6,70,QY0070X-006
70,-7,-7,70,QY0070X-007
71,-1,-1,71,QY0071X-001
71,0,0,71,QY0071X0000
71,1,1,71,QY0071X0001
71,2,2,71,QY0071X0002
71,3,3,71,QY0071X0003
71,4,4,71,QY0071X0004
71,5,5,71,QY0071X0005
71,6,6,71,QY0071X0006
71,7,7,71,QY0071X0007
71,8,8,71,QY0071X0008
71,9,9,71,QY0071X0009
71,10,10,71,QY0071X0010
71,11,11,71,QY0071X0011
