row,col,seq,quad_pos,device_id,x_um,y_um,map_x,map_y,shot_x,shot_y,enabled
28,0,159,R0C0,,0,-28000,0,28000,0,28000,1
28,1,159,R0C1,,1000,-28000,1000,28000,0,28000,1
28,2,159,R0C2,,2000,-28000,2000,28000,0,28000,1
28,3,159,R0C3,,3000,-28000,3000,28000,0,28000,1
28,4,159,R0C4,,4000,-28000,4000,28000,0,28000,1
28,5,159,R0C5,,5000,-28000,5000,28000,0,28000,1
28,6,159,R0C6,,6000,-28000,6000,28000,0,28000,1
28,7,159,R0C7,,7000,-28000,7000,28000,0,28000,1
28,8,159,R0C8,,8000,-28000,8000,28000,0,28000,1
29,0,159,R1C0,,0,-29000,0,29000,0,28000,1
29,1,159,R1C1,,1000,-29000,1000,29000,0,28000,1
29,2,159,R1C2,,2000,-29000,2000,29000,0,28000,1
29,3,159,R1C3,,3000,-29000,3000,29000,0,28000,1
29,4,159,R1C4,,4000,-29000,4000,29000,0,28000,1
29,5,159,R1C5,,5000,-29000,5000,29000,0,28000,1
29,6,159,R1C6,,6000,-29000,6000,29000,0,28000,1
29,7,159,R1C7,,7000,-29000,7000,29000,0,28000,1
29,8,159,R1C8,,8000,-29000,8000,29000,0,28000,1
30,0,159,R2C0,,0,-30000,0,30000,0,28000,1
30,1,159,R2C1,,1000,-30000,1000,30000,0,28000,1
30,2,159,R2C2,,2000,-30000,2000,30000,0,28000,1
30,3,159,R2C3,,3000,-30000,3000,30000,0,28000,1
30,4,159,R2C4,,4000,-30000,4000,30000,0,28000,1
30,5,159,R2C5,,5000,-30000,5000,30000,0,28000,1
30,6,159,R2C6,,6000,-30000,6000,30000,0,28000,1
30,7,159,R2C7,,7000,-30000,7000,30000,0,28000,1
30,8,159,R2C8,,8000,-30000,8000,30000,0,28000,1
31,0,159,R3C0,,0,-31000,0,31000,0,28000,1
31,1,159,R3C1,,1000,-31000,1000,31000,0,28000,1
31,2,159,R3C2,,2000,-31000,2000,31000,0,28000,1
31,3,159,R3C3,,3000,-31000,3000,31000,0,28000,1
31,4,159,R3C4,,4000,-31000,4000,31000,0,28000,1
31,5,159,R3C5,,5000,-31000,5000,31000,0,28000,1
31,6,159,R3C6,,6000,-31000,6000,31000,0,28000,1
31,7,159,R3C7,,7000,-31000,7000,31000,0,28000,1
31,8,159,R3C8,,8000,-31000,8000,31000,0,28000,1
32,0,159,R4C0,,0,-32000,0,32000,0,28000,1
32,1,159,R4C1,,1000,-32000,1000,32000,0,28000,1
32,2,159,R4C2,,2000,-32000,2000,32000,0,28000,1
32,3,159,R4C3,,3000,-32000,3000,32000,0,28000,1
32,4,159,R4C4,,4000,-32000,4000,32000,0,28000,1
32,5,159,R4C5,,5000,-32000,5000,32000,0,28000,1
32,6,159,R4C6,,6000,-32000,6000,32000,0,28000,1
32,7,159,R4C7,,7000,-32000,7000,32000,0,28000,1
32,8,159,R4C8,,8000,-32000,8000,32000,0,28000,1
33,0,159,R5C0,,0,-33000,0,33000,0,28000,1
33,1,159,R5C1,,1000,-33000,1000,33000,0,28000,1
33,2,159,R5C2,,2000,-33000,2000,33000,0,28000,1
33,3,159,R5C3,,3000,-33000,3000,33000,0,28000,1
33,4,159,R5C4,,4000,-33000,4000,33000,0,28000,1
33,5,159,R5C5,,5000,-33000,5000,33000,0,28000,1
33,6,159,R5C6,,6000,-33000,6000,33000,0,28000,1
33,7,159,R5C7,,7000,-33000,7000,33000,0,28000,1
33,8,159,R5C8,,8000,-33000,8000,33000,0,28000,1
34,0,159,R6C0,,0,-34000,0,34000,0,28000,1
34,1,159,R6C1,,1000,-34000,1000,34000,0,28000,1
34,2,159,R6C2,,2000,-34000,2000,34000,0,28000,1
34,3,159,R6C3,,3000,-34000,3000,34000,0,28000,1
34,4,159,R6C4,,4000,-34000,4000,34000,0,28000,1
34,5,159,R6C5,,5000,-34000,5000,34000,0,28000,1
34,6,159,R6C6,2-7-7-6,6000,-34000,6000,34000,0,28000,1
34,7,159,R6C7,1-7-7-6,7000,-34000,7000,34000,0,28000,1
34,8,159,R6C8,,8000,-34000,8000,34000,0,28000,1
-35,-27,34,R0C0,,-27000,35000,-27000,-35000,-27000,-35000,1
-35,-26,34,R0C1,,-26000,35000,-26000,-35000,-27000,-35000,1
-35,-25,34,R0C2,,-25000,35000,-25000,-35000,-27000,-35000,1
-35,-24,34,R0C3,,-24000,35000,-24000,-35000,-27000,-35000,1
-35,-23,34,R0C4,,-23000,35000,-23000,-35000,-27000,-35000,1
-35,-22,34,R0C5,,-22000,35000,-22000,-35000,-27000,-35000,1
-35,-21,34,R0C6,,-21000,35000,-21000,-35000,-27000,-35000,1
-35,-20,34,R0C7,,-20000,35000,-20000,-35000,-27000,-35000,1
-35,-19,34,R0C8,,-19000,35000,-19000,-35000,-27000,-35000,1
-34,-27,34,R1C0,,-27000,34000,-27000,-34000,-27000,-35000,1
-34,-26,34,R1C1,,-26000,34000,-26000,-34000,-27000,-35000,1
-34,-25,34,R1C2,,-25000,34000,-25000,-34000,-27000,-35000,1
-34,-24,34,R1C3,,-24000,34000,-24000,-34000,-27000,-35000,1
-34,-23,34,R1C4,,-23000,34000,-23000,-34000,-27000,-35000,1
-34,-22,34,R1C5,,-22000,34000,-22000,-34000,-27000,-35000,1
-34,-21,34,R1C6,,-21000,34000,-21000,-34000,-27000,-35000,1
-34,-20,34,R1C7,,-20000,34000,-20000,-34000,-27000,-35000,1
-34,-19,34,R1C8,,-19000,34000,-19000,-34000,-27000,-35000,1
-33,-27,34,R2C0,,-27000,33000,-27000,-33000,-27000,-35000,1
-33,-26,34,R2C1,,-26000,33000,-26000,-33000,-27000,-35000,1
-33,-25,34,R2C2,,-25000,33000,-25000,-33000,-27000,-35000,1
-33,-24,34,R2C3,,-24000,33000,-24000,-33000,-27000,-35000,1
-33,-23,34,R2C4,,-23000,33000,-23000,-33000,-27000,-35000,1
-33,-22,34,R2C5,,-22000,33000,-22000,-33000,-27000,-35000,1
-33,-21,34,R2C6,,-21000,33000,-21000,-33000,-27000,-35000,1
-33,-20,34,R2C7,,-20000,33000,-20000,-33000,-27000,-35000,1
-33,-19,34,R2C8,,-19000,33000,-19000,-33000,-27000,-35000,1
-32,-27,34,R3C0,,-27000,32000,-27000,-32000,-27000,-35000,1
-32,-26,34,R3C1,,-26000,32000,-26000,-32000,-27000,-35000,1
-32,-25,34,R3C2,,-25000,32000,-25000,-32000,-27000,-35000,1
-32,-24,34,R3C3,,-24000,32000,-24000,-32000,-27000,-35000,1
-32,-23,34,R3C4,,-23000,32000,-23000,-32000,-27000,-35000,1
-32,-22,34,R3C5,,-22000,32000,-22000,-32000,-27000,-35000,1
-32,-21,34,R3C6,,-21000,32000,-21000,-32000,-27000,-35000,1
-32,-20,34,R3C7,,-20000,32000,-20000,-32000,-27000,-35000,1
-32,-19,34,R3C8,,-19000,32000,-19000,-32000,-27000,-35000,1
-31,-27,34,R4C0,,-27000,31000,-27000,-31000,-27000,-35000,1
-31,-26,34,R4C1,,-26000,31000,-26000,-31000,-27000,-35000,1
-31,-25,34,R4C2,,-25000,31000,-25000,-31000,-27000,-35000,1
-31,-24,34,R4C3,,-24000,31000,-24000,-31000,-27000,-35000,1
-31,-23,34,R4C4,,-23000,31000,-23000,-31000,-27000,-35000,1
-31,-22,34,R4C5,,-22000,31000,-22000,-31000,-27000,-35000,1
-31,-21,34,R4C6,,-21000,31000,-21000,-31000,-27000,-35000,1
-31,-20,34,R4C7,,-20000,31000,-20000,-31000,-27000,-35000,1
-31,-19,34,R4C8,,-19000,31000,-19000,-31000,-27000,-35000,1
-30,-27,34,R5C0,,-27000,30000,-27000,-30000,-27000,-35000,1
-30,-26,34,R5C1,,-26000,30000,-26000,-30000,-27000,-35000,1
-30,-25,34,R5C2,,-25000,30000,-25000,-30000,-27000,-35000,1
-30,-24,34,R5C3,,-24000,30000,-24000,-30000,-27000,-35000,1
-30,-23,34,R5C4,,-23000,30000,-23000,-30000,-27000,-35000,1
-30,-22,34,R5C5,,-22000,30000,-22000,-30000,-27000,-35000,1
-30,-21,34,R5C6,,-21000,30000,-21000,-30000,-27000,-35000,1
-30,-20,34,R5C7,,-20000,30000,-20000,-30000,-27000,-35000,1
-30,-19,34,R5C8,,-19000,30000,-19000,-30000,-27000,-35000,1
-29,-27,34,R6C0,,-27000,29000,-27000,-29000,-27000,-35000,1
-29,-26,34,R6C1,,-26000,29000,-26000,-29000,-27000,-35000,1
-29,-25,34,R6C2,,-25000,29000,-25000,-29000,-27000,-35000,1
-29,-24,34,R6C3,,-24000,29000,-24000,-29000,-27000,-35000,1
-29,-23,34,R6C4,,-23000,29000,-23000,-29000,-27000,-35000,1
-29,-22,34,R6C5,,-22000,29000,-22000,-29000,-27000,-35000,1
-29,-21,34,R6C6,2-7-10-15,-21000,29000,-21000,-29000,-27000,-35000,1
-29,-20,34,R6C7,1-7-10-15,-20000,29000,-20000,-29000,-27000,-35000,1
-29,-19,34,R6C8,,-19000,29000,-19000,-29000,-27000,-35000,1
35,9,172,R0C0,,9000,-35000,9000,35000,9000,35000,1
35,10,172,R0C1,,10000,-35000,10000,35000,9000,35000,1
35,11,172,R0C2,,11000,-35000,11000,35000,9000,35000,1
35,12,172,R0C3,,12000,-35000,12000,35000,9000,35000,1
35,13,172,R0C4,,13000,-35000,13000,35000,9000,35000,1
35,14,172,R0C5,,14000,-35000,14000,35000,9000,35000,1
35,15,172,R0C6,,15000,-35000,15000,35000,9000,35000,1
35,16,172,R0C7,,16000,-35000,16000,35000,9000,35000,1
35,17,172,R0C8,,17000,-35000,17000,35000,9000,35000,1
36,9,172,R1C0,,9000,-36000,9000,36000,9000,35000,1
36,10,172,R1C1,,10000,-36000,10000,36000,9000,35000,1
36,11,172,R1C2,,11000,-36000,11000,36000,9000,35000,1
36,12,172,R1C3,,12000,-36000,12000,36000,9000,35000,1
36,13,172,R1C4,,13000,-36000,13000,36000,9000,35000,1
36,14,172,R1C5,,14000,-36000,14000,36000,9000,35000,1
36,15,172,R1C6,,15000,-36000,15000,36000,9000,35000,1
36,16,172,R1C7,,16000,-36000,16000,36000,9000,35000,1
36,17,172,R1C8,,17000,-36000,17000,36000,9000,35000,1
37,9,172,R2C0,,9000,-37000,9000,37000,9000,35000,1
37,10,172,R2C1,,10000,-37000,10000,37000,9000,35000,1
37,11,172,R2C2,,11000,-37000,11000,37000,9000,35000,1
37,12,172,R2C3,,12000,-37000,12000,37000,9000,35000,1
37,13,172,R2C4,,13000,-37000,13000,37000,9000,35000,1
37,14,172,R2C5,,14000,-37000,14000,37000,9000,35000,1
37,15,172,R2C6,,15000,-37000,15000,37000,9000,35000,1
37,16,172,R2C7,,16000,-37000,16000,37000,9000,35000,1
37,17,172,R2C8,,17000,-37000,17000,37000,9000,35000,1
38,9,172,R3C0,,9000,-38000,9000,38000,9000,35000,1
38,10,172,R3C1,,10000,-38000,10000,38000,9000,35000,1
38,11,172,R3C2,,11000,-38000,11000,38000,9000,35000,1
38,12,172,R3C3,,12000,-38000,12000,38000,9000,35000,1
38,13,172,R3C4,,13000,-38000,13000,38000,9000,35000,1
38,14,172,R3C5,,14000,-38000,14000,38000,9000,35000,1
38,15,172,R3C6,,15000,-38000,15000,38000,9000,35000,1
38,16,172,R3C7,,16000,-38000,16000,38000,9000,35000,1
38,17,172,R3C8,,17000,-38000,17000,38000,9000,35000,1
39,9,172,R4C0,,9000,-39000,9000,39000,9000,35000,1
39,10,172,R4C1,,10000,-39000,10000,39000,9000,35000,1
39,11,172,R4C2,,11000,-39000,11000,39000,9000,35000,1
39,12,172,R4C3,,12000,-39000,12000,39000,9000,35000,1
39,13,172,R4C4,,13000,-39000,13000,39000,9000,35000,1
39,14,172,R4C5,,14000,-39000,14000,39000,9000,35000,1
39,15,172,R4C6,,15000,-39000,15000,39000,9000,35000,1
39,16,172,R4C7,,16000,-39000,16000,39000,9000,35000,1
39,17,172,R4C8,,17000,-39000,17000,39000,9000,35000,1
40,9,172,R5C0,,9000,-40000,9000,40000,9000,35000,1
40,10,172,R5C1,,10000,-40000,10000,40000,9000,35000,1
40,11,172,R5C2,,11000,-40000,11000,40000,9000,35000,1
40,12,172,R5C3,,12000,-40000,12000,40000,9000,35000,1
40,13,172,R5C4,,13000,-40000,13000,40000,9000,35000,1
40,14,172,R5C5,,14000,-40000,14000,40000,9000,35000,1
40,15,172,R5C6,,15000,-40000,15000,40000,9000,35000,1
40,16,172,R5C7,,16000,-40000,16000,40000,9000,35000,1
40,17,172,R5C8,,17000,-40000,17000,40000,9000,35000,1
41,9,172,R6C0,,9000,-41000,9000,41000,9000,35000,1
41,10,172,R6C1,,10000,-41000,10000,41000,9000,35000,1
41,11,172,R6C2,,11000,-41000,11000,41000,9000,35000,1
41,12,172,R6C3,,12000,-41000,12000,41000,9000,35000,1
41,13,172,R6C4,,13000,-41000,13000,41000,9000,35000,1
41,14,172,R6C5,,14000,-41000,14000,41000,9000,35000,1
41,15,172,R6C6,2-7-6-5,15000,-41000,15000,41000,9000,35000,1
41,16,172,R6C7,1-7-6-5,16000,-41000,16000,41000,9000,35000,1
41,17,172,R6C8,,17000,-41000,17000,41000,9000,35000,1
56,0,200,R0C0,,0,-56000,0,56000,0,56000,1
56,1,200,R0C1,,1000,-56000,1000,56000,0,56000,1
56,2,200,R0C2,,2000,-56000,2000,56000,0,56000,1
56,3,200,R0C3,,3000,-56000,3000,56000,0,56000,1
56,4,200,R0C4,,4000,-56000,4000,56000,0,56000,1
56,5,200,R0C5,,5000,-56000,5000,56000,0,56000,1
56,6,200,R0C6,,6000,-56000,6000,56000,0,56000,1
56,7,200,R0C7,,7000,-56000,7000,56000,0,56000,1
56,8,200,R0C8,,8000,-56000,8000,56000,0,56000,1
57,0,200,R1C0,,0,-57000,0,57000,0,56000,1
57,1,200,R1C1,,1000,-57000,1000,57000,0,56000,1
57,2,200,R1C2,,2000,-57000,2000,57000,0,56000,1
57,3,200,R1C3,,3000,-57000,3000,57000,0,56000,1
57,4,200,R1C4,,4000,-57000,4000,57000,0,56000,1
57,5,200,R1C5,,5000,-57000,5000,57000,0,56000,1
57,6,200,R1C6,,6000,-57000,6000,57000,0,56000,1
57,7,200,R1C7,,7000,-57000,7000,57000,0,56000,1
57,8,200,R1C8,,8000,-57000,8000,57000,0,56000,1
58,0,200,R2C0,,0,-58000,0,58000,0,56000,1
58,1,200,R2C1,,1000,-58000,1000,58000,0,56000,1
58,2,200,R2C2,,2000,-58000,2000,58000,0,56000,1
58,3,200,R2C3,,3000,-58000,3000,58000,0,56000,1
58,4,200,R2C4,,4000,-58000,4000,58000,0,56000,1
58,5,200,R2C5,,5000,-58000,5000,58000,0,56000,1
58,6,200,R2C6,,6000,-58000,6000,58000,0,56000,1
58,7,200,R2C7,,7000,-58000,7000,58000,0,56000,1
58,8,200,R2C8,,8000,-58000,8000,58000,0,56000,1
59,0,200,R3C0,,0,-59000,0,59000,0,56000,1
59,1,200,R3C1,,1000,-59000,1000,59000,0,56000,1
59,2,200,R3C2,,2000,-59000,2000,59000,0,56000,1
59,3,200,R3C3,,3000,-59000,3000,59000,0,56000,1
59,4,200,R3C4,,4000,-59000,4000,59000,0,56000,1
59,5,200,R3C5,,5000,-59000,5000,59000,0,56000,1
59,6,200,R3C6,,6000,-59000,6000,59000,0,56000,1
59,7,200,R3C7,,7000,-59000,7000,59000,0,56000,1
59,8,200,R3C8,,8000,-59000,8000,59000,0,56000,1
60,0,200,R4C0,,0,-60000,0,60000,0,56000,1
60,1,200,R4C1,,1000,-60000,1000,60000,0,56000,1
60,2,200,R4C2,,2000,-60000,2000,60000,0,56000,1
60,3,200,R4C3,,3000,-60000,3000,60000,0,56000,1
60,4,200,R4C4,,4000,-60000,4000,60000,0,56000,1
60,5,200,R4C5,,5000,-60000,5000,60000,0,56000,1
60,6,200,R4C6,,6000,-60000,6000,60000,0,56000,1
60,7,200,R4C7,,7000,-60000,7000,60000,0,56000,1
60,8,200,R4C8,,8000,-60000,8000,60000,0,56000,1
61,0,200,R5C0,,0,-61000,0,61000,0,56000,1
61,1,200,R5C1,,1000,-61000,1000,61000,0,56000,1
61,2,200,R5C2,,2000,-61000,2000,61000,0,56000,1
61,3,200,R5C3,,3000,-61000,3000,61000,0,56000,1
61,4,200,R5C4,,4000,-61000,4000,61000,0,56000,1
61,5,200,R5C5,,5000,-61000,5000,61000,0,56000,1
61,6,200,R5C6,,6000,-61000,6000,61000,0,56000,1
61,7,200,R5C7,,7000,-61000,7000,61000,0,56000,1
61,8,200,R5C8,,8000,-61000,8000,61000,0,56000,1
62,0,200,R6C0,,0,-62000,0,62000,0,56000,1
62,1,200,R6C1,,1000,-62000,1000,62000,0,56000,1
62,2,200,R6C2,,2000,-62000,2000,62000,0,56000,1
62,3,200,R6C3,,3000,-62000,3000,62000,0,56000,1
62,4,200,R6C4,,4000,-62000,4000,62000,0,56000,1
62,5,200,R6C5,,5000,-62000,5000,62000,0,56000,1
62,6,200,R6C6,2-7-7-2,6000,-62000,6000,62000,0,56000,1
62,7,200,R6C7,1-7-7-2,7000,-62000,7000,62000,0,56000,1
62,8,200,R6C8,,8000,-62000,8000,62000,0,56000,1
-42,9,27,R0C0,,9000,42000,9000,-42000,9000,-42000,1
-42,10,27,R0C1,,10000,42000,10000,-42000,9000,-42000,1
-42,11,27,R0C2,,11000,42000,11000,-42000,9000,-42000,1
-42,12,27,R0C3,,12000,42000,12000,-42000,9000,-42000,1
-42,13,27,R0C4,,13000,42000,13000,-42000,9000,-42000,1
-42,14,27,R0C5,,14000,42000,14000,-42000,9000,-42000,1
-42,15,27,R0C6,,15000,42000,15000,-42000,9000,-42000,1
-42,16,27,R0C7,,16000,42000,16000,-42000,9000,-42000,1
-42,17,27,R0C8,,17000,42000,17000,-42000,9000,-42000,1
-41,9,27,R1C0,,9000,41000,9000,-41000,9000,-42000,1
-41,10,27,R1C1,,10000,41000,10000,-41000,9000,-42000,1
-41,11,27,R1C2,,11000,41000,11000,-41000,9000,-42000,1
-41,12,27,R1C3,,12000,41000,12000,-41000,9000,-42000,1
-41,13,27,R1C4,,13000,41000,13000,-41000,9000,-42000,1
-41,14,27,R1C5,,14000,41000,14000,-41000,9000,-42000,1
-41,15,27,R1C6,,15000,41000,15000,-41000,9000,-42000,1
-41,16,27,R1C7,,16000,41000,16000,-41000,9000,-42000,1
-41,17,27,R1C8,,17000,41000,17000,-41000,9000,-42000,1
-40,9,27,R2C0,,9000,40000,9000,-40000,9000,-42000,1
-40,10,27,R2C1,,10000,40000,10000,-40000,9000,-42000,1
-40,11,27,R2C2,,11000,40000,11000,-40000,9000,-42000,1
-40,12,27,R2C3,,12000,40000,12000,-40000,9000,-42000,1
-40,13,27,R2C4,,13000,40000,13000,-40000,9000,-42000,1
-40,14,27,R2C5,,14000,40000,14000,-40000,9000,-42000,1
-40,15,27,R2C6,,15000,40000,15000,-40000,9000,-42000,1
-40,16,27,R2C7,,16000,40000,16000,-40000,9000,-42000,1
-40,17,27,R2C8,,17000,40000,17000,-40000,9000,-42000,1
-39,9,27,R3C0,,9000,39000,9000,-39000,9000,-42000,1
-39,10,27,R3C1,,10000,39000,10000,-39000,9000,-42000,1
-39,11,27,R3C2,,11000,39000,11000,-39000,9000,-42000,1
-39,12,27,R3C3,,12000,39000,12000,-39000,9000,-42000,1
-39,13,27,R3C4,,13000,39000,13000,-39000,9000,-42000,1
-39,14,27,R3C5,,14000,39000,14000,-39000,9000,-42000,1
-39,15,27,R3C6,,15000,39000,15000,-39000,9000,-42000,1
-39,16,27,R3C7,,16000,39000,16000,-39000,9000,-42000,1
-39,17,27,R3C8,,17000,39000,17000,-39000,9000,-42000,1
-38,9,27,R4C0,,9000,38000,9000,-38000,9000,-42000,1
-38,10,27,R4C1,,10000,38000,10000,-38000,9000,-42000,1
-38,11,27,R4C2,,11000,38000,11000,-38000,9000,-42000,1
-38,12,27,R4C3,,12000,38000,12000,-38000,9000,-42000,1
-38,13,27,R4C4,,13000,38000,13000,-38000,9000,-42000,1
-38,14,27,R4C5,,14000,38000,14000,-38000,9000,-42000,1
-38,15,27,R4C6,,15000,38000,15000,-38000,9000,-42000,1
-38,16,27,R4C7,,16000,38000,16000,-38000,9000,-42000,1
-38,17,27,R4C8,,17000,38000,17000,-38000,9000,-42000,1
-37,9,27,R5C0,,9000,37000,9000,-37000,9000,-42000,1
-37,10,27,R5C1,,10000,37000,10000,-37000,9000,-42000,1
-37,11,27,R5C2,,11000,37000,11000,-37000,9000,-42000,1
-37,12,27,R5C3,,12000,37000,12000,-37000,9000,-42000,1
-37,13,27,R5C4,,13000,37000,13000,-37000,9000,-42000,1
-37,14,27,R5C5,,14000,37000,14000,-37000,9000,-42000,1
-37,15,27,R5C6,,15000,37000,15000,-37000,9000,-42000,1
-37,16,27,R5C7,,16000,37000,16000,-37000,9000,-42000,1
-37,17,27,R5C8,,17000,37000,17000,-37000,9000,-42000,1
-36,9,27,R6C0,,9000,36000,9000,-36000,9000,-42000,1
-36,10,27,R6C1,,10000,36000,10000,-36000,9000,-42000,1
-36,11,27,R6C2,,11000,36000,11000,-36000,9000,-42000,1
-36,12,27,R6C3,,12000,36000,12000,-36000,9000,-42000,1
-36,13,27,R6C4,,13000,36000,13000,-36000,9000,-42000,1
-36,14,27,R6C5,,14000,36000,14000,-36000,9000,-42000,1
-36,15,27,R6C6,2-7-6-16,15000,36000,15000,-36000,9000,-42000,1
-36,16,27,R6C7,1-7-6-16,16000,36000,16000,-36000,9000,-42000,1
-36,17,27,R6C8,,17000,36000,17000,-36000,9000,-42000,1
7,-54,113,R0C0,,-54000,-7000,-54000,7000,-54000,7000,1
7,-53,113,R0C1,,-53000,-7000,-53000,7000,-54000,7000,1
7,-52,113,R0C2,,-52000,-7000,-52000,7000,-54000,7000,1
7,-51,113,R0C3,,-51000,-7000,-51000,7000,-54000,7000,1
7,-50,113,R0C4,,-50000,-7000,-50000,7000,-54000,7000,1
7,-49,113,R0C5,,-49000,-7000,-49000,7000,-54000,7000,1
7,-48,113,R0C6,,-48000,-7000,-48000,7000,-54000,7000,1
7,-47,113,R0C7,,-47000,-7000,-47000,7000,-54000,7000,1
7,-46,113,R0C8,,-46000,-7000,-46000,7000,-54000,7000,1
8,-54,113,R1C0,,-54000,-8000,-54000,8000,-54000,7000,1
8,-53,113,R1C1,,-53000,-8000,-53000,8000,-54000,7000,1
8,-52,113,R1C2,,-52000,-8000,-52000,8000,-54000,7000,1
8,-51,113,R1C3,,-51000,-8000,-51000,8000,-54000,7000,1
8,-50,113,R1C4,,-50000,-8000,-50000,8000,-54000,7000,1
8,-49,113,R1C5,,-49000,-8000,-49000,8000,-54000,7000,1
8,-48,113,R1C6,,-48000,-8000,-48000,8000,-54000,7000,1
8,-47,113,R1C7,,-47000,-8000,-47000,8000,-54000,7000,1
8,-46,113,R1C8,,-46000,-8000,-46000,8000,-54000,7000,1
9,-54,113,R2C0,,-54000,-9000,-54000,9000,-54000,7000,1
9,-53,113,R2C1,,-53000,-9000,-53000,9000,-54000,7000,1
9,-52,113,R2C2,,-52000,-9000,-52000,9000,-54000,7000,1
9,-51,113,R2C3,,-51000,-9000,-51000,9000,-54000,7000,1
9,-50,113,R2C4,,-50000,-9000,-50000,9000,-54000,7000,1
9,-49,113,R2C5,,-49000,-9000,-49000,9000,-54000,7000,1
9,-48,113,R2C6,,-48000,-9000,-48000,9000,-54000,7000,1
9,-47,113,R2C7,,-47000,-9000,-47000,9000,-54000,7000,1
9,-46,113,R2C8,,-46000,-9000,-46000,9000,-54000,7000,1
10,-54,113,R3C0,,-54000,-10000,-54000,10000,-54000,7000,1
10,-53,113,R3C1,,-53000,-10000,-53000,10000,-54000,7000,1
10,-52,113,R3C2,,-52000,-10000,-52000,10000,-54000,7000,1
10,-51,113,R3C3,,-51000,-10000,-51000,10000,-54000,7000,1
10,-50,113,R3C4,,-50000,-10000,-50000,10000,-54000,7000,1
10,-49,113,R3C5,,-49000,-10000,-49000,10000,-54000,7000,1
10,-48,113,R3C6,,-48000,-10000,-48000,10000,-54000,7000,1
10,-47,113,R3C7,,-47000,-10000,-47000,10000,-54000,7000,1
10,-46,113,R3C8,,-46000,-10000,-46000,10000,-54000,7000,1
11,-54,113,R4C0,,-54000,-11000,-54000,11000,-54000,7000,1
11,-53,113,R4C1,,-53000,-11000,-53000,11000,-54000,7000,1
11,-52,113,R4C2,,-52000,-11000,-52000,11000,-54000,7000,1
11,-51,113,R4C3,,-51000,-11000,-51000,11000,-54000,7000,1
11,-50,113,R4C4,,-50000,-11000,-50000,11000,-54000,7000,1
11,-49,113,R4C5,,-49000,-11000,-49000,11000,-54000,7000,1
11,-48,113,R4C6,,-48000,-11000,-48000,11000,-54000,7000,1
11,-47,113,R4C7,,-47000,-11000,-47000,11000,-54000,7000,1
11,-46,113,R4C8,,-46000,-11000,-46000,11000,-54000,7000,1
12,-54,113,R5C0,,-54000,-12000,-54000,12000,-54000,7000,1
12,-53,113,R5C1,,-53000,-12000,-53000,12000,-54000,7000,1
12,-52,113,R5C2,,-52000,-12000,-52000,12000,-54000,7000,1
12,-51,113,R5C3,,-51000,-12000,-51000,12000,-54000,7000,1
12,-50,113,R5C4,,-50000,-12000,-50000,12000,-54000,7000,1
12,-49,113,R5C5,,-49000,-12000,-49000,12000,-54000,7000,1
12,-48,113,R5C6,,-48000,-12000,-48000,12000,-54000,7000,1
12,-47,113,R5C7,,-47000,-12000,-47000,12000,-54000,7000,1
12,-46,113,R5C8,,-46000,-12000,-46000,12000,-54000,7000,1
13,-54,113,R6C0,,-54000,-13000,-54000,13000,-54000,7000,1
13,-53,113,R6C1,,-53000,-13000,-53000,13000,-54000,7000,1
13,-52,113,R6C2,,-52000,-13000,-52000,13000,-54000,7000,1
13,-51,113,R6C3,,-51000,-13000,-51000,13000,-54000,7000,1
13,-50,113,R6C4,,-50000,-13000,-50000,13000,-54000,7000,1
13,-49,113,R6C5,,-49000,-13000,-49000,13000,-54000,7000,1
13,-48,113,R6C6,2-7-13-9,-48000,-13000,-48000,13000,-54000,7000,1
13,-47,113,R6C7,1-7-13-9,-47000,-13000,-47000,13000,-54000,7000,1
13,-46,113,R6C8,,-46000,-13000,-46000,13000,-54000,7000,1
0,-36,100,R0C0,,-36000,0,-36000,0,-36000,0,1
0,-35,100,R0C1,,-35000,0,-35000,0,-36000,0,1
0,-34,100,R0C2,,-34000,0,-34000,0,-36000,0,1
0,-33,100,R0C3,,-33000,0,-33000,0,-36000,0,1
0,-32,100,R0C4,,-32000,0,-32000,0,-36000,0,1
0,-31,100,R0C5,,-31000,0,-31000,0,-36000,0,1
0,-30,100,R0C6,,-30000,0,-30000,0,-36000,0,1
0,-29,100,R0C7,,-29000,0,-29000,0,-36000,0,1
0,-28,100,R0C8,,-28000,0,-28000,0,-36000,0,1
1,-36,100,R1C0,,-36000,-1000,-36000,1000,-36000,0,1
1,-35,100,R1C1,,-35000,-1000,-35000,1000,-36000,0,1
1,-34,100,R1C2,,-34000,-1000,-34000,1000,-36000,0,1
1,-33,100,R1C3,,-33000,-1000,-33000,1000,-36000,0,1
1,-32,100,R1C4,,-32000,-1000,-32000,1000,-36000,0,1
1,-31,100,R1C5,,-31000,-1000,-31000,1000,-36000,0,1
1,-30,100,R1C6,,-30000,-1000,-30000,1000,-36000,0,1
1,-29,100,R1C7,,-29000,-1000,-29000,1000,-36000,0,1
1,-28,100,R1C8,,-28000,-1000,-28000,1000,-36000,0,1
2,-36,100,R2C0,,-36000,-2000,-36000,2000,-36000,0,1
2,-35,100,R2C1,,-35000,-2000,-35000,2000,-36000,0,1
2,-34,100,R2C2,,-34000,-2000,-34000,2000,-36000,0,1
2,-33,100,R2C3,,-33000,-2000,-33000,2000,-36000,0,1
2,-32,100,R2C4,,-32000,-2000,-32000,2000,-36000,0,1
2,-31,100,R2C5,,-31000,-2000,-31000,2000,-36000,0,1
2,-30,100,R2C6,,-30000,-2000,-30000,2000,-36000,0,1
2,-29,100,R2C7,,-29000,-2000,-29000,2000,-36000,0,1
2,-28,100,R2C8,,-28000,-2000,-28000,2000,-36000,0,1
3,-36,100,R3C0,,-36000,-3000,-36000,3000,-36000,0,1
3,-35,100,R3C1,,-35000,-3000,-35000,3000,-36000,0,1
3,-34,100,R3C2,,-34000,-3000,-34000,3000,-36000,0,1
3,-33,100,R3C3,,-33000,-3000,-33000,3000,-36000,0,1
3,-32,100,R3C4,,-32000,-3000,-32000,3000,-36000,0,1
3,-31,100,R3C5,,-31000,-3000,-31000,3000,-36000,0,1
3,-30,100,R3C6,,-30000,-3000,-30000,3000,-36000,0,1
3,-29,100,R3C7,,-29000,-3000,-29000,3000,-36000,0,1
3,-28,100,R3C8,,-28000,-3000,-28000,3000,-36000,0,1
4,-36,100,R4C0,,-36000,-4000,-36000,4000,-36000,0,1
4,-35,100,R4C1,,-35000,-4000,-35000,4000,-36000,0,1
4,-34,100,R4C2,,-34000,-4000,-34000,4000,-36000,0,1
4,-33,100,R4C3,,-33000,-4000,-33000,4000,-36000,0,1
4,-32,100,R4C4,,-32000,-4000,-32000,4000,-36000,0,1
4,-31,100,R4C5,,-31000,-4000,-31000,4000,-36000,0,1
4,-30,100,R4C6,,-30000,-4000,-30000,4000,-36000,0,1
4,-29,100,R4C7,,-29000,-4000,-29000,4000,-36000,0,1
4,-28,100,R4C8,,-28000,-4000,-28000,4000,-36000,0,1
5,-36,100,R5C0,,-36000,-5000,-36000,5000,-36000,0,1
5,-35,100,R5C1,,-35000,-5000,-35000,5000,-36000,0,1
5,-34,100,R5C2,,-34000,-5000,-34000,5000,-36000,0,1
5,-33,100,R5C3,,-33000,-5000,-33000,5000,-36000,0,1
5,-32,100,R5C4,,-32000,-5000,-32000,5000,-36000,0,1
5,-31,100,R5C5,,-31000,-5000,-31000,5000,-36000,0,1
5,-30,100,R5C6,,-30000,-5000,-30000,5000,-36000,0,1
5,-29,100,R5C7,,-29000,-5000,-29000,5000,-36000,0,1
5,-28,100,R5C8,,-28000,-5000,-28000,5000,-36000,0,1
6,-36,100,R6C0,,-36000,-6000,-36000,6000,-36000,0,1
6,-35,100,R6C1,,-35000,-6000,-35000,6000,-36000,0,1
6,-34,100,R6C2,,-34000,-6000,-34000,6000,-36000,0,1
6,-33,100,R6C3,,-33000,-6000,-33000,6000,-36000,0,1
6,-32,100,R6C4,,-32000,-6000,-32000,6000,-36000,0,1
6,-31,100,R6C5,,-31000,-6000,-31000,6000,-36000,0,1
6,-30,100,R6C6,2-7-11-10,-30000,-6000,-30000,6000,-36000,0,1
6,-29,100,R6C7,1-7-11-10,-29000,-6000,-29000,6000,-36000,0,1
6,-28,100,R6C8,,-28000,-6000,-28000,6000,-36000,0,1
14,-63,126,R0C0,,-63000,-14000,-63000,14000,-63000,14000,1
14,-62,126,R0C1,,-62000,-14000,-62000,14000,-63000,14000,1
14,-61,126,R0C2,,-61000,-14000,-61000,14000,-63000,14000,1
14,-60,126,R0C3,,-60000,-14000,-60000,14000,-63000,14000,1
14,-59,126,R0C4,,-59000,-14000,-59000,14000,-63000,14000,1
14,-58,126,R0C5,,-58000,-14000,-58000,14000,-63000,14000,1
14,-57,126,R0C6,,-57000,-14000,-57000,14000,-63000,14000,1
14,-56,126,R0C7,,-56000,-14000,-56000,14000,-63000,14000,1
14,-55,126,R0C8,,-55000,-14000,-55000,14000,-63000,14000,1
15,-63,126,R1C0,,-63000,-15000,-63000,15000,-63000,14000,1
15,-62,126,R1C1,,-62000,-15000,-62000,15000,-63000,14000,1
15,-61,126,R1C2,,-61000,-15000,-61000,15000,-63000,14000,1
15,-60,126,R1C3,,-60000,-15000,-60000,15000,-63000,14000,1
15,-59,126,R1C4,,-59000,-15000,-59000,15000,-63000,14000,1
15,-58,126,R1C5,,-58000,-15000,-58000,15000,-63000,14000,1
15,-57,126,R1C6,,-57000,-15000,-57000,15000,-63000,14000,1
15,-56,126,R1C7,,-56000,-15000,-56000,15000,-63000,14000,1
15,-55,126,R1C8,,-55000,-15000,-55000,15000,-63000,14000,1
16,-63,126,R2C0,,-63000,-16000,-63000,16000,-63000,14000,1
16,-62,126,R2C1,,-62000,-16000,-62000,16000,-63000,14000,1
16,-61,126,R2C2,,-61000,-16000,-61000,16000,-63000,14000,1
16,-60,126,R2C3,,-60000,-16000,-60000,16000,-63000,14000,1
16,-59,126,R2C4,,-59000,-16000,-59000,16000,-63000,14000,1
16,-58,126,R2C5,,-58000,-16000,-58000,16000,-63000,14000,1
16,-57,126,R2C6,,-57000,-16000,-57000,16000,-63000,14000,1
16,-56,126,R2C7,,-56000,-16000,-56000,16000,-63000,14000,1
16,-55,126,R2C8,,-55000,-16000,-55000,16000,-63000,14000,1
17,-63,126,R3C0,,-63000,-17000,-63000,17000,-63000,14000,1
17,-62,126,R3C1,,-62000,-17000,-62000,17000,-63000,14000,1
17,-61,126,R3C2,,-61000,-17000,-61000,17000,-63000,14000,1
17,-60,126,R3C3,,-60000,-17000,-60000,17000,-63000,14000,1
17,-59,126,R3C4,,-59000,-17000,-59000,17000,-63000,14000,1
17,-58,126,R3C5,,-58000,-17000,-58000,17000,-63000,14000,1
17,-57,126,R3C6,,-57000,-17000,-57000,17000,-63000,14000,1
17,-56,126,R3C7,,-56000,-17000,-56000,17000,-63000,14000,1
17,-55,126,R3C8,,-55000,-17000,-55000,17000,-63000,14000,1
18,-63,126,R4C0,,-63000,-18000,-63000,18000,-63000,14000,1
18,-62,126,R4C1,,-62000,-18000,-62000,18000,-63000,14000,1
18,-61,126,R4C2,,-61000,-18000,-61000,18000,-63000,14000,1
18,-60,126,R4C3,,-60000,-18000,-60000,18000,-63000,14000,1
18,-59,126,R4C4,,-59000,-18000,-59000,18000,-63000,14000,1
18,-58,126,R4C5,,-58000,-18000,-58000,18000,-63000,14000,1
18,-57,126,R4C6,,-57000,-18000,-57000,18000,-63000,14000,1
18,-56,126,R4C7,,-56000,-18000,-56000,18000,-63000,14000,1
18,-55,126,R4C8,,-55000,-18000,-55000,18000,-63000,14000,1
19,-63,126,R5C0,,-63000,-19000,-63000,19000,-63000,14000,1
19,-62,126,R5C1,,-62000,-19000,-62000,19000,-63000,14000,1
19,-61,126,R5C2,,-61000,-19000,-61000,19000,-63000,14000,1
19,-60,126,R5C3,,-60000,-19000,-60000,19000,-63000,14000,1
19,-59,126,R5C4,,-59000,-19000,-59000,19000,-63000,14000,1
19,-58,126,R5C5,,-58000,-19000,-58000,19000,-63000,14000,1
19,-57,126,R5C6,,-57000,-19000,-57000,19000,-63000,14000,1
19,-56,126,R5C7,,-56000,-19000,-56000,19000,-63000,14000,1
19,-55,126,R5C8,,-55000,-19000,-55000,19000,-63000,14000,1
20,-63,126,R6C0,,-63000,-20000,-63000,20000,-63000,14000,1
20,-62,126,R6C1,,-62000,-20000,-62000,20000,-63000,14000,1
20,-61,126,R6C2,,-61000,-20000,-61000,20000,-63000,14000,1
20,-60,126,R6C3,,-60000,-20000,-60000,20000,-63000,14000,1
20,-59,126,R6C4,,-59000,-20000,-59000,20000,-63000,14000,1
20,-58,126,R6C5,,-58000,-20000,-58000,20000,-63000,14000,1
20,-57,126,R6C6,2-7-14-8,-57000,-20000,-57000,20000,-63000,14000,1
20,-56,126,R6C7,1-7-14-8,-56000,-20000,-56000,20000,-63000,14000,1
20,-55,126,R6C8,,-55000,-20000,-55000,20000,-63000,14000,1
0,45,109,R0C0,,45000,0,45000,0,45000,0,1
0,46,109,R0C1,,46000,0,46000,0,45000,0,1
0,47,109,R0C2,,47000,0,47000,0,45000,0,1
0,48,109,R0C3,,48000,0,48000,0,45000,0,1
0,49,109,R0C4,,49000,0,49000,0,45000,0,1
0,50,109,R0C5,,50000,0,50000,0,45000,0,1
0,51,109,R0C6,,51000,0,51000,0,45000,0,1
0,52,109,R0C7,,52000,0,52000,0,45000,0,1
0,53,109,R0C8,,53000,0,53000,0,45000,0,1
1,45,109,R1C0,,45000,-1000,45000,1000,45000,0,1
1,46,109,R1C1,,46000,-1000,46000,1000,45000,0,1
1,47,109,R1C2,,47000,-1000,47000,1000,45000,0,1
1,48,109,R1C3,,48000,-1000,48000,1000,45000,0,1
1,49,109,R1C4,,49000,-1000,49000,1000,45000,0,1
1,50,109,R1C5,,50000,-1000,50000,1000,45000,0,1
1,51,109,R1C6,,51000,-1000,51000,1000,45000,0,1
1,52,109,R1C7,,52000,-1000,52000,1000,45000,0,1
1,53,109,R1C8,,53000,-1000,53000,1000,45000,0,1
2,45,109,R2C0,,45000,-2000,45000,2000,45000,0,1
2,46,109,R2C1,,46000,-2000,46000,2000,45000,0,1
2,47,109,R2C2,,47000,-2000,47000,2000,45000,0,1
2,48,109,R2C3,,48000,-2000,48000,2000,45000,0,1
2,49,109,R2C4,,49000,-2000,49000,2000,45000,0,1
2,50,109,R2C5,,50000,-2000,50000,2000,45000,0,1
2,51,109,R2C6,,51000,-2000,51000,2000,45000,0,1
2,52,109,R2C7,,52000,-2000,52000,2000,45000,0,1
2,53,109,R2C8,,53000,-2000,53000,2000,45000,0,1
3,45,109,R3C0,,45000,-3000,45000,3000,45000,0,1
3,46,109,R3C1,,46000,-3000,46000,3000,45000,0,1
3,47,109,R3C2,,47000,-3000,47000,3000,45000,0,1
3,48,109,R3C3,,48000,-3000,48000,3000,45000,0,1
3,49,109,R3C4,,49000,-3000,49000,3000,45000,0,1
3,50,109,R3C5,,50000,-3000,50000,3000,45000,0,1
3,51,109,R3C6,,51000,-3000,51000,3000,45000,0,1
3,52,109,R3C7,,52000,-3000,52000,3000,45000,0,1
3,53,109,R3C8,,53000,-3000,53000,3000,45000,0,1
4,45,109,R4C0,,45000,-4000,45000,4000,45000,0,1
4,46,109,R4C1,,46000,-4000,46000,4000,45000,0,1
4,47,109,R4C2,,47000,-4000,47000,4000,45000,0,1
4,48,109,R4C3,,48000,-4000,48000,4000,45000,0,1
4,49,109,R4C4,,49000,-4000,49000,4000,45000,0,1
4,50,109,R4C5,,50000,-4000,50000,4000,45000,0,1
4,51,109,R4C6,,51000,-4000,51000,4000,45000,0,1
4,52,109,R4C7,,52000,-4000,52000,4000,45000,0,1
4,53,109,R4C8,,53000,-4000,53000,4000,45000,0,1
5,45,109,R5C0,,45000,-5000,45000,5000,45000,0,1
5,46,109,R5C1,,46000,-5000,46000,5000,45000,0,1
5,47,109,R5C2,,47000,-5000,47000,5000,45000,0,1
5,48,109,R5C3,,48000,-5000,48000,5000,45000,0,1
5,49,109,R5C4,,49000,-5000,49000,5000,45000,0,1
5,50,109,R5C5,,50000,-5000,50000,5000,45000,0,1
5,51,109,R5C6,,51000,-5000,51000,5000,45000,0,1
5,52,109,R5C7,,52000,-5000,52000,5000,45000,0,1
5,53,109,R5C8,,53000,-5000,53000,5000,45000,0,1
6,45,109,R6C0,,45000,-6000,45000,6000,45000,0,1
6,46,109,R6C1,,46000,-6000,46000,6000,45000,0,1
6,47,109,R6C2,,47000,-6000,47000,6000,45000,0,1
6,48,109,R6C3,,48000,-6000,48000,6000,45000,0,1
6,49,109,R6C4,,49000,-6000,49000,6000,45000,0,1
6,50,109,R6C5,,50000,-6000,50000,6000,45000,0,1
6,51,109,R6C6,2-7-2-10,51000,-6000,51000,6000,45000,0,1
6,52,109,R6C7,1-7-2-10,52000,-6000,52000,6000,45000,0,1
6,53,109,R6C8,,53000,-6000,53000,6000,45000,0,1
14,18,135,R0C0,,18000,-14000,18000,14000,18000,14000,1
14,19,135,R0C1,,19000,-14000,19000,14000,18000,14000,1
14,20,135,R0C2,,20000,-14000,20000,14000,18000,14000,1
14,21,135,R0C3,,21000,-14000,21000,14000,18000,14000,1
14,22,135,R0C4,,22000,-14000,22000,14000,18000,14000,1
14,23,135,R0C5,,23000,-14000,23000,14000,18000,14000,1
14,24,135,R0C6,,24000,-14000,24000,14000,18000,14000,1
14,25,135,R0C7,,25000,-14000,25000,14000,18000,14000,1
14,26,135,R0C8,,26000,-14000,26000,14000,18000,14000,1
15,18,135,R1C0,,18000,-15000,18000,15000,18000,14000,1
15,19,135,R1C1,,19000,-15000,19000,15000,18000,14000,1
15,20,135,R1C2,,20000,-15000,20000,15000,18000,14000,1
15,21,135,R1C3,,21000,-15000,21000,15000,18000,14000,1
15,22,135,R1C4,,22000,-15000,22000,15000,18000,14000,1
15,23,135,R1C5,,23000,-15000,23000,15000,18000,14000,1
15,24,135,R1C6,,24000,-15000,24000,15000,18000,14000,1
15,25,135,R1C7,,25000,-15000,25000,15000,18000,14000,1
15,26,135,R1C8,,26000,-15000,26000,15000,18000,14000,1
16,18,135,R2C0,,18000,-16000,18000,16000,18000,14000,1
16,19,135,R2C1,,19000,-16000,19000,16000,18000,14000,1
16,20,135,R2C2,,20000,-16000,20000,16000,18000,14000,1
16,21,135,R2C3,,21000,-16000,21000,16000,18000,14000,1
16,22,135,R2C4,,22000,-16000,22000,16000,18000,14000,1
16,23,135,R2C5,,23000,-16000,23000,16000,18000,14000,1
16,24,135,R2C6,,24000,-16000,24000,16000,18000,14000,1
16,25,135,R2C7,,25000,-16000,25000,16000,18000,14000,1
16,26,135,R2C8,,26000,-16000,26000,16000,18000,14000,1
17,18,135,R3C0,,18000,-17000,18000,17000,18000,14000,1
17,19,135,R3C1,,19000,-17000,19000,17000,18000,14000,1
17,20,135,R3C2,,20000,-17000,20000,17000,18000,14000,1
17,21,135,R3C3,,21000,-17000,21000,17000,18000,14000,1
17,22,135,R3C4,,22000,-17000,22000,17000,18000,14000,1
17,23,135,R3C5,,23000,-17000,23000,17000,18000,14000,1
17,24,135,R3C6,,24000,-17000,24000,17000,18000,14000,1
17,25,135,R3C7,,25000,-17000,25000,17000,18000,14000,1
17,26,135,R3C8,,26000,-17000,26000,17000,18000,14000,1
18,18,135,R4C0,,18000,-18000,18000,18000,18000,14000,1
18,19,135,R4C1,,19000,-18000,19000,18000,18000,14000,1
18,20,135,R4C2,,20000,-18000,20000,18000,18000,14000,1
18,21,135,R4C3,,21000,-18000,21000,18000,18000,14000,1
18,22,135,R4C4,,22000,-18000,22000,18000,18000,14000,1
18,23,135,R4C5,,23000,-18000,23000,18000,18000,14000,1
18,24,135,R4C6,,24000,-18000,24000,18000,18000,14000,1
18,25,135,R4C7,,25000,-18000,25000,18000,18000,14000,1
18,26,135,R4C8,,26000,-18000,26000,18000,18000,14000,1
19,18,135,R5C0,,18000,-19000,18000,19000,18000,14000,1
19,19,135,R5C1,,19000,-19000,19000,19000,18000,14000,1
19,20,135,R5C2,,20000,-19000,20000,19000,18000,14000,1
19,21,135,R5C3,,21000,-19000,21000,19000,18000,14000,1
19,22,135,R5C4,,22000,-19000,22000,19000,18000,14000,1
19,23,135,R5C5,,23000,-19000,23000,19000,18000,14000,1
19,24,135,R5C6,,24000,-19000,24000,19000,18000,14000,1
19,25,135,R5C7,,25000,-19000,25000,19000,18000,14000,1
19,26,135,R5C8,,26000,-19000,26000,19000,18000,14000,1
20,18,135,R6C0,,18000,-20000,18000,20000,18000,14000,1
20,19,135,R6C1,,19000,-20000,19000,20000,18000,14000,1
20,20,135,R6C2,,20000,-20000,20000,20000,18000,14000,1
20,21,135,R6C3,,21000,-20000,21000,20000,18000,14000,1
20,22,135,R6C4,,22000,-20000,22000,20000,18000,14000,1
20,23,135,R6C5,,23000,-20000,23000,20000,18000,14000,1
20,24,135,R6C6,2-7-5-8,24000,-20000,24000,20000,18000,14000,1
20,25,135,R6C7,1-7-5-8,25000,-20000,25000,20000,18000,14000,1
20,26,135,R6C8,,26000,-20000,26000,20000,18000,14000,1
-56,9,9,R0C0,,9000,56000,9000,-56000,9000,-56000,1
-56,10,9,R0C1,,10000,56000,10000,-56000,9000,-56000,1
-56,11,9,R0C2,,11000,56000,11000,-56000,9000,-56000,1
-56,12,9,R0C3,,12000,56000,12000,-56000,9000,-56000,1
-56,13,9,R0C4,,13000,56000,13000,-56000,9000,-56000,1
-56,14,9,R0C5,,14000,56000,14000,-56000,9000,-56000,1
-56,15,9,R0C6,,15000,56000,15000,-56000,9000,-56000,1
-56,16,9,R0C7,,16000,56000,16000,-56000,9000,-56000,1
-56,17,9,R0C8,,17000,56000,17000,-56000,9000,-56000,1
-55,9,9,R1C0,,9000,55000,9000,-55000,9000,-56000,1
-55,10,9,R1C1,,10000,55000,10000,-55000,9000,-56000,1
-55,11,9,R1C2,,11000,55000,11000,-55000,9000,-56000,1
-55,12,9,R1C3,,12000,55000,12000,-55000,9000,-56000,1
-55,13,9,R1C4,,13000,55000,13000,-55000,9000,-56000,1
-55,14,9,R1C5,,14000,55000,14000,-55000,9000,-56000,1
-55,15,9,R1C6,,15000,55000,15000,-55000,9000,-56000,1
-55,16,9,R1C7,,16000,55000,16000,-55000,9000,-56000,1
-55,17,9,R1C8,,17000,55000,17000,-55000,9000,-56000,1
-54,9,9,R2C0,,9000,54000,9000,-54000,9000,-56000,1
-54,10,9,R2C1,,10000,54000,10000,-54000,9000,-56000,1
-54,11,9,R2C2,,11000,54000,11000,-54000,9000,-56000,1
-54,12,9,R2C3,,12000,54000,12000,-54000,9000,-56000,1
-54,13,9,R2C4,,13000,54000,13000,-54000,9000,-56000,1
-54,14,9,R2C5,,14000,54000,14000,-54000,9000,-56000,1
-54,15,9,R2C6,,15000,54000,15000,-54000,9000,-56000,1
-54,16,9,R2C7,,16000,54000,16000,-54000,9000,-56000,1
-54,17,9,R2C8,,17000,54000,17000,-54000,9000,-56000,1
-53,9,9,R3C0,,9000,53000,9000,-53000,9000,-56000,1
-53,10,9,R3C1,,10000,53000,10000,-53000,9000,-56000,1
-53,11,9,R3C2,,11000,53000,11000,-53000,9000,-56000,1
-53,12,9,R3C3,,12000,53000,12000,-53000,9000,-56000,1
-53,13,9,R3C4,,13000,53000,13000,-53000,9000,-56000,1
-53,14,9,R3C5,,14000,53000,14000,-53000,9000,-56000,1
-53,15,9,R3C6,,15000,53000,15000,-53000,9000,-56000,1
-53,16,9,R3C7,,16000,53000,16000,-53000,9000,-56000,1
-53,17,9,R3C8,,17000,53000,17000,-53000,9000,-56000,1
-52,9,9,R4C0,,9000,52000,9000,-52000,9000,-56000,1
-52,10,9,R4C1,,10000,52000,10000,-52000,9000,-56000,1
-52,11,9,R4C2,,11000,52000,11000,-52000,9000,-56000,1
-52,12,9,R4C3,,12000,52000,12000,-52000,9000,-56000,1
-52,13,9,R4C4,,13000,52000,13000,-52000,9000,-56000,1
-52,14,9,R4C5,,14000,52000,14000,-52000,9000,-56000,1
-52,15,9,R4C6,,15000,52000,15000,-52000,9000,-56000,1
-52,16,9,R4C7,,16000,52000,16000,-52000,9000,-56000,1
-52,17,9,R4C8,,17000,52000,17000,-52000,9000,-56000,1
-51,9,9,R5C0,,9000,51000,9000,-51000,9000,-56000,1
-51,10,9,R5C1,,10000,51000,10000,-51000,9000,-56000,1
-51,11,9,R5C2,,11000,51000,11000,-51000,9000,-56000,1
-51,12,9,R5C3,,12000,51000,12000,-51000,9000,-56000,1
-51,13,9,R5C4,,13000,51000,13000,-51000,9000,-56000,1
-51,14,9,R5C5,,14000,51000,14000,-51000,9000,-56000,1
-51,15,9,R5C6,,15000,51000,15000,-51000,9000,-56000,1
-51,16,9,R5C7,,16000,51000,16000,-51000,9000,-56000,1
-51,17,9,R5C8,,17000,51000,17000,-51000,9000,-56000,1
-50,9,9,R6C0,,9000,50000,9000,-50000,9000,-56000,1
-50,10,9,R6C1,,10000,50000,10000,-50000,9000,-56000,1
-50,11,9,R6C2,,11000,50000,11000,-50000,9000,-56000,1
-50,12,9,R6C3,,12000,50000,12000,-50000,9000,-56000,1
-50,13,9,R6C4,,13000,50000,13000,-50000,9000,-56000,1
-50,14,9,R6C5,,14000,50000,14000,-50000,9000,-56000,1
-50,15,9,R6C6,2-7-6-18,15000,50000,15000,-50000,9000,-56000,1
-50,16,9,R6C7,1-7-6-18,16000,50000,16000,-50000,9000,-56000,1
-50,17,9,R6C8,,17000,50000,17000,-50000,9000,-56000,1
42,18,184,R0C0,,18000,-42000,18000,42000,18000,42000,1
42,19,184,R0C1,,19000,-42000,19000,42000,18000,42000,1
42,20,184,R0C2,,20000,-42000,20000,42000,18000,42000,1
42,21,184,R0C3,,21000,-42000,21000,42000,18000,42000,1
42,22,184,R0C4,,22000,-42000,22000,42000,18000,42000,1
42,23,184,R0C5,,23000,-42000,23000,42000,18000,42000,1
42,24,184,R0C6,,24000,-42000,24000,42000,18000,42000,1
42,25,184,R0C7,,25000,-42000,25000,42000,18000,42000,1
42,26,184,R0C8,,26000,-42000,26000,42000,18000,42000,1
43,18,184,R1C0,,18000,-43000,18000,43000,18000,42000,1
43,19,184,R1C1,,19000,-43000,19000,43000,18000,42000,1
43,20,184,R1C2,,20000,-43000,20000,43000,18000,42000,1
43,21,184,R1C3,,21000,-43000,21000,43000,18000,42000,1
43,22,184,R1C4,,22000,-43000,22000,43000,18000,42000,1
43,23,184,R1C5,,23000,-43000,23000,43000,18000,42000,1
43,24,184,R1C6,,24000,-43000,24000,43000,18000,42000,1
43,25,184,R1C7,,25000,-43000,25000,43000,18000,42000,1
43,26,184,R1C8,,26000,-43000,26000,43000,18000,42000,1
44,18,184,R2C0,,18000,-44000,18000,44000,18000,42000,1
44,19,184,R2C1,,19000,-44000,19000,44000,18000,42000,1
44,20,184,R2C2,,20000,-44000,20000,44000,18000,42000,1
44,21,184,R2C3,,21000,-44000,21000,44000,18000,42000,1
44,22,184,R2C4,,22000,-44000,22000,44000,18000,42000,1
44,23,184,R2C5,,23000,-44000,23000,44000,18000,42000,1
44,24,184,R2C6,,24000,-44000,24000,44000,18000,42000,1
44,25,184,R2C7,,25000,-44000,25000,44000,18000,42000,1
44,26,184,R2C8,,26000,-44000,26000,44000,18000,42000,1
45,18,184,R3C0,,18000,-45000,18000,45000,18000,42000,1
45,19,184,R3C1,,19000,-45000,19000,45000,18000,42000,1
45,20,184,R3C2,,20000,-45000,20000,45000,18000,42000,1
45,21,184,R3C3,,21000,-45000,21000,45000,18000,42000,1
45,22,184,R3C4,,22000,-45000,22000,45000,18000,42000,1
45,23,184,R3C5,,23000,-45000,23000,45000,18000,42000,1
45,24,184,R3C6,,24000,-45000,24000,45000,18000,42000,1
45,25,184,R3C7,,25000,-45000,25000,45000,18000,42000,1
45,26,184,R3C8,,26000,-45000,26000,45000,18000,42000,1
46,18,184,R4C0,,18000,-46000,18000,46000,18000,42000,1
46,19,184,R4C1,,19000,-46000,19000,46000,18000,42000,1
46,20,184,R4C2,,20000,-46000,20000,46000,18000,42000,1
46,21,184,R4C3,,21000,-46000,21000,46000,18000,42000,1
46,22,184,R4C4,,22000,-46000,22000,46000,18000,42000,1
46,23,184,R4C5,,23000,-46000,23000,46000,18000,42000,1
46,24,184,R4C6,,24000,-46000,24000,46000,18000,42000,1
46,25,184,R4C7,,25000,-46000,25000,46000,18000,42000,1
46,26,184,R4C8,,26000,-46000,26000,46000,18000,42000,1
47,18,184,R5C0,,18000,-47000,18000,47000,18000,42000,1
47,19,184,R5C1,,19000,-47000,19000,47000,18000,42000,1
47,20,184,R5C2,,20000,-47000,20000,47000,18000,42000,1
47,21,184,R5C3,,21000,-47000,21000,47000,18000,42000,1
47,22,184,R5C4,,22000,-47000,22000,47000,18000,42000,1
47,23,184,R5C5,,23000,-47000,23000,47000,18000,42000,1
47,24,184,R5C6,,24000,-47000,24000,47000,18000,42000,1
47,25,184,R5C7,,25000,-47000,25000,47000,18000,42000,1
47,26,184,R5C8,,26000,-47000,26000,47000,18000,42000,1
48,18,184,R6C0,,18000,-48000,18000,48000,18000,42000,1
48,19,184,R6C1,,19000,-48000,19000,48000,18000,42000,1
48,20,184,R6C2,,20000,-48000,20000,48000,18000,42000,1
48,21,184,R6C3,,21000,-48000,21000,48000,18000,42000,1
48,22,184,R6C4,,22000,-48000,22000,48000,18000,42000,1
48,23,184,R6C5,,23000,-48000,23000,48000,18000,42000,1
48,24,184,R6C6,2-7-5-4,24000,-48000,24000,48000,18000,42000,1
48,25,184,R6C7,1-7-5-4,25000,-48000,25000,48000,18000,42000,1
48,26,184,R6C8,,26000,-48000,26000,48000,18000,42000,1
49,9,193,R0C0,,9000,-49000,9000,49000,9000,49000,1
49,10,193,R0C1,,10000,-49000,10000,49000,9000,49000,1
49,11,193,R0C2,,11000,-49000,11000,49000,9000,49000,1
49,12,193,R0C3,,12000,-49000,12000,49000,9000,49000,1
49,13,193,R0C4,,13000,-49000,13000,49000,9000,49000,1
49,14,193,R0C5,,14000,-49000,14000,49000,9000,49000,1
49,15,193,R0C6,,15000,-49000,15000,49000,9000,49000,1
49,16,193,R0C7,,16000,-49000,16000,49000,9000,49000,1
49,17,193,R0C8,,17000,-49000,17000,49000,9000,49000,1
50,9,193,R1C0,,9000,-50000,9000,50000,9000,49000,1
50,10,193,R1C1,,10000,-50000,10000,50000,9000,49000,1
50,11,193,R1C2,,11000,-50000,11000,50000,9000,49000,1
50,12,193,R1C3,,12000,-50000,12000,50000,9000,49000,1
50,13,193,R1C4,,13000,-50000,13000,50000,9000,49000,1
50,14,193,R1C5,,14000,-50000,14000,50000,9000,49000,1
50,15,193,R1C6,,15000,-50000,15000,50000,9000,49000,1
50,16,193,R1C7,,16000,-50000,16000,50000,9000,49000,1
50,17,193,R1C8,,17000,-50000,17000,50000,9000,49000,1
51,9,193,R2C0,,9000,-51000,9000,51000,9000,49000,1
51,10,193,R2C1,,10000,-51000,10000,51000,9000,49000,1
51,11,193,R2C2,,11000,-51000,11000,51000,9000,49000,1
51,12,193,R2C3,,12000,-51000,12000,51000,9000,49000,1
51,13,193,R2C4,,13000,-51000,13000,51000,9000,49000,1
51,14,193,R2C5,,14000,-51000,14000,51000,9000,49000,1
51,15,193,R2C6,,15000,-51000,15000,51000,9000,49000,1
51,16,193,R2C7,,16000,-51000,16000,51000,9000,49000,1
51,17,193,R2C8,,17000,-51000,17000,51000,9000,49000,1
52,9,193,R3C0,,9000,-52000,9000,52000,9000,49000,1
52,10,193,R3C1,,10000,-52000,10000,52000,9000,49000,1
52,11,193,R3C2,,11000,-52000,11000,52000,9000,49000,1
52,12,193,R3C3,,12000,-52000,12000,52000,9000,49000,1
52,13,193,R3C4,,13000,-52000,13000,52000,9000,49000,1
52,14,193,R3C5,,14000,-52000,14000,52000,9000,49000,1
52,15,193,R3C6,,15000,-52000,15000,52000,9000,49000,1
52,16,193,R3C7,,16000,-52000,16000,52000,9000,49000,1
52,17,193,R3C8,,17000,-52000,17000,52000,9000,49000,1
53,9,193,R4C0,,9000,-53000,9000,53000,9000,49000,1
53,10,193,R4C1,,10000,-53000,10000,53000,9000,49000,1
53,11,193,R4C2,,11000,-53000,11000,53000,9000,49000,1
53,12,193,R4C3,,12000,-53000,12000,53000,9000,49000,1
53,13,193,R4C4,,13000,-53000,13000,53000,9000,49000,1
53,14,193,R4C5,,14000,-53000,14000,53000,9000,49000,1
53,15,193,R4C6,,15000,-53000,15000,53000,9000,49000,1
53,16,193,R4C7,,16000,-53000,16000,53000,9000,49000,1
53,17,193,R4C8,,17000,-53000,17000,53000,9000,49000,1
54,9,193,R5C0,,9000,-54000,9000,54000,9000,49000,1
54,10,193,R5C1,,10000,-54000,10000,54000,9000,49000,1
54,11,193,R5C2,,11000,-54000,11000,54000,9000,49000,1
54,12,193,R5C3,,12000,-54000,12000,54000,9000,49000,1
54,13,193,R5C4,,13000,-54000,13000,54000,9000,49000,1
54,14,193,R5C5,,14000,-54000,14000,54000,9000,49000,1
54,15,193,R5C6,,15000,-54000,15000,54000,9000,49000,1
54,16,193,R5C7,,16000,-54000,16000,54000,9000,49000,1
54,17,193,R5C8,,17000,-54000,17000,54000,9000,49000,1
55,9,193,R6C0,,9000,-55000,9000,55000,9000,49000,1
55,10,193,R6C1,,10000,-55000,10000,55000,9000,49000,1
55,11,193,R6C2,,11000,-55000,11000,55000,9000,49000,1
55,12,193,R6C3,,12000,-55000,12000,55000,9000,49000,1
55,13,193,R6C4,,13000,-55000,13000,55000,9000,49000,1
55,14,193,R6C5,,14000,-55000,14000,55000,9000,49000,1
55,15,193,R6C6,2-7-6-3,15000,-55000,15000,55000,9000,49000,1
55,16,193,R6C7,1-7-6-3,16000,-55000,16000,55000,9000,49000,1
55,17,193,R6C8,,17000,-55000,17000,55000,9000,49000,1
-7,-9,88,R0C0,,-9000,7000,-9000,-7000,-9000,-7000,1
-7,-8,88,R0C1,,-8000,7000,-8000,-7000,-9000,-7000,1
-7,-7,88,R0C2,,-7000,7000,-7000,-7000,-9000,-7000,1
-7,-6,88,R0C3,,-6000,7000,-6000,-7000,-9000,-7000,1
-7,-5,88,R0C4,,-5000,7000,-5000,-7000,-9000,-7000,1
-7,-4,88,R0C5,,-4000,7000,-4000,-7000,-9000,-7000,1
-7,-3,88,R0C6,,-3000,7000,-3000,-7000,-9000,-7000,1
-7,-2,88,R0C7,,-2000,7000,-2000,-7000,-9000,-7000,1
-7,-1,88,R0C8,,-1000,7000,-1000,-7000,-9000,-7000,1
-6,-9,88,R1C0,,-9000,6000,-9000,-6000,-9000,-7000,1
-6,-8,88,R1C1,,-8000,6000,-8000,-6000,-9000,-7000,1
-6,-7,88,R1C2,,-7000,6000,-7000,-6000,-9000,-7000,1
-6,-6,88,R1C3,,-6000,6000,-6000,-6000,-9000,-7000,1
-6,-5,88,R1C4,,-5000,6000,-5000,-6000,-9000,-7000,1
-6,-4,88,R1C5,,-4000,6000,-4000,-6000,-9000,-7000,1
-6,-3,88,R1C6,,-3000,6000,-3000,-6000,-9000,-7000,1
-6,-2,88,R1C7,,-2000,6000,-2000,-6000,-9000,-7000,1
-6,-1,88,R1C8,,-1000,6000,-1000,-6000,-9000,-7000,1
-5,-9,88,R2C0,,-9000,5000,-9000,-5000,-9000,-7000,1
-5,-8,88,R2C1,,-8000,5000,-8000,-5000,-9000,-7000,1
-5,-7,88,R2C2,,-7000,5000,-7000,-5000,-9000,-7000,1
-5,-6,88,R2C3,,-6000,5000,-6000,-5000,-9000,-7000,1
-5,-5,88,R2C4,,-5000,5000,-5000,-5000,-9000,-7000,1
-5,-4,88,R2C5,,-4000,5000,-4000,-5000,-9000,-7000,1
-5,-3,88,R2C6,,-3000,5000,-3000,-5000,-9000,-7000,1
-5,-2,88,R2C7,,-2000,5000,-2000,-5000,-9000,-7000,1
-5,-1,88,R2C8,,-1000,5000,-1000,-5000,-9000,-7000,1
-4,-9,88,R3C0,,-9000,4000,-9000,-4000,-9000,-7000,1
-4,-8,88,R3C1,,-8000,4000,-8000,-4000,-9000,-7000,1
-4,-7,88,R3C2,,-7000,4000,-7000,-4000,-9000,-7000,1
-4,-6,88,R3C3,,-6000,4000,-6000,-4000,-9000,-7000,1
-4,-5,88,R3C4,,-5000,4000,-5000,-4000,-9000,-7000,1
-4,-4,88,R3C5,,-4000,4000,-4000,-4000,-9000,-7000,1
-4,-3,88,R3C6,,-3000,4000,-3000,-4000,-9000,-7000,1
-4,-2,88,R3C7,,-2000,4000,-2000,-4000,-9000,-7000,1
-4,-1,88,R3C8,,-1000,4000,-1000,-4000,-9000,-7000,1
-3,-9,88,R4C0,,-9000,3000,-9000,-3000,-9000,-7000,1
-3,-8,88,R4C1,,-8000,3000,-8000,-3000,-9000,-7000,1
-3,-7,88,R4C2,,-7000,3000,-7000,-3000,-9000,-7000,1
-3,-6,88,R4C3,,-6000,3000,-6000,-3000,-9000,-7000,1
-3,-5,88,R4C4,,-5000,3000,-5000,-3000,-9000,-7000,1
-3,-4,88,R4C5,,-4000,3000,-4000,-3000,-9000,-7000,1
-3,-3,88,R4C6,,-3000,3000,-3000,-3000,-9000,-7000,1
-3,-2,88,R4C7,,-2000,3000,-2000,-3000,-9000,-7000,1
-3,-1,88,R4C8,,-1000,3000,-1000,-3000,-9000,-7000,1
-2,-9,88,R5C0,,-9000,2000,-9000,-2000,-9000,-7000,1
-2,-8,88,R5C1,,-8000,2000,-8000,-2000,-9000,-7000,1
-2,-7,88,R5C2,,-7000,2000,-7000,-2000,-9000,-7000,1
-2,-6,88,R5C3,,-6000,2000,-6000,-2000,-9000,-7000,1
-2,-5,88,R5C4,,-5000,2000,-5000,-2000,-9000,-7000,1
-2,-4,88,R5C5,,-4000,2000,-4000,-2000,-9000,-7000,1
-2,-3,88,R5C6,,-3000,2000,-3000,-2000,-9000,-7000,1
-2,-2,88,R5C7,,-2000,2000,-2000,-2000,-9000,-7000,1
-2,-1,88,R5C8,,-1000,2000,-1000,-2000,-9000,-7000,1
-1,-9,88,R6C0,,-9000,1000,-9000,-1000,-9000,-7000,1
-1,-8,88,R6C1,,-8000,1000,-8000,-1000,-9000,-7000,1
-1,-7,88,R6C2,,-7000,1000,-7000,-1000,-9000,-7000,1
-1,-6,88,R6C3,,-6000,1000,-6000,-1000,-9000,-7000,1
-1,-5,88,R6C4,,-5000,1000,-5000,-1000,-9000,-7000,1
-1,-4,88,R6C5,,-4000,1000,-4000,-1000,-9000,-7000,1
-1,-3,88,R6C6,2-7-8-11,-3000,1000,-3000,-1000,-9000,-7000,1
-1,-2,88,R6C7,1-7-8-11,-2000,1000,-2000,-1000,-9000,-7000,1
-1,-1,88,R6C8,,-1000,1000,-1000,-1000,-9000,-7000,1
-7,-18,87,R0C0,,-18000,7000,-18000,-7000,-18000,-7000,1
-7,-17,87,R0C1,,-17000,7000,-17000,-7000,-18000,-7000,1
-7,-16,87,R0C2,,-16000,7000,-16000,-7000,-18000,-7000,1
-7,-15,87,R0C3,,-15000,7000,-15000,-7000,-18000,-7000,1
-7,-14,87,R0C4,,-14000,7000,-14000,-7000,-18000,-7000,1
-7,-13,87,R0C5,,-13000,7000,-13000,-7000,-18000,-7000,1
-7,-12,87,R0C6,,-12000,7000,-12000,-7000,-18000,-7000,1
-7,-11,87,R0C7,,-11000,7000,-11000,-7000,-18000,-7000,1
-7,-10,87,R0C8,,-10000,7000,-10000,-7000,-18000,-7000,1
-6,-18,87,R1C0,,-18000,6000,-18000,-6000,-18000,-7000,1
-6,-17,87,R1C1,,-17000,6000,-17000,-6000,-18000,-7000,1
-6,-16,87,R1C2,,-16000,6000,-16000,-6000,-18000,-7000,1
-6,-15,87,R1C3,,-15000,6000,-15000,-6000,-18000,-7000,1
-6,-14,87,R1C4,,-14000,6000,-14000,-6000,-18000,-7000,1
-6,-13,87,R1C5,,-13000,6000,-13000,-6000,-18000,-7000,1
-6,-12,87,R1C6,,-12000,6000,-12000,-6000,-18000,-7000,1
-6,-11,87,R1C7,,-11000,6000,-11000,-6000,-18000,-7000,1
-6,-10,87,R1C8,,-10000,6000,-10000,-6000,-18000,-7000,1
-5,-18,87,R2C0,,-18000,5000,-18000,-5000,-18000,-7000,1
-5,-17,87,R2C1,,-17000,5000,-17000,-5000,-18000,-7000,1
-5,-16,87,R2C2,,-16000,5000,-16000,-5000,-18000,-7000,1
-5,-15,87,R2C3,,-15000,5000,-15000,-5000,-18000,-7000,1
-5,-14,87,R2C4,,-14000,5000,-14000,-5000,-18000,-7000,1
-5,-13,87,R2C5,,-13000,5000,-13000,-5000,-18000,-7000,1
-5,-12,87,R2C6,,-12000,5000,-12000,-5000,-18000,-7000,1
-5,-11,87,R2C7,,-11000,5000,-11000,-5000,-18000,-7000,1
-5,-10,87,R2C8,,-10000,5000,-10000,-5000,-18000,-7000,1
-4,-18,87,R3C0,,-18000,4000,-18000,-4000,-18000,-7000,1
-4,-17,87,R3C1,,-17000,4000,-17000,-4000,-18000,-7000,1
-4,-16,87,R3C2,,-16000,4000,-16000,-4000,-18000,-7000,1
-4,-15,87,R3C3,,-15000,4000,-15000,-4000,-18000,-7000,1
-4,-14,87,R3C4,,-14000,4000,-14000,-4000,-18000,-7000,1
-4,-13,87,R3C5,,-13000,4000,-13000,-4000,-18000,-7000,1
-4,-12,87,R3C6,,-12000,4000,-12000,-4000,-18000,-7000,1
-4,-11,87,R3C7,,-11000,4000,-11000,-4000,-18000,-7000,1
-4,-10,87,R3C8,,-10000,4000,-10000,-4000,-18000,-7000,1
-3,-18,87,R4C0,,-18000,3000,-18000,-3000,-18000,-7000,1
-3,-17,87,R4C1,,-17000,3000,-17000,-3000,-18000,-7000,1
-3,-16,87,R4C2,,-16000,3000,-16000,-3000,-18000,-7000,1
-3,-15,87,R4C3,,-15000,3000,-15000,-3000,-18000,-7000,1
-3,-14,87,R4C4,,-14000,3000,-14000,-3000,-18000,-7000,1
-3,-13,87,R4C5,,-13000,3000,-13000,-3000,-18000,-7000,1
-3,-12,87,R4C6,,-12000,3000,-12000,-3000,-18000,-7000,1
-3,-11,87,R4C7,,-11000,3000,-11000,-3000,-18000,-7000,1
-3,-10,87,R4C8,,-10000,3000,-10000,-3000,-18000,-7000,1
-2,-18,87,R5C0,,-18000,2000,-18000,-2000,-18000,-7000,1
-2,-17,87,R5C1,,-17000,2000,-17000,-2000,-18000,-7000,1
-2,-16,87,R5C2,,-16000,2000,-16000,-2000,-18000,-7000,1
-2,-15,87,R5C3,,-15000,2000,-15000,-2000,-18000,-7000,1
-2,-14,87,R5C4,,-14000,2000,-14000,-2000,-18000,-7000,1
-2,-13,87,R5C5,,-13000,2000,-13000,-2000,-18000,-7000,1
-2,-12,87,R5C6,,-12000,2000,-12000,-2000,-18000,-7000,1
-2,-11,87,R5C7,,-11000,2000,-11000,-2000,-18000,-7000,1
-2,-10,87,R5C8,,-10000,2000,-10000,-2000,-18000,-7000,1
-1,-18,87,R6C0,,-18000,1000,-18000,-1000,-18000,-7000,1
-1,-17,87,R6C1,,-17000,1000,-17000,-1000,-18000,-7000,1
-1,-16,87,R6C2,,-16000,1000,-16000,-1000,-18000,-7000,1
-1,-15,87,R6C3,,-15000,1000,-15000,-1000,-18000,-7000,1
-1,-14,87,R6C4,,-14000,1000,-14000,-1000,-18000,-7000,1
-1,-13,87,R6C5,,-13000,1000,-13000,-1000,-18000,-7000,1
-1,-12,87,R6C6,2-7-9-11,-12000,1000,-12000,-1000,-18000,-7000,1
-1,-11,87,R6C7,1-7-9-11,-11000,1000,-11000,-1000,-18000,-7000,1
-1,-10,87,R6C8,,-10000,1000,-10000,-1000,-18000,-7000,1
-14,-9,74,R0C0,,-9000,14000,-9000,-14000,-9000,-14000,1
-14,-8,74,R0C1,,-8000,14000,-8000,-14000,-9000,-14000,1
-14,-7,74,R0C2,,-7000,14000,-7000,-14000,-9000,-14000,1
-14,-6,74,R0C3,,-6000,14000,-6000,-14000,-9000,-14000,1
-14,-5,74,R0C4,,-5000,14000,-5000,-14000,-9000,-14000,1
-14,-4,74,R0C5,,-4000,14000,-4000,-14000,-9000,-14000,1
-14,-3,74,R0C6,,-3000,14000,-3000,-14000,-9000,-14000,1
-14,-2,74,R0C7,,-2000,14000,-2000,-14000,-9000,-14000,1
-14,-1,74,R0C8,,-1000,14000,-1000,-14000,-9000,-14000,1
-13,-9,74,R1C0,,-9000,13000,-9000,-13000,-9000,-14000,1
-13,-8,74,R1C1,,-8000,13000,-8000,-13000,-9000,-14000,1
-13,-7,74,R1C2,,-7000,13000,-7000,-13000,-9000,-14000,1
-13,-6,74,R1C3,,-6000,13000,-6000,-13000,-9000,-14000,1
-13,-5,74,R1C4,,-5000,13000,-5000,-13000,-9000,-14000,1
-13,-4,74,R1C5,,-4000,13000,-4000,-13000,-9000,-14000,1
-13,-3,74,R1C6,,-3000,13000,-3000,-13000,-9000,-14000,1
-13,-2,74,R1C7,,-2000,13000,-2000,-13000,-9000,-14000,1
-13,-1,74,R1C8,,-1000,13000,-1000,-13000,-9000,-14000,1
-12,-9,74,R2C0,,-9000,12000,-9000,-12000,-9000,-14000,1
-12,-8,74,R2C1,,-8000,12000,-8000,-12000,-9000,-14000,1
-12,-7,74,R2C2,,-7000,12000,-7000,-12000,-9000,-14000,1
-12,-6,74,R2C3,,-6000,12000,-6000,-12000,-9000,-14000,1
-12,-5,74,R2C4,,-5000,12000,-5000,-12000,-9000,-14000,1
-12,-4,74,R2C5,,-4000,12000,-4000,-12000,-9000,-14000,1
-12,-3,74,R2C6,,-3000,12000,-3000,-12000,-9000,-14000,1
-12,-2,74,R2C7,,-2000,12000,-2000,-12000,-9000,-14000,1
-12,-1,74,R2C8,,-1000,12000,-1000,-12000,-9000,-14000,1
-11,-9,74,R3C0,,-9000,11000,-9000,-11000,-9000,-14000,1
-11,-8,74,R3C1,,-8000,11000,-8000,-11000,-9000,-14000,1
-11,-7,74,R3C2,,-7000,11000,-7000,-11000,-9000,-14000,1
-11,-6,74,R3C3,,-6000,11000,-6000,-11000,-9000,-14000,1
-11,-5,74,R3C4,,-5000,11000,-5000,-11000,-9000,-14000,1
-11,-4,74,R3C5,,-4000,11000,-4000,-11000,-9000,-14000,1
-11,-3,74,R3C6,,-3000,11000,-3000,-11000,-9000,-14000,1
-11,-2,74,R3C7,,-2000,11000,-2000,-11000,-9000,-14000,1
-11,-1,74,R3C8,,-1000,11000,-1000,-11000,-9000,-14000,1
-10,-9,74,R4C0,,-9000,10000,-9000,-10000,-9000,-14000,1
-10,-8,74,R4C1,,-8000,10000,-8000,-10000,-9000,-14000,1
-10,-7,74,R4C2,,-7000,10000,-7000,-10000,-9000,-14000,1
-10,-6,74,R4C3,,-6000,10000,-6000,-10000,-9000,-14000,1
-10,-5,74,R4C4,,-5000,10000,-5000,-10000,-9000,-14000,1
-10,-4,74,R4C5,,-4000,10000,-4000,-10000,-9000,-14000,1
-10,-3,74,R4C6,,-3000,10000,-3000,-10000,-9000,-14000,1
-10,-2,74,R4C7,,-2000,10000,-2000,-10000,-9000,-14000,1
-10,-1,74,R4C8,,-1000,10000,-1000,-10000,-9000,-14000,1
-9,-9,74,R5C0,,-9000,9000,-9000,-9000,-9000,-14000,1
-9,-8,74,R5C1,,-8000,9000,-8000,-9000,-9000,-14000,1
-9,-7,74,R5C2,,-7000,9000,-7000,-9000,-9000,-14000,1
-9,-6,74,R5C3,,-6000,9000,-6000,-9000,-9000,-14000,1
-9,-5,74,R5C4,,-5000,9000,-5000,-9000,-9000,-14000,1
-9,-4,74,R5C5,,-4000,9000,-4000,-9000,-9000,-14000,1
-9,-3,74,R5C6,,-3000,9000,-3000,-9000,-9000,-14000,1
-9,-2,74,R5C7,,-2000,9000,-2000,-9000,-9000,-14000,1
-9,-1,74,R5C8,,-1000,9000,-1000,-9000,-9000,-14000,1
-8,-9,74,R6C0,,-9000,8000,-9000,-8000,-9000,-14000,1
-8,-8,74,R6C1,,-8000,8000,-8000,-8000,-9000,-14000,1
-8,-7,74,R6C2,,-7000,8000,-7000,-8000,-9000,-14000,1
-8,-6,74,R6C3,,-6000,8000,-6000,-8000,-9000,-14000,1
-8,-5,74,R6C4,,-5000,8000,-5000,-8000,-9000,-14000,1
-8,-4,74,R6C5,,-4000,8000,-4000,-8000,-9000,-14000,1
-8,-3,74,R6C6,2-7-8-12,-3000,8000,-3000,-8000,-9000,-14000,1
-8,-2,74,R6C7,1-7-8-12,-2000,8000,-2000,-8000,-9000,-14000,1
-8,-1,74,R6C8,,-1000,8000,-1000,-8000,-9000,-14000,1
-14,-18,73,R0C0,,-18000,14000,-18000,-14000,-18000,-14000,1
-14,-17,73,R0C1,,-17000,14000,-17000,-14000,-18000,-14000,1
-14,-16,73,R0C2,,-16000,14000,-16000,-14000,-18000,-14000,1
-14,-15,73,R0C3,,-15000,14000,-15000,-14000,-18000,-14000,1
-14,-14,73,R0C4,,-14000,14000,-14000,-14000,-18000,-14000,1
-14,-13,73,R0C5,,-13000,14000,-13000,-14000,-18000,-14000,1
-14,-12,73,R0C6,,-12000,14000,-12000,-14000,-18000,-14000,1
-14,-11,73,R0C7,,-11000,14000,-11000,-14000,-18000,-14000,1
-14,-10,73,R0C8,,-10000,14000,-10000,-14000,-18000,-14000,1
-13,-18,73,R1C0,,-18000,13000,-18000,-13000,-18000,-14000,1
-13,-17,73,R1C1,,-17000,13000,-17000,-13000,-18000,-14000,1
-13,-16,73,R1C2,,-16000,13000,-16000,-13000,-18000,-14000,1
-13,-15,73,R1C3,,-15000,13000,-15000,-13000,-18000,-14000,1
-13,-14,73,R1C4,,-14000,13000,-14000,-13000,-18000,-14000,1
-13,-13,73,R1C5,,-13000,13000,-13000,-13000,-18000,-14000,1
-13,-12,73,R1C6,,-12000,13000,-12000,-13000,-18000,-14000,1
-13,-11,73,R1C7,,-11000,13000,-11000,-13000,-18000,-14000,1
-13,-10,73,R1C8,,-10000,13000,-10000,-13000,-18000,-14000,1
-12,-18,73,R2C0,,-18000,12000,-18000,-12000,-18000,-14000,1
-12,-17,73,R2C1,,-17000,12000,-17000,-12000,-18000,-14000,1
-12,-16,73,R2C2,,-16000,12000,-16000,-12000,-18000,-14000,1
-12,-15,73,R2C3,,-15000,12000,-15000,-12000,-18000,-14000,1
-12,-14,73,R2C4,,-14000,12000,-14000,-12000,-18000,-14000,1
-12,-13,73,R2C5,,-13000,12000,-13000,-12000,-18000,-14000,1
-12,-12,73,R2C6,,-12000,12000,-12000,-12000,-18000,-14000,1
-12,-11,73,R2C7,,-11000,12000,-11000,-12000,-18000,-14000,1
-12,-10,73,R2C8,,-10000,12000,-10000,-12000,-18000,-14000,1
-11,-18,73,R3C0,,-18000,11000,-18000,-11000,-18000,-14000,1
-11,-17,73,R3C1,,-17000,11000,-17000,-11000,-18000,-14000,1
-11,-16,73,R3C2,,-16000,11000,-16000,-11000,-18000,-14000,1
-11,-15,73,R3C3,,-15000,11000,-15000,-11000,-18000,-14000,1
-11,-14,73,R3C4,,-14000,11000,-14000,-11000,-18000,-14000,1
-11,-13,73,R3C5,,-13000,11000,-13000,-11000,-18000,-14000,1
-11,-12,73,R3C6,,-12000,11000,-12000,-11000,-18000,-14000,1
-11,-11,73,R3C7,,-11000,11000,-11000,-11000,-18000,-14000,1
-11,-10,73,R3C8,,-10000,11000,-10000,-11000,-18000,-14000,1
-10,-18,73,R4C0,,-18000,10000,-18000,-10000,-18000,-14000,1
-10,-17,73,R4C1,,-17000,10000,-17000,-10000,-18000,-14000,1
-10,-16,73,R4C2,,-16000,10000,-16000,-10000,-18000,-14000,1
-10,-15,73,R4C3,,-15000,10000,-15000,-10000,-18000,-14000,1
-10,-14,73,R4C4,,-14000,10000,-14000,-10000,-18000,-14000,1
-10,-13,73,R4C5,,-13000,10000,-13000,-10000,-18000,-14000,1
-10,-12,73,R4C6,,-12000,10000,-12000,-10000,-18000,-14000,1
-10,-11,73,R4C7,,-11000,10000,-11000,-10000,-18000,-14000,1
-10,-10,73,R4C8,,-10000,10000,-10000,-10000,-18000,-14000,1
-9,-18,73,R5C0,,-18000,9000,-18000,-9000,-18000,-14000,1
-9,-17,73,R5C1,,-17000,9000,-17000,-9000,-18000,-14000,1
-9,-16,73,R5C2,,-16000,9000,-16000,-9000,-18000,-14000,1
-9,-15,73,R5C3,,-15000,9000,-15000,-9000,-18000,-14000,1
-9,-14,73,R5C4,,-14000,9000,-14000,-9000,-18000,-14000,1
-9,-13,73,R5C5,,-13000,9000,-13000,-9000,-18000,-14000,1
-9,-12,73,R5C6,,-12000,9000,-12000,-9000,-18000,-14000,1
-9,-11,73,R5C7,,-11000,9000,-11000,-9000,-18000,-14000,1
-9,-10,73,R5C8,,-10000,9000,-10000,-9000,-18000,-14000,1
-8,-18,73,R6C0,,-18000,8000,-18000,-8000,-18000,-14000,1
-8,-17,73,R6C1,,-17000,8000,-17000,-8000,-18000,-14000,1
-8,-16,73,R6C2,,-16000,8000,-16000,-8000,-18000,-14000,1
-8,-15,73,R6C3,,-15000,8000,-15000,-8000,-18000,-14000,1
-8,-14,73,R6C4,,-14000,8000,-14000,-8000,-18000,-14000,1
-8,-13,73,R6C5,,-13000,8000,-13000,-8000,-18000,-14000,1
-8,-12,73,R6C6,2-7-9-12,-12000,8000,-12000,-8000,-18000,-14000,1
-8,-11,73,R6C7,1-7-9-12,-11000,8000,-11000,-8000,-18000,-14000,1
-8,-10,73,R6C8,,-10000,8000,-10000,-8000,-18000,-14000,1
28,-63,152,R0C0,,-63000,-28000,-63000,28000,-63000,28000,1
28,-62,152,R0C1,,-62000,-28000,-62000,28000,-63000,28000,1
28,-61,152,R0C2,,-61000,-28000,-61000,28000,-63000,28000,1
28,-60,152,R0C3,,-60000,-28000,-60000,28000,-63000,28000,1
28,-59,152,R0C4,,-59000,-28000,-59000,28000,-63000,28000,1
28,-58,152,R0C5,,-58000,-28000,-58000,28000,-63000,28000,1
28,-57,152,R0C6,,-57000,-28000,-57000,28000,-63000,28000,1
28,-56,152,R0C7,,-56000,-28000,-56000,28000,-63000,28000,1
28,-55,152,R0C8,,-55000,-28000,-55000,28000,-63000,28000,1
29,-63,152,R1C0,,-63000,-29000,-63000,29000,-63000,28000,1
29,-62,152,R1C1,,-62000,-29000,-62000,29000,-63000,28000,1
29,-61,152,R1C2,,-61000,-29000,-61000,29000,-63000,28000,1
29,-60,152,R1C3,,-60000,-29000,-60000,29000,-63000,28000,1
29,-59,152,R1C4,,-59000,-29000,-59000,29000,-63000,28000,1
29,-58,152,R1C5,,-58000,-29000,-58000,29000,-63000,28000,1
29,-57,152,R1C6,,-57000,-29000,-57000,29000,-63000,28000,1
29,-56,152,R1C7,,-56000,-29000,-56000,29000,-63000,28000,1
29,-55,152,R1C8,,-55000,-29000,-55000,29000,-63000,28000,1
30,-63,152,R2C0,,-63000,-30000,-63000,30000,-63000,28000,1
30,-62,152,R2C1,,-62000,-30000,-62000,30000,-63000,28000,1
30,-61,152,R2C2,,-61000,-30000,-61000,30000,-63000,28000,1
30,-60,152,R2C3,,-60000,-30000,-60000,30000,-63000,28000,1
30,-59,152,R2C4,,-59000,-30000,-59000,30000,-63000,28000,1
30,-58,152,R2C5,,-58000,-30000,-58000,30000,-63000,28000,1
30,-57,152,R2C6,,-57000,-30000,-57000,30000,-63000,28000,1
30,-56,152,R2C7,,-56000,-30000,-56000,30000,-63000,28000,1
30,-55,152,R2C8,,-55000,-30000,-55000,30000,-63000,28000,1
31,-63,152,R3C0,,-63000,-31000,-63000,31000,-63000,28000,1
31,-62,152,R3C1,,-62000,-31000,-62000,31000,-63000,28000,1
31,-61,152,R3C2,,-61000,-31000,-61000,31000,-63000,28000,1
31,-60,152,R3C3,,-60000,-31000,-60000,31000,-63000,28000,1
31,-59,152,R3C4,,-59000,-31000,-59000,31000,-63000,28000,1
31,-58,152,R3C5,,-58000,-31000,-58000,31000,-63000,28000,1
31,-57,152,R3C6,,-57000,-31000,-57000,31000,-63000,28000,1
31,-56,152,R3C7,,-56000,-31000,-56000,31000,-63000,28000,1
31,-55,152,R3C8,,-55000,-31000,-55000,31000,-63000,28000,1
32,-63,152,R4C0,,-63000,-32000,-63000,32000,-63000,28000,1
32,-62,152,R4C1,,-62000,-32000,-62000,32000,-63000,28000,1
32,-61,152,R4C2,,-61000,-32000,-61000,32000,-63000,28000,1
32,-60,152,R4C3,,-60000,-32000,-60000,32000,-63000,28000,1
32,-59,152,R4C4,,-59000,-32000,-59000,32000,-63000,28000,1
32,-58,152,R4C5,,-58000,-32000,-58000,32000,-63000,28000,1
32,-57,152,R4C6,,-57000,-32000,-57000,32000,-63000,28000,1
32,-56,152,R4C7,,-56000,-32000,-56000,32000,-63000,28000,1
32,-55,152,R4C8,,-55000,-32000,-55000,32000,-63000,28000,1
33,-63,152,R5C0,,-63000,-33000,-63000,33000,-63000,28000,1
33,-62,152,R5C1,,-62000,-33000,-62000,33000,-63000,28000,1
33,-61,152,R5C2,,-61000,-33000,-61000,33000,-63000,28000,1
33,-60,152,R5C3,,-60000,-33000,-60000,33000,-63000,28000,1
33,-59,152,R5C4,,-59000,-33000,-59000,33000,-63000,28000,1
33,-58,152,R5C5,,-58000,-33000,-58000,33000,-63000,28000,1
33,-57,152,R5C6,,-57000,-33000,-57000,33000,-63000,28000,1
33,-56,152,R5C7,,-56000,-33000,-56000,33000,-63000,28000,1
33,-55,152,R5C8,,-55000,-33000,-55000,33000,-63000,28000,1
34,-63,152,R6C0,,-63000,-34000,-63000,34000,-63000,28000,1
34,-62,152,R6C1,,-62000,-34000,-62000,34000,-63000,28000,1
34,-61,152,R6C2,,-61000,-34000,-61000,34000,-63000,28000,1
34,-60,152,R6C3,,-60000,-34000,-60000,34000,-63000,28000,1
34,-59,152,R6C4,,-59000,-34000,-59000,34000,-63000,28000,1
34,-58,152,R6C5,,-58000,-34000,-58000,34000,-63000,28000,1
34,-57,152,R6C6,2-7-14-6,-57000,-34000,-57000,34000,-63000,28000,1
34,-56,152,R6C7,1-7-14-6,-56000,-34000,-56000,34000,-63000,28000,1
34,-55,152,R6C8,,-55000,-34000,-55000,34000,-63000,28000,1
-28,9,50,R0C0,,9000,28000,9000,-28000,9000,-28000,1
-28,10,50,R0C1,,10000,28000,10000,-28000,9000,-28000,1
-28,11,50,R0C2,,11000,28000,11000,-28000,9000,-28000,1
-28,12,50,R0C3,,12000,28000,12000,-28000,9000,-28000,1
-28,13,50,R0C4,,13000,28000,13000,-28000,9000,-28000,1
-28,14,50,R0C5,,14000,28000,14000,-28000,9000,-28000,1
-28,15,50,R0C6,,15000,28000,15000,-28000,9000,-28000,1
-28,16,50,R0C7,,16000,28000,16000,-28000,9000,-28000,1
-28,17,50,R0C8,,17000,28000,17000,-28000,9000,-28000,1
-27,9,50,R1C0,,9000,27000,9000,-27000,9000,-28000,1
-27,10,50,R1C1,,10000,27000,10000,-27000,9000,-28000,1
-27,11,50,R1C2,,11000,27000,11000,-27000,9000,-28000,1
-27,12,50,R1C3,,12000,27000,12000,-27000,9000,-28000,1
-27,13,50,R1C4,,13000,27000,13000,-27000,9000,-28000,1
-27,14,50,R1C5,,14000,27000,14000,-27000,9000,-28000,1
-27,15,50,R1C6,,15000,27000,15000,-27000,9000,-28000,1
-27,16,50,R1C7,,16000,27000,16000,-27000,9000,-28000,1
-27,17,50,R1C8,,17000,27000,17000,-27000,9000,-28000,1
-26,9,50,R2C0,,9000,26000,9000,-26000,9000,-28000,1
-26,10,50,R2C1,,10000,26000,10000,-26000,9000,-28000,1
-26,11,50,R2C2,,11000,26000,11000,-26000,9000,-28000,1
-26,12,50,R2C3,,12000,26000,12000,-26000,9000,-28000,1
-26,13,50,R2C4,,13000,26000,13000,-26000,9000,-28000,1
-26,14,50,R2C5,,14000,26000,14000,-26000,9000,-28000,1
-26,15,50,R2C6,,15000,26000,15000,-26000,9000,-28000,1
-26,16,50,R2C7,,16000,26000,16000,-26000,9000,-28000,1
-26,17,50,R2C8,,17000,26000,17000,-26000,9000,-28000,1
-25,9,50,R3C0,,9000,25000,9000,-25000,9000,-28000,1
-25,10,50,R3C1,,10000,25000,10000,-25000,9000,-28000,1
-25,11,50,R3C2,,11000,25000,11000,-25000,9000,-28000,1
-25,12,50,R3C3,,12000,25000,12000,-25000,9000,-28000,1
-25,13,50,R3C4,,13000,25000,13000,-25000,9000,-28000,1
-25,14,50,R3C5,,14000,25000,14000,-25000,9000,-28000,1
-25,15,50,R3C6,,15000,25000,15000,-25000,9000,-28000,1
-25,16,50,R3C7,,16000,25000,16000,-25000,9000,-28000,1
-25,17,50,R3C8,,17000,25000,17000,-25000,9000,-28000,1
-24,9,50,R4C0,,9000,24000,9000,-24000,9000,-28000,1
-24,10,50,R4C1,,10000,24000,10000,-24000,9000,-28000,1
-24,11,50,R4C2,,11000,24000,11000,-24000,9000,-28000,1
-24,12,50,R4C3,,12000,24000,12000,-24000,9000,-28000,1
-24,13,50,R4C4,,13000,24000,13000,-24000,9000,-28000,1
-24,14,50,R4C5,,14000,24000,14000,-24000,9000,-28000,1
-24,15,50,R4C6,,15000,24000,15000,-24000,9000,-28000,1
-24,16,50,R4C7,,16000,24000,16000,-24000,9000,-28000,1
-24,17,50,R4C8,,17000,24000,17000,-24000,9000,-28000,1
-23,9,50,R5C0,,9000,23000,9000,-23000,9000,-28000,1
-23,10,50,R5C1,,10000,23000,10000,-23000,9000,-28000,1
-23,11,50,R5C2,,11000,23000,11000,-23000,9000,-28000,1
-23,12,50,R5C3,,12000,23000,12000,-23000,9000,-28000,1
-23,13,50,R5C4,,13000,23000,13000,-23000,9000,-28000,1
-23,14,50,R5C5,,14000,23000,14000,-23000,9000,-28000,1
-23,15,50,R5C6,,15000,23000,15000,-23000,9000,-28000,1
-23,16,50,R5C7,,16000,23000,16000,-23000,9000,-28000,1
-23,17,50,R5C8,,17000,23000,17000,-23000,9000,-28000,1
-22,9,50,R6C0,,9000,22000,9000,-22000,9000,-28000,1
-22,10,50,R6C1,,10000,22000,10000,-22000,9000,-28000,1
-22,11,50,R6C2,,11000,22000,11000,-22000,9000,-28000,1
-22,12,50,R6C3,,12000,22000,12000,-22000,9000,-28000,1
-22,13,50,R6C4,,13000,22000,13000,-22000,9000,-28000,1
-22,14,50,R6C5,,14000,22000,14000,-22000,9000,-28000,1
-22,15,50,R6C6,2-7-6-14,15000,22000,15000,-22000,9000,-28000,1
-22,16,50,R6C7,1-7-6-14,16000,22000,16000,-22000,9000,-28000,1
-22,17,50,R6C8,,17000,22000,17000,-22000,9000,-28000,1
28,18,161,R0C0,,18000,-28000,18000,28000,18000,28000,1
28,19,161,R0C1,,19000,-28000,19000,28000,18000,28000,1
28,20,161,R0C2,,20000,-28000,20000,28000,18000,28000,1
28,21,161,R0C3,,21000,-28000,21000,28000,18000,28000,1
28,22,161,R0C4,,22000,-28000,22000,28000,18000,28000,1
28,23,161,R0C5,,23000,-28000,23000,28000,18000,28000,1
28,24,161,R0C6,,24000,-28000,24000,28000,18000,28000,1
28,25,161,R0C7,,25000,-28000,25000,28000,18000,28000,1
28,26,161,R0C8,,26000,-28000,26000,28000,18000,28000,1
29,18,161,R1C0,,18000,-29000,18000,29000,18000,28000,1
29,19,161,R1C1,,19000,-29000,19000,29000,18000,28000,1
29,20,161,R1C2,,20000,-29000,20000,29000,18000,28000,1
29,21,161,R1C3,,21000,-29000,21000,29000,18000,28000,1
29,22,161,R1C4,,22000,-29000,22000,29000,18000,28000,1
29,23,161,R1C5,,23000,-29000,23000,29000,18000,28000,1
29,24,161,R1C6,,24000,-29000,24000,29000,18000,28000,1
29,25,161,R1C7,,25000,-29000,25000,29000,18000,28000,1
29,26,161,R1C8,,26000,-29000,26000,29000,18000,28000,1
30,18,161,R2C0,,18000,-30000,18000,30000,18000,28000,1
30,19,161,R2C1,,19000,-30000,19000,30000,18000,28000,1
30,20,161,R2C2,,20000,-30000,20000,30000,18000,28000,1
30,21,161,R2C3,,21000,-30000,21000,30000,18000,28000,1
30,22,161,R2C4,,22000,-30000,22000,30000,18000,28000,1
30,23,161,R2C5,,23000,-30000,23000,30000,18000,28000,1
30,24,161,R2C6,,24000,-30000,24000,30000,18000,28000,1
30,25,161,R2C7,,25000,-30000,25000,30000,18000,28000,1
30,26,161,R2C8,,26000,-30000,26000,30000,18000,28000,1
31,18,161,R3C0,,18000,-31000,18000,31000,18000,28000,1
31,19,161,R3C1,,19000,-31000,19000,31000,18000,28000,1
31,20,161,R3C2,,20000,-31000,20000,31000,18000,28000,1
31,21,161,R3C3,,21000,-31000,21000,31000,18000,28000,1
31,22,161,R3C4,,22000,-31000,22000,31000,18000,28000,1
31,23,161,R3C5,,23000,-31000,23000,31000,18000,28000,1
31,24,161,R3C6,,24000,-31000,24000,31000,18000,28000,1
31,25,161,R3C7,,25000,-31000,25000,31000,18000,28000,1
31,26,161,R3C8,,26000,-31000,26000,31000,18000,28000,1
32,18,161,R4C0,,18000,-32000,18000,32000,18000,28000,1
32,19,161,R4C1,,19000,-32000,19000,32000,18000,28000,1
32,20,161,R4C2,,20000,-32000,20000,32000,18000,28000,1
32,21,161,R4C3,,21000,-32000,21000,32000,18000,28000,1
32,22,161,R4C4,,22000,-32000,22000,32000,18000,28000,1
32,23,161,R4C5,,23000,-32000,23000,32000,18000,28000,1
32,24,161,R4C6,,24000,-32000,24000,32000,18000,28000,1
32,25,161,R4C7,,25000,-32000,25000,32000,18000,28000,1
32,26,161,R4C8,,26000,-32000,26000,32000,18000,28000,1
33,18,161,R5C0,,18000,-33000,18000,33000,18000,28000,1
33,19,161,R5C1,,19000,-33000,19000,33000,18000,28000,1
33,20,161,R5C2,,20000,-33000,20000,33000,18000,28000,1
33,21,161,R5C3,,21000,-33000,21000,33000,18000,28000,1
33,22,161,R5C4,,22000,-33000,22000,33000,18000,28000,1
33,23,161,R5C5,,23000,-33000,23000,33000,18000,28000,1
33,24,161,R5C6,,24000,-33000,24000,33000,18000,28000,1
33,25,161,R5C7,,25000,-33000,25000,33000,18000,28000,1
33,26,161,R5C8,,26000,-33000,26000,33000,18000,28000,1
34,18,161,R6C0,,18000,-34000,18000,34000,18000,28000,1
34,19,161,R6C1,,19000,-34000,19000,34000,18000,28000,1
34,20,161,R6C2,,20000,-34000,20000,34000,18000,28000,1
34,21,161,R6C3,,21000,-34000,21000,34000,18000,28000,1
34,22,161,R6C4,,22000,-34000,22000,34000,18000,28000,1
34,23,161,R6C5,,23000,-34000,23000,34000,18000,28000,1
34,24,161,R6C6,2-7-5-6,24000,-34000,24000,34000,18000,28000,1
34,25,161,R6C7,1-7-5-6,25000,-34000,25000,34000,18000,28000,1
34,26,161,R6C8,,26000,-34000,26000,34000,18000,28000,1
-42,-54,20,R0C0,,-54000,42000,-54000,-42000,-54000,-42000,1
-42,-53,20,R0C1,,-53000,42000,-53000,-42000,-54000,-42000,1
-42,-52,20,R0C2,,-52000,42000,-52000,-42000,-54000,-42000,1
-42,-51,20,R0C3,,-51000,42000,-51000,-42000,-54000,-42000,1
-42,-50,20,R0C4,,-50000,42000,-50000,-42000,-54000,-42000,1
-42,-49,20,R0C5,,-49000,42000,-49000,-42000,-54000,-42000,1
-42,-48,20,R0C6,,-48000,42000,-48000,-42000,-54000,-42000,1
-42,-47,20,R0C7,,-47000,42000,-47000,-42000,-54000,-42000,1
-42,-46,20,R0C8,,-46000,42000,-46000,-42000,-54000,-42000,1
-41,-54,20,R1C0,,-54000,41000,-54000,-41000,-54000,-42000,1
-41,-53,20,R1C1,,-53000,41000,-53000,-41000,-54000,-42000,1
-41,-52,20,R1C2,,-52000,41000,-52000,-41000,-54000,-42000,1
-41,-51,20,R1C3,,-51000,41000,-51000,-41000,-54000,-42000,1
-41,-50,20,R1C4,,-50000,41000,-50000,-41000,-54000,-42000,1
-41,-49,20,R1C5,,-49000,41000,-49000,-41000,-54000,-42000,1
-41,-48,20,R1C6,,-48000,41000,-48000,-41000,-54000,-42000,1
-41,-47,20,R1C7,,-47000,41000,-47000,-41000,-54000,-42000,1
-41,-46,20,R1C8,,-46000,41000,-46000,-41000,-54000,-42000,1
-40,-54,20,R2C0,,-54000,40000,-54000,-40000,-54000,-42000,1
-40,-53,20,R2C1,,-53000,40000,-53000,-40000,-54000,-42000,1
-40,-52,20,R2C2,,-52000,40000,-52000,-40000,-54000,-42000,1
-40,-51,20,R2C3,,-51000,40000,-51000,-40000,-54000,-42000,1
-40,-50,20,R2C4,,-50000,40000,-50000,-40000,-54000,-42000,1
-40,-49,20,R2C5,,-49000,40000,-49000,-40000,-54000,-42000,1
-40,-48,20,R2C6,,-48000,40000,-48000,-40000,-54000,-42000,1
-40,-47,20,R2C7,,-47000,40000,-47000,-40000,-54000,-42000,1
-40,-46,20,R2C8,,-46000,40000,-46000,-40000,-54000,-42000,1
-39,-54,20,R3C0,,-54000,39000,-54000,-39000,-54000,-42000,1
-39,-53,20,R3C1,,-53000,39000,-53000,-39000,-54000,-42000,1
-39,-52,20,R3C2,,-52000,39000,-52000,-39000,-54000,-42000,1
-39,-51,20,R3C3,,-51000,39000,-51000,-39000,-54000,-42000,1
-39,-50,20,R3C4,,-50000,39000,-50000,-39000,-54000,-42000,1
-39,-49,20,R3C5,,-49000,39000,-49000,-39000,-54000,-42000,1
-39,-48,20,R3C6,,-48000,39000,-48000,-39000,-54000,-42000,1
-39,-47,20,R3C7,,-47000,39000,-47000,-39000,-54000,-42000,1
-39,-46,20,R3C8,,-46000,39000,-46000,-39000,-54000,-42000,1
-38,-54,20,R4C0,,-54000,38000,-54000,-38000,-54000,-42000,1
-38,-53,20,R4C1,,-53000,38000,-53000,-38000,-54000,-42000,1
-38,-52,20,R4C2,,-52000,38000,-52000,-38000,-54000,-42000,1
-38,-51,20,R4C3,,-51000,38000,-51000,-38000,-54000,-42000,1
-38,-50,20,R4C4,,-50000,38000,-50000,-38000,-54000,-42000,1
-38,-49,20,R4C5,,-49000,38000,-49000,-38000,-54000,-42000,1
-38,-48,20,R4C6,,-48000,38000,-48000,-38000,-54000,-42000,1
-38,-47,20,R4C7,,-47000,38000,-47000,-38000,-54000,-42000,1
-38,-46,20,R4C8,,-46000,38000,-46000,-38000,-54000,-42000,1
-37,-54,20,R5C0,,-54000,37000,-54000,-37000,-54000,-42000,1
-37,-53,20,R5C1,,-53000,37000,-53000,-37000,-54000,-42000,1
-37,-52,20,R5C2,,-52000,37000,-52000,-37000,-54000,-42000,1
-37,-51,20,R5C3,,-51000,37000,-51000,-37000,-54000,-42000,1
-37,-50,20,R5C4,,-50000,37000,-50000,-37000,-54000,-42000,1
-37,-49,20,R5C5,,-49000,37000,-49000,-37000,-54000,-42000,1
-37,-48,20,R5C6,,-48000,37000,-48000,-37000,-54000,-42000,1
-37,-47,20,R5C7,,-47000,37000,-47000,-37000,-54000,-42000,1
-37,-46,20,R5C8,,-46000,37000,-46000,-37000,-54000,-42000,1
-36,-54,20,R6C0,,-54000,36000,-54000,-36000,-54000,-42000,1
-36,-53,20,R6C1,,-53000,36000,-53000,-36000,-54000,-42000,1
-36,-52,20,R6C2,,-52000,36000,-52000,-36000,-54000,-42000,1
-36,-51,20,R6C3,,-51000,36000,-51000,-36000,-54000,-42000,1
-36,-50,20,R6C4,,-50000,36000,-50000,-36000,-54000,-42000,1
-36,-49,20,R6C5,,-49000,36000,-49000,-36000,-54000,-42000,1
-36,-48,20,R6C6,2-7-13-16,-48000,36000,-48000,-36000,-54000,-42000,1
-36,-47,20,R6C7,1-7-13-16,-47000,36000,-47000,-36000,-54000,-42000,1
-36,-46,20,R6C8,,-46000,36000,-46000,-36000,-54000,-42000,1
35,27,174,R0C0,,27000,-35000,27000,35000,27000,35000,1
35,28,174,R0C1,,28000,-35000,28000,35000,27000,35000,1
35,29,174,R0C2,,29000,-35000,29000,35000,27000,35000,1
35,30,174,R0C3,,30000,-35000,30000,35000,27000,35000,1
35,31,174,R0C4,,31000,-35000,31000,35000,27000,35000,1
35,32,174,R0C5,,32000,-35000,32000,35000,27000,35000,1
35,33,174,R0C6,,33000,-35000,33000,35000,27000,35000,1
35,34,174,R0C7,,34000,-35000,34000,35000,27000,35000,1
35,35,174,R0C8,,35000,-35000,35000,35000,27000,35000,1
36,27,174,R1C0,,27000,-36000,27000,36000,27000,35000,1
36,28,174,R1C1,,28000,-36000,28000,36000,27000,35000,1
36,29,174,R1C2,,29000,-36000,29000,36000,27000,35000,1
36,30,174,R1C3,,30000,-36000,30000,36000,27000,35000,1
36,31,174,R1C4,,31000,-36000,31000,36000,27000,35000,1
36,32,174,R1C5,,32000,-36000,32000,36000,27000,35000,1
36,33,174,R1C6,,33000,-36000,33000,36000,27000,35000,1
36,34,174,R1C7,,34000,-36000,34000,36000,27000,35000,1
36,35,174,R1C8,,35000,-36000,35000,36000,27000,35000,1
37,27,174,R2C0,,27000,-37000,27000,37000,27000,35000,1
37,28,174,R2C1,,28000,-37000,28000,37000,27000,35000,1
37,29,174,R2C2,,29000,-37000,29000,37000,27000,35000,1
37,30,174,R2C3,,30000,-37000,30000,37000,27000,35000,1
37,31,174,R2C4,,31000,-37000,31000,37000,27000,35000,1
37,32,174,R2C5,,32000,-37000,32000,37000,27000,35000,1
37,33,174,R2C6,,33000,-37000,33000,37000,27000,35000,1
37,34,174,R2C7,,34000,-37000,34000,37000,27000,35000,1
37,35,174,R2C8,,35000,-37000,35000,37000,27000,35000,1
38,27,174,R3C0,,27000,-38000,27000,38000,27000,35000,1
38,28,174,R3C1,,28000,-38000,28000,38000,27000,35000,1
38,29,174,R3C2,,29000,-38000,29000,38000,27000,35000,1
38,30,174,R3C3,,30000,-38000,30000,38000,27000,35000,1
38,31,174,R3C4,,31000,-38000,31000,38000,27000,35000,1
38,32,174,R3C5,,32000,-38000,32000,38000,27000,35000,1
38,33,174,R3C6,,33000,-38000,33000,38000,27000,35000,1
38,34,174,R3C7,,34000,-38000,34000,38000,27000,35000,1
38,35,174,R3C8,,35000,-38000,35000,38000,27000,35000,1
39,27,174,R4C0,,27000,-39000,27000,39000,27000,35000,1
39,28,174,R4C1,,28000,-39000,28000,39000,27000,35000,1
39,29,174,R4C2,,29000,-39000,29000,39000,27000,35000,1
39,30,174,R4C3,,30000,-39000,30000,39000,27000,35000,1
39,31,174,R4C4,,31000,-39000,31000,39000,27000,35000,1
39,32,174,R4C5,,32000,-39000,32000,39000,27000,35000,1
39,33,174,R4C6,,33000,-39000,33000,39000,27000,35000,1
39,34,174,R4C7,,34000,-39000,34000,39000,27000,35000,1
39,35,174,R4C8,,35000,-39000,35000,39000,27000,35000,1
40,27,174,R5C0,,27000,-40000,27000,40000,27000,35000,1
40,28,174,R5C1,,28000,-40000,28000,40000,27000,35000,1
40,29,174,R5C2,,29000,-40000,29000,40000,27000,35000,1
40,30,174,R5C3,,30000,-40000,30000,40000,27000,35000,1
40,31,174,R5C4,,31000,-40000,31000,40000,27000,35000,1
40,32,174,R5C5,,32000,-40000,32000,40000,27000,35000,1
40,33,174,R5C6,,33000,-40000,33000,40000,27000,35000,1
40,34,174,R5C7,,34000,-40000,34000,40000,27000,35000,1
40,35,174,R5C8,,35000,-40000,35000,40000,27000,35000,1
41,27,174,R6C0,,27000,-41000,27000,41000,27000,35000,1
41,28,174,R6C1,,28000,-41000,28000,41000,27000,35000,1
41,29,174,R6C2,,29000,-41000,29000,41000,27000,35000,1
41,30,174,R6C3,,30000,-41000,30000,41000,27000,35000,1
41,31,174,R6C4,,31000,-41000,31000,41000,27000,35000,1
41,32,174,R6C5,,32000,-41000,32000,41000,27000,35000,1
41,33,174,R6C6,2-7-4-5,33000,-41000,33000,41000,27000,35000,1
41,34,174,R6C7,1-7-4-5,34000,-41000,34000,41000,27000,35000,1
41,35,174,R6C8,,35000,-41000,35000,41000,27000,35000,1
56,18,202,R0C0,,18000,-56000,18000,56000,18000,56000,1
56,19,202,R0C1,,19000,-56000,19000,56000,18000,56000,1
56,20,202,R0C2,,20000,-56000,20000,56000,18000,56000,1
56,21,202,R0C3,,21000,-56000,21000,56000,18000,56000,1
56,22,202,R0C4,,22000,-56000,22000,56000,18000,56000,1
56,23,202,R0C5,,23000,-56000,23000,56000,18000,56000,1
56,24,202,R0C6,,24000,-56000,24000,56000,18000,56000,1
56,25,202,R0C7,,25000,-56000,25000,56000,18000,56000,1
56,26,202,R0C8,,26000,-56000,26000,56000,18000,56000,1
57,18,202,R1C0,,18000,-57000,18000,57000,18000,56000,1
57,19,202,R1C1,,19000,-57000,19000,57000,18000,56000,1
57,20,202,R1C2,,20000,-57000,20000,57000,18000,56000,1
57,21,202,R1C3,,21000,-57000,21000,57000,18000,56000,1
57,22,202,R1C4,,22000,-57000,22000,57000,18000,56000,1
57,23,202,R1C5,,23000,-57000,23000,57000,18000,56000,1
57,24,202,R1C6,,24000,-57000,24000,57000,18000,56000,1
57,25,202,R1C7,,25000,-57000,25000,57000,18000,56000,1
57,26,202,R1C8,,26000,-57000,26000,57000,18000,56000,1
58,18,202,R2C0,,18000,-58000,18000,58000,18000,56000,1
58,19,202,R2C1,,19000,-58000,19000,58000,18000,56000,1
58,20,202,R2C2,,20000,-58000,20000,58000,18000,56000,1
58,21,202,R2C3,,21000,-58000,21000,58000,18000,56000,1
58,22,202,R2C4,,22000,-58000,22000,58000,18000,56000,1
58,23,202,R2C5,,23000,-58000,23000,58000,18000,56000,1
58,24,202,R2C6,,24000,-58000,24000,58000,18000,56000,1
58,25,202,R2C7,,25000,-58000,25000,58000,18000,56000,1
58,26,202,R2C8,,26000,-58000,26000,58000,18000,56000,1
59,18,202,R3C0,,18000,-59000,18000,59000,18000,56000,1
59,19,202,R3C1,,19000,-59000,19000,59000,18000,56000,1
59,20,202,R3C2,,20000,-59000,20000,59000,18000,56000,1
59,21,202,R3C3,,21000,-59000,21000,59000,18000,56000,1
59,22,202,R3C4,,22000,-59000,22000,59000,18000,56000,1
59,23,202,R3C5,,23000,-59000,23000,59000,18000,56000,1
59,24,202,R3C6,,24000,-59000,24000,59000,18000,56000,1
59,25,202,R3C7,,25000,-59000,25000,59000,18000,56000,1
59,26,202,R3C8,,26000,-59000,26000,59000,18000,56000,1
60,18,202,R4C0,,18000,-60000,18000,60000,18000,56000,1
60,19,202,R4C1,,19000,-60000,19000,60000,18000,56000,1
60,20,202,R4C2,,20000,-60000,20000,60000,18000,56000,1
60,21,202,R4C3,,21000,-60000,21000,60000,18000,56000,1
60,22,202,R4C4,,22000,-60000,22000,60000,18000,56000,1
60,23,202,R4C5,,23000,-60000,23000,60000,18000,56000,1
60,24,202,R4C6,,24000,-60000,24000,60000,18000,56000,1
60,25,202,R4C7,,25000,-60000,25000,60000,18000,56000,1
60,26,202,R4C8,,26000,-60000,26000,60000,18000,56000,1
61,18,202,R5C0,,18000,-61000,18000,61000,18000,56000,1
61,19,202,R5C1,,19000,-61000,19000,61000,18000,56000,1
61,20,202,R5C2,,20000,-61000,20000,61000,18000,56000,1
61,21,202,R5C3,,21000,-61000,21000,61000,18000,56000,1
61,22,202,R5C4,,22000,-61000,22000,61000,18000,56000,1
61,23,202,R5C5,,23000,-61000,23000,61000,18000,56000,1
61,24,202,R5C6,,24000,-61000,24000,61000,18000,56000,1
61,25,202,R5C7,,25000,-61000,25000,61000,18000,56000,1
61,26,202,R5C8,,26000,-61000,26000,61000,18000,56000,1
62,18,202,R6C0,,18000,-62000,18000,62000,18000,56000,1
62,19,202,R6C1,,19000,-62000,19000,62000,18000,56000,1
62,20,202,R6C2,,20000,-62000,20000,62000,18000,56000,1
62,21,202,R6C3,,21000,-62000,21000,62000,18000,56000,1
62,22,202,R6C4,,22000,-62000,22000,62000,18000,56000,1
62,23,202,R6C5,,23000,-62000,23000,62000,18000,56000,1
62,24,202,R6C6,2-7-5-2,24000,-62000,24000,62000,18000,56000,1
62,25,202,R6C7,1-7-5-2,25000,-62000,25000,62000,18000,56000,1
62,26,202,R6C8,,26000,-62000,26000,62000,18000,56000,1
-42,27,29,R0C0,,27000,42000,27000,-42000,27000,-42000,1
-42,28,29,R0C1,,28000,42000,28000,-42000,27000,-42000,1
-42,29,29,R0C2,,29000,42000,29000,-42000,27000,-42000,1
-42,30,29,R0C3,,30000,42000,30000,-42000,27000,-42000,1
-42,31,29,R0C4,,31000,42000,31000,-42000,27000,-42000,1
-42,32,29,R0C5,,32000,42000,32000,-42000,27000,-42000,1
-42,33,29,R0C6,,33000,42000,33000,-42000,27000,-42000,1
-42,34,29,R0C7,,34000,42000,34000,-42000,27000,-42000,1
-42,35,29,R0C8,,35000,42000,35000,-42000,27000,-42000,1
-41,27,29,R1C0,,27000,41000,27000,-41000,27000,-42000,1
-41,28,29,R1C1,,28000,41000,28000,-41000,27000,-42000,1
-41,29,29,R1C2,,29000,41000,29000,-41000,27000,-42000,1
-41,30,29,R1C3,,30000,41000,30000,-41000,27000,-42000,1
-41,31,29,R1C4,,31000,41000,31000,-41000,27000,-42000,1
-41,32,29,R1C5,,32000,41000,32000,-41000,27000,-42000,1
-41,33,29,R1C6,,33000,41000,33000,-41000,27000,-42000,1
-41,34,29,R1C7,,34000,41000,34000,-41000,27000,-42000,1
-41,35,29,R1C8,,35000,41000,35000,-41000,27000,-42000,1
-40,27,29,R2C0,,27000,40000,27000,-40000,27000,-42000,1
-40,28,29,R2C1,,28000,40000,28000,-40000,27000,-42000,1
-40,29,29,R2C2,,29000,40000,29000,-40000,27000,-42000,1
-40,30,29,R2C3,,30000,40000,30000,-40000,27000,-42000,1
-40,31,29,R2C4,,31000,40000,31000,-40000,27000,-42000,1
-40,32,29,R2C5,,32000,40000,32000,-40000,27000,-42000,1
-40,33,29,R2C6,,33000,40000,33000,-40000,27000,-42000,1
-40,34,29,R2C7,,34000,40000,34000,-40000,27000,-42000,1
-40,35,29,R2C8,,35000,40000,35000,-40000,27000,-42000,1
-39,27,29,R3C0,,27000,39000,27000,-39000,27000,-42000,1
-39,28,29,R3C1,,28000,39000,28000,-39000,27000,-42000,1
-39,29,29,R3C2,,29000,39000,29000,-39000,27000,-42000,1
-39,30,29,R3C3,,30000,39000,30000,-39000,27000,-42000,1
-39,31,29,R3C4,,31000,39000,31000,-39000,27000,-42000,1
-39,32,29,R3C5,,32000,39000,32000,-39000,27000,-42000,1
-39,33,29,R3C6,,33000,39000,33000,-39000,27000,-42000,1
-39,34,29,R3C7,,34000,39000,34000,-39000,27000,-42000,1
-39,35,29,R3C8,,35000,39000,35000,-39000,27000,-42000,1
-38,27,29,R4C0,,27000,38000,27000,-38000,27000,-42000,1
-38,28,29,R4C1,,28000,38000,28000,-38000,27000,-42000,1
-38,29,29,R4C2,,29000,38000,29000,-38000,27000,-42000,1
-38,30,29,R4C3,,30000,38000,30000,-38000,27000,-42000,1
-38,31,29,R4C4,,31000,38000,31000,-38000,27000,-42000,1
-38,32,29,R4C5,,32000,38000,32000,-38000,27000,-42000,1
-38,33,29,R4C6,,33000,38000,33000,-38000,27000,-42000,1
-38,34,29,R4C7,,34000,38000,34000,-38000,27000,-42000,1
-38,35,29,R4C8,,35000,38000,35000,-38000,27000,-42000,1
-37,27,29,R5C0,,27000,37000,27000,-37000,27000,-42000,1
-37,28,29,R5C1,,28000,37000,28000,-37000,27000,-42000,1
-37,29,29,R5C2,,29000,37000,29000,-37000,27000,-42000,1
-37,30,29,R5C3,,30000,37000,30000,-37000,27000,-42000,1
-37,31,29,R5C4,,31000,37000,31000,-37000,27000,-42000,1
-37,32,29,R5C5,,32000,37000,32000,-37000,27000,-42000,1
-37,33,29,R5C6,,33000,37000,33000,-37000,27000,-42000,1
-37,34,29,R5C7,,34000,37000,34000,-37000,27000,-42000,1
-37,35,29,R5C8,,35000,37000,35000,-37000,27000,-42000,1
-36,27,29,R6C0,,27000,36000,27000,-36000,27000,-42000,1
-36,28,29,R6C1,,28000,36000,28000,-36000,27000,-42000,1
-36,29,29,R6C2,,29000,36000,29000,-36000,27000,-42000,1
-36,30,29,R6C3,,30000,36000,30000,-36000,27000,-42000,1
-36,31,29,R6C4,,31000,36000,31000,-36000,27000,-42000,1
-36,32,29,R6C5,,32000,36000,32000,-36000,27000,-42000,1
-36,33,29,R6C6,2-7-4-16,33000,36000,33000,-36000,27000,-42000,1
-36,34,29,R6C7,1-7-4-16,34000,36000,34000,-36000,27000,-42000,1
-36,35,29,R6C8,,35000,36000,35000,-36000,27000,-42000,1
0,-9,103,R0C0,,-9000,0,-9000,0,-9000,0,1
0,-8,103,R0C1,,-8000,0,-8000,0,-9000,0,1
0,-7,103,R0C2,,-7000,0,-7000,0,-9000,0,1
0,-6,103,R0C3,,-6000,0,-6000,0,-9000,0,1
0,-5,103,R0C4,,-5000,0,-5000,0,-9000,0,1
0,-4,103,R0C5,,-4000,0,-4000,0,-9000,0,1
0,-3,103,R0C6,,-3000,0,-3000,0,-9000,0,1
0,-2,103,R0C7,,-2000,0,-2000,0,-9000,0,1
0,-1,103,R0C8,,-1000,0,-1000,0,-9000,0,1
1,-9,103,R1C0,,-9000,-1000,-9000,1000,-9000,0,1
1,-8,103,R1C1,,-8000,-1000,-8000,1000,-9000,0,1
1,-7,103,R1C2,,-7000,-1000,-7000,1000,-9000,0,1
1,-6,103,R1C3,,-6000,-1000,-6000,1000,-9000,0,1
1,-5,103,R1C4,,-5000,-1000,-5000,1000,-9000,0,1
1,-4,103,R1C5,,-4000,-1000,-4000,1000,-9000,0,1
1,-3,103,R1C6,,-3000,-1000,-3000,1000,-9000,0,1
1,-2,103,R1C7,,-2000,-1000,-2000,1000,-9000,0,1
1,-1,103,R1C8,,-1000,-1000,-1000,1000,-9000,0,1
2,-9,103,R2C0,,-9000,-2000,-9000,2000,-9000,0,1
2,-8,103,R2C1,,-8000,-2000,-8000,2000,-9000,0,1
2,-7,103,R2C2,,-7000,-2000,-7000,2000,-9000,0,1
2,-6,103,R2C3,,-6000,-2000,-6000,2000,-9000,0,1
2,-5,103,R2C4,,-5000,-2000,-5000,2000,-9000,0,1
2,-4,103,R2C5,,-4000,-2000,-4000,2000,-9000,0,1
2,-3,103,R2C6,,-3000,-2000,-3000,2000,-9000,0,1
2,-2,103,R2C7,,-2000,-2000,-2000,2000,-9000,0,1
2,-1,103,R2C8,,-1000,-2000,-1000,2000,-9000,0,1
3,-9,103,R3C0,,-9000,-3000,-9000,3000,-9000,0,1
3,-8,103,R3C1,,-8000,-3000,-8000,3000,-9000,0,1
3,-7,103,R3C2,,-7000,-3000,-7000,3000,-9000,0,1
3,-6,103,R3C3,,-6000,-3000,-6000,3000,-9000,0,1
3,-5,103,R3C4,,-5000,-3000,-5000,3000,-9000,0,1
3,-4,103,R3C5,,-4000,-3000,-4000,3000,-9000,0,1
3,-3,103,R3C6,,-3000,-3000,-3000,3000,-9000,0,1
3,-2,103,R3C7,,-2000,-3000,-2000,3000,-9000,0,1
3,-1,103,R3C8,,-1000,-3000,-1000,3000,-9000,0,1
4,-9,103,R4C0,,-9000,-4000,-9000,4000,-9000,0,1
4,-8,103,R4C1,,-8000,-4000,-8000,4000,-9000,0,1
4,-7,103,R4C2,,-7000,-4000,-7000,4000,-9000,0,1
4,-6,103,R4C3,,-6000,-4000,-6000,4000,-9000,0,1
4,-5,103,R4C4,,-5000,-4000,-5000,4000,-9000,0,1
4,-4,103,R4C5,,-4000,-4000,-4000,4000,-9000,0,1
4,-3,103,R4C6,,-3000,-4000,-3000,4000,-9000,0,1
4,-2,103,R4C7,,-2000,-4000,-2000,4000,-9000,0,1
4,-1,103,R4C8,,-1000,-4000,-1000,4000,-9000,0,1
5,-9,103,R5C0,,-9000,-5000,-9000,5000,-9000,0,1
5,-8,103,R5C1,,-8000,-5000,-8000,5000,-9000,0,1
5,-7,103,R5C2,,-7000,-5000,-7000,5000,-9000,0,1
5,-6,103,R5C3,,-6000,-5000,-6000,5000,-9000,0,1
5,-5,103,R5C4,,-5000,-5000,-5000,5000,-9000,0,1
5,-4,103,R5C5,,-4000,-5000,-4000,5000,-9000,0,1
5,-3,103,R5C6,,-3000,-5000,-3000,5000,-9000,0,1
5,-2,103,R5C7,,-2000,-5000,-2000,5000,-9000,0,1
5,-1,103,R5C8,,-1000,-5000,-1000,5000,-9000,0,1
6,-9,103,R6C0,,-9000,-6000,-9000,6000,-9000,0,1
6,-8,103,R6C1,,-8000,-6000,-8000,6000,-9000,0,1
6,-7,103,R6C2,,-7000,-6000,-7000,6000,-9000,0,1
6,-6,103,R6C3,,-6000,-6000,-6000,6000,-9000,0,1
6,-5,103,R6C4,,-5000,-6000,-5000,6000,-9000,0,1
6,-4,103,R6C5,,-4000,-6000,-4000,6000,-9000,0,1
6,-3,103,R6C6,2-7-8-10,-3000,-6000,-3000,6000,-9000,0,1
6,-2,103,R6C7,1-7-8-10,-2000,-6000,-2000,6000,-9000,0,1
6,-1,103,R6C8,,-1000,-6000,-1000,6000,-9000,0,1
14,-45,128,R0C0,,-45000,-14000,-45000,14000,-45000,14000,1
14,-44,128,R0C1,,-44000,-14000,-44000,14000,-45000,14000,1
14,-43,128,R0C2,,-43000,-14000,-43000,14000,-45000,14000,1
14,-42,128,R0C3,,-42000,-14000,-42000,14000,-45000,14000,1
14,-41,128,R0C4,,-41000,-14000,-41000,14000,-45000,14000,1
14,-40,128,R0C5,,-40000,-14000,-40000,14000,-45000,14000,1
14,-39,128,R0C6,,-39000,-14000,-39000,14000,-45000,14000,1
14,-38,128,R0C7,,-38000,-14000,-38000,14000,-45000,14000,1
14,-37,128,R0C8,,-37000,-14000,-37000,14000,-45000,14000,1
15,-45,128,R1C0,,-45000,-15000,-45000,15000,-45000,14000,1
15,-44,128,R1C1,,-44000,-15000,-44000,15000,-45000,14000,1
15,-43,128,R1C2,,-43000,-15000,-43000,15000,-45000,14000,1
15,-42,128,R1C3,,-42000,-15000,-42000,15000,-45000,14000,1
15,-41,128,R1C4,,-41000,-15000,-41000,15000,-45000,14000,1
15,-40,128,R1C5,,-40000,-15000,-40000,15000,-45000,14000,1
15,-39,128,R1C6,,-39000,-15000,-39000,15000,-45000,14000,1
15,-38,128,R1C7,,-38000,-15000,-38000,15000,-45000,14000,1
15,-37,128,R1C8,,-37000,-15000,-37000,15000,-45000,14000,1
16,-45,128,R2C0,,-45000,-16000,-45000,16000,-45000,14000,1
16,-44,128,R2C1,,-44000,-16000,-44000,16000,-45000,14000,1
16,-43,128,R2C2,,-43000,-16000,-43000,16000,-45000,14000,1
16,-42,128,R2C3,,-42000,-16000,-42000,16000,-45000,14000,1
16,-41,128,R2C4,,-41000,-16000,-41000,16000,-45000,14000,1
16,-40,128,R2C5,,-40000,-16000,-40000,16000,-45000,14000,1
16,-39,128,R2C6,,-39000,-16000,-39000,16000,-45000,14000,1
16,-38,128,R2C7,,-38000,-16000,-38000,16000,-45000,14000,1
16,-37,128,R2C8,,-37000,-16000,-37000,16000,-45000,14000,1
17,-45,128,R3C0,,-45000,-17000,-45000,17000,-45000,14000,1
17,-44,128,R3C1,,-44000,-17000,-44000,17000,-45000,14000,1
17,-43,128,R3C2,,-43000,-17000,-43000,17000,-45000,14000,1
17,-42,128,R3C3,,-42000,-17000,-42000,17000,-45000,14000,1
17,-41,128,R3C4,,-41000,-17000,-41000,17000,-45000,14000,1
17,-40,128,R3C5,,-40000,-17000,-40000,17000,-45000,14000,1
17,-39,128,R3C6,,-39000,-17000,-39000,17000,-45000,14000,1
17,-38,128,R3C7,,-38000,-17000,-38000,17000,-45000,14000,1
17,-37,128,R3C8,,-37000,-17000,-37000,17000,-45000,14000,1
18,-45,128,R4C0,,-45000,-18000,-45000,18000,-45000,14000,1
18,-44,128,R4C1,,-44000,-18000,-44000,18000,-45000,14000,1
18,-43,128,R4C2,,-43000,-18000,-43000,18000,-45000,14000,1
18,-42,128,R4C3,,-42000,-18000,-42000,18000,-45000,14000,1
18,-41,128,R4C4,,-41000,-18000,-41000,18000,-45000,14000,1
18,-40,128,R4C5,,-40000,-18000,-40000,18000,-45000,14000,1
18,-39,128,R4C6,,-39000,-18000,-39000,18000,-45000,14000,1
18,-38,128,R4C7,,-38000,-18000,-38000,18000,-45000,14000,1
18,-37,128,R4C8,,-37000,-18000,-37000,18000,-45000,14000,1
19,-45,128,R5C0,,-45000,-19000,-45000,19000,-45000,14000,1
19,-44,128,R5C1,,-44000,-19000,-44000,19000,-45000,14000,1
19,-43,128,R5C2,,-43000,-19000,-43000,19000,-45000,14000,1
19,-42,128,R5C3,,-42000,-19000,-42000,19000,-45000,14000,1
19,-41,128,R5C4,,-41000,-19000,-41000,19000,-45000,14000,1
19,-40,128,R5C5,,-40000,-19000,-40000,19000,-45000,14000,1
19,-39,128,R5C6,,-39000,-19000,-39000,19000,-45000,14000,1
19,-38,128,R5C7,,-38000,-19000,-38000,19000,-45000,14000,1
19,-37,128,R5C8,,-37000,-19000,-37000,19000,-45000,14000,1
20,-45,128,R6C0,,-45000,-20000,-45000,20000,-45000,14000,1
20,-44,128,R6C1,,-44000,-20000,-44000,20000,-45000,14000,1
20,-43,128,R6C2,,-43000,-20000,-43000,20000,-45000,14000,1
20,-42,128,R6C3,,-42000,-20000,-42000,20000,-45000,14000,1
20,-41,128,R6C4,,-41000,-20000,-41000,20000,-45000,14000,1
20,-40,128,R6C5,,-40000,-20000,-40000,20000,-45000,14000,1
20,-39,128,R6C6,2-7-12-8,-39000,-20000,-39000,20000,-45000,14000,1
20,-38,128,R6C7,1-7-12-8,-38000,-20000,-38000,20000,-45000,14000,1
20,-37,128,R6C8,,-37000,-20000,-37000,20000,-45000,14000,1
0,-18,102,R0C0,,-18000,0,-18000,0,-18000,0,1
0,-17,102,R0C1,,-17000,0,-17000,0,-18000,0,1
0,-16,102,R0C2,,-16000,0,-16000,0,-18000,0,1
0,-15,102,R0C3,,-15000,0,-15000,0,-18000,0,1
0,-14,102,R0C4,,-14000,0,-14000,0,-18000,0,1
0,-13,102,R0C5,,-13000,0,-13000,0,-18000,0,1
0,-12,102,R0C6,,-12000,0,-12000,0,-18000,0,1
0,-11,102,R0C7,,-11000,0,-11000,0,-18000,0,1
0,-10,102,R0C8,,-10000,0,-10000,0,-18000,0,1
1,-18,102,R1C0,,-18000,-1000,-18000,1000,-18000,0,1
1,-17,102,R1C1,,-17000,-1000,-17000,1000,-18000,0,1
1,-16,102,R1C2,,-16000,-1000,-16000,1000,-18000,0,1
1,-15,102,R1C3,,-15000,-1000,-15000,1000,-18000,0,1
1,-14,102,R1C4,,-14000,-1000,-14000,1000,-18000,0,1
1,-13,102,R1C5,,-13000,-1000,-13000,1000,-18000,0,1
1,-12,102,R1C6,,-12000,-1000,-12000,1000,-18000,0,1
1,-11,102,R1C7,,-11000,-1000,-11000,1000,-18000,0,1
1,-10,102,R1C8,,-10000,-1000,-10000,1000,-18000,0,1
2,-18,102,R2C0,,-18000,-2000,-18000,2000,-18000,0,1
2,-17,102,R2C1,,-17000,-2000,-17000,2000,-18000,0,1
2,-16,102,R2C2,,-16000,-2000,-16000,2000,-18000,0,1
2,-15,102,R2C3,,-15000,-2000,-15000,2000,-18000,0,1
2,-14,102,R2C4,,-14000,-2000,-14000,2000,-18000,0,1
2,-13,102,R2C5,,-13000,-2000,-13000,2000,-18000,0,1
2,-12,102,R2C6,,-12000,-2000,-12000,2000,-18000,0,1
2,-11,102,R2C7,,-11000,-2000,-11000,2000,-18000,0,1
2,-10,102,R2C8,,-10000,-2000,-10000,2000,-18000,0,1
3,-18,102,R3C0,,-18000,-3000,-18000,3000,-18000,0,1
3,-17,102,R3C1,,-17000,-3000,-17000,3000,-18000,0,1
3,-16,102,R3C2,,-16000,-3000,-16000,3000,-18000,0,1
3,-15,102,R3C3,,-15000,-3000,-15000,3000,-18000,0,1
3,-14,102,R3C4,,-14000,-3000,-14000,3000,-18000,0,1
3,-13,102,R3C5,,-13000,-3000,-13000,3000,-18000,0,1
3,-12,102,R3C6,,-12000,-3000,-12000,3000,-18000,0,1
3,-11,102,R3C7,,-11000,-3000,-11000,3000,-18000,0,1
3,-10,102,R3C8,,-10000,-3000,-10000,3000,-18000,0,1
4,-18,102,R4C0,,-18000,-4000,-18000,4000,-18000,0,1
4,-17,102,R4C1,,-17000,-4000,-17000,4000,-18000,0,1
4,-16,102,R4C2,,-16000,-4000,-16000,4000,-18000,0,1
4,-15,102,R4C3,,-15000,-4000,-15000,4000,-18000,0,1
4,-14,102,R4C4,,-14000,-4000,-14000,4000,-18000,0,1
4,-13,102,R4C5,,-13000,-4000,-13000,4000,-18000,0,1
4,-12,102,R4C6,,-12000,-4000,-12000,4000,-18000,0,1
4,-11,102,R4C7,,-11000,-4000,-11000,4000,-18000,0,1
4,-10,102,R4C8,,-10000,-4000,-10000,4000,-18000,0,1
5,-18,102,R5C0,,-18000,-5000,-18000,5000,-18000,0,1
5,-17,102,R5C1,,-17000,-5000,-17000,5000,-18000,0,1
5,-16,102,R5C2,,-16000,-5000,-16000,5000,-18000,0,1
5,-15,102,R5C3,,-15000,-5000,-15000,5000,-18000,0,1
5,-14,102,R5C4,,-14000,-5000,-14000,5000,-18000,0,1
5,-13,102,R5C5,,-13000,-5000,-13000,5000,-18000,0,1
5,-12,102,R5C6,,-12000,-5000,-12000,5000,-18000,0,1
5,-11,102,R5C7,,-11000,-5000,-11000,5000,-18000,0,1
5,-10,102,R5C8,,-10000,-5000,-10000,5000,-18000,0,1
6,-18,102,R6C0,,-18000,-6000,-18000,6000,-18000,0,1
6,-17,102,R6C1,,-17000,-6000,-17000,6000,-18000,0,1
6,-16,102,R6C2,,-16000,-6000,-16000,6000,-18000,0,1
6,-15,102,R6C3,,-15000,-6000,-15000,6000,-18000,0,1
6,-14,102,R6C4,,-14000,-6000,-14000,6000,-18000,0,1
6,-13,102,R6C5,,-13000,-6000,-13000,6000,-18000,0,1
6,-12,102,R6C6,2-7-9-10,-12000,-6000,-12000,6000,-18000,0,1
6,-11,102,R6C7,1-7-9-10,-11000,-6000,-11000,6000,-18000,0,1
6,-10,102,R6C8,,-10000,-6000,-10000,6000,-18000,0,1
14,36,137,R0C0,,36000,-14000,36000,14000,36000,14000,1
14,37,137,R0C1,,37000,-14000,37000,14000,36000,14000,1
14,38,137,R0C2,,38000,-14000,38000,14000,36000,14000,1
14,39,137,R0C3,,39000,-14000,39000,14000,36000,14000,1
14,40,137,R0C4,,40000,-14000,40000,14000,36000,14000,1
14,41,137,R0C5,,41000,-14000,41000,14000,36000,14000,1
14,42,137,R0C6,,42000,-14000,42000,14000,36000,14000,1
14,43,137,R0C7,,43000,-14000,43000,14000,36000,14000,1
14,44,137,R0C8,,44000,-14000,44000,14000,36000,14000,1
15,36,137,R1C0,,36000,-15000,36000,15000,36000,14000,1
15,37,137,R1C1,,37000,-15000,37000,15000,36000,14000,1
15,38,137,R1C2,,38000,-15000,38000,15000,36000,14000,1
15,39,137,R1C3,,39000,-15000,39000,15000,36000,14000,1
15,40,137,R1C4,,40000,-15000,40000,15000,36000,14000,1
15,41,137,R1C5,,41000,-15000,41000,15000,36000,14000,1
15,42,137,R1C6,,42000,-15000,42000,15000,36000,14000,1
15,43,137,R1C7,,43000,-15000,43000,15000,36000,14000,1
15,44,137,R1C8,,44000,-15000,44000,15000,36000,14000,1
16,36,137,R2C0,,36000,-16000,36000,16000,36000,14000,1
16,37,137,R2C1,,37000,-16000,37000,16000,36000,14000,1
16,38,137,R2C2,,38000,-16000,38000,16000,36000,14000,1
16,39,137,R2C3,,39000,-16000,39000,16000,36000,14000,1
16,40,137,R2C4,,40000,-16000,40000,16000,36000,14000,1
16,41,137,R2C5,,41000,-16000,41000,16000,36000,14000,1
16,42,137,R2C6,,42000,-16000,42000,16000,36000,14000,1
16,43,137,R2C7,,43000,-16000,43000,16000,36000,14000,1
16,44,137,R2C8,,44000,-16000,44000,16000,36000,14000,1
17,36,137,R3C0,,36000,-17000,36000,17000,36000,14000,1
17,37,137,R3C1,,37000,-17000,37000,17000,36000,14000,1
17,38,137,R3C2,,38000,-17000,38000,17000,36000,14000,1
17,39,137,R3C3,,39000,-17000,39000,17000,36000,14000,1
17,40,137,R3C4,,40000,-17000,40000,17000,36000,14000,1
17,41,137,R3C5,,41000,-17000,41000,17000,36000,14000,1
17,42,137,R3C6,,42000,-17000,42000,17000,36000,14000,1
17,43,137,R3C7,,43000,-17000,43000,17000,36000,14000,1
17,44,137,R3C8,,44000,-17000,44000,17000,36000,14000,1
18,36,137,R4C0,,36000,-18000,36000,18000,36000,14000,1
18,37,137,R4C1,,37000,-18000,37000,18000,36000,14000,1
18,38,137,R4C2,,38000,-18000,38000,18000,36000,14000,1
18,39,137,R4C3,,39000,-18000,39000,18000,36000,14000,1
18,40,137,R4C4,,40000,-18000,40000,18000,36000,14000,1
18,41,137,R4C5,,41000,-18000,41000,18000,36000,14000,1
18,42,137,R4C6,,42000,-18000,42000,18000,36000,14000,1
18,43,137,R4C7,,43000,-18000,43000,18000,36000,14000,1
18,44,137,R4C8,,44000,-18000,44000,18000,36000,14000,1
19,36,137,R5C0,,36000,-19000,36000,19000,36000,14000,1
19,37,137,R5C1,,37000,-19000,37000,19000,36000,14000,1
19,38,137,R5C2,,38000,-19000,38000,19000,36000,14000,1
19,39,137,R5C3,,39000,-19000,39000,19000,36000,14000,1
19,40,137,R5C4,,40000,-19000,40000,19000,36000,14000,1
19,41,137,R5C5,,41000,-19000,41000,19000,36000,14000,1
19,42,137,R5C6,,42000,-19000,42000,19000,36000,14000,1
19,43,137,R5C7,,43000,-19000,43000,19000,36000,14000,1
19,44,137,R5C8,,44000,-19000,44000,19000,36000,14000,1
20,36,137,R6C0,,36000,-20000,36000,20000,36000,14000,1
20,37,137,R6C1,,37000,-20000,37000,20000,36000,14000,1
20,38,137,R6C2,,38000,-20000,38000,20000,36000,14000,1
20,39,137,R6C3,,39000,-20000,39000,20000,36000,14000,1
20,40,137,R6C4,,40000,-20000,40000,20000,36000,14000,1
20,41,137,R6C5,,41000,-20000,41000,20000,36000,14000,1
20,42,137,R6C6,2-7-3-8,42000,-20000,42000,20000,36000,14000,1
20,43,137,R6C7,1-7-3-8,43000,-20000,43000,20000,36000,14000,1
20,44,137,R6C8,,44000,-20000,44000,20000,36000,14000,1
42,-45,177,R0C0,,-45000,-42000,-45000,42000,-45000,42000,1
42,-44,177,R0C1,,-44000,-42000,-44000,42000,-45000,42000,1
42,-43,177,R0C2,,-43000,-42000,-43000,42000,-45000,42000,1
42,-42,177,R0C3,,-42000,-42000,-42000,42000,-45000,42000,1
42,-41,177,R0C4,,-41000,-42000,-41000,42000,-45000,42000,1
42,-40,177,R0C5,,-40000,-42000,-40000,42000,-45000,42000,1
42,-39,177,R0C6,,-39000,-42000,-39000,42000,-45000,42000,1
42,-38,177,R0C7,,-38000,-42000,-38000,42000,-45000,42000,1
42,-37,177,R0C8,,-37000,-42000,-37000,42000,-45000,42000,1
43,-45,177,R1C0,,-45000,-43000,-45000,43000,-45000,42000,1
43,-44,177,R1C1,,-44000,-43000,-44000,43000,-45000,42000,1
43,-43,177,R1C2,,-43000,-43000,-43000,43000,-45000,42000,1
43,-42,177,R1C3,,-42000,-43000,-42000,43000,-45000,42000,1
43,-41,177,R1C4,,-41000,-43000,-41000,43000,-45000,42000,1
43,-40,177,R1C5,,-40000,-43000,-40000,43000,-45000,42000,1
43,-39,177,R1C6,,-39000,-43000,-39000,43000,-45000,42000,1
43,-38,177,R1C7,,-38000,-43000,-38000,43000,-45000,42000,1
43,-37,177,R1C8,,-37000,-43000,-37000,43000,-45000,42000,1
44,-45,177,R2C0,,-45000,-44000,-45000,44000,-45000,42000,1
44,-44,177,R2C1,,-44000,-44000,-44000,44000,-45000,42000,1
44,-43,177,R2C2,,-43000,-44000,-43000,44000,-45000,42000,1
44,-42,177,R2C3,,-42000,-44000,-42000,44000,-45000,42000,1
44,-41,177,R2C4,,-41000,-44000,-41000,44000,-45000,42000,1
44,-40,177,R2C5,,-40000,-44000,-40000,44000,-45000,42000,1
44,-39,177,R2C6,,-39000,-44000,-39000,44000,-45000,42000,1
44,-38,177,R2C7,,-38000,-44000,-38000,44000,-45000,42000,1
44,-37,177,R2C8,,-37000,-44000,-37000,44000,-45000,42000,1
45,-45,177,R3C0,,-45000,-45000,-45000,45000,-45000,42000,1
45,-44,177,R3C1,,-44000,-45000,-44000,45000,-45000,42000,1
45,-43,177,R3C2,,-43000,-45000,-43000,45000,-45000,42000,1
45,-42,177,R3C3,,-42000,-45000,-42000,45000,-45000,42000,1
45,-41,177,R3C4,,-41000,-45000,-41000,45000,-45000,42000,1
45,-40,177,R3C5,,-40000,-45000,-40000,45000,-45000,42000,1
45,-39,177,R3C6,,-39000,-45000,-39000,45000,-45000,42000,1
45,-38,177,R3C7,,-38000,-45000,-38000,45000,-45000,42000,1
45,-37,177,R3C8,,-37000,-45000,-37000,45000,-45000,42000,1
46,-45,177,R4C0,,-45000,-46000,-45000,46000,-45000,42000,1
46,-44,177,R4C1,,-44000,-46000,-44000,46000,-45000,42000,1
46,-43,177,R4C2,,-43000,-46000,-43000,46000,-45000,42000,1
46,-42,177,R4C3,,-42000,-46000,-42000,46000,-45000,42000,1
46,-41,177,R4C4,,-41000,-46000,-41000,46000,-45000,42000,1
46,-40,177,R4C5,,-40000,-46000,-40000,46000,-45000,42000,1
46,-39,177,R4C6,,-39000,-46000,-39000,46000,-45000,42000,1
46,-38,177,R4C7,,-38000,-46000,-38000,46000,-45000,42000,1
46,-37,177,R4C8,,-37000,-46000,-37000,46000,-45000,42000,1
47,-45,177,R5C0,,-45000,-47000,-45000,47000,-45000,42000,1
47,-44,177,R5C1,,-44000,-47000,-44000,47000,-45000,42000,1
47,-43,177,R5C2,,-43000,-47000,-43000,47000,-45000,42000,1
47,-42,177,R5C3,,-42000,-47000,-42000,47000,-45000,42000,1
47,-41,177,R5C4,,-41000,-47000,-41000,47000,-45000,42000,1
47,-40,177,R5C5,,-40000,-47000,-40000,47000,-45000,42000,1
47,-39,177,R5C6,,-39000,-47000,-39000,47000,-45000,42000,1
47,-38,177,R5C7,,-38000,-47000,-38000,47000,-45000,42000,1
47,-37,177,R5C8,,-37000,-47000,-37000,47000,-45000,42000,1
48,-45,177,R6C0,,-45000,-48000,-45000,48000,-45000,42000,1
48,-44,177,R6C1,,-44000,-48000,-44000,48000,-45000,42000,1
48,-43,177,R6C2,,-43000,-48000,-43000,48000,-45000,42000,1
48,-42,177,R6C3,,-42000,-48000,-42000,48000,-45000,42000,1
48,-41,177,R6C4,,-41000,-48000,-41000,48000,-45000,42000,1
48,-40,177,R6C5,,-40000,-48000,-40000,48000,-45000,42000,1
48,-39,177,R6C6,2-7-12-4,-39000,-48000,-39000,48000,-45000,42000,1
48,-38,177,R6C7,1-7-12-4,-38000,-48000,-38000,48000,-45000,42000,1
48,-37,177,R6C8,,-37000,-48000,-37000,48000,-45000,42000,1
-28,-54,43,R0C0,,-54000,28000,-54000,-28000,-54000,-28000,1
-28,-53,43,R0C1,,-53000,28000,-53000,-28000,-54000,-28000,1
-28,-52,43,R0C2,,-52000,28000,-52000,-28000,-54000,-28000,1
-28,-51,43,R0C3,,-51000,28000,-51000,-28000,-54000,-28000,1
-28,-50,43,R0C4,,-50000,28000,-50000,-28000,-54000,-28000,1
-28,-49,43,R0C5,,-49000,28000,-49000,-28000,-54000,-28000,1
-28,-48,43,R0C6,,-48000,28000,-48000,-28000,-54000,-28000,1
-28,-47,43,R0C7,,-47000,28000,-47000,-28000,-54000,-28000,1
-28,-46,43,R0C8,,-46000,28000,-46000,-28000,-54000,-28000,1
-27,-54,43,R1C0,,-54000,27000,-54000,-27000,-54000,-28000,1
-27,-53,43,R1C1,,-53000,27000,-53000,-27000,-54000,-28000,1
-27,-52,43,R1C2,,-52000,27000,-52000,-27000,-54000,-28000,1
-27,-51,43,R1C3,,-51000,27000,-51000,-27000,-54000,-28000,1
-27,-50,43,R1C4,,-50000,27000,-50000,-27000,-54000,-28000,1
-27,-49,43,R1C5,,-49000,27000,-49000,-27000,-54000,-28000,1
-27,-48,43,R1C6,,-48000,27000,-48000,-27000,-54000,-28000,1
-27,-47,43,R1C7,,-47000,27000,-47000,-27000,-54000,-28000,1
-27,-46,43,R1C8,,-46000,27000,-46000,-27000,-54000,-28000,1
-26,-54,43,R2C0,,-54000,26000,-54000,-26000,-54000,-28000,1
-26,-53,43,R2C1,,-53000,26000,-53000,-26000,-54000,-28000,1
-26,-52,43,R2C2,,-52000,26000,-52000,-26000,-54000,-28000,1
-26,-51,43,R2C3,,-51000,26000,-51000,-26000,-54000,-28000,1
-26,-50,43,R2C4,,-50000,26000,-50000,-26000,-54000,-28000,1
-26,-49,43,R2C5,,-49000,26000,-49000,-26000,-54000,-28000,1
-26,-48,43,R2C6,,-48000,26000,-48000,-26000,-54000,-28000,1
-26,-47,43,R2C7,,-47000,26000,-47000,-26000,-54000,-28000,1
-26,-46,43,R2C8,,-46000,26000,-46000,-26000,-54000,-28000,1
-25,-54,43,R3C0,,-54000,25000,-54000,-25000,-54000,-28000,1
-25,-53,43,R3C1,,-53000,25000,-53000,-25000,-54000,-28000,1
-25,-52,43,R3C2,,-52000,25000,-52000,-25000,-54000,-28000,1
-25,-51,43,R3C3,,-51000,25000,-51000,-25000,-54000,-28000,1
-25,-50,43,R3C4,,-50000,25000,-50000,-25000,-54000,-28000,1
-25,-49,43,R3C5,,-49000,25000,-49000,-25000,-54000,-28000,1
-25,-48,43,R3C6,,-48000,25000,-48000,-25000,-54000,-28000,1
-25,-47,43,R3C7,,-47000,25000,-47000,-25000,-54000,-28000,1
-25,-46,43,R3C8,,-46000,25000,-46000,-25000,-54000,-28000,1
-24,-54,43,R4C0,,-54000,24000,-54000,-24000,-54000,-28000,1
-24,-53,43,R4C1,,-53000,24000,-53000,-24000,-54000,-28000,1
-24,-52,43,R4C2,,-52000,24000,-52000,-24000,-54000,-28000,1
-24,-51,43,R4C3,,-51000,24000,-51000,-24000,-54000,-28000,1
-24,-50,43,R4C4,,-50000,24000,-50000,-24000,-54000,-28000,1
-24,-49,43,R4C5,,-49000,24000,-49000,-24000,-54000,-28000,1
-24,-48,43,R4C6,,-48000,24000,-48000,-24000,-54000,-28000,1
-24,-47,43,R4C7,,-47000,24000,-47000,-24000,-54000,-28000,1
-24,-46,43,R4C8,,-46000,24000,-46000,-24000,-54000,-28000,1
-23,-54,43,R5C0,,-54000,23000,-54000,-23000,-54000,-28000,1
-23,-53,43,R5C1,,-53000,23000,-53000,-23000,-54000,-28000,1
-23,-52,43,R5C2,,-52000,23000,-52000,-23000,-54000,-28000,1
-23,-51,43,R5C3,,-51000,23000,-51000,-23000,-54000,-28000,1
-23,-50,43,R5C4,,-50000,23000,-50000,-23000,-54000,-28000,1
-23,-49,43,R5C5,,-49000,23000,-49000,-23000,-54000,-28000,1
-23,-48,43,R5C6,,-48000,23000,-48000,-23000,-54000,-28000,1
-23,-47,43,R5C7,,-47000,23000,-47000,-23000,-54000,-28000,1
-23,-46,43,R5C8,,-46000,23000,-46000,-23000,-54000,-28000,1
-22,-54,43,R6C0,,-54000,22000,-54000,-22000,-54000,-28000,1
-22,-53,43,R6C1,,-53000,22000,-53000,-22000,-54000,-28000,1
-22,-52,43,R6C2,,-52000,22000,-52000,-22000,-54000,-28000,1
-22,-51,43,R6C3,,-51000,22000,-51000,-22000,-54000,-28000,1
-22,-50,43,R6C4,,-50000,22000,-50000,-22000,-54000,-28000,1
-22,-49,43,R6C5,,-49000,22000,-49000,-22000,-54000,-28000,1
-22,-48,43,R6C6,2-7-13-14,-48000,22000,-48000,-22000,-54000,-28000,1
-22,-47,43,R6C7,1-7-13-14,-47000,22000,-47000,-22000,-54000,-28000,1
-22,-46,43,R6C8,,-46000,22000,-46000,-22000,-54000,-28000,1
42,36,186,R0C0,,36000,-42000,36000,42000,36000,42000,1
42,37,186,R0C1,,37000,-42000,37000,42000,36000,42000,1
42,38,186,R0C2,,38000,-42000,38000,42000,36000,42000,1
42,39,186,R0C3,,39000,-42000,39000,42000,36000,42000,1
42,40,186,R0C4,,40000,-42000,40000,42000,36000,42000,1
42,41,186,R0C5,,41000,-42000,41000,42000,36000,42000,1
42,42,186,R0C6,,42000,-42000,42000,42000,36000,42000,1
42,43,186,R0C7,,43000,-42000,43000,42000,36000,42000,1
42,44,186,R0C8,,44000,-42000,44000,42000,36000,42000,1
43,36,186,R1C0,,36000,-43000,36000,43000,36000,42000,1
43,37,186,R1C1,,37000,-43000,37000,43000,36000,42000,1
43,38,186,R1C2,,38000,-43000,38000,43000,36000,42000,1
43,39,186,R1C3,,39000,-43000,39000,43000,36000,42000,1
43,40,186,R1C4,,40000,-43000,40000,43000,36000,42000,1
43,41,186,R1C5,,41000,-43000,41000,43000,36000,42000,1
43,42,186,R1C6,,42000,-43000,42000,43000,36000,42000,1
43,43,186,R1C7,,43000,-43000,43000,43000,36000,42000,1
43,44,186,R1C8,,44000,-43000,44000,43000,36000,42000,1
44,36,186,R2C0,,36000,-44000,36000,44000,36000,42000,1
44,37,186,R2C1,,37000,-44000,37000,44000,36000,42000,1
44,38,186,R2C2,,38000,-44000,38000,44000,36000,42000,1
44,39,186,R2C3,,39000,-44000,39000,44000,36000,42000,1
44,40,186,R2C4,,40000,-44000,40000,44000,36000,42000,1
44,41,186,R2C5,,41000,-44000,41000,44000,36000,42000,1
44,42,186,R2C6,,42000,-44000,42000,44000,36000,42000,1
44,43,186,R2C7,,43000,-44000,43000,44000,36000,42000,1
44,44,186,R2C8,,44000,-44000,44000,44000,36000,42000,1
45,36,186,R3C0,,36000,-45000,36000,45000,36000,42000,1
45,37,186,R3C1,,37000,-45000,37000,45000,36000,42000,1
45,38,186,R3C2,,38000,-45000,38000,45000,36000,42000,1
45,39,186,R3C3,,39000,-45000,39000,45000,36000,42000,1
45,40,186,R3C4,,40000,-45000,40000,45000,36000,42000,1
45,41,186,R3C5,,41000,-45000,41000,45000,36000,42000,1
45,42,186,R3C6,,42000,-45000,42000,45000,36000,42000,1
45,43,186,R3C7,,43000,-45000,43000,45000,36000,42000,1
45,44,186,R3C8,,44000,-45000,44000,45000,36000,42000,1
46,36,186,R4C0,,36000,-46000,36000,46000,36000,42000,1
46,37,186,R4C1,,37000,-46000,37000,46000,36000,42000,1
46,38,186,R4C2,,38000,-46000,38000,46000,36000,42000,1
46,39,186,R4C3,,39000,-46000,39000,46000,36000,42000,1
46,40,186,R4C4,,40000,-46000,40000,46000,36000,42000,1
46,41,186,R4C5,,41000,-46000,41000,46000,36000,42000,1
46,42,186,R4C6,,42000,-46000,42000,46000,36000,42000,1
46,43,186,R4C7,,43000,-46000,43000,46000,36000,42000,1
46,44,186,R4C8,,44000,-46000,44000,46000,36000,42000,1
47,36,186,R5C0,,36000,-47000,36000,47000,36000,42000,1
47,37,186,R5C1,,37000,-47000,37000,47000,36000,42000,1
47,38,186,R5C2,,38000,-47000,38000,47000,36000,42000,1
47,39,186,R5C3,,39000,-47000,39000,47000,36000,42000,1
47,40,186,R5C4,,40000,-47000,40000,47000,36000,42000,1
47,41,186,R5C5,,41000,-47000,41000,47000,36000,42000,1
47,42,186,R5C6,,42000,-47000,42000,47000,36000,42000,1
47,43,186,R5C7,,43000,-47000,43000,47000,36000,42000,1
47,44,186,R5C8,,44000,-47000,44000,47000,36000,42000,1
48,36,186,R6C0,,36000,-48000,36000,48000,36000,42000,1
48,37,186,R6C1,,37000,-48000,37000,48000,36000,42000,1
48,38,186,R6C2,,38000,-48000,38000,48000,36000,42000,1
48,39,186,R6C3,,39000,-48000,39000,48000,36000,42000,1
48,40,186,R6C4,,40000,-48000,40000,48000,36000,42000,1
48,41,186,R6C5,,41000,-48000,41000,48000,36000,42000,1
48,42,186,R6C6,2-7-3-4,42000,-48000,42000,48000,36000,42000,1
48,43,186,R6C7,1-7-3-4,43000,-48000,43000,48000,36000,42000,1
48,44,186,R6C8,,44000,-48000,44000,48000,36000,42000,1
49,27,195,R0C0,,27000,-49000,27000,49000,27000,49000,1
49,28,195,R0C1,,28000,-49000,28000,49000,27000,49000,1
49,29,195,R0C2,,29000,-49000,29000,49000,27000,49000,1
49,30,195,R0C3,,30000,-49000,30000,49000,27000,49000,1
49,31,195,R0C4,,31000,-49000,31000,49000,27000,49000,1
49,32,195,R0C5,,32000,-49000,32000,49000,27000,49000,1
49,33,195,R0C6,,33000,-49000,33000,49000,27000,49000,1
49,34,195,R0C7,,34000,-49000,34000,49000,27000,49000,1
49,35,195,R0C8,,35000,-49000,35000,49000,27000,49000,1
50,27,195,R1C0,,27000,-50000,27000,50000,27000,49000,1
50,28,195,R1C1,,28000,-50000,28000,50000,27000,49000,1
50,29,195,R1C2,,29000,-50000,29000,50000,27000,49000,1
50,30,195,R1C3,,30000,-50000,30000,50000,27000,49000,1
50,31,195,R1C4,,31000,-50000,31000,50000,27000,49000,1
50,32,195,R1C5,,32000,-50000,32000,50000,27000,49000,1
50,33,195,R1C6,,33000,-50000,33000,50000,27000,49000,1
50,34,195,R1C7,,34000,-50000,34000,50000,27000,49000,1
50,35,195,R1C8,,35000,-50000,35000,50000,27000,49000,1
51,27,195,R2C0,,27000,-51000,27000,51000,27000,49000,1
51,28,195,R2C1,,28000,-51000,28000,51000,27000,49000,1
51,29,195,R2C2,,29000,-51000,29000,51000,27000,49000,1
51,30,195,R2C3,,30000,-51000,30000,51000,27000,49000,1
51,31,195,R2C4,,31000,-51000,31000,51000,27000,49000,1
51,32,195,R2C5,,32000,-51000,32000,51000,27000,49000,1
51,33,195,R2C6,,33000,-51000,33000,51000,27000,49000,1
51,34,195,R2C7,,34000,-51000,34000,51000,27000,49000,1
51,35,195,R2C8,,35000,-51000,35000,51000,27000,49000,1
52,27,195,R3C0,,27000,-52000,27000,52000,27000,49000,1
52,28,195,R3C1,,28000,-52000,28000,52000,27000,49000,1
52,29,195,R3C2,,29000,-52000,29000,52000,27000,49000,1
52,30,195,R3C3,,30000,-52000,30000,52000,27000,49000,1
52,31,195,R3C4,,31000,-52000,31000,52000,27000,49000,1
52,32,195,R3C5,,32000,-52000,32000,52000,27000,49000,1
52,33,195,R3C6,,33000,-52000,33000,52000,27000,49000,1
52,34,195,R3C7,,34000,-52000,34000,52000,27000,49000,1
52,35,195,R3C8,,35000,-52000,35000,52000,27000,49000,1
53,27,195,R4C0,,27000,-53000,27000,53000,27000,49000,1
53,28,195,R4C1,,28000,-53000,28000,53000,27000,49000,1
53,29,195,R4C2,,29000,-53000,29000,53000,27000,49000,1
53,30,195,R4C3,,30000,-53000,30000,53000,27000,49000,1
53,31,195,R4C4,,31000,-53000,31000,53000,27000,49000,1
53,32,195,R4C5,,32000,-53000,32000,53000,27000,49000,1
53,33,195,R4C6,,33000,-53000,33000,53000,27000,49000,1
53,34,195,R4C7,,34000,-53000,34000,53000,27000,49000,1
53,35,195,R4C8,,35000,-53000,35000,53000,27000,49000,1
54,27,195,R5C0,,27000,-54000,27000,54000,27000,49000,1
54,28,195,R5C1,,28000,-54000,28000,54000,27000,49000,1
54,29,195,R5C2,,29000,-54000,29000,54000,27000,49000,1
54,30,195,R5C3,,30000,-54000,30000,54000,27000,49000,1
54,31,195,R5C4,,31000,-54000,31000,54000,27000,49000,1
54,32,195,R5C5,,32000,-54000,32000,54000,27000,49000,1
54,33,195,R5C6,,33000,-54000,33000,54000,27000,49000,1
54,34,195,R5C7,,34000,-54000,34000,54000,27000,49000,1
54,35,195,R5C8,,35000,-54000,35000,54000,27000,49000,1
55,27,195,R6C0,,27000,-55000,27000,55000,27000,49000,1
55,28,195,R6C1,,28000,-55000,28000,55000,27000,49000,1
55,29,195,R6C2,,29000,-55000,29000,55000,27000,49000,1
55,30,195,R6C3,,30000,-55000,30000,55000,27000,49000,1
55,31,195,R6C4,,31000,-55000,31000,55000,27000,49000,1
55,32,195,R6C5,,32000,-55000,32000,55000,27000,49000,1
55,33,195,R6C6,2-7-4-3,33000,-55000,33000,55000,27000,49000,1
55,34,195,R6C7,1-7-4-3,34000,-55000,34000,55000,27000,49000,1
55,35,195,R6C8,,35000,-55000,35000,55000,27000,49000,1
-7,0,89,R0C0,,0,7000,0,-7000,0,-7000,1
-7,1,89,R0C1,,1000,7000,1000,-7000,0,-7000,1
-7,2,89,R0C2,,2000,7000,2000,-7000,0,-7000,1
-7,3,89,R0C3,,3000,7000,3000,-7000,0,-7000,1
-7,4,89,R0C4,,4000,7000,4000,-7000,0,-7000,1
-7,5,89,R0C5,,5000,7000,5000,-7000,0,-7000,1
-7,6,89,R0C6,,6000,7000,6000,-7000,0,-7000,1
-7,7,89,R0C7,,7000,7000,7000,-7000,0,-7000,1
-7,8,89,R0C8,,8000,7000,8000,-7000,0,-7000,1
-6,0,89,R1C0,,0,6000,0,-6000,0,-7000,1
-6,1,89,R1C1,,1000,6000,1000,-6000,0,-7000,1
-6,2,89,R1C2,,2000,6000,2000,-6000,0,-7000,1
-6,3,89,R1C3,,3000,6000,3000,-6000,0,-7000,1
-6,4,89,R1C4,,4000,6000,4000,-6000,0,-7000,1
-6,5,89,R1C5,,5000,6000,5000,-6000,0,-7000,1
-6,6,89,R1C6,,6000,6000,6000,-6000,0,-7000,1
-6,7,89,R1C7,,7000,6000,7000,-6000,0,-7000,1
-6,8,89,R1C8,,8000,6000,8000,-6000,0,-7000,1
-5,0,89,R2C0,,0,5000,0,-5000,0,-7000,1
-5,1,89,R2C1,,1000,5000,1000,-5000,0,-7000,1
-5,2,89,R2C2,,2000,5000,2000,-5000,0,-7000,1
-5,3,89,R2C3,,3000,5000,3000,-5000,0,-7000,1
-5,4,89,R2C4,,4000,5000,4000,-5000,0,-7000,1
-5,5,89,R2C5,,5000,5000,5000,-5000,0,-7000,1
-5,6,89,R2C6,,6000,5000,6000,-5000,0,-7000,1
-5,7,89,R2C7,,7000,5000,7000,-5000,0,-7000,1
-5,8,89,R2C8,,8000,5000,8000,-5000,0,-7000,1
-4,0,89,R3C0,,0,4000,0,-4000,0,-7000,1
-4,1,89,R3C1,,1000,4000,1000,-4000,0,-7000,1
-4,2,89,R3C2,,2000,4000,2000,-4000,0,-7000,1
-4,3,89,R3C3,,3000,4000,3000,-4000,0,-7000,1
-4,4,89,R3C4,,4000,4000,4000,-4000,0,-7000,1
-4,5,89,R3C5,,5000,4000,5000,-4000,0,-7000,1
-4,6,89,R3C6,,6000,4000,6000,-4000,0,-7000,1
-4,7,89,R3C7,,7000,4000,7000,-4000,0,-7000,1
-4,8,89,R3C8,,8000,4000,8000,-4000,0,-7000,1
-3,0,89,R4C0,,0,3000,0,-3000,0,-7000,1
-3,1,89,R4C1,,1000,3000,1000,-3000,0,-7000,1
-3,2,89,R4C2,,2000,3000,2000,-3000,0,-7000,1
-3,3,89,R4C3,,3000,3000,3000,-3000,0,-7000,1
-3,4,89,R4C4,,4000,3000,4000,-3000,0,-7000,1
-3,5,89,R4C5,,5000,3000,5000,-3000,0,-7000,1
-3,6,89,R4C6,,6000,3000,6000,-3000,0,-7000,1
-3,7,89,R4C7,,7000,3000,7000,-3000,0,-7000,1
-3,8,89,R4C8,,8000,3000,8000,-3000,0,-7000,1
-2,0,89,R5C0,,0,2000,0,-2000,0,-7000,1
-2,1,89,R5C1,,1000,2000,1000,-2000,0,-7000,1
-2,2,89,R5C2,,2000,2000,2000,-2000,0,-7000,1
-2,3,89,R5C3,,3000,2000,3000,-2000,0,-7000,1
-2,4,89,R5C4,,4000,2000,4000,-2000,0,-7000,1
-2,5,89,R5C5,,5000,2000,5000,-2000,0,-7000,1
-2,6,89,R5C6,,6000,2000,6000,-2000,0,-7000,1
-2,7,89,R5C7,,7000,2000,7000,-2000,0,-7000,1
-2,8,89,R5C8,,8000,2000,8000,-2000,0,-7000,1
-1,0,89,R6C0,,0,1000,0,-1000,0,-7000,1
-1,1,89,R6C1,,1000,1000,1000,-1000,0,-7000,1
-1,2,89,R6C2,,2000,1000,2000,-1000,0,-7000,1
-1,3,89,R6C3,,3000,1000,3000,-1000,0,-7000,1
-1,4,89,R6C4,,4000,1000,4000,-1000,0,-7000,1
-1,5,89,R6C5,,5000,1000,5000,-1000,0,-7000,1
-1,6,89,R6C6,2-7-7-11,6000,1000,6000,-1000,0,-7000,1
-1,7,89,R6C7,1-7-7-11,7000,1000,7000,-1000,0,-7000,1
-1,8,89,R6C8,,8000,1000,8000,-1000,0,-7000,1
-14,0,75,R0C0,,0,14000,0,-14000,0,-14000,1
-14,1,75,R0C1,,1000,14000,1000,-14000,0,-14000,1
-14,2,75,R0C2,,2000,14000,2000,-14000,0,-14000,1
-14,3,75,R0C3,,3000,14000,3000,-14000,0,-14000,1
-14,4,75,R0C4,,4000,14000,4000,-14000,0,-14000,1
-14,5,75,R0C5,,5000,14000,5000,-14000,0,-14000,1
-14,6,75,R0C6,,6000,14000,6000,-14000,0,-14000,1
-14,7,75,R0C7,,7000,14000,7000,-14000,0,-14000,1
-14,8,75,R0C8,,8000,14000,8000,-14000,0,-14000,1
-13,0,75,R1C0,,0,13000,0,-13000,0,-14000,1
-13,1,75,R1C1,,1000,13000,1000,-13000,0,-14000,1
-13,2,75,R1C2,,2000,13000,2000,-13000,0,-14000,1
-13,3,75,R1C3,,3000,13000,3000,-13000,0,-14000,1
-13,4,75,R1C4,,4000,13000,4000,-13000,0,-14000,1
-13,5,75,R1C5,,5000,13000,5000,-13000,0,-14000,1
-13,6,75,R1C6,,6000,13000,6000,-13000,0,-14000,1
-13,7,75,R1C7,,7000,13000,7000,-13000,0,-14000,1
-13,8,75,R1C8,,8000,13000,8000,-13000,0,-14000,1
-12,0,75,R2C0,,0,12000,0,-12000,0,-14000,1
-12,1,75,R2C1,,1000,12000,1000,-12000,0,-14000,1
-12,2,75,R2C2,,2000,12000,2000,-12000,0,-14000,1
-12,3,75,R2C3,,3000,12000,3000,-12000,0,-14000,1
-12,4,75,R2C4,,4000,12000,4000,-12000,0,-14000,1
-12,5,75,R2C5,,5000,12000,5000,-12000,0,-14000,1
-12,6,75,R2C6,,6000,12000,6000,-12000,0,-14000,1
-12,7,75,R2C7,,7000,12000,7000,-12000,0,-14000,1
-12,8,75,R2C8,,8000,12000,8000,-12000,0,-14000,1
-11,0,75,R3C0,,0,11000,0,-11000,0,-14000,1
-11,1,75,R3C1,,1000,11000,1000,-11000,0,-14000,1
-11,2,75,R3C2,,2000,11000,2000,-11000,0,-14000,1
-11,3,75,R3C3,,3000,11000,3000,-11000,0,-14000,1
-11,4,75,R3C4,,4000,11000,4000,-11000,0,-14000,1
-11,5,75,R3C5,,5000,11000,5000,-11000,0,-14000,1
-11,6,75,R3C6,,6000,11000,6000,-11000,0,-14000,1
-11,7,75,R3C7,,7000,11000,7000,-11000,0,-14000,1
-11,8,75,R3C8,,8000,11000,8000,-11000,0,-14000,1
-10,0,75,R4C0,,0,10000,0,-10000,0,-14000,1
-10,1,75,R4C1,,1000,10000,1000,-10000,0,-14000,1
-10,2,75,R4C2,,2000,10000,2000,-10000,0,-14000,1
-10,3,75,R4C3,,3000,10000,3000,-10000,0,-14000,1
-10,4,75,R4C4,,4000,10000,4000,-10000,0,-14000,1
-10,5,75,R4C5,,5000,10000,5000,-10000,0,-14000,1
-10,6,75,R4C6,,6000,10000,6000,-10000,0,-14000,1
-10,7,75,R4C7,,7000,10000,7000,-10000,0,-14000,1
-10,8,75,R4C8,,8000,10000,8000,-10000,0,-14000,1
-9,0,75,R5C0,,0,9000,0,-9000,0,-14000,1
-9,1,75,R5C1,,1000,9000,1000,-9000,0,-14000,1
-9,2,75,R5C2,,2000,9000,2000,-9000,0,-14000,1
-9,3,75,R5C3,,3000,9000,3000,-9000,0,-14000,1
-9,4,75,R5C4,,4000,9000,4000,-9000,0,-14000,1
-9,5,75,R5C5,,5000,9000,5000,-9000,0,-14000,1
-9,6,75,R5C6,,6000,9000,6000,-9000,0,-14000,1
-9,7,75,R5C7,,7000,9000,7000,-9000,0,-14000,1
-9,8,75,R5C8,,8000,9000,8000,-9000,0,-14000,1
-8,0,75,R6C0,,0,8000,0,-8000,0,-14000,1
-8,1,75,R6C1,,1000,8000,1000,-8000,0,-14000,1
-8,2,75,R6C2,,2000,8000,2000,-8000,0,-14000,1
-8,3,75,R6C3,,3000,8000,3000,-8000,0,-14000,1
-8,4,75,R6C4,,4000,8000,4000,-8000,0,-14000,1
-8,5,75,R6C5,,5000,8000,5000,-8000,0,-14000,1
-8,6,75,R6C6,2-7-7-12,6000,8000,6000,-8000,0,-14000,1
-8,7,75,R6C7,1-7-7-12,7000,8000,7000,-8000,0,-14000,1
-8,8,75,R6C8,,8000,8000,8000,-8000,0,-14000,1
-28,27,52,R0C0,,27000,28000,27000,-28000,27000,-28000,1
-28,28,52,R0C1,,28000,28000,28000,-28000,27000,-28000,1
-28,29,52,R0C2,,29000,28000,29000,-28000,27000,-28000,1
-28,30,52,R0C3,,30000,28000,30000,-28000,27000,-28000,1
-28,31,52,R0C4,,31000,28000,31000,-28000,27000,-28000,1
-28,32,52,R0C5,,32000,28000,32000,-28000,27000,-28000,1
-28,33,52,R0C6,,33000,28000,33000,-28000,27000,-28000,1
-28,34,52,R0C7,,34000,28000,34000,-28000,27000,-28000,1
-28,35,52,R0C8,,35000,28000,35000,-28000,27000,-28000,1
-27,27,52,R1C0,,27000,27000,27000,-27000,27000,-28000,1
-27,28,52,R1C1,,28000,27000,28000,-27000,27000,-28000,1
-27,29,52,R1C2,,29000,27000,29000,-27000,27000,-28000,1
-27,30,52,R1C3,,30000,27000,30000,-27000,27000,-28000,1
-27,31,52,R1C4,,31000,27000,31000,-27000,27000,-28000,1
-27,32,52,R1C5,,32000,27000,32000,-27000,27000,-28000,1
-27,33,52,R1C6,,33000,27000,33000,-27000,27000,-28000,1
-27,34,52,R1C7,,34000,27000,34000,-27000,27000,-28000,1
-27,35,52,R1C8,,35000,27000,35000,-27000,27000,-28000,1
-26,27,52,R2C0,,27000,26000,27000,-26000,27000,-28000,1
-26,28,52,R2C1,,28000,26000,28000,-26000,27000,-28000,1
-26,29,52,R2C2,,29000,26000,29000,-26000,27000,-28000,1
-26,30,52,R2C3,,30000,26000,30000,-26000,27000,-28000,1
-26,31,52,R2C4,,31000,26000,31000,-26000,27000,-28000,1
-26,32,52,R2C5,,32000,26000,32000,-26000,27000,-28000,1
-26,33,52,R2C6,,33000,26000,33000,-26000,27000,-28000,1
-26,34,52,R2C7,,34000,26000,34000,-26000,27000,-28000,1
-26,35,52,R2C8,,35000,26000,35000,-26000,27000,-28000,1
-25,27,52,R3C0,,27000,25000,27000,-25000,27000,-28000,1
-25,28,52,R3C1,,28000,25000,28000,-25000,27000,-28000,1
-25,29,52,R3C2,,29000,25000,29000,-25000,27000,-28000,1
-25,30,52,R3C3,,30000,25000,30000,-25000,27000,-28000,1
-25,31,52,R3C4,,31000,25000,31000,-25000,27000,-28000,1
-25,32,52,R3C5,,32000,25000,32000,-25000,27000,-28000,1
-25,33,52,R3C6,,33000,25000,33000,-25000,27000,-28000,1
-25,34,52,R3C7,,34000,25000,34000,-25000,27000,-28000,1
-25,35,52,R3C8,,35000,25000,35000,-25000,27000,-28000,1
-24,27,52,R4C0,,27000,24000,27000,-24000,27000,-28000,1
-24,28,52,R4C1,,28000,24000,28000,-24000,27000,-28000,1
-24,29,52,R4C2,,29000,24000,29000,-24000,27000,-28000,1
-24,30,52,R4C3,,30000,24000,30000,-24000,27000,-28000,1
-24,31,52,R4C4,,31000,24000,31000,-24000,27000,-28000,1
-24,32,52,R4C5,,32000,24000,32000,-24000,27000,-28000,1
-24,33,52,R4C6,,33000,24000,33000,-24000,27000,-28000,1
-24,34,52,R4C7,,34000,24000,34000,-24000,27000,-28000,1
-24,35,52,R4C8,,35000,24000,35000,-24000,27000,-28000,1
-23,27,52,R5C0,,27000,23000,27000,-23000,27000,-28000,1
-23,28,52,R5C1,,28000,23000,28000,-23000,27000,-28000,1
-23,29,52,R5C2,,29000,23000,29000,-23000,27000,-28000,1
-23,30,52,R5C3,,30000,23000,30000,-23000,27000,-28000,1
-23,31,52,R5C4,,31000,23000,31000,-23000,27000,-28000,1
-23,32,52,R5C5,,32000,23000,32000,-23000,27000,-28000,1
-23,33,52,R5C6,,33000,23000,33000,-23000,27000,-28000,1
-23,34,52,R5C7,,34000,23000,34000,-23000,27000,-28000,1
-23,35,52,R5C8,,35000,23000,35000,-23000,27000,-28000,1
-22,27,52,R6C0,,27000,22000,27000,-22000,27000,-28000,1
-22,28,52,R6C1,,28000,22000,28000,-22000,27000,-28000,1
-22,29,52,R6C2,,29000,22000,29000,-22000,27000,-28000,1
-22,30,52,R6C3,,30000,22000,30000,-22000,27000,-28000,1
-22,31,52,R6C4,,31000,22000,31000,-22000,27000,-28000,1
-22,32,52,R6C5,,32000,22000,32000,-22000,27000,-28000,1
-22,33,52,R6C6,2-7-4-14,33000,22000,33000,-22000,27000,-28000,1
-22,34,52,R6C7,1-7-4-14,34000,22000,34000,-22000,27000,-28000,1
-22,35,52,R6C8,,35000,22000,35000,-22000,27000,-28000,1
28,-45,154,R0C0,,-45000,-28000,-45000,28000,-45000,28000,1
28,-44,154,R0C1,,-44000,-28000,-44000,28000,-45000,28000,1
28,-43,154,R0C2,,-43000,-28000,-43000,28000,-45000,28000,1
28,-42,154,R0C3,,-42000,-28000,-42000,28000,-45000,28000,1
28,-41,154,R0C4,,-41000,-28000,-41000,28000,-45000,28000,1
28,-40,154,R0C5,,-40000,-28000,-40000,28000,-45000,28000,1
28,-39,154,R0C6,,-39000,-28000,-39000,28000,-45000,28000,1
28,-38,154,R0C7,,-38000,-28000,-38000,28000,-45000,28000,1
28,-37,154,R0C8,,-37000,-28000,-37000,28000,-45000,28000,1
29,-45,154,R1C0,,-45000,-29000,-45000,29000,-45000,28000,1
29,-44,154,R1C1,,-44000,-29000,-44000,29000,-45000,28000,1
29,-43,154,R1C2,,-43000,-29000,-43000,29000,-45000,28000,1
29,-42,154,R1C3,,-42000,-29000,-42000,29000,-45000,28000,1
29,-41,154,R1C4,,-41000,-29000,-41000,29000,-45000,28000,1
29,-40,154,R1C5,,-40000,-29000,-40000,29000,-45000,28000,1
29,-39,154,R1C6,,-39000,-29000,-39000,29000,-45000,28000,1
29,-38,154,R1C7,,-38000,-29000,-38000,29000,-45000,28000,1
29,-37,154,R1C8,,-37000,-29000,-37000,29000,-45000,28000,1
30,-45,154,R2C0,,-45000,-30000,-45000,30000,-45000,28000,1
30,-44,154,R2C1,,-44000,-30000,-44000,30000,-45000,28000,1
30,-43,154,R2C2,,-43000,-30000,-43000,30000,-45000,28000,1
30,-42,154,R2C3,,-42000,-30000,-42000,30000,-45000,28000,1
30,-41,154,R2C4,,-41000,-30000,-41000,30000,-45000,28000,1
30,-40,154,R2C5,,-40000,-30000,-40000,30000,-45000,28000,1
30,-39,154,R2C6,,-39000,-30000,-39000,30000,-45000,28000,1
30,-38,154,R2C7,,-38000,-30000,-38000,30000,-45000,28000,1
30,-37,154,R2C8,,-37000,-30000,-37000,30000,-45000,28000,1
31,-45,154,R3C0,,-45000,-31000,-45000,31000,-45000,28000,1
31,-44,154,R3C1,,-44000,-31000,-44000,31000,-45000,28000,1
31,-43,154,R3C2,,-43000,-31000,-43000,31000,-45000,28000,1
31,-42,154,R3C3,,-42000,-31000,-42000,31000,-45000,28000,1
31,-41,154,R3C4,,-41000,-31000,-41000,31000,-45000,28000,1
31,-40,154,R3C5,,-40000,-31000,-40000,31000,-45000,28000,1
31,-39,154,R3C6,,-39000,-31000,-39000,31000,-45000,28000,1
31,-38,154,R3C7,,-38000,-31000,-38000,31000,-45000,28000,1
31,-37,154,R3C8,,-37000,-31000,-37000,31000,-45000,28000,1
32,-45,154,R4C0,,-45000,-32000,-45000,32000,-45000,28000,1
32,-44,154,R4C1,,-44000,-32000,-44000,32000,-45000,28000,1
32,-43,154,R4C2,,-43000,-32000,-43000,32000,-45000,28000,1
32,-42,154,R4C3,,-42000,-32000,-42000,32000,-45000,28000,1
32,-41,154,R4C4,,-41000,-32000,-41000,32000,-45000,28000,1
32,-40,154,R4C5,,-40000,-32000,-40000,32000,-45000,28000,1
32,-39,154,R4C6,,-39000,-32000,-39000,32000,-45000,28000,1
32,-38,154,R4C7,,-38000,-32000,-38000,32000,-45000,28000,1
32,-37,154,R4C8,,-37000,-32000,-37000,32000,-45000,28000,1
33,-45,154,R5C0,,-45000,-33000,-45000,33000,-45000,28000,1
33,-44,154,R5C1,,-44000,-33000,-44000,33000,-45000,28000,1
33,-43,154,R5C2,,-43000,-33000,-43000,33000,-45000,28000,1
33,-42,154,R5C3,,-42000,-33000,-42000,33000,-45000,28000,1
33,-41,154,R5C4,,-41000,-33000,-41000,33000,-45000,28000,1
33,-40,154,R5C5,,-40000,-33000,-40000,33000,-45000,28000,1
33,-39,154,R5C6,,-39000,-33000,-39000,33000,-45000,28000,1
33,-38,154,R5C7,,-38000,-33000,-38000,33000,-45000,28000,1
33,-37,154,R5C8,,-37000,-33000,-37000,33000,-45000,28000,1
34,-45,154,R6C0,,-45000,-34000,-45000,34000,-45000,28000,1
34,-44,154,R6C1,,-44000,-34000,-44000,34000,-45000,28000,1
34,-43,154,R6C2,,-43000,-34000,-43000,34000,-45000,28000,1
34,-42,154,R6C3,,-42000,-34000,-42000,34000,-45000,28000,1
34,-41,154,R6C4,,-41000,-34000,-41000,34000,-45000,28000,1
34,-40,154,R6C5,,-40000,-34000,-40000,34000,-45000,28000,1
34,-39,154,R6C6,2-7-12-6,-39000,-34000,-39000,34000,-45000,28000,1
34,-38,154,R6C7,1-7-12-6,-38000,-34000,-38000,34000,-45000,28000,1
34,-37,154,R6C8,,-37000,-34000,-37000,34000,-45000,28000,1
35,-36,167,R0C0,,-36000,-35000,-36000,35000,-36000,35000,1
35,-35,167,R0C1,,-35000,-35000,-35000,35000,-36000,35000,1
35,-34,167,R0C2,,-34000,-35000,-34000,35000,-36000,35000,1
35,-33,167,R0C3,,-33000,-35000,-33000,35000,-36000,35000,1
35,-32,167,R0C4,,-32000,-35000,-32000,35000,-36000,35000,1
35,-31,167,R0C5,,-31000,-35000,-31000,35000,-36000,35000,1
35,-30,167,R0C6,,-30000,-35000,-30000,35000,-36000,35000,1
35,-29,167,R0C7,,-29000,-35000,-29000,35000,-36000,35000,1
35,-28,167,R0C8,,-28000,-35000,-28000,35000,-36000,35000,1
36,-36,167,R1C0,,-36000,-36000,-36000,36000,-36000,35000,1
36,-35,167,R1C1,,-35000,-36000,-35000,36000,-36000,35000,1
36,-34,167,R1C2,,-34000,-36000,-34000,36000,-36000,35000,1
36,-33,167,R1C3,,-33000,-36000,-33000,36000,-36000,35000,1
36,-32,167,R1C4,,-32000,-36000,-32000,36000,-36000,35000,1
36,-31,167,R1C5,,-31000,-36000,-31000,36000,-36000,35000,1
36,-30,167,R1C6,,-30000,-36000,-30000,36000,-36000,35000,1
36,-29,167,R1C7,,-29000,-36000,-29000,36000,-36000,35000,1
36,-28,167,R1C8,,-28000,-36000,-28000,36000,-36000,35000,1
37,-36,167,R2C0,,-36000,-37000,-36000,37000,-36000,35000,1
37,-35,167,R2C1,,-35000,-37000,-35000,37000,-36000,35000,1
37,-34,167,R2C2,,-34000,-37000,-34000,37000,-36000,35000,1
37,-33,167,R2C3,,-33000,-37000,-33000,37000,-36000,35000,1
37,-32,167,R2C4,,-32000,-37000,-32000,37000,-36000,35000,1
37,-31,167,R2C5,,-31000,-37000,-31000,37000,-36000,35000,1
37,-30,167,R2C6,,-30000,-37000,-30000,37000,-36000,35000,1
37,-29,167,R2C7,,-29000,-37000,-29000,37000,-36000,35000,1
37,-28,167,R2C8,,-28000,-37000,-28000,37000,-36000,35000,1
38,-36,167,R3C0,,-36000,-38000,-36000,38000,-36000,35000,1
38,-35,167,R3C1,,-35000,-38000,-35000,38000,-36000,35000,1
38,-34,167,R3C2,,-34000,-38000,-34000,38000,-36000,35000,1
38,-33,167,R3C3,,-33000,-38000,-33000,38000,-36000,35000,1
38,-32,167,R3C4,,-32000,-38000,-32000,38000,-36000,35000,1
38,-31,167,R3C5,,-31000,-38000,-31000,38000,-36000,35000,1
38,-30,167,R3C6,,-30000,-38000,-30000,38000,-36000,35000,1
38,-29,167,R3C7,,-29000,-38000,-29000,38000,-36000,35000,1
38,-28,167,R3C8,,-28000,-38000,-28000,38000,-36000,35000,1
39,-36,167,R4C0,,-36000,-39000,-36000,39000,-36000,35000,1
39,-35,167,R4C1,,-35000,-39000,-35000,39000,-36000,35000,1
39,-34,167,R4C2,,-34000,-39000,-34000,39000,-36000,35000,1
39,-33,167,R4C3,,-33000,-39000,-33000,39000,-36000,35000,1
39,-32,167,R4C4,,-32000,-39000,-32000,39000,-36000,35000,1
39,-31,167,R4C5,,-31000,-39000,-31000,39000,-36000,35000,1
39,-30,167,R4C6,,-30000,-39000,-30000,39000,-36000,35000,1
39,-29,167,R4C7,,-29000,-39000,-29000,39000,-36000,35000,1
39,-28,167,R4C8,,-28000,-39000,-28000,39000,-36000,35000,1
40,-36,167,R5C0,,-36000,-40000,-36000,40000,-36000,35000,1
40,-35,167,R5C1,,-35000,-40000,-35000,40000,-36000,35000,1
40,-34,167,R5C2,,-34000,-40000,-34000,40000,-36000,35000,1
40,-33,167,R5C3,,-33000,-40000,-33000,40000,-36000,35000,1
40,-32,167,R5C4,,-32000,-40000,-32000,40000,-36000,35000,1
40,-31,167,R5C5,,-31000,-40000,-31000,40000,-36000,35000,1
40,-30,167,R5C6,,-30000,-40000,-30000,40000,-36000,35000,1
40,-29,167,R5C7,,-29000,-40000,-29000,40000,-36000,35000,1
40,-28,167,R5C8,,-28000,-40000,-28000,40000,-36000,35000,1
41,-36,167,R6C0,,-36000,-41000,-36000,41000,-36000,35000,1
41,-35,167,R6C1,,-35000,-41000,-35000,41000,-36000,35000,1
41,-34,167,R6C2,,-34000,-41000,-34000,41000,-36000,35000,1
41,-33,167,R6C3,,-33000,-41000,-33000,41000,-36000,35000,1
41,-32,167,R6C4,,-32000,-41000,-32000,41000,-36000,35000,1
41,-31,167,R6C5,,-31000,-41000,-31000,41000,-36000,35000,1
41,-30,167,R6C6,2-7-11-5,-30000,-41000,-30000,41000,-36000,35000,1
41,-29,167,R6C7,1-7-11-5,-29000,-41000,-29000,41000,-36000,35000,1
41,-28,167,R6C8,,-28000,-41000,-28000,41000,-36000,35000,1
-42,-36,22,R0C0,,-36000,42000,-36000,-42000,-36000,-42000,1
-42,-35,22,R0C1,,-35000,42000,-35000,-42000,-36000,-42000,1
-42,-34,22,R0C2,,-34000,42000,-34000,-42000,-36000,-42000,1
-42,-33,22,R0C3,,-33000,42000,-33000,-42000,-36000,-42000,1
-42,-32,22,R0C4,,-32000,42000,-32000,-42000,-36000,-42000,1
-42,-31,22,R0C5,,-31000,42000,-31000,-42000,-36000,-42000,1
-42,-30,22,R0C6,,-30000,42000,-30000,-42000,-36000,-42000,1
-42,-29,22,R0C7,,-29000,42000,-29000,-42000,-36000,-42000,1
-42,-28,22,R0C8,,-28000,42000,-28000,-42000,-36000,-42000,1
-41,-36,22,R1C0,,-36000,41000,-36000,-41000,-36000,-42000,1
-41,-35,22,R1C1,,-35000,41000,-35000,-41000,-36000,-42000,1
-41,-34,22,R1C2,,-34000,41000,-34000,-41000,-36000,-42000,1
-41,-33,22,R1C3,,-33000,41000,-33000,-41000,-36000,-42000,1
-41,-32,22,R1C4,,-32000,41000,-32000,-41000,-36000,-42000,1
-41,-31,22,R1C5,,-31000,41000,-31000,-41000,-36000,-42000,1
-41,-30,22,R1C6,,-30000,41000,-30000,-41000,-36000,-42000,1
-41,-29,22,R1C7,,-29000,41000,-29000,-41000,-36000,-42000,1
-41,-28,22,R1C8,,-28000,41000,-28000,-41000,-36000,-42000,1
-40,-36,22,R2C0,,-36000,40000,-36000,-40000,-36000,-42000,1
-40,-35,22,R2C1,,-35000,40000,-35000,-40000,-36000,-42000,1
-40,-34,22,R2C2,,-34000,40000,-34000,-40000,-36000,-42000,1
-40,-33,22,R2C3,,-33000,40000,-33000,-40000,-36000,-42000,1
-40,-32,22,R2C4,,-32000,40000,-32000,-40000,-36000,-42000,1
-40,-31,22,R2C5,,-31000,40000,-31000,-40000,-36000,-42000,1
-40,-30,22,R2C6,,-30000,40000,-30000,-40000,-36000,-42000,1
-40,-29,22,R2C7,,-29000,40000,-29000,-40000,-36000,-42000,1
-40,-28,22,R2C8,,-28000,40000,-28000,-40000,-36000,-42000,1
-39,-36,22,R3C0,,-36000,39000,-36000,-39000,-36000,-42000,1
-39,-35,22,R3C1,,-35000,39000,-35000,-39000,-36000,-42000,1
-39,-34,22,R3C2,,-34000,39000,-34000,-39000,-36000,-42000,1
-39,-33,22,R3C3,,-33000,39000,-33000,-39000,-36000,-42000,1
-39,-32,22,R3C4,,-32000,39000,-32000,-39000,-36000,-42000,1
-39,-31,22,R3C5,,-31000,39000,-31000,-39000,-36000,-42000,1
-39,-30,22,R3C6,,-30000,39000,-30000,-39000,-36000,-42000,1
-39,-29,22,R3C7,,-29000,39000,-29000,-39000,-36000,-42000,1
-39,-28,22,R3C8,,-28000,39000,-28000,-39000,-36000,-42000,1
-38,-36,22,R4C0,,-36000,38000,-36000,-38000,-36000,-42000,1
-38,-35,22,R4C1,,-35000,38000,-35000,-38000,-36000,-42000,1
-38,-34,22,R4C2,,-34000,38000,-34000,-38000,-36000,-42000,1
-38,-33,22,R4C3,,-33000,38000,-33000,-38000,-36000,-42000,1
-38,-32,22,R4C4,,-32000,38000,-32000,-38000,-36000,-42000,1
-38,-31,22,R4C5,,-31000,38000,-31000,-38000,-36000,-42000,1
-38,-30,22,R4C6,,-30000,38000,-30000,-38000,-36000,-42000,1
-38,-29,22,R4C7,,-29000,38000,-29000,-38000,-36000,-42000,1
-38,-28,22,R4C8,,-28000,38000,-28000,-38000,-36000,-42000,1
-37,-36,22,R5C0,,-36000,37000,-36000,-37000,-36000,-42000,1
-37,-35,22,R5C1,,-35000,37000,-35000,-37000,-36000,-42000,1
-37,-34,22,R5C2,,-34000,37000,-34000,-37000,-36000,-42000,1
-37,-33,22,R5C3,,-33000,37000,-33000,-37000,-36000,-42000,1
-37,-32,22,R5C4,,-32000,37000,-32000,-37000,-36000,-42000,1
-37,-31,22,R5C5,,-31000,37000,-31000,-37000,-36000,-42000,1
-37,-30,22,R5C6,,-30000,37000,-30000,-37000,-36000,-42000,1
-37,-29,22,R5C7,,-29000,37000,-29000,-37000,-36000,-42000,1
-37,-28,22,R5C8,,-28000,37000,-28000,-37000,-36000,-42000,1
-36,-36,22,R6C0,,-36000,36000,-36000,-36000,-36000,-42000,1
-36,-35,22,R6C1,,-35000,36000,-35000,-36000,-36000,-42000,1
-36,-34,22,R6C2,,-34000,36000,-34000,-36000,-36000,-42000,1
-36,-33,22,R6C3,,-33000,36000,-33000,-36000,-36000,-42000,1
-36,-32,22,R6C4,,-32000,36000,-32000,-36000,-36000,-42000,1
-36,-31,22,R6C5,,-31000,36000,-31000,-36000,-36000,-42000,1
-36,-30,22,R6C6,2-7-11-16,-30000,36000,-30000,-36000,-36000,-42000,1
-36,-29,22,R6C7,1-7-11-16,-29000,36000,-29000,-36000,-36000,-42000,1
-36,-28,22,R6C8,,-28000,36000,-28000,-36000,-36000,-42000,1
-35,36,41,R0C0,,36000,35000,36000,-35000,36000,-35000,1
-35,37,41,R0C1,,37000,35000,37000,-35000,36000,-35000,1
-35,38,41,R0C2,,38000,35000,38000,-35000,36000,-35000,1
-35,39,41,R0C3,,39000,35000,39000,-35000,36000,-35000,1
-35,40,41,R0C4,,40000,35000,40000,-35000,36000,-35000,1
-35,41,41,R0C5,,41000,35000,41000,-35000,36000,-35000,1
-35,42,41,R0C6,,42000,35000,42000,-35000,36000,-35000,1
-35,43,41,R0C7,,43000,35000,43000,-35000,36000,-35000,1
-35,44,41,R0C8,,44000,35000,44000,-35000,36000,-35000,1
-34,36,41,R1C0,,36000,34000,36000,-34000,36000,-35000,1
-34,37,41,R1C1,,37000,34000,37000,-34000,36000,-35000,1
-34,38,41,R1C2,,38000,34000,38000,-34000,36000,-35000,1
-34,39,41,R1C3,,39000,34000,39000,-34000,36000,-35000,1
-34,40,41,R1C4,,40000,34000,40000,-34000,36000,-35000,1
-34,41,41,R1C5,,41000,34000,41000,-34000,36000,-35000,1
-34,42,41,R1C6,,42000,34000,42000,-34000,36000,-35000,1
-34,43,41,R1C7,,43000,34000,43000,-34000,36000,-35000,1
-34,44,41,R1C8,,44000,34000,44000,-34000,36000,-35000,1
-33,36,41,R2C0,,36000,33000,36000,-33000,36000,-35000,1
-33,37,41,R2C1,,37000,33000,37000,-33000,36000,-35000,1
-33,38,41,R2C2,,38000,33000,38000,-33000,36000,-35000,1
-33,39,41,R2C3,,39000,33000,39000,-33000,36000,-35000,1
-33,40,41,R2C4,,40000,33000,40000,-33000,36000,-35000,1
-33,41,41,R2C5,,41000,33000,41000,-33000,36000,-35000,1
-33,42,41,R2C6,,42000,33000,42000,-33000,36000,-35000,1
-33,43,41,R2C7,,43000,33000,43000,-33000,36000,-35000,1
-33,44,41,R2C8,,44000,33000,44000,-33000,36000,-35000,1
-32,36,41,R3C0,,36000,32000,36000,-32000,36000,-35000,1
-32,37,41,R3C1,,37000,32000,37000,-32000,36000,-35000,1
-32,38,41,R3C2,,38000,32000,38000,-32000,36000,-35000,1
-32,39,41,R3C3,,39000,32000,39000,-32000,36000,-35000,1
-32,40,41,R3C4,,40000,32000,40000,-32000,36000,-35000,1
-32,41,41,R3C5,,41000,32000,41000,-32000,36000,-35000,1
-32,42,41,R3C6,,42000,32000,42000,-32000,36000,-35000,1
-32,43,41,R3C7,,43000,32000,43000,-32000,36000,-35000,1
-32,44,41,R3C8,,44000,32000,44000,-32000,36000,-35000,1
-31,36,41,R4C0,,36000,31000,36000,-31000,36000,-35000,1
-31,37,41,R4C1,,37000,31000,37000,-31000,36000,-35000,1
-31,38,41,R4C2,,38000,31000,38000,-31000,36000,-35000,1
-31,39,41,R4C3,,39000,31000,39000,-31000,36000,-35000,1
-31,40,41,R4C4,,40000,31000,40000,-31000,36000,-35000,1
-31,41,41,R4C5,,41000,31000,41000,-31000,36000,-35000,1
-31,42,41,R4C6,,42000,31000,42000,-31000,36000,-35000,1
-31,43,41,R4C7,,43000,31000,43000,-31000,36000,-35000,1
-31,44,41,R4C8,,44000,31000,44000,-31000,36000,-35000,1
-30,36,41,R5C0,,36000,30000,36000,-30000,36000,-35000,1
-30,37,41,R5C1,,37000,30000,37000,-30000,36000,-35000,1
-30,38,41,R5C2,,38000,30000,38000,-30000,36000,-35000,1
-30,39,41,R5C3,,39000,30000,39000,-30000,36000,-35000,1
-30,40,41,R5C4,,40000,30000,40000,-30000,36000,-35000,1
-30,41,41,R5C5,,41000,30000,41000,-30000,36000,-35000,1
-30,42,41,R5C6,,42000,30000,42000,-30000,36000,-35000,1
-30,43,41,R5C7,,43000,30000,43000,-30000,36000,-35000,1
-30,44,41,R5C8,,44000,30000,44000,-30000,36000,-35000,1
-29,36,41,R6C0,,36000,29000,36000,-29000,36000,-35000,1
-29,37,41,R6C1,,37000,29000,37000,-29000,36000,-35000,1
-29,38,41,R6C2,,38000,29000,38000,-29000,36000,-35000,1
-29,39,41,R6C3,,39000,29000,39000,-29000,36000,-35000,1
-29,40,41,R6C4,,40000,29000,40000,-29000,36000,-35000,1
-29,41,41,R6C5,,41000,29000,41000,-29000,36000,-35000,1
-29,42,41,R6C6,2-7-3-15,42000,29000,42000,-29000,36000,-35000,1
-29,43,41,R6C7,1-7-3-15,43000,29000,43000,-29000,36000,-35000,1
-29,44,41,R6C8,,44000,29000,44000,-29000,36000,-35000,1
-21,9,63,R0C0,,9000,21000,9000,-21000,9000,-21000,1
-21,10,63,R0C1,,10000,21000,10000,-21000,9000,-21000,1
-21,11,63,R0C2,,11000,21000,11000,-21000,9000,-21000,1
-21,12,63,R0C3,,12000,21000,12000,-21000,9000,-21000,1
-21,13,63,R0C4,,13000,21000,13000,-21000,9000,-21000,1
-21,14,63,R0C5,,14000,21000,14000,-21000,9000,-21000,1
-21,15,63,R0C6,,15000,21000,15000,-21000,9000,-21000,1
-21,16,63,R0C7,,16000,21000,16000,-21000,9000,-21000,1
-21,17,63,R0C8,,17000,21000,17000,-21000,9000,-21000,1
-20,9,63,R1C0,,9000,20000,9000,-20000,9000,-21000,1
-20,10,63,R1C1,,10000,20000,10000,-20000,9000,-21000,1
-20,11,63,R1C2,,11000,20000,11000,-20000,9000,-21000,1
-20,12,63,R1C3,,12000,20000,12000,-20000,9000,-21000,1
-20,13,63,R1C4,,13000,20000,13000,-20000,9000,-21000,1
-20,14,63,R1C5,,14000,20000,14000,-20000,9000,-21000,1
-20,15,63,R1C6,,15000,20000,15000,-20000,9000,-21000,1
-20,16,63,R1C7,,16000,20000,16000,-20000,9000,-21000,1
-20,17,63,R1C8,,17000,20000,17000,-20000,9000,-21000,1
-19,9,63,R2C0,,9000,19000,9000,-19000,9000,-21000,1
-19,10,63,R2C1,,10000,19000,10000,-19000,9000,-21000,1
-19,11,63,R2C2,,11000,19000,11000,-19000,9000,-21000,1
-19,12,63,R2C3,,12000,19000,12000,-19000,9000,-21000,1
-19,13,63,R2C4,,13000,19000,13000,-19000,9000,-21000,1
-19,14,63,R2C5,,14000,19000,14000,-19000,9000,-21000,1
-19,15,63,R2C6,,15000,19000,15000,-19000,9000,-21000,1
-19,16,63,R2C7,,16000,19000,16000,-19000,9000,-21000,1
-19,17,63,R2C8,,17000,19000,17000,-19000,9000,-21000,1
-18,9,63,R3C0,,9000,18000,9000,-18000,9000,-21000,1
-18,10,63,R3C1,,10000,18000,10000,-18000,9000,-21000,1
-18,11,63,R3C2,,11000,18000,11000,-18000,9000,-21000,1
-18,12,63,R3C3,,12000,18000,12000,-18000,9000,-21000,1
-18,13,63,R3C4,,13000,18000,13000,-18000,9000,-21000,1
-18,14,63,R3C5,,14000,18000,14000,-18000,9000,-21000,1
-18,15,63,R3C6,,15000,18000,15000,-18000,9000,-21000,1
-18,16,63,R3C7,,16000,18000,16000,-18000,9000,-21000,1
-18,17,63,R3C8,,17000,18000,17000,-18000,9000,-21000,1
-17,9,63,R4C0,,9000,17000,9000,-17000,9000,-21000,1
-17,10,63,R4C1,,10000,17000,10000,-17000,9000,-21000,1
-17,11,63,R4C2,,11000,17000,11000,-17000,9000,-21000,1
-17,12,63,R4C3,,12000,17000,12000,-17000,9000,-21000,1
-17,13,63,R4C4,,13000,17000,13000,-17000,9000,-21000,1
-17,14,63,R4C5,,14000,17000,14000,-17000,9000,-21000,1
-17,15,63,R4C6,,15000,17000,15000,-17000,9000,-21000,1
-17,16,63,R4C7,,16000,17000,16000,-17000,9000,-21000,1
-17,17,63,R4C8,,17000,17000,17000,-17000,9000,-21000,1
-16,9,63,R5C0,,9000,16000,9000,-16000,9000,-21000,1
-16,10,63,R5C1,,10000,16000,10000,-16000,9000,-21000,1
-16,11,63,R5C2,,11000,16000,11000,-16000,9000,-21000,1
-16,12,63,R5C3,,12000,16000,12000,-16000,9000,-21000,1
-16,13,63,R5C4,,13000,16000,13000,-16000,9000,-21000,1
-16,14,63,R5C5,,14000,16000,14000,-16000,9000,-21000,1
-16,15,63,R5C6,,15000,16000,15000,-16000,9000,-21000,1
-16,16,63,R5C7,,16000,16000,16000,-16000,9000,-21000,1
-16,17,63,R5C8,,17000,16000,17000,-16000,9000,-21000,1
-15,9,63,R6C0,,9000,15000,9000,-15000,9000,-21000,1
-15,10,63,R6C1,,10000,15000,10000,-15000,9000,-21000,1
-15,11,63,R6C2,,11000,15000,11000,-15000,9000,-21000,1
-15,12,63,R6C3,,12000,15000,12000,-15000,9000,-21000,1
-15,13,63,R6C4,,13000,15000,13000,-15000,9000,-21000,1
-15,14,63,R6C5,,14000,15000,14000,-15000,9000,-21000,1
-15,15,63,R6C6,2-7-6-13,15000,15000,15000,-15000,9000,-21000,1
-15,16,63,R6C7,1-7-6-13,16000,15000,16000,-15000,9000,-21000,1
-15,17,63,R6C8,,17000,15000,17000,-15000,9000,-21000,1
0,0,104,R0C0,,0,0,0,0,0,0,1
0,1,104,R0C1,,1000,0,1000,0,0,0,1
0,2,104,R0C2,,2000,0,2000,0,0,0,1
0,3,104,R0C3,,3000,0,3000,0,0,0,1
0,4,104,R0C4,,4000,0,4000,0,0,0,1
0,5,104,R0C5,,5000,0,5000,0,0,0,1
0,6,104,R0C6,,6000,0,6000,0,0,0,1
0,7,104,R0C7,,7000,0,7000,0,0,0,1
0,8,104,R0C8,,8000,0,8000,0,0,0,1
1,0,104,R1C0,,0,-1000,0,1000,0,0,1
1,1,104,R1C1,,1000,-1000,1000,1000,0,0,1
1,2,104,R1C2,,2000,-1000,2000,1000,0,0,1
1,3,104,R1C3,,3000,-1000,3000,1000,0,0,1
1,4,104,R1C4,,4000,-1000,4000,1000,0,0,1
1,5,104,R1C5,,5000,-1000,5000,1000,0,0,1
1,6,104,R1C6,,6000,-1000,6000,1000,0,0,1
1,7,104,R1C7,,7000,-1000,7000,1000,0,0,1
1,8,104,R1C8,,8000,-1000,8000,1000,0,0,1
2,0,104,R2C0,,0,-2000,0,2000,0,0,1
2,1,104,R2C1,,1000,-2000,1000,2000,0,0,1
2,2,104,R2C2,,2000,-2000,2000,2000,0,0,1
2,3,104,R2C3,,3000,-2000,3000,2000,0,0,1
2,4,104,R2C4,,4000,-2000,4000,2000,0,0,1
2,5,104,R2C5,,5000,-2000,5000,2000,0,0,1
2,6,104,R2C6,,6000,-2000,6000,2000,0,0,1
2,7,104,R2C7,,7000,-2000,7000,2000,0,0,1
2,8,104,R2C8,,8000,-2000,8000,2000,0,0,1
3,0,104,R3C0,,0,-3000,0,3000,0,0,1
3,1,104,R3C1,,1000,-3000,1000,3000,0,0,1
3,2,104,R3C2,,2000,-3000,2000,3000,0,0,1
3,3,104,R3C3,,3000,-3000,3000,3000,0,0,1
3,4,104,R3C4,,4000,-3000,4000,3000,0,0,1
3,5,104,R3C5,,5000,-3000,5000,3000,0,0,1
3,6,104,R3C6,,6000,-3000,6000,3000,0,0,1
3,7,104,R3C7,,7000,-3000,7000,3000,0,0,1
3,8,104,R3C8,,8000,-3000,8000,3000,0,0,1
4,0,104,R4C0,,0,-4000,0,4000,0,0,1
4,1,104,R4C1,,1000,-4000,1000,4000,0,0,1
4,2,104,R4C2,,2000,-4000,2000,4000,0,0,1
4,3,104,R4C3,,3000,-4000,3000,4000,0,0,1
4,4,104,R4C4,,4000,-4000,4000,4000,0,0,1
4,5,104,R4C5,,5000,-4000,5000,4000,0,0,1
4,6,104,R4C6,,6000,-4000,6000,4000,0,0,1
4,7,104,R4C7,,7000,-4000,7000,4000,0,0,1
4,8,104,R4C8,,8000,-4000,8000,4000,0,0,1
5,0,104,R5C0,,0,-5000,0,5000,0,0,1
5,1,104,R5C1,,1000,-5000,1000,5000,0,0,1
5,2,104,R5C2,,2000,-5000,2000,5000,0,0,1
5,3,104,R5C3,,3000,-5000,3000,5000,0,0,1
5,4,104,R5C4,,4000,-5000,4000,5000,0,0,1
5,5,104,R5C5,,5000,-5000,5000,5000,0,0,1
5,6,104,R5C6,,6000,-5000,6000,5000,0,0,1
5,7,104,R5C7,,7000,-5000,7000,5000,0,0,1
5,8,104,R5C8,,8000,-5000,8000,5000,0,0,1
6,0,104,R6C0,,0,-6000,0,6000,0,0,1
6,1,104,R6C1,,1000,-6000,1000,6000,0,0,1
6,2,104,R6C2,,2000,-6000,2000,6000,0,0,1
6,3,104,R6C3,,3000,-6000,3000,6000,0,0,1
6,4,104,R6C4,,4000,-6000,4000,6000,0,0,1
6,5,104,R6C5,,5000,-6000,5000,6000,0,0,1
6,6,104,R6C6,2-7-7-10,6000,-6000,6000,6000,0,0,1
6,7,104,R6C7,1-7-7-10,7000,-6000,7000,6000,0,0,1
6,8,104,R6C8,,8000,-6000,8000,6000,0,0,1
14,-27,130,R0C0,,-27000,-14000,-27000,14000,-27000,14000,1
14,-26,130,R0C1,,-26000,-14000,-26000,14000,-27000,14000,1
14,-25,130,R0C2,,-25000,-14000,-25000,14000,-27000,14000,1
14,-24,130,R0C3,,-24000,-14000,-24000,14000,-27000,14000,1
14,-23,130,R0C4,,-23000,-14000,-23000,14000,-27000,14000,1
14,-22,130,R0C5,,-22000,-14000,-22000,14000,-27000,14000,1
14,-21,130,R0C6,,-21000,-14000,-21000,14000,-27000,14000,1
14,-20,130,R0C7,,-20000,-14000,-20000,14000,-27000,14000,1
14,-19,130,R0C8,,-19000,-14000,-19000,14000,-27000,14000,1
15,-27,130,R1C0,,-27000,-15000,-27000,15000,-27000,14000,1
15,-26,130,R1C1,,-26000,-15000,-26000,15000,-27000,14000,1
15,-25,130,R1C2,,-25000,-15000,-25000,15000,-27000,14000,1
15,-24,130,R1C3,,-24000,-15000,-24000,15000,-27000,14000,1
15,-23,130,R1C4,,-23000,-15000,-23000,15000,-27000,14000,1
15,-22,130,R1C5,,-22000,-15000,-22000,15000,-27000,14000,1
15,-21,130,R1C6,,-21000,-15000,-21000,15000,-27000,14000,1
15,-20,130,R1C7,,-20000,-15000,-20000,15000,-27000,14000,1
15,-19,130,R1C8,,-19000,-15000,-19000,15000,-27000,14000,1
16,-27,130,R2C0,,-27000,-16000,-27000,16000,-27000,14000,1
16,-26,130,R2C1,,-26000,-16000,-26000,16000,-27000,14000,1
16,-25,130,R2C2,,-25000,-16000,-25000,16000,-27000,14000,1
16,-24,130,R2C3,,-24000,-16000,-24000,16000,-27000,14000,1
16,-23,130,R2C4,,-23000,-16000,-23000,16000,-27000,14000,1
16,-22,130,R2C5,,-22000,-16000,-22000,16000,-27000,14000,1
16,-21,130,R2C6,,-21000,-16000,-21000,16000,-27000,14000,1
16,-20,130,R2C7,,-20000,-16000,-20000,16000,-27000,14000,1
16,-19,130,R2C8,,-19000,-16000,-19000,16000,-27000,14000,1
17,-27,130,R3C0,,-27000,-17000,-27000,17000,-27000,14000,1
17,-26,130,R3C1,,-26000,-17000,-26000,17000,-27000,14000,1
17,-25,130,R3C2,,-25000,-17000,-25000,17000,-27000,14000,1
17,-24,130,R3C3,,-24000,-17000,-24000,17000,-27000,14000,1
17,-23,130,R3C4,,-23000,-17000,-23000,17000,-27000,14000,1
17,-22,130,R3C5,,-22000,-17000,-22000,17000,-27000,14000,1
17,-21,130,R3C6,,-21000,-17000,-21000,17000,-27000,14000,1
17,-20,130,R3C7,,-20000,-17000,-20000,17000,-27000,14000,1
17,-19,130,R3C8,,-19000,-17000,-19000,17000,-27000,14000,1
18,-27,130,R4C0,,-27000,-18000,-27000,18000,-27000,14000,1
18,-26,130,R4C1,,-26000,-18000,-26000,18000,-27000,14000,1
18,-25,130,R4C2,,-25000,-18000,-25000,18000,-27000,14000,1
18,-24,130,R4C3,,-24000,-18000,-24000,18000,-27000,14000,1
18,-23,130,R4C4,,-23000,-18000,-23000,18000,-27000,14000,1
18,-22,130,R4C5,,-22000,-18000,-22000,18000,-27000,14000,1
18,-21,130,R4C6,,-21000,-18000,-21000,18000,-27000,14000,1
18,-20,130,R4C7,,-20000,-18000,-20000,18000,-27000,14000,1
18,-19,130,R4C8,,-19000,-18000,-19000,18000,-27000,14000,1
19,-27,130,R5C0,,-27000,-19000,-27000,19000,-27000,14000,1
19,-26,130,R5C1,,-26000,-19000,-26000,19000,-27000,14000,1
19,-25,130,R5C2,,-25000,-19000,-25000,19000,-27000,14000,1
19,-24,130,R5C3,,-24000,-19000,-24000,19000,-27000,14000,1
19,-23,130,R5C4,,-23000,-19000,-23000,19000,-27000,14000,1
19,-22,130,R5C5,,-22000,-19000,-22000,19000,-27000,14000,1
19,-21,130,R5C6,,-21000,-19000,-21000,19000,-27000,14000,1
19,-20,130,R5C7,,-20000,-19000,-20000,19000,-27000,14000,1
19,-19,130,R5C8,,-19000,-19000,-19000,19000,-27000,14000,1
20,-27,130,R6C0,,-27000,-20000,-27000,20000,-27000,14000,1
20,-26,130,R6C1,,-26000,-20000,-26000,20000,-27000,14000,1
20,-25,130,R6C2,,-25000,-20000,-25000,20000,-27000,14000,1
20,-24,130,R6C3,,-24000,-20000,-24000,20000,-27000,14000,1
20,-23,130,R6C4,,-23000,-20000,-23000,20000,-27000,14000,1
20,-22,130,R6C5,,-22000,-20000,-22000,20000,-27000,14000,1
20,-21,130,R6C6,2-7-10-8,-21000,-20000,-21000,20000,-27000,14000,1
20,-20,130,R6C7,1-7-10-8,-20000,-20000,-20000,20000,-27000,14000,1
20,-19,130,R6C8,,-19000,-20000,-19000,20000,-27000,14000,1
-56,-36,4,R0C0,,-36000,56000,-36000,-56000,-36000,-56000,1
-56,-35,4,R0C1,,-35000,56000,-35000,-56000,-36000,-56000,1
-56,-34,4,R0C2,,-34000,56000,-34000,-56000,-36000,-56000,1
-56,-33,4,R0C3,,-33000,56000,-33000,-56000,-36000,-56000,1
-56,-32,4,R0C4,,-32000,56000,-32000,-56000,-36000,-56000,1
-56,-31,4,R0C5,,-31000,56000,-31000,-56000,-36000,-56000,1
-56,-30,4,R0C6,,-30000,56000,-30000,-56000,-36000,-56000,1
-56,-29,4,R0C7,,-29000,56000,-29000,-56000,-36000,-56000,1
-56,-28,4,R0C8,,-28000,56000,-28000,-56000,-36000,-56000,1
-55,-36,4,R1C0,,-36000,55000,-36000,-55000,-36000,-56000,1
-55,-35,4,R1C1,,-35000,55000,-35000,-55000,-36000,-56000,1
-55,-34,4,R1C2,,-34000,55000,-34000,-55000,-36000,-56000,1
-55,-33,4,R1C3,,-33000,55000,-33000,-55000,-36000,-56000,1
-55,-32,4,R1C4,,-32000,55000,-32000,-55000,-36000,-56000,1
-55,-31,4,R1C5,,-31000,55000,-31000,-55000,-36000,-56000,1
-55,-30,4,R1C6,,-30000,55000,-30000,-55000,-36000,-56000,1
-55,-29,4,R1C7,,-29000,55000,-29000,-55000,-36000,-56000,1
-55,-28,4,R1C8,,-28000,55000,-28000,-55000,-36000,-56000,1
-54,-36,4,R2C0,,-36000,54000,-36000,-54000,-36000,-56000,1
-54,-35,4,R2C1,,-35000,54000,-35000,-54000,-36000,-56000,1
-54,-34,4,R2C2,,-34000,54000,-34000,-54000,-36000,-56000,1
-54,-33,4,R2C3,,-33000,54000,-33000,-54000,-36000,-56000,1
-54,-32,4,R2C4,,-32000,54000,-32000,-54000,-36000,-56000,1
-54,-31,4,R2C5,,-31000,54000,-31000,-54000,-36000,-56000,1
-54,-30,4,R2C6,,-30000,54000,-30000,-54000,-36000,-56000,1
-54,-29,4,R2C7,,-29000,54000,-29000,-54000,-36000,-56000,1
-54,-28,4,R2C8,,-28000,54000,-28000,-54000,-36000,-56000,1
-53,-36,4,R3C0,,-36000,53000,-36000,-53000,-36000,-56000,1
-53,-35,4,R3C1,,-35000,53000,-35000,-53000,-36000,-56000,1
-53,-34,4,R3C2,,-34000,53000,-34000,-53000,-36000,-56000,1
-53,-33,4,R3C3,,-33000,53000,-33000,-53000,-36000,-56000,1
-53,-32,4,R3C4,,-32000,53000,-32000,-53000,-36000,-56000,1
-53,-31,4,R3C5,,-31000,53000,-31000,-53000,-36000,-56000,1
-53,-30,4,R3C6,,-30000,53000,-30000,-53000,-36000,-56000,1
-53,-29,4,R3C7,,-29000,53000,-29000,-53000,-36000,-56000,1
-53,-28,4,R3C8,,-28000,53000,-28000,-53000,-36000,-56000,1
-52,-36,4,R4C0,,-36000,52000,-36000,-52000,-36000,-56000,1
-52,-35,4,R4C1,,-35000,52000,-35000,-52000,-36000,-56000,1
-52,-34,4,R4C2,,-34000,52000,-34000,-52000,-36000,-56000,1
-52,-33,4,R4C3,,-33000,52000,-33000,-52000,-36000,-56000,1
-52,-32,4,R4C4,,-32000,52000,-32000,-52000,-36000,-56000,1
-52,-31,4,R4C5,,-31000,52000,-31000,-52000,-36000,-56000,1
-52,-30,4,R4C6,,-30000,52000,-30000,-52000,-36000,-56000,1
-52,-29,4,R4C7,,-29000,52000,-29000,-52000,-36000,-56000,1
-52,-28,4,R4C8,,-28000,52000,-28000,-52000,-36000,-56000,1
-51,-36,4,R5C0,,-36000,51000,-36000,-51000,-36000,-56000,1
-51,-35,4,R5C1,,-35000,51000,-35000,-51000,-36000,-56000,1
-51,-34,4,R5C2,,-34000,51000,-34000,-51000,-36000,-56000,1
-51,-33,4,R5C3,,-33000,51000,-33000,-51000,-36000,-56000,1
-51,-32,4,R5C4,,-32000,51000,-32000,-51000,-36000,-56000,1
-51,-31,4,R5C5,,-31000,51000,-31000,-51000,-36000,-56000,1
-51,-30,4,R5C6,,-30000,51000,-30000,-51000,-36000,-56000,1
-51,-29,4,R5C7,,-29000,51000,-29000,-51000,-36000,-56000,1
-51,-28,4,R5C8,,-28000,51000,-28000,-51000,-36000,-56000,1
-50,-36,4,R6C0,,-36000,50000,-36000,-50000,-36000,-56000,1
-50,-35,4,R6C1,,-35000,50000,-35000,-50000,-36000,-56000,1
-50,-34,4,R6C2,,-34000,50000,-34000,-50000,-36000,-56000,1
-50,-33,4,R6C3,,-33000,50000,-33000,-50000,-36000,-56000,1
-50,-32,4,R6C4,,-32000,50000,-32000,-50000,-36000,-56000,1
-50,-31,4,R6C5,,-31000,50000,-31000,-50000,-36000,-56000,1
-50,-30,4,R6C6,2-7-11-18,-30000,50000,-30000,-50000,-36000,-56000,1
-50,-29,4,R6C7,1-7-11-18,-29000,50000,-29000,-50000,-36000,-56000,1
-50,-28,4,R6C8,,-28000,50000,-28000,-50000,-36000,-56000,1
42,-27,179,R0C0,,-27000,-42000,-27000,42000,-27000,42000,1
42,-26,179,R0C1,,-26000,-42000,-26000,42000,-27000,42000,1
42,-25,179,R0C2,,-25000,-42000,-25000,42000,-27000,42000,1
42,-24,179,R0C3,,-24000,-42000,-24000,42000,-27000,42000,1
42,-23,179,R0C4,,-23000,-42000,-23000,42000,-27000,42000,1
42,-22,179,R0C5,,-22000,-42000,-22000,42000,-27000,42000,1
42,-21,179,R0C6,,-21000,-42000,-21000,42000,-27000,42000,1
42,-20,179,R0C7,,-20000,-42000,-20000,42000,-27000,42000,1
42,-19,179,R0C8,,-19000,-42000,-19000,42000,-27000,42000,1
43,-27,179,R1C0,,-27000,-43000,-27000,43000,-27000,42000,1
43,-26,179,R1C1,,-26000,-43000,-26000,43000,-27000,42000,1
43,-25,179,R1C2,,-25000,-43000,-25000,43000,-27000,42000,1
43,-24,179,R1C3,,-24000,-43000,-24000,43000,-27000,42000,1
43,-23,179,R1C4,,-23000,-43000,-23000,43000,-27000,42000,1
43,-22,179,R1C5,,-22000,-43000,-22000,43000,-27000,42000,1
43,-21,179,R1C6,,-21000,-43000,-21000,43000,-27000,42000,1
43,-20,179,R1C7,,-20000,-43000,-20000,43000,-27000,42000,1
43,-19,179,R1C8,,-19000,-43000,-19000,43000,-27000,42000,1
44,-27,179,R2C0,,-27000,-44000,-27000,44000,-27000,42000,1
44,-26,179,R2C1,,-26000,-44000,-26000,44000,-27000,42000,1
44,-25,179,R2C2,,-25000,-44000,-25000,44000,-27000,42000,1
44,-24,179,R2C3,,-24000,-44000,-24000,44000,-27000,42000,1
44,-23,179,R2C4,,-23000,-44000,-23000,44000,-27000,42000,1
44,-22,179,R2C5,,-22000,-44000,-22000,44000,-27000,42000,1
44,-21,179,R2C6,,-21000,-44000,-21000,44000,-27000,42000,1
44,-20,179,R2C7,,-20000,-44000,-20000,44000,-27000,42000,1
44,-19,179,R2C8,,-19000,-44000,-19000,44000,-27000,42000,1
45,-27,179,R3C0,,-27000,-45000,-27000,45000,-27000,42000,1
45,-26,179,R3C1,,-26000,-45000,-26000,45000,-27000,42000,1
45,-25,179,R3C2,,-25000,-45000,-25000,45000,-27000,42000,1
45,-24,179,R3C3,,-24000,-45000,-24000,45000,-27000,42000,1
45,-23,179,R3C4,,-23000,-45000,-23000,45000,-27000,42000,1
45,-22,179,R3C5,,-22000,-45000,-22000,45000,-27000,42000,1
45,-21,179,R3C6,,-21000,-45000,-21000,45000,-27000,42000,1
45,-20,179,R3C7,,-20000,-45000,-20000,45000,-27000,42000,1
45,-19,179,R3C8,,-19000,-45000,-19000,45000,-27000,42000,1
46,-27,179,R4C0,,-27000,-46000,-27000,46000,-27000,42000,1
46,-26,179,R4C1,,-26000,-46000,-26000,46000,-27000,42000,1
46,-25,179,R4C2,,-25000,-46000,-25000,46000,-27000,42000,1
46,-24,179,R4C3,,-24000,-46000,-24000,46000,-27000,42000,1
46,-23,179,R4C4,,-23000,-46000,-23000,46000,-27000,42000,1
46,-22,179,R4C5,,-22000,-46000,-22000,46000,-27000,42000,1
46,-21,179,R4C6,,-21000,-46000,-21000,46000,-27000,42000,1
46,-20,179,R4C7,,-20000,-46000,-20000,46000,-27000,42000,1
46,-19,179,R4C8,,-19000,-46000,-19000,46000,-27000,42000,1
47,-27,179,R5C0,,-27000,-47000,-27000,47000,-27000,42000,1
47,-26,179,R5C1,,-26000,-47000,-26000,47000,-27000,42000,1
47,-25,179,R5C2,,-25000,-47000,-25000,47000,-27000,42000,1
47,-24,179,R5C3,,-24000,-47000,-24000,47000,-27000,42000,1
47,-23,179,R5C4,,-23000,-47000,-23000,47000,-27000,42000,1
47,-22,179,R5C5,,-22000,-47000,-22000,47000,-27000,42000,1
47,-21,179,R5C6,,-21000,-47000,-21000,47000,-27000,42000,1
47,-20,179,R5C7,,-20000,-47000,-20000,47000,-27000,42000,1
47,-19,179,R5C8,,-19000,-47000,-19000,47000,-27000,42000,1
48,-27,179,R6C0,,-27000,-48000,-27000,48000,-27000,42000,1
48,-26,179,R6C1,,-26000,-48000,-26000,48000,-27000,42000,1
48,-25,179,R6C2,,-25000,-48000,-25000,48000,-27000,42000,1
48,-24,179,R6C3,,-24000,-48000,-24000,48000,-27000,42000,1
48,-23,179,R6C4,,-23000,-48000,-23000,48000,-27000,42000,1
48,-22,179,R6C5,,-22000,-48000,-22000,48000,-27000,42000,1
48,-21,179,R6C6,2-7-10-4,-21000,-48000,-21000,48000,-27000,42000,1
48,-20,179,R6C7,1-7-10-4,-20000,-48000,-20000,48000,-27000,42000,1
48,-19,179,R6C8,,-19000,-48000,-19000,48000,-27000,42000,1
49,-36,188,R0C0,,-36000,-49000,-36000,49000,-36000,49000,1
49,-35,188,R0C1,,-35000,-49000,-35000,49000,-36000,49000,1
49,-34,188,R0C2,,-34000,-49000,-34000,49000,-36000,49000,1
49,-33,188,R0C3,,-33000,-49000,-33000,49000,-36000,49000,1
49,-32,188,R0C4,,-32000,-49000,-32000,49000,-36000,49000,1
49,-31,188,R0C5,,-31000,-49000,-31000,49000,-36000,49000,1
49,-30,188,R0C6,,-30000,-49000,-30000,49000,-36000,49000,1
49,-29,188,R0C7,,-29000,-49000,-29000,49000,-36000,49000,1
49,-28,188,R0C8,,-28000,-49000,-28000,49000,-36000,49000,1
50,-36,188,R1C0,,-36000,-50000,-36000,50000,-36000,49000,1
50,-35,188,R1C1,,-35000,-50000,-35000,50000,-36000,49000,1
50,-34,188,R1C2,,-34000,-50000,-34000,50000,-36000,49000,1
50,-33,188,R1C3,,-33000,-50000,-33000,50000,-36000,49000,1
50,-32,188,R1C4,,-32000,-50000,-32000,50000,-36000,49000,1
50,-31,188,R1C5,,-31000,-50000,-31000,50000,-36000,49000,1
50,-30,188,R1C6,,-30000,-50000,-30000,50000,-36000,49000,1
50,-29,188,R1C7,,-29000,-50000,-29000,50000,-36000,49000,1
50,-28,188,R1C8,,-28000,-50000,-28000,50000,-36000,49000,1
51,-36,188,R2C0,,-36000,-51000,-36000,51000,-36000,49000,1
51,-35,188,R2C1,,-35000,-51000,-35000,51000,-36000,49000,1
51,-34,188,R2C2,,-34000,-51000,-34000,51000,-36000,49000,1
51,-33,188,R2C3,,-33000,-51000,-33000,51000,-36000,49000,1
51,-32,188,R2C4,,-32000,-51000,-32000,51000,-36000,49000,1
51,-31,188,R2C5,,-31000,-51000,-31000,51000,-36000,49000,1
51,-30,188,R2C6,,-30000,-51000,-30000,51000,-36000,49000,1
51,-29,188,R2C7,,-29000,-51000,-29000,51000,-36000,49000,1
51,-28,188,R2C8,,-28000,-51000,-28000,51000,-36000,49000,1
52,-36,188,R3C0,,-36000,-52000,-36000,52000,-36000,49000,1
52,-35,188,R3C1,,-35000,-52000,-35000,52000,-36000,49000,1
52,-34,188,R3C2,,-34000,-52000,-34000,52000,-36000,49000,1
52,-33,188,R3C3,,-33000,-52000,-33000,52000,-36000,49000,1
52,-32,188,R3C4,,-32000,-52000,-32000,52000,-36000,49000,1
52,-31,188,R3C5,,-31000,-52000,-31000,52000,-36000,49000,1
52,-30,188,R3C6,,-30000,-52000,-30000,52000,-36000,49000,1
52,-29,188,R3C7,,-29000,-52000,-29000,52000,-36000,49000,1
52,-28,188,R3C8,,-28000,-52000,-28000,52000,-36000,49000,1
53,-36,188,R4C0,,-36000,-53000,-36000,53000,-36000,49000,1
53,-35,188,R4C1,,-35000,-53000,-35000,53000,-36000,49000,1
53,-34,188,R4C2,,-34000,-53000,-34000,53000,-36000,49000,1
53,-33,188,R4C3,,-33000,-53000,-33000,53000,-36000,49000,1
53,-32,188,R4C4,,-32000,-53000,-32000,53000,-36000,49000,1
53,-31,188,R4C5,,-31000,-53000,-31000,53000,-36000,49000,1
53,-30,188,R4C6,,-30000,-53000,-30000,53000,-36000,49000,1
53,-29,188,R4C7,,-29000,-53000,-29000,53000,-36000,49000,1
53,-28,188,R4C8,,-28000,-53000,-28000,53000,-36000,49000,1
54,-36,188,R5C0,,-36000,-54000,-36000,54000,-36000,49000,1
54,-35,188,R5C1,,-35000,-54000,-35000,54000,-36000,49000,1
54,-34,188,R5C2,,-34000,-54000,-34000,54000,-36000,49000,1
54,-33,188,R5C3,,-33000,-54000,-33000,54000,-36000,49000,1
54,-32,188,R5C4,,-32000,-54000,-32000,54000,-36000,49000,1
54,-31,188,R5C5,,-31000,-54000,-31000,54000,-36000,49000,1
54,-30,188,R5C6,,-30000,-54000,-30000,54000,-36000,49000,1
54,-29,188,R5C7,,-29000,-54000,-29000,54000,-36000,49000,1
54,-28,188,R5C8,,-28000,-54000,-28000,54000,-36000,49000,1
55,-36,188,R6C0,,-36000,-55000,-36000,55000,-36000,49000,1
55,-35,188,R6C1,,-35000,-55000,-35000,55000,-36000,49000,1
55,-34,188,R6C2,,-34000,-55000,-34000,55000,-36000,49000,1
55,-33,188,R6C3,,-33000,-55000,-33000,55000,-36000,49000,1
55,-32,188,R6C4,,-32000,-55000,-32000,55000,-36000,49000,1
55,-31,188,R6C5,,-31000,-55000,-31000,55000,-36000,49000,1
55,-30,188,R6C6,2-7-11-3,-30000,-55000,-30000,55000,-36000,49000,1
55,-29,188,R6C7,1-7-11-3,-29000,-55000,-29000,55000,-36000,49000,1
55,-28,188,R6C8,,-28000,-55000,-28000,55000,-36000,49000,1
-7,-63,82,R0C0,,-63000,7000,-63000,-7000,-63000,-7000,1
-7,-62,82,R0C1,,-62000,7000,-62000,-7000,-63000,-7000,1
-7,-61,82,R0C2,,-61000,7000,-61000,-7000,-63000,-7000,1
-7,-60,82,R0C3,,-60000,7000,-60000,-7000,-63000,-7000,1
-7,-59,82,R0C4,,-59000,7000,-59000,-7000,-63000,-7000,1
-7,-58,82,R0C5,,-58000,7000,-58000,-7000,-63000,-7000,1
-7,-57,82,R0C6,,-57000,7000,-57000,-7000,-63000,-7000,1
-7,-56,82,R0C7,,-56000,7000,-56000,-7000,-63000,-7000,1
-7,-55,82,R0C8,,-55000,7000,-55000,-7000,-63000,-7000,1
-6,-63,82,R1C0,,-63000,6000,-63000,-6000,-63000,-7000,1
-6,-62,82,R1C1,,-62000,6000,-62000,-6000,-63000,-7000,1
-6,-61,82,R1C2,,-61000,6000,-61000,-6000,-63000,-7000,1
-6,-60,82,R1C3,,-60000,6000,-60000,-6000,-63000,-7000,1
-6,-59,82,R1C4,,-59000,6000,-59000,-6000,-63000,-7000,1
-6,-58,82,R1C5,,-58000,6000,-58000,-6000,-63000,-7000,1
-6,-57,82,R1C6,,-57000,6000,-57000,-6000,-63000,-7000,1
-6,-56,82,R1C7,,-56000,6000,-56000,-6000,-63000,-7000,1
-6,-55,82,R1C8,,-55000,6000,-55000,-6000,-63000,-7000,1
-5,-63,82,R2C0,,-63000,5000,-63000,-5000,-63000,-7000,1
-5,-62,82,R2C1,,-62000,5000,-62000,-5000,-63000,-7000,1
-5,-61,82,R2C2,,-61000,5000,-61000,-5000,-63000,-7000,1
-5,-60,82,R2C3,,-60000,5000,-60000,-5000,-63000,-7000,1
-5,-59,82,R2C4,,-59000,5000,-59000,-5000,-63000,-7000,1
-5,-58,82,R2C5,,-58000,5000,-58000,-5000,-63000,-7000,1
-5,-57,82,R2C6,,-57000,5000,-57000,-5000,-63000,-7000,1
-5,-56,82,R2C7,,-56000,5000,-56000,-5000,-63000,-7000,1
-5,-55,82,R2C8,,-55000,5000,-55000,-5000,-63000,-7000,1
-4,-63,82,R3C0,,-63000,4000,-63000,-4000,-63000,-7000,1
-4,-62,82,R3C1,,-62000,4000,-62000,-4000,-63000,-7000,1
-4,-61,82,R3C2,,-61000,4000,-61000,-4000,-63000,-7000,1
-4,-60,82,R3C3,,-60000,4000,-60000,-4000,-63000,-7000,1
-4,-59,82,R3C4,,-59000,4000,-59000,-4000,-63000,-7000,1
-4,-58,82,R3C5,,-58000,4000,-58000,-4000,-63000,-7000,1
-4,-57,82,R3C6,,-57000,4000,-57000,-4000,-63000,-7000,1
-4,-56,82,R3C7,,-56000,4000,-56000,-4000,-63000,-7000,1
-4,-55,82,R3C8,,-55000,4000,-55000,-4000,-63000,-7000,1
-3,-63,82,R4C0,,-63000,3000,-63000,-3000,-63000,-7000,1
-3,-62,82,R4C1,,-62000,3000,-62000,-3000,-63000,-7000,1
-3,-61,82,R4C2,,-61000,3000,-61000,-3000,-63000,-7000,1
-3,-60,82,R4C3,,-60000,3000,-60000,-3000,-63000,-7000,1
-3,-59,82,R4C4,,-59000,3000,-59000,-3000,-63000,-7000,1
-3,-58,82,R4C5,,-58000,3000,-58000,-3000,-63000,-7000,1
-3,-57,82,R4C6,,-57000,3000,-57000,-3000,-63000,-7000,1
-3,-56,82,R4C7,,-56000,3000,-56000,-3000,-63000,-7000,1
-3,-55,82,R4C8,,-55000,3000,-55000,-3000,-63000,-7000,1
-2,-63,82,R5C0,,-63000,2000,-63000,-2000,-63000,-7000,1
-2,-62,82,R5C1,,-62000,2000,-62000,-2000,-63000,-7000,1
-2,-61,82,R5C2,,-61000,2000,-61000,-2000,-63000,-7000,1
-2,-60,82,R5C3,,-60000,2000,-60000,-2000,-63000,-7000,1
-2,-59,82,R5C4,,-59000,2000,-59000,-2000,-63000,-7000,1
-2,-58,82,R5C5,,-58000,2000,-58000,-2000,-63000,-7000,1
-2,-57,82,R5C6,,-57000,2000,-57000,-2000,-63000,-7000,1
-2,-56,82,R5C7,,-56000,2000,-56000,-2000,-63000,-7000,1
-2,-55,82,R5C8,,-55000,2000,-55000,-2000,-63000,-7000,1
-1,-63,82,R6C0,,-63000,1000,-63000,-1000,-63000,-7000,1
-1,-62,82,R6C1,,-62000,1000,-62000,-1000,-63000,-7000,1
-1,-61,82,R6C2,,-61000,1000,-61000,-1000,-63000,-7000,1
-1,-60,82,R6C3,,-60000,1000,-60000,-1000,-63000,-7000,1
-1,-59,82,R6C4,,-59000,1000,-59000,-1000,-63000,-7000,1
-1,-58,82,R6C5,,-58000,1000,-58000,-1000,-63000,-7000,1
-1,-57,82,R6C6,2-7-14-11,-57000,1000,-57000,-1000,-63000,-7000,1
-1,-56,82,R6C7,1-7-14-11,-56000,1000,-56000,-1000,-63000,-7000,1
-1,-55,82,R6C8,,-55000,1000,-55000,-1000,-63000,-7000,1
-14,-63,68,R0C0,,-63000,14000,-63000,-14000,-63000,-14000,1
-14,-62,68,R0C1,,-62000,14000,-62000,-14000,-63000,-14000,1
-14,-61,68,R0C2,,-61000,14000,-61000,-14000,-63000,-14000,1
-14,-60,68,R0C3,,-60000,14000,-60000,-14000,-63000,-14000,1
-14,-59,68,R0C4,,-59000,14000,-59000,-14000,-63000,-14000,1
-14,-58,68,R0C5,,-58000,14000,-58000,-14000,-63000,-14000,1
-14,-57,68,R0C6,,-57000,14000,-57000,-14000,-63000,-14000,1
-14,-56,68,R0C7,,-56000,14000,-56000,-14000,-63000,-14000,1
-14,-55,68,R0C8,,-55000,14000,-55000,-14000,-63000,-14000,1
-13,-63,68,R1C0,,-63000,13000,-63000,-13000,-63000,-14000,1
-13,-62,68,R1C1,,-62000,13000,-62000,-13000,-63000,-14000,1
-13,-61,68,R1C2,,-61000,13000,-61000,-13000,-63000,-14000,1
-13,-60,68,R1C3,,-60000,13000,-60000,-13000,-63000,-14000,1
-13,-59,68,R1C4,,-59000,13000,-59000,-13000,-63000,-14000,1
-13,-58,68,R1C5,,-58000,13000,-58000,-13000,-63000,-14000,1
-13,-57,68,R1C6,,-57000,13000,-57000,-13000,-63000,-14000,1
-13,-56,68,R1C7,,-56000,13000,-56000,-13000,-63000,-14000,1
-13,-55,68,R1C8,,-55000,13000,-55000,-13000,-63000,-14000,1
-12,-63,68,R2C0,,-63000,12000,-63000,-12000,-63000,-14000,1
-12,-62,68,R2C1,,-62000,12000,-62000,-12000,-63000,-14000,1
-12,-61,68,R2C2,,-61000,12000,-61000,-12000,-63000,-14000,1
-12,-60,68,R2C3,,-60000,12000,-60000,-12000,-63000,-14000,1
-12,-59,68,R2C4,,-59000,12000,-59000,-12000,-63000,-14000,1
-12,-58,68,R2C5,,-58000,12000,-58000,-12000,-63000,-14000,1
-12,-57,68,R2C6,,-57000,12000,-57000,-12000,-63000,-14000,1
-12,-56,68,R2C7,,-56000,12000,-56000,-12000,-63000,-14000,1
-12,-55,68,R2C8,,-55000,12000,-55000,-12000,-63000,-14000,1
-11,-63,68,R3C0,,-63000,11000,-63000,-11000,-63000,-14000,1
-11,-62,68,R3C1,,-62000,11000,-62000,-11000,-63000,-14000,1
-11,-61,68,R3C2,,-61000,11000,-61000,-11000,-63000,-14000,1
-11,-60,68,R3C3,,-60000,11000,-60000,-11000,-63000,-14000,1
-11,-59,68,R3C4,,-59000,11000,-59000,-11000,-63000,-14000,1
-11,-58,68,R3C5,,-58000,11000,-58000,-11000,-63000,-14000,1
-11,-57,68,R3C6,,-57000,11000,-57000,-11000,-63000,-14000,1
-11,-56,68,R3C7,,-56000,11000,-56000,-11000,-63000,-14000,1
-11,-55,68,R3C8,,-55000,11000,-55000,-11000,-63000,-14000,1
-10,-63,68,R4C0,,-63000,10000,-63000,-10000,-63000,-14000,1
-10,-62,68,R4C1,,-62000,10000,-62000,-10000,-63000,-14000,1
-10,-61,68,R4C2,,-61000,10000,-61000,-10000,-63000,-14000,1
-10,-60,68,R4C3,,-60000,10000,-60000,-10000,-63000,-14000,1
-10,-59,68,R4C4,,-59000,10000,-59000,-10000,-63000,-14000,1
-10,-58,68,R4C5,,-58000,10000,-58000,-10000,-63000,-14000,1
-10,-57,68,R4C6,,-57000,10000,-57000,-10000,-63000,-14000,1
-10,-56,68,R4C7,,-56000,10000,-56000,-10000,-63000,-14000,1
-10,-55,68,R4C8,,-55000,10000,-55000,-10000,-63000,-14000,1
-9,-63,68,R5C0,,-63000,9000,-63000,-9000,-63000,-14000,1
-9,-62,68,R5C1,,-62000,9000,-62000,-9000,-63000,-14000,1
-9,-61,68,R5C2,,-61000,9000,-61000,-9000,-63000,-14000,1
-9,-60,68,R5C3,,-60000,9000,-60000,-9000,-63000,-14000,1
-9,-59,68,R5C4,,-59000,9000,-59000,-9000,-63000,-14000,1
-9,-58,68,R5C5,,-58000,9000,-58000,-9000,-63000,-14000,1
-9,-57,68,R5C6,,-57000,9000,-57000,-9000,-63000,-14000,1
-9,-56,68,R5C7,,-56000,9000,-56000,-9000,-63000,-14000,1
-9,-55,68,R5C8,,-55000,9000,-55000,-9000,-63000,-14000,1
-8,-63,68,R6C0,,-63000,8000,-63000,-8000,-63000,-14000,1
-8,-62,68,R6C1,,-62000,8000,-62000,-8000,-63000,-14000,1
-8,-61,68,R6C2,,-61000,8000,-61000,-8000,-63000,-14000,1
-8,-60,68,R6C3,,-60000,8000,-60000,-8000,-63000,-14000,1
-8,-59,68,R6C4,,-59000,8000,-59000,-8000,-63000,-14000,1
-8,-58,68,R6C5,,-58000,8000,-58000,-8000,-63000,-14000,1
-8,-57,68,R6C6,2-7-14-12,-57000,8000,-57000,-8000,-63000,-14000,1
-8,-56,68,R6C7,1-7-14-12,-56000,8000,-56000,-8000,-63000,-14000,1
-8,-55,68,R6C8,,-55000,8000,-55000,-8000,-63000,-14000,1
-28,-36,45,R0C0,,-36000,28000,-36000,-28000,-36000,-28000,1
-28,-35,45,R0C1,,-35000,28000,-35000,-28000,-36000,-28000,1
-28,-34,45,R0C2,,-34000,28000,-34000,-28000,-36000,-28000,1
-28,-33,45,R0C3,,-33000,28000,-33000,-28000,-36000,-28000,1
-28,-32,45,R0C4,,-32000,28000,-32000,-28000,-36000,-28000,1
-28,-31,45,R0C5,,-31000,28000,-31000,-28000,-36000,-28000,1
-28,-30,45,R0C6,,-30000,28000,-30000,-28000,-36000,-28000,1
-28,-29,45,R0C7,,-29000,28000,-29000,-28000,-36000,-28000,1
-28,-28,45,R0C8,,-28000,28000,-28000,-28000,-36000,-28000,1
-27,-36,45,R1C0,,-36000,27000,-36000,-27000,-36000,-28000,1
-27,-35,45,R1C1,,-35000,27000,-35000,-27000,-36000,-28000,1
-27,-34,45,R1C2,,-34000,27000,-34000,-27000,-36000,-28000,1
-27,-33,45,R1C3,,-33000,27000,-33000,-27000,-36000,-28000,1
-27,-32,45,R1C4,,-32000,27000,-32000,-27000,-36000,-28000,1
-27,-31,45,R1C5,,-31000,27000,-31000,-27000,-36000,-28000,1
-27,-30,45,R1C6,,-30000,27000,-30000,-27000,-36000,-28000,1
-27,-29,45,R1C7,,-29000,27000,-29000,-27000,-36000,-28000,1
-27,-28,45,R1C8,,-28000,27000,-28000,-27000,-36000,-28000,1
-26,-36,45,R2C0,,-36000,26000,-36000,-26000,-36000,-28000,1
-26,-35,45,R2C1,,-35000,26000,-35000,-26000,-36000,-28000,1
-26,-34,45,R2C2,,-34000,26000,-34000,-26000,-36000,-28000,1
-26,-33,45,R2C3,,-33000,26000,-33000,-26000,-36000,-28000,1
-26,-32,45,R2C4,,-32000,26000,-32000,-26000,-36000,-28000,1
-26,-31,45,R2C5,,-31000,26000,-31000,-26000,-36000,-28000,1
-26,-30,45,R2C6,,-30000,26000,-30000,-26000,-36000,-28000,1
-26,-29,45,R2C7,,-29000,26000,-29000,-26000,-36000,-28000,1
-26,-28,45,R2C8,,-28000,26000,-28000,-26000,-36000,-28000,1
-25,-36,45,R3C0,,-36000,25000,-36000,-25000,-36000,-28000,1
-25,-35,45,R3C1,,-35000,25000,-35000,-25000,-36000,-28000,1
-25,-34,45,R3C2,,-34000,25000,-34000,-25000,-36000,-28000,1
-25,-33,45,R3C3,,-33000,25000,-33000,-25000,-36000,-28000,1
-25,-32,45,R3C4,,-32000,25000,-32000,-25000,-36000,-28000,1
-25,-31,45,R3C5,,-31000,25000,-31000,-25000,-36000,-28000,1
-25,-30,45,R3C6,,-30000,25000,-30000,-25000,-36000,-28000,1
-25,-29,45,R3C7,,-29000,25000,-29000,-25000,-36000,-28000,1
-25,-28,45,R3C8,,-28000,25000,-28000,-25000,-36000,-28000,1
-24,-36,45,R4C0,,-36000,24000,-36000,-24000,-36000,-28000,1
-24,-35,45,R4C1,,-35000,24000,-35000,-24000,-36000,-28000,1
-24,-34,45,R4C2,,-34000,24000,-34000,-24000,-36000,-28000,1
-24,-33,45,R4C3,,-33000,24000,-33000,-24000,-36000,-28000,1
-24,-32,45,R4C4,,-32000,24000,-32000,-24000,-36000,-28000,1
-24,-31,45,R4C5,,-31000,24000,-31000,-24000,-36000,-28000,1
-24,-30,45,R4C6,,-30000,24000,-30000,-24000,-36000,-28000,1
-24,-29,45,R4C7,,-29000,24000,-29000,-24000,-36000,-28000,1
-24,-28,45,R4C8,,-28000,24000,-28000,-24000,-36000,-28000,1
-23,-36,45,R5C0,,-36000,23000,-36000,-23000,-36000,-28000,1
-23,-35,45,R5C1,,-35000,23000,-35000,-23000,-36000,-28000,1
-23,-34,45,R5C2,,-34000,23000,-34000,-23000,-36000,-28000,1
-23,-33,45,R5C3,,-33000,23000,-33000,-23000,-36000,-28000,1
-23,-32,45,R5C4,,-32000,23000,-32000,-23000,-36000,-28000,1
-23,-31,45,R5C5,,-31000,23000,-31000,-23000,-36000,-28000,1
-23,-30,45,R5C6,,-30000,23000,-30000,-23000,-36000,-28000,1
-23,-29,45,R5C7,,-29000,23000,-29000,-23000,-36000,-28000,1
-23,-28,45,R5C8,,-28000,23000,-28000,-23000,-36000,-28000,1
-22,-36,45,R6C0,,-36000,22000,-36000,-22000,-36000,-28000,1
-22,-35,45,R6C1,,-35000,22000,-35000,-22000,-36000,-28000,1
-22,-34,45,R6C2,,-34000,22000,-34000,-22000,-36000,-28000,1
-22,-33,45,R6C3,,-33000,22000,-33000,-22000,-36000,-28000,1
-22,-32,45,R6C4,,-32000,22000,-32000,-22000,-36000,-28000,1
-22,-31,45,R6C5,,-31000,22000,-31000,-22000,-36000,-28000,1
-22,-30,45,R6C6,2-7-11-14,-30000,22000,-30000,-22000,-36000,-28000,1
-22,-29,45,R6C7,1-7-11-14,-29000,22000,-29000,-22000,-36000,-28000,1
-22,-28,45,R6C8,,-28000,22000,-28000,-22000,-36000,-28000,1
-28,45,54,R0C0,,45000,28000,45000,-28000,45000,-28000,1
-28,46,54,R0C1,,46000,28000,46000,-28000,45000,-28000,1
-28,47,54,R0C2,,47000,28000,47000,-28000,45000,-28000,1
-28,48,54,R0C3,,48000,28000,48000,-28000,45000,-28000,1
-28,49,54,R0C4,,49000,28000,49000,-28000,45000,-28000,1
-28,50,54,R0C5,,50000,28000,50000,-28000,45000,-28000,1
-28,51,54,R0C6,,51000,28000,51000,-28000,45000,-28000,1
-28,52,54,R0C7,,52000,28000,52000,-28000,45000,-28000,1
-28,53,54,R0C8,,53000,28000,53000,-28000,45000,-28000,1
-27,45,54,R1C0,,45000,27000,45000,-27000,45000,-28000,1
-27,46,54,R1C1,,46000,27000,46000,-27000,45000,-28000,1
-27,47,54,R1C2,,47000,27000,47000,-27000,45000,-28000,1
-27,48,54,R1C3,,48000,27000,48000,-27000,45000,-28000,1
-27,49,54,R1C4,,49000,27000,49000,-27000,45000,-28000,1
-27,50,54,R1C5,,50000,27000,50000,-27000,45000,-28000,1
-27,51,54,R1C6,,51000,27000,51000,-27000,45000,-28000,1
-27,52,54,R1C7,,52000,27000,52000,-27000,45000,-28000,1
-27,53,54,R1C8,,53000,27000,53000,-27000,45000,-28000,1
-26,45,54,R2C0,,45000,26000,45000,-26000,45000,-28000,1
-26,46,54,R2C1,,46000,26000,46000,-26000,45000,-28000,1
-26,47,54,R2C2,,47000,26000,47000,-26000,45000,-28000,1
-26,48,54,R2C3,,48000,26000,48000,-26000,45000,-28000,1
-26,49,54,R2C4,,49000,26000,49000,-26000,45000,-28000,1
-26,50,54,R2C5,,50000,26000,50000,-26000,45000,-28000,1
-26,51,54,R2C6,,51000,26000,51000,-26000,45000,-28000,1
-26,52,54,R2C7,,52000,26000,52000,-26000,45000,-28000,1
-26,53,54,R2C8,,53000,26000,53000,-26000,45000,-28000,1
-25,45,54,R3C0,,45000,25000,45000,-25000,45000,-28000,1
-25,46,54,R3C1,,46000,25000,46000,-25000,45000,-28000,1
-25,47,54,R3C2,,47000,25000,47000,-25000,45000,-28000,1
-25,48,54,R3C3,,48000,25000,48000,-25000,45000,-28000,1
-25,49,54,R3C4,,49000,25000,49000,-25000,45000,-28000,1
-25,50,54,R3C5,,50000,25000,50000,-25000,45000,-28000,1
-25,51,54,R3C6,,51000,25000,51000,-25000,45000,-28000,1
-25,52,54,R3C7,,52000,25000,52000,-25000,45000,-28000,1
-25,53,54,R3C8,,53000,25000,53000,-25000,45000,-28000,1
-24,45,54,R4C0,,45000,24000,45000,-24000,45000,-28000,1
-24,46,54,R4C1,,46000,24000,46000,-24000,45000,-28000,1
-24,47,54,R4C2,,47000,24000,47000,-24000,45000,-28000,1
-24,48,54,R4C3,,48000,24000,48000,-24000,45000,-28000,1
-24,49,54,R4C4,,49000,24000,49000,-24000,45000,-28000,1
-24,50,54,R4C5,,50000,24000,50000,-24000,45000,-28000,1
-24,51,54,R4C6,,51000,24000,51000,-24000,45000,-28000,1
-24,52,54,R4C7,,52000,24000,52000,-24000,45000,-28000,1
-24,53,54,R4C8,,53000,24000,53000,-24000,45000,-28000,1
-23,45,54,R5C0,,45000,23000,45000,-23000,45000,-28000,1
-23,46,54,R5C1,,46000,23000,46000,-23000,45000,-28000,1
-23,47,54,R5C2,,47000,23000,47000,-23000,45000,-28000,1
-23,48,54,R5C3,,48000,23000,48000,-23000,45000,-28000,1
-23,49,54,R5C4,,49000,23000,49000,-23000,45000,-28000,1
-23,50,54,R5C5,,50000,23000,50000,-23000,45000,-28000,1
-23,51,54,R5C6,,51000,23000,51000,-23000,45000,-28000,1
-23,52,54,R5C7,,52000,23000,52000,-23000,45000,-28000,1
-23,53,54,R5C8,,53000,23000,53000,-23000,45000,-28000,1
-22,45,54,R6C0,,45000,22000,45000,-22000,45000,-28000,1
-22,46,54,R6C1,,46000,22000,46000,-22000,45000,-28000,1
-22,47,54,R6C2,,47000,22000,47000,-22000,45000,-28000,1
-22,48,54,R6C3,,48000,22000,48000,-22000,45000,-28000,1
-22,49,54,R6C4,,49000,22000,49000,-22000,45000,-28000,1
-22,50,54,R6C5,,50000,22000,50000,-22000,45000,-28000,1
-22,51,54,R6C6,2-7-2-14,51000,22000,51000,-22000,45000,-28000,1
-22,52,54,R6C7,1-7-2-14,52000,22000,52000,-22000,45000,-28000,1
-22,53,54,R6C8,,53000,22000,53000,-22000,45000,-28000,1
-7,18,91,R0C0,,18000,7000,18000,-7000,18000,-7000,1
-7,19,91,R0C1,,19000,7000,19000,-7000,18000,-7000,1
-7,20,91,R0C2,,20000,7000,20000,-7000,18000,-7000,1
-7,21,91,R0C3,,21000,7000,21000,-7000,18000,-7000,1
-7,22,91,R0C4,,22000,7000,22000,-7000,18000,-7000,1
-7,23,91,R0C5,,23000,7000,23000,-7000,18000,-7000,1
-7,24,91,R0C6,,24000,7000,24000,-7000,18000,-7000,1
-7,25,91,R0C7,,25000,7000,25000,-7000,18000,-7000,1
-7,26,91,R0C8,,26000,7000,26000,-7000,18000,-7000,1
-6,18,91,R1C0,,18000,6000,18000,-6000,18000,-7000,1
-6,19,91,R1C1,,19000,6000,19000,-6000,18000,-7000,1
-6,20,91,R1C2,,20000,6000,20000,-6000,18000,-7000,1
-6,21,91,R1C3,,21000,6000,21000,-6000,18000,-7000,1
-6,22,91,R1C4,,22000,6000,22000,-6000,18000,-7000,1
-6,23,91,R1C5,,23000,6000,23000,-6000,18000,-7000,1
-6,24,91,R1C6,,24000,6000,24000,-6000,18000,-7000,1
-6,25,91,R1C7,,25000,6000,25000,-6000,18000,-7000,1
-6,26,91,R1C8,,26000,6000,26000,-6000,18000,-7000,1
-5,18,91,R2C0,,18000,5000,18000,-5000,18000,-7000,1
-5,19,91,R2C1,,19000,5000,19000,-5000,18000,-7000,1
-5,20,91,R2C2,,20000,5000,20000,-5000,18000,-7000,1
-5,21,91,R2C3,,21000,5000,21000,-5000,18000,-7000,1
-5,22,91,R2C4,,22000,5000,22000,-5000,18000,-7000,1
-5,23,91,R2C5,,23000,5000,23000,-5000,18000,-7000,1
-5,24,91,R2C6,,24000,5000,24000,-5000,18000,-7000,1
-5,25,91,R2C7,,25000,5000,25000,-5000,18000,-7000,1
-5,26,91,R2C8,,26000,5000,26000,-5000,18000,-7000,1
-4,18,91,R3C0,,18000,4000,18000,-4000,18000,-7000,1
-4,19,91,R3C1,,19000,4000,19000,-4000,18000,-7000,1
-4,20,91,R3C2,,20000,4000,20000,-4000,18000,-7000,1
-4,21,91,R3C3,,21000,4000,21000,-4000,18000,-7000,1
-4,22,91,R3C4,,22000,4000,22000,-4000,18000,-7000,1
-4,23,91,R3C5,,23000,4000,23000,-4000,18000,-7000,1
-4,24,91,R3C6,,24000,4000,24000,-4000,18000,-7000,1
-4,25,91,R3C7,,25000,4000,25000,-4000,18000,-7000,1
-4,26,91,R3C8,,26000,4000,26000,-4000,18000,-7000,1
-3,18,91,R4C0,,18000,3000,18000,-3000,18000,-7000,1
-3,19,91,R4C1,,19000,3000,19000,-3000,18000,-7000,1
-3,20,91,R4C2,,20000,3000,20000,-3000,18000,-7000,1
-3,21,91,R4C3,,21000,3000,21000,-3000,18000,-7000,1
-3,22,91,R4C4,,22000,3000,22000,-3000,18000,-7000,1
-3,23,91,R4C5,,23000,3000,23000,-3000,18000,-7000,1
-3,24,91,R4C6,,24000,3000,24000,-3000,18000,-7000,1
-3,25,91,R4C7,,25000,3000,25000,-3000,18000,-7000,1
-3,26,91,R4C8,,26000,3000,26000,-3000,18000,-7000,1
-2,18,91,R5C0,,18000,2000,18000,-2000,18000,-7000,1
-2,19,91,R5C1,,19000,2000,19000,-2000,18000,-7000,1
-2,20,91,R5C2,,20000,2000,20000,-2000,18000,-7000,1
-2,21,91,R5C3,,21000,2000,21000,-2000,18000,-7000,1
-2,22,91,R5C4,,22000,2000,22000,-2000,18000,-7000,1
-2,23,91,R5C5,,23000,2000,23000,-2000,18000,-7000,1
-2,24,91,R5C6,,24000,2000,24000,-2000,18000,-7000,1
-2,25,91,R5C7,,25000,2000,25000,-2000,18000,-7000,1
-2,26,91,R5C8,,26000,2000,26000,-2000,18000,-7000,1
-1,18,91,R6C0,,18000,1000,18000,-1000,18000,-7000,1
-1,19,91,R6C1,,19000,1000,19000,-1000,18000,-7000,1
-1,20,91,R6C2,,20000,1000,20000,-1000,18000,-7000,1
-1,21,91,R6C3,,21000,1000,21000,-1000,18000,-7000,1
-1,22,91,R6C4,,22000,1000,22000,-1000,18000,-7000,1
-1,23,91,R6C5,,23000,1000,23000,-1000,18000,-7000,1
-1,24,91,R6C6,2-7-5-11,24000,1000,24000,-1000,18000,-7000,1
-1,25,91,R6C7,1-7-5-11,25000,1000,25000,-1000,18000,-7000,1
-1,26,91,R6C8,,26000,1000,26000,-1000,18000,-7000,1
-14,18,77,R0C0,,18000,14000,18000,-14000,18000,-14000,1
-14,19,77,R0C1,,19000,14000,19000,-14000,18000,-14000,1
-14,20,77,R0C2,,20000,14000,20000,-14000,18000,-14000,1
-14,21,77,R0C3,,21000,14000,21000,-14000,18000,-14000,1
-14,22,77,R0C4,,22000,14000,22000,-14000,18000,-14000,1
-14,23,77,R0C5,,23000,14000,23000,-14000,18000,-14000,1
-14,24,77,R0C6,,24000,14000,24000,-14000,18000,-14000,1
-14,25,77,R0C7,,25000,14000,25000,-14000,18000,-14000,1
-14,26,77,R0C8,,26000,14000,26000,-14000,18000,-14000,1
-13,18,77,R1C0,,18000,13000,18000,-13000,18000,-14000,1
-13,19,77,R1C1,,19000,13000,19000,-13000,18000,-14000,1
-13,20,77,R1C2,,20000,13000,20000,-13000,18000,-14000,1
-13,21,77,R1C3,,21000,13000,21000,-13000,18000,-14000,1
-13,22,77,R1C4,,22000,13000,22000,-13000,18000,-14000,1
-13,23,77,R1C5,,23000,13000,23000,-13000,18000,-14000,1
-13,24,77,R1C6,,24000,13000,24000,-13000,18000,-14000,1
-13,25,77,R1C7,,25000,13000,25000,-13000,18000,-14000,1
-13,26,77,R1C8,,26000,13000,26000,-13000,18000,-14000,1
-12,18,77,R2C0,,18000,12000,18000,-12000,18000,-14000,1
-12,19,77,R2C1,,19000,12000,19000,-12000,18000,-14000,1
-12,20,77,R2C2,,20000,12000,20000,-12000,18000,-14000,1
-12,21,77,R2C3,,21000,12000,21000,-12000,18000,-14000,1
-12,22,77,R2C4,,22000,12000,22000,-12000,18000,-14000,1
-12,23,77,R2C5,,23000,12000,23000,-12000,18000,-14000,1
-12,24,77,R2C6,,24000,12000,24000,-12000,18000,-14000,1
-12,25,77,R2C7,,25000,12000,25000,-12000,18000,-14000,1
-12,26,77,R2C8,,26000,12000,26000,-12000,18000,-14000,1
-11,18,77,R3C0,,18000,11000,18000,-11000,18000,-14000,1
-11,19,77,R3C1,,19000,11000,19000,-11000,18000,-14000,1
-11,20,77,R3C2,,20000,11000,20000,-11000,18000,-14000,1
-11,21,77,R3C3,,21000,11000,21000,-11000,18000,-14000,1
-11,22,77,R3C4,,22000,11000,22000,-11000,18000,-14000,1
-11,23,77,R3C5,,23000,11000,23000,-11000,18000,-14000,1
-11,24,77,R3C6,,24000,11000,24000,-11000,18000,-14000,1
-11,25,77,R3C7,,25000,11000,25000,-11000,18000,-14000,1
-11,26,77,R3C8,,26000,11000,26000,-11000,18000,-14000,1
-10,18,77,R4C0,,18000,10000,18000,-10000,18000,-14000,1
-10,19,77,R4C1,,19000,10000,19000,-10000,18000,-14000,1
-10,20,77,R4C2,,20000,10000,20000,-10000,18000,-14000,1
-10,21,77,R4C3,,21000,10000,21000,-10000,18000,-14000,1
-10,22,77,R4C4,,22000,10000,22000,-10000,18000,-14000,1
-10,23,77,R4C5,,23000,10000,23000,-10000,18000,-14000,1
-10,24,77,R4C6,,24000,10000,24000,-10000,18000,-14000,1
-10,25,77,R4C7,,25000,10000,25000,-10000,18000,-14000,1
-10,26,77,R4C8,,26000,10000,26000,-10000,18000,-14000,1
-9,18,77,R5C0,,18000,9000,18000,-9000,18000,-14000,1
-9,19,77,R5C1,,19000,9000,19000,-9000,18000,-14000,1
-9,20,77,R5C2,,20000,9000,20000,-9000,18000,-14000,1
-9,21,77,R5C3,,21000,9000,21000,-9000,18000,-14000,1
-9,22,77,R5C4,,22000,9000,22000,-9000,18000,-14000,1
-9,23,77,R5C5,,23000,9000,23000,-9000,18000,-14000,1
-9,24,77,R5C6,,24000,9000,24000,-9000,18000,-14000,1
-9,25,77,R5C7,,25000,9000,25000,-9000,18000,-14000,1
-9,26,77,R5C8,,26000,9000,26000,-9000,18000,-14000,1
-8,18,77,R6C0,,18000,8000,18000,-8000,18000,-14000,1
-8,19,77,R6C1,,19000,8000,19000,-8000,18000,-14000,1
-8,20,77,R6C2,,20000,8000,20000,-8000,18000,-14000,1
-8,21,77,R6C3,,21000,8000,21000,-8000,18000,-14000,1
-8,22,77,R6C4,,22000,8000,22000,-8000,18000,-14000,1
-8,23,77,R6C5,,23000,8000,23000,-8000,18000,-14000,1
-8,24,77,R6C6,2-7-5-12,24000,8000,24000,-8000,18000,-14000,1
-8,25,77,R6C7,1-7-5-12,25000,8000,25000,-8000,18000,-14000,1
-8,26,77,R6C8,,26000,8000,26000,-8000,18000,-14000,1
21,9,147,R0C0,,9000,-21000,9000,21000,9000,21000,1
21,10,147,R0C1,,10000,-21000,10000,21000,9000,21000,1
21,11,147,R0C2,,11000,-21000,11000,21000,9000,21000,1
21,12,147,R0C3,,12000,-21000,12000,21000,9000,21000,1
21,13,147,R0C4,,13000,-21000,13000,21000,9000,21000,1
21,14,147,R0C5,,14000,-21000,14000,21000,9000,21000,1
21,15,147,R0C6,,15000,-21000,15000,21000,9000,21000,1
21,16,147,R0C7,,16000,-21000,16000,21000,9000,21000,1
21,17,147,R0C8,,17000,-21000,17000,21000,9000,21000,1
22,9,147,R1C0,,9000,-22000,9000,22000,9000,21000,1
22,10,147,R1C1,,10000,-22000,10000,22000,9000,21000,1
22,11,147,R1C2,,11000,-22000,11000,22000,9000,21000,1
22,12,147,R1C3,,12000,-22000,12000,22000,9000,21000,1
22,13,147,R1C4,,13000,-22000,13000,22000,9000,21000,1
22,14,147,R1C5,,14000,-22000,14000,22000,9000,21000,1
22,15,147,R1C6,,15000,-22000,15000,22000,9000,21000,1
22,16,147,R1C7,,16000,-22000,16000,22000,9000,21000,1
22,17,147,R1C8,,17000,-22000,17000,22000,9000,21000,1
23,9,147,R2C0,,9000,-23000,9000,23000,9000,21000,1
23,10,147,R2C1,,10000,-23000,10000,23000,9000,21000,1
23,11,147,R2C2,,11000,-23000,11000,23000,9000,21000,1
23,12,147,R2C3,,12000,-23000,12000,23000,9000,21000,1
23,13,147,R2C4,,13000,-23000,13000,23000,9000,21000,1
23,14,147,R2C5,,14000,-23000,14000,23000,9000,21000,1
23,15,147,R2C6,,15000,-23000,15000,23000,9000,21000,1
23,16,147,R2C7,,16000,-23000,16000,23000,9000,21000,1
23,17,147,R2C8,,17000,-23000,17000,23000,9000,21000,1
24,9,147,R3C0,,9000,-24000,9000,24000,9000,21000,1
24,10,147,R3C1,,10000,-24000,10000,24000,9000,21000,1
24,11,147,R3C2,,11000,-24000,11000,24000,9000,21000,1
24,12,147,R3C3,,12000,-24000,12000,24000,9000,21000,1
24,13,147,R3C4,,13000,-24000,13000,24000,9000,21000,1
24,14,147,R3C5,,14000,-24000,14000,24000,9000,21000,1
24,15,147,R3C6,,15000,-24000,15000,24000,9000,21000,1
24,16,147,R3C7,,16000,-24000,16000,24000,9000,21000,1
24,17,147,R3C8,,17000,-24000,17000,24000,9000,21000,1
25,9,147,R4C0,,9000,-25000,9000,25000,9000,21000,1
25,10,147,R4C1,,10000,-25000,10000,25000,9000,21000,1
25,11,147,R4C2,,11000,-25000,11000,25000,9000,21000,1
25,12,147,R4C3,,12000,-25000,12000,25000,9000,21000,1
25,13,147,R4C4,,13000,-25000,13000,25000,9000,21000,1
25,14,147,R4C5,,14000,-25000,14000,25000,9000,21000,1
25,15,147,R4C6,,15000,-25000,15000,25000,9000,21000,1
25,16,147,R4C7,,16000,-25000,16000,25000,9000,21000,1
25,17,147,R4C8,,17000,-25000,17000,25000,9000,21000,1
26,9,147,R5C0,,9000,-26000,9000,26000,9000,21000,1
26,10,147,R5C1,,10000,-26000,10000,26000,9000,21000,1
26,11,147,R5C2,,11000,-26000,11000,26000,9000,21000,1
26,12,147,R5C3,,12000,-26000,12000,26000,9000,21000,1
26,13,147,R5C4,,13000,-26000,13000,26000,9000,21000,1
26,14,147,R5C5,,14000,-26000,14000,26000,9000,21000,1
26,15,147,R5C6,,15000,-26000,15000,26000,9000,21000,1
26,16,147,R5C7,,16000,-26000,16000,26000,9000,21000,1
26,17,147,R5C8,,17000,-26000,17000,26000,9000,21000,1
27,9,147,R6C0,,9000,-27000,9000,27000,9000,21000,1
27,10,147,R6C1,,10000,-27000,10000,27000,9000,21000,1
27,11,147,R6C2,,11000,-27000,11000,27000,9000,21000,1
27,12,147,R6C3,,12000,-27000,12000,27000,9000,21000,1
27,13,147,R6C4,,13000,-27000,13000,27000,9000,21000,1
27,14,147,R6C5,,14000,-27000,14000,27000,9000,21000,1
27,15,147,R6C6,2-7-6-7,15000,-27000,15000,27000,9000,21000,1
27,16,147,R6C7,1-7-6-7,16000,-27000,16000,27000,9000,21000,1
27,17,147,R6C8,,17000,-27000,17000,27000,9000,21000,1
35,-9,170,R0C0,,-9000,-35000,-9000,35000,-9000,35000,1
35,-8,170,R0C1,,-8000,-35000,-8000,35000,-9000,35000,1
35,-7,170,R0C2,,-7000,-35000,-7000,35000,-9000,35000,1
35,-6,170,R0C3,,-6000,-35000,-6000,35000,-9000,35000,1
35,-5,170,R0C4,,-5000,-35000,-5000,35000,-9000,35000,1
35,-4,170,R0C5,,-4000,-35000,-4000,35000,-9000,35000,1
35,-3,170,R0C6,,-3000,-35000,-3000,35000,-9000,35000,1
35,-2,170,R0C7,,-2000,-35000,-2000,35000,-9000,35000,1
35,-1,170,R0C8,,-1000,-35000,-1000,35000,-9000,35000,1
36,-9,170,R1C0,,-9000,-36000,-9000,36000,-9000,35000,1
36,-8,170,R1C1,,-8000,-36000,-8000,36000,-9000,35000,1
36,-7,170,R1C2,,-7000,-36000,-7000,36000,-9000,35000,1
36,-6,170,R1C3,,-6000,-36000,-6000,36000,-9000,35000,1
36,-5,170,R1C4,,-5000,-36000,-5000,36000,-9000,35000,1
36,-4,170,R1C5,,-4000,-36000,-4000,36000,-9000,35000,1
36,-3,170,R1C6,,-3000,-36000,-3000,36000,-9000,35000,1
36,-2,170,R1C7,,-2000,-36000,-2000,36000,-9000,35000,1
36,-1,170,R1C8,,-1000,-36000,-1000,36000,-9000,35000,1
37,-9,170,R2C0,,-9000,-37000,-9000,37000,-9000,35000,1
37,-8,170,R2C1,,-8000,-37000,-8000,37000,-9000,35000,1
37,-7,170,R2C2,,-7000,-37000,-7000,37000,-9000,35000,1
37,-6,170,R2C3,,-6000,-37000,-6000,37000,-9000,35000,1
37,-5,170,R2C4,,-5000,-37000,-5000,37000,-9000,35000,1
37,-4,170,R2C5,,-4000,-37000,-4000,37000,-9000,35000,1
37,-3,170,R2C6,,-3000,-37000,-3000,37000,-9000,35000,1
37,-2,170,R2C7,,-2000,-37000,-2000,37000,-9000,35000,1
37,-1,170,R2C8,,-1000,-37000,-1000,37000,-9000,35000,1
38,-9,170,R3C0,,-9000,-38000,-9000,38000,-9000,35000,1
38,-8,170,R3C1,,-8000,-38000,-8000,38000,-9000,35000,1
38,-7,170,R3C2,,-7000,-38000,-7000,38000,-9000,35000,1
38,-6,170,R3C3,,-6000,-38000,-6000,38000,-9000,35000,1
38,-5,170,R3C4,,-5000,-38000,-5000,38000,-9000,35000,1
38,-4,170,R3C5,,-4000,-38000,-4000,38000,-9000,35000,1
38,-3,170,R3C6,,-3000,-38000,-3000,38000,-9000,35000,1
38,-2,170,R3C7,,-2000,-38000,-2000,38000,-9000,35000,1
38,-1,170,R3C8,,-1000,-38000,-1000,38000,-9000,35000,1
39,-9,170,R4C0,,-9000,-39000,-9000,39000,-9000,35000,1
39,-8,170,R4C1,,-8000,-39000,-8000,39000,-9000,35000,1
39,-7,170,R4C2,,-7000,-39000,-7000,39000,-9000,35000,1
39,-6,170,R4C3,,-6000,-39000,-6000,39000,-9000,35000,1
39,-5,170,R4C4,,-5000,-39000,-5000,39000,-9000,35000,1
39,-4,170,R4C5,,-4000,-39000,-4000,39000,-9000,35000,1
39,-3,170,R4C6,,-3000,-39000,-3000,39000,-9000,35000,1
39,-2,170,R4C7,,-2000,-39000,-2000,39000,-9000,35000,1
39,-1,170,R4C8,,-1000,-39000,-1000,39000,-9000,35000,1
40,-9,170,R5C0,,-9000,-40000,-9000,40000,-9000,35000,1
40,-8,170,R5C1,,-8000,-40000,-8000,40000,-9000,35000,1
40,-7,170,R5C2,,-7000,-40000,-7000,40000,-9000,35000,1
40,-6,170,R5C3,,-6000,-40000,-6000,40000,-9000,35000,1
40,-5,170,R5C4,,-5000,-40000,-5000,40000,-9000,35000,1
40,-4,170,R5C5,,-4000,-40000,-4000,40000,-9000,35000,1
40,-3,170,R5C6,,-3000,-40000,-3000,40000,-9000,35000,1
40,-2,170,R5C7,,-2000,-40000,-2000,40000,-9000,35000,1
40,-1,170,R5C8,,-1000,-40000,-1000,40000,-9000,35000,1
41,-9,170,R6C0,,-9000,-41000,-9000,41000,-9000,35000,1
41,-8,170,R6C1,,-8000,-41000,-8000,41000,-9000,35000,1
41,-7,170,R6C2,,-7000,-41000,-7000,41000,-9000,35000,1
41,-6,170,R6C3,,-6000,-41000,-6000,41000,-9000,35000,1
41,-5,170,R6C4,,-5000,-41000,-5000,41000,-9000,35000,1
41,-4,170,R6C5,,-4000,-41000,-4000,41000,-9000,35000,1
41,-3,170,R6C6,2-7-8-5,-3000,-41000,-3000,41000,-9000,35000,1
41,-2,170,R6C7,1-7-8-5,-2000,-41000,-2000,41000,-9000,35000,1
41,-1,170,R6C8,,-1000,-41000,-1000,41000,-9000,35000,1
56,-27,197,R0C0,,-27000,-56000,-27000,56000,-27000,56000,1
56,-26,197,R0C1,,-26000,-56000,-26000,56000,-27000,56000,1
56,-25,197,R0C2,,-25000,-56000,-25000,56000,-27000,56000,1
56,-24,197,R0C3,,-24000,-56000,-24000,56000,-27000,56000,1
56,-23,197,R0C4,,-23000,-56000,-23000,56000,-27000,56000,1
56,-22,197,R0C5,,-22000,-56000,-22000,56000,-27000,56000,1
56,-21,197,R0C6,,-21000,-56000,-21000,56000,-27000,56000,1
56,-20,197,R0C7,,-20000,-56000,-20000,56000,-27000,56000,1
56,-19,197,R0C8,,-19000,-56000,-19000,56000,-27000,56000,1
57,-27,197,R1C0,,-27000,-57000,-27000,57000,-27000,56000,1
57,-26,197,R1C1,,-26000,-57000,-26000,57000,-27000,56000,1
57,-25,197,R1C2,,-25000,-57000,-25000,57000,-27000,56000,1
57,-24,197,R1C3,,-24000,-57000,-24000,57000,-27000,56000,1
57,-23,197,R1C4,,-23000,-57000,-23000,57000,-27000,56000,1
57,-22,197,R1C5,,-22000,-57000,-22000,57000,-27000,56000,1
57,-21,197,R1C6,,-21000,-57000,-21000,57000,-27000,56000,1
57,-20,197,R1C7,,-20000,-57000,-20000,57000,-27000,56000,1
57,-19,197,R1C8,,-19000,-57000,-19000,57000,-27000,56000,1
58,-27,197,R2C0,,-27000,-58000,-27000,58000,-27000,56000,1
58,-26,197,R2C1,,-26000,-58000,-26000,58000,-27000,56000,1
58,-25,197,R2C2,,-25000,-58000,-25000,58000,-27000,56000,1
58,-24,197,R2C3,,-24000,-58000,-24000,58000,-27000,56000,1
58,-23,197,R2C4,,-23000,-58000,-23000,58000,-27000,56000,1
58,-22,197,R2C5,,-22000,-58000,-22000,58000,-27000,56000,1
58,-21,197,R2C6,,-21000,-58000,-21000,58000,-27000,56000,1
58,-20,197,R2C7,,-20000,-58000,-20000,58000,-27000,56000,1
58,-19,197,R2C8,,-19000,-58000,-19000,58000,-27000,56000,1
59,-27,197,R3C0,,-27000,-59000,-27000,59000,-27000,56000,1
59,-26,197,R3C1,,-26000,-59000,-26000,59000,-27000,56000,1
59,-25,197,R3C2,,-25000,-59000,-25000,59000,-27000,56000,1
59,-24,197,R3C3,,-24000,-59000,-24000,59000,-27000,56000,1
59,-23,197,R3C4,,-23000,-59000,-23000,59000,-27000,56000,1
59,-22,197,R3C5,,-22000,-59000,-22000,59000,-27000,56000,1
59,-21,197,R3C6,,-21000,-59000,-21000,59000,-27000,56000,1
59,-20,197,R3C7,,-20000,-59000,-20000,59000,-27000,56000,1
59,-19,197,R3C8,,-19000,-59000,-19000,59000,-27000,56000,1
60,-27,197,R4C0,,-27000,-60000,-27000,60000,-27000,56000,1
60,-26,197,R4C1,,-26000,-60000,-26000,60000,-27000,56000,1
60,-25,197,R4C2,,-25000,-60000,-25000,60000,-27000,56000,1
60,-24,197,R4C3,,-24000,-60000,-24000,60000,-27000,56000,1
60,-23,197,R4C4,,-23000,-60000,-23000,60000,-27000,56000,1
60,-22,197,R4C5,,-22000,-60000,-22000,60000,-27000,56000,1
60,-21,197,R4C6,,-21000,-60000,-21000,60000,-27000,56000,1
60,-20,197,R4C7,,-20000,-60000,-20000,60000,-27000,56000,1
60,-19,197,R4C8,,-19000,-60000,-19000,60000,-27000,56000,1
61,-27,197,R5C0,,-27000,-61000,-27000,61000,-27000,56000,1
61,-26,197,R5C1,,-26000,-61000,-26000,61000,-27000,56000,1
61,-25,197,R5C2,,-25000,-61000,-25000,61000,-27000,56000,1
61,-24,197,R5C3,,-24000,-61000,-24000,61000,-27000,56000,1
61,-23,197,R5C4,,-23000,-61000,-23000,61000,-27000,56000,1
61,-22,197,R5C5,,-22000,-61000,-22000,61000,-27000,56000,1
61,-21,197,R5C6,,-21000,-61000,-21000,61000,-27000,56000,1
61,-20,197,R5C7,,-20000,-61000,-20000,61000,-27000,56000,1
61,-19,197,R5C8,,-19000,-61000,-19000,61000,-27000,56000,1
62,-27,197,R6C0,,-27000,-62000,-27000,62000,-27000,56000,1
62,-26,197,R6C1,,-26000,-62000,-26000,62000,-27000,56000,1
62,-25,197,R6C2,,-25000,-62000,-25000,62000,-27000,56000,1
62,-24,197,R6C3,,-24000,-62000,-24000,62000,-27000,56000,1
62,-23,197,R6C4,,-23000,-62000,-23000,62000,-27000,56000,1
62,-22,197,R6C5,,-22000,-62000,-22000,62000,-27000,56000,1
62,-21,197,R6C6,2-7-10-2,-21000,-62000,-21000,62000,-27000,56000,1
62,-20,197,R6C7,1-7-10-2,-20000,-62000,-20000,62000,-27000,56000,1
62,-19,197,R6C8,,-19000,-62000,-19000,62000,-27000,56000,1
35,-18,169,R0C0,,-18000,-35000,-18000,35000,-18000,35000,1
35,-17,169,R0C1,,-17000,-35000,-17000,35000,-18000,35000,1
35,-16,169,R0C2,,-16000,-35000,-16000,35000,-18000,35000,1
35,-15,169,R0C3,,-15000,-35000,-15000,35000,-18000,35000,1
35,-14,169,R0C4,,-14000,-35000,-14000,35000,-18000,35000,1
35,-13,169,R0C5,,-13000,-35000,-13000,35000,-18000,35000,1
35,-12,169,R0C6,,-12000,-35000,-12000,35000,-18000,35000,1
35,-11,169,R0C7,,-11000,-35000,-11000,35000,-18000,35000,1
35,-10,169,R0C8,,-10000,-35000,-10000,35000,-18000,35000,1
36,-18,169,R1C0,,-18000,-36000,-18000,36000,-18000,35000,1
36,-17,169,R1C1,,-17000,-36000,-17000,36000,-18000,35000,1
36,-16,169,R1C2,,-16000,-36000,-16000,36000,-18000,35000,1
36,-15,169,R1C3,,-15000,-36000,-15000,36000,-18000,35000,1
36,-14,169,R1C4,,-14000,-36000,-14000,36000,-18000,35000,1
36,-13,169,R1C5,,-13000,-36000,-13000,36000,-18000,35000,1
36,-12,169,R1C6,,-12000,-36000,-12000,36000,-18000,35000,1
36,-11,169,R1C7,,-11000,-36000,-11000,36000,-18000,35000,1
36,-10,169,R1C8,,-10000,-36000,-10000,36000,-18000,35000,1
37,-18,169,R2C0,,-18000,-37000,-18000,37000,-18000,35000,1
37,-17,169,R2C1,,-17000,-37000,-17000,37000,-18000,35000,1
37,-16,169,R2C2,,-16000,-37000,-16000,37000,-18000,35000,1
37,-15,169,R2C3,,-15000,-37000,-15000,37000,-18000,35000,1
37,-14,169,R2C4,,-14000,-37000,-14000,37000,-18000,35000,1
37,-13,169,R2C5,,-13000,-37000,-13000,37000,-18000,35000,1
37,-12,169,R2C6,,-12000,-37000,-12000,37000,-18000,35000,1
37,-11,169,R2C7,,-11000,-37000,-11000,37000,-18000,35000,1
37,-10,169,R2C8,,-10000,-37000,-10000,37000,-18000,35000,1
38,-18,169,R3C0,,-18000,-38000,-18000,38000,-18000,35000,1
38,-17,169,R3C1,,-17000,-38000,-17000,38000,-18000,35000,1
38,-16,169,R3C2,,-16000,-38000,-16000,38000,-18000,35000,1
38,-15,169,R3C3,,-15000,-38000,-15000,38000,-18000,35000,1
38,-14,169,R3C4,,-14000,-38000,-14000,38000,-18000,35000,1
38,-13,169,R3C5,,-13000,-38000,-13000,38000,-18000,35000,1
38,-12,169,R3C6,,-12000,-38000,-12000,38000,-18000,35000,1
38,-11,169,R3C7,,-11000,-38000,-11000,38000,-18000,35000,1
38,-10,169,R3C8,,-10000,-38000,-10000,38000,-18000,35000,1
39,-18,169,R4C0,,-18000,-39000,-18000,39000,-18000,35000,1
39,-17,169,R4C1,,-17000,-39000,-17000,39000,-18000,35000,1
39,-16,169,R4C2,,-16000,-39000,-16000,39000,-18000,35000,1
39,-15,169,R4C3,,-15000,-39000,-15000,39000,-18000,35000,1
39,-14,169,R4C4,,-14000,-39000,-14000,39000,-18000,35000,1
39,-13,169,R4C5,,-13000,-39000,-13000,39000,-18000,35000,1
39,-12,169,R4C6,,-12000,-39000,-12000,39000,-18000,35000,1
39,-11,169,R4C7,,-11000,-39000,-11000,39000,-18000,35000,1
39,-10,169,R4C8,,-10000,-39000,-10000,39000,-18000,35000,1
40,-18,169,R5C0,,-18000,-40000,-18000,40000,-18000,35000,1
40,-17,169,R5C1,,-17000,-40000,-17000,40000,-18000,35000,1
40,-16,169,R5C2,,-16000,-40000,-16000,40000,-18000,35000,1
40,-15,169,R5C3,,-15000,-40000,-15000,40000,-18000,35000,1
40,-14,169,R5C4,,-14000,-40000,-14000,40000,-18000,35000,1
40,-13,169,R5C5,,-13000,-40000,-13000,40000,-18000,35000,1
40,-12,169,R5C6,,-12000,-40000,-12000,40000,-18000,35000,1
40,-11,169,R5C7,,-11000,-40000,-11000,40000,-18000,35000,1
40,-10,169,R5C8,,-10000,-40000,-10000,40000,-18000,35000,1
41,-18,169,R6C0,,-18000,-41000,-18000,41000,-18000,35000,1
41,-17,169,R6C1,,-17000,-41000,-17000,41000,-18000,35000,1
41,-16,169,R6C2,,-16000,-41000,-16000,41000,-18000,35000,1
41,-15,169,R6C3,,-15000,-41000,-15000,41000,-18000,35000,1
41,-14,169,R6C4,,-14000,-41000,-14000,41000,-18000,35000,1
41,-13,169,R6C5,,-13000,-41000,-13000,41000,-18000,35000,1
41,-12,169,R6C6,2-7-9-5,-12000,-41000,-12000,41000,-18000,35000,1
41,-11,169,R6C7,1-7-9-5,-11000,-41000,-11000,41000,-18000,35000,1
41,-10,169,R6C8,,-10000,-41000,-10000,41000,-18000,35000,1
-21,-54,56,R0C0,,-54000,21000,-54000,-21000,-54000,-21000,1
-21,-53,56,R0C1,,-53000,21000,-53000,-21000,-54000,-21000,1
-21,-52,56,R0C2,,-52000,21000,-52000,-21000,-54000,-21000,1
-21,-51,56,R0C3,,-51000,21000,-51000,-21000,-54000,-21000,1
-21,-50,56,R0C4,,-50000,21000,-50000,-21000,-54000,-21000,1
-21,-49,56,R0C5,,-49000,21000,-49000,-21000,-54000,-21000,1
-21,-48,56,R0C6,,-48000,21000,-48000,-21000,-54000,-21000,1
-21,-47,56,R0C7,,-47000,21000,-47000,-21000,-54000,-21000,1
-21,-46,56,R0C8,,-46000,21000,-46000,-21000,-54000,-21000,1
-20,-54,56,R1C0,,-54000,20000,-54000,-20000,-54000,-21000,1
-20,-53,56,R1C1,,-53000,20000,-53000,-20000,-54000,-21000,1
-20,-52,56,R1C2,,-52000,20000,-52000,-20000,-54000,-21000,1
-20,-51,56,R1C3,,-51000,20000,-51000,-20000,-54000,-21000,1
-20,-50,56,R1C4,,-50000,20000,-50000,-20000,-54000,-21000,1
-20,-49,56,R1C5,,-49000,20000,-49000,-20000,-54000,-21000,1
-20,-48,56,R1C6,,-48000,20000,-48000,-20000,-54000,-21000,1
-20,-47,56,R1C7,,-47000,20000,-47000,-20000,-54000,-21000,1
-20,-46,56,R1C8,,-46000,20000,-46000,-20000,-54000,-21000,1
-19,-54,56,R2C0,,-54000,19000,-54000,-19000,-54000,-21000,1
-19,-53,56,R2C1,,-53000,19000,-53000,-19000,-54000,-21000,1
-19,-52,56,R2C2,,-52000,19000,-52000,-19000,-54000,-21000,1
-19,-51,56,R2C3,,-51000,19000,-51000,-19000,-54000,-21000,1
-19,-50,56,R2C4,,-50000,19000,-50000,-19000,-54000,-21000,1
-19,-49,56,R2C5,,-49000,19000,-49000,-19000,-54000,-21000,1
-19,-48,56,R2C6,,-48000,19000,-48000,-19000,-54000,-21000,1
-19,-47,56,R2C7,,-47000,19000,-47000,-19000,-54000,-21000,1
-19,-46,56,R2C8,,-46000,19000,-46000,-19000,-54000,-21000,1
-18,-54,56,R3C0,,-54000,18000,-54000,-18000,-54000,-21000,1
-18,-53,56,R3C1,,-53000,18000,-53000,-18000,-54000,-21000,1
-18,-52,56,R3C2,,-52000,18000,-52000,-18000,-54000,-21000,1
-18,-51,56,R3C3,,-51000,18000,-51000,-18000,-54000,-21000,1
-18,-50,56,R3C4,,-50000,18000,-50000,-18000,-54000,-21000,1
-18,-49,56,R3C5,,-49000,18000,-49000,-18000,-54000,-21000,1
-18,-48,56,R3C6,,-48000,18000,-48000,-18000,-54000,-21000,1
-18,-47,56,R3C7,,-47000,18000,-47000,-18000,-54000,-21000,1
-18,-46,56,R3C8,,-46000,18000,-46000,-18000,-54000,-21000,1
-17,-54,56,R4C0,,-54000,17000,-54000,-17000,-54000,-21000,1
-17,-53,56,R4C1,,-53000,17000,-53000,-17000,-54000,-21000,1
-17,-52,56,R4C2,,-52000,17000,-52000,-17000,-54000,-21000,1
-17,-51,56,R4C3,,-51000,17000,-51000,-17000,-54000,-21000,1
-17,-50,56,R4C4,,-50000,17000,-50000,-17000,-54000,-21000,1
-17,-49,56,R4C5,,-49000,17000,-49000,-17000,-54000,-21000,1
-17,-48,56,R4C6,,-48000,17000,-48000,-17000,-54000,-21000,1
-17,-47,56,R4C7,,-47000,17000,-47000,-17000,-54000,-21000,1
-17,-46,56,R4C8,,-46000,17000,-46000,-17000,-54000,-21000,1
-16,-54,56,R5C0,,-54000,16000,-54000,-16000,-54000,-21000,1
-16,-53,56,R5C1,,-53000,16000,-53000,-16000,-54000,-21000,1
-16,-52,56,R5C2,,-52000,16000,-52000,-16000,-54000,-21000,1
-16,-51,56,R5C3,,-51000,16000,-51000,-16000,-54000,-21000,1
-16,-50,56,R5C4,,-50000,16000,-50000,-16000,-54000,-21000,1
-16,-49,56,R5C5,,-49000,16000,-49000,-16000,-54000,-21000,1
-16,-48,56,R5C6,,-48000,16000,-48000,-16000,-54000,-21000,1
-16,-47,56,R5C7,,-47000,16000,-47000,-16000,-54000,-21000,1
-16,-46,56,R5C8,,-46000,16000,-46000,-16000,-54000,-21000,1
-15,-54,56,R6C0,,-54000,15000,-54000,-15000,-54000,-21000,1
-15,-53,56,R6C1,,-53000,15000,-53000,-15000,-54000,-21000,1
-15,-52,56,R6C2,,-52000,15000,-52000,-15000,-54000,-21000,1
-15,-51,56,R6C3,,-51000,15000,-51000,-15000,-54000,-21000,1
-15,-50,56,R6C4,,-50000,15000,-50000,-15000,-54000,-21000,1
-15,-49,56,R6C5,,-49000,15000,-49000,-15000,-54000,-21000,1
-15,-48,56,R6C6,2-7-13-13,-48000,15000,-48000,-15000,-54000,-21000,1
-15,-47,56,R6C7,1-7-13-13,-47000,15000,-47000,-15000,-54000,-21000,1
-15,-46,56,R6C8,,-46000,15000,-46000,-15000,-54000,-21000,1
0,-63,97,R0C0,,-63000,0,-63000,0,-63000,0,1
0,-62,97,R0C1,,-62000,0,-62000,0,-63000,0,1
0,-61,97,R0C2,,-61000,0,-61000,0,-63000,0,1
0,-60,97,R0C3,,-60000,0,-60000,0,-63000,0,1
0,-59,97,R0C4,,-59000,0,-59000,0,-63000,0,1
0,-58,97,R0C5,,-58000,0,-58000,0,-63000,0,1
0,-57,97,R0C6,,-57000,0,-57000,0,-63000,0,1
0,-56,97,R0C7,,-56000,0,-56000,0,-63000,0,1
0,-55,97,R0C8,,-55000,0,-55000,0,-63000,0,1
1,-63,97,R1C0,,-63000,-1000,-63000,1000,-63000,0,1
1,-62,97,R1C1,,-62000,-1000,-62000,1000,-63000,0,1
1,-61,97,R1C2,,-61000,-1000,-61000,1000,-63000,0,1
1,-60,97,R1C3,,-60000,-1000,-60000,1000,-63000,0,1
1,-59,97,R1C4,,-59000,-1000,-59000,1000,-63000,0,1
1,-58,97,R1C5,,-58000,-1000,-58000,1000,-63000,0,1
1,-57,97,R1C6,,-57000,-1000,-57000,1000,-63000,0,1
1,-56,97,R1C7,,-56000,-1000,-56000,1000,-63000,0,1
1,-55,97,R1C8,,-55000,-1000,-55000,1000,-63000,0,1
2,-63,97,R2C0,,-63000,-2000,-63000,2000,-63000,0,1
2,-62,97,R2C1,,-62000,-2000,-62000,2000,-63000,0,1
2,-61,97,R2C2,,-61000,-2000,-61000,2000,-63000,0,1
2,-60,97,R2C3,,-60000,-2000,-60000,2000,-63000,0,1
2,-59,97,R2C4,,-59000,-2000,-59000,2000,-63000,0,1
2,-58,97,R2C5,,-58000,-2000,-58000,2000,-63000,0,1
2,-57,97,R2C6,,-57000,-2000,-57000,2000,-63000,0,1
2,-56,97,R2C7,,-56000,-2000,-56000,2000,-63000,0,1
2,-55,97,R2C8,,-55000,-2000,-55000,2000,-63000,0,1
3,-63,97,R3C0,,-63000,-3000,-63000,3000,-63000,0,1
3,-62,97,R3C1,,-62000,-3000,-62000,3000,-63000,0,1
3,-61,97,R3C2,,-61000,-3000,-61000,3000,-63000,0,1
3,-60,97,R3C3,,-60000,-3000,-60000,3000,-63000,0,1
3,-59,97,R3C4,,-59000,-3000,-59000,3000,-63000,0,1
3,-58,97,R3C5,,-58000,-3000,-58000,3000,-63000,0,1
3,-57,97,R3C6,,-57000,-3000,-57000,3000,-63000,0,1
3,-56,97,R3C7,,-56000,-3000,-56000,3000,-63000,0,1
3,-55,97,R3C8,,-55000,-3000,-55000,3000,-63000,0,1
4,-63,97,R4C0,,-63000,-4000,-63000,4000,-63000,0,1
4,-62,97,R4C1,,-62000,-4000,-62000,4000,-63000,0,1
4,-61,97,R4C2,,-61000,-4000,-61000,4000,-63000,0,1
4,-60,97,R4C3,,-60000,-4000,-60000,4000,-63000,0,1
4,-59,97,R4C4,,-59000,-4000,-59000,4000,-63000,0,1
4,-58,97,R4C5,,-58000,-4000,-58000,4000,-63000,0,1
4,-57,97,R4C6,,-57000,-4000,-57000,4000,-63000,0,1
4,-56,97,R4C7,,-56000,-4000,-56000,4000,-63000,0,1
4,-55,97,R4C8,,-55000,-4000,-55000,4000,-63000,0,1
5,-63,97,R5C0,,-63000,-5000,-63000,5000,-63000,0,1
5,-62,97,R5C1,,-62000,-5000,-62000,5000,-63000,0,1
5,-61,97,R5C2,,-61000,-5000,-61000,5000,-63000,0,1
5,-60,97,R5C3,,-60000,-5000,-60000,5000,-63000,0,1
5,-59,97,R5C4,,-59000,-5000,-59000,5000,-63000,0,1
5,-58,97,R5C5,,-58000,-5000,-58000,5000,-63000,0,1
5,-57,97,R5C6,,-57000,-5000,-57000,5000,-63000,0,1
5,-56,97,R5C7,,-56000,-5000,-56000,5000,-63000,0,1
5,-55,97,R5C8,,-55000,-5000,-55000,5000,-63000,0,1
6,-63,97,R6C0,,-63000,-6000,-63000,6000,-63000,0,1
6,-62,97,R6C1,,-62000,-6000,-62000,6000,-63000,0,1
6,-61,97,R6C2,,-61000,-6000,-61000,6000,-63000,0,1
6,-60,97,R6C3,,-60000,-6000,-60000,6000,-63000,0,1
6,-59,97,R6C4,,-59000,-6000,-59000,6000,-63000,0,1
6,-58,97,R6C5,,-58000,-6000,-58000,6000,-63000,0,1
6,-57,97,R6C6,2-7-14-10,-57000,-6000,-57000,6000,-63000,0,1
6,-56,97,R6C7,1-7-14-10,-56000,-6000,-56000,6000,-63000,0,1
6,-55,97,R6C8,,-55000,-6000,-55000,6000,-63000,0,1
-42,-9,25,R0C0,,-9000,42000,-9000,-42000,-9000,-42000,1
-42,-8,25,R0C1,,-8000,42000,-8000,-42000,-9000,-42000,1
-42,-7,25,R0C2,,-7000,42000,-7000,-42000,-9000,-42000,1
-42,-6,25,R0C3,,-6000,42000,-6000,-42000,-9000,-42000,1
-42,-5,25,R0C4,,-5000,42000,-5000,-42000,-9000,-42000,1
-42,-4,25,R0C5,,-4000,42000,-4000,-42000,-9000,-42000,1
-42,-3,25,R0C6,,-3000,42000,-3000,-42000,-9000,-42000,1
-42,-2,25,R0C7,,-2000,42000,-2000,-42000,-9000,-42000,1
-42,-1,25,R0C8,,-1000,42000,-1000,-42000,-9000,-42000,1
-41,-9,25,R1C0,,-9000,41000,-9000,-41000,-9000,-42000,1
-41,-8,25,R1C1,,-8000,41000,-8000,-41000,-9000,-42000,1
-41,-7,25,R1C2,,-7000,41000,-7000,-41000,-9000,-42000,1
-41,-6,25,R1C3,,-6000,41000,-6000,-41000,-9000,-42000,1
-41,-5,25,R1C4,,-5000,41000,-5000,-41000,-9000,-42000,1
-41,-4,25,R1C5,,-4000,41000,-4000,-41000,-9000,-42000,1
-41,-3,25,R1C6,,-3000,41000,-3000,-41000,-9000,-42000,1
-41,-2,25,R1C7,,-2000,41000,-2000,-41000,-9000,-42000,1
-41,-1,25,R1C8,,-1000,41000,-1000,-41000,-9000,-42000,1
-40,-9,25,R2C0,,-9000,40000,-9000,-40000,-9000,-42000,1
-40,-8,25,R2C1,,-8000,40000,-8000,-40000,-9000,-42000,1
-40,-7,25,R2C2,,-7000,40000,-7000,-40000,-9000,-42000,1
-40,-6,25,R2C3,,-6000,40000,-6000,-40000,-9000,-42000,1
-40,-5,25,R2C4,,-5000,40000,-5000,-40000,-9000,-42000,1
-40,-4,25,R2C5,,-4000,40000,-4000,-40000,-9000,-42000,1
-40,-3,25,R2C6,,-3000,40000,-3000,-40000,-9000,-42000,1
-40,-2,25,R2C7,,-2000,40000,-2000,-40000,-9000,-42000,1
-40,-1,25,R2C8,,-1000,40000,-1000,-40000,-9000,-42000,1
-39,-9,25,R3C0,,-9000,39000,-9000,-39000,-9000,-42000,1
-39,-8,25,R3C1,,-8000,39000,-8000,-39000,-9000,-42000,1
-39,-7,25,R3C2,,-7000,39000,-7000,-39000,-9000,-42000,1
-39,-6,25,R3C3,,-6000,39000,-6000,-39000,-9000,-42000,1
-39,-5,25,R3C4,,-5000,39000,-5000,-39000,-9000,-42000,1
-39,-4,25,R3C5,,-4000,39000,-4000,-39000,-9000,-42000,1
-39,-3,25,R3C6,,-3000,39000,-3000,-39000,-9000,-42000,1
-39,-2,25,R3C7,,-2000,39000,-2000,-39000,-9000,-42000,1
-39,-1,25,R3C8,,-1000,39000,-1000,-39000,-9000,-42000,1
-38,-9,25,R4C0,,-9000,38000,-9000,-38000,-9000,-42000,1
-38,-8,25,R4C1,,-8000,38000,-8000,-38000,-9000,-42000,1
-38,-7,25,R4C2,,-7000,38000,-7000,-38000,-9000,-42000,1
-38,-6,25,R4C3,,-6000,38000,-6000,-38000,-9000,-42000,1
-38,-5,25,R4C4,,-5000,38000,-5000,-38000,-9000,-42000,1
-38,-4,25,R4C5,,-4000,38000,-4000,-38000,-9000,-42000,1
-38,-3,25,R4C6,,-3000,38000,-3000,-38000,-9000,-42000,1
-38,-2,25,R4C7,,-2000,38000,-2000,-38000,-9000,-42000,1
-38,-1,25,R4C8,,-1000,38000,-1000,-38000,-9000,-42000,1
-37,-9,25,R5C0,,-9000,37000,-9000,-37000,-9000,-42000,1
-37,-8,25,R5C1,,-8000,37000,-8000,-37000,-9000,-42000,1
-37,-7,25,R5C2,,-7000,37000,-7000,-37000,-9000,-42000,1
-37,-6,25,R5C3,,-6000,37000,-6000,-37000,-9000,-42000,1
-37,-5,25,R5C4,,-5000,37000,-5000,-37000,-9000,-42000,1
-37,-4,25,R5C5,,-4000,37000,-4000,-37000,-9000,-42000,1
-37,-3,25,R5C6,,-3000,37000,-3000,-37000,-9000,-42000,1
-37,-2,25,R5C7,,-2000,37000,-2000,-37000,-9000,-42000,1
-37,-1,25,R5C8,,-1000,37000,-1000,-37000,-9000,-42000,1
-36,-9,25,R6C0,,-9000,36000,-9000,-36000,-9000,-42000,1
-36,-8,25,R6C1,,-8000,36000,-8000,-36000,-9000,-42000,1
-36,-7,25,R6C2,,-7000,36000,-7000,-36000,-9000,-42000,1
-36,-6,25,R6C3,,-6000,36000,-6000,-36000,-9000,-42000,1
-36,-5,25,R6C4,,-5000,36000,-5000,-36000,-9000,-42000,1
-36,-4,25,R6C5,,-4000,36000,-4000,-36000,-9000,-42000,1
-36,-3,25,R6C6,2-7-8-16,-3000,36000,-3000,-36000,-9000,-42000,1
-36,-2,25,R6C7,1-7-8-16,-2000,36000,-2000,-36000,-9000,-42000,1
-36,-1,25,R6C8,,-1000,36000,-1000,-36000,-9000,-42000,1
-42,-18,24,R0C0,,-18000,42000,-18000,-42000,-18000,-42000,1
-42,-17,24,R0C1,,-17000,42000,-17000,-42000,-18000,-42000,1
-42,-16,24,R0C2,,-16000,42000,-16000,-42000,-18000,-42000,1
-42,-15,24,R0C3,,-15000,42000,-15000,-42000,-18000,-42000,1
-42,-14,24,R0C4,,-14000,42000,-14000,-42000,-18000,-42000,1
-42,-13,24,R0C5,,-13000,42000,-13000,-42000,-18000,-42000,1
-42,-12,24,R0C6,,-12000,42000,-12000,-42000,-18000,-42000,1
-42,-11,24,R0C7,,-11000,42000,-11000,-42000,-18000,-42000,1
-42,-10,24,R0C8,,-10000,42000,-10000,-42000,-18000,-42000,1
-41,-18,24,R1C0,,-18000,41000,-18000,-41000,-18000,-42000,1
-41,-17,24,R1C1,,-17000,41000,-17000,-41000,-18000,-42000,1
-41,-16,24,R1C2,,-16000,41000,-16000,-41000,-18000,-42000,1
-41,-15,24,R1C3,,-15000,41000,-15000,-41000,-18000,-42000,1
-41,-14,24,R1C4,,-14000,41000,-14000,-41000,-18000,-42000,1
-41,-13,24,R1C5,,-13000,41000,-13000,-41000,-18000,-42000,1
-41,-12,24,R1C6,,-12000,41000,-12000,-41000,-18000,-42000,1
-41,-11,24,R1C7,,-11000,41000,-11000,-41000,-18000,-42000,1
-41,-10,24,R1C8,,-10000,41000,-10000,-41000,-18000,-42000,1
-40,-18,24,R2C0,,-18000,40000,-18000,-40000,-18000,-42000,1
-40,-17,24,R2C1,,-17000,40000,-17000,-40000,-18000,-42000,1
-40,-16,24,R2C2,,-16000,40000,-16000,-40000,-18000,-42000,1
-40,-15,24,R2C3,,-15000,40000,-15000,-40000,-18000,-42000,1
-40,-14,24,R2C4,,-14000,40000,-14000,-40000,-18000,-42000,1
-40,-13,24,R2C5,,-13000,40000,-13000,-40000,-18000,-42000,1
-40,-12,24,R2C6,,-12000,40000,-12000,-40000,-18000,-42000,1
-40,-11,24,R2C7,,-11000,40000,-11000,-40000,-18000,-42000,1
-40,-10,24,R2C8,,-10000,40000,-10000,-40000,-18000,-42000,1
-39,-18,24,R3C0,,-18000,39000,-18000,-39000,-18000,-42000,1
-39,-17,24,R3C1,,-17000,39000,-17000,-39000,-18000,-42000,1
-39,-16,24,R3C2,,-16000,39000,-16000,-39000,-18000,-42000,1
-39,-15,24,R3C3,,-15000,39000,-15000,-39000,-18000,-42000,1
-39,-14,24,R3C4,,-14000,39000,-14000,-39000,-18000,-42000,1
-39,-13,24,R3C5,,-13000,39000,-13000,-39000,-18000,-42000,1
-39,-12,24,R3C6,,-12000,39000,-12000,-39000,-18000,-42000,1
-39,-11,24,R3C7,,-11000,39000,-11000,-39000,-18000,-42000,1
-39,-10,24,R3C8,,-10000,39000,-10000,-39000,-18000,-42000,1
-38,-18,24,R4C0,,-18000,38000,-18000,-38000,-18000,-42000,1
-38,-17,24,R4C1,,-17000,38000,-17000,-38000,-18000,-42000,1
-38,-16,24,R4C2,,-16000,38000,-16000,-38000,-18000,-42000,1
-38,-15,24,R4C3,,-15000,38000,-15000,-38000,-18000,-42000,1
-38,-14,24,R4C4,,-14000,38000,-14000,-38000,-18000,-42000,1
-38,-13,24,R4C5,,-13000,38000,-13000,-38000,-18000,-42000,1
-38,-12,24,R4C6,,-12000,38000,-12000,-38000,-18000,-42000,1
-38,-11,24,R4C7,,-11000,38000,-11000,-38000,-18000,-42000,1
-38,-10,24,R4C8,,-10000,38000,-10000,-38000,-18000,-42000,1
-37,-18,24,R5C0,,-18000,37000,-18000,-37000,-18000,-42000,1
-37,-17,24,R5C1,,-17000,37000,-17000,-37000,-18000,-42000,1
-37,-16,24,R5C2,,-16000,37000,-16000,-37000,-18000,-42000,1
-37,-15,24,R5C3,,-15000,37000,-15000,-37000,-18000,-42000,1
-37,-14,24,R5C4,,-14000,37000,-14000,-37000,-18000,-42000,1
-37,-13,24,R5C5,,-13000,37000,-13000,-37000,-18000,-42000,1
-37,-12,24,R5C6,,-12000,37000,-12000,-37000,-18000,-42000,1
-37,-11,24,R5C7,,-11000,37000,-11000,-37000,-18000,-42000,1
-37,-10,24,R5C8,,-10000,37000,-10000,-37000,-18000,-42000,1
-36,-18,24,R6C0,,-18000,36000,-18000,-36000,-18000,-42000,1
-36,-17,24,R6C1,,-17000,36000,-17000,-36000,-18000,-42000,1
-36,-16,24,R6C2,,-16000,36000,-16000,-36000,-18000,-42000,1
-36,-15,24,R6C3,,-15000,36000,-15000,-36000,-18000,-42000,1
-36,-14,24,R6C4,,-14000,36000,-14000,-36000,-18000,-42000,1
-36,-13,24,R6C5,,-13000,36000,-13000,-36000,-18000,-42000,1
-36,-12,24,R6C6,2-7-9-16,-12000,36000,-12000,-36000,-18000,-42000,1
-36,-11,24,R6C7,1-7-9-16,-11000,36000,-11000,-36000,-18000,-42000,1
-36,-10,24,R6C8,,-10000,36000,-10000,-36000,-18000,-42000,1
-21,27,65,R0C0,,27000,21000,27000,-21000,27000,-21000,1
-21,28,65,R0C1,,28000,21000,28000,-21000,27000,-21000,1
-21,29,65,R0C2,,29000,21000,29000,-21000,27000,-21000,1
-21,30,65,R0C3,,30000,21000,30000,-21000,27000,-21000,1
-21,31,65,R0C4,,31000,21000,31000,-21000,27000,-21000,1
-21,32,65,R0C5,,32000,21000,32000,-21000,27000,-21000,1
-21,33,65,R0C6,,33000,21000,33000,-21000,27000,-21000,1
-21,34,65,R0C7,,34000,21000,34000,-21000,27000,-21000,1
-21,35,65,R0C8,,35000,21000,35000,-21000,27000,-21000,1
-20,27,65,R1C0,,27000,20000,27000,-20000,27000,-21000,1
-20,28,65,R1C1,,28000,20000,28000,-20000,27000,-21000,1
-20,29,65,R1C2,,29000,20000,29000,-20000,27000,-21000,1
-20,30,65,R1C3,,30000,20000,30000,-20000,27000,-21000,1
-20,31,65,R1C4,,31000,20000,31000,-20000,27000,-21000,1
-20,32,65,R1C5,,32000,20000,32000,-20000,27000,-21000,1
-20,33,65,R1C6,,33000,20000,33000,-20000,27000,-21000,1
-20,34,65,R1C7,,34000,20000,34000,-20000,27000,-21000,1
-20,35,65,R1C8,,35000,20000,35000,-20000,27000,-21000,1
-19,27,65,R2C0,,27000,19000,27000,-19000,27000,-21000,1
-19,28,65,R2C1,,28000,19000,28000,-19000,27000,-21000,1
-19,29,65,R2C2,,29000,19000,29000,-19000,27000,-21000,1
-19,30,65,R2C3,,30000,19000,30000,-19000,27000,-21000,1
-19,31,65,R2C4,,31000,19000,31000,-19000,27000,-21000,1
-19,32,65,R2C5,,32000,19000,32000,-19000,27000,-21000,1
-19,33,65,R2C6,,33000,19000,33000,-19000,27000,-21000,1
-19,34,65,R2C7,,34000,19000,34000,-19000,27000,-21000,1
-19,35,65,R2C8,,35000,19000,35000,-19000,27000,-21000,1
-18,27,65,R3C0,,27000,18000,27000,-18000,27000,-21000,1
-18,28,65,R3C1,,28000,18000,28000,-18000,27000,-21000,1
-18,29,65,R3C2,,29000,18000,29000,-18000,27000,-21000,1
-18,30,65,R3C3,,30000,18000,30000,-18000,27000,-21000,1
-18,31,65,R3C4,,31000,18000,31000,-18000,27000,-21000,1
-18,32,65,R3C5,,32000,18000,32000,-18000,27000,-21000,1
-18,33,65,R3C6,,33000,18000,33000,-18000,27000,-21000,1
-18,34,65,R3C7,,34000,18000,34000,-18000,27000,-21000,1
-18,35,65,R3C8,,35000,18000,35000,-18000,27000,-21000,1
-17,27,65,R4C0,,27000,17000,27000,-17000,27000,-21000,1
-17,28,65,R4C1,,28000,17000,28000,-17000,27000,-21000,1
-17,29,65,R4C2,,29000,17000,29000,-17000,27000,-21000,1
-17,30,65,R4C3,,30000,17000,30000,-17000,27000,-21000,1
-17,31,65,R4C4,,31000,17000,31000,-17000,27000,-21000,1
-17,32,65,R4C5,,32000,17000,32000,-17000,27000,-21000,1
-17,33,65,R4C6,,33000,17000,33000,-17000,27000,-21000,1
-17,34,65,R4C7,,34000,17000,34000,-17000,27000,-21000,1
-17,35,65,R4C8,,35000,17000,35000,-17000,27000,-21000,1
-16,27,65,R5C0,,27000,16000,27000,-16000,27000,-21000,1
-16,28,65,R5C1,,28000,16000,28000,-16000,27000,-21000,1
-16,29,65,R5C2,,29000,16000,29000,-16000,27000,-21000,1
-16,30,65,R5C3,,30000,16000,30000,-16000,27000,-21000,1
-16,31,65,R5C4,,31000,16000,31000,-16000,27000,-21000,1
-16,32,65,R5C5,,32000,16000,32000,-16000,27000,-21000,1
-16,33,65,R5C6,,33000,16000,33000,-16000,27000,-21000,1
-16,34,65,R5C7,,34000,16000,34000,-16000,27000,-21000,1
-16,35,65,R5C8,,35000,16000,35000,-16000,27000,-21000,1
-15,27,65,R6C0,,27000,15000,27000,-15000,27000,-21000,1
-15,28,65,R6C1,,28000,15000,28000,-15000,27000,-21000,1
-15,29,65,R6C2,,29000,15000,29000,-15000,27000,-21000,1
-15,30,65,R6C3,,30000,15000,30000,-15000,27000,-21000,1
-15,31,65,R6C4,,31000,15000,31000,-15000,27000,-21000,1
-15,32,65,R6C5,,32000,15000,32000,-15000,27000,-21000,1
-15,33,65,R6C6,2-7-4-13,33000,15000,33000,-15000,27000,-21000,1
-15,34,65,R6C7,1-7-4-13,34000,15000,34000,-15000,27000,-21000,1
-15,35,65,R6C8,,35000,15000,35000,-15000,27000,-21000,1
0,18,106,R0C0,,18000,0,18000,0,18000,0,1
0,19,106,R0C1,,19000,0,19000,0,18000,0,1
0,20,106,R0C2,,20000,0,20000,0,18000,0,1
0,21,106,R0C3,,21000,0,21000,0,18000,0,1
0,22,106,R0C4,,22000,0,22000,0,18000,0,1
0,23,106,R0C5,,23000,0,23000,0,18000,0,1
0,24,106,R0C6,,24000,0,24000,0,18000,0,1
0,25,106,R0C7,,25000,0,25000,0,18000,0,1
0,26,106,R0C8,,26000,0,26000,0,18000,0,1
1,18,106,R1C0,,18000,-1000,18000,1000,18000,0,1
1,19,106,R1C1,,19000,-1000,19000,1000,18000,0,1
1,20,106,R1C2,,20000,-1000,20000,1000,18000,0,1
1,21,106,R1C3,,21000,-1000,21000,1000,18000,0,1
1,22,106,R1C4,,22000,-1000,22000,1000,18000,0,1
1,23,106,R1C5,,23000,-1000,23000,1000,18000,0,1
1,24,106,R1C6,,24000,-1000,24000,1000,18000,0,1
1,25,106,R1C7,,25000,-1000,25000,1000,18000,0,1
1,26,106,R1C8,,26000,-1000,26000,1000,18000,0,1
2,18,106,R2C0,,18000,-2000,18000,2000,18000,0,1
2,19,106,R2C1,,19000,-2000,19000,2000,18000,0,1
2,20,106,R2C2,,20000,-2000,20000,2000,18000,0,1
2,21,106,R2C3,,21000,-2000,21000,2000,18000,0,1
2,22,106,R2C4,,22000,-2000,22000,2000,18000,0,1
2,23,106,R2C5,,23000,-2000,23000,2000,18000,0,1
2,24,106,R2C6,,24000,-2000,24000,2000,18000,0,1
2,25,106,R2C7,,25000,-2000,25000,2000,18000,0,1
2,26,106,R2C8,,26000,-2000,26000,2000,18000,0,1
3,18,106,R3C0,,18000,-3000,18000,3000,18000,0,1
3,19,106,R3C1,,19000,-3000,19000,3000,18000,0,1
3,20,106,R3C2,,20000,-3000,20000,3000,18000,0,1
3,21,106,R3C3,,21000,-3000,21000,3000,18000,0,1
3,22,106,R3C4,,22000,-3000,22000,3000,18000,0,1
3,23,106,R3C5,,23000,-3000,23000,3000,18000,0,1
3,24,106,R3C6,,24000,-3000,24000,3000,18000,0,1
3,25,106,R3C7,,25000,-3000,25000,3000,18000,0,1
3,26,106,R3C8,,26000,-3000,26000,3000,18000,0,1
4,18,106,R4C0,,18000,-4000,18000,4000,18000,0,1
4,19,106,R4C1,,19000,-4000,19000,4000,18000,0,1
4,20,106,R4C2,,20000,-4000,20000,4000,18000,0,1
4,21,106,R4C3,,21000,-4000,21000,4000,18000,0,1
4,22,106,R4C4,,22000,-4000,22000,4000,18000,0,1
4,23,106,R4C5,,23000,-4000,23000,4000,18000,0,1
4,24,106,R4C6,,24000,-4000,24000,4000,18000,0,1
4,25,106,R4C7,,25000,-4000,25000,4000,18000,0,1
4,26,106,R4C8,,26000,-4000,26000,4000,18000,0,1
5,18,106,R5C0,,18000,-5000,18000,5000,18000,0,1
5,19,106,R5C1,,19000,-5000,19000,5000,18000,0,1
5,20,106,R5C2,,20000,-5000,20000,5000,18000,0,1
5,21,106,R5C3,,21000,-5000,21000,5000,18000,0,1
5,22,106,R5C4,,22000,-5000,22000,5000,18000,0,1
5,23,106,R5C5,,23000,-5000,23000,5000,18000,0,1
5,24,106,R5C6,,24000,-5000,24000,5000,18000,0,1
5,25,106,R5C7,,25000,-5000,25000,5000,18000,0,1
5,26,106,R5C8,,26000,-5000,26000,5000,18000,0,1
6,18,106,R6C0,,18000,-6000,18000,6000,18000,0,1
6,19,106,R6C1,,19000,-6000,19000,6000,18000,0,1
6,20,106,R6C2,,20000,-6000,20000,6000,18000,0,1
6,21,106,R6C3,,21000,-6000,21000,6000,18000,0,1
6,22,106,R6C4,,22000,-6000,22000,6000,18000,0,1
6,23,106,R6C5,,23000,-6000,23000,6000,18000,0,1
6,24,106,R6C6,2-7-5-10,24000,-6000,24000,6000,18000,0,1
6,25,106,R6C7,1-7-5-10,25000,-6000,25000,6000,18000,0,1
6,26,106,R6C8,,26000,-6000,26000,6000,18000,0,1
-56,-9,7,R0C0,,-9000,56000,-9000,-56000,-9000,-56000,1
-56,-8,7,R0C1,,-8000,56000,-8000,-56000,-9000,-56000,1
-56,-7,7,R0C2,,-7000,56000,-7000,-56000,-9000,-56000,1
-56,-6,7,R0C3,,-6000,56000,-6000,-56000,-9000,-56000,1
-56,-5,7,R0C4,,-5000,56000,-5000,-56000,-9000,-56000,1
-56,-4,7,R0C5,,-4000,56000,-4000,-56000,-9000,-56000,1
-56,-3,7,R0C6,,-3000,56000,-3000,-56000,-9000,-56000,1
-56,-2,7,R0C7,,-2000,56000,-2000,-56000,-9000,-56000,1
-56,-1,7,R0C8,,-1000,56000,-1000,-56000,-9000,-56000,1
-55,-9,7,R1C0,,-9000,55000,-9000,-55000,-9000,-56000,1
-55,-8,7,R1C1,,-8000,55000,-8000,-55000,-9000,-56000,1
-55,-7,7,R1C2,,-7000,55000,-7000,-55000,-9000,-56000,1
-55,-6,7,R1C3,,-6000,55000,-6000,-55000,-9000,-56000,1
-55,-5,7,R1C4,,-5000,55000,-5000,-55000,-9000,-56000,1
-55,-4,7,R1C5,,-4000,55000,-4000,-55000,-9000,-56000,1
-55,-3,7,R1C6,,-3000,55000,-3000,-55000,-9000,-56000,1
-55,-2,7,R1C7,,-2000,55000,-2000,-55000,-9000,-56000,1
-55,-1,7,R1C8,,-1000,55000,-1000,-55000,-9000,-56000,1
-54,-9,7,R2C0,,-9000,54000,-9000,-54000,-9000,-56000,1
-54,-8,7,R2C1,,-8000,54000,-8000,-54000,-9000,-56000,1
-54,-7,7,R2C2,,-7000,54000,-7000,-54000,-9000,-56000,1
-54,-6,7,R2C3,,-6000,54000,-6000,-54000,-9000,-56000,1
-54,-5,7,R2C4,,-5000,54000,-5000,-54000,-9000,-56000,1
-54,-4,7,R2C5,,-4000,54000,-4000,-54000,-9000,-56000,1
-54,-3,7,R2C6,,-3000,54000,-3000,-54000,-9000,-56000,1
-54,-2,7,R2C7,,-2000,54000,-2000,-54000,-9000,-56000,1
-54,-1,7,R2C8,,-1000,54000,-1000,-54000,-9000,-56000,1
-53,-9,7,R3C0,,-9000,53000,-9000,-53000,-9000,-56000,1
-53,-8,7,R3C1,,-8000,53000,-8000,-53000,-9000,-56000,1
-53,-7,7,R3C2,,-7000,53000,-7000,-53000,-9000,-56000,1
-53,-6,7,R3C3,,-6000,53000,-6000,-53000,-9000,-56000,1
-53,-5,7,R3C4,,-5000,53000,-5000,-53000,-9000,-56000,1
-53,-4,7,R3C5,,-4000,53000,-4000,-53000,-9000,-56000,1
-53,-3,7,R3C6,,-3000,53000,-3000,-53000,-9000,-56000,1
-53,-2,7,R3C7,,-2000,53000,-2000,-53000,-9000,-56000,1
-53,-1,7,R3C8,,-1000,53000,-1000,-53000,-9000,-56000,1
-52,-9,7,R4C0,,-9000,52000,-9000,-52000,-9000,-56000,1
-52,-8,7,R4C1,,-8000,52000,-8000,-52000,-9000,-56000,1
-52,-7,7,R4C2,,-7000,52000,-7000,-52000,-9000,-56000,1
-52,-6,7,R4C3,,-6000,52000,-6000,-52000,-9000,-56000,1
-52,-5,7,R4C4,,-5000,52000,-5000,-52000,-9000,-56000,1
-52,-4,7,R4C5,,-4000,52000,-4000,-52000,-9000,-56000,1
-52,-3,7,R4C6,,-3000,52000,-3000,-52000,-9000,-56000,1
-52,-2,7,R4C7,,-2000,52000,-2000,-52000,-9000,-56000,1
-52,-1,7,R4C8,,-1000,52000,-1000,-52000,-9000,-56000,1
-51,-9,7,R5C0,,-9000,51000,-9000,-51000,-9000,-56000,1
-51,-8,7,R5C1,,-8000,51000,-8000,-51000,-9000,-56000,1
-51,-7,7,R5C2,,-7000,51000,-7000,-51000,-9000,-56000,1
-51,-6,7,R5C3,,-6000,51000,-6000,-51000,-9000,-56000,1
-51,-5,7,R5C4,,-5000,51000,-5000,-51000,-9000,-56000,1
-51,-4,7,R5C5,,-4000,51000,-4000,-51000,-9000,-56000,1
-51,-3,7,R5C6,,-3000,51000,-3000,-51000,-9000,-56000,1
-51,-2,7,R5C7,,-2000,51000,-2000,-51000,-9000,-56000,1
-51,-1,7,R5C8,,-1000,51000,-1000,-51000,-9000,-56000,1
-50,-9,7,R6C0,,-9000,50000,-9000,-50000,-9000,-56000,1
-50,-8,7,R6C1,,-8000,50000,-8000,-50000,-9000,-56000,1
-50,-7,7,R6C2,,-7000,50000,-7000,-50000,-9000,-56000,1
-50,-6,7,R6C3,,-6000,50000,-6000,-50000,-9000,-56000,1
-50,-5,7,R6C4,,-5000,50000,-5000,-50000,-9000,-56000,1
-50,-4,7,R6C5,,-4000,50000,-4000,-50000,-9000,-56000,1
-50,-3,7,R6C6,2-7-8-18,-3000,50000,-3000,-50000,-9000,-56000,1
-50,-2,7,R6C7,1-7-8-18,-2000,50000,-2000,-50000,-9000,-56000,1
-50,-1,7,R6C8,,-1000,50000,-1000,-50000,-9000,-56000,1
-56,-18,6,R0C0,,-18000,56000,-18000,-56000,-18000,-56000,1
-56,-17,6,R0C1,,-17000,56000,-17000,-56000,-18000,-56000,1
-56,-16,6,R0C2,,-16000,56000,-16000,-56000,-18000,-56000,1
-56,-15,6,R0C3,,-15000,56000,-15000,-56000,-18000,-56000,1
-56,-14,6,R0C4,,-14000,56000,-14000,-56000,-18000,-56000,1
-56,-13,6,R0C5,,-13000,56000,-13000,-56000,-18000,-56000,1
-56,-12,6,R0C6,,-12000,56000,-12000,-56000,-18000,-56000,1
-56,-11,6,R0C7,,-11000,56000,-11000,-56000,-18000,-56000,1
-56,-10,6,R0C8,,-10000,56000,-10000,-56000,-18000,-56000,1
-55,-18,6,R1C0,,-18000,55000,-18000,-55000,-18000,-56000,1
-55,-17,6,R1C1,,-17000,55000,-17000,-55000,-18000,-56000,1
-55,-16,6,R1C2,,-16000,55000,-16000,-55000,-18000,-56000,1
-55,-15,6,R1C3,,-15000,55000,-15000,-55000,-18000,-56000,1
-55,-14,6,R1C4,,-14000,55000,-14000,-55000,-18000,-56000,1
-55,-13,6,R1C5,,-13000,55000,-13000,-55000,-18000,-56000,1
-55,-12,6,R1C6,,-12000,55000,-12000,-55000,-18000,-56000,1
-55,-11,6,R1C7,,-11000,55000,-11000,-55000,-18000,-56000,1
-55,-10,6,R1C8,,-10000,55000,-10000,-55000,-18000,-56000,1
-54,-18,6,R2C0,,-18000,54000,-18000,-54000,-18000,-56000,1
-54,-17,6,R2C1,,-17000,54000,-17000,-54000,-18000,-56000,1
-54,-16,6,R2C2,,-16000,54000,-16000,-54000,-18000,-56000,1
-54,-15,6,R2C3,,-15000,54000,-15000,-54000,-18000,-56000,1
-54,-14,6,R2C4,,-14000,54000,-14000,-54000,-18000,-56000,1
-54,-13,6,R2C5,,-13000,54000,-13000,-54000,-18000,-56000,1
-54,-12,6,R2C6,,-12000,54000,-12000,-54000,-18000,-56000,1
-54,-11,6,R2C7,,-11000,54000,-11000,-54000,-18000,-56000,1
-54,-10,6,R2C8,,-10000,54000,-10000,-54000,-18000,-56000,1
-53,-18,6,R3C0,,-18000,53000,-18000,-53000,-18000,-56000,1
-53,-17,6,R3C1,,-17000,53000,-17000,-53000,-18000,-56000,1
-53,-16,6,R3C2,,-16000,53000,-16000,-53000,-18000,-56000,1
-53,-15,6,R3C3,,-15000,53000,-15000,-53000,-18000,-56000,1
-53,-14,6,R3C4,,-14000,53000,-14000,-53000,-18000,-56000,1
-53,-13,6,R3C5,,-13000,53000,-13000,-53000,-18000,-56000,1
-53,-12,6,R3C6,,-12000,53000,-12000,-53000,-18000,-56000,1
-53,-11,6,R3C7,,-11000,53000,-11000,-53000,-18000,-56000,1
-53,-10,6,R3C8,,-10000,53000,-10000,-53000,-18000,-56000,1
-52,-18,6,R4C0,,-18000,52000,-18000,-52000,-18000,-56000,1
-52,-17,6,R4C1,,-17000,52000,-17000,-52000,-18000,-56000,1
-52,-16,6,R4C2,,-16000,52000,-16000,-52000,-18000,-56000,1
-52,-15,6,R4C3,,-15000,52000,-15000,-52000,-18000,-56000,1
-52,-14,6,R4C4,,-14000,52000,-14000,-52000,-18000,-56000,1
-52,-13,6,R4C5,,-13000,52000,-13000,-52000,-18000,-56000,1
-52,-12,6,R4C6,,-12000,52000,-12000,-52000,-18000,-56000,1
-52,-11,6,R4C7,,-11000,52000,-11000,-52000,-18000,-56000,1
-52,-10,6,R4C8,,-10000,52000,-10000,-52000,-18000,-56000,1
-51,-18,6,R5C0,,-18000,51000,-18000,-51000,-18000,-56000,1
-51,-17,6,R5C1,,-17000,51000,-17000,-51000,-18000,-56000,1
-51,-16,6,R5C2,,-16000,51000,-16000,-51000,-18000,-56000,1
-51,-15,6,R5C3,,-15000,51000,-15000,-51000,-18000,-56000,1
-51,-14,6,R5C4,,-14000,51000,-14000,-51000,-18000,-56000,1
-51,-13,6,R5C5,,-13000,51000,-13000,-51000,-18000,-56000,1
-51,-12,6,R5C6,,-12000,51000,-12000,-51000,-18000,-56000,1
-51,-11,6,R5C7,,-11000,51000,-11000,-51000,-18000,-56000,1
-51,-10,6,R5C8,,-10000,51000,-10000,-51000,-18000,-56000,1
-50,-18,6,R6C0,,-18000,50000,-18000,-50000,-18000,-56000,1
-50,-17,6,R6C1,,-17000,50000,-17000,-50000,-18000,-56000,1
-50,-16,6,R6C2,,-16000,50000,-16000,-50000,-18000,-56000,1
-50,-15,6,R6C3,,-15000,50000,-15000,-50000,-18000,-56000,1
-50,-14,6,R6C4,,-14000,50000,-14000,-50000,-18000,-56000,1
-50,-13,6,R6C5,,-13000,50000,-13000,-50000,-18000,-56000,1
-50,-12,6,R6C6,2-7-9-18,-12000,50000,-12000,-50000,-18000,-56000,1
-50,-11,6,R6C7,1-7-9-18,-11000,50000,-11000,-50000,-18000,-56000,1
-50,-10,6,R6C8,,-10000,50000,-10000,-50000,-18000,-56000,1
7,27,122,R0C0,,27000,-7000,27000,7000,27000,7000,1
7,28,122,R0C1,,28000,-7000,28000,7000,27000,7000,1
7,29,122,R0C2,,29000,-7000,29000,7000,27000,7000,1
7,30,122,R0C3,,30000,-7000,30000,7000,27000,7000,1
7,31,122,R0C4,,31000,-7000,31000,7000,27000,7000,1
7,32,122,R0C5,,32000,-7000,32000,7000,27000,7000,1
7,33,122,R0C6,,33000,-7000,33000,7000,27000,7000,1
7,34,122,R0C7,,34000,-7000,34000,7000,27000,7000,1
7,35,122,R0C8,,35000,-7000,35000,7000,27000,7000,1
8,27,122,R1C0,,27000,-8000,27000,8000,27000,7000,1
8,28,122,R1C1,,28000,-8000,28000,8000,27000,7000,1
8,29,122,R1C2,,29000,-8000,29000,8000,27000,7000,1
8,30,122,R1C3,,30000,-8000,30000,8000,27000,7000,1
8,31,122,R1C4,,31000,-8000,31000,8000,27000,7000,1
8,32,122,R1C5,,32000,-8000,32000,8000,27000,7000,1
8,33,122,R1C6,,33000,-8000,33000,8000,27000,7000,1
8,34,122,R1C7,,34000,-8000,34000,8000,27000,7000,1
8,35,122,R1C8,,35000,-8000,35000,8000,27000,7000,1
9,27,122,R2C0,,27000,-9000,27000,9000,27000,7000,1
9,28,122,R2C1,,28000,-9000,28000,9000,27000,7000,1
9,29,122,R2C2,,29000,-9000,29000,9000,27000,7000,1
9,30,122,R2C3,,30000,-9000,30000,9000,27000,7000,1
9,31,122,R2C4,,31000,-9000,31000,9000,27000,7000,1
9,32,122,R2C5,,32000,-9000,32000,9000,27000,7000,1
9,33,122,R2C6,,33000,-9000,33000,9000,27000,7000,1
9,34,122,R2C7,,34000,-9000,34000,9000,27000,7000,1
9,35,122,R2C8,,35000,-9000,35000,9000,27000,7000,1
10,27,122,R3C0,,27000,-10000,27000,10000,27000,7000,1
10,28,122,R3C1,,28000,-10000,28000,10000,27000,7000,1
10,29,122,R3C2,,29000,-10000,29000,10000,27000,7000,1
10,30,122,R3C3,,30000,-10000,30000,10000,27000,7000,1
10,31,122,R3C4,,31000,-10000,31000,10000,27000,7000,1
10,32,122,R3C5,,32000,-10000,32000,10000,27000,7000,1
10,33,122,R3C6,,33000,-10000,33000,10000,27000,7000,1
10,34,122,R3C7,,34000,-10000,34000,10000,27000,7000,1
10,35,122,R3C8,,35000,-10000,35000,10000,27000,7000,1
11,27,122,R4C0,,27000,-11000,27000,11000,27000,7000,1
11,28,122,R4C1,,28000,-11000,28000,11000,27000,7000,1
11,29,122,R4C2,,29000,-11000,29000,11000,27000,7000,1
11,30,122,R4C3,,30000,-11000,30000,11000,27000,7000,1
11,31,122,R4C4,,31000,-11000,31000,11000,27000,7000,1
11,32,122,R4C5,,32000,-11000,32000,11000,27000,7000,1
11,33,122,R4C6,,33000,-11000,33000,11000,27000,7000,1
11,34,122,R4C7,,34000,-11000,34000,11000,27000,7000,1
11,35,122,R4C8,,35000,-11000,35000,11000,27000,7000,1
12,27,122,R5C0,,27000,-12000,27000,12000,27000,7000,1
12,28,122,R5C1,,28000,-12000,28000,12000,27000,7000,1
12,29,122,R5C2,,29000,-12000,29000,12000,27000,7000,1
12,30,122,R5C3,,30000,-12000,30000,12000,27000,7000,1
12,31,122,R5C4,,31000,-12000,31000,12000,27000,7000,1
12,32,122,R5C5,,32000,-12000,32000,12000,27000,7000,1
12,33,122,R5C6,,33000,-12000,33000,12000,27000,7000,1
12,34,122,R5C7,,34000,-12000,34000,12000,27000,7000,1
12,35,122,R5C8,,35000,-12000,35000,12000,27000,7000,1
13,27,122,R6C0,,27000,-13000,27000,13000,27000,7000,1
13,28,122,R6C1,,28000,-13000,28000,13000,27000,7000,1
13,29,122,R6C2,,29000,-13000,29000,13000,27000,7000,1
13,30,122,R6C3,,30000,-13000,30000,13000,27000,7000,1
13,31,122,R6C4,,31000,-13000,31000,13000,27000,7000,1
13,32,122,R6C5,,32000,-13000,32000,13000,27000,7000,1
13,33,122,R6C6,2-7-4-9,33000,-13000,33000,13000,27000,7000,1
13,34,122,R6C7,1-7-4-9,34000,-13000,34000,13000,27000,7000,1
13,35,122,R6C8,,35000,-13000,35000,13000,27000,7000,1
49,-9,191,R0C0,,-9000,-49000,-9000,49000,-9000,49000,1
49,-8,191,R0C1,,-8000,-49000,-8000,49000,-9000,49000,1
49,-7,191,R0C2,,-7000,-49000,-7000,49000,-9000,49000,1
49,-6,191,R0C3,,-6000,-49000,-6000,49000,-9000,49000,1
49,-5,191,R0C4,,-5000,-49000,-5000,49000,-9000,49000,1
49,-4,191,R0C5,,-4000,-49000,-4000,49000,-9000,49000,1
49,-3,191,R0C6,,-3000,-49000,-3000,49000,-9000,49000,1
49,-2,191,R0C7,,-2000,-49000,-2000,49000,-9000,49000,1
49,-1,191,R0C8,,-1000,-49000,-1000,49000,-9000,49000,1
50,-9,191,R1C0,,-9000,-50000,-9000,50000,-9000,49000,1
50,-8,191,R1C1,,-8000,-50000,-8000,50000,-9000,49000,1
50,-7,191,R1C2,,-7000,-50000,-7000,50000,-9000,49000,1
50,-6,191,R1C3,,-6000,-50000,-6000,50000,-9000,49000,1
50,-5,191,R1C4,,-5000,-50000,-5000,50000,-9000,49000,1
50,-4,191,R1C5,,-4000,-50000,-4000,50000,-9000,49000,1
50,-3,191,R1C6,,-3000,-50000,-3000,50000,-9000,49000,1
50,-2,191,R1C7,,-2000,-50000,-2000,50000,-9000,49000,1
50,-1,191,R1C8,,-1000,-50000,-1000,50000,-9000,49000,1
51,-9,191,R2C0,,-9000,-51000,-9000,51000,-9000,49000,1
51,-8,191,R2C1,,-8000,-51000,-8000,51000,-9000,49000,1
51,-7,191,R2C2,,-7000,-51000,-7000,51000,-9000,49000,1
51,-6,191,R2C3,,-6000,-51000,-6000,51000,-9000,49000,1
51,-5,191,R2C4,,-5000,-51000,-5000,51000,-9000,49000,1
51,-4,191,R2C5,,-4000,-51000,-4000,51000,-9000,49000,1
51,-3,191,R2C6,,-3000,-51000,-3000,51000,-9000,49000,1
51,-2,191,R2C7,,-2000,-51000,-2000,51000,-9000,49000,1
51,-1,191,R2C8,,-1000,-51000,-1000,51000,-9000,49000,1
52,-9,191,R3C0,,-9000,-52000,-9000,52000,-9000,49000,1
52,-8,191,R3C1,,-8000,-52000,-8000,52000,-9000,49000,1
52,-7,191,R3C2,,-7000,-52000,-7000,52000,-9000,49000,1
52,-6,191,R3C3,,-6000,-52000,-6000,52000,-9000,49000,1
52,-5,191,R3C4,,-5000,-52000,-5000,52000,-9000,49000,1
52,-4,191,R3C5,,-4000,-52000,-4000,52000,-9000,49000,1
52,-3,191,R3C6,,-3000,-52000,-3000,52000,-9000,49000,1
52,-2,191,R3C7,,-2000,-52000,-2000,52000,-9000,49000,1
52,-1,191,R3C8,,-1000,-52000,-1000,52000,-9000,49000,1
53,-9,191,R4C0,,-9000,-53000,-9000,53000,-9000,49000,1
53,-8,191,R4C1,,-8000,-53000,-8000,53000,-9000,49000,1
53,-7,191,R4C2,,-7000,-53000,-7000,53000,-9000,49000,1
53,-6,191,R4C3,,-6000,-53000,-6000,53000,-9000,49000,1
53,-5,191,R4C4,,-5000,-53000,-5000,53000,-9000,49000,1
53,-4,191,R4C5,,-4000,-53000,-4000,53000,-9000,49000,1
53,-3,191,R4C6,,-3000,-53000,-3000,53000,-9000,49000,1
53,-2,191,R4C7,,-2000,-53000,-2000,53000,-9000,49000,1
53,-1,191,R4C8,,-1000,-53000,-1000,53000,-9000,49000,1
54,-9,191,R5C0,,-9000,-54000,-9000,54000,-9000,49000,1
54,-8,191,R5C1,,-8000,-54000,-8000,54000,-9000,49000,1
54,-7,191,R5C2,,-7000,-54000,-7000,54000,-9000,49000,1
54,-6,191,R5C3,,-6000,-54000,-6000,54000,-9000,49000,1
54,-5,191,R5C4,,-5000,-54000,-5000,54000,-9000,49000,1
54,-4,191,R5C5,,-4000,-54000,-4000,54000,-9000,49000,1
54,-3,191,R5C6,,-3000,-54000,-3000,54000,-9000,49000,1
54,-2,191,R5C7,,-2000,-54000,-2000,54000,-9000,49000,1
54,-1,191,R5C8,,-1000,-54000,-1000,54000,-9000,49000,1
55,-9,191,R6C0,,-9000,-55000,-9000,55000,-9000,49000,1
55,-8,191,R6C1,,-8000,-55000,-8000,55000,-9000,49000,1
55,-7,191,R6C2,,-7000,-55000,-7000,55000,-9000,49000,1
55,-6,191,R6C3,,-6000,-55000,-6000,55000,-9000,49000,1
55,-5,191,R6C4,,-5000,-55000,-5000,55000,-9000,49000,1
55,-4,191,R6C5,,-4000,-55000,-4000,55000,-9000,49000,1
55,-3,191,R6C6,2-7-8-3,-3000,-55000,-3000,55000,-9000,49000,1
55,-2,191,R6C7,1-7-8-3,-2000,-55000,-2000,55000,-9000,49000,1
55,-1,191,R6C8,,-1000,-55000,-1000,55000,-9000,49000,1
49,-18,190,R0C0,,-18000,-49000,-18000,49000,-18000,49000,1
49,-17,190,R0C1,,-17000,-49000,-17000,49000,-18000,49000,1
49,-16,190,R0C2,,-16000,-49000,-16000,49000,-18000,49000,1
49,-15,190,R0C3,,-15000,-49000,-15000,49000,-18000,49000,1
49,-14,190,R0C4,,-14000,-49000,-14000,49000,-18000,49000,1
49,-13,190,R0C5,,-13000,-49000,-13000,49000,-18000,49000,1
49,-12,190,R0C6,,-12000,-49000,-12000,49000,-18000,49000,1
49,-11,190,R0C7,,-11000,-49000,-11000,49000,-18000,49000,1
49,-10,190,R0C8,,-10000,-49000,-10000,49000,-18000,49000,1
50,-18,190,R1C0,,-18000,-50000,-18000,50000,-18000,49000,1
50,-17,190,R1C1,,-17000,-50000,-17000,50000,-18000,49000,1
50,-16,190,R1C2,,-16000,-50000,-16000,50000,-18000,49000,1
50,-15,190,R1C3,,-15000,-50000,-15000,50000,-18000,49000,1
50,-14,190,R1C4,,-14000,-50000,-14000,50000,-18000,49000,1
50,-13,190,R1C5,,-13000,-50000,-13000,50000,-18000,49000,1
50,-12,190,R1C6,,-12000,-50000,-12000,50000,-18000,49000,1
50,-11,190,R1C7,,-11000,-50000,-11000,50000,-18000,49000,1
50,-10,190,R1C8,,-10000,-50000,-10000,50000,-18000,49000,1
51,-18,190,R2C0,,-18000,-51000,-18000,51000,-18000,49000,1
51,-17,190,R2C1,,-17000,-51000,-17000,51000,-18000,49000,1
51,-16,190,R2C2,,-16000,-51000,-16000,51000,-18000,49000,1
51,-15,190,R2C3,,-15000,-51000,-15000,51000,-18000,49000,1
51,-14,190,R2C4,,-14000,-51000,-14000,51000,-18000,49000,1
51,-13,190,R2C5,,-13000,-51000,-13000,51000,-18000,49000,1
51,-12,190,R2C6,,-12000,-51000,-12000,51000,-18000,49000,1
51,-11,190,R2C7,,-11000,-51000,-11000,51000,-18000,49000,1
51,-10,190,R2C8,,-10000,-51000,-10000,51000,-18000,49000,1
52,-18,190,R3C0,,-18000,-52000,-18000,52000,-18000,49000,1
52,-17,190,R3C1,,-17000,-52000,-17000,52000,-18000,49000,1
52,-16,190,R3C2,,-16000,-52000,-16000,52000,-18000,49000,1
52,-15,190,R3C3,,-15000,-52000,-15000,52000,-18000,49000,1
52,-14,190,R3C4,,-14000,-52000,-14000,52000,-18000,49000,1
52,-13,190,R3C5,,-13000,-52000,-13000,52000,-18000,49000,1
52,-12,190,R3C6,,-12000,-52000,-12000,52000,-18000,49000,1
52,-11,190,R3C7,,-11000,-52000,-11000,52000,-18000,49000,1
52,-10,190,R3C8,,-10000,-52000,-10000,52000,-18000,49000,1
53,-18,190,R4C0,,-18000,-53000,-18000,53000,-18000,49000,1
53,-17,190,R4C1,,-17000,-53000,-17000,53000,-18000,49000,1
53,-16,190,R4C2,,-16000,-53000,-16000,53000,-18000,49000,1
53,-15,190,R4C3,,-15000,-53000,-15000,53000,-18000,49000,1
53,-14,190,R4C4,,-14000,-53000,-14000,53000,-18000,49000,1
53,-13,190,R4C5,,-13000,-53000,-13000,53000,-18000,49000,1
53,-12,190,R4C6,,-12000,-53000,-12000,53000,-18000,49000,1
53,-11,190,R4C7,,-11000,-53000,-11000,53000,-18000,49000,1
53,-10,190,R4C8,,-10000,-53000,-10000,53000,-18000,49000,1
54,-18,190,R5C0,,-18000,-54000,-18000,54000,-18000,49000,1
54,-17,190,R5C1,,-17000,-54000,-17000,54000,-18000,49000,1
54,-16,190,R5C2,,-16000,-54000,-16000,54000,-18000,49000,1
54,-15,190,R5C3,,-15000,-54000,-15000,54000,-18000,49000,1
54,-14,190,R5C4,,-14000,-54000,-14000,54000,-18000,49000,1
54,-13,190,R5C5,,-13000,-54000,-13000,54000,-18000,49000,1
54,-12,190,R5C6,,-12000,-54000,-12000,54000,-18000,49000,1
54,-11,190,R5C7,,-11000,-54000,-11000,54000,-18000,49000,1
54,-10,190,R5C8,,-10000,-54000,-10000,54000,-18000,49000,1
55,-18,190,R6C0,,-18000,-55000,-18000,55000,-18000,49000,1
55,-17,190,R6C1,,-17000,-55000,-17000,55000,-18000,49000,1
55,-16,190,R6C2,,-16000,-55000,-16000,55000,-18000,49000,1
55,-15,190,R6C3,,-15000,-55000,-15000,55000,-18000,49000,1
55,-14,190,R6C4,,-14000,-55000,-14000,55000,-18000,49000,1
55,-13,190,R6C5,,-13000,-55000,-13000,55000,-18000,49000,1
55,-12,190,R6C6,2-7-9-3,-12000,-55000,-12000,55000,-18000,49000,1
55,-11,190,R6C7,1-7-9-3,-11000,-55000,-11000,55000,-18000,49000,1
55,-10,190,R6C8,,-10000,-55000,-10000,55000,-18000,49000,1
-7,-45,84,R0C0,,-45000,7000,-45000,-7000,-45000,-7000,1
-7,-44,84,R0C1,,-44000,7000,-44000,-7000,-45000,-7000,1
-7,-43,84,R0C2,,-43000,7000,-43000,-7000,-45000,-7000,1
-7,-42,84,R0C3,,-42000,7000,-42000,-7000,-45000,-7000,1
-7,-41,84,R0C4,,-41000,7000,-41000,-7000,-45000,-7000,1
-7,-40,84,R0C5,,-40000,7000,-40000,-7000,-45000,-7000,1
-7,-39,84,R0C6,,-39000,7000,-39000,-7000,-45000,-7000,1
-7,-38,84,R0C7,,-38000,7000,-38000,-7000,-45000,-7000,1
-7,-37,84,R0C8,,-37000,7000,-37000,-7000,-45000,-7000,1
-6,-45,84,R1C0,,-45000,6000,-45000,-6000,-45000,-7000,1
-6,-44,84,R1C1,,-44000,6000,-44000,-6000,-45000,-7000,1
-6,-43,84,R1C2,,-43000,6000,-43000,-6000,-45000,-7000,1
-6,-42,84,R1C3,,-42000,6000,-42000,-6000,-45000,-7000,1
-6,-41,84,R1C4,,-41000,6000,-41000,-6000,-45000,-7000,1
-6,-40,84,R1C5,,-40000,6000,-40000,-6000,-45000,-7000,1
-6,-39,84,R1C6,,-39000,6000,-39000,-6000,-45000,-7000,1
-6,-38,84,R1C7,,-38000,6000,-38000,-6000,-45000,-7000,1
-6,-37,84,R1C8,,-37000,6000,-37000,-6000,-45000,-7000,1
-5,-45,84,R2C0,,-45000,5000,-45000,-5000,-45000,-7000,1
-5,-44,84,R2C1,,-44000,5000,-44000,-5000,-45000,-7000,1
-5,-43,84,R2C2,,-43000,5000,-43000,-5000,-45000,-7000,1
-5,-42,84,R2C3,,-42000,5000,-42000,-5000,-45000,-7000,1
-5,-41,84,R2C4,,-41000,5000,-41000,-5000,-45000,-7000,1
-5,-40,84,R2C5,,-40000,5000,-40000,-5000,-45000,-7000,1
-5,-39,84,R2C6,,-39000,5000,-39000,-5000,-45000,-7000,1
-5,-38,84,R2C7,,-38000,5000,-38000,-5000,-45000,-7000,1
-5,-37,84,R2C8,,-37000,5000,-37000,-5000,-45000,-7000,1
-4,-45,84,R3C0,,-45000,4000,-45000,-4000,-45000,-7000,1
-4,-44,84,R3C1,,-44000,4000,-44000,-4000,-45000,-7000,1
-4,-43,84,R3C2,,-43000,4000,-43000,-4000,-45000,-7000,1
-4,-42,84,R3C3,,-42000,4000,-42000,-4000,-45000,-7000,1
-4,-41,84,R3C4,,-41000,4000,-41000,-4000,-45000,-7000,1
-4,-40,84,R3C5,,-40000,4000,-40000,-4000,-45000,-7000,1
-4,-39,84,R3C6,,-39000,4000,-39000,-4000,-45000,-7000,1
-4,-38,84,R3C7,,-38000,4000,-38000,-4000,-45000,-7000,1
-4,-37,84,R3C8,,-37000,4000,-37000,-4000,-45000,-7000,1
-3,-45,84,R4C0,,-45000,3000,-45000,-3000,-45000,-7000,1
-3,-44,84,R4C1,,-44000,3000,-44000,-3000,-45000,-7000,1
-3,-43,84,R4C2,,-43000,3000,-43000,-3000,-45000,-7000,1
-3,-42,84,R4C3,,-42000,3000,-42000,-3000,-45000,-7000,1
-3,-41,84,R4C4,,-41000,3000,-41000,-3000,-45000,-7000,1
-3,-40,84,R4C5,,-40000,3000,-40000,-3000,-45000,-7000,1
-3,-39,84,R4C6,,-39000,3000,-39000,-3000,-45000,-7000,1
-3,-38,84,R4C7,,-38000,3000,-38000,-3000,-45000,-7000,1
-3,-37,84,R4C8,,-37000,3000,-37000,-3000,-45000,-7000,1
-2,-45,84,R5C0,,-45000,2000,-45000,-2000,-45000,-7000,1
-2,-44,84,R5C1,,-44000,2000,-44000,-2000,-45000,-7000,1
-2,-43,84,R5C2,,-43000,2000,-43000,-2000,-45000,-7000,1
-2,-42,84,R5C3,,-42000,2000,-42000,-2000,-45000,-7000,1
-2,-41,84,R5C4,,-41000,2000,-41000,-2000,-45000,-7000,1
-2,-40,84,R5C5,,-40000,2000,-40000,-2000,-45000,-7000,1
-2,-39,84,R5C6,,-39000,2000,-39000,-2000,-45000,-7000,1
-2,-38,84,R5C7,,-38000,2000,-38000,-2000,-45000,-7000,1
-2,-37,84,R5C8,,-37000,2000,-37000,-2000,-45000,-7000,1
-1,-45,84,R6C0,,-45000,1000,-45000,-1000,-45000,-7000,1
-1,-44,84,R6C1,,-44000,1000,-44000,-1000,-45000,-7000,1
-1,-43,84,R6C2,,-43000,1000,-43000,-1000,-45000,-7000,1
-1,-42,84,R6C3,,-42000,1000,-42000,-1000,-45000,-7000,1
-1,-41,84,R6C4,,-41000,1000,-41000,-1000,-45000,-7000,1
-1,-40,84,R6C5,,-40000,1000,-40000,-1000,-45000,-7000,1
-1,-39,84,R6C6,2-7-12-11,-39000,1000,-39000,-1000,-45000,-7000,1
-1,-38,84,R6C7,1-7-12-11,-38000,1000,-38000,-1000,-45000,-7000,1
-1,-37,84,R6C8,,-37000,1000,-37000,-1000,-45000,-7000,1
-14,-45,70,R0C0,,-45000,14000,-45000,-14000,-45000,-14000,1
-14,-44,70,R0C1,,-44000,14000,-44000,-14000,-45000,-14000,1
-14,-43,70,R0C2,,-43000,14000,-43000,-14000,-45000,-14000,1
-14,-42,70,R0C3,,-42000,14000,-42000,-14000,-45000,-14000,1
-14,-41,70,R0C4,,-41000,14000,-41000,-14000,-45000,-14000,1
-14,-40,70,R0C5,,-40000,14000,-40000,-14000,-45000,-14000,1
-14,-39,70,R0C6,,-39000,14000,-39000,-14000,-45000,-14000,1
-14,-38,70,R0C7,,-38000,14000,-38000,-14000,-45000,-14000,1
-14,-37,70,R0C8,,-37000,14000,-37000,-14000,-45000,-14000,1
-13,-45,70,R1C0,,-45000,13000,-45000,-13000,-45000,-14000,1
-13,-44,70,R1C1,,-44000,13000,-44000,-13000,-45000,-14000,1
-13,-43,70,R1C2,,-43000,13000,-43000,-13000,-45000,-14000,1
-13,-42,70,R1C3,,-42000,13000,-42000,-13000,-45000,-14000,1
-13,-41,70,R1C4,,-41000,13000,-41000,-13000,-45000,-14000,1
-13,-40,70,R1C5,,-40000,13000,-40000,-13000,-45000,-14000,1
-13,-39,70,R1C6,,-39000,13000,-39000,-13000,-45000,-14000,1
-13,-38,70,R1C7,,-38000,13000,-38000,-13000,-45000,-14000,1
-13,-37,70,R1C8,,-37000,13000,-37000,-13000,-45000,-14000,1
-12,-45,70,R2C0,,-45000,12000,-45000,-12000,-45000,-14000,1
-12,-44,70,R2C1,,-44000,12000,-44000,-12000,-45000,-14000,1
-12,-43,70,R2C2,,-43000,12000,-43000,-12000,-45000,-14000,1
-12,-42,70,R2C3,,-42000,12000,-42000,-12000,-45000,-14000,1
-12,-41,70,R2C4,,-41000,12000,-41000,-12000,-45000,-14000,1
-12,-40,70,R2C5,,-40000,12000,-40000,-12000,-45000,-14000,1
-12,-39,70,R2C6,,-39000,12000,-39000,-12000,-45000,-14000,1
-12,-38,70,R2C7,,-38000,12000,-38000,-12000,-45000,-14000,1
-12,-37,70,R2C8,,-37000,12000,-37000,-12000,-45000,-14000,1
-11,-45,70,R3C0,,-45000,11000,-45000,-11000,-45000,-14000,1
-11,-44,70,R3C1,,-44000,11000,-44000,-11000,-45000,-14000,1
-11,-43,70,R3C2,,-43000,11000,-43000,-11000,-45000,-14000,1
-11,-42,70,R3C3,,-42000,11000,-42000,-11000,-45000,-14000,1
-11,-41,70,R3C4,,-41000,11000,-41000,-11000,-45000,-14000,1
-11,-40,70,R3C5,,-40000,11000,-40000,-11000,-45000,-14000,1
-11,-39,70,R3C6,,-39000,11000,-39000,-11000,-45000,-14000,1
-11,-38,70,R3C7,,-38000,11000,-38000,-11000,-45000,-14000,1
-11,-37,70,R3C8,,-37000,11000,-37000,-11000,-45000,-14000,1
-10,-45,70,R4C0,,-45000,10000,-45000,-10000,-45000,-14000,1
-10,-44,70,R4C1,,-44000,10000,-44000,-10000,-45000,-14000,1
-10,-43,70,R4C2,,-43000,10000,-43000,-10000,-45000,-14000,1
-10,-42,70,R4C3,,-42000,10000,-42000,-10000,-45000,-14000,1
-10,-41,70,R4C4,,-41000,10000,-41000,-10000,-45000,-14000,1
-10,-40,70,R4C5,,-40000,10000,-40000,-10000,-45000,-14000,1
-10,-39,70,R4C6,,-39000,10000,-39000,-10000,-45000,-14000,1
-10,-38,70,R4C7,,-38000,10000,-38000,-10000,-45000,-14000,1
-10,-37,70,R4C8,,-37000,10000,-37000,-10000,-45000,-14000,1
-9,-45,70,R5C0,,-45000,9000,-45000,-9000,-45000,-14000,1
-9,-44,70,R5C1,,-44000,9000,-44000,-9000,-45000,-14000,1
-9,-43,70,R5C2,,-43000,9000,-43000,-9000,-45000,-14000,1
-9,-42,70,R5C3,,-42000,9000,-42000,-9000,-45000,-14000,1
-9,-41,70,R5C4,,-41000,9000,-41000,-9000,-45000,-14000,1
-9,-40,70,R5C5,,-40000,9000,-40000,-9000,-45000,-14000,1
-9,-39,70,R5C6,,-39000,9000,-39000,-9000,-45000,-14000,1
-9,-38,70,R5C7,,-38000,9000,-38000,-9000,-45000,-14000,1
-9,-37,70,R5C8,,-37000,9000,-37000,-9000,-45000,-14000,1
-8,-45,70,R6C0,,-45000,8000,-45000,-8000,-45000,-14000,1
-8,-44,70,R6C1,,-44000,8000,-44000,-8000,-45000,-14000,1
-8,-43,70,R6C2,,-43000,8000,-43000,-8000,-45000,-14000,1
-8,-42,70,R6C3,,-42000,8000,-42000,-8000,-45000,-14000,1
-8,-41,70,R6C4,,-41000,8000,-41000,-8000,-45000,-14000,1
-8,-40,70,R6C5,,-40000,8000,-40000,-8000,-45000,-14000,1
-8,-39,70,R6C6,2-7-12-12,-39000,8000,-39000,-8000,-45000,-14000,1
-8,-38,70,R6C7,1-7-12-12,-38000,8000,-38000,-8000,-45000,-14000,1
-8,-37,70,R6C8,,-37000,8000,-37000,-8000,-45000,-14000,1
-28,-9,48,R0C0,,-9000,28000,-9000,-28000,-9000,-28000,1
-28,-8,48,R0C1,,-8000,28000,-8000,-28000,-9000,-28000,1
-28,-7,48,R0C2,,-7000,28000,-7000,-28000,-9000,-28000,1
-28,-6,48,R0C3,,-6000,28000,-6000,-28000,-9000,-28000,1
-28,-5,48,R0C4,,-5000,28000,-5000,-28000,-9000,-28000,1
-28,-4,48,R0C5,,-4000,28000,-4000,-28000,-9000,-28000,1
-28,-3,48,R0C6,,-3000,28000,-3000,-28000,-9000,-28000,1
-28,-2,48,R0C7,,-2000,28000,-2000,-28000,-9000,-28000,1
-28,-1,48,R0C8,,-1000,28000,-1000,-28000,-9000,-28000,1
-27,-9,48,R1C0,,-9000,27000,-9000,-27000,-9000,-28000,1
-27,-8,48,R1C1,,-8000,27000,-8000,-27000,-9000,-28000,1
-27,-7,48,R1C2,,-7000,27000,-7000,-27000,-9000,-28000,1
-27,-6,48,R1C3,,-6000,27000,-6000,-27000,-9000,-28000,1
-27,-5,48,R1C4,,-5000,27000,-5000,-27000,-9000,-28000,1
-27,-4,48,R1C5,,-4000,27000,-4000,-27000,-9000,-28000,1
-27,-3,48,R1C6,,-3000,27000,-3000,-27000,-9000,-28000,1
-27,-2,48,R1C7,,-2000,27000,-2000,-27000,-9000,-28000,1
-27,-1,48,R1C8,,-1000,27000,-1000,-27000,-9000,-28000,1
-26,-9,48,R2C0,,-9000,26000,-9000,-26000,-9000,-28000,1
-26,-8,48,R2C1,,-8000,26000,-8000,-26000,-9000,-28000,1
-26,-7,48,R2C2,,-7000,26000,-7000,-26000,-9000,-28000,1
-26,-6,48,R2C3,,-6000,26000,-6000,-26000,-9000,-28000,1
-26,-5,48,R2C4,,-5000,26000,-5000,-26000,-9000,-28000,1
-26,-4,48,R2C5,,-4000,26000,-4000,-26000,-9000,-28000,1
-26,-3,48,R2C6,,-3000,26000,-3000,-26000,-9000,-28000,1
-26,-2,48,R2C7,,-2000,26000,-2000,-26000,-9000,-28000,1
-26,-1,48,R2C8,,-1000,26000,-1000,-26000,-9000,-28000,1
-25,-9,48,R3C0,,-9000,25000,-9000,-25000,-9000,-28000,1
-25,-8,48,R3C1,,-8000,25000,-8000,-25000,-9000,-28000,1
-25,-7,48,R3C2,,-7000,25000,-7000,-25000,-9000,-28000,1
-25,-6,48,R3C3,,-6000,25000,-6000,-25000,-9000,-28000,1
-25,-5,48,R3C4,,-5000,25000,-5000,-25000,-9000,-28000,1
-25,-4,48,R3C5,,-4000,25000,-4000,-25000,-9000,-28000,1
-25,-3,48,R3C6,,-3000,25000,-3000,-25000,-9000,-28000,1
-25,-2,48,R3C7,,-2000,25000,-2000,-25000,-9000,-28000,1
-25,-1,48,R3C8,,-1000,25000,-1000,-25000,-9000,-28000,1
-24,-9,48,R4C0,,-9000,24000,-9000,-24000,-9000,-28000,1
-24,-8,48,R4C1,,-8000,24000,-8000,-24000,-9000,-28000,1
-24,-7,48,R4C2,,-7000,24000,-7000,-24000,-9000,-28000,1
-24,-6,48,R4C3,,-6000,24000,-6000,-24000,-9000,-28000,1
-24,-5,48,R4C4,,-5000,24000,-5000,-24000,-9000,-28000,1
-24,-4,48,R4C5,,-4000,24000,-4000,-24000,-9000,-28000,1
-24,-3,48,R4C6,,-3000,24000,-3000,-24000,-9000,-28000,1
-24,-2,48,R4C7,,-2000,24000,-2000,-24000,-9000,-28000,1
-24,-1,48,R4C8,,-1000,24000,-1000,-24000,-9000,-28000,1
-23,-9,48,R5C0,,-9000,23000,-9000,-23000,-9000,-28000,1
-23,-8,48,R5C1,,-8000,23000,-8000,-23000,-9000,-28000,1
-23,-7,48,R5C2,,-7000,23000,-7000,-23000,-9000,-28000,1
-23,-6,48,R5C3,,-6000,23000,-6000,-23000,-9000,-28000,1
-23,-5,48,R5C4,,-5000,23000,-5000,-23000,-9000,-28000,1
-23,-4,48,R5C5,,-4000,23000,-4000,-23000,-9000,-28000,1
-23,-3,48,R5C6,,-3000,23000,-3000,-23000,-9000,-28000,1
-23,-2,48,R5C7,,-2000,23000,-2000,-23000,-9000,-28000,1
-23,-1,48,R5C8,,-1000,23000,-1000,-23000,-9000,-28000,1
-22,-9,48,R6C0,,-9000,22000,-9000,-22000,-9000,-28000,1
-22,-8,48,R6C1,,-8000,22000,-8000,-22000,-9000,-28000,1
-22,-7,48,R6C2,,-7000,22000,-7000,-22000,-9000,-28000,1
-22,-6,48,R6C3,,-6000,22000,-6000,-22000,-9000,-28000,1
-22,-5,48,R6C4,,-5000,22000,-5000,-22000,-9000,-28000,1
-22,-4,48,R6C5,,-4000,22000,-4000,-22000,-9000,-28000,1
-22,-3,48,R6C6,2-7-8-14,-3000,22000,-3000,-22000,-9000,-28000,1
-22,-2,48,R6C7,1-7-8-14,-2000,22000,-2000,-22000,-9000,-28000,1
-22,-1,48,R6C8,,-1000,22000,-1000,-22000,-9000,-28000,1
-28,-18,47,R0C0,,-18000,28000,-18000,-28000,-18000,-28000,1
-28,-17,47,R0C1,,-17000,28000,-17000,-28000,-18000,-28000,1
-28,-16,47,R0C2,,-16000,28000,-16000,-28000,-18000,-28000,1
-28,-15,47,R0C3,,-15000,28000,-15000,-28000,-18000,-28000,1
-28,-14,47,R0C4,,-14000,28000,-14000,-28000,-18000,-28000,1
-28,-13,47,R0C5,,-13000,28000,-13000,-28000,-18000,-28000,1
-28,-12,47,R0C6,,-12000,28000,-12000,-28000,-18000,-28000,1
-28,-11,47,R0C7,,-11000,28000,-11000,-28000,-18000,-28000,1
-28,-10,47,R0C8,,-10000,28000,-10000,-28000,-18000,-28000,1
-27,-18,47,R1C0,,-18000,27000,-18000,-27000,-18000,-28000,1
-27,-17,47,R1C1,,-17000,27000,-17000,-27000,-18000,-28000,1
-27,-16,47,R1C2,,-16000,27000,-16000,-27000,-18000,-28000,1
-27,-15,47,R1C3,,-15000,27000,-15000,-27000,-18000,-28000,1
-27,-14,47,R1C4,,-14000,27000,-14000,-27000,-18000,-28000,1
-27,-13,47,R1C5,,-13000,27000,-13000,-27000,-18000,-28000,1
-27,-12,47,R1C6,,-12000,27000,-12000,-27000,-18000,-28000,1
-27,-11,47,R1C7,,-11000,27000,-11000,-27000,-18000,-28000,1
-27,-10,47,R1C8,,-10000,27000,-10000,-27000,-18000,-28000,1
-26,-18,47,R2C0,,-18000,26000,-18000,-26000,-18000,-28000,1
-26,-17,47,R2C1,,-17000,26000,-17000,-26000,-18000,-28000,1
-26,-16,47,R2C2,,-16000,26000,-16000,-26000,-18000,-28000,1
-26,-15,47,R2C3,,-15000,26000,-15000,-26000,-18000,-28000,1
-26,-14,47,R2C4,,-14000,26000,-14000,-26000,-18000,-28000,1
-26,-13,47,R2C5,,-13000,26000,-13000,-26000,-18000,-28000,1
-26,-12,47,R2C6,,-12000,26000,-12000,-26000,-18000,-28000,1
-26,-11,47,R2C7,,-11000,26000,-11000,-26000,-18000,-28000,1
-26,-10,47,R2C8,,-10000,26000,-10000,-26000,-18000,-28000,1
-25,-18,47,R3C0,,-18000,25000,-18000,-25000,-18000,-28000,1
-25,-17,47,R3C1,,-17000,25000,-17000,-25000,-18000,-28000,1
-25,-16,47,R3C2,,-16000,25000,-16000,-25000,-18000,-28000,1
-25,-15,47,R3C3,,-15000,25000,-15000,-25000,-18000,-28000,1
-25,-14,47,R3C4,,-14000,25000,-14000,-25000,-18000,-28000,1
-25,-13,47,R3C5,,-13000,25000,-13000,-25000,-18000,-28000,1
-25,-12,47,R3C6,,-12000,25000,-12000,-25000,-18000,-28000,1
-25,-11,47,R3C7,,-11000,25000,-11000,-25000,-18000,-28000,1
-25,-10,47,R3C8,,-10000,25000,-10000,-25000,-18000,-28000,1
-24,-18,47,R4C0,,-18000,24000,-18000,-24000,-18000,-28000,1
-24,-17,47,R4C1,,-17000,24000,-17000,-24000,-18000,-28000,1
-24,-16,47,R4C2,,-16000,24000,-16000,-24000,-18000,-28000,1
-24,-15,47,R4C3,,-15000,24000,-15000,-24000,-18000,-28000,1
-24,-14,47,R4C4,,-14000,24000,-14000,-24000,-18000,-28000,1
-24,-13,47,R4C5,,-13000,24000,-13000,-24000,-18000,-28000,1
-24,-12,47,R4C6,,-12000,24000,-12000,-24000,-18000,-28000,1
-24,-11,47,R4C7,,-11000,24000,-11000,-24000,-18000,-28000,1
-24,-10,47,R4C8,,-10000,24000,-10000,-24000,-18000,-28000,1
-23,-18,47,R5C0,,-18000,23000,-18000,-23000,-18000,-28000,1
-23,-17,47,R5C1,,-17000,23000,-17000,-23000,-18000,-28000,1
-23,-16,47,R5C2,,-16000,23000,-16000,-23000,-18000,-28000,1
-23,-15,47,R5C3,,-15000,23000,-15000,-23000,-18000,-28000,1
-23,-14,47,R5C4,,-14000,23000,-14000,-23000,-18000,-28000,1
-23,-13,47,R5C5,,-13000,23000,-13000,-23000,-18000,-28000,1
-23,-12,47,R5C6,,-12000,23000,-12000,-23000,-18000,-28000,1
-23,-11,47,R5C7,,-11000,23000,-11000,-23000,-18000,-28000,1
-23,-10,47,R5C8,,-10000,23000,-10000,-23000,-18000,-28000,1
-22,-18,47,R6C0,,-18000,22000,-18000,-22000,-18000,-28000,1
-22,-17,47,R6C1,,-17000,22000,-17000,-22000,-18000,-28000,1
-22,-16,47,R6C2,,-16000,22000,-16000,-22000,-18000,-28000,1
-22,-15,47,R6C3,,-15000,22000,-15000,-22000,-18000,-28000,1
-22,-14,47,R6C4,,-14000,22000,-14000,-22000,-18000,-28000,1
-22,-13,47,R6C5,,-13000,22000,-13000,-22000,-18000,-28000,1
-22,-12,47,R6C6,2-7-9-14,-12000,22000,-12000,-22000,-18000,-28000,1
-22,-11,47,R6C7,1-7-9-14,-11000,22000,-11000,-22000,-18000,-28000,1
-22,-10,47,R6C8,,-10000,22000,-10000,-22000,-18000,-28000,1
-7,36,93,R0C0,,36000,7000,36000,-7000,36000,-7000,1
-7,37,93,R0C1,,37000,7000,37000,-7000,36000,-7000,1
-7,38,93,R0C2,,38000,7000,38000,-7000,36000,-7000,1
-7,39,93,R0C3,,39000,7000,39000,-7000,36000,-7000,1
-7,40,93,R0C4,,40000,7000,40000,-7000,36000,-7000,1
-7,41,93,R0C5,,41000,7000,41000,-7000,36000,-7000,1
-7,42,93,R0C6,,42000,7000,42000,-7000,36000,-7000,1
-7,43,93,R0C7,,43000,7000,43000,-7000,36000,-7000,1
-7,44,93,R0C8,,44000,7000,44000,-7000,36000,-7000,1
-6,36,93,R1C0,,36000,6000,36000,-6000,36000,-7000,1
-6,37,93,R1C1,,37000,6000,37000,-6000,36000,-7000,1
-6,38,93,R1C2,,38000,6000,38000,-6000,36000,-7000,1
-6,39,93,R1C3,,39000,6000,39000,-6000,36000,-7000,1
-6,40,93,R1C4,,40000,6000,40000,-6000,36000,-7000,1
-6,41,93,R1C5,,41000,6000,41000,-6000,36000,-7000,1
-6,42,93,R1C6,,42000,6000,42000,-6000,36000,-7000,1
-6,43,93,R1C7,,43000,6000,43000,-6000,36000,-7000,1
-6,44,93,R1C8,,44000,6000,44000,-6000,36000,-7000,1
-5,36,93,R2C0,,36000,5000,36000,-5000,36000,-7000,1
-5,37,93,R2C1,,37000,5000,37000,-5000,36000,-7000,1
-5,38,93,R2C2,,38000,5000,38000,-5000,36000,-7000,1
-5,39,93,R2C3,,39000,5000,39000,-5000,36000,-7000,1
-5,40,93,R2C4,,40000,5000,40000,-5000,36000,-7000,1
-5,41,93,R2C5,,41000,5000,41000,-5000,36000,-7000,1
-5,42,93,R2C6,,42000,5000,42000,-5000,36000,-7000,1
-5,43,93,R2C7,,43000,5000,43000,-5000,36000,-7000,1
-5,44,93,R2C8,,44000,5000,44000,-5000,36000,-7000,1
-4,36,93,R3C0,,36000,4000,36000,-4000,36000,-7000,1
-4,37,93,R3C1,,37000,4000,37000,-4000,36000,-7000,1
-4,38,93,R3C2,,38000,4000,38000,-4000,36000,-7000,1
-4,39,93,R3C3,,39000,4000,39000,-4000,36000,-7000,1
-4,40,93,R3C4,,40000,4000,40000,-4000,36000,-7000,1
-4,41,93,R3C5,,41000,4000,41000,-4000,36000,-7000,1
-4,42,93,R3C6,,42000,4000,42000,-4000,36000,-7000,1
-4,43,93,R3C7,,43000,4000,43000,-4000,36000,-7000,1
-4,44,93,R3C8,,44000,4000,44000,-4000,36000,-7000,1
-3,36,93,R4C0,,36000,3000,36000,-3000,36000,-7000,1
-3,37,93,R4C1,,37000,3000,37000,-3000,36000,-7000,1
-3,38,93,R4C2,,38000,3000,38000,-3000,36000,-7000,1
-3,39,93,R4C3,,39000,3000,39000,-3000,36000,-7000,1
-3,40,93,R4C4,,40000,3000,40000,-3000,36000,-7000,1
-3,41,93,R4C5,,41000,3000,41000,-3000,36000,-7000,1
-3,42,93,R4C6,,42000,3000,42000,-3000,36000,-7000,1
-3,43,93,R4C7,,43000,3000,43000,-3000,36000,-7000,1
-3,44,93,R4C8,,44000,3000,44000,-3000,36000,-7000,1
-2,36,93,R5C0,,36000,2000,36000,-2000,36000,-7000,1
-2,37,93,R5C1,,37000,2000,37000,-2000,36000,-7000,1
-2,38,93,R5C2,,38000,2000,38000,-2000,36000,-7000,1
-2,39,93,R5C3,,39000,2000,39000,-2000,36000,-7000,1
-2,40,93,R5C4,,40000,2000,40000,-2000,36000,-7000,1
-2,41,93,R5C5,,41000,2000,41000,-2000,36000,-7000,1
-2,42,93,R5C6,,42000,2000,42000,-2000,36000,-7000,1
-2,43,93,R5C7,,43000,2000,43000,-2000,36000,-7000,1
-2,44,93,R5C8,,44000,2000,44000,-2000,36000,-7000,1
-1,36,93,R6C0,,36000,1000,36000,-1000,36000,-7000,1
-1,37,93,R6C1,,37000,1000,37000,-1000,36000,-7000,1
-1,38,93,R6C2,,38000,1000,38000,-1000,36000,-7000,1
-1,39,93,R6C3,,39000,1000,39000,-1000,36000,-7000,1
-1,40,93,R6C4,,40000,1000,40000,-1000,36000,-7000,1
-1,41,93,R6C5,,41000,1000,41000,-1000,36000,-7000,1
-1,42,93,R6C6,2-7-3-11,42000,1000,42000,-1000,36000,-7000,1
-1,43,93,R6C7,1-7-3-11,43000,1000,43000,-1000,36000,-7000,1
-1,44,93,R6C8,,44000,1000,44000,-1000,36000,-7000,1
-14,36,79,R0C0,,36000,14000,36000,-14000,36000,-14000,1
-14,37,79,R0C1,,37000,14000,37000,-14000,36000,-14000,1
-14,38,79,R0C2,,38000,14000,38000,-14000,36000,-14000,1
-14,39,79,R0C3,,39000,14000,39000,-14000,36000,-14000,1
-14,40,79,R0C4,,40000,14000,40000,-14000,36000,-14000,1
-14,41,79,R0C5,,41000,14000,41000,-14000,36000,-14000,1
-14,42,79,R0C6,,42000,14000,42000,-14000,36000,-14000,1
-14,43,79,R0C7,,43000,14000,43000,-14000,36000,-14000,1
-14,44,79,R0C8,,44000,14000,44000,-14000,36000,-14000,1
-13,36,79,R1C0,,36000,13000,36000,-13000,36000,-14000,1
-13,37,79,R1C1,,37000,13000,37000,-13000,36000,-14000,1
-13,38,79,R1C2,,38000,13000,38000,-13000,36000,-14000,1
-13,39,79,R1C3,,39000,13000,39000,-13000,36000,-14000,1
-13,40,79,R1C4,,40000,13000,40000,-13000,36000,-14000,1
-13,41,79,R1C5,,41000,13000,41000,-13000,36000,-14000,1
-13,42,79,R1C6,,42000,13000,42000,-13000,36000,-14000,1
-13,43,79,R1C7,,43000,13000,43000,-13000,36000,-14000,1
-13,44,79,R1C8,,44000,13000,44000,-13000,36000,-14000,1
-12,36,79,R2C0,,36000,12000,36000,-12000,36000,-14000,1
-12,37,79,R2C1,,37000,12000,37000,-12000,36000,-14000,1
-12,38,79,R2C2,,38000,12000,38000,-12000,36000,-14000,1
-12,39,79,R2C3,,39000,12000,39000,-12000,36000,-14000,1
-12,40,79,R2C4,,40000,12000,40000,-12000,36000,-14000,1
-12,41,79,R2C5,,41000,12000,41000,-12000,36000,-14000,1
-12,42,79,R2C6,,42000,12000,42000,-12000,36000,-14000,1
-12,43,79,R2C7,,43000,12000,43000,-12000,36000,-14000,1
-12,44,79,R2C8,,44000,12000,44000,-12000,36000,-14000,1
-11,36,79,R3C0,,36000,11000,36000,-11000,36000,-14000,1
-11,37,79,R3C1,,37000,11000,37000,-11000,36000,-14000,1
-11,38,79,R3C2,,38000,11000,38000,-11000,36000,-14000,1
-11,39,79,R3C3,,39000,11000,39000,-11000,36000,-14000,1
-11,40,79,R3C4,,40000,11000,40000,-11000,36000,-14000,1
-11,41,79,R3C5,,41000,11000,41000,-11000,36000,-14000,1
-11,42,79,R3C6,,42000,11000,42000,-11000,36000,-14000,1
-11,43,79,R3C7,,43000,11000,43000,-11000,36000,-14000,1
-11,44,79,R3C8,,44000,11000,44000,-11000,36000,-14000,1
-10,36,79,R4C0,,36000,10000,36000,-10000,36000,-14000,1
-10,37,79,R4C1,,37000,10000,37000,-10000,36000,-14000,1
-10,38,79,R4C2,,38000,10000,38000,-10000,36000,-14000,1
-10,39,79,R4C3,,39000,10000,39000,-10000,36000,-14000,1
-10,40,79,R4C4,,40000,10000,40000,-10000,36000,-14000,1
-10,41,79,R4C5,,41000,10000,41000,-10000,36000,-14000,1
-10,42,79,R4C6,,42000,10000,42000,-10000,36000,-14000,1
-10,43,79,R4C7,,43000,10000,43000,-10000,36000,-14000,1
-10,44,79,R4C8,,44000,10000,44000,-10000,36000,-14000,1
-9,36,79,R5C0,,36000,9000,36000,-9000,36000,-14000,1
-9,37,79,R5C1,,37000,9000,37000,-9000,36000,-14000,1
-9,38,79,R5C2,,38000,9000,38000,-9000,36000,-14000,1
-9,39,79,R5C3,,39000,9000,39000,-9000,36000,-14000,1
-9,40,79,R5C4,,40000,9000,40000,-9000,36000,-14000,1
-9,41,79,R5C5,,41000,9000,41000,-9000,36000,-14000,1
-9,42,79,R5C6,,42000,9000,42000,-9000,36000,-14000,1
-9,43,79,R5C7,,43000,9000,43000,-9000,36000,-14000,1
-9,44,79,R5C8,,44000,9000,44000,-9000,36000,-14000,1
-8,36,79,R6C0,,36000,8000,36000,-8000,36000,-14000,1
-8,37,79,R6C1,,37000,8000,37000,-8000,36000,-14000,1
-8,38,79,R6C2,,38000,8000,38000,-8000,36000,-14000,1
-8,39,79,R6C3,,39000,8000,39000,-8000,36000,-14000,1
-8,40,79,R6C4,,40000,8000,40000,-8000,36000,-14000,1
-8,41,79,R6C5,,41000,8000,41000,-8000,36000,-14000,1
-8,42,79,R6C6,2-7-3-12,42000,8000,42000,-8000,36000,-14000,1
-8,43,79,R6C7,1-7-3-12,43000,8000,43000,-8000,36000,-14000,1
-8,44,79,R6C8,,44000,8000,44000,-8000,36000,-14000,1
21,-54,140,R0C0,,-54000,-21000,-54000,21000,-54000,21000,1
21,-53,140,R0C1,,-53000,-21000,-53000,21000,-54000,21000,1
21,-52,140,R0C2,,-52000,-21000,-52000,21000,-54000,21000,1
21,-51,140,R0C3,,-51000,-21000,-51000,21000,-54000,21000,1
21,-50,140,R0C4,,-50000,-21000,-50000,21000,-54000,21000,1
21,-49,140,R0C5,,-49000,-21000,-49000,21000,-54000,21000,1
21,-48,140,R0C6,,-48000,-21000,-48000,21000,-54000,21000,1
21,-47,140,R0C7,,-47000,-21000,-47000,21000,-54000,21000,1
21,-46,140,R0C8,,-46000,-21000,-46000,21000,-54000,21000,1
22,-54,140,R1C0,,-54000,-22000,-54000,22000,-54000,21000,1
22,-53,140,R1C1,,-53000,-22000,-53000,22000,-54000,21000,1
22,-52,140,R1C2,,-52000,-22000,-52000,22000,-54000,21000,1
22,-51,140,R1C3,,-51000,-22000,-51000,22000,-54000,21000,1
22,-50,140,R1C4,,-50000,-22000,-50000,22000,-54000,21000,1
22,-49,140,R1C5,,-49000,-22000,-49000,22000,-54000,21000,1
22,-48,140,R1C6,,-48000,-22000,-48000,22000,-54000,21000,1
22,-47,140,R1C7,,-47000,-22000,-47000,22000,-54000,21000,1
22,-46,140,R1C8,,-46000,-22000,-46000,22000,-54000,21000,1
23,-54,140,R2C0,,-54000,-23000,-54000,23000,-54000,21000,1
23,-53,140,R2C1,,-53000,-23000,-53000,23000,-54000,21000,1
23,-52,140,R2C2,,-52000,-23000,-52000,23000,-54000,21000,1
23,-51,140,R2C3,,-51000,-23000,-51000,23000,-54000,21000,1
23,-50,140,R2C4,,-50000,-23000,-50000,23000,-54000,21000,1
23,-49,140,R2C5,,-49000,-23000,-49000,23000,-54000,21000,1
23,-48,140,R2C6,,-48000,-23000,-48000,23000,-54000,21000,1
23,-47,140,R2C7,,-47000,-23000,-47000,23000,-54000,21000,1
23,-46,140,R2C8,,-46000,-23000,-46000,23000,-54000,21000,1
24,-54,140,R3C0,,-54000,-24000,-54000,24000,-54000,21000,1
24,-53,140,R3C1,,-53000,-24000,-53000,24000,-54000,21000,1
24,-52,140,R3C2,,-52000,-24000,-52000,24000,-54000,21000,1
24,-51,140,R3C3,,-51000,-24000,-51000,24000,-54000,21000,1
24,-50,140,R3C4,,-50000,-24000,-50000,24000,-54000,21000,1
24,-49,140,R3C5,,-49000,-24000,-49000,24000,-54000,21000,1
24,-48,140,R3C6,,-48000,-24000,-48000,24000,-54000,21000,1
24,-47,140,R3C7,,-47000,-24000,-47000,24000,-54000,21000,1
24,-46,140,R3C8,,-46000,-24000,-46000,24000,-54000,21000,1
25,-54,140,R4C0,,-54000,-25000,-54000,25000,-54000,21000,1
25,-53,140,R4C1,,-53000,-25000,-53000,25000,-54000,21000,1
25,-52,140,R4C2,,-52000,-25000,-52000,25000,-54000,21000,1
25,-51,140,R4C3,,-51000,-25000,-51000,25000,-54000,21000,1
25,-50,140,R4C4,,-50000,-25000,-50000,25000,-54000,21000,1
25,-49,140,R4C5,,-49000,-25000,-49000,25000,-54000,21000,1
25,-48,140,R4C6,,-48000,-25000,-48000,25000,-54000,21000,1
25,-47,140,R4C7,,-47000,-25000,-47000,25000,-54000,21000,1
25,-46,140,R4C8,,-46000,-25000,-46000,25000,-54000,21000,1
26,-54,140,R5C0,,-54000,-26000,-54000,26000,-54000,21000,1
26,-53,140,R5C1,,-53000,-26000,-53000,26000,-54000,21000,1
26,-52,140,R5C2,,-52000,-26000,-52000,26000,-54000,21000,1
26,-51,140,R5C3,,-51000,-26000,-51000,26000,-54000,21000,1
26,-50,140,R5C4,,-50000,-26000,-50000,26000,-54000,21000,1
26,-49,140,R5C5,,-49000,-26000,-49000,26000,-54000,21000,1
26,-48,140,R5C6,,-48000,-26000,-48000,26000,-54000,21000,1
26,-47,140,R5C7,,-47000,-26000,-47000,26000,-54000,21000,1
26,-46,140,R5C8,,-46000,-26000,-46000,26000,-54000,21000,1
27,-54,140,R6C0,,-54000,-27000,-54000,27000,-54000,21000,1
27,-53,140,R6C1,,-53000,-27000,-53000,27000,-54000,21000,1
27,-52,140,R6C2,,-52000,-27000,-52000,27000,-54000,21000,1
27,-51,140,R6C3,,-51000,-27000,-51000,27000,-54000,21000,1
27,-50,140,R6C4,,-50000,-27000,-50000,27000,-54000,21000,1
27,-49,140,R6C5,,-49000,-27000,-49000,27000,-54000,21000,1
27,-48,140,R6C6,2-7-13-7,-48000,-27000,-48000,27000,-54000,21000,1
27,-47,140,R6C7,1-7-13-7,-47000,-27000,-47000,27000,-54000,21000,1
27,-46,140,R6C8,,-46000,-27000,-46000,27000,-54000,21000,1
21,27,149,R0C0,,27000,-21000,27000,21000,27000,21000,1
21,28,149,R0C1,,28000,-21000,28000,21000,27000,21000,1
21,29,149,R0C2,,29000,-21000,29000,21000,27000,21000,1
21,30,149,R0C3,,30000,-21000,30000,21000,27000,21000,1
21,31,149,R0C4,,31000,-21000,31000,21000,27000,21000,1
21,32,149,R0C5,,32000,-21000,32000,21000,27000,21000,1
21,33,149,R0C6,,33000,-21000,33000,21000,27000,21000,1
21,34,149,R0C7,,34000,-21000,34000,21000,27000,21000,1
21,35,149,R0C8,,35000,-21000,35000,21000,27000,21000,1
22,27,149,R1C0,,27000,-22000,27000,22000,27000,21000,1
22,28,149,R1C1,,28000,-22000,28000,22000,27000,21000,1
22,29,149,R1C2,,29000,-22000,29000,22000,27000,21000,1
22,30,149,R1C3,,30000,-22000,30000,22000,27000,21000,1
22,31,149,R1C4,,31000,-22000,31000,22000,27000,21000,1
22,32,149,R1C5,,32000,-22000,32000,22000,27000,21000,1
22,33,149,R1C6,,33000,-22000,33000,22000,27000,21000,1
22,34,149,R1C7,,34000,-22000,34000,22000,27000,21000,1
22,35,149,R1C8,,35000,-22000,35000,22000,27000,21000,1
23,27,149,R2C0,,27000,-23000,27000,23000,27000,21000,1
23,28,149,R2C1,,28000,-23000,28000,23000,27000,21000,1
23,29,149,R2C2,,29000,-23000,29000,23000,27000,21000,1
23,30,149,R2C3,,30000,-23000,30000,23000,27000,21000,1
23,31,149,R2C4,,31000,-23000,31000,23000,27000,21000,1
23,32,149,R2C5,,32000,-23000,32000,23000,27000,21000,1
23,33,149,R2C6,,33000,-23000,33000,23000,27000,21000,1
23,34,149,R2C7,,34000,-23000,34000,23000,27000,21000,1
23,35,149,R2C8,,35000,-23000,35000,23000,27000,21000,1
24,27,149,R3C0,,27000,-24000,27000,24000,27000,21000,1
24,28,149,R3C1,,28000,-24000,28000,24000,27000,21000,1
24,29,149,R3C2,,29000,-24000,29000,24000,27000,21000,1
24,30,149,R3C3,,30000,-24000,30000,24000,27000,21000,1
24,31,149,R3C4,,31000,-24000,31000,24000,27000,21000,1
24,32,149,R3C5,,32000,-24000,32000,24000,27000,21000,1
24,33,149,R3C6,,33000,-24000,33000,24000,27000,21000,1
24,34,149,R3C7,,34000,-24000,34000,24000,27000,21000,1
24,35,149,R3C8,,35000,-24000,35000,24000,27000,21000,1
25,27,149,R4C0,,27000,-25000,27000,25000,27000,21000,1
25,28,149,R4C1,,28000,-25000,28000,25000,27000,21000,1
25,29,149,R4C2,,29000,-25000,29000,25000,27000,21000,1
25,30,149,R4C3,,30000,-25000,30000,25000,27000,21000,1
25,31,149,R4C4,,31000,-25000,31000,25000,27000,21000,1
25,32,149,R4C5,,32000,-25000,32000,25000,27000,21000,1
25,33,149,R4C6,,33000,-25000,33000,25000,27000,21000,1
25,34,149,R4C7,,34000,-25000,34000,25000,27000,21000,1
25,35,149,R4C8,,35000,-25000,35000,25000,27000,21000,1
26,27,149,R5C0,,27000,-26000,27000,26000,27000,21000,1
26,28,149,R5C1,,28000,-26000,28000,26000,27000,21000,1
26,29,149,R5C2,,29000,-26000,29000,26000,27000,21000,1
26,30,149,R5C3,,30000,-26000,30000,26000,27000,21000,1
26,31,149,R5C4,,31000,-26000,31000,26000,27000,21000,1
26,32,149,R5C5,,32000,-26000,32000,26000,27000,21000,1
26,33,149,R5C6,,33000,-26000,33000,26000,27000,21000,1
26,34,149,R5C7,,34000,-26000,34000,26000,27000,21000,1
26,35,149,R5C8,,35000,-26000,35000,26000,27000,21000,1
27,27,149,R6C0,,27000,-27000,27000,27000,27000,21000,1
27,28,149,R6C1,,28000,-27000,28000,27000,27000,21000,1
27,29,149,R6C2,,29000,-27000,29000,27000,27000,21000,1
27,30,149,R6C3,,30000,-27000,30000,27000,27000,21000,1
27,31,149,R6C4,,31000,-27000,31000,27000,27000,21000,1
27,32,149,R6C5,,32000,-27000,32000,27000,27000,21000,1
27,33,149,R6C6,2-7-4-7,33000,-27000,33000,27000,27000,21000,1
27,34,149,R6C7,1-7-4-7,34000,-27000,34000,27000,27000,21000,1
27,35,149,R6C8,,35000,-27000,35000,27000,27000,21000,1
35,0,171,R0C0,,0,-35000,0,35000,0,35000,1
35,1,171,R0C1,,1000,-35000,1000,35000,0,35000,1
35,2,171,R0C2,,2000,-35000,2000,35000,0,35000,1
35,3,171,R0C3,,3000,-35000,3000,35000,0,35000,1
35,4,171,R0C4,,4000,-35000,4000,35000,0,35000,1
35,5,171,R0C5,,5000,-35000,5000,35000,0,35000,1
35,6,171,R0C6,,6000,-35000,6000,35000,0,35000,1
35,7,171,R0C7,,7000,-35000,7000,35000,0,35000,1
35,8,171,R0C8,,8000,-35000,8000,35000,0,35000,1
36,0,171,R1C0,,0,-36000,0,36000,0,35000,1
36,1,171,R1C1,,1000,-36000,1000,36000,0,35000,1
36,2,171,R1C2,,2000,-36000,2000,36000,0,35000,1
36,3,171,R1C3,,3000,-36000,3000,36000,0,35000,1
36,4,171,R1C4,,4000,-36000,4000,36000,0,35000,1
36,5,171,R1C5,,5000,-36000,5000,36000,0,35000,1
36,6,171,R1C6,,6000,-36000,6000,36000,0,35000,1
36,7,171,R1C7,,7000,-36000,7000,36000,0,35000,1
36,8,171,R1C8,,8000,-36000,8000,36000,0,35000,1
37,0,171,R2C0,,0,-37000,0,37000,0,35000,1
37,1,171,R2C1,,1000,-37000,1000,37000,0,35000,1
37,2,171,R2C2,,2000,-37000,2000,37000,0,35000,1
37,3,171,R2C3,,3000,-37000,3000,37000,0,35000,1
37,4,171,R2C4,,4000,-37000,4000,37000,0,35000,1
37,5,171,R2C5,,5000,-37000,5000,37000,0,35000,1
37,6,171,R2C6,,6000,-37000,6000,37000,0,35000,1
37,7,171,R2C7,,7000,-37000,7000,37000,0,35000,1
37,8,171,R2C8,,8000,-37000,8000,37000,0,35000,1
38,0,171,R3C0,,0,-38000,0,38000,0,35000,1
38,1,171,R3C1,,1000,-38000,1000,38000,0,35000,1
38,2,171,R3C2,,2000,-38000,2000,38000,0,35000,1
38,3,171,R3C3,,3000,-38000,3000,38000,0,35000,1
38,4,171,R3C4,,4000,-38000,4000,38000,0,35000,1
38,5,171,R3C5,,5000,-38000,5000,38000,0,35000,1
38,6,171,R3C6,,6000,-38000,6000,38000,0,35000,1
38,7,171,R3C7,,7000,-38000,7000,38000,0,35000,1
38,8,171,R3C8,,8000,-38000,8000,38000,0,35000,1
39,0,171,R4C0,,0,-39000,0,39000,0,35000,1
39,1,171,R4C1,,1000,-39000,1000,39000,0,35000,1
39,2,171,R4C2,,2000,-39000,2000,39000,0,35000,1
39,3,171,R4C3,,3000,-39000,3000,39000,0,35000,1
39,4,171,R4C4,,4000,-39000,4000,39000,0,35000,1
39,5,171,R4C5,,5000,-39000,5000,39000,0,35000,1
39,6,171,R4C6,,6000,-39000,6000,39000,0,35000,1
39,7,171,R4C7,,7000,-39000,7000,39000,0,35000,1
39,8,171,R4C8,,8000,-39000,8000,39000,0,35000,1
40,0,171,R5C0,,0,-40000,0,40000,0,35000,1
40,1,171,R5C1,,1000,-40000,1000,40000,0,35000,1
40,2,171,R5C2,,2000,-40000,2000,40000,0,35000,1
40,3,171,R5C3,,3000,-40000,3000,40000,0,35000,1
40,4,171,R5C4,,4000,-40000,4000,40000,0,35000,1
40,5,171,R5C5,,5000,-40000,5000,40000,0,35000,1
40,6,171,R5C6,,6000,-40000,6000,40000,0,35000,1
40,7,171,R5C7,,7000,-40000,7000,40000,0,35000,1
40,8,171,R5C8,,8000,-40000,8000,40000,0,35000,1
41,0,171,R6C0,,0,-41000,0,41000,0,35000,1
41,1,171,R6C1,,1000,-41000,1000,41000,0,35000,1
41,2,171,R6C2,,2000,-41000,2000,41000,0,35000,1
41,3,171,R6C3,,3000,-41000,3000,41000,0,35000,1
41,4,171,R6C4,,4000,-41000,4000,41000,0,35000,1
41,5,171,R6C5,,5000,-41000,5000,41000,0,35000,1
41,6,171,R6C6,2-7-7-5,6000,-41000,6000,41000,0,35000,1
41,7,171,R6C7,1-7-7-5,7000,-41000,7000,41000,0,35000,1
41,8,171,R6C8,,8000,-41000,8000,41000,0,35000,1
-42,0,26,R0C0,,0,42000,0,-42000,0,-42000,1
-42,1,26,R0C1,,1000,42000,1000,-42000,0,-42000,1
-42,2,26,R0C2,,2000,42000,2000,-42000,0,-42000,1
-42,3,26,R0C3,,3000,42000,3000,-42000,0,-42000,1
-42,4,26,R0C4,,4000,42000,4000,-42000,0,-42000,1
-42,5,26,R0C5,,5000,42000,5000,-42000,0,-42000,1
-42,6,26,R0C6,,6000,42000,6000,-42000,0,-42000,1
-42,7,26,R0C7,,7000,42000,7000,-42000,0,-42000,1
-42,8,26,R0C8,,8000,42000,8000,-42000,0,-42000,1
-41,0,26,R1C0,,0,41000,0,-41000,0,-42000,1
-41,1,26,R1C1,,1000,41000,1000,-41000,0,-42000,1
-41,2,26,R1C2,,2000,41000,2000,-41000,0,-42000,1
-41,3,26,R1C3,,3000,41000,3000,-41000,0,-42000,1
-41,4,26,R1C4,,4000,41000,4000,-41000,0,-42000,1
-41,5,26,R1C5,,5000,41000,5000,-41000,0,-42000,1
-41,6,26,R1C6,,6000,41000,6000,-41000,0,-42000,1
-41,7,26,R1C7,,7000,41000,7000,-41000,0,-42000,1
-41,8,26,R1C8,,8000,41000,8000,-41000,0,-42000,1
-40,0,26,R2C0,,0,40000,0,-40000,0,-42000,1
-40,1,26,R2C1,,1000,40000,1000,-40000,0,-42000,1
-40,2,26,R2C2,,2000,40000,2000,-40000,0,-42000,1
-40,3,26,R2C3,,3000,40000,3000,-40000,0,-42000,1
-40,4,26,R2C4,,4000,40000,4000,-40000,0,-42000,1
-40,5,26,R2C5,,5000,40000,5000,-40000,0,-42000,1
-40,6,26,R2C6,,6000,40000,6000,-40000,0,-42000,1
-40,7,26,R2C7,,7000,40000,7000,-40000,0,-42000,1
-40,8,26,R2C8,,8000,40000,8000,-40000,0,-42000,1
-39,0,26,R3C0,,0,39000,0,-39000,0,-42000,1
-39,1,26,R3C1,,1000,39000,1000,-39000,0,-42000,1
-39,2,26,R3C2,,2000,39000,2000,-39000,0,-42000,1
-39,3,26,R3C3,,3000,39000,3000,-39000,0,-42000,1
-39,4,26,R3C4,,4000,39000,4000,-39000,0,-42000,1
-39,5,26,R3C5,,5000,39000,5000,-39000,0,-42000,1
-39,6,26,R3C6,,6000,39000,6000,-39000,0,-42000,1
-39,7,26,R3C7,,7000,39000,7000,-39000,0,-42000,1
-39,8,26,R3C8,,8000,39000,8000,-39000,0,-42000,1
-38,0,26,R4C0,,0,38000,0,-38000,0,-42000,1
-38,1,26,R4C1,,1000,38000,1000,-38000,0,-42000,1
-38,2,26,R4C2,,2000,38000,2000,-38000,0,-42000,1
-38,3,26,R4C3,,3000,38000,3000,-38000,0,-42000,1
-38,4,26,R4C4,,4000,38000,4000,-38000,0,-42000,1
-38,5,26,R4C5,,5000,38000,5000,-38000,0,-42000,1
-38,6,26,R4C6,,6000,38000,6000,-38000,0,-42000,1
-38,7,26,R4C7,,7000,38000,7000,-38000,0,-42000,1
-38,8,26,R4C8,,8000,38000,8000,-38000,0,-42000,1
-37,0,26,R5C0,,0,37000,0,-37000,0,-42000,1
-37,1,26,R5C1,,1000,37000,1000,-37000,0,-42000,1
-37,2,26,R5C2,,2000,37000,2000,-37000,0,-42000,1
-37,3,26,R5C3,,3000,37000,3000,-37000,0,-42000,1
-37,4,26,R5C4,,4000,37000,4000,-37000,0,-42000,1
-37,5,26,R5C5,,5000,37000,5000,-37000,0,-42000,1
-37,6,26,R5C6,,6000,37000,6000,-37000,0,-42000,1
-37,7,26,R5C7,,7000,37000,7000,-37000,0,-42000,1
-37,8,26,R5C8,,8000,37000,8000,-37000,0,-42000,1
-36,0,26,R6C0,,0,36000,0,-36000,0,-42000,1
-36,1,26,R6C1,,1000,36000,1000,-36000,0,-42000,1
-36,2,26,R6C2,,2000,36000,2000,-36000,0,-42000,1
-36,3,26,R6C3,,3000,36000,3000,-36000,0,-42000,1
-36,4,26,R6C4,,4000,36000,4000,-36000,0,-42000,1
-36,5,26,R6C5,,5000,36000,5000,-36000,0,-42000,1
-36,6,26,R6C6,2-7-7-16,6000,36000,6000,-36000,0,-42000,1
-36,7,26,R6C7,1-7-7-16,7000,36000,7000,-36000,0,-42000,1
-36,8,26,R6C8,,8000,36000,8000,-36000,0,-42000,1
63,-9,204,R0C0,,-9000,-63000,-9000,63000,-9000,63000,1
63,-8,204,R0C1,,-8000,-63000,-8000,63000,-9000,63000,1
63,-7,204,R0C2,,-7000,-63000,-7000,63000,-9000,63000,1
63,-6,204,R0C3,,-6000,-63000,-6000,63000,-9000,63000,1
63,-5,204,R0C4,,-5000,-63000,-5000,63000,-9000,63000,1
63,-4,204,R0C5,,-4000,-63000,-4000,63000,-9000,63000,1
63,-3,204,R0C6,,-3000,-63000,-3000,63000,-9000,63000,1
63,-2,204,R0C7,,-2000,-63000,-2000,63000,-9000,63000,1
63,-1,204,R0C8,,-1000,-63000,-1000,63000,-9000,63000,1
64,-9,204,R1C0,,-9000,-64000,-9000,64000,-9000,63000,1
64,-8,204,R1C1,,-8000,-64000,-8000,64000,-9000,63000,1
64,-7,204,R1C2,,-7000,-64000,-7000,64000,-9000,63000,1
64,-6,204,R1C3,,-6000,-64000,-6000,64000,-9000,63000,1
64,-5,204,R1C4,,-5000,-64000,-5000,64000,-9000,63000,1
64,-4,204,R1C5,,-4000,-64000,-4000,64000,-9000,63000,1
64,-3,204,R1C6,,-3000,-64000,-3000,64000,-9000,63000,1
64,-2,204,R1C7,,-2000,-64000,-2000,64000,-9000,63000,1
64,-1,204,R1C8,,-1000,-64000,-1000,64000,-9000,63000,1
65,-9,204,R2C0,,-9000,-65000,-9000,65000,-9000,63000,1
65,-8,204,R2C1,,-8000,-65000,-8000,65000,-9000,63000,1
65,-7,204,R2C2,,-7000,-65000,-7000,65000,-9000,63000,1
65,-6,204,R2C3,,-6000,-65000,-6000,65000,-9000,63000,1
65,-5,204,R2C4,,-5000,-65000,-5000,65000,-9000,63000,1
65,-4,204,R2C5,,-4000,-65000,-4000,65000,-9000,63000,1
65,-3,204,R2C6,,-3000,-65000,-3000,65000,-9000,63000,1
65,-2,204,R2C7,,-2000,-65000,-2000,65000,-9000,63000,1
65,-1,204,R2C8,,-1000,-65000,-1000,65000,-9000,63000,1
66,-9,204,R3C0,,-9000,-66000,-9000,66000,-9000,63000,1
66,-8,204,R3C1,,-8000,-66000,-8000,66000,-9000,63000,1
66,-7,204,R3C2,,-7000,-66000,-7000,66000,-9000,63000,1
66,-6,204,R3C3,,-6000,-66000,-6000,66000,-9000,63000,1
66,-5,204,R3C4,,-5000,-66000,-5000,66000,-9000,63000,1
66,-4,204,R3C5,,-4000,-66000,-4000,66000,-9000,63000,1
66,-3,204,R3C6,,-3000,-66000,-3000,66000,-9000,63000,1
66,-2,204,R3C7,,-2000,-66000,-2000,66000,-9000,63000,1
66,-1,204,R3C8,,-1000,-66000,-1000,66000,-9000,63000,1
67,-9,204,R4C0,,-9000,-67000,-9000,67000,-9000,63000,1
67,-8,204,R4C1,,-8000,-67000,-8000,67000,-9000,63000,1
67,-7,204,R4C2,,-7000,-67000,-7000,67000,-9000,63000,1
67,-6,204,R4C3,,-6000,-67000,-6000,67000,-9000,63000,1
67,-5,204,R4C4,,-5000,-67000,-5000,67000,-9000,63000,1
67,-4,204,R4C5,,-4000,-67000,-4000,67000,-9000,63000,1
67,-3,204,R4C6,,-3000,-67000,-3000,67000,-9000,63000,1
67,-2,204,R4C7,,-2000,-67000,-2000,67000,-9000,63000,1
67,-1,204,R4C8,,-1000,-67000,-1000,67000,-9000,63000,1
68,-9,204,R5C0,,-9000,-68000,-9000,68000,-9000,63000,1
68,-8,204,R5C1,,-8000,-68000,-8000,68000,-9000,63000,1
68,-7,204,R5C2,,-7000,-68000,-7000,68000,-9000,63000,1
68,-6,204,R5C3,,-6000,-68000,-6000,68000,-9000,63000,1
68,-5,204,R5C4,,-5000,-68000,-5000,68000,-9000,63000,1
68,-4,204,R5C5,,-4000,-68000,-4000,68000,-9000,63000,1
68,-3,204,R5C6,,-3000,-68000,-3000,68000,-9000,63000,1
68,-2,204,R5C7,,-2000,-68000,-2000,68000,-9000,63000,1
68,-1,204,R5C8,,-1000,-68000,-1000,68000,-9000,63000,1
69,-9,204,R6C0,,-9000,-69000,-9000,69000,-9000,63000,1
69,-8,204,R6C1,,-8000,-69000,-8000,69000,-9000,63000,1
69,-7,204,R6C2,,-7000,-69000,-7000,69000,-9000,63000,1
69,-6,204,R6C3,,-6000,-69000,-6000,69000,-9000,63000,1
69,-5,204,R6C4,,-5000,-69000,-5000,69000,-9000,63000,1
69,-4,204,R6C5,,-4000,-69000,-4000,69000,-9000,63000,1
69,-3,204,R6C6,2-7-8-1,-3000,-69000,-3000,69000,-9000,63000,1
69,-2,204,R6C7,1-7-8-1,-2000,-69000,-2000,69000,-9000,63000,1
69,-1,204,R6C8,,-1000,-69000,-1000,69000,-9000,63000,1
63,-18,203,R0C0,,-18000,-63000,-18000,63000,-18000,63000,1
63,-17,203,R0C1,,-17000,-63000,-17000,63000,-18000,63000,1
63,-16,203,R0C2,,-16000,-63000,-16000,63000,-18000,63000,1
63,-15,203,R0C3,,-15000,-63000,-15000,63000,-18000,63000,1
63,-14,203,R0C4,,-14000,-63000,-14000,63000,-18000,63000,1
63,-13,203,R0C5,,-13000,-63000,-13000,63000,-18000,63000,1
63,-12,203,R0C6,,-12000,-63000,-12000,63000,-18000,63000,1
63,-11,203,R0C7,,-11000,-63000,-11000,63000,-18000,63000,1
63,-10,203,R0C8,,-10000,-63000,-10000,63000,-18000,63000,1
64,-18,203,R1C0,,-18000,-64000,-18000,64000,-18000,63000,1
64,-17,203,R1C1,,-17000,-64000,-17000,64000,-18000,63000,1
64,-16,203,R1C2,,-16000,-64000,-16000,64000,-18000,63000,1
64,-15,203,R1C3,,-15000,-64000,-15000,64000,-18000,63000,1
64,-14,203,R1C4,,-14000,-64000,-14000,64000,-18000,63000,1
64,-13,203,R1C5,,-13000,-64000,-13000,64000,-18000,63000,1
64,-12,203,R1C6,,-12000,-64000,-12000,64000,-18000,63000,1
64,-11,203,R1C7,,-11000,-64000,-11000,64000,-18000,63000,1
64,-10,203,R1C8,,-10000,-64000,-10000,64000,-18000,63000,1
65,-18,203,R2C0,,-18000,-65000,-18000,65000,-18000,63000,1
65,-17,203,R2C1,,-17000,-65000,-17000,65000,-18000,63000,1
65,-16,203,R2C2,,-16000,-65000,-16000,65000,-18000,63000,1
65,-15,203,R2C3,,-15000,-65000,-15000,65000,-18000,63000,1
65,-14,203,R2C4,,-14000,-65000,-14000,65000,-18000,63000,1
65,-13,203,R2C5,,-13000,-65000,-13000,65000,-18000,63000,1
65,-12,203,R2C6,,-12000,-65000,-12000,65000,-18000,63000,1
65,-11,203,R2C7,,-11000,-65000,-11000,65000,-18000,63000,1
65,-10,203,R2C8,,-10000,-65000,-10000,65000,-18000,63000,1
66,-18,203,R3C0,,-18000,-66000,-18000,66000,-18000,63000,1
66,-17,203,R3C1,,-17000,-66000,-17000,66000,-18000,63000,1
66,-16,203,R3C2,,-16000,-66000,-16000,66000,-18000,63000,1
66,-15,203,R3C3,,-15000,-66000,-15000,66000,-18000,63000,1
66,-14,203,R3C4,,-14000,-66000,-14000,66000,-18000,63000,1
66,-13,203,R3C5,,-13000,-66000,-13000,66000,-18000,63000,1
66,-12,203,R3C6,,-12000,-66000,-12000,66000,-18000,63000,1
66,-11,203,R3C7,,-11000,-66000,-11000,66000,-18000,63000,1
66,-10,203,R3C8,,-10000,-66000,-10000,66000,-18000,63000,1
67,-18,203,R4C0,,-18000,-67000,-18000,67000,-18000,63000,1
67,-17,203,R4C1,,-17000,-67000,-17000,67000,-18000,63000,1
67,-16,203,R4C2,,-16000,-67000,-16000,67000,-18000,63000,1
67,-15,203,R4C3,,-15000,-67000,-15000,67000,-18000,63000,1
67,-14,203,R4C4,,-14000,-67000,-14000,67000,-18000,63000,1
67,-13,203,R4C5,,-13000,-67000,-13000,67000,-18000,63000,1
67,-12,203,R4C6,,-12000,-67000,-12000,67000,-18000,63000,1
67,-11,203,R4C7,,-11000,-67000,-11000,67000,-18000,63000,1
67,-10,203,R4C8,,-10000,-67000,-10000,67000,-18000,63000,1
68,-18,203,R5C0,,-18000,-68000,-18000,68000,-18000,63000,1
68,-17,203,R5C1,,-17000,-68000,-17000,68000,-18000,63000,1
68,-16,203,R5C2,,-16000,-68000,-16000,68000,-18000,63000,1
68,-15,203,R5C3,,-15000,-68000,-15000,68000,-18000,63000,1
68,-14,203,R5C4,,-14000,-68000,-14000,68000,-18000,63000,1
68,-13,203,R5C5,,-13000,-68000,-13000,68000,-18000,63000,1
68,-12,203,R5C6,,-12000,-68000,-12000,68000,-18000,63000,1
68,-11,203,R5C7,,-11000,-68000,-11000,68000,-18000,63000,1
68,-10,203,R5C8,,-10000,-68000,-10000,68000,-18000,63000,1
69,-18,203,R6C0,,-18000,-69000,-18000,69000,-18000,63000,1
69,-17,203,R6C1,,-17000,-69000,-17000,69000,-18000,63000,1
69,-16,203,R6C2,,-16000,-69000,-16000,69000,-18000,63000,1
69,-15,203,R6C3,,-15000,-69000,-15000,69000,-18000,63000,1
69,-14,203,R6C4,,-14000,-69000,-14000,69000,-18000,63000,1
69,-13,203,R6C5,,-13000,-69000,-13000,69000,-18000,63000,1
69,-12,203,R6C6,2-7-9-1,-12000,-69000,-12000,69000,-18000,63000,1
69,-11,203,R6C7,1-7-9-1,-11000,-69000,-11000,69000,-18000,63000,1
69,-10,203,R6C8,,-10000,-69000,-10000,69000,-18000,63000,1
0,-45,99,R0C0,,-45000,0,-45000,0,-45000,0,1
0,-44,99,R0C1,,-44000,0,-44000,0,-45000,0,1
0,-43,99,R0C2,,-43000,0,-43000,0,-45000,0,1
0,-42,99,R0C3,,-42000,0,-42000,0,-45000,0,1
0,-41,99,R0C4,,-41000,0,-41000,0,-45000,0,1
0,-40,99,R0C5,,-40000,0,-40000,0,-45000,0,1
0,-39,99,R0C6,,-39000,0,-39000,0,-45000,0,1
0,-38,99,R0C7,,-38000,0,-38000,0,-45000,0,1
0,-37,99,R0C8,,-37000,0,-37000,0,-45000,0,1
1,-45,99,R1C0,,-45000,-1000,-45000,1000,-45000,0,1
1,-44,99,R1C1,,-44000,-1000,-44000,1000,-45000,0,1
1,-43,99,R1C2,,-43000,-1000,-43000,1000,-45000,0,1
1,-42,99,R1C3,,-42000,-1000,-42000,1000,-45000,0,1
1,-41,99,R1C4,,-41000,-1000,-41000,1000,-45000,0,1
1,-40,99,R1C5,,-40000,-1000,-40000,1000,-45000,0,1
1,-39,99,R1C6,,-39000,-1000,-39000,1000,-45000,0,1
1,-38,99,R1C7,,-38000,-1000,-38000,1000,-45000,0,1
1,-37,99,R1C8,,-37000,-1000,-37000,1000,-45000,0,1
2,-45,99,R2C0,,-45000,-2000,-45000,2000,-45000,0,1
2,-44,99,R2C1,,-44000,-2000,-44000,2000,-45000,0,1
2,-43,99,R2C2,,-43000,-2000,-43000,2000,-45000,0,1
2,-42,99,R2C3,,-42000,-2000,-42000,2000,-45000,0,1
2,-41,99,R2C4,,-41000,-2000,-41000,2000,-45000,0,1
2,-40,99,R2C5,,-40000,-2000,-40000,2000,-45000,0,1
2,-39,99,R2C6,,-39000,-2000,-39000,2000,-45000,0,1
2,-38,99,R2C7,,-38000,-2000,-38000,2000,-45000,0,1
2,-37,99,R2C8,,-37000,-2000,-37000,2000,-45000,0,1
3,-45,99,R3C0,,-45000,-3000,-45000,3000,-45000,0,1
3,-44,99,R3C1,,-44000,-3000,-44000,3000,-45000,0,1
3,-43,99,R3C2,,-43000,-3000,-43000,3000,-45000,0,1
3,-42,99,R3C3,,-42000,-3000,-42000,3000,-45000,0,1
3,-41,99,R3C4,,-41000,-3000,-41000,3000,-45000,0,1
3,-40,99,R3C5,,-40000,-3000,-40000,3000,-45000,0,1
3,-39,99,R3C6,,-39000,-3000,-39000,3000,-45000,0,1
3,-38,99,R3C7,,-38000,-3000,-38000,3000,-45000,0,1
3,-37,99,R3C8,,-37000,-3000,-37000,3000,-45000,0,1
4,-45,99,R4C0,,-45000,-4000,-45000,4000,-45000,0,1
4,-44,99,R4C1,,-44000,-4000,-44000,4000,-45000,0,1
4,-43,99,R4C2,,-43000,-4000,-43000,4000,-45000,0,1
4,-42,99,R4C3,,-42000,-4000,-42000,4000,-45000,0,1
4,-41,99,R4C4,,-41000,-4000,-41000,4000,-45000,0,1
4,-40,99,R4C5,,-40000,-4000,-40000,4000,-45000,0,1
4,-39,99,R4C6,,-39000,-4000,-39000,4000,-45000,0,1
4,-38,99,R4C7,,-38000,-4000,-38000,4000,-45000,0,1
4,-37,99,R4C8,,-37000,-4000,-37000,4000,-45000,0,1
5,-45,99,R5C0,,-45000,-5000,-45000,5000,-45000,0,1
5,-44,99,R5C1,,-44000,-5000,-44000,5000,-45000,0,1
5,-43,99,R5C2,,-43000,-5000,-43000,5000,-45000,0,1
5,-42,99,R5C3,,-42000,-5000,-42000,5000,-45000,0,1
5,-41,99,R5C4,,-41000,-5000,-41000,5000,-45000,0,1
5,-40,99,R5C5,,-40000,-5000,-40000,5000,-45000,0,1
5,-39,99,R5C6,,-39000,-5000,-39000,5000,-45000,0,1
5,-38,99,R5C7,,-38000,-5000,-38000,5000,-45000,0,1
5,-37,99,R5C8,,-37000,-5000,-37000,5000,-45000,0,1
6,-45,99,R6C0,,-45000,-6000,-45000,6000,-45000,0,1
6,-44,99,R6C1,,-44000,-6000,-44000,6000,-45000,0,1
6,-43,99,R6C2,,-43000,-6000,-43000,6000,-45000,0,1
6,-42,99,R6C3,,-42000,-6000,-42000,6000,-45000,0,1
6,-41,99,R6C4,,-41000,-6000,-41000,6000,-45000,0,1
6,-40,99,R6C5,,-40000,-6000,-40000,6000,-45000,0,1
6,-39,99,R6C6,2-7-12-10,-39000,-6000,-39000,6000,-45000,0,1
6,-38,99,R6C7,1-7-12-10,-38000,-6000,-38000,6000,-45000,0,1
6,-37,99,R6C8,,-37000,-6000,-37000,6000,-45000,0,1
-21,-36,58,R0C0,,-36000,21000,-36000,-21000,-36000,-21000,1
-21,-35,58,R0C1,,-35000,21000,-35000,-21000,-36000,-21000,1
-21,-34,58,R0C2,,-34000,21000,-34000,-21000,-36000,-21000,1
-21,-33,58,R0C3,,-33000,21000,-33000,-21000,-36000,-21000,1
-21,-32,58,R0C4,,-32000,21000,-32000,-21000,-36000,-21000,1
-21,-31,58,R0C5,,-31000,21000,-31000,-21000,-36000,-21000,1
-21,-30,58,R0C6,,-30000,21000,-30000,-21000,-36000,-21000,1
-21,-29,58,R0C7,,-29000,21000,-29000,-21000,-36000,-21000,1
-21,-28,58,R0C8,,-28000,21000,-28000,-21000,-36000,-21000,1
-20,-36,58,R1C0,,-36000,20000,-36000,-20000,-36000,-21000,1
-20,-35,58,R1C1,,-35000,20000,-35000,-20000,-36000,-21000,1
-20,-34,58,R1C2,,-34000,20000,-34000,-20000,-36000,-21000,1
-20,-33,58,R1C3,,-33000,20000,-33000,-20000,-36000,-21000,1
-20,-32,58,R1C4,,-32000,20000,-32000,-20000,-36000,-21000,1
-20,-31,58,R1C5,,-31000,20000,-31000,-20000,-36000,-21000,1
-20,-30,58,R1C6,,-30000,20000,-30000,-20000,-36000,-21000,1
-20,-29,58,R1C7,,-29000,20000,-29000,-20000,-36000,-21000,1
-20,-28,58,R1C8,,-28000,20000,-28000,-20000,-36000,-21000,1
-19,-36,58,R2C0,,-36000,19000,-36000,-19000,-36000,-21000,1
-19,-35,58,R2C1,,-35000,19000,-35000,-19000,-36000,-21000,1
-19,-34,58,R2C2,,-34000,19000,-34000,-19000,-36000,-21000,1
-19,-33,58,R2C3,,-33000,19000,-33000,-19000,-36000,-21000,1
-19,-32,58,R2C4,,-32000,19000,-32000,-19000,-36000,-21000,1
-19,-31,58,R2C5,,-31000,19000,-31000,-19000,-36000,-21000,1
-19,-30,58,R2C6,,-30000,19000,-30000,-19000,-36000,-21000,1
-19,-29,58,R2C7,,-29000,19000,-29000,-19000,-36000,-21000,1
-19,-28,58,R2C8,,-28000,19000,-28000,-19000,-36000,-21000,1
-18,-36,58,R3C0,,-36000,18000,-36000,-18000,-36000,-21000,1
-18,-35,58,R3C1,,-35000,18000,-35000,-18000,-36000,-21000,1
-18,-34,58,R3C2,,-34000,18000,-34000,-18000,-36000,-21000,1
-18,-33,58,R3C3,,-33000,18000,-33000,-18000,-36000,-21000,1
-18,-32,58,R3C4,,-32000,18000,-32000,-18000,-36000,-21000,1
-18,-31,58,R3C5,,-31000,18000,-31000,-18000,-36000,-21000,1
-18,-30,58,R3C6,,-30000,18000,-30000,-18000,-36000,-21000,1
-18,-29,58,R3C7,,-29000,18000,-29000,-18000,-36000,-21000,1
-18,-28,58,R3C8,,-28000,18000,-28000,-18000,-36000,-21000,1
-17,-36,58,R4C0,,-36000,17000,-36000,-17000,-36000,-21000,1
-17,-35,58,R4C1,,-35000,17000,-35000,-17000,-36000,-21000,1
-17,-34,58,R4C2,,-34000,17000,-34000,-17000,-36000,-21000,1
-17,-33,58,R4C3,,-33000,17000,-33000,-17000,-36000,-21000,1
-17,-32,58,R4C4,,-32000,17000,-32000,-17000,-36000,-21000,1
-17,-31,58,R4C5,,-31000,17000,-31000,-17000,-36000,-21000,1
-17,-30,58,R4C6,,-30000,17000,-30000,-17000,-36000,-21000,1
-17,-29,58,R4C7,,-29000,17000,-29000,-17000,-36000,-21000,1
-17,-28,58,R4C8,,-28000,17000,-28000,-17000,-36000,-21000,1
-16,-36,58,R5C0,,-36000,16000,-36000,-16000,-36000,-21000,1
-16,-35,58,R5C1,,-35000,16000,-35000,-16000,-36000,-21000,1
-16,-34,58,R5C2,,-34000,16000,-34000,-16000,-36000,-21000,1
-16,-33,58,R5C3,,-33000,16000,-33000,-16000,-36000,-21000,1
-16,-32,58,R5C4,,-32000,16000,-32000,-16000,-36000,-21000,1
-16,-31,58,R5C5,,-31000,16000,-31000,-16000,-36000,-21000,1
-16,-30,58,R5C6,,-30000,16000,-30000,-16000,-36000,-21000,1
-16,-29,58,R5C7,,-29000,16000,-29000,-16000,-36000,-21000,1
-16,-28,58,R5C8,,-28000,16000,-28000,-16000,-36000,-21000,1
-15,-36,58,R6C0,,-36000,15000,-36000,-15000,-36000,-21000,1
-15,-35,58,R6C1,,-35000,15000,-35000,-15000,-36000,-21000,1
-15,-34,58,R6C2,,-34000,15000,-34000,-15000,-36000,-21000,1
-15,-33,58,R6C3,,-33000,15000,-33000,-15000,-36000,-21000,1
-15,-32,58,R6C4,,-32000,15000,-32000,-15000,-36000,-21000,1
-15,-31,58,R6C5,,-31000,15000,-31000,-15000,-36000,-21000,1
-15,-30,58,R6C6,2-7-11-13,-30000,15000,-30000,-15000,-36000,-21000,1
-15,-29,58,R6C7,1-7-11-13,-29000,15000,-29000,-15000,-36000,-21000,1
-15,-28,58,R6C8,,-28000,15000,-28000,-15000,-36000,-21000,1
-21,45,67,R0C0,,45000,21000,45000,-21000,45000,-21000,1
-21,46,67,R0C1,,46000,21000,46000,-21000,45000,-21000,1
-21,47,67,R0C2,,47000,21000,47000,-21000,45000,-21000,1
-21,48,67,R0C3,,48000,21000,48000,-21000,45000,-21000,1
-21,49,67,R0C4,,49000,21000,49000,-21000,45000,-21000,1
-21,50,67,R0C5,,50000,21000,50000,-21000,45000,-21000,1
-21,51,67,R0C6,,51000,21000,51000,-21000,45000,-21000,1
-21,52,67,R0C7,,52000,21000,52000,-21000,45000,-21000,1
-21,53,67,R0C8,,53000,21000,53000,-21000,45000,-21000,1
-20,45,67,R1C0,,45000,20000,45000,-20000,45000,-21000,1
-20,46,67,R1C1,,46000,20000,46000,-20000,45000,-21000,1
-20,47,67,R1C2,,47000,20000,47000,-20000,45000,-21000,1
-20,48,67,R1C3,,48000,20000,48000,-20000,45000,-21000,1
-20,49,67,R1C4,,49000,20000,49000,-20000,45000,-21000,1
-20,50,67,R1C5,,50000,20000,50000,-20000,45000,-21000,1
-20,51,67,R1C6,,51000,20000,51000,-20000,45000,-21000,1
-20,52,67,R1C7,,52000,20000,52000,-20000,45000,-21000,1
-20,53,67,R1C8,,53000,20000,53000,-20000,45000,-21000,1
-19,45,67,R2C0,,45000,19000,45000,-19000,45000,-21000,1
-19,46,67,R2C1,,46000,19000,46000,-19000,45000,-21000,1
-19,47,67,R2C2,,47000,19000,47000,-19000,45000,-21000,1
-19,48,67,R2C3,,48000,19000,48000,-19000,45000,-21000,1
-19,49,67,R2C4,,49000,19000,49000,-19000,45000,-21000,1
-19,50,67,R2C5,,50000,19000,50000,-19000,45000,-21000,1
-19,51,67,R2C6,,51000,19000,51000,-19000,45000,-21000,1
-19,52,67,R2C7,,52000,19000,52000,-19000,45000,-21000,1
-19,53,67,R2C8,,53000,19000,53000,-19000,45000,-21000,1
-18,45,67,R3C0,,45000,18000,45000,-18000,45000,-21000,1
-18,46,67,R3C1,,46000,18000,46000,-18000,45000,-21000,1
-18,47,67,R3C2,,47000,18000,47000,-18000,45000,-21000,1
-18,48,67,R3C3,,48000,18000,48000,-18000,45000,-21000,1
-18,49,67,R3C4,,49000,18000,49000,-18000,45000,-21000,1
-18,50,67,R3C5,,50000,18000,50000,-18000,45000,-21000,1
-18,51,67,R3C6,,51000,18000,51000,-18000,45000,-21000,1
-18,52,67,R3C7,,52000,18000,52000,-18000,45000,-21000,1
-18,53,67,R3C8,,53000,18000,53000,-18000,45000,-21000,1
-17,45,67,R4C0,,45000,17000,45000,-17000,45000,-21000,1
-17,46,67,R4C1,,46000,17000,46000,-17000,45000,-21000,1
-17,47,67,R4C2,,47000,17000,47000,-17000,45000,-21000,1
-17,48,67,R4C3,,48000,17000,48000,-17000,45000,-21000,1
-17,49,67,R4C4,,49000,17000,49000,-17000,45000,-21000,1
-17,50,67,R4C5,,50000,17000,50000,-17000,45000,-21000,1
-17,51,67,R4C6,,51000,17000,51000,-17000,45000,-21000,1
-17,52,67,R4C7,,52000,17000,52000,-17000,45000,-21000,1
-17,53,67,R4C8,,53000,17000,53000,-17000,45000,-21000,1
-16,45,67,R5C0,,45000,16000,45000,-16000,45000,-21000,1
-16,46,67,R5C1,,46000,16000,46000,-16000,45000,-21000,1
-16,47,67,R5C2,,47000,16000,47000,-16000,45000,-21000,1
-16,48,67,R5C3,,48000,16000,48000,-16000,45000,-21000,1
-16,49,67,R5C4,,49000,16000,49000,-16000,45000,-21000,1
-16,50,67,R5C5,,50000,16000,50000,-16000,45000,-21000,1
-16,51,67,R5C6,,51000,16000,51000,-16000,45000,-21000,1
-16,52,67,R5C7,,52000,16000,52000,-16000,45000,-21000,1
-16,53,67,R5C8,,53000,16000,53000,-16000,45000,-21000,1
-15,45,67,R6C0,,45000,15000,45000,-15000,45000,-21000,1
-15,46,67,R6C1,,46000,15000,46000,-15000,45000,-21000,1
-15,47,67,R6C2,,47000,15000,47000,-15000,45000,-21000,1
-15,48,67,R6C3,,48000,15000,48000,-15000,45000,-21000,1
-15,49,67,R6C4,,49000,15000,49000,-15000,45000,-21000,1
-15,50,67,R6C5,,50000,15000,50000,-15000,45000,-21000,1
-15,51,67,R6C6,2-7-2-13,51000,15000,51000,-15000,45000,-21000,1
-15,52,67,R6C7,1-7-2-13,52000,15000,52000,-15000,45000,-21000,1
-15,53,67,R6C8,,53000,15000,53000,-15000,45000,-21000,1
-56,0,8,R0C0,,0,56000,0,-56000,0,-56000,1
-56,1,8,R0C1,,1000,56000,1000,-56000,0,-56000,1
-56,2,8,R0C2,,2000,56000,2000,-56000,0,-56000,1
-56,3,8,R0C3,,3000,56000,3000,-56000,0,-56000,1
-56,4,8,R0C4,,4000,56000,4000,-56000,0,-56000,1
-56,5,8,R0C5,,5000,56000,5000,-56000,0,-56000,1
-56,6,8,R0C6,,6000,56000,6000,-56000,0,-56000,1
-56,7,8,R0C7,,7000,56000,7000,-56000,0,-56000,1
-56,8,8,R0C8,,8000,56000,8000,-56000,0,-56000,1
-55,0,8,R1C0,,0,55000,0,-55000,0,-56000,1
-55,1,8,R1C1,,1000,55000,1000,-55000,0,-56000,1
-55,2,8,R1C2,,2000,55000,2000,-55000,0,-56000,1
-55,3,8,R1C3,,3000,55000,3000,-55000,0,-56000,1
-55,4,8,R1C4,,4000,55000,4000,-55000,0,-56000,1
-55,5,8,R1C5,,5000,55000,5000,-55000,0,-56000,1
-55,6,8,R1C6,,6000,55000,6000,-55000,0,-56000,1
-55,7,8,R1C7,,7000,55000,7000,-55000,0,-56000,1
-55,8,8,R1C8,,8000,55000,8000,-55000,0,-56000,1
-54,0,8,R2C0,,0,54000,0,-54000,0,-56000,1
-54,1,8,R2C1,,1000,54000,1000,-54000,0,-56000,1
-54,2,8,R2C2,,2000,54000,2000,-54000,0,-56000,1
-54,3,8,R2C3,,3000,54000,3000,-54000,0,-56000,1
-54,4,8,R2C4,,4000,54000,4000,-54000,0,-56000,1
-54,5,8,R2C5,,5000,54000,5000,-54000,0,-56000,1
-54,6,8,R2C6,,6000,54000,6000,-54000,0,-56000,1
-54,7,8,R2C7,,7000,54000,7000,-54000,0,-56000,1
-54,8,8,R2C8,,8000,54000,8000,-54000,0,-56000,1
-53,0,8,R3C0,,0,53000,0,-53000,0,-56000,1
-53,1,8,R3C1,,1000,53000,1000,-53000,0,-56000,1
-53,2,8,R3C2,,2000,53000,2000,-53000,0,-56000,1
-53,3,8,R3C3,,3000,53000,3000,-53000,0,-56000,1
-53,4,8,R3C4,,4000,53000,4000,-53000,0,-56000,1
-53,5,8,R3C5,,5000,53000,5000,-53000,0,-56000,1
-53,6,8,R3C6,,6000,53000,6000,-53000,0,-56000,1
-53,7,8,R3C7,,7000,53000,7000,-53000,0,-56000,1
-53,8,8,R3C8,,8000,53000,8000,-53000,0,-56000,1
-52,0,8,R4C0,,0,52000,0,-52000,0,-56000,1
-52,1,8,R4C1,,1000,52000,1000,-52000,0,-56000,1
-52,2,8,R4C2,,2000,52000,2000,-52000,0,-56000,1
-52,3,8,R4C3,,3000,52000,3000,-52000,0,-56000,1
-52,4,8,R4C4,,4000,52000,4000,-52000,0,-56000,1
-52,5,8,R4C5,,5000,52000,5000,-52000,0,-56000,1
-52,6,8,R4C6,,6000,52000,6000,-52000,0,-56000,1
-52,7,8,R4C7,,7000,52000,7000,-52000,0,-56000,1
-52,8,8,R4C8,,8000,52000,8000,-52000,0,-56000,1
-51,0,8,R5C0,,0,51000,0,-51000,0,-56000,1
-51,1,8,R5C1,,1000,51000,1000,-51000,0,-56000,1
-51,2,8,R5C2,,2000,51000,2000,-51000,0,-56000,1
-51,3,8,R5C3,,3000,51000,3000,-51000,0,-56000,1
-51,4,8,R5C4,,4000,51000,4000,-51000,0,-56000,1
-51,5,8,R5C5,,5000,51000,5000,-51000,0,-56000,1
-51,6,8,R5C6,,6000,51000,6000,-51000,0,-56000,1
-51,7,8,R5C7,,7000,51000,7000,-51000,0,-56000,1
-51,8,8,R5C8,,8000,51000,8000,-51000,0,-56000,1
-50,0,8,R6C0,,0,50000,0,-50000,0,-56000,1
-50,1,8,R6C1,,1000,50000,1000,-50000,0,-56000,1
-50,2,8,R6C2,,2000,50000,2000,-50000,0,-56000,1
-50,3,8,R6C3,,3000,50000,3000,-50000,0,-56000,1
-50,4,8,R6C4,,4000,50000,4000,-50000,0,-56000,1
-50,5,8,R6C5,,5000,50000,5000,-50000,0,-56000,1
-50,6,8,R6C6,2-7-7-18,6000,50000,6000,-50000,0,-56000,1
-50,7,8,R6C7,1-7-7-18,7000,50000,7000,-50000,0,-56000,1
-50,8,8,R6C8,,8000,50000,8000,-50000,0,-56000,1
7,-36,115,R0C0,,-36000,-7000,-36000,7000,-36000,7000,1
7,-35,115,R0C1,,-35000,-7000,-35000,7000,-36000,7000,1
7,-34,115,R0C2,,-34000,-7000,-34000,7000,-36000,7000,1
7,-33,115,R0C3,,-33000,-7000,-33000,7000,-36000,7000,1
7,-32,115,R0C4,,-32000,-7000,-32000,7000,-36000,7000,1
7,-31,115,R0C5,,-31000,-7000,-31000,7000,-36000,7000,1
7,-30,115,R0C6,,-30000,-7000,-30000,7000,-36000,7000,1
7,-29,115,R0C7,,-29000,-7000,-29000,7000,-36000,7000,1
7,-28,115,R0C8,,-28000,-7000,-28000,7000,-36000,7000,1
8,-36,115,R1C0,,-36000,-8000,-36000,8000,-36000,7000,1
8,-35,115,R1C1,,-35000,-8000,-35000,8000,-36000,7000,1
8,-34,115,R1C2,,-34000,-8000,-34000,8000,-36000,7000,1
8,-33,115,R1C3,,-33000,-8000,-33000,8000,-36000,7000,1
8,-32,115,R1C4,,-32000,-8000,-32000,8000,-36000,7000,1
8,-31,115,R1C5,,-31000,-8000,-31000,8000,-36000,7000,1
8,-30,115,R1C6,,-30000,-8000,-30000,8000,-36000,7000,1
8,-29,115,R1C7,,-29000,-8000,-29000,8000,-36000,7000,1
8,-28,115,R1C8,,-28000,-8000,-28000,8000,-36000,7000,1
9,-36,115,R2C0,,-36000,-9000,-36000,9000,-36000,7000,1
9,-35,115,R2C1,,-35000,-9000,-35000,9000,-36000,7000,1
9,-34,115,R2C2,,-34000,-9000,-34000,9000,-36000,7000,1
9,-33,115,R2C3,,-33000,-9000,-33000,9000,-36000,7000,1
9,-32,115,R2C4,,-32000,-9000,-32000,9000,-36000,7000,1
9,-31,115,R2C5,,-31000,-9000,-31000,9000,-36000,7000,1
9,-30,115,R2C6,,-30000,-9000,-30000,9000,-36000,7000,1
9,-29,115,R2C7,,-29000,-9000,-29000,9000,-36000,7000,1
9,-28,115,R2C8,,-28000,-9000,-28000,9000,-36000,7000,1
10,-36,115,R3C0,,-36000,-10000,-36000,10000,-36000,7000,1
10,-35,115,R3C1,,-35000,-10000,-35000,10000,-36000,7000,1
10,-34,115,R3C2,,-34000,-10000,-34000,10000,-36000,7000,1
10,-33,115,R3C3,,-33000,-10000,-33000,10000,-36000,7000,1
10,-32,115,R3C4,,-32000,-10000,-32000,10000,-36000,7000,1
10,-31,115,R3C5,,-31000,-10000,-31000,10000,-36000,7000,1
10,-30,115,R3C6,,-30000,-10000,-30000,10000,-36000,7000,1
10,-29,115,R3C7,,-29000,-10000,-29000,10000,-36000,7000,1
10,-28,115,R3C8,,-28000,-10000,-28000,10000,-36000,7000,1
11,-36,115,R4C0,,-36000,-11000,-36000,11000,-36000,7000,1
11,-35,115,R4C1,,-35000,-11000,-35000,11000,-36000,7000,1
11,-34,115,R4C2,,-34000,-11000,-34000,11000,-36000,7000,1
11,-33,115,R4C3,,-33000,-11000,-33000,11000,-36000,7000,1
11,-32,115,R4C4,,-32000,-11000,-32000,11000,-36000,7000,1
11,-31,115,R4C5,,-31000,-11000,-31000,11000,-36000,7000,1
11,-30,115,R4C6,,-30000,-11000,-30000,11000,-36000,7000,1
11,-29,115,R4C7,,-29000,-11000,-29000,11000,-36000,7000,1
11,-28,115,R4C8,,-28000,-11000,-28000,11000,-36000,7000,1
12,-36,115,R5C0,,-36000,-12000,-36000,12000,-36000,7000,1
12,-35,115,R5C1,,-35000,-12000,-35000,12000,-36000,7000,1
12,-34,115,R5C2,,-34000,-12000,-34000,12000,-36000,7000,1
12,-33,115,R5C3,,-33000,-12000,-33000,12000,-36000,7000,1
12,-32,115,R5C4,,-32000,-12000,-32000,12000,-36000,7000,1
12,-31,115,R5C5,,-31000,-12000,-31000,12000,-36000,7000,1
12,-30,115,R5C6,,-30000,-12000,-30000,12000,-36000,7000,1
12,-29,115,R5C7,,-29000,-12000,-29000,12000,-36000,7000,1
12,-28,115,R5C8,,-28000,-12000,-28000,12000,-36000,7000,1
13,-36,115,R6C0,,-36000,-13000,-36000,13000,-36000,7000,1
13,-35,115,R6C1,,-35000,-13000,-35000,13000,-36000,7000,1
13,-34,115,R6C2,,-34000,-13000,-34000,13000,-36000,7000,1
13,-33,115,R6C3,,-33000,-13000,-33000,13000,-36000,7000,1
13,-32,115,R6C4,,-32000,-13000,-32000,13000,-36000,7000,1
13,-31,115,R6C5,,-31000,-13000,-31000,13000,-36000,7000,1
13,-30,115,R6C6,2-7-11-9,-30000,-13000,-30000,13000,-36000,7000,1
13,-29,115,R6C7,1-7-11-9,-29000,-13000,-29000,13000,-36000,7000,1
13,-28,115,R6C8,,-28000,-13000,-28000,13000,-36000,7000,1
7,45,124,R0C0,,45000,-7000,45000,7000,45000,7000,1
7,46,124,R0C1,,46000,-7000,46000,7000,45000,7000,1
7,47,124,R0C2,,47000,-7000,47000,7000,45000,7000,1
7,48,124,R0C3,,48000,-7000,48000,7000,45000,7000,1
7,49,124,R0C4,,49000,-7000,49000,7000,45000,7000,1
7,50,124,R0C5,,50000,-7000,50000,7000,45000,7000,1
7,51,124,R0C6,,51000,-7000,51000,7000,45000,7000,1
7,52,124,R0C7,,52000,-7000,52000,7000,45000,7000,1
7,53,124,R0C8,,53000,-7000,53000,7000,45000,7000,1
8,45,124,R1C0,,45000,-8000,45000,8000,45000,7000,1
8,46,124,R1C1,,46000,-8000,46000,8000,45000,7000,1
8,47,124,R1C2,,47000,-8000,47000,8000,45000,7000,1
8,48,124,R1C3,,48000,-8000,48000,8000,45000,7000,1
8,49,124,R1C4,,49000,-8000,49000,8000,45000,7000,1
8,50,124,R1C5,,50000,-8000,50000,8000,45000,7000,1
8,51,124,R1C6,,51000,-8000,51000,8000,45000,7000,1
8,52,124,R1C7,,52000,-8000,52000,8000,45000,7000,1
8,53,124,R1C8,,53000,-8000,53000,8000,45000,7000,1
9,45,124,R2C0,,45000,-9000,45000,9000,45000,7000,1
9,46,124,R2C1,,46000,-9000,46000,9000,45000,7000,1
9,47,124,R2C2,,47000,-9000,47000,9000,45000,7000,1
9,48,124,R2C3,,48000,-9000,48000,9000,45000,7000,1
9,49,124,R2C4,,49000,-9000,49000,9000,45000,7000,1
9,50,124,R2C5,,50000,-9000,50000,9000,45000,7000,1
9,51,124,R2C6,,51000,-9000,51000,9000,45000,7000,1
9,52,124,R2C7,,52000,-9000,52000,9000,45000,7000,1
9,53,124,R2C8,,53000,-9000,53000,9000,45000,7000,1
10,45,124,R3C0,,45000,-10000,45000,10000,45000,7000,1
10,46,124,R3C1,,46000,-10000,46000,10000,45000,7000,1
10,47,124,R3C2,,47000,-10000,47000,10000,45000,7000,1
10,48,124,R3C3,,48000,-10000,48000,10000,45000,7000,1
10,49,124,R3C4,,49000,-10000,49000,10000,45000,7000,1
10,50,124,R3C5,,50000,-10000,50000,10000,45000,7000,1
10,51,124,R3C6,,51000,-10000,51000,10000,45000,7000,1
10,52,124,R3C7,,52000,-10000,52000,10000,45000,7000,1
10,53,124,R3C8,,53000,-10000,53000,10000,45000,7000,1
11,45,124,R4C0,,45000,-11000,45000,11000,45000,7000,1
11,46,124,R4C1,,46000,-11000,46000,11000,45000,7000,1
11,47,124,R4C2,,47000,-11000,47000,11000,45000,7000,1
11,48,124,R4C3,,48000,-11000,48000,11000,45000,7000,1
11,49,124,R4C4,,49000,-11000,49000,11000,45000,7000,1
11,50,124,R4C5,,50000,-11000,50000,11000,45000,7000,1
11,51,124,R4C6,,51000,-11000,51000,11000,45000,7000,1
11,52,124,R4C7,,52000,-11000,52000,11000,45000,7000,1
11,53,124,R4C8,,53000,-11000,53000,11000,45000,7000,1
12,45,124,R5C0,,45000,-12000,45000,12000,45000,7000,1
12,46,124,R5C1,,46000,-12000,46000,12000,45000,7000,1
12,47,124,R5C2,,47000,-12000,47000,12000,45000,7000,1
12,48,124,R5C3,,48000,-12000,48000,12000,45000,7000,1
12,49,124,R5C4,,49000,-12000,49000,12000,45000,7000,1
12,50,124,R5C5,,50000,-12000,50000,12000,45000,7000,1
12,51,124,R5C6,,51000,-12000,51000,12000,45000,7000,1
12,52,124,R5C7,,52000,-12000,52000,12000,45000,7000,1
12,53,124,R5C8,,53000,-12000,53000,12000,45000,7000,1
13,45,124,R6C0,,45000,-13000,45000,13000,45000,7000,1
13,46,124,R6C1,,46000,-13000,46000,13000,45000,7000,1
13,47,124,R6C2,,47000,-13000,47000,13000,45000,7000,1
13,48,124,R6C3,,48000,-13000,48000,13000,45000,7000,1
13,49,124,R6C4,,49000,-13000,49000,13000,45000,7000,1
13,50,124,R6C5,,50000,-13000,50000,13000,45000,7000,1
13,51,124,R6C6,2-7-2-9,51000,-13000,51000,13000,45000,7000,1
13,52,124,R6C7,1-7-2-9,52000,-13000,52000,13000,45000,7000,1
13,53,124,R6C8,,53000,-13000,53000,13000,45000,7000,1
42,9,183,R0C0,,9000,-42000,9000,42000,9000,42000,1
42,10,183,R0C1,,10000,-42000,10000,42000,9000,42000,1
42,11,183,R0C2,,11000,-42000,11000,42000,9000,42000,1
42,12,183,R0C3,,12000,-42000,12000,42000,9000,42000,1
42,13,183,R0C4,,13000,-42000,13000,42000,9000,42000,1
42,14,183,R0C5,,14000,-42000,14000,42000,9000,42000,1
42,15,183,R0C6,,15000,-42000,15000,42000,9000,42000,1
42,16,183,R0C7,,16000,-42000,16000,42000,9000,42000,1
42,17,183,R0C8,,17000,-42000,17000,42000,9000,42000,1
43,9,183,R1C0,,9000,-43000,9000,43000,9000,42000,1
43,10,183,R1C1,,10000,-43000,10000,43000,9000,42000,1
43,11,183,R1C2,,11000,-43000,11000,43000,9000,42000,1
43,12,183,R1C3,,12000,-43000,12000,43000,9000,42000,1
43,13,183,R1C4,,13000,-43000,13000,43000,9000,42000,1
43,14,183,R1C5,,14000,-43000,14000,43000,9000,42000,1
43,15,183,R1C6,,15000,-43000,15000,43000,9000,42000,1
43,16,183,R1C7,,16000,-43000,16000,43000,9000,42000,1
43,17,183,R1C8,,17000,-43000,17000,43000,9000,42000,1
44,9,183,R2C0,,9000,-44000,9000,44000,9000,42000,1
44,10,183,R2C1,,10000,-44000,10000,44000,9000,42000,1
44,11,183,R2C2,,11000,-44000,11000,44000,9000,42000,1
44,12,183,R2C3,,12000,-44000,12000,44000,9000,42000,1
44,13,183,R2C4,,13000,-44000,13000,44000,9000,42000,1
44,14,183,R2C5,,14000,-44000,14000,44000,9000,42000,1
44,15,183,R2C6,,15000,-44000,15000,44000,9000,42000,1
44,16,183,R2C7,,16000,-44000,16000,44000,9000,42000,1
44,17,183,R2C8,,17000,-44000,17000,44000,9000,42000,1
45,9,183,R3C0,,9000,-45000,9000,45000,9000,42000,1
45,10,183,R3C1,,10000,-45000,10000,45000,9000,42000,1
45,11,183,R3C2,,11000,-45000,11000,45000,9000,42000,1
45,12,183,R3C3,,12000,-45000,12000,45000,9000,42000,1
45,13,183,R3C4,,13000,-45000,13000,45000,9000,42000,1
45,14,183,R3C5,,14000,-45000,14000,45000,9000,42000,1
45,15,183,R3C6,,15000,-45000,15000,45000,9000,42000,1
45,16,183,R3C7,,16000,-45000,16000,45000,9000,42000,1
45,17,183,R3C8,,17000,-45000,17000,45000,9000,42000,1
46,9,183,R4C0,,9000,-46000,9000,46000,9000,42000,1
46,10,183,R4C1,,10000,-46000,10000,46000,9000,42000,1
46,11,183,R4C2,,11000,-46000,11000,46000,9000,42000,1
46,12,183,R4C3,,12000,-46000,12000,46000,9000,42000,1
46,13,183,R4C4,,13000,-46000,13000,46000,9000,42000,1
46,14,183,R4C5,,14000,-46000,14000,46000,9000,42000,1
46,15,183,R4C6,,15000,-46000,15000,46000,9000,42000,1
46,16,183,R4C7,,16000,-46000,16000,46000,9000,42000,1
46,17,183,R4C8,,17000,-46000,17000,46000,9000,42000,1
47,9,183,R5C0,,9000,-47000,9000,47000,9000,42000,1
47,10,183,R5C1,,10000,-47000,10000,47000,9000,42000,1
47,11,183,R5C2,,11000,-47000,11000,47000,9000,42000,1
47,12,183,R5C3,,12000,-47000,12000,47000,9000,42000,1
47,13,183,R5C4,,13000,-47000,13000,47000,9000,42000,1
47,14,183,R5C5,,14000,-47000,14000,47000,9000,42000,1
47,15,183,R5C6,,15000,-47000,15000,47000,9000,42000,1
47,16,183,R5C7,,16000,-47000,16000,47000,9000,42000,1
47,17,183,R5C8,,17000,-47000,17000,47000,9000,42000,1
48,9,183,R6C0,,9000,-48000,9000,48000,9000,42000,1
48,10,183,R6C1,,10000,-48000,10000,48000,9000,42000,1
48,11,183,R6C2,,11000,-48000,11000,48000,9000,42000,1
48,12,183,R6C3,,12000,-48000,12000,48000,9000,42000,1
48,13,183,R6C4,,13000,-48000,13000,48000,9000,42000,1
48,14,183,R6C5,,14000,-48000,14000,48000,9000,42000,1
48,15,183,R6C6,2-7-6-4,15000,-48000,15000,48000,9000,42000,1
48,16,183,R6C7,1-7-6-4,16000,-48000,16000,48000,9000,42000,1
48,17,183,R6C8,,17000,-48000,17000,48000,9000,42000,1
-49,9,17,R0C0,,9000,49000,9000,-49000,9000,-49000,1
-49,10,17,R0C1,,10000,49000,10000,-49000,9000,-49000,1
-49,11,17,R0C2,,11000,49000,11000,-49000,9000,-49000,1
-49,12,17,R0C3,,12000,49000,12000,-49000,9000,-49000,1
-49,13,17,R0C4,,13000,49000,13000,-49000,9000,-49000,1
-49,14,17,R0C5,,14000,49000,14000,-49000,9000,-49000,1
-49,15,17,R0C6,,15000,49000,15000,-49000,9000,-49000,1
-49,16,17,R0C7,,16000,49000,16000,-49000,9000,-49000,1
-49,17,17,R0C8,,17000,49000,17000,-49000,9000,-49000,1
-48,9,17,R1C0,,9000,48000,9000,-48000,9000,-49000,1
-48,10,17,R1C1,,10000,48000,10000,-48000,9000,-49000,1
-48,11,17,R1C2,,11000,48000,11000,-48000,9000,-49000,1
-48,12,17,R1C3,,12000,48000,12000,-48000,9000,-49000,1
-48,13,17,R1C4,,13000,48000,13000,-48000,9000,-49000,1
-48,14,17,R1C5,,14000,48000,14000,-48000,9000,-49000,1
-48,15,17,R1C6,,15000,48000,15000,-48000,9000,-49000,1
-48,16,17,R1C7,,16000,48000,16000,-48000,9000,-49000,1
-48,17,17,R1C8,,17000,48000,17000,-48000,9000,-49000,1
-47,9,17,R2C0,,9000,47000,9000,-47000,9000,-49000,1
-47,10,17,R2C1,,10000,47000,10000,-47000,9000,-49000,1
-47,11,17,R2C2,,11000,47000,11000,-47000,9000,-49000,1
-47,12,17,R2C3,,12000,47000,12000,-47000,9000,-49000,1
-47,13,17,R2C4,,13000,47000,13000,-47000,9000,-49000,1
-47,14,17,R2C5,,14000,47000,14000,-47000,9000,-49000,1
-47,15,17,R2C6,,15000,47000,15000,-47000,9000,-49000,1
-47,16,17,R2C7,,16000,47000,16000,-47000,9000,-49000,1
-47,17,17,R2C8,,17000,47000,17000,-47000,9000,-49000,1
-46,9,17,R3C0,,9000,46000,9000,-46000,9000,-49000,1
-46,10,17,R3C1,,10000,46000,10000,-46000,9000,-49000,1
-46,11,17,R3C2,,11000,46000,11000,-46000,9000,-49000,1
-46,12,17,R3C3,,12000,46000,12000,-46000,9000,-49000,1
-46,13,17,R3C4,,13000,46000,13000,-46000,9000,-49000,1
-46,14,17,R3C5,,14000,46000,14000,-46000,9000,-49000,1
-46,15,17,R3C6,,15000,46000,15000,-46000,9000,-49000,1
-46,16,17,R3C7,,16000,46000,16000,-46000,9000,-49000,1
-46,17,17,R3C8,,17000,46000,17000,-46000,9000,-49000,1
-45,9,17,R4C0,,9000,45000,9000,-45000,9000,-49000,1
-45,10,17,R4C1,,10000,45000,10000,-45000,9000,-49000,1
-45,11,17,R4C2,,11000,45000,11000,-45000,9000,-49000,1
-45,12,17,R4C3,,12000,45000,12000,-45000,9000,-49000,1
-45,13,17,R4C4,,13000,45000,13000,-45000,9000,-49000,1
-45,14,17,R4C5,,14000,45000,14000,-45000,9000,-49000,1
-45,15,17,R4C6,,15000,45000,15000,-45000,9000,-49000,1
-45,16,17,R4C7,,16000,45000,16000,-45000,9000,-49000,1
-45,17,17,R4C8,,17000,45000,17000,-45000,9000,-49000,1
-44,9,17,R5C0,,9000,44000,9000,-44000,9000,-49000,1
-44,10,17,R5C1,,10000,44000,10000,-44000,9000,-49000,1
-44,11,17,R5C2,,11000,44000,11000,-44000,9000,-49000,1
-44,12,17,R5C3,,12000,44000,12000,-44000,9000,-49000,1
-44,13,17,R5C4,,13000,44000,13000,-44000,9000,-49000,1
-44,14,17,R5C5,,14000,44000,14000,-44000,9000,-49000,1
-44,15,17,R5C6,,15000,44000,15000,-44000,9000,-49000,1
-44,16,17,R5C7,,16000,44000,16000,-44000,9000,-49000,1
-44,17,17,R5C8,,17000,44000,17000,-44000,9000,-49000,1
-43,9,17,R6C0,,9000,43000,9000,-43000,9000,-49000,1
-43,10,17,R6C1,,10000,43000,10000,-43000,9000,-49000,1
-43,11,17,R6C2,,11000,43000,11000,-43000,9000,-49000,1
-43,12,17,R6C3,,12000,43000,12000,-43000,9000,-49000,1
-43,13,17,R6C4,,13000,43000,13000,-43000,9000,-49000,1
-43,14,17,R6C5,,14000,43000,14000,-43000,9000,-49000,1
-43,15,17,R6C6,2-7-6-17,15000,43000,15000,-43000,9000,-49000,1
-43,16,17,R6C7,1-7-6-17,16000,43000,16000,-43000,9000,-49000,1
-43,17,17,R6C8,,17000,43000,17000,-43000,9000,-49000,1
49,0,192,R0C0,,0,-49000,0,49000,0,49000,1
49,1,192,R0C1,,1000,-49000,1000,49000,0,49000,1
49,2,192,R0C2,,2000,-49000,2000,49000,0,49000,1
49,3,192,R0C3,,3000,-49000,3000,49000,0,49000,1
49,4,192,R0C4,,4000,-49000,4000,49000,0,49000,1
49,5,192,R0C5,,5000,-49000,5000,49000,0,49000,1
49,6,192,R0C6,,6000,-49000,6000,49000,0,49000,1
49,7,192,R0C7,,7000,-49000,7000,49000,0,49000,1
49,8,192,R0C8,,8000,-49000,8000,49000,0,49000,1
50,0,192,R1C0,,0,-50000,0,50000,0,49000,1
50,1,192,R1C1,,1000,-50000,1000,50000,0,49000,1
50,2,192,R1C2,,2000,-50000,2000,50000,0,49000,1
50,3,192,R1C3,,3000,-50000,3000,50000,0,49000,1
50,4,192,R1C4,,4000,-50000,4000,50000,0,49000,1
50,5,192,R1C5,,5000,-50000,5000,50000,0,49000,1
50,6,192,R1C6,,6000,-50000,6000,50000,0,49000,1
50,7,192,R1C7,,7000,-50000,7000,50000,0,49000,1
50,8,192,R1C8,,8000,-50000,8000,50000,0,49000,1
51,0,192,R2C0,,0,-51000,0,51000,0,49000,1
51,1,192,R2C1,,1000,-51000,1000,51000,0,49000,1
51,2,192,R2C2,,2000,-51000,2000,51000,0,49000,1
51,3,192,R2C3,,3000,-51000,3000,51000,0,49000,1
51,4,192,R2C4,,4000,-51000,4000,51000,0,49000,1
51,5,192,R2C5,,5000,-51000,5000,51000,0,49000,1
51,6,192,R2C6,,6000,-51000,6000,51000,0,49000,1
51,7,192,R2C7,,7000,-51000,7000,51000,0,49000,1
51,8,192,R2C8,,8000,-51000,8000,51000,0,49000,1
52,0,192,R3C0,,0,-52000,0,52000,0,49000,1
52,1,192,R3C1,,1000,-52000,1000,52000,0,49000,1
52,2,192,R3C2,,2000,-52000,2000,52000,0,49000,1
52,3,192,R3C3,,3000,-52000,3000,52000,0,49000,1
52,4,192,R3C4,,4000,-52000,4000,52000,0,49000,1
52,5,192,R3C5,,5000,-52000,5000,52000,0,49000,1
52,6,192,R3C6,,6000,-52000,6000,52000,0,49000,1
52,7,192,R3C7,,7000,-52000,7000,52000,0,49000,1
52,8,192,R3C8,,8000,-52000,8000,52000,0,49000,1
53,0,192,R4C0,,0,-53000,0,53000,0,49000,1
53,1,192,R4C1,,1000,-53000,1000,53000,0,49000,1
53,2,192,R4C2,,2000,-53000,2000,53000,0,49000,1
53,3,192,R4C3,,3000,-53000,3000,53000,0,49000,1
53,4,192,R4C4,,4000,-53000,4000,53000,0,49000,1
53,5,192,R4C5,,5000,-53000,5000,53000,0,49000,1
53,6,192,R4C6,,6000,-53000,6000,53000,0,49000,1
53,7,192,R4C7,,7000,-53000,7000,53000,0,49000,1
53,8,192,R4C8,,8000,-53000,8000,53000,0,49000,1
54,0,192,R5C0,,0,-54000,0,54000,0,49000,1
54,1,192,R5C1,,1000,-54000,1000,54000,0,49000,1
54,2,192,R5C2,,2000,-54000,2000,54000,0,49000,1
54,3,192,R5C3,,3000,-54000,3000,54000,0,49000,1
54,4,192,R5C4,,4000,-54000,4000,54000,0,49000,1
54,5,192,R5C5,,5000,-54000,5000,54000,0,49000,1
54,6,192,R5C6,,6000,-54000,6000,54000,0,49000,1
54,7,192,R5C7,,7000,-54000,7000,54000,0,49000,1
54,8,192,R5C8,,8000,-54000,8000,54000,0,49000,1
55,0,192,R6C0,,0,-55000,0,55000,0,49000,1
55,1,192,R6C1,,1000,-55000,1000,55000,0,49000,1
55,2,192,R6C2,,2000,-55000,2000,55000,0,49000,1
55,3,192,R6C3,,3000,-55000,3000,55000,0,49000,1
55,4,192,R6C4,,4000,-55000,4000,55000,0,49000,1
55,5,192,R6C5,,5000,-55000,5000,55000,0,49000,1
55,6,192,R6C6,2-7-7-3,6000,-55000,6000,55000,0,49000,1
55,7,192,R6C7,1-7-7-3,7000,-55000,7000,55000,0,49000,1
55,8,192,R6C8,,8000,-55000,8000,55000,0,49000,1
-7,-27,86,R0C0,,-27000,7000,-27000,-7000,-27000,-7000,1
-7,-26,86,R0C1,,-26000,7000,-26000,-7000,-27000,-7000,1
-7,-25,86,R0C2,,-25000,7000,-25000,-7000,-27000,-7000,1
-7,-24,86,R0C3,,-24000,7000,-24000,-7000,-27000,-7000,1
-7,-23,86,R0C4,,-23000,7000,-23000,-7000,-27000,-7000,1
-7,-22,86,R0C5,,-22000,7000,-22000,-7000,-27000,-7000,1
-7,-21,86,R0C6,,-21000,7000,-21000,-7000,-27000,-7000,1
-7,-20,86,R0C7,,-20000,7000,-20000,-7000,-27000,-7000,1
-7,-19,86,R0C8,,-19000,7000,-19000,-7000,-27000,-7000,1
-6,-27,86,R1C0,,-27000,6000,-27000,-6000,-27000,-7000,1
-6,-26,86,R1C1,,-26000,6000,-26000,-6000,-27000,-7000,1
-6,-25,86,R1C2,,-25000,6000,-25000,-6000,-27000,-7000,1
-6,-24,86,R1C3,,-24000,6000,-24000,-6000,-27000,-7000,1
-6,-23,86,R1C4,,-23000,6000,-23000,-6000,-27000,-7000,1
-6,-22,86,R1C5,,-22000,6000,-22000,-6000,-27000,-7000,1
-6,-21,86,R1C6,,-21000,6000,-21000,-6000,-27000,-7000,1
-6,-20,86,R1C7,,-20000,6000,-20000,-6000,-27000,-7000,1
-6,-19,86,R1C8,,-19000,6000,-19000,-6000,-27000,-7000,1
-5,-27,86,R2C0,,-27000,5000,-27000,-5000,-27000,-7000,1
-5,-26,86,R2C1,,-26000,5000,-26000,-5000,-27000,-7000,1
-5,-25,86,R2C2,,-25000,5000,-25000,-5000,-27000,-7000,1
-5,-24,86,R2C3,,-24000,5000,-24000,-5000,-27000,-7000,1
-5,-23,86,R2C4,,-23000,5000,-23000,-5000,-27000,-7000,1
-5,-22,86,R2C5,,-22000,5000,-22000,-5000,-27000,-7000,1
-5,-21,86,R2C6,,-21000,5000,-21000,-5000,-27000,-7000,1
-5,-20,86,R2C7,,-20000,5000,-20000,-5000,-27000,-7000,1
-5,-19,86,R2C8,,-19000,5000,-19000,-5000,-27000,-7000,1
-4,-27,86,R3C0,,-27000,4000,-27000,-4000,-27000,-7000,1
-4,-26,86,R3C1,,-26000,4000,-26000,-4000,-27000,-7000,1
-4,-25,86,R3C2,,-25000,4000,-25000,-4000,-27000,-7000,1
-4,-24,86,R3C3,,-24000,4000,-24000,-4000,-27000,-7000,1
-4,-23,86,R3C4,,-23000,4000,-23000,-4000,-27000,-7000,1
-4,-22,86,R3C5,,-22000,4000,-22000,-4000,-27000,-7000,1
-4,-21,86,R3C6,,-21000,4000,-21000,-4000,-27000,-7000,1
-4,-20,86,R3C7,,-20000,4000,-20000,-4000,-27000,-7000,1
-4,-19,86,R3C8,,-19000,4000,-19000,-4000,-27000,-7000,1
-3,-27,86,R4C0,,-27000,3000,-27000,-3000,-27000,-7000,1
-3,-26,86,R4C1,,-26000,3000,-26000,-3000,-27000,-7000,1
-3,-25,86,R4C2,,-25000,3000,-25000,-3000,-27000,-7000,1
-3,-24,86,R4C3,,-24000,3000,-24000,-3000,-27000,-7000,1
-3,-23,86,R4C4,,-23000,3000,-23000,-3000,-27000,-7000,1
-3,-22,86,R4C5,,-22000,3000,-22000,-3000,-27000,-7000,1
-3,-21,86,R4C6,,-21000,3000,-21000,-3000,-27000,-7000,1
-3,-20,86,R4C7,,-20000,3000,-20000,-3000,-27000,-7000,1
-3,-19,86,R4C8,,-19000,3000,-19000,-3000,-27000,-7000,1
-2,-27,86,R5C0,,-27000,2000,-27000,-2000,-27000,-7000,1
-2,-26,86,R5C1,,-26000,2000,-26000,-2000,-27000,-7000,1
-2,-25,86,R5C2,,-25000,2000,-25000,-2000,-27000,-7000,1
-2,-24,86,R5C3,,-24000,2000,-24000,-2000,-27000,-7000,1
-2,-23,86,R5C4,,-23000,2000,-23000,-2000,-27000,-7000,1
-2,-22,86,R5C5,,-22000,2000,-22000,-2000,-27000,-7000,1
-2,-21,86,R5C6,,-21000,2000,-21000,-2000,-27000,-7000,1
-2,-20,86,R5C7,,-20000,2000,-20000,-2000,-27000,-7000,1
-2,-19,86,R5C8,,-19000,2000,-19000,-2000,-27000,-7000,1
-1,-27,86,R6C0,,-27000,1000,-27000,-1000,-27000,-7000,1
-1,-26,86,R6C1,,-26000,1000,-26000,-1000,-27000,-7000,1
-1,-25,86,R6C2,,-25000,1000,-25000,-1000,-27000,-7000,1
-1,-24,86,R6C3,,-24000,1000,-24000,-1000,-27000,-7000,1
-1,-23,86,R6C4,,-23000,1000,-23000,-1000,-27000,-7000,1
-1,-22,86,R6C5,,-22000,1000,-22000,-1000,-27000,-7000,1
-1,-21,86,R6C6,2-7-10-11,-21000,1000,-21000,-1000,-27000,-7000,1
-1,-20,86,R6C7,1-7-10-11,-20000,1000,-20000,-1000,-27000,-7000,1
-1,-19,86,R6C8,,-19000,1000,-19000,-1000,-27000,-7000,1
-14,-27,72,R0C0,,-27000,14000,-27000,-14000,-27000,-14000,1
-14,-26,72,R0C1,,-26000,14000,-26000,-14000,-27000,-14000,1
-14,-25,72,R0C2,,-25000,14000,-25000,-14000,-27000,-14000,1
-14,-24,72,R0C3,,-24000,14000,-24000,-14000,-27000,-14000,1
-14,-23,72,R0C4,,-23000,14000,-23000,-14000,-27000,-14000,1
-14,-22,72,R0C5,,-22000,14000,-22000,-14000,-27000,-14000,1
-14,-21,72,R0C6,,-21000,14000,-21000,-14000,-27000,-14000,1
-14,-20,72,R0C7,,-20000,14000,-20000,-14000,-27000,-14000,1
-14,-19,72,R0C8,,-19000,14000,-19000,-14000,-27000,-14000,1
-13,-27,72,R1C0,,-27000,13000,-27000,-13000,-27000,-14000,1
-13,-26,72,R1C1,,-26000,13000,-26000,-13000,-27000,-14000,1
-13,-25,72,R1C2,,-25000,13000,-25000,-13000,-27000,-14000,1
-13,-24,72,R1C3,,-24000,13000,-24000,-13000,-27000,-14000,1
-13,-23,72,R1C4,,-23000,13000,-23000,-13000,-27000,-14000,1
-13,-22,72,R1C5,,-22000,13000,-22000,-13000,-27000,-14000,1
-13,-21,72,R1C6,,-21000,13000,-21000,-13000,-27000,-14000,1
-13,-20,72,R1C7,,-20000,13000,-20000,-13000,-27000,-14000,1
-13,-19,72,R1C8,,-19000,13000,-19000,-13000,-27000,-14000,1
-12,-27,72,R2C0,,-27000,12000,-27000,-12000,-27000,-14000,1
-12,-26,72,R2C1,,-26000,12000,-26000,-12000,-27000,-14000,1
-12,-25,72,R2C2,,-25000,12000,-25000,-12000,-27000,-14000,1
-12,-24,72,R2C3,,-24000,12000,-24000,-12000,-27000,-14000,1
-12,-23,72,R2C4,,-23000,12000,-23000,-12000,-27000,-14000,1
-12,-22,72,R2C5,,-22000,12000,-22000,-12000,-27000,-14000,1
-12,-21,72,R2C6,,-21000,12000,-21000,-12000,-27000,-14000,1
-12,-20,72,R2C7,,-20000,12000,-20000,-12000,-27000,-14000,1
-12,-19,72,R2C8,,-19000,12000,-19000,-12000,-27000,-14000,1
-11,-27,72,R3C0,,-27000,11000,-27000,-11000,-27000,-14000,1
-11,-26,72,R3C1,,-26000,11000,-26000,-11000,-27000,-14000,1
-11,-25,72,R3C2,,-25000,11000,-25000,-11000,-27000,-14000,1
-11,-24,72,R3C3,,-24000,11000,-24000,-11000,-27000,-14000,1
-11,-23,72,R3C4,,-23000,11000,-23000,-11000,-27000,-14000,1
-11,-22,72,R3C5,,-22000,11000,-22000,-11000,-27000,-14000,1
-11,-21,72,R3C6,,-21000,11000,-21000,-11000,-27000,-14000,1
-11,-20,72,R3C7,,-20000,11000,-20000,-11000,-27000,-14000,1
-11,-19,72,R3C8,,-19000,11000,-19000,-11000,-27000,-14000,1
-10,-27,72,R4C0,,-27000,10000,-27000,-10000,-27000,-14000,1
-10,-26,72,R4C1,,-26000,10000,-26000,-10000,-27000,-14000,1
-10,-25,72,R4C2,,-25000,10000,-25000,-10000,-27000,-14000,1
-10,-24,72,R4C3,,-24000,10000,-24000,-10000,-27000,-14000,1
-10,-23,72,R4C4,,-23000,10000,-23000,-10000,-27000,-14000,1
-10,-22,72,R4C5,,-22000,10000,-22000,-10000,-27000,-14000,1
-10,-21,72,R4C6,,-21000,10000,-21000,-10000,-27000,-14000,1
-10,-20,72,R4C7,,-20000,10000,-20000,-10000,-27000,-14000,1
-10,-19,72,R4C8,,-19000,10000,-19000,-10000,-27000,-14000,1
-9,-27,72,R5C0,,-27000,9000,-27000,-9000,-27000,-14000,1
-9,-26,72,R5C1,,-26000,9000,-26000,-9000,-27000,-14000,1
-9,-25,72,R5C2,,-25000,9000,-25000,-9000,-27000,-14000,1
-9,-24,72,R5C3,,-24000,9000,-24000,-9000,-27000,-14000,1
-9,-23,72,R5C4,,-23000,9000,-23000,-9000,-27000,-14000,1
-9,-22,72,R5C5,,-22000,9000,-22000,-9000,-27000,-14000,1
-9,-21,72,R5C6,,-21000,9000,-21000,-9000,-27000,-14000,1
-9,-20,72,R5C7,,-20000,9000,-20000,-9000,-27000,-14000,1
-9,-19,72,R5C8,,-19000,9000,-19000,-9000,-27000,-14000,1
-8,-27,72,R6C0,,-27000,8000,-27000,-8000,-27000,-14000,1
-8,-26,72,R6C1,,-26000,8000,-26000,-8000,-27000,-14000,1
-8,-25,72,R6C2,,-25000,8000,-25000,-8000,-27000,-14000,1
-8,-24,72,R6C3,,-24000,8000,-24000,-8000,-27000,-14000,1
-8,-23,72,R6C4,,-23000,8000,-23000,-8000,-27000,-14000,1
-8,-22,72,R6C5,,-22000,8000,-22000,-8000,-27000,-14000,1
-8,-21,72,R6C6,2-7-10-12,-21000,8000,-21000,-8000,-27000,-14000,1
-8,-20,72,R6C7,1-7-10-12,-20000,8000,-20000,-8000,-27000,-14000,1
-8,-19,72,R6C8,,-19000,8000,-19000,-8000,-27000,-14000,1
-28,0,49,R0C0,,0,28000,0,-28000,0,-28000,1
-28,1,49,R0C1,,1000,28000,1000,-28000,0,-28000,1
-28,2,49,R0C2,,2000,28000,2000,-28000,0,-28000,1
-28,3,49,R0C3,,3000,28000,3000,-28000,0,-28000,1
-28,4,49,R0C4,,4000,28000,4000,-28000,0,-28000,1
-28,5,49,R0C5,,5000,28000,5000,-28000,0,-28000,1
-28,6,49,R0C6,,6000,28000,6000,-28000,0,-28000,1
-28,7,49,R0C7,,7000,28000,7000,-28000,0,-28000,1
-28,8,49,R0C8,,8000,28000,8000,-28000,0,-28000,1
-27,0,49,R1C0,,0,27000,0,-27000,0,-28000,1
-27,1,49,R1C1,,1000,27000,1000,-27000,0,-28000,1
-27,2,49,R1C2,,2000,27000,2000,-27000,0,-28000,1
-27,3,49,R1C3,,3000,27000,3000,-27000,0,-28000,1
-27,4,49,R1C4,,4000,27000,4000,-27000,0,-28000,1
-27,5,49,R1C5,,5000,27000,5000,-27000,0,-28000,1
-27,6,49,R1C6,,6000,27000,6000,-27000,0,-28000,1
-27,7,49,R1C7,,7000,27000,7000,-27000,0,-28000,1
-27,8,49,R1C8,,8000,27000,8000,-27000,0,-28000,1
-26,0,49,R2C0,,0,26000,0,-26000,0,-28000,1
-26,1,49,R2C1,,1000,26000,1000,-26000,0,-28000,1
-26,2,49,R2C2,,2000,26000,2000,-26000,0,-28000,1
-26,3,49,R2C3,,3000,26000,3000,-26000,0,-28000,1
-26,4,49,R2C4,,4000,26000,4000,-26000,0,-28000,1
-26,5,49,R2C5,,5000,26000,5000,-26000,0,-28000,1
-26,6,49,R2C6,,6000,26000,6000,-26000,0,-28000,1
-26,7,49,R2C7,,7000,26000,7000,-26000,0,-28000,1
-26,8,49,R2C8,,8000,26000,8000,-26000,0,-28000,1
-25,0,49,R3C0,,0,25000,0,-25000,0,-28000,1
-25,1,49,R3C1,,1000,25000,1000,-25000,0,-28000,1
-25,2,49,R3C2,,2000,25000,2000,-25000,0,-28000,1
-25,3,49,R3C3,,3000,25000,3000,-25000,0,-28000,1
-25,4,49,R3C4,,4000,25000,4000,-25000,0,-28000,1
-25,5,49,R3C5,,5000,25000,5000,-25000,0,-28000,1
-25,6,49,R3C6,,6000,25000,6000,-25000,0,-28000,1
-25,7,49,R3C7,,7000,25000,7000,-25000,0,-28000,1
-25,8,49,R3C8,,8000,25000,8000,-25000,0,-28000,1
-24,0,49,R4C0,,0,24000,0,-24000,0,-28000,1
-24,1,49,R4C1,,1000,24000,1000,-24000,0,-28000,1
-24,2,49,R4C2,,2000,24000,2000,-24000,0,-28000,1
-24,3,49,R4C3,,3000,24000,3000,-24000,0,-28000,1
-24,4,49,R4C4,,4000,24000,4000,-24000,0,-28000,1
-24,5,49,R4C5,,5000,24000,5000,-24000,0,-28000,1
-24,6,49,R4C6,,6000,24000,6000,-24000,0,-28000,1
-24,7,49,R4C7,,7000,24000,7000,-24000,0,-28000,1
-24,8,49,R4C8,,8000,24000,8000,-24000,0,-28000,1
-23,0,49,R5C0,,0,23000,0,-23000,0,-28000,1
-23,1,49,R5C1,,1000,23000,1000,-23000,0,-28000,1
-23,2,49,R5C2,,2000,23000,2000,-23000,0,-28000,1
-23,3,49,R5C3,,3000,23000,3000,-23000,0,-28000,1
-23,4,49,R5C4,,4000,23000,4000,-23000,0,-28000,1
-23,5,49,R5C5,,5000,23000,5000,-23000,0,-28000,1
-23,6,49,R5C6,,6000,23000,6000,-23000,0,-28000,1
-23,7,49,R5C7,,7000,23000,7000,-23000,0,-28000,1
-23,8,49,R5C8,,8000,23000,8000,-23000,0,-28000,1
-22,0,49,R6C0,,0,22000,0,-22000,0,-28000,1
-22,1,49,R6C1,,1000,22000,1000,-22000,0,-28000,1
-22,2,49,R6C2,,2000,22000,2000,-22000,0,-28000,1
-22,3,49,R6C3,,3000,22000,3000,-22000,0,-28000,1
-22,4,49,R6C4,,4000,22000,4000,-22000,0,-28000,1
-22,5,49,R6C5,,5000,22000,5000,-22000,0,-28000,1
-22,6,49,R6C6,2-7-7-14,6000,22000,6000,-22000,0,-28000,1
-22,7,49,R6C7,1-7-7-14,7000,22000,7000,-22000,0,-28000,1
-22,8,49,R6C8,,8000,22000,8000,-22000,0,-28000,1
21,-36,142,R0C0,,-36000,-21000,-36000,21000,-36000,21000,1
21,-35,142,R0C1,,-35000,-21000,-35000,21000,-36000,21000,1
21,-34,142,R0C2,,-34000,-21000,-34000,21000,-36000,21000,1
21,-33,142,R0C3,,-33000,-21000,-33000,21000,-36000,21000,1
21,-32,142,R0C4,,-32000,-21000,-32000,21000,-36000,21000,1
21,-31,142,R0C5,,-31000,-21000,-31000,21000,-36000,21000,1
21,-30,142,R0C6,,-30000,-21000,-30000,21000,-36000,21000,1
21,-29,142,R0C7,,-29000,-21000,-29000,21000,-36000,21000,1
21,-28,142,R0C8,,-28000,-21000,-28000,21000,-36000,21000,1
22,-36,142,R1C0,,-36000,-22000,-36000,22000,-36000,21000,1
22,-35,142,R1C1,,-35000,-22000,-35000,22000,-36000,21000,1
22,-34,142,R1C2,,-34000,-22000,-34000,22000,-36000,21000,1
22,-33,142,R1C3,,-33000,-22000,-33000,22000,-36000,21000,1
22,-32,142,R1C4,,-32000,-22000,-32000,22000,-36000,21000,1
22,-31,142,R1C5,,-31000,-22000,-31000,22000,-36000,21000,1
22,-30,142,R1C6,,-30000,-22000,-30000,22000,-36000,21000,1
22,-29,142,R1C7,,-29000,-22000,-29000,22000,-36000,21000,1
22,-28,142,R1C8,,-28000,-22000,-28000,22000,-36000,21000,1
23,-36,142,R2C0,,-36000,-23000,-36000,23000,-36000,21000,1
23,-35,142,R2C1,,-35000,-23000,-35000,23000,-36000,21000,1
23,-34,142,R2C2,,-34000,-23000,-34000,23000,-36000,21000,1
23,-33,142,R2C3,,-33000,-23000,-33000,23000,-36000,21000,1
23,-32,142,R2C4,,-32000,-23000,-32000,23000,-36000,21000,1
23,-31,142,R2C5,,-31000,-23000,-31000,23000,-36000,21000,1
23,-30,142,R2C6,,-30000,-23000,-30000,23000,-36000,21000,1
23,-29,142,R2C7,,-29000,-23000,-29000,23000,-36000,21000,1
23,-28,142,R2C8,,-28000,-23000,-28000,23000,-36000,21000,1
24,-36,142,R3C0,,-36000,-24000,-36000,24000,-36000,21000,1
24,-35,142,R3C1,,-35000,-24000,-35000,24000,-36000,21000,1
24,-34,142,R3C2,,-34000,-24000,-34000,24000,-36000,21000,1
24,-33,142,R3C3,,-33000,-24000,-33000,24000,-36000,21000,1
24,-32,142,R3C4,,-32000,-24000,-32000,24000,-36000,21000,1
24,-31,142,R3C5,,-31000,-24000,-31000,24000,-36000,21000,1
24,-30,142,R3C6,,-30000,-24000,-30000,24000,-36000,21000,1
24,-29,142,R3C7,,-29000,-24000,-29000,24000,-36000,21000,1
24,-28,142,R3C8,,-28000,-24000,-28000,24000,-36000,21000,1
25,-36,142,R4C0,,-36000,-25000,-36000,25000,-36000,21000,1
25,-35,142,R4C1,,-35000,-25000,-35000,25000,-36000,21000,1
25,-34,142,R4C2,,-34000,-25000,-34000,25000,-36000,21000,1
25,-33,142,R4C3,,-33000,-25000,-33000,25000,-36000,21000,1
25,-32,142,R4C4,,-32000,-25000,-32000,25000,-36000,21000,1
25,-31,142,R4C5,,-31000,-25000,-31000,25000,-36000,21000,1
25,-30,142,R4C6,,-30000,-25000,-30000,25000,-36000,21000,1
25,-29,142,R4C7,,-29000,-25000,-29000,25000,-36000,21000,1
25,-28,142,R4C8,,-28000,-25000,-28000,25000,-36000,21000,1
26,-36,142,R5C0,,-36000,-26000,-36000,26000,-36000,21000,1
26,-35,142,R5C1,,-35000,-26000,-35000,26000,-36000,21000,1
26,-34,142,R5C2,,-34000,-26000,-34000,26000,-36000,21000,1
26,-33,142,R5C3,,-33000,-26000,-33000,26000,-36000,21000,1
26,-32,142,R5C4,,-32000,-26000,-32000,26000,-36000,21000,1
26,-31,142,R5C5,,-31000,-26000,-31000,26000,-36000,21000,1
26,-30,142,R5C6,,-30000,-26000,-30000,26000,-36000,21000,1
26,-29,142,R5C7,,-29000,-26000,-29000,26000,-36000,21000,1
26,-28,142,R5C8,,-28000,-26000,-28000,26000,-36000,21000,1
27,-36,142,R6C0,,-36000,-27000,-36000,27000,-36000,21000,1
27,-35,142,R6C1,,-35000,-27000,-35000,27000,-36000,21000,1
27,-34,142,R6C2,,-34000,-27000,-34000,27000,-36000,21000,1
27,-33,142,R6C3,,-33000,-27000,-33000,27000,-36000,21000,1
27,-32,142,R6C4,,-32000,-27000,-32000,27000,-36000,21000,1
27,-31,142,R6C5,,-31000,-27000,-31000,27000,-36000,21000,1
27,-30,142,R6C6,2-7-11-7,-30000,-27000,-30000,27000,-36000,21000,1
27,-29,142,R6C7,1-7-11-7,-29000,-27000,-29000,27000,-36000,21000,1
27,-28,142,R6C8,,-28000,-27000,-28000,27000,-36000,21000,1
21,45,151,R0C0,,45000,-21000,45000,21000,45000,21000,1
21,46,151,R0C1,,46000,-21000,46000,21000,45000,21000,1
21,47,151,R0C2,,47000,-21000,47000,21000,45000,21000,1
21,48,151,R0C3,,48000,-21000,48000,21000,45000,21000,1
21,49,151,R0C4,,49000,-21000,49000,21000,45000,21000,1
21,50,151,R0C5,,50000,-21000,50000,21000,45000,21000,1
21,51,151,R0C6,,51000,-21000,51000,21000,45000,21000,1
21,52,151,R0C7,,52000,-21000,52000,21000,45000,21000,1
21,53,151,R0C8,,53000,-21000,53000,21000,45000,21000,1
22,45,151,R1C0,,45000,-22000,45000,22000,45000,21000,1
22,46,151,R1C1,,46000,-22000,46000,22000,45000,21000,1
22,47,151,R1C2,,47000,-22000,47000,22000,45000,21000,1
22,48,151,R1C3,,48000,-22000,48000,22000,45000,21000,1
22,49,151,R1C4,,49000,-22000,49000,22000,45000,21000,1
22,50,151,R1C5,,50000,-22000,50000,22000,45000,21000,1
22,51,151,R1C6,,51000,-22000,51000,22000,45000,21000,1
22,52,151,R1C7,,52000,-22000,52000,22000,45000,21000,1
22,53,151,R1C8,,53000,-22000,53000,22000,45000,21000,1
23,45,151,R2C0,,45000,-23000,45000,23000,45000,21000,1
23,46,151,R2C1,,46000,-23000,46000,23000,45000,21000,1
23,47,151,R2C2,,47000,-23000,47000,23000,45000,21000,1
23,48,151,R2C3,,48000,-23000,48000,23000,45000,21000,1
23,49,151,R2C4,,49000,-23000,49000,23000,45000,21000,1
23,50,151,R2C5,,50000,-23000,50000,23000,45000,21000,1
23,51,151,R2C6,,51000,-23000,51000,23000,45000,21000,1
23,52,151,R2C7,,52000,-23000,52000,23000,45000,21000,1
23,53,151,R2C8,,53000,-23000,53000,23000,45000,21000,1
24,45,151,R3C0,,45000,-24000,45000,24000,45000,21000,1
24,46,151,R3C1,,46000,-24000,46000,24000,45000,21000,1
24,47,151,R3C2,,47000,-24000,47000,24000,45000,21000,1
24,48,151,R3C3,,48000,-24000,48000,24000,45000,21000,1
24,49,151,R3C4,,49000,-24000,49000,24000,45000,21000,1
24,50,151,R3C5,,50000,-24000,50000,24000,45000,21000,1
24,51,151,R3C6,,51000,-24000,51000,24000,45000,21000,1
24,52,151,R3C7,,52000,-24000,52000,24000,45000,21000,1
24,53,151,R3C8,,53000,-24000,53000,24000,45000,21000,1
25,45,151,R4C0,,45000,-25000,45000,25000,45000,21000,1
25,46,151,R4C1,,46000,-25000,46000,25000,45000,21000,1
25,47,151,R4C2,,47000,-25000,47000,25000,45000,21000,1
25,48,151,R4C3,,48000,-25000,48000,25000,45000,21000,1
25,49,151,R4C4,,49000,-25000,49000,25000,45000,21000,1
25,50,151,R4C5,,50000,-25000,50000,25000,45000,21000,1
25,51,151,R4C6,,51000,-25000,51000,25000,45000,21000,1
25,52,151,R4C7,,52000,-25000,52000,25000,45000,21000,1
25,53,151,R4C8,,53000,-25000,53000,25000,45000,21000,1
26,45,151,R5C0,,45000,-26000,45000,26000,45000,21000,1
26,46,151,R5C1,,46000,-26000,46000,26000,45000,21000,1
26,47,151,R5C2,,47000,-26000,47000,26000,45000,21000,1
26,48,151,R5C3,,48000,-26000,48000,26000,45000,21000,1
26,49,151,R5C4,,49000,-26000,49000,26000,45000,21000,1
26,50,151,R5C5,,50000,-26000,50000,26000,45000,21000,1
26,51,151,R5C6,,51000,-26000,51000,26000,45000,21000,1
26,52,151,R5C7,,52000,-26000,52000,26000,45000,21000,1
26,53,151,R5C8,,53000,-26000,53000,26000,45000,21000,1
27,45,151,R6C0,,45000,-27000,45000,27000,45000,21000,1
27,46,151,R6C1,,46000,-27000,46000,27000,45000,21000,1
27,47,151,R6C2,,47000,-27000,47000,27000,45000,21000,1
27,48,151,R6C3,,48000,-27000,48000,27000,45000,21000,1
27,49,151,R6C4,,49000,-27000,49000,27000,45000,21000,1
27,50,151,R6C5,,50000,-27000,50000,27000,45000,21000,1
27,51,151,R6C6,2-7-2-7,51000,-27000,51000,27000,45000,21000,1
27,52,151,R6C7,1-7-2-7,52000,-27000,52000,27000,45000,21000,1
27,53,151,R6C8,,53000,-27000,53000,27000,45000,21000,1
35,18,173,R0C0,,18000,-35000,18000,35000,18000,35000,1
35,19,173,R0C1,,19000,-35000,19000,35000,18000,35000,1
35,20,173,R0C2,,20000,-35000,20000,35000,18000,35000,1
35,21,173,R0C3,,21000,-35000,21000,35000,18000,35000,1
35,22,173,R0C4,,22000,-35000,22000,35000,18000,35000,1
35,23,173,R0C5,,23000,-35000,23000,35000,18000,35000,1
35,24,173,R0C6,,24000,-35000,24000,35000,18000,35000,1
35,25,173,R0C7,,25000,-35000,25000,35000,18000,35000,1
35,26,173,R0C8,,26000,-35000,26000,35000,18000,35000,1
36,18,173,R1C0,,18000,-36000,18000,36000,18000,35000,1
36,19,173,R1C1,,19000,-36000,19000,36000,18000,35000,1
36,20,173,R1C2,,20000,-36000,20000,36000,18000,35000,1
36,21,173,R1C3,,21000,-36000,21000,36000,18000,35000,1
36,22,173,R1C4,,22000,-36000,22000,36000,18000,35000,1
36,23,173,R1C5,,23000,-36000,23000,36000,18000,35000,1
36,24,173,R1C6,,24000,-36000,24000,36000,18000,35000,1
36,25,173,R1C7,,25000,-36000,25000,36000,18000,35000,1
36,26,173,R1C8,,26000,-36000,26000,36000,18000,35000,1
37,18,173,R2C0,,18000,-37000,18000,37000,18000,35000,1
37,19,173,R2C1,,19000,-37000,19000,37000,18000,35000,1
37,20,173,R2C2,,20000,-37000,20000,37000,18000,35000,1
37,21,173,R2C3,,21000,-37000,21000,37000,18000,35000,1
37,22,173,R2C4,,22000,-37000,22000,37000,18000,35000,1
37,23,173,R2C5,,23000,-37000,23000,37000,18000,35000,1
37,24,173,R2C6,,24000,-37000,24000,37000,18000,35000,1
37,25,173,R2C7,,25000,-37000,25000,37000,18000,35000,1
37,26,173,R2C8,,26000,-37000,26000,37000,18000,35000,1
38,18,173,R3C0,,18000,-38000,18000,38000,18000,35000,1
38,19,173,R3C1,,19000,-38000,19000,38000,18000,35000,1
38,20,173,R3C2,,20000,-38000,20000,38000,18000,35000,1
38,21,173,R3C3,,21000,-38000,21000,38000,18000,35000,1
38,22,173,R3C4,,22000,-38000,22000,38000,18000,35000,1
38,23,173,R3C5,,23000,-38000,23000,38000,18000,35000,1
38,24,173,R3C6,,24000,-38000,24000,38000,18000,35000,1
38,25,173,R3C7,,25000,-38000,25000,38000,18000,35000,1
38,26,173,R3C8,,26000,-38000,26000,38000,18000,35000,1
39,18,173,R4C0,,18000,-39000,18000,39000,18000,35000,1
39,19,173,R4C1,,19000,-39000,19000,39000,18000,35000,1
39,20,173,R4C2,,20000,-39000,20000,39000,18000,35000,1
39,21,173,R4C3,,21000,-39000,21000,39000,18000,35000,1
39,22,173,R4C4,,22000,-39000,22000,39000,18000,35000,1
39,23,173,R4C5,,23000,-39000,23000,39000,18000,35000,1
39,24,173,R4C6,,24000,-39000,24000,39000,18000,35000,1
39,25,173,R4C7,,25000,-39000,25000,39000,18000,35000,1
39,26,173,R4C8,,26000,-39000,26000,39000,18000,35000,1
40,18,173,R5C0,,18000,-40000,18000,40000,18000,35000,1
40,19,173,R5C1,,19000,-40000,19000,40000,18000,35000,1
40,20,173,R5C2,,20000,-40000,20000,40000,18000,35000,1
40,21,173,R5C3,,21000,-40000,21000,40000,18000,35000,1
40,22,173,R5C4,,22000,-40000,22000,40000,18000,35000,1
40,23,173,R5C5,,23000,-40000,23000,40000,18000,35000,1
40,24,173,R5C6,,24000,-40000,24000,40000,18000,35000,1
40,25,173,R5C7,,25000,-40000,25000,40000,18000,35000,1
40,26,173,R5C8,,26000,-40000,26000,40000,18000,35000,1
41,18,173,R6C0,,18000,-41000,18000,41000,18000,35000,1
41,19,173,R6C1,,19000,-41000,19000,41000,18000,35000,1
41,20,173,R6C2,,20000,-41000,20000,41000,18000,35000,1
41,21,173,R6C3,,21000,-41000,21000,41000,18000,35000,1
41,22,173,R6C4,,22000,-41000,22000,41000,18000,35000,1
41,23,173,R6C5,,23000,-41000,23000,41000,18000,35000,1
41,24,173,R6C6,2-7-5-5,24000,-41000,24000,41000,18000,35000,1
41,25,173,R6C7,1-7-5-5,25000,-41000,25000,41000,18000,35000,1
41,26,173,R6C8,,26000,-41000,26000,41000,18000,35000,1
28,36,163,R0C0,,36000,-28000,36000,28000,36000,28000,1
28,37,163,R0C1,,37000,-28000,37000,28000,36000,28000,1
28,38,163,R0C2,,38000,-28000,38000,28000,36000,28000,1
28,39,163,R0C3,,39000,-28000,39000,28000,36000,28000,1
28,40,163,R0C4,,40000,-28000,40000,28000,36000,28000,1
28,41,163,R0C5,,41000,-28000,41000,28000,36000,28000,1
28,42,163,R0C6,,42000,-28000,42000,28000,36000,28000,1
28,43,163,R0C7,,43000,-28000,43000,28000,36000,28000,1
28,44,163,R0C8,,44000,-28000,44000,28000,36000,28000,1
29,36,163,R1C0,,36000,-29000,36000,29000,36000,28000,1
29,37,163,R1C1,,37000,-29000,37000,29000,36000,28000,1
29,38,163,R1C2,,38000,-29000,38000,29000,36000,28000,1
29,39,163,R1C3,,39000,-29000,39000,29000,36000,28000,1
29,40,163,R1C4,,40000,-29000,40000,29000,36000,28000,1
29,41,163,R1C5,,41000,-29000,41000,29000,36000,28000,1
29,42,163,R1C6,,42000,-29000,42000,29000,36000,28000,1
29,43,163,R1C7,,43000,-29000,43000,29000,36000,28000,1
29,44,163,R1C8,,44000,-29000,44000,29000,36000,28000,1
30,36,163,R2C0,,36000,-30000,36000,30000,36000,28000,1
30,37,163,R2C1,,37000,-30000,37000,30000,36000,28000,1
30,38,163,R2C2,,38000,-30000,38000,30000,36000,28000,1
30,39,163,R2C3,,39000,-30000,39000,30000,36000,28000,1
30,40,163,R2C4,,40000,-30000,40000,30000,36000,28000,1
30,41,163,R2C5,,41000,-30000,41000,30000,36000,28000,1
30,42,163,R2C6,,42000,-30000,42000,30000,36000,28000,1
30,43,163,R2C7,,43000,-30000,43000,30000,36000,28000,1
30,44,163,R2C8,,44000,-30000,44000,30000,36000,28000,1
31,36,163,R3C0,,36000,-31000,36000,31000,36000,28000,1
31,37,163,R3C1,,37000,-31000,37000,31000,36000,28000,1
31,38,163,R3C2,,38000,-31000,38000,31000,36000,28000,1
31,39,163,R3C3,,39000,-31000,39000,31000,36000,28000,1
31,40,163,R3C4,,40000,-31000,40000,31000,36000,28000,1
31,41,163,R3C5,,41000,-31000,41000,31000,36000,28000,1
31,42,163,R3C6,,42000,-31000,42000,31000,36000,28000,1
31,43,163,R3C7,,43000,-31000,43000,31000,36000,28000,1
31,44,163,R3C8,,44000,-31000,44000,31000,36000,28000,1
32,36,163,R4C0,,36000,-32000,36000,32000,36000,28000,1
32,37,163,R4C1,,37000,-32000,37000,32000,36000,28000,1
32,38,163,R4C2,,38000,-32000,38000,32000,36000,28000,1
32,39,163,R4C3,,39000,-32000,39000,32000,36000,28000,1
32,40,163,R4C4,,40000,-32000,40000,32000,36000,28000,1
32,41,163,R4C5,,41000,-32000,41000,32000,36000,28000,1
32,42,163,R4C6,,42000,-32000,42000,32000,36000,28000,1
32,43,163,R4C7,,43000,-32000,43000,32000,36000,28000,1
32,44,163,R4C8,,44000,-32000,44000,32000,36000,28000,1
33,36,163,R5C0,,36000,-33000,36000,33000,36000,28000,1
33,37,163,R5C1,,37000,-33000,37000,33000,36000,28000,1
33,38,163,R5C2,,38000,-33000,38000,33000,36000,28000,1
33,39,163,R5C3,,39000,-33000,39000,33000,36000,28000,1
33,40,163,R5C4,,40000,-33000,40000,33000,36000,28000,1
33,41,163,R5C5,,41000,-33000,41000,33000,36000,28000,1
33,42,163,R5C6,,42000,-33000,42000,33000,36000,28000,1
33,43,163,R5C7,,43000,-33000,43000,33000,36000,28000,1
33,44,163,R5C8,,44000,-33000,44000,33000,36000,28000,1
34,36,163,R6C0,,36000,-34000,36000,34000,36000,28000,1
34,37,163,R6C1,,37000,-34000,37000,34000,36000,28000,1
34,38,163,R6C2,,38000,-34000,38000,34000,36000,28000,1
34,39,163,R6C3,,39000,-34000,39000,34000,36000,28000,1
34,40,163,R6C4,,40000,-34000,40000,34000,36000,28000,1
34,41,163,R6C5,,41000,-34000,41000,34000,36000,28000,1
34,42,163,R6C6,2-7-3-6,42000,-34000,42000,34000,36000,28000,1
34,43,163,R6C7,1-7-3-6,43000,-34000,43000,34000,36000,28000,1
34,44,163,R6C8,,44000,-34000,44000,34000,36000,28000,1
-35,9,38,R0C0,,9000,35000,9000,-35000,9000,-35000,1
-35,10,38,R0C1,,10000,35000,10000,-35000,9000,-35000,1
-35,11,38,R0C2,,11000,35000,11000,-35000,9000,-35000,1
-35,12,38,R0C3,,12000,35000,12000,-35000,9000,-35000,1
-35,13,38,R0C4,,13000,35000,13000,-35000,9000,-35000,1
-35,14,38,R0C5,,14000,35000,14000,-35000,9000,-35000,1
-35,15,38,R0C6,,15000,35000,15000,-35000,9000,-35000,1
-35,16,38,R0C7,,16000,35000,16000,-35000,9000,-35000,1
-35,17,38,R0C8,,17000,35000,17000,-35000,9000,-35000,1
-34,9,38,R1C0,,9000,34000,9000,-34000,9000,-35000,1
-34,10,38,R1C1,,10000,34000,10000,-34000,9000,-35000,1
-34,11,38,R1C2,,11000,34000,11000,-34000,9000,-35000,1
-34,12,38,R1C3,,12000,34000,12000,-34000,9000,-35000,1
-34,13,38,R1C4,,13000,34000,13000,-34000,9000,-35000,1
-34,14,38,R1C5,,14000,34000,14000,-34000,9000,-35000,1
-34,15,38,R1C6,,15000,34000,15000,-34000,9000,-35000,1
-34,16,38,R1C7,,16000,34000,16000,-34000,9000,-35000,1
-34,17,38,R1C8,,17000,34000,17000,-34000,9000,-35000,1
-33,9,38,R2C0,,9000,33000,9000,-33000,9000,-35000,1
-33,10,38,R2C1,,10000,33000,10000,-33000,9000,-35000,1
-33,11,38,R2C2,,11000,33000,11000,-33000,9000,-35000,1
-33,12,38,R2C3,,12000,33000,12000,-33000,9000,-35000,1
-33,13,38,R2C4,,13000,33000,13000,-33000,9000,-35000,1
-33,14,38,R2C5,,14000,33000,14000,-33000,9000,-35000,1
-33,15,38,R2C6,,15000,33000,15000,-33000,9000,-35000,1
-33,16,38,R2C7,,16000,33000,16000,-33000,9000,-35000,1
-33,17,38,R2C8,,17000,33000,17000,-33000,9000,-35000,1
-32,9,38,R3C0,,9000,32000,9000,-32000,9000,-35000,1
-32,10,38,R3C1,,10000,32000,10000,-32000,9000,-35000,1
-32,11,38,R3C2,,11000,32000,11000,-32000,9000,-35000,1
-32,12,38,R3C3,,12000,32000,12000,-32000,9000,-35000,1
-32,13,38,R3C4,,13000,32000,13000,-32000,9000,-35000,1
-32,14,38,R3C5,,14000,32000,14000,-32000,9000,-35000,1
-32,15,38,R3C6,,15000,32000,15000,-32000,9000,-35000,1
-32,16,38,R3C7,,16000,32000,16000,-32000,9000,-35000,1
-32,17,38,R3C8,,17000,32000,17000,-32000,9000,-35000,1
-31,9,38,R4C0,,9000,31000,9000,-31000,9000,-35000,1
-31,10,38,R4C1,,10000,31000,10000,-31000,9000,-35000,1
-31,11,38,R4C2,,11000,31000,11000,-31000,9000,-35000,1
-31,12,38,R4C3,,12000,31000,12000,-31000,9000,-35000,1
-31,13,38,R4C4,,13000,31000,13000,-31000,9000,-35000,1
-31,14,38,R4C5,,14000,31000,14000,-31000,9000,-35000,1
-31,15,38,R4C6,,15000,31000,15000,-31000,9000,-35000,1
-31,16,38,R4C7,,16000,31000,16000,-31000,9000,-35000,1
-31,17,38,R4C8,,17000,31000,17000,-31000,9000,-35000,1
-30,9,38,R5C0,,9000,30000,9000,-30000,9000,-35000,1
-30,10,38,R5C1,,10000,30000,10000,-30000,9000,-35000,1
-30,11,38,R5C2,,11000,30000,11000,-30000,9000,-35000,1
-30,12,38,R5C3,,12000,30000,12000,-30000,9000,-35000,1
-30,13,38,R5C4,,13000,30000,13000,-30000,9000,-35000,1
-30,14,38,R5C5,,14000,30000,14000,-30000,9000,-35000,1
-30,15,38,R5C6,,15000,30000,15000,-30000,9000,-35000,1
-30,16,38,R5C7,,16000,30000,16000,-30000,9000,-35000,1
-30,17,38,R5C8,,17000,30000,17000,-30000,9000,-35000,1
-29,9,38,R6C0,,9000,29000,9000,-29000,9000,-35000,1
-29,10,38,R6C1,,10000,29000,10000,-29000,9000,-35000,1
-29,11,38,R6C2,,11000,29000,11000,-29000,9000,-35000,1
-29,12,38,R6C3,,12000,29000,12000,-29000,9000,-35000,1
-29,13,38,R6C4,,13000,29000,13000,-29000,9000,-35000,1
-29,14,38,R6C5,,14000,29000,14000,-29000,9000,-35000,1
-29,15,38,R6C6,2-7-6-15,15000,29000,15000,-29000,9000,-35000,1
-29,16,38,R6C7,1-7-6-15,16000,29000,16000,-29000,9000,-35000,1
-29,17,38,R6C8,,17000,29000,17000,-29000,9000,-35000,1
63,0,205,R0C0,,0,-63000,0,63000,0,63000,1
63,1,205,R0C1,,1000,-63000,1000,63000,0,63000,1
63,2,205,R0C2,,2000,-63000,2000,63000,0,63000,1
63,3,205,R0C3,,3000,-63000,3000,63000,0,63000,1
63,4,205,R0C4,,4000,-63000,4000,63000,0,63000,1
63,5,205,R0C5,,5000,-63000,5000,63000,0,63000,1
63,6,205,R0C6,,6000,-63000,6000,63000,0,63000,1
63,7,205,R0C7,,7000,-63000,7000,63000,0,63000,1
63,8,205,R0C8,,8000,-63000,8000,63000,0,63000,1
64,0,205,R1C0,,0,-64000,0,64000,0,63000,1
64,1,205,R1C1,,1000,-64000,1000,64000,0,63000,1
64,2,205,R1C2,,2000,-64000,2000,64000,0,63000,1
64,3,205,R1C3,,3000,-64000,3000,64000,0,63000,1
64,4,205,R1C4,,4000,-64000,4000,64000,0,63000,1
64,5,205,R1C5,,5000,-64000,5000,64000,0,63000,1
64,6,205,R1C6,,6000,-64000,6000,64000,0,63000,1
64,7,205,R1C7,,7000,-64000,7000,64000,0,63000,1
64,8,205,R1C8,,8000,-64000,8000,64000,0,63000,1
65,0,205,R2C0,,0,-65000,0,65000,0,63000,1
65,1,205,R2C1,,1000,-65000,1000,65000,0,63000,1
65,2,205,R2C2,,2000,-65000,2000,65000,0,63000,1
65,3,205,R2C3,,3000,-65000,3000,65000,0,63000,1
65,4,205,R2C4,,4000,-65000,4000,65000,0,63000,1
65,5,205,R2C5,,5000,-65000,5000,65000,0,63000,1
65,6,205,R2C6,,6000,-65000,6000,65000,0,63000,1
65,7,205,R2C7,,7000,-65000,7000,65000,0,63000,1
65,8,205,R2C8,,8000,-65000,8000,65000,0,63000,1
66,0,205,R3C0,,0,-66000,0,66000,0,63000,1
66,1,205,R3C1,,1000,-66000,1000,66000,0,63000,1
66,2,205,R3C2,,2000,-66000,2000,66000,0,63000,1
66,3,205,R3C3,,3000,-66000,3000,66000,0,63000,1
66,4,205,R3C4,,4000,-66000,4000,66000,0,63000,1
66,5,205,R3C5,,5000,-66000,5000,66000,0,63000,1
66,6,205,R3C6,,6000,-66000,6000,66000,0,63000,1
66,7,205,R3C7,,7000,-66000,7000,66000,0,63000,1
66,8,205,R3C8,,8000,-66000,8000,66000,0,63000,1
67,0,205,R4C0,,0,-67000,0,67000,0,63000,1
67,1,205,R4C1,,1000,-67000,1000,67000,0,63000,1
67,2,205,R4C2,,2000,-67000,2000,67000,0,63000,1
67,3,205,R4C3,,3000,-67000,3000,67000,0,63000,1
67,4,205,R4C4,,4000,-67000,4000,67000,0,63000,1
67,5,205,R4C5,,5000,-67000,5000,67000,0,63000,1
67,6,205,R4C6,,6000,-67000,6000,67000,0,63000,1
67,7,205,R4C7,,7000,-67000,7000,67000,0,63000,1
67,8,205,R4C8,,8000,-67000,8000,67000,0,63000,1
68,0,205,R5C0,,0,-68000,0,68000,0,63000,1
68,1,205,R5C1,,1000,-68000,1000,68000,0,63000,1
68,2,205,R5C2,,2000,-68000,2000,68000,0,63000,1
68,3,205,R5C3,,3000,-68000,3000,68000,0,63000,1
68,4,205,R5C4,,4000,-68000,4000,68000,0,63000,1
68,5,205,R5C5,,5000,-68000,5000,68000,0,63000,1
68,6,205,R5C6,,6000,-68000,6000,68000,0,63000,1
68,7,205,R5C7,,7000,-68000,7000,68000,0,63000,1
68,8,205,R5C8,,8000,-68000,8000,68000,0,63000,1
69,0,205,R6C0,,0,-69000,0,69000,0,63000,1
69,1,205,R6C1,,1000,-69000,1000,69000,0,63000,1
69,2,205,R6C2,,2000,-69000,2000,69000,0,63000,1
69,3,205,R6C3,,3000,-69000,3000,69000,0,63000,1
69,4,205,R6C4,,4000,-69000,4000,69000,0,63000,1
69,5,205,R6C5,,5000,-69000,5000,69000,0,63000,1
69,6,205,R6C6,2-7-7-1,6000,-69000,6000,69000,0,63000,1
69,7,205,R6C7,1-7-7-1,7000,-69000,7000,69000,0,63000,1
69,8,205,R6C8,,8000,-69000,8000,69000,0,63000,1
0,-27,101,R0C0,,-27000,0,-27000,0,-27000,0,1
0,-26,101,R0C1,,-26000,0,-26000,0,-27000,0,1
0,-25,101,R0C2,,-25000,0,-25000,0,-27000,0,1
0,-24,101,R0C3,,-24000,0,-24000,0,-27000,0,1
0,-23,101,R0C4,,-23000,0,-23000,0,-27000,0,1
0,-22,101,R0C5,,-22000,0,-22000,0,-27000,0,1
0,-21,101,R0C6,,-21000,0,-21000,0,-27000,0,1
0,-20,101,R0C7,,-20000,0,-20000,0,-27000,0,1
0,-19,101,R0C8,,-19000,0,-19000,0,-27000,0,1
1,-27,101,R1C0,,-27000,-1000,-27000,1000,-27000,0,1
1,-26,101,R1C1,,-26000,-1000,-26000,1000,-27000,0,1
1,-25,101,R1C2,,-25000,-1000,-25000,1000,-27000,0,1
1,-24,101,R1C3,,-24000,-1000,-24000,1000,-27000,0,1
1,-23,101,R1C4,,-23000,-1000,-23000,1000,-27000,0,1
1,-22,101,R1C5,,-22000,-1000,-22000,1000,-27000,0,1
1,-21,101,R1C6,,-21000,-1000,-21000,1000,-27000,0,1
1,-20,101,R1C7,,-20000,-1000,-20000,1000,-27000,0,1
1,-19,101,R1C8,,-19000,-1000,-19000,1000,-27000,0,1
2,-27,101,R2C0,,-27000,-2000,-27000,2000,-27000,0,1
2,-26,101,R2C1,,-26000,-2000,-26000,2000,-27000,0,1
2,-25,101,R2C2,,-25000,-2000,-25000,2000,-27000,0,1
2,-24,101,R2C3,,-24000,-2000,-24000,2000,-27000,0,1
2,-23,101,R2C4,,-23000,-2000,-23000,2000,-27000,0,1
2,-22,101,R2C5,,-22000,-2000,-22000,2000,-27000,0,1
2,-21,101,R2C6,,-21000,-2000,-21000,2000,-27000,0,1
2,-20,101,R2C7,,-20000,-2000,-20000,2000,-27000,0,1
2,-19,101,R2C8,,-19000,-2000,-19000,2000,-27000,0,1
3,-27,101,R3C0,,-27000,-3000,-27000,3000,-27000,0,1
3,-26,101,R3C1,,-26000,-3000,-26000,3000,-27000,0,1
3,-25,101,R3C2,,-25000,-3000,-25000,3000,-27000,0,1
3,-24,101,R3C3,,-24000,-3000,-24000,3000,-27000,0,1
3,-23,101,R3C4,,-23000,-3000,-23000,3000,-27000,0,1
3,-22,101,R3C5,,-22000,-3000,-22000,3000,-27000,0,1
3,-21,101,R3C6,,-21000,-3000,-21000,3000,-27000,0,1
3,-20,101,R3C7,,-20000,-3000,-20000,3000,-27000,0,1
3,-19,101,R3C8,,-19000,-3000,-19000,3000,-27000,0,1
4,-27,101,R4C0,,-27000,-4000,-27000,4000,-27000,0,1
4,-26,101,R4C1,,-26000,-4000,-26000,4000,-27000,0,1
4,-25,101,R4C2,,-25000,-4000,-25000,4000,-27000,0,1
4,-24,101,R4C3,,-24000,-4000,-24000,4000,-27000,0,1
4,-23,101,R4C4,,-23000,-4000,-23000,4000,-27000,0,1
4,-22,101,R4C5,,-22000,-4000,-22000,4000,-27000,0,1
4,-21,101,R4C6,,-21000,-4000,-21000,4000,-27000,0,1
4,-20,101,R4C7,,-20000,-4000,-20000,4000,-27000,0,1
4,-19,101,R4C8,,-19000,-4000,-19000,4000,-27000,0,1
5,-27,101,R5C0,,-27000,-5000,-27000,5000,-27000,0,1
5,-26,101,R5C1,,-26000,-5000,-26000,5000,-27000,0,1
5,-25,101,R5C2,,-25000,-5000,-25000,5000,-27000,0,1
5,-24,101,R5C3,,-24000,-5000,-24000,5000,-27000,0,1
5,-23,101,R5C4,,-23000,-5000,-23000,5000,-27000,0,1
5,-22,101,R5C5,,-22000,-5000,-22000,5000,-27000,0,1
5,-21,101,R5C6,,-21000,-5000,-21000,5000,-27000,0,1
5,-20,101,R5C7,,-20000,-5000,-20000,5000,-27000,0,1
5,-19,101,R5C8,,-19000,-5000,-19000,5000,-27000,0,1
6,-27,101,R6C0,,-27000,-6000,-27000,6000,-27000,0,1
6,-26,101,R6C1,,-26000,-6000,-26000,6000,-27000,0,1
6,-25,101,R6C2,,-25000,-6000,-25000,6000,-27000,0,1
6,-24,101,R6C3,,-24000,-6000,-24000,6000,-27000,0,1
6,-23,101,R6C4,,-23000,-6000,-23000,6000,-27000,0,1
6,-22,101,R6C5,,-22000,-6000,-22000,6000,-27000,0,1
6,-21,101,R6C6,2-7-10-10,-21000,-6000,-21000,6000,-27000,0,1
6,-20,101,R6C7,1-7-10-10,-20000,-6000,-20000,6000,-27000,0,1
6,-19,101,R6C8,,-19000,-6000,-19000,6000,-27000,0,1
-21,-9,61,R0C0,,-9000,21000,-9000,-21000,-9000,-21000,1
-21,-8,61,R0C1,,-8000,21000,-8000,-21000,-9000,-21000,1
-21,-7,61,R0C2,,-7000,21000,-7000,-21000,-9000,-21000,1
-21,-6,61,R0C3,,-6000,21000,-6000,-21000,-9000,-21000,1
-21,-5,61,R0C4,,-5000,21000,-5000,-21000,-9000,-21000,1
-21,-4,61,R0C5,,-4000,21000,-4000,-21000,-9000,-21000,1
-21,-3,61,R0C6,,-3000,21000,-3000,-21000,-9000,-21000,1
-21,-2,61,R0C7,,-2000,21000,-2000,-21000,-9000,-21000,1
-21,-1,61,R0C8,,-1000,21000,-1000,-21000,-9000,-21000,1
-20,-9,61,R1C0,,-9000,20000,-9000,-20000,-9000,-21000,1
-20,-8,61,R1C1,,-8000,20000,-8000,-20000,-9000,-21000,1
-20,-7,61,R1C2,,-7000,20000,-7000,-20000,-9000,-21000,1
-20,-6,61,R1C3,,-6000,20000,-6000,-20000,-9000,-21000,1
-20,-5,61,R1C4,,-5000,20000,-5000,-20000,-9000,-21000,1
-20,-4,61,R1C5,,-4000,20000,-4000,-20000,-9000,-21000,1
-20,-3,61,R1C6,,-3000,20000,-3000,-20000,-9000,-21000,1
-20,-2,61,R1C7,,-2000,20000,-2000,-20000,-9000,-21000,1
-20,-1,61,R1C8,,-1000,20000,-1000,-20000,-9000,-21000,1
-19,-9,61,R2C0,,-9000,19000,-9000,-19000,-9000,-21000,1
-19,-8,61,R2C1,,-8000,19000,-8000,-19000,-9000,-21000,1
-19,-7,61,R2C2,,-7000,19000,-7000,-19000,-9000,-21000,1
-19,-6,61,R2C3,,-6000,19000,-6000,-19000,-9000,-21000,1
-19,-5,61,R2C4,,-5000,19000,-5000,-19000,-9000,-21000,1
-19,-4,61,R2C5,,-4000,19000,-4000,-19000,-9000,-21000,1
-19,-3,61,R2C6,,-3000,19000,-3000,-19000,-9000,-21000,1
-19,-2,61,R2C7,,-2000,19000,-2000,-19000,-9000,-21000,1
-19,-1,61,R2C8,,-1000,19000,-1000,-19000,-9000,-21000,1
-18,-9,61,R3C0,,-9000,18000,-9000,-18000,-9000,-21000,1
-18,-8,61,R3C1,,-8000,18000,-8000,-18000,-9000,-21000,1
-18,-7,61,R3C2,,-7000,18000,-7000,-18000,-9000,-21000,1
-18,-6,61,R3C3,,-6000,18000,-6000,-18000,-9000,-21000,1
-18,-5,61,R3C4,,-5000,18000,-5000,-18000,-9000,-21000,1
-18,-4,61,R3C5,,-4000,18000,-4000,-18000,-9000,-21000,1
-18,-3,61,R3C6,,-3000,18000,-3000,-18000,-9000,-21000,1
-18,-2,61,R3C7,,-2000,18000,-2000,-18000,-9000,-21000,1
-18,-1,61,R3C8,,-1000,18000,-1000,-18000,-9000,-21000,1
-17,-9,61,R4C0,,-9000,17000,-9000,-17000,-9000,-21000,1
-17,-8,61,R4C1,,-8000,17000,-8000,-17000,-9000,-21000,1
-17,-7,61,R4C2,,-7000,17000,-7000,-17000,-9000,-21000,1
-17,-6,61,R4C3,,-6000,17000,-6000,-17000,-9000,-21000,1
-17,-5,61,R4C4,,-5000,17000,-5000,-17000,-9000,-21000,1
-17,-4,61,R4C5,,-4000,17000,-4000,-17000,-9000,-21000,1
-17,-3,61,R4C6,,-3000,17000,-3000,-17000,-9000,-21000,1
-17,-2,61,R4C7,,-2000,17000,-2000,-17000,-9000,-21000,1
-17,-1,61,R4C8,,-1000,17000,-1000,-17000,-9000,-21000,1
-16,-9,61,R5C0,,-9000,16000,-9000,-16000,-9000,-21000,1
-16,-8,61,R5C1,,-8000,16000,-8000,-16000,-9000,-21000,1
-16,-7,61,R5C2,,-7000,16000,-7000,-16000,-9000,-21000,1
-16,-6,61,R5C3,,-6000,16000,-6000,-16000,-9000,-21000,1
-16,-5,61,R5C4,,-5000,16000,-5000,-16000,-9000,-21000,1
-16,-4,61,R5C5,,-4000,16000,-4000,-16000,-9000,-21000,1
-16,-3,61,R5C6,,-3000,16000,-3000,-16000,-9000,-21000,1
-16,-2,61,R5C7,,-2000,16000,-2000,-16000,-9000,-21000,1
-16,-1,61,R5C8,,-1000,16000,-1000,-16000,-9000,-21000,1
-15,-9,61,R6C0,,-9000,15000,-9000,-15000,-9000,-21000,1
-15,-8,61,R6C1,,-8000,15000,-8000,-15000,-9000,-21000,1
-15,-7,61,R6C2,,-7000,15000,-7000,-15000,-9000,-21000,1
-15,-6,61,R6C3,,-6000,15000,-6000,-15000,-9000,-21000,1
-15,-5,61,R6C4,,-5000,15000,-5000,-15000,-9000,-21000,1
-15,-4,61,R6C5,,-4000,15000,-4000,-15000,-9000,-21000,1
-15,-3,61,R6C6,2-7-8-13,-3000,15000,-3000,-15000,-9000,-21000,1
-15,-2,61,R6C7,1-7-8-13,-2000,15000,-2000,-15000,-9000,-21000,1
-15,-1,61,R6C8,,-1000,15000,-1000,-15000,-9000,-21000,1
-21,-18,60,R0C0,,-18000,21000,-18000,-21000,-18000,-21000,1
-21,-17,60,R0C1,,-17000,21000,-17000,-21000,-18000,-21000,1
-21,-16,60,R0C2,,-16000,21000,-16000,-21000,-18000,-21000,1
-21,-15,60,R0C3,,-15000,21000,-15000,-21000,-18000,-21000,1
-21,-14,60,R0C4,,-14000,21000,-14000,-21000,-18000,-21000,1
-21,-13,60,R0C5,,-13000,21000,-13000,-21000,-18000,-21000,1
-21,-12,60,R0C6,,-12000,21000,-12000,-21000,-18000,-21000,1
-21,-11,60,R0C7,,-11000,21000,-11000,-21000,-18000,-21000,1
-21,-10,60,R0C8,,-10000,21000,-10000,-21000,-18000,-21000,1
-20,-18,60,R1C0,,-18000,20000,-18000,-20000,-18000,-21000,1
-20,-17,60,R1C1,,-17000,20000,-17000,-20000,-18000,-21000,1
-20,-16,60,R1C2,,-16000,20000,-16000,-20000,-18000,-21000,1
-20,-15,60,R1C3,,-15000,20000,-15000,-20000,-18000,-21000,1
-20,-14,60,R1C4,,-14000,20000,-14000,-20000,-18000,-21000,1
-20,-13,60,R1C5,,-13000,20000,-13000,-20000,-18000,-21000,1
-20,-12,60,R1C6,,-12000,20000,-12000,-20000,-18000,-21000,1
-20,-11,60,R1C7,,-11000,20000,-11000,-20000,-18000,-21000,1
-20,-10,60,R1C8,,-10000,20000,-10000,-20000,-18000,-21000,1
-19,-18,60,R2C0,,-18000,19000,-18000,-19000,-18000,-21000,1
-19,-17,60,R2C1,,-17000,19000,-17000,-19000,-18000,-21000,1
-19,-16,60,R2C2,,-16000,19000,-16000,-19000,-18000,-21000,1
-19,-15,60,R2C3,,-15000,19000,-15000,-19000,-18000,-21000,1
-19,-14,60,R2C4,,-14000,19000,-14000,-19000,-18000,-21000,1
-19,-13,60,R2C5,,-13000,19000,-13000,-19000,-18000,-21000,1
-19,-12,60,R2C6,,-12000,19000,-12000,-19000,-18000,-21000,1
-19,-11,60,R2C7,,-11000,19000,-11000,-19000,-18000,-21000,1
-19,-10,60,R2C8,,-10000,19000,-10000,-19000,-18000,-21000,1
-18,-18,60,R3C0,,-18000,18000,-18000,-18000,-18000,-21000,1
-18,-17,60,R3C1,,-17000,18000,-17000,-18000,-18000,-21000,1
-18,-16,60,R3C2,,-16000,18000,-16000,-18000,-18000,-21000,1
-18,-15,60,R3C3,,-15000,18000,-15000,-18000,-18000,-21000,1
-18,-14,60,R3C4,,-14000,18000,-14000,-18000,-18000,-21000,1
-18,-13,60,R3C5,,-13000,18000,-13000,-18000,-18000,-21000,1
-18,-12,60,R3C6,,-12000,18000,-12000,-18000,-18000,-21000,1
-18,-11,60,R3C7,,-11000,18000,-11000,-18000,-18000,-21000,1
-18,-10,60,R3C8,,-10000,18000,-10000,-18000,-18000,-21000,1
-17,-18,60,R4C0,,-18000,17000,-18000,-17000,-18000,-21000,1
-17,-17,60,R4C1,,-17000,17000,-17000,-17000,-18000,-21000,1
-17,-16,60,R4C2,,-16000,17000,-16000,-17000,-18000,-21000,1
-17,-15,60,R4C3,,-15000,17000,-15000,-17000,-18000,-21000,1
-17,-14,60,R4C4,,-14000,17000,-14000,-17000,-18000,-21000,1
-17,-13,60,R4C5,,-13000,17000,-13000,-17000,-18000,-21000,1
-17,-12,60,R4C6,,-12000,17000,-12000,-17000,-18000,-21000,1
-17,-11,60,R4C7,,-11000,17000,-11000,-17000,-18000,-21000,1
-17,-10,60,R4C8,,-10000,17000,-10000,-17000,-18000,-21000,1
-16,-18,60,R5C0,,-18000,16000,-18000,-16000,-18000,-21000,1
-16,-17,60,R5C1,,-17000,16000,-17000,-16000,-18000,-21000,1
-16,-16,60,R5C2,,-16000,16000,-16000,-16000,-18000,-21000,1
-16,-15,60,R5C3,,-15000,16000,-15000,-16000,-18000,-21000,1
-16,-14,60,R5C4,,-14000,16000,-14000,-16000,-18000,-21000,1
-16,-13,60,R5C5,,-13000,16000,-13000,-16000,-18000,-21000,1
-16,-12,60,R5C6,,-12000,16000,-12000,-16000,-18000,-21000,1
-16,-11,60,R5C7,,-11000,16000,-11000,-16000,-18000,-21000,1
-16,-10,60,R5C8,,-10000,16000,-10000,-16000,-18000,-21000,1
-15,-18,60,R6C0,,-18000,15000,-18000,-15000,-18000,-21000,1
-15,-17,60,R6C1,,-17000,15000,-17000,-15000,-18000,-21000,1
-15,-16,60,R6C2,,-16000,15000,-16000,-15000,-18000,-21000,1
-15,-15,60,R6C3,,-15000,15000,-15000,-15000,-18000,-21000,1
-15,-14,60,R6C4,,-14000,15000,-14000,-15000,-18000,-21000,1
-15,-13,60,R6C5,,-13000,15000,-13000,-15000,-18000,-21000,1
-15,-12,60,R6C6,2-7-9-13,-12000,15000,-12000,-15000,-18000,-21000,1
-15,-11,60,R6C7,1-7-9-13,-11000,15000,-11000,-15000,-18000,-21000,1
-15,-10,60,R6C8,,-10000,15000,-10000,-15000,-18000,-21000,1
-42,18,28,R0C0,,18000,42000,18000,-42000,18000,-42000,1
-42,19,28,R0C1,,19000,42000,19000,-42000,18000,-42000,1
-42,20,28,R0C2,,20000,42000,20000,-42000,18000,-42000,1
-42,21,28,R0C3,,21000,42000,21000,-42000,18000,-42000,1
-42,22,28,R0C4,,22000,42000,22000,-42000,18000,-42000,1
-42,23,28,R0C5,,23000,42000,23000,-42000,18000,-42000,1
-42,24,28,R0C6,,24000,42000,24000,-42000,18000,-42000,1
-42,25,28,R0C7,,25000,42000,25000,-42000,18000,-42000,1
-42,26,28,R0C8,,26000,42000,26000,-42000,18000,-42000,1
-41,18,28,R1C0,,18000,41000,18000,-41000,18000,-42000,1
-41,19,28,R1C1,,19000,41000,19000,-41000,18000,-42000,1
-41,20,28,R1C2,,20000,41000,20000,-41000,18000,-42000,1
-41,21,28,R1C3,,21000,41000,21000,-41000,18000,-42000,1
-41,22,28,R1C4,,22000,41000,22000,-41000,18000,-42000,1
-41,23,28,R1C5,,23000,41000,23000,-41000,18000,-42000,1
-41,24,28,R1C6,,24000,41000,24000,-41000,18000,-42000,1
-41,25,28,R1C7,,25000,41000,25000,-41000,18000,-42000,1
-41,26,28,R1C8,,26000,41000,26000,-41000,18000,-42000,1
-40,18,28,R2C0,,18000,40000,18000,-40000,18000,-42000,1
-40,19,28,R2C1,,19000,40000,19000,-40000,18000,-42000,1
-40,20,28,R2C2,,20000,40000,20000,-40000,18000,-42000,1
-40,21,28,R2C3,,21000,40000,21000,-40000,18000,-42000,1
-40,22,28,R2C4,,22000,40000,22000,-40000,18000,-42000,1
-40,23,28,R2C5,,23000,40000,23000,-40000,18000,-42000,1
-40,24,28,R2C6,,24000,40000,24000,-40000,18000,-42000,1
-40,25,28,R2C7,,25000,40000,25000,-40000,18000,-42000,1
-40,26,28,R2C8,,26000,40000,26000,-40000,18000,-42000,1
-39,18,28,R3C0,,18000,39000,18000,-39000,18000,-42000,1
-39,19,28,R3C1,,19000,39000,19000,-39000,18000,-42000,1
-39,20,28,R3C2,,20000,39000,20000,-39000,18000,-42000,1
-39,21,28,R3C3,,21000,39000,21000,-39000,18000,-42000,1
-39,22,28,R3C4,,22000,39000,22000,-39000,18000,-42000,1
-39,23,28,R3C5,,23000,39000,23000,-39000,18000,-42000,1
-39,24,28,R3C6,,24000,39000,24000,-39000,18000,-42000,1
-39,25,28,R3C7,,25000,39000,25000,-39000,18000,-42000,1
-39,26,28,R3C8,,26000,39000,26000,-39000,18000,-42000,1
-38,18,28,R4C0,,18000,38000,18000,-38000,18000,-42000,1
-38,19,28,R4C1,,19000,38000,19000,-38000,18000,-42000,1
-38,20,28,R4C2,,20000,38000,20000,-38000,18000,-42000,1
-38,21,28,R4C3,,21000,38000,21000,-38000,18000,-42000,1
-38,22,28,R4C4,,22000,38000,22000,-38000,18000,-42000,1
-38,23,28,R4C5,,23000,38000,23000,-38000,18000,-42000,1
-38,24,28,R4C6,,24000,38000,24000,-38000,18000,-42000,1
-38,25,28,R4C7,,25000,38000,25000,-38000,18000,-42000,1
-38,26,28,R4C8,,26000,38000,26000,-38000,18000,-42000,1
-37,18,28,R5C0,,18000,37000,18000,-37000,18000,-42000,1
-37,19,28,R5C1,,19000,37000,19000,-37000,18000,-42000,1
-37,20,28,R5C2,,20000,37000,20000,-37000,18000,-42000,1
-37,21,28,R5C3,,21000,37000,21000,-37000,18000,-42000,1
-37,22,28,R5C4,,22000,37000,22000,-37000,18000,-42000,1
-37,23,28,R5C5,,23000,37000,23000,-37000,18000,-42000,1
-37,24,28,R5C6,,24000,37000,24000,-37000,18000,-42000,1
-37,25,28,R5C7,,25000,37000,25000,-37000,18000,-42000,1
-37,26,28,R5C8,,26000,37000,26000,-37000,18000,-42000,1
-36,18,28,R6C0,,18000,36000,18000,-36000,18000,-42000,1
-36,19,28,R6C1,,19000,36000,19000,-36000,18000,-42000,1
-36,20,28,R6C2,,20000,36000,20000,-36000,18000,-42000,1
-36,21,28,R6C3,,21000,36000,21000,-36000,18000,-42000,1
-36,22,28,R6C4,,22000,36000,22000,-36000,18000,-42000,1
-36,23,28,R6C5,,23000,36000,23000,-36000,18000,-42000,1
-36,24,28,R6C6,2-7-5-16,24000,36000,24000,-36000,18000,-42000,1
-36,25,28,R6C7,1-7-5-16,25000,36000,25000,-36000,18000,-42000,1
-36,26,28,R6C8,,26000,36000,26000,-36000,18000,-42000,1
-56,18,10,R0C0,,18000,56000,18000,-56000,18000,-56000,1
-56,19,10,R0C1,,19000,56000,19000,-56000,18000,-56000,1
-56,20,10,R0C2,,20000,56000,20000,-56000,18000,-56000,1
-56,21,10,R0C3,,21000,56000,21000,-56000,18000,-56000,1
-56,22,10,R0C4,,22000,56000,22000,-56000,18000,-56000,1
-56,23,10,R0C5,,23000,56000,23000,-56000,18000,-56000,1
-56,24,10,R0C6,,24000,56000,24000,-56000,18000,-56000,1
-56,25,10,R0C7,,25000,56000,25000,-56000,18000,-56000,1
-56,26,10,R0C8,,26000,56000,26000,-56000,18000,-56000,1
-55,18,10,R1C0,,18000,55000,18000,-55000,18000,-56000,1
-55,19,10,R1C1,,19000,55000,19000,-55000,18000,-56000,1
-55,20,10,R1C2,,20000,55000,20000,-55000,18000,-56000,1
-55,21,10,R1C3,,21000,55000,21000,-55000,18000,-56000,1
-55,22,10,R1C4,,22000,55000,22000,-55000,18000,-56000,1
-55,23,10,R1C5,,23000,55000,23000,-55000,18000,-56000,1
-55,24,10,R1C6,,24000,55000,24000,-55000,18000,-56000,1
-55,25,10,R1C7,,25000,55000,25000,-55000,18000,-56000,1
-55,26,10,R1C8,,26000,55000,26000,-55000,18000,-56000,1
-54,18,10,R2C0,,18000,54000,18000,-54000,18000,-56000,1
-54,19,10,R2C1,,19000,54000,19000,-54000,18000,-56000,1
-54,20,10,R2C2,,20000,54000,20000,-54000,18000,-56000,1
-54,21,10,R2C3,,21000,54000,21000,-54000,18000,-56000,1
-54,22,10,R2C4,,22000,54000,22000,-54000,18000,-56000,1
-54,23,10,R2C5,,23000,54000,23000,-54000,18000,-56000,1
-54,24,10,R2C6,,24000,54000,24000,-54000,18000,-56000,1
-54,25,10,R2C7,,25000,54000,25000,-54000,18000,-56000,1
-54,26,10,R2C8,,26000,54000,26000,-54000,18000,-56000,1
-53,18,10,R3C0,,18000,53000,18000,-53000,18000,-56000,1
-53,19,10,R3C1,,19000,53000,19000,-53000,18000,-56000,1
-53,20,10,R3C2,,20000,53000,20000,-53000,18000,-56000,1
-53,21,10,R3C3,,21000,53000,21000,-53000,18000,-56000,1
-53,22,10,R3C4,,22000,53000,22000,-53000,18000,-56000,1
-53,23,10,R3C5,,23000,53000,23000,-53000,18000,-56000,1
-53,24,10,R3C6,,24000,53000,24000,-53000,18000,-56000,1
-53,25,10,R3C7,,25000,53000,25000,-53000,18000,-56000,1
-53,26,10,R3C8,,26000,53000,26000,-53000,18000,-56000,1
-52,18,10,R4C0,,18000,52000,18000,-52000,18000,-56000,1
-52,19,10,R4C1,,19000,52000,19000,-52000,18000,-56000,1
-52,20,10,R4C2,,20000,52000,20000,-52000,18000,-56000,1
-52,21,10,R4C3,,21000,52000,21000,-52000,18000,-56000,1
-52,22,10,R4C4,,22000,52000,22000,-52000,18000,-56000,1
-52,23,10,R4C5,,23000,52000,23000,-52000,18000,-56000,1
-52,24,10,R4C6,,24000,52000,24000,-52000,18000,-56000,1
-52,25,10,R4C7,,25000,52000,25000,-52000,18000,-56000,1
-52,26,10,R4C8,,26000,52000,26000,-52000,18000,-56000,1
-51,18,10,R5C0,,18000,51000,18000,-51000,18000,-56000,1
-51,19,10,R5C1,,19000,51000,19000,-51000,18000,-56000,1
-51,20,10,R5C2,,20000,51000,20000,-51000,18000,-56000,1
-51,21,10,R5C3,,21000,51000,21000,-51000,18000,-56000,1
-51,22,10,R5C4,,22000,51000,22000,-51000,18000,-56000,1
-51,23,10,R5C5,,23000,51000,23000,-51000,18000,-56000,1
-51,24,10,R5C6,,24000,51000,24000,-51000,18000,-56000,1
-51,25,10,R5C7,,25000,51000,25000,-51000,18000,-56000,1
-51,26,10,R5C8,,26000,51000,26000,-51000,18000,-56000,1
-50,18,10,R6C0,,18000,50000,18000,-50000,18000,-56000,1
-50,19,10,R6C1,,19000,50000,19000,-50000,18000,-56000,1
-50,20,10,R6C2,,20000,50000,20000,-50000,18000,-56000,1
-50,21,10,R6C3,,21000,50000,21000,-50000,18000,-56000,1
-50,22,10,R6C4,,22000,50000,22000,-50000,18000,-56000,1
-50,23,10,R6C5,,23000,50000,23000,-50000,18000,-56000,1
-50,24,10,R6C6,2-7-5-18,24000,50000,24000,-50000,18000,-56000,1
-50,25,10,R6C7,1-7-5-18,25000,50000,25000,-50000,18000,-56000,1
-50,26,10,R6C8,,26000,50000,26000,-50000,18000,-56000,1
7,-9,118,R0C0,,-9000,-7000,-9000,7000,-9000,7000,1
7,-8,118,R0C1,,-8000,-7000,-8000,7000,-9000,7000,1
7,-7,118,R0C2,,-7000,-7000,-7000,7000,-9000,7000,1
7,-6,118,R0C3,,-6000,-7000,-6000,7000,-9000,7000,1
7,-5,118,R0C4,,-5000,-7000,-5000,7000,-9000,7000,1
7,-4,118,R0C5,,-4000,-7000,-4000,7000,-9000,7000,1
7,-3,118,R0C6,,-3000,-7000,-3000,7000,-9000,7000,1
7,-2,118,R0C7,,-2000,-7000,-2000,7000,-9000,7000,1
7,-1,118,R0C8,,-1000,-7000,-1000,7000,-9000,7000,1
8,-9,118,R1C0,,-9000,-8000,-9000,8000,-9000,7000,1
8,-8,118,R1C1,,-8000,-8000,-8000,8000,-9000,7000,1
8,-7,118,R1C2,,-7000,-8000,-7000,8000,-9000,7000,1
8,-6,118,R1C3,,-6000,-8000,-6000,8000,-9000,7000,1
8,-5,118,R1C4,,-5000,-8000,-5000,8000,-9000,7000,1
8,-4,118,R1C5,,-4000,-8000,-4000,8000,-9000,7000,1
8,-3,118,R1C6,,-3000,-8000,-3000,8000,-9000,7000,1
8,-2,118,R1C7,,-2000,-8000,-2000,8000,-9000,7000,1
8,-1,118,R1C8,,-1000,-8000,-1000,8000,-9000,7000,1
9,-9,118,R2C0,,-9000,-9000,-9000,9000,-9000,7000,1
9,-8,118,R2C1,,-8000,-9000,-8000,9000,-9000,7000,1
9,-7,118,R2C2,,-7000,-9000,-7000,9000,-9000,7000,1
9,-6,118,R2C3,,-6000,-9000,-6000,9000,-9000,7000,1
9,-5,118,R2C4,,-5000,-9000,-5000,9000,-9000,7000,1
9,-4,118,R2C5,,-4000,-9000,-4000,9000,-9000,7000,1
9,-3,118,R2C6,,-3000,-9000,-3000,9000,-9000,7000,1
9,-2,118,R2C7,,-2000,-9000,-2000,9000,-9000,7000,1
9,-1,118,R2C8,,-1000,-9000,-1000,9000,-9000,7000,1
10,-9,118,R3C0,,-9000,-10000,-9000,10000,-9000,7000,1
10,-8,118,R3C1,,-8000,-10000,-8000,10000,-9000,7000,1
10,-7,118,R3C2,,-7000,-10000,-7000,10000,-9000,7000,1
10,-6,118,R3C3,,-6000,-10000,-6000,10000,-9000,7000,1
10,-5,118,R3C4,,-5000,-10000,-5000,10000,-9000,7000,1
10,-4,118,R3C5,,-4000,-10000,-4000,10000,-9000,7000,1
10,-3,118,R3C6,,-3000,-10000,-3000,10000,-9000,7000,1
10,-2,118,R3C7,,-2000,-10000,-2000,10000,-9000,7000,1
10,-1,118,R3C8,,-1000,-10000,-1000,10000,-9000,7000,1
11,-9,118,R4C0,,-9000,-11000,-9000,11000,-9000,7000,1
11,-8,118,R4C1,,-8000,-11000,-8000,11000,-9000,7000,1
11,-7,118,R4C2,,-7000,-11000,-7000,11000,-9000,7000,1
11,-6,118,R4C3,,-6000,-11000,-6000,11000,-9000,7000,1
11,-5,118,R4C4,,-5000,-11000,-5000,11000,-9000,7000,1
11,-4,118,R4C5,,-4000,-11000,-4000,11000,-9000,7000,1
11,-3,118,R4C6,,-3000,-11000,-3000,11000,-9000,7000,1
11,-2,118,R4C7,,-2000,-11000,-2000,11000,-9000,7000,1
11,-1,118,R4C8,,-1000,-11000,-1000,11000,-9000,7000,1
12,-9,118,R5C0,,-9000,-12000,-9000,12000,-9000,7000,1
12,-8,118,R5C1,,-8000,-12000,-8000,12000,-9000,7000,1
12,-7,118,R5C2,,-7000,-12000,-7000,12000,-9000,7000,1
12,-6,118,R5C3,,-6000,-12000,-6000,12000,-9000,7000,1
12,-5,118,R5C4,,-5000,-12000,-5000,12000,-9000,7000,1
12,-4,118,R5C5,,-4000,-12000,-4000,12000,-9000,7000,1
12,-3,118,R5C6,,-3000,-12000,-3000,12000,-9000,7000,1
12,-2,118,R5C7,,-2000,-12000,-2000,12000,-9000,7000,1
12,-1,118,R5C8,,-1000,-12000,-1000,12000,-9000,7000,1
13,-9,118,R6C0,,-9000,-13000,-9000,13000,-9000,7000,1
13,-8,118,R6C1,,-8000,-13000,-8000,13000,-9000,7000,1
13,-7,118,R6C2,,-7000,-13000,-7000,13000,-9000,7000,1
13,-6,118,R6C3,,-6000,-13000,-6000,13000,-9000,7000,1
13,-5,118,R6C4,,-5000,-13000,-5000,13000,-9000,7000,1
13,-4,118,R6C5,,-4000,-13000,-4000,13000,-9000,7000,1
13,-3,118,R6C6,2-7-8-9,-3000,-13000,-3000,13000,-9000,7000,1
13,-2,118,R6C7,1-7-8-9,-2000,-13000,-2000,13000,-9000,7000,1
13,-1,118,R6C8,,-1000,-13000,-1000,13000,-9000,7000,1
7,-18,117,R0C0,,-18000,-7000,-18000,7000,-18000,7000,1
7,-17,117,R0C1,,-17000,-7000,-17000,7000,-18000,7000,1
7,-16,117,R0C2,,-16000,-7000,-16000,7000,-18000,7000,1
7,-15,117,R0C3,,-15000,-7000,-15000,7000,-18000,7000,1
7,-14,117,R0C4,,-14000,-7000,-14000,7000,-18000,7000,1
7,-13,117,R0C5,,-13000,-7000,-13000,7000,-18000,7000,1
7,-12,117,R0C6,,-12000,-7000,-12000,7000,-18000,7000,1
7,-11,117,R0C7,,-11000,-7000,-11000,7000,-18000,7000,1
7,-10,117,R0C8,,-10000,-7000,-10000,7000,-18000,7000,1
8,-18,117,R1C0,,-18000,-8000,-18000,8000,-18000,7000,1
8,-17,117,R1C1,,-17000,-8000,-17000,8000,-18000,7000,1
8,-16,117,R1C2,,-16000,-8000,-16000,8000,-18000,7000,1
8,-15,117,R1C3,,-15000,-8000,-15000,8000,-18000,7000,1
8,-14,117,R1C4,,-14000,-8000,-14000,8000,-18000,7000,1
8,-13,117,R1C5,,-13000,-8000,-13000,8000,-18000,7000,1
8,-12,117,R1C6,,-12000,-8000,-12000,8000,-18000,7000,1
8,-11,117,R1C7,,-11000,-8000,-11000,8000,-18000,7000,1
8,-10,117,R1C8,,-10000,-8000,-10000,8000,-18000,7000,1
9,-18,117,R2C0,,-18000,-9000,-18000,9000,-18000,7000,1
9,-17,117,R2C1,,-17000,-9000,-17000,9000,-18000,7000,1
9,-16,117,R2C2,,-16000,-9000,-16000,9000,-18000,7000,1
9,-15,117,R2C3,,-15000,-9000,-15000,9000,-18000,7000,1
9,-14,117,R2C4,,-14000,-9000,-14000,9000,-18000,7000,1
9,-13,117,R2C5,,-13000,-9000,-13000,9000,-18000,7000,1
9,-12,117,R2C6,,-12000,-9000,-12000,9000,-18000,7000,1
9,-11,117,R2C7,,-11000,-9000,-11000,9000,-18000,7000,1
9,-10,117,R2C8,,-10000,-9000,-10000,9000,-18000,7000,1
10,-18,117,R3C0,,-18000,-10000,-18000,10000,-18000,7000,1
10,-17,117,R3C1,,-17000,-10000,-17000,10000,-18000,7000,1
10,-16,117,R3C2,,-16000,-10000,-16000,10000,-18000,7000,1
10,-15,117,R3C3,,-15000,-10000,-15000,10000,-18000,7000,1
10,-14,117,R3C4,,-14000,-10000,-14000,10000,-18000,7000,1
10,-13,117,R3C5,,-13000,-10000,-13000,10000,-18000,7000,1
10,-12,117,R3C6,,-12000,-10000,-12000,10000,-18000,7000,1
10,-11,117,R3C7,,-11000,-10000,-11000,10000,-18000,7000,1
10,-10,117,R3C8,,-10000,-10000,-10000,10000,-18000,7000,1
11,-18,117,R4C0,,-18000,-11000,-18000,11000,-18000,7000,1
11,-17,117,R4C1,,-17000,-11000,-17000,11000,-18000,7000,1
11,-16,117,R4C2,,-16000,-11000,-16000,11000,-18000,7000,1
11,-15,117,R4C3,,-15000,-11000,-15000,11000,-18000,7000,1
11,-14,117,R4C4,,-14000,-11000,-14000,11000,-18000,7000,1
11,-13,117,R4C5,,-13000,-11000,-13000,11000,-18000,7000,1
11,-12,117,R4C6,,-12000,-11000,-12000,11000,-18000,7000,1
11,-11,117,R4C7,,-11000,-11000,-11000,11000,-18000,7000,1
11,-10,117,R4C8,,-10000,-11000,-10000,11000,-18000,7000,1
12,-18,117,R5C0,,-18000,-12000,-18000,12000,-18000,7000,1
12,-17,117,R5C1,,-17000,-12000,-17000,12000,-18000,7000,1
12,-16,117,R5C2,,-16000,-12000,-16000,12000,-18000,7000,1
12,-15,117,R5C3,,-15000,-12000,-15000,12000,-18000,7000,1
12,-14,117,R5C4,,-14000,-12000,-14000,12000,-18000,7000,1
12,-13,117,R5C5,,-13000,-12000,-13000,12000,-18000,7000,1
12,-12,117,R5C6,,-12000,-12000,-12000,12000,-18000,7000,1
12,-11,117,R5C7,,-11000,-12000,-11000,12000,-18000,7000,1
12,-10,117,R5C8,,-10000,-12000,-10000,12000,-18000,7000,1
13,-18,117,R6C0,,-18000,-13000,-18000,13000,-18000,7000,1
13,-17,117,R6C1,,-17000,-13000,-17000,13000,-18000,7000,1
13,-16,117,R6C2,,-16000,-13000,-16000,13000,-18000,7000,1
13,-15,117,R6C3,,-15000,-13000,-15000,13000,-18000,7000,1
13,-14,117,R6C4,,-14000,-13000,-14000,13000,-18000,7000,1
13,-13,117,R6C5,,-13000,-13000,-13000,13000,-18000,7000,1
13,-12,117,R6C6,2-7-9-9,-12000,-13000,-12000,13000,-18000,7000,1
13,-11,117,R6C7,1-7-9-9,-11000,-13000,-11000,13000,-18000,7000,1
13,-10,117,R6C8,,-10000,-13000,-10000,13000,-18000,7000,1
42,-54,176,R0C0,,-54000,-42000,-54000,42000,-54000,42000,1
42,-53,176,R0C1,,-53000,-42000,-53000,42000,-54000,42000,1
42,-52,176,R0C2,,-52000,-42000,-52000,42000,-54000,42000,1
42,-51,176,R0C3,,-51000,-42000,-51000,42000,-54000,42000,1
42,-50,176,R0C4,,-50000,-42000,-50000,42000,-54000,42000,1
42,-49,176,R0C5,,-49000,-42000,-49000,42000,-54000,42000,1
42,-48,176,R0C6,,-48000,-42000,-48000,42000,-54000,42000,1
42,-47,176,R0C7,,-47000,-42000,-47000,42000,-54000,42000,1
42,-46,176,R0C8,,-46000,-42000,-46000,42000,-54000,42000,1
43,-54,176,R1C0,,-54000,-43000,-54000,43000,-54000,42000,1
43,-53,176,R1C1,,-53000,-43000,-53000,43000,-54000,42000,1
43,-52,176,R1C2,,-52000,-43000,-52000,43000,-54000,42000,1
43,-51,176,R1C3,,-51000,-43000,-51000,43000,-54000,42000,1
43,-50,176,R1C4,,-50000,-43000,-50000,43000,-54000,42000,1
43,-49,176,R1C5,,-49000,-43000,-49000,43000,-54000,42000,1
43,-48,176,R1C6,,-48000,-43000,-48000,43000,-54000,42000,1
43,-47,176,R1C7,,-47000,-43000,-47000,43000,-54000,42000,1
43,-46,176,R1C8,,-46000,-43000,-46000,43000,-54000,42000,1
44,-54,176,R2C0,,-54000,-44000,-54000,44000,-54000,42000,1
44,-53,176,R2C1,,-53000,-44000,-53000,44000,-54000,42000,1
44,-52,176,R2C2,,-52000,-44000,-52000,44000,-54000,42000,1
44,-51,176,R2C3,,-51000,-44000,-51000,44000,-54000,42000,1
44,-50,176,R2C4,,-50000,-44000,-50000,44000,-54000,42000,1
44,-49,176,R2C5,,-49000,-44000,-49000,44000,-54000,42000,1
44,-48,176,R2C6,,-48000,-44000,-48000,44000,-54000,42000,1
44,-47,176,R2C7,,-47000,-44000,-47000,44000,-54000,42000,1
44,-46,176,R2C8,,-46000,-44000,-46000,44000,-54000,42000,1
45,-54,176,R3C0,,-54000,-45000,-54000,45000,-54000,42000,1
45,-53,176,R3C1,,-53000,-45000,-53000,45000,-54000,42000,1
45,-52,176,R3C2,,-52000,-45000,-52000,45000,-54000,42000,1
45,-51,176,R3C3,,-51000,-45000,-51000,45000,-54000,42000,1
45,-50,176,R3C4,,-50000,-45000,-50000,45000,-54000,42000,1
45,-49,176,R3C5,,-49000,-45000,-49000,45000,-54000,42000,1
45,-48,176,R3C6,,-48000,-45000,-48000,45000,-54000,42000,1
45,-47,176,R3C7,,-47000,-45000,-47000,45000,-54000,42000,1
45,-46,176,R3C8,,-46000,-45000,-46000,45000,-54000,42000,1
46,-54,176,R4C0,,-54000,-46000,-54000,46000,-54000,42000,1
46,-53,176,R4C1,,-53000,-46000,-53000,46000,-54000,42000,1
46,-52,176,R4C2,,-52000,-46000,-52000,46000,-54000,42000,1
46,-51,176,R4C3,,-51000,-46000,-51000,46000,-54000,42000,1
46,-50,176,R4C4,,-50000,-46000,-50000,46000,-54000,42000,1
46,-49,176,R4C5,,-49000,-46000,-49000,46000,-54000,42000,1
46,-48,176,R4C6,,-48000,-46000,-48000,46000,-54000,42000,1
46,-47,176,R4C7,,-47000,-46000,-47000,46000,-54000,42000,1
46,-46,176,R4C8,,-46000,-46000,-46000,46000,-54000,42000,1
47,-54,176,R5C0,,-54000,-47000,-54000,47000,-54000,42000,1
47,-53,176,R5C1,,-53000,-47000,-53000,47000,-54000,42000,1
47,-52,176,R5C2,,-52000,-47000,-52000,47000,-54000,42000,1
47,-51,176,R5C3,,-51000,-47000,-51000,47000,-54000,42000,1
47,-50,176,R5C4,,-50000,-47000,-50000,47000,-54000,42000,1
47,-49,176,R5C5,,-49000,-47000,-49000,47000,-54000,42000,1
47,-48,176,R5C6,,-48000,-47000,-48000,47000,-54000,42000,1
47,-47,176,R5C7,,-47000,-47000,-47000,47000,-54000,42000,1
47,-46,176,R5C8,,-46000,-47000,-46000,47000,-54000,42000,1
48,-54,176,R6C0,,-54000,-48000,-54000,48000,-54000,42000,1
48,-53,176,R6C1,,-53000,-48000,-53000,48000,-54000,42000,1
48,-52,176,R6C2,,-52000,-48000,-52000,48000,-54000,42000,1
48,-51,176,R6C3,,-51000,-48000,-51000,48000,-54000,42000,1
48,-50,176,R6C4,,-50000,-48000,-50000,48000,-54000,42000,1
48,-49,176,R6C5,,-49000,-48000,-49000,48000,-54000,42000,1
48,-48,176,R6C6,2-7-13-4,-48000,-48000,-48000,48000,-54000,42000,1
48,-47,176,R6C7,1-7-13-4,-47000,-48000,-47000,48000,-54000,42000,1
48,-46,176,R6C8,,-46000,-48000,-46000,48000,-54000,42000,1
-28,-63,42,R0C0,,-63000,28000,-63000,-28000,-63000,-28000,1
-28,-62,42,R0C1,,-62000,28000,-62000,-28000,-63000,-28000,1
-28,-61,42,R0C2,,-61000,28000,-61000,-28000,-63000,-28000,1
-28,-60,42,R0C3,,-60000,28000,-60000,-28000,-63000,-28000,1
-28,-59,42,R0C4,,-59000,28000,-59000,-28000,-63000,-28000,1
-28,-58,42,R0C5,,-58000,28000,-58000,-28000,-63000,-28000,1
-28,-57,42,R0C6,,-57000,28000,-57000,-28000,-63000,-28000,1
-28,-56,42,R0C7,,-56000,28000,-56000,-28000,-63000,-28000,1
-28,-55,42,R0C8,,-55000,28000,-55000,-28000,-63000,-28000,1
-27,-63,42,R1C0,,-63000,27000,-63000,-27000,-63000,-28000,1
-27,-62,42,R1C1,,-62000,27000,-62000,-27000,-63000,-28000,1
-27,-61,42,R1C2,,-61000,27000,-61000,-27000,-63000,-28000,1
-27,-60,42,R1C3,,-60000,27000,-60000,-27000,-63000,-28000,1
-27,-59,42,R1C4,,-59000,27000,-59000,-27000,-63000,-28000,1
-27,-58,42,R1C5,,-58000,27000,-58000,-27000,-63000,-28000,1
-27,-57,42,R1C6,,-57000,27000,-57000,-27000,-63000,-28000,1
-27,-56,42,R1C7,,-56000,27000,-56000,-27000,-63000,-28000,1
-27,-55,42,R1C8,,-55000,27000,-55000,-27000,-63000,-28000,1
-26,-63,42,R2C0,,-63000,26000,-63000,-26000,-63000,-28000,1
-26,-62,42,R2C1,,-62000,26000,-62000,-26000,-63000,-28000,1
-26,-61,42,R2C2,,-61000,26000,-61000,-26000,-63000,-28000,1
-26,-60,42,R2C3,,-60000,26000,-60000,-26000,-63000,-28000,1
-26,-59,42,R2C4,,-59000,26000,-59000,-26000,-63000,-28000,1
-26,-58,42,R2C5,,-58000,26000,-58000,-26000,-63000,-28000,1
-26,-57,42,R2C6,,-57000,26000,-57000,-26000,-63000,-28000,1
-26,-56,42,R2C7,,-56000,26000,-56000,-26000,-63000,-28000,1
-26,-55,42,R2C8,,-55000,26000,-55000,-26000,-63000,-28000,1
-25,-63,42,R3C0,,-63000,25000,-63000,-25000,-63000,-28000,1
-25,-62,42,R3C1,,-62000,25000,-62000,-25000,-63000,-28000,1
-25,-61,42,R3C2,,-61000,25000,-61000,-25000,-63000,-28000,1
-25,-60,42,R3C3,,-60000,25000,-60000,-25000,-63000,-28000,1
-25,-59,42,R3C4,,-59000,25000,-59000,-25000,-63000,-28000,1
-25,-58,42,R3C5,,-58000,25000,-58000,-25000,-63000,-28000,1
-25,-57,42,R3C6,,-57000,25000,-57000,-25000,-63000,-28000,1
-25,-56,42,R3C7,,-56000,25000,-56000,-25000,-63000,-28000,1
-25,-55,42,R3C8,,-55000,25000,-55000,-25000,-63000,-28000,1
-24,-63,42,R4C0,,-63000,24000,-63000,-24000,-63000,-28000,1
-24,-62,42,R4C1,,-62000,24000,-62000,-24000,-63000,-28000,1
-24,-61,42,R4C2,,-61000,24000,-61000,-24000,-63000,-28000,1
-24,-60,42,R4C3,,-60000,24000,-60000,-24000,-63000,-28000,1
-24,-59,42,R4C4,,-59000,24000,-59000,-24000,-63000,-28000,1
-24,-58,42,R4C5,,-58000,24000,-58000,-24000,-63000,-28000,1
-24,-57,42,R4C6,,-57000,24000,-57000,-24000,-63000,-28000,1
-24,-56,42,R4C7,,-56000,24000,-56000,-24000,-63000,-28000,1
-24,-55,42,R4C8,,-55000,24000,-55000,-24000,-63000,-28000,1
-23,-63,42,R5C0,,-63000,23000,-63000,-23000,-63000,-28000,1
-23,-62,42,R5C1,,-62000,23000,-62000,-23000,-63000,-28000,1
-23,-61,42,R5C2,,-61000,23000,-61000,-23000,-63000,-28000,1
-23,-60,42,R5C3,,-60000,23000,-60000,-23000,-63000,-28000,1
-23,-59,42,R5C4,,-59000,23000,-59000,-23000,-63000,-28000,1
-23,-58,42,R5C5,,-58000,23000,-58000,-23000,-63000,-28000,1
-23,-57,42,R5C6,,-57000,23000,-57000,-23000,-63000,-28000,1
-23,-56,42,R5C7,,-56000,23000,-56000,-23000,-63000,-28000,1
-23,-55,42,R5C8,,-55000,23000,-55000,-23000,-63000,-28000,1
-22,-63,42,R6C0,,-63000,22000,-63000,-22000,-63000,-28000,1
-22,-62,42,R6C1,,-62000,22000,-62000,-22000,-63000,-28000,1
-22,-61,42,R6C2,,-61000,22000,-61000,-22000,-63000,-28000,1
-22,-60,42,R6C3,,-60000,22000,-60000,-22000,-63000,-28000,1
-22,-59,42,R6C4,,-59000,22000,-59000,-22000,-63000,-28000,1
-22,-58,42,R6C5,,-58000,22000,-58000,-22000,-63000,-28000,1
-22,-57,42,R6C6,2-7-14-14,-57000,22000,-57000,-22000,-63000,-28000,1
-22,-56,42,R6C7,1-7-14-14,-56000,22000,-56000,-22000,-63000,-28000,1
-22,-55,42,R6C8,,-55000,22000,-55000,-22000,-63000,-28000,1
-49,27,19,R0C0,,27000,49000,27000,-49000,27000,-49000,1
-49,28,19,R0C1,,28000,49000,28000,-49000,27000,-49000,1
-49,29,19,R0C2,,29000,49000,29000,-49000,27000,-49000,1
-49,30,19,R0C3,,30000,49000,30000,-49000,27000,-49000,1
-49,31,19,R0C4,,31000,49000,31000,-49000,27000,-49000,1
-49,32,19,R0C5,,32000,49000,32000,-49000,27000,-49000,1
-49,33,19,R0C6,,33000,49000,33000,-49000,27000,-49000,1
-49,34,19,R0C7,,34000,49000,34000,-49000,27000,-49000,1
-49,35,19,R0C8,,35000,49000,35000,-49000,27000,-49000,1
-48,27,19,R1C0,,27000,48000,27000,-48000,27000,-49000,1
-48,28,19,R1C1,,28000,48000,28000,-48000,27000,-49000,1
-48,29,19,R1C2,,29000,48000,29000,-48000,27000,-49000,1
-48,30,19,R1C3,,30000,48000,30000,-48000,27000,-49000,1
-48,31,19,R1C4,,31000,48000,31000,-48000,27000,-49000,1
-48,32,19,R1C5,,32000,48000,32000,-48000,27000,-49000,1
-48,33,19,R1C6,,33000,48000,33000,-48000,27000,-49000,1
-48,34,19,R1C7,,34000,48000,34000,-48000,27000,-49000,1
-48,35,19,R1C8,,35000,48000,35000,-48000,27000,-49000,1
-47,27,19,R2C0,,27000,47000,27000,-47000,27000,-49000,1
-47,28,19,R2C1,,28000,47000,28000,-47000,27000,-49000,1
-47,29,19,R2C2,,29000,47000,29000,-47000,27000,-49000,1
-47,30,19,R2C3,,30000,47000,30000,-47000,27000,-49000,1
-47,31,19,R2C4,,31000,47000,31000,-47000,27000,-49000,1
-47,32,19,R2C5,,32000,47000,32000,-47000,27000,-49000,1
-47,33,19,R2C6,,33000,47000,33000,-47000,27000,-49000,1
-47,34,19,R2C7,,34000,47000,34000,-47000,27000,-49000,1
-47,35,19,R2C8,,35000,47000,35000,-47000,27000,-49000,1
-46,27,19,R3C0,,27000,46000,27000,-46000,27000,-49000,1
-46,28,19,R3C1,,28000,46000,28000,-46000,27000,-49000,1
-46,29,19,R3C2,,29000,46000,29000,-46000,27000,-49000,1
-46,30,19,R3C3,,30000,46000,30000,-46000,27000,-49000,1
-46,31,19,R3C4,,31000,46000,31000,-46000,27000,-49000,1
-46,32,19,R3C5,,32000,46000,32000,-46000,27000,-49000,1
-46,33,19,R3C6,,33000,46000,33000,-46000,27000,-49000,1
-46,34,19,R3C7,,34000,46000,34000,-46000,27000,-49000,1
-46,35,19,R3C8,,35000,46000,35000,-46000,27000,-49000,1
-45,27,19,R4C0,,27000,45000,27000,-45000,27000,-49000,1
-45,28,19,R4C1,,28000,45000,28000,-45000,27000,-49000,1
-45,29,19,R4C2,,29000,45000,29000,-45000,27000,-49000,1
-45,30,19,R4C3,,30000,45000,30000,-45000,27000,-49000,1
-45,31,19,R4C4,,31000,45000,31000,-45000,27000,-49000,1
-45,32,19,R4C5,,32000,45000,32000,-45000,27000,-49000,1
-45,33,19,R4C6,,33000,45000,33000,-45000,27000,-49000,1
-45,34,19,R4C7,,34000,45000,34000,-45000,27000,-49000,1
-45,35,19,R4C8,,35000,45000,35000,-45000,27000,-49000,1
-44,27,19,R5C0,,27000,44000,27000,-44000,27000,-49000,1
-44,28,19,R5C1,,28000,44000,28000,-44000,27000,-49000,1
-44,29,19,R5C2,,29000,44000,29000,-44000,27000,-49000,1
-44,30,19,R5C3,,30000,44000,30000,-44000,27000,-49000,1
-44,31,19,R5C4,,31000,44000,31000,-44000,27000,-49000,1
-44,32,19,R5C5,,32000,44000,32000,-44000,27000,-49000,1
-44,33,19,R5C6,,33000,44000,33000,-44000,27000,-49000,1
-44,34,19,R5C7,,34000,44000,34000,-44000,27000,-49000,1
-44,35,19,R5C8,,35000,44000,35000,-44000,27000,-49000,1
-43,27,19,R6C0,,27000,43000,27000,-43000,27000,-49000,1
-43,28,19,R6C1,,28000,43000,28000,-43000,27000,-49000,1
-43,29,19,R6C2,,29000,43000,29000,-43000,27000,-49000,1
-43,30,19,R6C3,,30000,43000,30000,-43000,27000,-49000,1
-43,31,19,R6C4,,31000,43000,31000,-43000,27000,-49000,1
-43,32,19,R6C5,,32000,43000,32000,-43000,27000,-49000,1
-43,33,19,R6C6,2-7-4-17,33000,43000,33000,-43000,27000,-49000,1
-43,34,19,R6C7,1-7-4-17,34000,43000,34000,-43000,27000,-49000,1
-43,35,19,R6C8,,35000,43000,35000,-43000,27000,-49000,1
49,18,194,R0C0,,18000,-49000,18000,49000,18000,49000,1
49,19,194,R0C1,,19000,-49000,19000,49000,18000,49000,1
49,20,194,R0C2,,20000,-49000,20000,49000,18000,49000,1
49,21,194,R0C3,,21000,-49000,21000,49000,18000,49000,1
49,22,194,R0C4,,22000,-49000,22000,49000,18000,49000,1
49,23,194,R0C5,,23000,-49000,23000,49000,18000,49000,1
49,24,194,R0C6,,24000,-49000,24000,49000,18000,49000,1
49,25,194,R0C7,,25000,-49000,25000,49000,18000,49000,1
49,26,194,R0C8,,26000,-49000,26000,49000,18000,49000,1
50,18,194,R1C0,,18000,-50000,18000,50000,18000,49000,1
50,19,194,R1C1,,19000,-50000,19000,50000,18000,49000,1
50,20,194,R1C2,,20000,-50000,20000,50000,18000,49000,1
50,21,194,R1C3,,21000,-50000,21000,50000,18000,49000,1
50,22,194,R1C4,,22000,-50000,22000,50000,18000,49000,1
50,23,194,R1C5,,23000,-50000,23000,50000,18000,49000,1
50,24,194,R1C6,,24000,-50000,24000,50000,18000,49000,1
50,25,194,R1C7,,25000,-50000,25000,50000,18000,49000,1
50,26,194,R1C8,,26000,-50000,26000,50000,18000,49000,1
51,18,194,R2C0,,18000,-51000,18000,51000,18000,49000,1
51,19,194,R2C1,,19000,-51000,19000,51000,18000,49000,1
51,20,194,R2C2,,20000,-51000,20000,51000,18000,49000,1
51,21,194,R2C3,,21000,-51000,21000,51000,18000,49000,1
51,22,194,R2C4,,22000,-51000,22000,51000,18000,49000,1
51,23,194,R2C5,,23000,-51000,23000,51000,18000,49000,1
51,24,194,R2C6,,24000,-51000,24000,51000,18000,49000,1
51,25,194,R2C7,,25000,-51000,25000,51000,18000,49000,1
51,26,194,R2C8,,26000,-51000,26000,51000,18000,49000,1
52,18,194,R3C0,,18000,-52000,18000,52000,18000,49000,1
52,19,194,R3C1,,19000,-52000,19000,52000,18000,49000,1
52,20,194,R3C2,,20000,-52000,20000,52000,18000,49000,1
52,21,194,R3C3,,21000,-52000,21000,52000,18000,49000,1
52,22,194,R3C4,,22000,-52000,22000,52000,18000,49000,1
52,23,194,R3C5,,23000,-52000,23000,52000,18000,49000,1
52,24,194,R3C6,,24000,-52000,24000,52000,18000,49000,1
52,25,194,R3C7,,25000,-52000,25000,52000,18000,49000,1
52,26,194,R3C8,,26000,-52000,26000,52000,18000,49000,1
53,18,194,R4C0,,18000,-53000,18000,53000,18000,49000,1
53,19,194,R4C1,,19000,-53000,19000,53000,18000,49000,1
53,20,194,R4C2,,20000,-53000,20000,53000,18000,49000,1
53,21,194,R4C3,,21000,-53000,21000,53000,18000,49000,1
53,22,194,R4C4,,22000,-53000,22000,53000,18000,49000,1
53,23,194,R4C5,,23000,-53000,23000,53000,18000,49000,1
53,24,194,R4C6,,24000,-53000,24000,53000,18000,49000,1
53,25,194,R4C7,,25000,-53000,25000,53000,18000,49000,1
53,26,194,R4C8,,26000,-53000,26000,53000,18000,49000,1
54,18,194,R5C0,,18000,-54000,18000,54000,18000,49000,1
54,19,194,R5C1,,19000,-54000,19000,54000,18000,49000,1
54,20,194,R5C2,,20000,-54000,20000,54000,18000,49000,1
54,21,194,R5C3,,21000,-54000,21000,54000,18000,49000,1
54,22,194,R5C4,,22000,-54000,22000,54000,18000,49000,1
54,23,194,R5C5,,23000,-54000,23000,54000,18000,49000,1
54,24,194,R5C6,,24000,-54000,24000,54000,18000,49000,1
54,25,194,R5C7,,25000,-54000,25000,54000,18000,49000,1
54,26,194,R5C8,,26000,-54000,26000,54000,18000,49000,1
55,18,194,R6C0,,18000,-55000,18000,55000,18000,49000,1
55,19,194,R6C1,,19000,-55000,19000,55000,18000,49000,1
55,20,194,R6C2,,20000,-55000,20000,55000,18000,49000,1
55,21,194,R6C3,,21000,-55000,21000,55000,18000,49000,1
55,22,194,R6C4,,22000,-55000,22000,55000,18000,49000,1
55,23,194,R6C5,,23000,-55000,23000,55000,18000,49000,1
55,24,194,R6C6,2-7-5-3,24000,-55000,24000,55000,18000,49000,1
55,25,194,R6C7,1-7-5-3,25000,-55000,25000,55000,18000,49000,1
55,26,194,R6C8,,26000,-55000,26000,55000,18000,49000,1
-28,18,51,R0C0,,18000,28000,18000,-28000,18000,-28000,1
-28,19,51,R0C1,,19000,28000,19000,-28000,18000,-28000,1
-28,20,51,R0C2,,20000,28000,20000,-28000,18000,-28000,1
-28,21,51,R0C3,,21000,28000,21000,-28000,18000,-28000,1
-28,22,51,R0C4,,22000,28000,22000,-28000,18000,-28000,1
-28,23,51,R0C5,,23000,28000,23000,-28000,18000,-28000,1
-28,24,51,R0C6,,24000,28000,24000,-28000,18000,-28000,1
-28,25,51,R0C7,,25000,28000,25000,-28000,18000,-28000,1
-28,26,51,R0C8,,26000,28000,26000,-28000,18000,-28000,1
-27,18,51,R1C0,,18000,27000,18000,-27000,18000,-28000,1
-27,19,51,R1C1,,19000,27000,19000,-27000,18000,-28000,1
-27,20,51,R1C2,,20000,27000,20000,-27000,18000,-28000,1
-27,21,51,R1C3,,21000,27000,21000,-27000,18000,-28000,1
-27,22,51,R1C4,,22000,27000,22000,-27000,18000,-28000,1
-27,23,51,R1C5,,23000,27000,23000,-27000,18000,-28000,1
-27,24,51,R1C6,,24000,27000,24000,-27000,18000,-28000,1
-27,25,51,R1C7,,25000,27000,25000,-27000,18000,-28000,1
-27,26,51,R1C8,,26000,27000,26000,-27000,18000,-28000,1
-26,18,51,R2C0,,18000,26000,18000,-26000,18000,-28000,1
-26,19,51,R2C1,,19000,26000,19000,-26000,18000,-28000,1
-26,20,51,R2C2,,20000,26000,20000,-26000,18000,-28000,1
-26,21,51,R2C3,,21000,26000,21000,-26000,18000,-28000,1
-26,22,51,R2C4,,22000,26000,22000,-26000,18000,-28000,1
-26,23,51,R2C5,,23000,26000,23000,-26000,18000,-28000,1
-26,24,51,R2C6,,24000,26000,24000,-26000,18000,-28000,1
-26,25,51,R2C7,,25000,26000,25000,-26000,18000,-28000,1
-26,26,51,R2C8,,26000,26000,26000,-26000,18000,-28000,1
-25,18,51,R3C0,,18000,25000,18000,-25000,18000,-28000,1
-25,19,51,R3C1,,19000,25000,19000,-25000,18000,-28000,1
-25,20,51,R3C2,,20000,25000,20000,-25000,18000,-28000,1
-25,21,51,R3C3,,21000,25000,21000,-25000,18000,-28000,1
-25,22,51,R3C4,,22000,25000,22000,-25000,18000,-28000,1
-25,23,51,R3C5,,23000,25000,23000,-25000,18000,-28000,1
-25,24,51,R3C6,,24000,25000,24000,-25000,18000,-28000,1
-25,25,51,R3C7,,25000,25000,25000,-25000,18000,-28000,1
-25,26,51,R3C8,,26000,25000,26000,-25000,18000,-28000,1
-24,18,51,R4C0,,18000,24000,18000,-24000,18000,-28000,1
-24,19,51,R4C1,,19000,24000,19000,-24000,18000,-28000,1
-24,20,51,R4C2,,20000,24000,20000,-24000,18000,-28000,1
-24,21,51,R4C3,,21000,24000,21000,-24000,18000,-28000,1
-24,22,51,R4C4,,22000,24000,22000,-24000,18000,-28000,1
-24,23,51,R4C5,,23000,24000,23000,-24000,18000,-28000,1
-24,24,51,R4C6,,24000,24000,24000,-24000,18000,-28000,1
-24,25,51,R4C7,,25000,24000,25000,-24000,18000,-28000,1
-24,26,51,R4C8,,26000,24000,26000,-24000,18000,-28000,1
-23,18,51,R5C0,,18000,23000,18000,-23000,18000,-28000,1
-23,19,51,R5C1,,19000,23000,19000,-23000,18000,-28000,1
-23,20,51,R5C2,,20000,23000,20000,-23000,18000,-28000,1
-23,21,51,R5C3,,21000,23000,21000,-23000,18000,-28000,1
-23,22,51,R5C4,,22000,23000,22000,-23000,18000,-28000,1
-23,23,51,R5C5,,23000,23000,23000,-23000,18000,-28000,1
-23,24,51,R5C6,,24000,23000,24000,-23000,18000,-28000,1
-23,25,51,R5C7,,25000,23000,25000,-23000,18000,-28000,1
-23,26,51,R5C8,,26000,23000,26000,-23000,18000,-28000,1
-22,18,51,R6C0,,18000,22000,18000,-22000,18000,-28000,1
-22,19,51,R6C1,,19000,22000,19000,-22000,18000,-28000,1
-22,20,51,R6C2,,20000,22000,20000,-22000,18000,-28000,1
-22,21,51,R6C3,,21000,22000,21000,-22000,18000,-28000,1
-22,22,51,R6C4,,22000,22000,22000,-22000,18000,-28000,1
-22,23,51,R6C5,,23000,22000,23000,-22000,18000,-28000,1
-22,24,51,R6C6,2-7-5-14,24000,22000,24000,-22000,18000,-28000,1
-22,25,51,R6C7,1-7-5-14,25000,22000,25000,-22000,18000,-28000,1
-22,26,51,R6C8,,26000,22000,26000,-22000,18000,-28000,1
21,-9,145,R0C0,,-9000,-21000,-9000,21000,-9000,21000,1
21,-8,145,R0C1,,-8000,-21000,-8000,21000,-9000,21000,1
21,-7,145,R0C2,,-7000,-21000,-7000,21000,-9000,21000,1
21,-6,145,R0C3,,-6000,-21000,-6000,21000,-9000,21000,1
21,-5,145,R0C4,,-5000,-21000,-5000,21000,-9000,21000,1
21,-4,145,R0C5,,-4000,-21000,-4000,21000,-9000,21000,1
21,-3,145,R0C6,,-3000,-21000,-3000,21000,-9000,21000,1
21,-2,145,R0C7,,-2000,-21000,-2000,21000,-9000,21000,1
21,-1,145,R0C8,,-1000,-21000,-1000,21000,-9000,21000,1
22,-9,145,R1C0,,-9000,-22000,-9000,22000,-9000,21000,1
22,-8,145,R1C1,,-8000,-22000,-8000,22000,-9000,21000,1
22,-7,145,R1C2,,-7000,-22000,-7000,22000,-9000,21000,1
22,-6,145,R1C3,,-6000,-22000,-6000,22000,-9000,21000,1
22,-5,145,R1C4,,-5000,-22000,-5000,22000,-9000,21000,1
22,-4,145,R1C5,,-4000,-22000,-4000,22000,-9000,21000,1
22,-3,145,R1C6,,-3000,-22000,-3000,22000,-9000,21000,1
22,-2,145,R1C7,,-2000,-22000,-2000,22000,-9000,21000,1
22,-1,145,R1C8,,-1000,-22000,-1000,22000,-9000,21000,1
23,-9,145,R2C0,,-9000,-23000,-9000,23000,-9000,21000,1
23,-8,145,R2C1,,-8000,-23000,-8000,23000,-9000,21000,1
23,-7,145,R2C2,,-7000,-23000,-7000,23000,-9000,21000,1
23,-6,145,R2C3,,-6000,-23000,-6000,23000,-9000,21000,1
23,-5,145,R2C4,,-5000,-23000,-5000,23000,-9000,21000,1
23,-4,145,R2C5,,-4000,-23000,-4000,23000,-9000,21000,1
23,-3,145,R2C6,,-3000,-23000,-3000,23000,-9000,21000,1
23,-2,145,R2C7,,-2000,-23000,-2000,23000,-9000,21000,1
23,-1,145,R2C8,,-1000,-23000,-1000,23000,-9000,21000,1
24,-9,145,R3C0,,-9000,-24000,-9000,24000,-9000,21000,1
24,-8,145,R3C1,,-8000,-24000,-8000,24000,-9000,21000,1
24,-7,145,R3C2,,-7000,-24000,-7000,24000,-9000,21000,1
24,-6,145,R3C3,,-6000,-24000,-6000,24000,-9000,21000,1
24,-5,145,R3C4,,-5000,-24000,-5000,24000,-9000,21000,1
24,-4,145,R3C5,,-4000,-24000,-4000,24000,-9000,21000,1
24,-3,145,R3C6,,-3000,-24000,-3000,24000,-9000,21000,1
24,-2,145,R3C7,,-2000,-24000,-2000,24000,-9000,21000,1
24,-1,145,R3C8,,-1000,-24000,-1000,24000,-9000,21000,1
25,-9,145,R4C0,,-9000,-25000,-9000,25000,-9000,21000,1
25,-8,145,R4C1,,-8000,-25000,-8000,25000,-9000,21000,1
25,-7,145,R4C2,,-7000,-25000,-7000,25000,-9000,21000,1
25,-6,145,R4C3,,-6000,-25000,-6000,25000,-9000,21000,1
25,-5,145,R4C4,,-5000,-25000,-5000,25000,-9000,21000,1
25,-4,145,R4C5,,-4000,-25000,-4000,25000,-9000,21000,1
25,-3,145,R4C6,,-3000,-25000,-3000,25000,-9000,21000,1
25,-2,145,R4C7,,-2000,-25000,-2000,25000,-9000,21000,1
25,-1,145,R4C8,,-1000,-25000,-1000,25000,-9000,21000,1
26,-9,145,R5C0,,-9000,-26000,-9000,26000,-9000,21000,1
26,-8,145,R5C1,,-8000,-26000,-8000,26000,-9000,21000,1
26,-7,145,R5C2,,-7000,-26000,-7000,26000,-9000,21000,1
26,-6,145,R5C3,,-6000,-26000,-6000,26000,-9000,21000,1
26,-5,145,R5C4,,-5000,-26000,-5000,26000,-9000,21000,1
26,-4,145,R5C5,,-4000,-26000,-4000,26000,-9000,21000,1
26,-3,145,R5C6,,-3000,-26000,-3000,26000,-9000,21000,1
26,-2,145,R5C7,,-2000,-26000,-2000,26000,-9000,21000,1
26,-1,145,R5C8,,-1000,-26000,-1000,26000,-9000,21000,1
27,-9,145,R6C0,,-9000,-27000,-9000,27000,-9000,21000,1
27,-8,145,R6C1,,-8000,-27000,-8000,27000,-9000,21000,1
27,-7,145,R6C2,,-7000,-27000,-7000,27000,-9000,21000,1
27,-6,145,R6C3,,-6000,-27000,-6000,27000,-9000,21000,1
27,-5,145,R6C4,,-5000,-27000,-5000,27000,-9000,21000,1
27,-4,145,R6C5,,-4000,-27000,-4000,27000,-9000,21000,1
27,-3,145,R6C6,2-7-8-7,-3000,-27000,-3000,27000,-9000,21000,1
27,-2,145,R6C7,1-7-8-7,-2000,-27000,-2000,27000,-9000,21000,1
27,-1,145,R6C8,,-1000,-27000,-1000,27000,-9000,21000,1
35,-45,166,R0C0,,-45000,-35000,-45000,35000,-45000,35000,1
35,-44,166,R0C1,,-44000,-35000,-44000,35000,-45000,35000,1
35,-43,166,R0C2,,-43000,-35000,-43000,35000,-45000,35000,1
35,-42,166,R0C3,,-42000,-35000,-42000,35000,-45000,35000,1
35,-41,166,R0C4,,-41000,-35000,-41000,35000,-45000,35000,1
35,-40,166,R0C5,,-40000,-35000,-40000,35000,-45000,35000,1
35,-39,166,R0C6,,-39000,-35000,-39000,35000,-45000,35000,1
35,-38,166,R0C7,,-38000,-35000,-38000,35000,-45000,35000,1
35,-37,166,R0C8,,-37000,-35000,-37000,35000,-45000,35000,1
36,-45,166,R1C0,,-45000,-36000,-45000,36000,-45000,35000,1
36,-44,166,R1C1,,-44000,-36000,-44000,36000,-45000,35000,1
36,-43,166,R1C2,,-43000,-36000,-43000,36000,-45000,35000,1
36,-42,166,R1C3,,-42000,-36000,-42000,36000,-45000,35000,1
36,-41,166,R1C4,,-41000,-36000,-41000,36000,-45000,35000,1
36,-40,166,R1C5,,-40000,-36000,-40000,36000,-45000,35000,1
36,-39,166,R1C6,,-39000,-36000,-39000,36000,-45000,35000,1
36,-38,166,R1C7,,-38000,-36000,-38000,36000,-45000,35000,1
36,-37,166,R1C8,,-37000,-36000,-37000,36000,-45000,35000,1
37,-45,166,R2C0,,-45000,-37000,-45000,37000,-45000,35000,1
37,-44,166,R2C1,,-44000,-37000,-44000,37000,-45000,35000,1
37,-43,166,R2C2,,-43000,-37000,-43000,37000,-45000,35000,1
37,-42,166,R2C3,,-42000,-37000,-42000,37000,-45000,35000,1
37,-41,166,R2C4,,-41000,-37000,-41000,37000,-45000,35000,1
37,-40,166,R2C5,,-40000,-37000,-40000,37000,-45000,35000,1
37,-39,166,R2C6,,-39000,-37000,-39000,37000,-45000,35000,1
37,-38,166,R2C7,,-38000,-37000,-38000,37000,-45000,35000,1
37,-37,166,R2C8,,-37000,-37000,-37000,37000,-45000,35000,1
38,-45,166,R3C0,,-45000,-38000,-45000,38000,-45000,35000,1
38,-44,166,R3C1,,-44000,-38000,-44000,38000,-45000,35000,1
38,-43,166,R3C2,,-43000,-38000,-43000,38000,-45000,35000,1
38,-42,166,R3C3,,-42000,-38000,-42000,38000,-45000,35000,1
38,-41,166,R3C4,,-41000,-38000,-41000,38000,-45000,35000,1
38,-40,166,R3C5,,-40000,-38000,-40000,38000,-45000,35000,1
38,-39,166,R3C6,,-39000,-38000,-39000,38000,-45000,35000,1
38,-38,166,R3C7,,-38000,-38000,-38000,38000,-45000,35000,1
38,-37,166,R3C8,,-37000,-38000,-37000,38000,-45000,35000,1
39,-45,166,R4C0,,-45000,-39000,-45000,39000,-45000,35000,1
39,-44,166,R4C1,,-44000,-39000,-44000,39000,-45000,35000,1
39,-43,166,R4C2,,-43000,-39000,-43000,39000,-45000,35000,1
39,-42,166,R4C3,,-42000,-39000,-42000,39000,-45000,35000,1
39,-41,166,R4C4,,-41000,-39000,-41000,39000,-45000,35000,1
39,-40,166,R4C5,,-40000,-39000,-40000,39000,-45000,35000,1
39,-39,166,R4C6,,-39000,-39000,-39000,39000,-45000,35000,1
39,-38,166,R4C7,,-38000,-39000,-38000,39000,-45000,35000,1
39,-37,166,R4C8,,-37000,-39000,-37000,39000,-45000,35000,1
40,-45,166,R5C0,,-45000,-40000,-45000,40000,-45000,35000,1
40,-44,166,R5C1,,-44000,-40000,-44000,40000,-45000,35000,1
40,-43,166,R5C2,,-43000,-40000,-43000,40000,-45000,35000,1
40,-42,166,R5C3,,-42000,-40000,-42000,40000,-45000,35000,1
40,-41,166,R5C4,,-41000,-40000,-41000,40000,-45000,35000,1
40,-40,166,R5C5,,-40000,-40000,-40000,40000,-45000,35000,1
40,-39,166,R5C6,,-39000,-40000,-39000,40000,-45000,35000,1
40,-38,166,R5C7,,-38000,-40000,-38000,40000,-45000,35000,1
40,-37,166,R5C8,,-37000,-40000,-37000,40000,-45000,35000,1
41,-45,166,R6C0,,-45000,-41000,-45000,41000,-45000,35000,1
41,-44,166,R6C1,,-44000,-41000,-44000,41000,-45000,35000,1
41,-43,166,R6C2,,-43000,-41000,-43000,41000,-45000,35000,1
41,-42,166,R6C3,,-42000,-41000,-42000,41000,-45000,35000,1
41,-41,166,R6C4,,-41000,-41000,-41000,41000,-45000,35000,1
41,-40,166,R6C5,,-40000,-41000,-40000,41000,-45000,35000,1
41,-39,166,R6C6,2-7-12-5,-39000,-41000,-39000,41000,-45000,35000,1
41,-38,166,R6C7,1-7-12-5,-38000,-41000,-38000,41000,-45000,35000,1
41,-37,166,R6C8,,-37000,-41000,-37000,41000,-45000,35000,1
28,-27,156,R0C0,,-27000,-28000,-27000,28000,-27000,28000,1
28,-26,156,R0C1,,-26000,-28000,-26000,28000,-27000,28000,1
28,-25,156,R0C2,,-25000,-28000,-25000,28000,-27000,28000,1
28,-24,156,R0C3,,-24000,-28000,-24000,28000,-27000,28000,1
28,-23,156,R0C4,,-23000,-28000,-23000,28000,-27000,28000,1
28,-22,156,R0C5,,-22000,-28000,-22000,28000,-27000,28000,1
28,-21,156,R0C6,,-21000,-28000,-21000,28000,-27000,28000,1
28,-20,156,R0C7,,-20000,-28000,-20000,28000,-27000,28000,1
28,-19,156,R0C8,,-19000,-28000,-19000,28000,-27000,28000,1
29,-27,156,R1C0,,-27000,-29000,-27000,29000,-27000,28000,1
29,-26,156,R1C1,,-26000,-29000,-26000,29000,-27000,28000,1
29,-25,156,R1C2,,-25000,-29000,-25000,29000,-27000,28000,1
29,-24,156,R1C3,,-24000,-29000,-24000,29000,-27000,28000,1
29,-23,156,R1C4,,-23000,-29000,-23000,29000,-27000,28000,1
29,-22,156,R1C5,,-22000,-29000,-22000,29000,-27000,28000,1
29,-21,156,R1C6,,-21000,-29000,-21000,29000,-27000,28000,1
29,-20,156,R1C7,,-20000,-29000,-20000,29000,-27000,28000,1
29,-19,156,R1C8,,-19000,-29000,-19000,29000,-27000,28000,1
30,-27,156,R2C0,,-27000,-30000,-27000,30000,-27000,28000,1
30,-26,156,R2C1,,-26000,-30000,-26000,30000,-27000,28000,1
30,-25,156,R2C2,,-25000,-30000,-25000,30000,-27000,28000,1
30,-24,156,R2C3,,-24000,-30000,-24000,30000,-27000,28000,1
30,-23,156,R2C4,,-23000,-30000,-23000,30000,-27000,28000,1
30,-22,156,R2C5,,-22000,-30000,-22000,30000,-27000,28000,1
30,-21,156,R2C6,,-21000,-30000,-21000,30000,-27000,28000,1
30,-20,156,R2C7,,-20000,-30000,-20000,30000,-27000,28000,1
30,-19,156,R2C8,,-19000,-30000,-19000,30000,-27000,28000,1
31,-27,156,R3C0,,-27000,-31000,-27000,31000,-27000,28000,1
31,-26,156,R3C1,,-26000,-31000,-26000,31000,-27000,28000,1
31,-25,156,R3C2,,-25000,-31000,-25000,31000,-27000,28000,1
31,-24,156,R3C3,,-24000,-31000,-24000,31000,-27000,28000,1
31,-23,156,R3C4,,-23000,-31000,-23000,31000,-27000,28000,1
31,-22,156,R3C5,,-22000,-31000,-22000,31000,-27000,28000,1
31,-21,156,R3C6,,-21000,-31000,-21000,31000,-27000,28000,1
31,-20,156,R3C7,,-20000,-31000,-20000,31000,-27000,28000,1
31,-19,156,R3C8,,-19000,-31000,-19000,31000,-27000,28000,1
32,-27,156,R4C0,,-27000,-32000,-27000,32000,-27000,28000,1
32,-26,156,R4C1,,-26000,-32000,-26000,32000,-27000,28000,1
32,-25,156,R4C2,,-25000,-32000,-25000,32000,-27000,28000,1
32,-24,156,R4C3,,-24000,-32000,-24000,32000,-27000,28000,1
32,-23,156,R4C4,,-23000,-32000,-23000,32000,-27000,28000,1
32,-22,156,R4C5,,-22000,-32000,-22000,32000,-27000,28000,1
32,-21,156,R4C6,,-21000,-32000,-21000,32000,-27000,28000,1
32,-20,156,R4C7,,-20000,-32000,-20000,32000,-27000,28000,1
32,-19,156,R4C8,,-19000,-32000,-19000,32000,-27000,28000,1
33,-27,156,R5C0,,-27000,-33000,-27000,33000,-27000,28000,1
33,-26,156,R5C1,,-26000,-33000,-26000,33000,-27000,28000,1
33,-25,156,R5C2,,-25000,-33000,-25000,33000,-27000,28000,1
33,-24,156,R5C3,,-24000,-33000,-24000,33000,-27000,28000,1
33,-23,156,R5C4,,-23000,-33000,-23000,33000,-27000,28000,1
33,-22,156,R5C5,,-22000,-33000,-22000,33000,-27000,28000,1
33,-21,156,R5C6,,-21000,-33000,-21000,33000,-27000,28000,1
33,-20,156,R5C7,,-20000,-33000,-20000,33000,-27000,28000,1
33,-19,156,R5C8,,-19000,-33000,-19000,33000,-27000,28000,1
34,-27,156,R6C0,,-27000,-34000,-27000,34000,-27000,28000,1
34,-26,156,R6C1,,-26000,-34000,-26000,34000,-27000,28000,1
34,-25,156,R6C2,,-25000,-34000,-25000,34000,-27000,28000,1
34,-24,156,R6C3,,-24000,-34000,-24000,34000,-27000,28000,1
34,-23,156,R6C4,,-23000,-34000,-23000,34000,-27000,28000,1
34,-22,156,R6C5,,-22000,-34000,-22000,34000,-27000,28000,1
34,-21,156,R6C6,2-7-10-6,-21000,-34000,-21000,34000,-27000,28000,1
34,-20,156,R6C7,1-7-10-6,-20000,-34000,-20000,34000,-27000,28000,1
34,-19,156,R6C8,,-19000,-34000,-19000,34000,-27000,28000,1
21,-18,144,R0C0,,-18000,-21000,-18000,21000,-18000,21000,1
21,-17,144,R0C1,,-17000,-21000,-17000,21000,-18000,21000,1
21,-16,144,R0C2,,-16000,-21000,-16000,21000,-18000,21000,1
21,-15,144,R0C3,,-15000,-21000,-15000,21000,-18000,21000,1
21,-14,144,R0C4,,-14000,-21000,-14000,21000,-18000,21000,1
21,-13,144,R0C5,,-13000,-21000,-13000,21000,-18000,21000,1
21,-12,144,R0C6,,-12000,-21000,-12000,21000,-18000,21000,1
21,-11,144,R0C7,,-11000,-21000,-11000,21000,-18000,21000,1
21,-10,144,R0C8,,-10000,-21000,-10000,21000,-18000,21000,1
22,-18,144,R1C0,,-18000,-22000,-18000,22000,-18000,21000,1
22,-17,144,R1C1,,-17000,-22000,-17000,22000,-18000,21000,1
22,-16,144,R1C2,,-16000,-22000,-16000,22000,-18000,21000,1
22,-15,144,R1C3,,-15000,-22000,-15000,22000,-18000,21000,1
22,-14,144,R1C4,,-14000,-22000,-14000,22000,-18000,21000,1
22,-13,144,R1C5,,-13000,-22000,-13000,22000,-18000,21000,1
22,-12,144,R1C6,,-12000,-22000,-12000,22000,-18000,21000,1
22,-11,144,R1C7,,-11000,-22000,-11000,22000,-18000,21000,1
22,-10,144,R1C8,,-10000,-22000,-10000,22000,-18000,21000,1
23,-18,144,R2C0,,-18000,-23000,-18000,23000,-18000,21000,1
23,-17,144,R2C1,,-17000,-23000,-17000,23000,-18000,21000,1
23,-16,144,R2C2,,-16000,-23000,-16000,23000,-18000,21000,1
23,-15,144,R2C3,,-15000,-23000,-15000,23000,-18000,21000,1
23,-14,144,R2C4,,-14000,-23000,-14000,23000,-18000,21000,1
23,-13,144,R2C5,,-13000,-23000,-13000,23000,-18000,21000,1
23,-12,144,R2C6,,-12000,-23000,-12000,23000,-18000,21000,1
23,-11,144,R2C7,,-11000,-23000,-11000,23000,-18000,21000,1
23,-10,144,R2C8,,-10000,-23000,-10000,23000,-18000,21000,1
24,-18,144,R3C0,,-18000,-24000,-18000,24000,-18000,21000,1
24,-17,144,R3C1,,-17000,-24000,-17000,24000,-18000,21000,1
24,-16,144,R3C2,,-16000,-24000,-16000,24000,-18000,21000,1
24,-15,144,R3C3,,-15000,-24000,-15000,24000,-18000,21000,1
24,-14,144,R3C4,,-14000,-24000,-14000,24000,-18000,21000,1
24,-13,144,R3C5,,-13000,-24000,-13000,24000,-18000,21000,1
24,-12,144,R3C6,,-12000,-24000,-12000,24000,-18000,21000,1
24,-11,144,R3C7,,-11000,-24000,-11000,24000,-18000,21000,1
24,-10,144,R3C8,,-10000,-24000,-10000,24000,-18000,21000,1
25,-18,144,R4C0,,-18000,-25000,-18000,25000,-18000,21000,1
25,-17,144,R4C1,,-17000,-25000,-17000,25000,-18000,21000,1
25,-16,144,R4C2,,-16000,-25000,-16000,25000,-18000,21000,1
25,-15,144,R4C3,,-15000,-25000,-15000,25000,-18000,21000,1
25,-14,144,R4C4,,-14000,-25000,-14000,25000,-18000,21000,1
25,-13,144,R4C5,,-13000,-25000,-13000,25000,-18000,21000,1
25,-12,144,R4C6,,-12000,-25000,-12000,25000,-18000,21000,1
25,-11,144,R4C7,,-11000,-25000,-11000,25000,-18000,21000,1
25,-10,144,R4C8,,-10000,-25000,-10000,25000,-18000,21000,1
26,-18,144,R5C0,,-18000,-26000,-18000,26000,-18000,21000,1
26,-17,144,R5C1,,-17000,-26000,-17000,26000,-18000,21000,1
26,-16,144,R5C2,,-16000,-26000,-16000,26000,-18000,21000,1
26,-15,144,R5C3,,-15000,-26000,-15000,26000,-18000,21000,1
26,-14,144,R5C4,,-14000,-26000,-14000,26000,-18000,21000,1
26,-13,144,R5C5,,-13000,-26000,-13000,26000,-18000,21000,1
26,-12,144,R5C6,,-12000,-26000,-12000,26000,-18000,21000,1
26,-11,144,R5C7,,-11000,-26000,-11000,26000,-18000,21000,1
26,-10,144,R5C8,,-10000,-26000,-10000,26000,-18000,21000,1
27,-18,144,R6C0,,-18000,-27000,-18000,27000,-18000,21000,1
27,-17,144,R6C1,,-17000,-27000,-17000,27000,-18000,21000,1
27,-16,144,R6C2,,-16000,-27000,-16000,27000,-18000,21000,1
27,-15,144,R6C3,,-15000,-27000,-15000,27000,-18000,21000,1
27,-14,144,R6C4,,-14000,-27000,-14000,27000,-18000,21000,1
27,-13,144,R6C5,,-13000,-27000,-13000,27000,-18000,21000,1
27,-12,144,R6C6,2-7-9-7,-12000,-27000,-12000,27000,-18000,21000,1
27,-11,144,R6C7,1-7-9-7,-11000,-27000,-11000,27000,-18000,21000,1
27,-10,144,R6C8,,-10000,-27000,-10000,27000,-18000,21000,1
-35,-54,31,R0C0,,-54000,35000,-54000,-35000,-54000,-35000,1
-35,-53,31,R0C1,,-53000,35000,-53000,-35000,-54000,-35000,1
-35,-52,31,R0C2,,-52000,35000,-52000,-35000,-54000,-35000,1
-35,-51,31,R0C3,,-51000,35000,-51000,-35000,-54000,-35000,1
-35,-50,31,R0C4,,-50000,35000,-50000,-35000,-54000,-35000,1
-35,-49,31,R0C5,,-49000,35000,-49000,-35000,-54000,-35000,1
-35,-48,31,R0C6,,-48000,35000,-48000,-35000,-54000,-35000,1
-35,-47,31,R0C7,,-47000,35000,-47000,-35000,-54000,-35000,1
-35,-46,31,R0C8,,-46000,35000,-46000,-35000,-54000,-35000,1
-34,-54,31,R1C0,,-54000,34000,-54000,-34000,-54000,-35000,1
-34,-53,31,R1C1,,-53000,34000,-53000,-34000,-54000,-35000,1
-34,-52,31,R1C2,,-52000,34000,-52000,-34000,-54000,-35000,1
-34,-51,31,R1C3,,-51000,34000,-51000,-34000,-54000,-35000,1
-34,-50,31,R1C4,,-50000,34000,-50000,-34000,-54000,-35000,1
-34,-49,31,R1C5,,-49000,34000,-49000,-34000,-54000,-35000,1
-34,-48,31,R1C6,,-48000,34000,-48000,-34000,-54000,-35000,1
-34,-47,31,R1C7,,-47000,34000,-47000,-34000,-54000,-35000,1
-34,-46,31,R1C8,,-46000,34000,-46000,-34000,-54000,-35000,1
-33,-54,31,R2C0,,-54000,33000,-54000,-33000,-54000,-35000,1
-33,-53,31,R2C1,,-53000,33000,-53000,-33000,-54000,-35000,1
-33,-52,31,R2C2,,-52000,33000,-52000,-33000,-54000,-35000,1
-33,-51,31,R2C3,,-51000,33000,-51000,-33000,-54000,-35000,1
-33,-50,31,R2C4,,-50000,33000,-50000,-33000,-54000,-35000,1
-33,-49,31,R2C5,,-49000,33000,-49000,-33000,-54000,-35000,1
-33,-48,31,R2C6,,-48000,33000,-48000,-33000,-54000,-35000,1
-33,-47,31,R2C7,,-47000,33000,-47000,-33000,-54000,-35000,1
-33,-46,31,R2C8,,-46000,33000,-46000,-33000,-54000,-35000,1
-32,-54,31,R3C0,,-54000,32000,-54000,-32000,-54000,-35000,1
-32,-53,31,R3C1,,-53000,32000,-53000,-32000,-54000,-35000,1
-32,-52,31,R3C2,,-52000,32000,-52000,-32000,-54000,-35000,1
-32,-51,31,R3C3,,-51000,32000,-51000,-32000,-54000,-35000,1
-32,-50,31,R3C4,,-50000,32000,-50000,-32000,-54000,-35000,1
-32,-49,31,R3C5,,-49000,32000,-49000,-32000,-54000,-35000,1
-32,-48,31,R3C6,,-48000,32000,-48000,-32000,-54000,-35000,1
-32,-47,31,R3C7,,-47000,32000,-47000,-32000,-54000,-35000,1
-32,-46,31,R3C8,,-46000,32000,-46000,-32000,-54000,-35000,1
-31,-54,31,R4C0,,-54000,31000,-54000,-31000,-54000,-35000,1
-31,-53,31,R4C1,,-53000,31000,-53000,-31000,-54000,-35000,1
-31,-52,31,R4C2,,-52000,31000,-52000,-31000,-54000,-35000,1
-31,-51,31,R4C3,,-51000,31000,-51000,-31000,-54000,-35000,1
-31,-50,31,R4C4,,-50000,31000,-50000,-31000,-54000,-35000,1
-31,-49,31,R4C5,,-49000,31000,-49000,-31000,-54000,-35000,1
-31,-48,31,R4C6,,-48000,31000,-48000,-31000,-54000,-35000,1
-31,-47,31,R4C7,,-47000,31000,-47000,-31000,-54000,-35000,1
-31,-46,31,R4C8,,-46000,31000,-46000,-31000,-54000,-35000,1
-30,-54,31,R5C0,,-54000,30000,-54000,-30000,-54000,-35000,1
-30,-53,31,R5C1,,-53000,30000,-53000,-30000,-54000,-35000,1
-30,-52,31,R5C2,,-52000,30000,-52000,-30000,-54000,-35000,1
-30,-51,31,R5C3,,-51000,30000,-51000,-30000,-54000,-35000,1
-30,-50,31,R5C4,,-50000,30000,-50000,-30000,-54000,-35000,1
-30,-49,31,R5C5,,-49000,30000,-49000,-30000,-54000,-35000,1
-30,-48,31,R5C6,,-48000,30000,-48000,-30000,-54000,-35000,1
-30,-47,31,R5C7,,-47000,30000,-47000,-30000,-54000,-35000,1
-30,-46,31,R5C8,,-46000,30000,-46000,-30000,-54000,-35000,1
-29,-54,31,R6C0,,-54000,29000,-54000,-29000,-54000,-35000,1
-29,-53,31,R6C1,,-53000,29000,-53000,-29000,-54000,-35000,1
-29,-52,31,R6C2,,-52000,29000,-52000,-29000,-54000,-35000,1
-29,-51,31,R6C3,,-51000,29000,-51000,-29000,-54000,-35000,1
-29,-50,31,R6C4,,-50000,29000,-50000,-29000,-54000,-35000,1
-29,-49,31,R6C5,,-49000,29000,-49000,-29000,-54000,-35000,1
-29,-48,31,R6C6,2-7-13-15,-48000,29000,-48000,-29000,-54000,-35000,1
-29,-47,31,R6C7,1-7-13-15,-47000,29000,-47000,-29000,-54000,-35000,1
-29,-46,31,R6C8,,-46000,29000,-46000,-29000,-54000,-35000,1
-42,-45,21,R0C0,,-45000,42000,-45000,-42000,-45000,-42000,1
-42,-44,21,R0C1,,-44000,42000,-44000,-42000,-45000,-42000,1
-42,-43,21,R0C2,,-43000,42000,-43000,-42000,-45000,-42000,1
-42,-42,21,R0C3,,-42000,42000,-42000,-42000,-45000,-42000,1
-42,-41,21,R0C4,,-41000,42000,-41000,-42000,-45000,-42000,1
-42,-40,21,R0C5,,-40000,42000,-40000,-42000,-45000,-42000,1
-42,-39,21,R0C6,,-39000,42000,-39000,-42000,-45000,-42000,1
-42,-38,21,R0C7,,-38000,42000,-38000,-42000,-45000,-42000,1
-42,-37,21,R0C8,,-37000,42000,-37000,-42000,-45000,-42000,1
-41,-45,21,R1C0,,-45000,41000,-45000,-41000,-45000,-42000,1
-41,-44,21,R1C1,,-44000,41000,-44000,-41000,-45000,-42000,1
-41,-43,21,R1C2,,-43000,41000,-43000,-41000,-45000,-42000,1
-41,-42,21,R1C3,,-42000,41000,-42000,-41000,-45000,-42000,1
-41,-41,21,R1C4,,-41000,41000,-41000,-41000,-45000,-42000,1
-41,-40,21,R1C5,,-40000,41000,-40000,-41000,-45000,-42000,1
-41,-39,21,R1C6,,-39000,41000,-39000,-41000,-45000,-42000,1
-41,-38,21,R1C7,,-38000,41000,-38000,-41000,-45000,-42000,1
-41,-37,21,R1C8,,-37000,41000,-37000,-41000,-45000,-42000,1
-40,-45,21,R2C0,,-45000,40000,-45000,-40000,-45000,-42000,1
-40,-44,21,R2C1,,-44000,40000,-44000,-40000,-45000,-42000,1
-40,-43,21,R2C2,,-43000,40000,-43000,-40000,-45000,-42000,1
-40,-42,21,R2C3,,-42000,40000,-42000,-40000,-45000,-42000,1
-40,-41,21,R2C4,,-41000,40000,-41000,-40000,-45000,-42000,1
-40,-40,21,R2C5,,-40000,40000,-40000,-40000,-45000,-42000,1
-40,-39,21,R2C6,,-39000,40000,-39000,-40000,-45000,-42000,1
-40,-38,21,R2C7,,-38000,40000,-38000,-40000,-45000,-42000,1
-40,-37,21,R2C8,,-37000,40000,-37000,-40000,-45000,-42000,1
-39,-45,21,R3C0,,-45000,39000,-45000,-39000,-45000,-42000,1
-39,-44,21,R3C1,,-44000,39000,-44000,-39000,-45000,-42000,1
-39,-43,21,R3C2,,-43000,39000,-43000,-39000,-45000,-42000,1
-39,-42,21,R3C3,,-42000,39000,-42000,-39000,-45000,-42000,1
-39,-41,21,R3C4,,-41000,39000,-41000,-39000,-45000,-42000,1
-39,-40,21,R3C5,,-40000,39000,-40000,-39000,-45000,-42000,1
-39,-39,21,R3C6,,-39000,39000,-39000,-39000,-45000,-42000,1
-39,-38,21,R3C7,,-38000,39000,-38000,-39000,-45000,-42000,1
-39,-37,21,R3C8,,-37000,39000,-37000,-39000,-45000,-42000,1
-38,-45,21,R4C0,,-45000,38000,-45000,-38000,-45000,-42000,1
-38,-44,21,R4C1,,-44000,38000,-44000,-38000,-45000,-42000,1
-38,-43,21,R4C2,,-43000,38000,-43000,-38000,-45000,-42000,1
-38,-42,21,R4C3,,-42000,38000,-42000,-38000,-45000,-42000,1
-38,-41,21,R4C4,,-41000,38000,-41000,-38000,-45000,-42000,1
-38,-40,21,R4C5,,-40000,38000,-40000,-38000,-45000,-42000,1
-38,-39,21,R4C6,,-39000,38000,-39000,-38000,-45000,-42000,1
-38,-38,21,R4C7,,-38000,38000,-38000,-38000,-45000,-42000,1
-38,-37,21,R4C8,,-37000,38000,-37000,-38000,-45000,-42000,1
-37,-45,21,R5C0,,-45000,37000,-45000,-37000,-45000,-42000,1
-37,-44,21,R5C1,,-44000,37000,-44000,-37000,-45000,-42000,1
-37,-43,21,R5C2,,-43000,37000,-43000,-37000,-45000,-42000,1
-37,-42,21,R5C3,,-42000,37000,-42000,-37000,-45000,-42000,1
-37,-41,21,R5C4,,-41000,37000,-41000,-37000,-45000,-42000,1
-37,-40,21,R5C5,,-40000,37000,-40000,-37000,-45000,-42000,1
-37,-39,21,R5C6,,-39000,37000,-39000,-37000,-45000,-42000,1
-37,-38,21,R5C7,,-38000,37000,-38000,-37000,-45000,-42000,1
-37,-37,21,R5C8,,-37000,37000,-37000,-37000,-45000,-42000,1
-36,-45,21,R6C0,,-45000,36000,-45000,-36000,-45000,-42000,1
-36,-44,21,R6C1,,-44000,36000,-44000,-36000,-45000,-42000,1
-36,-43,21,R6C2,,-43000,36000,-43000,-36000,-45000,-42000,1
-36,-42,21,R6C3,,-42000,36000,-42000,-36000,-45000,-42000,1
-36,-41,21,R6C4,,-41000,36000,-41000,-36000,-45000,-42000,1
-36,-40,21,R6C5,,-40000,36000,-40000,-36000,-45000,-42000,1
-36,-39,21,R6C6,2-7-12-16,-39000,36000,-39000,-36000,-45000,-42000,1
-36,-38,21,R6C7,1-7-12-16,-38000,36000,-38000,-36000,-45000,-42000,1
-36,-37,21,R6C8,,-37000,36000,-37000,-36000,-45000,-42000,1
35,36,175,R0C0,,36000,-35000,36000,35000,36000,35000,1
35,37,175,R0C1,,37000,-35000,37000,35000,36000,35000,1
35,38,175,R0C2,,38000,-35000,38000,35000,36000,35000,1
35,39,175,R0C3,,39000,-35000,39000,35000,36000,35000,1
35,40,175,R0C4,,40000,-35000,40000,35000,36000,35000,1
35,41,175,R0C5,,41000,-35000,41000,35000,36000,35000,1
35,42,175,R0C6,,42000,-35000,42000,35000,36000,35000,1
35,43,175,R0C7,,43000,-35000,43000,35000,36000,35000,1
35,44,175,R0C8,,44000,-35000,44000,35000,36000,35000,1
36,36,175,R1C0,,36000,-36000,36000,36000,36000,35000,1
36,37,175,R1C1,,37000,-36000,37000,36000,36000,35000,1
36,38,175,R1C2,,38000,-36000,38000,36000,36000,35000,1
36,39,175,R1C3,,39000,-36000,39000,36000,36000,35000,1
36,40,175,R1C4,,40000,-36000,40000,36000,36000,35000,1
36,41,175,R1C5,,41000,-36000,41000,36000,36000,35000,1
36,42,175,R1C6,,42000,-36000,42000,36000,36000,35000,1
36,43,175,R1C7,,43000,-36000,43000,36000,36000,35000,1
36,44,175,R1C8,,44000,-36000,44000,36000,36000,35000,1
37,36,175,R2C0,,36000,-37000,36000,37000,36000,35000,1
37,37,175,R2C1,,37000,-37000,37000,37000,36000,35000,1
37,38,175,R2C2,,38000,-37000,38000,37000,36000,35000,1
37,39,175,R2C3,,39000,-37000,39000,37000,36000,35000,1
37,40,175,R2C4,,40000,-37000,40000,37000,36000,35000,1
37,41,175,R2C5,,41000,-37000,41000,37000,36000,35000,1
37,42,175,R2C6,,42000,-37000,42000,37000,36000,35000,1
37,43,175,R2C7,,43000,-37000,43000,37000,36000,35000,1
37,44,175,R2C8,,44000,-37000,44000,37000,36000,35000,1
38,36,175,R3C0,,36000,-38000,36000,38000,36000,35000,1
38,37,175,R3C1,,37000,-38000,37000,38000,36000,35000,1
38,38,175,R3C2,,38000,-38000,38000,38000,36000,35000,1
38,39,175,R3C3,,39000,-38000,39000,38000,36000,35000,1
38,40,175,R3C4,,40000,-38000,40000,38000,36000,35000,1
38,41,175,R3C5,,41000,-38000,41000,38000,36000,35000,1
38,42,175,R3C6,,42000,-38000,42000,38000,36000,35000,1
38,43,175,R3C7,,43000,-38000,43000,38000,36000,35000,1
38,44,175,R3C8,,44000,-38000,44000,38000,36000,35000,1
39,36,175,R4C0,,36000,-39000,36000,39000,36000,35000,1
39,37,175,R4C1,,37000,-39000,37000,39000,36000,35000,1
39,38,175,R4C2,,38000,-39000,38000,39000,36000,35000,1
39,39,175,R4C3,,39000,-39000,39000,39000,36000,35000,1
39,40,175,R4C4,,40000,-39000,40000,39000,36000,35000,1
39,41,175,R4C5,,41000,-39000,41000,39000,36000,35000,1
39,42,175,R4C6,,42000,-39000,42000,39000,36000,35000,1
39,43,175,R4C7,,43000,-39000,43000,39000,36000,35000,1
39,44,175,R4C8,,44000,-39000,44000,39000,36000,35000,1
40,36,175,R5C0,,36000,-40000,36000,40000,36000,35000,1
40,37,175,R5C1,,37000,-40000,37000,40000,36000,35000,1
40,38,175,R5C2,,38000,-40000,38000,40000,36000,35000,1
40,39,175,R5C3,,39000,-40000,39000,40000,36000,35000,1
40,40,175,R5C4,,40000,-40000,40000,40000,36000,35000,1
40,41,175,R5C5,,41000,-40000,41000,40000,36000,35000,1
40,42,175,R5C6,,42000,-40000,42000,40000,36000,35000,1
40,43,175,R5C7,,43000,-40000,43000,40000,36000,35000,1
40,44,175,R5C8,,44000,-40000,44000,40000,36000,35000,1
41,36,175,R6C0,,36000,-41000,36000,41000,36000,35000,1
41,37,175,R6C1,,37000,-41000,37000,41000,36000,35000,1
41,38,175,R6C2,,38000,-41000,38000,41000,36000,35000,1
41,39,175,R6C3,,39000,-41000,39000,41000,36000,35000,1
41,40,175,R6C4,,40000,-41000,40000,41000,36000,35000,1
41,41,175,R6C5,,41000,-41000,41000,41000,36000,35000,1
41,42,175,R6C6,2-7-3-5,42000,-41000,42000,41000,36000,35000,1
41,43,175,R6C7,1-7-3-5,43000,-41000,43000,41000,36000,35000,1
41,44,175,R6C8,,44000,-41000,44000,41000,36000,35000,1
-42,36,30,R0C0,,36000,42000,36000,-42000,36000,-42000,1
-42,37,30,R0C1,,37000,42000,37000,-42000,36000,-42000,1
-42,38,30,R0C2,,38000,42000,38000,-42000,36000,-42000,1
-42,39,30,R0C3,,39000,42000,39000,-42000,36000,-42000,1
-42,40,30,R0C4,,40000,42000,40000,-42000,36000,-42000,1
-42,41,30,R0C5,,41000,42000,41000,-42000,36000,-42000,1
-42,42,30,R0C6,,42000,42000,42000,-42000,36000,-42000,1
-42,43,30,R0C7,,43000,42000,43000,-42000,36000,-42000,1
-42,44,30,R0C8,,44000,42000,44000,-42000,36000,-42000,1
-41,36,30,R1C0,,36000,41000,36000,-41000,36000,-42000,1
-41,37,30,R1C1,,37000,41000,37000,-41000,36000,-42000,1
-41,38,30,R1C2,,38000,41000,38000,-41000,36000,-42000,1
-41,39,30,R1C3,,39000,41000,39000,-41000,36000,-42000,1
-41,40,30,R1C4,,40000,41000,40000,-41000,36000,-42000,1
-41,41,30,R1C5,,41000,41000,41000,-41000,36000,-42000,1
-41,42,30,R1C6,,42000,41000,42000,-41000,36000,-42000,1
-41,43,30,R1C7,,43000,41000,43000,-41000,36000,-42000,1
-41,44,30,R1C8,,44000,41000,44000,-41000,36000,-42000,1
-40,36,30,R2C0,,36000,40000,36000,-40000,36000,-42000,1
-40,37,30,R2C1,,37000,40000,37000,-40000,36000,-42000,1
-40,38,30,R2C2,,38000,40000,38000,-40000,36000,-42000,1
-40,39,30,R2C3,,39000,40000,39000,-40000,36000,-42000,1
-40,40,30,R2C4,,40000,40000,40000,-40000,36000,-42000,1
-40,41,30,R2C5,,41000,40000,41000,-40000,36000,-42000,1
-40,42,30,R2C6,,42000,40000,42000,-40000,36000,-42000,1
-40,43,30,R2C7,,43000,40000,43000,-40000,36000,-42000,1
-40,44,30,R2C8,,44000,40000,44000,-40000,36000,-42000,1
-39,36,30,R3C0,,36000,39000,36000,-39000,36000,-42000,1
-39,37,30,R3C1,,37000,39000,37000,-39000,36000,-42000,1
-39,38,30,R3C2,,38000,39000,38000,-39000,36000,-42000,1
-39,39,30,R3C3,,39000,39000,39000,-39000,36000,-42000,1
-39,40,30,R3C4,,40000,39000,40000,-39000,36000,-42000,1
-39,41,30,R3C5,,41000,39000,41000,-39000,36000,-42000,1
-39,42,30,R3C6,,42000,39000,42000,-39000,36000,-42000,1
-39,43,30,R3C7,,43000,39000,43000,-39000,36000,-42000,1
-39,44,30,R3C8,,44000,39000,44000,-39000,36000,-42000,1
-38,36,30,R4C0,,36000,38000,36000,-38000,36000,-42000,1
-38,37,30,R4C1,,37000,38000,37000,-38000,36000,-42000,1
-38,38,30,R4C2,,38000,38000,38000,-38000,36000,-42000,1
-38,39,30,R4C3,,39000,38000,39000,-38000,36000,-42000,1
-38,40,30,R4C4,,40000,38000,40000,-38000,36000,-42000,1
-38,41,30,R4C5,,41000,38000,41000,-38000,36000,-42000,1
-38,42,30,R4C6,,42000,38000,42000,-38000,36000,-42000,1
-38,43,30,R4C7,,43000,38000,43000,-38000,36000,-42000,1
-38,44,30,R4C8,,44000,38000,44000,-38000,36000,-42000,1
-37,36,30,R5C0,,36000,37000,36000,-37000,36000,-42000,1
-37,37,30,R5C1,,37000,37000,37000,-37000,36000,-42000,1
-37,38,30,R5C2,,38000,37000,38000,-37000,36000,-42000,1
-37,39,30,R5C3,,39000,37000,39000,-37000,36000,-42000,1
-37,40,30,R5C4,,40000,37000,40000,-37000,36000,-42000,1
-37,41,30,R5C5,,41000,37000,41000,-37000,36000,-42000,1
-37,42,30,R5C6,,42000,37000,42000,-37000,36000,-42000,1
-37,43,30,R5C7,,43000,37000,43000,-37000,36000,-42000,1
-37,44,30,R5C8,,44000,37000,44000,-37000,36000,-42000,1
-36,36,30,R6C0,,36000,36000,36000,-36000,36000,-42000,1
-36,37,30,R6C1,,37000,36000,37000,-36000,36000,-42000,1
-36,38,30,R6C2,,38000,36000,38000,-36000,36000,-42000,1
-36,39,30,R6C3,,39000,36000,39000,-36000,36000,-42000,1
-36,40,30,R6C4,,40000,36000,40000,-36000,36000,-42000,1
-36,41,30,R6C5,,41000,36000,41000,-36000,36000,-42000,1
-36,42,30,R6C6,2-7-3-16,42000,36000,42000,-36000,36000,-42000,1
-36,43,30,R6C7,1-7-3-16,43000,36000,43000,-36000,36000,-42000,1
-36,44,30,R6C8,,44000,36000,44000,-36000,36000,-42000,1
-35,27,40,R0C0,,27000,35000,27000,-35000,27000,-35000,1
-35,28,40,R0C1,,28000,35000,28000,-35000,27000,-35000,1
-35,29,40,R0C2,,29000,35000,29000,-35000,27000,-35000,1
-35,30,40,R0C3,,30000,35000,30000,-35000,27000,-35000,1
-35,31,40,R0C4,,31000,35000,31000,-35000,27000,-35000,1
-35,32,40,R0C5,,32000,35000,32000,-35000,27000,-35000,1
-35,33,40,R0C6,,33000,35000,33000,-35000,27000,-35000,1
-35,34,40,R0C7,,34000,35000,34000,-35000,27000,-35000,1
-35,35,40,R0C8,,35000,35000,35000,-35000,27000,-35000,1
-34,27,40,R1C0,,27000,34000,27000,-34000,27000,-35000,1
-34,28,40,R1C1,,28000,34000,28000,-34000,27000,-35000,1
-34,29,40,R1C2,,29000,34000,29000,-34000,27000,-35000,1
-34,30,40,R1C3,,30000,34000,30000,-34000,27000,-35000,1
-34,31,40,R1C4,,31000,34000,31000,-34000,27000,-35000,1
-34,32,40,R1C5,,32000,34000,32000,-34000,27000,-35000,1
-34,33,40,R1C6,,33000,34000,33000,-34000,27000,-35000,1
-34,34,40,R1C7,,34000,34000,34000,-34000,27000,-35000,1
-34,35,40,R1C8,,35000,34000,35000,-34000,27000,-35000,1
-33,27,40,R2C0,,27000,33000,27000,-33000,27000,-35000,1
-33,28,40,R2C1,,28000,33000,28000,-33000,27000,-35000,1
-33,29,40,R2C2,,29000,33000,29000,-33000,27000,-35000,1
-33,30,40,R2C3,,30000,33000,30000,-33000,27000,-35000,1
-33,31,40,R2C4,,31000,33000,31000,-33000,27000,-35000,1
-33,32,40,R2C5,,32000,33000,32000,-33000,27000,-35000,1
-33,33,40,R2C6,,33000,33000,33000,-33000,27000,-35000,1
-33,34,40,R2C7,,34000,33000,34000,-33000,27000,-35000,1
-33,35,40,R2C8,,35000,33000,35000,-33000,27000,-35000,1
-32,27,40,R3C0,,27000,32000,27000,-32000,27000,-35000,1
-32,28,40,R3C1,,28000,32000,28000,-32000,27000,-35000,1
-32,29,40,R3C2,,29000,32000,29000,-32000,27000,-35000,1
-32,30,40,R3C3,,30000,32000,30000,-32000,27000,-35000,1
-32,31,40,R3C4,,31000,32000,31000,-32000,27000,-35000,1
-32,32,40,R3C5,,32000,32000,32000,-32000,27000,-35000,1
-32,33,40,R3C6,,33000,32000,33000,-32000,27000,-35000,1
-32,34,40,R3C7,,34000,32000,34000,-32000,27000,-35000,1
-32,35,40,R3C8,,35000,32000,35000,-32000,27000,-35000,1
-31,27,40,R4C0,,27000,31000,27000,-31000,27000,-35000,1
-31,28,40,R4C1,,28000,31000,28000,-31000,27000,-35000,1
-31,29,40,R4C2,,29000,31000,29000,-31000,27000,-35000,1
-31,30,40,R4C3,,30000,31000,30000,-31000,27000,-35000,1
-31,31,40,R4C4,,31000,31000,31000,-31000,27000,-35000,1
-31,32,40,R4C5,,32000,31000,32000,-31000,27000,-35000,1
-31,33,40,R4C6,,33000,31000,33000,-31000,27000,-35000,1
-31,34,40,R4C7,,34000,31000,34000,-31000,27000,-35000,1
-31,35,40,R4C8,,35000,31000,35000,-31000,27000,-35000,1
-30,27,40,R5C0,,27000,30000,27000,-30000,27000,-35000,1
-30,28,40,R5C1,,28000,30000,28000,-30000,27000,-35000,1
-30,29,40,R5C2,,29000,30000,29000,-30000,27000,-35000,1
-30,30,40,R5C3,,30000,30000,30000,-30000,27000,-35000,1
-30,31,40,R5C4,,31000,30000,31000,-30000,27000,-35000,1
-30,32,40,R5C5,,32000,30000,32000,-30000,27000,-35000,1
-30,33,40,R5C6,,33000,30000,33000,-30000,27000,-35000,1
-30,34,40,R5C7,,34000,30000,34000,-30000,27000,-35000,1
-30,35,40,R5C8,,35000,30000,35000,-30000,27000,-35000,1
-29,27,40,R6C0,,27000,29000,27000,-29000,27000,-35000,1
-29,28,40,R6C1,,28000,29000,28000,-29000,27000,-35000,1
-29,29,40,R6C2,,29000,29000,29000,-29000,27000,-35000,1
-29,30,40,R6C3,,30000,29000,30000,-29000,27000,-35000,1
-29,31,40,R6C4,,31000,29000,31000,-29000,27000,-35000,1
-29,32,40,R6C5,,32000,29000,32000,-29000,27000,-35000,1
-29,33,40,R6C6,2-7-4-15,33000,29000,33000,-29000,27000,-35000,1
-29,34,40,R6C7,1-7-4-15,34000,29000,34000,-29000,27000,-35000,1
-29,35,40,R6C8,,35000,29000,35000,-29000,27000,-35000,1
-21,0,62,R0C0,,0,21000,0,-21000,0,-21000,1
-21,1,62,R0C1,,1000,21000,1000,-21000,0,-21000,1
-21,2,62,R0C2,,2000,21000,2000,-21000,0,-21000,1
-21,3,62,R0C3,,3000,21000,3000,-21000,0,-21000,1
-21,4,62,R0C4,,4000,21000,4000,-21000,0,-21000,1
-21,5,62,R0C5,,5000,21000,5000,-21000,0,-21000,1
-21,6,62,R0C6,,6000,21000,6000,-21000,0,-21000,1
-21,7,62,R0C7,,7000,21000,7000,-21000,0,-21000,1
-21,8,62,R0C8,,8000,21000,8000,-21000,0,-21000,1
-20,0,62,R1C0,,0,20000,0,-20000,0,-21000,1
-20,1,62,R1C1,,1000,20000,1000,-20000,0,-21000,1
-20,2,62,R1C2,,2000,20000,2000,-20000,0,-21000,1
-20,3,62,R1C3,,3000,20000,3000,-20000,0,-21000,1
-20,4,62,R1C4,,4000,20000,4000,-20000,0,-21000,1
-20,5,62,R1C5,,5000,20000,5000,-20000,0,-21000,1
-20,6,62,R1C6,,6000,20000,6000,-20000,0,-21000,1
-20,7,62,R1C7,,7000,20000,7000,-20000,0,-21000,1
-20,8,62,R1C8,,8000,20000,8000,-20000,0,-21000,1
-19,0,62,R2C0,,0,19000,0,-19000,0,-21000,1
-19,1,62,R2C1,,1000,19000,1000,-19000,0,-21000,1
-19,2,62,R2C2,,2000,19000,2000,-19000,0,-21000,1
-19,3,62,R2C3,,3000,19000,3000,-19000,0,-21000,1
-19,4,62,R2C4,,4000,19000,4000,-19000,0,-21000,1
-19,5,62,R2C5,,5000,19000,5000,-19000,0,-21000,1
-19,6,62,R2C6,,6000,19000,6000,-19000,0,-21000,1
-19,7,62,R2C7,,7000,19000,7000,-19000,0,-21000,1
-19,8,62,R2C8,,8000,19000,8000,-19000,0,-21000,1
-18,0,62,R3C0,,0,18000,0,-18000,0,-21000,1
-18,1,62,R3C1,,1000,18000,1000,-18000,0,-21000,1
-18,2,62,R3C2,,2000,18000,2000,-18000,0,-21000,1
-18,3,62,R3C3,,3000,18000,3000,-18000,0,-21000,1
-18,4,62,R3C4,,4000,18000,4000,-18000,0,-21000,1
-18,5,62,R3C5,,5000,18000,5000,-18000,0,-21000,1
-18,6,62,R3C6,,6000,18000,6000,-18000,0,-21000,1
-18,7,62,R3C7,,7000,18000,7000,-18000,0,-21000,1
-18,8,62,R3C8,,8000,18000,8000,-18000,0,-21000,1
-17,0,62,R4C0,,0,17000,0,-17000,0,-21000,1
-17,1,62,R4C1,,1000,17000,1000,-17000,0,-21000,1
-17,2,62,R4C2,,2000,17000,2000,-17000,0,-21000,1
-17,3,62,R4C3,,3000,17000,3000,-17000,0,-21000,1
-17,4,62,R4C4,,4000,17000,4000,-17000,0,-21000,1
-17,5,62,R4C5,,5000,17000,5000,-17000,0,-21000,1
-17,6,62,R4C6,,6000,17000,6000,-17000,0,-21000,1
-17,7,62,R4C7,,7000,17000,7000,-17000,0,-21000,1
-17,8,62,R4C8,,8000,17000,8000,-17000,0,-21000,1
-16,0,62,R5C0,,0,16000,0,-16000,0,-21000,1
-16,1,62,R5C1,,1000,16000,1000,-16000,0,-21000,1
-16,2,62,R5C2,,2000,16000,2000,-16000,0,-21000,1
-16,3,62,R5C3,,3000,16000,3000,-16000,0,-21000,1
-16,4,62,R5C4,,4000,16000,4000,-16000,0,-21000,1
-16,5,62,R5C5,,5000,16000,5000,-16000,0,-21000,1
-16,6,62,R5C6,,6000,16000,6000,-16000,0,-21000,1
-16,7,62,R5C7,,7000,16000,7000,-16000,0,-21000,1
-16,8,62,R5C8,,8000,16000,8000,-16000,0,-21000,1
-15,0,62,R6C0,,0,15000,0,-15000,0,-21000,1
-15,1,62,R6C1,,1000,15000,1000,-15000,0,-21000,1
-15,2,62,R6C2,,2000,15000,2000,-15000,0,-21000,1
-15,3,62,R6C3,,3000,15000,3000,-15000,0,-21000,1
-15,4,62,R6C4,,4000,15000,4000,-15000,0,-21000,1
-15,5,62,R6C5,,5000,15000,5000,-15000,0,-21000,1
-15,6,62,R6C6,2-7-7-13,6000,15000,6000,-15000,0,-21000,1
-15,7,62,R6C7,1-7-7-13,7000,15000,7000,-15000,0,-21000,1
-15,8,62,R6C8,,8000,15000,8000,-15000,0,-21000,1
7,0,119,R0C0,,0,-7000,0,7000,0,7000,1
7,1,119,R0C1,,1000,-7000,1000,7000,0,7000,1
7,2,119,R0C2,,2000,-7000,2000,7000,0,7000,1
7,3,119,R0C3,,3000,-7000,3000,7000,0,7000,1
7,4,119,R0C4,,4000,-7000,4000,7000,0,7000,1
7,5,119,R0C5,,5000,-7000,5000,7000,0,7000,1
7,6,119,R0C6,,6000,-7000,6000,7000,0,7000,1
7,7,119,R0C7,,7000,-7000,7000,7000,0,7000,1
7,8,119,R0C8,,8000,-7000,8000,7000,0,7000,1
8,0,119,R1C0,,0,-8000,0,8000,0,7000,1
8,1,119,R1C1,,1000,-8000,1000,8000,0,7000,1
8,2,119,R1C2,,2000,-8000,2000,8000,0,7000,1
8,3,119,R1C3,,3000,-8000,3000,8000,0,7000,1
8,4,119,R1C4,,4000,-8000,4000,8000,0,7000,1
8,5,119,R1C5,,5000,-8000,5000,8000,0,7000,1
8,6,119,R1C6,,6000,-8000,6000,8000,0,7000,1
8,7,119,R1C7,,7000,-8000,7000,8000,0,7000,1
8,8,119,R1C8,,8000,-8000,8000,8000,0,7000,1
9,0,119,R2C0,,0,-9000,0,9000,0,7000,1
9,1,119,R2C1,,1000,-9000,1000,9000,0,7000,1
9,2,119,R2C2,,2000,-9000,2000,9000,0,7000,1
9,3,119,R2C3,,3000,-9000,3000,9000,0,7000,1
9,4,119,R2C4,,4000,-9000,4000,9000,0,7000,1
9,5,119,R2C5,,5000,-9000,5000,9000,0,7000,1
9,6,119,R2C6,,6000,-9000,6000,9000,0,7000,1
9,7,119,R2C7,,7000,-9000,7000,9000,0,7000,1
9,8,119,R2C8,,8000,-9000,8000,9000,0,7000,1
10,0,119,R3C0,,0,-10000,0,10000,0,7000,1
10,1,119,R3C1,,1000,-10000,1000,10000,0,7000,1
10,2,119,R3C2,,2000,-10000,2000,10000,0,7000,1
10,3,119,R3C3,,3000,-10000,3000,10000,0,7000,1
10,4,119,R3C4,,4000,-10000,4000,10000,0,7000,1
10,5,119,R3C5,,5000,-10000,5000,10000,0,7000,1
10,6,119,R3C6,,6000,-10000,6000,10000,0,7000,1
10,7,119,R3C7,,7000,-10000,7000,10000,0,7000,1
10,8,119,R3C8,,8000,-10000,8000,10000,0,7000,1
11,0,119,R4C0,,0,-11000,0,11000,0,7000,1
11,1,119,R4C1,,1000,-11000,1000,11000,0,7000,1
11,2,119,R4C2,,2000,-11000,2000,11000,0,7000,1
11,3,119,R4C3,,3000,-11000,3000,11000,0,7000,1
11,4,119,R4C4,,4000,-11000,4000,11000,0,7000,1
11,5,119,R4C5,,5000,-11000,5000,11000,0,7000,1
11,6,119,R4C6,,6000,-11000,6000,11000,0,7000,1
11,7,119,R4C7,,7000,-11000,7000,11000,0,7000,1
11,8,119,R4C8,,8000,-11000,8000,11000,0,7000,1
12,0,119,R5C0,,0,-12000,0,12000,0,7000,1
12,1,119,R5C1,,1000,-12000,1000,12000,0,7000,1
12,2,119,R5C2,,2000,-12000,2000,12000,0,7000,1
12,3,119,R5C3,,3000,-12000,3000,12000,0,7000,1
12,4,119,R5C4,,4000,-12000,4000,12000,0,7000,1
12,5,119,R5C5,,5000,-12000,5000,12000,0,7000,1
12,6,119,R5C6,,6000,-12000,6000,12000,0,7000,1
12,7,119,R5C7,,7000,-12000,7000,12000,0,7000,1
12,8,119,R5C8,,8000,-12000,8000,12000,0,7000,1
13,0,119,R6C0,,0,-13000,0,13000,0,7000,1
13,1,119,R6C1,,1000,-13000,1000,13000,0,7000,1
13,2,119,R6C2,,2000,-13000,2000,13000,0,7000,1
13,3,119,R6C3,,3000,-13000,3000,13000,0,7000,1
13,4,119,R6C4,,4000,-13000,4000,13000,0,7000,1
13,5,119,R6C5,,5000,-13000,5000,13000,0,7000,1
13,6,119,R6C6,2-7-7-9,6000,-13000,6000,13000,0,7000,1
13,7,119,R6C7,1-7-7-9,7000,-13000,7000,13000,0,7000,1
13,8,119,R6C8,,8000,-13000,8000,13000,0,7000,1
-49,-36,12,R0C0,,-36000,49000,-36000,-49000,-36000,-49000,1
-49,-35,12,R0C1,,-35000,49000,-35000,-49000,-36000,-49000,1
-49,-34,12,R0C2,,-34000,49000,-34000,-49000,-36000,-49000,1
-49,-33,12,R0C3,,-33000,49000,-33000,-49000,-36000,-49000,1
-49,-32,12,R0C4,,-32000,49000,-32000,-49000,-36000,-49000,1
-49,-31,12,R0C5,,-31000,49000,-31000,-49000,-36000,-49000,1
-49,-30,12,R0C6,,-30000,49000,-30000,-49000,-36000,-49000,1
-49,-29,12,R0C7,,-29000,49000,-29000,-49000,-36000,-49000,1
-49,-28,12,R0C8,,-28000,49000,-28000,-49000,-36000,-49000,1
-48,-36,12,R1C0,,-36000,48000,-36000,-48000,-36000,-49000,1
-48,-35,12,R1C1,,-35000,48000,-35000,-48000,-36000,-49000,1
-48,-34,12,R1C2,,-34000,48000,-34000,-48000,-36000,-49000,1
-48,-33,12,R1C3,,-33000,48000,-33000,-48000,-36000,-49000,1
-48,-32,12,R1C4,,-32000,48000,-32000,-48000,-36000,-49000,1
-48,-31,12,R1C5,,-31000,48000,-31000,-48000,-36000,-49000,1
-48,-30,12,R1C6,,-30000,48000,-30000,-48000,-36000,-49000,1
-48,-29,12,R1C7,,-29000,48000,-29000,-48000,-36000,-49000,1
-48,-28,12,R1C8,,-28000,48000,-28000,-48000,-36000,-49000,1
-47,-36,12,R2C0,,-36000,47000,-36000,-47000,-36000,-49000,1
-47,-35,12,R2C1,,-35000,47000,-35000,-47000,-36000,-49000,1
-47,-34,12,R2C2,,-34000,47000,-34000,-47000,-36000,-49000,1
-47,-33,12,R2C3,,-33000,47000,-33000,-47000,-36000,-49000,1
-47,-32,12,R2C4,,-32000,47000,-32000,-47000,-36000,-49000,1
-47,-31,12,R2C5,,-31000,47000,-31000,-47000,-36000,-49000,1
-47,-30,12,R2C6,,-30000,47000,-30000,-47000,-36000,-49000,1
-47,-29,12,R2C7,,-29000,47000,-29000,-47000,-36000,-49000,1
-47,-28,12,R2C8,,-28000,47000,-28000,-47000,-36000,-49000,1
-46,-36,12,R3C0,,-36000,46000,-36000,-46000,-36000,-49000,1
-46,-35,12,R3C1,,-35000,46000,-35000,-46000,-36000,-49000,1
-46,-34,12,R3C2,,-34000,46000,-34000,-46000,-36000,-49000,1
-46,-33,12,R3C3,,-33000,46000,-33000,-46000,-36000,-49000,1
-46,-32,12,R3C4,,-32000,46000,-32000,-46000,-36000,-49000,1
-46,-31,12,R3C5,,-31000,46000,-31000,-46000,-36000,-49000,1
-46,-30,12,R3C6,,-30000,46000,-30000,-46000,-36000,-49000,1
-46,-29,12,R3C7,,-29000,46000,-29000,-46000,-36000,-49000,1
-46,-28,12,R3C8,,-28000,46000,-28000,-46000,-36000,-49000,1
-45,-36,12,R4C0,,-36000,45000,-36000,-45000,-36000,-49000,1
-45,-35,12,R4C1,,-35000,45000,-35000,-45000,-36000,-49000,1
-45,-34,12,R4C2,,-34000,45000,-34000,-45000,-36000,-49000,1
-45,-33,12,R4C3,,-33000,45000,-33000,-45000,-36000,-49000,1
-45,-32,12,R4C4,,-32000,45000,-32000,-45000,-36000,-49000,1
-45,-31,12,R4C5,,-31000,45000,-31000,-45000,-36000,-49000,1
-45,-30,12,R4C6,,-30000,45000,-30000,-45000,-36000,-49000,1
-45,-29,12,R4C7,,-29000,45000,-29000,-45000,-36000,-49000,1
-45,-28,12,R4C8,,-28000,45000,-28000,-45000,-36000,-49000,1
-44,-36,12,R5C0,,-36000,44000,-36000,-44000,-36000,-49000,1
-44,-35,12,R5C1,,-35000,44000,-35000,-44000,-36000,-49000,1
-44,-34,12,R5C2,,-34000,44000,-34000,-44000,-36000,-49000,1
-44,-33,12,R5C3,,-33000,44000,-33000,-44000,-36000,-49000,1
-44,-32,12,R5C4,,-32000,44000,-32000,-44000,-36000,-49000,1
-44,-31,12,R5C5,,-31000,44000,-31000,-44000,-36000,-49000,1
-44,-30,12,R5C6,,-30000,44000,-30000,-44000,-36000,-49000,1
-44,-29,12,R5C7,,-29000,44000,-29000,-44000,-36000,-49000,1
-44,-28,12,R5C8,,-28000,44000,-28000,-44000,-36000,-49000,1
-43,-36,12,R6C0,,-36000,43000,-36000,-43000,-36000,-49000,1
-43,-35,12,R6C1,,-35000,43000,-35000,-43000,-36000,-49000,1
-43,-34,12,R6C2,,-34000,43000,-34000,-43000,-36000,-49000,1
-43,-33,12,R6C3,,-33000,43000,-33000,-43000,-36000,-49000,1
-43,-32,12,R6C4,,-32000,43000,-32000,-43000,-36000,-49000,1
-43,-31,12,R6C5,,-31000,43000,-31000,-43000,-36000,-49000,1
-43,-30,12,R6C6,2-7-11-17,-30000,43000,-30000,-43000,-36000,-49000,1
-43,-29,12,R6C7,1-7-11-17,-29000,43000,-29000,-43000,-36000,-49000,1
-43,-28,12,R6C8,,-28000,43000,-28000,-43000,-36000,-49000,1
49,-45,187,R0C0,,-45000,-49000,-45000,49000,-45000,49000,1
49,-44,187,R0C1,,-44000,-49000,-44000,49000,-45000,49000,1
49,-43,187,R0C2,,-43000,-49000,-43000,49000,-45000,49000,1
49,-42,187,R0C3,,-42000,-49000,-42000,49000,-45000,49000,1
49,-41,187,R0C4,,-41000,-49000,-41000,49000,-45000,49000,1
49,-40,187,R0C5,,-40000,-49000,-40000,49000,-45000,49000,1
49,-39,187,R0C6,,-39000,-49000,-39000,49000,-45000,49000,1
49,-38,187,R0C7,,-38000,-49000,-38000,49000,-45000,49000,1
49,-37,187,R0C8,,-37000,-49000,-37000,49000,-45000,49000,1
50,-45,187,R1C0,,-45000,-50000,-45000,50000,-45000,49000,1
50,-44,187,R1C1,,-44000,-50000,-44000,50000,-45000,49000,1
50,-43,187,R1C2,,-43000,-50000,-43000,50000,-45000,49000,1
50,-42,187,R1C3,,-42000,-50000,-42000,50000,-45000,49000,1
50,-41,187,R1C4,,-41000,-50000,-41000,50000,-45000,49000,1
50,-40,187,R1C5,,-40000,-50000,-40000,50000,-45000,49000,1
50,-39,187,R1C6,,-39000,-50000,-39000,50000,-45000,49000,1
50,-38,187,R1C7,,-38000,-50000,-38000,50000,-45000,49000,1
50,-37,187,R1C8,,-37000,-50000,-37000,50000,-45000,49000,1
51,-45,187,R2C0,,-45000,-51000,-45000,51000,-45000,49000,1
51,-44,187,R2C1,,-44000,-51000,-44000,51000,-45000,49000,1
51,-43,187,R2C2,,-43000,-51000,-43000,51000,-45000,49000,1
51,-42,187,R2C3,,-42000,-51000,-42000,51000,-45000,49000,1
51,-41,187,R2C4,,-41000,-51000,-41000,51000,-45000,49000,1
51,-40,187,R2C5,,-40000,-51000,-40000,51000,-45000,49000,1
51,-39,187,R2C6,,-39000,-51000,-39000,51000,-45000,49000,1
51,-38,187,R2C7,,-38000,-51000,-38000,51000,-45000,49000,1
51,-37,187,R2C8,,-37000,-51000,-37000,51000,-45000,49000,1
52,-45,187,R3C0,,-45000,-52000,-45000,52000,-45000,49000,1
52,-44,187,R3C1,,-44000,-52000,-44000,52000,-45000,49000,1
52,-43,187,R3C2,,-43000,-52000,-43000,52000,-45000,49000,1
52,-42,187,R3C3,,-42000,-52000,-42000,52000,-45000,49000,1
52,-41,187,R3C4,,-41000,-52000,-41000,52000,-45000,49000,1
52,-40,187,R3C5,,-40000,-52000,-40000,52000,-45000,49000,1
52,-39,187,R3C6,,-39000,-52000,-39000,52000,-45000,49000,1
52,-38,187,R3C7,,-38000,-52000,-38000,52000,-45000,49000,1
52,-37,187,R3C8,,-37000,-52000,-37000,52000,-45000,49000,1
53,-45,187,R4C0,,-45000,-53000,-45000,53000,-45000,49000,1
53,-44,187,R4C1,,-44000,-53000,-44000,53000,-45000,49000,1
53,-43,187,R4C2,,-43000,-53000,-43000,53000,-45000,49000,1
53,-42,187,R4C3,,-42000,-53000,-42000,53000,-45000,49000,1
53,-41,187,R4C4,,-41000,-53000,-41000,53000,-45000,49000,1
53,-40,187,R4C5,,-40000,-53000,-40000,53000,-45000,49000,1
53,-39,187,R4C6,,-39000,-53000,-39000,53000,-45000,49000,1
53,-38,187,R4C7,,-38000,-53000,-38000,53000,-45000,49000,1
53,-37,187,R4C8,,-37000,-53000,-37000,53000,-45000,49000,1
54,-45,187,R5C0,,-45000,-54000,-45000,54000,-45000,49000,1
54,-44,187,R5C1,,-44000,-54000,-44000,54000,-45000,49000,1
54,-43,187,R5C2,,-43000,-54000,-43000,54000,-45000,49000,1
54,-42,187,R5C3,,-42000,-54000,-42000,54000,-45000,49000,1
54,-41,187,R5C4,,-41000,-54000,-41000,54000,-45000,49000,1
54,-40,187,R5C5,,-40000,-54000,-40000,54000,-45000,49000,1
54,-39,187,R5C6,,-39000,-54000,-39000,54000,-45000,49000,1
54,-38,187,R5C7,,-38000,-54000,-38000,54000,-45000,49000,1
54,-37,187,R5C8,,-37000,-54000,-37000,54000,-45000,49000,1
55,-45,187,R6C0,,-45000,-55000,-45000,55000,-45000,49000,1
55,-44,187,R6C1,,-44000,-55000,-44000,55000,-45000,49000,1
55,-43,187,R6C2,,-43000,-55000,-43000,55000,-45000,49000,1
55,-42,187,R6C3,,-42000,-55000,-42000,55000,-45000,49000,1
55,-41,187,R6C4,,-41000,-55000,-41000,55000,-45000,49000,1
55,-40,187,R6C5,,-40000,-55000,-40000,55000,-45000,49000,1
55,-39,187,R6C6,2-7-12-3,-39000,-55000,-39000,55000,-45000,49000,1
55,-38,187,R6C7,1-7-12-3,-38000,-55000,-38000,55000,-45000,49000,1
55,-37,187,R6C8,,-37000,-55000,-37000,55000,-45000,49000,1
-28,-45,44,R0C0,,-45000,28000,-45000,-28000,-45000,-28000,1
-28,-44,44,R0C1,,-44000,28000,-44000,-28000,-45000,-28000,1
-28,-43,44,R0C2,,-43000,28000,-43000,-28000,-45000,-28000,1
-28,-42,44,R0C3,,-42000,28000,-42000,-28000,-45000,-28000,1
-28,-41,44,R0C4,,-41000,28000,-41000,-28000,-45000,-28000,1
-28,-40,44,R0C5,,-40000,28000,-40000,-28000,-45000,-28000,1
-28,-39,44,R0C6,,-39000,28000,-39000,-28000,-45000,-28000,1
-28,-38,44,R0C7,,-38000,28000,-38000,-28000,-45000,-28000,1
-28,-37,44,R0C8,,-37000,28000,-37000,-28000,-45000,-28000,1
-27,-45,44,R1C0,,-45000,27000,-45000,-27000,-45000,-28000,1
-27,-44,44,R1C1,,-44000,27000,-44000,-27000,-45000,-28000,1
-27,-43,44,R1C2,,-43000,27000,-43000,-27000,-45000,-28000,1
-27,-42,44,R1C3,,-42000,27000,-42000,-27000,-45000,-28000,1
-27,-41,44,R1C4,,-41000,27000,-41000,-27000,-45000,-28000,1
-27,-40,44,R1C5,,-40000,27000,-40000,-27000,-45000,-28000,1
-27,-39,44,R1C6,,-39000,27000,-39000,-27000,-45000,-28000,1
-27,-38,44,R1C7,,-38000,27000,-38000,-27000,-45000,-28000,1
-27,-37,44,R1C8,,-37000,27000,-37000,-27000,-45000,-28000,1
-26,-45,44,R2C0,,-45000,26000,-45000,-26000,-45000,-28000,1
-26,-44,44,R2C1,,-44000,26000,-44000,-26000,-45000,-28000,1
-26,-43,44,R2C2,,-43000,26000,-43000,-26000,-45000,-28000,1
-26,-42,44,R2C3,,-42000,26000,-42000,-26000,-45000,-28000,1
-26,-41,44,R2C4,,-41000,26000,-41000,-26000,-45000,-28000,1
-26,-40,44,R2C5,,-40000,26000,-40000,-26000,-45000,-28000,1
-26,-39,44,R2C6,,-39000,26000,-39000,-26000,-45000,-28000,1
-26,-38,44,R2C7,,-38000,26000,-38000,-26000,-45000,-28000,1
-26,-37,44,R2C8,,-37000,26000,-37000,-26000,-45000,-28000,1
-25,-45,44,R3C0,,-45000,25000,-45000,-25000,-45000,-28000,1
-25,-44,44,R3C1,,-44000,25000,-44000,-25000,-45000,-28000,1
-25,-43,44,R3C2,,-43000,25000,-43000,-25000,-45000,-28000,1
-25,-42,44,R3C3,,-42000,25000,-42000,-25000,-45000,-28000,1
-25,-41,44,R3C4,,-41000,25000,-41000,-25000,-45000,-28000,1
-25,-40,44,R3C5,,-40000,25000,-40000,-25000,-45000,-28000,1
-25,-39,44,R3C6,,-39000,25000,-39000,-25000,-45000,-28000,1
-25,-38,44,R3C7,,-38000,25000,-38000,-25000,-45000,-28000,1
-25,-37,44,R3C8,,-37000,25000,-37000,-25000,-45000,-28000,1
-24,-45,44,R4C0,,-45000,24000,-45000,-24000,-45000,-28000,1
-24,-44,44,R4C1,,-44000,24000,-44000,-24000,-45000,-28000,1
-24,-43,44,R4C2,,-43000,24000,-43000,-24000,-45000,-28000,1
-24,-42,44,R4C3,,-42000,24000,-42000,-24000,-45000,-28000,1
-24,-41,44,R4C4,,-41000,24000,-41000,-24000,-45000,-28000,1
-24,-40,44,R4C5,,-40000,24000,-40000,-24000,-45000,-28000,1
-24,-39,44,R4C6,,-39000,24000,-39000,-24000,-45000,-28000,1
-24,-38,44,R4C7,,-38000,24000,-38000,-24000,-45000,-28000,1
-24,-37,44,R4C8,,-37000,24000,-37000,-24000,-45000,-28000,1
-23,-45,44,R5C0,,-45000,23000,-45000,-23000,-45000,-28000,1
-23,-44,44,R5C1,,-44000,23000,-44000,-23000,-45000,-28000,1
-23,-43,44,R5C2,,-43000,23000,-43000,-23000,-45000,-28000,1
-23,-42,44,R5C3,,-42000,23000,-42000,-23000,-45000,-28000,1
-23,-41,44,R5C4,,-41000,23000,-41000,-23000,-45000,-28000,1
-23,-40,44,R5C5,,-40000,23000,-40000,-23000,-45000,-28000,1
-23,-39,44,R5C6,,-39000,23000,-39000,-23000,-45000,-28000,1
-23,-38,44,R5C7,,-38000,23000,-38000,-23000,-45000,-28000,1
-23,-37,44,R5C8,,-37000,23000,-37000,-23000,-45000,-28000,1
-22,-45,44,R6C0,,-45000,22000,-45000,-22000,-45000,-28000,1
-22,-44,44,R6C1,,-44000,22000,-44000,-22000,-45000,-28000,1
-22,-43,44,R6C2,,-43000,22000,-43000,-22000,-45000,-28000,1
-22,-42,44,R6C3,,-42000,22000,-42000,-22000,-45000,-28000,1
-22,-41,44,R6C4,,-41000,22000,-41000,-22000,-45000,-28000,1
-22,-40,44,R6C5,,-40000,22000,-40000,-22000,-45000,-28000,1
-22,-39,44,R6C6,2-7-12-14,-39000,22000,-39000,-22000,-45000,-28000,1
-22,-38,44,R6C7,1-7-12-14,-38000,22000,-38000,-22000,-45000,-28000,1
-22,-37,44,R6C8,,-37000,22000,-37000,-22000,-45000,-28000,1
-28,36,53,R0C0,,36000,28000,36000,-28000,36000,-28000,1
-28,37,53,R0C1,,37000,28000,37000,-28000,36000,-28000,1
-28,38,53,R0C2,,38000,28000,38000,-28000,36000,-28000,1
-28,39,53,R0C3,,39000,28000,39000,-28000,36000,-28000,1
-28,40,53,R0C4,,40000,28000,40000,-28000,36000,-28000,1
-28,41,53,R0C5,,41000,28000,41000,-28000,36000,-28000,1
-28,42,53,R0C6,,42000,28000,42000,-28000,36000,-28000,1
-28,43,53,R0C7,,43000,28000,43000,-28000,36000,-28000,1
-28,44,53,R0C8,,44000,28000,44000,-28000,36000,-28000,1
-27,36,53,R1C0,,36000,27000,36000,-27000,36000,-28000,1
-27,37,53,R1C1,,37000,27000,37000,-27000,36000,-28000,1
-27,38,53,R1C2,,38000,27000,38000,-27000,36000,-28000,1
-27,39,53,R1C3,,39000,27000,39000,-27000,36000,-28000,1
-27,40,53,R1C4,,40000,27000,40000,-27000,36000,-28000,1
-27,41,53,R1C5,,41000,27000,41000,-27000,36000,-28000,1
-27,42,53,R1C6,,42000,27000,42000,-27000,36000,-28000,1
-27,43,53,R1C7,,43000,27000,43000,-27000,36000,-28000,1
-27,44,53,R1C8,,44000,27000,44000,-27000,36000,-28000,1
-26,36,53,R2C0,,36000,26000,36000,-26000,36000,-28000,1
-26,37,53,R2C1,,37000,26000,37000,-26000,36000,-28000,1
-26,38,53,R2C2,,38000,26000,38000,-26000,36000,-28000,1
-26,39,53,R2C3,,39000,26000,39000,-26000,36000,-28000,1
-26,40,53,R2C4,,40000,26000,40000,-26000,36000,-28000,1
-26,41,53,R2C5,,41000,26000,41000,-26000,36000,-28000,1
-26,42,53,R2C6,,42000,26000,42000,-26000,36000,-28000,1
-26,43,53,R2C7,,43000,26000,43000,-26000,36000,-28000,1
-26,44,53,R2C8,,44000,26000,44000,-26000,36000,-28000,1
-25,36,53,R3C0,,36000,25000,36000,-25000,36000,-28000,1
-25,37,53,R3C1,,37000,25000,37000,-25000,36000,-28000,1
-25,38,53,R3C2,,38000,25000,38000,-25000,36000,-28000,1
-25,39,53,R3C3,,39000,25000,39000,-25000,36000,-28000,1
-25,40,53,R3C4,,40000,25000,40000,-25000,36000,-28000,1
-25,41,53,R3C5,,41000,25000,41000,-25000,36000,-28000,1
-25,42,53,R3C6,,42000,25000,42000,-25000,36000,-28000,1
-25,43,53,R3C7,,43000,25000,43000,-25000,36000,-28000,1
-25,44,53,R3C8,,44000,25000,44000,-25000,36000,-28000,1
-24,36,53,R4C0,,36000,24000,36000,-24000,36000,-28000,1
-24,37,53,R4C1,,37000,24000,37000,-24000,36000,-28000,1
-24,38,53,R4C2,,38000,24000,38000,-24000,36000,-28000,1
-24,39,53,R4C3,,39000,24000,39000,-24000,36000,-28000,1
-24,40,53,R4C4,,40000,24000,40000,-24000,36000,-28000,1
-24,41,53,R4C5,,41000,24000,41000,-24000,36000,-28000,1
-24,42,53,R4C6,,42000,24000,42000,-24000,36000,-28000,1
-24,43,53,R4C7,,43000,24000,43000,-24000,36000,-28000,1
-24,44,53,R4C8,,44000,24000,44000,-24000,36000,-28000,1
-23,36,53,R5C0,,36000,23000,36000,-23000,36000,-28000,1
-23,37,53,R5C1,,37000,23000,37000,-23000,36000,-28000,1
-23,38,53,R5C2,,38000,23000,38000,-23000,36000,-28000,1
-23,39,53,R5C3,,39000,23000,39000,-23000,36000,-28000,1
-23,40,53,R5C4,,40000,23000,40000,-23000,36000,-28000,1
-23,41,53,R5C5,,41000,23000,41000,-23000,36000,-28000,1
-23,42,53,R5C6,,42000,23000,42000,-23000,36000,-28000,1
-23,43,53,R5C7,,43000,23000,43000,-23000,36000,-28000,1
-23,44,53,R5C8,,44000,23000,44000,-23000,36000,-28000,1
-22,36,53,R6C0,,36000,22000,36000,-22000,36000,-28000,1
-22,37,53,R6C1,,37000,22000,37000,-22000,36000,-28000,1
-22,38,53,R6C2,,38000,22000,38000,-22000,36000,-28000,1
-22,39,53,R6C3,,39000,22000,39000,-22000,36000,-28000,1
-22,40,53,R6C4,,40000,22000,40000,-22000,36000,-28000,1
-22,41,53,R6C5,,41000,22000,41000,-22000,36000,-28000,1
-22,42,53,R6C6,2-7-3-14,42000,22000,42000,-22000,36000,-28000,1
-22,43,53,R6C7,1-7-3-14,43000,22000,43000,-22000,36000,-28000,1
-22,44,53,R6C8,,44000,22000,44000,-22000,36000,-28000,1
21,0,146,R0C0,,0,-21000,0,21000,0,21000,1
21,1,146,R0C1,,1000,-21000,1000,21000,0,21000,1
21,2,146,R0C2,,2000,-21000,2000,21000,0,21000,1
21,3,146,R0C3,,3000,-21000,3000,21000,0,21000,1
21,4,146,R0C4,,4000,-21000,4000,21000,0,21000,1
21,5,146,R0C5,,5000,-21000,5000,21000,0,21000,1
21,6,146,R0C6,,6000,-21000,6000,21000,0,21000,1
21,7,146,R0C7,,7000,-21000,7000,21000,0,21000,1
21,8,146,R0C8,,8000,-21000,8000,21000,0,21000,1
22,0,146,R1C0,,0,-22000,0,22000,0,21000,1
22,1,146,R1C1,,1000,-22000,1000,22000,0,21000,1
22,2,146,R1C2,,2000,-22000,2000,22000,0,21000,1
22,3,146,R1C3,,3000,-22000,3000,22000,0,21000,1
22,4,146,R1C4,,4000,-22000,4000,22000,0,21000,1
22,5,146,R1C5,,5000,-22000,5000,22000,0,21000,1
22,6,146,R1C6,,6000,-22000,6000,22000,0,21000,1
22,7,146,R1C7,,7000,-22000,7000,22000,0,21000,1
22,8,146,R1C8,,8000,-22000,8000,22000,0,21000,1
23,0,146,R2C0,,0,-23000,0,23000,0,21000,1
23,1,146,R2C1,,1000,-23000,1000,23000,0,21000,1
23,2,146,R2C2,,2000,-23000,2000,23000,0,21000,1
23,3,146,R2C3,,3000,-23000,3000,23000,0,21000,1
23,4,146,R2C4,,4000,-23000,4000,23000,0,21000,1
23,5,146,R2C5,,5000,-23000,5000,23000,0,21000,1
23,6,146,R2C6,,6000,-23000,6000,23000,0,21000,1
23,7,146,R2C7,,7000,-23000,7000,23000,0,21000,1
23,8,146,R2C8,,8000,-23000,8000,23000,0,21000,1
24,0,146,R3C0,,0,-24000,0,24000,0,21000,1
24,1,146,R3C1,,1000,-24000,1000,24000,0,21000,1
24,2,146,R3C2,,2000,-24000,2000,24000,0,21000,1
24,3,146,R3C3,,3000,-24000,3000,24000,0,21000,1
24,4,146,R3C4,,4000,-24000,4000,24000,0,21000,1
24,5,146,R3C5,,5000,-24000,5000,24000,0,21000,1
24,6,146,R3C6,,6000,-24000,6000,24000,0,21000,1
24,7,146,R3C7,,7000,-24000,7000,24000,0,21000,1
24,8,146,R3C8,,8000,-24000,8000,24000,0,21000,1
25,0,146,R4C0,,0,-25000,0,25000,0,21000,1
25,1,146,R4C1,,1000,-25000,1000,25000,0,21000,1
25,2,146,R4C2,,2000,-25000,2000,25000,0,21000,1
25,3,146,R4C3,,3000,-25000,3000,25000,0,21000,1
25,4,146,R4C4,,4000,-25000,4000,25000,0,21000,1
25,5,146,R4C5,,5000,-25000,5000,25000,0,21000,1
25,6,146,R4C6,,6000,-25000,6000,25000,0,21000,1
25,7,146,R4C7,,7000,-25000,7000,25000,0,21000,1
25,8,146,R4C8,,8000,-25000,8000,25000,0,21000,1
26,0,146,R5C0,,0,-26000,0,26000,0,21000,1
26,1,146,R5C1,,1000,-26000,1000,26000,0,21000,1
26,2,146,R5C2,,2000,-26000,2000,26000,0,21000,1
26,3,146,R5C3,,3000,-26000,3000,26000,0,21000,1
26,4,146,R5C4,,4000,-26000,4000,26000,0,21000,1
26,5,146,R5C5,,5000,-26000,5000,26000,0,21000,1
26,6,146,R5C6,,6000,-26000,6000,26000,0,21000,1
26,7,146,R5C7,,7000,-26000,7000,26000,0,21000,1
26,8,146,R5C8,,8000,-26000,8000,26000,0,21000,1
27,0,146,R6C0,,0,-27000,0,27000,0,21000,1
27,1,146,R6C1,,1000,-27000,1000,27000,0,21000,1
27,2,146,R6C2,,2000,-27000,2000,27000,0,21000,1
27,3,146,R6C3,,3000,-27000,3000,27000,0,21000,1
27,4,146,R6C4,,4000,-27000,4000,27000,0,21000,1
27,5,146,R6C5,,5000,-27000,5000,27000,0,21000,1
27,6,146,R6C6,2-7-7-7,6000,-27000,6000,27000,0,21000,1
27,7,146,R6C7,1-7-7-7,7000,-27000,7000,27000,0,21000,1
27,8,146,R6C8,,8000,-27000,8000,27000,0,21000,1
35,-27,168,R0C0,,-27000,-35000,-27000,35000,-27000,35000,1
35,-26,168,R0C1,,-26000,-35000,-26000,35000,-27000,35000,1
35,-25,168,R0C2,,-25000,-35000,-25000,35000,-27000,35000,1
35,-24,168,R0C3,,-24000,-35000,-24000,35000,-27000,35000,1
35,-23,168,R0C4,,-23000,-35000,-23000,35000,-27000,35000,1
35,-22,168,R0C5,,-22000,-35000,-22000,35000,-27000,35000,1
35,-21,168,R0C6,,-21000,-35000,-21000,35000,-27000,35000,1
35,-20,168,R0C7,,-20000,-35000,-20000,35000,-27000,35000,1
35,-19,168,R0C8,,-19000,-35000,-19000,35000,-27000,35000,1
36,-27,168,R1C0,,-27000,-36000,-27000,36000,-27000,35000,1
36,-26,168,R1C1,,-26000,-36000,-26000,36000,-27000,35000,1
36,-25,168,R1C2,,-25000,-36000,-25000,36000,-27000,35000,1
36,-24,168,R1C3,,-24000,-36000,-24000,36000,-27000,35000,1
36,-23,168,R1C4,,-23000,-36000,-23000,36000,-27000,35000,1
36,-22,168,R1C5,,-22000,-36000,-22000,36000,-27000,35000,1
36,-21,168,R1C6,,-21000,-36000,-21000,36000,-27000,35000,1
36,-20,168,R1C7,,-20000,-36000,-20000,36000,-27000,35000,1
36,-19,168,R1C8,,-19000,-36000,-19000,36000,-27000,35000,1
37,-27,168,R2C0,,-27000,-37000,-27000,37000,-27000,35000,1
37,-26,168,R2C1,,-26000,-37000,-26000,37000,-27000,35000,1
37,-25,168,R2C2,,-25000,-37000,-25000,37000,-27000,35000,1
37,-24,168,R2C3,,-24000,-37000,-24000,37000,-27000,35000,1
37,-23,168,R2C4,,-23000,-37000,-23000,37000,-27000,35000,1
37,-22,168,R2C5,,-22000,-37000,-22000,37000,-27000,35000,1
37,-21,168,R2C6,,-21000,-37000,-21000,37000,-27000,35000,1
37,-20,168,R2C7,,-20000,-37000,-20000,37000,-27000,35000,1
37,-19,168,R2C8,,-19000,-37000,-19000,37000,-27000,35000,1
38,-27,168,R3C0,,-27000,-38000,-27000,38000,-27000,35000,1
38,-26,168,R3C1,,-26000,-38000,-26000,38000,-27000,35000,1
38,-25,168,R3C2,,-25000,-38000,-25000,38000,-27000,35000,1
38,-24,168,R3C3,,-24000,-38000,-24000,38000,-27000,35000,1
38,-23,168,R3C4,,-23000,-38000,-23000,38000,-27000,35000,1
38,-22,168,R3C5,,-22000,-38000,-22000,38000,-27000,35000,1
38,-21,168,R3C6,,-21000,-38000,-21000,38000,-27000,35000,1
38,-20,168,R3C7,,-20000,-38000,-20000,38000,-27000,35000,1
38,-19,168,R3C8,,-19000,-38000,-19000,38000,-27000,35000,1
39,-27,168,R4C0,,-27000,-39000,-27000,39000,-27000,35000,1
39,-26,168,R4C1,,-26000,-39000,-26000,39000,-27000,35000,1
39,-25,168,R4C2,,-25000,-39000,-25000,39000,-27000,35000,1
39,-24,168,R4C3,,-24000,-39000,-24000,39000,-27000,35000,1
39,-23,168,R4C4,,-23000,-39000,-23000,39000,-27000,35000,1
39,-22,168,R4C5,,-22000,-39000,-22000,39000,-27000,35000,1
39,-21,168,R4C6,,-21000,-39000,-21000,39000,-27000,35000,1
39,-20,168,R4C7,,-20000,-39000,-20000,39000,-27000,35000,1
39,-19,168,R4C8,,-19000,-39000,-19000,39000,-27000,35000,1
40,-27,168,R5C0,,-27000,-40000,-27000,40000,-27000,35000,1
40,-26,168,R5C1,,-26000,-40000,-26000,40000,-27000,35000,1
40,-25,168,R5C2,,-25000,-40000,-25000,40000,-27000,35000,1
40,-24,168,R5C3,,-24000,-40000,-24000,40000,-27000,35000,1
40,-23,168,R5C4,,-23000,-40000,-23000,40000,-27000,35000,1
40,-22,168,R5C5,,-22000,-40000,-22000,40000,-27000,35000,1
40,-21,168,R5C6,,-21000,-40000,-21000,40000,-27000,35000,1
40,-20,168,R5C7,,-20000,-40000,-20000,40000,-27000,35000,1
40,-19,168,R5C8,,-19000,-40000,-19000,40000,-27000,35000,1
41,-27,168,R6C0,,-27000,-41000,-27000,41000,-27000,35000,1
41,-26,168,R6C1,,-26000,-41000,-26000,41000,-27000,35000,1
41,-25,168,R6C2,,-25000,-41000,-25000,41000,-27000,35000,1
41,-24,168,R6C3,,-24000,-41000,-24000,41000,-27000,35000,1
41,-23,168,R6C4,,-23000,-41000,-23000,41000,-27000,35000,1
41,-22,168,R6C5,,-22000,-41000,-22000,41000,-27000,35000,1
41,-21,168,R6C6,2-7-10-5,-21000,-41000,-21000,41000,-27000,35000,1
41,-20,168,R6C7,1-7-10-5,-20000,-41000,-20000,41000,-27000,35000,1
41,-19,168,R6C8,,-19000,-41000,-19000,41000,-27000,35000,1
-42,-27,23,R0C0,,-27000,42000,-27000,-42000,-27000,-42000,1
-42,-26,23,R0C1,,-26000,42000,-26000,-42000,-27000,-42000,1
-42,-25,23,R0C2,,-25000,42000,-25000,-42000,-27000,-42000,1
-42,-24,23,R0C3,,-24000,42000,-24000,-42000,-27000,-42000,1
-42,-23,23,R0C4,,-23000,42000,-23000,-42000,-27000,-42000,1
-42,-22,23,R0C5,,-22000,42000,-22000,-42000,-27000,-42000,1
-42,-21,23,R0C6,,-21000,42000,-21000,-42000,-27000,-42000,1
-42,-20,23,R0C7,,-20000,42000,-20000,-42000,-27000,-42000,1
-42,-19,23,R0C8,,-19000,42000,-19000,-42000,-27000,-42000,1
-41,-27,23,R1C0,,-27000,41000,-27000,-41000,-27000,-42000,1
-41,-26,23,R1C1,,-26000,41000,-26000,-41000,-27000,-42000,1
-41,-25,23,R1C2,,-25000,41000,-25000,-41000,-27000,-42000,1
-41,-24,23,R1C3,,-24000,41000,-24000,-41000,-27000,-42000,1
-41,-23,23,R1C4,,-23000,41000,-23000,-41000,-27000,-42000,1
-41,-22,23,R1C5,,-22000,41000,-22000,-41000,-27000,-42000,1
-41,-21,23,R1C6,,-21000,41000,-21000,-41000,-27000,-42000,1
-41,-20,23,R1C7,,-20000,41000,-20000,-41000,-27000,-42000,1
-41,-19,23,R1C8,,-19000,41000,-19000,-41000,-27000,-42000,1
-40,-27,23,R2C0,,-27000,40000,-27000,-40000,-27000,-42000,1
-40,-26,23,R2C1,,-26000,40000,-26000,-40000,-27000,-42000,1
-40,-25,23,R2C2,,-25000,40000,-25000,-40000,-27000,-42000,1
-40,-24,23,R2C3,,-24000,40000,-24000,-40000,-27000,-42000,1
-40,-23,23,R2C4,,-23000,40000,-23000,-40000,-27000,-42000,1
-40,-22,23,R2C5,,-22000,40000,-22000,-40000,-27000,-42000,1
-40,-21,23,R2C6,,-21000,40000,-21000,-40000,-27000,-42000,1
-40,-20,23,R2C7,,-20000,40000,-20000,-40000,-27000,-42000,1
-40,-19,23,R2C8,,-19000,40000,-19000,-40000,-27000,-42000,1
-39,-27,23,R3C0,,-27000,39000,-27000,-39000,-27000,-42000,1
-39,-26,23,R3C1,,-26000,39000,-26000,-39000,-27000,-42000,1
-39,-25,23,R3C2,,-25000,39000,-25000,-39000,-27000,-42000,1
-39,-24,23,R3C3,,-24000,39000,-24000,-39000,-27000,-42000,1
-39,-23,23,R3C4,,-23000,39000,-23000,-39000,-27000,-42000,1
-39,-22,23,R3C5,,-22000,39000,-22000,-39000,-27000,-42000,1
-39,-21,23,R3C6,,-21000,39000,-21000,-39000,-27000,-42000,1
-39,-20,23,R3C7,,-20000,39000,-20000,-39000,-27000,-42000,1
-39,-19,23,R3C8,,-19000,39000,-19000,-39000,-27000,-42000,1
-38,-27,23,R4C0,,-27000,38000,-27000,-38000,-27000,-42000,1
-38,-26,23,R4C1,,-26000,38000,-26000,-38000,-27000,-42000,1
-38,-25,23,R4C2,,-25000,38000,-25000,-38000,-27000,-42000,1
-38,-24,23,R4C3,,-24000,38000,-24000,-38000,-27000,-42000,1
-38,-23,23,R4C4,,-23000,38000,-23000,-38000,-27000,-42000,1
-38,-22,23,R4C5,,-22000,38000,-22000,-38000,-27000,-42000,1
-38,-21,23,R4C6,,-21000,38000,-21000,-38000,-27000,-42000,1
-38,-20,23,R4C7,,-20000,38000,-20000,-38000,-27000,-42000,1
-38,-19,23,R4C8,,-19000,38000,-19000,-38000,-27000,-42000,1
-37,-27,23,R5C0,,-27000,37000,-27000,-37000,-27000,-42000,1
-37,-26,23,R5C1,,-26000,37000,-26000,-37000,-27000,-42000,1
-37,-25,23,R5C2,,-25000,37000,-25000,-37000,-27000,-42000,1
-37,-24,23,R5C3,,-24000,37000,-24000,-37000,-27000,-42000,1
-37,-23,23,R5C4,,-23000,37000,-23000,-37000,-27000,-42000,1
-37,-22,23,R5C5,,-22000,37000,-22000,-37000,-27000,-42000,1
-37,-21,23,R5C6,,-21000,37000,-21000,-37000,-27000,-42000,1
-37,-20,23,R5C7,,-20000,37000,-20000,-37000,-27000,-42000,1
-37,-19,23,R5C8,,-19000,37000,-19000,-37000,-27000,-42000,1
-36,-27,23,R6C0,,-27000,36000,-27000,-36000,-27000,-42000,1
-36,-26,23,R6C1,,-26000,36000,-26000,-36000,-27000,-42000,1
-36,-25,23,R6C2,,-25000,36000,-25000,-36000,-27000,-42000,1
-36,-24,23,R6C3,,-24000,36000,-24000,-36000,-27000,-42000,1
-36,-23,23,R6C4,,-23000,36000,-23000,-36000,-27000,-42000,1
-36,-22,23,R6C5,,-22000,36000,-22000,-36000,-27000,-42000,1
-36,-21,23,R6C6,2-7-10-16,-21000,36000,-21000,-36000,-27000,-42000,1
-36,-20,23,R6C7,1-7-10-16,-20000,36000,-20000,-36000,-27000,-42000,1
-36,-19,23,R6C8,,-19000,36000,-19000,-36000,-27000,-42000,1
-35,-36,33,R0C0,,-36000,35000,-36000,-35000,-36000,-35000,1
-35,-35,33,R0C1,,-35000,35000,-35000,-35000,-36000,-35000,1
-35,-34,33,R0C2,,-34000,35000,-34000,-35000,-36000,-35000,1
-35,-33,33,R0C3,,-33000,35000,-33000,-35000,-36000,-35000,1
-35,-32,33,R0C4,,-32000,35000,-32000,-35000,-36000,-35000,1
-35,-31,33,R0C5,,-31000,35000,-31000,-35000,-36000,-35000,1
-35,-30,33,R0C6,,-30000,35000,-30000,-35000,-36000,-35000,1
-35,-29,33,R0C7,,-29000,35000,-29000,-35000,-36000,-35000,1
-35,-28,33,R0C8,,-28000,35000,-28000,-35000,-36000,-35000,1
-34,-36,33,R1C0,,-36000,34000,-36000,-34000,-36000,-35000,1
-34,-35,33,R1C1,,-35000,34000,-35000,-34000,-36000,-35000,1
-34,-34,33,R1C2,,-34000,34000,-34000,-34000,-36000,-35000,1
-34,-33,33,R1C3,,-33000,34000,-33000,-34000,-36000,-35000,1
-34,-32,33,R1C4,,-32000,34000,-32000,-34000,-36000,-35000,1
-34,-31,33,R1C5,,-31000,34000,-31000,-34000,-36000,-35000,1
-34,-30,33,R1C6,,-30000,34000,-30000,-34000,-36000,-35000,1
-34,-29,33,R1C7,,-29000,34000,-29000,-34000,-36000,-35000,1
-34,-28,33,R1C8,,-28000,34000,-28000,-34000,-36000,-35000,1
-33,-36,33,R2C0,,-36000,33000,-36000,-33000,-36000,-35000,1
-33,-35,33,R2C1,,-35000,33000,-35000,-33000,-36000,-35000,1
-33,-34,33,R2C2,,-34000,33000,-34000,-33000,-36000,-35000,1
-33,-33,33,R2C3,,-33000,33000,-33000,-33000,-36000,-35000,1
-33,-32,33,R2C4,,-32000,33000,-32000,-33000,-36000,-35000,1
-33,-31,33,R2C5,,-31000,33000,-31000,-33000,-36000,-35000,1
-33,-30,33,R2C6,,-30000,33000,-30000,-33000,-36000,-35000,1
-33,-29,33,R2C7,,-29000,33000,-29000,-33000,-36000,-35000,1
-33,-28,33,R2C8,,-28000,33000,-28000,-33000,-36000,-35000,1
-32,-36,33,R3C0,,-36000,32000,-36000,-32000,-36000,-35000,1
-32,-35,33,R3C1,,-35000,32000,-35000,-32000,-36000,-35000,1
-32,-34,33,R3C2,,-34000,32000,-34000,-32000,-36000,-35000,1
-32,-33,33,R3C3,,-33000,32000,-33000,-32000,-36000,-35000,1
-32,-32,33,R3C4,,-32000,32000,-32000,-32000,-36000,-35000,1
-32,-31,33,R3C5,,-31000,32000,-31000,-32000,-36000,-35000,1
-32,-30,33,R3C6,,-30000,32000,-30000,-32000,-36000,-35000,1
-32,-29,33,R3C7,,-29000,32000,-29000,-32000,-36000,-35000,1
-32,-28,33,R3C8,,-28000,32000,-28000,-32000,-36000,-35000,1
-31,-36,33,R4C0,,-36000,31000,-36000,-31000,-36000,-35000,1
-31,-35,33,R4C1,,-35000,31000,-35000,-31000,-36000,-35000,1
-31,-34,33,R4C2,,-34000,31000,-34000,-31000,-36000,-35000,1
-31,-33,33,R4C3,,-33000,31000,-33000,-31000,-36000,-35000,1
-31,-32,33,R4C4,,-32000,31000,-32000,-31000,-36000,-35000,1
-31,-31,33,R4C5,,-31000,31000,-31000,-31000,-36000,-35000,1
-31,-30,33,R4C6,,-30000,31000,-30000,-31000,-36000,-35000,1
-31,-29,33,R4C7,,-29000,31000,-29000,-31000,-36000,-35000,1
-31,-28,33,R4C8,,-28000,31000,-28000,-31000,-36000,-35000,1
-30,-36,33,R5C0,,-36000,30000,-36000,-30000,-36000,-35000,1
-30,-35,33,R5C1,,-35000,30000,-35000,-30000,-36000,-35000,1
-30,-34,33,R5C2,,-34000,30000,-34000,-30000,-36000,-35000,1
-30,-33,33,R5C3,,-33000,30000,-33000,-30000,-36000,-35000,1
-30,-32,33,R5C4,,-32000,30000,-32000,-30000,-36000,-35000,1
-30,-31,33,R5C5,,-31000,30000,-31000,-30000,-36000,-35000,1
-30,-30,33,R5C6,,-30000,30000,-30000,-30000,-36000,-35000,1
-30,-29,33,R5C7,,-29000,30000,-29000,-30000,-36000,-35000,1
-30,-28,33,R5C8,,-28000,30000,-28000,-30000,-36000,-35000,1
-29,-36,33,R6C0,,-36000,29000,-36000,-29000,-36000,-35000,1
-29,-35,33,R6C1,,-35000,29000,-35000,-29000,-36000,-35000,1
-29,-34,33,R6C2,,-34000,29000,-34000,-29000,-36000,-35000,1
-29,-33,33,R6C3,,-33000,29000,-33000,-29000,-36000,-35000,1
-29,-32,33,R6C4,,-32000,29000,-32000,-29000,-36000,-35000,1
-29,-31,33,R6C5,,-31000,29000,-31000,-29000,-36000,-35000,1
-29,-30,33,R6C6,2-7-11-15,-30000,29000,-30000,-29000,-36000,-35000,1
-29,-29,33,R6C7,1-7-11-15,-29000,29000,-29000,-29000,-36000,-35000,1
-29,-28,33,R6C8,,-28000,29000,-28000,-29000,-36000,-35000,1
-21,-63,55,R0C0,,-63000,21000,-63000,-21000,-63000,-21000,1
-21,-62,55,R0C1,,-62000,21000,-62000,-21000,-63000,-21000,1
-21,-61,55,R0C2,,-61000,21000,-61000,-21000,-63000,-21000,1
-21,-60,55,R0C3,,-60000,21000,-60000,-21000,-63000,-21000,1
-21,-59,55,R0C4,,-59000,21000,-59000,-21000,-63000,-21000,1
-21,-58,55,R0C5,,-58000,21000,-58000,-21000,-63000,-21000,1
-21,-57,55,R0C6,,-57000,21000,-57000,-21000,-63000,-21000,1
-21,-56,55,R0C7,,-56000,21000,-56000,-21000,-63000,-21000,1
-21,-55,55,R0C8,,-55000,21000,-55000,-21000,-63000,-21000,1
-20,-63,55,R1C0,,-63000,20000,-63000,-20000,-63000,-21000,1
-20,-62,55,R1C1,,-62000,20000,-62000,-20000,-63000,-21000,1
-20,-61,55,R1C2,,-61000,20000,-61000,-20000,-63000,-21000,1
-20,-60,55,R1C3,,-60000,20000,-60000,-20000,-63000,-21000,1
-20,-59,55,R1C4,,-59000,20000,-59000,-20000,-63000,-21000,1
-20,-58,55,R1C5,,-58000,20000,-58000,-20000,-63000,-21000,1
-20,-57,55,R1C6,,-57000,20000,-57000,-20000,-63000,-21000,1
-20,-56,55,R1C7,,-56000,20000,-56000,-20000,-63000,-21000,1
-20,-55,55,R1C8,,-55000,20000,-55000,-20000,-63000,-21000,1
-19,-63,55,R2C0,,-63000,19000,-63000,-19000,-63000,-21000,1
-19,-62,55,R2C1,,-62000,19000,-62000,-19000,-63000,-21000,1
-19,-61,55,R2C2,,-61000,19000,-61000,-19000,-63000,-21000,1
-19,-60,55,R2C3,,-60000,19000,-60000,-19000,-63000,-21000,1
-19,-59,55,R2C4,,-59000,19000,-59000,-19000,-63000,-21000,1
-19,-58,55,R2C5,,-58000,19000,-58000,-19000,-63000,-21000,1
-19,-57,55,R2C6,,-57000,19000,-57000,-19000,-63000,-21000,1
-19,-56,55,R2C7,,-56000,19000,-56000,-19000,-63000,-21000,1
-19,-55,55,R2C8,,-55000,19000,-55000,-19000,-63000,-21000,1
-18,-63,55,R3C0,,-63000,18000,-63000,-18000,-63000,-21000,1
-18,-62,55,R3C1,,-62000,18000,-62000,-18000,-63000,-21000,1
-18,-61,55,R3C2,,-61000,18000,-61000,-18000,-63000,-21000,1
-18,-60,55,R3C3,,-60000,18000,-60000,-18000,-63000,-21000,1
-18,-59,55,R3C4,,-59000,18000,-59000,-18000,-63000,-21000,1
-18,-58,55,R3C5,,-58000,18000,-58000,-18000,-63000,-21000,1
-18,-57,55,R3C6,,-57000,18000,-57000,-18000,-63000,-21000,1
-18,-56,55,R3C7,,-56000,18000,-56000,-18000,-63000,-21000,1
-18,-55,55,R3C8,,-55000,18000,-55000,-18000,-63000,-21000,1
-17,-63,55,R4C0,,-63000,17000,-63000,-17000,-63000,-21000,1
-17,-62,55,R4C1,,-62000,17000,-62000,-17000,-63000,-21000,1
-17,-61,55,R4C2,,-61000,17000,-61000,-17000,-63000,-21000,1
-17,-60,55,R4C3,,-60000,17000,-60000,-17000,-63000,-21000,1
-17,-59,55,R4C4,,-59000,17000,-59000,-17000,-63000,-21000,1
-17,-58,55,R4C5,,-58000,17000,-58000,-17000,-63000,-21000,1
-17,-57,55,R4C6,,-57000,17000,-57000,-17000,-63000,-21000,1
-17,-56,55,R4C7,,-56000,17000,-56000,-17000,-63000,-21000,1
-17,-55,55,R4C8,,-55000,17000,-55000,-17000,-63000,-21000,1
-16,-63,55,R5C0,,-63000,16000,-63000,-16000,-63000,-21000,1
-16,-62,55,R5C1,,-62000,16000,-62000,-16000,-63000,-21000,1
-16,-61,55,R5C2,,-61000,16000,-61000,-16000,-63000,-21000,1
-16,-60,55,R5C3,,-60000,16000,-60000,-16000,-63000,-21000,1
-16,-59,55,R5C4,,-59000,16000,-59000,-16000,-63000,-21000,1
-16,-58,55,R5C5,,-58000,16000,-58000,-16000,-63000,-21000,1
-16,-57,55,R5C6,,-57000,16000,-57000,-16000,-63000,-21000,1
-16,-56,55,R5C7,,-56000,16000,-56000,-16000,-63000,-21000,1
-16,-55,55,R5C8,,-55000,16000,-55000,-16000,-63000,-21000,1
-15,-63,55,R6C0,,-63000,15000,-63000,-15000,-63000,-21000,1
-15,-62,55,R6C1,,-62000,15000,-62000,-15000,-63000,-21000,1
-15,-61,55,R6C2,,-61000,15000,-61000,-15000,-63000,-21000,1
-15,-60,55,R6C3,,-60000,15000,-60000,-15000,-63000,-21000,1
-15,-59,55,R6C4,,-59000,15000,-59000,-15000,-63000,-21000,1
-15,-58,55,R6C5,,-58000,15000,-58000,-15000,-63000,-21000,1
-15,-57,55,R6C6,2-7-14-13,-57000,15000,-57000,-15000,-63000,-21000,1
-15,-56,55,R6C7,1-7-14-13,-56000,15000,-56000,-15000,-63000,-21000,1
-15,-55,55,R6C8,,-55000,15000,-55000,-15000,-63000,-21000,1
-21,18,64,R0C0,,18000,21000,18000,-21000,18000,-21000,1
-21,19,64,R0C1,,19000,21000,19000,-21000,18000,-21000,1
-21,20,64,R0C2,,20000,21000,20000,-21000,18000,-21000,1
-21,21,64,R0C3,,21000,21000,21000,-21000,18000,-21000,1
-21,22,64,R0C4,,22000,21000,22000,-21000,18000,-21000,1
-21,23,64,R0C5,,23000,21000,23000,-21000,18000,-21000,1
-21,24,64,R0C6,,24000,21000,24000,-21000,18000,-21000,1
-21,25,64,R0C7,,25000,21000,25000,-21000,18000,-21000,1
-21,26,64,R0C8,,26000,21000,26000,-21000,18000,-21000,1
-20,18,64,R1C0,,18000,20000,18000,-20000,18000,-21000,1
-20,19,64,R1C1,,19000,20000,19000,-20000,18000,-21000,1
-20,20,64,R1C2,,20000,20000,20000,-20000,18000,-21000,1
-20,21,64,R1C3,,21000,20000,21000,-20000,18000,-21000,1
-20,22,64,R1C4,,22000,20000,22000,-20000,18000,-21000,1
-20,23,64,R1C5,,23000,20000,23000,-20000,18000,-21000,1
-20,24,64,R1C6,,24000,20000,24000,-20000,18000,-21000,1
-20,25,64,R1C7,,25000,20000,25000,-20000,18000,-21000,1
-20,26,64,R1C8,,26000,20000,26000,-20000,18000,-21000,1
-19,18,64,R2C0,,18000,19000,18000,-19000,18000,-21000,1
-19,19,64,R2C1,,19000,19000,19000,-19000,18000,-21000,1
-19,20,64,R2C2,,20000,19000,20000,-19000,18000,-21000,1
-19,21,64,R2C3,,21000,19000,21000,-19000,18000,-21000,1
-19,22,64,R2C4,,22000,19000,22000,-19000,18000,-21000,1
-19,23,64,R2C5,,23000,19000,23000,-19000,18000,-21000,1
-19,24,64,R2C6,,24000,19000,24000,-19000,18000,-21000,1
-19,25,64,R2C7,,25000,19000,25000,-19000,18000,-21000,1
-19,26,64,R2C8,,26000,19000,26000,-19000,18000,-21000,1
-18,18,64,R3C0,,18000,18000,18000,-18000,18000,-21000,1
-18,19,64,R3C1,,19000,18000,19000,-18000,18000,-21000,1
-18,20,64,R3C2,,20000,18000,20000,-18000,18000,-21000,1
-18,21,64,R3C3,,21000,18000,21000,-18000,18000,-21000,1
-18,22,64,R3C4,,22000,18000,22000,-18000,18000,-21000,1
-18,23,64,R3C5,,23000,18000,23000,-18000,18000,-21000,1
-18,24,64,R3C6,,24000,18000,24000,-18000,18000,-21000,1
-18,25,64,R3C7,,25000,18000,25000,-18000,18000,-21000,1
-18,26,64,R3C8,,26000,18000,26000,-18000,18000,-21000,1
-17,18,64,R4C0,,18000,17000,18000,-17000,18000,-21000,1
-17,19,64,R4C1,,19000,17000,19000,-17000,18000,-21000,1
-17,20,64,R4C2,,20000,17000,20000,-17000,18000,-21000,1
-17,21,64,R4C3,,21000,17000,21000,-17000,18000,-21000,1
-17,22,64,R4C4,,22000,17000,22000,-17000,18000,-21000,1
-17,23,64,R4C5,,23000,17000,23000,-17000,18000,-21000,1
-17,24,64,R4C6,,24000,17000,24000,-17000,18000,-21000,1
-17,25,64,R4C7,,25000,17000,25000,-17000,18000,-21000,1
-17,26,64,R4C8,,26000,17000,26000,-17000,18000,-21000,1
-16,18,64,R5C0,,18000,16000,18000,-16000,18000,-21000,1
-16,19,64,R5C1,,19000,16000,19000,-16000,18000,-21000,1
-16,20,64,R5C2,,20000,16000,20000,-16000,18000,-21000,1
-16,21,64,R5C3,,21000,16000,21000,-16000,18000,-21000,1
-16,22,64,R5C4,,22000,16000,22000,-16000,18000,-21000,1
-16,23,64,R5C5,,23000,16000,23000,-16000,18000,-21000,1
-16,24,64,R5C6,,24000,16000,24000,-16000,18000,-21000,1
-16,25,64,R5C7,,25000,16000,25000,-16000,18000,-21000,1
-16,26,64,R5C8,,26000,16000,26000,-16000,18000,-21000,1
-15,18,64,R6C0,,18000,15000,18000,-15000,18000,-21000,1
-15,19,64,R6C1,,19000,15000,19000,-15000,18000,-21000,1
-15,20,64,R6C2,,20000,15000,20000,-15000,18000,-21000,1
-15,21,64,R6C3,,21000,15000,21000,-15000,18000,-21000,1
-15,22,64,R6C4,,22000,15000,22000,-15000,18000,-21000,1
-15,23,64,R6C5,,23000,15000,23000,-15000,18000,-21000,1
-15,24,64,R6C6,2-7-5-13,24000,15000,24000,-15000,18000,-21000,1
-15,25,64,R6C7,1-7-5-13,25000,15000,25000,-15000,18000,-21000,1
-15,26,64,R6C8,,26000,15000,26000,-15000,18000,-21000,1
7,-63,112,R0C0,,-63000,-7000,-63000,7000,-63000,7000,1
7,-62,112,R0C1,,-62000,-7000,-62000,7000,-63000,7000,1
7,-61,112,R0C2,,-61000,-7000,-61000,7000,-63000,7000,1
7,-60,112,R0C3,,-60000,-7000,-60000,7000,-63000,7000,1
7,-59,112,R0C4,,-59000,-7000,-59000,7000,-63000,7000,1
7,-58,112,R0C5,,-58000,-7000,-58000,7000,-63000,7000,1
7,-57,112,R0C6,,-57000,-7000,-57000,7000,-63000,7000,1
7,-56,112,R0C7,,-56000,-7000,-56000,7000,-63000,7000,1
7,-55,112,R0C8,,-55000,-7000,-55000,7000,-63000,7000,1
8,-63,112,R1C0,,-63000,-8000,-63000,8000,-63000,7000,1
8,-62,112,R1C1,,-62000,-8000,-62000,8000,-63000,7000,1
8,-61,112,R1C2,,-61000,-8000,-61000,8000,-63000,7000,1
8,-60,112,R1C3,,-60000,-8000,-60000,8000,-63000,7000,1
8,-59,112,R1C4,,-59000,-8000,-59000,8000,-63000,7000,1
8,-58,112,R1C5,,-58000,-8000,-58000,8000,-63000,7000,1
8,-57,112,R1C6,,-57000,-8000,-57000,8000,-63000,7000,1
8,-56,112,R1C7,,-56000,-8000,-56000,8000,-63000,7000,1
8,-55,112,R1C8,,-55000,-8000,-55000,8000,-63000,7000,1
9,-63,112,R2C0,,-63000,-9000,-63000,9000,-63000,7000,1
9,-62,112,R2C1,,-62000,-9000,-62000,9000,-63000,7000,1
9,-61,112,R2C2,,-61000,-9000,-61000,9000,-63000,7000,1
9,-60,112,R2C3,,-60000,-9000,-60000,9000,-63000,7000,1
9,-59,112,R2C4,,-59000,-9000,-59000,9000,-63000,7000,1
9,-58,112,R2C5,,-58000,-9000,-58000,9000,-63000,7000,1
9,-57,112,R2C6,,-57000,-9000,-57000,9000,-63000,7000,1
9,-56,112,R2C7,,-56000,-9000,-56000,9000,-63000,7000,1
9,-55,112,R2C8,,-55000,-9000,-55000,9000,-63000,7000,1
10,-63,112,R3C0,,-63000,-10000,-63000,10000,-63000,7000,1
10,-62,112,R3C1,,-62000,-10000,-62000,10000,-63000,7000,1
10,-61,112,R3C2,,-61000,-10000,-61000,10000,-63000,7000,1
10,-60,112,R3C3,,-60000,-10000,-60000,10000,-63000,7000,1
10,-59,112,R3C4,,-59000,-10000,-59000,10000,-63000,7000,1
10,-58,112,R3C5,,-58000,-10000,-58000,10000,-63000,7000,1
10,-57,112,R3C6,,-57000,-10000,-57000,10000,-63000,7000,1
10,-56,112,R3C7,,-56000,-10000,-56000,10000,-63000,7000,1
10,-55,112,R3C8,,-55000,-10000,-55000,10000,-63000,7000,1
11,-63,112,R4C0,,-63000,-11000,-63000,11000,-63000,7000,1
11,-62,112,R4C1,,-62000,-11000,-62000,11000,-63000,7000,1
11,-61,112,R4C2,,-61000,-11000,-61000,11000,-63000,7000,1
11,-60,112,R4C3,,-60000,-11000,-60000,11000,-63000,7000,1
11,-59,112,R4C4,,-59000,-11000,-59000,11000,-63000,7000,1
11,-58,112,R4C5,,-58000,-11000,-58000,11000,-63000,7000,1
11,-57,112,R4C6,,-57000,-11000,-57000,11000,-63000,7000,1
11,-56,112,R4C7,,-56000,-11000,-56000,11000,-63000,7000,1
11,-55,112,R4C8,,-55000,-11000,-55000,11000,-63000,7000,1
12,-63,112,R5C0,,-63000,-12000,-63000,12000,-63000,7000,1
12,-62,112,R5C1,,-62000,-12000,-62000,12000,-63000,7000,1
12,-61,112,R5C2,,-61000,-12000,-61000,12000,-63000,7000,1
12,-60,112,R5C3,,-60000,-12000,-60000,12000,-63000,7000,1
12,-59,112,R5C4,,-59000,-12000,-59000,12000,-63000,7000,1
12,-58,112,R5C5,,-58000,-12000,-58000,12000,-63000,7000,1
12,-57,112,R5C6,,-57000,-12000,-57000,12000,-63000,7000,1
12,-56,112,R5C7,,-56000,-12000,-56000,12000,-63000,7000,1
12,-55,112,R5C8,,-55000,-12000,-55000,12000,-63000,7000,1
13,-63,112,R6C0,,-63000,-13000,-63000,13000,-63000,7000,1
13,-62,112,R6C1,,-62000,-13000,-62000,13000,-63000,7000,1
13,-61,112,R6C2,,-61000,-13000,-61000,13000,-63000,7000,1
13,-60,112,R6C3,,-60000,-13000,-60000,13000,-63000,7000,1
13,-59,112,R6C4,,-59000,-13000,-59000,13000,-63000,7000,1
13,-58,112,R6C5,,-58000,-13000,-58000,13000,-63000,7000,1
13,-57,112,R6C6,2-7-14-9,-57000,-13000,-57000,13000,-63000,7000,1
13,-56,112,R6C7,1-7-14-9,-56000,-13000,-56000,13000,-63000,7000,1
13,-55,112,R6C8,,-55000,-13000,-55000,13000,-63000,7000,1
7,18,121,R0C0,,18000,-7000,18000,7000,18000,7000,1
7,19,121,R0C1,,19000,-7000,19000,7000,18000,7000,1
7,20,121,R0C2,,20000,-7000,20000,7000,18000,7000,1
7,21,121,R0C3,,21000,-7000,21000,7000,18000,7000,1
7,22,121,R0C4,,22000,-7000,22000,7000,18000,7000,1
7,23,121,R0C5,,23000,-7000,23000,7000,18000,7000,1
7,24,121,R0C6,,24000,-7000,24000,7000,18000,7000,1
7,25,121,R0C7,,25000,-7000,25000,7000,18000,7000,1
7,26,121,R0C8,,26000,-7000,26000,7000,18000,7000,1
8,18,121,R1C0,,18000,-8000,18000,8000,18000,7000,1
8,19,121,R1C1,,19000,-8000,19000,8000,18000,7000,1
8,20,121,R1C2,,20000,-8000,20000,8000,18000,7000,1
8,21,121,R1C3,,21000,-8000,21000,8000,18000,7000,1
8,22,121,R1C4,,22000,-8000,22000,8000,18000,7000,1
8,23,121,R1C5,,23000,-8000,23000,8000,18000,7000,1
8,24,121,R1C6,,24000,-8000,24000,8000,18000,7000,1
8,25,121,R1C7,,25000,-8000,25000,8000,18000,7000,1
8,26,121,R1C8,,26000,-8000,26000,8000,18000,7000,1
9,18,121,R2C0,,18000,-9000,18000,9000,18000,7000,1
9,19,121,R2C1,,19000,-9000,19000,9000,18000,7000,1
9,20,121,R2C2,,20000,-9000,20000,9000,18000,7000,1
9,21,121,R2C3,,21000,-9000,21000,9000,18000,7000,1
9,22,121,R2C4,,22000,-9000,22000,9000,18000,7000,1
9,23,121,R2C5,,23000,-9000,23000,9000,18000,7000,1
9,24,121,R2C6,,24000,-9000,24000,9000,18000,7000,1
9,25,121,R2C7,,25000,-9000,25000,9000,18000,7000,1
9,26,121,R2C8,,26000,-9000,26000,9000,18000,7000,1
10,18,121,R3C0,,18000,-10000,18000,10000,18000,7000,1
10,19,121,R3C1,,19000,-10000,19000,10000,18000,7000,1
10,20,121,R3C2,,20000,-10000,20000,10000,18000,7000,1
10,21,121,R3C3,,21000,-10000,21000,10000,18000,7000,1
10,22,121,R3C4,,22000,-10000,22000,10000,18000,7000,1
10,23,121,R3C5,,23000,-10000,23000,10000,18000,7000,1
10,24,121,R3C6,,24000,-10000,24000,10000,18000,7000,1
10,25,121,R3C7,,25000,-10000,25000,10000,18000,7000,1
10,26,121,R3C8,,26000,-10000,26000,10000,18000,7000,1
11,18,121,R4C0,,18000,-11000,18000,11000,18000,7000,1
11,19,121,R4C1,,19000,-11000,19000,11000,18000,7000,1
11,20,121,R4C2,,20000,-11000,20000,11000,18000,7000,1
11,21,121,R4C3,,21000,-11000,21000,11000,18000,7000,1
11,22,121,R4C4,,22000,-11000,22000,11000,18000,7000,1
11,23,121,R4C5,,23000,-11000,23000,11000,18000,7000,1
11,24,121,R4C6,,24000,-11000,24000,11000,18000,7000,1
11,25,121,R4C7,,25000,-11000,25000,11000,18000,7000,1
11,26,121,R4C8,,26000,-11000,26000,11000,18000,7000,1
12,18,121,R5C0,,18000,-12000,18000,12000,18000,7000,1
12,19,121,R5C1,,19000,-12000,19000,12000,18000,7000,1
12,20,121,R5C2,,20000,-12000,20000,12000,18000,7000,1
12,21,121,R5C3,,21000,-12000,21000,12000,18000,7000,1
12,22,121,R5C4,,22000,-12000,22000,12000,18000,7000,1
12,23,121,R5C5,,23000,-12000,23000,12000,18000,7000,1
12,24,121,R5C6,,24000,-12000,24000,12000,18000,7000,1
12,25,121,R5C7,,25000,-12000,25000,12000,18000,7000,1
12,26,121,R5C8,,26000,-12000,26000,12000,18000,7000,1
13,18,121,R6C0,,18000,-13000,18000,13000,18000,7000,1
13,19,121,R6C1,,19000,-13000,19000,13000,18000,7000,1
13,20,121,R6C2,,20000,-13000,20000,13000,18000,7000,1
13,21,121,R6C3,,21000,-13000,21000,13000,18000,7000,1
13,22,121,R6C4,,22000,-13000,22000,13000,18000,7000,1
13,23,121,R6C5,,23000,-13000,23000,13000,18000,7000,1
13,24,121,R6C6,2-7-5-9,24000,-13000,24000,13000,18000,7000,1
13,25,121,R6C7,1-7-5-9,25000,-13000,25000,13000,18000,7000,1
13,26,121,R6C8,,26000,-13000,26000,13000,18000,7000,1
0,36,108,R0C0,,36000,0,36000,0,36000,0,1
0,37,108,R0C1,,37000,0,37000,0,36000,0,1
0,38,108,R0C2,,38000,0,38000,0,36000,0,1
0,39,108,R0C3,,39000,0,39000,0,36000,0,1
0,40,108,R0C4,,40000,0,40000,0,36000,0,1
0,41,108,R0C5,,41000,0,41000,0,36000,0,1
0,42,108,R0C6,,42000,0,42000,0,36000,0,1
0,43,108,R0C7,,43000,0,43000,0,36000,0,1
0,44,108,R0C8,,44000,0,44000,0,36000,0,1
1,36,108,R1C0,,36000,-1000,36000,1000,36000,0,1
1,37,108,R1C1,,37000,-1000,37000,1000,36000,0,1
1,38,108,R1C2,,38000,-1000,38000,1000,36000,0,1
1,39,108,R1C3,,39000,-1000,39000,1000,36000,0,1
1,40,108,R1C4,,40000,-1000,40000,1000,36000,0,1
1,41,108,R1C5,,41000,-1000,41000,1000,36000,0,1
1,42,108,R1C6,,42000,-1000,42000,1000,36000,0,1
1,43,108,R1C7,,43000,-1000,43000,1000,36000,0,1
1,44,108,R1C8,,44000,-1000,44000,1000,36000,0,1
2,36,108,R2C0,,36000,-2000,36000,2000,36000,0,1
2,37,108,R2C1,,37000,-2000,37000,2000,36000,0,1
2,38,108,R2C2,,38000,-2000,38000,2000,36000,0,1
2,39,108,R2C3,,39000,-2000,39000,2000,36000,0,1
2,40,108,R2C4,,40000,-2000,40000,2000,36000,0,1
2,41,108,R2C5,,41000,-2000,41000,2000,36000,0,1
2,42,108,R2C6,,42000,-2000,42000,2000,36000,0,1
2,43,108,R2C7,,43000,-2000,43000,2000,36000,0,1
2,44,108,R2C8,,44000,-2000,44000,2000,36000,0,1
3,36,108,R3C0,,36000,-3000,36000,3000,36000,0,1
3,37,108,R3C1,,37000,-3000,37000,3000,36000,0,1
3,38,108,R3C2,,38000,-3000,38000,3000,36000,0,1
3,39,108,R3C3,,39000,-3000,39000,3000,36000,0,1
3,40,108,R3C4,,40000,-3000,40000,3000,36000,0,1
3,41,108,R3C5,,41000,-3000,41000,3000,36000,0,1
3,42,108,R3C6,,42000,-3000,42000,3000,36000,0,1
3,43,108,R3C7,,43000,-3000,43000,3000,36000,0,1
3,44,108,R3C8,,44000,-3000,44000,3000,36000,0,1
4,36,108,R4C0,,36000,-4000,36000,4000,36000,0,1
4,37,108,R4C1,,37000,-4000,37000,4000,36000,0,1
4,38,108,R4C2,,38000,-4000,38000,4000,36000,0,1
4,39,108,R4C3,,39000,-4000,39000,4000,36000,0,1
4,40,108,R4C4,,40000,-4000,40000,4000,36000,0,1
4,41,108,R4C5,,41000,-4000,41000,4000,36000,0,1
4,42,108,R4C6,,42000,-4000,42000,4000,36000,0,1
4,43,108,R4C7,,43000,-4000,43000,4000,36000,0,1
4,44,108,R4C8,,44000,-4000,44000,4000,36000,0,1
5,36,108,R5C0,,36000,-5000,36000,5000,36000,0,1
5,37,108,R5C1,,37000,-5000,37000,5000,36000,0,1
5,38,108,R5C2,,38000,-5000,38000,5000,36000,0,1
5,39,108,R5C3,,39000,-5000,39000,5000,36000,0,1
5,40,108,R5C4,,40000,-5000,40000,5000,36000,0,1
5,41,108,R5C5,,41000,-5000,41000,5000,36000,0,1
5,42,108,R5C6,,42000,-5000,42000,5000,36000,0,1
5,43,108,R5C7,,43000,-5000,43000,5000,36000,0,1
5,44,108,R5C8,,44000,-5000,44000,5000,36000,0,1
6,36,108,R6C0,,36000,-6000,36000,6000,36000,0,1
6,37,108,R6C1,,37000,-6000,37000,6000,36000,0,1
6,38,108,R6C2,,38000,-6000,38000,6000,36000,0,1
6,39,108,R6C3,,39000,-6000,39000,6000,36000,0,1
6,40,108,R6C4,,40000,-6000,40000,6000,36000,0,1
6,41,108,R6C5,,41000,-6000,41000,6000,36000,0,1
6,42,108,R6C6,2-7-3-10,42000,-6000,42000,6000,36000,0,1
6,43,108,R6C7,1-7-3-10,43000,-6000,43000,6000,36000,0,1
6,44,108,R6C8,,44000,-6000,44000,6000,36000,0,1
14,9,134,R0C0,,9000,-14000,9000,14000,9000,14000,1
14,10,134,R0C1,,10000,-14000,10000,14000,9000,14000,1
14,11,134,R0C2,,11000,-14000,11000,14000,9000,14000,1
14,12,134,R0C3,,12000,-14000,12000,14000,9000,14000,1
14,13,134,R0C4,,13000,-14000,13000,14000,9000,14000,1
14,14,134,R0C5,,14000,-14000,14000,14000,9000,14000,1
14,15,134,R0C6,,15000,-14000,15000,14000,9000,14000,1
14,16,134,R0C7,,16000,-14000,16000,14000,9000,14000,1
14,17,134,R0C8,,17000,-14000,17000,14000,9000,14000,1
15,9,134,R1C0,,9000,-15000,9000,15000,9000,14000,1
15,10,134,R1C1,,10000,-15000,10000,15000,9000,14000,1
15,11,134,R1C2,,11000,-15000,11000,15000,9000,14000,1
15,12,134,R1C3,,12000,-15000,12000,15000,9000,14000,1
15,13,134,R1C4,,13000,-15000,13000,15000,9000,14000,1
15,14,134,R1C5,,14000,-15000,14000,15000,9000,14000,1
15,15,134,R1C6,,15000,-15000,15000,15000,9000,14000,1
15,16,134,R1C7,,16000,-15000,16000,15000,9000,14000,1
15,17,134,R1C8,,17000,-15000,17000,15000,9000,14000,1
16,9,134,R2C0,,9000,-16000,9000,16000,9000,14000,1
16,10,134,R2C1,,10000,-16000,10000,16000,9000,14000,1
16,11,134,R2C2,,11000,-16000,11000,16000,9000,14000,1
16,12,134,R2C3,,12000,-16000,12000,16000,9000,14000,1
16,13,134,R2C4,,13000,-16000,13000,16000,9000,14000,1
16,14,134,R2C5,,14000,-16000,14000,16000,9000,14000,1
16,15,134,R2C6,,15000,-16000,15000,16000,9000,14000,1
16,16,134,R2C7,,16000,-16000,16000,16000,9000,14000,1
16,17,134,R2C8,,17000,-16000,17000,16000,9000,14000,1
17,9,134,R3C0,,9000,-17000,9000,17000,9000,14000,1
17,10,134,R3C1,,10000,-17000,10000,17000,9000,14000,1
17,11,134,R3C2,,11000,-17000,11000,17000,9000,14000,1
17,12,134,R3C3,,12000,-17000,12000,17000,9000,14000,1
17,13,134,R3C4,,13000,-17000,13000,17000,9000,14000,1
17,14,134,R3C5,,14000,-17000,14000,17000,9000,14000,1
17,15,134,R3C6,,15000,-17000,15000,17000,9000,14000,1
17,16,134,R3C7,,16000,-17000,16000,17000,9000,14000,1
17,17,134,R3C8,,17000,-17000,17000,17000,9000,14000,1
18,9,134,R4C0,,9000,-18000,9000,18000,9000,14000,1
18,10,134,R4C1,,10000,-18000,10000,18000,9000,14000,1
18,11,134,R4C2,,11000,-18000,11000,18000,9000,14000,1
18,12,134,R4C3,,12000,-18000,12000,18000,9000,14000,1
18,13,134,R4C4,,13000,-18000,13000,18000,9000,14000,1
18,14,134,R4C5,,14000,-18000,14000,18000,9000,14000,1
18,15,134,R4C6,,15000,-18000,15000,18000,9000,14000,1
18,16,134,R4C7,,16000,-18000,16000,18000,9000,14000,1
18,17,134,R4C8,,17000,-18000,17000,18000,9000,14000,1
19,9,134,R5C0,,9000,-19000,9000,19000,9000,14000,1
19,10,134,R5C1,,10000,-19000,10000,19000,9000,14000,1
19,11,134,R5C2,,11000,-19000,11000,19000,9000,14000,1
19,12,134,R5C3,,12000,-19000,12000,19000,9000,14000,1
19,13,134,R5C4,,13000,-19000,13000,19000,9000,14000,1
19,14,134,R5C5,,14000,-19000,14000,19000,9000,14000,1
19,15,134,R5C6,,15000,-19000,15000,19000,9000,14000,1
19,16,134,R5C7,,16000,-19000,16000,19000,9000,14000,1
19,17,134,R5C8,,17000,-19000,17000,19000,9000,14000,1
20,9,134,R6C0,,9000,-20000,9000,20000,9000,14000,1
20,10,134,R6C1,,10000,-20000,10000,20000,9000,14000,1
20,11,134,R6C2,,11000,-20000,11000,20000,9000,14000,1
20,12,134,R6C3,,12000,-20000,12000,20000,9000,14000,1
20,13,134,R6C4,,13000,-20000,13000,20000,9000,14000,1
20,14,134,R6C5,,14000,-20000,14000,20000,9000,14000,1
20,15,134,R6C6,2-7-6-8,15000,-20000,15000,20000,9000,14000,1
20,16,134,R6C7,1-7-6-8,16000,-20000,16000,20000,9000,14000,1
20,17,134,R6C8,,17000,-20000,17000,20000,9000,14000,1
-49,-9,15,R0C0,,-9000,49000,-9000,-49000,-9000,-49000,1
-49,-8,15,R0C1,,-8000,49000,-8000,-49000,-9000,-49000,1
-49,-7,15,R0C2,,-7000,49000,-7000,-49000,-9000,-49000,1
-49,-6,15,R0C3,,-6000,49000,-6000,-49000,-9000,-49000,1
-49,-5,15,R0C4,,-5000,49000,-5000,-49000,-9000,-49000,1
-49,-4,15,R0C5,,-4000,49000,-4000,-49000,-9000,-49000,1
-49,-3,15,R0C6,,-3000,49000,-3000,-49000,-9000,-49000,1
-49,-2,15,R0C7,,-2000,49000,-2000,-49000,-9000,-49000,1
-49,-1,15,R0C8,,-1000,49000,-1000,-49000,-9000,-49000,1
-48,-9,15,R1C0,,-9000,48000,-9000,-48000,-9000,-49000,1
-48,-8,15,R1C1,,-8000,48000,-8000,-48000,-9000,-49000,1
-48,-7,15,R1C2,,-7000,48000,-7000,-48000,-9000,-49000,1
-48,-6,15,R1C3,,-6000,48000,-6000,-48000,-9000,-49000,1
-48,-5,15,R1C4,,-5000,48000,-5000,-48000,-9000,-49000,1
-48,-4,15,R1C5,,-4000,48000,-4000,-48000,-9000,-49000,1
-48,-3,15,R1C6,,-3000,48000,-3000,-48000,-9000,-49000,1
-48,-2,15,R1C7,,-2000,48000,-2000,-48000,-9000,-49000,1
-48,-1,15,R1C8,,-1000,48000,-1000,-48000,-9000,-49000,1
-47,-9,15,R2C0,,-9000,47000,-9000,-47000,-9000,-49000,1
-47,-8,15,R2C1,,-8000,47000,-8000,-47000,-9000,-49000,1
-47,-7,15,R2C2,,-7000,47000,-7000,-47000,-9000,-49000,1
-47,-6,15,R2C3,,-6000,47000,-6000,-47000,-9000,-49000,1
-47,-5,15,R2C4,,-5000,47000,-5000,-47000,-9000,-49000,1
-47,-4,15,R2C5,,-4000,47000,-4000,-47000,-9000,-49000,1
-47,-3,15,R2C6,,-3000,47000,-3000,-47000,-9000,-49000,1
-47,-2,15,R2C7,,-2000,47000,-2000,-47000,-9000,-49000,1
-47,-1,15,R2C8,,-1000,47000,-1000,-47000,-9000,-49000,1
-46,-9,15,R3C0,,-9000,46000,-9000,-46000,-9000,-49000,1
-46,-8,15,R3C1,,-8000,46000,-8000,-46000,-9000,-49000,1
-46,-7,15,R3C2,,-7000,46000,-7000,-46000,-9000,-49000,1
-46,-6,15,R3C3,,-6000,46000,-6000,-46000,-9000,-49000,1
-46,-5,15,R3C4,,-5000,46000,-5000,-46000,-9000,-49000,1
-46,-4,15,R3C5,,-4000,46000,-4000,-46000,-9000,-49000,1
-46,-3,15,R3C6,,-3000,46000,-3000,-46000,-9000,-49000,1
-46,-2,15,R3C7,,-2000,46000,-2000,-46000,-9000,-49000,1
-46,-1,15,R3C8,,-1000,46000,-1000,-46000,-9000,-49000,1
-45,-9,15,R4C0,,-9000,45000,-9000,-45000,-9000,-49000,1
-45,-8,15,R4C1,,-8000,45000,-8000,-45000,-9000,-49000,1
-45,-7,15,R4C2,,-7000,45000,-7000,-45000,-9000,-49000,1
-45,-6,15,R4C3,,-6000,45000,-6000,-45000,-9000,-49000,1
-45,-5,15,R4C4,,-5000,45000,-5000,-45000,-9000,-49000,1
-45,-4,15,R4C5,,-4000,45000,-4000,-45000,-9000,-49000,1
-45,-3,15,R4C6,,-3000,45000,-3000,-45000,-9000,-49000,1
-45,-2,15,R4C7,,-2000,45000,-2000,-45000,-9000,-49000,1
-45,-1,15,R4C8,,-1000,45000,-1000,-45000,-9000,-49000,1
-44,-9,15,R5C0,,-9000,44000,-9000,-44000,-9000,-49000,1
-44,-8,15,R5C1,,-8000,44000,-8000,-44000,-9000,-49000,1
-44,-7,15,R5C2,,-7000,44000,-7000,-44000,-9000,-49000,1
-44,-6,15,R5C3,,-6000,44000,-6000,-44000,-9000,-49000,1
-44,-5,15,R5C4,,-5000,44000,-5000,-44000,-9000,-49000,1
-44,-4,15,R5C5,,-4000,44000,-4000,-44000,-9000,-49000,1
-44,-3,15,R5C6,,-3000,44000,-3000,-44000,-9000,-49000,1
-44,-2,15,R5C7,,-2000,44000,-2000,-44000,-9000,-49000,1
-44,-1,15,R5C8,,-1000,44000,-1000,-44000,-9000,-49000,1
-43,-9,15,R6C0,,-9000,43000,-9000,-43000,-9000,-49000,1
-43,-8,15,R6C1,,-8000,43000,-8000,-43000,-9000,-49000,1
-43,-7,15,R6C2,,-7000,43000,-7000,-43000,-9000,-49000,1
-43,-6,15,R6C3,,-6000,43000,-6000,-43000,-9000,-49000,1
-43,-5,15,R6C4,,-5000,43000,-5000,-43000,-9000,-49000,1
-43,-4,15,R6C5,,-4000,43000,-4000,-43000,-9000,-49000,1
-43,-3,15,R6C6,2-7-8-17,-3000,43000,-3000,-43000,-9000,-49000,1
-43,-2,15,R6C7,1-7-8-17,-2000,43000,-2000,-43000,-9000,-49000,1
-43,-1,15,R6C8,,-1000,43000,-1000,-43000,-9000,-49000,1
49,-27,189,R0C0,,-27000,-49000,-27000,49000,-27000,49000,1
49,-26,189,R0C1,,-26000,-49000,-26000,49000,-27000,49000,1
49,-25,189,R0C2,,-25000,-49000,-25000,49000,-27000,49000,1
49,-24,189,R0C3,,-24000,-49000,-24000,49000,-27000,49000,1
49,-23,189,R0C4,,-23000,-49000,-23000,49000,-27000,49000,1
49,-22,189,R0C5,,-22000,-49000,-22000,49000,-27000,49000,1
49,-21,189,R0C6,,-21000,-49000,-21000,49000,-27000,49000,1
49,-20,189,R0C7,,-20000,-49000,-20000,49000,-27000,49000,1
49,-19,189,R0C8,,-19000,-49000,-19000,49000,-27000,49000,1
50,-27,189,R1C0,,-27000,-50000,-27000,50000,-27000,49000,1
50,-26,189,R1C1,,-26000,-50000,-26000,50000,-27000,49000,1
50,-25,189,R1C2,,-25000,-50000,-25000,50000,-27000,49000,1
50,-24,189,R1C3,,-24000,-50000,-24000,50000,-27000,49000,1
50,-23,189,R1C4,,-23000,-50000,-23000,50000,-27000,49000,1
50,-22,189,R1C5,,-22000,-50000,-22000,50000,-27000,49000,1
50,-21,189,R1C6,,-21000,-50000,-21000,50000,-27000,49000,1
50,-20,189,R1C7,,-20000,-50000,-20000,50000,-27000,49000,1
50,-19,189,R1C8,,-19000,-50000,-19000,50000,-27000,49000,1
51,-27,189,R2C0,,-27000,-51000,-27000,51000,-27000,49000,1
51,-26,189,R2C1,,-26000,-51000,-26000,51000,-27000,49000,1
51,-25,189,R2C2,,-25000,-51000,-25000,51000,-27000,49000,1
51,-24,189,R2C3,,-24000,-51000,-24000,51000,-27000,49000,1
51,-23,189,R2C4,,-23000,-51000,-23000,51000,-27000,49000,1
51,-22,189,R2C5,,-22000,-51000,-22000,51000,-27000,49000,1
51,-21,189,R2C6,,-21000,-51000,-21000,51000,-27000,49000,1
51,-20,189,R2C7,,-20000,-51000,-20000,51000,-27000,49000,1
51,-19,189,R2C8,,-19000,-51000,-19000,51000,-27000,49000,1
52,-27,189,R3C0,,-27000,-52000,-27000,52000,-27000,49000,1
52,-26,189,R3C1,,-26000,-52000,-26000,52000,-27000,49000,1
52,-25,189,R3C2,,-25000,-52000,-25000,52000,-27000,49000,1
52,-24,189,R3C3,,-24000,-52000,-24000,52000,-27000,49000,1
52,-23,189,R3C4,,-23000,-52000,-23000,52000,-27000,49000,1
52,-22,189,R3C5,,-22000,-52000,-22000,52000,-27000,49000,1
52,-21,189,R3C6,,-21000,-52000,-21000,52000,-27000,49000,1
52,-20,189,R3C7,,-20000,-52000,-20000,52000,-27000,49000,1
52,-19,189,R3C8,,-19000,-52000,-19000,52000,-27000,49000,1
53,-27,189,R4C0,,-27000,-53000,-27000,53000,-27000,49000,1
53,-26,189,R4C1,,-26000,-53000,-26000,53000,-27000,49000,1
53,-25,189,R4C2,,-25000,-53000,-25000,53000,-27000,49000,1
53,-24,189,R4C3,,-24000,-53000,-24000,53000,-27000,49000,1
53,-23,189,R4C4,,-23000,-53000,-23000,53000,-27000,49000,1
53,-22,189,R4C5,,-22000,-53000,-22000,53000,-27000,49000,1
53,-21,189,R4C6,,-21000,-53000,-21000,53000,-27000,49000,1
53,-20,189,R4C7,,-20000,-53000,-20000,53000,-27000,49000,1
53,-19,189,R4C8,,-19000,-53000,-19000,53000,-27000,49000,1
54,-27,189,R5C0,,-27000,-54000,-27000,54000,-27000,49000,1
54,-26,189,R5C1,,-26000,-54000,-26000,54000,-27000,49000,1
54,-25,189,R5C2,,-25000,-54000,-25000,54000,-27000,49000,1
54,-24,189,R5C3,,-24000,-54000,-24000,54000,-27000,49000,1
54,-23,189,R5C4,,-23000,-54000,-23000,54000,-27000,49000,1
54,-22,189,R5C5,,-22000,-54000,-22000,54000,-27000,49000,1
54,-21,189,R5C6,,-21000,-54000,-21000,54000,-27000,49000,1
54,-20,189,R5C7,,-20000,-54000,-20000,54000,-27000,49000,1
54,-19,189,R5C8,,-19000,-54000,-19000,54000,-27000,49000,1
55,-27,189,R6C0,,-27000,-55000,-27000,55000,-27000,49000,1
55,-26,189,R6C1,,-26000,-55000,-26000,55000,-27000,49000,1
55,-25,189,R6C2,,-25000,-55000,-25000,55000,-27000,49000,1
55,-24,189,R6C3,,-24000,-55000,-24000,55000,-27000,49000,1
55,-23,189,R6C4,,-23000,-55000,-23000,55000,-27000,49000,1
55,-22,189,R6C5,,-22000,-55000,-22000,55000,-27000,49000,1
55,-21,189,R6C6,2-7-10-3,-21000,-55000,-21000,55000,-27000,49000,1
55,-20,189,R6C7,1-7-10-3,-20000,-55000,-20000,55000,-27000,49000,1
55,-19,189,R6C8,,-19000,-55000,-19000,55000,-27000,49000,1
-28,-27,46,R0C0,,-27000,28000,-27000,-28000,-27000,-28000,1
-28,-26,46,R0C1,,-26000,28000,-26000,-28000,-27000,-28000,1
-28,-25,46,R0C2,,-25000,28000,-25000,-28000,-27000,-28000,1
-28,-24,46,R0C3,,-24000,28000,-24000,-28000,-27000,-28000,1
-28,-23,46,R0C4,,-23000,28000,-23000,-28000,-27000,-28000,1
-28,-22,46,R0C5,,-22000,28000,-22000,-28000,-27000,-28000,1
-28,-21,46,R0C6,,-21000,28000,-21000,-28000,-27000,-28000,1
-28,-20,46,R0C7,,-20000,28000,-20000,-28000,-27000,-28000,1
-28,-19,46,R0C8,,-19000,28000,-19000,-28000,-27000,-28000,1
-27,-27,46,R1C0,,-27000,27000,-27000,-27000,-27000,-28000,1
-27,-26,46,R1C1,,-26000,27000,-26000,-27000,-27000,-28000,1
-27,-25,46,R1C2,,-25000,27000,-25000,-27000,-27000,-28000,1
-27,-24,46,R1C3,,-24000,27000,-24000,-27000,-27000,-28000,1
-27,-23,46,R1C4,,-23000,27000,-23000,-27000,-27000,-28000,1
-27,-22,46,R1C5,,-22000,27000,-22000,-27000,-27000,-28000,1
-27,-21,46,R1C6,,-21000,27000,-21000,-27000,-27000,-28000,1
-27,-20,46,R1C7,,-20000,27000,-20000,-27000,-27000,-28000,1
-27,-19,46,R1C8,,-19000,27000,-19000,-27000,-27000,-28000,1
-26,-27,46,R2C0,,-27000,26000,-27000,-26000,-27000,-28000,1
-26,-26,46,R2C1,,-26000,26000,-26000,-26000,-27000,-28000,1
-26,-25,46,R2C2,,-25000,26000,-25000,-26000,-27000,-28000,1
-26,-24,46,R2C3,,-24000,26000,-24000,-26000,-27000,-28000,1
-26,-23,46,R2C4,,-23000,26000,-23000,-26000,-27000,-28000,1
-26,-22,46,R2C5,,-22000,26000,-22000,-26000,-27000,-28000,1
-26,-21,46,R2C6,,-21000,26000,-21000,-26000,-27000,-28000,1
-26,-20,46,R2C7,,-20000,26000,-20000,-26000,-27000,-28000,1
-26,-19,46,R2C8,,-19000,26000,-19000,-26000,-27000,-28000,1
-25,-27,46,R3C0,,-27000,25000,-27000,-25000,-27000,-28000,1
-25,-26,46,R3C1,,-26000,25000,-26000,-25000,-27000,-28000,1
-25,-25,46,R3C2,,-25000,25000,-25000,-25000,-27000,-28000,1
-25,-24,46,R3C3,,-24000,25000,-24000,-25000,-27000,-28000,1
-25,-23,46,R3C4,,-23000,25000,-23000,-25000,-27000,-28000,1
-25,-22,46,R3C5,,-22000,25000,-22000,-25000,-27000,-28000,1
-25,-21,46,R3C6,,-21000,25000,-21000,-25000,-27000,-28000,1
-25,-20,46,R3C7,,-20000,25000,-20000,-25000,-27000,-28000,1
-25,-19,46,R3C8,,-19000,25000,-19000,-25000,-27000,-28000,1
-24,-27,46,R4C0,,-27000,24000,-27000,-24000,-27000,-28000,1
-24,-26,46,R4C1,,-26000,24000,-26000,-24000,-27000,-28000,1
-24,-25,46,R4C2,,-25000,24000,-25000,-24000,-27000,-28000,1
-24,-24,46,R4C3,,-24000,24000,-24000,-24000,-27000,-28000,1
-24,-23,46,R4C4,,-23000,24000,-23000,-24000,-27000,-28000,1
-24,-22,46,R4C5,,-22000,24000,-22000,-24000,-27000,-28000,1
-24,-21,46,R4C6,,-21000,24000,-21000,-24000,-27000,-28000,1
-24,-20,46,R4C7,,-20000,24000,-20000,-24000,-27000,-28000,1
-24,-19,46,R4C8,,-19000,24000,-19000,-24000,-27000,-28000,1
-23,-27,46,R5C0,,-27000,23000,-27000,-23000,-27000,-28000,1
-23,-26,46,R5C1,,-26000,23000,-26000,-23000,-27000,-28000,1
-23,-25,46,R5C2,,-25000,23000,-25000,-23000,-27000,-28000,1
-23,-24,46,R5C3,,-24000,23000,-24000,-23000,-27000,-28000,1
-23,-23,46,R5C4,,-23000,23000,-23000,-23000,-27000,-28000,1
-23,-22,46,R5C5,,-22000,23000,-22000,-23000,-27000,-28000,1
-23,-21,46,R5C6,,-21000,23000,-21000,-23000,-27000,-28000,1
-23,-20,46,R5C7,,-20000,23000,-20000,-23000,-27000,-28000,1
-23,-19,46,R5C8,,-19000,23000,-19000,-23000,-27000,-28000,1
-22,-27,46,R6C0,,-27000,22000,-27000,-22000,-27000,-28000,1
-22,-26,46,R6C1,,-26000,22000,-26000,-22000,-27000,-28000,1
-22,-25,46,R6C2,,-25000,22000,-25000,-22000,-27000,-28000,1
-22,-24,46,R6C3,,-24000,22000,-24000,-22000,-27000,-28000,1
-22,-23,46,R6C4,,-23000,22000,-23000,-22000,-27000,-28000,1
-22,-22,46,R6C5,,-22000,22000,-22000,-22000,-27000,-28000,1
-22,-21,46,R6C6,2-7-10-14,-21000,22000,-21000,-22000,-27000,-28000,1
-22,-20,46,R6C7,1-7-10-14,-20000,22000,-20000,-22000,-27000,-28000,1
-22,-19,46,R6C8,,-19000,22000,-19000,-22000,-27000,-28000,1
-49,-18,14,R0C0,,-18000,49000,-18000,-49000,-18000,-49000,1
-49,-17,14,R0C1,,-17000,49000,-17000,-49000,-18000,-49000,1
-49,-16,14,R0C2,,-16000,49000,-16000,-49000,-18000,-49000,1
-49,-15,14,R0C3,,-15000,49000,-15000,-49000,-18000,-49000,1
-49,-14,14,R0C4,,-14000,49000,-14000,-49000,-18000,-49000,1
-49,-13,14,R0C5,,-13000,49000,-13000,-49000,-18000,-49000,1
-49,-12,14,R0C6,,-12000,49000,-12000,-49000,-18000,-49000,1
-49,-11,14,R0C7,,-11000,49000,-11000,-49000,-18000,-49000,1
-49,-10,14,R0C8,,-10000,49000,-10000,-49000,-18000,-49000,1
-48,-18,14,R1C0,,-18000,48000,-18000,-48000,-18000,-49000,1
-48,-17,14,R1C1,,-17000,48000,-17000,-48000,-18000,-49000,1
-48,-16,14,R1C2,,-16000,48000,-16000,-48000,-18000,-49000,1
-48,-15,14,R1C3,,-15000,48000,-15000,-48000,-18000,-49000,1
-48,-14,14,R1C4,,-14000,48000,-14000,-48000,-18000,-49000,1
-48,-13,14,R1C5,,-13000,48000,-13000,-48000,-18000,-49000,1
-48,-12,14,R1C6,,-12000,48000,-12000,-48000,-18000,-49000,1
-48,-11,14,R1C7,,-11000,48000,-11000,-48000,-18000,-49000,1
-48,-10,14,R1C8,,-10000,48000,-10000,-48000,-18000,-49000,1
-47,-18,14,R2C0,,-18000,47000,-18000,-47000,-18000,-49000,1
-47,-17,14,R2C1,,-17000,47000,-17000,-47000,-18000,-49000,1
-47,-16,14,R2C2,,-16000,47000,-16000,-47000,-18000,-49000,1
-47,-15,14,R2C3,,-15000,47000,-15000,-47000,-18000,-49000,1
-47,-14,14,R2C4,,-14000,47000,-14000,-47000,-18000,-49000,1
-47,-13,14,R2C5,,-13000,47000,-13000,-47000,-18000,-49000,1
-47,-12,14,R2C6,,-12000,47000,-12000,-47000,-18000,-49000,1
-47,-11,14,R2C7,,-11000,47000,-11000,-47000,-18000,-49000,1
-47,-10,14,R2C8,,-10000,47000,-10000,-47000,-18000,-49000,1
-46,-18,14,R3C0,,-18000,46000,-18000,-46000,-18000,-49000,1
-46,-17,14,R3C1,,-17000,46000,-17000,-46000,-18000,-49000,1
-46,-16,14,R3C2,,-16000,46000,-16000,-46000,-18000,-49000,1
-46,-15,14,R3C3,,-15000,46000,-15000,-46000,-18000,-49000,1
-46,-14,14,R3C4,,-14000,46000,-14000,-46000,-18000,-49000,1
-46,-13,14,R3C5,,-13000,46000,-13000,-46000,-18000,-49000,1
-46,-12,14,R3C6,,-12000,46000,-12000,-46000,-18000,-49000,1
-46,-11,14,R3C7,,-11000,46000,-11000,-46000,-18000,-49000,1
-46,-10,14,R3C8,,-10000,46000,-10000,-46000,-18000,-49000,1
-45,-18,14,R4C0,,-18000,45000,-18000,-45000,-18000,-49000,1
-45,-17,14,R4C1,,-17000,45000,-17000,-45000,-18000,-49000,1
-45,-16,14,R4C2,,-16000,45000,-16000,-45000,-18000,-49000,1
-45,-15,14,R4C3,,-15000,45000,-15000,-45000,-18000,-49000,1
-45,-14,14,R4C4,,-14000,45000,-14000,-45000,-18000,-49000,1
-45,-13,14,R4C5,,-13000,45000,-13000,-45000,-18000,-49000,1
-45,-12,14,R4C6,,-12000,45000,-12000,-45000,-18000,-49000,1
-45,-11,14,R4C7,,-11000,45000,-11000,-45000,-18000,-49000,1
-45,-10,14,R4C8,,-10000,45000,-10000,-45000,-18000,-49000,1
-44,-18,14,R5C0,,-18000,44000,-18000,-44000,-18000,-49000,1
-44,-17,14,R5C1,,-17000,44000,-17000,-44000,-18000,-49000,1
-44,-16,14,R5C2,,-16000,44000,-16000,-44000,-18000,-49000,1
-44,-15,14,R5C3,,-15000,44000,-15000,-44000,-18000,-49000,1
-44,-14,14,R5C4,,-14000,44000,-14000,-44000,-18000,-49000,1
-44,-13,14,R5C5,,-13000,44000,-13000,-44000,-18000,-49000,1
-44,-12,14,R5C6,,-12000,44000,-12000,-44000,-18000,-49000,1
-44,-11,14,R5C7,,-11000,44000,-11000,-44000,-18000,-49000,1
-44,-10,14,R5C8,,-10000,44000,-10000,-44000,-18000,-49000,1
-43,-18,14,R6C0,,-18000,43000,-18000,-43000,-18000,-49000,1
-43,-17,14,R6C1,,-17000,43000,-17000,-43000,-18000,-49000,1
-43,-16,14,R6C2,,-16000,43000,-16000,-43000,-18000,-49000,1
-43,-15,14,R6C3,,-15000,43000,-15000,-43000,-18000,-49000,1
-43,-14,14,R6C4,,-14000,43000,-14000,-43000,-18000,-49000,1
-43,-13,14,R6C5,,-13000,43000,-13000,-43000,-18000,-49000,1
-43,-12,14,R6C6,2-7-9-17,-12000,43000,-12000,-43000,-18000,-49000,1
-43,-11,14,R6C7,1-7-9-17,-11000,43000,-11000,-43000,-18000,-49000,1
-43,-10,14,R6C8,,-10000,43000,-10000,-43000,-18000,-49000,1
-14,45,80,R0C0,,45000,14000,45000,-14000,45000,-14000,1
-14,46,80,R0C1,,46000,14000,46000,-14000,45000,-14000,1
-14,47,80,R0C2,,47000,14000,47000,-14000,45000,-14000,1
-14,48,80,R0C3,,48000,14000,48000,-14000,45000,-14000,1
-14,49,80,R0C4,,49000,14000,49000,-14000,45000,-14000,1
-14,50,80,R0C5,,50000,14000,50000,-14000,45000,-14000,1
-14,51,80,R0C6,,51000,14000,51000,-14000,45000,-14000,1
-14,52,80,R0C7,,52000,14000,52000,-14000,45000,-14000,1
-14,53,80,R0C8,,53000,14000,53000,-14000,45000,-14000,1
-13,45,80,R1C0,,45000,13000,45000,-13000,45000,-14000,1
-13,46,80,R1C1,,46000,13000,46000,-13000,45000,-14000,1
-13,47,80,R1C2,,47000,13000,47000,-13000,45000,-14000,1
-13,48,80,R1C3,,48000,13000,48000,-13000,45000,-14000,1
-13,49,80,R1C4,,49000,13000,49000,-13000,45000,-14000,1
-13,50,80,R1C5,,50000,13000,50000,-13000,45000,-14000,1
-13,51,80,R1C6,,51000,13000,51000,-13000,45000,-14000,1
-13,52,80,R1C7,,52000,13000,52000,-13000,45000,-14000,1
-13,53,80,R1C8,,53000,13000,53000,-13000,45000,-14000,1
-12,45,80,R2C0,,45000,12000,45000,-12000,45000,-14000,1
-12,46,80,R2C1,,46000,12000,46000,-12000,45000,-14000,1
-12,47,80,R2C2,,47000,12000,47000,-12000,45000,-14000,1
-12,48,80,R2C3,,48000,12000,48000,-12000,45000,-14000,1
-12,49,80,R2C4,,49000,12000,49000,-12000,45000,-14000,1
-12,50,80,R2C5,,50000,12000,50000,-12000,45000,-14000,1
-12,51,80,R2C6,,51000,12000,51000,-12000,45000,-14000,1
-12,52,80,R2C7,,52000,12000,52000,-12000,45000,-14000,1
-12,53,80,R2C8,,53000,12000,53000,-12000,45000,-14000,1
-11,45,80,R3C0,,45000,11000,45000,-11000,45000,-14000,1
-11,46,80,R3C1,,46000,11000,46000,-11000,45000,-14000,1
-11,47,80,R3C2,,47000,11000,47000,-11000,45000,-14000,1
-11,48,80,R3C3,,48000,11000,48000,-11000,45000,-14000,1
-11,49,80,R3C4,,49000,11000,49000,-11000,45000,-14000,1
-11,50,80,R3C5,,50000,11000,50000,-11000,45000,-14000,1
-11,51,80,R3C6,,51000,11000,51000,-11000,45000,-14000,1
-11,52,80,R3C7,,52000,11000,52000,-11000,45000,-14000,1
-11,53,80,R3C8,,53000,11000,53000,-11000,45000,-14000,1
-10,45,80,R4C0,,45000,10000,45000,-10000,45000,-14000,1
-10,46,80,R4C1,,46000,10000,46000,-10000,45000,-14000,1
-10,47,80,R4C2,,47000,10000,47000,-10000,45000,-14000,1
-10,48,80,R4C3,,48000,10000,48000,-10000,45000,-14000,1
-10,49,80,R4C4,,49000,10000,49000,-10000,45000,-14000,1
-10,50,80,R4C5,,50000,10000,50000,-10000,45000,-14000,1
-10,51,80,R4C6,,51000,10000,51000,-10000,45000,-14000,1
-10,52,80,R4C7,,52000,10000,52000,-10000,45000,-14000,1
-10,53,80,R4C8,,53000,10000,53000,-10000,45000,-14000,1
-9,45,80,R5C0,,45000,9000,45000,-9000,45000,-14000,1
-9,46,80,R5C1,,46000,9000,46000,-9000,45000,-14000,1
-9,47,80,R5C2,,47000,9000,47000,-9000,45000,-14000,1
-9,48,80,R5C3,,48000,9000,48000,-9000,45000,-14000,1
-9,49,80,R5C4,,49000,9000,49000,-9000,45000,-14000,1
-9,50,80,R5C5,,50000,9000,50000,-9000,45000,-14000,1
-9,51,80,R5C6,,51000,9000,51000,-9000,45000,-14000,1
-9,52,80,R5C7,,52000,9000,52000,-9000,45000,-14000,1
-9,53,80,R5C8,,53000,9000,53000,-9000,45000,-14000,1
-8,45,80,R6C0,,45000,8000,45000,-8000,45000,-14000,1
-8,46,80,R6C1,,46000,8000,46000,-8000,45000,-14000,1
-8,47,80,R6C2,,47000,8000,47000,-8000,45000,-14000,1
-8,48,80,R6C3,,48000,8000,48000,-8000,45000,-14000,1
-8,49,80,R6C4,,49000,8000,49000,-8000,45000,-14000,1
-8,50,80,R6C5,,50000,8000,50000,-8000,45000,-14000,1
-8,51,80,R6C6,2-7-2-12,51000,8000,51000,-8000,45000,-14000,1
-8,52,80,R6C7,1-7-2-12,52000,8000,52000,-8000,45000,-14000,1
-8,53,80,R6C8,,53000,8000,53000,-8000,45000,-14000,1
21,-63,139,R0C0,,-63000,-21000,-63000,21000,-63000,21000,1
21,-62,139,R0C1,,-62000,-21000,-62000,21000,-63000,21000,1
21,-61,139,R0C2,,-61000,-21000,-61000,21000,-63000,21000,1
21,-60,139,R0C3,,-60000,-21000,-60000,21000,-63000,21000,1
21,-59,139,R0C4,,-59000,-21000,-59000,21000,-63000,21000,1
21,-58,139,R0C5,,-58000,-21000,-58000,21000,-63000,21000,1
21,-57,139,R0C6,,-57000,-21000,-57000,21000,-63000,21000,1
21,-56,139,R0C7,,-56000,-21000,-56000,21000,-63000,21000,1
21,-55,139,R0C8,,-55000,-21000,-55000,21000,-63000,21000,1
22,-63,139,R1C0,,-63000,-22000,-63000,22000,-63000,21000,1
22,-62,139,R1C1,,-62000,-22000,-62000,22000,-63000,21000,1
22,-61,139,R1C2,,-61000,-22000,-61000,22000,-63000,21000,1
22,-60,139,R1C3,,-60000,-22000,-60000,22000,-63000,21000,1
22,-59,139,R1C4,,-59000,-22000,-59000,22000,-63000,21000,1
22,-58,139,R1C5,,-58000,-22000,-58000,22000,-63000,21000,1
22,-57,139,R1C6,,-57000,-22000,-57000,22000,-63000,21000,1
22,-56,139,R1C7,,-56000,-22000,-56000,22000,-63000,21000,1
22,-55,139,R1C8,,-55000,-22000,-55000,22000,-63000,21000,1
23,-63,139,R2C0,,-63000,-23000,-63000,23000,-63000,21000,1
23,-62,139,R2C1,,-62000,-23000,-62000,23000,-63000,21000,1
23,-61,139,R2C2,,-61000,-23000,-61000,23000,-63000,21000,1
23,-60,139,R2C3,,-60000,-23000,-60000,23000,-63000,21000,1
23,-59,139,R2C4,,-59000,-23000,-59000,23000,-63000,21000,1
23,-58,139,R2C5,,-58000,-23000,-58000,23000,-63000,21000,1
23,-57,139,R2C6,,-57000,-23000,-57000,23000,-63000,21000,1
23,-56,139,R2C7,,-56000,-23000,-56000,23000,-63000,21000,1
23,-55,139,R2C8,,-55000,-23000,-55000,23000,-63000,21000,1
24,-63,139,R3C0,,-63000,-24000,-63000,24000,-63000,21000,1
24,-62,139,R3C1,,-62000,-24000,-62000,24000,-63000,21000,1
24,-61,139,R3C2,,-61000,-24000,-61000,24000,-63000,21000,1
24,-60,139,R3C3,,-60000,-24000,-60000,24000,-63000,21000,1
24,-59,139,R3C4,,-59000,-24000,-59000,24000,-63000,21000,1
24,-58,139,R3C5,,-58000,-24000,-58000,24000,-63000,21000,1
24,-57,139,R3C6,,-57000,-24000,-57000,24000,-63000,21000,1
24,-56,139,R3C7,,-56000,-24000,-56000,24000,-63000,21000,1
24,-55,139,R3C8,,-55000,-24000,-55000,24000,-63000,21000,1
25,-63,139,R4C0,,-63000,-25000,-63000,25000,-63000,21000,1
25,-62,139,R4C1,,-62000,-25000,-62000,25000,-63000,21000,1
25,-61,139,R4C2,,-61000,-25000,-61000,25000,-63000,21000,1
25,-60,139,R4C3,,-60000,-25000,-60000,25000,-63000,21000,1
25,-59,139,R4C4,,-59000,-25000,-59000,25000,-63000,21000,1
25,-58,139,R4C5,,-58000,-25000,-58000,25000,-63000,21000,1
25,-57,139,R4C6,,-57000,-25000,-57000,25000,-63000,21000,1
25,-56,139,R4C7,,-56000,-25000,-56000,25000,-63000,21000,1
25,-55,139,R4C8,,-55000,-25000,-55000,25000,-63000,21000,1
26,-63,139,R5C0,,-63000,-26000,-63000,26000,-63000,21000,1
26,-62,139,R5C1,,-62000,-26000,-62000,26000,-63000,21000,1
26,-61,139,R5C2,,-61000,-26000,-61000,26000,-63000,21000,1
26,-60,139,R5C3,,-60000,-26000,-60000,26000,-63000,21000,1
26,-59,139,R5C4,,-59000,-26000,-59000,26000,-63000,21000,1
26,-58,139,R5C5,,-58000,-26000,-58000,26000,-63000,21000,1
26,-57,139,R5C6,,-57000,-26000,-57000,26000,-63000,21000,1
26,-56,139,R5C7,,-56000,-26000,-56000,26000,-63000,21000,1
26,-55,139,R5C8,,-55000,-26000,-55000,26000,-63000,21000,1
27,-63,139,R6C0,,-63000,-27000,-63000,27000,-63000,21000,1
27,-62,139,R6C1,,-62000,-27000,-62000,27000,-63000,21000,1
27,-61,139,R6C2,,-61000,-27000,-61000,27000,-63000,21000,1
27,-60,139,R6C3,,-60000,-27000,-60000,27000,-63000,21000,1
27,-59,139,R6C4,,-59000,-27000,-59000,27000,-63000,21000,1
27,-58,139,R6C5,,-58000,-27000,-58000,27000,-63000,21000,1
27,-57,139,R6C6,2-7-14-7,-57000,-27000,-57000,27000,-63000,21000,1
27,-56,139,R6C7,1-7-14-7,-56000,-27000,-56000,27000,-63000,21000,1
27,-55,139,R6C8,,-55000,-27000,-55000,27000,-63000,21000,1
-7,54,95,R0C0,,54000,7000,54000,-7000,54000,-7000,1
-7,55,95,R0C1,,55000,7000,55000,-7000,54000,-7000,1
-7,56,95,R0C2,,56000,7000,56000,-7000,54000,-7000,1
-7,57,95,R0C3,,57000,7000,57000,-7000,54000,-7000,1
-7,58,95,R0C4,,58000,7000,58000,-7000,54000,-7000,1
-7,59,95,R0C5,,59000,7000,59000,-7000,54000,-7000,1
-7,60,95,R0C6,,60000,7000,60000,-7000,54000,-7000,1
-7,61,95,R0C7,,61000,7000,61000,-7000,54000,-7000,1
-7,62,95,R0C8,,62000,7000,62000,-7000,54000,-7000,1
-6,54,95,R1C0,,54000,6000,54000,-6000,54000,-7000,1
-6,55,95,R1C1,,55000,6000,55000,-6000,54000,-7000,1
-6,56,95,R1C2,,56000,6000,56000,-6000,54000,-7000,1
-6,57,95,R1C3,,57000,6000,57000,-6000,54000,-7000,1
-6,58,95,R1C4,,58000,6000,58000,-6000,54000,-7000,1
-6,59,95,R1C5,,59000,6000,59000,-6000,54000,-7000,1
-6,60,95,R1C6,,60000,6000,60000,-6000,54000,-7000,1
-6,61,95,R1C7,,61000,6000,61000,-6000,54000,-7000,1
-6,62,95,R1C8,,62000,6000,62000,-6000,54000,-7000,1
-5,54,95,R2C0,,54000,5000,54000,-5000,54000,-7000,1
-5,55,95,R2C1,,55000,5000,55000,-5000,54000,-7000,1
-5,56,95,R2C2,,56000,5000,56000,-5000,54000,-7000,1
-5,57,95,R2C3,,57000,5000,57000,-5000,54000,-7000,1
-5,58,95,R2C4,,58000,5000,58000,-5000,54000,-7000,1
-5,59,95,R2C5,,59000,5000,59000,-5000,54000,-7000,1
-5,60,95,R2C6,,60000,5000,60000,-5000,54000,-7000,1
-5,61,95,R2C7,,61000,5000,61000,-5000,54000,-7000,1
-5,62,95,R2C8,,62000,5000,62000,-5000,54000,-7000,1
-4,54,95,R3C0,,54000,4000,54000,-4000,54000,-7000,1
-4,55,95,R3C1,,55000,4000,55000,-4000,54000,-7000,1
-4,56,95,R3C2,,56000,4000,56000,-4000,54000,-7000,1
-4,57,95,R3C3,,57000,4000,57000,-4000,54000,-7000,1
-4,58,95,R3C4,,58000,4000,58000,-4000,54000,-7000,1
-4,59,95,R3C5,,59000,4000,59000,-4000,54000,-7000,1
-4,60,95,R3C6,,60000,4000,60000,-4000,54000,-7000,1
-4,61,95,R3C7,,61000,4000,61000,-4000,54000,-7000,1
-4,62,95,R3C8,,62000,4000,62000,-4000,54000,-7000,1
-3,54,95,R4C0,,54000,3000,54000,-3000,54000,-7000,1
-3,55,95,R4C1,,55000,3000,55000,-3000,54000,-7000,1
-3,56,95,R4C2,,56000,3000,56000,-3000,54000,-7000,1
-3,57,95,R4C3,,57000,3000,57000,-3000,54000,-7000,1
-3,58,95,R4C4,,58000,3000,58000,-3000,54000,-7000,1
-3,59,95,R4C5,,59000,3000,59000,-3000,54000,-7000,1
-3,60,95,R4C6,,60000,3000,60000,-3000,54000,-7000,1
-3,61,95,R4C7,,61000,3000,61000,-3000,54000,-7000,1
-3,62,95,R4C8,,62000,3000,62000,-3000,54000,-7000,1
-2,54,95,R5C0,,54000,2000,54000,-2000,54000,-7000,1
-2,55,95,R5C1,,55000,2000,55000,-2000,54000,-7000,1
-2,56,95,R5C2,,56000,2000,56000,-2000,54000,-7000,1
-2,57,95,R5C3,,57000,2000,57000,-2000,54000,-7000,1
-2,58,95,R5C4,,58000,2000,58000,-2000,54000,-7000,1
-2,59,95,R5C5,,59000,2000,59000,-2000,54000,-7000,1
-2,60,95,R5C6,,60000,2000,60000,-2000,54000,-7000,1
-2,61,95,R5C7,,61000,2000,61000,-2000,54000,-7000,1
-2,62,95,R5C8,,62000,2000,62000,-2000,54000,-7000,1
-1,54,95,R6C0,,54000,1000,54000,-1000,54000,-7000,1
-1,55,95,R6C1,,55000,1000,55000,-1000,54000,-7000,1
-1,56,95,R6C2,,56000,1000,56000,-1000,54000,-7000,1
-1,57,95,R6C3,,57000,1000,57000,-1000,54000,-7000,1
-1,58,95,R6C4,,58000,1000,58000,-1000,54000,-7000,1
-1,59,95,R6C5,,59000,1000,59000,-1000,54000,-7000,1
-1,60,95,R6C6,2-7-1-11,60000,1000,60000,-1000,54000,-7000,1
-1,61,95,R6C7,1-7-1-11,61000,1000,61000,-1000,54000,-7000,1
-1,62,95,R6C8,,62000,1000,62000,-1000,54000,-7000,1
21,18,148,R0C0,,18000,-21000,18000,21000,18000,21000,1
21,19,148,R0C1,,19000,-21000,19000,21000,18000,21000,1
21,20,148,R0C2,,20000,-21000,20000,21000,18000,21000,1
21,21,148,R0C3,,21000,-21000,21000,21000,18000,21000,1
21,22,148,R0C4,,22000,-21000,22000,21000,18000,21000,1
21,23,148,R0C5,,23000,-21000,23000,21000,18000,21000,1
21,24,148,R0C6,,24000,-21000,24000,21000,18000,21000,1
21,25,148,R0C7,,25000,-21000,25000,21000,18000,21000,1
21,26,148,R0C8,,26000,-21000,26000,21000,18000,21000,1
22,18,148,R1C0,,18000,-22000,18000,22000,18000,21000,1
22,19,148,R1C1,,19000,-22000,19000,22000,18000,21000,1
22,20,148,R1C2,,20000,-22000,20000,22000,18000,21000,1
22,21,148,R1C3,,21000,-22000,21000,22000,18000,21000,1
22,22,148,R1C4,,22000,-22000,22000,22000,18000,21000,1
22,23,148,R1C5,,23000,-22000,23000,22000,18000,21000,1
22,24,148,R1C6,,24000,-22000,24000,22000,18000,21000,1
22,25,148,R1C7,,25000,-22000,25000,22000,18000,21000,1
22,26,148,R1C8,,26000,-22000,26000,22000,18000,21000,1
23,18,148,R2C0,,18000,-23000,18000,23000,18000,21000,1
23,19,148,R2C1,,19000,-23000,19000,23000,18000,21000,1
23,20,148,R2C2,,20000,-23000,20000,23000,18000,21000,1
23,21,148,R2C3,,21000,-23000,21000,23000,18000,21000,1
23,22,148,R2C4,,22000,-23000,22000,23000,18000,21000,1
23,23,148,R2C5,,23000,-23000,23000,23000,18000,21000,1
23,24,148,R2C6,,24000,-23000,24000,23000,18000,21000,1
23,25,148,R2C7,,25000,-23000,25000,23000,18000,21000,1
23,26,148,R2C8,,26000,-23000,26000,23000,18000,21000,1
24,18,148,R3C0,,18000,-24000,18000,24000,18000,21000,1
24,19,148,R3C1,,19000,-24000,19000,24000,18000,21000,1
24,20,148,R3C2,,20000,-24000,20000,24000,18000,21000,1
24,21,148,R3C3,,21000,-24000,21000,24000,18000,21000,1
24,22,148,R3C4,,22000,-24000,22000,24000,18000,21000,1
24,23,148,R3C5,,23000,-24000,23000,24000,18000,21000,1
24,24,148,R3C6,,24000,-24000,24000,24000,18000,21000,1
24,25,148,R3C7,,25000,-24000,25000,24000,18000,21000,1
24,26,148,R3C8,,26000,-24000,26000,24000,18000,21000,1
25,18,148,R4C0,,18000,-25000,18000,25000,18000,21000,1
25,19,148,R4C1,,19000,-25000,19000,25000,18000,21000,1
25,20,148,R4C2,,20000,-25000,20000,25000,18000,21000,1
25,21,148,R4C3,,21000,-25000,21000,25000,18000,21000,1
25,22,148,R4C4,,22000,-25000,22000,25000,18000,21000,1
25,23,148,R4C5,,23000,-25000,23000,25000,18000,21000,1
25,24,148,R4C6,,24000,-25000,24000,25000,18000,21000,1
25,25,148,R4C7,,25000,-25000,25000,25000,18000,21000,1
25,26,148,R4C8,,26000,-25000,26000,25000,18000,21000,1
26,18,148,R5C0,,18000,-26000,18000,26000,18000,21000,1
26,19,148,R5C1,,19000,-26000,19000,26000,18000,21000,1
26,20,148,R5C2,,20000,-26000,20000,26000,18000,21000,1
26,21,148,R5C3,,21000,-26000,21000,26000,18000,21000,1
26,22,148,R5C4,,22000,-26000,22000,26000,18000,21000,1
26,23,148,R5C5,,23000,-26000,23000,26000,18000,21000,1
26,24,148,R5C6,,24000,-26000,24000,26000,18000,21000,1
26,25,148,R5C7,,25000,-26000,25000,26000,18000,21000,1
26,26,148,R5C8,,26000,-26000,26000,26000,18000,21000,1
27,18,148,R6C0,,18000,-27000,18000,27000,18000,21000,1
27,19,148,R6C1,,19000,-27000,19000,27000,18000,21000,1
27,20,148,R6C2,,20000,-27000,20000,27000,18000,21000,1
27,21,148,R6C3,,21000,-27000,21000,27000,18000,21000,1
27,22,148,R6C4,,22000,-27000,22000,27000,18000,21000,1
27,23,148,R6C5,,23000,-27000,23000,27000,18000,21000,1
27,24,148,R6C6,2-7-5-7,24000,-27000,24000,27000,18000,21000,1
27,25,148,R6C7,1-7-5-7,25000,-27000,25000,27000,18000,21000,1
27,26,148,R6C8,,26000,-27000,26000,27000,18000,21000,1
28,9,160,R0C0,,9000,-28000,9000,28000,9000,28000,1
28,10,160,R0C1,,10000,-28000,10000,28000,9000,28000,1
28,11,160,R0C2,,11000,-28000,11000,28000,9000,28000,1
28,12,160,R0C3,,12000,-28000,12000,28000,9000,28000,1
28,13,160,R0C4,,13000,-28000,13000,28000,9000,28000,1
28,14,160,R0C5,,14000,-28000,14000,28000,9000,28000,1
28,15,160,R0C6,,15000,-28000,15000,28000,9000,28000,1
28,16,160,R0C7,,16000,-28000,16000,28000,9000,28000,1
28,17,160,R0C8,,17000,-28000,17000,28000,9000,28000,1
29,9,160,R1C0,,9000,-29000,9000,29000,9000,28000,1
29,10,160,R1C1,,10000,-29000,10000,29000,9000,28000,1
29,11,160,R1C2,,11000,-29000,11000,29000,9000,28000,1
29,12,160,R1C3,,12000,-29000,12000,29000,9000,28000,1
29,13,160,R1C4,,13000,-29000,13000,29000,9000,28000,1
29,14,160,R1C5,,14000,-29000,14000,29000,9000,28000,1
29,15,160,R1C6,,15000,-29000,15000,29000,9000,28000,1
29,16,160,R1C7,,16000,-29000,16000,29000,9000,28000,1
29,17,160,R1C8,,17000,-29000,17000,29000,9000,28000,1
30,9,160,R2C0,,9000,-30000,9000,30000,9000,28000,1
30,10,160,R2C1,,10000,-30000,10000,30000,9000,28000,1
30,11,160,R2C2,,11000,-30000,11000,30000,9000,28000,1
30,12,160,R2C3,,12000,-30000,12000,30000,9000,28000,1
30,13,160,R2C4,,13000,-30000,13000,30000,9000,28000,1
30,14,160,R2C5,,14000,-30000,14000,30000,9000,28000,1
30,15,160,R2C6,,15000,-30000,15000,30000,9000,28000,1
30,16,160,R2C7,,16000,-30000,16000,30000,9000,28000,1
30,17,160,R2C8,,17000,-30000,17000,30000,9000,28000,1
31,9,160,R3C0,,9000,-31000,9000,31000,9000,28000,1
31,10,160,R3C1,,10000,-31000,10000,31000,9000,28000,1
31,11,160,R3C2,,11000,-31000,11000,31000,9000,28000,1
31,12,160,R3C3,,12000,-31000,12000,31000,9000,28000,1
31,13,160,R3C4,,13000,-31000,13000,31000,9000,28000,1
31,14,160,R3C5,,14000,-31000,14000,31000,9000,28000,1
31,15,160,R3C6,,15000,-31000,15000,31000,9000,28000,1
31,16,160,R3C7,,16000,-31000,16000,31000,9000,28000,1
31,17,160,R3C8,,17000,-31000,17000,31000,9000,28000,1
32,9,160,R4C0,,9000,-32000,9000,32000,9000,28000,1
32,10,160,R4C1,,10000,-32000,10000,32000,9000,28000,1
32,11,160,R4C2,,11000,-32000,11000,32000,9000,28000,1
32,12,160,R4C3,,12000,-32000,12000,32000,9000,28000,1
32,13,160,R4C4,,13000,-32000,13000,32000,9000,28000,1
32,14,160,R4C5,,14000,-32000,14000,32000,9000,28000,1
32,15,160,R4C6,,15000,-32000,15000,32000,9000,28000,1
32,16,160,R4C7,,16000,-32000,16000,32000,9000,28000,1
32,17,160,R4C8,,17000,-32000,17000,32000,9000,28000,1
33,9,160,R5C0,,9000,-33000,9000,33000,9000,28000,1
33,10,160,R5C1,,10000,-33000,10000,33000,9000,28000,1
33,11,160,R5C2,,11000,-33000,11000,33000,9000,28000,1
33,12,160,R5C3,,12000,-33000,12000,33000,9000,28000,1
33,13,160,R5C4,,13000,-33000,13000,33000,9000,28000,1
33,14,160,R5C5,,14000,-33000,14000,33000,9000,28000,1
33,15,160,R5C6,,15000,-33000,15000,33000,9000,28000,1
33,16,160,R5C7,,16000,-33000,16000,33000,9000,28000,1
33,17,160,R5C8,,17000,-33000,17000,33000,9000,28000,1
34,9,160,R6C0,,9000,-34000,9000,34000,9000,28000,1
34,10,160,R6C1,,10000,-34000,10000,34000,9000,28000,1
34,11,160,R6C2,,11000,-34000,11000,34000,9000,28000,1
34,12,160,R6C3,,12000,-34000,12000,34000,9000,28000,1
34,13,160,R6C4,,13000,-34000,13000,34000,9000,28000,1
34,14,160,R6C5,,14000,-34000,14000,34000,9000,28000,1
34,15,160,R6C6,2-7-6-6,15000,-34000,15000,34000,9000,28000,1
34,16,160,R6C7,1-7-6-6,16000,-34000,16000,34000,9000,28000,1
34,17,160,R6C8,,17000,-34000,17000,34000,9000,28000,1
-35,-9,36,R0C0,,-9000,35000,-9000,-35000,-9000,-35000,1
-35,-8,36,R0C1,,-8000,35000,-8000,-35000,-9000,-35000,1
-35,-7,36,R0C2,,-7000,35000,-7000,-35000,-9000,-35000,1
-35,-6,36,R0C3,,-6000,35000,-6000,-35000,-9000,-35000,1
-35,-5,36,R0C4,,-5000,35000,-5000,-35000,-9000,-35000,1
-35,-4,36,R0C5,,-4000,35000,-4000,-35000,-9000,-35000,1
-35,-3,36,R0C6,,-3000,35000,-3000,-35000,-9000,-35000,1
-35,-2,36,R0C7,,-2000,35000,-2000,-35000,-9000,-35000,1
-35,-1,36,R0C8,,-1000,35000,-1000,-35000,-9000,-35000,1
-34,-9,36,R1C0,,-9000,34000,-9000,-34000,-9000,-35000,1
-34,-8,36,R1C1,,-8000,34000,-8000,-34000,-9000,-35000,1
-34,-7,36,R1C2,,-7000,34000,-7000,-34000,-9000,-35000,1
-34,-6,36,R1C3,,-6000,34000,-6000,-34000,-9000,-35000,1
-34,-5,36,R1C4,,-5000,34000,-5000,-34000,-9000,-35000,1
-34,-4,36,R1C5,,-4000,34000,-4000,-34000,-9000,-35000,1
-34,-3,36,R1C6,,-3000,34000,-3000,-34000,-9000,-35000,1
-34,-2,36,R1C7,,-2000,34000,-2000,-34000,-9000,-35000,1
-34,-1,36,R1C8,,-1000,34000,-1000,-34000,-9000,-35000,1
-33,-9,36,R2C0,,-9000,33000,-9000,-33000,-9000,-35000,1
-33,-8,36,R2C1,,-8000,33000,-8000,-33000,-9000,-35000,1
-33,-7,36,R2C2,,-7000,33000,-7000,-33000,-9000,-35000,1
-33,-6,36,R2C3,,-6000,33000,-6000,-33000,-9000,-35000,1
-33,-5,36,R2C4,,-5000,33000,-5000,-33000,-9000,-35000,1
-33,-4,36,R2C5,,-4000,33000,-4000,-33000,-9000,-35000,1
-33,-3,36,R2C6,,-3000,33000,-3000,-33000,-9000,-35000,1
-33,-2,36,R2C7,,-2000,33000,-2000,-33000,-9000,-35000,1
-33,-1,36,R2C8,,-1000,33000,-1000,-33000,-9000,-35000,1
-32,-9,36,R3C0,,-9000,32000,-9000,-32000,-9000,-35000,1
-32,-8,36,R3C1,,-8000,32000,-8000,-32000,-9000,-35000,1
-32,-7,36,R3C2,,-7000,32000,-7000,-32000,-9000,-35000,1
-32,-6,36,R3C3,,-6000,32000,-6000,-32000,-9000,-35000,1
-32,-5,36,R3C4,,-5000,32000,-5000,-32000,-9000,-35000,1
-32,-4,36,R3C5,,-4000,32000,-4000,-32000,-9000,-35000,1
-32,-3,36,R3C6,,-3000,32000,-3000,-32000,-9000,-35000,1
-32,-2,36,R3C7,,-2000,32000,-2000,-32000,-9000,-35000,1
-32,-1,36,R3C8,,-1000,32000,-1000,-32000,-9000,-35000,1
-31,-9,36,R4C0,,-9000,31000,-9000,-31000,-9000,-35000,1
-31,-8,36,R4C1,,-8000,31000,-8000,-31000,-9000,-35000,1
-31,-7,36,R4C2,,-7000,31000,-7000,-31000,-9000,-35000,1
-31,-6,36,R4C3,,-6000,31000,-6000,-31000,-9000,-35000,1
-31,-5,36,R4C4,,-5000,31000,-5000,-31000,-9000,-35000,1
-31,-4,36,R4C5,,-4000,31000,-4000,-31000,-9000,-35000,1
-31,-3,36,R4C6,,-3000,31000,-3000,-31000,-9000,-35000,1
-31,-2,36,R4C7,,-2000,31000,-2000,-31000,-9000,-35000,1
-31,-1,36,R4C8,,-1000,31000,-1000,-31000,-9000,-35000,1
-30,-9,36,R5C0,,-9000,30000,-9000,-30000,-9000,-35000,1
-30,-8,36,R5C1,,-8000,30000,-8000,-30000,-9000,-35000,1
-30,-7,36,R5C2,,-7000,30000,-7000,-30000,-9000,-35000,1
-30,-6,36,R5C3,,-6000,30000,-6000,-30000,-9000,-35000,1
-30,-5,36,R5C4,,-5000,30000,-5000,-30000,-9000,-35000,1
-30,-4,36,R5C5,,-4000,30000,-4000,-30000,-9000,-35000,1
-30,-3,36,R5C6,,-3000,30000,-3000,-30000,-9000,-35000,1
-30,-2,36,R5C7,,-2000,30000,-2000,-30000,-9000,-35000,1
-30,-1,36,R5C8,,-1000,30000,-1000,-30000,-9000,-35000,1
-29,-9,36,R6C0,,-9000,29000,-9000,-29000,-9000,-35000,1
-29,-8,36,R6C1,,-8000,29000,-8000,-29000,-9000,-35000,1
-29,-7,36,R6C2,,-7000,29000,-7000,-29000,-9000,-35000,1
-29,-6,36,R6C3,,-6000,29000,-6000,-29000,-9000,-35000,1
-29,-5,36,R6C4,,-5000,29000,-5000,-29000,-9000,-35000,1
-29,-4,36,R6C5,,-4000,29000,-4000,-29000,-9000,-35000,1
-29,-3,36,R6C6,2-7-8-15,-3000,29000,-3000,-29000,-9000,-35000,1
-29,-2,36,R6C7,1-7-8-15,-2000,29000,-2000,-29000,-9000,-35000,1
-29,-1,36,R6C8,,-1000,29000,-1000,-29000,-9000,-35000,1
-21,-45,57,R0C0,,-45000,21000,-45000,-21000,-45000,-21000,1
-21,-44,57,R0C1,,-44000,21000,-44000,-21000,-45000,-21000,1
-21,-43,57,R0C2,,-43000,21000,-43000,-21000,-45000,-21000,1
-21,-42,57,R0C3,,-42000,21000,-42000,-21000,-45000,-21000,1
-21,-41,57,R0C4,,-41000,21000,-41000,-21000,-45000,-21000,1
-21,-40,57,R0C5,,-40000,21000,-40000,-21000,-45000,-21000,1
-21,-39,57,R0C6,,-39000,21000,-39000,-21000,-45000,-21000,1
-21,-38,57,R0C7,,-38000,21000,-38000,-21000,-45000,-21000,1
-21,-37,57,R0C8,,-37000,21000,-37000,-21000,-45000,-21000,1
-20,-45,57,R1C0,,-45000,20000,-45000,-20000,-45000,-21000,1
-20,-44,57,R1C1,,-44000,20000,-44000,-20000,-45000,-21000,1
-20,-43,57,R1C2,,-43000,20000,-43000,-20000,-45000,-21000,1
-20,-42,57,R1C3,,-42000,20000,-42000,-20000,-45000,-21000,1
-20,-41,57,R1C4,,-41000,20000,-41000,-20000,-45000,-21000,1
-20,-40,57,R1C5,,-40000,20000,-40000,-20000,-45000,-21000,1
-20,-39,57,R1C6,,-39000,20000,-39000,-20000,-45000,-21000,1
-20,-38,57,R1C7,,-38000,20000,-38000,-20000,-45000,-21000,1
-20,-37,57,R1C8,,-37000,20000,-37000,-20000,-45000,-21000,1
-19,-45,57,R2C0,,-45000,19000,-45000,-19000,-45000,-21000,1
-19,-44,57,R2C1,,-44000,19000,-44000,-19000,-45000,-21000,1
-19,-43,57,R2C2,,-43000,19000,-43000,-19000,-45000,-21000,1
-19,-42,57,R2C3,,-42000,19000,-42000,-19000,-45000,-21000,1
-19,-41,57,R2C4,,-41000,19000,-41000,-19000,-45000,-21000,1
-19,-40,57,R2C5,,-40000,19000,-40000,-19000,-45000,-21000,1
-19,-39,57,R2C6,,-39000,19000,-39000,-19000,-45000,-21000,1
-19,-38,57,R2C7,,-38000,19000,-38000,-19000,-45000,-21000,1
-19,-37,57,R2C8,,-37000,19000,-37000,-19000,-45000,-21000,1
-18,-45,57,R3C0,,-45000,18000,-45000,-18000,-45000,-21000,1
-18,-44,57,R3C1,,-44000,18000,-44000,-18000,-45000,-21000,1
-18,-43,57,R3C2,,-43000,18000,-43000,-18000,-45000,-21000,1
-18,-42,57,R3C3,,-42000,18000,-42000,-18000,-45000,-21000,1
-18,-41,57,R3C4,,-41000,18000,-41000,-18000,-45000,-21000,1
-18,-40,57,R3C5,,-40000,18000,-40000,-18000,-45000,-21000,1
-18,-39,57,R3C6,,-39000,18000,-39000,-18000,-45000,-21000,1
-18,-38,57,R3C7,,-38000,18000,-38000,-18000,-45000,-21000,1
-18,-37,57,R3C8,,-37000,18000,-37000,-18000,-45000,-21000,1
-17,-45,57,R4C0,,-45000,17000,-45000,-17000,-45000,-21000,1
-17,-44,57,R4C1,,-44000,17000,-44000,-17000,-45000,-21000,1
-17,-43,57,R4C2,,-43000,17000,-43000,-17000,-45000,-21000,1
-17,-42,57,R4C3,,-42000,17000,-42000,-17000,-45000,-21000,1
-17,-41,57,R4C4,,-41000,17000,-41000,-17000,-45000,-21000,1
-17,-40,57,R4C5,,-40000,17000,-40000,-17000,-45000,-21000,1
-17,-39,57,R4C6,,-39000,17000,-39000,-17000,-45000,-21000,1
-17,-38,57,R4C7,,-38000,17000,-38000,-17000,-45000,-21000,1
-17,-37,57,R4C8,,-37000,17000,-37000,-17000,-45000,-21000,1
-16,-45,57,R5C0,,-45000,16000,-45000,-16000,-45000,-21000,1
-16,-44,57,R5C1,,-44000,16000,-44000,-16000,-45000,-21000,1
-16,-43,57,R5C2,,-43000,16000,-43000,-16000,-45000,-21000,1
-16,-42,57,R5C3,,-42000,16000,-42000,-16000,-45000,-21000,1
-16,-41,57,R5C4,,-41000,16000,-41000,-16000,-45000,-21000,1
-16,-40,57,R5C5,,-40000,16000,-40000,-16000,-45000,-21000,1
-16,-39,57,R5C6,,-39000,16000,-39000,-16000,-45000,-21000,1
-16,-38,57,R5C7,,-38000,16000,-38000,-16000,-45000,-21000,1
-16,-37,57,R5C8,,-37000,16000,-37000,-16000,-45000,-21000,1
-15,-45,57,R6C0,,-45000,15000,-45000,-15000,-45000,-21000,1
-15,-44,57,R6C1,,-44000,15000,-44000,-15000,-45000,-21000,1
-15,-43,57,R6C2,,-43000,15000,-43000,-15000,-45000,-21000,1
-15,-42,57,R6C3,,-42000,15000,-42000,-15000,-45000,-21000,1
-15,-41,57,R6C4,,-41000,15000,-41000,-15000,-45000,-21000,1
-15,-40,57,R6C5,,-40000,15000,-40000,-15000,-45000,-21000,1
-15,-39,57,R6C6,2-7-12-13,-39000,15000,-39000,-15000,-45000,-21000,1
-15,-38,57,R6C7,1-7-12-13,-38000,15000,-38000,-15000,-45000,-21000,1
-15,-37,57,R6C8,,-37000,15000,-37000,-15000,-45000,-21000,1
-35,-18,35,R0C0,,-18000,35000,-18000,-35000,-18000,-35000,1
-35,-17,35,R0C1,,-17000,35000,-17000,-35000,-18000,-35000,1
-35,-16,35,R0C2,,-16000,35000,-16000,-35000,-18000,-35000,1
-35,-15,35,R0C3,,-15000,35000,-15000,-35000,-18000,-35000,1
-35,-14,35,R0C4,,-14000,35000,-14000,-35000,-18000,-35000,1
-35,-13,35,R0C5,,-13000,35000,-13000,-35000,-18000,-35000,1
-35,-12,35,R0C6,,-12000,35000,-12000,-35000,-18000,-35000,1
-35,-11,35,R0C7,,-11000,35000,-11000,-35000,-18000,-35000,1
-35,-10,35,R0C8,,-10000,35000,-10000,-35000,-18000,-35000,1
-34,-18,35,R1C0,,-18000,34000,-18000,-34000,-18000,-35000,1
-34,-17,35,R1C1,,-17000,34000,-17000,-34000,-18000,-35000,1
-34,-16,35,R1C2,,-16000,34000,-16000,-34000,-18000,-35000,1
-34,-15,35,R1C3,,-15000,34000,-15000,-34000,-18000,-35000,1
-34,-14,35,R1C4,,-14000,34000,-14000,-34000,-18000,-35000,1
-34,-13,35,R1C5,,-13000,34000,-13000,-34000,-18000,-35000,1
-34,-12,35,R1C6,,-12000,34000,-12000,-34000,-18000,-35000,1
-34,-11,35,R1C7,,-11000,34000,-11000,-34000,-18000,-35000,1
-34,-10,35,R1C8,,-10000,34000,-10000,-34000,-18000,-35000,1
-33,-18,35,R2C0,,-18000,33000,-18000,-33000,-18000,-35000,1
-33,-17,35,R2C1,,-17000,33000,-17000,-33000,-18000,-35000,1
-33,-16,35,R2C2,,-16000,33000,-16000,-33000,-18000,-35000,1
-33,-15,35,R2C3,,-15000,33000,-15000,-33000,-18000,-35000,1
-33,-14,35,R2C4,,-14000,33000,-14000,-33000,-18000,-35000,1
-33,-13,35,R2C5,,-13000,33000,-13000,-33000,-18000,-35000,1
-33,-12,35,R2C6,,-12000,33000,-12000,-33000,-18000,-35000,1
-33,-11,35,R2C7,,-11000,33000,-11000,-33000,-18000,-35000,1
-33,-10,35,R2C8,,-10000,33000,-10000,-33000,-18000,-35000,1
-32,-18,35,R3C0,,-18000,32000,-18000,-32000,-18000,-35000,1
-32,-17,35,R3C1,,-17000,32000,-17000,-32000,-18000,-35000,1
-32,-16,35,R3C2,,-16000,32000,-16000,-32000,-18000,-35000,1
-32,-15,35,R3C3,,-15000,32000,-15000,-32000,-18000,-35000,1
-32,-14,35,R3C4,,-14000,32000,-14000,-32000,-18000,-35000,1
-32,-13,35,R3C5,,-13000,32000,-13000,-32000,-18000,-35000,1
-32,-12,35,R3C6,,-12000,32000,-12000,-32000,-18000,-35000,1
-32,-11,35,R3C7,,-11000,32000,-11000,-32000,-18000,-35000,1
-32,-10,35,R3C8,,-10000,32000,-10000,-32000,-18000,-35000,1
-31,-18,35,R4C0,,-18000,31000,-18000,-31000,-18000,-35000,1
-31,-17,35,R4C1,,-17000,31000,-17000,-31000,-18000,-35000,1
-31,-16,35,R4C2,,-16000,31000,-16000,-31000,-18000,-35000,1
-31,-15,35,R4C3,,-15000,31000,-15000,-31000,-18000,-35000,1
-31,-14,35,R4C4,,-14000,31000,-14000,-31000,-18000,-35000,1
-31,-13,35,R4C5,,-13000,31000,-13000,-31000,-18000,-35000,1
-31,-12,35,R4C6,,-12000,31000,-12000,-31000,-18000,-35000,1
-31,-11,35,R4C7,,-11000,31000,-11000,-31000,-18000,-35000,1
-31,-10,35,R4C8,,-10000,31000,-10000,-31000,-18000,-35000,1
-30,-18,35,R5C0,,-18000,30000,-18000,-30000,-18000,-35000,1
-30,-17,35,R5C1,,-17000,30000,-17000,-30000,-18000,-35000,1
-30,-16,35,R5C2,,-16000,30000,-16000,-30000,-18000,-35000,1
-30,-15,35,R5C3,,-15000,30000,-15000,-30000,-18000,-35000,1
-30,-14,35,R5C4,,-14000,30000,-14000,-30000,-18000,-35000,1
-30,-13,35,R5C5,,-13000,30000,-13000,-30000,-18000,-35000,1
-30,-12,35,R5C6,,-12000,30000,-12000,-30000,-18000,-35000,1
-30,-11,35,R5C7,,-11000,30000,-11000,-30000,-18000,-35000,1
-30,-10,35,R5C8,,-10000,30000,-10000,-30000,-18000,-35000,1
-29,-18,35,R6C0,,-18000,29000,-18000,-29000,-18000,-35000,1
-29,-17,35,R6C1,,-17000,29000,-17000,-29000,-18000,-35000,1
-29,-16,35,R6C2,,-16000,29000,-16000,-29000,-18000,-35000,1
-29,-15,35,R6C3,,-15000,29000,-15000,-29000,-18000,-35000,1
-29,-14,35,R6C4,,-14000,29000,-14000,-29000,-18000,-35000,1
-29,-13,35,R6C5,,-13000,29000,-13000,-29000,-18000,-35000,1
-29,-12,35,R6C6,2-7-9-15,-12000,29000,-12000,-29000,-18000,-35000,1
-29,-11,35,R6C7,1-7-9-15,-11000,29000,-11000,-29000,-18000,-35000,1
-29,-10,35,R6C8,,-10000,29000,-10000,-29000,-18000,-35000,1
-21,36,66,R0C0,,36000,21000,36000,-21000,36000,-21000,1
-21,37,66,R0C1,,37000,21000,37000,-21000,36000,-21000,1
-21,38,66,R0C2,,38000,21000,38000,-21000,36000,-21000,1
-21,39,66,R0C3,,39000,21000,39000,-21000,36000,-21000,1
-21,40,66,R0C4,,40000,21000,40000,-21000,36000,-21000,1
-21,41,66,R0C5,,41000,21000,41000,-21000,36000,-21000,1
-21,42,66,R0C6,,42000,21000,42000,-21000,36000,-21000,1
-21,43,66,R0C7,,43000,21000,43000,-21000,36000,-21000,1
-21,44,66,R0C8,,44000,21000,44000,-21000,36000,-21000,1
-20,36,66,R1C0,,36000,20000,36000,-20000,36000,-21000,1
-20,37,66,R1C1,,37000,20000,37000,-20000,36000,-21000,1
-20,38,66,R1C2,,38000,20000,38000,-20000,36000,-21000,1
-20,39,66,R1C3,,39000,20000,39000,-20000,36000,-21000,1
-20,40,66,R1C4,,40000,20000,40000,-20000,36000,-21000,1
-20,41,66,R1C5,,41000,20000,41000,-20000,36000,-21000,1
-20,42,66,R1C6,,42000,20000,42000,-20000,36000,-21000,1
-20,43,66,R1C7,,43000,20000,43000,-20000,36000,-21000,1
-20,44,66,R1C8,,44000,20000,44000,-20000,36000,-21000,1
-19,36,66,R2C0,,36000,19000,36000,-19000,36000,-21000,1
-19,37,66,R2C1,,37000,19000,37000,-19000,36000,-21000,1
-19,38,66,R2C2,,38000,19000,38000,-19000,36000,-21000,1
-19,39,66,R2C3,,39000,19000,39000,-19000,36000,-21000,1
-19,40,66,R2C4,,40000,19000,40000,-19000,36000,-21000,1
-19,41,66,R2C5,,41000,19000,41000,-19000,36000,-21000,1
-19,42,66,R2C6,,42000,19000,42000,-19000,36000,-21000,1
-19,43,66,R2C7,,43000,19000,43000,-19000,36000,-21000,1
-19,44,66,R2C8,,44000,19000,44000,-19000,36000,-21000,1
-18,36,66,R3C0,,36000,18000,36000,-18000,36000,-21000,1
-18,37,66,R3C1,,37000,18000,37000,-18000,36000,-21000,1
-18,38,66,R3C2,,38000,18000,38000,-18000,36000,-21000,1
-18,39,66,R3C3,,39000,18000,39000,-18000,36000,-21000,1
-18,40,66,R3C4,,40000,18000,40000,-18000,36000,-21000,1
-18,41,66,R3C5,,41000,18000,41000,-18000,36000,-21000,1
-18,42,66,R3C6,,42000,18000,42000,-18000,36000,-21000,1
-18,43,66,R3C7,,43000,18000,43000,-18000,36000,-21000,1
-18,44,66,R3C8,,44000,18000,44000,-18000,36000,-21000,1
-17,36,66,R4C0,,36000,17000,36000,-17000,36000,-21000,1
-17,37,66,R4C1,,37000,17000,37000,-17000,36000,-21000,1
-17,38,66,R4C2,,38000,17000,38000,-17000,36000,-21000,1
-17,39,66,R4C3,,39000,17000,39000,-17000,36000,-21000,1
-17,40,66,R4C4,,40000,17000,40000,-17000,36000,-21000,1
-17,41,66,R4C5,,41000,17000,41000,-17000,36000,-21000,1
-17,42,66,R4C6,,42000,17000,42000,-17000,36000,-21000,1
-17,43,66,R4C7,,43000,17000,43000,-17000,36000,-21000,1
-17,44,66,R4C8,,44000,17000,44000,-17000,36000,-21000,1
-16,36,66,R5C0,,36000,16000,36000,-16000,36000,-21000,1
-16,37,66,R5C1,,37000,16000,37000,-16000,36000,-21000,1
-16,38,66,R5C2,,38000,16000,38000,-16000,36000,-21000,1
-16,39,66,R5C3,,39000,16000,39000,-16000,36000,-21000,1
-16,40,66,R5C4,,40000,16000,40000,-16000,36000,-21000,1
-16,41,66,R5C5,,41000,16000,41000,-16000,36000,-21000,1
-16,42,66,R5C6,,42000,16000,42000,-16000,36000,-21000,1
-16,43,66,R5C7,,43000,16000,43000,-16000,36000,-21000,1
-16,44,66,R5C8,,44000,16000,44000,-16000,36000,-21000,1
-15,36,66,R6C0,,36000,15000,36000,-15000,36000,-21000,1
-15,37,66,R6C1,,37000,15000,37000,-15000,36000,-21000,1
-15,38,66,R6C2,,38000,15000,38000,-15000,36000,-21000,1
-15,39,66,R6C3,,39000,15000,39000,-15000,36000,-21000,1
-15,40,66,R6C4,,40000,15000,40000,-15000,36000,-21000,1
-15,41,66,R6C5,,41000,15000,41000,-15000,36000,-21000,1
-15,42,66,R6C6,2-7-3-13,42000,15000,42000,-15000,36000,-21000,1
-15,43,66,R6C7,1-7-3-13,43000,15000,43000,-15000,36000,-21000,1
-15,44,66,R6C8,,44000,15000,44000,-15000,36000,-21000,1
56,9,201,R0C0,,9000,-56000,9000,56000,9000,56000,1
56,10,201,R0C1,,10000,-56000,10000,56000,9000,56000,1
56,11,201,R0C2,,11000,-56000,11000,56000,9000,56000,1
56,12,201,R0C3,,12000,-56000,12000,56000,9000,56000,1
56,13,201,R0C4,,13000,-56000,13000,56000,9000,56000,1
56,14,201,R0C5,,14000,-56000,14000,56000,9000,56000,1
56,15,201,R0C6,,15000,-56000,15000,56000,9000,56000,1
56,16,201,R0C7,,16000,-56000,16000,56000,9000,56000,1
56,17,201,R0C8,,17000,-56000,17000,56000,9000,56000,1
57,9,201,R1C0,,9000,-57000,9000,57000,9000,56000,1
57,10,201,R1C1,,10000,-57000,10000,57000,9000,56000,1
57,11,201,R1C2,,11000,-57000,11000,57000,9000,56000,1
57,12,201,R1C3,,12000,-57000,12000,57000,9000,56000,1
57,13,201,R1C4,,13000,-57000,13000,57000,9000,56000,1
57,14,201,R1C5,,14000,-57000,14000,57000,9000,56000,1
57,15,201,R1C6,,15000,-57000,15000,57000,9000,56000,1
57,16,201,R1C7,,16000,-57000,16000,57000,9000,56000,1
57,17,201,R1C8,,17000,-57000,17000,57000,9000,56000,1
58,9,201,R2C0,,9000,-58000,9000,58000,9000,56000,1
58,10,201,R2C1,,10000,-58000,10000,58000,9000,56000,1
58,11,201,R2C2,,11000,-58000,11000,58000,9000,56000,1
58,12,201,R2C3,,12000,-58000,12000,58000,9000,56000,1
58,13,201,R2C4,,13000,-58000,13000,58000,9000,56000,1
58,14,201,R2C5,,14000,-58000,14000,58000,9000,56000,1
58,15,201,R2C6,,15000,-58000,15000,58000,9000,56000,1
58,16,201,R2C7,,16000,-58000,16000,58000,9000,56000,1
58,17,201,R2C8,,17000,-58000,17000,58000,9000,56000,1
59,9,201,R3C0,,9000,-59000,9000,59000,9000,56000,1
59,10,201,R3C1,,10000,-59000,10000,59000,9000,56000,1
59,11,201,R3C2,,11000,-59000,11000,59000,9000,56000,1
59,12,201,R3C3,,12000,-59000,12000,59000,9000,56000,1
59,13,201,R3C4,,13000,-59000,13000,59000,9000,56000,1
59,14,201,R3C5,,14000,-59000,14000,59000,9000,56000,1
59,15,201,R3C6,,15000,-59000,15000,59000,9000,56000,1
59,16,201,R3C7,,16000,-59000,16000,59000,9000,56000,1
59,17,201,R3C8,,17000,-59000,17000,59000,9000,56000,1
60,9,201,R4C0,,9000,-60000,9000,60000,9000,56000,1
60,10,201,R4C1,,10000,-60000,10000,60000,9000,56000,1
60,11,201,R4C2,,11000,-60000,11000,60000,9000,56000,1
60,12,201,R4C3,,12000,-60000,12000,60000,9000,56000,1
60,13,201,R4C4,,13000,-60000,13000,60000,9000,56000,1
60,14,201,R4C5,,14000,-60000,14000,60000,9000,56000,1
60,15,201,R4C6,,15000,-60000,15000,60000,9000,56000,1
60,16,201,R4C7,,16000,-60000,16000,60000,9000,56000,1
60,17,201,R4C8,,17000,-60000,17000,60000,9000,56000,1
61,9,201,R5C0,,9000,-61000,9000,61000,9000,56000,1
61,10,201,R5C1,,10000,-61000,10000,61000,9000,56000,1
61,11,201,R5C2,,11000,-61000,11000,61000,9000,56000,1
61,12,201,R5C3,,12000,-61000,12000,61000,9000,56000,1
61,13,201,R5C4,,13000,-61000,13000,61000,9000,56000,1
61,14,201,R5C5,,14000,-61000,14000,61000,9000,56000,1
61,15,201,R5C6,,15000,-61000,15000,61000,9000,56000,1
61,16,201,R5C7,,16000,-61000,16000,61000,9000,56000,1
61,17,201,R5C8,,17000,-61000,17000,61000,9000,56000,1
62,9,201,R6C0,,9000,-62000,9000,62000,9000,56000,1
62,10,201,R6C1,,10000,-62000,10000,62000,9000,56000,1
62,11,201,R6C2,,11000,-62000,11000,62000,9000,56000,1
62,12,201,R6C3,,12000,-62000,12000,62000,9000,56000,1
62,13,201,R6C4,,13000,-62000,13000,62000,9000,56000,1
62,14,201,R6C5,,14000,-62000,14000,62000,9000,56000,1
62,15,201,R6C6,2-7-6-2,15000,-62000,15000,62000,9000,56000,1
62,16,201,R6C7,1-7-6-2,16000,-62000,16000,62000,9000,56000,1
62,17,201,R6C8,,17000,-62000,17000,62000,9000,56000,1
7,-45,114,R0C0,,-45000,-7000,-45000,7000,-45000,7000,1
7,-44,114,R0C1,,-44000,-7000,-44000,7000,-45000,7000,1
7,-43,114,R0C2,,-43000,-7000,-43000,7000,-45000,7000,1
7,-42,114,R0C3,,-42000,-7000,-42000,7000,-45000,7000,1
7,-41,114,R0C4,,-41000,-7000,-41000,7000,-45000,7000,1
7,-40,114,R0C5,,-40000,-7000,-40000,7000,-45000,7000,1
7,-39,114,R0C6,,-39000,-7000,-39000,7000,-45000,7000,1
7,-38,114,R0C7,,-38000,-7000,-38000,7000,-45000,7000,1
7,-37,114,R0C8,,-37000,-7000,-37000,7000,-45000,7000,1
8,-45,114,R1C0,,-45000,-8000,-45000,8000,-45000,7000,1
8,-44,114,R1C1,,-44000,-8000,-44000,8000,-45000,7000,1
8,-43,114,R1C2,,-43000,-8000,-43000,8000,-45000,7000,1
8,-42,114,R1C3,,-42000,-8000,-42000,8000,-45000,7000,1
8,-41,114,R1C4,,-41000,-8000,-41000,8000,-45000,7000,1
8,-40,114,R1C5,,-40000,-8000,-40000,8000,-45000,7000,1
8,-39,114,R1C6,,-39000,-8000,-39000,8000,-45000,7000,1
8,-38,114,R1C7,,-38000,-8000,-38000,8000,-45000,7000,1
8,-37,114,R1C8,,-37000,-8000,-37000,8000,-45000,7000,1
9,-45,114,R2C0,,-45000,-9000,-45000,9000,-45000,7000,1
9,-44,114,R2C1,,-44000,-9000,-44000,9000,-45000,7000,1
9,-43,114,R2C2,,-43000,-9000,-43000,9000,-45000,7000,1
9,-42,114,R2C3,,-42000,-9000,-42000,9000,-45000,7000,1
9,-41,114,R2C4,,-41000,-9000,-41000,9000,-45000,7000,1
9,-40,114,R2C5,,-40000,-9000,-40000,9000,-45000,7000,1
9,-39,114,R2C6,,-39000,-9000,-39000,9000,-45000,7000,1
9,-38,114,R2C7,,-38000,-9000,-38000,9000,-45000,7000,1
9,-37,114,R2C8,,-37000,-9000,-37000,9000,-45000,7000,1
10,-45,114,R3C0,,-45000,-10000,-45000,10000,-45000,7000,1
10,-44,114,R3C1,,-44000,-10000,-44000,10000,-45000,7000,1
10,-43,114,R3C2,,-43000,-10000,-43000,10000,-45000,7000,1
10,-42,114,R3C3,,-42000,-10000,-42000,10000,-45000,7000,1
10,-41,114,R3C4,,-41000,-10000,-41000,10000,-45000,7000,1
10,-40,114,R3C5,,-40000,-10000,-40000,10000,-45000,7000,1
10,-39,114,R3C6,,-39000,-10000,-39000,10000,-45000,7000,1
10,-38,114,R3C7,,-38000,-10000,-38000,10000,-45000,7000,1
10,-37,114,R3C8,,-37000,-10000,-37000,10000,-45000,7000,1
11,-45,114,R4C0,,-45000,-11000,-45000,11000,-45000,7000,1
11,-44,114,R4C1,,-44000,-11000,-44000,11000,-45000,7000,1
11,-43,114,R4C2,,-43000,-11000,-43000,11000,-45000,7000,1
11,-42,114,R4C3,,-42000,-11000,-42000,11000,-45000,7000,1
11,-41,114,R4C4,,-41000,-11000,-41000,11000,-45000,7000,1
11,-40,114,R4C5,,-40000,-11000,-40000,11000,-45000,7000,1
11,-39,114,R4C6,,-39000,-11000,-39000,11000,-45000,7000,1
11,-38,114,R4C7,,-38000,-11000,-38000,11000,-45000,7000,1
11,-37,114,R4C8,,-37000,-11000,-37000,11000,-45000,7000,1
12,-45,114,R5C0,,-45000,-12000,-45000,12000,-45000,7000,1
12,-44,114,R5C1,,-44000,-12000,-44000,12000,-45000,7000,1
12,-43,114,R5C2,,-43000,-12000,-43000,12000,-45000,7000,1
12,-42,114,R5C3,,-42000,-12000,-42000,12000,-45000,7000,1
12,-41,114,R5C4,,-41000,-12000,-41000,12000,-45000,7000,1
12,-40,114,R5C5,,-40000,-12000,-40000,12000,-45000,7000,1
12,-39,114,R5C6,,-39000,-12000,-39000,12000,-45000,7000,1
12,-38,114,R5C7,,-38000,-12000,-38000,12000,-45000,7000,1
12,-37,114,R5C8,,-37000,-12000,-37000,12000,-45000,7000,1
13,-45,114,R6C0,,-45000,-13000,-45000,13000,-45000,7000,1
13,-44,114,R6C1,,-44000,-13000,-44000,13000,-45000,7000,1
13,-43,114,R6C2,,-43000,-13000,-43000,13000,-45000,7000,1
13,-42,114,R6C3,,-42000,-13000,-42000,13000,-45000,7000,1
13,-41,114,R6C4,,-41000,-13000,-41000,13000,-45000,7000,1
13,-40,114,R6C5,,-40000,-13000,-40000,13000,-45000,7000,1
13,-39,114,R6C6,2-7-12-9,-39000,-13000,-39000,13000,-45000,7000,1
13,-38,114,R6C7,1-7-12-9,-38000,-13000,-38000,13000,-45000,7000,1
13,-37,114,R6C8,,-37000,-13000,-37000,13000,-45000,7000,1
14,-54,127,R0C0,,-54000,-14000,-54000,14000,-54000,14000,1
14,-53,127,R0C1,,-53000,-14000,-53000,14000,-54000,14000,1
14,-52,127,R0C2,,-52000,-14000,-52000,14000,-54000,14000,1
14,-51,127,R0C3,,-51000,-14000,-51000,14000,-54000,14000,1
14,-50,127,R0C4,,-50000,-14000,-50000,14000,-54000,14000,1
14,-49,127,R0C5,,-49000,-14000,-49000,14000,-54000,14000,1
14,-48,127,R0C6,,-48000,-14000,-48000,14000,-54000,14000,1
14,-47,127,R0C7,,-47000,-14000,-47000,14000,-54000,14000,1
14,-46,127,R0C8,,-46000,-14000,-46000,14000,-54000,14000,1
15,-54,127,R1C0,,-54000,-15000,-54000,15000,-54000,14000,1
15,-53,127,R1C1,,-53000,-15000,-53000,15000,-54000,14000,1
15,-52,127,R1C2,,-52000,-15000,-52000,15000,-54000,14000,1
15,-51,127,R1C3,,-51000,-15000,-51000,15000,-54000,14000,1
15,-50,127,R1C4,,-50000,-15000,-50000,15000,-54000,14000,1
15,-49,127,R1C5,,-49000,-15000,-49000,15000,-54000,14000,1
15,-48,127,R1C6,,-48000,-15000,-48000,15000,-54000,14000,1
15,-47,127,R1C7,,-47000,-15000,-47000,15000,-54000,14000,1
15,-46,127,R1C8,,-46000,-15000,-46000,15000,-54000,14000,1
16,-54,127,R2C0,,-54000,-16000,-54000,16000,-54000,14000,1
16,-53,127,R2C1,,-53000,-16000,-53000,16000,-54000,14000,1
16,-52,127,R2C2,,-52000,-16000,-52000,16000,-54000,14000,1
16,-51,127,R2C3,,-51000,-16000,-51000,16000,-54000,14000,1
16,-50,127,R2C4,,-50000,-16000,-50000,16000,-54000,14000,1
16,-49,127,R2C5,,-49000,-16000,-49000,16000,-54000,14000,1
16,-48,127,R2C6,,-48000,-16000,-48000,16000,-54000,14000,1
16,-47,127,R2C7,,-47000,-16000,-47000,16000,-54000,14000,1
16,-46,127,R2C8,,-46000,-16000,-46000,16000,-54000,14000,1
17,-54,127,R3C0,,-54000,-17000,-54000,17000,-54000,14000,1
17,-53,127,R3C1,,-53000,-17000,-53000,17000,-54000,14000,1
17,-52,127,R3C2,,-52000,-17000,-52000,17000,-54000,14000,1
17,-51,127,R3C3,,-51000,-17000,-51000,17000,-54000,14000,1
17,-50,127,R3C4,,-50000,-17000,-50000,17000,-54000,14000,1
17,-49,127,R3C5,,-49000,-17000,-49000,17000,-54000,14000,1
17,-48,127,R3C6,,-48000,-17000,-48000,17000,-54000,14000,1
17,-47,127,R3C7,,-47000,-17000,-47000,17000,-54000,14000,1
17,-46,127,R3C8,,-46000,-17000,-46000,17000,-54000,14000,1
18,-54,127,R4C0,,-54000,-18000,-54000,18000,-54000,14000,1
18,-53,127,R4C1,,-53000,-18000,-53000,18000,-54000,14000,1
18,-52,127,R4C2,,-52000,-18000,-52000,18000,-54000,14000,1
18,-51,127,R4C3,,-51000,-18000,-51000,18000,-54000,14000,1
18,-50,127,R4C4,,-50000,-18000,-50000,18000,-54000,14000,1
18,-49,127,R4C5,,-49000,-18000,-49000,18000,-54000,14000,1
18,-48,127,R4C6,,-48000,-18000,-48000,18000,-54000,14000,1
18,-47,127,R4C7,,-47000,-18000,-47000,18000,-54000,14000,1
18,-46,127,R4C8,,-46000,-18000,-46000,18000,-54000,14000,1
19,-54,127,R5C0,,-54000,-19000,-54000,19000,-54000,14000,1
19,-53,127,R5C1,,-53000,-19000,-53000,19000,-54000,14000,1
19,-52,127,R5C2,,-52000,-19000,-52000,19000,-54000,14000,1
19,-51,127,R5C3,,-51000,-19000,-51000,19000,-54000,14000,1
19,-50,127,R5C4,,-50000,-19000,-50000,19000,-54000,14000,1
19,-49,127,R5C5,,-49000,-19000,-49000,19000,-54000,14000,1
19,-48,127,R5C6,,-48000,-19000,-48000,19000,-54000,14000,1
19,-47,127,R5C7,,-47000,-19000,-47000,19000,-54000,14000,1
19,-46,127,R5C8,,-46000,-19000,-46000,19000,-54000,14000,1
20,-54,127,R6C0,,-54000,-20000,-54000,20000,-54000,14000,1
20,-53,127,R6C1,,-53000,-20000,-53000,20000,-54000,14000,1
20,-52,127,R6C2,,-52000,-20000,-52000,20000,-54000,14000,1
20,-51,127,R6C3,,-51000,-20000,-51000,20000,-54000,14000,1
20,-50,127,R6C4,,-50000,-20000,-50000,20000,-54000,14000,1
20,-49,127,R6C5,,-49000,-20000,-49000,20000,-54000,14000,1
20,-48,127,R6C6,2-7-13-8,-48000,-20000,-48000,20000,-54000,14000,1
20,-47,127,R6C7,1-7-13-8,-47000,-20000,-47000,20000,-54000,14000,1
20,-46,127,R6C8,,-46000,-20000,-46000,20000,-54000,14000,1
7,36,123,R0C0,,36000,-7000,36000,7000,36000,7000,1
7,37,123,R0C1,,37000,-7000,37000,7000,36000,7000,1
7,38,123,R0C2,,38000,-7000,38000,7000,36000,7000,1
7,39,123,R0C3,,39000,-7000,39000,7000,36000,7000,1
7,40,123,R0C4,,40000,-7000,40000,7000,36000,7000,1
7,41,123,R0C5,,41000,-7000,41000,7000,36000,7000,1
7,42,123,R0C6,,42000,-7000,42000,7000,36000,7000,1
7,43,123,R0C7,,43000,-7000,43000,7000,36000,7000,1
7,44,123,R0C8,,44000,-7000,44000,7000,36000,7000,1
8,36,123,R1C0,,36000,-8000,36000,8000,36000,7000,1
8,37,123,R1C1,,37000,-8000,37000,8000,36000,7000,1
8,38,123,R1C2,,38000,-8000,38000,8000,36000,7000,1
8,39,123,R1C3,,39000,-8000,39000,8000,36000,7000,1
8,40,123,R1C4,,40000,-8000,40000,8000,36000,7000,1
8,41,123,R1C5,,41000,-8000,41000,8000,36000,7000,1
8,42,123,R1C6,,42000,-8000,42000,8000,36000,7000,1
8,43,123,R1C7,,43000,-8000,43000,8000,36000,7000,1
8,44,123,R1C8,,44000,-8000,44000,8000,36000,7000,1
9,36,123,R2C0,,36000,-9000,36000,9000,36000,7000,1
9,37,123,R2C1,,37000,-9000,37000,9000,36000,7000,1
9,38,123,R2C2,,38000,-9000,38000,9000,36000,7000,1
9,39,123,R2C3,,39000,-9000,39000,9000,36000,7000,1
9,40,123,R2C4,,40000,-9000,40000,9000,36000,7000,1
9,41,123,R2C5,,41000,-9000,41000,9000,36000,7000,1
9,42,123,R2C6,,42000,-9000,42000,9000,36000,7000,1
9,43,123,R2C7,,43000,-9000,43000,9000,36000,7000,1
9,44,123,R2C8,,44000,-9000,44000,9000,36000,7000,1
10,36,123,R3C0,,36000,-10000,36000,10000,36000,7000,1
10,37,123,R3C1,,37000,-10000,37000,10000,36000,7000,1
10,38,123,R3C2,,38000,-10000,38000,10000,36000,7000,1
10,39,123,R3C3,,39000,-10000,39000,10000,36000,7000,1
10,40,123,R3C4,,40000,-10000,40000,10000,36000,7000,1
10,41,123,R3C5,,41000,-10000,41000,10000,36000,7000,1
10,42,123,R3C6,,42000,-10000,42000,10000,36000,7000,1
10,43,123,R3C7,,43000,-10000,43000,10000,36000,7000,1
10,44,123,R3C8,,44000,-10000,44000,10000,36000,7000,1
11,36,123,R4C0,,36000,-11000,36000,11000,36000,7000,1
11,37,123,R4C1,,37000,-11000,37000,11000,36000,7000,1
11,38,123,R4C2,,38000,-11000,38000,11000,36000,7000,1
11,39,123,R4C3,,39000,-11000,39000,11000,36000,7000,1
11,40,123,R4C4,,40000,-11000,40000,11000,36000,7000,1
11,41,123,R4C5,,41000,-11000,41000,11000,36000,7000,1
11,42,123,R4C6,,42000,-11000,42000,11000,36000,7000,1
11,43,123,R4C7,,43000,-11000,43000,11000,36000,7000,1
11,44,123,R4C8,,44000,-11000,44000,11000,36000,7000,1
12,36,123,R5C0,,36000,-12000,36000,12000,36000,7000,1
12,37,123,R5C1,,37000,-12000,37000,12000,36000,7000,1
12,38,123,R5C2,,38000,-12000,38000,12000,36000,7000,1
12,39,123,R5C3,,39000,-12000,39000,12000,36000,7000,1
12,40,123,R5C4,,40000,-12000,40000,12000,36000,7000,1
12,41,123,R5C5,,41000,-12000,41000,12000,36000,7000,1
12,42,123,R5C6,,42000,-12000,42000,12000,36000,7000,1
12,43,123,R5C7,,43000,-12000,43000,12000,36000,7000,1
12,44,123,R5C8,,44000,-12000,44000,12000,36000,7000,1
13,36,123,R6C0,,36000,-13000,36000,13000,36000,7000,1
13,37,123,R6C1,,37000,-13000,37000,13000,36000,7000,1
13,38,123,R6C2,,38000,-13000,38000,13000,36000,7000,1
13,39,123,R6C3,,39000,-13000,39000,13000,36000,7000,1
13,40,123,R6C4,,40000,-13000,40000,13000,36000,7000,1
13,41,123,R6C5,,41000,-13000,41000,13000,36000,7000,1
13,42,123,R6C6,2-7-3-9,42000,-13000,42000,13000,36000,7000,1
13,43,123,R6C7,1-7-3-9,43000,-13000,43000,13000,36000,7000,1
13,44,123,R6C8,,44000,-13000,44000,13000,36000,7000,1
0,54,110,R0C0,,54000,0,54000,0,54000,0,1
0,55,110,R0C1,,55000,0,55000,0,54000,0,1
0,56,110,R0C2,,56000,0,56000,0,54000,0,1
0,57,110,R0C3,,57000,0,57000,0,54000,0,1
0,58,110,R0C4,,58000,0,58000,0,54000,0,1
0,59,110,R0C5,,59000,0,59000,0,54000,0,1
0,60,110,R0C6,,60000,0,60000,0,54000,0,1
0,61,110,R0C7,,61000,0,61000,0,54000,0,1
0,62,110,R0C8,,62000,0,62000,0,54000,0,1
1,54,110,R1C0,,54000,-1000,54000,1000,54000,0,1
1,55,110,R1C1,,55000,-1000,55000,1000,54000,0,1
1,56,110,R1C2,,56000,-1000,56000,1000,54000,0,1
1,57,110,R1C3,,57000,-1000,57000,1000,54000,0,1
1,58,110,R1C4,,58000,-1000,58000,1000,54000,0,1
1,59,110,R1C5,,59000,-1000,59000,1000,54000,0,1
1,60,110,R1C6,,60000,-1000,60000,1000,54000,0,1
1,61,110,R1C7,,61000,-1000,61000,1000,54000,0,1
1,62,110,R1C8,,62000,-1000,62000,1000,54000,0,1
2,54,110,R2C0,,54000,-2000,54000,2000,54000,0,1
2,55,110,R2C1,,55000,-2000,55000,2000,54000,0,1
2,56,110,R2C2,,56000,-2000,56000,2000,54000,0,1
2,57,110,R2C3,,57000,-2000,57000,2000,54000,0,1
2,58,110,R2C4,,58000,-2000,58000,2000,54000,0,1
2,59,110,R2C5,,59000,-2000,59000,2000,54000,0,1
2,60,110,R2C6,,60000,-2000,60000,2000,54000,0,1
2,61,110,R2C7,,61000,-2000,61000,2000,54000,0,1
2,62,110,R2C8,,62000,-2000,62000,2000,54000,0,1
3,54,110,R3C0,,54000,-3000,54000,3000,54000,0,1
3,55,110,R3C1,,55000,-3000,55000,3000,54000,0,1
3,56,110,R3C2,,56000,-3000,56000,3000,54000,0,1
3,57,110,R3C3,,57000,-3000,57000,3000,54000,0,1
3,58,110,R3C4,,58000,-3000,58000,3000,54000,0,1
3,59,110,R3C5,,59000,-3000,59000,3000,54000,0,1
3,60,110,R3C6,,60000,-3000,60000,3000,54000,0,1
3,61,110,R3C7,,61000,-3000,61000,3000,54000,0,1
3,62,110,R3C8,,62000,-3000,62000,3000,54000,0,1
4,54,110,R4C0,,54000,-4000,54000,4000,54000,0,1
4,55,110,R4C1,,55000,-4000,55000,4000,54000,0,1
4,56,110,R4C2,,56000,-4000,56000,4000,54000,0,1
4,57,110,R4C3,,57000,-4000,57000,4000,54000,0,1
4,58,110,R4C4,,58000,-4000,58000,4000,54000,0,1
4,59,110,R4C5,,59000,-4000,59000,4000,54000,0,1
4,60,110,R4C6,,60000,-4000,60000,4000,54000,0,1
4,61,110,R4C7,,61000,-4000,61000,4000,54000,0,1
4,62,110,R4C8,,62000,-4000,62000,4000,54000,0,1
5,54,110,R5C0,,54000,-5000,54000,5000,54000,0,1
5,55,110,R5C1,,55000,-5000,55000,5000,54000,0,1
5,56,110,R5C2,,56000,-5000,56000,5000,54000,0,1
5,57,110,R5C3,,57000,-5000,57000,5000,54000,0,1
5,58,110,R5C4,,58000,-5000,58000,5000,54000,0,1
5,59,110,R5C5,,59000,-5000,59000,5000,54000,0,1
5,60,110,R5C6,,60000,-5000,60000,5000,54000,0,1
5,61,110,R5C7,,61000,-5000,61000,5000,54000,0,1
5,62,110,R5C8,,62000,-5000,62000,5000,54000,0,1
6,54,110,R6C0,,54000,-6000,54000,6000,54000,0,1
6,55,110,R6C1,,55000,-6000,55000,6000,54000,0,1
6,56,110,R6C2,,56000,-6000,56000,6000,54000,0,1
6,57,110,R6C3,,57000,-6000,57000,6000,54000,0,1
6,58,110,R6C4,,58000,-6000,58000,6000,54000,0,1
6,59,110,R6C5,,59000,-6000,59000,6000,54000,0,1
6,60,110,R6C6,2-7-1-10,60000,-6000,60000,6000,54000,0,1
6,61,110,R6C7,1-7-1-10,61000,-6000,61000,6000,54000,0,1
6,62,110,R6C8,,62000,-6000,62000,6000,54000,0,1
14,27,136,R0C0,,27000,-14000,27000,14000,27000,14000,1
14,28,136,R0C1,,28000,-14000,28000,14000,27000,14000,1
14,29,136,R0C2,,29000,-14000,29000,14000,27000,14000,1
14,30,136,R0C3,,30000,-14000,30000,14000,27000,14000,1
14,31,136,R0C4,,31000,-14000,31000,14000,27000,14000,1
14,32,136,R0C5,,32000,-14000,32000,14000,27000,14000,1
14,33,136,R0C6,,33000,-14000,33000,14000,27000,14000,1
14,34,136,R0C7,,34000,-14000,34000,14000,27000,14000,1
14,35,136,R0C8,,35000,-14000,35000,14000,27000,14000,1
15,27,136,R1C0,,27000,-15000,27000,15000,27000,14000,1
15,28,136,R1C1,,28000,-15000,28000,15000,27000,14000,1
15,29,136,R1C2,,29000,-15000,29000,15000,27000,14000,1
15,30,136,R1C3,,30000,-15000,30000,15000,27000,14000,1
15,31,136,R1C4,,31000,-15000,31000,15000,27000,14000,1
15,32,136,R1C5,,32000,-15000,32000,15000,27000,14000,1
15,33,136,R1C6,,33000,-15000,33000,15000,27000,14000,1
15,34,136,R1C7,,34000,-15000,34000,15000,27000,14000,1
15,35,136,R1C8,,35000,-15000,35000,15000,27000,14000,1
16,27,136,R2C0,,27000,-16000,27000,16000,27000,14000,1
16,28,136,R2C1,,28000,-16000,28000,16000,27000,14000,1
16,29,136,R2C2,,29000,-16000,29000,16000,27000,14000,1
16,30,136,R2C3,,30000,-16000,30000,16000,27000,14000,1
16,31,136,R2C4,,31000,-16000,31000,16000,27000,14000,1
16,32,136,R2C5,,32000,-16000,32000,16000,27000,14000,1
16,33,136,R2C6,,33000,-16000,33000,16000,27000,14000,1
16,34,136,R2C7,,34000,-16000,34000,16000,27000,14000,1
16,35,136,R2C8,,35000,-16000,35000,16000,27000,14000,1
17,27,136,R3C0,,27000,-17000,27000,17000,27000,14000,1
17,28,136,R3C1,,28000,-17000,28000,17000,27000,14000,1
17,29,136,R3C2,,29000,-17000,29000,17000,27000,14000,1
17,30,136,R3C3,,30000,-17000,30000,17000,27000,14000,1
17,31,136,R3C4,,31000,-17000,31000,17000,27000,14000,1
17,32,136,R3C5,,32000,-17000,32000,17000,27000,14000,1
17,33,136,R3C6,,33000,-17000,33000,17000,27000,14000,1
17,34,136,R3C7,,34000,-17000,34000,17000,27000,14000,1
17,35,136,R3C8,,35000,-17000,35000,17000,27000,14000,1
18,27,136,R4C0,,27000,-18000,27000,18000,27000,14000,1
18,28,136,R4C1,,28000,-18000,28000,18000,27000,14000,1
18,29,136,R4C2,,29000,-18000,29000,18000,27000,14000,1
18,30,136,R4C3,,30000,-18000,30000,18000,27000,14000,1
18,31,136,R4C4,,31000,-18000,31000,18000,27000,14000,1
18,32,136,R4C5,,32000,-18000,32000,18000,27000,14000,1
18,33,136,R4C6,,33000,-18000,33000,18000,27000,14000,1
18,34,136,R4C7,,34000,-18000,34000,18000,27000,14000,1
18,35,136,R4C8,,35000,-18000,35000,18000,27000,14000,1
19,27,136,R5C0,,27000,-19000,27000,19000,27000,14000,1
19,28,136,R5C1,,28000,-19000,28000,19000,27000,14000,1
19,29,136,R5C2,,29000,-19000,29000,19000,27000,14000,1
19,30,136,R5C3,,30000,-19000,30000,19000,27000,14000,1
19,31,136,R5C4,,31000,-19000,31000,19000,27000,14000,1
19,32,136,R5C5,,32000,-19000,32000,19000,27000,14000,1
19,33,136,R5C6,,33000,-19000,33000,19000,27000,14000,1
19,34,136,R5C7,,34000,-19000,34000,19000,27000,14000,1
19,35,136,R5C8,,35000,-19000,35000,19000,27000,14000,1
20,27,136,R6C0,,27000,-20000,27000,20000,27000,14000,1
20,28,136,R6C1,,28000,-20000,28000,20000,27000,14000,1
20,29,136,R6C2,,29000,-20000,29000,20000,27000,14000,1
20,30,136,R6C3,,30000,-20000,30000,20000,27000,14000,1
20,31,136,R6C4,,31000,-20000,31000,20000,27000,14000,1
20,32,136,R6C5,,32000,-20000,32000,20000,27000,14000,1
20,33,136,R6C6,2-7-4-8,33000,-20000,33000,20000,27000,14000,1
20,34,136,R6C7,1-7-4-8,34000,-20000,34000,20000,27000,14000,1
20,35,136,R6C8,,35000,-20000,35000,20000,27000,14000,1
-49,0,16,R0C0,,0,49000,0,-49000,0,-49000,1
-49,1,16,R0C1,,1000,49000,1000,-49000,0,-49000,1
-49,2,16,R0C2,,2000,49000,2000,-49000,0,-49000,1
-49,3,16,R0C3,,3000,49000,3000,-49000,0,-49000,1
-49,4,16,R0C4,,4000,49000,4000,-49000,0,-49000,1
-49,5,16,R0C5,,5000,49000,5000,-49000,0,-49000,1
-49,6,16,R0C6,,6000,49000,6000,-49000,0,-49000,1
-49,7,16,R0C7,,7000,49000,7000,-49000,0,-49000,1
-49,8,16,R0C8,,8000,49000,8000,-49000,0,-49000,1
-48,0,16,R1C0,,0,48000,0,-48000,0,-49000,1
-48,1,16,R1C1,,1000,48000,1000,-48000,0,-49000,1
-48,2,16,R1C2,,2000,48000,2000,-48000,0,-49000,1
-48,3,16,R1C3,,3000,48000,3000,-48000,0,-49000,1
-48,4,16,R1C4,,4000,48000,4000,-48000,0,-49000,1
-48,5,16,R1C5,,5000,48000,5000,-48000,0,-49000,1
-48,6,16,R1C6,,6000,48000,6000,-48000,0,-49000,1
-48,7,16,R1C7,,7000,48000,7000,-48000,0,-49000,1
-48,8,16,R1C8,,8000,48000,8000,-48000,0,-49000,1
-47,0,16,R2C0,,0,47000,0,-47000,0,-49000,1
-47,1,16,R2C1,,1000,47000,1000,-47000,0,-49000,1
-47,2,16,R2C2,,2000,47000,2000,-47000,0,-49000,1
-47,3,16,R2C3,,3000,47000,3000,-47000,0,-49000,1
-47,4,16,R2C4,,4000,47000,4000,-47000,0,-49000,1
-47,5,16,R2C5,,5000,47000,5000,-47000,0,-49000,1
-47,6,16,R2C6,,6000,47000,6000,-47000,0,-49000,1
-47,7,16,R2C7,,7000,47000,7000,-47000,0,-49000,1
-47,8,16,R2C8,,8000,47000,8000,-47000,0,-49000,1
-46,0,16,R3C0,,0,46000,0,-46000,0,-49000,1
-46,1,16,R3C1,,1000,46000,1000,-46000,0,-49000,1
-46,2,16,R3C2,,2000,46000,2000,-46000,0,-49000,1
-46,3,16,R3C3,,3000,46000,3000,-46000,0,-49000,1
-46,4,16,R3C4,,4000,46000,4000,-46000,0,-49000,1
-46,5,16,R3C5,,5000,46000,5000,-46000,0,-49000,1
-46,6,16,R3C6,,6000,46000,6000,-46000,0,-49000,1
-46,7,16,R3C7,,7000,46000,7000,-46000,0,-49000,1
-46,8,16,R3C8,,8000,46000,8000,-46000,0,-49000,1
-45,0,16,R4C0,,0,45000,0,-45000,0,-49000,1
-45,1,16,R4C1,,1000,45000,1000,-45000,0,-49000,1
-45,2,16,R4C2,,2000,45000,2000,-45000,0,-49000,1
-45,3,16,R4C3,,3000,45000,3000,-45000,0,-49000,1
-45,4,16,R4C4,,4000,45000,4000,-45000,0,-49000,1
-45,5,16,R4C5,,5000,45000,5000,-45000,0,-49000,1
-45,6,16,R4C6,,6000,45000,6000,-45000,0,-49000,1
-45,7,16,R4C7,,7000,45000,7000,-45000,0,-49000,1
-45,8,16,R4C8,,8000,45000,8000,-45000,0,-49000,1
-44,0,16,R5C0,,0,44000,0,-44000,0,-49000,1
-44,1,16,R5C1,,1000,44000,1000,-44000,0,-49000,1
-44,2,16,R5C2,,2000,44000,2000,-44000,0,-49000,1
-44,3,16,R5C3,,3000,44000,3000,-44000,0,-49000,1
-44,4,16,R5C4,,4000,44000,4000,-44000,0,-49000,1
-44,5,16,R5C5,,5000,44000,5000,-44000,0,-49000,1
-44,6,16,R5C6,,6000,44000,6000,-44000,0,-49000,1
-44,7,16,R5C7,,7000,44000,7000,-44000,0,-49000,1
-44,8,16,R5C8,,8000,44000,8000,-44000,0,-49000,1
-43,0,16,R6C0,,0,43000,0,-43000,0,-49000,1
-43,1,16,R6C1,,1000,43000,1000,-43000,0,-49000,1
-43,2,16,R6C2,,2000,43000,2000,-43000,0,-49000,1
-43,3,16,R6C3,,3000,43000,3000,-43000,0,-49000,1
-43,4,16,R6C4,,4000,43000,4000,-43000,0,-49000,1
-43,5,16,R6C5,,5000,43000,5000,-43000,0,-49000,1
-43,6,16,R6C6,2-7-7-17,6000,43000,6000,-43000,0,-49000,1
-43,7,16,R6C7,1-7-7-17,7000,43000,7000,-43000,0,-49000,1
-43,8,16,R6C8,,8000,43000,8000,-43000,0,-49000,1
-14,-36,71,R0C0,,-36000,14000,-36000,-14000,-36000,-14000,1
-14,-35,71,R0C1,,-35000,14000,-35000,-14000,-36000,-14000,1
-14,-34,71,R0C2,,-34000,14000,-34000,-14000,-36000,-14000,1
-14,-33,71,R0C3,,-33000,14000,-33000,-14000,-36000,-14000,1
-14,-32,71,R0C4,,-32000,14000,-32000,-14000,-36000,-14000,1
-14,-31,71,R0C5,,-31000,14000,-31000,-14000,-36000,-14000,1
-14,-30,71,R0C6,,-30000,14000,-30000,-14000,-36000,-14000,1
-14,-29,71,R0C7,,-29000,14000,-29000,-14000,-36000,-14000,1
-14,-28,71,R0C8,,-28000,14000,-28000,-14000,-36000,-14000,1
-13,-36,71,R1C0,,-36000,13000,-36000,-13000,-36000,-14000,1
-13,-35,71,R1C1,,-35000,13000,-35000,-13000,-36000,-14000,1
-13,-34,71,R1C2,,-34000,13000,-34000,-13000,-36000,-14000,1
-13,-33,71,R1C3,,-33000,13000,-33000,-13000,-36000,-14000,1
-13,-32,71,R1C4,,-32000,13000,-32000,-13000,-36000,-14000,1
-13,-31,71,R1C5,,-31000,13000,-31000,-13000,-36000,-14000,1
-13,-30,71,R1C6,,-30000,13000,-30000,-13000,-36000,-14000,1
-13,-29,71,R1C7,,-29000,13000,-29000,-13000,-36000,-14000,1
-13,-28,71,R1C8,,-28000,13000,-28000,-13000,-36000,-14000,1
-12,-36,71,R2C0,,-36000,12000,-36000,-12000,-36000,-14000,1
-12,-35,71,R2C1,,-35000,12000,-35000,-12000,-36000,-14000,1
-12,-34,71,R2C2,,-34000,12000,-34000,-12000,-36000,-14000,1
-12,-33,71,R2C3,,-33000,12000,-33000,-12000,-36000,-14000,1
-12,-32,71,R2C4,,-32000,12000,-32000,-12000,-36000,-14000,1
-12,-31,71,R2C5,,-31000,12000,-31000,-12000,-36000,-14000,1
-12,-30,71,R2C6,,-30000,12000,-30000,-12000,-36000,-14000,1
-12,-29,71,R2C7,,-29000,12000,-29000,-12000,-36000,-14000,1
-12,-28,71,R2C8,,-28000,12000,-28000,-12000,-36000,-14000,1
-11,-36,71,R3C0,,-36000,11000,-36000,-11000,-36000,-14000,1
-11,-35,71,R3C1,,-35000,11000,-35000,-11000,-36000,-14000,1
-11,-34,71,R3C2,,-34000,11000,-34000,-11000,-36000,-14000,1
-11,-33,71,R3C3,,-33000,11000,-33000,-11000,-36000,-14000,1
-11,-32,71,R3C4,,-32000,11000,-32000,-11000,-36000,-14000,1
-11,-31,71,R3C5,,-31000,11000,-31000,-11000,-36000,-14000,1
-11,-30,71,R3C6,,-30000,11000,-30000,-11000,-36000,-14000,1
-11,-29,71,R3C7,,-29000,11000,-29000,-11000,-36000,-14000,1
-11,-28,71,R3C8,,-28000,11000,-28000,-11000,-36000,-14000,1
-10,-36,71,R4C0,,-36000,10000,-36000,-10000,-36000,-14000,1
-10,-35,71,R4C1,,-35000,10000,-35000,-10000,-36000,-14000,1
-10,-34,71,R4C2,,-34000,10000,-34000,-10000,-36000,-14000,1
-10,-33,71,R4C3,,-33000,10000,-33000,-10000,-36000,-14000,1
-10,-32,71,R4C4,,-32000,10000,-32000,-10000,-36000,-14000,1
-10,-31,71,R4C5,,-31000,10000,-31000,-10000,-36000,-14000,1
-10,-30,71,R4C6,,-30000,10000,-30000,-10000,-36000,-14000,1
-10,-29,71,R4C7,,-29000,10000,-29000,-10000,-36000,-14000,1
-10,-28,71,R4C8,,-28000,10000,-28000,-10000,-36000,-14000,1
-9,-36,71,R5C0,,-36000,9000,-36000,-9000,-36000,-14000,1
-9,-35,71,R5C1,,-35000,9000,-35000,-9000,-36000,-14000,1
-9,-34,71,R5C2,,-34000,9000,-34000,-9000,-36000,-14000,1
-9,-33,71,R5C3,,-33000,9000,-33000,-9000,-36000,-14000,1
-9,-32,71,R5C4,,-32000,9000,-32000,-9000,-36000,-14000,1
-9,-31,71,R5C5,,-31000,9000,-31000,-9000,-36000,-14000,1
-9,-30,71,R5C6,,-30000,9000,-30000,-9000,-36000,-14000,1
-9,-29,71,R5C7,,-29000,9000,-29000,-9000,-36000,-14000,1
-9,-28,71,R5C8,,-28000,9000,-28000,-9000,-36000,-14000,1
-8,-36,71,R6C0,,-36000,8000,-36000,-8000,-36000,-14000,1
-8,-35,71,R6C1,,-35000,8000,-35000,-8000,-36000,-14000,1
-8,-34,71,R6C2,,-34000,8000,-34000,-8000,-36000,-14000,1
-8,-33,71,R6C3,,-33000,8000,-33000,-8000,-36000,-14000,1
-8,-32,71,R6C4,,-32000,8000,-32000,-8000,-36000,-14000,1
-8,-31,71,R6C5,,-31000,8000,-31000,-8000,-36000,-14000,1
-8,-30,71,R6C6,2-7-11-12,-30000,8000,-30000,-8000,-36000,-14000,1
-8,-29,71,R6C7,1-7-11-12,-29000,8000,-29000,-8000,-36000,-14000,1
-8,-28,71,R6C8,,-28000,8000,-28000,-8000,-36000,-14000,1
42,27,185,R0C0,,27000,-42000,27000,42000,27000,42000,1
42,28,185,R0C1,,28000,-42000,28000,42000,27000,42000,1
42,29,185,R0C2,,29000,-42000,29000,42000,27000,42000,1
42,30,185,R0C3,,30000,-42000,30000,42000,27000,42000,1
42,31,185,R0C4,,31000,-42000,31000,42000,27000,42000,1
42,32,185,R0C5,,32000,-42000,32000,42000,27000,42000,1
42,33,185,R0C6,,33000,-42000,33000,42000,27000,42000,1
42,34,185,R0C7,,34000,-42000,34000,42000,27000,42000,1
42,35,185,R0C8,,35000,-42000,35000,42000,27000,42000,1
43,27,185,R1C0,,27000,-43000,27000,43000,27000,42000,1
43,28,185,R1C1,,28000,-43000,28000,43000,27000,42000,1
43,29,185,R1C2,,29000,-43000,29000,43000,27000,42000,1
43,30,185,R1C3,,30000,-43000,30000,43000,27000,42000,1
43,31,185,R1C4,,31000,-43000,31000,43000,27000,42000,1
43,32,185,R1C5,,32000,-43000,32000,43000,27000,42000,1
43,33,185,R1C6,,33000,-43000,33000,43000,27000,42000,1
43,34,185,R1C7,,34000,-43000,34000,43000,27000,42000,1
43,35,185,R1C8,,35000,-43000,35000,43000,27000,42000,1
44,27,185,R2C0,,27000,-44000,27000,44000,27000,42000,1
44,28,185,R2C1,,28000,-44000,28000,44000,27000,42000,1
44,29,185,R2C2,,29000,-44000,29000,44000,27000,42000,1
44,30,185,R2C3,,30000,-44000,30000,44000,27000,42000,1
44,31,185,R2C4,,31000,-44000,31000,44000,27000,42000,1
44,32,185,R2C5,,32000,-44000,32000,44000,27000,42000,1
44,33,185,R2C6,,33000,-44000,33000,44000,27000,42000,1
44,34,185,R2C7,,34000,-44000,34000,44000,27000,42000,1
44,35,185,R2C8,,35000,-44000,35000,44000,27000,42000,1
45,27,185,R3C0,,27000,-45000,27000,45000,27000,42000,1
45,28,185,R3C1,,28000,-45000,28000,45000,27000,42000,1
45,29,185,R3C2,,29000,-45000,29000,45000,27000,42000,1
45,30,185,R3C3,,30000,-45000,30000,45000,27000,42000,1
45,31,185,R3C4,,31000,-45000,31000,45000,27000,42000,1
45,32,185,R3C5,,32000,-45000,32000,45000,27000,42000,1
45,33,185,R3C6,,33000,-45000,33000,45000,27000,42000,1
45,34,185,R3C7,,34000,-45000,34000,45000,27000,42000,1
45,35,185,R3C8,,35000,-45000,35000,45000,27000,42000,1
46,27,185,R4C0,,27000,-46000,27000,46000,27000,42000,1
46,28,185,R4C1,,28000,-46000,28000,46000,27000,42000,1
46,29,185,R4C2,,29000,-46000,29000,46000,27000,42000,1
46,30,185,R4C3,,30000,-46000,30000,46000,27000,42000,1
46,31,185,R4C4,,31000,-46000,31000,46000,27000,42000,1
46,32,185,R4C5,,32000,-46000,32000,46000,27000,42000,1
46,33,185,R4C6,,33000,-46000,33000,46000,27000,42000,1
46,34,185,R4C7,,34000,-46000,34000,46000,27000,42000,1
46,35,185,R4C8,,35000,-46000,35000,46000,27000,42000,1
47,27,185,R5C0,,27000,-47000,27000,47000,27000,42000,1
47,28,185,R5C1,,28000,-47000,28000,47000,27000,42000,1
47,29,185,R5C2,,29000,-47000,29000,47000,27000,42000,1
47,30,185,R5C3,,30000,-47000,30000,47000,27000,42000,1
47,31,185,R5C4,,31000,-47000,31000,47000,27000,42000,1
47,32,185,R5C5,,32000,-47000,32000,47000,27000,42000,1
47,33,185,R5C6,,33000,-47000,33000,47000,27000,42000,1
47,34,185,R5C7,,34000,-47000,34000,47000,27000,42000,1
47,35,185,R5C8,,35000,-47000,35000,47000,27000,42000,1
48,27,185,R6C0,,27000,-48000,27000,48000,27000,42000,1
48,28,185,R6C1,,28000,-48000,28000,48000,27000,42000,1
48,29,185,R6C2,,29000,-48000,29000,48000,27000,42000,1
48,30,185,R6C3,,30000,-48000,30000,48000,27000,42000,1
48,31,185,R6C4,,31000,-48000,31000,48000,27000,42000,1
48,32,185,R6C5,,32000,-48000,32000,48000,27000,42000,1
48,33,185,R6C6,2-7-4-4,33000,-48000,33000,48000,27000,42000,1
48,34,185,R6C7,1-7-4-4,34000,-48000,34000,48000,27000,42000,1
48,35,185,R6C8,,35000,-48000,35000,48000,27000,42000,1
21,-45,141,R0C0,,-45000,-21000,-45000,21000,-45000,21000,1
21,-44,141,R0C1,,-44000,-21000,-44000,21000,-45000,21000,1
21,-43,141,R0C2,,-43000,-21000,-43000,21000,-45000,21000,1
21,-42,141,R0C3,,-42000,-21000,-42000,21000,-45000,21000,1
21,-41,141,R0C4,,-41000,-21000,-41000,21000,-45000,21000,1
21,-40,141,R0C5,,-40000,-21000,-40000,21000,-45000,21000,1
21,-39,141,R0C6,,-39000,-21000,-39000,21000,-45000,21000,1
21,-38,141,R0C7,,-38000,-21000,-38000,21000,-45000,21000,1
21,-37,141,R0C8,,-37000,-21000,-37000,21000,-45000,21000,1
22,-45,141,R1C0,,-45000,-22000,-45000,22000,-45000,21000,1
22,-44,141,R1C1,,-44000,-22000,-44000,22000,-45000,21000,1
22,-43,141,R1C2,,-43000,-22000,-43000,22000,-45000,21000,1
22,-42,141,R1C3,,-42000,-22000,-42000,22000,-45000,21000,1
22,-41,141,R1C4,,-41000,-22000,-41000,22000,-45000,21000,1
22,-40,141,R1C5,,-40000,-22000,-40000,22000,-45000,21000,1
22,-39,141,R1C6,,-39000,-22000,-39000,22000,-45000,21000,1
22,-38,141,R1C7,,-38000,-22000,-38000,22000,-45000,21000,1
22,-37,141,R1C8,,-37000,-22000,-37000,22000,-45000,21000,1
23,-45,141,R2C0,,-45000,-23000,-45000,23000,-45000,21000,1
23,-44,141,R2C1,,-44000,-23000,-44000,23000,-45000,21000,1
23,-43,141,R2C2,,-43000,-23000,-43000,23000,-45000,21000,1
23,-42,141,R2C3,,-42000,-23000,-42000,23000,-45000,21000,1
23,-41,141,R2C4,,-41000,-23000,-41000,23000,-45000,21000,1
23,-40,141,R2C5,,-40000,-23000,-40000,23000,-45000,21000,1
23,-39,141,R2C6,,-39000,-23000,-39000,23000,-45000,21000,1
23,-38,141,R2C7,,-38000,-23000,-38000,23000,-45000,21000,1
23,-37,141,R2C8,,-37000,-23000,-37000,23000,-45000,21000,1
24,-45,141,R3C0,,-45000,-24000,-45000,24000,-45000,21000,1
24,-44,141,R3C1,,-44000,-24000,-44000,24000,-45000,21000,1
24,-43,141,R3C2,,-43000,-24000,-43000,24000,-45000,21000,1
24,-42,141,R3C3,,-42000,-24000,-42000,24000,-45000,21000,1
24,-41,141,R3C4,,-41000,-24000,-41000,24000,-45000,21000,1
24,-40,141,R3C5,,-40000,-24000,-40000,24000,-45000,21000,1
24,-39,141,R3C6,,-39000,-24000,-39000,24000,-45000,21000,1
24,-38,141,R3C7,,-38000,-24000,-38000,24000,-45000,21000,1
24,-37,141,R3C8,,-37000,-24000,-37000,24000,-45000,21000,1
25,-45,141,R4C0,,-45000,-25000,-45000,25000,-45000,21000,1
25,-44,141,R4C1,,-44000,-25000,-44000,25000,-45000,21000,1
25,-43,141,R4C2,,-43000,-25000,-43000,25000,-45000,21000,1
25,-42,141,R4C3,,-42000,-25000,-42000,25000,-45000,21000,1
25,-41,141,R4C4,,-41000,-25000,-41000,25000,-45000,21000,1
25,-40,141,R4C5,,-40000,-25000,-40000,25000,-45000,21000,1
25,-39,141,R4C6,,-39000,-25000,-39000,25000,-45000,21000,1
25,-38,141,R4C7,,-38000,-25000,-38000,25000,-45000,21000,1
25,-37,141,R4C8,,-37000,-25000,-37000,25000,-45000,21000,1
26,-45,141,R5C0,,-45000,-26000,-45000,26000,-45000,21000,1
26,-44,141,R5C1,,-44000,-26000,-44000,26000,-45000,21000,1
26,-43,141,R5C2,,-43000,-26000,-43000,26000,-45000,21000,1
26,-42,141,R5C3,,-42000,-26000,-42000,26000,-45000,21000,1
26,-41,141,R5C4,,-41000,-26000,-41000,26000,-45000,21000,1
26,-40,141,R5C5,,-40000,-26000,-40000,26000,-45000,21000,1
26,-39,141,R5C6,,-39000,-26000,-39000,26000,-45000,21000,1
26,-38,141,R5C7,,-38000,-26000,-38000,26000,-45000,21000,1
26,-37,141,R5C8,,-37000,-26000,-37000,26000,-45000,21000,1
27,-45,141,R6C0,,-45000,-27000,-45000,27000,-45000,21000,1
27,-44,141,R6C1,,-44000,-27000,-44000,27000,-45000,21000,1
27,-43,141,R6C2,,-43000,-27000,-43000,27000,-45000,21000,1
27,-42,141,R6C3,,-42000,-27000,-42000,27000,-45000,21000,1
27,-41,141,R6C4,,-41000,-27000,-41000,27000,-45000,21000,1
27,-40,141,R6C5,,-40000,-27000,-40000,27000,-45000,21000,1
27,-39,141,R6C6,2-7-12-7,-39000,-27000,-39000,27000,-45000,21000,1
27,-38,141,R6C7,1-7-12-7,-38000,-27000,-38000,27000,-45000,21000,1
27,-37,141,R6C8,,-37000,-27000,-37000,27000,-45000,21000,1
28,-54,153,R0C0,,-54000,-28000,-54000,28000,-54000,28000,1
28,-53,153,R0C1,,-53000,-28000,-53000,28000,-54000,28000,1
28,-52,153,R0C2,,-52000,-28000,-52000,28000,-54000,28000,1
28,-51,153,R0C3,,-51000,-28000,-51000,28000,-54000,28000,1
28,-50,153,R0C4,,-50000,-28000,-50000,28000,-54000,28000,1
28,-49,153,R0C5,,-49000,-28000,-49000,28000,-54000,28000,1
28,-48,153,R0C6,,-48000,-28000,-48000,28000,-54000,28000,1
28,-47,153,R0C7,,-47000,-28000,-47000,28000,-54000,28000,1
28,-46,153,R0C8,,-46000,-28000,-46000,28000,-54000,28000,1
29,-54,153,R1C0,,-54000,-29000,-54000,29000,-54000,28000,1
29,-53,153,R1C1,,-53000,-29000,-53000,29000,-54000,28000,1
29,-52,153,R1C2,,-52000,-29000,-52000,29000,-54000,28000,1
29,-51,153,R1C3,,-51000,-29000,-51000,29000,-54000,28000,1
29,-50,153,R1C4,,-50000,-29000,-50000,29000,-54000,28000,1
29,-49,153,R1C5,,-49000,-29000,-49000,29000,-54000,28000,1
29,-48,153,R1C6,,-48000,-29000,-48000,29000,-54000,28000,1
29,-47,153,R1C7,,-47000,-29000,-47000,29000,-54000,28000,1
29,-46,153,R1C8,,-46000,-29000,-46000,29000,-54000,28000,1
30,-54,153,R2C0,,-54000,-30000,-54000,30000,-54000,28000,1
30,-53,153,R2C1,,-53000,-30000,-53000,30000,-54000,28000,1
30,-52,153,R2C2,,-52000,-30000,-52000,30000,-54000,28000,1
30,-51,153,R2C3,,-51000,-30000,-51000,30000,-54000,28000,1
30,-50,153,R2C4,,-50000,-30000,-50000,30000,-54000,28000,1
30,-49,153,R2C5,,-49000,-30000,-49000,30000,-54000,28000,1
30,-48,153,R2C6,,-48000,-30000,-48000,30000,-54000,28000,1
30,-47,153,R2C7,,-47000,-30000,-47000,30000,-54000,28000,1
30,-46,153,R2C8,,-46000,-30000,-46000,30000,-54000,28000,1
31,-54,153,R3C0,,-54000,-31000,-54000,31000,-54000,28000,1
31,-53,153,R3C1,,-53000,-31000,-53000,31000,-54000,28000,1
31,-52,153,R3C2,,-52000,-31000,-52000,31000,-54000,28000,1
31,-51,153,R3C3,,-51000,-31000,-51000,31000,-54000,28000,1
31,-50,153,R3C4,,-50000,-31000,-50000,31000,-54000,28000,1
31,-49,153,R3C5,,-49000,-31000,-49000,31000,-54000,28000,1
31,-48,153,R3C6,,-48000,-31000,-48000,31000,-54000,28000,1
31,-47,153,R3C7,,-47000,-31000,-47000,31000,-54000,28000,1
31,-46,153,R3C8,,-46000,-31000,-46000,31000,-54000,28000,1
32,-54,153,R4C0,,-54000,-32000,-54000,32000,-54000,28000,1
32,-53,153,R4C1,,-53000,-32000,-53000,32000,-54000,28000,1
32,-52,153,R4C2,,-52000,-32000,-52000,32000,-54000,28000,1
32,-51,153,R4C3,,-51000,-32000,-51000,32000,-54000,28000,1
32,-50,153,R4C4,,-50000,-32000,-50000,32000,-54000,28000,1
32,-49,153,R4C5,,-49000,-32000,-49000,32000,-54000,28000,1
32,-48,153,R4C6,,-48000,-32000,-48000,32000,-54000,28000,1
32,-47,153,R4C7,,-47000,-32000,-47000,32000,-54000,28000,1
32,-46,153,R4C8,,-46000,-32000,-46000,32000,-54000,28000,1
33,-54,153,R5C0,,-54000,-33000,-54000,33000,-54000,28000,1
33,-53,153,R5C1,,-53000,-33000,-53000,33000,-54000,28000,1
33,-52,153,R5C2,,-52000,-33000,-52000,33000,-54000,28000,1
33,-51,153,R5C3,,-51000,-33000,-51000,33000,-54000,28000,1
33,-50,153,R5C4,,-50000,-33000,-50000,33000,-54000,28000,1
33,-49,153,R5C5,,-49000,-33000,-49000,33000,-54000,28000,1
33,-48,153,R5C6,,-48000,-33000,-48000,33000,-54000,28000,1
33,-47,153,R5C7,,-47000,-33000,-47000,33000,-54000,28000,1
33,-46,153,R5C8,,-46000,-33000,-46000,33000,-54000,28000,1
34,-54,153,R6C0,,-54000,-34000,-54000,34000,-54000,28000,1
34,-53,153,R6C1,,-53000,-34000,-53000,34000,-54000,28000,1
34,-52,153,R6C2,,-52000,-34000,-52000,34000,-54000,28000,1
34,-51,153,R6C3,,-51000,-34000,-51000,34000,-54000,28000,1
34,-50,153,R6C4,,-50000,-34000,-50000,34000,-54000,28000,1
34,-49,153,R6C5,,-49000,-34000,-49000,34000,-54000,28000,1
34,-48,153,R6C6,2-7-13-6,-48000,-34000,-48000,34000,-54000,28000,1
34,-47,153,R6C7,1-7-13-6,-47000,-34000,-47000,34000,-54000,28000,1
34,-46,153,R6C8,,-46000,-34000,-46000,34000,-54000,28000,1
21,36,150,R0C0,,36000,-21000,36000,21000,36000,21000,1
21,37,150,R0C1,,37000,-21000,37000,21000,36000,21000,1
21,38,150,R0C2,,38000,-21000,38000,21000,36000,21000,1
21,39,150,R0C3,,39000,-21000,39000,21000,36000,21000,1
21,40,150,R0C4,,40000,-21000,40000,21000,36000,21000,1
21,41,150,R0C5,,41000,-21000,41000,21000,36000,21000,1
21,42,150,R0C6,,42000,-21000,42000,21000,36000,21000,1
21,43,150,R0C7,,43000,-21000,43000,21000,36000,21000,1
21,44,150,R0C8,,44000,-21000,44000,21000,36000,21000,1
22,36,150,R1C0,,36000,-22000,36000,22000,36000,21000,1
22,37,150,R1C1,,37000,-22000,37000,22000,36000,21000,1
22,38,150,R1C2,,38000,-22000,38000,22000,36000,21000,1
22,39,150,R1C3,,39000,-22000,39000,22000,36000,21000,1
22,40,150,R1C4,,40000,-22000,40000,22000,36000,21000,1
22,41,150,R1C5,,41000,-22000,41000,22000,36000,21000,1
22,42,150,R1C6,,42000,-22000,42000,22000,36000,21000,1
22,43,150,R1C7,,43000,-22000,43000,22000,36000,21000,1
22,44,150,R1C8,,44000,-22000,44000,22000,36000,21000,1
23,36,150,R2C0,,36000,-23000,36000,23000,36000,21000,1
23,37,150,R2C1,,37000,-23000,37000,23000,36000,21000,1
23,38,150,R2C2,,38000,-23000,38000,23000,36000,21000,1
23,39,150,R2C3,,39000,-23000,39000,23000,36000,21000,1
23,40,150,R2C4,,40000,-23000,40000,23000,36000,21000,1
23,41,150,R2C5,,41000,-23000,41000,23000,36000,21000,1
23,42,150,R2C6,,42000,-23000,42000,23000,36000,21000,1
23,43,150,R2C7,,43000,-23000,43000,23000,36000,21000,1
23,44,150,R2C8,,44000,-23000,44000,23000,36000,21000,1
24,36,150,R3C0,,36000,-24000,36000,24000,36000,21000,1
24,37,150,R3C1,,37000,-24000,37000,24000,36000,21000,1
24,38,150,R3C2,,38000,-24000,38000,24000,36000,21000,1
24,39,150,R3C3,,39000,-24000,39000,24000,36000,21000,1
24,40,150,R3C4,,40000,-24000,40000,24000,36000,21000,1
24,41,150,R3C5,,41000,-24000,41000,24000,36000,21000,1
24,42,150,R3C6,,42000,-24000,42000,24000,36000,21000,1
24,43,150,R3C7,,43000,-24000,43000,24000,36000,21000,1
24,44,150,R3C8,,44000,-24000,44000,24000,36000,21000,1
25,36,150,R4C0,,36000,-25000,36000,25000,36000,21000,1
25,37,150,R4C1,,37000,-25000,37000,25000,36000,21000,1
25,38,150,R4C2,,38000,-25000,38000,25000,36000,21000,1
25,39,150,R4C3,,39000,-25000,39000,25000,36000,21000,1
25,40,150,R4C4,,40000,-25000,40000,25000,36000,21000,1
25,41,150,R4C5,,41000,-25000,41000,25000,36000,21000,1
25,42,150,R4C6,,42000,-25000,42000,25000,36000,21000,1
25,43,150,R4C7,,43000,-25000,43000,25000,36000,21000,1
25,44,150,R4C8,,44000,-25000,44000,25000,36000,21000,1
26,36,150,R5C0,,36000,-26000,36000,26000,36000,21000,1
26,37,150,R5C1,,37000,-26000,37000,26000,36000,21000,1
26,38,150,R5C2,,38000,-26000,38000,26000,36000,21000,1
26,39,150,R5C3,,39000,-26000,39000,26000,36000,21000,1
26,40,150,R5C4,,40000,-26000,40000,26000,36000,21000,1
26,41,150,R5C5,,41000,-26000,41000,26000,36000,21000,1
26,42,150,R5C6,,42000,-26000,42000,26000,36000,21000,1
26,43,150,R5C7,,43000,-26000,43000,26000,36000,21000,1
26,44,150,R5C8,,44000,-26000,44000,26000,36000,21000,1
27,36,150,R6C0,,36000,-27000,36000,27000,36000,21000,1
27,37,150,R6C1,,37000,-27000,37000,27000,36000,21000,1
27,38,150,R6C2,,38000,-27000,38000,27000,36000,21000,1
27,39,150,R6C3,,39000,-27000,39000,27000,36000,21000,1
27,40,150,R6C4,,40000,-27000,40000,27000,36000,21000,1
27,41,150,R6C5,,41000,-27000,41000,27000,36000,21000,1
27,42,150,R6C6,2-7-3-7,42000,-27000,42000,27000,36000,21000,1
27,43,150,R6C7,1-7-3-7,43000,-27000,43000,27000,36000,21000,1
27,44,150,R6C8,,44000,-27000,44000,27000,36000,21000,1
28,27,162,R0C0,,27000,-28000,27000,28000,27000,28000,1
28,28,162,R0C1,,28000,-28000,28000,28000,27000,28000,1
28,29,162,R0C2,,29000,-28000,29000,28000,27000,28000,1
28,30,162,R0C3,,30000,-28000,30000,28000,27000,28000,1
28,31,162,R0C4,,31000,-28000,31000,28000,27000,28000,1
28,32,162,R0C5,,32000,-28000,32000,28000,27000,28000,1
28,33,162,R0C6,,33000,-28000,33000,28000,27000,28000,1
28,34,162,R0C7,,34000,-28000,34000,28000,27000,28000,1
28,35,162,R0C8,,35000,-28000,35000,28000,27000,28000,1
29,27,162,R1C0,,27000,-29000,27000,29000,27000,28000,1
29,28,162,R1C1,,28000,-29000,28000,29000,27000,28000,1
29,29,162,R1C2,,29000,-29000,29000,29000,27000,28000,1
29,30,162,R1C3,,30000,-29000,30000,29000,27000,28000,1
29,31,162,R1C4,,31000,-29000,31000,29000,27000,28000,1
29,32,162,R1C5,,32000,-29000,32000,29000,27000,28000,1
29,33,162,R1C6,,33000,-29000,33000,29000,27000,28000,1
29,34,162,R1C7,,34000,-29000,34000,29000,27000,28000,1
29,35,162,R1C8,,35000,-29000,35000,29000,27000,28000,1
30,27,162,R2C0,,27000,-30000,27000,30000,27000,28000,1
30,28,162,R2C1,,28000,-30000,28000,30000,27000,28000,1
30,29,162,R2C2,,29000,-30000,29000,30000,27000,28000,1
30,30,162,R2C3,,30000,-30000,30000,30000,27000,28000,1
30,31,162,R2C4,,31000,-30000,31000,30000,27000,28000,1
30,32,162,R2C5,,32000,-30000,32000,30000,27000,28000,1
30,33,162,R2C6,,33000,-30000,33000,30000,27000,28000,1
30,34,162,R2C7,,34000,-30000,34000,30000,27000,28000,1
30,35,162,R2C8,,35000,-30000,35000,30000,27000,28000,1
31,27,162,R3C0,,27000,-31000,27000,31000,27000,28000,1
31,28,162,R3C1,,28000,-31000,28000,31000,27000,28000,1
31,29,162,R3C2,,29000,-31000,29000,31000,27000,28000,1
31,30,162,R3C3,,30000,-31000,30000,31000,27000,28000,1
31,31,162,R3C4,,31000,-31000,31000,31000,27000,28000,1
31,32,162,R3C5,,32000,-31000,32000,31000,27000,28000,1
31,33,162,R3C6,,33000,-31000,33000,31000,27000,28000,1
31,34,162,R3C7,,34000,-31000,34000,31000,27000,28000,1
31,35,162,R3C8,,35000,-31000,35000,31000,27000,28000,1
32,27,162,R4C0,,27000,-32000,27000,32000,27000,28000,1
32,28,162,R4C1,,28000,-32000,28000,32000,27000,28000,1
32,29,162,R4C2,,29000,-32000,29000,32000,27000,28000,1
32,30,162,R4C3,,30000,-32000,30000,32000,27000,28000,1
32,31,162,R4C4,,31000,-32000,31000,32000,27000,28000,1
32,32,162,R4C5,,32000,-32000,32000,32000,27000,28000,1
32,33,162,R4C6,,33000,-32000,33000,32000,27000,28000,1
32,34,162,R4C7,,34000,-32000,34000,32000,27000,28000,1
32,35,162,R4C8,,35000,-32000,35000,32000,27000,28000,1
33,27,162,R5C0,,27000,-33000,27000,33000,27000,28000,1
33,28,162,R5C1,,28000,-33000,28000,33000,27000,28000,1
33,29,162,R5C2,,29000,-33000,29000,33000,27000,28000,1
33,30,162,R5C3,,30000,-33000,30000,33000,27000,28000,1
33,31,162,R5C4,,31000,-33000,31000,33000,27000,28000,1
33,32,162,R5C5,,32000,-33000,32000,33000,27000,28000,1
33,33,162,R5C6,,33000,-33000,33000,33000,27000,28000,1
33,34,162,R5C7,,34000,-33000,34000,33000,27000,28000,1
33,35,162,R5C8,,35000,-33000,35000,33000,27000,28000,1
34,27,162,R6C0,,27000,-34000,27000,34000,27000,28000,1
34,28,162,R6C1,,28000,-34000,28000,34000,27000,28000,1
34,29,162,R6C2,,29000,-34000,29000,34000,27000,28000,1
34,30,162,R6C3,,30000,-34000,30000,34000,27000,28000,1
34,31,162,R6C4,,31000,-34000,31000,34000,27000,28000,1
34,32,162,R6C5,,32000,-34000,32000,34000,27000,28000,1
34,33,162,R6C6,2-7-4-6,33000,-34000,33000,34000,27000,28000,1
34,34,162,R6C7,1-7-4-6,34000,-34000,34000,34000,27000,28000,1
34,35,162,R6C8,,35000,-34000,35000,34000,27000,28000,1
-35,0,37,R0C0,,0,35000,0,-35000,0,-35000,1
-35,1,37,R0C1,,1000,35000,1000,-35000,0,-35000,1
-35,2,37,R0C2,,2000,35000,2000,-35000,0,-35000,1
-35,3,37,R0C3,,3000,35000,3000,-35000,0,-35000,1
-35,4,37,R0C4,,4000,35000,4000,-35000,0,-35000,1
-35,5,37,R0C5,,5000,35000,5000,-35000,0,-35000,1
-35,6,37,R0C6,,6000,35000,6000,-35000,0,-35000,1
-35,7,37,R0C7,,7000,35000,7000,-35000,0,-35000,1
-35,8,37,R0C8,,8000,35000,8000,-35000,0,-35000,1
-34,0,37,R1C0,,0,34000,0,-34000,0,-35000,1
-34,1,37,R1C1,,1000,34000,1000,-34000,0,-35000,1
-34,2,37,R1C2,,2000,34000,2000,-34000,0,-35000,1
-34,3,37,R1C3,,3000,34000,3000,-34000,0,-35000,1
-34,4,37,R1C4,,4000,34000,4000,-34000,0,-35000,1
-34,5,37,R1C5,,5000,34000,5000,-34000,0,-35000,1
-34,6,37,R1C6,,6000,34000,6000,-34000,0,-35000,1
-34,7,37,R1C7,,7000,34000,7000,-34000,0,-35000,1
-34,8,37,R1C8,,8000,34000,8000,-34000,0,-35000,1
-33,0,37,R2C0,,0,33000,0,-33000,0,-35000,1
-33,1,37,R2C1,,1000,33000,1000,-33000,0,-35000,1
-33,2,37,R2C2,,2000,33000,2000,-33000,0,-35000,1
-33,3,37,R2C3,,3000,33000,3000,-33000,0,-35000,1
-33,4,37,R2C4,,4000,33000,4000,-33000,0,-35000,1
-33,5,37,R2C5,,5000,33000,5000,-33000,0,-35000,1
-33,6,37,R2C6,,6000,33000,6000,-33000,0,-35000,1
-33,7,37,R2C7,,7000,33000,7000,-33000,0,-35000,1
-33,8,37,R2C8,,8000,33000,8000,-33000,0,-35000,1
-32,0,37,R3C0,,0,32000,0,-32000,0,-35000,1
-32,1,37,R3C1,,1000,32000,1000,-32000,0,-35000,1
-32,2,37,R3C2,,2000,32000,2000,-32000,0,-35000,1
-32,3,37,R3C3,,3000,32000,3000,-32000,0,-35000,1
-32,4,37,R3C4,,4000,32000,4000,-32000,0,-35000,1
-32,5,37,R3C5,,5000,32000,5000,-32000,0,-35000,1
-32,6,37,R3C6,,6000,32000,6000,-32000,0,-35000,1
-32,7,37,R3C7,,7000,32000,7000,-32000,0,-35000,1
-32,8,37,R3C8,,8000,32000,8000,-32000,0,-35000,1
-31,0,37,R4C0,,0,31000,0,-31000,0,-35000,1
-31,1,37,R4C1,,1000,31000,1000,-31000,0,-35000,1
-31,2,37,R4C2,,2000,31000,2000,-31000,0,-35000,1
-31,3,37,R4C3,,3000,31000,3000,-31000,0,-35000,1
-31,4,37,R4C4,,4000,31000,4000,-31000,0,-35000,1
-31,5,37,R4C5,,5000,31000,5000,-31000,0,-35000,1
-31,6,37,R4C6,,6000,31000,6000,-31000,0,-35000,1
-31,7,37,R4C7,,7000,31000,7000,-31000,0,-35000,1
-31,8,37,R4C8,,8000,31000,8000,-31000,0,-35000,1
-30,0,37,R5C0,,0,30000,0,-30000,0,-35000,1
-30,1,37,R5C1,,1000,30000,1000,-30000,0,-35000,1
-30,2,37,R5C2,,2000,30000,2000,-30000,0,-35000,1
-30,3,37,R5C3,,3000,30000,3000,-30000,0,-35000,1
-30,4,37,R5C4,,4000,30000,4000,-30000,0,-35000,1
-30,5,37,R5C5,,5000,30000,5000,-30000,0,-35000,1
-30,6,37,R5C6,,6000,30000,6000,-30000,0,-35000,1
-30,7,37,R5C7,,7000,30000,7000,-30000,0,-35000,1
-30,8,37,R5C8,,8000,30000,8000,-30000,0,-35000,1
-29,0,37,R6C0,,0,29000,0,-29000,0,-35000,1
-29,1,37,R6C1,,1000,29000,1000,-29000,0,-35000,1
-29,2,37,R6C2,,2000,29000,2000,-29000,0,-35000,1
-29,3,37,R6C3,,3000,29000,3000,-29000,0,-35000,1
-29,4,37,R6C4,,4000,29000,4000,-29000,0,-35000,1
-29,5,37,R6C5,,5000,29000,5000,-29000,0,-35000,1
-29,6,37,R6C6,2-7-7-15,6000,29000,6000,-29000,0,-35000,1
-29,7,37,R6C7,1-7-7-15,7000,29000,7000,-29000,0,-35000,1
-29,8,37,R6C8,,8000,29000,8000,-29000,0,-35000,1
-21,-27,59,R0C0,,-27000,21000,-27000,-21000,-27000,-21000,1
-21,-26,59,R0C1,,-26000,21000,-26000,-21000,-27000,-21000,1
-21,-25,59,R0C2,,-25000,21000,-25000,-21000,-27000,-21000,1
-21,-24,59,R0C3,,-24000,21000,-24000,-21000,-27000,-21000,1
-21,-23,59,R0C4,,-23000,21000,-23000,-21000,-27000,-21000,1
-21,-22,59,R0C5,,-22000,21000,-22000,-21000,-27000,-21000,1
-21,-21,59,R0C6,,-21000,21000,-21000,-21000,-27000,-21000,1
-21,-20,59,R0C7,,-20000,21000,-20000,-21000,-27000,-21000,1
-21,-19,59,R0C8,,-19000,21000,-19000,-21000,-27000,-21000,1
-20,-27,59,R1C0,,-27000,20000,-27000,-20000,-27000,-21000,1
-20,-26,59,R1C1,,-26000,20000,-26000,-20000,-27000,-21000,1
-20,-25,59,R1C2,,-25000,20000,-25000,-20000,-27000,-21000,1
-20,-24,59,R1C3,,-24000,20000,-24000,-20000,-27000,-21000,1
-20,-23,59,R1C4,,-23000,20000,-23000,-20000,-27000,-21000,1
-20,-22,59,R1C5,,-22000,20000,-22000,-20000,-27000,-21000,1
-20,-21,59,R1C6,,-21000,20000,-21000,-20000,-27000,-21000,1
-20,-20,59,R1C7,,-20000,20000,-20000,-20000,-27000,-21000,1
-20,-19,59,R1C8,,-19000,20000,-19000,-20000,-27000,-21000,1
-19,-27,59,R2C0,,-27000,19000,-27000,-19000,-27000,-21000,1
-19,-26,59,R2C1,,-26000,19000,-26000,-19000,-27000,-21000,1
-19,-25,59,R2C2,,-25000,19000,-25000,-19000,-27000,-21000,1
-19,-24,59,R2C3,,-24000,19000,-24000,-19000,-27000,-21000,1
-19,-23,59,R2C4,,-23000,19000,-23000,-19000,-27000,-21000,1
-19,-22,59,R2C5,,-22000,19000,-22000,-19000,-27000,-21000,1
-19,-21,59,R2C6,,-21000,19000,-21000,-19000,-27000,-21000,1
-19,-20,59,R2C7,,-20000,19000,-20000,-19000,-27000,-21000,1
-19,-19,59,R2C8,,-19000,19000,-19000,-19000,-27000,-21000,1
-18,-27,59,R3C0,,-27000,18000,-27000,-18000,-27000,-21000,1
-18,-26,59,R3C1,,-26000,18000,-26000,-18000,-27000,-21000,1
-18,-25,59,R3C2,,-25000,18000,-25000,-18000,-27000,-21000,1
-18,-24,59,R3C3,,-24000,18000,-24000,-18000,-27000,-21000,1
-18,-23,59,R3C4,,-23000,18000,-23000,-18000,-27000,-21000,1
-18,-22,59,R3C5,,-22000,18000,-22000,-18000,-27000,-21000,1
-18,-21,59,R3C6,,-21000,18000,-21000,-18000,-27000,-21000,1
-18,-20,59,R3C7,,-20000,18000,-20000,-18000,-27000,-21000,1
-18,-19,59,R3C8,,-19000,18000,-19000,-18000,-27000,-21000,1
-17,-27,59,R4C0,,-27000,17000,-27000,-17000,-27000,-21000,1
-17,-26,59,R4C1,,-26000,17000,-26000,-17000,-27000,-21000,1
-17,-25,59,R4C2,,-25000,17000,-25000,-17000,-27000,-21000,1
-17,-24,59,R4C3,,-24000,17000,-24000,-17000,-27000,-21000,1
-17,-23,59,R4C4,,-23000,17000,-23000,-17000,-27000,-21000,1
-17,-22,59,R4C5,,-22000,17000,-22000,-17000,-27000,-21000,1
-17,-21,59,R4C6,,-21000,17000,-21000,-17000,-27000,-21000,1
-17,-20,59,R4C7,,-20000,17000,-20000,-17000,-27000,-21000,1
-17,-19,59,R4C8,,-19000,17000,-19000,-17000,-27000,-21000,1
-16,-27,59,R5C0,,-27000,16000,-27000,-16000,-27000,-21000,1
-16,-26,59,R5C1,,-26000,16000,-26000,-16000,-27000,-21000,1
-16,-25,59,R5C2,,-25000,16000,-25000,-16000,-27000,-21000,1
-16,-24,59,R5C3,,-24000,16000,-24000,-16000,-27000,-21000,1
-16,-23,59,R5C4,,-23000,16000,-23000,-16000,-27000,-21000,1
-16,-22,59,R5C5,,-22000,16000,-22000,-16000,-27000,-21000,1
-16,-21,59,R5C6,,-21000,16000,-21000,-16000,-27000,-21000,1
-16,-20,59,R5C7,,-20000,16000,-20000,-16000,-27000,-21000,1
-16,-19,59,R5C8,,-19000,16000,-19000,-16000,-27000,-21000,1
-15,-27,59,R6C0,,-27000,15000,-27000,-15000,-27000,-21000,1
-15,-26,59,R6C1,,-26000,15000,-26000,-15000,-27000,-21000,1
-15,-25,59,R6C2,,-25000,15000,-25000,-15000,-27000,-21000,1
-15,-24,59,R6C3,,-24000,15000,-24000,-15000,-27000,-21000,1
-15,-23,59,R6C4,,-23000,15000,-23000,-15000,-27000,-21000,1
-15,-22,59,R6C5,,-22000,15000,-22000,-15000,-27000,-21000,1
-15,-21,59,R6C6,2-7-10-13,-21000,15000,-21000,-15000,-27000,-21000,1
-15,-20,59,R6C7,1-7-10-13,-20000,15000,-20000,-15000,-27000,-21000,1
-15,-19,59,R6C8,,-19000,15000,-19000,-15000,-27000,-21000,1
7,-27,116,R0C0,,-27000,-7000,-27000,7000,-27000,7000,1
7,-26,116,R0C1,,-26000,-7000,-26000,7000,-27000,7000,1
7,-25,116,R0C2,,-25000,-7000,-25000,7000,-27000,7000,1
7,-24,116,R0C3,,-24000,-7000,-24000,7000,-27000,7000,1
7,-23,116,R0C4,,-23000,-7000,-23000,7000,-27000,7000,1
7,-22,116,R0C5,,-22000,-7000,-22000,7000,-27000,7000,1
7,-21,116,R0C6,,-21000,-7000,-21000,7000,-27000,7000,1
7,-20,116,R0C7,,-20000,-7000,-20000,7000,-27000,7000,1
7,-19,116,R0C8,,-19000,-7000,-19000,7000,-27000,7000,1
8,-27,116,R1C0,,-27000,-8000,-27000,8000,-27000,7000,1
8,-26,116,R1C1,,-26000,-8000,-26000,8000,-27000,7000,1
8,-25,116,R1C2,,-25000,-8000,-25000,8000,-27000,7000,1
8,-24,116,R1C3,,-24000,-8000,-24000,8000,-27000,7000,1
8,-23,116,R1C4,,-23000,-8000,-23000,8000,-27000,7000,1
8,-22,116,R1C5,,-22000,-8000,-22000,8000,-27000,7000,1
8,-21,116,R1C6,,-21000,-8000,-21000,8000,-27000,7000,1
8,-20,116,R1C7,,-20000,-8000,-20000,8000,-27000,7000,1
8,-19,116,R1C8,,-19000,-8000,-19000,8000,-27000,7000,1
9,-27,116,R2C0,,-27000,-9000,-27000,9000,-27000,7000,1
9,-26,116,R2C1,,-26000,-9000,-26000,9000,-27000,7000,1
9,-25,116,R2C2,,-25000,-9000,-25000,9000,-27000,7000,1
9,-24,116,R2C3,,-24000,-9000,-24000,9000,-27000,7000,1
9,-23,116,R2C4,,-23000,-9000,-23000,9000,-27000,7000,1
9,-22,116,R2C5,,-22000,-9000,-22000,9000,-27000,7000,1
9,-21,116,R2C6,,-21000,-9000,-21000,9000,-27000,7000,1
9,-20,116,R2C7,,-20000,-9000,-20000,9000,-27000,7000,1
9,-19,116,R2C8,,-19000,-9000,-19000,9000,-27000,7000,1
10,-27,116,R3C0,,-27000,-10000,-27000,10000,-27000,7000,1
10,-26,116,R3C1,,-26000,-10000,-26000,10000,-27000,7000,1
10,-25,116,R3C2,,-25000,-10000,-25000,10000,-27000,7000,1
10,-24,116,R3C3,,-24000,-10000,-24000,10000,-27000,7000,1
10,-23,116,R3C4,,-23000,-10000,-23000,10000,-27000,7000,1
10,-22,116,R3C5,,-22000,-10000,-22000,10000,-27000,7000,1
10,-21,116,R3C6,,-21000,-10000,-21000,10000,-27000,7000,1
10,-20,116,R3C7,,-20000,-10000,-20000,10000,-27000,7000,1
10,-19,116,R3C8,,-19000,-10000,-19000,10000,-27000,7000,1
11,-27,116,R4C0,,-27000,-11000,-27000,11000,-27000,7000,1
11,-26,116,R4C1,,-26000,-11000,-26000,11000,-27000,7000,1
11,-25,116,R4C2,,-25000,-11000,-25000,11000,-27000,7000,1
11,-24,116,R4C3,,-24000,-11000,-24000,11000,-27000,7000,1
11,-23,116,R4C4,,-23000,-11000,-23000,11000,-27000,7000,1
11,-22,116,R4C5,,-22000,-11000,-22000,11000,-27000,7000,1
11,-21,116,R4C6,,-21000,-11000,-21000,11000,-27000,7000,1
11,-20,116,R4C7,,-20000,-11000,-20000,11000,-27000,7000,1
11,-19,116,R4C8,,-19000,-11000,-19000,11000,-27000,7000,1
12,-27,116,R5C0,,-27000,-12000,-27000,12000,-27000,7000,1
12,-26,116,R5C1,,-26000,-12000,-26000,12000,-27000,7000,1
12,-25,116,R5C2,,-25000,-12000,-25000,12000,-27000,7000,1
12,-24,116,R5C3,,-24000,-12000,-24000,12000,-27000,7000,1
12,-23,116,R5C4,,-23000,-12000,-23000,12000,-27000,7000,1
12,-22,116,R5C5,,-22000,-12000,-22000,12000,-27000,7000,1
12,-21,116,R5C6,,-21000,-12000,-21000,12000,-27000,7000,1
12,-20,116,R5C7,,-20000,-12000,-20000,12000,-27000,7000,1
12,-19,116,R5C8,,-19000,-12000,-19000,12000,-27000,7000,1
13,-27,116,R6C0,,-27000,-13000,-27000,13000,-27000,7000,1
13,-26,116,R6C1,,-26000,-13000,-26000,13000,-27000,7000,1
13,-25,116,R6C2,,-25000,-13000,-25000,13000,-27000,7000,1
13,-24,116,R6C3,,-24000,-13000,-24000,13000,-27000,7000,1
13,-23,116,R6C4,,-23000,-13000,-23000,13000,-27000,7000,1
13,-22,116,R6C5,,-22000,-13000,-22000,13000,-27000,7000,1
13,-21,116,R6C6,2-7-10-9,-21000,-13000,-21000,13000,-27000,7000,1
13,-20,116,R6C7,1-7-10-9,-20000,-13000,-20000,13000,-27000,7000,1
13,-19,116,R6C8,,-19000,-13000,-19000,13000,-27000,7000,1
14,-36,129,R0C0,,-36000,-14000,-36000,14000,-36000,14000,1
14,-35,129,R0C1,,-35000,-14000,-35000,14000,-36000,14000,1
14,-34,129,R0C2,,-34000,-14000,-34000,14000,-36000,14000,1
14,-33,129,R0C3,,-33000,-14000,-33000,14000,-36000,14000,1
14,-32,129,R0C4,,-32000,-14000,-32000,14000,-36000,14000,1
14,-31,129,R0C5,,-31000,-14000,-31000,14000,-36000,14000,1
14,-30,129,R0C6,,-30000,-14000,-30000,14000,-36000,14000,1
14,-29,129,R0C7,,-29000,-14000,-29000,14000,-36000,14000,1
14,-28,129,R0C8,,-28000,-14000,-28000,14000,-36000,14000,1
15,-36,129,R1C0,,-36000,-15000,-36000,15000,-36000,14000,1
15,-35,129,R1C1,,-35000,-15000,-35000,15000,-36000,14000,1
15,-34,129,R1C2,,-34000,-15000,-34000,15000,-36000,14000,1
15,-33,129,R1C3,,-33000,-15000,-33000,15000,-36000,14000,1
15,-32,129,R1C4,,-32000,-15000,-32000,15000,-36000,14000,1
15,-31,129,R1C5,,-31000,-15000,-31000,15000,-36000,14000,1
15,-30,129,R1C6,,-30000,-15000,-30000,15000,-36000,14000,1
15,-29,129,R1C7,,-29000,-15000,-29000,15000,-36000,14000,1
15,-28,129,R1C8,,-28000,-15000,-28000,15000,-36000,14000,1
16,-36,129,R2C0,,-36000,-16000,-36000,16000,-36000,14000,1
16,-35,129,R2C1,,-35000,-16000,-35000,16000,-36000,14000,1
16,-34,129,R2C2,,-34000,-16000,-34000,16000,-36000,14000,1
16,-33,129,R2C3,,-33000,-16000,-33000,16000,-36000,14000,1
16,-32,129,R2C4,,-32000,-16000,-32000,16000,-36000,14000,1
16,-31,129,R2C5,,-31000,-16000,-31000,16000,-36000,14000,1
16,-30,129,R2C6,,-30000,-16000,-30000,16000,-36000,14000,1
16,-29,129,R2C7,,-29000,-16000,-29000,16000,-36000,14000,1
16,-28,129,R2C8,,-28000,-16000,-28000,16000,-36000,14000,1
17,-36,129,R3C0,,-36000,-17000,-36000,17000,-36000,14000,1
17,-35,129,R3C1,,-35000,-17000,-35000,17000,-36000,14000,1
17,-34,129,R3C2,,-34000,-17000,-34000,17000,-36000,14000,1
17,-33,129,R3C3,,-33000,-17000,-33000,17000,-36000,14000,1
17,-32,129,R3C4,,-32000,-17000,-32000,17000,-36000,14000,1
17,-31,129,R3C5,,-31000,-17000,-31000,17000,-36000,14000,1
17,-30,129,R3C6,,-30000,-17000,-30000,17000,-36000,14000,1
17,-29,129,R3C7,,-29000,-17000,-29000,17000,-36000,14000,1
17,-28,129,R3C8,,-28000,-17000,-28000,17000,-36000,14000,1
18,-36,129,R4C0,,-36000,-18000,-36000,18000,-36000,14000,1
18,-35,129,R4C1,,-35000,-18000,-35000,18000,-36000,14000,1
18,-34,129,R4C2,,-34000,-18000,-34000,18000,-36000,14000,1
18,-33,129,R4C3,,-33000,-18000,-33000,18000,-36000,14000,1
18,-32,129,R4C4,,-32000,-18000,-32000,18000,-36000,14000,1
18,-31,129,R4C5,,-31000,-18000,-31000,18000,-36000,14000,1
18,-30,129,R4C6,,-30000,-18000,-30000,18000,-36000,14000,1
18,-29,129,R4C7,,-29000,-18000,-29000,18000,-36000,14000,1
18,-28,129,R4C8,,-28000,-18000,-28000,18000,-36000,14000,1
19,-36,129,R5C0,,-36000,-19000,-36000,19000,-36000,14000,1
19,-35,129,R5C1,,-35000,-19000,-35000,19000,-36000,14000,1
19,-34,129,R5C2,,-34000,-19000,-34000,19000,-36000,14000,1
19,-33,129,R5C3,,-33000,-19000,-33000,19000,-36000,14000,1
19,-32,129,R5C4,,-32000,-19000,-32000,19000,-36000,14000,1
19,-31,129,R5C5,,-31000,-19000,-31000,19000,-36000,14000,1
19,-30,129,R5C6,,-30000,-19000,-30000,19000,-36000,14000,1
19,-29,129,R5C7,,-29000,-19000,-29000,19000,-36000,14000,1
19,-28,129,R5C8,,-28000,-19000,-28000,19000,-36000,14000,1
20,-36,129,R6C0,,-36000,-20000,-36000,20000,-36000,14000,1
20,-35,129,R6C1,,-35000,-20000,-35000,20000,-36000,14000,1
20,-34,129,R6C2,,-34000,-20000,-34000,20000,-36000,14000,1
20,-33,129,R6C3,,-33000,-20000,-33000,20000,-36000,14000,1
20,-32,129,R6C4,,-32000,-20000,-32000,20000,-36000,14000,1
20,-31,129,R6C5,,-31000,-20000,-31000,20000,-36000,14000,1
20,-30,129,R6C6,2-7-11-8,-30000,-20000,-30000,20000,-36000,14000,1
20,-29,129,R6C7,1-7-11-8,-29000,-20000,-29000,20000,-36000,14000,1
20,-28,129,R6C8,,-28000,-20000,-28000,20000,-36000,14000,1
7,54,125,R0C0,,54000,-7000,54000,7000,54000,7000,1
7,55,125,R0C1,,55000,-7000,55000,7000,54000,7000,1
7,56,125,R0C2,,56000,-7000,56000,7000,54000,7000,1
7,57,125,R0C3,,57000,-7000,57000,7000,54000,7000,1
7,58,125,R0C4,,58000,-7000,58000,7000,54000,7000,1
7,59,125,R0C5,,59000,-7000,59000,7000,54000,7000,1
7,60,125,R0C6,,60000,-7000,60000,7000,54000,7000,1
7,61,125,R0C7,,61000,-7000,61000,7000,54000,7000,1
7,62,125,R0C8,,62000,-7000,62000,7000,54000,7000,1
8,54,125,R1C0,,54000,-8000,54000,8000,54000,7000,1
8,55,125,R1C1,,55000,-8000,55000,8000,54000,7000,1
8,56,125,R1C2,,56000,-8000,56000,8000,54000,7000,1
8,57,125,R1C3,,57000,-8000,57000,8000,54000,7000,1
8,58,125,R1C4,,58000,-8000,58000,8000,54000,7000,1
8,59,125,R1C5,,59000,-8000,59000,8000,54000,7000,1
8,60,125,R1C6,,60000,-8000,60000,8000,54000,7000,1
8,61,125,R1C7,,61000,-8000,61000,8000,54000,7000,1
8,62,125,R1C8,,62000,-8000,62000,8000,54000,7000,1
9,54,125,R2C0,,54000,-9000,54000,9000,54000,7000,1
9,55,125,R2C1,,55000,-9000,55000,9000,54000,7000,1
9,56,125,R2C2,,56000,-9000,56000,9000,54000,7000,1
9,57,125,R2C3,,57000,-9000,57000,9000,54000,7000,1
9,58,125,R2C4,,58000,-9000,58000,9000,54000,7000,1
9,59,125,R2C5,,59000,-9000,59000,9000,54000,7000,1
9,60,125,R2C6,,60000,-9000,60000,9000,54000,7000,1
9,61,125,R2C7,,61000,-9000,61000,9000,54000,7000,1
9,62,125,R2C8,,62000,-9000,62000,9000,54000,7000,1
10,54,125,R3C0,,54000,-10000,54000,10000,54000,7000,1
10,55,125,R3C1,,55000,-10000,55000,10000,54000,7000,1
10,56,125,R3C2,,56000,-10000,56000,10000,54000,7000,1
10,57,125,R3C3,,57000,-10000,57000,10000,54000,7000,1
10,58,125,R3C4,,58000,-10000,58000,10000,54000,7000,1
10,59,125,R3C5,,59000,-10000,59000,10000,54000,7000,1
10,60,125,R3C6,,60000,-10000,60000,10000,54000,7000,1
10,61,125,R3C7,,61000,-10000,61000,10000,54000,7000,1
10,62,125,R3C8,,62000,-10000,62000,10000,54000,7000,1
11,54,125,R4C0,,54000,-11000,54000,11000,54000,7000,1
11,55,125,R4C1,,55000,-11000,55000,11000,54000,7000,1
11,56,125,R4C2,,56000,-11000,56000,11000,54000,7000,1
11,57,125,R4C3,,57000,-11000,57000,11000,54000,7000,1
11,58,125,R4C4,,58000,-11000,58000,11000,54000,7000,1
11,59,125,R4C5,,59000,-11000,59000,11000,54000,7000,1
11,60,125,R4C6,,60000,-11000,60000,11000,54000,7000,1
11,61,125,R4C7,,61000,-11000,61000,11000,54000,7000,1
11,62,125,R4C8,,62000,-11000,62000,11000,54000,7000,1
12,54,125,R5C0,,54000,-12000,54000,12000,54000,7000,1
12,55,125,R5C1,,55000,-12000,55000,12000,54000,7000,1
12,56,125,R5C2,,56000,-12000,56000,12000,54000,7000,1
12,57,125,R5C3,,57000,-12000,57000,12000,54000,7000,1
12,58,125,R5C4,,58000,-12000,58000,12000,54000,7000,1
12,59,125,R5C5,,59000,-12000,59000,12000,54000,7000,1
12,60,125,R5C6,,60000,-12000,60000,12000,54000,7000,1
12,61,125,R5C7,,61000,-12000,61000,12000,54000,7000,1
12,62,125,R5C8,,62000,-12000,62000,12000,54000,7000,1
13,54,125,R6C0,,54000,-13000,54000,13000,54000,7000,1
13,55,125,R6C1,,55000,-13000,55000,13000,54000,7000,1
13,56,125,R6C2,,56000,-13000,56000,13000,54000,7000,1
13,57,125,R6C3,,57000,-13000,57000,13000,54000,7000,1
13,58,125,R6C4,,58000,-13000,58000,13000,54000,7000,1
13,59,125,R6C5,,59000,-13000,59000,13000,54000,7000,1
13,60,125,R6C6,2-7-1-9,60000,-13000,60000,13000,54000,7000,1
13,61,125,R6C7,1-7-1-9,61000,-13000,61000,13000,54000,7000,1
13,62,125,R6C8,,62000,-13000,62000,13000,54000,7000,1
14,45,138,R0C0,,45000,-14000,45000,14000,45000,14000,1
14,46,138,R0C1,,46000,-14000,46000,14000,45000,14000,1
14,47,138,R0C2,,47000,-14000,47000,14000,45000,14000,1
14,48,138,R0C3,,48000,-14000,48000,14000,45000,14000,1
14,49,138,R0C4,,49000,-14000,49000,14000,45000,14000,1
14,50,138,R0C5,,50000,-14000,50000,14000,45000,14000,1
14,51,138,R0C6,,51000,-14000,51000,14000,45000,14000,1
14,52,138,R0C7,,52000,-14000,52000,14000,45000,14000,1
14,53,138,R0C8,,53000,-14000,53000,14000,45000,14000,1
15,45,138,R1C0,,45000,-15000,45000,15000,45000,14000,1
15,46,138,R1C1,,46000,-15000,46000,15000,45000,14000,1
15,47,138,R1C2,,47000,-15000,47000,15000,45000,14000,1
15,48,138,R1C3,,48000,-15000,48000,15000,45000,14000,1
15,49,138,R1C4,,49000,-15000,49000,15000,45000,14000,1
15,50,138,R1C5,,50000,-15000,50000,15000,45000,14000,1
15,51,138,R1C6,,51000,-15000,51000,15000,45000,14000,1
15,52,138,R1C7,,52000,-15000,52000,15000,45000,14000,1
15,53,138,R1C8,,53000,-15000,53000,15000,45000,14000,1
16,45,138,R2C0,,45000,-16000,45000,16000,45000,14000,1
16,46,138,R2C1,,46000,-16000,46000,16000,45000,14000,1
16,47,138,R2C2,,47000,-16000,47000,16000,45000,14000,1
16,48,138,R2C3,,48000,-16000,48000,16000,45000,14000,1
16,49,138,R2C4,,49000,-16000,49000,16000,45000,14000,1
16,50,138,R2C5,,50000,-16000,50000,16000,45000,14000,1
16,51,138,R2C6,,51000,-16000,51000,16000,45000,14000,1
16,52,138,R2C7,,52000,-16000,52000,16000,45000,14000,1
16,53,138,R2C8,,53000,-16000,53000,16000,45000,14000,1
17,45,138,R3C0,,45000,-17000,45000,17000,45000,14000,1
17,46,138,R3C1,,46000,-17000,46000,17000,45000,14000,1
17,47,138,R3C2,,47000,-17000,47000,17000,45000,14000,1
17,48,138,R3C3,,48000,-17000,48000,17000,45000,14000,1
17,49,138,R3C4,,49000,-17000,49000,17000,45000,14000,1
17,50,138,R3C5,,50000,-17000,50000,17000,45000,14000,1
17,51,138,R3C6,,51000,-17000,51000,17000,45000,14000,1
17,52,138,R3C7,,52000,-17000,52000,17000,45000,14000,1
17,53,138,R3C8,,53000,-17000,53000,17000,45000,14000,1
18,45,138,R4C0,,45000,-18000,45000,18000,45000,14000,1
18,46,138,R4C1,,46000,-18000,46000,18000,45000,14000,1
18,47,138,R4C2,,47000,-18000,47000,18000,45000,14000,1
18,48,138,R4C3,,48000,-18000,48000,18000,45000,14000,1
18,49,138,R4C4,,49000,-18000,49000,18000,45000,14000,1
18,50,138,R4C5,,50000,-18000,50000,18000,45000,14000,1
18,51,138,R4C6,,51000,-18000,51000,18000,45000,14000,1
18,52,138,R4C7,,52000,-18000,52000,18000,45000,14000,1
18,53,138,R4C8,,53000,-18000,53000,18000,45000,14000,1
19,45,138,R5C0,,45000,-19000,45000,19000,45000,14000,1
19,46,138,R5C1,,46000,-19000,46000,19000,45000,14000,1
19,47,138,R5C2,,47000,-19000,47000,19000,45000,14000,1
19,48,138,R5C3,,48000,-19000,48000,19000,45000,14000,1
19,49,138,R5C4,,49000,-19000,49000,19000,45000,14000,1
19,50,138,R5C5,,50000,-19000,50000,19000,45000,14000,1
19,51,138,R5C6,,51000,-19000,51000,19000,45000,14000,1
19,52,138,R5C7,,52000,-19000,52000,19000,45000,14000,1
19,53,138,R5C8,,53000,-19000,53000,19000,45000,14000,1
20,45,138,R6C0,,45000,-20000,45000,20000,45000,14000,1
20,46,138,R6C1,,46000,-20000,46000,20000,45000,14000,1
20,47,138,R6C2,,47000,-20000,47000,20000,45000,14000,1
20,48,138,R6C3,,48000,-20000,48000,20000,45000,14000,1
20,49,138,R6C4,,49000,-20000,49000,20000,45000,14000,1
20,50,138,R6C5,,50000,-20000,50000,20000,45000,14000,1
20,51,138,R6C6,2-7-2-8,51000,-20000,51000,20000,45000,14000,1
20,52,138,R6C7,1-7-2-8,52000,-20000,52000,20000,45000,14000,1
20,53,138,R6C8,,53000,-20000,53000,20000,45000,14000,1
-49,18,18,R0C0,,18000,49000,18000,-49000,18000,-49000,1
-49,19,18,R0C1,,19000,49000,19000,-49000,18000,-49000,1
-49,20,18,R0C2,,20000,49000,20000,-49000,18000,-49000,1
-49,21,18,R0C3,,21000,49000,21000,-49000,18000,-49000,1
-49,22,18,R0C4,,22000,49000,22000,-49000,18000,-49000,1
-49,23,18,R0C5,,23000,49000,23000,-49000,18000,-49000,1
-49,24,18,R0C6,,24000,49000,24000,-49000,18000,-49000,1
-49,25,18,R0C7,,25000,49000,25000,-49000,18000,-49000,1
-49,26,18,R0C8,,26000,49000,26000,-49000,18000,-49000,1
-48,18,18,R1C0,,18000,48000,18000,-48000,18000,-49000,1
-48,19,18,R1C1,,19000,48000,19000,-48000,18000,-49000,1
-48,20,18,R1C2,,20000,48000,20000,-48000,18000,-49000,1
-48,21,18,R1C3,,21000,48000,21000,-48000,18000,-49000,1
-48,22,18,R1C4,,22000,48000,22000,-48000,18000,-49000,1
-48,23,18,R1C5,,23000,48000,23000,-48000,18000,-49000,1
-48,24,18,R1C6,,24000,48000,24000,-48000,18000,-49000,1
-48,25,18,R1C7,,25000,48000,25000,-48000,18000,-49000,1
-48,26,18,R1C8,,26000,48000,26000,-48000,18000,-49000,1
-47,18,18,R2C0,,18000,47000,18000,-47000,18000,-49000,1
-47,19,18,R2C1,,19000,47000,19000,-47000,18000,-49000,1
-47,20,18,R2C2,,20000,47000,20000,-47000,18000,-49000,1
-47,21,18,R2C3,,21000,47000,21000,-47000,18000,-49000,1
-47,22,18,R2C4,,22000,47000,22000,-47000,18000,-49000,1
-47,23,18,R2C5,,23000,47000,23000,-47000,18000,-49000,1
-47,24,18,R2C6,,24000,47000,24000,-47000,18000,-49000,1
-47,25,18,R2C7,,25000,47000,25000,-47000,18000,-49000,1
-47,26,18,R2C8,,26000,47000,26000,-47000,18000,-49000,1
-46,18,18,R3C0,,18000,46000,18000,-46000,18000,-49000,1
-46,19,18,R3C1,,19000,46000,19000,-46000,18000,-49000,1
-46,20,18,R3C2,,20000,46000,20000,-46000,18000,-49000,1
-46,21,18,R3C3,,21000,46000,21000,-46000,18000,-49000,1
-46,22,18,R3C4,,22000,46000,22000,-46000,18000,-49000,1
-46,23,18,R3C5,,23000,46000,23000,-46000,18000,-49000,1
-46,24,18,R3C6,,24000,46000,24000,-46000,18000,-49000,1
-46,25,18,R3C7,,25000,46000,25000,-46000,18000,-49000,1
-46,26,18,R3C8,,26000,46000,26000,-46000,18000,-49000,1
-45,18,18,R4C0,,18000,45000,18000,-45000,18000,-49000,1
-45,19,18,R4C1,,19000,45000,19000,-45000,18000,-49000,1
-45,20,18,R4C2,,20000,45000,20000,-45000,18000,-49000,1
-45,21,18,R4C3,,21000,45000,21000,-45000,18000,-49000,1
-45,22,18,R4C4,,22000,45000,22000,-45000,18000,-49000,1
-45,23,18,R4C5,,23000,45000,23000,-45000,18000,-49000,1
-45,24,18,R4C6,,24000,45000,24000,-45000,18000,-49000,1
-45,25,18,R4C7,,25000,45000,25000,-45000,18000,-49000,1
-45,26,18,R4C8,,26000,45000,26000,-45000,18000,-49000,1
-44,18,18,R5C0,,18000,44000,18000,-44000,18000,-49000,1
-44,19,18,R5C1,,19000,44000,19000,-44000,18000,-49000,1
-44,20,18,R5C2,,20000,44000,20000,-44000,18000,-49000,1
-44,21,18,R5C3,,21000,44000,21000,-44000,18000,-49000,1
-44,22,18,R5C4,,22000,44000,22000,-44000,18000,-49000,1
-44,23,18,R5C5,,23000,44000,23000,-44000,18000,-49000,1
-44,24,18,R5C6,,24000,44000,24000,-44000,18000,-49000,1
-44,25,18,R5C7,,25000,44000,25000,-44000,18000,-49000,1
-44,26,18,R5C8,,26000,44000,26000,-44000,18000,-49000,1
-43,18,18,R6C0,,18000,43000,18000,-43000,18000,-49000,1
-43,19,18,R6C1,,19000,43000,19000,-43000,18000,-49000,1
-43,20,18,R6C2,,20000,43000,20000,-43000,18000,-49000,1
-43,21,18,R6C3,,21000,43000,21000,-43000,18000,-49000,1
-43,22,18,R6C4,,22000,43000,22000,-43000,18000,-49000,1
-43,23,18,R6C5,,23000,43000,23000,-43000,18000,-49000,1
-43,24,18,R6C6,2-7-5-17,24000,43000,24000,-43000,18000,-49000,1
-43,25,18,R6C7,1-7-5-17,25000,43000,25000,-43000,18000,-49000,1
-43,26,18,R6C8,,26000,43000,26000,-43000,18000,-49000,1
42,-36,178,R0C0,,-36000,-42000,-36000,42000,-36000,42000,1
42,-35,178,R0C1,,-35000,-42000,-35000,42000,-36000,42000,1
42,-34,178,R0C2,,-34000,-42000,-34000,42000,-36000,42000,1
42,-33,178,R0C3,,-33000,-42000,-33000,42000,-36000,42000,1
42,-32,178,R0C4,,-32000,-42000,-32000,42000,-36000,42000,1
42,-31,178,R0C5,,-31000,-42000,-31000,42000,-36000,42000,1
42,-30,178,R0C6,,-30000,-42000,-30000,42000,-36000,42000,1
42,-29,178,R0C7,,-29000,-42000,-29000,42000,-36000,42000,1
42,-28,178,R0C8,,-28000,-42000,-28000,42000,-36000,42000,1
43,-36,178,R1C0,,-36000,-43000,-36000,43000,-36000,42000,1
43,-35,178,R1C1,,-35000,-43000,-35000,43000,-36000,42000,1
43,-34,178,R1C2,,-34000,-43000,-34000,43000,-36000,42000,1
43,-33,178,R1C3,,-33000,-43000,-33000,43000,-36000,42000,1
43,-32,178,R1C4,,-32000,-43000,-32000,43000,-36000,42000,1
43,-31,178,R1C5,,-31000,-43000,-31000,43000,-36000,42000,1
43,-30,178,R1C6,,-30000,-43000,-30000,43000,-36000,42000,1
43,-29,178,R1C7,,-29000,-43000,-29000,43000,-36000,42000,1
43,-28,178,R1C8,,-28000,-43000,-28000,43000,-36000,42000,1
44,-36,178,R2C0,,-36000,-44000,-36000,44000,-36000,42000,1
44,-35,178,R2C1,,-35000,-44000,-35000,44000,-36000,42000,1
44,-34,178,R2C2,,-34000,-44000,-34000,44000,-36000,42000,1
44,-33,178,R2C3,,-33000,-44000,-33000,44000,-36000,42000,1
44,-32,178,R2C4,,-32000,-44000,-32000,44000,-36000,42000,1
44,-31,178,R2C5,,-31000,-44000,-31000,44000,-36000,42000,1
44,-30,178,R2C6,,-30000,-44000,-30000,44000,-36000,42000,1
44,-29,178,R2C7,,-29000,-44000,-29000,44000,-36000,42000,1
44,-28,178,R2C8,,-28000,-44000,-28000,44000,-36000,42000,1
45,-36,178,R3C0,,-36000,-45000,-36000,45000,-36000,42000,1
45,-35,178,R3C1,,-35000,-45000,-35000,45000,-36000,42000,1
45,-34,178,R3C2,,-34000,-45000,-34000,45000,-36000,42000,1
45,-33,178,R3C3,,-33000,-45000,-33000,45000,-36000,42000,1
45,-32,178,R3C4,,-32000,-45000,-32000,45000,-36000,42000,1
45,-31,178,R3C5,,-31000,-45000,-31000,45000,-36000,42000,1
45,-30,178,R3C6,,-30000,-45000,-30000,45000,-36000,42000,1
45,-29,178,R3C7,,-29000,-45000,-29000,45000,-36000,42000,1
45,-28,178,R3C8,,-28000,-45000,-28000,45000,-36000,42000,1
46,-36,178,R4C0,,-36000,-46000,-36000,46000,-36000,42000,1
46,-35,178,R4C1,,-35000,-46000,-35000,46000,-36000,42000,1
46,-34,178,R4C2,,-34000,-46000,-34000,46000,-36000,42000,1
46,-33,178,R4C3,,-33000,-46000,-33000,46000,-36000,42000,1
46,-32,178,R4C4,,-32000,-46000,-32000,46000,-36000,42000,1
46,-31,178,R4C5,,-31000,-46000,-31000,46000,-36000,42000,1
46,-30,178,R4C6,,-30000,-46000,-30000,46000,-36000,42000,1
46,-29,178,R4C7,,-29000,-46000,-29000,46000,-36000,42000,1
46,-28,178,R4C8,,-28000,-46000,-28000,46000,-36000,42000,1
47,-36,178,R5C0,,-36000,-47000,-36000,47000,-36000,42000,1
47,-35,178,R5C1,,-35000,-47000,-35000,47000,-36000,42000,1
47,-34,178,R5C2,,-34000,-47000,-34000,47000,-36000,42000,1
47,-33,178,R5C3,,-33000,-47000,-33000,47000,-36000,42000,1
47,-32,178,R5C4,,-32000,-47000,-32000,47000,-36000,42000,1
47,-31,178,R5C5,,-31000,-47000,-31000,47000,-36000,42000,1
47,-30,178,R5C6,,-30000,-47000,-30000,47000,-36000,42000,1
47,-29,178,R5C7,,-29000,-47000,-29000,47000,-36000,42000,1
47,-28,178,R5C8,,-28000,-47000,-28000,47000,-36000,42000,1
48,-36,178,R6C0,,-36000,-48000,-36000,48000,-36000,42000,1
48,-35,178,R6C1,,-35000,-48000,-35000,48000,-36000,42000,1
48,-34,178,R6C2,,-34000,-48000,-34000,48000,-36000,42000,1
48,-33,178,R6C3,,-33000,-48000,-33000,48000,-36000,42000,1
48,-32,178,R6C4,,-32000,-48000,-32000,48000,-36000,42000,1
48,-31,178,R6C5,,-31000,-48000,-31000,48000,-36000,42000,1
48,-30,178,R6C6,2-7-11-4,-30000,-48000,-30000,48000,-36000,42000,1
48,-29,178,R6C7,1-7-11-4,-29000,-48000,-29000,48000,-36000,42000,1
48,-28,178,R6C8,,-28000,-48000,-28000,48000,-36000,42000,1
-7,9,90,R0C0,,9000,7000,9000,-7000,9000,-7000,1
-7,10,90,R0C1,,10000,7000,10000,-7000,9000,-7000,1
-7,11,90,R0C2,,11000,7000,11000,-7000,9000,-7000,1
-7,12,90,R0C3,,12000,7000,12000,-7000,9000,-7000,1
-7,13,90,R0C4,,13000,7000,13000,-7000,9000,-7000,1
-7,14,90,R0C5,,14000,7000,14000,-7000,9000,-7000,1
-7,15,90,R0C6,,15000,7000,15000,-7000,9000,-7000,1
-7,16,90,R0C7,,16000,7000,16000,-7000,9000,-7000,1
-7,17,90,R0C8,,17000,7000,17000,-7000,9000,-7000,1
-6,9,90,R1C0,,9000,6000,9000,-6000,9000,-7000,1
-6,10,90,R1C1,,10000,6000,10000,-6000,9000,-7000,1
-6,11,90,R1C2,,11000,6000,11000,-6000,9000,-7000,1
-6,12,90,R1C3,,12000,6000,12000,-6000,9000,-7000,1
-6,13,90,R1C4,,13000,6000,13000,-6000,9000,-7000,1
-6,14,90,R1C5,,14000,6000,14000,-6000,9000,-7000,1
-6,15,90,R1C6,,15000,6000,15000,-6000,9000,-7000,1
-6,16,90,R1C7,,16000,6000,16000,-6000,9000,-7000,1
-6,17,90,R1C8,,17000,6000,17000,-6000,9000,-7000,1
-5,9,90,R2C0,,9000,5000,9000,-5000,9000,-7000,1
-5,10,90,R2C1,,10000,5000,10000,-5000,9000,-7000,1
-5,11,90,R2C2,,11000,5000,11000,-5000,9000,-7000,1
-5,12,90,R2C3,,12000,5000,12000,-5000,9000,-7000,1
-5,13,90,R2C4,,13000,5000,13000,-5000,9000,-7000,1
-5,14,90,R2C5,,14000,5000,14000,-5000,9000,-7000,1
-5,15,90,R2C6,,15000,5000,15000,-5000,9000,-7000,1
-5,16,90,R2C7,,16000,5000,16000,-5000,9000,-7000,1
-5,17,90,R2C8,,17000,5000,17000,-5000,9000,-7000,1
-4,9,90,R3C0,,9000,4000,9000,-4000,9000,-7000,1
-4,10,90,R3C1,,10000,4000,10000,-4000,9000,-7000,1
-4,11,90,R3C2,,11000,4000,11000,-4000,9000,-7000,1
-4,12,90,R3C3,,12000,4000,12000,-4000,9000,-7000,1
-4,13,90,R3C4,,13000,4000,13000,-4000,9000,-7000,1
-4,14,90,R3C5,,14000,4000,14000,-4000,9000,-7000,1
-4,15,90,R3C6,,15000,4000,15000,-4000,9000,-7000,1
-4,16,90,R3C7,,16000,4000,16000,-4000,9000,-7000,1
-4,17,90,R3C8,,17000,4000,17000,-4000,9000,-7000,1
-3,9,90,R4C0,,9000,3000,9000,-3000,9000,-7000,1
-3,10,90,R4C1,,10000,3000,10000,-3000,9000,-7000,1
-3,11,90,R4C2,,11000,3000,11000,-3000,9000,-7000,1
-3,12,90,R4C3,,12000,3000,12000,-3000,9000,-7000,1
-3,13,90,R4C4,,13000,3000,13000,-3000,9000,-7000,1
-3,14,90,R4C5,,14000,3000,14000,-3000,9000,-7000,1
-3,15,90,R4C6,,15000,3000,15000,-3000,9000,-7000,1
-3,16,90,R4C7,,16000,3000,16000,-3000,9000,-7000,1
-3,17,90,R4C8,,17000,3000,17000,-3000,9000,-7000,1
-2,9,90,R5C0,,9000,2000,9000,-2000,9000,-7000,1
-2,10,90,R5C1,,10000,2000,10000,-2000,9000,-7000,1
-2,11,90,R5C2,,11000,2000,11000,-2000,9000,-7000,1
-2,12,90,R5C3,,12000,2000,12000,-2000,9000,-7000,1
-2,13,90,R5C4,,13000,2000,13000,-2000,9000,-7000,1
-2,14,90,R5C5,,14000,2000,14000,-2000,9000,-7000,1
-2,15,90,R5C6,,15000,2000,15000,-2000,9000,-7000,1
-2,16,90,R5C7,,16000,2000,16000,-2000,9000,-7000,1
-2,17,90,R5C8,,17000,2000,17000,-2000,9000,-7000,1
-1,9,90,R6C0,,9000,1000,9000,-1000,9000,-7000,1
-1,10,90,R6C1,,10000,1000,10000,-1000,9000,-7000,1
-1,11,90,R6C2,,11000,1000,11000,-1000,9000,-7000,1
-1,12,90,R6C3,,12000,1000,12000,-1000,9000,-7000,1
-1,13,90,R6C4,,13000,1000,13000,-1000,9000,-7000,1
-1,14,90,R6C5,,14000,1000,14000,-1000,9000,-7000,1
-1,15,90,R6C6,2-7-6-11,15000,1000,15000,-1000,9000,-7000,1
-1,16,90,R6C7,1-7-6-11,16000,1000,16000,-1000,9000,-7000,1
-1,17,90,R6C8,,17000,1000,17000,-1000,9000,-7000,1
-14,9,76,R0C0,,9000,14000,9000,-14000,9000,-14000,1
-14,10,76,R0C1,,10000,14000,10000,-14000,9000,-14000,1
-14,11,76,R0C2,,11000,14000,11000,-14000,9000,-14000,1
-14,12,76,R0C3,,12000,14000,12000,-14000,9000,-14000,1
-14,13,76,R0C4,,13000,14000,13000,-14000,9000,-14000,1
-14,14,76,R0C5,,14000,14000,14000,-14000,9000,-14000,1
-14,15,76,R0C6,,15000,14000,15000,-14000,9000,-14000,1
-14,16,76,R0C7,,16000,14000,16000,-14000,9000,-14000,1
-14,17,76,R0C8,,17000,14000,17000,-14000,9000,-14000,1
-13,9,76,R1C0,,9000,13000,9000,-13000,9000,-14000,1
-13,10,76,R1C1,,10000,13000,10000,-13000,9000,-14000,1
-13,11,76,R1C2,,11000,13000,11000,-13000,9000,-14000,1
-13,12,76,R1C3,,12000,13000,12000,-13000,9000,-14000,1
-13,13,76,R1C4,,13000,13000,13000,-13000,9000,-14000,1
-13,14,76,R1C5,,14000,13000,14000,-13000,9000,-14000,1
-13,15,76,R1C6,,15000,13000,15000,-13000,9000,-14000,1
-13,16,76,R1C7,,16000,13000,16000,-13000,9000,-14000,1
-13,17,76,R1C8,,17000,13000,17000,-13000,9000,-14000,1
-12,9,76,R2C0,,9000,12000,9000,-12000,9000,-14000,1
-12,10,76,R2C1,,10000,12000,10000,-12000,9000,-14000,1
-12,11,76,R2C2,,11000,12000,11000,-12000,9000,-14000,1
-12,12,76,R2C3,,12000,12000,12000,-12000,9000,-14000,1
-12,13,76,R2C4,,13000,12000,13000,-12000,9000,-14000,1
-12,14,76,R2C5,,14000,12000,14000,-12000,9000,-14000,1
-12,15,76,R2C6,,15000,12000,15000,-12000,9000,-14000,1
-12,16,76,R2C7,,16000,12000,16000,-12000,9000,-14000,1
-12,17,76,R2C8,,17000,12000,17000,-12000,9000,-14000,1
-11,9,76,R3C0,,9000,11000,9000,-11000,9000,-14000,1
-11,10,76,R3C1,,10000,11000,10000,-11000,9000,-14000,1
-11,11,76,R3C2,,11000,11000,11000,-11000,9000,-14000,1
-11,12,76,R3C3,,12000,11000,12000,-11000,9000,-14000,1
-11,13,76,R3C4,,13000,11000,13000,-11000,9000,-14000,1
-11,14,76,R3C5,,14000,11000,14000,-11000,9000,-14000,1
-11,15,76,R3C6,,15000,11000,15000,-11000,9000,-14000,1
-11,16,76,R3C7,,16000,11000,16000,-11000,9000,-14000,1
-11,17,76,R3C8,,17000,11000,17000,-11000,9000,-14000,1
-10,9,76,R4C0,,9000,10000,9000,-10000,9000,-14000,1
-10,10,76,R4C1,,10000,10000,10000,-10000,9000,-14000,1
-10,11,76,R4C2,,11000,10000,11000,-10000,9000,-14000,1
-10,12,76,R4C3,,12000,10000,12000,-10000,9000,-14000,1
-10,13,76,R4C4,,13000,10000,13000,-10000,9000,-14000,1
-10,14,76,R4C5,,14000,10000,14000,-10000,9000,-14000,1
-10,15,76,R4C6,,15000,10000,15000,-10000,9000,-14000,1
-10,16,76,R4C7,,16000,10000,16000,-10000,9000,-14000,1
-10,17,76,R4C8,,17000,10000,17000,-10000,9000,-14000,1
-9,9,76,R5C0,,9000,9000,9000,-9000,9000,-14000,1
-9,10,76,R5C1,,10000,9000,10000,-9000,9000,-14000,1
-9,11,76,R5C2,,11000,9000,11000,-9000,9000,-14000,1
-9,12,76,R5C3,,12000,9000,12000,-9000,9000,-14000,1
-9,13,76,R5C4,,13000,9000,13000,-9000,9000,-14000,1
-9,14,76,R5C5,,14000,9000,14000,-9000,9000,-14000,1
-9,15,76,R5C6,,15000,9000,15000,-9000,9000,-14000,1
-9,16,76,R5C7,,16000,9000,16000,-9000,9000,-14000,1
-9,17,76,R5C8,,17000,9000,17000,-9000,9000,-14000,1
-8,9,76,R6C0,,9000,8000,9000,-8000,9000,-14000,1
-8,10,76,R6C1,,10000,8000,10000,-8000,9000,-14000,1
-8,11,76,R6C2,,11000,8000,11000,-8000,9000,-14000,1
-8,12,76,R6C3,,12000,8000,12000,-8000,9000,-14000,1
-8,13,76,R6C4,,13000,8000,13000,-8000,9000,-14000,1
-8,14,76,R6C5,,14000,8000,14000,-8000,9000,-14000,1
-8,15,76,R6C6,2-7-6-12,15000,8000,15000,-8000,9000,-14000,1
-8,16,76,R6C7,1-7-6-12,16000,8000,16000,-8000,9000,-14000,1
-8,17,76,R6C8,,17000,8000,17000,-8000,9000,-14000,1
21,-27,143,R0C0,,-27000,-21000,-27000,21000,-27000,21000,1
21,-26,143,R0C1,,-26000,-21000,-26000,21000,-27000,21000,1
21,-25,143,R0C2,,-25000,-21000,-25000,21000,-27000,21000,1
21,-24,143,R0C3,,-24000,-21000,-24000,21000,-27000,21000,1
21,-23,143,R0C4,,-23000,-21000,-23000,21000,-27000,21000,1
21,-22,143,R0C5,,-22000,-21000,-22000,21000,-27000,21000,1
21,-21,143,R0C6,,-21000,-21000,-21000,21000,-27000,21000,1
21,-20,143,R0C7,,-20000,-21000,-20000,21000,-27000,21000,1
21,-19,143,R0C8,,-19000,-21000,-19000,21000,-27000,21000,1
22,-27,143,R1C0,,-27000,-22000,-27000,22000,-27000,21000,1
22,-26,143,R1C1,,-26000,-22000,-26000,22000,-27000,21000,1
22,-25,143,R1C2,,-25000,-22000,-25000,22000,-27000,21000,1
22,-24,143,R1C3,,-24000,-22000,-24000,22000,-27000,21000,1
22,-23,143,R1C4,,-23000,-22000,-23000,22000,-27000,21000,1
22,-22,143,R1C5,,-22000,-22000,-22000,22000,-27000,21000,1
22,-21,143,R1C6,,-21000,-22000,-21000,22000,-27000,21000,1
22,-20,143,R1C7,,-20000,-22000,-20000,22000,-27000,21000,1
22,-19,143,R1C8,,-19000,-22000,-19000,22000,-27000,21000,1
23,-27,143,R2C0,,-27000,-23000,-27000,23000,-27000,21000,1
23,-26,143,R2C1,,-26000,-23000,-26000,23000,-27000,21000,1
23,-25,143,R2C2,,-25000,-23000,-25000,23000,-27000,21000,1
23,-24,143,R2C3,,-24000,-23000,-24000,23000,-27000,21000,1
23,-23,143,R2C4,,-23000,-23000,-23000,23000,-27000,21000,1
23,-22,143,R2C5,,-22000,-23000,-22000,23000,-27000,21000,1
23,-21,143,R2C6,,-21000,-23000,-21000,23000,-27000,21000,1
23,-20,143,R2C7,,-20000,-23000,-20000,23000,-27000,21000,1
23,-19,143,R2C8,,-19000,-23000,-19000,23000,-27000,21000,1
24,-27,143,R3C0,,-27000,-24000,-27000,24000,-27000,21000,1
24,-26,143,R3C1,,-26000,-24000,-26000,24000,-27000,21000,1
24,-25,143,R3C2,,-25000,-24000,-25000,24000,-27000,21000,1
24,-24,143,R3C3,,-24000,-24000,-24000,24000,-27000,21000,1
24,-23,143,R3C4,,-23000,-24000,-23000,24000,-27000,21000,1
24,-22,143,R3C5,,-22000,-24000,-22000,24000,-27000,21000,1
24,-21,143,R3C6,,-21000,-24000,-21000,24000,-27000,21000,1
24,-20,143,R3C7,,-20000,-24000,-20000,24000,-27000,21000,1
24,-19,143,R3C8,,-19000,-24000,-19000,24000,-27000,21000,1
25,-27,143,R4C0,,-27000,-25000,-27000,25000,-27000,21000,1
25,-26,143,R4C1,,-26000,-25000,-26000,25000,-27000,21000,1
25,-25,143,R4C2,,-25000,-25000,-25000,25000,-27000,21000,1
25,-24,143,R4C3,,-24000,-25000,-24000,25000,-27000,21000,1
25,-23,143,R4C4,,-23000,-25000,-23000,25000,-27000,21000,1
25,-22,143,R4C5,,-22000,-25000,-22000,25000,-27000,21000,1
25,-21,143,R4C6,,-21000,-25000,-21000,25000,-27000,21000,1
25,-20,143,R4C7,,-20000,-25000,-20000,25000,-27000,21000,1
25,-19,143,R4C8,,-19000,-25000,-19000,25000,-27000,21000,1
26,-27,143,R5C0,,-27000,-26000,-27000,26000,-27000,21000,1
26,-26,143,R5C1,,-26000,-26000,-26000,26000,-27000,21000,1
26,-25,143,R5C2,,-25000,-26000,-25000,26000,-27000,21000,1
26,-24,143,R5C3,,-24000,-26000,-24000,26000,-27000,21000,1
26,-23,143,R5C4,,-23000,-26000,-23000,26000,-27000,21000,1
26,-22,143,R5C5,,-22000,-26000,-22000,26000,-27000,21000,1
26,-21,143,R5C6,,-21000,-26000,-21000,26000,-27000,21000,1
26,-20,143,R5C7,,-20000,-26000,-20000,26000,-27000,21000,1
26,-19,143,R5C8,,-19000,-26000,-19000,26000,-27000,21000,1
27,-27,143,R6C0,,-27000,-27000,-27000,27000,-27000,21000,1
27,-26,143,R6C1,,-26000,-27000,-26000,27000,-27000,21000,1
27,-25,143,R6C2,,-25000,-27000,-25000,27000,-27000,21000,1
27,-24,143,R6C3,,-24000,-27000,-24000,27000,-27000,21000,1
27,-23,143,R6C4,,-23000,-27000,-23000,27000,-27000,21000,1
27,-22,143,R6C5,,-22000,-27000,-22000,27000,-27000,21000,1
27,-21,143,R6C6,2-7-10-7,-21000,-27000,-21000,27000,-27000,21000,1
27,-20,143,R6C7,1-7-10-7,-20000,-27000,-20000,27000,-27000,21000,1
27,-19,143,R6C8,,-19000,-27000,-19000,27000,-27000,21000,1
35,-54,165,R0C0,,-54000,-35000,-54000,35000,-54000,35000,1
35,-53,165,R0C1,,-53000,-35000,-53000,35000,-54000,35000,1
35,-52,165,R0C2,,-52000,-35000,-52000,35000,-54000,35000,1
35,-51,165,R0C3,,-51000,-35000,-51000,35000,-54000,35000,1
35,-50,165,R0C4,,-50000,-35000,-50000,35000,-54000,35000,1
35,-49,165,R0C5,,-49000,-35000,-49000,35000,-54000,35000,1
35,-48,165,R0C6,,-48000,-35000,-48000,35000,-54000,35000,1
35,-47,165,R0C7,,-47000,-35000,-47000,35000,-54000,35000,1
35,-46,165,R0C8,,-46000,-35000,-46000,35000,-54000,35000,1
36,-54,165,R1C0,,-54000,-36000,-54000,36000,-54000,35000,1
36,-53,165,R1C1,,-53000,-36000,-53000,36000,-54000,35000,1
36,-52,165,R1C2,,-52000,-36000,-52000,36000,-54000,35000,1
36,-51,165,R1C3,,-51000,-36000,-51000,36000,-54000,35000,1
36,-50,165,R1C4,,-50000,-36000,-50000,36000,-54000,35000,1
36,-49,165,R1C5,,-49000,-36000,-49000,36000,-54000,35000,1
36,-48,165,R1C6,,-48000,-36000,-48000,36000,-54000,35000,1
36,-47,165,R1C7,,-47000,-36000,-47000,36000,-54000,35000,1
36,-46,165,R1C8,,-46000,-36000,-46000,36000,-54000,35000,1
37,-54,165,R2C0,,-54000,-37000,-54000,37000,-54000,35000,1
37,-53,165,R2C1,,-53000,-37000,-53000,37000,-54000,35000,1
37,-52,165,R2C2,,-52000,-37000,-52000,37000,-54000,35000,1
37,-51,165,R2C3,,-51000,-37000,-51000,37000,-54000,35000,1
37,-50,165,R2C4,,-50000,-37000,-50000,37000,-54000,35000,1
37,-49,165,R2C5,,-49000,-37000,-49000,37000,-54000,35000,1
37,-48,165,R2C6,,-48000,-37000,-48000,37000,-54000,35000,1
37,-47,165,R2C7,,-47000,-37000,-47000,37000,-54000,35000,1
37,-46,165,R2C8,,-46000,-37000,-46000,37000,-54000,35000,1
38,-54,165,R3C0,,-54000,-38000,-54000,38000,-54000,35000,1
38,-53,165,R3C1,,-53000,-38000,-53000,38000,-54000,35000,1
38,-52,165,R3C2,,-52000,-38000,-52000,38000,-54000,35000,1
38,-51,165,R3C3,,-51000,-38000,-51000,38000,-54000,35000,1
38,-50,165,R3C4,,-50000,-38000,-50000,38000,-54000,35000,1
38,-49,165,R3C5,,-49000,-38000,-49000,38000,-54000,35000,1
38,-48,165,R3C6,,-48000,-38000,-48000,38000,-54000,35000,1
38,-47,165,R3C7,,-47000,-38000,-47000,38000,-54000,35000,1
38,-46,165,R3C8,,-46000,-38000,-46000,38000,-54000,35000,1
39,-54,165,R4C0,,-54000,-39000,-54000,39000,-54000,35000,1
39,-53,165,R4C1,,-53000,-39000,-53000,39000,-54000,35000,1
39,-52,165,R4C2,,-52000,-39000,-52000,39000,-54000,35000,1
39,-51,165,R4C3,,-51000,-39000,-51000,39000,-54000,35000,1
39,-50,165,R4C4,,-50000,-39000,-50000,39000,-54000,35000,1
39,-49,165,R4C5,,-49000,-39000,-49000,39000,-54000,35000,1
39,-48,165,R4C6,,-48000,-39000,-48000,39000,-54000,35000,1
39,-47,165,R4C7,,-47000,-39000,-47000,39000,-54000,35000,1
39,-46,165,R4C8,,-46000,-39000,-46000,39000,-54000,35000,1
40,-54,165,R5C0,,-54000,-40000,-54000,40000,-54000,35000,1
40,-53,165,R5C1,,-53000,-40000,-53000,40000,-54000,35000,1
40,-52,165,R5C2,,-52000,-40000,-52000,40000,-54000,35000,1
40,-51,165,R5C3,,-51000,-40000,-51000,40000,-54000,35000,1
40,-50,165,R5C4,,-50000,-40000,-50000,40000,-54000,35000,1
40,-49,165,R5C5,,-49000,-40000,-49000,40000,-54000,35000,1
40,-48,165,R5C6,,-48000,-40000,-48000,40000,-54000,35000,1
40,-47,165,R5C7,,-47000,-40000,-47000,40000,-54000,35000,1
40,-46,165,R5C8,,-46000,-40000,-46000,40000,-54000,35000,1
41,-54,165,R6C0,,-54000,-41000,-54000,41000,-54000,35000,1
41,-53,165,R6C1,,-53000,-41000,-53000,41000,-54000,35000,1
41,-52,165,R6C2,,-52000,-41000,-52000,41000,-54000,35000,1
41,-51,165,R6C3,,-51000,-41000,-51000,41000,-54000,35000,1
41,-50,165,R6C4,,-50000,-41000,-50000,41000,-54000,35000,1
41,-49,165,R6C5,,-49000,-41000,-49000,41000,-54000,35000,1
41,-48,165,R6C6,2-7-13-5,-48000,-41000,-48000,41000,-54000,35000,1
41,-47,165,R6C7,1-7-13-5,-47000,-41000,-47000,41000,-54000,35000,1
41,-46,165,R6C8,,-46000,-41000,-46000,41000,-54000,35000,1
28,-36,155,R0C0,,-36000,-28000,-36000,28000,-36000,28000,1
28,-35,155,R0C1,,-35000,-28000,-35000,28000,-36000,28000,1
28,-34,155,R0C2,,-34000,-28000,-34000,28000,-36000,28000,1
28,-33,155,R0C3,,-33000,-28000,-33000,28000,-36000,28000,1
28,-32,155,R0C4,,-32000,-28000,-32000,28000,-36000,28000,1
28,-31,155,R0C5,,-31000,-28000,-31000,28000,-36000,28000,1
28,-30,155,R0C6,,-30000,-28000,-30000,28000,-36000,28000,1
28,-29,155,R0C7,,-29000,-28000,-29000,28000,-36000,28000,1
28,-28,155,R0C8,,-28000,-28000,-28000,28000,-36000,28000,1
29,-36,155,R1C0,,-36000,-29000,-36000,29000,-36000,28000,1
29,-35,155,R1C1,,-35000,-29000,-35000,29000,-36000,28000,1
29,-34,155,R1C2,,-34000,-29000,-34000,29000,-36000,28000,1
29,-33,155,R1C3,,-33000,-29000,-33000,29000,-36000,28000,1
29,-32,155,R1C4,,-32000,-29000,-32000,29000,-36000,28000,1
29,-31,155,R1C5,,-31000,-29000,-31000,29000,-36000,28000,1
29,-30,155,R1C6,,-30000,-29000,-30000,29000,-36000,28000,1
29,-29,155,R1C7,,-29000,-29000,-29000,29000,-36000,28000,1
29,-28,155,R1C8,,-28000,-29000,-28000,29000,-36000,28000,1
30,-36,155,R2C0,,-36000,-30000,-36000,30000,-36000,28000,1
30,-35,155,R2C1,,-35000,-30000,-35000,30000,-36000,28000,1
30,-34,155,R2C2,,-34000,-30000,-34000,30000,-36000,28000,1
30,-33,155,R2C3,,-33000,-30000,-33000,30000,-36000,28000,1
30,-32,155,R2C4,,-32000,-30000,-32000,30000,-36000,28000,1
30,-31,155,R2C5,,-31000,-30000,-31000,30000,-36000,28000,1
30,-30,155,R2C6,,-30000,-30000,-30000,30000,-36000,28000,1
30,-29,155,R2C7,,-29000,-30000,-29000,30000,-36000,28000,1
30,-28,155,R2C8,,-28000,-30000,-28000,30000,-36000,28000,1
31,-36,155,R3C0,,-36000,-31000,-36000,31000,-36000,28000,1
31,-35,155,R3C1,,-35000,-31000,-35000,31000,-36000,28000,1
31,-34,155,R3C2,,-34000,-31000,-34000,31000,-36000,28000,1
31,-33,155,R3C3,,-33000,-31000,-33000,31000,-36000,28000,1
31,-32,155,R3C4,,-32000,-31000,-32000,31000,-36000,28000,1
31,-31,155,R3C5,,-31000,-31000,-31000,31000,-36000,28000,1
31,-30,155,R3C6,,-30000,-31000,-30000,31000,-36000,28000,1
31,-29,155,R3C7,,-29000,-31000,-29000,31000,-36000,28000,1
31,-28,155,R3C8,,-28000,-31000,-28000,31000,-36000,28000,1
32,-36,155,R4C0,,-36000,-32000,-36000,32000,-36000,28000,1
32,-35,155,R4C1,,-35000,-32000,-35000,32000,-36000,28000,1
32,-34,155,R4C2,,-34000,-32000,-34000,32000,-36000,28000,1
32,-33,155,R4C3,,-33000,-32000,-33000,32000,-36000,28000,1
32,-32,155,R4C4,,-32000,-32000,-32000,32000,-36000,28000,1
32,-31,155,R4C5,,-31000,-32000,-31000,32000,-36000,28000,1
32,-30,155,R4C6,,-30000,-32000,-30000,32000,-36000,28000,1
32,-29,155,R4C7,,-29000,-32000,-29000,32000,-36000,28000,1
32,-28,155,R4C8,,-28000,-32000,-28000,32000,-36000,28000,1
33,-36,155,R5C0,,-36000,-33000,-36000,33000,-36000,28000,1
33,-35,155,R5C1,,-35000,-33000,-35000,33000,-36000,28000,1
33,-34,155,R5C2,,-34000,-33000,-34000,33000,-36000,28000,1
33,-33,155,R5C3,,-33000,-33000,-33000,33000,-36000,28000,1
33,-32,155,R5C4,,-32000,-33000,-32000,33000,-36000,28000,1
33,-31,155,R5C5,,-31000,-33000,-31000,33000,-36000,28000,1
33,-30,155,R5C6,,-30000,-33000,-30000,33000,-36000,28000,1
33,-29,155,R5C7,,-29000,-33000,-29000,33000,-36000,28000,1
33,-28,155,R5C8,,-28000,-33000,-28000,33000,-36000,28000,1
34,-36,155,R6C0,,-36000,-34000,-36000,34000,-36000,28000,1
34,-35,155,R6C1,,-35000,-34000,-35000,34000,-36000,28000,1
34,-34,155,R6C2,,-34000,-34000,-34000,34000,-36000,28000,1
34,-33,155,R6C3,,-33000,-34000,-33000,34000,-36000,28000,1
34,-32,155,R6C4,,-32000,-34000,-32000,34000,-36000,28000,1
34,-31,155,R6C5,,-31000,-34000,-31000,34000,-36000,28000,1
34,-30,155,R6C6,2-7-11-6,-30000,-34000,-30000,34000,-36000,28000,1
34,-29,155,R6C7,1-7-11-6,-29000,-34000,-29000,34000,-36000,28000,1
34,-28,155,R6C8,,-28000,-34000,-28000,34000,-36000,28000,1
28,45,164,R0C0,,45000,-28000,45000,28000,45000,28000,1
28,46,164,R0C1,,46000,-28000,46000,28000,45000,28000,1
28,47,164,R0C2,,47000,-28000,47000,28000,45000,28000,1
28,48,164,R0C3,,48000,-28000,48000,28000,45000,28000,1
28,49,164,R0C4,,49000,-28000,49000,28000,45000,28000,1
28,50,164,R0C5,,50000,-28000,50000,28000,45000,28000,1
28,51,164,R0C6,,51000,-28000,51000,28000,45000,28000,1
28,52,164,R0C7,,52000,-28000,52000,28000,45000,28000,1
28,53,164,R0C8,,53000,-28000,53000,28000,45000,28000,1
29,45,164,R1C0,,45000,-29000,45000,29000,45000,28000,1
29,46,164,R1C1,,46000,-29000,46000,29000,45000,28000,1
29,47,164,R1C2,,47000,-29000,47000,29000,45000,28000,1
29,48,164,R1C3,,48000,-29000,48000,29000,45000,28000,1
29,49,164,R1C4,,49000,-29000,49000,29000,45000,28000,1
29,50,164,R1C5,,50000,-29000,50000,29000,45000,28000,1
29,51,164,R1C6,,51000,-29000,51000,29000,45000,28000,1
29,52,164,R1C7,,52000,-29000,52000,29000,45000,28000,1
29,53,164,R1C8,,53000,-29000,53000,29000,45000,28000,1
30,45,164,R2C0,,45000,-30000,45000,30000,45000,28000,1
30,46,164,R2C1,,46000,-30000,46000,30000,45000,28000,1
30,47,164,R2C2,,47000,-30000,47000,30000,45000,28000,1
30,48,164,R2C3,,48000,-30000,48000,30000,45000,28000,1
30,49,164,R2C4,,49000,-30000,49000,30000,45000,28000,1
30,50,164,R2C5,,50000,-30000,50000,30000,45000,28000,1
30,51,164,R2C6,,51000,-30000,51000,30000,45000,28000,1
30,52,164,R2C7,,52000,-30000,52000,30000,45000,28000,1
30,53,164,R2C8,,53000,-30000,53000,30000,45000,28000,1
31,45,164,R3C0,,45000,-31000,45000,31000,45000,28000,1
31,46,164,R3C1,,46000,-31000,46000,31000,45000,28000,1
31,47,164,R3C2,,47000,-31000,47000,31000,45000,28000,1
31,48,164,R3C3,,48000,-31000,48000,31000,45000,28000,1
31,49,164,R3C4,,49000,-31000,49000,31000,45000,28000,1
31,50,164,R3C5,,50000,-31000,50000,31000,45000,28000,1
31,51,164,R3C6,,51000,-31000,51000,31000,45000,28000,1
31,52,164,R3C7,,52000,-31000,52000,31000,45000,28000,1
31,53,164,R3C8,,53000,-31000,53000,31000,45000,28000,1
32,45,164,R4C0,,45000,-32000,45000,32000,45000,28000,1
32,46,164,R4C1,,46000,-32000,46000,32000,45000,28000,1
32,47,164,R4C2,,47000,-32000,47000,32000,45000,28000,1
32,48,164,R4C3,,48000,-32000,48000,32000,45000,28000,1
32,49,164,R4C4,,49000,-32000,49000,32000,45000,28000,1
32,50,164,R4C5,,50000,-32000,50000,32000,45000,28000,1
32,51,164,R4C6,,51000,-32000,51000,32000,45000,28000,1
32,52,164,R4C7,,52000,-32000,52000,32000,45000,28000,1
32,53,164,R4C8,,53000,-32000,53000,32000,45000,28000,1
33,45,164,R5C0,,45000,-33000,45000,33000,45000,28000,1
33,46,164,R5C1,,46000,-33000,46000,33000,45000,28000,1
33,47,164,R5C2,,47000,-33000,47000,33000,45000,28000,1
33,48,164,R5C3,,48000,-33000,48000,33000,45000,28000,1
33,49,164,R5C4,,49000,-33000,49000,33000,45000,28000,1
33,50,164,R5C5,,50000,-33000,50000,33000,45000,28000,1
33,51,164,R5C6,,51000,-33000,51000,33000,45000,28000,1
33,52,164,R5C7,,52000,-33000,52000,33000,45000,28000,1
33,53,164,R5C8,,53000,-33000,53000,33000,45000,28000,1
34,45,164,R6C0,,45000,-34000,45000,34000,45000,28000,1
34,46,164,R6C1,,46000,-34000,46000,34000,45000,28000,1
34,47,164,R6C2,,47000,-34000,47000,34000,45000,28000,1
34,48,164,R6C3,,48000,-34000,48000,34000,45000,28000,1
34,49,164,R6C4,,49000,-34000,49000,34000,45000,28000,1
34,50,164,R6C5,,50000,-34000,50000,34000,45000,28000,1
34,51,164,R6C6,2-7-2-6,51000,-34000,51000,34000,45000,28000,1
34,52,164,R6C7,1-7-2-6,52000,-34000,52000,34000,45000,28000,1
34,53,164,R6C8,,53000,-34000,53000,34000,45000,28000,1
-35,18,39,R0C0,,18000,35000,18000,-35000,18000,-35000,1
-35,19,39,R0C1,,19000,35000,19000,-35000,18000,-35000,1
-35,20,39,R0C2,,20000,35000,20000,-35000,18000,-35000,1
-35,21,39,R0C3,,21000,35000,21000,-35000,18000,-35000,1
-35,22,39,R0C4,,22000,35000,22000,-35000,18000,-35000,1
-35,23,39,R0C5,,23000,35000,23000,-35000,18000,-35000,1
-35,24,39,R0C6,,24000,35000,24000,-35000,18000,-35000,1
-35,25,39,R0C7,,25000,35000,25000,-35000,18000,-35000,1
-35,26,39,R0C8,,26000,35000,26000,-35000,18000,-35000,1
-34,18,39,R1C0,,18000,34000,18000,-34000,18000,-35000,1
-34,19,39,R1C1,,19000,34000,19000,-34000,18000,-35000,1
-34,20,39,R1C2,,20000,34000,20000,-34000,18000,-35000,1
-34,21,39,R1C3,,21000,34000,21000,-34000,18000,-35000,1
-34,22,39,R1C4,,22000,34000,22000,-34000,18000,-35000,1
-34,23,39,R1C5,,23000,34000,23000,-34000,18000,-35000,1
-34,24,39,R1C6,,24000,34000,24000,-34000,18000,-35000,1
-34,25,39,R1C7,,25000,34000,25000,-34000,18000,-35000,1
-34,26,39,R1C8,,26000,34000,26000,-34000,18000,-35000,1
-33,18,39,R2C0,,18000,33000,18000,-33000,18000,-35000,1
-33,19,39,R2C1,,19000,33000,19000,-33000,18000,-35000,1
-33,20,39,R2C2,,20000,33000,20000,-33000,18000,-35000,1
-33,21,39,R2C3,,21000,33000,21000,-33000,18000,-35000,1
-33,22,39,R2C4,,22000,33000,22000,-33000,18000,-35000,1
-33,23,39,R2C5,,23000,33000,23000,-33000,18000,-35000,1
-33,24,39,R2C6,,24000,33000,24000,-33000,18000,-35000,1
-33,25,39,R2C7,,25000,33000,25000,-33000,18000,-35000,1
-33,26,39,R2C8,,26000,33000,26000,-33000,18000,-35000,1
-32,18,39,R3C0,,18000,32000,18000,-32000,18000,-35000,1
-32,19,39,R3C1,,19000,32000,19000,-32000,18000,-35000,1
-32,20,39,R3C2,,20000,32000,20000,-32000,18000,-35000,1
-32,21,39,R3C3,,21000,32000,21000,-32000,18000,-35000,1
-32,22,39,R3C4,,22000,32000,22000,-32000,18000,-35000,1
-32,23,39,R3C5,,23000,32000,23000,-32000,18000,-35000,1
-32,24,39,R3C6,,24000,32000,24000,-32000,18000,-35000,1
-32,25,39,R3C7,,25000,32000,25000,-32000,18000,-35000,1
-32,26,39,R3C8,,26000,32000,26000,-32000,18000,-35000,1
-31,18,39,R4C0,,18000,31000,18000,-31000,18000,-35000,1
-31,19,39,R4C1,,19000,31000,19000,-31000,18000,-35000,1
-31,20,39,R4C2,,20000,31000,20000,-31000,18000,-35000,1
-31,21,39,R4C3,,21000,31000,21000,-31000,18000,-35000,1
-31,22,39,R4C4,,22000,31000,22000,-31000,18000,-35000,1
-31,23,39,R4C5,,23000,31000,23000,-31000,18000,-35000,1
-31,24,39,R4C6,,24000,31000,24000,-31000,18000,-35000,1
-31,25,39,R4C7,,25000,31000,25000,-31000,18000,-35000,1
-31,26,39,R4C8,,26000,31000,26000,-31000,18000,-35000,1
-30,18,39,R5C0,,18000,30000,18000,-30000,18000,-35000,1
-30,19,39,R5C1,,19000,30000,19000,-30000,18000,-35000,1
-30,20,39,R5C2,,20000,30000,20000,-30000,18000,-35000,1
-30,21,39,R5C3,,21000,30000,21000,-30000,18000,-35000,1
-30,22,39,R5C4,,22000,30000,22000,-30000,18000,-35000,1
-30,23,39,R5C5,,23000,30000,23000,-30000,18000,-35000,1
-30,24,39,R5C6,,24000,30000,24000,-30000,18000,-35000,1
-30,25,39,R5C7,,25000,30000,25000,-30000,18000,-35000,1
-30,26,39,R5C8,,26000,30000,26000,-30000,18000,-35000,1
-29,18,39,R6C0,,18000,29000,18000,-29000,18000,-35000,1
-29,19,39,R6C1,,19000,29000,19000,-29000,18000,-35000,1
-29,20,39,R6C2,,20000,29000,20000,-29000,18000,-35000,1
-29,21,39,R6C3,,21000,29000,21000,-29000,18000,-35000,1
-29,22,39,R6C4,,22000,29000,22000,-29000,18000,-35000,1
-29,23,39,R6C5,,23000,29000,23000,-29000,18000,-35000,1
-29,24,39,R6C6,2-7-5-15,24000,29000,24000,-29000,18000,-35000,1
-29,25,39,R6C7,1-7-5-15,25000,29000,25000,-29000,18000,-35000,1
-29,26,39,R6C8,,26000,29000,26000,-29000,18000,-35000,1
56,-36,196,R0C0,,-36000,-56000,-36000,56000,-36000,56000,1
56,-35,196,R0C1,,-35000,-56000,-35000,56000,-36000,56000,1
56,-34,196,R0C2,,-34000,-56000,-34000,56000,-36000,56000,1
56,-33,196,R0C3,,-33000,-56000,-33000,56000,-36000,56000,1
56,-32,196,R0C4,,-32000,-56000,-32000,56000,-36000,56000,1
56,-31,196,R0C5,,-31000,-56000,-31000,56000,-36000,56000,1
56,-30,196,R0C6,,-30000,-56000,-30000,56000,-36000,56000,1
56,-29,196,R0C7,,-29000,-56000,-29000,56000,-36000,56000,1
56,-28,196,R0C8,,-28000,-56000,-28000,56000,-36000,56000,1
57,-36,196,R1C0,,-36000,-57000,-36000,57000,-36000,56000,1
57,-35,196,R1C1,,-35000,-57000,-35000,57000,-36000,56000,1
57,-34,196,R1C2,,-34000,-57000,-34000,57000,-36000,56000,1
57,-33,196,R1C3,,-33000,-57000,-33000,57000,-36000,56000,1
57,-32,196,R1C4,,-32000,-57000,-32000,57000,-36000,56000,1
57,-31,196,R1C5,,-31000,-57000,-31000,57000,-36000,56000,1
57,-30,196,R1C6,,-30000,-57000,-30000,57000,-36000,56000,1
57,-29,196,R1C7,,-29000,-57000,-29000,57000,-36000,56000,1
57,-28,196,R1C8,,-28000,-57000,-28000,57000,-36000,56000,1
58,-36,196,R2C0,,-36000,-58000,-36000,58000,-36000,56000,1
58,-35,196,R2C1,,-35000,-58000,-35000,58000,-36000,56000,1
58,-34,196,R2C2,,-34000,-58000,-34000,58000,-36000,56000,1
58,-33,196,R2C3,,-33000,-58000,-33000,58000,-36000,56000,1
58,-32,196,R2C4,,-32000,-58000,-32000,58000,-36000,56000,1
58,-31,196,R2C5,,-31000,-58000,-31000,58000,-36000,56000,1
58,-30,196,R2C6,,-30000,-58000,-30000,58000,-36000,56000,1
58,-29,196,R2C7,,-29000,-58000,-29000,58000,-36000,56000,1
58,-28,196,R2C8,,-28000,-58000,-28000,58000,-36000,56000,1
59,-36,196,R3C0,,-36000,-59000,-36000,59000,-36000,56000,1
59,-35,196,R3C1,,-35000,-59000,-35000,59000,-36000,56000,1
59,-34,196,R3C2,,-34000,-59000,-34000,59000,-36000,56000,1
59,-33,196,R3C3,,-33000,-59000,-33000,59000,-36000,56000,1
59,-32,196,R3C4,,-32000,-59000,-32000,59000,-36000,56000,1
59,-31,196,R3C5,,-31000,-59000,-31000,59000,-36000,56000,1
59,-30,196,R3C6,,-30000,-59000,-30000,59000,-36000,56000,1
59,-29,196,R3C7,,-29000,-59000,-29000,59000,-36000,56000,1
59,-28,196,R3C8,,-28000,-59000,-28000,59000,-36000,56000,1
60,-36,196,R4C0,,-36000,-60000,-36000,60000,-36000,56000,1
60,-35,196,R4C1,,-35000,-60000,-35000,60000,-36000,56000,1
60,-34,196,R4C2,,-34000,-60000,-34000,60000,-36000,56000,1
60,-33,196,R4C3,,-33000,-60000,-33000,60000,-36000,56000,1
60,-32,196,R4C4,,-32000,-60000,-32000,60000,-36000,56000,1
60,-31,196,R4C5,,-31000,-60000,-31000,60000,-36000,56000,1
60,-30,196,R4C6,,-30000,-60000,-30000,60000,-36000,56000,1
60,-29,196,R4C7,,-29000,-60000,-29000,60000,-36000,56000,1
60,-28,196,R4C8,,-28000,-60000,-28000,60000,-36000,56000,1
61,-36,196,R5C0,,-36000,-61000,-36000,61000,-36000,56000,1
61,-35,196,R5C1,,-35000,-61000,-35000,61000,-36000,56000,1
61,-34,196,R5C2,,-34000,-61000,-34000,61000,-36000,56000,1
61,-33,196,R5C3,,-33000,-61000,-33000,61000,-36000,56000,1
61,-32,196,R5C4,,-32000,-61000,-32000,61000,-36000,56000,1
61,-31,196,R5C5,,-31000,-61000,-31000,61000,-36000,56000,1
61,-30,196,R5C6,,-30000,-61000,-30000,61000,-36000,56000,1
61,-29,196,R5C7,,-29000,-61000,-29000,61000,-36000,56000,1
61,-28,196,R5C8,,-28000,-61000,-28000,61000,-36000,56000,1
62,-36,196,R6C0,,-36000,-62000,-36000,62000,-36000,56000,1
62,-35,196,R6C1,,-35000,-62000,-35000,62000,-36000,56000,1
62,-34,196,R6C2,,-34000,-62000,-34000,62000,-36000,56000,1
62,-33,196,R6C3,,-33000,-62000,-33000,62000,-36000,56000,1
62,-32,196,R6C4,,-32000,-62000,-32000,62000,-36000,56000,1
62,-31,196,R6C5,,-31000,-62000,-31000,62000,-36000,56000,1
62,-30,196,R6C6,2-7-11-2,-30000,-62000,-30000,62000,-36000,56000,1
62,-29,196,R6C7,1-7-11-2,-29000,-62000,-29000,62000,-36000,56000,1
62,-28,196,R6C8,,-28000,-62000,-28000,62000,-36000,56000,1
0,9,105,R0C0,,9000,0,9000,0,9000,0,1
0,10,105,R0C1,,10000,0,10000,0,9000,0,1
0,11,105,R0C2,,11000,0,11000,0,9000,0,1
0,12,105,R0C3,,12000,0,12000,0,9000,0,1
0,13,105,R0C4,,13000,0,13000,0,9000,0,1
0,14,105,R0C5,,14000,0,14000,0,9000,0,1
0,15,105,R0C6,,15000,0,15000,0,9000,0,1
0,16,105,R0C7,,16000,0,16000,0,9000,0,1
0,17,105,R0C8,,17000,0,17000,0,9000,0,1
1,9,105,R1C0,,9000,-1000,9000,1000,9000,0,1
1,10,105,R1C1,,10000,-1000,10000,1000,9000,0,1
1,11,105,R1C2,,11000,-1000,11000,1000,9000,0,1
1,12,105,R1C3,,12000,-1000,12000,1000,9000,0,1
1,13,105,R1C4,,13000,-1000,13000,1000,9000,0,1
1,14,105,R1C5,,14000,-1000,14000,1000,9000,0,1
1,15,105,R1C6,,15000,-1000,15000,1000,9000,0,1
1,16,105,R1C7,,16000,-1000,16000,1000,9000,0,1
1,17,105,R1C8,,17000,-1000,17000,1000,9000,0,1
2,9,105,R2C0,,9000,-2000,9000,2000,9000,0,1
2,10,105,R2C1,,10000,-2000,10000,2000,9000,0,1
2,11,105,R2C2,,11000,-2000,11000,2000,9000,0,1
2,12,105,R2C3,,12000,-2000,12000,2000,9000,0,1
2,13,105,R2C4,,13000,-2000,13000,2000,9000,0,1
2,14,105,R2C5,,14000,-2000,14000,2000,9000,0,1
2,15,105,R2C6,,15000,-2000,15000,2000,9000,0,1
2,16,105,R2C7,,16000,-2000,16000,2000,9000,0,1
2,17,105,R2C8,,17000,-2000,17000,2000,9000,0,1
3,9,105,R3C0,,9000,-3000,9000,3000,9000,0,1
3,10,105,R3C1,,10000,-3000,10000,3000,9000,0,1
3,11,105,R3C2,,11000,-3000,11000,3000,9000,0,1
3,12,105,R3C3,,12000,-3000,12000,3000,9000,0,1
3,13,105,R3C4,,13000,-3000,13000,3000,9000,0,1
3,14,105,R3C5,,14000,-3000,14000,3000,9000,0,1
3,15,105,R3C6,,15000,-3000,15000,3000,9000,0,1
3,16,105,R3C7,,16000,-3000,16000,3000,9000,0,1
3,17,105,R3C8,,17000,-3000,17000,3000,9000,0,1
4,9,105,R4C0,,9000,-4000,9000,4000,9000,0,1
4,10,105,R4C1,,10000,-4000,10000,4000,9000,0,1
4,11,105,R4C2,,11000,-4000,11000,4000,9000,0,1
4,12,105,R4C3,,12000,-4000,12000,4000,9000,0,1
4,13,105,R4C4,,13000,-4000,13000,4000,9000,0,1
4,14,105,R4C5,,14000,-4000,14000,4000,9000,0,1
4,15,105,R4C6,,15000,-4000,15000,4000,9000,0,1
4,16,105,R4C7,,16000,-4000,16000,4000,9000,0,1
4,17,105,R4C8,,17000,-4000,17000,4000,9000,0,1
5,9,105,R5C0,,9000,-5000,9000,5000,9000,0,1
5,10,105,R5C1,,10000,-5000,10000,5000,9000,0,1
5,11,105,R5C2,,11000,-5000,11000,5000,9000,0,1
5,12,105,R5C3,,12000,-5000,12000,5000,9000,0,1
5,13,105,R5C4,,13000,-5000,13000,5000,9000,0,1
5,14,105,R5C5,,14000,-5000,14000,5000,9000,0,1
5,15,105,R5C6,,15000,-5000,15000,5000,9000,0,1
5,16,105,R5C7,,16000,-5000,16000,5000,9000,0,1
5,17,105,R5C8,,17000,-5000,17000,5000,9000,0,1
6,9,105,R6C0,,9000,-6000,9000,6000,9000,0,1
6,10,105,R6C1,,10000,-6000,10000,6000,9000,0,1
6,11,105,R6C2,,11000,-6000,11000,6000,9000,0,1
6,12,105,R6C3,,12000,-6000,12000,6000,9000,0,1
6,13,105,R6C4,,13000,-6000,13000,6000,9000,0,1
6,14,105,R6C5,,14000,-6000,14000,6000,9000,0,1
6,15,105,R6C6,2-7-6-10,15000,-6000,15000,6000,9000,0,1
6,16,105,R6C7,1-7-6-10,16000,-6000,16000,6000,9000,0,1
6,17,105,R6C8,,17000,-6000,17000,6000,9000,0,1
14,-9,132,R0C0,,-9000,-14000,-9000,14000,-9000,14000,1
14,-8,132,R0C1,,-8000,-14000,-8000,14000,-9000,14000,1
14,-7,132,R0C2,,-7000,-14000,-7000,14000,-9000,14000,1
14,-6,132,R0C3,,-6000,-14000,-6000,14000,-9000,14000,1
14,-5,132,R0C4,,-5000,-14000,-5000,14000,-9000,14000,1
14,-4,132,R0C5,,-4000,-14000,-4000,14000,-9000,14000,1
14,-3,132,R0C6,,-3000,-14000,-3000,14000,-9000,14000,1
14,-2,132,R0C7,,-2000,-14000,-2000,14000,-9000,14000,1
14,-1,132,R0C8,,-1000,-14000,-1000,14000,-9000,14000,1
15,-9,132,R1C0,,-9000,-15000,-9000,15000,-9000,14000,1
15,-8,132,R1C1,,-8000,-15000,-8000,15000,-9000,14000,1
15,-7,132,R1C2,,-7000,-15000,-7000,15000,-9000,14000,1
15,-6,132,R1C3,,-6000,-15000,-6000,15000,-9000,14000,1
15,-5,132,R1C4,,-5000,-15000,-5000,15000,-9000,14000,1
15,-4,132,R1C5,,-4000,-15000,-4000,15000,-9000,14000,1
15,-3,132,R1C6,,-3000,-15000,-3000,15000,-9000,14000,1
15,-2,132,R1C7,,-2000,-15000,-2000,15000,-9000,14000,1
15,-1,132,R1C8,,-1000,-15000,-1000,15000,-9000,14000,1
16,-9,132,R2C0,,-9000,-16000,-9000,16000,-9000,14000,1
16,-8,132,R2C1,,-8000,-16000,-8000,16000,-9000,14000,1
16,-7,132,R2C2,,-7000,-16000,-7000,16000,-9000,14000,1
16,-6,132,R2C3,,-6000,-16000,-6000,16000,-9000,14000,1
16,-5,132,R2C4,,-5000,-16000,-5000,16000,-9000,14000,1
16,-4,132,R2C5,,-4000,-16000,-4000,16000,-9000,14000,1
16,-3,132,R2C6,,-3000,-16000,-3000,16000,-9000,14000,1
16,-2,132,R2C7,,-2000,-16000,-2000,16000,-9000,14000,1
16,-1,132,R2C8,,-1000,-16000,-1000,16000,-9000,14000,1
17,-9,132,R3C0,,-9000,-17000,-9000,17000,-9000,14000,1
17,-8,132,R3C1,,-8000,-17000,-8000,17000,-9000,14000,1
17,-7,132,R3C2,,-7000,-17000,-7000,17000,-9000,14000,1
17,-6,132,R3C3,,-6000,-17000,-6000,17000,-9000,14000,1
17,-5,132,R3C4,,-5000,-17000,-5000,17000,-9000,14000,1
17,-4,132,R3C5,,-4000,-17000,-4000,17000,-9000,14000,1
17,-3,132,R3C6,,-3000,-17000,-3000,17000,-9000,14000,1
17,-2,132,R3C7,,-2000,-17000,-2000,17000,-9000,14000,1
17,-1,132,R3C8,,-1000,-17000,-1000,17000,-9000,14000,1
18,-9,132,R4C0,,-9000,-18000,-9000,18000,-9000,14000,1
18,-8,132,R4C1,,-8000,-18000,-8000,18000,-9000,14000,1
18,-7,132,R4C2,,-7000,-18000,-7000,18000,-9000,14000,1
18,-6,132,R4C3,,-6000,-18000,-6000,18000,-9000,14000,1
18,-5,132,R4C4,,-5000,-18000,-5000,18000,-9000,14000,1
18,-4,132,R4C5,,-4000,-18000,-4000,18000,-9000,14000,1
18,-3,132,R4C6,,-3000,-18000,-3000,18000,-9000,14000,1
18,-2,132,R4C7,,-2000,-18000,-2000,18000,-9000,14000,1
18,-1,132,R4C8,,-1000,-18000,-1000,18000,-9000,14000,1
19,-9,132,R5C0,,-9000,-19000,-9000,19000,-9000,14000,1
19,-8,132,R5C1,,-8000,-19000,-8000,19000,-9000,14000,1
19,-7,132,R5C2,,-7000,-19000,-7000,19000,-9000,14000,1
19,-6,132,R5C3,,-6000,-19000,-6000,19000,-9000,14000,1
19,-5,132,R5C4,,-5000,-19000,-5000,19000,-9000,14000,1
19,-4,132,R5C5,,-4000,-19000,-4000,19000,-9000,14000,1
19,-3,132,R5C6,,-3000,-19000,-3000,19000,-9000,14000,1
19,-2,132,R5C7,,-2000,-19000,-2000,19000,-9000,14000,1
19,-1,132,R5C8,,-1000,-19000,-1000,19000,-9000,14000,1
20,-9,132,R6C0,,-9000,-20000,-9000,20000,-9000,14000,1
20,-8,132,R6C1,,-8000,-20000,-8000,20000,-9000,14000,1
20,-7,132,R6C2,,-7000,-20000,-7000,20000,-9000,14000,1
20,-6,132,R6C3,,-6000,-20000,-6000,20000,-9000,14000,1
20,-5,132,R6C4,,-5000,-20000,-5000,20000,-9000,14000,1
20,-4,132,R6C5,,-4000,-20000,-4000,20000,-9000,14000,1
20,-3,132,R6C6,2-7-8-8,-3000,-20000,-3000,20000,-9000,14000,1
20,-2,132,R6C7,1-7-8-8,-2000,-20000,-2000,20000,-9000,14000,1
20,-1,132,R6C8,,-1000,-20000,-1000,20000,-9000,14000,1
14,-18,131,R0C0,,-18000,-14000,-18000,14000,-18000,14000,1
14,-17,131,R0C1,,-17000,-14000,-17000,14000,-18000,14000,1
14,-16,131,R0C2,,-16000,-14000,-16000,14000,-18000,14000,1
14,-15,131,R0C3,,-15000,-14000,-15000,14000,-18000,14000,1
14,-14,131,R0C4,,-14000,-14000,-14000,14000,-18000,14000,1
14,-13,131,R0C5,,-13000,-14000,-13000,14000,-18000,14000,1
14,-12,131,R0C6,,-12000,-14000,-12000,14000,-18000,14000,1
14,-11,131,R0C7,,-11000,-14000,-11000,14000,-18000,14000,1
14,-10,131,R0C8,,-10000,-14000,-10000,14000,-18000,14000,1
15,-18,131,R1C0,,-18000,-15000,-18000,15000,-18000,14000,1
15,-17,131,R1C1,,-17000,-15000,-17000,15000,-18000,14000,1
15,-16,131,R1C2,,-16000,-15000,-16000,15000,-18000,14000,1
15,-15,131,R1C3,,-15000,-15000,-15000,15000,-18000,14000,1
15,-14,131,R1C4,,-14000,-15000,-14000,15000,-18000,14000,1
15,-13,131,R1C5,,-13000,-15000,-13000,15000,-18000,14000,1
15,-12,131,R1C6,,-12000,-15000,-12000,15000,-18000,14000,1
15,-11,131,R1C7,,-11000,-15000,-11000,15000,-18000,14000,1
15,-10,131,R1C8,,-10000,-15000,-10000,15000,-18000,14000,1
16,-18,131,R2C0,,-18000,-16000,-18000,16000,-18000,14000,1
16,-17,131,R2C1,,-17000,-16000,-17000,16000,-18000,14000,1
16,-16,131,R2C2,,-16000,-16000,-16000,16000,-18000,14000,1
16,-15,131,R2C3,,-15000,-16000,-15000,16000,-18000,14000,1
16,-14,131,R2C4,,-14000,-16000,-14000,16000,-18000,14000,1
16,-13,131,R2C5,,-13000,-16000,-13000,16000,-18000,14000,1
16,-12,131,R2C6,,-12000,-16000,-12000,16000,-18000,14000,1
16,-11,131,R2C7,,-11000,-16000,-11000,16000,-18000,14000,1
16,-10,131,R2C8,,-10000,-16000,-10000,16000,-18000,14000,1
17,-18,131,R3C0,,-18000,-17000,-18000,17000,-18000,14000,1
17,-17,131,R3C1,,-17000,-17000,-17000,17000,-18000,14000,1
17,-16,131,R3C2,,-16000,-17000,-16000,17000,-18000,14000,1
17,-15,131,R3C3,,-15000,-17000,-15000,17000,-18000,14000,1
17,-14,131,R3C4,,-14000,-17000,-14000,17000,-18000,14000,1
17,-13,131,R3C5,,-13000,-17000,-13000,17000,-18000,14000,1
17,-12,131,R3C6,,-12000,-17000,-12000,17000,-18000,14000,1
17,-11,131,R3C7,,-11000,-17000,-11000,17000,-18000,14000,1
17,-10,131,R3C8,,-10000,-17000,-10000,17000,-18000,14000,1
18,-18,131,R4C0,,-18000,-18000,-18000,18000,-18000,14000,1
18,-17,131,R4C1,,-17000,-18000,-17000,18000,-18000,14000,1
18,-16,131,R4C2,,-16000,-18000,-16000,18000,-18000,14000,1
18,-15,131,R4C3,,-15000,-18000,-15000,18000,-18000,14000,1
18,-14,131,R4C4,,-14000,-18000,-14000,18000,-18000,14000,1
18,-13,131,R4C5,,-13000,-18000,-13000,18000,-18000,14000,1
18,-12,131,R4C6,,-12000,-18000,-12000,18000,-18000,14000,1
18,-11,131,R4C7,,-11000,-18000,-11000,18000,-18000,14000,1
18,-10,131,R4C8,,-10000,-18000,-10000,18000,-18000,14000,1
19,-18,131,R5C0,,-18000,-19000,-18000,19000,-18000,14000,1
19,-17,131,R5C1,,-17000,-19000,-17000,19000,-18000,14000,1
19,-16,131,R5C2,,-16000,-19000,-16000,19000,-18000,14000,1
19,-15,131,R5C3,,-15000,-19000,-15000,19000,-18000,14000,1
19,-14,131,R5C4,,-14000,-19000,-14000,19000,-18000,14000,1
19,-13,131,R5C5,,-13000,-19000,-13000,19000,-18000,14000,1
19,-12,131,R5C6,,-12000,-19000,-12000,19000,-18000,14000,1
19,-11,131,R5C7,,-11000,-19000,-11000,19000,-18000,14000,1
19,-10,131,R5C8,,-10000,-19000,-10000,19000,-18000,14000,1
20,-18,131,R6C0,,-18000,-20000,-18000,20000,-18000,14000,1
20,-17,131,R6C1,,-17000,-20000,-17000,20000,-18000,14000,1
20,-16,131,R6C2,,-16000,-20000,-16000,20000,-18000,14000,1
20,-15,131,R6C3,,-15000,-20000,-15000,20000,-18000,14000,1
20,-14,131,R6C4,,-14000,-20000,-14000,20000,-18000,14000,1
20,-13,131,R6C5,,-13000,-20000,-13000,20000,-18000,14000,1
20,-12,131,R6C6,2-7-9-8,-12000,-20000,-12000,20000,-18000,14000,1
20,-11,131,R6C7,1-7-9-8,-11000,-20000,-11000,20000,-18000,14000,1
20,-10,131,R6C8,,-10000,-20000,-10000,20000,-18000,14000,1
-49,-45,11,R0C0,,-45000,49000,-45000,-49000,-45000,-49000,1
-49,-44,11,R0C1,,-44000,49000,-44000,-49000,-45000,-49000,1
-49,-43,11,R0C2,,-43000,49000,-43000,-49000,-45000,-49000,1
-49,-42,11,R0C3,,-42000,49000,-42000,-49000,-45000,-49000,1
-49,-41,11,R0C4,,-41000,49000,-41000,-49000,-45000,-49000,1
-49,-40,11,R0C5,,-40000,49000,-40000,-49000,-45000,-49000,1
-49,-39,11,R0C6,,-39000,49000,-39000,-49000,-45000,-49000,1
-49,-38,11,R0C7,,-38000,49000,-38000,-49000,-45000,-49000,1
-49,-37,11,R0C8,,-37000,49000,-37000,-49000,-45000,-49000,1
-48,-45,11,R1C0,,-45000,48000,-45000,-48000,-45000,-49000,1
-48,-44,11,R1C1,,-44000,48000,-44000,-48000,-45000,-49000,1
-48,-43,11,R1C2,,-43000,48000,-43000,-48000,-45000,-49000,1
-48,-42,11,R1C3,,-42000,48000,-42000,-48000,-45000,-49000,1
-48,-41,11,R1C4,,-41000,48000,-41000,-48000,-45000,-49000,1
-48,-40,11,R1C5,,-40000,48000,-40000,-48000,-45000,-49000,1
-48,-39,11,R1C6,,-39000,48000,-39000,-48000,-45000,-49000,1
-48,-38,11,R1C7,,-38000,48000,-38000,-48000,-45000,-49000,1
-48,-37,11,R1C8,,-37000,48000,-37000,-48000,-45000,-49000,1
-47,-45,11,R2C0,,-45000,47000,-45000,-47000,-45000,-49000,1
-47,-44,11,R2C1,,-44000,47000,-44000,-47000,-45000,-49000,1
-47,-43,11,R2C2,,-43000,47000,-43000,-47000,-45000,-49000,1
-47,-42,11,R2C3,,-42000,47000,-42000,-47000,-45000,-49000,1
-47,-41,11,R2C4,,-41000,47000,-41000,-47000,-45000,-49000,1
-47,-40,11,R2C5,,-40000,47000,-40000,-47000,-45000,-49000,1
-47,-39,11,R2C6,,-39000,47000,-39000,-47000,-45000,-49000,1
-47,-38,11,R2C7,,-38000,47000,-38000,-47000,-45000,-49000,1
-47,-37,11,R2C8,,-37000,47000,-37000,-47000,-45000,-49000,1
-46,-45,11,R3C0,,-45000,46000,-45000,-46000,-45000,-49000,1
-46,-44,11,R3C1,,-44000,46000,-44000,-46000,-45000,-49000,1
-46,-43,11,R3C2,,-43000,46000,-43000,-46000,-45000,-49000,1
-46,-42,11,R3C3,,-42000,46000,-42000,-46000,-45000,-49000,1
-46,-41,11,R3C4,,-41000,46000,-41000,-46000,-45000,-49000,1
-46,-40,11,R3C5,,-40000,46000,-40000,-46000,-45000,-49000,1
-46,-39,11,R3C6,,-39000,46000,-39000,-46000,-45000,-49000,1
-46,-38,11,R3C7,,-38000,46000,-38000,-46000,-45000,-49000,1
-46,-37,11,R3C8,,-37000,46000,-37000,-46000,-45000,-49000,1
-45,-45,11,R4C0,,-45000,45000,-45000,-45000,-45000,-49000,1
-45,-44,11,R4C1,,-44000,45000,-44000,-45000,-45000,-49000,1
-45,-43,11,R4C2,,-43000,45000,-43000,-45000,-45000,-49000,1
-45,-42,11,R4C3,,-42000,45000,-42000,-45000,-45000,-49000,1
-45,-41,11,R4C4,,-41000,45000,-41000,-45000,-45000,-49000,1
-45,-40,11,R4C5,,-40000,45000,-40000,-45000,-45000,-49000,1
-45,-39,11,R4C6,,-39000,45000,-39000,-45000,-45000,-49000,1
-45,-38,11,R4C7,,-38000,45000,-38000,-45000,-45000,-49000,1
-45,-37,11,R4C8,,-37000,45000,-37000,-45000,-45000,-49000,1
-44,-45,11,R5C0,,-45000,44000,-45000,-44000,-45000,-49000,1
-44,-44,11,R5C1,,-44000,44000,-44000,-44000,-45000,-49000,1
-44,-43,11,R5C2,,-43000,44000,-43000,-44000,-45000,-49000,1
-44,-42,11,R5C3,,-42000,44000,-42000,-44000,-45000,-49000,1
-44,-41,11,R5C4,,-41000,44000,-41000,-44000,-45000,-49000,1
-44,-40,11,R5C5,,-40000,44000,-40000,-44000,-45000,-49000,1
-44,-39,11,R5C6,,-39000,44000,-39000,-44000,-45000,-49000,1
-44,-38,11,R5C7,,-38000,44000,-38000,-44000,-45000,-49000,1
-44,-37,11,R5C8,,-37000,44000,-37000,-44000,-45000,-49000,1
-43,-45,11,R6C0,,-45000,43000,-45000,-43000,-45000,-49000,1
-43,-44,11,R6C1,,-44000,43000,-44000,-43000,-45000,-49000,1
-43,-43,11,R6C2,,-43000,43000,-43000,-43000,-45000,-49000,1
-43,-42,11,R6C3,,-42000,43000,-42000,-43000,-45000,-49000,1
-43,-41,11,R6C4,,-41000,43000,-41000,-43000,-45000,-49000,1
-43,-40,11,R6C5,,-40000,43000,-40000,-43000,-45000,-49000,1
-43,-39,11,R6C6,2-7-12-17,-39000,43000,-39000,-43000,-45000,-49000,1
-43,-38,11,R6C7,1-7-12-17,-38000,43000,-38000,-43000,-45000,-49000,1
-43,-37,11,R6C8,,-37000,43000,-37000,-43000,-45000,-49000,1
-56,-27,5,R0C0,,-27000,56000,-27000,-56000,-27000,-56000,1
-56,-26,5,R0C1,,-26000,56000,-26000,-56000,-27000,-56000,1
-56,-25,5,R0C2,,-25000,56000,-25000,-56000,-27000,-56000,1
-56,-24,5,R0C3,,-24000,56000,-24000,-56000,-27000,-56000,1
-56,-23,5,R0C4,,-23000,56000,-23000,-56000,-27000,-56000,1
-56,-22,5,R0C5,,-22000,56000,-22000,-56000,-27000,-56000,1
-56,-21,5,R0C6,,-21000,56000,-21000,-56000,-27000,-56000,1
-56,-20,5,R0C7,,-20000,56000,-20000,-56000,-27000,-56000,1
-56,-19,5,R0C8,,-19000,56000,-19000,-56000,-27000,-56000,1
-55,-27,5,R1C0,,-27000,55000,-27000,-55000,-27000,-56000,1
-55,-26,5,R1C1,,-26000,55000,-26000,-55000,-27000,-56000,1
-55,-25,5,R1C2,,-25000,55000,-25000,-55000,-27000,-56000,1
-55,-24,5,R1C3,,-24000,55000,-24000,-55000,-27000,-56000,1
-55,-23,5,R1C4,,-23000,55000,-23000,-55000,-27000,-56000,1
-55,-22,5,R1C5,,-22000,55000,-22000,-55000,-27000,-56000,1
-55,-21,5,R1C6,,-21000,55000,-21000,-55000,-27000,-56000,1
-55,-20,5,R1C7,,-20000,55000,-20000,-55000,-27000,-56000,1
-55,-19,5,R1C8,,-19000,55000,-19000,-55000,-27000,-56000,1
-54,-27,5,R2C0,,-27000,54000,-27000,-54000,-27000,-56000,1
-54,-26,5,R2C1,,-26000,54000,-26000,-54000,-27000,-56000,1
-54,-25,5,R2C2,,-25000,54000,-25000,-54000,-27000,-56000,1
-54,-24,5,R2C3,,-24000,54000,-24000,-54000,-27000,-56000,1
-54,-23,5,R2C4,,-23000,54000,-23000,-54000,-27000,-56000,1
-54,-22,5,R2C5,,-22000,54000,-22000,-54000,-27000,-56000,1
-54,-21,5,R2C6,,-21000,54000,-21000,-54000,-27000,-56000,1
-54,-20,5,R2C7,,-20000,54000,-20000,-54000,-27000,-56000,1
-54,-19,5,R2C8,,-19000,54000,-19000,-54000,-27000,-56000,1
-53,-27,5,R3C0,,-27000,53000,-27000,-53000,-27000,-56000,1
-53,-26,5,R3C1,,-26000,53000,-26000,-53000,-27000,-56000,1
-53,-25,5,R3C2,,-25000,53000,-25000,-53000,-27000,-56000,1
-53,-24,5,R3C3,,-24000,53000,-24000,-53000,-27000,-56000,1
-53,-23,5,R3C4,,-23000,53000,-23000,-53000,-27000,-56000,1
-53,-22,5,R3C5,,-22000,53000,-22000,-53000,-27000,-56000,1
-53,-21,5,R3C6,,-21000,53000,-21000,-53000,-27000,-56000,1
-53,-20,5,R3C7,,-20000,53000,-20000,-53000,-27000,-56000,1
-53,-19,5,R3C8,,-19000,53000,-19000,-53000,-27000,-56000,1
-52,-27,5,R4C0,,-27000,52000,-27000,-52000,-27000,-56000,1
-52,-26,5,R4C1,,-26000,52000,-26000,-52000,-27000,-56000,1
-52,-25,5,R4C2,,-25000,52000,-25000,-52000,-27000,-56000,1
-52,-24,5,R4C3,,-24000,52000,-24000,-52000,-27000,-56000,1
-52,-23,5,R4C4,,-23000,52000,-23000,-52000,-27000,-56000,1
-52,-22,5,R4C5,,-22000,52000,-22000,-52000,-27000,-56000,1
-52,-21,5,R4C6,,-21000,52000,-21000,-52000,-27000,-56000,1
-52,-20,5,R4C7,,-20000,52000,-20000,-52000,-27000,-56000,1
-52,-19,5,R4C8,,-19000,52000,-19000,-52000,-27000,-56000,1
-51,-27,5,R5C0,,-27000,51000,-27000,-51000,-27000,-56000,1
-51,-26,5,R5C1,,-26000,51000,-26000,-51000,-27000,-56000,1
-51,-25,5,R5C2,,-25000,51000,-25000,-51000,-27000,-56000,1
-51,-24,5,R5C3,,-24000,51000,-24000,-51000,-27000,-56000,1
-51,-23,5,R5C4,,-23000,51000,-23000,-51000,-27000,-56000,1
-51,-22,5,R5C5,,-22000,51000,-22000,-51000,-27000,-56000,1
-51,-21,5,R5C6,,-21000,51000,-21000,-51000,-27000,-56000,1
-51,-20,5,R5C7,,-20000,51000,-20000,-51000,-27000,-56000,1
-51,-19,5,R5C8,,-19000,51000,-19000,-51000,-27000,-56000,1
-50,-27,5,R6C0,,-27000,50000,-27000,-50000,-27000,-56000,1
-50,-26,5,R6C1,,-26000,50000,-26000,-50000,-27000,-56000,1
-50,-25,5,R6C2,,-25000,50000,-25000,-50000,-27000,-56000,1
-50,-24,5,R6C3,,-24000,50000,-24000,-50000,-27000,-56000,1
-50,-23,5,R6C4,,-23000,50000,-23000,-50000,-27000,-56000,1
-50,-22,5,R6C5,,-22000,50000,-22000,-50000,-27000,-56000,1
-50,-21,5,R6C6,2-7-10-18,-21000,50000,-21000,-50000,-27000,-56000,1
-50,-20,5,R6C7,1-7-10-18,-20000,50000,-20000,-50000,-27000,-56000,1
-50,-19,5,R6C8,,-19000,50000,-19000,-50000,-27000,-56000,1
-63,-9,2,R0C0,,-9000,63000,-9000,-63000,-9000,-63000,1
-63,-8,2,R0C1,,-8000,63000,-8000,-63000,-9000,-63000,1
-63,-7,2,R0C2,,-7000,63000,-7000,-63000,-9000,-63000,1
-63,-6,2,R0C3,,-6000,63000,-6000,-63000,-9000,-63000,1
-63,-5,2,R0C4,,-5000,63000,-5000,-63000,-9000,-63000,1
-63,-4,2,R0C5,,-4000,63000,-4000,-63000,-9000,-63000,1
-63,-3,2,R0C6,,-3000,63000,-3000,-63000,-9000,-63000,1
-63,-2,2,R0C7,,-2000,63000,-2000,-63000,-9000,-63000,1
-63,-1,2,R0C8,,-1000,63000,-1000,-63000,-9000,-63000,1
-62,-9,2,R1C0,,-9000,62000,-9000,-62000,-9000,-63000,1
-62,-8,2,R1C1,,-8000,62000,-8000,-62000,-9000,-63000,1
-62,-7,2,R1C2,,-7000,62000,-7000,-62000,-9000,-63000,1
-62,-6,2,R1C3,,-6000,62000,-6000,-62000,-9000,-63000,1
-62,-5,2,R1C4,,-5000,62000,-5000,-62000,-9000,-63000,1
-62,-4,2,R1C5,,-4000,62000,-4000,-62000,-9000,-63000,1
-62,-3,2,R1C6,,-3000,62000,-3000,-62000,-9000,-63000,1
-62,-2,2,R1C7,,-2000,62000,-2000,-62000,-9000,-63000,1
-62,-1,2,R1C8,,-1000,62000,-1000,-62000,-9000,-63000,1
-61,-9,2,R2C0,,-9000,61000,-9000,-61000,-9000,-63000,1
-61,-8,2,R2C1,,-8000,61000,-8000,-61000,-9000,-63000,1
-61,-7,2,R2C2,,-7000,61000,-7000,-61000,-9000,-63000,1
-61,-6,2,R2C3,,-6000,61000,-6000,-61000,-9000,-63000,1
-61,-5,2,R2C4,,-5000,61000,-5000,-61000,-9000,-63000,1
-61,-4,2,R2C5,,-4000,61000,-4000,-61000,-9000,-63000,1
-61,-3,2,R2C6,,-3000,61000,-3000,-61000,-9000,-63000,1
-61,-2,2,R2C7,,-2000,61000,-2000,-61000,-9000,-63000,1
-61,-1,2,R2C8,,-1000,61000,-1000,-61000,-9000,-63000,1
-60,-9,2,R3C0,,-9000,60000,-9000,-60000,-9000,-63000,1
-60,-8,2,R3C1,,-8000,60000,-8000,-60000,-9000,-63000,1
-60,-7,2,R3C2,,-7000,60000,-7000,-60000,-9000,-63000,1
-60,-6,2,R3C3,,-6000,60000,-6000,-60000,-9000,-63000,1
-60,-5,2,R3C4,,-5000,60000,-5000,-60000,-9000,-63000,1
-60,-4,2,R3C5,,-4000,60000,-4000,-60000,-9000,-63000,1
-60,-3,2,R3C6,,-3000,60000,-3000,-60000,-9000,-63000,1
-60,-2,2,R3C7,,-2000,60000,-2000,-60000,-9000,-63000,1
-60,-1,2,R3C8,,-1000,60000,-1000,-60000,-9000,-63000,1
-59,-9,2,R4C0,,-9000,59000,-9000,-59000,-9000,-63000,1
-59,-8,2,R4C1,,-8000,59000,-8000,-59000,-9000,-63000,1
-59,-7,2,R4C2,,-7000,59000,-7000,-59000,-9000,-63000,1
-59,-6,2,R4C3,,-6000,59000,-6000,-59000,-9000,-63000,1
-59,-5,2,R4C4,,-5000,59000,-5000,-59000,-9000,-63000,1
-59,-4,2,R4C5,,-4000,59000,-4000,-59000,-9000,-63000,1
-59,-3,2,R4C6,,-3000,59000,-3000,-59000,-9000,-63000,1
-59,-2,2,R4C7,,-2000,59000,-2000,-59000,-9000,-63000,1
-59,-1,2,R4C8,,-1000,59000,-1000,-59000,-9000,-63000,1
-58,-9,2,R5C0,,-9000,58000,-9000,-58000,-9000,-63000,1
-58,-8,2,R5C1,,-8000,58000,-8000,-58000,-9000,-63000,1
-58,-7,2,R5C2,,-7000,58000,-7000,-58000,-9000,-63000,1
-58,-6,2,R5C3,,-6000,58000,-6000,-58000,-9000,-63000,1
-58,-5,2,R5C4,,-5000,58000,-5000,-58000,-9000,-63000,1
-58,-4,2,R5C5,,-4000,58000,-4000,-58000,-9000,-63000,1
-58,-3,2,R5C6,,-3000,58000,-3000,-58000,-9000,-63000,1
-58,-2,2,R5C7,,-2000,58000,-2000,-58000,-9000,-63000,1
-58,-1,2,R5C8,,-1000,58000,-1000,-58000,-9000,-63000,1
-57,-9,2,R6C0,,-9000,57000,-9000,-57000,-9000,-63000,1
-57,-8,2,R6C1,,-8000,57000,-8000,-57000,-9000,-63000,1
-57,-7,2,R6C2,,-7000,57000,-7000,-57000,-9000,-63000,1
-57,-6,2,R6C3,,-6000,57000,-6000,-57000,-9000,-63000,1
-57,-5,2,R6C4,,-5000,57000,-5000,-57000,-9000,-63000,1
-57,-4,2,R6C5,,-4000,57000,-4000,-57000,-9000,-63000,1
-57,-3,2,R6C6,2-7-8-19,-3000,57000,-3000,-57000,-9000,-63000,1
-57,-2,2,R6C7,1-7-8-19,-2000,57000,-2000,-57000,-9000,-63000,1
-57,-1,2,R6C8,,-1000,57000,-1000,-57000,-9000,-63000,1
-63,-18,1,R0C0,,-18000,63000,-18000,-63000,-18000,-63000,1
-63,-17,1,R0C1,,-17000,63000,-17000,-63000,-18000,-63000,1
-63,-16,1,R0C2,,-16000,63000,-16000,-63000,-18000,-63000,1
-63,-15,1,R0C3,,-15000,63000,-15000,-63000,-18000,-63000,1
-63,-14,1,R0C4,,-14000,63000,-14000,-63000,-18000,-63000,1
-63,-13,1,R0C5,,-13000,63000,-13000,-63000,-18000,-63000,1
-63,-12,1,R0C6,,-12000,63000,-12000,-63000,-18000,-63000,1
-63,-11,1,R0C7,,-11000,63000,-11000,-63000,-18000,-63000,1
-63,-10,1,R0C8,,-10000,63000,-10000,-63000,-18000,-63000,1
-62,-18,1,R1C0,,-18000,62000,-18000,-62000,-18000,-63000,1
-62,-17,1,R1C1,,-17000,62000,-17000,-62000,-18000,-63000,1
-62,-16,1,R1C2,,-16000,62000,-16000,-62000,-18000,-63000,1
-62,-15,1,R1C3,,-15000,62000,-15000,-62000,-18000,-63000,1
-62,-14,1,R1C4,,-14000,62000,-14000,-62000,-18000,-63000,1
-62,-13,1,R1C5,,-13000,62000,-13000,-62000,-18000,-63000,1
-62,-12,1,R1C6,,-12000,62000,-12000,-62000,-18000,-63000,1
-62,-11,1,R1C7,,-11000,62000,-11000,-62000,-18000,-63000,1
-62,-10,1,R1C8,,-10000,62000,-10000,-62000,-18000,-63000,1
-61,-18,1,R2C0,,-18000,61000,-18000,-61000,-18000,-63000,1
-61,-17,1,R2C1,,-17000,61000,-17000,-61000,-18000,-63000,1
-61,-16,1,R2C2,,-16000,61000,-16000,-61000,-18000,-63000,1
-61,-15,1,R2C3,,-15000,61000,-15000,-61000,-18000,-63000,1
-61,-14,1,R2C4,,-14000,61000,-14000,-61000,-18000,-63000,1
-61,-13,1,R2C5,,-13000,61000,-13000,-61000,-18000,-63000,1
-61,-12,1,R2C6,,-12000,61000,-12000,-61000,-18000,-63000,1
-61,-11,1,R2C7,,-11000,61000,-11000,-61000,-18000,-63000,1
-61,-10,1,R2C8,,-10000,61000,-10000,-61000,-18000,-63000,1
-60,-18,1,R3C0,,-18000,60000,-18000,-60000,-18000,-63000,1
-60,-17,1,R3C1,,-17000,60000,-17000,-60000,-18000,-63000,1
-60,-16,1,R3C2,,-16000,60000,-16000,-60000,-18000,-63000,1
-60,-15,1,R3C3,,-15000,60000,-15000,-60000,-18000,-63000,1
-60,-14,1,R3C4,,-14000,60000,-14000,-60000,-18000,-63000,1
-60,-13,1,R3C5,,-13000,60000,-13000,-60000,-18000,-63000,1
-60,-12,1,R3C6,,-12000,60000,-12000,-60000,-18000,-63000,1
-60,-11,1,R3C7,,-11000,60000,-11000,-60000,-18000,-63000,1
-60,-10,1,R3C8,,-10000,60000,-10000,-60000,-18000,-63000,1
-59,-18,1,R4C0,,-18000,59000,-18000,-59000,-18000,-63000,1
-59,-17,1,R4C1,,-17000,59000,-17000,-59000,-18000,-63000,1
-59,-16,1,R4C2,,-16000,59000,-16000,-59000,-18000,-63000,1
-59,-15,1,R4C3,,-15000,59000,-15000,-59000,-18000,-63000,1
-59,-14,1,R4C4,,-14000,59000,-14000,-59000,-18000,-63000,1
-59,-13,1,R4C5,,-13000,59000,-13000,-59000,-18000,-63000,1
-59,-12,1,R4C6,,-12000,59000,-12000,-59000,-18000,-63000,1
-59,-11,1,R4C7,,-11000,59000,-11000,-59000,-18000,-63000,1
-59,-10,1,R4C8,,-10000,59000,-10000,-59000,-18000,-63000,1
-58,-18,1,R5C0,,-18000,58000,-18000,-58000,-18000,-63000,1
-58,-17,1,R5C1,,-17000,58000,-17000,-58000,-18000,-63000,1
-58,-16,1,R5C2,,-16000,58000,-16000,-58000,-18000,-63000,1
-58,-15,1,R5C3,,-15000,58000,-15000,-58000,-18000,-63000,1
-58,-14,1,R5C4,,-14000,58000,-14000,-58000,-18000,-63000,1
-58,-13,1,R5C5,,-13000,58000,-13000,-58000,-18000,-63000,1
-58,-12,1,R5C6,,-12000,58000,-12000,-58000,-18000,-63000,1
-58,-11,1,R5C7,,-11000,58000,-11000,-58000,-18000,-63000,1
-58,-10,1,R5C8,,-10000,58000,-10000,-58000,-18000,-63000,1
-57,-18,1,R6C0,,-18000,57000,-18000,-57000,-18000,-63000,1
-57,-17,1,R6C1,,-17000,57000,-17000,-57000,-18000,-63000,1
-57,-16,1,R6C2,,-16000,57000,-16000,-57000,-18000,-63000,1
-57,-15,1,R6C3,,-15000,57000,-15000,-57000,-18000,-63000,1
-57,-14,1,R6C4,,-14000,57000,-14000,-57000,-18000,-63000,1
-57,-13,1,R6C5,,-13000,57000,-13000,-57000,-18000,-63000,1
-57,-12,1,R6C6,2-7-9-19,-12000,57000,-12000,-57000,-18000,-63000,1
-57,-11,1,R6C7,1-7-9-19,-11000,57000,-11000,-57000,-18000,-63000,1
-57,-10,1,R6C8,,-10000,57000,-10000,-57000,-18000,-63000,1
42,-9,181,R0C0,,-9000,-42000,-9000,42000,-9000,42000,1
42,-8,181,R0C1,,-8000,-42000,-8000,42000,-9000,42000,1
42,-7,181,R0C2,,-7000,-42000,-7000,42000,-9000,42000,1
42,-6,181,R0C3,,-6000,-42000,-6000,42000,-9000,42000,1
42,-5,181,R0C4,,-5000,-42000,-5000,42000,-9000,42000,1
42,-4,181,R0C5,,-4000,-42000,-4000,42000,-9000,42000,1
42,-3,181,R0C6,,-3000,-42000,-3000,42000,-9000,42000,1
42,-2,181,R0C7,,-2000,-42000,-2000,42000,-9000,42000,1
42,-1,181,R0C8,,-1000,-42000,-1000,42000,-9000,42000,1
43,-9,181,R1C0,,-9000,-43000,-9000,43000,-9000,42000,1
43,-8,181,R1C1,,-8000,-43000,-8000,43000,-9000,42000,1
43,-7,181,R1C2,,-7000,-43000,-7000,43000,-9000,42000,1
43,-6,181,R1C3,,-6000,-43000,-6000,43000,-9000,42000,1
43,-5,181,R1C4,,-5000,-43000,-5000,43000,-9000,42000,1
43,-4,181,R1C5,,-4000,-43000,-4000,43000,-9000,42000,1
43,-3,181,R1C6,,-3000,-43000,-3000,43000,-9000,42000,1
43,-2,181,R1C7,,-2000,-43000,-2000,43000,-9000,42000,1
43,-1,181,R1C8,,-1000,-43000,-1000,43000,-9000,42000,1
44,-9,181,R2C0,,-9000,-44000,-9000,44000,-9000,42000,1
44,-8,181,R2C1,,-8000,-44000,-8000,44000,-9000,42000,1
44,-7,181,R2C2,,-7000,-44000,-7000,44000,-9000,42000,1
44,-6,181,R2C3,,-6000,-44000,-6000,44000,-9000,42000,1
44,-5,181,R2C4,,-5000,-44000,-5000,44000,-9000,42000,1
44,-4,181,R2C5,,-4000,-44000,-4000,44000,-9000,42000,1
44,-3,181,R2C6,,-3000,-44000,-3000,44000,-9000,42000,1
44,-2,181,R2C7,,-2000,-44000,-2000,44000,-9000,42000,1
44,-1,181,R2C8,,-1000,-44000,-1000,44000,-9000,42000,1
45,-9,181,R3C0,,-9000,-45000,-9000,45000,-9000,42000,1
45,-8,181,R3C1,,-8000,-45000,-8000,45000,-9000,42000,1
45,-7,181,R3C2,,-7000,-45000,-7000,45000,-9000,42000,1
45,-6,181,R3C3,,-6000,-45000,-6000,45000,-9000,42000,1
45,-5,181,R3C4,,-5000,-45000,-5000,45000,-9000,42000,1
45,-4,181,R3C5,,-4000,-45000,-4000,45000,-9000,42000,1
45,-3,181,R3C6,,-3000,-45000,-3000,45000,-9000,42000,1
45,-2,181,R3C7,,-2000,-45000,-2000,45000,-9000,42000,1
45,-1,181,R3C8,,-1000,-45000,-1000,45000,-9000,42000,1
46,-9,181,R4C0,,-9000,-46000,-9000,46000,-9000,42000,1
46,-8,181,R4C1,,-8000,-46000,-8000,46000,-9000,42000,1
46,-7,181,R4C2,,-7000,-46000,-7000,46000,-9000,42000,1
46,-6,181,R4C3,,-6000,-46000,-6000,46000,-9000,42000,1
46,-5,181,R4C4,,-5000,-46000,-5000,46000,-9000,42000,1
46,-4,181,R4C5,,-4000,-46000,-4000,46000,-9000,42000,1
46,-3,181,R4C6,,-3000,-46000,-3000,46000,-9000,42000,1
46,-2,181,R4C7,,-2000,-46000,-2000,46000,-9000,42000,1
46,-1,181,R4C8,,-1000,-46000,-1000,46000,-9000,42000,1
47,-9,181,R5C0,,-9000,-47000,-9000,47000,-9000,42000,1
47,-8,181,R5C1,,-8000,-47000,-8000,47000,-9000,42000,1
47,-7,181,R5C2,,-7000,-47000,-7000,47000,-9000,42000,1
47,-6,181,R5C3,,-6000,-47000,-6000,47000,-9000,42000,1
47,-5,181,R5C4,,-5000,-47000,-5000,47000,-9000,42000,1
47,-4,181,R5C5,,-4000,-47000,-4000,47000,-9000,42000,1
47,-3,181,R5C6,,-3000,-47000,-3000,47000,-9000,42000,1
47,-2,181,R5C7,,-2000,-47000,-2000,47000,-9000,42000,1
47,-1,181,R5C8,,-1000,-47000,-1000,47000,-9000,42000,1
48,-9,181,R6C0,,-9000,-48000,-9000,48000,-9000,42000,1
48,-8,181,R6C1,,-8000,-48000,-8000,48000,-9000,42000,1
48,-7,181,R6C2,,-7000,-48000,-7000,48000,-9000,42000,1
48,-6,181,R6C3,,-6000,-48000,-6000,48000,-9000,42000,1
48,-5,181,R6C4,,-5000,-48000,-5000,48000,-9000,42000,1
48,-4,181,R6C5,,-4000,-48000,-4000,48000,-9000,42000,1
48,-3,181,R6C6,2-7-8-4,-3000,-48000,-3000,48000,-9000,42000,1
48,-2,181,R6C7,1-7-8-4,-2000,-48000,-2000,48000,-9000,42000,1
48,-1,181,R6C8,,-1000,-48000,-1000,48000,-9000,42000,1
42,-18,180,R0C0,,-18000,-42000,-18000,42000,-18000,42000,1
42,-17,180,R0C1,,-17000,-42000,-17000,42000,-18000,42000,1
42,-16,180,R0C2,,-16000,-42000,-16000,42000,-18000,42000,1
42,-15,180,R0C3,,-15000,-42000,-15000,42000,-18000,42000,1
42,-14,180,R0C4,,-14000,-42000,-14000,42000,-18000,42000,1
42,-13,180,R0C5,,-13000,-42000,-13000,42000,-18000,42000,1
42,-12,180,R0C6,,-12000,-42000,-12000,42000,-18000,42000,1
42,-11,180,R0C7,,-11000,-42000,-11000,42000,-18000,42000,1
42,-10,180,R0C8,,-10000,-42000,-10000,42000,-18000,42000,1
43,-18,180,R1C0,,-18000,-43000,-18000,43000,-18000,42000,1
43,-17,180,R1C1,,-17000,-43000,-17000,43000,-18000,42000,1
43,-16,180,R1C2,,-16000,-43000,-16000,43000,-18000,42000,1
43,-15,180,R1C3,,-15000,-43000,-15000,43000,-18000,42000,1
43,-14,180,R1C4,,-14000,-43000,-14000,43000,-18000,42000,1
43,-13,180,R1C5,,-13000,-43000,-13000,43000,-18000,42000,1
43,-12,180,R1C6,,-12000,-43000,-12000,43000,-18000,42000,1
43,-11,180,R1C7,,-11000,-43000,-11000,43000,-18000,42000,1
43,-10,180,R1C8,,-10000,-43000,-10000,43000,-18000,42000,1
44,-18,180,R2C0,,-18000,-44000,-18000,44000,-18000,42000,1
44,-17,180,R2C1,,-17000,-44000,-17000,44000,-18000,42000,1
44,-16,180,R2C2,,-16000,-44000,-16000,44000,-18000,42000,1
44,-15,180,R2C3,,-15000,-44000,-15000,44000,-18000,42000,1
44,-14,180,R2C4,,-14000,-44000,-14000,44000,-18000,42000,1
44,-13,180,R2C5,,-13000,-44000,-13000,44000,-18000,42000,1
44,-12,180,R2C6,,-12000,-44000,-12000,44000,-18000,42000,1
44,-11,180,R2C7,,-11000,-44000,-11000,44000,-18000,42000,1
44,-10,180,R2C8,,-10000,-44000,-10000,44000,-18000,42000,1
45,-18,180,R3C0,,-18000,-45000,-18000,45000,-18000,42000,1
45,-17,180,R3C1,,-17000,-45000,-17000,45000,-18000,42000,1
45,-16,180,R3C2,,-16000,-45000,-16000,45000,-18000,42000,1
45,-15,180,R3C3,,-15000,-45000,-15000,45000,-18000,42000,1
45,-14,180,R3C4,,-14000,-45000,-14000,45000,-18000,42000,1
45,-13,180,R3C5,,-13000,-45000,-13000,45000,-18000,42000,1
45,-12,180,R3C6,,-12000,-45000,-12000,45000,-18000,42000,1
45,-11,180,R3C7,,-11000,-45000,-11000,45000,-18000,42000,1
45,-10,180,R3C8,,-10000,-45000,-10000,45000,-18000,42000,1
46,-18,180,R4C0,,-18000,-46000,-18000,46000,-18000,42000,1
46,-17,180,R4C1,,-17000,-46000,-17000,46000,-18000,42000,1
46,-16,180,R4C2,,-16000,-46000,-16000,46000,-18000,42000,1
46,-15,180,R4C3,,-15000,-46000,-15000,46000,-18000,42000,1
46,-14,180,R4C4,,-14000,-46000,-14000,46000,-18000,42000,1
46,-13,180,R4C5,,-13000,-46000,-13000,46000,-18000,42000,1
46,-12,180,R4C6,,-12000,-46000,-12000,46000,-18000,42000,1
46,-11,180,R4C7,,-11000,-46000,-11000,46000,-18000,42000,1
46,-10,180,R4C8,,-10000,-46000,-10000,46000,-18000,42000,1
47,-18,180,R5C0,,-18000,-47000,-18000,47000,-18000,42000,1
47,-17,180,R5C1,,-17000,-47000,-17000,47000,-18000,42000,1
47,-16,180,R5C2,,-16000,-47000,-16000,47000,-18000,42000,1
47,-15,180,R5C3,,-15000,-47000,-15000,47000,-18000,42000,1
47,-14,180,R5C4,,-14000,-47000,-14000,47000,-18000,42000,1
47,-13,180,R5C5,,-13000,-47000,-13000,47000,-18000,42000,1
47,-12,180,R5C6,,-12000,-47000,-12000,47000,-18000,42000,1
47,-11,180,R5C7,,-11000,-47000,-11000,47000,-18000,42000,1
47,-10,180,R5C8,,-10000,-47000,-10000,47000,-18000,42000,1
48,-18,180,R6C0,,-18000,-48000,-18000,48000,-18000,42000,1
48,-17,180,R6C1,,-17000,-48000,-17000,48000,-18000,42000,1
48,-16,180,R6C2,,-16000,-48000,-16000,48000,-18000,42000,1
48,-15,180,R6C3,,-15000,-48000,-15000,48000,-18000,42000,1
48,-14,180,R6C4,,-14000,-48000,-14000,48000,-18000,42000,1
48,-13,180,R6C5,,-13000,-48000,-13000,48000,-18000,42000,1
48,-12,180,R6C6,2-7-9-4,-12000,-48000,-12000,48000,-18000,42000,1
48,-11,180,R6C7,1-7-9-4,-11000,-48000,-11000,48000,-18000,42000,1
48,-10,180,R6C8,,-10000,-48000,-10000,48000,-18000,42000,1
-7,-54,83,R0C0,,-54000,7000,-54000,-7000,-54000,-7000,1
-7,-53,83,R0C1,,-53000,7000,-53000,-7000,-54000,-7000,1
-7,-52,83,R0C2,,-52000,7000,-52000,-7000,-54000,-7000,1
-7,-51,83,R0C3,,-51000,7000,-51000,-7000,-54000,-7000,1
-7,-50,83,R0C4,,-50000,7000,-50000,-7000,-54000,-7000,1
-7,-49,83,R0C5,,-49000,7000,-49000,-7000,-54000,-7000,1
-7,-48,83,R0C6,,-48000,7000,-48000,-7000,-54000,-7000,1
-7,-47,83,R0C7,,-47000,7000,-47000,-7000,-54000,-7000,1
-7,-46,83,R0C8,,-46000,7000,-46000,-7000,-54000,-7000,1
-6,-54,83,R1C0,,-54000,6000,-54000,-6000,-54000,-7000,1
-6,-53,83,R1C1,,-53000,6000,-53000,-6000,-54000,-7000,1
-6,-52,83,R1C2,,-52000,6000,-52000,-6000,-54000,-7000,1
-6,-51,83,R1C3,,-51000,6000,-51000,-6000,-54000,-7000,1
-6,-50,83,R1C4,,-50000,6000,-50000,-6000,-54000,-7000,1
-6,-49,83,R1C5,,-49000,6000,-49000,-6000,-54000,-7000,1
-6,-48,83,R1C6,,-48000,6000,-48000,-6000,-54000,-7000,1
-6,-47,83,R1C7,,-47000,6000,-47000,-6000,-54000,-7000,1
-6,-46,83,R1C8,,-46000,6000,-46000,-6000,-54000,-7000,1
-5,-54,83,R2C0,,-54000,5000,-54000,-5000,-54000,-7000,1
-5,-53,83,R2C1,,-53000,5000,-53000,-5000,-54000,-7000,1
-5,-52,83,R2C2,,-52000,5000,-52000,-5000,-54000,-7000,1
-5,-51,83,R2C3,,-51000,5000,-51000,-5000,-54000,-7000,1
-5,-50,83,R2C4,,-50000,5000,-50000,-5000,-54000,-7000,1
-5,-49,83,R2C5,,-49000,5000,-49000,-5000,-54000,-7000,1
-5,-48,83,R2C6,,-48000,5000,-48000,-5000,-54000,-7000,1
-5,-47,83,R2C7,,-47000,5000,-47000,-5000,-54000,-7000,1
-5,-46,83,R2C8,,-46000,5000,-46000,-5000,-54000,-7000,1
-4,-54,83,R3C0,,-54000,4000,-54000,-4000,-54000,-7000,1
-4,-53,83,R3C1,,-53000,4000,-53000,-4000,-54000,-7000,1
-4,-52,83,R3C2,,-52000,4000,-52000,-4000,-54000,-7000,1
-4,-51,83,R3C3,,-51000,4000,-51000,-4000,-54000,-7000,1
-4,-50,83,R3C4,,-50000,4000,-50000,-4000,-54000,-7000,1
-4,-49,83,R3C5,,-49000,4000,-49000,-4000,-54000,-7000,1
-4,-48,83,R3C6,,-48000,4000,-48000,-4000,-54000,-7000,1
-4,-47,83,R3C7,,-47000,4000,-47000,-4000,-54000,-7000,1
-4,-46,83,R3C8,,-46000,4000,-46000,-4000,-54000,-7000,1
-3,-54,83,R4C0,,-54000,3000,-54000,-3000,-54000,-7000,1
-3,-53,83,R4C1,,-53000,3000,-53000,-3000,-54000,-7000,1
-3,-52,83,R4C2,,-52000,3000,-52000,-3000,-54000,-7000,1
-3,-51,83,R4C3,,-51000,3000,-51000,-3000,-54000,-7000,1
-3,-50,83,R4C4,,-50000,3000,-50000,-3000,-54000,-7000,1
-3,-49,83,R4C5,,-49000,3000,-49000,-3000,-54000,-7000,1
-3,-48,83,R4C6,,-48000,3000,-48000,-3000,-54000,-7000,1
-3,-47,83,R4C7,,-47000,3000,-47000,-3000,-54000,-7000,1
-3,-46,83,R4C8,,-46000,3000,-46000,-3000,-54000,-7000,1
-2,-54,83,R5C0,,-54000,2000,-54000,-2000,-54000,-7000,1
-2,-53,83,R5C1,,-53000,2000,-53000,-2000,-54000,-7000,1
-2,-52,83,R5C2,,-52000,2000,-52000,-2000,-54000,-7000,1
-2,-51,83,R5C3,,-51000,2000,-51000,-2000,-54000,-7000,1
-2,-50,83,R5C4,,-50000,2000,-50000,-2000,-54000,-7000,1
-2,-49,83,R5C5,,-49000,2000,-49000,-2000,-54000,-7000,1
-2,-48,83,R5C6,,-48000,2000,-48000,-2000,-54000,-7000,1
-2,-47,83,R5C7,,-47000,2000,-47000,-2000,-54000,-7000,1
-2,-46,83,R5C8,,-46000,2000,-46000,-2000,-54000,-7000,1
-1,-54,83,R6C0,,-54000,1000,-54000,-1000,-54000,-7000,1
-1,-53,83,R6C1,,-53000,1000,-53000,-1000,-54000,-7000,1
-1,-52,83,R6C2,,-52000,1000,-52000,-1000,-54000,-7000,1
-1,-51,83,R6C3,,-51000,1000,-51000,-1000,-54000,-7000,1
-1,-50,83,R6C4,,-50000,1000,-50000,-1000,-54000,-7000,1
-1,-49,83,R6C5,,-49000,1000,-49000,-1000,-54000,-7000,1
-1,-48,83,R6C6,2-7-13-11,-48000,1000,-48000,-1000,-54000,-7000,1
-1,-47,83,R6C7,1-7-13-11,-47000,1000,-47000,-1000,-54000,-7000,1
-1,-46,83,R6C8,,-46000,1000,-46000,-1000,-54000,-7000,1
-14,-54,69,R0C0,,-54000,14000,-54000,-14000,-54000,-14000,1
-14,-53,69,R0C1,,-53000,14000,-53000,-14000,-54000,-14000,1
-14,-52,69,R0C2,,-52000,14000,-52000,-14000,-54000,-14000,1
-14,-51,69,R0C3,,-51000,14000,-51000,-14000,-54000,-14000,1
-14,-50,69,R0C4,,-50000,14000,-50000,-14000,-54000,-14000,1
-14,-49,69,R0C5,,-49000,14000,-49000,-14000,-54000,-14000,1
-14,-48,69,R0C6,,-48000,14000,-48000,-14000,-54000,-14000,1
-14,-47,69,R0C7,,-47000,14000,-47000,-14000,-54000,-14000,1
-14,-46,69,R0C8,,-46000,14000,-46000,-14000,-54000,-14000,1
-13,-54,69,R1C0,,-54000,13000,-54000,-13000,-54000,-14000,1
-13,-53,69,R1C1,,-53000,13000,-53000,-13000,-54000,-14000,1
-13,-52,69,R1C2,,-52000,13000,-52000,-13000,-54000,-14000,1
-13,-51,69,R1C3,,-51000,13000,-51000,-13000,-54000,-14000,1
-13,-50,69,R1C4,,-50000,13000,-50000,-13000,-54000,-14000,1
-13,-49,69,R1C5,,-49000,13000,-49000,-13000,-54000,-14000,1
-13,-48,69,R1C6,,-48000,13000,-48000,-13000,-54000,-14000,1
-13,-47,69,R1C7,,-47000,13000,-47000,-13000,-54000,-14000,1
-13,-46,69,R1C8,,-46000,13000,-46000,-13000,-54000,-14000,1
-12,-54,69,R2C0,,-54000,12000,-54000,-12000,-54000,-14000,1
-12,-53,69,R2C1,,-53000,12000,-53000,-12000,-54000,-14000,1
-12,-52,69,R2C2,,-52000,12000,-52000,-12000,-54000,-14000,1
-12,-51,69,R2C3,,-51000,12000,-51000,-12000,-54000,-14000,1
-12,-50,69,R2C4,,-50000,12000,-50000,-12000,-54000,-14000,1
-12,-49,69,R2C5,,-49000,12000,-49000,-12000,-54000,-14000,1
-12,-48,69,R2C6,,-48000,12000,-48000,-12000,-54000,-14000,1
-12,-47,69,R2C7,,-47000,12000,-47000,-12000,-54000,-14000,1
-12,-46,69,R2C8,,-46000,12000,-46000,-12000,-54000,-14000,1
-11,-54,69,R3C0,,-54000,11000,-54000,-11000,-54000,-14000,1
-11,-53,69,R3C1,,-53000,11000,-53000,-11000,-54000,-14000,1
-11,-52,69,R3C2,,-52000,11000,-52000,-11000,-54000,-14000,1
-11,-51,69,R3C3,,-51000,11000,-51000,-11000,-54000,-14000,1
-11,-50,69,R3C4,,-50000,11000,-50000,-11000,-54000,-14000,1
-11,-49,69,R3C5,,-49000,11000,-49000,-11000,-54000,-14000,1
-11,-48,69,R3C6,,-48000,11000,-48000,-11000,-54000,-14000,1
-11,-47,69,R3C7,,-47000,11000,-47000,-11000,-54000,-14000,1
-11,-46,69,R3C8,,-46000,11000,-46000,-11000,-54000,-14000,1
-10,-54,69,R4C0,,-54000,10000,-54000,-10000,-54000,-14000,1
-10,-53,69,R4C1,,-53000,10000,-53000,-10000,-54000,-14000,1
-10,-52,69,R4C2,,-52000,10000,-52000,-10000,-54000,-14000,1
-10,-51,69,R4C3,,-51000,10000,-51000,-10000,-54000,-14000,1
-10,-50,69,R4C4,,-50000,10000,-50000,-10000,-54000,-14000,1
-10,-49,69,R4C5,,-49000,10000,-49000,-10000,-54000,-14000,1
-10,-48,69,R4C6,,-48000,10000,-48000,-10000,-54000,-14000,1
-10,-47,69,R4C7,,-47000,10000,-47000,-10000,-54000,-14000,1
-10,-46,69,R4C8,,-46000,10000,-46000,-10000,-54000,-14000,1
-9,-54,69,R5C0,,-54000,9000,-54000,-9000,-54000,-14000,1
-9,-53,69,R5C1,,-53000,9000,-53000,-9000,-54000,-14000,1
-9,-52,69,R5C2,,-52000,9000,-52000,-9000,-54000,-14000,1
-9,-51,69,R5C3,,-51000,9000,-51000,-9000,-54000,-14000,1
-9,-50,69,R5C4,,-50000,9000,-50000,-9000,-54000,-14000,1
-9,-49,69,R5C5,,-49000,9000,-49000,-9000,-54000,-14000,1
-9,-48,69,R5C6,,-48000,9000,-48000,-9000,-54000,-14000,1
-9,-47,69,R5C7,,-47000,9000,-47000,-9000,-54000,-14000,1
-9,-46,69,R5C8,,-46000,9000,-46000,-9000,-54000,-14000,1
-8,-54,69,R6C0,,-54000,8000,-54000,-8000,-54000,-14000,1
-8,-53,69,R6C1,,-53000,8000,-53000,-8000,-54000,-14000,1
-8,-52,69,R6C2,,-52000,8000,-52000,-8000,-54000,-14000,1
-8,-51,69,R6C3,,-51000,8000,-51000,-8000,-54000,-14000,1
-8,-50,69,R6C4,,-50000,8000,-50000,-8000,-54000,-14000,1
-8,-49,69,R6C5,,-49000,8000,-49000,-8000,-54000,-14000,1
-8,-48,69,R6C6,2-7-13-12,-48000,8000,-48000,-8000,-54000,-14000,1
-8,-47,69,R6C7,1-7-13-12,-47000,8000,-47000,-8000,-54000,-14000,1
-8,-46,69,R6C8,,-46000,8000,-46000,-8000,-54000,-14000,1
-7,27,92,R0C0,,27000,7000,27000,-7000,27000,-7000,1
-7,28,92,R0C1,,28000,7000,28000,-7000,27000,-7000,1
-7,29,92,R0C2,,29000,7000,29000,-7000,27000,-7000,1
-7,30,92,R0C3,,30000,7000,30000,-7000,27000,-7000,1
-7,31,92,R0C4,,31000,7000,31000,-7000,27000,-7000,1
-7,32,92,R0C5,,32000,7000,32000,-7000,27000,-7000,1
-7,33,92,R0C6,,33000,7000,33000,-7000,27000,-7000,1
-7,34,92,R0C7,,34000,7000,34000,-7000,27000,-7000,1
-7,35,92,R0C8,,35000,7000,35000,-7000,27000,-7000,1
-6,27,92,R1C0,,27000,6000,27000,-6000,27000,-7000,1
-6,28,92,R1C1,,28000,6000,28000,-6000,27000,-7000,1
-6,29,92,R1C2,,29000,6000,29000,-6000,27000,-7000,1
-6,30,92,R1C3,,30000,6000,30000,-6000,27000,-7000,1
-6,31,92,R1C4,,31000,6000,31000,-6000,27000,-7000,1
-6,32,92,R1C5,,32000,6000,32000,-6000,27000,-7000,1
-6,33,92,R1C6,,33000,6000,33000,-6000,27000,-7000,1
-6,34,92,R1C7,,34000,6000,34000,-6000,27000,-7000,1
-6,35,92,R1C8,,35000,6000,35000,-6000,27000,-7000,1
-5,27,92,R2C0,,27000,5000,27000,-5000,27000,-7000,1
-5,28,92,R2C1,,28000,5000,28000,-5000,27000,-7000,1
-5,29,92,R2C2,,29000,5000,29000,-5000,27000,-7000,1
-5,30,92,R2C3,,30000,5000,30000,-5000,27000,-7000,1
-5,31,92,R2C4,,31000,5000,31000,-5000,27000,-7000,1
-5,32,92,R2C5,,32000,5000,32000,-5000,27000,-7000,1
-5,33,92,R2C6,,33000,5000,33000,-5000,27000,-7000,1
-5,34,92,R2C7,,34000,5000,34000,-5000,27000,-7000,1
-5,35,92,R2C8,,35000,5000,35000,-5000,27000,-7000,1
-4,27,92,R3C0,,27000,4000,27000,-4000,27000,-7000,1
-4,28,92,R3C1,,28000,4000,28000,-4000,27000,-7000,1
-4,29,92,R3C2,,29000,4000,29000,-4000,27000,-7000,1
-4,30,92,R3C3,,30000,4000,30000,-4000,27000,-7000,1
-4,31,92,R3C4,,31000,4000,31000,-4000,27000,-7000,1
-4,32,92,R3C5,,32000,4000,32000,-4000,27000,-7000,1
-4,33,92,R3C6,,33000,4000,33000,-4000,27000,-7000,1
-4,34,92,R3C7,,34000,4000,34000,-4000,27000,-7000,1
-4,35,92,R3C8,,35000,4000,35000,-4000,27000,-7000,1
-3,27,92,R4C0,,27000,3000,27000,-3000,27000,-7000,1
-3,28,92,R4C1,,28000,3000,28000,-3000,27000,-7000,1
-3,29,92,R4C2,,29000,3000,29000,-3000,27000,-7000,1
-3,30,92,R4C3,,30000,3000,30000,-3000,27000,-7000,1
-3,31,92,R4C4,,31000,3000,31000,-3000,27000,-7000,1
-3,32,92,R4C5,,32000,3000,32000,-3000,27000,-7000,1
-3,33,92,R4C6,,33000,3000,33000,-3000,27000,-7000,1
-3,34,92,R4C7,,34000,3000,34000,-3000,27000,-7000,1
-3,35,92,R4C8,,35000,3000,35000,-3000,27000,-7000,1
-2,27,92,R5C0,,27000,2000,27000,-2000,27000,-7000,1
-2,28,92,R5C1,,28000,2000,28000,-2000,27000,-7000,1
-2,29,92,R5C2,,29000,2000,29000,-2000,27000,-7000,1
-2,30,92,R5C3,,30000,2000,30000,-2000,27000,-7000,1
-2,31,92,R5C4,,31000,2000,31000,-2000,27000,-7000,1
-2,32,92,R5C5,,32000,2000,32000,-2000,27000,-7000,1
-2,33,92,R5C6,,33000,2000,33000,-2000,27000,-7000,1
-2,34,92,R5C7,,34000,2000,34000,-2000,27000,-7000,1
-2,35,92,R5C8,,35000,2000,35000,-2000,27000,-7000,1
-1,27,92,R6C0,,27000,1000,27000,-1000,27000,-7000,1
-1,28,92,R6C1,,28000,1000,28000,-1000,27000,-7000,1
-1,29,92,R6C2,,29000,1000,29000,-1000,27000,-7000,1
-1,30,92,R6C3,,30000,1000,30000,-1000,27000,-7000,1
-1,31,92,R6C4,,31000,1000,31000,-1000,27000,-7000,1
-1,32,92,R6C5,,32000,1000,32000,-1000,27000,-7000,1
-1,33,92,R6C6,2-7-4-11,33000,1000,33000,-1000,27000,-7000,1
-1,34,92,R6C7,1-7-4-11,34000,1000,34000,-1000,27000,-7000,1
-1,35,92,R6C8,,35000,1000,35000,-1000,27000,-7000,1
-14,27,78,R0C0,,27000,14000,27000,-14000,27000,-14000,1
-14,28,78,R0C1,,28000,14000,28000,-14000,27000,-14000,1
-14,29,78,R0C2,,29000,14000,29000,-14000,27000,-14000,1
-14,30,78,R0C3,,30000,14000,30000,-14000,27000,-14000,1
-14,31,78,R0C4,,31000,14000,31000,-14000,27000,-14000,1
-14,32,78,R0C5,,32000,14000,32000,-14000,27000,-14000,1
-14,33,78,R0C6,,33000,14000,33000,-14000,27000,-14000,1
-14,34,78,R0C7,,34000,14000,34000,-14000,27000,-14000,1
-14,35,78,R0C8,,35000,14000,35000,-14000,27000,-14000,1
-13,27,78,R1C0,,27000,13000,27000,-13000,27000,-14000,1
-13,28,78,R1C1,,28000,13000,28000,-13000,27000,-14000,1
-13,29,78,R1C2,,29000,13000,29000,-13000,27000,-14000,1
-13,30,78,R1C3,,30000,13000,30000,-13000,27000,-14000,1
-13,31,78,R1C4,,31000,13000,31000,-13000,27000,-14000,1
-13,32,78,R1C5,,32000,13000,32000,-13000,27000,-14000,1
-13,33,78,R1C6,,33000,13000,33000,-13000,27000,-14000,1
-13,34,78,R1C7,,34000,13000,34000,-13000,27000,-14000,1
-13,35,78,R1C8,,35000,13000,35000,-13000,27000,-14000,1
-12,27,78,R2C0,,27000,12000,27000,-12000,27000,-14000,1
-12,28,78,R2C1,,28000,12000,28000,-12000,27000,-14000,1
-12,29,78,R2C2,,29000,12000,29000,-12000,27000,-14000,1
-12,30,78,R2C3,,30000,12000,30000,-12000,27000,-14000,1
-12,31,78,R2C4,,31000,12000,31000,-12000,27000,-14000,1
-12,32,78,R2C5,,32000,12000,32000,-12000,27000,-14000,1
-12,33,78,R2C6,,33000,12000,33000,-12000,27000,-14000,1
-12,34,78,R2C7,,34000,12000,34000,-12000,27000,-14000,1
-12,35,78,R2C8,,35000,12000,35000,-12000,27000,-14000,1
-11,27,78,R3C0,,27000,11000,27000,-11000,27000,-14000,1
-11,28,78,R3C1,,28000,11000,28000,-11000,27000,-14000,1
-11,29,78,R3C2,,29000,11000,29000,-11000,27000,-14000,1
-11,30,78,R3C3,,30000,11000,30000,-11000,27000,-14000,1
-11,31,78,R3C4,,31000,11000,31000,-11000,27000,-14000,1
-11,32,78,R3C5,,32000,11000,32000,-11000,27000,-14000,1
-11,33,78,R3C6,,33000,11000,33000,-11000,27000,-14000,1
-11,34,78,R3C7,,34000,11000,34000,-11000,27000,-14000,1
-11,35,78,R3C8,,35000,11000,35000,-11000,27000,-14000,1
-10,27,78,R4C0,,27000,10000,27000,-10000,27000,-14000,1
-10,28,78,R4C1,,28000,10000,28000,-10000,27000,-14000,1
-10,29,78,R4C2,,29000,10000,29000,-10000,27000,-14000,1
-10,30,78,R4C3,,30000,10000,30000,-10000,27000,-14000,1
-10,31,78,R4C4,,31000,10000,31000,-10000,27000,-14000,1
-10,32,78,R4C5,,32000,10000,32000,-10000,27000,-14000,1
-10,33,78,R4C6,,33000,10000,33000,-10000,27000,-14000,1
-10,34,78,R4C7,,34000,10000,34000,-10000,27000,-14000,1
-10,35,78,R4C8,,35000,10000,35000,-10000,27000,-14000,1
-9,27,78,R5C0,,27000,9000,27000,-9000,27000,-14000,1
-9,28,78,R5C1,,28000,9000,28000,-9000,27000,-14000,1
-9,29,78,R5C2,,29000,9000,29000,-9000,27000,-14000,1
-9,30,78,R5C3,,30000,9000,30000,-9000,27000,-14000,1
-9,31,78,R5C4,,31000,9000,31000,-9000,27000,-14000,1
-9,32,78,R5C5,,32000,9000,32000,-9000,27000,-14000,1
-9,33,78,R5C6,,33000,9000,33000,-9000,27000,-14000,1
-9,34,78,R5C7,,34000,9000,34000,-9000,27000,-14000,1
-9,35,78,R5C8,,35000,9000,35000,-9000,27000,-14000,1
-8,27,78,R6C0,,27000,8000,27000,-8000,27000,-14000,1
-8,28,78,R6C1,,28000,8000,28000,-8000,27000,-14000,1
-8,29,78,R6C2,,29000,8000,29000,-8000,27000,-14000,1
-8,30,78,R6C3,,30000,8000,30000,-8000,27000,-14000,1
-8,31,78,R6C4,,31000,8000,31000,-8000,27000,-14000,1
-8,32,78,R6C5,,32000,8000,32000,-8000,27000,-14000,1
-8,33,78,R6C6,2-7-4-12,33000,8000,33000,-8000,27000,-14000,1
-8,34,78,R6C7,1-7-4-12,34000,8000,34000,-8000,27000,-14000,1
-8,35,78,R6C8,,35000,8000,35000,-8000,27000,-14000,1
28,-9,158,R0C0,,-9000,-28000,-9000,28000,-9000,28000,1
28,-8,158,R0C1,,-8000,-28000,-8000,28000,-9000,28000,1
28,-7,158,R0C2,,-7000,-28000,-7000,28000,-9000,28000,1
28,-6,158,R0C3,,-6000,-28000,-6000,28000,-9000,28000,1
28,-5,158,R0C4,,-5000,-28000,-5000,28000,-9000,28000,1
28,-4,158,R0C5,,-4000,-28000,-4000,28000,-9000,28000,1
28,-3,158,R0C6,,-3000,-28000,-3000,28000,-9000,28000,1
28,-2,158,R0C7,,-2000,-28000,-2000,28000,-9000,28000,1
28,-1,158,R0C8,,-1000,-28000,-1000,28000,-9000,28000,1
29,-9,158,R1C0,,-9000,-29000,-9000,29000,-9000,28000,1
29,-8,158,R1C1,,-8000,-29000,-8000,29000,-9000,28000,1
29,-7,158,R1C2,,-7000,-29000,-7000,29000,-9000,28000,1
29,-6,158,R1C3,,-6000,-29000,-6000,29000,-9000,28000,1
29,-5,158,R1C4,,-5000,-29000,-5000,29000,-9000,28000,1
29,-4,158,R1C5,,-4000,-29000,-4000,29000,-9000,28000,1
29,-3,158,R1C6,,-3000,-29000,-3000,29000,-9000,28000,1
29,-2,158,R1C7,,-2000,-29000,-2000,29000,-9000,28000,1
29,-1,158,R1C8,,-1000,-29000,-1000,29000,-9000,28000,1
30,-9,158,R2C0,,-9000,-30000,-9000,30000,-9000,28000,1
30,-8,158,R2C1,,-8000,-30000,-8000,30000,-9000,28000,1
30,-7,158,R2C2,,-7000,-30000,-7000,30000,-9000,28000,1
30,-6,158,R2C3,,-6000,-30000,-6000,30000,-9000,28000,1
30,-5,158,R2C4,,-5000,-30000,-5000,30000,-9000,28000,1
30,-4,158,R2C5,,-4000,-30000,-4000,30000,-9000,28000,1
30,-3,158,R2C6,,-3000,-30000,-3000,30000,-9000,28000,1
30,-2,158,R2C7,,-2000,-30000,-2000,30000,-9000,28000,1
30,-1,158,R2C8,,-1000,-30000,-1000,30000,-9000,28000,1
31,-9,158,R3C0,,-9000,-31000,-9000,31000,-9000,28000,1
31,-8,158,R3C1,,-8000,-31000,-8000,31000,-9000,28000,1
31,-7,158,R3C2,,-7000,-31000,-7000,31000,-9000,28000,1
31,-6,158,R3C3,,-6000,-31000,-6000,31000,-9000,28000,1
31,-5,158,R3C4,,-5000,-31000,-5000,31000,-9000,28000,1
31,-4,158,R3C5,,-4000,-31000,-4000,31000,-9000,28000,1
31,-3,158,R3C6,,-3000,-31000,-3000,31000,-9000,28000,1
31,-2,158,R3C7,,-2000,-31000,-2000,31000,-9000,28000,1
31,-1,158,R3C8,,-1000,-31000,-1000,31000,-9000,28000,1
32,-9,158,R4C0,,-9000,-32000,-9000,32000,-9000,28000,1
32,-8,158,R4C1,,-8000,-32000,-8000,32000,-9000,28000,1
32,-7,158,R4C2,,-7000,-32000,-7000,32000,-9000,28000,1
32,-6,158,R4C3,,-6000,-32000,-6000,32000,-9000,28000,1
32,-5,158,R4C4,,-5000,-32000,-5000,32000,-9000,28000,1
32,-4,158,R4C5,,-4000,-32000,-4000,32000,-9000,28000,1
32,-3,158,R4C6,,-3000,-32000,-3000,32000,-9000,28000,1
32,-2,158,R4C7,,-2000,-32000,-2000,32000,-9000,28000,1
32,-1,158,R4C8,,-1000,-32000,-1000,32000,-9000,28000,1
33,-9,158,R5C0,,-9000,-33000,-9000,33000,-9000,28000,1
33,-8,158,R5C1,,-8000,-33000,-8000,33000,-9000,28000,1
33,-7,158,R5C2,,-7000,-33000,-7000,33000,-9000,28000,1
33,-6,158,R5C3,,-6000,-33000,-6000,33000,-9000,28000,1
33,-5,158,R5C4,,-5000,-33000,-5000,33000,-9000,28000,1
33,-4,158,R5C5,,-4000,-33000,-4000,33000,-9000,28000,1
33,-3,158,R5C6,,-3000,-33000,-3000,33000,-9000,28000,1
33,-2,158,R5C7,,-2000,-33000,-2000,33000,-9000,28000,1
33,-1,158,R5C8,,-1000,-33000,-1000,33000,-9000,28000,1
34,-9,158,R6C0,,-9000,-34000,-9000,34000,-9000,28000,1
34,-8,158,R6C1,,-8000,-34000,-8000,34000,-9000,28000,1
34,-7,158,R6C2,,-7000,-34000,-7000,34000,-9000,28000,1
34,-6,158,R6C3,,-6000,-34000,-6000,34000,-9000,28000,1
34,-5,158,R6C4,,-5000,-34000,-5000,34000,-9000,28000,1
34,-4,158,R6C5,,-4000,-34000,-4000,34000,-9000,28000,1
34,-3,158,R6C6,2-7-8-6,-3000,-34000,-3000,34000,-9000,28000,1
34,-2,158,R6C7,1-7-8-6,-2000,-34000,-2000,34000,-9000,28000,1
34,-1,158,R6C8,,-1000,-34000,-1000,34000,-9000,28000,1
28,-18,157,R0C0,,-18000,-28000,-18000,28000,-18000,28000,1
28,-17,157,R0C1,,-17000,-28000,-17000,28000,-18000,28000,1
28,-16,157,R0C2,,-16000,-28000,-16000,28000,-18000,28000,1
28,-15,157,R0C3,,-15000,-28000,-15000,28000,-18000,28000,1
28,-14,157,R0C4,,-14000,-28000,-14000,28000,-18000,28000,1
28,-13,157,R0C5,,-13000,-28000,-13000,28000,-18000,28000,1
28,-12,157,R0C6,,-12000,-28000,-12000,28000,-18000,28000,1
28,-11,157,R0C7,,-11000,-28000,-11000,28000,-18000,28000,1
28,-10,157,R0C8,,-10000,-28000,-10000,28000,-18000,28000,1
29,-18,157,R1C0,,-18000,-29000,-18000,29000,-18000,28000,1
29,-17,157,R1C1,,-17000,-29000,-17000,29000,-18000,28000,1
29,-16,157,R1C2,,-16000,-29000,-16000,29000,-18000,28000,1
29,-15,157,R1C3,,-15000,-29000,-15000,29000,-18000,28000,1
29,-14,157,R1C4,,-14000,-29000,-14000,29000,-18000,28000,1
29,-13,157,R1C5,,-13000,-29000,-13000,29000,-18000,28000,1
29,-12,157,R1C6,,-12000,-29000,-12000,29000,-18000,28000,1
29,-11,157,R1C7,,-11000,-29000,-11000,29000,-18000,28000,1
29,-10,157,R1C8,,-10000,-29000,-10000,29000,-18000,28000,1
30,-18,157,R2C0,,-18000,-30000,-18000,30000,-18000,28000,1
30,-17,157,R2C1,,-17000,-30000,-17000,30000,-18000,28000,1
30,-16,157,R2C2,,-16000,-30000,-16000,30000,-18000,28000,1
30,-15,157,R2C3,,-15000,-30000,-15000,30000,-18000,28000,1
30,-14,157,R2C4,,-14000,-30000,-14000,30000,-18000,28000,1
30,-13,157,R2C5,,-13000,-30000,-13000,30000,-18000,28000,1
30,-12,157,R2C6,,-12000,-30000,-12000,30000,-18000,28000,1
30,-11,157,R2C7,,-11000,-30000,-11000,30000,-18000,28000,1
30,-10,157,R2C8,,-10000,-30000,-10000,30000,-18000,28000,1
31,-18,157,R3C0,,-18000,-31000,-18000,31000,-18000,28000,1
31,-17,157,R3C1,,-17000,-31000,-17000,31000,-18000,28000,1
31,-16,157,R3C2,,-16000,-31000,-16000,31000,-18000,28000,1
31,-15,157,R3C3,,-15000,-31000,-15000,31000,-18000,28000,1
31,-14,157,R3C4,,-14000,-31000,-14000,31000,-18000,28000,1
31,-13,157,R3C5,,-13000,-31000,-13000,31000,-18000,28000,1
31,-12,157,R3C6,,-12000,-31000,-12000,31000,-18000,28000,1
31,-11,157,R3C7,,-11000,-31000,-11000,31000,-18000,28000,1
31,-10,157,R3C8,,-10000,-31000,-10000,31000,-18000,28000,1
32,-18,157,R4C0,,-18000,-32000,-18000,32000,-18000,28000,1
32,-17,157,R4C1,,-17000,-32000,-17000,32000,-18000,28000,1
32,-16,157,R4C2,,-16000,-32000,-16000,32000,-18000,28000,1
32,-15,157,R4C3,,-15000,-32000,-15000,32000,-18000,28000,1
32,-14,157,R4C4,,-14000,-32000,-14000,32000,-18000,28000,1
32,-13,157,R4C5,,-13000,-32000,-13000,32000,-18000,28000,1
32,-12,157,R4C6,,-12000,-32000,-12000,32000,-18000,28000,1
32,-11,157,R4C7,,-11000,-32000,-11000,32000,-18000,28000,1
32,-10,157,R4C8,,-10000,-32000,-10000,32000,-18000,28000,1
33,-18,157,R5C0,,-18000,-33000,-18000,33000,-18000,28000,1
33,-17,157,R5C1,,-17000,-33000,-17000,33000,-18000,28000,1
33,-16,157,R5C2,,-16000,-33000,-16000,33000,-18000,28000,1
33,-15,157,R5C3,,-15000,-33000,-15000,33000,-18000,28000,1
33,-14,157,R5C4,,-14000,-33000,-14000,33000,-18000,28000,1
33,-13,157,R5C5,,-13000,-33000,-13000,33000,-18000,28000,1
33,-12,157,R5C6,,-12000,-33000,-12000,33000,-18000,28000,1
33,-11,157,R5C7,,-11000,-33000,-11000,33000,-18000,28000,1
33,-10,157,R5C8,,-10000,-33000,-10000,33000,-18000,28000,1
34,-18,157,R6C0,,-18000,-34000,-18000,34000,-18000,28000,1
34,-17,157,R6C1,,-17000,-34000,-17000,34000,-18000,28000,1
34,-16,157,R6C2,,-16000,-34000,-16000,34000,-18000,28000,1
34,-15,157,R6C3,,-15000,-34000,-15000,34000,-18000,28000,1
34,-14,157,R6C4,,-14000,-34000,-14000,34000,-18000,28000,1
34,-13,157,R6C5,,-13000,-34000,-13000,34000,-18000,28000,1
34,-12,157,R6C6,2-7-9-6,-12000,-34000,-12000,34000,-18000,28000,1
34,-11,157,R6C7,1-7-9-6,-11000,-34000,-11000,34000,-18000,28000,1
34,-10,157,R6C8,,-10000,-34000,-10000,34000,-18000,28000,1
-35,-45,32,R0C0,,-45000,35000,-45000,-35000,-45000,-35000,1
-35,-44,32,R0C1,,-44000,35000,-44000,-35000,-45000,-35000,1
-35,-43,32,R0C2,,-43000,35000,-43000,-35000,-45000,-35000,1
-35,-42,32,R0C3,,-42000,35000,-42000,-35000,-45000,-35000,1
-35,-41,32,R0C4,,-41000,35000,-41000,-35000,-45000,-35000,1
-35,-40,32,R0C5,,-40000,35000,-40000,-35000,-45000,-35000,1
-35,-39,32,R0C6,,-39000,35000,-39000,-35000,-45000,-35000,1
-35,-38,32,R0C7,,-38000,35000,-38000,-35000,-45000,-35000,1
-35,-37,32,R0C8,,-37000,35000,-37000,-35000,-45000,-35000,1
-34,-45,32,R1C0,,-45000,34000,-45000,-34000,-45000,-35000,1
-34,-44,32,R1C1,,-44000,34000,-44000,-34000,-45000,-35000,1
-34,-43,32,R1C2,,-43000,34000,-43000,-34000,-45000,-35000,1
-34,-42,32,R1C3,,-42000,34000,-42000,-34000,-45000,-35000,1
-34,-41,32,R1C4,,-41000,34000,-41000,-34000,-45000,-35000,1
-34,-40,32,R1C5,,-40000,34000,-40000,-34000,-45000,-35000,1
-34,-39,32,R1C6,,-39000,34000,-39000,-34000,-45000,-35000,1
-34,-38,32,R1C7,,-38000,34000,-38000,-34000,-45000,-35000,1
-34,-37,32,R1C8,,-37000,34000,-37000,-34000,-45000,-35000,1
-33,-45,32,R2C0,,-45000,33000,-45000,-33000,-45000,-35000,1
-33,-44,32,R2C1,,-44000,33000,-44000,-33000,-45000,-35000,1
-33,-43,32,R2C2,,-43000,33000,-43000,-33000,-45000,-35000,1
-33,-42,32,R2C3,,-42000,33000,-42000,-33000,-45000,-35000,1
-33,-41,32,R2C4,,-41000,33000,-41000,-33000,-45000,-35000,1
-33,-40,32,R2C5,,-40000,33000,-40000,-33000,-45000,-35000,1
-33,-39,32,R2C6,,-39000,33000,-39000,-33000,-45000,-35000,1
-33,-38,32,R2C7,,-38000,33000,-38000,-33000,-45000,-35000,1
-33,-37,32,R2C8,,-37000,33000,-37000,-33000,-45000,-35000,1
-32,-45,32,R3C0,,-45000,32000,-45000,-32000,-45000,-35000,1
-32,-44,32,R3C1,,-44000,32000,-44000,-32000,-45000,-35000,1
-32,-43,32,R3C2,,-43000,32000,-43000,-32000,-45000,-35000,1
-32,-42,32,R3C3,,-42000,32000,-42000,-32000,-45000,-35000,1
-32,-41,32,R3C4,,-41000,32000,-41000,-32000,-45000,-35000,1
-32,-40,32,R3C5,,-40000,32000,-40000,-32000,-45000,-35000,1
-32,-39,32,R3C6,,-39000,32000,-39000,-32000,-45000,-35000,1
-32,-38,32,R3C7,,-38000,32000,-38000,-32000,-45000,-35000,1
-32,-37,32,R3C8,,-37000,32000,-37000,-32000,-45000,-35000,1
-31,-45,32,R4C0,,-45000,31000,-45000,-31000,-45000,-35000,1
-31,-44,32,R4C1,,-44000,31000,-44000,-31000,-45000,-35000,1
-31,-43,32,R4C2,,-43000,31000,-43000,-31000,-45000,-35000,1
-31,-42,32,R4C3,,-42000,31000,-42000,-31000,-45000,-35000,1
-31,-41,32,R4C4,,-41000,31000,-41000,-31000,-45000,-35000,1
-31,-40,32,R4C5,,-40000,31000,-40000,-31000,-45000,-35000,1
-31,-39,32,R4C6,,-39000,31000,-39000,-31000,-45000,-35000,1
-31,-38,32,R4C7,,-38000,31000,-38000,-31000,-45000,-35000,1
-31,-37,32,R4C8,,-37000,31000,-37000,-31000,-45000,-35000,1
-30,-45,32,R5C0,,-45000,30000,-45000,-30000,-45000,-35000,1
-30,-44,32,R5C1,,-44000,30000,-44000,-30000,-45000,-35000,1
-30,-43,32,R5C2,,-43000,30000,-43000,-30000,-45000,-35000,1
-30,-42,32,R5C3,,-42000,30000,-42000,-30000,-45000,-35000,1
-30,-41,32,R5C4,,-41000,30000,-41000,-30000,-45000,-35000,1
-30,-40,32,R5C5,,-40000,30000,-40000,-30000,-45000,-35000,1
-30,-39,32,R5C6,,-39000,30000,-39000,-30000,-45000,-35000,1
-30,-38,32,R5C7,,-38000,30000,-38000,-30000,-45000,-35000,1
-30,-37,32,R5C8,,-37000,30000,-37000,-30000,-45000,-35000,1
-29,-45,32,R6C0,,-45000,29000,-45000,-29000,-45000,-35000,1
-29,-44,32,R6C1,,-44000,29000,-44000,-29000,-45000,-35000,1
-29,-43,32,R6C2,,-43000,29000,-43000,-29000,-45000,-35000,1
-29,-42,32,R6C3,,-42000,29000,-42000,-29000,-45000,-35000,1
-29,-41,32,R6C4,,-41000,29000,-41000,-29000,-45000,-35000,1
-29,-40,32,R6C5,,-40000,29000,-40000,-29000,-45000,-35000,1
-29,-39,32,R6C6,2-7-12-15,-39000,29000,-39000,-29000,-45000,-35000,1
-29,-38,32,R6C7,1-7-12-15,-38000,29000,-38000,-29000,-45000,-35000,1
-29,-37,32,R6C8,,-37000,29000,-37000,-29000,-45000,-35000,1
56,-9,199,R0C0,,-9000,-56000,-9000,56000,-9000,56000,1
56,-8,199,R0C1,,-8000,-56000,-8000,56000,-9000,56000,1
56,-7,199,R0C2,,-7000,-56000,-7000,56000,-9000,56000,1
56,-6,199,R0C3,,-6000,-56000,-6000,56000,-9000,56000,1
56,-5,199,R0C4,,-5000,-56000,-5000,56000,-9000,56000,1
56,-4,199,R0C5,,-4000,-56000,-4000,56000,-9000,56000,1
56,-3,199,R0C6,,-3000,-56000,-3000,56000,-9000,56000,1
56,-2,199,R0C7,,-2000,-56000,-2000,56000,-9000,56000,1
56,-1,199,R0C8,,-1000,-56000,-1000,56000,-9000,56000,1
57,-9,199,R1C0,,-9000,-57000,-9000,57000,-9000,56000,1
57,-8,199,R1C1,,-8000,-57000,-8000,57000,-9000,56000,1
57,-7,199,R1C2,,-7000,-57000,-7000,57000,-9000,56000,1
57,-6,199,R1C3,,-6000,-57000,-6000,57000,-9000,56000,1
57,-5,199,R1C4,,-5000,-57000,-5000,57000,-9000,56000,1
57,-4,199,R1C5,,-4000,-57000,-4000,57000,-9000,56000,1
57,-3,199,R1C6,,-3000,-57000,-3000,57000,-9000,56000,1
57,-2,199,R1C7,,-2000,-57000,-2000,57000,-9000,56000,1
57,-1,199,R1C8,,-1000,-57000,-1000,57000,-9000,56000,1
58,-9,199,R2C0,,-9000,-58000,-9000,58000,-9000,56000,1
58,-8,199,R2C1,,-8000,-58000,-8000,58000,-9000,56000,1
58,-7,199,R2C2,,-7000,-58000,-7000,58000,-9000,56000,1
58,-6,199,R2C3,,-6000,-58000,-6000,58000,-9000,56000,1
58,-5,199,R2C4,,-5000,-58000,-5000,58000,-9000,56000,1
58,-4,199,R2C5,,-4000,-58000,-4000,58000,-9000,56000,1
58,-3,199,R2C6,,-3000,-58000,-3000,58000,-9000,56000,1
58,-2,199,R2C7,,-2000,-58000,-2000,58000,-9000,56000,1
58,-1,199,R2C8,,-1000,-58000,-1000,58000,-9000,56000,1
59,-9,199,R3C0,,-9000,-59000,-9000,59000,-9000,56000,1
59,-8,199,R3C1,,-8000,-59000,-8000,59000,-9000,56000,1
59,-7,199,R3C2,,-7000,-59000,-7000,59000,-9000,56000,1
59,-6,199,R3C3,,-6000,-59000,-6000,59000,-9000,56000,1
59,-5,199,R3C4,,-5000,-59000,-5000,59000,-9000,56000,1
59,-4,199,R3C5,,-4000,-59000,-4000,59000,-9000,56000,1
59,-3,199,R3C6,,-3000,-59000,-3000,59000,-9000,56000,1
59,-2,199,R3C7,,-2000,-59000,-2000,59000,-9000,56000,1
59,-1,199,R3C8,,-1000,-59000,-1000,59000,-9000,56000,1
60,-9,199,R4C0,,-9000,-60000,-9000,60000,-9000,56000,1
60,-8,199,R4C1,,-8000,-60000,-8000,60000,-9000,56000,1
60,-7,199,R4C2,,-7000,-60000,-7000,60000,-9000,56000,1
60,-6,199,R4C3,,-6000,-60000,-6000,60000,-9000,56000,1
60,-5,199,R4C4,,-5000,-60000,-5000,60000,-9000,56000,1
60,-4,199,R4C5,,-4000,-60000,-4000,60000,-9000,56000,1
60,-3,199,R4C6,,-3000,-60000,-3000,60000,-9000,56000,1
60,-2,199,R4C7,,-2000,-60000,-2000,60000,-9000,56000,1
60,-1,199,R4C8,,-1000,-60000,-1000,60000,-9000,56000,1
61,-9,199,R5C0,,-9000,-61000,-9000,61000,-9000,56000,1
61,-8,199,R5C1,,-8000,-61000,-8000,61000,-9000,56000,1
61,-7,199,R5C2,,-7000,-61000,-7000,61000,-9000,56000,1
61,-6,199,R5C3,,-6000,-61000,-6000,61000,-9000,56000,1
61,-5,199,R5C4,,-5000,-61000,-5000,61000,-9000,56000,1
61,-4,199,R5C5,,-4000,-61000,-4000,61000,-9000,56000,1
61,-3,199,R5C6,,-3000,-61000,-3000,61000,-9000,56000,1
61,-2,199,R5C7,,-2000,-61000,-2000,61000,-9000,56000,1
61,-1,199,R5C8,,-1000,-61000,-1000,61000,-9000,56000,1
62,-9,199,R6C0,,-9000,-62000,-9000,62000,-9000,56000,1
62,-8,199,R6C1,,-8000,-62000,-8000,62000,-9000,56000,1
62,-7,199,R6C2,,-7000,-62000,-7000,62000,-9000,56000,1
62,-6,199,R6C3,,-6000,-62000,-6000,62000,-9000,56000,1
62,-5,199,R6C4,,-5000,-62000,-5000,62000,-9000,56000,1
62,-4,199,R6C5,,-4000,-62000,-4000,62000,-9000,56000,1
62,-3,199,R6C6,2-7-8-2,-3000,-62000,-3000,62000,-9000,56000,1
62,-2,199,R6C7,1-7-8-2,-2000,-62000,-2000,62000,-9000,56000,1
62,-1,199,R6C8,,-1000,-62000,-1000,62000,-9000,56000,1
56,-18,198,R0C0,,-18000,-56000,-18000,56000,-18000,56000,1
56,-17,198,R0C1,,-17000,-56000,-17000,56000,-18000,56000,1
56,-16,198,R0C2,,-16000,-56000,-16000,56000,-18000,56000,1
56,-15,198,R0C3,,-15000,-56000,-15000,56000,-18000,56000,1
56,-14,198,R0C4,,-14000,-56000,-14000,56000,-18000,56000,1
56,-13,198,R0C5,,-13000,-56000,-13000,56000,-18000,56000,1
56,-12,198,R0C6,,-12000,-56000,-12000,56000,-18000,56000,1
56,-11,198,R0C7,,-11000,-56000,-11000,56000,-18000,56000,1
56,-10,198,R0C8,,-10000,-56000,-10000,56000,-18000,56000,1
57,-18,198,R1C0,,-18000,-57000,-18000,57000,-18000,56000,1
57,-17,198,R1C1,,-17000,-57000,-17000,57000,-18000,56000,1
57,-16,198,R1C2,,-16000,-57000,-16000,57000,-18000,56000,1
57,-15,198,R1C3,,-15000,-57000,-15000,57000,-18000,56000,1
57,-14,198,R1C4,,-14000,-57000,-14000,57000,-18000,56000,1
57,-13,198,R1C5,,-13000,-57000,-13000,57000,-18000,56000,1
57,-12,198,R1C6,,-12000,-57000,-12000,57000,-18000,56000,1
57,-11,198,R1C7,,-11000,-57000,-11000,57000,-18000,56000,1
57,-10,198,R1C8,,-10000,-57000,-10000,57000,-18000,56000,1
58,-18,198,R2C0,,-18000,-58000,-18000,58000,-18000,56000,1
58,-17,198,R2C1,,-17000,-58000,-17000,58000,-18000,56000,1
58,-16,198,R2C2,,-16000,-58000,-16000,58000,-18000,56000,1
58,-15,198,R2C3,,-15000,-58000,-15000,58000,-18000,56000,1
58,-14,198,R2C4,,-14000,-58000,-14000,58000,-18000,56000,1
58,-13,198,R2C5,,-13000,-58000,-13000,58000,-18000,56000,1
58,-12,198,R2C6,,-12000,-58000,-12000,58000,-18000,56000,1
58,-11,198,R2C7,,-11000,-58000,-11000,58000,-18000,56000,1
58,-10,198,R2C8,,-10000,-58000,-10000,58000,-18000,56000,1
59,-18,198,R3C0,,-18000,-59000,-18000,59000,-18000,56000,1
59,-17,198,R3C1,,-17000,-59000,-17000,59000,-18000,56000,1
59,-16,198,R3C2,,-16000,-59000,-16000,59000,-18000,56000,1
59,-15,198,R3C3,,-15000,-59000,-15000,59000,-18000,56000,1
59,-14,198,R3C4,,-14000,-59000,-14000,59000,-18000,56000,1
59,-13,198,R3C5,,-13000,-59000,-13000,59000,-18000,56000,1
59,-12,198,R3C6,,-12000,-59000,-12000,59000,-18000,56000,1
59,-11,198,R3C7,,-11000,-59000,-11000,59000,-18000,56000,1
59,-10,198,R3C8,,-10000,-59000,-10000,59000,-18000,56000,1
60,-18,198,R4C0,,-18000,-60000,-18000,60000,-18000,56000,1
60,-17,198,R4C1,,-17000,-60000,-17000,60000,-18000,56000,1
60,-16,198,R4C2,,-16000,-60000,-16000,60000,-18000,56000,1
60,-15,198,R4C3,,-15000,-60000,-15000,60000,-18000,56000,1
60,-14,198,R4C4,,-14000,-60000,-14000,60000,-18000,56000,1
60,-13,198,R4C5,,-13000,-60000,-13000,60000,-18000,56000,1
60,-12,198,R4C6,,-12000,-60000,-12000,60000,-18000,56000,1
60,-11,198,R4C7,,-11000,-60000,-11000,60000,-18000,56000,1
60,-10,198,R4C8,,-10000,-60000,-10000,60000,-18000,56000,1
61,-18,198,R5C0,,-18000,-61000,-18000,61000,-18000,56000,1
61,-17,198,R5C1,,-17000,-61000,-17000,61000,-18000,56000,1
61,-16,198,R5C2,,-16000,-61000,-16000,61000,-18000,56000,1
61,-15,198,R5C3,,-15000,-61000,-15000,61000,-18000,56000,1
61,-14,198,R5C4,,-14000,-61000,-14000,61000,-18000,56000,1
61,-13,198,R5C5,,-13000,-61000,-13000,61000,-18000,56000,1
61,-12,198,R5C6,,-12000,-61000,-12000,61000,-18000,56000,1
61,-11,198,R5C7,,-11000,-61000,-11000,61000,-18000,56000,1
61,-10,198,R5C8,,-10000,-61000,-10000,61000,-18000,56000,1
62,-18,198,R6C0,,-18000,-62000,-18000,62000,-18000,56000,1
62,-17,198,R6C1,,-17000,-62000,-17000,62000,-18000,56000,1
62,-16,198,R6C2,,-16000,-62000,-16000,62000,-18000,56000,1
62,-15,198,R6C3,,-15000,-62000,-15000,62000,-18000,56000,1
62,-14,198,R6C4,,-14000,-62000,-14000,62000,-18000,56000,1
62,-13,198,R6C5,,-13000,-62000,-13000,62000,-18000,56000,1
62,-12,198,R6C6,2-7-9-2,-12000,-62000,-12000,62000,-18000,56000,1
62,-11,198,R6C7,1-7-9-2,-11000,-62000,-11000,62000,-18000,56000,1
62,-10,198,R6C8,,-10000,-62000,-10000,62000,-18000,56000,1
0,-54,98,R0C0,,-54000,0,-54000,0,-54000,0,1
0,-53,98,R0C1,,-53000,0,-53000,0,-54000,0,1
0,-52,98,R0C2,,-52000,0,-52000,0,-54000,0,1
0,-51,98,R0C3,,-51000,0,-51000,0,-54000,0,1
0,-50,98,R0C4,,-50000,0,-50000,0,-54000,0,1
0,-49,98,R0C5,,-49000,0,-49000,0,-54000,0,1
0,-48,98,R0C6,,-48000,0,-48000,0,-54000,0,1
0,-47,98,R0C7,,-47000,0,-47000,0,-54000,0,1
0,-46,98,R0C8,,-46000,0,-46000,0,-54000,0,1
1,-54,98,R1C0,,-54000,-1000,-54000,1000,-54000,0,1
1,-53,98,R1C1,,-53000,-1000,-53000,1000,-54000,0,1
1,-52,98,R1C2,,-52000,-1000,-52000,1000,-54000,0,1
1,-51,98,R1C3,,-51000,-1000,-51000,1000,-54000,0,1
1,-50,98,R1C4,,-50000,-1000,-50000,1000,-54000,0,1
1,-49,98,R1C5,,-49000,-1000,-49000,1000,-54000,0,1
1,-48,98,R1C6,,-48000,-1000,-48000,1000,-54000,0,1
1,-47,98,R1C7,,-47000,-1000,-47000,1000,-54000,0,1
1,-46,98,R1C8,,-46000,-1000,-46000,1000,-54000,0,1
2,-54,98,R2C0,,-54000,-2000,-54000,2000,-54000,0,1
2,-53,98,R2C1,,-53000,-2000,-53000,2000,-54000,0,1
2,-52,98,R2C2,,-52000,-2000,-52000,2000,-54000,0,1
2,-51,98,R2C3,,-51000,-2000,-51000,2000,-54000,0,1
2,-50,98,R2C4,,-50000,-2000,-50000,2000,-54000,0,1
2,-49,98,R2C5,,-49000,-2000,-49000,2000,-54000,0,1
2,-48,98,R2C6,,-48000,-2000,-48000,2000,-54000,0,1
2,-47,98,R2C7,,-47000,-2000,-47000,2000,-54000,0,1
2,-46,98,R2C8,,-46000,-2000,-46000,2000,-54000,0,1
3,-54,98,R3C0,,-54000,-3000,-54000,3000,-54000,0,1
3,-53,98,R3C1,,-53000,-3000,-53000,3000,-54000,0,1
3,-52,98,R3C2,,-52000,-3000,-52000,3000,-54000,0,1
3,-51,98,R3C3,,-51000,-3000,-51000,3000,-54000,0,1
3,-50,98,R3C4,,-50000,-3000,-50000,3000,-54000,0,1
3,-49,98,R3C5,,-49000,-3000,-49000,3000,-54000,0,1
3,-48,98,R3C6,,-48000,-3000,-48000,3000,-54000,0,1
3,-47,98,R3C7,,-47000,-3000,-47000,3000,-54000,0,1
3,-46,98,R3C8,,-46000,-3000,-46000,3000,-54000,0,1
4,-54,98,R4C0,,-54000,-4000,-54000,4000,-54000,0,1
4,-53,98,R4C1,,-53000,-4000,-53000,4000,-54000,0,1
4,-52,98,R4C2,,-52000,-4000,-52000,4000,-54000,0,1
4,-51,98,R4C3,,-51000,-4000,-51000,4000,-54000,0,1
4,-50,98,R4C4,,-50000,-4000,-50000,4000,-54000,0,1
4,-49,98,R4C5,,-49000,-4000,-49000,4000,-54000,0,1
4,-48,98,R4C6,,-48000,-4000,-48000,4000,-54000,0,1
4,-47,98,R4C7,,-47000,-4000,-47000,4000,-54000,0,1
4,-46,98,R4C8,,-46000,-4000,-46000,4000,-54000,0,1
5,-54,98,R5C0,,-54000,-5000,-54000,5000,-54000,0,1
5,-53,98,R5C1,,-53000,-5000,-53000,5000,-54000,0,1
5,-52,98,R5C2,,-52000,-5000,-52000,5000,-54000,0,1
5,-51,98,R5C3,,-51000,-5000,-51000,5000,-54000,0,1
5,-50,98,R5C4,,-50000,-5000,-50000,5000,-54000,0,1
5,-49,98,R5C5,,-49000,-5000,-49000,5000,-54000,0,1
5,-48,98,R5C6,,-48000,-5000,-48000,5000,-54000,0,1
5,-47,98,R5C7,,-47000,-5000,-47000,5000,-54000,0,1
5,-46,98,R5C8,,-46000,-5000,-46000,5000,-54000,0,1
6,-54,98,R6C0,,-54000,-6000,-54000,6000,-54000,0,1
6,-53,98,R6C1,,-53000,-6000,-53000,6000,-54000,0,1
6,-52,98,R6C2,,-52000,-6000,-52000,6000,-54000,0,1
6,-51,98,R6C3,,-51000,-6000,-51000,6000,-54000,0,1
6,-50,98,R6C4,,-50000,-6000,-50000,6000,-54000,0,1
6,-49,98,R6C5,,-49000,-6000,-49000,6000,-54000,0,1
6,-48,98,R6C6,2-7-13-10,-48000,-6000,-48000,6000,-54000,0,1
6,-47,98,R6C7,1-7-13-10,-47000,-6000,-47000,6000,-54000,0,1
6,-46,98,R6C8,,-46000,-6000,-46000,6000,-54000,0,1
7,9,120,R0C0,,9000,-7000,9000,7000,9000,7000,1
7,10,120,R0C1,,10000,-7000,10000,7000,9000,7000,1
7,11,120,R0C2,,11000,-7000,11000,7000,9000,7000,1
7,12,120,R0C3,,12000,-7000,12000,7000,9000,7000,1
7,13,120,R0C4,,13000,-7000,13000,7000,9000,7000,1
7,14,120,R0C5,,14000,-7000,14000,7000,9000,7000,1
7,15,120,R0C6,,15000,-7000,15000,7000,9000,7000,1
7,16,120,R0C7,,16000,-7000,16000,7000,9000,7000,1
7,17,120,R0C8,,17000,-7000,17000,7000,9000,7000,1
8,9,120,R1C0,,9000,-8000,9000,8000,9000,7000,1
8,10,120,R1C1,,10000,-8000,10000,8000,9000,7000,1
8,11,120,R1C2,,11000,-8000,11000,8000,9000,7000,1
8,12,120,R1C3,,12000,-8000,12000,8000,9000,7000,1
8,13,120,R1C4,,13000,-8000,13000,8000,9000,7000,1
8,14,120,R1C5,,14000,-8000,14000,8000,9000,7000,1
8,15,120,R1C6,,15000,-8000,15000,8000,9000,7000,1
8,16,120,R1C7,,16000,-8000,16000,8000,9000,7000,1
8,17,120,R1C8,,17000,-8000,17000,8000,9000,7000,1
9,9,120,R2C0,,9000,-9000,9000,9000,9000,7000,1
9,10,120,R2C1,,10000,-9000,10000,9000,9000,7000,1
9,11,120,R2C2,,11000,-9000,11000,9000,9000,7000,1
9,12,120,R2C3,,12000,-9000,12000,9000,9000,7000,1
9,13,120,R2C4,,13000,-9000,13000,9000,9000,7000,1
9,14,120,R2C5,,14000,-9000,14000,9000,9000,7000,1
9,15,120,R2C6,,15000,-9000,15000,9000,9000,7000,1
9,16,120,R2C7,,16000,-9000,16000,9000,9000,7000,1
9,17,120,R2C8,,17000,-9000,17000,9000,9000,7000,1
10,9,120,R3C0,,9000,-10000,9000,10000,9000,7000,1
10,10,120,R3C1,,10000,-10000,10000,10000,9000,7000,1
10,11,120,R3C2,,11000,-10000,11000,10000,9000,7000,1
10,12,120,R3C3,,12000,-10000,12000,10000,9000,7000,1
10,13,120,R3C4,,13000,-10000,13000,10000,9000,7000,1
10,14,120,R3C5,,14000,-10000,14000,10000,9000,7000,1
10,15,120,R3C6,,15000,-10000,15000,10000,9000,7000,1
10,16,120,R3C7,,16000,-10000,16000,10000,9000,7000,1
10,17,120,R3C8,,17000,-10000,17000,10000,9000,7000,1
11,9,120,R4C0,,9000,-11000,9000,11000,9000,7000,1
11,10,120,R4C1,,10000,-11000,10000,11000,9000,7000,1
11,11,120,R4C2,,11000,-11000,11000,11000,9000,7000,1
11,12,120,R4C3,,12000,-11000,12000,11000,9000,7000,1
11,13,120,R4C4,,13000,-11000,13000,11000,9000,7000,1
11,14,120,R4C5,,14000,-11000,14000,11000,9000,7000,1
11,15,120,R4C6,,15000,-11000,15000,11000,9000,7000,1
11,16,120,R4C7,,16000,-11000,16000,11000,9000,7000,1
11,17,120,R4C8,,17000,-11000,17000,11000,9000,7000,1
12,9,120,R5C0,,9000,-12000,9000,12000,9000,7000,1
12,10,120,R5C1,,10000,-12000,10000,12000,9000,7000,1
12,11,120,R5C2,,11000,-12000,11000,12000,9000,7000,1
12,12,120,R5C3,,12000,-12000,12000,12000,9000,7000,1
12,13,120,R5C4,,13000,-12000,13000,12000,9000,7000,1
12,14,120,R5C5,,14000,-12000,14000,12000,9000,7000,1
12,15,120,R5C6,,15000,-12000,15000,12000,9000,7000,1
12,16,120,R5C7,,16000,-12000,16000,12000,9000,7000,1
12,17,120,R5C8,,17000,-12000,17000,12000,9000,7000,1
13,9,120,R6C0,,9000,-13000,9000,13000,9000,7000,1
13,10,120,R6C1,,10000,-13000,10000,13000,9000,7000,1
13,11,120,R6C2,,11000,-13000,11000,13000,9000,7000,1
13,12,120,R6C3,,12000,-13000,12000,13000,9000,7000,1
13,13,120,R6C4,,13000,-13000,13000,13000,9000,7000,1
13,14,120,R6C5,,14000,-13000,14000,13000,9000,7000,1
13,15,120,R6C6,2-7-6-9,15000,-13000,15000,13000,9000,7000,1
13,16,120,R6C7,1-7-6-9,16000,-13000,16000,13000,9000,7000,1
13,17,120,R6C8,,17000,-13000,17000,13000,9000,7000,1
0,27,107,R0C0,,27000,0,27000,0,27000,0,1
0,28,107,R0C1,,28000,0,28000,0,27000,0,1
0,29,107,R0C2,,29000,0,29000,0,27000,0,1
0,30,107,R0C3,,30000,0,30000,0,27000,0,1
0,31,107,R0C4,,31000,0,31000,0,27000,0,1
0,32,107,R0C5,,32000,0,32000,0,27000,0,1
0,33,107,R0C6,,33000,0,33000,0,27000,0,1
0,34,107,R0C7,,34000,0,34000,0,27000,0,1
0,35,107,R0C8,,35000,0,35000,0,27000,0,1
1,27,107,R1C0,,27000,-1000,27000,1000,27000,0,1
1,28,107,R1C1,,28000,-1000,28000,1000,27000,0,1
1,29,107,R1C2,,29000,-1000,29000,1000,27000,0,1
1,30,107,R1C3,,30000,-1000,30000,1000,27000,0,1
1,31,107,R1C4,,31000,-1000,31000,1000,27000,0,1
1,32,107,R1C5,,32000,-1000,32000,1000,27000,0,1
1,33,107,R1C6,,33000,-1000,33000,1000,27000,0,1
1,34,107,R1C7,,34000,-1000,34000,1000,27000,0,1
1,35,107,R1C8,,35000,-1000,35000,1000,27000,0,1
2,27,107,R2C0,,27000,-2000,27000,2000,27000,0,1
2,28,107,R2C1,,28000,-2000,28000,2000,27000,0,1
2,29,107,R2C2,,29000,-2000,29000,2000,27000,0,1
2,30,107,R2C3,,30000,-2000,30000,2000,27000,0,1
2,31,107,R2C4,,31000,-2000,31000,2000,27000,0,1
2,32,107,R2C5,,32000,-2000,32000,2000,27000,0,1
2,33,107,R2C6,,33000,-2000,33000,2000,27000,0,1
2,34,107,R2C7,,34000,-2000,34000,2000,27000,0,1
2,35,107,R2C8,,35000,-2000,35000,2000,27000,0,1
3,27,107,R3C0,,27000,-3000,27000,3000,27000,0,1
3,28,107,R3C1,,28000,-3000,28000,3000,27000,0,1
3,29,107,R3C2,,29000,-3000,29000,3000,27000,0,1
3,30,107,R3C3,,30000,-3000,30000,3000,27000,0,1
3,31,107,R3C4,,31000,-3000,31000,3000,27000,0,1
3,32,107,R3C5,,32000,-3000,32000,3000,27000,0,1
3,33,107,R3C6,,33000,-3000,33000,3000,27000,0,1
3,34,107,R3C7,,34000,-3000,34000,3000,27000,0,1
3,35,107,R3C8,,35000,-3000,35000,3000,27000,0,1
4,27,107,R4C0,,27000,-4000,27000,4000,27000,0,1
4,28,107,R4C1,,28000,-4000,28000,4000,27000,0,1
4,29,107,R4C2,,29000,-4000,29000,4000,27000,0,1
4,30,107,R4C3,,30000,-4000,30000,4000,27000,0,1
4,31,107,R4C4,,31000,-4000,31000,4000,27000,0,1
4,32,107,R4C5,,32000,-4000,32000,4000,27000,0,1
4,33,107,R4C6,,33000,-4000,33000,4000,27000,0,1
4,34,107,R4C7,,34000,-4000,34000,4000,27000,0,1
4,35,107,R4C8,,35000,-4000,35000,4000,27000,0,1
5,27,107,R5C0,,27000,-5000,27000,5000,27000,0,1
5,28,107,R5C1,,28000,-5000,28000,5000,27000,0,1
5,29,107,R5C2,,29000,-5000,29000,5000,27000,0,1
5,30,107,R5C3,,30000,-5000,30000,5000,27000,0,1
5,31,107,R5C4,,31000,-5000,31000,5000,27000,0,1
5,32,107,R5C5,,32000,-5000,32000,5000,27000,0,1
5,33,107,R5C6,,33000,-5000,33000,5000,27000,0,1
5,34,107,R5C7,,34000,-5000,34000,5000,27000,0,1
5,35,107,R5C8,,35000,-5000,35000,5000,27000,0,1
6,27,107,R6C0,,27000,-6000,27000,6000,27000,0,1
6,28,107,R6C1,,28000,-6000,28000,6000,27000,0,1
6,29,107,R6C2,,29000,-6000,29000,6000,27000,0,1
6,30,107,R6C3,,30000,-6000,30000,6000,27000,0,1
6,31,107,R6C4,,31000,-6000,31000,6000,27000,0,1
6,32,107,R6C5,,32000,-6000,32000,6000,27000,0,1
6,33,107,R6C6,2-7-4-10,33000,-6000,33000,6000,27000,0,1
6,34,107,R6C7,1-7-4-10,34000,-6000,34000,6000,27000,0,1
6,35,107,R6C8,,35000,-6000,35000,6000,27000,0,1
14,0,133,R0C0,,0,-14000,0,14000,0,14000,1
14,1,133,R0C1,,1000,-14000,1000,14000,0,14000,1
14,2,133,R0C2,,2000,-14000,2000,14000,0,14000,1
14,3,133,R0C3,,3000,-14000,3000,14000,0,14000,1
14,4,133,R0C4,,4000,-14000,4000,14000,0,14000,1
14,5,133,R0C5,,5000,-14000,5000,14000,0,14000,1
14,6,133,R0C6,,6000,-14000,6000,14000,0,14000,1
14,7,133,R0C7,,7000,-14000,7000,14000,0,14000,1
14,8,133,R0C8,,8000,-14000,8000,14000,0,14000,1
15,0,133,R1C0,,0,-15000,0,15000,0,14000,1
15,1,133,R1C1,,1000,-15000,1000,15000,0,14000,1
15,2,133,R1C2,,2000,-15000,2000,15000,0,14000,1
15,3,133,R1C3,,3000,-15000,3000,15000,0,14000,1
15,4,133,R1C4,,4000,-15000,4000,15000,0,14000,1
15,5,133,R1C5,,5000,-15000,5000,15000,0,14000,1
15,6,133,R1C6,,6000,-15000,6000,15000,0,14000,1
15,7,133,R1C7,,7000,-15000,7000,15000,0,14000,1
15,8,133,R1C8,,8000,-15000,8000,15000,0,14000,1
16,0,133,R2C0,,0,-16000,0,16000,0,14000,1
16,1,133,R2C1,,1000,-16000,1000,16000,0,14000,1
16,2,133,R2C2,,2000,-16000,2000,16000,0,14000,1
16,3,133,R2C3,,3000,-16000,3000,16000,0,14000,1
16,4,133,R2C4,,4000,-16000,4000,16000,0,14000,1
16,5,133,R2C5,,5000,-16000,5000,16000,0,14000,1
16,6,133,R2C6,,6000,-16000,6000,16000,0,14000,1
16,7,133,R2C7,,7000,-16000,7000,16000,0,14000,1
16,8,133,R2C8,,8000,-16000,8000,16000,0,14000,1
17,0,133,R3C0,,0,-17000,0,17000,0,14000,1
17,1,133,R3C1,,1000,-17000,1000,17000,0,14000,1
17,2,133,R3C2,,2000,-17000,2000,17000,0,14000,1
17,3,133,R3C3,,3000,-17000,3000,17000,0,14000,1
17,4,133,R3C4,,4000,-17000,4000,17000,0,14000,1
17,5,133,R3C5,,5000,-17000,5000,17000,0,14000,1
17,6,133,R3C6,,6000,-17000,6000,17000,0,14000,1
17,7,133,R3C7,,7000,-17000,7000,17000,0,14000,1
17,8,133,R3C8,,8000,-17000,8000,17000,0,14000,1
18,0,133,R4C0,,0,-18000,0,18000,0,14000,1
18,1,133,R4C1,,1000,-18000,1000,18000,0,14000,1
18,2,133,R4C2,,2000,-18000,2000,18000,0,14000,1
18,3,133,R4C3,,3000,-18000,3000,18000,0,14000,1
18,4,133,R4C4,,4000,-18000,4000,18000,0,14000,1
18,5,133,R4C5,,5000,-18000,5000,18000,0,14000,1
18,6,133,R4C6,,6000,-18000,6000,18000,0,14000,1
18,7,133,R4C7,,7000,-18000,7000,18000,0,14000,1
18,8,133,R4C8,,8000,-18000,8000,18000,0,14000,1
19,0,133,R5C0,,0,-19000,0,19000,0,14000,1
19,1,133,R5C1,,1000,-19000,1000,19000,0,14000,1
19,2,133,R5C2,,2000,-19000,2000,19000,0,14000,1
19,3,133,R5C3,,3000,-19000,3000,19000,0,14000,1
19,4,133,R5C4,,4000,-19000,4000,19000,0,14000,1
19,5,133,R5C5,,5000,-19000,5000,19000,0,14000,1
19,6,133,R5C6,,6000,-19000,6000,19000,0,14000,1
19,7,133,R5C7,,7000,-19000,7000,19000,0,14000,1
19,8,133,R5C8,,8000,-19000,8000,19000,0,14000,1
20,0,133,R6C0,,0,-20000,0,20000,0,14000,1
20,1,133,R6C1,,1000,-20000,1000,20000,0,14000,1
20,2,133,R6C2,,2000,-20000,2000,20000,0,14000,1
20,3,133,R6C3,,3000,-20000,3000,20000,0,14000,1
20,4,133,R6C4,,4000,-20000,4000,20000,0,14000,1
20,5,133,R6C5,,5000,-20000,5000,20000,0,14000,1
20,6,133,R6C6,2-7-7-8,6000,-20000,6000,20000,0,14000,1
20,7,133,R6C7,1-7-7-8,7000,-20000,7000,20000,0,14000,1
20,8,133,R6C8,,8000,-20000,8000,20000,0,14000,1
-49,-27,13,R0C0,,-27000,49000,-27000,-49000,-27000,-49000,1
-49,-26,13,R0C1,,-26000,49000,-26000,-49000,-27000,-49000,1
-49,-25,13,R0C2,,-25000,49000,-25000,-49000,-27000,-49000,1
-49,-24,13,R0C3,,-24000,49000,-24000,-49000,-27000,-49000,1
-49,-23,13,R0C4,,-23000,49000,-23000,-49000,-27000,-49000,1
-49,-22,13,R0C5,,-22000,49000,-22000,-49000,-27000,-49000,1
-49,-21,13,R0C6,,-21000,49000,-21000,-49000,-27000,-49000,1
-49,-20,13,R0C7,,-20000,49000,-20000,-49000,-27000,-49000,1
-49,-19,13,R0C8,,-19000,49000,-19000,-49000,-27000,-49000,1
-48,-27,13,R1C0,,-27000,48000,-27000,-48000,-27000,-49000,1
-48,-26,13,R1C1,,-26000,48000,-26000,-48000,-27000,-49000,1
-48,-25,13,R1C2,,-25000,48000,-25000,-48000,-27000,-49000,1
-48,-24,13,R1C3,,-24000,48000,-24000,-48000,-27000,-49000,1
-48,-23,13,R1C4,,-23000,48000,-23000,-48000,-27000,-49000,1
-48,-22,13,R1C5,,-22000,48000,-22000,-48000,-27000,-49000,1
-48,-21,13,R1C6,,-21000,48000,-21000,-48000,-27000,-49000,1
-48,-20,13,R1C7,,-20000,48000,-20000,-48000,-27000,-49000,1
-48,-19,13,R1C8,,-19000,48000,-19000,-48000,-27000,-49000,1
-47,-27,13,R2C0,,-27000,47000,-27000,-47000,-27000,-49000,1
-47,-26,13,R2C1,,-26000,47000,-26000,-47000,-27000,-49000,1
-47,-25,13,R2C2,,-25000,47000,-25000,-47000,-27000,-49000,1
-47,-24,13,R2C3,,-24000,47000,-24000,-47000,-27000,-49000,1
-47,-23,13,R2C4,,-23000,47000,-23000,-47000,-27000,-49000,1
-47,-22,13,R2C5,,-22000,47000,-22000,-47000,-27000,-49000,1
-47,-21,13,R2C6,,-21000,47000,-21000,-47000,-27000,-49000,1
-47,-20,13,R2C7,,-20000,47000,-20000,-47000,-27000,-49000,1
-47,-19,13,R2C8,,-19000,47000,-19000,-47000,-27000,-49000,1
-46,-27,13,R3C0,,-27000,46000,-27000,-46000,-27000,-49000,1
-46,-26,13,R3C1,,-26000,46000,-26000,-46000,-27000,-49000,1
-46,-25,13,R3C2,,-25000,46000,-25000,-46000,-27000,-49000,1
-46,-24,13,R3C3,,-24000,46000,-24000,-46000,-27000,-49000,1
-46,-23,13,R3C4,,-23000,46000,-23000,-46000,-27000,-49000,1
-46,-22,13,R3C5,,-22000,46000,-22000,-46000,-27000,-49000,1
-46,-21,13,R3C6,,-21000,46000,-21000,-46000,-27000,-49000,1
-46,-20,13,R3C7,,-20000,46000,-20000,-46000,-27000,-49000,1
-46,-19,13,R3C8,,-19000,46000,-19000,-46000,-27000,-49000,1
-45,-27,13,R4C0,,-27000,45000,-27000,-45000,-27000,-49000,1
-45,-26,13,R4C1,,-26000,45000,-26000,-45000,-27000,-49000,1
-45,-25,13,R4C2,,-25000,45000,-25000,-45000,-27000,-49000,1
-45,-24,13,R4C3,,-24000,45000,-24000,-45000,-27000,-49000,1
-45,-23,13,R4C4,,-23000,45000,-23000,-45000,-27000,-49000,1
-45,-22,13,R4C5,,-22000,45000,-22000,-45000,-27000,-49000,1
-45,-21,13,R4C6,,-21000,45000,-21000,-45000,-27000,-49000,1
-45,-20,13,R4C7,,-20000,45000,-20000,-45000,-27000,-49000,1
-45,-19,13,R4C8,,-19000,45000,-19000,-45000,-27000,-49000,1
-44,-27,13,R5C0,,-27000,44000,-27000,-44000,-27000,-49000,1
-44,-26,13,R5C1,,-26000,44000,-26000,-44000,-27000,-49000,1
-44,-25,13,R5C2,,-25000,44000,-25000,-44000,-27000,-49000,1
-44,-24,13,R5C3,,-24000,44000,-24000,-44000,-27000,-49000,1
-44,-23,13,R5C4,,-23000,44000,-23000,-44000,-27000,-49000,1
-44,-22,13,R5C5,,-22000,44000,-22000,-44000,-27000,-49000,1
-44,-21,13,R5C6,,-21000,44000,-21000,-44000,-27000,-49000,1
-44,-20,13,R5C7,,-20000,44000,-20000,-44000,-27000,-49000,1
-44,-19,13,R5C8,,-19000,44000,-19000,-44000,-27000,-49000,1
-43,-27,13,R6C0,,-27000,43000,-27000,-43000,-27000,-49000,1
-43,-26,13,R6C1,,-26000,43000,-26000,-43000,-27000,-49000,1
-43,-25,13,R6C2,,-25000,43000,-25000,-43000,-27000,-49000,1
-43,-24,13,R6C3,,-24000,43000,-24000,-43000,-27000,-49000,1
-43,-23,13,R6C4,,-23000,43000,-23000,-43000,-27000,-49000,1
-43,-22,13,R6C5,,-22000,43000,-22000,-43000,-27000,-49000,1
-43,-21,13,R6C6,2-7-10-17,-21000,43000,-21000,-43000,-27000,-49000,1
-43,-20,13,R6C7,1-7-10-17,-20000,43000,-20000,-43000,-27000,-49000,1
-43,-19,13,R6C8,,-19000,43000,-19000,-43000,-27000,-49000,1
-63,0,3,R0C0,,0,63000,0,-63000,0,-63000,1
-63,1,3,R0C1,,1000,63000,1000,-63000,0,-63000,1
-63,2,3,R0C2,,2000,63000,2000,-63000,0,-63000,1
-63,3,3,R0C3,,3000,63000,3000,-63000,0,-63000,1
-63,4,3,R0C4,,4000,63000,4000,-63000,0,-63000,1
-63,5,3,R0C5,,5000,63000,5000,-63000,0,-63000,1
-63,6,3,R0C6,,6000,63000,6000,-63000,0,-63000,1
-63,7,3,R0C7,,7000,63000,7000,-63000,0,-63000,1
-63,8,3,R0C8,,8000,63000,8000,-63000,0,-63000,1
-62,0,3,R1C0,,0,62000,0,-62000,0,-63000,1
-62,1,3,R1C1,,1000,62000,1000,-62000,0,-63000,1
-62,2,3,R1C2,,2000,62000,2000,-62000,0,-63000,1
-62,3,3,R1C3,,3000,62000,3000,-62000,0,-63000,1
-62,4,3,R1C4,,4000,62000,4000,-62000,0,-63000,1
-62,5,3,R1C5,,5000,62000,5000,-62000,0,-63000,1
-62,6,3,R1C6,,6000,62000,6000,-62000,0,-63000,1
-62,7,3,R1C7,,7000,62000,7000,-62000,0,-63000,1
-62,8,3,R1C8,,8000,62000,8000,-62000,0,-63000,1
-61,0,3,R2C0,,0,61000,0,-61000,0,-63000,1
-61,1,3,R2C1,,1000,61000,1000,-61000,0,-63000,1
-61,2,3,R2C2,,2000,61000,2000,-61000,0,-63000,1
-61,3,3,R2C3,,3000,61000,3000,-61000,0,-63000,1
-61,4,3,R2C4,,4000,61000,4000,-61000,0,-63000,1
-61,5,3,R2C5,,5000,61000,5000,-61000,0,-63000,1
-61,6,3,R2C6,,6000,61000,6000,-61000,0,-63000,1
-61,7,3,R2C7,,7000,61000,7000,-61000,0,-63000,1
-61,8,3,R2C8,,8000,61000,8000,-61000,0,-63000,1
-60,0,3,R3C0,,0,60000,0,-60000,0,-63000,1
-60,1,3,R3C1,,1000,60000,1000,-60000,0,-63000,1
-60,2,3,R3C2,,2000,60000,2000,-60000,0,-63000,1
-60,3,3,R3C3,,3000,60000,3000,-60000,0,-63000,1
-60,4,3,R3C4,,4000,60000,4000,-60000,0,-63000,1
-60,5,3,R3C5,,5000,60000,5000,-60000,0,-63000,1
-60,6,3,R3C6,,6000,60000,6000,-60000,0,-63000,1
-60,7,3,R3C7,,7000,60000,7000,-60000,0,-63000,1
-60,8,3,R3C8,,8000,60000,8000,-60000,0,-63000,1
-59,0,3,R4C0,,0,59000,0,-59000,0,-63000,1
-59,1,3,R4C1,,1000,59000,1000,-59000,0,-63000,1
-59,2,3,R4C2,,2000,59000,2000,-59000,0,-63000,1
-59,3,3,R4C3,,3000,59000,3000,-59000,0,-63000,1
-59,4,3,R4C4,,4000,59000,4000,-59000,0,-63000,1
-59,5,3,R4C5,,5000,59000,5000,-59000,0,-63000,1
-59,6,3,R4C6,,6000,59000,6000,-59000,0,-63000,1
-59,7,3,R4C7,,7000,59000,7000,-59000,0,-63000,1
-59,8,3,R4C8,,8000,59000,8000,-59000,0,-63000,1
-58,0,3,R5C0,,0,58000,0,-58000,0,-63000,1
-58,1,3,R5C1,,1000,58000,1000,-58000,0,-63000,1
-58,2,3,R5C2,,2000,58000,2000,-58000,0,-63000,1
-58,3,3,R5C3,,3000,58000,3000,-58000,0,-63000,1
-58,4,3,R5C4,,4000,58000,4000,-58000,0,-63000,1
-58,5,3,R5C5,,5000,58000,5000,-58000,0,-63000,1
-58,6,3,R5C6,,6000,58000,6000,-58000,0,-63000,1
-58,7,3,R5C7,,7000,58000,7000,-58000,0,-63000,1
-58,8,3,R5C8,,8000,58000,8000,-58000,0,-63000,1
-57,0,3,R6C0,,0,57000,0,-57000,0,-63000,1
-57,1,3,R6C1,,1000,57000,1000,-57000,0,-63000,1
-57,2,3,R6C2,,2000,57000,2000,-57000,0,-63000,1
-57,3,3,R6C3,,3000,57000,3000,-57000,0,-63000,1
-57,4,3,R6C4,,4000,57000,4000,-57000,0,-63000,1
-57,5,3,R6C5,,5000,57000,5000,-57000,0,-63000,1
-57,6,3,R6C6,2-7-7-19,6000,57000,6000,-57000,0,-63000,1
-57,7,3,R6C7,1-7-7-19,7000,57000,7000,-57000,0,-63000,1
-57,8,3,R6C8,,8000,57000,8000,-57000,0,-63000,1
42,0,182,R0C0,,0,-42000,0,42000,0,42000,1
42,1,182,R0C1,,1000,-42000,1000,42000,0,42000,1
42,2,182,R0C2,,2000,-42000,2000,42000,0,42000,1
42,3,182,R0C3,,3000,-42000,3000,42000,0,42000,1
42,4,182,R0C4,,4000,-42000,4000,42000,0,42000,1
42,5,182,R0C5,,5000,-42000,5000,42000,0,42000,1
42,6,182,R0C6,,6000,-42000,6000,42000,0,42000,1
42,7,182,R0C7,,7000,-42000,7000,42000,0,42000,1
42,8,182,R0C8,,8000,-42000,8000,42000,0,42000,1
43,0,182,R1C0,,0,-43000,0,43000,0,42000,1
43,1,182,R1C1,,1000,-43000,1000,43000,0,42000,1
43,2,182,R1C2,,2000,-43000,2000,43000,0,42000,1
43,3,182,R1C3,,3000,-43000,3000,43000,0,42000,1
43,4,182,R1C4,,4000,-43000,4000,43000,0,42000,1
43,5,182,R1C5,,5000,-43000,5000,43000,0,42000,1
43,6,182,R1C6,,6000,-43000,6000,43000,0,42000,1
43,7,182,R1C7,,7000,-43000,7000,43000,0,42000,1
43,8,182,R1C8,,8000,-43000,8000,43000,0,42000,1
44,0,182,R2C0,,0,-44000,0,44000,0,42000,1
44,1,182,R2C1,,1000,-44000,1000,44000,0,42000,1
44,2,182,R2C2,,2000,-44000,2000,44000,0,42000,1
44,3,182,R2C3,,3000,-44000,3000,44000,0,42000,1
44,4,182,R2C4,,4000,-44000,4000,44000,0,42000,1
44,5,182,R2C5,,5000,-44000,5000,44000,0,42000,1
44,6,182,R2C6,,6000,-44000,6000,44000,0,42000,1
44,7,182,R2C7,,7000,-44000,7000,44000,0,42000,1
44,8,182,R2C8,,8000,-44000,8000,44000,0,42000,1
45,0,182,R3C0,,0,-45000,0,45000,0,42000,1
45,1,182,R3C1,,1000,-45000,1000,45000,0,42000,1
45,2,182,R3C2,,2000,-45000,2000,45000,0,42000,1
45,3,182,R3C3,,3000,-45000,3000,45000,0,42000,1
45,4,182,R3C4,,4000,-45000,4000,45000,0,42000,1
45,5,182,R3C5,,5000,-45000,5000,45000,0,42000,1
45,6,182,R3C6,,6000,-45000,6000,45000,0,42000,1
45,7,182,R3C7,,7000,-45000,7000,45000,0,42000,1
45,8,182,R3C8,,8000,-45000,8000,45000,0,42000,1
46,0,182,R4C0,,0,-46000,0,46000,0,42000,1
46,1,182,R4C1,,1000,-46000,1000,46000,0,42000,1
46,2,182,R4C2,,2000,-46000,2000,46000,0,42000,1
46,3,182,R4C3,,3000,-46000,3000,46000,0,42000,1
46,4,182,R4C4,,4000,-46000,4000,46000,0,42000,1
46,5,182,R4C5,,5000,-46000,5000,46000,0,42000,1
46,6,182,R4C6,,6000,-46000,6000,46000,0,42000,1
46,7,182,R4C7,,7000,-46000,7000,46000,0,42000,1
46,8,182,R4C8,,8000,-46000,8000,46000,0,42000,1
47,0,182,R5C0,,0,-47000,0,47000,0,42000,1
47,1,182,R5C1,,1000,-47000,1000,47000,0,42000,1
47,2,182,R5C2,,2000,-47000,2000,47000,0,42000,1
47,3,182,R5C3,,3000,-47000,3000,47000,0,42000,1
47,4,182,R5C4,,4000,-47000,4000,47000,0,42000,1
47,5,182,R5C5,,5000,-47000,5000,47000,0,42000,1
47,6,182,R5C6,,6000,-47000,6000,47000,0,42000,1
47,7,182,R5C7,,7000,-47000,7000,47000,0,42000,1
47,8,182,R5C8,,8000,-47000,8000,47000,0,42000,1
48,0,182,R6C0,,0,-48000,0,48000,0,42000,1
48,1,182,R6C1,,1000,-48000,1000,48000,0,42000,1
48,2,182,R6C2,,2000,-48000,2000,48000,0,42000,1
48,3,182,R6C3,,3000,-48000,3000,48000,0,42000,1
48,4,182,R6C4,,4000,-48000,4000,48000,0,42000,1
48,5,182,R6C5,,5000,-48000,5000,48000,0,42000,1
48,6,182,R6C6,2-7-7-4,6000,-48000,6000,48000,0,42000,1
48,7,182,R6C7,1-7-7-4,7000,-48000,7000,48000,0,42000,1
48,8,182,R6C8,,8000,-48000,8000,48000,0,42000,1
-7,-36,85,R0C0,,-36000,7000,-36000,-7000,-36000,-7000,1
-7,-35,85,R0C1,,-35000,7000,-35000,-7000,-36000,-7000,1
-7,-34,85,R0C2,,-34000,7000,-34000,-7000,-36000,-7000,1
-7,-33,85,R0C3,,-33000,7000,-33000,-7000,-36000,-7000,1
-7,-32,85,R0C4,,-32000,7000,-32000,-7000,-36000,-7000,1
-7,-31,85,R0C5,,-31000,7000,-31000,-7000,-36000,-7000,1
-7,-30,85,R0C6,,-30000,7000,-30000,-7000,-36000,-7000,1
-7,-29,85,R0C7,,-29000,7000,-29000,-7000,-36000,-7000,1
-7,-28,85,R0C8,,-28000,7000,-28000,-7000,-36000,-7000,1
-6,-36,85,R1C0,,-36000,6000,-36000,-6000,-36000,-7000,1
-6,-35,85,R1C1,,-35000,6000,-35000,-6000,-36000,-7000,1
-6,-34,85,R1C2,,-34000,6000,-34000,-6000,-36000,-7000,1
-6,-33,85,R1C3,,-33000,6000,-33000,-6000,-36000,-7000,1
-6,-32,85,R1C4,,-32000,6000,-32000,-6000,-36000,-7000,1
-6,-31,85,R1C5,,-31000,6000,-31000,-6000,-36000,-7000,1
-6,-30,85,R1C6,,-30000,6000,-30000,-6000,-36000,-7000,1
-6,-29,85,R1C7,,-29000,6000,-29000,-6000,-36000,-7000,1
-6,-28,85,R1C8,,-28000,6000,-28000,-6000,-36000,-7000,1
-5,-36,85,R2C0,,-36000,5000,-36000,-5000,-36000,-7000,1
-5,-35,85,R2C1,,-35000,5000,-35000,-5000,-36000,-7000,1
-5,-34,85,R2C2,,-34000,5000,-34000,-5000,-36000,-7000,1
-5,-33,85,R2C3,,-33000,5000,-33000,-5000,-36000,-7000,1
-5,-32,85,R2C4,,-32000,5000,-32000,-5000,-36000,-7000,1
-5,-31,85,R2C5,,-31000,5000,-31000,-5000,-36000,-7000,1
-5,-30,85,R2C6,,-30000,5000,-30000,-5000,-36000,-7000,1
-5,-29,85,R2C7,,-29000,5000,-29000,-5000,-36000,-7000,1
-5,-28,85,R2C8,,-28000,5000,-28000,-5000,-36000,-7000,1
-4,-36,85,R3C0,,-36000,4000,-36000,-4000,-36000,-7000,1
-4,-35,85,R3C1,,-35000,4000,-35000,-4000,-36000,-7000,1
-4,-34,85,R3C2,,-34000,4000,-34000,-4000,-36000,-7000,1
-4,-33,85,R3C3,,-33000,4000,-33000,-4000,-36000,-7000,1
-4,-32,85,R3C4,,-32000,4000,-32000,-4000,-36000,-7000,1
-4,-31,85,R3C5,,-31000,4000,-31000,-4000,-36000,-7000,1
-4,-30,85,R3C6,,-30000,4000,-30000,-4000,-36000,-7000,1
-4,-29,85,R3C7,,-29000,4000,-29000,-4000,-36000,-7000,1
-4,-28,85,R3C8,,-28000,4000,-28000,-4000,-36000,-7000,1
-3,-36,85,R4C0,,-36000,3000,-36000,-3000,-36000,-7000,1
-3,-35,85,R4C1,,-35000,3000,-35000,-3000,-36000,-7000,1
-3,-34,85,R4C2,,-34000,3000,-34000,-3000,-36000,-7000,1
-3,-33,85,R4C3,,-33000,3000,-33000,-3000,-36000,-7000,1
-3,-32,85,R4C4,,-32000,3000,-32000,-3000,-36000,-7000,1
-3,-31,85,R4C5,,-31000,3000,-31000,-3000,-36000,-7000,1
-3,-30,85,R4C6,,-30000,3000,-30000,-3000,-36000,-7000,1
-3,-29,85,R4C7,,-29000,3000,-29000,-3000,-36000,-7000,1
-3,-28,85,R4C8,,-28000,3000,-28000,-3000,-36000,-7000,1
-2,-36,85,R5C0,,-36000,2000,-36000,-2000,-36000,-7000,1
-2,-35,85,R5C1,,-35000,2000,-35000,-2000,-36000,-7000,1
-2,-34,85,R5C2,,-34000,2000,-34000,-2000,-36000,-7000,1
-2,-33,85,R5C3,,-33000,2000,-33000,-2000,-36000,-7000,1
-2,-32,85,R5C4,,-32000,2000,-32000,-2000,-36000,-7000,1
-2,-31,85,R5C5,,-31000,2000,-31000,-2000,-36000,-7000,1
-2,-30,85,R5C6,,-30000,2000,-30000,-2000,-36000,-7000,1
-2,-29,85,R5C7,,-29000,2000,-29000,-2000,-36000,-7000,1
-2,-28,85,R5C8,,-28000,2000,-28000,-2000,-36000,-7000,1
-1,-36,85,R6C0,,-36000,1000,-36000,-1000,-36000,-7000,1
-1,-35,85,R6C1,,-35000,1000,-35000,-1000,-36000,-7000,1
-1,-34,85,R6C2,,-34000,1000,-34000,-1000,-36000,-7000,1
-1,-33,85,R6C3,,-33000,1000,-33000,-1000,-36000,-7000,1
-1,-32,85,R6C4,,-32000,1000,-32000,-1000,-36000,-7000,1
-1,-31,85,R6C5,,-31000,1000,-31000,-1000,-36000,-7000,1
-1,-30,85,R6C6,2-7-11-11,-30000,1000,-30000,-1000,-36000,-7000,1
-1,-29,85,R6C7,1-7-11-11,-29000,1000,-29000,-1000,-36000,-7000,1
-1,-28,85,R6C8,,-28000,1000,-28000,-1000,-36000,-7000,1
-7,45,94,R0C0,,45000,7000,45000,-7000,45000,-7000,1
-7,46,94,R0C1,,46000,7000,46000,-7000,45000,-7000,1
-7,47,94,R0C2,,47000,7000,47000,-7000,45000,-7000,1
-7,48,94,R0C3,,48000,7000,48000,-7000,45000,-7000,1
-7,49,94,R0C4,,49000,7000,49000,-7000,45000,-7000,1
-7,50,94,R0C5,,50000,7000,50000,-7000,45000,-7000,1
-7,51,94,R0C6,,51000,7000,51000,-7000,45000,-7000,1
-7,52,94,R0C7,,52000,7000,52000,-7000,45000,-7000,1
-7,53,94,R0C8,,53000,7000,53000,-7000,45000,-7000,1
-6,45,94,R1C0,,45000,6000,45000,-6000,45000,-7000,1
-6,46,94,R1C1,,46000,6000,46000,-6000,45000,-7000,1
-6,47,94,R1C2,,47000,6000,47000,-6000,45000,-7000,1
-6,48,94,R1C3,,48000,6000,48000,-6000,45000,-7000,1
-6,49,94,R1C4,,49000,6000,49000,-6000,45000,-7000,1
-6,50,94,R1C5,,50000,6000,50000,-6000,45000,-7000,1
-6,51,94,R1C6,,51000,6000,51000,-6000,45000,-7000,1
-6,52,94,R1C7,,52000,6000,52000,-6000,45000,-7000,1
-6,53,94,R1C8,,53000,6000,53000,-6000,45000,-7000,1
-5,45,94,R2C0,,45000,5000,45000,-5000,45000,-7000,1
-5,46,94,R2C1,,46000,5000,46000,-5000,45000,-7000,1
-5,47,94,R2C2,,47000,5000,47000,-5000,45000,-7000,1
-5,48,94,R2C3,,48000,5000,48000,-5000,45000,-7000,1
-5,49,94,R2C4,,49000,5000,49000,-5000,45000,-7000,1
-5,50,94,R2C5,,50000,5000,50000,-5000,45000,-7000,1
-5,51,94,R2C6,,51000,5000,51000,-5000,45000,-7000,1
-5,52,94,R2C7,,52000,5000,52000,-5000,45000,-7000,1
-5,53,94,R2C8,,53000,5000,53000,-5000,45000,-7000,1
-4,45,94,R3C0,,45000,4000,45000,-4000,45000,-7000,1
-4,46,94,R3C1,,46000,4000,46000,-4000,45000,-7000,1
-4,47,94,R3C2,,47000,4000,47000,-4000,45000,-7000,1
-4,48,94,R3C3,,48000,4000,48000,-4000,45000,-7000,1
-4,49,94,R3C4,,49000,4000,49000,-4000,45000,-7000,1
-4,50,94,R3C5,,50000,4000,50000,-4000,45000,-7000,1
-4,51,94,R3C6,,51000,4000,51000,-4000,45000,-7000,1
-4,52,94,R3C7,,52000,4000,52000,-4000,45000,-7000,1
-4,53,94,R3C8,,53000,4000,53000,-4000,45000,-7000,1
-3,45,94,R4C0,,45000,3000,45000,-3000,45000,-7000,1
-3,46,94,R4C1,,46000,3000,46000,-3000,45000,-7000,1
-3,47,94,R4C2,,47000,3000,47000,-3000,45000,-7000,1
-3,48,94,R4C3,,48000,3000,48000,-3000,45000,-7000,1
-3,49,94,R4C4,,49000,3000,49000,-3000,45000,-7000,1
-3,50,94,R4C5,,50000,3000,50000,-3000,45000,-7000,1
-3,51,94,R4C6,,51000,3000,51000,-3000,45000,-7000,1
-3,52,94,R4C7,,52000,3000,52000,-3000,45000,-7000,1
-3,53,94,R4C8,,53000,3000,53000,-3000,45000,-7000,1
-2,45,94,R5C0,,45000,2000,45000,-2000,45000,-7000,1
-2,46,94,R5C1,,46000,2000,46000,-2000,45000,-7000,1
-2,47,94,R5C2,,47000,2000,47000,-2000,45000,-7000,1
-2,48,94,R5C3,,48000,2000,48000,-2000,45000,-7000,1
-2,49,94,R5C4,,49000,2000,49000,-2000,45000,-7000,1
-2,50,94,R5C5,,50000,2000,50000,-2000,45000,-7000,1
-2,51,94,R5C6,,51000,2000,51000,-2000,45000,-7000,1
-2,52,94,R5C7,,52000,2000,52000,-2000,45000,-7000,1
-2,53,94,R5C8,,53000,2000,53000,-2000,45000,-7000,1
-1,45,94,R6C0,,45000,1000,45000,-1000,45000,-7000,1
-1,46,94,R6C1,,46000,1000,46000,-1000,45000,-7000,1
-1,47,94,R6C2,,47000,1000,47000,-1000,45000,-7000,1
-1,48,94,R6C3,,48000,1000,48000,-1000,45000,-7000,1
-1,49,94,R6C4,,49000,1000,49000,-1000,45000,-7000,1
-1,50,94,R6C5,,50000,1000,50000,-1000,45000,-7000,1
-1,51,94,R6C6,2-7-2-11,51000,1000,51000,-1000,45000,-7000,1
-1,52,94,R6C7,1-7-2-11,52000,1000,52000,-1000,45000,-7000,1
-1,53,94,R6C8,,53000,1000,53000,-1000,45000,-7000,1
-7,-72,81,R0C0,,-72000,7000,-72000,-7000,-72000,-7000,1
-7,-71,81,R0C1,,-71000,7000,-71000,-7000,-72000,-7000,1
-7,-70,81,R0C2,,-70000,7000,-70000,-7000,-72000,-7000,1
-7,-69,81,R0C3,,-69000,7000,-69000,-7000,-72000,-7000,1
-7,-68,81,R0C4,,-68000,7000,-68000,-7000,-72000,-7000,1
-7,-67,81,R0C5,,-67000,7000,-67000,-7000,-72000,-7000,1
-7,-66,81,R0C6,,-66000,7000,-66000,-7000,-72000,-7000,1
-7,-65,81,R0C7,,-65000,7000,-65000,-7000,-72000,-7000,1
-7,-64,81,R0C8,,-64000,7000,-64000,-7000,-72000,-7000,1
-6,-72,81,R1C0,,-72000,6000,-72000,-6000,-72000,-7000,1
-6,-71,81,R1C1,,-71000,6000,-71000,-6000,-72000,-7000,1
-6,-70,81,R1C2,,-70000,6000,-70000,-6000,-72000,-7000,1
-6,-69,81,R1C3,,-69000,6000,-69000,-6000,-72000,-7000,1
-6,-68,81,R1C4,,-68000,6000,-68000,-6000,-72000,-7000,1
-6,-67,81,R1C5,,-67000,6000,-67000,-6000,-72000,-7000,1
-6,-66,81,R1C6,,-66000,6000,-66000,-6000,-72000,-7000,1
-6,-65,81,R1C7,,-65000,6000,-65000,-6000,-72000,-7000,1
-6,-64,81,R1C8,,-64000,6000,-64000,-6000,-72000,-7000,1
-5,-72,81,R2C0,,-72000,5000,-72000,-5000,-72000,-7000,1
-5,-71,81,R2C1,,-71000,5000,-71000,-5000,-72000,-7000,1
-5,-70,81,R2C2,,-70000,5000,-70000,-5000,-72000,-7000,1
-5,-69,81,R2C3,,-69000,5000,-69000,-5000,-72000,-7000,1
-5,-68,81,R2C4,,-68000,5000,-68000,-5000,-72000,-7000,1
-5,-67,81,R2C5,,-67000,5000,-67000,-5000,-72000,-7000,1
-5,-66,81,R2C6,,-66000,5000,-66000,-5000,-72000,-7000,1
-5,-65,81,R2C7,,-65000,5000,-65000,-5000,-72000,-7000,1
-5,-64,81,R2C8,,-64000,5000,-64000,-5000,-72000,-7000,1
-4,-72,81,R3C0,,-72000,4000,-72000,-4000,-72000,-7000,1
-4,-71,81,R3C1,,-71000,4000,-71000,-4000,-72000,-7000,1
-4,-70,81,R3C2,,-70000,4000,-70000,-4000,-72000,-7000,1
-4,-69,81,R3C3,,-69000,4000,-69000,-4000,-72000,-7000,1
-4,-68,81,R3C4,,-68000,4000,-68000,-4000,-72000,-7000,1
-4,-67,81,R3C5,,-67000,4000,-67000,-4000,-72000,-7000,1
-4,-66,81,R3C6,,-66000,4000,-66000,-4000,-72000,-7000,1
-4,-65,81,R3C7,,-65000,4000,-65000,-4000,-72000,-7000,1
-4,-64,81,R3C8,,-64000,4000,-64000,-4000,-72000,-7000,1
-3,-72,81,R4C0,,-72000,3000,-72000,-3000,-72000,-7000,1
-3,-71,81,R4C1,,-71000,3000,-71000,-3000,-72000,-7000,1
-3,-70,81,R4C2,,-70000,3000,-70000,-3000,-72000,-7000,1
-3,-69,81,R4C3,,-69000,3000,-69000,-3000,-72000,-7000,1
-3,-68,81,R4C4,,-68000,3000,-68000,-3000,-72000,-7000,1
-3,-67,81,R4C5,,-67000,3000,-67000,-3000,-72000,-7000,1
-3,-66,81,R4C6,,-66000,3000,-66000,-3000,-72000,-7000,1
-3,-65,81,R4C7,,-65000,3000,-65000,-3000,-72000,-7000,1
-3,-64,81,R4C8,,-64000,3000,-64000,-3000,-72000,-7000,1
-2,-72,81,R5C0,,-72000,2000,-72000,-2000,-72000,-7000,1
-2,-71,81,R5C1,,-71000,2000,-71000,-2000,-72000,-7000,1
-2,-70,81,R5C2,,-70000,2000,-70000,-2000,-72000,-7000,1
-2,-69,81,R5C3,,-69000,2000,-69000,-2000,-72000,-7000,1
-2,-68,81,R5C4,,-68000,2000,-68000,-2000,-72000,-7000,1
-2,-67,81,R5C5,,-67000,2000,-67000,-2000,-72000,-7000,1
-2,-66,81,R5C6,,-66000,2000,-66000,-2000,-72000,-7000,1
-2,-65,81,R5C7,,-65000,2000,-65000,-2000,-72000,-7000,1
-2,-64,81,R5C8,,-64000,2000,-64000,-2000,-72000,-7000,1
-1,-72,81,R6C0,,-72000,1000,-72000,-1000,-72000,-7000,1
-1,-71,81,R6C1,,-71000,1000,-71000,-1000,-72000,-7000,1
-1,-70,81,R6C2,,-70000,1000,-70000,-1000,-72000,-7000,1
-1,-69,81,R6C3,,-69000,1000,-69000,-1000,-72000,-7000,1
-1,-68,81,R6C4,,-68000,1000,-68000,-1000,-72000,-7000,1
-1,-67,81,R6C5,,-67000,1000,-67000,-1000,-72000,-7000,1
-1,-66,81,R6C6,2-7-15-11,-66000,1000,-66000,-1000,-72000,-7000,1
-1,-65,81,R6C7,1-7-15-11,-65000,1000,-65000,-1000,-72000,-7000,1
-1,-64,81,R6C8,,-64000,1000,-64000,-1000,-72000,-7000,1
0,-72,96,R0C0,,-72000,0,-72000,0,-72000,0,1
0,-71,96,R0C1,,-71000,0,-71000,0,-72000,0,1
0,-70,96,R0C2,,-70000,0,-70000,0,-72000,0,1
0,-69,96,R0C3,,-69000,0,-69000,0,-72000,0,1
0,-68,96,R0C4,,-68000,0,-68000,0,-72000,0,1
0,-67,96,R0C5,,-67000,0,-67000,0,-72000,0,1
0,-66,96,R0C6,,-66000,0,-66000,0,-72000,0,1
0,-65,96,R0C7,,-65000,0,-65000,0,-72000,0,1
0,-64,96,R0C8,,-64000,0,-64000,0,-72000,0,1
1,-72,96,R1C0,,-72000,-1000,-72000,1000,-72000,0,1
1,-71,96,R1C1,,-71000,-1000,-71000,1000,-72000,0,1
1,-70,96,R1C2,,-70000,-1000,-70000,1000,-72000,0,1
1,-69,96,R1C3,,-69000,-1000,-69000,1000,-72000,0,1
1,-68,96,R1C4,,-68000,-1000,-68000,1000,-72000,0,1
1,-67,96,R1C5,,-67000,-1000,-67000,1000,-72000,0,1
1,-66,96,R1C6,,-66000,-1000,-66000,1000,-72000,0,1
1,-65,96,R1C7,,-65000,-1000,-65000,1000,-72000,0,1
1,-64,96,R1C8,,-64000,-1000,-64000,1000,-72000,0,1
2,-72,96,R2C0,,-72000,-2000,-72000,2000,-72000,0,1
2,-71,96,R2C1,,-71000,-2000,-71000,2000,-72000,0,1
2,-70,96,R2C2,,-70000,-2000,-70000,2000,-72000,0,1
2,-69,96,R2C3,,-69000,-2000,-69000,2000,-72000,0,1
2,-68,96,R2C4,,-68000,-2000,-68000,2000,-72000,0,1
2,-67,96,R2C5,,-67000,-2000,-67000,2000,-72000,0,1
2,-66,96,R2C6,,-66000,-2000,-66000,2000,-72000,0,1
2,-65,96,R2C7,,-65000,-2000,-65000,2000,-72000,0,1
2,-64,96,R2C8,,-64000,-2000,-64000,2000,-72000,0,1
3,-72,96,R3C0,,-72000,-3000,-72000,3000,-72000,0,1
3,-71,96,R3C1,,-71000,-3000,-71000,3000,-72000,0,1
3,-70,96,R3C2,,-70000,-3000,-70000,3000,-72000,0,1
3,-69,96,R3C3,,-69000,-3000,-69000,3000,-72000,0,1
3,-68,96,R3C4,,-68000,-3000,-68000,3000,-72000,0,1
3,-67,96,R3C5,,-67000,-3000,-67000,3000,-72000,0,1
3,-66,96,R3C6,,-66000,-3000,-66000,3000,-72000,0,1
3,-65,96,R3C7,,-65000,-3000,-65000,3000,-72000,0,1
3,-64,96,R3C8,,-64000,-3000,-64000,3000,-72000,0,1
4,-72,96,R4C0,,-72000,-4000,-72000,4000,-72000,0,1
4,-71,96,R4C1,,-71000,-4000,-71000,4000,-72000,0,1
4,-70,96,R4C2,,-70000,-4000,-70000,4000,-72000,0,1
4,-69,96,R4C3,,-69000,-4000,-69000,4000,-72000,0,1
4,-68,96,R4C4,,-68000,-4000,-68000,4000,-72000,0,1
4,-67,96,R4C5,,-67000,-4000,-67000,4000,-72000,0,1
4,-66,96,R4C6,,-66000,-4000,-66000,4000,-72000,0,1
4,-65,96,R4C7,,-65000,-4000,-65000,4000,-72000,0,1
4,-64,96,R4C8,,-64000,-4000,-64000,4000,-72000,0,1
5,-72,96,R5C0,,-72000,-5000,-72000,5000,-72000,0,1
5,-71,96,R5C1,,-71000,-5000,-71000,5000,-72000,0,1
5,-70,96,R5C2,,-70000,-5000,-70000,5000,-72000,0,1
5,-69,96,R5C3,,-69000,-5000,-69000,5000,-72000,0,1
5,-68,96,R5C4,,-68000,-5000,-68000,5000,-72000,0,1
5,-67,96,R5C5,,-67000,-5000,-67000,5000,-72000,0,1
5,-66,96,R5C6,,-66000,-5000,-66000,5000,-72000,0,1
5,-65,96,R5C7,,-65000,-5000,-65000,5000,-72000,0,1
5,-64,96,R5C8,,-64000,-5000,-64000,5000,-72000,0,1
6,-72,96,R6C0,,-72000,-6000,-72000,6000,-72000,0,1
6,-71,96,R6C1,,-71000,-6000,-71000,6000,-72000,0,1
6,-70,96,R6C2,,-70000,-6000,-70000,6000,-72000,0,1
6,-69,96,R6C3,,-69000,-6000,-69000,6000,-72000,0,1
6,-68,96,R6C4,,-68000,-6000,-68000,6000,-72000,0,1
6,-67,96,R6C5,,-67000,-6000,-67000,6000,-72000,0,1
6,-66,96,R6C6,2-7-15-10,-66000,-6000,-66000,6000,-72000,0,1
6,-65,96,R6C7,1-7-15-10,-65000,-6000,-65000,6000,-72000,0,1
6,-64,96,R6C8,,-64000,-6000,-64000,6000,-72000,0,1
7,-72,111,R0C0,,-72000,-7000,-72000,7000,-72000,7000,1
7,-71,111,R0C1,,-71000,-7000,-71000,7000,-72000,7000,1
7,-70,111,R0C2,,-70000,-7000,-70000,7000,-72000,7000,1
7,-69,111,R0C3,,-69000,-7000,-69000,7000,-72000,7000,1
7,-68,111,R0C4,,-68000,-7000,-68000,7000,-72000,7000,1
7,-67,111,R0C5,,-67000,-7000,-67000,7000,-72000,7000,1
7,-66,111,R0C6,,-66000,-7000,-66000,7000,-72000,7000,1
7,-65,111,R0C7,,-65000,-7000,-65000,7000,-72000,7000,1
7,-64,111,R0C8,,-64000,-7000,-64000,7000,-72000,7000,1
8,-72,111,R1C0,,-72000,-8000,-72000,8000,-72000,7000,1
8,-71,111,R1C1,,-71000,-8000,-71000,8000,-72000,7000,1
8,-70,111,R1C2,,-70000,-8000,-70000,8000,-72000,7000,1
8,-69,111,R1C3,,-69000,-8000,-69000,8000,-72000,7000,1
8,-68,111,R1C4,,-68000,-8000,-68000,8000,-72000,7000,1
8,-67,111,R1C5,,-67000,-8000,-67000,8000,-72000,7000,1
8,-66,111,R1C6,,-66000,-8000,-66000,8000,-72000,7000,1
8,-65,111,R1C7,,-65000,-8000,-65000,8000,-72000,7000,1
8,-64,111,R1C8,,-64000,-8000,-64000,8000,-72000,7000,1
9,-72,111,R2C0,,-72000,-9000,-72000,9000,-72000,7000,1
9,-71,111,R2C1,,-71000,-9000,-71000,9000,-72000,7000,1
9,-70,111,R2C2,,-70000,-9000,-70000,9000,-72000,7000,1
9,-69,111,R2C3,,-69000,-9000,-69000,9000,-72000,7000,1
9,-68,111,R2C4,,-68000,-9000,-68000,9000,-72000,7000,1
9,-67,111,R2C5,,-67000,-9000,-67000,9000,-72000,7000,1
9,-66,111,R2C6,,-66000,-9000,-66000,9000,-72000,7000,1
9,-65,111,R2C7,,-65000,-9000,-65000,9000,-72000,7000,1
9,-64,111,R2C8,,-64000,-9000,-64000,9000,-72000,7000,1
10,-72,111,R3C0,,-72000,-10000,-72000,10000,-72000,7000,1
10,-71,111,R3C1,,-71000,-10000,-71000,10000,-72000,7000,1
10,-70,111,R3C2,,-70000,-10000,-70000,10000,-72000,7000,1
10,-69,111,R3C3,,-69000,-10000,-69000,10000,-72000,7000,1
10,-68,111,R3C4,,-68000,-10000,-68000,10000,-72000,7000,1
10,-67,111,R3C5,,-67000,-10000,-67000,10000,-72000,7000,1
10,-66,111,R3C6,,-66000,-10000,-66000,10000,-72000,7000,1
10,-65,111,R3C7,,-65000,-10000,-65000,10000,-72000,7000,1
10,-64,111,R3C8,,-64000,-10000,-64000,10000,-72000,7000,1
11,-72,111,R4C0,,-72000,-11000,-72000,11000,-72000,7000,1
11,-71,111,R4C1,,-71000,-11000,-71000,11000,-72000,7000,1
11,-70,111,R4C2,,-70000,-11000,-70000,11000,-72000,7000,1
11,-69,111,R4C3,,-69000,-11000,-69000,11000,-72000,7000,1
11,-68,111,R4C4,,-68000,-11000,-68000,11000,-72000,7000,1
11,-67,111,R4C5,,-67000,-11000,-67000,11000,-72000,7000,1
11,-66,111,R4C6,,-66000,-11000,-66000,11000,-72000,7000,1
11,-65,111,R4C7,,-65000,-11000,-65000,11000,-72000,7000,1
11,-64,111,R4C8,,-64000,-11000,-64000,11000,-72000,7000,1
12,-72,111,R5C0,,-72000,-12000,-72000,12000,-72000,7000,1
12,-71,111,R5C1,,-71000,-12000,-71000,12000,-72000,7000,1
12,-70,111,R5C2,,-70000,-12000,-70000,12000,-72000,7000,1
12,-69,111,R5C3,,-69000,-12000,-69000,12000,-72000,7000,1
12,-68,111,R5C4,,-68000,-12000,-68000,12000,-72000,7000,1
12,-67,111,R5C5,,-67000,-12000,-67000,12000,-72000,7000,1
12,-66,111,R5C6,,-66000,-12000,-66000,12000,-72000,7000,1
12,-65,111,R5C7,,-65000,-12000,-65000,12000,-72000,7000,1
12,-64,111,R5C8,,-64000,-12000,-64000,12000,-72000,7000,1
13,-72,111,R6C0,,-72000,-13000,-72000,13000,-72000,7000,1
13,-71,111,R6C1,,-71000,-13000,-71000,13000,-72000,7000,1
13,-70,111,R6C2,,-70000,-13000,-70000,13000,-72000,7000,1
13,-69,111,R6C3,,-69000,-13000,-69000,13000,-72000,7000,1
13,-68,111,R6C4,,-68000,-13000,-68000,13000,-72000,7000,1
13,-67,111,R6C5,,-67000,-13000,-67000,13000,-72000,7000,1
13,-66,111,R6C6,2-7-15-9,-66000,-13000,-66000,13000,-72000,7000,1
13,-65,111,R6C7,1-7-15-9,-65000,-13000,-65000,13000,-72000,7000,1
13,-64,111,R6C8,,-64000,-13000,-64000,13000,-72000,7000,1
