DIE_ID,DIE_ID_4UP,DIE_ID_16UP,ABS_COL,ABS_ROW,INTRA_COL,INTRA_ROW,COLUMN_RETICLE,ROW_RETICLE,NOM_X_MM_1UP,NOM_Y_MM_1UP,EG_MOX_1UP,EG_MOY_1UP,EG_MOX_4UP,EG_MOY_4UP,EG_MOX_16UP,EG_MOY_16UP,ACCR_JY_1UP,ACCR_JX_1UP,ACCR_JY_4UP,ACCR_JX_4UP,ACCR_JY_16UP,ACCR_JX_16UP
9-1-7-19,T-9-1-7-19,T-9-1-7-19,63,133,9,1,7,19,-5.425,71.61,1,63,,,,,63,-1,,,,
9-2-7-19,T-9-2-7-19,T-9-2-7-19,63,132,9,2,7,19,-5.425,70.525,1,62,,,,,62,-1,,,,
9-3-7-19,T-9-3-7-19,T-9-3-7-19,63,131,9,3,7,19,-5.425,69.44,1,61,,,,,61,-1,,,,
9-4-7-19,T-9-4-7-19,T-9-4-7-19,63,130,9,4,7,19,-5.425,68.355,1,60,,,,,60,-1,,,,
9-5-7-19,T-9-5-7-19,T-9-5-7-19,63,129,9,5,7,19,-5.425,67.27,1,59,,,,,59,-1,,,,
9-6-7-19,T-9-6-7-19,T-9-6-7-19,63,128,9,6,7,19,-5.425,66.185,1,58,,,,,58,-1,,,,
1-7-7-19,T-1-7-7-19,T-1-7-7-19,55,127,1,7,7,19,-14.105,65.1,9,57,,,,,57,-9,,,,
2-7-7-19,T-2-7-7-19,T-2-7-7-19,56,127,2,7,7,19,-13.02,65.1,8,57,,,,,57,-8,,,,
3-7-7-19,T-3-7-7-19,T-3-7-7-19,57,127,3,7,7,19,-11.935,65.1,7,57,,,,,57,-7,,,,
4-7-7-19,T-4-7-7-19,T-4-7-7-19,58,127,4,7,7,19,-10.85,65.1,6,57,,,,,57,-6,,,,
5-7-7-19,T-5-7-7-19,T-5-7-7-19,59,127,5,7,7,19,-9.765,65.1,5,57,,,,,57,-5,,,,
6-7-7-19,T-6-7-7-19,T-6-7-7-19,60,127,6,7,7,19,-8.68,65.1,4,57,,,,,57,-4,,,,
7-7-7-19,T-7-7-7-19,T-7-7-7-19,61,127,7,7,7,19,-7.595,65.1,3,57,,,,,57,-3,,,,
8-7-7-19,T-8-7-7-19,T-8-7-7-19,62,127,8,7,7,19,-6.51,65.1,2,57,,,,,57,-2,,,,
9-7-7-19,T-9-7-7-19,T-9-7-7-19,63,127,9,7,7,19,-5.425,65.1,1,57,,,,,57,-1,,,,
9-1-8-19,T-9-1-8-19,T-9-1-8-19,72,133,9,1,8,19,4.34,71.61,-8,63,,,,,63,8,,,,
9-2-8-19,T-9-2-8-19,T-9-2-8-19,72,132,9,2,8,19,4.34,70.525,-8,62,,,,,62,8,,,,
9-3-8-19,T-9-3-8-19,T-9-3-8-19,72,131,9,3,8,19,4.34,69.44,-8,61,,,,,61,8,,,,
9-4-8-19,T-9-4-8-19,T-9-4-8-19,72,130,9,4,8,19,4.34,68.355,-8,60,,,,,60,8,,,,
9-5-8-19,T-9-5-8-19,T-9-5-8-19,72,129,9,5,8,19,4.34,67.27,-8,59,,,,,59,8,,,,
9-6-8-19,T-9-6-8-19,T-9-6-8-19,72,128,9,6,8,19,4.34,66.185,-8,58,,,,,58,8,,,,
1-7-8-19,T-1-7-8-19,T-1-7-8-19,64,127,1,7,8,19,-4.34,65.1,0,57,,,,,57,0,,,,
2-7-8-19,T-2-7-8-19,T-2-7-8-19,65,127,2,7,8,19,-3.255,65.1,-1,57,,,,,57,1,,,,
3-7-8-19,T-3-7-8-19,T-3-7-8-19,66,127,3,7,8,19,-2.17,65.1,-2,57,,,,,57,2,,,,
4-7-8-19,T-4-7-8-19,T-4-7-8-19,67,127,4,7,8,19,-1.085,65.1,-3,57,,,,,57,3,,,,
5-7-8-19,T-5-7-8-19,T-5-7-8-19,68,127,5,7,8,19,0,65.1,-4,57,,,,,57,4,,,,
6-7-8-19,T-6-7-8-19,T-6-7-8-19,69,127,6,7,8,19,1.085,65.1,-5,57,,,,,57,5,,,,
7-7-8-19,T-7-7-8-19,T-7-7-8-19,70,127,7,7,8,19,2.17,65.1,-6,57,,,,,57,6,,,,
8-7-8-19,T-8-7-8-19,T-8-7-8-19,71,127,8,7,8,19,3.255,65.1,-7,57,,,,,57,7,,,,
9-7-8-19,T-9-7-8-19,T-9-7-8-19,72,127,9,7,8,19,4.34,65.1,-8,57,,,,,57,8,,,,
9-1-9-19,T-9-1-9-19,T-9-1-9-19,81,133,9,1,9,19,14.105,71.61,-17,63,,,,,63,17,,,,
9-2-9-19,T-9-2-9-19,T-9-2-9-19,81,132,9,2,9,19,14.105,70.525,-17,62,,,,,62,17,,,,
9-3-9-19,T-9-3-9-19,T-9-3-9-19,81,131,9,3,9,19,14.105,69.44,-17,61,,,,,61,17,,,,
9-4-9-19,T-9-4-9-19,T-9-4-9-19,81,130,9,4,9,19,14.105,68.355,-17,60,,,,,60,17,,,,
9-5-9-19,T-9-5-9-19,T-9-5-9-19,81,129,9,5,9,19,14.105,67.27,-17,59,,,,,59,17,,,,
9-6-9-19,T-9-6-9-19,T-9-6-9-19,81,128,9,6,9,19,14.105,66.185,-17,58,,,,,58,17,,,,
1-7-9-19,T-1-7-9-19,T-1-7-9-19,73,127,1,7,9,19,5.425,65.1,-9,57,,,,,57,9,,,,
2-7-9-19,T-2-7-9-19,T-2-7-9-19,74,127,2,7,9,19,6.51,65.1,-10,57,,,,,57,10,,,,
3-7-9-19,T-3-7-9-19,T-3-7-9-19,75,127,3,7,9,19,7.595,65.1,-11,57,,,,,57,11,,,,
4-7-9-19,T-4-7-9-19,T-4-7-9-19,76,127,4,7,9,19,8.68,65.1,-12,57,,,,,57,12,,,,
5-7-9-19,T-5-7-9-19,T-5-7-9-19,77,127,5,7,9,19,9.765,65.1,-13,57,,,,,57,13,,,,
6-7-9-19,T-6-7-9-19,T-6-7-9-19,78,127,6,7,9,19,10.85,65.1,-14,57,,,,,57,14,,,,
7-7-9-19,T-7-7-9-19,T-7-7-9-19,79,127,7,7,9,19,11.935,65.1,-15,57,,,,,57,15,,,,
8-7-9-19,T-8-7-9-19,T-8-7-9-19,80,127,8,7,9,19,13.02,65.1,-16,57,,,,,57,16,,,,
9-7-9-19,T-9-7-9-19,T-9-7-9-19,81,127,9,7,9,19,14.105,65.1,-17,57,,,,,57,17,,,,
9-1-5-18,T-9-1-5-18,T-9-1-5-18,45,126,9,1,5,18,-24.955,64.015,19,56,,,,,56,-19,,,,
9-2-5-18,T-9-2-5-18,T-9-2-5-18,45,125,9,2,5,18,-24.955,62.93,19,55,,,,,55,-19,,,,
9-3-5-18,T-9-3-5-18,T-9-3-5-18,45,124,9,3,5,18,-24.955,61.845,19,54,,,,,54,-19,,,,
9-4-5-18,T-9-4-5-18,T-9-4-5-18,45,123,9,4,5,18,-24.955,60.76,19,53,,,,,53,-19,,,,
9-5-5-18,T-9-5-5-18,T-9-5-5-18,45,122,9,5,5,18,-24.955,59.675,19,52,,,,,52,-19,,,,
9-6-5-18,T-9-6-5-18,T-9-6-5-18,45,121,9,6,5,18,-24.955,58.59,19,51,,,,,51,-19,,,,
1-7-5-18,T-1-7-5-18,T-1-7-5-18,37,120,1,7,5,18,-33.635,57.505,27,50,,,,,50,-27,,,,
2-7-5-18,T-2-7-5-18,T-2-7-5-18,38,120,2,7,5,18,-32.55,57.505,26,50,,,,,50,-26,,,,
3-7-5-18,T-3-7-5-18,T-3-7-5-18,39,120,3,7,5,18,-31.465,57.505,25,50,,,,,50,-25,,,,
4-7-5-18,T-4-7-5-18,T-4-7-5-18,40,120,4,7,5,18,-30.38,57.505,24,50,,,,,50,-24,,,,
5-7-5-18,T-5-7-5-18,T-5-7-5-18,41,120,5,7,5,18,-29.295,57.505,23,50,,,,,50,-23,,,,
6-7-5-18,T-6-7-5-18,T-6-7-5-18,42,120,6,7,5,18,-28.21,57.505,22,50,,,,,50,-22,,,,
7-7-5-18,T-7-7-5-18,T-7-7-5-18,43,120,7,7,5,18,-27.125,57.505,21,50,,,,,50,-21,,,,
8-7-5-18,T-8-7-5-18,T-8-7-5-18,44,120,8,7,5,18,-26.04,57.505,20,50,,,,,50,-20,,,,
9-7-5-18,T-9-7-5-18,T-9-7-5-18,45,120,9,7,5,18,-24.955,57.505,19,50,,,,,50,-19,,,,
9-1-6-18,T-9-1-6-18,T-9-1-6-18,54,126,9,1,6,18,-15.19,64.015,10,56,,,,,56,-10,,,,
9-2-6-18,T-9-2-6-18,T-9-2-6-18,54,125,9,2,6,18,-15.19,62.93,10,55,,,,,55,-10,,,,
9-3-6-18,T-9-3-6-18,T-9-3-6-18,54,124,9,3,6,18,-15.19,61.845,10,54,,,,,54,-10,,,,
9-4-6-18,T-9-4-6-18,T-9-4-6-18,54,123,9,4,6,18,-15.19,60.76,10,53,,,,,53,-10,,,,
9-5-6-18,T-9-5-6-18,T-9-5-6-18,54,122,9,5,6,18,-15.19,59.675,10,52,,,,,52,-10,,,,
9-6-6-18,T-9-6-6-18,T-9-6-6-18,54,121,9,6,6,18,-15.19,58.59,10,51,,,,,51,-10,,,,
1-7-6-18,T-1-7-6-18,T-1-7-6-18,46,120,1,7,6,18,-23.87,57.505,18,50,,,,,50,-18,,,,
2-7-6-18,T-2-7-6-18,T-2-7-6-18,47,120,2,7,6,18,-22.785,57.505,17,50,,,,,50,-17,,,,
3-7-6-18,T-3-7-6-18,T-3-7-6-18,48,120,3,7,6,18,-21.7,57.505,16,50,,,,,50,-16,,,,
4-7-6-18,T-4-7-6-18,T-4-7-6-18,49,120,4,7,6,18,-20.615,57.505,15,50,,,,,50,-15,,,,
5-7-6-18,T-5-7-6-18,T-5-7-6-18,50,120,5,7,6,18,-19.53,57.505,14,50,,,,,50,-14,,,,
6-7-6-18,T-6-7-6-18,T-6-7-6-18,51,120,6,7,6,18,-18.445,57.505,13,50,,,,,50,-13,,,,
7-7-6-18,T-7-7-6-18,T-7-7-6-18,52,120,7,7,6,18,-17.36,57.505,12,50,,,,,50,-12,,,,
8-7-6-18,T-8-7-6-18,T-8-7-6-18,53,120,8,7,6,18,-16.275,57.505,11,50,,,,,50,-11,,,,
9-7-6-18,T-9-7-6-18,T-9-7-6-18,54,120,9,7,6,18,-15.19,57.505,10,50,,,,,50,-10,,,,
9-1-7-18,T-9-1-7-18,T-9-1-7-18,63,126,9,1,7,18,-5.425,64.015,1,56,,,,,56,-1,,,,
9-2-7-18,T-9-2-7-18,T-9-2-7-18,63,125,9,2,7,18,-5.425,62.93,1,55,,,,,55,-1,,,,
9-3-7-18,T-9-3-7-18,T-9-3-7-18,63,124,9,3,7,18,-5.425,61.845,1,54,,,,,54,-1,,,,
9-4-7-18,T-9-4-7-18,T-9-4-7-18,63,123,9,4,7,18,-5.425,60.76,1,53,,,,,53,-1,,,,
9-5-7-18,T-9-5-7-18,T-9-5-7-18,63,122,9,5,7,18,-5.425,59.675,1,52,,,,,52,-1,,,,
9-6-7-18,T-9-6-7-18,T-9-6-7-18,63,121,9,6,7,18,-5.425,58.59,1,51,,,,,51,-1,,,,
1-7-7-18,T-1-7-7-18,T-1-7-7-18,55,120,1,7,7,18,-14.105,57.505,9,50,,,,,50,-9,,,,
2-7-7-18,T-2-7-7-18,T-2-7-7-18,56,120,2,7,7,18,-13.02,57.505,8,50,,,,,50,-8,,,,
3-7-7-18,T-3-7-7-18,T-3-7-7-18,57,120,3,7,7,18,-11.935,57.505,7,50,,,,,50,-7,,,,
4-7-7-18,T-4-7-7-18,T-4-7-7-18,58,120,4,7,7,18,-10.85,57.505,6,50,,,,,50,-6,,,,
5-7-7-18,T-5-7-7-18,T-5-7-7-18,59,120,5,7,7,18,-9.765,57.505,5,50,,,,,50,-5,,,,
6-7-7-18,T-6-7-7-18,T-6-7-7-18,60,120,6,7,7,18,-8.68,57.505,4,50,,,,,50,-4,,,,
7-7-7-18,T-7-7-7-18,T-7-7-7-18,61,120,7,7,7,18,-7.595,57.505,3,50,,,,,50,-3,,,,
8-7-7-18,T-8-7-7-18,T-8-7-7-18,62,120,8,7,7,18,-6.51,57.505,2,50,,,,,50,-2,,,,
9-7-7-18,T-9-7-7-18,T-9-7-7-18,63,120,9,7,7,18,-5.425,57.505,1,50,,,,,50,-1,,,,
9-1-8-18,T-9-1-8-18,T-9-1-8-18,72,126,9,1,8,18,4.34,64.015,-8,56,,,,,56,8,,,,
9-2-8-18,T-9-2-8-18,T-9-2-8-18,72,125,9,2,8,18,4.34,62.93,-8,55,,,,,55,8,,,,
9-3-8-18,T-9-3-8-18,T-9-3-8-18,72,124,9,3,8,18,4.34,61.845,-8,54,,,,,54,8,,,,
9-4-8-18,T-9-4-8-18,T-9-4-8-18,72,123,9,4,8,18,4.34,60.76,-8,53,,,,,53,8,,,,
9-5-8-18,T-9-5-8-18,T-9-5-8-18,72,122,9,5,8,18,4.34,59.675,-8,52,,,,,52,8,,,,
9-6-8-18,T-9-6-8-18,T-9-6-8-18,72,121,9,6,8,18,4.34,58.59,-8,51,,,,,51,8,,,,
1-7-8-18,T-1-7-8-18,T-1-7-8-18,64,120,1,7,8,18,-4.34,57.505,0,50,,,,,50,0,,,,
2-7-8-18,T-2-7-8-18,T-2-7-8-18,65,120,2,7,8,18,-3.255,57.505,-1,50,,,,,50,1,,,,
3-7-8-18,T-3-7-8-18,T-3-7-8-18,66,120,3,7,8,18,-2.17,57.505,-2,50,,,,,50,2,,,,
4-7-8-18,T-4-7-8-18,T-4-7-8-18,67,120,4,7,8,18,-1.085,57.505,-3,50,,,,,50,3,,,,
5-7-8-18,T-5-7-8-18,T-5-7-8-18,68,120,5,7,8,18,0,57.505,-4,50,,,,,50,4,,,,
6-7-8-18,T-6-7-8-18,T-6-7-8-18,69,120,6,7,8,18,1.085,57.505,-5,50,,,,,50,5,,,,
7-7-8-18,T-7-7-8-18,T-7-7-8-18,70,120,7,7,8,18,2.17,57.505,-6,50,,,,,50,6,,,,
8-7-8-18,T-8-7-8-18,T-8-7-8-18,71,120,8,7,8,18,3.255,57.505,-7,50,,,,,50,7,,,,
9-7-8-18,T-9-7-8-18,T-9-7-8-18,72,120,9,7,8,18,4.34,57.505,-8,50,,,,,50,8,,,,
9-1-9-18,T-9-1-9-18,T-9-1-9-18,81,126,9,1,9,18,14.105,64.015,-17,56,,,,,56,17,,,,
9-2-9-18,T-9-2-9-18,T-9-2-9-18,81,125,9,2,9,18,14.105,62.93,-17,55,,,,,55,17,,,,
9-3-9-18,T-9-3-9-18,T-9-3-9-18,81,124,9,3,9,18,14.105,61.845,-17,54,,,,,54,17,,,,
9-4-9-18,T-9-4-9-18,T-9-4-9-18,81,123,9,4,9,18,14.105,60.76,-17,53,,,,,53,17,,,,
9-5-9-18,T-9-5-9-18,T-9-5-9-18,81,122,9,5,9,18,14.105,59.675,-17,52,,,,,52,17,,,,
9-6-9-18,T-9-6-9-18,T-9-6-9-18,81,121,9,6,9,18,14.105,58.59,-17,51,,,,,51,17,,,,
1-7-9-18,T-1-7-9-18,T-1-7-9-18,73,120,1,7,9,18,5.425,57.505,-9,50,,,,,50,9,,,,
2-7-9-18,T-2-7-9-18,T-2-7-9-18,74,120,2,7,9,18,6.51,57.505,-10,50,,,,,50,10,,,,
3-7-9-18,T-3-7-9-18,T-3-7-9-18,75,120,3,7,9,18,7.595,57.505,-11,50,,,,,50,11,,,,
4-7-9-18,T-4-7-9-18,T-4-7-9-18,76,120,4,7,9,18,8.68,57.505,-12,50,,,,,50,12,,,,
5-7-9-18,T-5-7-9-18,T-5-7-9-18,77,120,5,7,9,18,9.765,57.505,-13,50,,,,,50,13,,,,
6-7-9-18,T-6-7-9-18,T-6-7-9-18,78,120,6,7,9,18,10.85,57.505,-14,50,,,,,50,14,,,,
7-7-9-18,T-7-7-9-18,T-7-7-9-18,79,120,7,7,9,18,11.935,57.505,-15,50,,,,,50,15,,,,
8-7-9-18,T-8-7-9-18,T-8-7-9-18,80,120,8,7,9,18,13.02,57.505,-16,50,,,,,50,16,,,,
9-7-9-18,T-9-7-9-18,T-9-7-9-18,81,120,9,7,9,18,14.105,57.505,-17,50,,,,,50,17,,,,
9-1-10-18,T-9-1-10-18,T-9-1-10-18,90,126,9,1,10,18,23.87,64.015,-26,56,,,,,56,26,,,,
9-2-10-18,T-9-2-10-18,T-9-2-10-18,90,125,9,2,10,18,23.87,62.93,-26,55,,,,,55,26,,,,
9-3-10-18,T-9-3-10-18,T-9-3-10-18,90,124,9,3,10,18,23.87,61.845,-26,54,,,,,54,26,,,,
9-4-10-18,T-9-4-10-18,T-9-4-10-18,90,123,9,4,10,18,23.87,60.76,-26,53,,,,,53,26,,,,
9-5-10-18,T-9-5-10-18,T-9-5-10-18,90,122,9,5,10,18,23.87,59.675,-26,52,,,,,52,26,,,,
9-6-10-18,T-9-6-10-18,T-9-6-10-18,90,121,9,6,10,18,23.87,58.59,-26,51,,,,,51,26,,,,
1-7-10-18,T-1-7-10-18,T-1-7-10-18,82,120,1,7,10,18,15.19,57.505,-18,50,,,,,50,18,,,,
2-7-10-18,T-2-7-10-18,T-2-7-10-18,83,120,2,7,10,18,16.275,57.505,-19,50,,,,,50,19,,,,
3-7-10-18,T-3-7-10-18,T-3-7-10-18,84,120,3,7,10,18,17.36,57.505,-20,50,,,,,50,20,,,,
4-7-10-18,T-4-7-10-18,T-4-7-10-18,85,120,4,7,10,18,18.445,57.505,-21,50,,,,,50,21,,,,
5-7-10-18,T-5-7-10-18,T-5-7-10-18,86,120,5,7,10,18,19.53,57.505,-22,50,,,,,50,22,,,,
6-7-10-18,T-6-7-10-18,T-6-7-10-18,87,120,6,7,10,18,20.615,57.505,-23,50,,,,,50,23,,,,
7-7-10-18,T-7-7-10-18,T-7-7-10-18,88,120,7,7,10,18,21.7,57.505,-24,50,,,,,50,24,,,,
8-7-10-18,T-8-7-10-18,T-8-7-10-18,89,120,8,7,10,18,22.785,57.505,-25,50,,,,,50,25,,,,
9-7-10-18,T-9-7-10-18,T-9-7-10-18,90,120,9,7,10,18,23.87,57.505,-26,50,,,,,50,26,,,,
9-1-11-18,T-9-1-11-18,T-9-1-11-18,99,126,9,1,11,18,33.635,64.015,-35,56,,,,,56,35,,,,
9-2-11-18,T-9-2-11-18,T-9-2-11-18,99,125,9,2,11,18,33.635,62.93,-35,55,,,,,55,35,,,,
9-3-11-18,T-9-3-11-18,T-9-3-11-18,99,124,9,3,11,18,33.635,61.845,-35,54,,,,,54,35,,,,
9-4-11-18,T-9-4-11-18,T-9-4-11-18,99,123,9,4,11,18,33.635,60.76,-35,53,,,,,53,35,,,,
9-5-11-18,T-9-5-11-18,T-9-5-11-18,99,122,9,5,11,18,33.635,59.675,-35,52,,,,,52,35,,,,
9-6-11-18,T-9-6-11-18,T-9-6-11-18,99,121,9,6,11,18,33.635,58.59,-35,51,,,,,51,35,,,,
1-7-11-18,T-1-7-11-18,T-1-7-11-18,91,120,1,7,11,18,24.955,57.505,-27,50,,,,,50,27,,,,
2-7-11-18,T-2-7-11-18,T-2-7-11-18,92,120,2,7,11,18,26.04,57.505,-28,50,,,,,50,28,,,,
3-7-11-18,T-3-7-11-18,T-3-7-11-18,93,120,3,7,11,18,27.125,57.505,-29,50,,,,,50,29,,,,
4-7-11-18,T-4-7-11-18,T-4-7-11-18,94,120,4,7,11,18,28.21,57.505,-30,50,,,,,50,30,,,,
5-7-11-18,T-5-7-11-18,T-5-7-11-18,95,120,5,7,11,18,29.295,57.505,-31,50,,,,,50,31,,,,
6-7-11-18,T-6-7-11-18,T-6-7-11-18,96,120,6,7,11,18,30.38,57.505,-32,50,,,,,50,32,,,,
7-7-11-18,T-7-7-11-18,T-7-7-11-18,97,120,7,7,11,18,31.465,57.505,-33,50,,,,,50,33,,,,
8-7-11-18,T-8-7-11-18,T-8-7-11-18,98,120,8,7,11,18,32.55,57.505,-34,50,,,,,50,34,,,,
9-7-11-18,T-9-7-11-18,T-9-7-11-18,99,120,9,7,11,18,33.635,57.505,-35,50,,,,,50,35,,,,
9-1-4-17,T-9-1-4-17,T-9-1-4-17,36,119,9,1,4,17,-34.72,56.42,28,49,,,,,49,-28,,,,
9-2-4-17,T-9-2-4-17,T-9-2-4-17,36,118,9,2,4,17,-34.72,55.335,28,48,,,,,48,-28,,,,
9-3-4-17,T-9-3-4-17,T-9-3-4-17,36,117,9,3,4,17,-34.72,54.25,28,47,,,,,47,-28,,,,
9-4-4-17,T-9-4-4-17,T-9-4-4-17,36,116,9,4,4,17,-34.72,53.165,28,46,,,,,46,-28,,,,
9-5-4-17,T-9-5-4-17,T-9-5-4-17,36,115,9,5,4,17,-34.72,52.08,28,45,,,,,45,-28,,,,
9-6-4-17,T-9-6-4-17,T-9-6-4-17,36,114,9,6,4,17,-34.72,50.995,28,44,,,,,44,-28,,,,
1-7-4-17,T-1-7-4-17,T-1-7-4-17,28,113,1,7,4,17,-43.4,49.91,36,43,,,,,43,-36,,,,
2-7-4-17,T-2-7-4-17,T-2-7-4-17,29,113,2,7,4,17,-42.315,49.91,35,43,,,,,43,-35,,,,
3-7-4-17,T-3-7-4-17,T-3-7-4-17,30,113,3,7,4,17,-41.23,49.91,34,43,,,,,43,-34,,,,
4-7-4-17,T-4-7-4-17,T-4-7-4-17,31,113,4,7,4,17,-40.145,49.91,33,43,,,,,43,-33,,,,
5-7-4-17,T-5-7-4-17,T-5-7-4-17,32,113,5,7,4,17,-39.06,49.91,32,43,,,,,43,-32,,,,
6-7-4-17,T-6-7-4-17,T-6-7-4-17,33,113,6,7,4,17,-37.975,49.91,31,43,,,,,43,-31,,,,
7-7-4-17,T-7-7-4-17,T-7-7-4-17,34,113,7,7,4,17,-36.89,49.91,30,43,,,,,43,-30,,,,
8-7-4-17,T-8-7-4-17,T-8-7-4-17,35,113,8,7,4,17,-35.805,49.91,29,43,,,,,43,-29,,,,
9-7-4-17,T-9-7-4-17,T-9-7-4-17,36,113,9,7,4,17,-34.72,49.91,28,43,,,,,43,-28,,,,
9-1-5-17,T-9-1-5-17,T-9-1-5-17,45,119,9,1,5,17,-24.955,56.42,19,49,,,,,49,-19,,,,
9-2-5-17,T-9-2-5-17,T-9-2-5-17,45,118,9,2,5,17,-24.955,55.335,19,48,,,,,48,-19,,,,
9-3-5-17,T-9-3-5-17,T-9-3-5-17,45,117,9,3,5,17,-24.955,54.25,19,47,,,,,47,-19,,,,
9-4-5-17,T-9-4-5-17,T-9-4-5-17,45,116,9,4,5,17,-24.955,53.165,19,46,,,,,46,-19,,,,
9-5-5-17,T-9-5-5-17,T-9-5-5-17,45,115,9,5,5,17,-24.955,52.08,19,45,,,,,45,-19,,,,
9-6-5-17,T-9-6-5-17,T-9-6-5-17,45,114,9,6,5,17,-24.955,50.995,19,44,,,,,44,-19,,,,
1-7-5-17,T-1-7-5-17,T-1-7-5-17,37,113,1,7,5,17,-33.635,49.91,27,43,,,,,43,-27,,,,
2-7-5-17,T-2-7-5-17,T-2-7-5-17,38,113,2,7,5,17,-32.55,49.91,26,43,,,,,43,-26,,,,
3-7-5-17,T-3-7-5-17,T-3-7-5-17,39,113,3,7,5,17,-31.465,49.91,25,43,,,,,43,-25,,,,
4-7-5-17,T-4-7-5-17,T-4-7-5-17,40,113,4,7,5,17,-30.38,49.91,24,43,,,,,43,-24,,,,
5-7-5-17,T-5-7-5-17,T-5-7-5-17,41,113,5,7,5,17,-29.295,49.91,23,43,,,,,43,-23,,,,
6-7-5-17,T-6-7-5-17,T-6-7-5-17,42,113,6,7,5,17,-28.21,49.91,22,43,,,,,43,-22,,,,
7-7-5-17,T-7-7-5-17,T-7-7-5-17,43,113,7,7,5,17,-27.125,49.91,21,43,,,,,43,-21,,,,
8-7-5-17,T-8-7-5-17,T-8-7-5-17,44,113,8,7,5,17,-26.04,49.91,20,43,,,,,43,-20,,,,
9-7-5-17,T-9-7-5-17,T-9-7-5-17,45,113,9,7,5,17,-24.955,49.91,19,43,,,,,43,-19,,,,
9-1-6-17,T-9-1-6-17,T-9-1-6-17,54,119,9,1,6,17,-15.19,56.42,10,49,,,,,49,-10,,,,
9-2-6-17,T-9-2-6-17,T-9-2-6-17,54,118,9,2,6,17,-15.19,55.335,10,48,,,,,48,-10,,,,
9-3-6-17,T-9-3-6-17,T-9-3-6-17,54,117,9,3,6,17,-15.19,54.25,10,47,,,,,47,-10,,,,
9-4-6-17,T-9-4-6-17,T-9-4-6-17,54,116,9,4,6,17,-15.19,53.165,10,46,,,,,46,-10,,,,
9-5-6-17,T-9-5-6-17,T-9-5-6-17,54,115,9,5,6,17,-15.19,52.08,10,45,,,,,45,-10,,,,
9-6-6-17,T-9-6-6-17,T-9-6-6-17,54,114,9,6,6,17,-15.19,50.995,10,44,,,,,44,-10,,,,
1-7-6-17,T-1-7-6-17,T-1-7-6-17,46,113,1,7,6,17,-23.87,49.91,18,43,,,,,43,-18,,,,
2-7-6-17,T-2-7-6-17,T-2-7-6-17,47,113,2,7,6,17,-22.785,49.91,17,43,,,,,43,-17,,,,
3-7-6-17,T-3-7-6-17,T-3-7-6-17,48,113,3,7,6,17,-21.7,49.91,16,43,,,,,43,-16,,,,
4-7-6-17,T-4-7-6-17,T-4-7-6-17,49,113,4,7,6,17,-20.615,49.91,15,43,,,,,43,-15,,,,
5-7-6-17,T-5-7-6-17,T-5-7-6-17,50,113,5,7,6,17,-19.53,49.91,14,43,,,,,43,-14,,,,
6-7-6-17,T-6-7-6-17,T-6-7-6-17,51,113,6,7,6,17,-18.445,49.91,13,43,,,,,43,-13,,,,
7-7-6-17,T-7-7-6-17,T-7-7-6-17,52,113,7,7,6,17,-17.36,49.91,12,43,,,,,43,-12,,,,
8-7-6-17,T-8-7-6-17,T-8-7-6-17,53,113,8,7,6,17,-16.275,49.91,11,43,,,,,43,-11,,,,
9-7-6-17,T-9-7-6-17,T-9-7-6-17,54,113,9,7,6,17,-15.19,49.91,10,43,,,,,43,-10,,,,
9-1-7-17,T-9-1-7-17,T-9-1-7-17,63,119,9,1,7,17,-5.425,56.42,1,49,,,,,49,-1,,,,
9-2-7-17,T-9-2-7-17,T-9-2-7-17,63,118,9,2,7,17,-5.425,55.335,1,48,,,,,48,-1,,,,
9-3-7-17,T-9-3-7-17,T-9-3-7-17,63,117,9,3,7,17,-5.425,54.25,1,47,,,,,47,-1,,,,
9-4-7-17,T-9-4-7-17,T-9-4-7-17,63,116,9,4,7,17,-5.425,53.165,1,46,,,,,46,-1,,,,
9-5-7-17,T-9-5-7-17,T-9-5-7-17,63,115,9,5,7,17,-5.425,52.08,1,45,,,,,45,-1,,,,
9-6-7-17,T-9-6-7-17,T-9-6-7-17,63,114,9,6,7,17,-5.425,50.995,1,44,,,,,44,-1,,,,
1-7-7-17,T-1-7-7-17,T-1-7-7-17,55,113,1,7,7,17,-14.105,49.91,9,43,,,,,43,-9,,,,
2-7-7-17,T-2-7-7-17,T-2-7-7-17,56,113,2,7,7,17,-13.02,49.91,8,43,,,,,43,-8,,,,
3-7-7-17,T-3-7-7-17,T-3-7-7-17,57,113,3,7,7,17,-11.935,49.91,7,43,,,,,43,-7,,,,
4-7-7-17,T-4-7-7-17,T-4-7-7-17,58,113,4,7,7,17,-10.85,49.91,6,43,,,,,43,-6,,,,
5-7-7-17,T-5-7-7-17,T-5-7-7-17,59,113,5,7,7,17,-9.765,49.91,5,43,,,,,43,-5,,,,
6-7-7-17,T-6-7-7-17,T-6-7-7-17,60,113,6,7,7,17,-8.68,49.91,4,43,,,,,43,-4,,,,
7-7-7-17,T-7-7-7-17,T-7-7-7-17,61,113,7,7,7,17,-7.595,49.91,3,43,,,,,43,-3,,,,
8-7-7-17,T-8-7-7-17,T-8-7-7-17,62,113,8,7,7,17,-6.51,49.91,2,43,,,,,43,-2,,,,
9-7-7-17,T-9-7-7-17,T-9-7-7-17,63,113,9,7,7,17,-5.425,49.91,1,43,,,,,43,-1,,,,
9-1-8-17,T-9-1-8-17,T-9-1-8-17,72,119,9,1,8,17,4.34,56.42,-8,49,,,,,49,8,,,,
9-2-8-17,T-9-2-8-17,T-9-2-8-17,72,118,9,2,8,17,4.34,55.335,-8,48,,,,,48,8,,,,
9-3-8-17,T-9-3-8-17,T-9-3-8-17,72,117,9,3,8,17,4.34,54.25,-8,47,,,,,47,8,,,,
9-4-8-17,T-9-4-8-17,T-9-4-8-17,72,116,9,4,8,17,4.34,53.165,-8,46,,,,,46,8,,,,
9-5-8-17,T-9-5-8-17,T-9-5-8-17,72,115,9,5,8,17,4.34,52.08,-8,45,,,,,45,8,,,,
9-6-8-17,T-9-6-8-17,T-9-6-8-17,72,114,9,6,8,17,4.34,50.995,-8,44,,,,,44,8,,,,
1-7-8-17,T-1-7-8-17,T-1-7-8-17,64,113,1,7,8,17,-4.34,49.91,0,43,,,,,43,0,,,,
2-7-8-17,T-2-7-8-17,T-2-7-8-17,65,113,2,7,8,17,-3.255,49.91,-1,43,,,,,43,1,,,,
3-7-8-17,T-3-7-8-17,T-3-7-8-17,66,113,3,7,8,17,-2.17,49.91,-2,43,,,,,43,2,,,,
4-7-8-17,T-4-7-8-17,T-4-7-8-17,67,113,4,7,8,17,-1.085,49.91,-3,43,,,,,43,3,,,,
5-7-8-17,T-5-7-8-17,T-5-7-8-17,68,113,5,7,8,17,0,49.91,-4,43,,,,,43,4,,,,
6-7-8-17,T-6-7-8-17,T-6-7-8-17,69,113,6,7,8,17,1.085,49.91,-5,43,,,,,43,5,,,,
7-7-8-17,T-7-7-8-17,T-7-7-8-17,70,113,7,7,8,17,2.17,49.91,-6,43,,,,,43,6,,,,
8-7-8-17,T-8-7-8-17,T-8-7-8-17,71,113,8,7,8,17,3.255,49.91,-7,43,,,,,43,7,,,,
9-7-8-17,T-9-7-8-17,T-9-7-8-17,72,113,9,7,8,17,4.34,49.91,-8,43,,,,,43,8,,,,
9-1-9-17,T-9-1-9-17,T-9-1-9-17,81,119,9,1,9,17,14.105,56.42,-17,49,,,,,49,17,,,,
9-2-9-17,T-9-2-9-17,T-9-2-9-17,81,118,9,2,9,17,14.105,55.335,-17,48,,,,,48,17,,,,
9-3-9-17,T-9-3-9-17,T-9-3-9-17,81,117,9,3,9,17,14.105,54.25,-17,47,,,,,47,17,,,,
9-4-9-17,T-9-4-9-17,T-9-4-9-17,81,116,9,4,9,17,14.105,53.165,-17,46,,,,,46,17,,,,
9-5-9-17,T-9-5-9-17,T-9-5-9-17,81,115,9,5,9,17,14.105,52.08,-17,45,,,,,45,17,,,,
9-6-9-17,T-9-6-9-17,T-9-6-9-17,81,114,9,6,9,17,14.105,50.995,-17,44,,,,,44,17,,,,
1-7-9-17,T-1-7-9-17,T-1-7-9-17,73,113,1,7,9,17,5.425,49.91,-9,43,,,,,43,9,,,,
2-7-9-17,T-2-7-9-17,T-2-7-9-17,74,113,2,7,9,17,6.51,49.91,-10,43,,,,,43,10,,,,
3-7-9-17,T-3-7-9-17,T-3-7-9-17,75,113,3,7,9,17,7.595,49.91,-11,43,,,,,43,11,,,,
4-7-9-17,T-4-7-9-17,T-4-7-9-17,76,113,4,7,9,17,8.68,49.91,-12,43,,,,,43,12,,,,
5-7-9-17,T-5-7-9-17,T-5-7-9-17,77,113,5,7,9,17,9.765,49.91,-13,43,,,,,43,13,,,,
6-7-9-17,T-6-7-9-17,T-6-7-9-17,78,113,6,7,9,17,10.85,49.91,-14,43,,,,,43,14,,,,
7-7-9-17,T-7-7-9-17,T-7-7-9-17,79,113,7,7,9,17,11.935,49.91,-15,43,,,,,43,15,,,,
8-7-9-17,T-8-7-9-17,T-8-7-9-17,80,113,8,7,9,17,13.02,49.91,-16,43,,,,,43,16,,,,
9-7-9-17,T-9-7-9-17,T-9-7-9-17,81,113,9,7,9,17,14.105,49.91,-17,43,,,,,43,17,,,,
9-1-10-17,T-9-1-10-17,T-9-1-10-17,90,119,9,1,10,17,23.87,56.42,-26,49,,,,,49,26,,,,
9-2-10-17,T-9-2-10-17,T-9-2-10-17,90,118,9,2,10,17,23.87,55.335,-26,48,,,,,48,26,,,,
9-3-10-17,T-9-3-10-17,T-9-3-10-17,90,117,9,3,10,17,23.87,54.25,-26,47,,,,,47,26,,,,
9-4-10-17,T-9-4-10-17,T-9-4-10-17,90,116,9,4,10,17,23.87,53.165,-26,46,,,,,46,26,,,,
9-5-10-17,T-9-5-10-17,T-9-5-10-17,90,115,9,5,10,17,23.87,52.08,-26,45,,,,,45,26,,,,
9-6-10-17,T-9-6-10-17,T-9-6-10-17,90,114,9,6,10,17,23.87,50.995,-26,44,,,,,44,26,,,,
1-7-10-17,T-1-7-10-17,T-1-7-10-17,82,113,1,7,10,17,15.19,49.91,-18,43,,,,,43,18,,,,
2-7-10-17,T-2-7-10-17,T-2-7-10-17,83,113,2,7,10,17,16.275,49.91,-19,43,,,,,43,19,,,,
3-7-10-17,T-3-7-10-17,T-3-7-10-17,84,113,3,7,10,17,17.36,49.91,-20,43,,,,,43,20,,,,
4-7-10-17,T-4-7-10-17,T-4-7-10-17,85,113,4,7,10,17,18.445,49.91,-21,43,,,,,43,21,,,,
5-7-10-17,T-5-7-10-17,T-5-7-10-17,86,113,5,7,10,17,19.53,49.91,-22,43,,,,,43,22,,,,
6-7-10-17,T-6-7-10-17,T-6-7-10-17,87,113,6,7,10,17,20.615,49.91,-23,43,,,,,43,23,,,,
7-7-10-17,T-7-7-10-17,T-7-7-10-17,88,113,7,7,10,17,21.7,49.91,-24,43,,,,,43,24,,,,
8-7-10-17,T-8-7-10-17,T-8-7-10-17,89,113,8,7,10,17,22.785,49.91,-25,43,,,,,43,25,,,,
9-7-10-17,T-9-7-10-17,T-9-7-10-17,90,113,9,7,10,17,23.87,49.91,-26,43,,,,,43,26,,,,
9-1-11-17,T-9-1-11-17,T-9-1-11-17,99,119,9,1,11,17,33.635,56.42,-35,49,,,,,49,35,,,,
9-2-11-17,T-9-2-11-17,T-9-2-11-17,99,118,9,2,11,17,33.635,55.335,-35,48,,,,,48,35,,,,
9-3-11-17,T-9-3-11-17,T-9-3-11-17,99,117,9,3,11,17,33.635,54.25,-35,47,,,,,47,35,,,,
9-4-11-17,T-9-4-11-17,T-9-4-11-17,99,116,9,4,11,17,33.635,53.165,-35,46,,,,,46,35,,,,
9-5-11-17,T-9-5-11-17,T-9-5-11-17,99,115,9,5,11,17,33.635,52.08,-35,45,,,,,45,35,,,,
9-6-11-17,T-9-6-11-17,T-9-6-11-17,99,114,9,6,11,17,33.635,50.995,-35,44,,,,,44,35,,,,
1-7-11-17,T-1-7-11-17,T-1-7-11-17,91,113,1,7,11,17,24.955,49.91,-27,43,,,,,43,27,,,,
2-7-11-17,T-2-7-11-17,T-2-7-11-17,92,113,2,7,11,17,26.04,49.91,-28,43,,,,,43,28,,,,
3-7-11-17,T-3-7-11-17,T-3-7-11-17,93,113,3,7,11,17,27.125,49.91,-29,43,,,,,43,29,,,,
4-7-11-17,T-4-7-11-17,T-4-7-11-17,94,113,4,7,11,17,28.21,49.91,-30,43,,,,,43,30,,,,
5-7-11-17,T-5-7-11-17,T-5-7-11-17,95,113,5,7,11,17,29.295,49.91,-31,43,,,,,43,31,,,,
6-7-11-17,T-6-7-11-17,T-6-7-11-17,96,113,6,7,11,17,30.38,49.91,-32,43,,,,,43,32,,,,
7-7-11-17,T-7-7-11-17,T-7-7-11-17,97,113,7,7,11,17,31.465,49.91,-33,43,,,,,43,33,,,,
8-7-11-17,T-8-7-11-17,T-8-7-11-17,98,113,8,7,11,17,32.55,49.91,-34,43,,,,,43,34,,,,
9-7-11-17,T-9-7-11-17,T-9-7-11-17,99,113,9,7,11,17,33.635,49.91,-35,43,,,,,43,35,,,,
9-1-12-17,T-9-1-12-17,T-9-1-12-17,108,119,9,1,12,17,43.4,56.42,-44,49,,,,,49,44,,,,
9-2-12-17,T-9-2-12-17,T-9-2-12-17,108,118,9,2,12,17,43.4,55.335,-44,48,,,,,48,44,,,,
9-3-12-17,T-9-3-12-17,T-9-3-12-17,108,117,9,3,12,17,43.4,54.25,-44,47,,,,,47,44,,,,
9-4-12-17,T-9-4-12-17,T-9-4-12-17,108,116,9,4,12,17,43.4,53.165,-44,46,,,,,46,44,,,,
9-5-12-17,T-9-5-12-17,T-9-5-12-17,108,115,9,5,12,17,43.4,52.08,-44,45,,,,,45,44,,,,
9-6-12-17,T-9-6-12-17,T-9-6-12-17,108,114,9,6,12,17,43.4,50.995,-44,44,,,,,44,44,,,,
1-7-12-17,T-1-7-12-17,T-1-7-12-17,100,113,1,7,12,17,34.72,49.91,-36,43,,,,,43,36,,,,
2-7-12-17,T-2-7-12-17,T-2-7-12-17,101,113,2,7,12,17,35.805,49.91,-37,43,,,,,43,37,,,,
3-7-12-17,T-3-7-12-17,T-3-7-12-17,102,113,3,7,12,17,36.89,49.91,-38,43,,,,,43,38,,,,
4-7-12-17,T-4-7-12-17,T-4-7-12-17,103,113,4,7,12,17,37.975,49.91,-39,43,,,,,43,39,,,,
5-7-12-17,T-5-7-12-17,T-5-7-12-17,104,113,5,7,12,17,39.06,49.91,-40,43,,,,,43,40,,,,
6-7-12-17,T-6-7-12-17,T-6-7-12-17,105,113,6,7,12,17,40.145,49.91,-41,43,,,,,43,41,,,,
7-7-12-17,T-7-7-12-17,T-7-7-12-17,106,113,7,7,12,17,41.23,49.91,-42,43,,,,,43,42,,,,
8-7-12-17,T-8-7-12-17,T-8-7-12-17,107,113,8,7,12,17,42.315,49.91,-43,43,,,,,43,43,,,,
9-7-12-17,T-9-7-12-17,T-9-7-12-17,108,113,9,7,12,17,43.4,49.91,-44,43,,,,,43,44,,,,
9-1-3-16,T-9-1-3-16,T-9-1-3-16,27,112,9,1,3,16,-44.485,48.825,37,42,,,,,42,-37,,,,
9-2-3-16,T-9-2-3-16,T-9-2-3-16,27,111,9,2,3,16,-44.485,47.74,37,41,,,,,41,-37,,,,
9-3-3-16,T-9-3-3-16,T-9-3-3-16,27,110,9,3,3,16,-44.485,46.655,37,40,,,,,40,-37,,,,
9-4-3-16,T-9-4-3-16,T-9-4-3-16,27,109,9,4,3,16,-44.485,45.57,37,39,,,,,39,-37,,,,
9-5-3-16,T-9-5-3-16,T-9-5-3-16,27,108,9,5,3,16,-44.485,44.485,37,38,,,,,38,-37,,,,
9-6-3-16,T-9-6-3-16,T-9-6-3-16,27,107,9,6,3,16,-44.485,43.4,37,37,,,,,37,-37,,,,
1-7-3-16,T-1-7-3-16,T-1-7-3-16,19,106,1,7,3,16,-53.165,42.315,45,36,,,,,36,-45,,,,
2-7-3-16,T-2-7-3-16,T-2-7-3-16,20,106,2,7,3,16,-52.08,42.315,44,36,,,,,36,-44,,,,
3-7-3-16,T-3-7-3-16,T-3-7-3-16,21,106,3,7,3,16,-50.995,42.315,43,36,,,,,36,-43,,,,
4-7-3-16,T-4-7-3-16,T-4-7-3-16,22,106,4,7,3,16,-49.91,42.315,42,36,,,,,36,-42,,,,
5-7-3-16,T-5-7-3-16,T-5-7-3-16,23,106,5,7,3,16,-48.825,42.315,41,36,,,,,36,-41,,,,
6-7-3-16,T-6-7-3-16,T-6-7-3-16,24,106,6,7,3,16,-47.74,42.315,40,36,,,,,36,-40,,,,
7-7-3-16,T-7-7-3-16,T-7-7-3-16,25,106,7,7,3,16,-46.655,42.315,39,36,,,,,36,-39,,,,
8-7-3-16,T-8-7-3-16,T-8-7-3-16,26,106,8,7,3,16,-45.57,42.315,38,36,,,,,36,-38,,,,
9-7-3-16,T-9-7-3-16,T-9-7-3-16,27,106,9,7,3,16,-44.485,42.315,37,36,,,,,36,-37,,,,
9-1-4-16,T-9-1-4-16,T-9-1-4-16,36,112,9,1,4,16,-34.72,48.825,28,42,,,,,42,-28,,,,
9-2-4-16,T-9-2-4-16,T-9-2-4-16,36,111,9,2,4,16,-34.72,47.74,28,41,,,,,41,-28,,,,
9-3-4-16,T-9-3-4-16,T-9-3-4-16,36,110,9,3,4,16,-34.72,46.655,28,40,,,,,40,-28,,,,
9-4-4-16,T-9-4-4-16,T-9-4-4-16,36,109,9,4,4,16,-34.72,45.57,28,39,,,,,39,-28,,,,
9-5-4-16,T-9-5-4-16,T-9-5-4-16,36,108,9,5,4,16,-34.72,44.485,28,38,,,,,38,-28,,,,
9-6-4-16,T-9-6-4-16,T-9-6-4-16,36,107,9,6,4,16,-34.72,43.4,28,37,,,,,37,-28,,,,
1-7-4-16,T-1-7-4-16,T-1-7-4-16,28,106,1,7,4,16,-43.4,42.315,36,36,,,,,36,-36,,,,
2-7-4-16,T-2-7-4-16,T-2-7-4-16,29,106,2,7,4,16,-42.315,42.315,35,36,,,,,36,-35,,,,
3-7-4-16,T-3-7-4-16,T-3-7-4-16,30,106,3,7,4,16,-41.23,42.315,34,36,,,,,36,-34,,,,
4-7-4-16,T-4-7-4-16,T-4-7-4-16,31,106,4,7,4,16,-40.145,42.315,33,36,,,,,36,-33,,,,
5-7-4-16,T-5-7-4-16,T-5-7-4-16,32,106,5,7,4,16,-39.06,42.315,32,36,,,,,36,-32,,,,
6-7-4-16,T-6-7-4-16,T-6-7-4-16,33,106,6,7,4,16,-37.975,42.315,31,36,,,,,36,-31,,,,
7-7-4-16,T-7-7-4-16,T-7-7-4-16,34,106,7,7,4,16,-36.89,42.315,30,36,,,,,36,-30,,,,
8-7-4-16,T-8-7-4-16,T-8-7-4-16,35,106,8,7,4,16,-35.805,42.315,29,36,,,,,36,-29,,,,
9-7-4-16,T-9-7-4-16,T-9-7-4-16,36,106,9,7,4,16,-34.72,42.315,28,36,,,,,36,-28,,,,
9-1-5-16,T-9-1-5-16,T-9-1-5-16,45,112,9,1,5,16,-24.955,48.825,19,42,,,,,42,-19,,,,
9-2-5-16,T-9-2-5-16,T-9-2-5-16,45,111,9,2,5,16,-24.955,47.74,19,41,,,,,41,-19,,,,
9-3-5-16,T-9-3-5-16,T-9-3-5-16,45,110,9,3,5,16,-24.955,46.655,19,40,,,,,40,-19,,,,
9-4-5-16,T-9-4-5-16,T-9-4-5-16,45,109,9,4,5,16,-24.955,45.57,19,39,,,,,39,-19,,,,
9-5-5-16,T-9-5-5-16,T-9-5-5-16,45,108,9,5,5,16,-24.955,44.485,19,38,,,,,38,-19,,,,
9-6-5-16,T-9-6-5-16,T-9-6-5-16,45,107,9,6,5,16,-24.955,43.4,19,37,,,,,37,-19,,,,
1-7-5-16,T-1-7-5-16,T-1-7-5-16,37,106,1,7,5,16,-33.635,42.315,27,36,,,,,36,-27,,,,
2-7-5-16,T-2-7-5-16,T-2-7-5-16,38,106,2,7,5,16,-32.55,42.315,26,36,,,,,36,-26,,,,
3-7-5-16,T-3-7-5-16,T-3-7-5-16,39,106,3,7,5,16,-31.465,42.315,25,36,,,,,36,-25,,,,
4-7-5-16,T-4-7-5-16,T-4-7-5-16,40,106,4,7,5,16,-30.38,42.315,24,36,,,,,36,-24,,,,
5-7-5-16,T-5-7-5-16,T-5-7-5-16,41,106,5,7,5,16,-29.295,42.315,23,36,,,,,36,-23,,,,
6-7-5-16,T-6-7-5-16,T-6-7-5-16,42,106,6,7,5,16,-28.21,42.315,22,36,,,,,36,-22,,,,
7-7-5-16,T-7-7-5-16,T-7-7-5-16,43,106,7,7,5,16,-27.125,42.315,21,36,,,,,36,-21,,,,
8-7-5-16,T-8-7-5-16,T-8-7-5-16,44,106,8,7,5,16,-26.04,42.315,20,36,,,,,36,-20,,,,
9-7-5-16,T-9-7-5-16,T-9-7-5-16,45,106,9,7,5,16,-24.955,42.315,19,36,,,,,36,-19,,,,
9-1-6-16,T-9-1-6-16,T-9-1-6-16,54,112,9,1,6,16,-15.19,48.825,10,42,,,,,42,-10,,,,
9-2-6-16,T-9-2-6-16,T-9-2-6-16,54,111,9,2,6,16,-15.19,47.74,10,41,,,,,41,-10,,,,
9-3-6-16,T-9-3-6-16,T-9-3-6-16,54,110,9,3,6,16,-15.19,46.655,10,40,,,,,40,-10,,,,
9-4-6-16,T-9-4-6-16,T-9-4-6-16,54,109,9,4,6,16,-15.19,45.57,10,39,,,,,39,-10,,,,
9-5-6-16,T-9-5-6-16,T-9-5-6-16,54,108,9,5,6,16,-15.19,44.485,10,38,,,,,38,-10,,,,
9-6-6-16,T-9-6-6-16,T-9-6-6-16,54,107,9,6,6,16,-15.19,43.4,10,37,,,,,37,-10,,,,
1-7-6-16,T-1-7-6-16,T-1-7-6-16,46,106,1,7,6,16,-23.87,42.315,18,36,,,,,36,-18,,,,
2-7-6-16,T-2-7-6-16,T-2-7-6-16,47,106,2,7,6,16,-22.785,42.315,17,36,,,,,36,-17,,,,
3-7-6-16,T-3-7-6-16,T-3-7-6-16,48,106,3,7,6,16,-21.7,42.315,16,36,,,,,36,-16,,,,
4-7-6-16,T-4-7-6-16,T-4-7-6-16,49,106,4,7,6,16,-20.615,42.315,15,36,,,,,36,-15,,,,
5-7-6-16,T-5-7-6-16,T-5-7-6-16,50,106,5,7,6,16,-19.53,42.315,14,36,,,,,36,-14,,,,
6-7-6-16,T-6-7-6-16,T-6-7-6-16,51,106,6,7,6,16,-18.445,42.315,13,36,,,,,36,-13,,,,
7-7-6-16,T-7-7-6-16,T-7-7-6-16,52,106,7,7,6,16,-17.36,42.315,12,36,,,,,36,-12,,,,
8-7-6-16,T-8-7-6-16,T-8-7-6-16,53,106,8,7,6,16,-16.275,42.315,11,36,,,,,36,-11,,,,
9-7-6-16,T-9-7-6-16,T-9-7-6-16,54,106,9,7,6,16,-15.19,42.315,10,36,,,,,36,-10,,,,
9-1-7-16,T-9-1-7-16,T-9-1-7-16,63,112,9,1,7,16,-5.425,48.825,1,42,,,,,42,-1,,,,
9-2-7-16,T-9-2-7-16,T-9-2-7-16,63,111,9,2,7,16,-5.425,47.74,1,41,,,,,41,-1,,,,
9-3-7-16,T-9-3-7-16,T-9-3-7-16,63,110,9,3,7,16,-5.425,46.655,1,40,,,,,40,-1,,,,
9-4-7-16,T-9-4-7-16,T-9-4-7-16,63,109,9,4,7,16,-5.425,45.57,1,39,,,,,39,-1,,,,
9-5-7-16,T-9-5-7-16,T-9-5-7-16,63,108,9,5,7,16,-5.425,44.485,1,38,,,,,38,-1,,,,
9-6-7-16,T-9-6-7-16,T-9-6-7-16,63,107,9,6,7,16,-5.425,43.4,1,37,,,,,37,-1,,,,
1-7-7-16,T-1-7-7-16,T-1-7-7-16,55,106,1,7,7,16,-14.105,42.315,9,36,,,,,36,-9,,,,
2-7-7-16,T-2-7-7-16,T-2-7-7-16,56,106,2,7,7,16,-13.02,42.315,8,36,,,,,36,-8,,,,
3-7-7-16,T-3-7-7-16,T-3-7-7-16,57,106,3,7,7,16,-11.935,42.315,7,36,,,,,36,-7,,,,
4-7-7-16,T-4-7-7-16,T-4-7-7-16,58,106,4,7,7,16,-10.85,42.315,6,36,,,,,36,-6,,,,
5-7-7-16,T-5-7-7-16,T-5-7-7-16,59,106,5,7,7,16,-9.765,42.315,5,36,,,,,36,-5,,,,
6-7-7-16,T-6-7-7-16,T-6-7-7-16,60,106,6,7,7,16,-8.68,42.315,4,36,,,,,36,-4,,,,
7-7-7-16,T-7-7-7-16,T-7-7-7-16,61,106,7,7,7,16,-7.595,42.315,3,36,,,,,36,-3,,,,
8-7-7-16,T-8-7-7-16,T-8-7-7-16,62,106,8,7,7,16,-6.51,42.315,2,36,,,,,36,-2,,,,
9-7-7-16,T-9-7-7-16,T-9-7-7-16,63,106,9,7,7,16,-5.425,42.315,1,36,,,,,36,-1,,,,
9-1-8-16,T-9-1-8-16,T-9-1-8-16,72,112,9,1,8,16,4.34,48.825,-8,42,,,,,42,8,,,,
9-2-8-16,T-9-2-8-16,T-9-2-8-16,72,111,9,2,8,16,4.34,47.74,-8,41,,,,,41,8,,,,
9-3-8-16,T-9-3-8-16,T-9-3-8-16,72,110,9,3,8,16,4.34,46.655,-8,40,,,,,40,8,,,,
9-4-8-16,T-9-4-8-16,T-9-4-8-16,72,109,9,4,8,16,4.34,45.57,-8,39,,,,,39,8,,,,
9-5-8-16,T-9-5-8-16,T-9-5-8-16,72,108,9,5,8,16,4.34,44.485,-8,38,,,,,38,8,,,,
9-6-8-16,T-9-6-8-16,T-9-6-8-16,72,107,9,6,8,16,4.34,43.4,-8,37,,,,,37,8,,,,
1-7-8-16,T-1-7-8-16,T-1-7-8-16,64,106,1,7,8,16,-4.34,42.315,0,36,,,,,36,0,,,,
2-7-8-16,T-2-7-8-16,T-2-7-8-16,65,106,2,7,8,16,-3.255,42.315,-1,36,,,,,36,1,,,,
3-7-8-16,T-3-7-8-16,T-3-7-8-16,66,106,3,7,8,16,-2.17,42.315,-2,36,,,,,36,2,,,,
4-7-8-16,T-4-7-8-16,T-4-7-8-16,67,106,4,7,8,16,-1.085,42.315,-3,36,,,,,36,3,,,,
5-7-8-16,T-5-7-8-16,T-5-7-8-16,68,106,5,7,8,16,0,42.315,-4,36,,,,,36,4,,,,
6-7-8-16,T-6-7-8-16,T-6-7-8-16,69,106,6,7,8,16,1.085,42.315,-5,36,,,,,36,5,,,,
7-7-8-16,T-7-7-8-16,T-7-7-8-16,70,106,7,7,8,16,2.17,42.315,-6,36,,,,,36,6,,,,
8-7-8-16,T-8-7-8-16,T-8-7-8-16,71,106,8,7,8,16,3.255,42.315,-7,36,,,,,36,7,,,,
9-7-8-16,T-9-7-8-16,T-9-7-8-16,72,106,9,7,8,16,4.34,42.315,-8,36,,,,,36,8,,,,
9-1-9-16,T-9-1-9-16,T-9-1-9-16,81,112,9,1,9,16,14.105,48.825,-17,42,,,,,42,17,,,,
9-2-9-16,T-9-2-9-16,T-9-2-9-16,81,111,9,2,9,16,14.105,47.74,-17,41,,,,,41,17,,,,
9-3-9-16,T-9-3-9-16,T-9-3-9-16,81,110,9,3,9,16,14.105,46.655,-17,40,,,,,40,17,,,,
9-4-9-16,T-9-4-9-16,T-9-4-9-16,81,109,9,4,9,16,14.105,45.57,-17,39,,,,,39,17,,,,
9-5-9-16,T-9-5-9-16,T-9-5-9-16,81,108,9,5,9,16,14.105,44.485,-17,38,,,,,38,17,,,,
9-6-9-16,T-9-6-9-16,T-9-6-9-16,81,107,9,6,9,16,14.105,43.4,-17,37,,,,,37,17,,,,
1-7-9-16,T-1-7-9-16,T-1-7-9-16,73,106,1,7,9,16,5.425,42.315,-9,36,,,,,36,9,,,,
2-7-9-16,T-2-7-9-16,T-2-7-9-16,74,106,2,7,9,16,6.51,42.315,-10,36,,,,,36,10,,,,
3-7-9-16,T-3-7-9-16,T-3-7-9-16,75,106,3,7,9,16,7.595,42.315,-11,36,,,,,36,11,,,,
4-7-9-16,T-4-7-9-16,T-4-7-9-16,76,106,4,7,9,16,8.68,42.315,-12,36,,,,,36,12,,,,
5-7-9-16,T-5-7-9-16,T-5-7-9-16,77,106,5,7,9,16,9.765,42.315,-13,36,,,,,36,13,,,,
6-7-9-16,T-6-7-9-16,T-6-7-9-16,78,106,6,7,9,16,10.85,42.315,-14,36,,,,,36,14,,,,
7-7-9-16,T-7-7-9-16,T-7-7-9-16,79,106,7,7,9,16,11.935,42.315,-15,36,,,,,36,15,,,,
8-7-9-16,T-8-7-9-16,T-8-7-9-16,80,106,8,7,9,16,13.02,42.315,-16,36,,,,,36,16,,,,
9-7-9-16,T-9-7-9-16,T-9-7-9-16,81,106,9,7,9,16,14.105,42.315,-17,36,,,,,36,17,,,,
9-1-10-16,T-9-1-10-16,T-9-1-10-16,90,112,9,1,10,16,23.87,48.825,-26,42,,,,,42,26,,,,
9-2-10-16,T-9-2-10-16,T-9-2-10-16,90,111,9,2,10,16,23.87,47.74,-26,41,,,,,41,26,,,,
9-3-10-16,T-9-3-10-16,T-9-3-10-16,90,110,9,3,10,16,23.87,46.655,-26,40,,,,,40,26,,,,
9-4-10-16,T-9-4-10-16,T-9-4-10-16,90,109,9,4,10,16,23.87,45.57,-26,39,,,,,39,26,,,,
9-5-10-16,T-9-5-10-16,T-9-5-10-16,90,108,9,5,10,16,23.87,44.485,-26,38,,,,,38,26,,,,
9-6-10-16,T-9-6-10-16,T-9-6-10-16,90,107,9,6,10,16,23.87,43.4,-26,37,,,,,37,26,,,,
1-7-10-16,T-1-7-10-16,T-1-7-10-16,82,106,1,7,10,16,15.19,42.315,-18,36,,,,,36,18,,,,
2-7-10-16,T-2-7-10-16,T-2-7-10-16,83,106,2,7,10,16,16.275,42.315,-19,36,,,,,36,19,,,,
3-7-10-16,T-3-7-10-16,T-3-7-10-16,84,106,3,7,10,16,17.36,42.315,-20,36,,,,,36,20,,,,
4-7-10-16,T-4-7-10-16,T-4-7-10-16,85,106,4,7,10,16,18.445,42.315,-21,36,,,,,36,21,,,,
5-7-10-16,T-5-7-10-16,T-5-7-10-16,86,106,5,7,10,16,19.53,42.315,-22,36,,,,,36,22,,,,
6-7-10-16,T-6-7-10-16,T-6-7-10-16,87,106,6,7,10,16,20.615,42.315,-23,36,,,,,36,23,,,,
7-7-10-16,T-7-7-10-16,T-7-7-10-16,88,106,7,7,10,16,21.7,42.315,-24,36,,,,,36,24,,,,
8-7-10-16,T-8-7-10-16,T-8-7-10-16,89,106,8,7,10,16,22.785,42.315,-25,36,,,,,36,25,,,,
9-7-10-16,T-9-7-10-16,T-9-7-10-16,90,106,9,7,10,16,23.87,42.315,-26,36,,,,,36,26,,,,
9-1-11-16,T-9-1-11-16,T-9-1-11-16,99,112,9,1,11,16,33.635,48.825,-35,42,,,,,42,35,,,,
9-2-11-16,T-9-2-11-16,T-9-2-11-16,99,111,9,2,11,16,33.635,47.74,-35,41,,,,,41,35,,,,
9-3-11-16,T-9-3-11-16,T-9-3-11-16,99,110,9,3,11,16,33.635,46.655,-35,40,,,,,40,35,,,,
9-4-11-16,T-9-4-11-16,T-9-4-11-16,99,109,9,4,11,16,33.635,45.57,-35,39,,,,,39,35,,,,
9-5-11-16,T-9-5-11-16,T-9-5-11-16,99,108,9,5,11,16,33.635,44.485,-35,38,,,,,38,35,,,,
9-6-11-16,T-9-6-11-16,T-9-6-11-16,99,107,9,6,11,16,33.635,43.4,-35,37,,,,,37,35,,,,
1-7-11-16,T-1-7-11-16,T-1-7-11-16,91,106,1,7,11,16,24.955,42.315,-27,36,,,,,36,27,,,,
2-7-11-16,T-2-7-11-16,T-2-7-11-16,92,106,2,7,11,16,26.04,42.315,-28,36,,,,,36,28,,,,
3-7-11-16,T-3-7-11-16,T-3-7-11-16,93,106,3,7,11,16,27.125,42.315,-29,36,,,,,36,29,,,,
4-7-11-16,T-4-7-11-16,T-4-7-11-16,94,106,4,7,11,16,28.21,42.315,-30,36,,,,,36,30,,,,
5-7-11-16,T-5-7-11-16,T-5-7-11-16,95,106,5,7,11,16,29.295,42.315,-31,36,,,,,36,31,,,,
6-7-11-16,T-6-7-11-16,T-6-7-11-16,96,106,6,7,11,16,30.38,42.315,-32,36,,,,,36,32,,,,
7-7-11-16,T-7-7-11-16,T-7-7-11-16,97,106,7,7,11,16,31.465,42.315,-33,36,,,,,36,33,,,,
8-7-11-16,T-8-7-11-16,T-8-7-11-16,98,106,8,7,11,16,32.55,42.315,-34,36,,,,,36,34,,,,
9-7-11-16,T-9-7-11-16,T-9-7-11-16,99,106,9,7,11,16,33.635,42.315,-35,36,,,,,36,35,,,,
9-1-12-16,T-9-1-12-16,T-9-1-12-16,108,112,9,1,12,16,43.4,48.825,-44,42,,,,,42,44,,,,
9-2-12-16,T-9-2-12-16,T-9-2-12-16,108,111,9,2,12,16,43.4,47.74,-44,41,,,,,41,44,,,,
9-3-12-16,T-9-3-12-16,T-9-3-12-16,108,110,9,3,12,16,43.4,46.655,-44,40,,,,,40,44,,,,
9-4-12-16,T-9-4-12-16,T-9-4-12-16,108,109,9,4,12,16,43.4,45.57,-44,39,,,,,39,44,,,,
9-5-12-16,T-9-5-12-16,T-9-5-12-16,108,108,9,5,12,16,43.4,44.485,-44,38,,,,,38,44,,,,
9-6-12-16,T-9-6-12-16,T-9-6-12-16,108,107,9,6,12,16,43.4,43.4,-44,37,,,,,37,44,,,,
1-7-12-16,T-1-7-12-16,T-1-7-12-16,100,106,1,7,12,16,34.72,42.315,-36,36,,,,,36,36,,,,
2-7-12-16,T-2-7-12-16,T-2-7-12-16,101,106,2,7,12,16,35.805,42.315,-37,36,,,,,36,37,,,,
3-7-12-16,T-3-7-12-16,T-3-7-12-16,102,106,3,7,12,16,36.89,42.315,-38,36,,,,,36,38,,,,
4-7-12-16,T-4-7-12-16,T-4-7-12-16,103,106,4,7,12,16,37.975,42.315,-39,36,,,,,36,39,,,,
5-7-12-16,T-5-7-12-16,T-5-7-12-16,104,106,5,7,12,16,39.06,42.315,-40,36,,,,,36,40,,,,
6-7-12-16,T-6-7-12-16,T-6-7-12-16,105,106,6,7,12,16,40.145,42.315,-41,36,,,,,36,41,,,,
7-7-12-16,T-7-7-12-16,T-7-7-12-16,106,106,7,7,12,16,41.23,42.315,-42,36,,,,,36,42,,,,
8-7-12-16,T-8-7-12-16,T-8-7-12-16,107,106,8,7,12,16,42.315,42.315,-43,36,,,,,36,43,,,,
9-7-12-16,T-9-7-12-16,T-9-7-12-16,108,106,9,7,12,16,43.4,42.315,-44,36,,,,,36,44,,,,
9-1-13-16,T-9-1-13-16,T-9-1-13-16,117,112,9,1,13,16,53.165,48.825,-53,42,,,,,42,53,,,,
9-2-13-16,T-9-2-13-16,T-9-2-13-16,117,111,9,2,13,16,53.165,47.74,-53,41,,,,,41,53,,,,
9-3-13-16,T-9-3-13-16,T-9-3-13-16,117,110,9,3,13,16,53.165,46.655,-53,40,,,,,40,53,,,,
9-4-13-16,T-9-4-13-16,T-9-4-13-16,117,109,9,4,13,16,53.165,45.57,-53,39,,,,,39,53,,,,
9-5-13-16,T-9-5-13-16,T-9-5-13-16,117,108,9,5,13,16,53.165,44.485,-53,38,,,,,38,53,,,,
9-6-13-16,T-9-6-13-16,T-9-6-13-16,117,107,9,6,13,16,53.165,43.4,-53,37,,,,,37,53,,,,
1-7-13-16,T-1-7-13-16,T-1-7-13-16,109,106,1,7,13,16,44.485,42.315,-45,36,,,,,36,45,,,,
2-7-13-16,T-2-7-13-16,T-2-7-13-16,110,106,2,7,13,16,45.57,42.315,-46,36,,,,,36,46,,,,
3-7-13-16,T-3-7-13-16,T-3-7-13-16,111,106,3,7,13,16,46.655,42.315,-47,36,,,,,36,47,,,,
4-7-13-16,T-4-7-13-16,T-4-7-13-16,112,106,4,7,13,16,47.74,42.315,-48,36,,,,,36,48,,,,
5-7-13-16,T-5-7-13-16,T-5-7-13-16,113,106,5,7,13,16,48.825,42.315,-49,36,,,,,36,49,,,,
6-7-13-16,T-6-7-13-16,T-6-7-13-16,114,106,6,7,13,16,49.91,42.315,-50,36,,,,,36,50,,,,
7-7-13-16,T-7-7-13-16,T-7-7-13-16,115,106,7,7,13,16,50.995,42.315,-51,36,,,,,36,51,,,,
8-7-13-16,T-8-7-13-16,T-8-7-13-16,116,106,8,7,13,16,52.08,42.315,-52,36,,,,,36,52,,,,
9-7-13-16,T-9-7-13-16,T-9-7-13-16,117,106,9,7,13,16,53.165,42.315,-53,36,,,,,36,53,,,,
9-1-3-15,T-9-1-3-15,T-9-1-3-15,27,105,9,1,3,15,-44.485,41.23,37,35,,,,,35,-37,,,,
9-2-3-15,T-9-2-3-15,T-9-2-3-15,27,104,9,2,3,15,-44.485,40.145,37,34,,,,,34,-37,,,,
9-3-3-15,T-9-3-3-15,T-9-3-3-15,27,103,9,3,3,15,-44.485,39.06,37,33,,,,,33,-37,,,,
9-4-3-15,T-9-4-3-15,T-9-4-3-15,27,102,9,4,3,15,-44.485,37.975,37,32,,,,,32,-37,,,,
9-5-3-15,T-9-5-3-15,T-9-5-3-15,27,101,9,5,3,15,-44.485,36.89,37,31,,,,,31,-37,,,,
9-6-3-15,T-9-6-3-15,T-9-6-3-15,27,100,9,6,3,15,-44.485,35.805,37,30,,,,,30,-37,,,,
1-7-3-15,T-1-7-3-15,T-1-7-3-15,19,99,1,7,3,15,-53.165,34.72,45,29,,,,,29,-45,,,,
2-7-3-15,T-2-7-3-15,T-2-7-3-15,20,99,2,7,3,15,-52.08,34.72,44,29,,,,,29,-44,,,,
3-7-3-15,T-3-7-3-15,T-3-7-3-15,21,99,3,7,3,15,-50.995,34.72,43,29,,,,,29,-43,,,,
4-7-3-15,T-4-7-3-15,T-4-7-3-15,22,99,4,7,3,15,-49.91,34.72,42,29,,,,,29,-42,,,,
5-7-3-15,T-5-7-3-15,T-5-7-3-15,23,99,5,7,3,15,-48.825,34.72,41,29,,,,,29,-41,,,,
6-7-3-15,T-6-7-3-15,T-6-7-3-15,24,99,6,7,3,15,-47.74,34.72,40,29,,,,,29,-40,,,,
7-7-3-15,T-7-7-3-15,T-7-7-3-15,25,99,7,7,3,15,-46.655,34.72,39,29,,,,,29,-39,,,,
8-7-3-15,T-8-7-3-15,T-8-7-3-15,26,99,8,7,3,15,-45.57,34.72,38,29,,,,,29,-38,,,,
9-7-3-15,T-9-7-3-15,T-9-7-3-15,27,99,9,7,3,15,-44.485,34.72,37,29,,,,,29,-37,,,,
9-1-4-15,T-9-1-4-15,T-9-1-4-15,36,105,9,1,4,15,-34.72,41.23,28,35,,,,,35,-28,,,,
9-2-4-15,T-9-2-4-15,T-9-2-4-15,36,104,9,2,4,15,-34.72,40.145,28,34,,,,,34,-28,,,,
9-3-4-15,T-9-3-4-15,T-9-3-4-15,36,103,9,3,4,15,-34.72,39.06,28,33,,,,,33,-28,,,,
9-4-4-15,T-9-4-4-15,T-9-4-4-15,36,102,9,4,4,15,-34.72,37.975,28,32,,,,,32,-28,,,,
9-5-4-15,T-9-5-4-15,T-9-5-4-15,36,101,9,5,4,15,-34.72,36.89,28,31,,,,,31,-28,,,,
9-6-4-15,T-9-6-4-15,T-9-6-4-15,36,100,9,6,4,15,-34.72,35.805,28,30,,,,,30,-28,,,,
1-7-4-15,T-1-7-4-15,T-1-7-4-15,28,99,1,7,4,15,-43.4,34.72,36,29,,,,,29,-36,,,,
2-7-4-15,T-2-7-4-15,T-2-7-4-15,29,99,2,7,4,15,-42.315,34.72,35,29,,,,,29,-35,,,,
3-7-4-15,T-3-7-4-15,T-3-7-4-15,30,99,3,7,4,15,-41.23,34.72,34,29,,,,,29,-34,,,,
4-7-4-15,T-4-7-4-15,T-4-7-4-15,31,99,4,7,4,15,-40.145,34.72,33,29,,,,,29,-33,,,,
5-7-4-15,T-5-7-4-15,T-5-7-4-15,32,99,5,7,4,15,-39.06,34.72,32,29,,,,,29,-32,,,,
6-7-4-15,T-6-7-4-15,T-6-7-4-15,33,99,6,7,4,15,-37.975,34.72,31,29,,,,,29,-31,,,,
7-7-4-15,T-7-7-4-15,T-7-7-4-15,34,99,7,7,4,15,-36.89,34.72,30,29,,,,,29,-30,,,,
8-7-4-15,T-8-7-4-15,T-8-7-4-15,35,99,8,7,4,15,-35.805,34.72,29,29,,,,,29,-29,,,,
9-7-4-15,T-9-7-4-15,T-9-7-4-15,36,99,9,7,4,15,-34.72,34.72,28,29,,,,,29,-28,,,,
9-1-5-15,T-9-1-5-15,T-9-1-5-15,45,105,9,1,5,15,-24.955,41.23,19,35,,,,,35,-19,,,,
9-2-5-15,T-9-2-5-15,T-9-2-5-15,45,104,9,2,5,15,-24.955,40.145,19,34,,,,,34,-19,,,,
9-3-5-15,T-9-3-5-15,T-9-3-5-15,45,103,9,3,5,15,-24.955,39.06,19,33,,,,,33,-19,,,,
9-4-5-15,T-9-4-5-15,T-9-4-5-15,45,102,9,4,5,15,-24.955,37.975,19,32,,,,,32,-19,,,,
9-5-5-15,T-9-5-5-15,T-9-5-5-15,45,101,9,5,5,15,-24.955,36.89,19,31,,,,,31,-19,,,,
9-6-5-15,T-9-6-5-15,T-9-6-5-15,45,100,9,6,5,15,-24.955,35.805,19,30,,,,,30,-19,,,,
1-7-5-15,T-1-7-5-15,T-1-7-5-15,37,99,1,7,5,15,-33.635,34.72,27,29,,,,,29,-27,,,,
2-7-5-15,T-2-7-5-15,T-2-7-5-15,38,99,2,7,5,15,-32.55,34.72,26,29,,,,,29,-26,,,,
3-7-5-15,T-3-7-5-15,T-3-7-5-15,39,99,3,7,5,15,-31.465,34.72,25,29,,,,,29,-25,,,,
4-7-5-15,T-4-7-5-15,T-4-7-5-15,40,99,4,7,5,15,-30.38,34.72,24,29,,,,,29,-24,,,,
5-7-5-15,T-5-7-5-15,T-5-7-5-15,41,99,5,7,5,15,-29.295,34.72,23,29,,,,,29,-23,,,,
6-7-5-15,T-6-7-5-15,T-6-7-5-15,42,99,6,7,5,15,-28.21,34.72,22,29,,,,,29,-22,,,,
7-7-5-15,T-7-7-5-15,T-7-7-5-15,43,99,7,7,5,15,-27.125,34.72,21,29,,,,,29,-21,,,,
8-7-5-15,T-8-7-5-15,T-8-7-5-15,44,99,8,7,5,15,-26.04,34.72,20,29,,,,,29,-20,,,,
9-7-5-15,T-9-7-5-15,T-9-7-5-15,45,99,9,7,5,15,-24.955,34.72,19,29,,,,,29,-19,,,,
9-1-6-15,T-9-1-6-15,T-9-1-6-15,54,105,9,1,6,15,-15.19,41.23,10,35,,,,,35,-10,,,,
9-2-6-15,T-9-2-6-15,T-9-2-6-15,54,104,9,2,6,15,-15.19,40.145,10,34,,,,,34,-10,,,,
9-3-6-15,T-9-3-6-15,T-9-3-6-15,54,103,9,3,6,15,-15.19,39.06,10,33,,,,,33,-10,,,,
9-4-6-15,T-9-4-6-15,T-9-4-6-15,54,102,9,4,6,15,-15.19,37.975,10,32,,,,,32,-10,,,,
9-5-6-15,T-9-5-6-15,T-9-5-6-15,54,101,9,5,6,15,-15.19,36.89,10,31,,,,,31,-10,,,,
9-6-6-15,T-9-6-6-15,T-9-6-6-15,54,100,9,6,6,15,-15.19,35.805,10,30,,,,,30,-10,,,,
1-7-6-15,T-1-7-6-15,T-1-7-6-15,46,99,1,7,6,15,-23.87,34.72,18,29,,,,,29,-18,,,,
2-7-6-15,T-2-7-6-15,T-2-7-6-15,47,99,2,7,6,15,-22.785,34.72,17,29,,,,,29,-17,,,,
3-7-6-15,T-3-7-6-15,T-3-7-6-15,48,99,3,7,6,15,-21.7,34.72,16,29,,,,,29,-16,,,,
4-7-6-15,T-4-7-6-15,T-4-7-6-15,49,99,4,7,6,15,-20.615,34.72,15,29,,,,,29,-15,,,,
5-7-6-15,T-5-7-6-15,T-5-7-6-15,50,99,5,7,6,15,-19.53,34.72,14,29,,,,,29,-14,,,,
6-7-6-15,T-6-7-6-15,T-6-7-6-15,51,99,6,7,6,15,-18.445,34.72,13,29,,,,,29,-13,,,,
7-7-6-15,T-7-7-6-15,T-7-7-6-15,52,99,7,7,6,15,-17.36,34.72,12,29,,,,,29,-12,,,,
8-7-6-15,T-8-7-6-15,T-8-7-6-15,53,99,8,7,6,15,-16.275,34.72,11,29,,,,,29,-11,,,,
9-7-6-15,T-9-7-6-15,T-9-7-6-15,54,99,9,7,6,15,-15.19,34.72,10,29,,,,,29,-10,,,,
9-1-7-15,T-9-1-7-15,T-9-1-7-15,63,105,9,1,7,15,-5.425,41.23,1,35,,,,,35,-1,,,,
9-2-7-15,T-9-2-7-15,T-9-2-7-15,63,104,9,2,7,15,-5.425,40.145,1,34,,,,,34,-1,,,,
9-3-7-15,T-9-3-7-15,T-9-3-7-15,63,103,9,3,7,15,-5.425,39.06,1,33,,,,,33,-1,,,,
9-4-7-15,T-9-4-7-15,T-9-4-7-15,63,102,9,4,7,15,-5.425,37.975,1,32,,,,,32,-1,,,,
9-5-7-15,T-9-5-7-15,T-9-5-7-15,63,101,9,5,7,15,-5.425,36.89,1,31,,,,,31,-1,,,,
9-6-7-15,T-9-6-7-15,T-9-6-7-15,63,100,9,6,7,15,-5.425,35.805,1,30,,,,,30,-1,,,,
1-7-7-15,T-1-7-7-15,T-1-7-7-15,55,99,1,7,7,15,-14.105,34.72,9,29,,,,,29,-9,,,,
2-7-7-15,T-2-7-7-15,T-2-7-7-15,56,99,2,7,7,15,-13.02,34.72,8,29,,,,,29,-8,,,,
3-7-7-15,T-3-7-7-15,T-3-7-7-15,57,99,3,7,7,15,-11.935,34.72,7,29,,,,,29,-7,,,,
4-7-7-15,T-4-7-7-15,T-4-7-7-15,58,99,4,7,7,15,-10.85,34.72,6,29,,,,,29,-6,,,,
5-7-7-15,T-5-7-7-15,T-5-7-7-15,59,99,5,7,7,15,-9.765,34.72,5,29,,,,,29,-5,,,,
6-7-7-15,T-6-7-7-15,T-6-7-7-15,60,99,6,7,7,15,-8.68,34.72,4,29,,,,,29,-4,,,,
7-7-7-15,T-7-7-7-15,T-7-7-7-15,61,99,7,7,7,15,-7.595,34.72,3,29,,,,,29,-3,,,,
8-7-7-15,T-8-7-7-15,T-8-7-7-15,62,99,8,7,7,15,-6.51,34.72,2,29,,,,,29,-2,,,,
9-7-7-15,T-9-7-7-15,T-9-7-7-15,63,99,9,7,7,15,-5.425,34.72,1,29,,,,,29,-1,,,,
9-1-8-15,T-9-1-8-15,T-9-1-8-15,72,105,9,1,8,15,4.34,41.23,-8,35,,,,,35,8,,,,
9-2-8-15,T-9-2-8-15,T-9-2-8-15,72,104,9,2,8,15,4.34,40.145,-8,34,,,,,34,8,,,,
9-3-8-15,T-9-3-8-15,T-9-3-8-15,72,103,9,3,8,15,4.34,39.06,-8,33,,,,,33,8,,,,
9-4-8-15,T-9-4-8-15,T-9-4-8-15,72,102,9,4,8,15,4.34,37.975,-8,32,,,,,32,8,,,,
9-5-8-15,T-9-5-8-15,T-9-5-8-15,72,101,9,5,8,15,4.34,36.89,-8,31,,,,,31,8,,,,
9-6-8-15,T-9-6-8-15,T-9-6-8-15,72,100,9,6,8,15,4.34,35.805,-8,30,,,,,30,8,,,,
1-7-8-15,T-1-7-8-15,T-1-7-8-15,64,99,1,7,8,15,-4.34,34.72,0,29,,,,,29,0,,,,
2-7-8-15,T-2-7-8-15,T-2-7-8-15,65,99,2,7,8,15,-3.255,34.72,-1,29,,,,,29,1,,,,
3-7-8-15,T-3-7-8-15,T-3-7-8-15,66,99,3,7,8,15,-2.17,34.72,-2,29,,,,,29,2,,,,
4-7-8-15,T-4-7-8-15,T-4-7-8-15,67,99,4,7,8,15,-1.085,34.72,-3,29,,,,,29,3,,,,
5-7-8-15,T-5-7-8-15,T-5-7-8-15,68,99,5,7,8,15,0,34.72,-4,29,,,,,29,4,,,,
6-7-8-15,T-6-7-8-15,T-6-7-8-15,69,99,6,7,8,15,1.085,34.72,-5,29,,,,,29,5,,,,
7-7-8-15,T-7-7-8-15,T-7-7-8-15,70,99,7,7,8,15,2.17,34.72,-6,29,,,,,29,6,,,,
8-7-8-15,T-8-7-8-15,T-8-7-8-15,71,99,8,7,8,15,3.255,34.72,-7,29,,,,,29,7,,,,
9-7-8-15,T-9-7-8-15,T-9-7-8-15,72,99,9,7,8,15,4.34,34.72,-8,29,,,,,29,8,,,,
9-1-9-15,T-9-1-9-15,T-9-1-9-15,81,105,9,1,9,15,14.105,41.23,-17,35,,,,,35,17,,,,
9-2-9-15,T-9-2-9-15,T-9-2-9-15,81,104,9,2,9,15,14.105,40.145,-17,34,,,,,34,17,,,,
9-3-9-15,T-9-3-9-15,T-9-3-9-15,81,103,9,3,9,15,14.105,39.06,-17,33,,,,,33,17,,,,
9-4-9-15,T-9-4-9-15,T-9-4-9-15,81,102,9,4,9,15,14.105,37.975,-17,32,,,,,32,17,,,,
9-5-9-15,T-9-5-9-15,T-9-5-9-15,81,101,9,5,9,15,14.105,36.89,-17,31,,,,,31,17,,,,
9-6-9-15,T-9-6-9-15,T-9-6-9-15,81,100,9,6,9,15,14.105,35.805,-17,30,,,,,30,17,,,,
1-7-9-15,T-1-7-9-15,T-1-7-9-15,73,99,1,7,9,15,5.425,34.72,-9,29,,,,,29,9,,,,
2-7-9-15,T-2-7-9-15,T-2-7-9-15,74,99,2,7,9,15,6.51,34.72,-10,29,,,,,29,10,,,,
3-7-9-15,T-3-7-9-15,T-3-7-9-15,75,99,3,7,9,15,7.595,34.72,-11,29,,,,,29,11,,,,
4-7-9-15,T-4-7-9-15,T-4-7-9-15,76,99,4,7,9,15,8.68,34.72,-12,29,,,,,29,12,,,,
5-7-9-15,T-5-7-9-15,T-5-7-9-15,77,99,5,7,9,15,9.765,34.72,-13,29,,,,,29,13,,,,
6-7-9-15,T-6-7-9-15,T-6-7-9-15,78,99,6,7,9,15,10.85,34.72,-14,29,,,,,29,14,,,,
7-7-9-15,T-7-7-9-15,T-7-7-9-15,79,99,7,7,9,15,11.935,34.72,-15,29,,,,,29,15,,,,
8-7-9-15,T-8-7-9-15,T-8-7-9-15,80,99,8,7,9,15,13.02,34.72,-16,29,,,,,29,16,,,,
9-7-9-15,T-9-7-9-15,T-9-7-9-15,81,99,9,7,9,15,14.105,34.72,-17,29,,,,,29,17,,,,
9-1-10-15,T-9-1-10-15,T-9-1-10-15,90,105,9,1,10,15,23.87,41.23,-26,35,,,,,35,26,,,,
9-2-10-15,T-9-2-10-15,T-9-2-10-15,90,104,9,2,10,15,23.87,40.145,-26,34,,,,,34,26,,,,
9-3-10-15,T-9-3-10-15,T-9-3-10-15,90,103,9,3,10,15,23.87,39.06,-26,33,,,,,33,26,,,,
9-4-10-15,T-9-4-10-15,T-9-4-10-15,90,102,9,4,10,15,23.87,37.975,-26,32,,,,,32,26,,,,
9-5-10-15,T-9-5-10-15,T-9-5-10-15,90,101,9,5,10,15,23.87,36.89,-26,31,,,,,31,26,,,,
9-6-10-15,T-9-6-10-15,T-9-6-10-15,90,100,9,6,10,15,23.87,35.805,-26,30,,,,,30,26,,,,
1-7-10-15,T-1-7-10-15,T-1-7-10-15,82,99,1,7,10,15,15.19,34.72,-18,29,,,,,29,18,,,,
2-7-10-15,T-2-7-10-15,T-2-7-10-15,83,99,2,7,10,15,16.275,34.72,-19,29,,,,,29,19,,,,
3-7-10-15,T-3-7-10-15,T-3-7-10-15,84,99,3,7,10,15,17.36,34.72,-20,29,,,,,29,20,,,,
4-7-10-15,T-4-7-10-15,T-4-7-10-15,85,99,4,7,10,15,18.445,34.72,-21,29,,,,,29,21,,,,
5-7-10-15,T-5-7-10-15,T-5-7-10-15,86,99,5,7,10,15,19.53,34.72,-22,29,,,,,29,22,,,,
6-7-10-15,T-6-7-10-15,T-6-7-10-15,87,99,6,7,10,15,20.615,34.72,-23,29,,,,,29,23,,,,
7-7-10-15,T-7-7-10-15,T-7-7-10-15,88,99,7,7,10,15,21.7,34.72,-24,29,,,,,29,24,,,,
8-7-10-15,T-8-7-10-15,T-8-7-10-15,89,99,8,7,10,15,22.785,34.72,-25,29,,,,,29,25,,,,
9-7-10-15,T-9-7-10-15,T-9-7-10-15,90,99,9,7,10,15,23.87,34.72,-26,29,,,,,29,26,,,,
9-1-11-15,T-9-1-11-15,T-9-1-11-15,99,105,9,1,11,15,33.635,41.23,-35,35,,,,,35,35,,,,
9-2-11-15,T-9-2-11-15,T-9-2-11-15,99,104,9,2,11,15,33.635,40.145,-35,34,,,,,34,35,,,,
9-3-11-15,T-9-3-11-15,T-9-3-11-15,99,103,9,3,11,15,33.635,39.06,-35,33,,,,,33,35,,,,
9-4-11-15,T-9-4-11-15,T-9-4-11-15,99,102,9,4,11,15,33.635,37.975,-35,32,,,,,32,35,,,,
9-5-11-15,T-9-5-11-15,T-9-5-11-15,99,101,9,5,11,15,33.635,36.89,-35,31,,,,,31,35,,,,
9-6-11-15,T-9-6-11-15,T-9-6-11-15,99,100,9,6,11,15,33.635,35.805,-35,30,,,,,30,35,,,,
1-7-11-15,T-1-7-11-15,T-1-7-11-15,91,99,1,7,11,15,24.955,34.72,-27,29,,,,,29,27,,,,
2-7-11-15,T-2-7-11-15,T-2-7-11-15,92,99,2,7,11,15,26.04,34.72,-28,29,,,,,29,28,,,,
3-7-11-15,T-3-7-11-15,T-3-7-11-15,93,99,3,7,11,15,27.125,34.72,-29,29,,,,,29,29,,,,
4-7-11-15,T-4-7-11-15,T-4-7-11-15,94,99,4,7,11,15,28.21,34.72,-30,29,,,,,29,30,,,,
5-7-11-15,T-5-7-11-15,T-5-7-11-15,95,99,5,7,11,15,29.295,34.72,-31,29,,,,,29,31,,,,
6-7-11-15,T-6-7-11-15,T-6-7-11-15,96,99,6,7,11,15,30.38,34.72,-32,29,,,,,29,32,,,,
7-7-11-15,T-7-7-11-15,T-7-7-11-15,97,99,7,7,11,15,31.465,34.72,-33,29,,,,,29,33,,,,
8-7-11-15,T-8-7-11-15,T-8-7-11-15,98,99,8,7,11,15,32.55,34.72,-34,29,,,,,29,34,,,,
9-7-11-15,T-9-7-11-15,T-9-7-11-15,99,99,9,7,11,15,33.635,34.72,-35,29,,,,,29,35,,,,
9-1-12-15,T-9-1-12-15,T-9-1-12-15,108,105,9,1,12,15,43.4,41.23,-44,35,,,,,35,44,,,,
9-2-12-15,T-9-2-12-15,T-9-2-12-15,108,104,9,2,12,15,43.4,40.145,-44,34,,,,,34,44,,,,
9-3-12-15,T-9-3-12-15,T-9-3-12-15,108,103,9,3,12,15,43.4,39.06,-44,33,,,,,33,44,,,,
9-4-12-15,T-9-4-12-15,T-9-4-12-15,108,102,9,4,12,15,43.4,37.975,-44,32,,,,,32,44,,,,
9-5-12-15,T-9-5-12-15,T-9-5-12-15,108,101,9,5,12,15,43.4,36.89,-44,31,,,,,31,44,,,,
9-6-12-15,T-9-6-12-15,T-9-6-12-15,108,100,9,6,12,15,43.4,35.805,-44,30,,,,,30,44,,,,
1-7-12-15,T-1-7-12-15,T-1-7-12-15,100,99,1,7,12,15,34.72,34.72,-36,29,,,,,29,36,,,,
2-7-12-15,T-2-7-12-15,T-2-7-12-15,101,99,2,7,12,15,35.805,34.72,-37,29,,,,,29,37,,,,
3-7-12-15,T-3-7-12-15,T-3-7-12-15,102,99,3,7,12,15,36.89,34.72,-38,29,,,,,29,38,,,,
4-7-12-15,T-4-7-12-15,T-4-7-12-15,103,99,4,7,12,15,37.975,34.72,-39,29,,,,,29,39,,,,
5-7-12-15,T-5-7-12-15,T-5-7-12-15,104,99,5,7,12,15,39.06,34.72,-40,29,,,,,29,40,,,,
6-7-12-15,T-6-7-12-15,T-6-7-12-15,105,99,6,7,12,15,40.145,34.72,-41,29,,,,,29,41,,,,
7-7-12-15,T-7-7-12-15,T-7-7-12-15,106,99,7,7,12,15,41.23,34.72,-42,29,,,,,29,42,,,,
8-7-12-15,T-8-7-12-15,T-8-7-12-15,107,99,8,7,12,15,42.315,34.72,-43,29,,,,,29,43,,,,
9-7-12-15,T-9-7-12-15,T-9-7-12-15,108,99,9,7,12,15,43.4,34.72,-44,29,,,,,29,44,,,,
9-1-13-15,T-9-1-13-15,T-9-1-13-15,117,105,9,1,13,15,53.165,41.23,-53,35,,,,,35,53,,,,
9-2-13-15,T-9-2-13-15,T-9-2-13-15,117,104,9,2,13,15,53.165,40.145,-53,34,,,,,34,53,,,,
9-3-13-15,T-9-3-13-15,T-9-3-13-15,117,103,9,3,13,15,53.165,39.06,-53,33,,,,,33,53,,,,
9-4-13-15,T-9-4-13-15,T-9-4-13-15,117,102,9,4,13,15,53.165,37.975,-53,32,,,,,32,53,,,,
9-5-13-15,T-9-5-13-15,T-9-5-13-15,117,101,9,5,13,15,53.165,36.89,-53,31,,,,,31,53,,,,
9-6-13-15,T-9-6-13-15,T-9-6-13-15,117,100,9,6,13,15,53.165,35.805,-53,30,,,,,30,53,,,,
1-7-13-15,T-1-7-13-15,T-1-7-13-15,109,99,1,7,13,15,44.485,34.72,-45,29,,,,,29,45,,,,
2-7-13-15,T-2-7-13-15,T-2-7-13-15,110,99,2,7,13,15,45.57,34.72,-46,29,,,,,29,46,,,,
3-7-13-15,T-3-7-13-15,T-3-7-13-15,111,99,3,7,13,15,46.655,34.72,-47,29,,,,,29,47,,,,
4-7-13-15,T-4-7-13-15,T-4-7-13-15,112,99,4,7,13,15,47.74,34.72,-48,29,,,,,29,48,,,,
5-7-13-15,T-5-7-13-15,T-5-7-13-15,113,99,5,7,13,15,48.825,34.72,-49,29,,,,,29,49,,,,
6-7-13-15,T-6-7-13-15,T-6-7-13-15,114,99,6,7,13,15,49.91,34.72,-50,29,,,,,29,50,,,,
7-7-13-15,T-7-7-13-15,T-7-7-13-15,115,99,7,7,13,15,50.995,34.72,-51,29,,,,,29,51,,,,
8-7-13-15,T-8-7-13-15,T-8-7-13-15,116,99,8,7,13,15,52.08,34.72,-52,29,,,,,29,52,,,,
9-7-13-15,T-9-7-13-15,T-9-7-13-15,117,99,9,7,13,15,53.165,34.72,-53,29,,,,,29,53,,,,
9-1-2-14,T-9-1-2-14,T-9-1-2-14,18,98,9,1,2,14,-54.25,33.635,46,28,,,,,28,-46,,,,
9-2-2-14,T-9-2-2-14,T-9-2-2-14,18,97,9,2,2,14,-54.25,32.55,46,27,,,,,27,-46,,,,
9-3-2-14,T-9-3-2-14,T-9-3-2-14,18,96,9,3,2,14,-54.25,31.465,46,26,,,,,26,-46,,,,
9-4-2-14,T-9-4-2-14,T-9-4-2-14,18,95,9,4,2,14,-54.25,30.38,46,25,,,,,25,-46,,,,
9-5-2-14,T-9-5-2-14,T-9-5-2-14,18,94,9,5,2,14,-54.25,29.295,46,24,,,,,24,-46,,,,
9-6-2-14,T-9-6-2-14,T-9-6-2-14,18,93,9,6,2,14,-54.25,28.21,46,23,,,,,23,-46,,,,
1-7-2-14,T-1-7-2-14,T-1-7-2-14,10,92,1,7,2,14,-62.93,27.125,54,22,,,,,22,-54,,,,
2-7-2-14,T-2-7-2-14,T-2-7-2-14,11,92,2,7,2,14,-61.845,27.125,53,22,,,,,22,-53,,,,
3-7-2-14,T-3-7-2-14,T-3-7-2-14,12,92,3,7,2,14,-60.76,27.125,52,22,,,,,22,-52,,,,
4-7-2-14,T-4-7-2-14,T-4-7-2-14,13,92,4,7,2,14,-59.675,27.125,51,22,,,,,22,-51,,,,
5-7-2-14,T-5-7-2-14,T-5-7-2-14,14,92,5,7,2,14,-58.59,27.125,50,22,,,,,22,-50,,,,
6-7-2-14,T-6-7-2-14,T-6-7-2-14,15,92,6,7,2,14,-57.505,27.125,49,22,,,,,22,-49,,,,
7-7-2-14,T-7-7-2-14,T-7-7-2-14,16,92,7,7,2,14,-56.42,27.125,48,22,,,,,22,-48,,,,
8-7-2-14,T-8-7-2-14,T-8-7-2-14,17,92,8,7,2,14,-55.335,27.125,47,22,,,,,22,-47,,,,
9-7-2-14,T-9-7-2-14,T-9-7-2-14,18,92,9,7,2,14,-54.25,27.125,46,22,,,,,22,-46,,,,
9-1-3-14,T-9-1-3-14,T-9-1-3-14,27,98,9,1,3,14,-44.485,33.635,37,28,,,,,28,-37,,,,
9-2-3-14,T-9-2-3-14,T-9-2-3-14,27,97,9,2,3,14,-44.485,32.55,37,27,,,,,27,-37,,,,
9-3-3-14,T-9-3-3-14,T-9-3-3-14,27,96,9,3,3,14,-44.485,31.465,37,26,,,,,26,-37,,,,
9-4-3-14,T-9-4-3-14,T-9-4-3-14,27,95,9,4,3,14,-44.485,30.38,37,25,,,,,25,-37,,,,
9-5-3-14,T-9-5-3-14,T-9-5-3-14,27,94,9,5,3,14,-44.485,29.295,37,24,,,,,24,-37,,,,
9-6-3-14,T-9-6-3-14,T-9-6-3-14,27,93,9,6,3,14,-44.485,28.21,37,23,,,,,23,-37,,,,
1-7-3-14,T-1-7-3-14,T-1-7-3-14,19,92,1,7,3,14,-53.165,27.125,45,22,,,,,22,-45,,,,
2-7-3-14,T-2-7-3-14,T-2-7-3-14,20,92,2,7,3,14,-52.08,27.125,44,22,,,,,22,-44,,,,
3-7-3-14,T-3-7-3-14,T-3-7-3-14,21,92,3,7,3,14,-50.995,27.125,43,22,,,,,22,-43,,,,
4-7-3-14,T-4-7-3-14,T-4-7-3-14,22,92,4,7,3,14,-49.91,27.125,42,22,,,,,22,-42,,,,
5-7-3-14,T-5-7-3-14,T-5-7-3-14,23,92,5,7,3,14,-48.825,27.125,41,22,,,,,22,-41,,,,
6-7-3-14,T-6-7-3-14,T-6-7-3-14,24,92,6,7,3,14,-47.74,27.125,40,22,,,,,22,-40,,,,
7-7-3-14,T-7-7-3-14,T-7-7-3-14,25,92,7,7,3,14,-46.655,27.125,39,22,,,,,22,-39,,,,
8-7-3-14,T-8-7-3-14,T-8-7-3-14,26,92,8,7,3,14,-45.57,27.125,38,22,,,,,22,-38,,,,
9-7-3-14,T-9-7-3-14,T-9-7-3-14,27,92,9,7,3,14,-44.485,27.125,37,22,,,,,22,-37,,,,
9-1-4-14,T-9-1-4-14,T-9-1-4-14,36,98,9,1,4,14,-34.72,33.635,28,28,,,,,28,-28,,,,
9-2-4-14,T-9-2-4-14,T-9-2-4-14,36,97,9,2,4,14,-34.72,32.55,28,27,,,,,27,-28,,,,
9-3-4-14,T-9-3-4-14,T-9-3-4-14,36,96,9,3,4,14,-34.72,31.465,28,26,,,,,26,-28,,,,
9-4-4-14,T-9-4-4-14,T-9-4-4-14,36,95,9,4,4,14,-34.72,30.38,28,25,,,,,25,-28,,,,
9-5-4-14,T-9-5-4-14,T-9-5-4-14,36,94,9,5,4,14,-34.72,29.295,28,24,,,,,24,-28,,,,
9-6-4-14,T-9-6-4-14,T-9-6-4-14,36,93,9,6,4,14,-34.72,28.21,28,23,,,,,23,-28,,,,
1-7-4-14,T-1-7-4-14,T-1-7-4-14,28,92,1,7,4,14,-43.4,27.125,36,22,,,,,22,-36,,,,
2-7-4-14,T-2-7-4-14,T-2-7-4-14,29,92,2,7,4,14,-42.315,27.125,35,22,,,,,22,-35,,,,
3-7-4-14,T-3-7-4-14,T-3-7-4-14,30,92,3,7,4,14,-41.23,27.125,34,22,,,,,22,-34,,,,
4-7-4-14,T-4-7-4-14,T-4-7-4-14,31,92,4,7,4,14,-40.145,27.125,33,22,,,,,22,-33,,,,
5-7-4-14,T-5-7-4-14,T-5-7-4-14,32,92,5,7,4,14,-39.06,27.125,32,22,,,,,22,-32,,,,
6-7-4-14,T-6-7-4-14,T-6-7-4-14,33,92,6,7,4,14,-37.975,27.125,31,22,,,,,22,-31,,,,
7-7-4-14,T-7-7-4-14,T-7-7-4-14,34,92,7,7,4,14,-36.89,27.125,30,22,,,,,22,-30,,,,
8-7-4-14,T-8-7-4-14,T-8-7-4-14,35,92,8,7,4,14,-35.805,27.125,29,22,,,,,22,-29,,,,
9-7-4-14,T-9-7-4-14,T-9-7-4-14,36,92,9,7,4,14,-34.72,27.125,28,22,,,,,22,-28,,,,
9-1-5-14,T-9-1-5-14,T-9-1-5-14,45,98,9,1,5,14,-24.955,33.635,19,28,,,,,28,-19,,,,
9-2-5-14,T-9-2-5-14,T-9-2-5-14,45,97,9,2,5,14,-24.955,32.55,19,27,,,,,27,-19,,,,
9-3-5-14,T-9-3-5-14,T-9-3-5-14,45,96,9,3,5,14,-24.955,31.465,19,26,,,,,26,-19,,,,
9-4-5-14,T-9-4-5-14,T-9-4-5-14,45,95,9,4,5,14,-24.955,30.38,19,25,,,,,25,-19,,,,
9-5-5-14,T-9-5-5-14,T-9-5-5-14,45,94,9,5,5,14,-24.955,29.295,19,24,,,,,24,-19,,,,
9-6-5-14,T-9-6-5-14,T-9-6-5-14,45,93,9,6,5,14,-24.955,28.21,19,23,,,,,23,-19,,,,
1-7-5-14,T-1-7-5-14,T-1-7-5-14,37,92,1,7,5,14,-33.635,27.125,27,22,,,,,22,-27,,,,
2-7-5-14,T-2-7-5-14,T-2-7-5-14,38,92,2,7,5,14,-32.55,27.125,26,22,,,,,22,-26,,,,
3-7-5-14,T-3-7-5-14,T-3-7-5-14,39,92,3,7,5,14,-31.465,27.125,25,22,,,,,22,-25,,,,
4-7-5-14,T-4-7-5-14,T-4-7-5-14,40,92,4,7,5,14,-30.38,27.125,24,22,,,,,22,-24,,,,
5-7-5-14,T-5-7-5-14,T-5-7-5-14,41,92,5,7,5,14,-29.295,27.125,23,22,,,,,22,-23,,,,
6-7-5-14,T-6-7-5-14,T-6-7-5-14,42,92,6,7,5,14,-28.21,27.125,22,22,,,,,22,-22,,,,
7-7-5-14,T-7-7-5-14,T-7-7-5-14,43,92,7,7,5,14,-27.125,27.125,21,22,,,,,22,-21,,,,
8-7-5-14,T-8-7-5-14,T-8-7-5-14,44,92,8,7,5,14,-26.04,27.125,20,22,,,,,22,-20,,,,
9-7-5-14,T-9-7-5-14,T-9-7-5-14,45,92,9,7,5,14,-24.955,27.125,19,22,,,,,22,-19,,,,
9-1-6-14,T-9-1-6-14,T-9-1-6-14,54,98,9,1,6,14,-15.19,33.635,10,28,,,,,28,-10,,,,
9-2-6-14,T-9-2-6-14,T-9-2-6-14,54,97,9,2,6,14,-15.19,32.55,10,27,,,,,27,-10,,,,
9-3-6-14,T-9-3-6-14,T-9-3-6-14,54,96,9,3,6,14,-15.19,31.465,10,26,,,,,26,-10,,,,
9-4-6-14,T-9-4-6-14,T-9-4-6-14,54,95,9,4,6,14,-15.19,30.38,10,25,,,,,25,-10,,,,
9-5-6-14,T-9-5-6-14,T-9-5-6-14,54,94,9,5,6,14,-15.19,29.295,10,24,,,,,24,-10,,,,
9-6-6-14,T-9-6-6-14,T-9-6-6-14,54,93,9,6,6,14,-15.19,28.21,10,23,,,,,23,-10,,,,
1-7-6-14,T-1-7-6-14,T-1-7-6-14,46,92,1,7,6,14,-23.87,27.125,18,22,,,,,22,-18,,,,
2-7-6-14,T-2-7-6-14,T-2-7-6-14,47,92,2,7,6,14,-22.785,27.125,17,22,,,,,22,-17,,,,
3-7-6-14,T-3-7-6-14,T-3-7-6-14,48,92,3,7,6,14,-21.7,27.125,16,22,,,,,22,-16,,,,
4-7-6-14,T-4-7-6-14,T-4-7-6-14,49,92,4,7,6,14,-20.615,27.125,15,22,,,,,22,-15,,,,
5-7-6-14,T-5-7-6-14,T-5-7-6-14,50,92,5,7,6,14,-19.53,27.125,14,22,,,,,22,-14,,,,
6-7-6-14,T-6-7-6-14,T-6-7-6-14,51,92,6,7,6,14,-18.445,27.125,13,22,,,,,22,-13,,,,
7-7-6-14,T-7-7-6-14,T-7-7-6-14,52,92,7,7,6,14,-17.36,27.125,12,22,,,,,22,-12,,,,
8-7-6-14,T-8-7-6-14,T-8-7-6-14,53,92,8,7,6,14,-16.275,27.125,11,22,,,,,22,-11,,,,
9-7-6-14,T-9-7-6-14,T-9-7-6-14,54,92,9,7,6,14,-15.19,27.125,10,22,,,,,22,-10,,,,
9-1-7-14,T-9-1-7-14,T-9-1-7-14,63,98,9,1,7,14,-5.425,33.635,1,28,,,,,28,-1,,,,
9-2-7-14,T-9-2-7-14,T-9-2-7-14,63,97,9,2,7,14,-5.425,32.55,1,27,,,,,27,-1,,,,
9-3-7-14,T-9-3-7-14,T-9-3-7-14,63,96,9,3,7,14,-5.425,31.465,1,26,,,,,26,-1,,,,
9-4-7-14,T-9-4-7-14,T-9-4-7-14,63,95,9,4,7,14,-5.425,30.38,1,25,,,,,25,-1,,,,
9-5-7-14,T-9-5-7-14,T-9-5-7-14,63,94,9,5,7,14,-5.425,29.295,1,24,,,,,24,-1,,,,
9-6-7-14,T-9-6-7-14,T-9-6-7-14,63,93,9,6,7,14,-5.425,28.21,1,23,,,,,23,-1,,,,
1-7-7-14,T-1-7-7-14,T-1-7-7-14,55,92,1,7,7,14,-14.105,27.125,9,22,,,,,22,-9,,,,
2-7-7-14,T-2-7-7-14,T-2-7-7-14,56,92,2,7,7,14,-13.02,27.125,8,22,,,,,22,-8,,,,
3-7-7-14,T-3-7-7-14,T-3-7-7-14,57,92,3,7,7,14,-11.935,27.125,7,22,,,,,22,-7,,,,
4-7-7-14,T-4-7-7-14,T-4-7-7-14,58,92,4,7,7,14,-10.85,27.125,6,22,,,,,22,-6,,,,
5-7-7-14,T-5-7-7-14,T-5-7-7-14,59,92,5,7,7,14,-9.765,27.125,5,22,,,,,22,-5,,,,
6-7-7-14,T-6-7-7-14,T-6-7-7-14,60,92,6,7,7,14,-8.68,27.125,4,22,,,,,22,-4,,,,
7-7-7-14,T-7-7-7-14,T-7-7-7-14,61,92,7,7,7,14,-7.595,27.125,3,22,,,,,22,-3,,,,
8-7-7-14,T-8-7-7-14,T-8-7-7-14,62,92,8,7,7,14,-6.51,27.125,2,22,,,,,22,-2,,,,
9-7-7-14,T-9-7-7-14,T-9-7-7-14,63,92,9,7,7,14,-5.425,27.125,1,22,,,,,22,-1,,,,
9-1-8-14,T-9-1-8-14,T-9-1-8-14,72,98,9,1,8,14,4.34,33.635,-8,28,,,,,28,8,,,,
9-2-8-14,T-9-2-8-14,T-9-2-8-14,72,97,9,2,8,14,4.34,32.55,-8,27,,,,,27,8,,,,
9-3-8-14,T-9-3-8-14,T-9-3-8-14,72,96,9,3,8,14,4.34,31.465,-8,26,,,,,26,8,,,,
9-4-8-14,T-9-4-8-14,T-9-4-8-14,72,95,9,4,8,14,4.34,30.38,-8,25,,,,,25,8,,,,
9-5-8-14,T-9-5-8-14,T-9-5-8-14,72,94,9,5,8,14,4.34,29.295,-8,24,,,,,24,8,,,,
9-6-8-14,T-9-6-8-14,T-9-6-8-14,72,93,9,6,8,14,4.34,28.21,-8,23,,,,,23,8,,,,
1-7-8-14,T-1-7-8-14,T-1-7-8-14,64,92,1,7,8,14,-4.34,27.125,0,22,,,,,22,0,,,,
2-7-8-14,T-2-7-8-14,T-2-7-8-14,65,92,2,7,8,14,-3.255,27.125,-1,22,,,,,22,1,,,,
3-7-8-14,T-3-7-8-14,T-3-7-8-14,66,92,3,7,8,14,-2.17,27.125,-2,22,,,,,22,2,,,,
4-7-8-14,T-4-7-8-14,T-4-7-8-14,67,92,4,7,8,14,-1.085,27.125,-3,22,,,,,22,3,,,,
5-7-8-14,T-5-7-8-14,T-5-7-8-14,68,92,5,7,8,14,0,27.125,-4,22,,,,,22,4,,,,
6-7-8-14,T-6-7-8-14,T-6-7-8-14,69,92,6,7,8,14,1.085,27.125,-5,22,,,,,22,5,,,,
7-7-8-14,T-7-7-8-14,T-7-7-8-14,70,92,7,7,8,14,2.17,27.125,-6,22,,,,,22,6,,,,
8-7-8-14,T-8-7-8-14,T-8-7-8-14,71,92,8,7,8,14,3.255,27.125,-7,22,,,,,22,7,,,,
9-7-8-14,T-9-7-8-14,T-9-7-8-14,72,92,9,7,8,14,4.34,27.125,-8,22,,,,,22,8,,,,
9-1-9-14,T-9-1-9-14,T-9-1-9-14,81,98,9,1,9,14,14.105,33.635,-17,28,,,,,28,17,,,,
9-2-9-14,T-9-2-9-14,T-9-2-9-14,81,97,9,2,9,14,14.105,32.55,-17,27,,,,,27,17,,,,
9-3-9-14,T-9-3-9-14,T-9-3-9-14,81,96,9,3,9,14,14.105,31.465,-17,26,,,,,26,17,,,,
9-4-9-14,T-9-4-9-14,T-9-4-9-14,81,95,9,4,9,14,14.105,30.38,-17,25,,,,,25,17,,,,
9-5-9-14,T-9-5-9-14,T-9-5-9-14,81,94,9,5,9,14,14.105,29.295,-17,24,,,,,24,17,,,,
9-6-9-14,T-9-6-9-14,T-9-6-9-14,81,93,9,6,9,14,14.105,28.21,-17,23,,,,,23,17,,,,
1-7-9-14,T-1-7-9-14,T-1-7-9-14,73,92,1,7,9,14,5.425,27.125,-9,22,,,,,22,9,,,,
2-7-9-14,T-2-7-9-14,T-2-7-9-14,74,92,2,7,9,14,6.51,27.125,-10,22,,,,,22,10,,,,
3-7-9-14,T-3-7-9-14,T-3-7-9-14,75,92,3,7,9,14,7.595,27.125,-11,22,,,,,22,11,,,,
4-7-9-14,T-4-7-9-14,T-4-7-9-14,76,92,4,7,9,14,8.68,27.125,-12,22,,,,,22,12,,,,
5-7-9-14,T-5-7-9-14,T-5-7-9-14,77,92,5,7,9,14,9.765,27.125,-13,22,,,,,22,13,,,,
6-7-9-14,T-6-7-9-14,T-6-7-9-14,78,92,6,7,9,14,10.85,27.125,-14,22,,,,,22,14,,,,
7-7-9-14,T-7-7-9-14,T-7-7-9-14,79,92,7,7,9,14,11.935,27.125,-15,22,,,,,22,15,,,,
8-7-9-14,T-8-7-9-14,T-8-7-9-14,80,92,8,7,9,14,13.02,27.125,-16,22,,,,,22,16,,,,
9-7-9-14,T-9-7-9-14,T-9-7-9-14,81,92,9,7,9,14,14.105,27.125,-17,22,,,,,22,17,,,,
9-1-10-14,T-9-1-10-14,T-9-1-10-14,90,98,9,1,10,14,23.87,33.635,-26,28,,,,,28,26,,,,
9-2-10-14,T-9-2-10-14,T-9-2-10-14,90,97,9,2,10,14,23.87,32.55,-26,27,,,,,27,26,,,,
9-3-10-14,T-9-3-10-14,T-9-3-10-14,90,96,9,3,10,14,23.87,31.465,-26,26,,,,,26,26,,,,
9-4-10-14,T-9-4-10-14,T-9-4-10-14,90,95,9,4,10,14,23.87,30.38,-26,25,,,,,25,26,,,,
9-5-10-14,T-9-5-10-14,T-9-5-10-14,90,94,9,5,10,14,23.87,29.295,-26,24,,,,,24,26,,,,
9-6-10-14,T-9-6-10-14,T-9-6-10-14,90,93,9,6,10,14,23.87,28.21,-26,23,,,,,23,26,,,,
1-7-10-14,T-1-7-10-14,T-1-7-10-14,82,92,1,7,10,14,15.19,27.125,-18,22,,,,,22,18,,,,
2-7-10-14,T-2-7-10-14,T-2-7-10-14,83,92,2,7,10,14,16.275,27.125,-19,22,,,,,22,19,,,,
3-7-10-14,T-3-7-10-14,T-3-7-10-14,84,92,3,7,10,14,17.36,27.125,-20,22,,,,,22,20,,,,
4-7-10-14,T-4-7-10-14,T-4-7-10-14,85,92,4,7,10,14,18.445,27.125,-21,22,,,,,22,21,,,,
5-7-10-14,T-5-7-10-14,T-5-7-10-14,86,92,5,7,10,14,19.53,27.125,-22,22,,,,,22,22,,,,
6-7-10-14,T-6-7-10-14,T-6-7-10-14,87,92,6,7,10,14,20.615,27.125,-23,22,,,,,22,23,,,,
7-7-10-14,T-7-7-10-14,T-7-7-10-14,88,92,7,7,10,14,21.7,27.125,-24,22,,,,,22,24,,,,
8-7-10-14,T-8-7-10-14,T-8-7-10-14,89,92,8,7,10,14,22.785,27.125,-25,22,,,,,22,25,,,,
9-7-10-14,T-9-7-10-14,T-9-7-10-14,90,92,9,7,10,14,23.87,27.125,-26,22,,,,,22,26,,,,
9-1-11-14,T-9-1-11-14,T-9-1-11-14,99,98,9,1,11,14,33.635,33.635,-35,28,,,,,28,35,,,,
9-2-11-14,T-9-2-11-14,T-9-2-11-14,99,97,9,2,11,14,33.635,32.55,-35,27,,,,,27,35,,,,
9-3-11-14,T-9-3-11-14,T-9-3-11-14,99,96,9,3,11,14,33.635,31.465,-35,26,,,,,26,35,,,,
9-4-11-14,T-9-4-11-14,T-9-4-11-14,99,95,9,4,11,14,33.635,30.38,-35,25,,,,,25,35,,,,
9-5-11-14,T-9-5-11-14,T-9-5-11-14,99,94,9,5,11,14,33.635,29.295,-35,24,,,,,24,35,,,,
9-6-11-14,T-9-6-11-14,T-9-6-11-14,99,93,9,6,11,14,33.635,28.21,-35,23,,,,,23,35,,,,
1-7-11-14,T-1-7-11-14,T-1-7-11-14,91,92,1,7,11,14,24.955,27.125,-27,22,,,,,22,27,,,,
2-7-11-14,T-2-7-11-14,T-2-7-11-14,92,92,2,7,11,14,26.04,27.125,-28,22,,,,,22,28,,,,
3-7-11-14,T-3-7-11-14,T-3-7-11-14,93,92,3,7,11,14,27.125,27.125,-29,22,,,,,22,29,,,,
4-7-11-14,T-4-7-11-14,T-4-7-11-14,94,92,4,7,11,14,28.21,27.125,-30,22,,,,,22,30,,,,
5-7-11-14,T-5-7-11-14,T-5-7-11-14,95,92,5,7,11,14,29.295,27.125,-31,22,,,,,22,31,,,,
6-7-11-14,T-6-7-11-14,T-6-7-11-14,96,92,6,7,11,14,30.38,27.125,-32,22,,,,,22,32,,,,
7-7-11-14,T-7-7-11-14,T-7-7-11-14,97,92,7,7,11,14,31.465,27.125,-33,22,,,,,22,33,,,,
8-7-11-14,T-8-7-11-14,T-8-7-11-14,98,92,8,7,11,14,32.55,27.125,-34,22,,,,,22,34,,,,
9-7-11-14,T-9-7-11-14,T-9-7-11-14,99,92,9,7,11,14,33.635,27.125,-35,22,,,,,22,35,,,,
9-1-12-14,T-9-1-12-14,T-9-1-12-14,108,98,9,1,12,14,43.4,33.635,-44,28,,,,,28,44,,,,
9-2-12-14,T-9-2-12-14,T-9-2-12-14,108,97,9,2,12,14,43.4,32.55,-44,27,,,,,27,44,,,,
9-3-12-14,T-9-3-12-14,T-9-3-12-14,108,96,9,3,12,14,43.4,31.465,-44,26,,,,,26,44,,,,
9-4-12-14,T-9-4-12-14,T-9-4-12-14,108,95,9,4,12,14,43.4,30.38,-44,25,,,,,25,44,,,,
9-5-12-14,T-9-5-12-14,T-9-5-12-14,108,94,9,5,12,14,43.4,29.295,-44,24,,,,,24,44,,,,
9-6-12-14,T-9-6-12-14,T-9-6-12-14,108,93,9,6,12,14,43.4,28.21,-44,23,,,,,23,44,,,,
1-7-12-14,T-1-7-12-14,T-1-7-12-14,100,92,1,7,12,14,34.72,27.125,-36,22,,,,,22,36,,,,
2-7-12-14,T-2-7-12-14,T-2-7-12-14,101,92,2,7,12,14,35.805,27.125,-37,22,,,,,22,37,,,,
3-7-12-14,T-3-7-12-14,T-3-7-12-14,102,92,3,7,12,14,36.89,27.125,-38,22,,,,,22,38,,,,
4-7-12-14,T-4-7-12-14,T-4-7-12-14,103,92,4,7,12,14,37.975,27.125,-39,22,,,,,22,39,,,,
5-7-12-14,T-5-7-12-14,T-5-7-12-14,104,92,5,7,12,14,39.06,27.125,-40,22,,,,,22,40,,,,
6-7-12-14,T-6-7-12-14,T-6-7-12-14,105,92,6,7,12,14,40.145,27.125,-41,22,,,,,22,41,,,,
7-7-12-14,T-7-7-12-14,T-7-7-12-14,106,92,7,7,12,14,41.23,27.125,-42,22,,,,,22,42,,,,
8-7-12-14,T-8-7-12-14,T-8-7-12-14,107,92,8,7,12,14,42.315,27.125,-43,22,,,,,22,43,,,,
9-7-12-14,T-9-7-12-14,T-9-7-12-14,108,92,9,7,12,14,43.4,27.125,-44,22,,,,,22,44,,,,
9-1-13-14,T-9-1-13-14,T-9-1-13-14,117,98,9,1,13,14,53.165,33.635,-53,28,,,,,28,53,,,,
9-2-13-14,T-9-2-13-14,T-9-2-13-14,117,97,9,2,13,14,53.165,32.55,-53,27,,,,,27,53,,,,
9-3-13-14,T-9-3-13-14,T-9-3-13-14,117,96,9,3,13,14,53.165,31.465,-53,26,,,,,26,53,,,,
9-4-13-14,T-9-4-13-14,T-9-4-13-14,117,95,9,4,13,14,53.165,30.38,-53,25,,,,,25,53,,,,
9-5-13-14,T-9-5-13-14,T-9-5-13-14,117,94,9,5,13,14,53.165,29.295,-53,24,,,,,24,53,,,,
9-6-13-14,T-9-6-13-14,T-9-6-13-14,117,93,9,6,13,14,53.165,28.21,-53,23,,,,,23,53,,,,
1-7-13-14,T-1-7-13-14,T-1-7-13-14,109,92,1,7,13,14,44.485,27.125,-45,22,,,,,22,45,,,,
2-7-13-14,T-2-7-13-14,T-2-7-13-14,110,92,2,7,13,14,45.57,27.125,-46,22,,,,,22,46,,,,
3-7-13-14,T-3-7-13-14,T-3-7-13-14,111,92,3,7,13,14,46.655,27.125,-47,22,,,,,22,47,,,,
4-7-13-14,T-4-7-13-14,T-4-7-13-14,112,92,4,7,13,14,47.74,27.125,-48,22,,,,,22,48,,,,
5-7-13-14,T-5-7-13-14,T-5-7-13-14,113,92,5,7,13,14,48.825,27.125,-49,22,,,,,22,49,,,,
6-7-13-14,T-6-7-13-14,T-6-7-13-14,114,92,6,7,13,14,49.91,27.125,-50,22,,,,,22,50,,,,
7-7-13-14,T-7-7-13-14,T-7-7-13-14,115,92,7,7,13,14,50.995,27.125,-51,22,,,,,22,51,,,,
8-7-13-14,T-8-7-13-14,T-8-7-13-14,116,92,8,7,13,14,52.08,27.125,-52,22,,,,,22,52,,,,
9-7-13-14,T-9-7-13-14,T-9-7-13-14,117,92,9,7,13,14,53.165,27.125,-53,22,,,,,22,53,,,,
9-1-14-14,T-9-1-14-14,T-9-1-14-14,126,98,9,1,14,14,62.93,33.635,-62,28,,,,,28,62,,,,
9-2-14-14,T-9-2-14-14,T-9-2-14-14,126,97,9,2,14,14,62.93,32.55,-62,27,,,,,27,62,,,,
9-3-14-14,T-9-3-14-14,T-9-3-14-14,126,96,9,3,14,14,62.93,31.465,-62,26,,,,,26,62,,,,
9-4-14-14,T-9-4-14-14,T-9-4-14-14,126,95,9,4,14,14,62.93,30.38,-62,25,,,,,25,62,,,,
9-5-14-14,T-9-5-14-14,T-9-5-14-14,126,94,9,5,14,14,62.93,29.295,-62,24,,,,,24,62,,,,
9-6-14-14,T-9-6-14-14,T-9-6-14-14,126,93,9,6,14,14,62.93,28.21,-62,23,,,,,23,62,,,,
1-7-14-14,T-1-7-14-14,T-1-7-14-14,118,92,1,7,14,14,54.25,27.125,-54,22,,,,,22,54,,,,
2-7-14-14,T-2-7-14-14,T-2-7-14-14,119,92,2,7,14,14,55.335,27.125,-55,22,,,,,22,55,,,,
3-7-14-14,T-3-7-14-14,T-3-7-14-14,120,92,3,7,14,14,56.42,27.125,-56,22,,,,,22,56,,,,
4-7-14-14,T-4-7-14-14,T-4-7-14-14,121,92,4,7,14,14,57.505,27.125,-57,22,,,,,22,57,,,,
5-7-14-14,T-5-7-14-14,T-5-7-14-14,122,92,5,7,14,14,58.59,27.125,-58,22,,,,,22,58,,,,
6-7-14-14,T-6-7-14-14,T-6-7-14-14,123,92,6,7,14,14,59.675,27.125,-59,22,,,,,22,59,,,,
7-7-14-14,T-7-7-14-14,T-7-7-14-14,124,92,7,7,14,14,60.76,27.125,-60,22,,,,,22,60,,,,
8-7-14-14,T-8-7-14-14,T-8-7-14-14,125,92,8,7,14,14,61.845,27.125,-61,22,,,,,22,61,,,,
9-7-14-14,T-9-7-14-14,T-9-7-14-14,126,92,9,7,14,14,62.93,27.125,-62,22,,,,,22,62,,,,
9-1-2-13,T-9-1-2-13,T-9-1-2-13,18,91,9,1,2,13,-54.25,26.04,46,21,,,,,21,-46,,,,
9-2-2-13,T-9-2-2-13,T-9-2-2-13,18,90,9,2,2,13,-54.25,24.955,46,20,,,,,20,-46,,,,
9-3-2-13,T-9-3-2-13,T-9-3-2-13,18,89,9,3,2,13,-54.25,23.87,46,19,,,,,19,-46,,,,
9-4-2-13,T-9-4-2-13,T-9-4-2-13,18,88,9,4,2,13,-54.25,22.785,46,18,,,,,18,-46,,,,
9-5-2-13,T-9-5-2-13,T-9-5-2-13,18,87,9,5,2,13,-54.25,21.7,46,17,,,,,17,-46,,,,
9-6-2-13,T-9-6-2-13,T-9-6-2-13,18,86,9,6,2,13,-54.25,20.615,46,16,,,,,16,-46,,,,
1-7-2-13,T-1-7-2-13,T-1-7-2-13,10,85,1,7,2,13,-62.93,19.53,54,15,,,,,15,-54,,,,
2-7-2-13,T-2-7-2-13,T-2-7-2-13,11,85,2,7,2,13,-61.845,19.53,53,15,,,,,15,-53,,,,
3-7-2-13,T-3-7-2-13,T-3-7-2-13,12,85,3,7,2,13,-60.76,19.53,52,15,,,,,15,-52,,,,
4-7-2-13,T-4-7-2-13,T-4-7-2-13,13,85,4,7,2,13,-59.675,19.53,51,15,,,,,15,-51,,,,
5-7-2-13,T-5-7-2-13,T-5-7-2-13,14,85,5,7,2,13,-58.59,19.53,50,15,,,,,15,-50,,,,
6-7-2-13,T-6-7-2-13,T-6-7-2-13,15,85,6,7,2,13,-57.505,19.53,49,15,,,,,15,-49,,,,
7-7-2-13,T-7-7-2-13,T-7-7-2-13,16,85,7,7,2,13,-56.42,19.53,48,15,,,,,15,-48,,,,
8-7-2-13,T-8-7-2-13,T-8-7-2-13,17,85,8,7,2,13,-55.335,19.53,47,15,,,,,15,-47,,,,
9-7-2-13,T-9-7-2-13,T-9-7-2-13,18,85,9,7,2,13,-54.25,19.53,46,15,,,,,15,-46,,,,
9-1-3-13,T-9-1-3-13,T-9-1-3-13,27,91,9,1,3,13,-44.485,26.04,37,21,,,,,21,-37,,,,
9-2-3-13,T-9-2-3-13,T-9-2-3-13,27,90,9,2,3,13,-44.485,24.955,37,20,,,,,20,-37,,,,
9-3-3-13,T-9-3-3-13,T-9-3-3-13,27,89,9,3,3,13,-44.485,23.87,37,19,,,,,19,-37,,,,
9-4-3-13,T-9-4-3-13,T-9-4-3-13,27,88,9,4,3,13,-44.485,22.785,37,18,,,,,18,-37,,,,
9-5-3-13,T-9-5-3-13,T-9-5-3-13,27,87,9,5,3,13,-44.485,21.7,37,17,,,,,17,-37,,,,
9-6-3-13,T-9-6-3-13,T-9-6-3-13,27,86,9,6,3,13,-44.485,20.615,37,16,,,,,16,-37,,,,
1-7-3-13,T-1-7-3-13,T-1-7-3-13,19,85,1,7,3,13,-53.165,19.53,45,15,,,,,15,-45,,,,
2-7-3-13,T-2-7-3-13,T-2-7-3-13,20,85,2,7,3,13,-52.08,19.53,44,15,,,,,15,-44,,,,
3-7-3-13,T-3-7-3-13,T-3-7-3-13,21,85,3,7,3,13,-50.995,19.53,43,15,,,,,15,-43,,,,
4-7-3-13,T-4-7-3-13,T-4-7-3-13,22,85,4,7,3,13,-49.91,19.53,42,15,,,,,15,-42,,,,
5-7-3-13,T-5-7-3-13,T-5-7-3-13,23,85,5,7,3,13,-48.825,19.53,41,15,,,,,15,-41,,,,
6-7-3-13,T-6-7-3-13,T-6-7-3-13,24,85,6,7,3,13,-47.74,19.53,40,15,,,,,15,-40,,,,
7-7-3-13,T-7-7-3-13,T-7-7-3-13,25,85,7,7,3,13,-46.655,19.53,39,15,,,,,15,-39,,,,
8-7-3-13,T-8-7-3-13,T-8-7-3-13,26,85,8,7,3,13,-45.57,19.53,38,15,,,,,15,-38,,,,
9-7-3-13,T-9-7-3-13,T-9-7-3-13,27,85,9,7,3,13,-44.485,19.53,37,15,,,,,15,-37,,,,
9-1-4-13,T-9-1-4-13,T-9-1-4-13,36,91,9,1,4,13,-34.72,26.04,28,21,,,,,21,-28,,,,
9-2-4-13,T-9-2-4-13,T-9-2-4-13,36,90,9,2,4,13,-34.72,24.955,28,20,,,,,20,-28,,,,
9-3-4-13,T-9-3-4-13,T-9-3-4-13,36,89,9,3,4,13,-34.72,23.87,28,19,,,,,19,-28,,,,
9-4-4-13,T-9-4-4-13,T-9-4-4-13,36,88,9,4,4,13,-34.72,22.785,28,18,,,,,18,-28,,,,
9-5-4-13,T-9-5-4-13,T-9-5-4-13,36,87,9,5,4,13,-34.72,21.7,28,17,,,,,17,-28,,,,
9-6-4-13,T-9-6-4-13,T-9-6-4-13,36,86,9,6,4,13,-34.72,20.615,28,16,,,,,16,-28,,,,
1-7-4-13,T-1-7-4-13,T-1-7-4-13,28,85,1,7,4,13,-43.4,19.53,36,15,,,,,15,-36,,,,
2-7-4-13,T-2-7-4-13,T-2-7-4-13,29,85,2,7,4,13,-42.315,19.53,35,15,,,,,15,-35,,,,
3-7-4-13,T-3-7-4-13,T-3-7-4-13,30,85,3,7,4,13,-41.23,19.53,34,15,,,,,15,-34,,,,
4-7-4-13,T-4-7-4-13,T-4-7-4-13,31,85,4,7,4,13,-40.145,19.53,33,15,,,,,15,-33,,,,
5-7-4-13,T-5-7-4-13,T-5-7-4-13,32,85,5,7,4,13,-39.06,19.53,32,15,,,,,15,-32,,,,
6-7-4-13,T-6-7-4-13,T-6-7-4-13,33,85,6,7,4,13,-37.975,19.53,31,15,,,,,15,-31,,,,
7-7-4-13,T-7-7-4-13,T-7-7-4-13,34,85,7,7,4,13,-36.89,19.53,30,15,,,,,15,-30,,,,
8-7-4-13,T-8-7-4-13,T-8-7-4-13,35,85,8,7,4,13,-35.805,19.53,29,15,,,,,15,-29,,,,
9-7-4-13,T-9-7-4-13,T-9-7-4-13,36,85,9,7,4,13,-34.72,19.53,28,15,,,,,15,-28,,,,
9-1-5-13,T-9-1-5-13,T-9-1-5-13,45,91,9,1,5,13,-24.955,26.04,19,21,,,,,21,-19,,,,
9-2-5-13,T-9-2-5-13,T-9-2-5-13,45,90,9,2,5,13,-24.955,24.955,19,20,,,,,20,-19,,,,
9-3-5-13,T-9-3-5-13,T-9-3-5-13,45,89,9,3,5,13,-24.955,23.87,19,19,,,,,19,-19,,,,
9-4-5-13,T-9-4-5-13,T-9-4-5-13,45,88,9,4,5,13,-24.955,22.785,19,18,,,,,18,-19,,,,
9-5-5-13,T-9-5-5-13,T-9-5-5-13,45,87,9,5,5,13,-24.955,21.7,19,17,,,,,17,-19,,,,
9-6-5-13,T-9-6-5-13,T-9-6-5-13,45,86,9,6,5,13,-24.955,20.615,19,16,,,,,16,-19,,,,
1-7-5-13,T-1-7-5-13,T-1-7-5-13,37,85,1,7,5,13,-33.635,19.53,27,15,,,,,15,-27,,,,
2-7-5-13,T-2-7-5-13,T-2-7-5-13,38,85,2,7,5,13,-32.55,19.53,26,15,,,,,15,-26,,,,
3-7-5-13,T-3-7-5-13,T-3-7-5-13,39,85,3,7,5,13,-31.465,19.53,25,15,,,,,15,-25,,,,
4-7-5-13,T-4-7-5-13,T-4-7-5-13,40,85,4,7,5,13,-30.38,19.53,24,15,,,,,15,-24,,,,
5-7-5-13,T-5-7-5-13,T-5-7-5-13,41,85,5,7,5,13,-29.295,19.53,23,15,,,,,15,-23,,,,
6-7-5-13,T-6-7-5-13,T-6-7-5-13,42,85,6,7,5,13,-28.21,19.53,22,15,,,,,15,-22,,,,
7-7-5-13,T-7-7-5-13,T-7-7-5-13,43,85,7,7,5,13,-27.125,19.53,21,15,,,,,15,-21,,,,
8-7-5-13,T-8-7-5-13,T-8-7-5-13,44,85,8,7,5,13,-26.04,19.53,20,15,,,,,15,-20,,,,
9-7-5-13,T-9-7-5-13,T-9-7-5-13,45,85,9,7,5,13,-24.955,19.53,19,15,,,,,15,-19,,,,
9-1-6-13,T-9-1-6-13,T-9-1-6-13,54,91,9,1,6,13,-15.19,26.04,10,21,,,,,21,-10,,,,
9-2-6-13,T-9-2-6-13,T-9-2-6-13,54,90,9,2,6,13,-15.19,24.955,10,20,,,,,20,-10,,,,
9-3-6-13,T-9-3-6-13,T-9-3-6-13,54,89,9,3,6,13,-15.19,23.87,10,19,,,,,19,-10,,,,
9-4-6-13,T-9-4-6-13,T-9-4-6-13,54,88,9,4,6,13,-15.19,22.785,10,18,,,,,18,-10,,,,
9-5-6-13,T-9-5-6-13,T-9-5-6-13,54,87,9,5,6,13,-15.19,21.7,10,17,,,,,17,-10,,,,
9-6-6-13,T-9-6-6-13,T-9-6-6-13,54,86,9,6,6,13,-15.19,20.615,10,16,,,,,16,-10,,,,
1-7-6-13,T-1-7-6-13,T-1-7-6-13,46,85,1,7,6,13,-23.87,19.53,18,15,,,,,15,-18,,,,
2-7-6-13,T-2-7-6-13,T-2-7-6-13,47,85,2,7,6,13,-22.785,19.53,17,15,,,,,15,-17,,,,
3-7-6-13,T-3-7-6-13,T-3-7-6-13,48,85,3,7,6,13,-21.7,19.53,16,15,,,,,15,-16,,,,
4-7-6-13,T-4-7-6-13,T-4-7-6-13,49,85,4,7,6,13,-20.615,19.53,15,15,,,,,15,-15,,,,
5-7-6-13,T-5-7-6-13,T-5-7-6-13,50,85,5,7,6,13,-19.53,19.53,14,15,,,,,15,-14,,,,
6-7-6-13,T-6-7-6-13,T-6-7-6-13,51,85,6,7,6,13,-18.445,19.53,13,15,,,,,15,-13,,,,
7-7-6-13,T-7-7-6-13,T-7-7-6-13,52,85,7,7,6,13,-17.36,19.53,12,15,,,,,15,-12,,,,
8-7-6-13,T-8-7-6-13,T-8-7-6-13,53,85,8,7,6,13,-16.275,19.53,11,15,,,,,15,-11,,,,
9-7-6-13,T-9-7-6-13,T-9-7-6-13,54,85,9,7,6,13,-15.19,19.53,10,15,,,,,15,-10,,,,
9-1-7-13,T-9-1-7-13,T-9-1-7-13,63,91,9,1,7,13,-5.425,26.04,1,21,,,,,21,-1,,,,
9-2-7-13,T-9-2-7-13,T-9-2-7-13,63,90,9,2,7,13,-5.425,24.955,1,20,,,,,20,-1,,,,
9-3-7-13,T-9-3-7-13,T-9-3-7-13,63,89,9,3,7,13,-5.425,23.87,1,19,,,,,19,-1,,,,
9-4-7-13,T-9-4-7-13,T-9-4-7-13,63,88,9,4,7,13,-5.425,22.785,1,18,,,,,18,-1,,,,
9-5-7-13,T-9-5-7-13,T-9-5-7-13,63,87,9,5,7,13,-5.425,21.7,1,17,,,,,17,-1,,,,
9-6-7-13,T-9-6-7-13,T-9-6-7-13,63,86,9,6,7,13,-5.425,20.615,1,16,,,,,16,-1,,,,
1-7-7-13,T-1-7-7-13,T-1-7-7-13,55,85,1,7,7,13,-14.105,19.53,9,15,,,,,15,-9,,,,
2-7-7-13,T-2-7-7-13,T-2-7-7-13,56,85,2,7,7,13,-13.02,19.53,8,15,,,,,15,-8,,,,
3-7-7-13,T-3-7-7-13,T-3-7-7-13,57,85,3,7,7,13,-11.935,19.53,7,15,,,,,15,-7,,,,
4-7-7-13,T-4-7-7-13,T-4-7-7-13,58,85,4,7,7,13,-10.85,19.53,6,15,,,,,15,-6,,,,
5-7-7-13,T-5-7-7-13,T-5-7-7-13,59,85,5,7,7,13,-9.765,19.53,5,15,,,,,15,-5,,,,
6-7-7-13,T-6-7-7-13,T-6-7-7-13,60,85,6,7,7,13,-8.68,19.53,4,15,,,,,15,-4,,,,
7-7-7-13,T-7-7-7-13,T-7-7-7-13,61,85,7,7,7,13,-7.595,19.53,3,15,,,,,15,-3,,,,
8-7-7-13,T-8-7-7-13,T-8-7-7-13,62,85,8,7,7,13,-6.51,19.53,2,15,,,,,15,-2,,,,
9-7-7-13,T-9-7-7-13,T-9-7-7-13,63,85,9,7,7,13,-5.425,19.53,1,15,,,,,15,-1,,,,
9-1-8-13,T-9-1-8-13,T-9-1-8-13,72,91,9,1,8,13,4.34,26.04,-8,21,,,,,21,8,,,,
9-2-8-13,T-9-2-8-13,T-9-2-8-13,72,90,9,2,8,13,4.34,24.955,-8,20,,,,,20,8,,,,
9-3-8-13,T-9-3-8-13,T-9-3-8-13,72,89,9,3,8,13,4.34,23.87,-8,19,,,,,19,8,,,,
9-4-8-13,T-9-4-8-13,T-9-4-8-13,72,88,9,4,8,13,4.34,22.785,-8,18,,,,,18,8,,,,
9-5-8-13,T-9-5-8-13,T-9-5-8-13,72,87,9,5,8,13,4.34,21.7,-8,17,,,,,17,8,,,,
9-6-8-13,T-9-6-8-13,T-9-6-8-13,72,86,9,6,8,13,4.34,20.615,-8,16,,,,,16,8,,,,
1-7-8-13,T-1-7-8-13,T-1-7-8-13,64,85,1,7,8,13,-4.34,19.53,0,15,,,,,15,0,,,,
2-7-8-13,T-2-7-8-13,T-2-7-8-13,65,85,2,7,8,13,-3.255,19.53,-1,15,,,,,15,1,,,,
3-7-8-13,T-3-7-8-13,T-3-7-8-13,66,85,3,7,8,13,-2.17,19.53,-2,15,,,,,15,2,,,,
4-7-8-13,T-4-7-8-13,T-4-7-8-13,67,85,4,7,8,13,-1.085,19.53,-3,15,,,,,15,3,,,,
5-7-8-13,T-5-7-8-13,T-5-7-8-13,68,85,5,7,8,13,0,19.53,-4,15,,,,,15,4,,,,
6-7-8-13,T-6-7-8-13,T-6-7-8-13,69,85,6,7,8,13,1.085,19.53,-5,15,,,,,15,5,,,,
7-7-8-13,T-7-7-8-13,T-7-7-8-13,70,85,7,7,8,13,2.17,19.53,-6,15,,,,,15,6,,,,
8-7-8-13,T-8-7-8-13,T-8-7-8-13,71,85,8,7,8,13,3.255,19.53,-7,15,,,,,15,7,,,,
9-7-8-13,T-9-7-8-13,T-9-7-8-13,72,85,9,7,8,13,4.34,19.53,-8,15,,,,,15,8,,,,
9-1-9-13,T-9-1-9-13,T-9-1-9-13,81,91,9,1,9,13,14.105,26.04,-17,21,,,,,21,17,,,,
9-2-9-13,T-9-2-9-13,T-9-2-9-13,81,90,9,2,9,13,14.105,24.955,-17,20,,,,,20,17,,,,
9-3-9-13,T-9-3-9-13,T-9-3-9-13,81,89,9,3,9,13,14.105,23.87,-17,19,,,,,19,17,,,,
9-4-9-13,T-9-4-9-13,T-9-4-9-13,81,88,9,4,9,13,14.105,22.785,-17,18,,,,,18,17,,,,
9-5-9-13,T-9-5-9-13,T-9-5-9-13,81,87,9,5,9,13,14.105,21.7,-17,17,,,,,17,17,,,,
9-6-9-13,T-9-6-9-13,T-9-6-9-13,81,86,9,6,9,13,14.105,20.615,-17,16,,,,,16,17,,,,
1-7-9-13,T-1-7-9-13,T-1-7-9-13,73,85,1,7,9,13,5.425,19.53,-9,15,,,,,15,9,,,,
2-7-9-13,T-2-7-9-13,T-2-7-9-13,74,85,2,7,9,13,6.51,19.53,-10,15,,,,,15,10,,,,
3-7-9-13,T-3-7-9-13,T-3-7-9-13,75,85,3,7,9,13,7.595,19.53,-11,15,,,,,15,11,,,,
4-7-9-13,T-4-7-9-13,T-4-7-9-13,76,85,4,7,9,13,8.68,19.53,-12,15,,,,,15,12,,,,
5-7-9-13,T-5-7-9-13,T-5-7-9-13,77,85,5,7,9,13,9.765,19.53,-13,15,,,,,15,13,,,,
6-7-9-13,T-6-7-9-13,T-6-7-9-13,78,85,6,7,9,13,10.85,19.53,-14,15,,,,,15,14,,,,
7-7-9-13,T-7-7-9-13,T-7-7-9-13,79,85,7,7,9,13,11.935,19.53,-15,15,,,,,15,15,,,,
8-7-9-13,T-8-7-9-13,T-8-7-9-13,80,85,8,7,9,13,13.02,19.53,-16,15,,,,,15,16,,,,
9-7-9-13,T-9-7-9-13,T-9-7-9-13,81,85,9,7,9,13,14.105,19.53,-17,15,,,,,15,17,,,,
9-1-10-13,T-9-1-10-13,T-9-1-10-13,90,91,9,1,10,13,23.87,26.04,-26,21,,,,,21,26,,,,
9-2-10-13,T-9-2-10-13,T-9-2-10-13,90,90,9,2,10,13,23.87,24.955,-26,20,,,,,20,26,,,,
9-3-10-13,T-9-3-10-13,T-9-3-10-13,90,89,9,3,10,13,23.87,23.87,-26,19,,,,,19,26,,,,
9-4-10-13,T-9-4-10-13,T-9-4-10-13,90,88,9,4,10,13,23.87,22.785,-26,18,,,,,18,26,,,,
9-5-10-13,T-9-5-10-13,T-9-5-10-13,90,87,9,5,10,13,23.87,21.7,-26,17,,,,,17,26,,,,
9-6-10-13,T-9-6-10-13,T-9-6-10-13,90,86,9,6,10,13,23.87,20.615,-26,16,,,,,16,26,,,,
1-7-10-13,T-1-7-10-13,T-1-7-10-13,82,85,1,7,10,13,15.19,19.53,-18,15,,,,,15,18,,,,
2-7-10-13,T-2-7-10-13,T-2-7-10-13,83,85,2,7,10,13,16.275,19.53,-19,15,,,,,15,19,,,,
3-7-10-13,T-3-7-10-13,T-3-7-10-13,84,85,3,7,10,13,17.36,19.53,-20,15,,,,,15,20,,,,
4-7-10-13,T-4-7-10-13,T-4-7-10-13,85,85,4,7,10,13,18.445,19.53,-21,15,,,,,15,21,,,,
5-7-10-13,T-5-7-10-13,T-5-7-10-13,86,85,5,7,10,13,19.53,19.53,-22,15,,,,,15,22,,,,
6-7-10-13,T-6-7-10-13,T-6-7-10-13,87,85,6,7,10,13,20.615,19.53,-23,15,,,,,15,23,,,,
7-7-10-13,T-7-7-10-13,T-7-7-10-13,88,85,7,7,10,13,21.7,19.53,-24,15,,,,,15,24,,,,
8-7-10-13,T-8-7-10-13,T-8-7-10-13,89,85,8,7,10,13,22.785,19.53,-25,15,,,,,15,25,,,,
9-7-10-13,T-9-7-10-13,T-9-7-10-13,90,85,9,7,10,13,23.87,19.53,-26,15,,,,,15,26,,,,
9-1-11-13,T-9-1-11-13,T-9-1-11-13,99,91,9,1,11,13,33.635,26.04,-35,21,,,,,21,35,,,,
9-2-11-13,T-9-2-11-13,T-9-2-11-13,99,90,9,2,11,13,33.635,24.955,-35,20,,,,,20,35,,,,
9-3-11-13,T-9-3-11-13,T-9-3-11-13,99,89,9,3,11,13,33.635,23.87,-35,19,,,,,19,35,,,,
9-4-11-13,T-9-4-11-13,T-9-4-11-13,99,88,9,4,11,13,33.635,22.785,-35,18,,,,,18,35,,,,
9-5-11-13,T-9-5-11-13,T-9-5-11-13,99,87,9,5,11,13,33.635,21.7,-35,17,,,,,17,35,,,,
9-6-11-13,T-9-6-11-13,T-9-6-11-13,99,86,9,6,11,13,33.635,20.615,-35,16,,,,,16,35,,,,
1-7-11-13,T-1-7-11-13,T-1-7-11-13,91,85,1,7,11,13,24.955,19.53,-27,15,,,,,15,27,,,,
2-7-11-13,T-2-7-11-13,T-2-7-11-13,92,85,2,7,11,13,26.04,19.53,-28,15,,,,,15,28,,,,
3-7-11-13,T-3-7-11-13,T-3-7-11-13,93,85,3,7,11,13,27.125,19.53,-29,15,,,,,15,29,,,,
4-7-11-13,T-4-7-11-13,T-4-7-11-13,94,85,4,7,11,13,28.21,19.53,-30,15,,,,,15,30,,,,
5-7-11-13,T-5-7-11-13,T-5-7-11-13,95,85,5,7,11,13,29.295,19.53,-31,15,,,,,15,31,,,,
6-7-11-13,T-6-7-11-13,T-6-7-11-13,96,85,6,7,11,13,30.38,19.53,-32,15,,,,,15,32,,,,
7-7-11-13,T-7-7-11-13,T-7-7-11-13,97,85,7,7,11,13,31.465,19.53,-33,15,,,,,15,33,,,,
8-7-11-13,T-8-7-11-13,T-8-7-11-13,98,85,8,7,11,13,32.55,19.53,-34,15,,,,,15,34,,,,
9-7-11-13,T-9-7-11-13,T-9-7-11-13,99,85,9,7,11,13,33.635,19.53,-35,15,,,,,15,35,,,,
9-1-12-13,T-9-1-12-13,T-9-1-12-13,108,91,9,1,12,13,43.4,26.04,-44,21,,,,,21,44,,,,
9-2-12-13,T-9-2-12-13,T-9-2-12-13,108,90,9,2,12,13,43.4,24.955,-44,20,,,,,20,44,,,,
9-3-12-13,T-9-3-12-13,T-9-3-12-13,108,89,9,3,12,13,43.4,23.87,-44,19,,,,,19,44,,,,
9-4-12-13,T-9-4-12-13,T-9-4-12-13,108,88,9,4,12,13,43.4,22.785,-44,18,,,,,18,44,,,,
9-5-12-13,T-9-5-12-13,T-9-5-12-13,108,87,9,5,12,13,43.4,21.7,-44,17,,,,,17,44,,,,
9-6-12-13,T-9-6-12-13,T-9-6-12-13,108,86,9,6,12,13,43.4,20.615,-44,16,,,,,16,44,,,,
1-7-12-13,T-1-7-12-13,T-1-7-12-13,100,85,1,7,12,13,34.72,19.53,-36,15,,,,,15,36,,,,
2-7-12-13,T-2-7-12-13,T-2-7-12-13,101,85,2,7,12,13,35.805,19.53,-37,15,,,,,15,37,,,,
3-7-12-13,T-3-7-12-13,T-3-7-12-13,102,85,3,7,12,13,36.89,19.53,-38,15,,,,,15,38,,,,
4-7-12-13,T-4-7-12-13,T-4-7-12-13,103,85,4,7,12,13,37.975,19.53,-39,15,,,,,15,39,,,,
5-7-12-13,T-5-7-12-13,T-5-7-12-13,104,85,5,7,12,13,39.06,19.53,-40,15,,,,,15,40,,,,
6-7-12-13,T-6-7-12-13,T-6-7-12-13,105,85,6,7,12,13,40.145,19.53,-41,15,,,,,15,41,,,,
7-7-12-13,T-7-7-12-13,T-7-7-12-13,106,85,7,7,12,13,41.23,19.53,-42,15,,,,,15,42,,,,
8-7-12-13,T-8-7-12-13,T-8-7-12-13,107,85,8,7,12,13,42.315,19.53,-43,15,,,,,15,43,,,,
9-7-12-13,T-9-7-12-13,T-9-7-12-13,108,85,9,7,12,13,43.4,19.53,-44,15,,,,,15,44,,,,
9-1-13-13,T-9-1-13-13,T-9-1-13-13,117,91,9,1,13,13,53.165,26.04,-53,21,,,,,21,53,,,,
9-2-13-13,T-9-2-13-13,T-9-2-13-13,117,90,9,2,13,13,53.165,24.955,-53,20,,,,,20,53,,,,
9-3-13-13,T-9-3-13-13,T-9-3-13-13,117,89,9,3,13,13,53.165,23.87,-53,19,,,,,19,53,,,,
9-4-13-13,T-9-4-13-13,T-9-4-13-13,117,88,9,4,13,13,53.165,22.785,-53,18,,,,,18,53,,,,
9-5-13-13,T-9-5-13-13,T-9-5-13-13,117,87,9,5,13,13,53.165,21.7,-53,17,,,,,17,53,,,,
9-6-13-13,T-9-6-13-13,T-9-6-13-13,117,86,9,6,13,13,53.165,20.615,-53,16,,,,,16,53,,,,
1-7-13-13,T-1-7-13-13,T-1-7-13-13,109,85,1,7,13,13,44.485,19.53,-45,15,,,,,15,45,,,,
2-7-13-13,T-2-7-13-13,T-2-7-13-13,110,85,2,7,13,13,45.57,19.53,-46,15,,,,,15,46,,,,
3-7-13-13,T-3-7-13-13,T-3-7-13-13,111,85,3,7,13,13,46.655,19.53,-47,15,,,,,15,47,,,,
4-7-13-13,T-4-7-13-13,T-4-7-13-13,112,85,4,7,13,13,47.74,19.53,-48,15,,,,,15,48,,,,
5-7-13-13,T-5-7-13-13,T-5-7-13-13,113,85,5,7,13,13,48.825,19.53,-49,15,,,,,15,49,,,,
6-7-13-13,T-6-7-13-13,T-6-7-13-13,114,85,6,7,13,13,49.91,19.53,-50,15,,,,,15,50,,,,
7-7-13-13,T-7-7-13-13,T-7-7-13-13,115,85,7,7,13,13,50.995,19.53,-51,15,,,,,15,51,,,,
8-7-13-13,T-8-7-13-13,T-8-7-13-13,116,85,8,7,13,13,52.08,19.53,-52,15,,,,,15,52,,,,
9-7-13-13,T-9-7-13-13,T-9-7-13-13,117,85,9,7,13,13,53.165,19.53,-53,15,,,,,15,53,,,,
9-1-14-13,T-9-1-14-13,T-9-1-14-13,126,91,9,1,14,13,62.93,26.04,-62,21,,,,,21,62,,,,
9-2-14-13,T-9-2-14-13,T-9-2-14-13,126,90,9,2,14,13,62.93,24.955,-62,20,,,,,20,62,,,,
9-3-14-13,T-9-3-14-13,T-9-3-14-13,126,89,9,3,14,13,62.93,23.87,-62,19,,,,,19,62,,,,
9-4-14-13,T-9-4-14-13,T-9-4-14-13,126,88,9,4,14,13,62.93,22.785,-62,18,,,,,18,62,,,,
9-5-14-13,T-9-5-14-13,T-9-5-14-13,126,87,9,5,14,13,62.93,21.7,-62,17,,,,,17,62,,,,
9-6-14-13,T-9-6-14-13,T-9-6-14-13,126,86,9,6,14,13,62.93,20.615,-62,16,,,,,16,62,,,,
1-7-14-13,T-1-7-14-13,T-1-7-14-13,118,85,1,7,14,13,54.25,19.53,-54,15,,,,,15,54,,,,
2-7-14-13,T-2-7-14-13,T-2-7-14-13,119,85,2,7,14,13,55.335,19.53,-55,15,,,,,15,55,,,,
3-7-14-13,T-3-7-14-13,T-3-7-14-13,120,85,3,7,14,13,56.42,19.53,-56,15,,,,,15,56,,,,
4-7-14-13,T-4-7-14-13,T-4-7-14-13,121,85,4,7,14,13,57.505,19.53,-57,15,,,,,15,57,,,,
5-7-14-13,T-5-7-14-13,T-5-7-14-13,122,85,5,7,14,13,58.59,19.53,-58,15,,,,,15,58,,,,
6-7-14-13,T-6-7-14-13,T-6-7-14-13,123,85,6,7,14,13,59.675,19.53,-59,15,,,,,15,59,,,,
7-7-14-13,T-7-7-14-13,T-7-7-14-13,124,85,7,7,14,13,60.76,19.53,-60,15,,,,,15,60,,,,
8-7-14-13,T-8-7-14-13,T-8-7-14-13,125,85,8,7,14,13,61.845,19.53,-61,15,,,,,15,61,,,,
9-7-14-13,T-9-7-14-13,T-9-7-14-13,126,85,9,7,14,13,62.93,19.53,-62,15,,,,,15,62,,,,
9-1-2-12,T-9-1-2-12,T-9-1-2-12,18,84,9,1,2,12,-54.25,18.445,46,14,,,,,14,-46,,,,
9-2-2-12,T-9-2-2-12,T-9-2-2-12,18,83,9,2,2,12,-54.25,17.36,46,13,,,,,13,-46,,,,
9-3-2-12,T-9-3-2-12,T-9-3-2-12,18,82,9,3,2,12,-54.25,16.275,46,12,,,,,12,-46,,,,
9-4-2-12,T-9-4-2-12,T-9-4-2-12,18,81,9,4,2,12,-54.25,15.19,46,11,,,,,11,-46,,,,
9-5-2-12,T-9-5-2-12,T-9-5-2-12,18,80,9,5,2,12,-54.25,14.105,46,10,,,,,10,-46,,,,
9-6-2-12,T-9-6-2-12,T-9-6-2-12,18,79,9,6,2,12,-54.25,13.02,46,9,,,,,9,-46,,,,
1-7-2-12,T-1-7-2-12,T-1-7-2-12,10,78,1,7,2,12,-62.93,11.935,54,8,,,,,8,-54,,,,
2-7-2-12,T-2-7-2-12,T-2-7-2-12,11,78,2,7,2,12,-61.845,11.935,53,8,,,,,8,-53,,,,
3-7-2-12,T-3-7-2-12,T-3-7-2-12,12,78,3,7,2,12,-60.76,11.935,52,8,,,,,8,-52,,,,
4-7-2-12,T-4-7-2-12,T-4-7-2-12,13,78,4,7,2,12,-59.675,11.935,51,8,,,,,8,-51,,,,
5-7-2-12,T-5-7-2-12,T-5-7-2-12,14,78,5,7,2,12,-58.59,11.935,50,8,,,,,8,-50,,,,
6-7-2-12,T-6-7-2-12,T-6-7-2-12,15,78,6,7,2,12,-57.505,11.935,49,8,,,,,8,-49,,,,
7-7-2-12,T-7-7-2-12,T-7-7-2-12,16,78,7,7,2,12,-56.42,11.935,48,8,,,,,8,-48,,,,
8-7-2-12,T-8-7-2-12,T-8-7-2-12,17,78,8,7,2,12,-55.335,11.935,47,8,,,,,8,-47,,,,
9-7-2-12,T-9-7-2-12,T-9-7-2-12,18,78,9,7,2,12,-54.25,11.935,46,8,,,,,8,-46,,,,
9-1-3-12,T-9-1-3-12,T-9-1-3-12,27,84,9,1,3,12,-44.485,18.445,37,14,,,,,14,-37,,,,
9-2-3-12,T-9-2-3-12,T-9-2-3-12,27,83,9,2,3,12,-44.485,17.36,37,13,,,,,13,-37,,,,
9-3-3-12,T-9-3-3-12,T-9-3-3-12,27,82,9,3,3,12,-44.485,16.275,37,12,,,,,12,-37,,,,
9-4-3-12,T-9-4-3-12,T-9-4-3-12,27,81,9,4,3,12,-44.485,15.19,37,11,,,,,11,-37,,,,
9-5-3-12,T-9-5-3-12,T-9-5-3-12,27,80,9,5,3,12,-44.485,14.105,37,10,,,,,10,-37,,,,
9-6-3-12,T-9-6-3-12,T-9-6-3-12,27,79,9,6,3,12,-44.485,13.02,37,9,,,,,9,-37,,,,
1-7-3-12,T-1-7-3-12,T-1-7-3-12,19,78,1,7,3,12,-53.165,11.935,45,8,,,,,8,-45,,,,
2-7-3-12,T-2-7-3-12,T-2-7-3-12,20,78,2,7,3,12,-52.08,11.935,44,8,,,,,8,-44,,,,
3-7-3-12,T-3-7-3-12,T-3-7-3-12,21,78,3,7,3,12,-50.995,11.935,43,8,,,,,8,-43,,,,
4-7-3-12,T-4-7-3-12,T-4-7-3-12,22,78,4,7,3,12,-49.91,11.935,42,8,,,,,8,-42,,,,
5-7-3-12,T-5-7-3-12,T-5-7-3-12,23,78,5,7,3,12,-48.825,11.935,41,8,,,,,8,-41,,,,
6-7-3-12,T-6-7-3-12,T-6-7-3-12,24,78,6,7,3,12,-47.74,11.935,40,8,,,,,8,-40,,,,
7-7-3-12,T-7-7-3-12,T-7-7-3-12,25,78,7,7,3,12,-46.655,11.935,39,8,,,,,8,-39,,,,
8-7-3-12,T-8-7-3-12,T-8-7-3-12,26,78,8,7,3,12,-45.57,11.935,38,8,,,,,8,-38,,,,
9-7-3-12,T-9-7-3-12,T-9-7-3-12,27,78,9,7,3,12,-44.485,11.935,37,8,,,,,8,-37,,,,
9-1-4-12,T-9-1-4-12,T-9-1-4-12,36,84,9,1,4,12,-34.72,18.445,28,14,,,,,14,-28,,,,
9-2-4-12,T-9-2-4-12,T-9-2-4-12,36,83,9,2,4,12,-34.72,17.36,28,13,,,,,13,-28,,,,
9-3-4-12,T-9-3-4-12,T-9-3-4-12,36,82,9,3,4,12,-34.72,16.275,28,12,,,,,12,-28,,,,
9-4-4-12,T-9-4-4-12,T-9-4-4-12,36,81,9,4,4,12,-34.72,15.19,28,11,,,,,11,-28,,,,
9-5-4-12,T-9-5-4-12,T-9-5-4-12,36,80,9,5,4,12,-34.72,14.105,28,10,,,,,10,-28,,,,
9-6-4-12,T-9-6-4-12,T-9-6-4-12,36,79,9,6,4,12,-34.72,13.02,28,9,,,,,9,-28,,,,
1-7-4-12,T-1-7-4-12,T-1-7-4-12,28,78,1,7,4,12,-43.4,11.935,36,8,,,,,8,-36,,,,
2-7-4-12,T-2-7-4-12,T-2-7-4-12,29,78,2,7,4,12,-42.315,11.935,35,8,,,,,8,-35,,,,
3-7-4-12,T-3-7-4-12,T-3-7-4-12,30,78,3,7,4,12,-41.23,11.935,34,8,,,,,8,-34,,,,
4-7-4-12,T-4-7-4-12,T-4-7-4-12,31,78,4,7,4,12,-40.145,11.935,33,8,,,,,8,-33,,,,
5-7-4-12,T-5-7-4-12,T-5-7-4-12,32,78,5,7,4,12,-39.06,11.935,32,8,,,,,8,-32,,,,
6-7-4-12,T-6-7-4-12,T-6-7-4-12,33,78,6,7,4,12,-37.975,11.935,31,8,,,,,8,-31,,,,
7-7-4-12,T-7-7-4-12,T-7-7-4-12,34,78,7,7,4,12,-36.89,11.935,30,8,,,,,8,-30,,,,
8-7-4-12,T-8-7-4-12,T-8-7-4-12,35,78,8,7,4,12,-35.805,11.935,29,8,,,,,8,-29,,,,
9-7-4-12,T-9-7-4-12,T-9-7-4-12,36,78,9,7,4,12,-34.72,11.935,28,8,,,,,8,-28,,,,
9-1-5-12,T-9-1-5-12,T-9-1-5-12,45,84,9,1,5,12,-24.955,18.445,19,14,,,,,14,-19,,,,
9-2-5-12,T-9-2-5-12,T-9-2-5-12,45,83,9,2,5,12,-24.955,17.36,19,13,,,,,13,-19,,,,
9-3-5-12,T-9-3-5-12,T-9-3-5-12,45,82,9,3,5,12,-24.955,16.275,19,12,,,,,12,-19,,,,
9-4-5-12,T-9-4-5-12,T-9-4-5-12,45,81,9,4,5,12,-24.955,15.19,19,11,,,,,11,-19,,,,
9-5-5-12,T-9-5-5-12,T-9-5-5-12,45,80,9,5,5,12,-24.955,14.105,19,10,,,,,10,-19,,,,
9-6-5-12,T-9-6-5-12,T-9-6-5-12,45,79,9,6,5,12,-24.955,13.02,19,9,,,,,9,-19,,,,
1-7-5-12,T-1-7-5-12,T-1-7-5-12,37,78,1,7,5,12,-33.635,11.935,27,8,,,,,8,-27,,,,
2-7-5-12,T-2-7-5-12,T-2-7-5-12,38,78,2,7,5,12,-32.55,11.935,26,8,,,,,8,-26,,,,
3-7-5-12,T-3-7-5-12,T-3-7-5-12,39,78,3,7,5,12,-31.465,11.935,25,8,,,,,8,-25,,,,
4-7-5-12,T-4-7-5-12,T-4-7-5-12,40,78,4,7,5,12,-30.38,11.935,24,8,,,,,8,-24,,,,
5-7-5-12,T-5-7-5-12,T-5-7-5-12,41,78,5,7,5,12,-29.295,11.935,23,8,,,,,8,-23,,,,
6-7-5-12,T-6-7-5-12,T-6-7-5-12,42,78,6,7,5,12,-28.21,11.935,22,8,,,,,8,-22,,,,
7-7-5-12,T-7-7-5-12,T-7-7-5-12,43,78,7,7,5,12,-27.125,11.935,21,8,,,,,8,-21,,,,
8-7-5-12,T-8-7-5-12,T-8-7-5-12,44,78,8,7,5,12,-26.04,11.935,20,8,,,,,8,-20,,,,
9-7-5-12,T-9-7-5-12,T-9-7-5-12,45,78,9,7,5,12,-24.955,11.935,19,8,,,,,8,-19,,,,
9-1-6-12,T-9-1-6-12,T-9-1-6-12,54,84,9,1,6,12,-15.19,18.445,10,14,,,,,14,-10,,,,
9-2-6-12,T-9-2-6-12,T-9-2-6-12,54,83,9,2,6,12,-15.19,17.36,10,13,,,,,13,-10,,,,
9-3-6-12,T-9-3-6-12,T-9-3-6-12,54,82,9,3,6,12,-15.19,16.275,10,12,,,,,12,-10,,,,
9-4-6-12,T-9-4-6-12,T-9-4-6-12,54,81,9,4,6,12,-15.19,15.19,10,11,,,,,11,-10,,,,
9-5-6-12,T-9-5-6-12,T-9-5-6-12,54,80,9,5,6,12,-15.19,14.105,10,10,,,,,10,-10,,,,
9-6-6-12,T-9-6-6-12,T-9-6-6-12,54,79,9,6,6,12,-15.19,13.02,10,9,,,,,9,-10,,,,
1-7-6-12,T-1-7-6-12,T-1-7-6-12,46,78,1,7,6,12,-23.87,11.935,18,8,,,,,8,-18,,,,
2-7-6-12,T-2-7-6-12,T-2-7-6-12,47,78,2,7,6,12,-22.785,11.935,17,8,,,,,8,-17,,,,
3-7-6-12,T-3-7-6-12,T-3-7-6-12,48,78,3,7,6,12,-21.7,11.935,16,8,,,,,8,-16,,,,
4-7-6-12,T-4-7-6-12,T-4-7-6-12,49,78,4,7,6,12,-20.615,11.935,15,8,,,,,8,-15,,,,
5-7-6-12,T-5-7-6-12,T-5-7-6-12,50,78,5,7,6,12,-19.53,11.935,14,8,,,,,8,-14,,,,
6-7-6-12,T-6-7-6-12,T-6-7-6-12,51,78,6,7,6,12,-18.445,11.935,13,8,,,,,8,-13,,,,
7-7-6-12,T-7-7-6-12,T-7-7-6-12,52,78,7,7,6,12,-17.36,11.935,12,8,,,,,8,-12,,,,
8-7-6-12,T-8-7-6-12,T-8-7-6-12,53,78,8,7,6,12,-16.275,11.935,11,8,,,,,8,-11,,,,
9-7-6-12,T-9-7-6-12,T-9-7-6-12,54,78,9,7,6,12,-15.19,11.935,10,8,,,,,8,-10,,,,
9-1-7-12,T-9-1-7-12,T-9-1-7-12,63,84,9,1,7,12,-5.425,18.445,1,14,,,,,14,-1,,,,
9-2-7-12,T-9-2-7-12,T-9-2-7-12,63,83,9,2,7,12,-5.425,17.36,1,13,,,,,13,-1,,,,
9-3-7-12,T-9-3-7-12,T-9-3-7-12,63,82,9,3,7,12,-5.425,16.275,1,12,,,,,12,-1,,,,
9-4-7-12,T-9-4-7-12,T-9-4-7-12,63,81,9,4,7,12,-5.425,15.19,1,11,,,,,11,-1,,,,
9-5-7-12,T-9-5-7-12,T-9-5-7-12,63,80,9,5,7,12,-5.425,14.105,1,10,,,,,10,-1,,,,
9-6-7-12,T-9-6-7-12,T-9-6-7-12,63,79,9,6,7,12,-5.425,13.02,1,9,,,,,9,-1,,,,
1-7-7-12,T-1-7-7-12,T-1-7-7-12,55,78,1,7,7,12,-14.105,11.935,9,8,,,,,8,-9,,,,
2-7-7-12,T-2-7-7-12,T-2-7-7-12,56,78,2,7,7,12,-13.02,11.935,8,8,,,,,8,-8,,,,
3-7-7-12,T-3-7-7-12,T-3-7-7-12,57,78,3,7,7,12,-11.935,11.935,7,8,,,,,8,-7,,,,
4-7-7-12,T-4-7-7-12,T-4-7-7-12,58,78,4,7,7,12,-10.85,11.935,6,8,,,,,8,-6,,,,
5-7-7-12,T-5-7-7-12,T-5-7-7-12,59,78,5,7,7,12,-9.765,11.935,5,8,,,,,8,-5,,,,
6-7-7-12,T-6-7-7-12,T-6-7-7-12,60,78,6,7,7,12,-8.68,11.935,4,8,,,,,8,-4,,,,
7-7-7-12,T-7-7-7-12,T-7-7-7-12,61,78,7,7,7,12,-7.595,11.935,3,8,,,,,8,-3,,,,
8-7-7-12,T-8-7-7-12,T-8-7-7-12,62,78,8,7,7,12,-6.51,11.935,2,8,,,,,8,-2,,,,
9-7-7-12,T-9-7-7-12,T-9-7-7-12,63,78,9,7,7,12,-5.425,11.935,1,8,,,,,8,-1,,,,
9-1-8-12,T-9-1-8-12,T-9-1-8-12,72,84,9,1,8,12,4.34,18.445,-8,14,,,,,14,8,,,,
9-2-8-12,T-9-2-8-12,T-9-2-8-12,72,83,9,2,8,12,4.34,17.36,-8,13,,,,,13,8,,,,
9-3-8-12,T-9-3-8-12,T-9-3-8-12,72,82,9,3,8,12,4.34,16.275,-8,12,,,,,12,8,,,,
9-4-8-12,T-9-4-8-12,T-9-4-8-12,72,81,9,4,8,12,4.34,15.19,-8,11,,,,,11,8,,,,
9-5-8-12,T-9-5-8-12,T-9-5-8-12,72,80,9,5,8,12,4.34,14.105,-8,10,,,,,10,8,,,,
9-6-8-12,T-9-6-8-12,T-9-6-8-12,72,79,9,6,8,12,4.34,13.02,-8,9,,,,,9,8,,,,
1-7-8-12,T-1-7-8-12,T-1-7-8-12,64,78,1,7,8,12,-4.34,11.935,0,8,,,,,8,0,,,,
2-7-8-12,T-2-7-8-12,T-2-7-8-12,65,78,2,7,8,12,-3.255,11.935,-1,8,,,,,8,1,,,,
3-7-8-12,T-3-7-8-12,T-3-7-8-12,66,78,3,7,8,12,-2.17,11.935,-2,8,,,,,8,2,,,,
4-7-8-12,T-4-7-8-12,T-4-7-8-12,67,78,4,7,8,12,-1.085,11.935,-3,8,,,,,8,3,,,,
5-7-8-12,T-5-7-8-12,T-5-7-8-12,68,78,5,7,8,12,0,11.935,-4,8,,,,,8,4,,,,
6-7-8-12,T-6-7-8-12,T-6-7-8-12,69,78,6,7,8,12,1.085,11.935,-5,8,,,,,8,5,,,,
7-7-8-12,T-7-7-8-12,T-7-7-8-12,70,78,7,7,8,12,2.17,11.935,-6,8,,,,,8,6,,,,
8-7-8-12,T-8-7-8-12,T-8-7-8-12,71,78,8,7,8,12,3.255,11.935,-7,8,,,,,8,7,,,,
9-7-8-12,T-9-7-8-12,T-9-7-8-12,72,78,9,7,8,12,4.34,11.935,-8,8,,,,,8,8,,,,
9-1-9-12,T-9-1-9-12,T-9-1-9-12,81,84,9,1,9,12,14.105,18.445,-17,14,,,,,14,17,,,,
9-2-9-12,T-9-2-9-12,T-9-2-9-12,81,83,9,2,9,12,14.105,17.36,-17,13,,,,,13,17,,,,
9-3-9-12,T-9-3-9-12,T-9-3-9-12,81,82,9,3,9,12,14.105,16.275,-17,12,,,,,12,17,,,,
9-4-9-12,T-9-4-9-12,T-9-4-9-12,81,81,9,4,9,12,14.105,15.19,-17,11,,,,,11,17,,,,
9-5-9-12,T-9-5-9-12,T-9-5-9-12,81,80,9,5,9,12,14.105,14.105,-17,10,,,,,10,17,,,,
9-6-9-12,T-9-6-9-12,T-9-6-9-12,81,79,9,6,9,12,14.105,13.02,-17,9,,,,,9,17,,,,
1-7-9-12,T-1-7-9-12,T-1-7-9-12,73,78,1,7,9,12,5.425,11.935,-9,8,,,,,8,9,,,,
2-7-9-12,T-2-7-9-12,T-2-7-9-12,74,78,2,7,9,12,6.51,11.935,-10,8,,,,,8,10,,,,
3-7-9-12,T-3-7-9-12,T-3-7-9-12,75,78,3,7,9,12,7.595,11.935,-11,8,,,,,8,11,,,,
4-7-9-12,T-4-7-9-12,T-4-7-9-12,76,78,4,7,9,12,8.68,11.935,-12,8,,,,,8,12,,,,
5-7-9-12,T-5-7-9-12,T-5-7-9-12,77,78,5,7,9,12,9.765,11.935,-13,8,,,,,8,13,,,,
6-7-9-12,T-6-7-9-12,T-6-7-9-12,78,78,6,7,9,12,10.85,11.935,-14,8,,,,,8,14,,,,
7-7-9-12,T-7-7-9-12,T-7-7-9-12,79,78,7,7,9,12,11.935,11.935,-15,8,,,,,8,15,,,,
8-7-9-12,T-8-7-9-12,T-8-7-9-12,80,78,8,7,9,12,13.02,11.935,-16,8,,,,,8,16,,,,
9-7-9-12,T-9-7-9-12,T-9-7-9-12,81,78,9,7,9,12,14.105,11.935,-17,8,,,,,8,17,,,,
9-1-10-12,T-9-1-10-12,T-9-1-10-12,90,84,9,1,10,12,23.87,18.445,-26,14,,,,,14,26,,,,
9-2-10-12,T-9-2-10-12,T-9-2-10-12,90,83,9,2,10,12,23.87,17.36,-26,13,,,,,13,26,,,,
9-3-10-12,T-9-3-10-12,T-9-3-10-12,90,82,9,3,10,12,23.87,16.275,-26,12,,,,,12,26,,,,
9-4-10-12,T-9-4-10-12,T-9-4-10-12,90,81,9,4,10,12,23.87,15.19,-26,11,,,,,11,26,,,,
9-5-10-12,T-9-5-10-12,T-9-5-10-12,90,80,9,5,10,12,23.87,14.105,-26,10,,,,,10,26,,,,
9-6-10-12,T-9-6-10-12,T-9-6-10-12,90,79,9,6,10,12,23.87,13.02,-26,9,,,,,9,26,,,,
1-7-10-12,T-1-7-10-12,T-1-7-10-12,82,78,1,7,10,12,15.19,11.935,-18,8,,,,,8,18,,,,
2-7-10-12,T-2-7-10-12,T-2-7-10-12,83,78,2,7,10,12,16.275,11.935,-19,8,,,,,8,19,,,,
3-7-10-12,T-3-7-10-12,T-3-7-10-12,84,78,3,7,10,12,17.36,11.935,-20,8,,,,,8,20,,,,
4-7-10-12,T-4-7-10-12,T-4-7-10-12,85,78,4,7,10,12,18.445,11.935,-21,8,,,,,8,21,,,,
5-7-10-12,T-5-7-10-12,T-5-7-10-12,86,78,5,7,10,12,19.53,11.935,-22,8,,,,,8,22,,,,
6-7-10-12,T-6-7-10-12,T-6-7-10-12,87,78,6,7,10,12,20.615,11.935,-23,8,,,,,8,23,,,,
7-7-10-12,T-7-7-10-12,T-7-7-10-12,88,78,7,7,10,12,21.7,11.935,-24,8,,,,,8,24,,,,
8-7-10-12,T-8-7-10-12,T-8-7-10-12,89,78,8,7,10,12,22.785,11.935,-25,8,,,,,8,25,,,,
9-7-10-12,T-9-7-10-12,T-9-7-10-12,90,78,9,7,10,12,23.87,11.935,-26,8,,,,,8,26,,,,
9-1-11-12,T-9-1-11-12,T-9-1-11-12,99,84,9,1,11,12,33.635,18.445,-35,14,,,,,14,35,,,,
9-2-11-12,T-9-2-11-12,T-9-2-11-12,99,83,9,2,11,12,33.635,17.36,-35,13,,,,,13,35,,,,
9-3-11-12,T-9-3-11-12,T-9-3-11-12,99,82,9,3,11,12,33.635,16.275,-35,12,,,,,12,35,,,,
9-4-11-12,T-9-4-11-12,T-9-4-11-12,99,81,9,4,11,12,33.635,15.19,-35,11,,,,,11,35,,,,
9-5-11-12,T-9-5-11-12,T-9-5-11-12,99,80,9,5,11,12,33.635,14.105,-35,10,,,,,10,35,,,,
9-6-11-12,T-9-6-11-12,T-9-6-11-12,99,79,9,6,11,12,33.635,13.02,-35,9,,,,,9,35,,,,
1-7-11-12,T-1-7-11-12,T-1-7-11-12,91,78,1,7,11,12,24.955,11.935,-27,8,,,,,8,27,,,,
2-7-11-12,T-2-7-11-12,T-2-7-11-12,92,78,2,7,11,12,26.04,11.935,-28,8,,,,,8,28,,,,
3-7-11-12,T-3-7-11-12,T-3-7-11-12,93,78,3,7,11,12,27.125,11.935,-29,8,,,,,8,29,,,,
4-7-11-12,T-4-7-11-12,T-4-7-11-12,94,78,4,7,11,12,28.21,11.935,-30,8,,,,,8,30,,,,
5-7-11-12,T-5-7-11-12,T-5-7-11-12,95,78,5,7,11,12,29.295,11.935,-31,8,,,,,8,31,,,,
6-7-11-12,T-6-7-11-12,T-6-7-11-12,96,78,6,7,11,12,30.38,11.935,-32,8,,,,,8,32,,,,
7-7-11-12,T-7-7-11-12,T-7-7-11-12,97,78,7,7,11,12,31.465,11.935,-33,8,,,,,8,33,,,,
8-7-11-12,T-8-7-11-12,T-8-7-11-12,98,78,8,7,11,12,32.55,11.935,-34,8,,,,,8,34,,,,
9-7-11-12,T-9-7-11-12,T-9-7-11-12,99,78,9,7,11,12,33.635,11.935,-35,8,,,,,8,35,,,,
9-1-12-12,T-9-1-12-12,T-9-1-12-12,108,84,9,1,12,12,43.4,18.445,-44,14,,,,,14,44,,,,
9-2-12-12,T-9-2-12-12,T-9-2-12-12,108,83,9,2,12,12,43.4,17.36,-44,13,,,,,13,44,,,,
9-3-12-12,T-9-3-12-12,T-9-3-12-12,108,82,9,3,12,12,43.4,16.275,-44,12,,,,,12,44,,,,
9-4-12-12,T-9-4-12-12,T-9-4-12-12,108,81,9,4,12,12,43.4,15.19,-44,11,,,,,11,44,,,,
9-5-12-12,T-9-5-12-12,T-9-5-12-12,108,80,9,5,12,12,43.4,14.105,-44,10,,,,,10,44,,,,
9-6-12-12,T-9-6-12-12,T-9-6-12-12,108,79,9,6,12,12,43.4,13.02,-44,9,,,,,9,44,,,,
1-7-12-12,T-1-7-12-12,T-1-7-12-12,100,78,1,7,12,12,34.72,11.935,-36,8,,,,,8,36,,,,
2-7-12-12,T-2-7-12-12,T-2-7-12-12,101,78,2,7,12,12,35.805,11.935,-37,8,,,,,8,37,,,,
3-7-12-12,T-3-7-12-12,T-3-7-12-12,102,78,3,7,12,12,36.89,11.935,-38,8,,,,,8,38,,,,
4-7-12-12,T-4-7-12-12,T-4-7-12-12,103,78,4,7,12,12,37.975,11.935,-39,8,,,,,8,39,,,,
5-7-12-12,T-5-7-12-12,T-5-7-12-12,104,78,5,7,12,12,39.06,11.935,-40,8,,,,,8,40,,,,
6-7-12-12,T-6-7-12-12,T-6-7-12-12,105,78,6,7,12,12,40.145,11.935,-41,8,,,,,8,41,,,,
7-7-12-12,T-7-7-12-12,T-7-7-12-12,106,78,7,7,12,12,41.23,11.935,-42,8,,,,,8,42,,,,
8-7-12-12,T-8-7-12-12,T-8-7-12-12,107,78,8,7,12,12,42.315,11.935,-43,8,,,,,8,43,,,,
9-7-12-12,T-9-7-12-12,T-9-7-12-12,108,78,9,7,12,12,43.4,11.935,-44,8,,,,,8,44,,,,
9-1-13-12,T-9-1-13-12,T-9-1-13-12,117,84,9,1,13,12,53.165,18.445,-53,14,,,,,14,53,,,,
9-2-13-12,T-9-2-13-12,T-9-2-13-12,117,83,9,2,13,12,53.165,17.36,-53,13,,,,,13,53,,,,
9-3-13-12,T-9-3-13-12,T-9-3-13-12,117,82,9,3,13,12,53.165,16.275,-53,12,,,,,12,53,,,,
9-4-13-12,T-9-4-13-12,T-9-4-13-12,117,81,9,4,13,12,53.165,15.19,-53,11,,,,,11,53,,,,
9-5-13-12,T-9-5-13-12,T-9-5-13-12,117,80,9,5,13,12,53.165,14.105,-53,10,,,,,10,53,,,,
9-6-13-12,T-9-6-13-12,T-9-6-13-12,117,79,9,6,13,12,53.165,13.02,-53,9,,,,,9,53,,,,
1-7-13-12,T-1-7-13-12,T-1-7-13-12,109,78,1,7,13,12,44.485,11.935,-45,8,,,,,8,45,,,,
2-7-13-12,T-2-7-13-12,T-2-7-13-12,110,78,2,7,13,12,45.57,11.935,-46,8,,,,,8,46,,,,
3-7-13-12,T-3-7-13-12,T-3-7-13-12,111,78,3,7,13,12,46.655,11.935,-47,8,,,,,8,47,,,,
4-7-13-12,T-4-7-13-12,T-4-7-13-12,112,78,4,7,13,12,47.74,11.935,-48,8,,,,,8,48,,,,
5-7-13-12,T-5-7-13-12,T-5-7-13-12,113,78,5,7,13,12,48.825,11.935,-49,8,,,,,8,49,,,,
6-7-13-12,T-6-7-13-12,T-6-7-13-12,114,78,6,7,13,12,49.91,11.935,-50,8,,,,,8,50,,,,
7-7-13-12,T-7-7-13-12,T-7-7-13-12,115,78,7,7,13,12,50.995,11.935,-51,8,,,,,8,51,,,,
8-7-13-12,T-8-7-13-12,T-8-7-13-12,116,78,8,7,13,12,52.08,11.935,-52,8,,,,,8,52,,,,
9-7-13-12,T-9-7-13-12,T-9-7-13-12,117,78,9,7,13,12,53.165,11.935,-53,8,,,,,8,53,,,,
9-1-14-12,T-9-1-14-12,T-9-1-14-12,126,84,9,1,14,12,62.93,18.445,-62,14,,,,,14,62,,,,
9-2-14-12,T-9-2-14-12,T-9-2-14-12,126,83,9,2,14,12,62.93,17.36,-62,13,,,,,13,62,,,,
9-3-14-12,T-9-3-14-12,T-9-3-14-12,126,82,9,3,14,12,62.93,16.275,-62,12,,,,,12,62,,,,
9-4-14-12,T-9-4-14-12,T-9-4-14-12,126,81,9,4,14,12,62.93,15.19,-62,11,,,,,11,62,,,,
9-5-14-12,T-9-5-14-12,T-9-5-14-12,126,80,9,5,14,12,62.93,14.105,-62,10,,,,,10,62,,,,
9-6-14-12,T-9-6-14-12,T-9-6-14-12,126,79,9,6,14,12,62.93,13.02,-62,9,,,,,9,62,,,,
1-7-14-12,T-1-7-14-12,T-1-7-14-12,118,78,1,7,14,12,54.25,11.935,-54,8,,,,,8,54,,,,
2-7-14-12,T-2-7-14-12,T-2-7-14-12,119,78,2,7,14,12,55.335,11.935,-55,8,,,,,8,55,,,,
3-7-14-12,T-3-7-14-12,T-3-7-14-12,120,78,3,7,14,12,56.42,11.935,-56,8,,,,,8,56,,,,
4-7-14-12,T-4-7-14-12,T-4-7-14-12,121,78,4,7,14,12,57.505,11.935,-57,8,,,,,8,57,,,,
5-7-14-12,T-5-7-14-12,T-5-7-14-12,122,78,5,7,14,12,58.59,11.935,-58,8,,,,,8,58,,,,
6-7-14-12,T-6-7-14-12,T-6-7-14-12,123,78,6,7,14,12,59.675,11.935,-59,8,,,,,8,59,,,,
7-7-14-12,T-7-7-14-12,T-7-7-14-12,124,78,7,7,14,12,60.76,11.935,-60,8,,,,,8,60,,,,
8-7-14-12,T-8-7-14-12,T-8-7-14-12,125,78,8,7,14,12,61.845,11.935,-61,8,,,,,8,61,,,,
9-7-14-12,T-9-7-14-12,T-9-7-14-12,126,78,9,7,14,12,62.93,11.935,-62,8,,,,,8,62,,,,
9-1-1-11,T-9-1-1-11,T-9-1-1-11,9,77,9,1,1,11,-64.015,10.85,55,7,,,,,7,-55,,,,
9-2-1-11,T-9-2-1-11,T-9-2-1-11,9,76,9,2,1,11,-64.015,9.765,55,6,,,,,6,-55,,,,
9-3-1-11,T-9-3-1-11,T-9-3-1-11,9,75,9,3,1,11,-64.015,8.68,55,5,,,,,5,-55,,,,
9-4-1-11,T-9-4-1-11,T-9-4-1-11,9,74,9,4,1,11,-64.015,7.595,55,4,,,,,4,-55,,,,
9-5-1-11,T-9-5-1-11,T-9-5-1-11,9,73,9,5,1,11,-64.015,6.51,55,3,,,,,3,-55,,,,
9-6-1-11,T-9-6-1-11,T-9-6-1-11,9,72,9,6,1,11,-64.015,5.425,55,2,,,,,2,-55,,,,
1-7-1-11,T-1-7-1-11,T-1-7-1-11,1,71,1,7,1,11,-72.695,4.34,63,1,,,,,1,-63,,,,
2-7-1-11,T-2-7-1-11,T-2-7-1-11,2,71,2,7,1,11,-71.61,4.34,62,1,,,,,1,-62,,,,
3-7-1-11,T-3-7-1-11,T-3-7-1-11,3,71,3,7,1,11,-70.525,4.34,61,1,,,,,1,-61,,,,
4-7-1-11,T-4-7-1-11,T-4-7-1-11,4,71,4,7,1,11,-69.44,4.34,60,1,,,,,1,-60,,,,
5-7-1-11,T-5-7-1-11,T-5-7-1-11,5,71,5,7,1,11,-68.355,4.34,59,1,,,,,1,-59,,,,
6-7-1-11,T-6-7-1-11,T-6-7-1-11,6,71,6,7,1,11,-67.27,4.34,58,1,,,,,1,-58,,,,
7-7-1-11,T-7-7-1-11,T-7-7-1-11,7,71,7,7,1,11,-66.185,4.34,57,1,,,,,1,-57,,,,
8-7-1-11,T-8-7-1-11,T-8-7-1-11,8,71,8,7,1,11,-65.1,4.34,56,1,,,,,1,-56,,,,
9-7-1-11,T-9-7-1-11,T-9-7-1-11,9,71,9,7,1,11,-64.015,4.34,55,1,,,,,1,-55,,,,
9-1-2-11,T-9-1-2-11,T-9-1-2-11,18,77,9,1,2,11,-54.25,10.85,46,7,,,,,7,-46,,,,
9-2-2-11,T-9-2-2-11,T-9-2-2-11,18,76,9,2,2,11,-54.25,9.765,46,6,,,,,6,-46,,,,
9-3-2-11,T-9-3-2-11,T-9-3-2-11,18,75,9,3,2,11,-54.25,8.68,46,5,,,,,5,-46,,,,
9-4-2-11,T-9-4-2-11,T-9-4-2-11,18,74,9,4,2,11,-54.25,7.595,46,4,,,,,4,-46,,,,
9-5-2-11,T-9-5-2-11,T-9-5-2-11,18,73,9,5,2,11,-54.25,6.51,46,3,,,,,3,-46,,,,
9-6-2-11,T-9-6-2-11,T-9-6-2-11,18,72,9,6,2,11,-54.25,5.425,46,2,,,,,2,-46,,,,
1-7-2-11,T-1-7-2-11,T-1-7-2-11,10,71,1,7,2,11,-62.93,4.34,54,1,,,,,1,-54,,,,
2-7-2-11,T-2-7-2-11,T-2-7-2-11,11,71,2,7,2,11,-61.845,4.34,53,1,,,,,1,-53,,,,
3-7-2-11,T-3-7-2-11,T-3-7-2-11,12,71,3,7,2,11,-60.76,4.34,52,1,,,,,1,-52,,,,
4-7-2-11,T-4-7-2-11,T-4-7-2-11,13,71,4,7,2,11,-59.675,4.34,51,1,,,,,1,-51,,,,
5-7-2-11,T-5-7-2-11,T-5-7-2-11,14,71,5,7,2,11,-58.59,4.34,50,1,,,,,1,-50,,,,
6-7-2-11,T-6-7-2-11,T-6-7-2-11,15,71,6,7,2,11,-57.505,4.34,49,1,,,,,1,-49,,,,
7-7-2-11,T-7-7-2-11,T-7-7-2-11,16,71,7,7,2,11,-56.42,4.34,48,1,,,,,1,-48,,,,
8-7-2-11,T-8-7-2-11,T-8-7-2-11,17,71,8,7,2,11,-55.335,4.34,47,1,,,,,1,-47,,,,
9-7-2-11,T-9-7-2-11,T-9-7-2-11,18,71,9,7,2,11,-54.25,4.34,46,1,,,,,1,-46,,,,
9-1-3-11,T-9-1-3-11,T-9-1-3-11,27,77,9,1,3,11,-44.485,10.85,37,7,,,,,7,-37,,,,
9-2-3-11,T-9-2-3-11,T-9-2-3-11,27,76,9,2,3,11,-44.485,9.765,37,6,,,,,6,-37,,,,
9-3-3-11,T-9-3-3-11,T-9-3-3-11,27,75,9,3,3,11,-44.485,8.68,37,5,,,,,5,-37,,,,
9-4-3-11,T-9-4-3-11,T-9-4-3-11,27,74,9,4,3,11,-44.485,7.595,37,4,,,,,4,-37,,,,
9-5-3-11,T-9-5-3-11,T-9-5-3-11,27,73,9,5,3,11,-44.485,6.51,37,3,,,,,3,-37,,,,
9-6-3-11,T-9-6-3-11,T-9-6-3-11,27,72,9,6,3,11,-44.485,5.425,37,2,,,,,2,-37,,,,
1-7-3-11,T-1-7-3-11,T-1-7-3-11,19,71,1,7,3,11,-53.165,4.34,45,1,,,,,1,-45,,,,
2-7-3-11,T-2-7-3-11,T-2-7-3-11,20,71,2,7,3,11,-52.08,4.34,44,1,,,,,1,-44,,,,
3-7-3-11,T-3-7-3-11,T-3-7-3-11,21,71,3,7,3,11,-50.995,4.34,43,1,,,,,1,-43,,,,
4-7-3-11,T-4-7-3-11,T-4-7-3-11,22,71,4,7,3,11,-49.91,4.34,42,1,,,,,1,-42,,,,
5-7-3-11,T-5-7-3-11,T-5-7-3-11,23,71,5,7,3,11,-48.825,4.34,41,1,,,,,1,-41,,,,
6-7-3-11,T-6-7-3-11,T-6-7-3-11,24,71,6,7,3,11,-47.74,4.34,40,1,,,,,1,-40,,,,
7-7-3-11,T-7-7-3-11,T-7-7-3-11,25,71,7,7,3,11,-46.655,4.34,39,1,,,,,1,-39,,,,
8-7-3-11,T-8-7-3-11,T-8-7-3-11,26,71,8,7,3,11,-45.57,4.34,38,1,,,,,1,-38,,,,
9-7-3-11,T-9-7-3-11,T-9-7-3-11,27,71,9,7,3,11,-44.485,4.34,37,1,,,,,1,-37,,,,
9-1-4-11,T-9-1-4-11,T-9-1-4-11,36,77,9,1,4,11,-34.72,10.85,28,7,,,,,7,-28,,,,
9-2-4-11,T-9-2-4-11,T-9-2-4-11,36,76,9,2,4,11,-34.72,9.765,28,6,,,,,6,-28,,,,
9-3-4-11,T-9-3-4-11,T-9-3-4-11,36,75,9,3,4,11,-34.72,8.68,28,5,,,,,5,-28,,,,
9-4-4-11,T-9-4-4-11,T-9-4-4-11,36,74,9,4,4,11,-34.72,7.595,28,4,,,,,4,-28,,,,
9-5-4-11,T-9-5-4-11,T-9-5-4-11,36,73,9,5,4,11,-34.72,6.51,28,3,,,,,3,-28,,,,
9-6-4-11,T-9-6-4-11,T-9-6-4-11,36,72,9,6,4,11,-34.72,5.425,28,2,,,,,2,-28,,,,
1-7-4-11,T-1-7-4-11,T-1-7-4-11,28,71,1,7,4,11,-43.4,4.34,36,1,,,,,1,-36,,,,
2-7-4-11,T-2-7-4-11,T-2-7-4-11,29,71,2,7,4,11,-42.315,4.34,35,1,,,,,1,-35,,,,
3-7-4-11,T-3-7-4-11,T-3-7-4-11,30,71,3,7,4,11,-41.23,4.34,34,1,,,,,1,-34,,,,
4-7-4-11,T-4-7-4-11,T-4-7-4-11,31,71,4,7,4,11,-40.145,4.34,33,1,,,,,1,-33,,,,
5-7-4-11,T-5-7-4-11,T-5-7-4-11,32,71,5,7,4,11,-39.06,4.34,32,1,,,,,1,-32,,,,
6-7-4-11,T-6-7-4-11,T-6-7-4-11,33,71,6,7,4,11,-37.975,4.34,31,1,,,,,1,-31,,,,
7-7-4-11,T-7-7-4-11,T-7-7-4-11,34,71,7,7,4,11,-36.89,4.34,30,1,,,,,1,-30,,,,
8-7-4-11,T-8-7-4-11,T-8-7-4-11,35,71,8,7,4,11,-35.805,4.34,29,1,,,,,1,-29,,,,
9-7-4-11,T-9-7-4-11,T-9-7-4-11,36,71,9,7,4,11,-34.72,4.34,28,1,,,,,1,-28,,,,
9-1-5-11,T-9-1-5-11,T-9-1-5-11,45,77,9,1,5,11,-24.955,10.85,19,7,,,,,7,-19,,,,
9-2-5-11,T-9-2-5-11,T-9-2-5-11,45,76,9,2,5,11,-24.955,9.765,19,6,,,,,6,-19,,,,
9-3-5-11,T-9-3-5-11,T-9-3-5-11,45,75,9,3,5,11,-24.955,8.68,19,5,,,,,5,-19,,,,
9-4-5-11,T-9-4-5-11,T-9-4-5-11,45,74,9,4,5,11,-24.955,7.595,19,4,,,,,4,-19,,,,
9-5-5-11,T-9-5-5-11,T-9-5-5-11,45,73,9,5,5,11,-24.955,6.51,19,3,,,,,3,-19,,,,
9-6-5-11,T-9-6-5-11,T-9-6-5-11,45,72,9,6,5,11,-24.955,5.425,19,2,,,,,2,-19,,,,
1-7-5-11,T-1-7-5-11,T-1-7-5-11,37,71,1,7,5,11,-33.635,4.34,27,1,,,,,1,-27,,,,
2-7-5-11,T-2-7-5-11,T-2-7-5-11,38,71,2,7,5,11,-32.55,4.34,26,1,,,,,1,-26,,,,
3-7-5-11,T-3-7-5-11,T-3-7-5-11,39,71,3,7,5,11,-31.465,4.34,25,1,,,,,1,-25,,,,
4-7-5-11,T-4-7-5-11,T-4-7-5-11,40,71,4,7,5,11,-30.38,4.34,24,1,,,,,1,-24,,,,
5-7-5-11,T-5-7-5-11,T-5-7-5-11,41,71,5,7,5,11,-29.295,4.34,23,1,,,,,1,-23,,,,
6-7-5-11,T-6-7-5-11,T-6-7-5-11,42,71,6,7,5,11,-28.21,4.34,22,1,,,,,1,-22,,,,
7-7-5-11,T-7-7-5-11,T-7-7-5-11,43,71,7,7,5,11,-27.125,4.34,21,1,,,,,1,-21,,,,
8-7-5-11,T-8-7-5-11,T-8-7-5-11,44,71,8,7,5,11,-26.04,4.34,20,1,,,,,1,-20,,,,
9-7-5-11,T-9-7-5-11,T-9-7-5-11,45,71,9,7,5,11,-24.955,4.34,19,1,,,,,1,-19,,,,
9-1-6-11,T-9-1-6-11,T-9-1-6-11,54,77,9,1,6,11,-15.19,10.85,10,7,,,,,7,-10,,,,
9-2-6-11,T-9-2-6-11,T-9-2-6-11,54,76,9,2,6,11,-15.19,9.765,10,6,,,,,6,-10,,,,
9-3-6-11,T-9-3-6-11,T-9-3-6-11,54,75,9,3,6,11,-15.19,8.68,10,5,,,,,5,-10,,,,
9-4-6-11,T-9-4-6-11,T-9-4-6-11,54,74,9,4,6,11,-15.19,7.595,10,4,,,,,4,-10,,,,
9-5-6-11,T-9-5-6-11,T-9-5-6-11,54,73,9,5,6,11,-15.19,6.51,10,3,,,,,3,-10,,,,
9-6-6-11,T-9-6-6-11,T-9-6-6-11,54,72,9,6,6,11,-15.19,5.425,10,2,,,,,2,-10,,,,
1-7-6-11,T-1-7-6-11,T-1-7-6-11,46,71,1,7,6,11,-23.87,4.34,18,1,,,,,1,-18,,,,
2-7-6-11,T-2-7-6-11,T-2-7-6-11,47,71,2,7,6,11,-22.785,4.34,17,1,,,,,1,-17,,,,
3-7-6-11,T-3-7-6-11,T-3-7-6-11,48,71,3,7,6,11,-21.7,4.34,16,1,,,,,1,-16,,,,
4-7-6-11,T-4-7-6-11,T-4-7-6-11,49,71,4,7,6,11,-20.615,4.34,15,1,,,,,1,-15,,,,
5-7-6-11,T-5-7-6-11,T-5-7-6-11,50,71,5,7,6,11,-19.53,4.34,14,1,,,,,1,-14,,,,
6-7-6-11,T-6-7-6-11,T-6-7-6-11,51,71,6,7,6,11,-18.445,4.34,13,1,,,,,1,-13,,,,
7-7-6-11,T-7-7-6-11,T-7-7-6-11,52,71,7,7,6,11,-17.36,4.34,12,1,,,,,1,-12,,,,
8-7-6-11,T-8-7-6-11,T-8-7-6-11,53,71,8,7,6,11,-16.275,4.34,11,1,,,,,1,-11,,,,
9-7-6-11,T-9-7-6-11,T-9-7-6-11,54,71,9,7,6,11,-15.19,4.34,10,1,,,,,1,-10,,,,
9-1-7-11,T-9-1-7-11,T-9-1-7-11,63,77,9,1,7,11,-5.425,10.85,1,7,,,,,7,-1,,,,
9-2-7-11,T-9-2-7-11,T-9-2-7-11,63,76,9,2,7,11,-5.425,9.765,1,6,,,,,6,-1,,,,
9-3-7-11,T-9-3-7-11,T-9-3-7-11,63,75,9,3,7,11,-5.425,8.68,1,5,,,,,5,-1,,,,
9-4-7-11,T-9-4-7-11,T-9-4-7-11,63,74,9,4,7,11,-5.425,7.595,1,4,,,,,4,-1,,,,
9-5-7-11,T-9-5-7-11,T-9-5-7-11,63,73,9,5,7,11,-5.425,6.51,1,3,,,,,3,-1,,,,
9-6-7-11,T-9-6-7-11,T-9-6-7-11,63,72,9,6,7,11,-5.425,5.425,1,2,,,,,2,-1,,,,
1-7-7-11,T-1-7-7-11,T-1-7-7-11,55,71,1,7,7,11,-14.105,4.34,9,1,,,,,1,-9,,,,
2-7-7-11,T-2-7-7-11,T-2-7-7-11,56,71,2,7,7,11,-13.02,4.34,8,1,,,,,1,-8,,,,
3-7-7-11,T-3-7-7-11,T-3-7-7-11,57,71,3,7,7,11,-11.935,4.34,7,1,,,,,1,-7,,,,
4-7-7-11,T-4-7-7-11,T-4-7-7-11,58,71,4,7,7,11,-10.85,4.34,6,1,,,,,1,-6,,,,
5-7-7-11,T-5-7-7-11,T-5-7-7-11,59,71,5,7,7,11,-9.765,4.34,5,1,,,,,1,-5,,,,
6-7-7-11,T-6-7-7-11,T-6-7-7-11,60,71,6,7,7,11,-8.68,4.34,4,1,,,,,1,-4,,,,
7-7-7-11,T-7-7-7-11,T-7-7-7-11,61,71,7,7,7,11,-7.595,4.34,3,1,,,,,1,-3,,,,
8-7-7-11,T-8-7-7-11,T-8-7-7-11,62,71,8,7,7,11,-6.51,4.34,2,1,,,,,1,-2,,,,
9-7-7-11,T-9-7-7-11,T-9-7-7-11,63,71,9,7,7,11,-5.425,4.34,1,1,,,,,1,-1,,,,
9-1-8-11,T-9-1-8-11,T-9-1-8-11,72,77,9,1,8,11,4.34,10.85,-8,7,,,,,7,8,,,,
9-2-8-11,T-9-2-8-11,T-9-2-8-11,72,76,9,2,8,11,4.34,9.765,-8,6,,,,,6,8,,,,
9-3-8-11,T-9-3-8-11,T-9-3-8-11,72,75,9,3,8,11,4.34,8.68,-8,5,,,,,5,8,,,,
9-4-8-11,T-9-4-8-11,T-9-4-8-11,72,74,9,4,8,11,4.34,7.595,-8,4,,,,,4,8,,,,
9-5-8-11,T-9-5-8-11,T-9-5-8-11,72,73,9,5,8,11,4.34,6.51,-8,3,,,,,3,8,,,,
9-6-8-11,T-9-6-8-11,T-9-6-8-11,72,72,9,6,8,11,4.34,5.425,-8,2,,,,,2,8,,,,
1-7-8-11,T-1-7-8-11,T-1-7-8-11,64,71,1,7,8,11,-4.34,4.34,0,1,,,,,1,0,,,,
2-7-8-11,T-2-7-8-11,T-2-7-8-11,65,71,2,7,8,11,-3.255,4.34,-1,1,,,,,1,1,,,,
3-7-8-11,T-3-7-8-11,T-3-7-8-11,66,71,3,7,8,11,-2.17,4.34,-2,1,,,,,1,2,,,,
4-7-8-11,T-4-7-8-11,T-4-7-8-11,67,71,4,7,8,11,-1.085,4.34,-3,1,,,,,1,3,,,,
5-7-8-11,T-5-7-8-11,T-5-7-8-11,68,71,5,7,8,11,0,4.34,-4,1,,,,,1,4,,,,
6-7-8-11,T-6-7-8-11,T-6-7-8-11,69,71,6,7,8,11,1.085,4.34,-5,1,,,,,1,5,,,,
7-7-8-11,T-7-7-8-11,T-7-7-8-11,70,71,7,7,8,11,2.17,4.34,-6,1,,,,,1,6,,,,
8-7-8-11,T-8-7-8-11,T-8-7-8-11,71,71,8,7,8,11,3.255,4.34,-7,1,,,,,1,7,,,,
9-7-8-11,T-9-7-8-11,T-9-7-8-11,72,71,9,7,8,11,4.34,4.34,-8,1,,,,,1,8,,,,
9-1-9-11,T-9-1-9-11,T-9-1-9-11,81,77,9,1,9,11,14.105,10.85,-17,7,,,,,7,17,,,,
9-2-9-11,T-9-2-9-11,T-9-2-9-11,81,76,9,2,9,11,14.105,9.765,-17,6,,,,,6,17,,,,
9-3-9-11,T-9-3-9-11,T-9-3-9-11,81,75,9,3,9,11,14.105,8.68,-17,5,,,,,5,17,,,,
9-4-9-11,T-9-4-9-11,T-9-4-9-11,81,74,9,4,9,11,14.105,7.595,-17,4,,,,,4,17,,,,
9-5-9-11,T-9-5-9-11,T-9-5-9-11,81,73,9,5,9,11,14.105,6.51,-17,3,,,,,3,17,,,,
9-6-9-11,T-9-6-9-11,T-9-6-9-11,81,72,9,6,9,11,14.105,5.425,-17,2,,,,,2,17,,,,
1-7-9-11,T-1-7-9-11,T-1-7-9-11,73,71,1,7,9,11,5.425,4.34,-9,1,,,,,1,9,,,,
2-7-9-11,T-2-7-9-11,T-2-7-9-11,74,71,2,7,9,11,6.51,4.34,-10,1,,,,,1,10,,,,
3-7-9-11,T-3-7-9-11,T-3-7-9-11,75,71,3,7,9,11,7.595,4.34,-11,1,,,,,1,11,,,,
4-7-9-11,T-4-7-9-11,T-4-7-9-11,76,71,4,7,9,11,8.68,4.34,-12,1,,,,,1,12,,,,
5-7-9-11,T-5-7-9-11,T-5-7-9-11,77,71,5,7,9,11,9.765,4.34,-13,1,,,,,1,13,,,,
6-7-9-11,T-6-7-9-11,T-6-7-9-11,78,71,6,7,9,11,10.85,4.34,-14,1,,,,,1,14,,,,
7-7-9-11,T-7-7-9-11,T-7-7-9-11,79,71,7,7,9,11,11.935,4.34,-15,1,,,,,1,15,,,,
8-7-9-11,T-8-7-9-11,T-8-7-9-11,80,71,8,7,9,11,13.02,4.34,-16,1,,,,,1,16,,,,
9-7-9-11,T-9-7-9-11,T-9-7-9-11,81,71,9,7,9,11,14.105,4.34,-17,1,,,,,1,17,,,,
9-1-10-11,T-9-1-10-11,T-9-1-10-11,90,77,9,1,10,11,23.87,10.85,-26,7,,,,,7,26,,,,
9-2-10-11,T-9-2-10-11,T-9-2-10-11,90,76,9,2,10,11,23.87,9.765,-26,6,,,,,6,26,,,,
9-3-10-11,T-9-3-10-11,T-9-3-10-11,90,75,9,3,10,11,23.87,8.68,-26,5,,,,,5,26,,,,
9-4-10-11,T-9-4-10-11,T-9-4-10-11,90,74,9,4,10,11,23.87,7.595,-26,4,,,,,4,26,,,,
9-5-10-11,T-9-5-10-11,T-9-5-10-11,90,73,9,5,10,11,23.87,6.51,-26,3,,,,,3,26,,,,
9-6-10-11,T-9-6-10-11,T-9-6-10-11,90,72,9,6,10,11,23.87,5.425,-26,2,,,,,2,26,,,,
1-7-10-11,T-1-7-10-11,T-1-7-10-11,82,71,1,7,10,11,15.19,4.34,-18,1,,,,,1,18,,,,
2-7-10-11,T-2-7-10-11,T-2-7-10-11,83,71,2,7,10,11,16.275,4.34,-19,1,,,,,1,19,,,,
3-7-10-11,T-3-7-10-11,T-3-7-10-11,84,71,3,7,10,11,17.36,4.34,-20,1,,,,,1,20,,,,
4-7-10-11,T-4-7-10-11,T-4-7-10-11,85,71,4,7,10,11,18.445,4.34,-21,1,,,,,1,21,,,,
5-7-10-11,T-5-7-10-11,T-5-7-10-11,86,71,5,7,10,11,19.53,4.34,-22,1,,,,,1,22,,,,
6-7-10-11,T-6-7-10-11,T-6-7-10-11,87,71,6,7,10,11,20.615,4.34,-23,1,,,,,1,23,,,,
7-7-10-11,T-7-7-10-11,T-7-7-10-11,88,71,7,7,10,11,21.7,4.34,-24,1,,,,,1,24,,,,
8-7-10-11,T-8-7-10-11,T-8-7-10-11,89,71,8,7,10,11,22.785,4.34,-25,1,,,,,1,25,,,,
9-7-10-11,T-9-7-10-11,T-9-7-10-11,90,71,9,7,10,11,23.87,4.34,-26,1,,,,,1,26,,,,
9-1-11-11,T-9-1-11-11,T-9-1-11-11,99,77,9,1,11,11,33.635,10.85,-35,7,,,,,7,35,,,,
9-2-11-11,T-9-2-11-11,T-9-2-11-11,99,76,9,2,11,11,33.635,9.765,-35,6,,,,,6,35,,,,
9-3-11-11,T-9-3-11-11,T-9-3-11-11,99,75,9,3,11,11,33.635,8.68,-35,5,,,,,5,35,,,,
9-4-11-11,T-9-4-11-11,T-9-4-11-11,99,74,9,4,11,11,33.635,7.595,-35,4,,,,,4,35,,,,
9-5-11-11,T-9-5-11-11,T-9-5-11-11,99,73,9,5,11,11,33.635,6.51,-35,3,,,,,3,35,,,,
9-6-11-11,T-9-6-11-11,T-9-6-11-11,99,72,9,6,11,11,33.635,5.425,-35,2,,,,,2,35,,,,
1-7-11-11,T-1-7-11-11,T-1-7-11-11,91,71,1,7,11,11,24.955,4.34,-27,1,,,,,1,27,,,,
2-7-11-11,T-2-7-11-11,T-2-7-11-11,92,71,2,7,11,11,26.04,4.34,-28,1,,,,,1,28,,,,
3-7-11-11,T-3-7-11-11,T-3-7-11-11,93,71,3,7,11,11,27.125,4.34,-29,1,,,,,1,29,,,,
4-7-11-11,T-4-7-11-11,T-4-7-11-11,94,71,4,7,11,11,28.21,4.34,-30,1,,,,,1,30,,,,
5-7-11-11,T-5-7-11-11,T-5-7-11-11,95,71,5,7,11,11,29.295,4.34,-31,1,,,,,1,31,,,,
6-7-11-11,T-6-7-11-11,T-6-7-11-11,96,71,6,7,11,11,30.38,4.34,-32,1,,,,,1,32,,,,
7-7-11-11,T-7-7-11-11,T-7-7-11-11,97,71,7,7,11,11,31.465,4.34,-33,1,,,,,1,33,,,,
8-7-11-11,T-8-7-11-11,T-8-7-11-11,98,71,8,7,11,11,32.55,4.34,-34,1,,,,,1,34,,,,
9-7-11-11,T-9-7-11-11,T-9-7-11-11,99,71,9,7,11,11,33.635,4.34,-35,1,,,,,1,35,,,,
9-1-12-11,T-9-1-12-11,T-9-1-12-11,108,77,9,1,12,11,43.4,10.85,-44,7,,,,,7,44,,,,
9-2-12-11,T-9-2-12-11,T-9-2-12-11,108,76,9,2,12,11,43.4,9.765,-44,6,,,,,6,44,,,,
9-3-12-11,T-9-3-12-11,T-9-3-12-11,108,75,9,3,12,11,43.4,8.68,-44,5,,,,,5,44,,,,
9-4-12-11,T-9-4-12-11,T-9-4-12-11,108,74,9,4,12,11,43.4,7.595,-44,4,,,,,4,44,,,,
9-5-12-11,T-9-5-12-11,T-9-5-12-11,108,73,9,5,12,11,43.4,6.51,-44,3,,,,,3,44,,,,
9-6-12-11,T-9-6-12-11,T-9-6-12-11,108,72,9,6,12,11,43.4,5.425,-44,2,,,,,2,44,,,,
1-7-12-11,T-1-7-12-11,T-1-7-12-11,100,71,1,7,12,11,34.72,4.34,-36,1,,,,,1,36,,,,
2-7-12-11,T-2-7-12-11,T-2-7-12-11,101,71,2,7,12,11,35.805,4.34,-37,1,,,,,1,37,,,,
3-7-12-11,T-3-7-12-11,T-3-7-12-11,102,71,3,7,12,11,36.89,4.34,-38,1,,,,,1,38,,,,
4-7-12-11,T-4-7-12-11,T-4-7-12-11,103,71,4,7,12,11,37.975,4.34,-39,1,,,,,1,39,,,,
5-7-12-11,T-5-7-12-11,T-5-7-12-11,104,71,5,7,12,11,39.06,4.34,-40,1,,,,,1,40,,,,
6-7-12-11,T-6-7-12-11,T-6-7-12-11,105,71,6,7,12,11,40.145,4.34,-41,1,,,,,1,41,,,,
7-7-12-11,T-7-7-12-11,T-7-7-12-11,106,71,7,7,12,11,41.23,4.34,-42,1,,,,,1,42,,,,
8-7-12-11,T-8-7-12-11,T-8-7-12-11,107,71,8,7,12,11,42.315,4.34,-43,1,,,,,1,43,,,,
9-7-12-11,T-9-7-12-11,T-9-7-12-11,108,71,9,7,12,11,43.4,4.34,-44,1,,,,,1,44,,,,
9-1-13-11,T-9-1-13-11,T-9-1-13-11,117,77,9,1,13,11,53.165,10.85,-53,7,,,,,7,53,,,,
9-2-13-11,T-9-2-13-11,T-9-2-13-11,117,76,9,2,13,11,53.165,9.765,-53,6,,,,,6,53,,,,
9-3-13-11,T-9-3-13-11,T-9-3-13-11,117,75,9,3,13,11,53.165,8.68,-53,5,,,,,5,53,,,,
9-4-13-11,T-9-4-13-11,T-9-4-13-11,117,74,9,4,13,11,53.165,7.595,-53,4,,,,,4,53,,,,
9-5-13-11,T-9-5-13-11,T-9-5-13-11,117,73,9,5,13,11,53.165,6.51,-53,3,,,,,3,53,,,,
9-6-13-11,T-9-6-13-11,T-9-6-13-11,117,72,9,6,13,11,53.165,5.425,-53,2,,,,,2,53,,,,
1-7-13-11,T-1-7-13-11,T-1-7-13-11,109,71,1,7,13,11,44.485,4.34,-45,1,,,,,1,45,,,,
2-7-13-11,T-2-7-13-11,T-2-7-13-11,110,71,2,7,13,11,45.57,4.34,-46,1,,,,,1,46,,,,
3-7-13-11,T-3-7-13-11,T-3-7-13-11,111,71,3,7,13,11,46.655,4.34,-47,1,,,,,1,47,,,,
4-7-13-11,T-4-7-13-11,T-4-7-13-11,112,71,4,7,13,11,47.74,4.34,-48,1,,,,,1,48,,,,
5-7-13-11,T-5-7-13-11,T-5-7-13-11,113,71,5,7,13,11,48.825,4.34,-49,1,,,,,1,49,,,,
6-7-13-11,T-6-7-13-11,T-6-7-13-11,114,71,6,7,13,11,49.91,4.34,-50,1,,,,,1,50,,,,
7-7-13-11,T-7-7-13-11,T-7-7-13-11,115,71,7,7,13,11,50.995,4.34,-51,1,,,,,1,51,,,,
8-7-13-11,T-8-7-13-11,T-8-7-13-11,116,71,8,7,13,11,52.08,4.34,-52,1,,,,,1,52,,,,
9-7-13-11,T-9-7-13-11,T-9-7-13-11,117,71,9,7,13,11,53.165,4.34,-53,1,,,,,1,53,,,,
9-1-14-11,T-9-1-14-11,T-9-1-14-11,126,77,9,1,14,11,62.93,10.85,-62,7,,,,,7,62,,,,
9-2-14-11,T-9-2-14-11,T-9-2-14-11,126,76,9,2,14,11,62.93,9.765,-62,6,,,,,6,62,,,,
9-3-14-11,T-9-3-14-11,T-9-3-14-11,126,75,9,3,14,11,62.93,8.68,-62,5,,,,,5,62,,,,
9-4-14-11,T-9-4-14-11,T-9-4-14-11,126,74,9,4,14,11,62.93,7.595,-62,4,,,,,4,62,,,,
9-5-14-11,T-9-5-14-11,T-9-5-14-11,126,73,9,5,14,11,62.93,6.51,-62,3,,,,,3,62,,,,
9-6-14-11,T-9-6-14-11,T-9-6-14-11,126,72,9,6,14,11,62.93,5.425,-62,2,,,,,2,62,,,,
1-7-14-11,T-1-7-14-11,T-1-7-14-11,118,71,1,7,14,11,54.25,4.34,-54,1,,,,,1,54,,,,
2-7-14-11,T-2-7-14-11,T-2-7-14-11,119,71,2,7,14,11,55.335,4.34,-55,1,,,,,1,55,,,,
3-7-14-11,T-3-7-14-11,T-3-7-14-11,120,71,3,7,14,11,56.42,4.34,-56,1,,,,,1,56,,,,
4-7-14-11,T-4-7-14-11,T-4-7-14-11,121,71,4,7,14,11,57.505,4.34,-57,1,,,,,1,57,,,,
5-7-14-11,T-5-7-14-11,T-5-7-14-11,122,71,5,7,14,11,58.59,4.34,-58,1,,,,,1,58,,,,
6-7-14-11,T-6-7-14-11,T-6-7-14-11,123,71,6,7,14,11,59.675,4.34,-59,1,,,,,1,59,,,,
7-7-14-11,T-7-7-14-11,T-7-7-14-11,124,71,7,7,14,11,60.76,4.34,-60,1,,,,,1,60,,,,
8-7-14-11,T-8-7-14-11,T-8-7-14-11,125,71,8,7,14,11,61.845,4.34,-61,1,,,,,1,61,,,,
9-7-14-11,T-9-7-14-11,T-9-7-14-11,126,71,9,7,14,11,62.93,4.34,-62,1,,,,,1,62,,,,
9-1-15-11,T-9-1-15-11,T-9-1-15-11,135,77,9,1,15,11,72.695,10.85,-71,7,,,,,7,71,,,,
9-2-15-11,T-9-2-15-11,T-9-2-15-11,135,76,9,2,15,11,72.695,9.765,-71,6,,,,,6,71,,,,
9-3-15-11,T-9-3-15-11,T-9-3-15-11,135,75,9,3,15,11,72.695,8.68,-71,5,,,,,5,71,,,,
9-4-15-11,T-9-4-15-11,T-9-4-15-11,135,74,9,4,15,11,72.695,7.595,-71,4,,,,,4,71,,,,
9-5-15-11,T-9-5-15-11,T-9-5-15-11,135,73,9,5,15,11,72.695,6.51,-71,3,,,,,3,71,,,,
9-6-15-11,T-9-6-15-11,T-9-6-15-11,135,72,9,6,15,11,72.695,5.425,-71,2,,,,,2,71,,,,
1-7-15-11,T-1-7-15-11,T-1-7-15-11,127,71,1,7,15,11,64.015,4.34,-63,1,,,,,1,63,,,,
2-7-15-11,T-2-7-15-11,T-2-7-15-11,128,71,2,7,15,11,65.1,4.34,-64,1,,,,,1,64,,,,
3-7-15-11,T-3-7-15-11,T-3-7-15-11,129,71,3,7,15,11,66.185,4.34,-65,1,,,,,1,65,,,,
4-7-15-11,T-4-7-15-11,T-4-7-15-11,130,71,4,7,15,11,67.27,4.34,-66,1,,,,,1,66,,,,
5-7-15-11,T-5-7-15-11,T-5-7-15-11,131,71,5,7,15,11,68.355,4.34,-67,1,,,,,1,67,,,,
6-7-15-11,T-6-7-15-11,T-6-7-15-11,132,71,6,7,15,11,69.44,4.34,-68,1,,,,,1,68,,,,
7-7-15-11,T-7-7-15-11,T-7-7-15-11,133,71,7,7,15,11,70.525,4.34,-69,1,,,,,1,69,,,,
8-7-15-11,T-8-7-15-11,T-8-7-15-11,134,71,8,7,15,11,71.61,4.34,-70,1,,,,,1,70,,,,
9-7-15-11,T-9-7-15-11,T-9-7-15-11,135,71,9,7,15,11,72.695,4.34,-71,1,,,,,1,71,,,,
9-1-1-10,T-9-1-1-10,T-9-1-1-10,9,70,9,1,1,10,-64.015,3.255,55,0,,,,,0,-55,,,,
9-2-1-10,T-9-2-1-10,T-9-2-1-10,9,69,9,2,1,10,-64.015,2.17,55,-1,,,,,-1,-55,,,,
9-3-1-10,T-9-3-1-10,T-9-3-1-10,9,68,9,3,1,10,-64.015,1.085,55,-2,,,,,-2,-55,,,,
9-4-1-10,T-9-4-1-10,T-9-4-1-10,9,67,9,4,1,10,-64.015,0,55,-3,,,,,-3,-55,,,,
9-5-1-10,T-9-5-1-10,T-9-5-1-10,9,66,9,5,1,10,-64.015,-1.085,55,-4,,,,,-4,-55,,,,
9-6-1-10,T-9-6-1-10,T-9-6-1-10,9,65,9,6,1,10,-64.015,-2.17,55,-5,,,,,-5,-55,,,,
1-7-1-10,T-1-7-1-10,T-1-7-1-10,1,64,1,7,1,10,-72.695,-3.255,63,-6,,,,,-6,-63,,,,
2-7-1-10,T-2-7-1-10,T-2-7-1-10,2,64,2,7,1,10,-71.61,-3.255,62,-6,,,,,-6,-62,,,,
3-7-1-10,T-3-7-1-10,T-3-7-1-10,3,64,3,7,1,10,-70.525,-3.255,61,-6,,,,,-6,-61,,,,
4-7-1-10,T-4-7-1-10,T-4-7-1-10,4,64,4,7,1,10,-69.44,-3.255,60,-6,,,,,-6,-60,,,,
5-7-1-10,T-5-7-1-10,T-5-7-1-10,5,64,5,7,1,10,-68.355,-3.255,59,-6,,,,,-6,-59,,,,
6-7-1-10,T-6-7-1-10,T-6-7-1-10,6,64,6,7,1,10,-67.27,-3.255,58,-6,,,,,-6,-58,,,,
7-7-1-10,T-7-7-1-10,T-7-7-1-10,7,64,7,7,1,10,-66.185,-3.255,57,-6,,,,,-6,-57,,,,
8-7-1-10,T-8-7-1-10,T-8-7-1-10,8,64,8,7,1,10,-65.1,-3.255,56,-6,,,,,-6,-56,,,,
9-7-1-10,T-9-7-1-10,T-9-7-1-10,9,64,9,7,1,10,-64.015,-3.255,55,-6,,,,,-6,-55,,,,
9-1-2-10,T-9-1-2-10,T-9-1-2-10,18,70,9,1,2,10,-54.25,3.255,46,0,,,,,0,-46,,,,
9-2-2-10,T-9-2-2-10,T-9-2-2-10,18,69,9,2,2,10,-54.25,2.17,46,-1,,,,,-1,-46,,,,
9-3-2-10,T-9-3-2-10,T-9-3-2-10,18,68,9,3,2,10,-54.25,1.085,46,-2,,,,,-2,-46,,,,
9-4-2-10,T-9-4-2-10,T-9-4-2-10,18,67,9,4,2,10,-54.25,0,46,-3,,,,,-3,-46,,,,
9-5-2-10,T-9-5-2-10,T-9-5-2-10,18,66,9,5,2,10,-54.25,-1.085,46,-4,,,,,-4,-46,,,,
9-6-2-10,T-9-6-2-10,T-9-6-2-10,18,65,9,6,2,10,-54.25,-2.17,46,-5,,,,,-5,-46,,,,
1-7-2-10,T-1-7-2-10,T-1-7-2-10,10,64,1,7,2,10,-62.93,-3.255,54,-6,,,,,-6,-54,,,,
2-7-2-10,T-2-7-2-10,T-2-7-2-10,11,64,2,7,2,10,-61.845,-3.255,53,-6,,,,,-6,-53,,,,
3-7-2-10,T-3-7-2-10,T-3-7-2-10,12,64,3,7,2,10,-60.76,-3.255,52,-6,,,,,-6,-52,,,,
4-7-2-10,T-4-7-2-10,T-4-7-2-10,13,64,4,7,2,10,-59.675,-3.255,51,-6,,,,,-6,-51,,,,
5-7-2-10,T-5-7-2-10,T-5-7-2-10,14,64,5,7,2,10,-58.59,-3.255,50,-6,,,,,-6,-50,,,,
6-7-2-10,T-6-7-2-10,T-6-7-2-10,15,64,6,7,2,10,-57.505,-3.255,49,-6,,,,,-6,-49,,,,
7-7-2-10,T-7-7-2-10,T-7-7-2-10,16,64,7,7,2,10,-56.42,-3.255,48,-6,,,,,-6,-48,,,,
8-7-2-10,T-8-7-2-10,T-8-7-2-10,17,64,8,7,2,10,-55.335,-3.255,47,-6,,,,,-6,-47,,,,
9-7-2-10,T-9-7-2-10,T-9-7-2-10,18,64,9,7,2,10,-54.25,-3.255,46,-6,,,,,-6,-46,,,,
9-1-3-10,T-9-1-3-10,T-9-1-3-10,27,70,9,1,3,10,-44.485,3.255,37,0,,,,,0,-37,,,,
9-2-3-10,T-9-2-3-10,T-9-2-3-10,27,69,9,2,3,10,-44.485,2.17,37,-1,,,,,-1,-37,,,,
9-3-3-10,T-9-3-3-10,T-9-3-3-10,27,68,9,3,3,10,-44.485,1.085,37,-2,,,,,-2,-37,,,,
9-4-3-10,T-9-4-3-10,T-9-4-3-10,27,67,9,4,3,10,-44.485,0,37,-3,,,,,-3,-37,,,,
9-5-3-10,T-9-5-3-10,T-9-5-3-10,27,66,9,5,3,10,-44.485,-1.085,37,-4,,,,,-4,-37,,,,
9-6-3-10,T-9-6-3-10,T-9-6-3-10,27,65,9,6,3,10,-44.485,-2.17,37,-5,,,,,-5,-37,,,,
1-7-3-10,T-1-7-3-10,T-1-7-3-10,19,64,1,7,3,10,-53.165,-3.255,45,-6,,,,,-6,-45,,,,
2-7-3-10,T-2-7-3-10,T-2-7-3-10,20,64,2,7,3,10,-52.08,-3.255,44,-6,,,,,-6,-44,,,,
3-7-3-10,T-3-7-3-10,T-3-7-3-10,21,64,3,7,3,10,-50.995,-3.255,43,-6,,,,,-6,-43,,,,
4-7-3-10,T-4-7-3-10,T-4-7-3-10,22,64,4,7,3,10,-49.91,-3.255,42,-6,,,,,-6,-42,,,,
5-7-3-10,T-5-7-3-10,T-5-7-3-10,23,64,5,7,3,10,-48.825,-3.255,41,-6,,,,,-6,-41,,,,
6-7-3-10,T-6-7-3-10,T-6-7-3-10,24,64,6,7,3,10,-47.74,-3.255,40,-6,,,,,-6,-40,,,,
7-7-3-10,T-7-7-3-10,T-7-7-3-10,25,64,7,7,3,10,-46.655,-3.255,39,-6,,,,,-6,-39,,,,
8-7-3-10,T-8-7-3-10,T-8-7-3-10,26,64,8,7,3,10,-45.57,-3.255,38,-6,,,,,-6,-38,,,,
9-7-3-10,T-9-7-3-10,T-9-7-3-10,27,64,9,7,3,10,-44.485,-3.255,37,-6,,,,,-6,-37,,,,
9-1-4-10,T-9-1-4-10,T-9-1-4-10,36,70,9,1,4,10,-34.72,3.255,28,0,,,,,0,-28,,,,
9-2-4-10,T-9-2-4-10,T-9-2-4-10,36,69,9,2,4,10,-34.72,2.17,28,-1,,,,,-1,-28,,,,
9-3-4-10,T-9-3-4-10,T-9-3-4-10,36,68,9,3,4,10,-34.72,1.085,28,-2,,,,,-2,-28,,,,
9-4-4-10,T-9-4-4-10,T-9-4-4-10,36,67,9,4,4,10,-34.72,0,28,-3,,,,,-3,-28,,,,
9-5-4-10,T-9-5-4-10,T-9-5-4-10,36,66,9,5,4,10,-34.72,-1.085,28,-4,,,,,-4,-28,,,,
9-6-4-10,T-9-6-4-10,T-9-6-4-10,36,65,9,6,4,10,-34.72,-2.17,28,-5,,,,,-5,-28,,,,
1-7-4-10,T-1-7-4-10,T-1-7-4-10,28,64,1,7,4,10,-43.4,-3.255,36,-6,,,,,-6,-36,,,,
2-7-4-10,T-2-7-4-10,T-2-7-4-10,29,64,2,7,4,10,-42.315,-3.255,35,-6,,,,,-6,-35,,,,
3-7-4-10,T-3-7-4-10,T-3-7-4-10,30,64,3,7,4,10,-41.23,-3.255,34,-6,,,,,-6,-34,,,,
4-7-4-10,T-4-7-4-10,T-4-7-4-10,31,64,4,7,4,10,-40.145,-3.255,33,-6,,,,,-6,-33,,,,
5-7-4-10,T-5-7-4-10,T-5-7-4-10,32,64,5,7,4,10,-39.06,-3.255,32,-6,,,,,-6,-32,,,,
6-7-4-10,T-6-7-4-10,T-6-7-4-10,33,64,6,7,4,10,-37.975,-3.255,31,-6,,,,,-6,-31,,,,
7-7-4-10,T-7-7-4-10,T-7-7-4-10,34,64,7,7,4,10,-36.89,-3.255,30,-6,,,,,-6,-30,,,,
8-7-4-10,T-8-7-4-10,T-8-7-4-10,35,64,8,7,4,10,-35.805,-3.255,29,-6,,,,,-6,-29,,,,
9-7-4-10,T-9-7-4-10,T-9-7-4-10,36,64,9,7,4,10,-34.72,-3.255,28,-6,,,,,-6,-28,,,,
9-1-5-10,T-9-1-5-10,T-9-1-5-10,45,70,9,1,5,10,-24.955,3.255,19,0,,,,,0,-19,,,,
9-2-5-10,T-9-2-5-10,T-9-2-5-10,45,69,9,2,5,10,-24.955,2.17,19,-1,,,,,-1,-19,,,,
9-3-5-10,T-9-3-5-10,T-9-3-5-10,45,68,9,3,5,10,-24.955,1.085,19,-2,,,,,-2,-19,,,,
9-4-5-10,T-9-4-5-10,T-9-4-5-10,45,67,9,4,5,10,-24.955,0,19,-3,,,,,-3,-19,,,,
9-5-5-10,T-9-5-5-10,T-9-5-5-10,45,66,9,5,5,10,-24.955,-1.085,19,-4,,,,,-4,-19,,,,
9-6-5-10,T-9-6-5-10,T-9-6-5-10,45,65,9,6,5,10,-24.955,-2.17,19,-5,,,,,-5,-19,,,,
1-7-5-10,T-1-7-5-10,T-1-7-5-10,37,64,1,7,5,10,-33.635,-3.255,27,-6,,,,,-6,-27,,,,
2-7-5-10,T-2-7-5-10,T-2-7-5-10,38,64,2,7,5,10,-32.55,-3.255,26,-6,,,,,-6,-26,,,,
3-7-5-10,T-3-7-5-10,T-3-7-5-10,39,64,3,7,5,10,-31.465,-3.255,25,-6,,,,,-6,-25,,,,
4-7-5-10,T-4-7-5-10,T-4-7-5-10,40,64,4,7,5,10,-30.38,-3.255,24,-6,,,,,-6,-24,,,,
5-7-5-10,T-5-7-5-10,T-5-7-5-10,41,64,5,7,5,10,-29.295,-3.255,23,-6,,,,,-6,-23,,,,
6-7-5-10,T-6-7-5-10,T-6-7-5-10,42,64,6,7,5,10,-28.21,-3.255,22,-6,,,,,-6,-22,,,,
7-7-5-10,T-7-7-5-10,T-7-7-5-10,43,64,7,7,5,10,-27.125,-3.255,21,-6,,,,,-6,-21,,,,
8-7-5-10,T-8-7-5-10,T-8-7-5-10,44,64,8,7,5,10,-26.04,-3.255,20,-6,,,,,-6,-20,,,,
9-7-5-10,T-9-7-5-10,T-9-7-5-10,45,64,9,7,5,10,-24.955,-3.255,19,-6,,,,,-6,-19,,,,
9-1-6-10,T-9-1-6-10,T-9-1-6-10,54,70,9,1,6,10,-15.19,3.255,10,0,,,,,0,-10,,,,
9-2-6-10,T-9-2-6-10,T-9-2-6-10,54,69,9,2,6,10,-15.19,2.17,10,-1,,,,,-1,-10,,,,
9-3-6-10,T-9-3-6-10,T-9-3-6-10,54,68,9,3,6,10,-15.19,1.085,10,-2,,,,,-2,-10,,,,
9-4-6-10,T-9-4-6-10,T-9-4-6-10,54,67,9,4,6,10,-15.19,0,10,-3,,,,,-3,-10,,,,
9-5-6-10,T-9-5-6-10,T-9-5-6-10,54,66,9,5,6,10,-15.19,-1.085,10,-4,,,,,-4,-10,,,,
9-6-6-10,T-9-6-6-10,T-9-6-6-10,54,65,9,6,6,10,-15.19,-2.17,10,-5,,,,,-5,-10,,,,
1-7-6-10,T-1-7-6-10,T-1-7-6-10,46,64,1,7,6,10,-23.87,-3.255,18,-6,,,,,-6,-18,,,,
2-7-6-10,T-2-7-6-10,T-2-7-6-10,47,64,2,7,6,10,-22.785,-3.255,17,-6,,,,,-6,-17,,,,
3-7-6-10,T-3-7-6-10,T-3-7-6-10,48,64,3,7,6,10,-21.7,-3.255,16,-6,,,,,-6,-16,,,,
4-7-6-10,T-4-7-6-10,T-4-7-6-10,49,64,4,7,6,10,-20.615,-3.255,15,-6,,,,,-6,-15,,,,
5-7-6-10,T-5-7-6-10,T-5-7-6-10,50,64,5,7,6,10,-19.53,-3.255,14,-6,,,,,-6,-14,,,,
6-7-6-10,T-6-7-6-10,T-6-7-6-10,51,64,6,7,6,10,-18.445,-3.255,13,-6,,,,,-6,-13,,,,
7-7-6-10,T-7-7-6-10,T-7-7-6-10,52,64,7,7,6,10,-17.36,-3.255,12,-6,,,,,-6,-12,,,,
8-7-6-10,T-8-7-6-10,T-8-7-6-10,53,64,8,7,6,10,-16.275,-3.255,11,-6,,,,,-6,-11,,,,
9-7-6-10,T-9-7-6-10,T-9-7-6-10,54,64,9,7,6,10,-15.19,-3.255,10,-6,,,,,-6,-10,,,,
9-1-7-10,T-9-1-7-10,T-9-1-7-10,63,70,9,1,7,10,-5.425,3.255,1,0,,,,,0,-1,,,,
9-2-7-10,T-9-2-7-10,T-9-2-7-10,63,69,9,2,7,10,-5.425,2.17,1,-1,,,,,-1,-1,,,,
9-3-7-10,T-9-3-7-10,T-9-3-7-10,63,68,9,3,7,10,-5.425,1.085,1,-2,,,,,-2,-1,,,,
9-4-7-10,T-9-4-7-10,T-9-4-7-10,63,67,9,4,7,10,-5.425,0,1,-3,,,,,-3,-1,,,,
9-5-7-10,T-9-5-7-10,T-9-5-7-10,63,66,9,5,7,10,-5.425,-1.085,1,-4,,,,,-4,-1,,,,
9-6-7-10,T-9-6-7-10,T-9-6-7-10,63,65,9,6,7,10,-5.425,-2.17,1,-5,,,,,-5,-1,,,,
1-7-7-10,T-1-7-7-10,T-1-7-7-10,55,64,1,7,7,10,-14.105,-3.255,9,-6,,,,,-6,-9,,,,
2-7-7-10,T-2-7-7-10,T-2-7-7-10,56,64,2,7,7,10,-13.02,-3.255,8,-6,,,,,-6,-8,,,,
3-7-7-10,T-3-7-7-10,T-3-7-7-10,57,64,3,7,7,10,-11.935,-3.255,7,-6,,,,,-6,-7,,,,
4-7-7-10,T-4-7-7-10,T-4-7-7-10,58,64,4,7,7,10,-10.85,-3.255,6,-6,,,,,-6,-6,,,,
5-7-7-10,T-5-7-7-10,T-5-7-7-10,59,64,5,7,7,10,-9.765,-3.255,5,-6,,,,,-6,-5,,,,
6-7-7-10,T-6-7-7-10,T-6-7-7-10,60,64,6,7,7,10,-8.68,-3.255,4,-6,,,,,-6,-4,,,,
7-7-7-10,T-7-7-7-10,T-7-7-7-10,61,64,7,7,7,10,-7.595,-3.255,3,-6,,,,,-6,-3,,,,
8-7-7-10,T-8-7-7-10,T-8-7-7-10,62,64,8,7,7,10,-6.51,-3.255,2,-6,,,,,-6,-2,,,,
9-7-7-10,T-9-7-7-10,T-9-7-7-10,63,64,9,7,7,10,-5.425,-3.255,1,-6,,,,,-6,-1,,,,
9-1-8-10,T-9-1-8-10,T-9-1-8-10,72,70,9,1,8,10,4.34,3.255,-8,0,,,,,0,8,,,,
9-2-8-10,T-9-2-8-10,T-9-2-8-10,72,69,9,2,8,10,4.34,2.17,-8,-1,,,,,-1,8,,,,
9-3-8-10,T-9-3-8-10,T-9-3-8-10,72,68,9,3,8,10,4.34,1.085,-8,-2,,,,,-2,8,,,,
9-4-8-10,T-9-4-8-10,T-9-4-8-10,72,67,9,4,8,10,4.34,0,-8,-3,,,,,-3,8,,,,
9-5-8-10,T-9-5-8-10,T-9-5-8-10,72,66,9,5,8,10,4.34,-1.085,-8,-4,,,,,-4,8,,,,
9-6-8-10,T-9-6-8-10,T-9-6-8-10,72,65,9,6,8,10,4.34,-2.17,-8,-5,,,,,-5,8,,,,
1-7-8-10,T-1-7-8-10,T-1-7-8-10,64,64,1,7,8,10,-4.34,-3.255,0,-6,,,,,-6,0,,,,
2-7-8-10,T-2-7-8-10,T-2-7-8-10,65,64,2,7,8,10,-3.255,-3.255,-1,-6,,,,,-6,1,,,,
3-7-8-10,T-3-7-8-10,T-3-7-8-10,66,64,3,7,8,10,-2.17,-3.255,-2,-6,,,,,-6,2,,,,
4-7-8-10,T-4-7-8-10,T-4-7-8-10,67,64,4,7,8,10,-1.085,-3.255,-3,-6,,,,,-6,3,,,,
5-7-8-10,T-5-7-8-10,T-5-7-8-10,68,64,5,7,8,10,0,-3.255,-4,-6,,,,,-6,4,,,,
6-7-8-10,T-6-7-8-10,T-6-7-8-10,69,64,6,7,8,10,1.085,-3.255,-5,-6,,,,,-6,5,,,,
7-7-8-10,T-7-7-8-10,T-7-7-8-10,70,64,7,7,8,10,2.17,-3.255,-6,-6,,,,,-6,6,,,,
8-7-8-10,T-8-7-8-10,T-8-7-8-10,71,64,8,7,8,10,3.255,-3.255,-7,-6,,,,,-6,7,,,,
9-7-8-10,T-9-7-8-10,T-9-7-8-10,72,64,9,7,8,10,4.34,-3.255,-8,-6,,,,,-6,8,,,,
9-1-9-10,T-9-1-9-10,T-9-1-9-10,81,70,9,1,9,10,14.105,3.255,-17,0,,,,,0,17,,,,
9-2-9-10,T-9-2-9-10,T-9-2-9-10,81,69,9,2,9,10,14.105,2.17,-17,-1,,,,,-1,17,,,,
9-3-9-10,T-9-3-9-10,T-9-3-9-10,81,68,9,3,9,10,14.105,1.085,-17,-2,,,,,-2,17,,,,
9-4-9-10,T-9-4-9-10,T-9-4-9-10,81,67,9,4,9,10,14.105,0,-17,-3,,,,,-3,17,,,,
9-5-9-10,T-9-5-9-10,T-9-5-9-10,81,66,9,5,9,10,14.105,-1.085,-17,-4,,,,,-4,17,,,,
9-6-9-10,T-9-6-9-10,T-9-6-9-10,81,65,9,6,9,10,14.105,-2.17,-17,-5,,,,,-5,17,,,,
1-7-9-10,T-1-7-9-10,T-1-7-9-10,73,64,1,7,9,10,5.425,-3.255,-9,-6,,,,,-6,9,,,,
2-7-9-10,T-2-7-9-10,T-2-7-9-10,74,64,2,7,9,10,6.51,-3.255,-10,-6,,,,,-6,10,,,,
3-7-9-10,T-3-7-9-10,T-3-7-9-10,75,64,3,7,9,10,7.595,-3.255,-11,-6,,,,,-6,11,,,,
4-7-9-10,T-4-7-9-10,T-4-7-9-10,76,64,4,7,9,10,8.68,-3.255,-12,-6,,,,,-6,12,,,,
5-7-9-10,T-5-7-9-10,T-5-7-9-10,77,64,5,7,9,10,9.765,-3.255,-13,-6,,,,,-6,13,,,,
6-7-9-10,T-6-7-9-10,T-6-7-9-10,78,64,6,7,9,10,10.85,-3.255,-14,-6,,,,,-6,14,,,,
7-7-9-10,T-7-7-9-10,T-7-7-9-10,79,64,7,7,9,10,11.935,-3.255,-15,-6,,,,,-6,15,,,,
8-7-9-10,T-8-7-9-10,T-8-7-9-10,80,64,8,7,9,10,13.02,-3.255,-16,-6,,,,,-6,16,,,,
9-7-9-10,T-9-7-9-10,T-9-7-9-10,81,64,9,7,9,10,14.105,-3.255,-17,-6,,,,,-6,17,,,,
9-1-10-10,T-9-1-10-10,T-9-1-10-10,90,70,9,1,10,10,23.87,3.255,-26,0,,,,,0,26,,,,
9-2-10-10,T-9-2-10-10,T-9-2-10-10,90,69,9,2,10,10,23.87,2.17,-26,-1,,,,,-1,26,,,,
9-3-10-10,T-9-3-10-10,T-9-3-10-10,90,68,9,3,10,10,23.87,1.085,-26,-2,,,,,-2,26,,,,
9-4-10-10,T-9-4-10-10,T-9-4-10-10,90,67,9,4,10,10,23.87,0,-26,-3,,,,,-3,26,,,,
9-5-10-10,T-9-5-10-10,T-9-5-10-10,90,66,9,5,10,10,23.87,-1.085,-26,-4,,,,,-4,26,,,,
9-6-10-10,T-9-6-10-10,T-9-6-10-10,90,65,9,6,10,10,23.87,-2.17,-26,-5,,,,,-5,26,,,,
1-7-10-10,T-1-7-10-10,T-1-7-10-10,82,64,1,7,10,10,15.19,-3.255,-18,-6,,,,,-6,18,,,,
2-7-10-10,T-2-7-10-10,T-2-7-10-10,83,64,2,7,10,10,16.275,-3.255,-19,-6,,,,,-6,19,,,,
3-7-10-10,T-3-7-10-10,T-3-7-10-10,84,64,3,7,10,10,17.36,-3.255,-20,-6,,,,,-6,20,,,,
4-7-10-10,T-4-7-10-10,T-4-7-10-10,85,64,4,7,10,10,18.445,-3.255,-21,-6,,,,,-6,21,,,,
5-7-10-10,T-5-7-10-10,T-5-7-10-10,86,64,5,7,10,10,19.53,-3.255,-22,-6,,,,,-6,22,,,,
6-7-10-10,T-6-7-10-10,T-6-7-10-10,87,64,6,7,10,10,20.615,-3.255,-23,-6,,,,,-6,23,,,,
7-7-10-10,T-7-7-10-10,T-7-7-10-10,88,64,7,7,10,10,21.7,-3.255,-24,-6,,,,,-6,24,,,,
8-7-10-10,T-8-7-10-10,T-8-7-10-10,89,64,8,7,10,10,22.785,-3.255,-25,-6,,,,,-6,25,,,,
9-7-10-10,T-9-7-10-10,T-9-7-10-10,90,64,9,7,10,10,23.87,-3.255,-26,-6,,,,,-6,26,,,,
9-1-11-10,T-9-1-11-10,T-9-1-11-10,99,70,9,1,11,10,33.635,3.255,-35,0,,,,,0,35,,,,
9-2-11-10,T-9-2-11-10,T-9-2-11-10,99,69,9,2,11,10,33.635,2.17,-35,-1,,,,,-1,35,,,,
9-3-11-10,T-9-3-11-10,T-9-3-11-10,99,68,9,3,11,10,33.635,1.085,-35,-2,,,,,-2,35,,,,
9-4-11-10,T-9-4-11-10,T-9-4-11-10,99,67,9,4,11,10,33.635,0,-35,-3,,,,,-3,35,,,,
9-5-11-10,T-9-5-11-10,T-9-5-11-10,99,66,9,5,11,10,33.635,-1.085,-35,-4,,,,,-4,35,,,,
9-6-11-10,T-9-6-11-10,T-9-6-11-10,99,65,9,6,11,10,33.635,-2.17,-35,-5,,,,,-5,35,,,,
1-7-11-10,T-1-7-11-10,T-1-7-11-10,91,64,1,7,11,10,24.955,-3.255,-27,-6,,,,,-6,27,,,,
2-7-11-10,T-2-7-11-10,T-2-7-11-10,92,64,2,7,11,10,26.04,-3.255,-28,-6,,,,,-6,28,,,,
3-7-11-10,T-3-7-11-10,T-3-7-11-10,93,64,3,7,11,10,27.125,-3.255,-29,-6,,,,,-6,29,,,,
4-7-11-10,T-4-7-11-10,T-4-7-11-10,94,64,4,7,11,10,28.21,-3.255,-30,-6,,,,,-6,30,,,,
5-7-11-10,T-5-7-11-10,T-5-7-11-10,95,64,5,7,11,10,29.295,-3.255,-31,-6,,,,,-6,31,,,,
6-7-11-10,T-6-7-11-10,T-6-7-11-10,96,64,6,7,11,10,30.38,-3.255,-32,-6,,,,,-6,32,,,,
7-7-11-10,T-7-7-11-10,T-7-7-11-10,97,64,7,7,11,10,31.465,-3.255,-33,-6,,,,,-6,33,,,,
8-7-11-10,T-8-7-11-10,T-8-7-11-10,98,64,8,7,11,10,32.55,-3.255,-34,-6,,,,,-6,34,,,,
9-7-11-10,T-9-7-11-10,T-9-7-11-10,99,64,9,7,11,10,33.635,-3.255,-35,-6,,,,,-6,35,,,,
9-1-12-10,T-9-1-12-10,T-9-1-12-10,108,70,9,1,12,10,43.4,3.255,-44,0,,,,,0,44,,,,
9-2-12-10,T-9-2-12-10,T-9-2-12-10,108,69,9,2,12,10,43.4,2.17,-44,-1,,,,,-1,44,,,,
9-3-12-10,T-9-3-12-10,T-9-3-12-10,108,68,9,3,12,10,43.4,1.085,-44,-2,,,,,-2,44,,,,
9-4-12-10,T-9-4-12-10,T-9-4-12-10,108,67,9,4,12,10,43.4,0,-44,-3,,,,,-3,44,,,,
9-5-12-10,T-9-5-12-10,T-9-5-12-10,108,66,9,5,12,10,43.4,-1.085,-44,-4,,,,,-4,44,,,,
9-6-12-10,T-9-6-12-10,T-9-6-12-10,108,65,9,6,12,10,43.4,-2.17,-44,-5,,,,,-5,44,,,,
1-7-12-10,T-1-7-12-10,T-1-7-12-10,100,64,1,7,12,10,34.72,-3.255,-36,-6,,,,,-6,36,,,,
2-7-12-10,T-2-7-12-10,T-2-7-12-10,101,64,2,7,12,10,35.805,-3.255,-37,-6,,,,,-6,37,,,,
3-7-12-10,T-3-7-12-10,T-3-7-12-10,102,64,3,7,12,10,36.89,-3.255,-38,-6,,,,,-6,38,,,,
4-7-12-10,T-4-7-12-10,T-4-7-12-10,103,64,4,7,12,10,37.975,-3.255,-39,-6,,,,,-6,39,,,,
5-7-12-10,T-5-7-12-10,T-5-7-12-10,104,64,5,7,12,10,39.06,-3.255,-40,-6,,,,,-6,40,,,,
6-7-12-10,T-6-7-12-10,T-6-7-12-10,105,64,6,7,12,10,40.145,-3.255,-41,-6,,,,,-6,41,,,,
7-7-12-10,T-7-7-12-10,T-7-7-12-10,106,64,7,7,12,10,41.23,-3.255,-42,-6,,,,,-6,42,,,,
8-7-12-10,T-8-7-12-10,T-8-7-12-10,107,64,8,7,12,10,42.315,-3.255,-43,-6,,,,,-6,43,,,,
9-7-12-10,T-9-7-12-10,T-9-7-12-10,108,64,9,7,12,10,43.4,-3.255,-44,-6,,,,,-6,44,,,,
9-1-13-10,T-9-1-13-10,T-9-1-13-10,117,70,9,1,13,10,53.165,3.255,-53,0,,,,,0,53,,,,
9-2-13-10,T-9-2-13-10,T-9-2-13-10,117,69,9,2,13,10,53.165,2.17,-53,-1,,,,,-1,53,,,,
9-3-13-10,T-9-3-13-10,T-9-3-13-10,117,68,9,3,13,10,53.165,1.085,-53,-2,,,,,-2,53,,,,
9-4-13-10,T-9-4-13-10,T-9-4-13-10,117,67,9,4,13,10,53.165,0,-53,-3,,,,,-3,53,,,,
9-5-13-10,T-9-5-13-10,T-9-5-13-10,117,66,9,5,13,10,53.165,-1.085,-53,-4,,,,,-4,53,,,,
9-6-13-10,T-9-6-13-10,T-9-6-13-10,117,65,9,6,13,10,53.165,-2.17,-53,-5,,,,,-5,53,,,,
1-7-13-10,T-1-7-13-10,T-1-7-13-10,109,64,1,7,13,10,44.485,-3.255,-45,-6,,,,,-6,45,,,,
2-7-13-10,T-2-7-13-10,T-2-7-13-10,110,64,2,7,13,10,45.57,-3.255,-46,-6,,,,,-6,46,,,,
3-7-13-10,T-3-7-13-10,T-3-7-13-10,111,64,3,7,13,10,46.655,-3.255,-47,-6,,,,,-6,47,,,,
4-7-13-10,T-4-7-13-10,T-4-7-13-10,112,64,4,7,13,10,47.74,-3.255,-48,-6,,,,,-6,48,,,,
5-7-13-10,T-5-7-13-10,T-5-7-13-10,113,64,5,7,13,10,48.825,-3.255,-49,-6,,,,,-6,49,,,,
6-7-13-10,T-6-7-13-10,T-6-7-13-10,114,64,6,7,13,10,49.91,-3.255,-50,-6,,,,,-6,50,,,,
7-7-13-10,T-7-7-13-10,T-7-7-13-10,115,64,7,7,13,10,50.995,-3.255,-51,-6,,,,,-6,51,,,,
8-7-13-10,T-8-7-13-10,T-8-7-13-10,116,64,8,7,13,10,52.08,-3.255,-52,-6,,,,,-6,52,,,,
9-7-13-10,T-9-7-13-10,T-9-7-13-10,117,64,9,7,13,10,53.165,-3.255,-53,-6,,,,,-6,53,,,,
9-1-14-10,T-9-1-14-10,T-9-1-14-10,126,70,9,1,14,10,62.93,3.255,-62,0,,,,,0,62,,,,
9-2-14-10,T-9-2-14-10,T-9-2-14-10,126,69,9,2,14,10,62.93,2.17,-62,-1,,,,,-1,62,,,,
9-3-14-10,T-9-3-14-10,T-9-3-14-10,126,68,9,3,14,10,62.93,1.085,-62,-2,,,,,-2,62,,,,
9-4-14-10,T-9-4-14-10,T-9-4-14-10,126,67,9,4,14,10,62.93,0,-62,-3,,,,,-3,62,,,,
9-5-14-10,T-9-5-14-10,T-9-5-14-10,126,66,9,5,14,10,62.93,-1.085,-62,-4,,,,,-4,62,,,,
9-6-14-10,T-9-6-14-10,T-9-6-14-10,126,65,9,6,14,10,62.93,-2.17,-62,-5,,,,,-5,62,,,,
1-7-14-10,T-1-7-14-10,T-1-7-14-10,118,64,1,7,14,10,54.25,-3.255,-54,-6,,,,,-6,54,,,,
2-7-14-10,T-2-7-14-10,T-2-7-14-10,119,64,2,7,14,10,55.335,-3.255,-55,-6,,,,,-6,55,,,,
3-7-14-10,T-3-7-14-10,T-3-7-14-10,120,64,3,7,14,10,56.42,-3.255,-56,-6,,,,,-6,56,,,,
4-7-14-10,T-4-7-14-10,T-4-7-14-10,121,64,4,7,14,10,57.505,-3.255,-57,-6,,,,,-6,57,,,,
5-7-14-10,T-5-7-14-10,T-5-7-14-10,122,64,5,7,14,10,58.59,-3.255,-58,-6,,,,,-6,58,,,,
6-7-14-10,T-6-7-14-10,T-6-7-14-10,123,64,6,7,14,10,59.675,-3.255,-59,-6,,,,,-6,59,,,,
7-7-14-10,T-7-7-14-10,T-7-7-14-10,124,64,7,7,14,10,60.76,-3.255,-60,-6,,,,,-6,60,,,,
8-7-14-10,T-8-7-14-10,T-8-7-14-10,125,64,8,7,14,10,61.845,-3.255,-61,-6,,,,,-6,61,,,,
9-7-14-10,T-9-7-14-10,T-9-7-14-10,126,64,9,7,14,10,62.93,-3.255,-62,-6,,,,,-6,62,,,,
9-1-15-10,T-9-1-15-10,T-9-1-15-10,135,70,9,1,15,10,72.695,3.255,-71,0,,,,,0,71,,,,
9-2-15-10,T-9-2-15-10,T-9-2-15-10,135,69,9,2,15,10,72.695,2.17,-71,-1,,,,,-1,71,,,,
9-3-15-10,T-9-3-15-10,T-9-3-15-10,135,68,9,3,15,10,72.695,1.085,-71,-2,,,,,-2,71,,,,
9-4-15-10,T-9-4-15-10,T-9-4-15-10,135,67,9,4,15,10,72.695,0,-71,-3,,,,,-3,71,,,,
9-5-15-10,T-9-5-15-10,T-9-5-15-10,135,66,9,5,15,10,72.695,-1.085,-71,-4,,,,,-4,71,,,,
9-6-15-10,T-9-6-15-10,T-9-6-15-10,135,65,9,6,15,10,72.695,-2.17,-71,-5,,,,,-5,71,,,,
1-7-15-10,T-1-7-15-10,T-1-7-15-10,127,64,1,7,15,10,64.015,-3.255,-63,-6,,,,,-6,63,,,,
2-7-15-10,T-2-7-15-10,T-2-7-15-10,128,64,2,7,15,10,65.1,-3.255,-64,-6,,,,,-6,64,,,,
3-7-15-10,T-3-7-15-10,T-3-7-15-10,129,64,3,7,15,10,66.185,-3.255,-65,-6,,,,,-6,65,,,,
4-7-15-10,T-4-7-15-10,T-4-7-15-10,130,64,4,7,15,10,67.27,-3.255,-66,-6,,,,,-6,66,,,,
5-7-15-10,T-5-7-15-10,T-5-7-15-10,131,64,5,7,15,10,68.355,-3.255,-67,-6,,,,,-6,67,,,,
6-7-15-10,T-6-7-15-10,T-6-7-15-10,132,64,6,7,15,10,69.44,-3.255,-68,-6,,,,,-6,68,,,,
7-7-15-10,T-7-7-15-10,T-7-7-15-10,133,64,7,7,15,10,70.525,-3.255,-69,-6,,,,,-6,69,,,,
8-7-15-10,T-8-7-15-10,T-8-7-15-10,134,64,8,7,15,10,71.61,-3.255,-70,-6,,,,,-6,70,,,,
9-7-15-10,T-9-7-15-10,T-9-7-15-10,135,64,9,7,15,10,72.695,-3.255,-71,-6,,,,,-6,71,,,,
9-1-1-9,T-9-1-1-9,T-9-1-1-9,9,63,9,1,1,9,-64.015,-4.34,55,-7,,,,,-7,-55,,,,
9-2-1-9,T-9-2-1-9,T-9-2-1-9,9,62,9,2,1,9,-64.015,-5.425,55,-8,,,,,-8,-55,,,,
9-3-1-9,T-9-3-1-9,T-9-3-1-9,9,61,9,3,1,9,-64.015,-6.51,55,-9,,,,,-9,-55,,,,
9-4-1-9,T-9-4-1-9,T-9-4-1-9,9,60,9,4,1,9,-64.015,-7.595,55,-10,,,,,-10,-55,,,,
9-5-1-9,T-9-5-1-9,T-9-5-1-9,9,59,9,5,1,9,-64.015,-8.68,55,-11,,,,,-11,-55,,,,
9-6-1-9,T-9-6-1-9,T-9-6-1-9,9,58,9,6,1,9,-64.015,-9.765,55,-12,,,,,-12,-55,,,,
1-7-1-9,T-1-7-1-9,T-1-7-1-9,1,57,1,7,1,9,-72.695,-10.85,63,-13,,,,,-13,-63,,,,
2-7-1-9,T-2-7-1-9,T-2-7-1-9,2,57,2,7,1,9,-71.61,-10.85,62,-13,,,,,-13,-62,,,,
3-7-1-9,T-3-7-1-9,T-3-7-1-9,3,57,3,7,1,9,-70.525,-10.85,61,-13,,,,,-13,-61,,,,
4-7-1-9,T-4-7-1-9,T-4-7-1-9,4,57,4,7,1,9,-69.44,-10.85,60,-13,,,,,-13,-60,,,,
5-7-1-9,T-5-7-1-9,T-5-7-1-9,5,57,5,7,1,9,-68.355,-10.85,59,-13,,,,,-13,-59,,,,
6-7-1-9,T-6-7-1-9,T-6-7-1-9,6,57,6,7,1,9,-67.27,-10.85,58,-13,,,,,-13,-58,,,,
7-7-1-9,T-7-7-1-9,T-7-7-1-9,7,57,7,7,1,9,-66.185,-10.85,57,-13,,,,,-13,-57,,,,
8-7-1-9,T-8-7-1-9,T-8-7-1-9,8,57,8,7,1,9,-65.1,-10.85,56,-13,,,,,-13,-56,,,,
9-7-1-9,T-9-7-1-9,T-9-7-1-9,9,57,9,7,1,9,-64.015,-10.85,55,-13,,,,,-13,-55,,,,
9-1-2-9,T-9-1-2-9,T-9-1-2-9,18,63,9,1,2,9,-54.25,-4.34,46,-7,,,,,-7,-46,,,,
9-2-2-9,T-9-2-2-9,T-9-2-2-9,18,62,9,2,2,9,-54.25,-5.425,46,-8,,,,,-8,-46,,,,
9-3-2-9,T-9-3-2-9,T-9-3-2-9,18,61,9,3,2,9,-54.25,-6.51,46,-9,,,,,-9,-46,,,,
9-4-2-9,T-9-4-2-9,T-9-4-2-9,18,60,9,4,2,9,-54.25,-7.595,46,-10,,,,,-10,-46,,,,
9-5-2-9,T-9-5-2-9,T-9-5-2-9,18,59,9,5,2,9,-54.25,-8.68,46,-11,,,,,-11,-46,,,,
9-6-2-9,T-9-6-2-9,T-9-6-2-9,18,58,9,6,2,9,-54.25,-9.765,46,-12,,,,,-12,-46,,,,
1-7-2-9,T-1-7-2-9,T-1-7-2-9,10,57,1,7,2,9,-62.93,-10.85,54,-13,,,,,-13,-54,,,,
2-7-2-9,T-2-7-2-9,T-2-7-2-9,11,57,2,7,2,9,-61.845,-10.85,53,-13,,,,,-13,-53,,,,
3-7-2-9,T-3-7-2-9,T-3-7-2-9,12,57,3,7,2,9,-60.76,-10.85,52,-13,,,,,-13,-52,,,,
4-7-2-9,T-4-7-2-9,T-4-7-2-9,13,57,4,7,2,9,-59.675,-10.85,51,-13,,,,,-13,-51,,,,
5-7-2-9,T-5-7-2-9,T-5-7-2-9,14,57,5,7,2,9,-58.59,-10.85,50,-13,,,,,-13,-50,,,,
6-7-2-9,T-6-7-2-9,T-6-7-2-9,15,57,6,7,2,9,-57.505,-10.85,49,-13,,,,,-13,-49,,,,
7-7-2-9,T-7-7-2-9,T-7-7-2-9,16,57,7,7,2,9,-56.42,-10.85,48,-13,,,,,-13,-48,,,,
8-7-2-9,T-8-7-2-9,T-8-7-2-9,17,57,8,7,2,9,-55.335,-10.85,47,-13,,,,,-13,-47,,,,
9-7-2-9,T-9-7-2-9,T-9-7-2-9,18,57,9,7,2,9,-54.25,-10.85,46,-13,,,,,-13,-46,,,,
9-1-3-9,T-9-1-3-9,T-9-1-3-9,27,63,9,1,3,9,-44.485,-4.34,37,-7,,,,,-7,-37,,,,
9-2-3-9,T-9-2-3-9,T-9-2-3-9,27,62,9,2,3,9,-44.485,-5.425,37,-8,,,,,-8,-37,,,,
9-3-3-9,T-9-3-3-9,T-9-3-3-9,27,61,9,3,3,9,-44.485,-6.51,37,-9,,,,,-9,-37,,,,
9-4-3-9,T-9-4-3-9,T-9-4-3-9,27,60,9,4,3,9,-44.485,-7.595,37,-10,,,,,-10,-37,,,,
9-5-3-9,T-9-5-3-9,T-9-5-3-9,27,59,9,5,3,9,-44.485,-8.68,37,-11,,,,,-11,-37,,,,
9-6-3-9,T-9-6-3-9,T-9-6-3-9,27,58,9,6,3,9,-44.485,-9.765,37,-12,,,,,-12,-37,,,,
1-7-3-9,T-1-7-3-9,T-1-7-3-9,19,57,1,7,3,9,-53.165,-10.85,45,-13,,,,,-13,-45,,,,
2-7-3-9,T-2-7-3-9,T-2-7-3-9,20,57,2,7,3,9,-52.08,-10.85,44,-13,,,,,-13,-44,,,,
3-7-3-9,T-3-7-3-9,T-3-7-3-9,21,57,3,7,3,9,-50.995,-10.85,43,-13,,,,,-13,-43,,,,
4-7-3-9,T-4-7-3-9,T-4-7-3-9,22,57,4,7,3,9,-49.91,-10.85,42,-13,,,,,-13,-42,,,,
5-7-3-9,T-5-7-3-9,T-5-7-3-9,23,57,5,7,3,9,-48.825,-10.85,41,-13,,,,,-13,-41,,,,
6-7-3-9,T-6-7-3-9,T-6-7-3-9,24,57,6,7,3,9,-47.74,-10.85,40,-13,,,,,-13,-40,,,,
7-7-3-9,T-7-7-3-9,T-7-7-3-9,25,57,7,7,3,9,-46.655,-10.85,39,-13,,,,,-13,-39,,,,
8-7-3-9,T-8-7-3-9,T-8-7-3-9,26,57,8,7,3,9,-45.57,-10.85,38,-13,,,,,-13,-38,,,,
9-7-3-9,T-9-7-3-9,T-9-7-3-9,27,57,9,7,3,9,-44.485,-10.85,37,-13,,,,,-13,-37,,,,
9-1-4-9,T-9-1-4-9,T-9-1-4-9,36,63,9,1,4,9,-34.72,-4.34,28,-7,,,,,-7,-28,,,,
9-2-4-9,T-9-2-4-9,T-9-2-4-9,36,62,9,2,4,9,-34.72,-5.425,28,-8,,,,,-8,-28,,,,
9-3-4-9,T-9-3-4-9,T-9-3-4-9,36,61,9,3,4,9,-34.72,-6.51,28,-9,,,,,-9,-28,,,,
9-4-4-9,T-9-4-4-9,T-9-4-4-9,36,60,9,4,4,9,-34.72,-7.595,28,-10,,,,,-10,-28,,,,
9-5-4-9,T-9-5-4-9,T-9-5-4-9,36,59,9,5,4,9,-34.72,-8.68,28,-11,,,,,-11,-28,,,,
9-6-4-9,T-9-6-4-9,T-9-6-4-9,36,58,9,6,4,9,-34.72,-9.765,28,-12,,,,,-12,-28,,,,
1-7-4-9,T-1-7-4-9,T-1-7-4-9,28,57,1,7,4,9,-43.4,-10.85,36,-13,,,,,-13,-36,,,,
2-7-4-9,T-2-7-4-9,T-2-7-4-9,29,57,2,7,4,9,-42.315,-10.85,35,-13,,,,,-13,-35,,,,
3-7-4-9,T-3-7-4-9,T-3-7-4-9,30,57,3,7,4,9,-41.23,-10.85,34,-13,,,,,-13,-34,,,,
4-7-4-9,T-4-7-4-9,T-4-7-4-9,31,57,4,7,4,9,-40.145,-10.85,33,-13,,,,,-13,-33,,,,
5-7-4-9,T-5-7-4-9,T-5-7-4-9,32,57,5,7,4,9,-39.06,-10.85,32,-13,,,,,-13,-32,,,,
6-7-4-9,T-6-7-4-9,T-6-7-4-9,33,57,6,7,4,9,-37.975,-10.85,31,-13,,,,,-13,-31,,,,
7-7-4-9,T-7-7-4-9,T-7-7-4-9,34,57,7,7,4,9,-36.89,-10.85,30,-13,,,,,-13,-30,,,,
8-7-4-9,T-8-7-4-9,T-8-7-4-9,35,57,8,7,4,9,-35.805,-10.85,29,-13,,,,,-13,-29,,,,
9-7-4-9,T-9-7-4-9,T-9-7-4-9,36,57,9,7,4,9,-34.72,-10.85,28,-13,,,,,-13,-28,,,,
9-1-5-9,T-9-1-5-9,T-9-1-5-9,45,63,9,1,5,9,-24.955,-4.34,19,-7,,,,,-7,-19,,,,
9-2-5-9,T-9-2-5-9,T-9-2-5-9,45,62,9,2,5,9,-24.955,-5.425,19,-8,,,,,-8,-19,,,,
9-3-5-9,T-9-3-5-9,T-9-3-5-9,45,61,9,3,5,9,-24.955,-6.51,19,-9,,,,,-9,-19,,,,
9-4-5-9,T-9-4-5-9,T-9-4-5-9,45,60,9,4,5,9,-24.955,-7.595,19,-10,,,,,-10,-19,,,,
9-5-5-9,T-9-5-5-9,T-9-5-5-9,45,59,9,5,5,9,-24.955,-8.68,19,-11,,,,,-11,-19,,,,
9-6-5-9,T-9-6-5-9,T-9-6-5-9,45,58,9,6,5,9,-24.955,-9.765,19,-12,,,,,-12,-19,,,,
1-7-5-9,T-1-7-5-9,T-1-7-5-9,37,57,1,7,5,9,-33.635,-10.85,27,-13,,,,,-13,-27,,,,
2-7-5-9,T-2-7-5-9,T-2-7-5-9,38,57,2,7,5,9,-32.55,-10.85,26,-13,,,,,-13,-26,,,,
3-7-5-9,T-3-7-5-9,T-3-7-5-9,39,57,3,7,5,9,-31.465,-10.85,25,-13,,,,,-13,-25,,,,
4-7-5-9,T-4-7-5-9,T-4-7-5-9,40,57,4,7,5,9,-30.38,-10.85,24,-13,,,,,-13,-24,,,,
5-7-5-9,T-5-7-5-9,T-5-7-5-9,41,57,5,7,5,9,-29.295,-10.85,23,-13,,,,,-13,-23,,,,
6-7-5-9,T-6-7-5-9,T-6-7-5-9,42,57,6,7,5,9,-28.21,-10.85,22,-13,,,,,-13,-22,,,,
7-7-5-9,T-7-7-5-9,T-7-7-5-9,43,57,7,7,5,9,-27.125,-10.85,21,-13,,,,,-13,-21,,,,
8-7-5-9,T-8-7-5-9,T-8-7-5-9,44,57,8,7,5,9,-26.04,-10.85,20,-13,,,,,-13,-20,,,,
9-7-5-9,T-9-7-5-9,T-9-7-5-9,45,57,9,7,5,9,-24.955,-10.85,19,-13,,,,,-13,-19,,,,
9-1-6-9,T-9-1-6-9,T-9-1-6-9,54,63,9,1,6,9,-15.19,-4.34,10,-7,,,,,-7,-10,,,,
9-2-6-9,T-9-2-6-9,T-9-2-6-9,54,62,9,2,6,9,-15.19,-5.425,10,-8,,,,,-8,-10,,,,
9-3-6-9,T-9-3-6-9,T-9-3-6-9,54,61,9,3,6,9,-15.19,-6.51,10,-9,,,,,-9,-10,,,,
9-4-6-9,T-9-4-6-9,T-9-4-6-9,54,60,9,4,6,9,-15.19,-7.595,10,-10,,,,,-10,-10,,,,
9-5-6-9,T-9-5-6-9,T-9-5-6-9,54,59,9,5,6,9,-15.19,-8.68,10,-11,,,,,-11,-10,,,,
9-6-6-9,T-9-6-6-9,T-9-6-6-9,54,58,9,6,6,9,-15.19,-9.765,10,-12,,,,,-12,-10,,,,
1-7-6-9,T-1-7-6-9,T-1-7-6-9,46,57,1,7,6,9,-23.87,-10.85,18,-13,,,,,-13,-18,,,,
2-7-6-9,T-2-7-6-9,T-2-7-6-9,47,57,2,7,6,9,-22.785,-10.85,17,-13,,,,,-13,-17,,,,
3-7-6-9,T-3-7-6-9,T-3-7-6-9,48,57,3,7,6,9,-21.7,-10.85,16,-13,,,,,-13,-16,,,,
4-7-6-9,T-4-7-6-9,T-4-7-6-9,49,57,4,7,6,9,-20.615,-10.85,15,-13,,,,,-13,-15,,,,
5-7-6-9,T-5-7-6-9,T-5-7-6-9,50,57,5,7,6,9,-19.53,-10.85,14,-13,,,,,-13,-14,,,,
6-7-6-9,T-6-7-6-9,T-6-7-6-9,51,57,6,7,6,9,-18.445,-10.85,13,-13,,,,,-13,-13,,,,
7-7-6-9,T-7-7-6-9,T-7-7-6-9,52,57,7,7,6,9,-17.36,-10.85,12,-13,,,,,-13,-12,,,,
8-7-6-9,T-8-7-6-9,T-8-7-6-9,53,57,8,7,6,9,-16.275,-10.85,11,-13,,,,,-13,-11,,,,
9-7-6-9,T-9-7-6-9,T-9-7-6-9,54,57,9,7,6,9,-15.19,-10.85,10,-13,,,,,-13,-10,,,,
9-1-7-9,T-9-1-7-9,T-9-1-7-9,63,63,9,1,7,9,-5.425,-4.34,1,-7,,,,,-7,-1,,,,
9-2-7-9,T-9-2-7-9,T-9-2-7-9,63,62,9,2,7,9,-5.425,-5.425,1,-8,,,,,-8,-1,,,,
9-3-7-9,T-9-3-7-9,T-9-3-7-9,63,61,9,3,7,9,-5.425,-6.51,1,-9,,,,,-9,-1,,,,
9-4-7-9,T-9-4-7-9,T-9-4-7-9,63,60,9,4,7,9,-5.425,-7.595,1,-10,,,,,-10,-1,,,,
9-5-7-9,T-9-5-7-9,T-9-5-7-9,63,59,9,5,7,9,-5.425,-8.68,1,-11,,,,,-11,-1,,,,
9-6-7-9,T-9-6-7-9,T-9-6-7-9,63,58,9,6,7,9,-5.425,-9.765,1,-12,,,,,-12,-1,,,,
1-7-7-9,T-1-7-7-9,T-1-7-7-9,55,57,1,7,7,9,-14.105,-10.85,9,-13,,,,,-13,-9,,,,
2-7-7-9,T-2-7-7-9,T-2-7-7-9,56,57,2,7,7,9,-13.02,-10.85,8,-13,,,,,-13,-8,,,,
3-7-7-9,T-3-7-7-9,T-3-7-7-9,57,57,3,7,7,9,-11.935,-10.85,7,-13,,,,,-13,-7,,,,
4-7-7-9,T-4-7-7-9,T-4-7-7-9,58,57,4,7,7,9,-10.85,-10.85,6,-13,,,,,-13,-6,,,,
5-7-7-9,T-5-7-7-9,T-5-7-7-9,59,57,5,7,7,9,-9.765,-10.85,5,-13,,,,,-13,-5,,,,
6-7-7-9,T-6-7-7-9,T-6-7-7-9,60,57,6,7,7,9,-8.68,-10.85,4,-13,,,,,-13,-4,,,,
7-7-7-9,T-7-7-7-9,T-7-7-7-9,61,57,7,7,7,9,-7.595,-10.85,3,-13,,,,,-13,-3,,,,
8-7-7-9,T-8-7-7-9,T-8-7-7-9,62,57,8,7,7,9,-6.51,-10.85,2,-13,,,,,-13,-2,,,,
9-7-7-9,T-9-7-7-9,T-9-7-7-9,63,57,9,7,7,9,-5.425,-10.85,1,-13,,,,,-13,-1,,,,
9-1-8-9,T-9-1-8-9,T-9-1-8-9,72,63,9,1,8,9,4.34,-4.34,-8,-7,,,,,-7,8,,,,
9-2-8-9,T-9-2-8-9,T-9-2-8-9,72,62,9,2,8,9,4.34,-5.425,-8,-8,,,,,-8,8,,,,
9-3-8-9,T-9-3-8-9,T-9-3-8-9,72,61,9,3,8,9,4.34,-6.51,-8,-9,,,,,-9,8,,,,
9-4-8-9,T-9-4-8-9,T-9-4-8-9,72,60,9,4,8,9,4.34,-7.595,-8,-10,,,,,-10,8,,,,
9-5-8-9,T-9-5-8-9,T-9-5-8-9,72,59,9,5,8,9,4.34,-8.68,-8,-11,,,,,-11,8,,,,
9-6-8-9,T-9-6-8-9,T-9-6-8-9,72,58,9,6,8,9,4.34,-9.765,-8,-12,,,,,-12,8,,,,
1-7-8-9,T-1-7-8-9,T-1-7-8-9,64,57,1,7,8,9,-4.34,-10.85,0,-13,,,,,-13,0,,,,
2-7-8-9,T-2-7-8-9,T-2-7-8-9,65,57,2,7,8,9,-3.255,-10.85,-1,-13,,,,,-13,1,,,,
3-7-8-9,T-3-7-8-9,T-3-7-8-9,66,57,3,7,8,9,-2.17,-10.85,-2,-13,,,,,-13,2,,,,
4-7-8-9,T-4-7-8-9,T-4-7-8-9,67,57,4,7,8,9,-1.085,-10.85,-3,-13,,,,,-13,3,,,,
5-7-8-9,T-5-7-8-9,T-5-7-8-9,68,57,5,7,8,9,0,-10.85,-4,-13,,,,,-13,4,,,,
6-7-8-9,T-6-7-8-9,T-6-7-8-9,69,57,6,7,8,9,1.085,-10.85,-5,-13,,,,,-13,5,,,,
7-7-8-9,T-7-7-8-9,T-7-7-8-9,70,57,7,7,8,9,2.17,-10.85,-6,-13,,,,,-13,6,,,,
8-7-8-9,T-8-7-8-9,T-8-7-8-9,71,57,8,7,8,9,3.255,-10.85,-7,-13,,,,,-13,7,,,,
9-7-8-9,T-9-7-8-9,T-9-7-8-9,72,57,9,7,8,9,4.34,-10.85,-8,-13,,,,,-13,8,,,,
9-1-9-9,T-9-1-9-9,T-9-1-9-9,81,63,9,1,9,9,14.105,-4.34,-17,-7,,,,,-7,17,,,,
9-2-9-9,T-9-2-9-9,T-9-2-9-9,81,62,9,2,9,9,14.105,-5.425,-17,-8,,,,,-8,17,,,,
9-3-9-9,T-9-3-9-9,T-9-3-9-9,81,61,9,3,9,9,14.105,-6.51,-17,-9,,,,,-9,17,,,,
9-4-9-9,T-9-4-9-9,T-9-4-9-9,81,60,9,4,9,9,14.105,-7.595,-17,-10,,,,,-10,17,,,,
9-5-9-9,T-9-5-9-9,T-9-5-9-9,81,59,9,5,9,9,14.105,-8.68,-17,-11,,,,,-11,17,,,,
9-6-9-9,T-9-6-9-9,T-9-6-9-9,81,58,9,6,9,9,14.105,-9.765,-17,-12,,,,,-12,17,,,,
1-7-9-9,T-1-7-9-9,T-1-7-9-9,73,57,1,7,9,9,5.425,-10.85,-9,-13,,,,,-13,9,,,,
2-7-9-9,T-2-7-9-9,T-2-7-9-9,74,57,2,7,9,9,6.51,-10.85,-10,-13,,,,,-13,10,,,,
3-7-9-9,T-3-7-9-9,T-3-7-9-9,75,57,3,7,9,9,7.595,-10.85,-11,-13,,,,,-13,11,,,,
4-7-9-9,T-4-7-9-9,T-4-7-9-9,76,57,4,7,9,9,8.68,-10.85,-12,-13,,,,,-13,12,,,,
5-7-9-9,T-5-7-9-9,T-5-7-9-9,77,57,5,7,9,9,9.765,-10.85,-13,-13,,,,,-13,13,,,,
6-7-9-9,T-6-7-9-9,T-6-7-9-9,78,57,6,7,9,9,10.85,-10.85,-14,-13,,,,,-13,14,,,,
7-7-9-9,T-7-7-9-9,T-7-7-9-9,79,57,7,7,9,9,11.935,-10.85,-15,-13,,,,,-13,15,,,,
8-7-9-9,T-8-7-9-9,T-8-7-9-9,80,57,8,7,9,9,13.02,-10.85,-16,-13,,,,,-13,16,,,,
9-7-9-9,T-9-7-9-9,T-9-7-9-9,81,57,9,7,9,9,14.105,-10.85,-17,-13,,,,,-13,17,,,,
9-1-10-9,T-9-1-10-9,T-9-1-10-9,90,63,9,1,10,9,23.87,-4.34,-26,-7,,,,,-7,26,,,,
9-2-10-9,T-9-2-10-9,T-9-2-10-9,90,62,9,2,10,9,23.87,-5.425,-26,-8,,,,,-8,26,,,,
9-3-10-9,T-9-3-10-9,T-9-3-10-9,90,61,9,3,10,9,23.87,-6.51,-26,-9,,,,,-9,26,,,,
9-4-10-9,T-9-4-10-9,T-9-4-10-9,90,60,9,4,10,9,23.87,-7.595,-26,-10,,,,,-10,26,,,,
9-5-10-9,T-9-5-10-9,T-9-5-10-9,90,59,9,5,10,9,23.87,-8.68,-26,-11,,,,,-11,26,,,,
9-6-10-9,T-9-6-10-9,T-9-6-10-9,90,58,9,6,10,9,23.87,-9.765,-26,-12,,,,,-12,26,,,,
1-7-10-9,T-1-7-10-9,T-1-7-10-9,82,57,1,7,10,9,15.19,-10.85,-18,-13,,,,,-13,18,,,,
2-7-10-9,T-2-7-10-9,T-2-7-10-9,83,57,2,7,10,9,16.275,-10.85,-19,-13,,,,,-13,19,,,,
3-7-10-9,T-3-7-10-9,T-3-7-10-9,84,57,3,7,10,9,17.36,-10.85,-20,-13,,,,,-13,20,,,,
4-7-10-9,T-4-7-10-9,T-4-7-10-9,85,57,4,7,10,9,18.445,-10.85,-21,-13,,,,,-13,21,,,,
5-7-10-9,T-5-7-10-9,T-5-7-10-9,86,57,5,7,10,9,19.53,-10.85,-22,-13,,,,,-13,22,,,,
6-7-10-9,T-6-7-10-9,T-6-7-10-9,87,57,6,7,10,9,20.615,-10.85,-23,-13,,,,,-13,23,,,,
7-7-10-9,T-7-7-10-9,T-7-7-10-9,88,57,7,7,10,9,21.7,-10.85,-24,-13,,,,,-13,24,,,,
8-7-10-9,T-8-7-10-9,T-8-7-10-9,89,57,8,7,10,9,22.785,-10.85,-25,-13,,,,,-13,25,,,,
9-7-10-9,T-9-7-10-9,T-9-7-10-9,90,57,9,7,10,9,23.87,-10.85,-26,-13,,,,,-13,26,,,,
9-1-11-9,T-9-1-11-9,T-9-1-11-9,99,63,9,1,11,9,33.635,-4.34,-35,-7,,,,,-7,35,,,,
9-2-11-9,T-9-2-11-9,T-9-2-11-9,99,62,9,2,11,9,33.635,-5.425,-35,-8,,,,,-8,35,,,,
9-3-11-9,T-9-3-11-9,T-9-3-11-9,99,61,9,3,11,9,33.635,-6.51,-35,-9,,,,,-9,35,,,,
9-4-11-9,T-9-4-11-9,T-9-4-11-9,99,60,9,4,11,9,33.635,-7.595,-35,-10,,,,,-10,35,,,,
9-5-11-9,T-9-5-11-9,T-9-5-11-9,99,59,9,5,11,9,33.635,-8.68,-35,-11,,,,,-11,35,,,,
9-6-11-9,T-9-6-11-9,T-9-6-11-9,99,58,9,6,11,9,33.635,-9.765,-35,-12,,,,,-12,35,,,,
1-7-11-9,T-1-7-11-9,T-1-7-11-9,91,57,1,7,11,9,24.955,-10.85,-27,-13,,,,,-13,27,,,,
2-7-11-9,T-2-7-11-9,T-2-7-11-9,92,57,2,7,11,9,26.04,-10.85,-28,-13,,,,,-13,28,,,,
3-7-11-9,T-3-7-11-9,T-3-7-11-9,93,57,3,7,11,9,27.125,-10.85,-29,-13,,,,,-13,29,,,,
4-7-11-9,T-4-7-11-9,T-4-7-11-9,94,57,4,7,11,9,28.21,-10.85,-30,-13,,,,,-13,30,,,,
5-7-11-9,T-5-7-11-9,T-5-7-11-9,95,57,5,7,11,9,29.295,-10.85,-31,-13,,,,,-13,31,,,,
6-7-11-9,T-6-7-11-9,T-6-7-11-9,96,57,6,7,11,9,30.38,-10.85,-32,-13,,,,,-13,32,,,,
7-7-11-9,T-7-7-11-9,T-7-7-11-9,97,57,7,7,11,9,31.465,-10.85,-33,-13,,,,,-13,33,,,,
8-7-11-9,T-8-7-11-9,T-8-7-11-9,98,57,8,7,11,9,32.55,-10.85,-34,-13,,,,,-13,34,,,,
9-7-11-9,T-9-7-11-9,T-9-7-11-9,99,57,9,7,11,9,33.635,-10.85,-35,-13,,,,,-13,35,,,,
9-1-12-9,T-9-1-12-9,T-9-1-12-9,108,63,9,1,12,9,43.4,-4.34,-44,-7,,,,,-7,44,,,,
9-2-12-9,T-9-2-12-9,T-9-2-12-9,108,62,9,2,12,9,43.4,-5.425,-44,-8,,,,,-8,44,,,,
9-3-12-9,T-9-3-12-9,T-9-3-12-9,108,61,9,3,12,9,43.4,-6.51,-44,-9,,,,,-9,44,,,,
9-4-12-9,T-9-4-12-9,T-9-4-12-9,108,60,9,4,12,9,43.4,-7.595,-44,-10,,,,,-10,44,,,,
9-5-12-9,T-9-5-12-9,T-9-5-12-9,108,59,9,5,12,9,43.4,-8.68,-44,-11,,,,,-11,44,,,,
9-6-12-9,T-9-6-12-9,T-9-6-12-9,108,58,9,6,12,9,43.4,-9.765,-44,-12,,,,,-12,44,,,,
1-7-12-9,T-1-7-12-9,T-1-7-12-9,100,57,1,7,12,9,34.72,-10.85,-36,-13,,,,,-13,36,,,,
2-7-12-9,T-2-7-12-9,T-2-7-12-9,101,57,2,7,12,9,35.805,-10.85,-37,-13,,,,,-13,37,,,,
3-7-12-9,T-3-7-12-9,T-3-7-12-9,102,57,3,7,12,9,36.89,-10.85,-38,-13,,,,,-13,38,,,,
4-7-12-9,T-4-7-12-9,T-4-7-12-9,103,57,4,7,12,9,37.975,-10.85,-39,-13,,,,,-13,39,,,,
5-7-12-9,T-5-7-12-9,T-5-7-12-9,104,57,5,7,12,9,39.06,-10.85,-40,-13,,,,,-13,40,,,,
6-7-12-9,T-6-7-12-9,T-6-7-12-9,105,57,6,7,12,9,40.145,-10.85,-41,-13,,,,,-13,41,,,,
7-7-12-9,T-7-7-12-9,T-7-7-12-9,106,57,7,7,12,9,41.23,-10.85,-42,-13,,,,,-13,42,,,,
8-7-12-9,T-8-7-12-9,T-8-7-12-9,107,57,8,7,12,9,42.315,-10.85,-43,-13,,,,,-13,43,,,,
9-7-12-9,T-9-7-12-9,T-9-7-12-9,108,57,9,7,12,9,43.4,-10.85,-44,-13,,,,,-13,44,,,,
9-1-13-9,T-9-1-13-9,T-9-1-13-9,117,63,9,1,13,9,53.165,-4.34,-53,-7,,,,,-7,53,,,,
9-2-13-9,T-9-2-13-9,T-9-2-13-9,117,62,9,2,13,9,53.165,-5.425,-53,-8,,,,,-8,53,,,,
9-3-13-9,T-9-3-13-9,T-9-3-13-9,117,61,9,3,13,9,53.165,-6.51,-53,-9,,,,,-9,53,,,,
9-4-13-9,T-9-4-13-9,T-9-4-13-9,117,60,9,4,13,9,53.165,-7.595,-53,-10,,,,,-10,53,,,,
9-5-13-9,T-9-5-13-9,T-9-5-13-9,117,59,9,5,13,9,53.165,-8.68,-53,-11,,,,,-11,53,,,,
9-6-13-9,T-9-6-13-9,T-9-6-13-9,117,58,9,6,13,9,53.165,-9.765,-53,-12,,,,,-12,53,,,,
1-7-13-9,T-1-7-13-9,T-1-7-13-9,109,57,1,7,13,9,44.485,-10.85,-45,-13,,,,,-13,45,,,,
2-7-13-9,T-2-7-13-9,T-2-7-13-9,110,57,2,7,13,9,45.57,-10.85,-46,-13,,,,,-13,46,,,,
3-7-13-9,T-3-7-13-9,T-3-7-13-9,111,57,3,7,13,9,46.655,-10.85,-47,-13,,,,,-13,47,,,,
4-7-13-9,T-4-7-13-9,T-4-7-13-9,112,57,4,7,13,9,47.74,-10.85,-48,-13,,,,,-13,48,,,,
5-7-13-9,T-5-7-13-9,T-5-7-13-9,113,57,5,7,13,9,48.825,-10.85,-49,-13,,,,,-13,49,,,,
6-7-13-9,T-6-7-13-9,T-6-7-13-9,114,57,6,7,13,9,49.91,-10.85,-50,-13,,,,,-13,50,,,,
7-7-13-9,T-7-7-13-9,T-7-7-13-9,115,57,7,7,13,9,50.995,-10.85,-51,-13,,,,,-13,51,,,,
8-7-13-9,T-8-7-13-9,T-8-7-13-9,116,57,8,7,13,9,52.08,-10.85,-52,-13,,,,,-13,52,,,,
9-7-13-9,T-9-7-13-9,T-9-7-13-9,117,57,9,7,13,9,53.165,-10.85,-53,-13,,,,,-13,53,,,,
9-1-14-9,T-9-1-14-9,T-9-1-14-9,126,63,9,1,14,9,62.93,-4.34,-62,-7,,,,,-7,62,,,,
9-2-14-9,T-9-2-14-9,T-9-2-14-9,126,62,9,2,14,9,62.93,-5.425,-62,-8,,,,,-8,62,,,,
9-3-14-9,T-9-3-14-9,T-9-3-14-9,126,61,9,3,14,9,62.93,-6.51,-62,-9,,,,,-9,62,,,,
9-4-14-9,T-9-4-14-9,T-9-4-14-9,126,60,9,4,14,9,62.93,-7.595,-62,-10,,,,,-10,62,,,,
9-5-14-9,T-9-5-14-9,T-9-5-14-9,126,59,9,5,14,9,62.93,-8.68,-62,-11,,,,,-11,62,,,,
9-6-14-9,T-9-6-14-9,T-9-6-14-9,126,58,9,6,14,9,62.93,-9.765,-62,-12,,,,,-12,62,,,,
1-7-14-9,T-1-7-14-9,T-1-7-14-9,118,57,1,7,14,9,54.25,-10.85,-54,-13,,,,,-13,54,,,,
2-7-14-9,T-2-7-14-9,T-2-7-14-9,119,57,2,7,14,9,55.335,-10.85,-55,-13,,,,,-13,55,,,,
3-7-14-9,T-3-7-14-9,T-3-7-14-9,120,57,3,7,14,9,56.42,-10.85,-56,-13,,,,,-13,56,,,,
4-7-14-9,T-4-7-14-9,T-4-7-14-9,121,57,4,7,14,9,57.505,-10.85,-57,-13,,,,,-13,57,,,,
5-7-14-9,T-5-7-14-9,T-5-7-14-9,122,57,5,7,14,9,58.59,-10.85,-58,-13,,,,,-13,58,,,,
6-7-14-9,T-6-7-14-9,T-6-7-14-9,123,57,6,7,14,9,59.675,-10.85,-59,-13,,,,,-13,59,,,,
7-7-14-9,T-7-7-14-9,T-7-7-14-9,124,57,7,7,14,9,60.76,-10.85,-60,-13,,,,,-13,60,,,,
8-7-14-9,T-8-7-14-9,T-8-7-14-9,125,57,8,7,14,9,61.845,-10.85,-61,-13,,,,,-13,61,,,,
9-7-14-9,T-9-7-14-9,T-9-7-14-9,126,57,9,7,14,9,62.93,-10.85,-62,-13,,,,,-13,62,,,,
9-1-15-9,T-9-1-15-9,T-9-1-15-9,135,63,9,1,15,9,72.695,-4.34,-71,-7,,,,,-7,71,,,,
9-2-15-9,T-9-2-15-9,T-9-2-15-9,135,62,9,2,15,9,72.695,-5.425,-71,-8,,,,,-8,71,,,,
9-3-15-9,T-9-3-15-9,T-9-3-15-9,135,61,9,3,15,9,72.695,-6.51,-71,-9,,,,,-9,71,,,,
9-4-15-9,T-9-4-15-9,T-9-4-15-9,135,60,9,4,15,9,72.695,-7.595,-71,-10,,,,,-10,71,,,,
9-5-15-9,T-9-5-15-9,T-9-5-15-9,135,59,9,5,15,9,72.695,-8.68,-71,-11,,,,,-11,71,,,,
9-6-15-9,T-9-6-15-9,T-9-6-15-9,135,58,9,6,15,9,72.695,-9.765,-71,-12,,,,,-12,71,,,,
1-7-15-9,T-1-7-15-9,T-1-7-15-9,127,57,1,7,15,9,64.015,-10.85,-63,-13,,,,,-13,63,,,,
2-7-15-9,T-2-7-15-9,T-2-7-15-9,128,57,2,7,15,9,65.1,-10.85,-64,-13,,,,,-13,64,,,,
3-7-15-9,T-3-7-15-9,T-3-7-15-9,129,57,3,7,15,9,66.185,-10.85,-65,-13,,,,,-13,65,,,,
4-7-15-9,T-4-7-15-9,T-4-7-15-9,130,57,4,7,15,9,67.27,-10.85,-66,-13,,,,,-13,66,,,,
5-7-15-9,T-5-7-15-9,T-5-7-15-9,131,57,5,7,15,9,68.355,-10.85,-67,-13,,,,,-13,67,,,,
6-7-15-9,T-6-7-15-9,T-6-7-15-9,132,57,6,7,15,9,69.44,-10.85,-68,-13,,,,,-13,68,,,,
7-7-15-9,T-7-7-15-9,T-7-7-15-9,133,57,7,7,15,9,70.525,-10.85,-69,-13,,,,,-13,69,,,,
8-7-15-9,T-8-7-15-9,T-8-7-15-9,134,57,8,7,15,9,71.61,-10.85,-70,-13,,,,,-13,70,,,,
9-7-15-9,T-9-7-15-9,T-9-7-15-9,135,57,9,7,15,9,72.695,-10.85,-71,-13,,,,,-13,71,,,,
9-1-2-8,T-9-1-2-8,T-9-1-2-8,18,56,9,1,2,8,-54.25,-11.935,46,-14,,,,,-14,-46,,,,
9-2-2-8,T-9-2-2-8,T-9-2-2-8,18,55,9,2,2,8,-54.25,-13.02,46,-15,,,,,-15,-46,,,,
9-3-2-8,T-9-3-2-8,T-9-3-2-8,18,54,9,3,2,8,-54.25,-14.105,46,-16,,,,,-16,-46,,,,
9-4-2-8,T-9-4-2-8,T-9-4-2-8,18,53,9,4,2,8,-54.25,-15.19,46,-17,,,,,-17,-46,,,,
9-5-2-8,T-9-5-2-8,T-9-5-2-8,18,52,9,5,2,8,-54.25,-16.275,46,-18,,,,,-18,-46,,,,
9-6-2-8,T-9-6-2-8,T-9-6-2-8,18,51,9,6,2,8,-54.25,-17.36,46,-19,,,,,-19,-46,,,,
1-7-2-8,T-1-7-2-8,T-1-7-2-8,10,50,1,7,2,8,-62.93,-18.445,54,-20,,,,,-20,-54,,,,
2-7-2-8,T-2-7-2-8,T-2-7-2-8,11,50,2,7,2,8,-61.845,-18.445,53,-20,,,,,-20,-53,,,,
3-7-2-8,T-3-7-2-8,T-3-7-2-8,12,50,3,7,2,8,-60.76,-18.445,52,-20,,,,,-20,-52,,,,
4-7-2-8,T-4-7-2-8,T-4-7-2-8,13,50,4,7,2,8,-59.675,-18.445,51,-20,,,,,-20,-51,,,,
5-7-2-8,T-5-7-2-8,T-5-7-2-8,14,50,5,7,2,8,-58.59,-18.445,50,-20,,,,,-20,-50,,,,
6-7-2-8,T-6-7-2-8,T-6-7-2-8,15,50,6,7,2,8,-57.505,-18.445,49,-20,,,,,-20,-49,,,,
7-7-2-8,T-7-7-2-8,T-7-7-2-8,16,50,7,7,2,8,-56.42,-18.445,48,-20,,,,,-20,-48,,,,
8-7-2-8,T-8-7-2-8,T-8-7-2-8,17,50,8,7,2,8,-55.335,-18.445,47,-20,,,,,-20,-47,,,,
9-7-2-8,T-9-7-2-8,T-9-7-2-8,18,50,9,7,2,8,-54.25,-18.445,46,-20,,,,,-20,-46,,,,
9-1-3-8,T-9-1-3-8,T-9-1-3-8,27,56,9,1,3,8,-44.485,-11.935,37,-14,,,,,-14,-37,,,,
9-2-3-8,T-9-2-3-8,T-9-2-3-8,27,55,9,2,3,8,-44.485,-13.02,37,-15,,,,,-15,-37,,,,
9-3-3-8,T-9-3-3-8,T-9-3-3-8,27,54,9,3,3,8,-44.485,-14.105,37,-16,,,,,-16,-37,,,,
9-4-3-8,T-9-4-3-8,T-9-4-3-8,27,53,9,4,3,8,-44.485,-15.19,37,-17,,,,,-17,-37,,,,
9-5-3-8,T-9-5-3-8,T-9-5-3-8,27,52,9,5,3,8,-44.485,-16.275,37,-18,,,,,-18,-37,,,,
9-6-3-8,T-9-6-3-8,T-9-6-3-8,27,51,9,6,3,8,-44.485,-17.36,37,-19,,,,,-19,-37,,,,
1-7-3-8,T-1-7-3-8,T-1-7-3-8,19,50,1,7,3,8,-53.165,-18.445,45,-20,,,,,-20,-45,,,,
2-7-3-8,T-2-7-3-8,T-2-7-3-8,20,50,2,7,3,8,-52.08,-18.445,44,-20,,,,,-20,-44,,,,
3-7-3-8,T-3-7-3-8,T-3-7-3-8,21,50,3,7,3,8,-50.995,-18.445,43,-20,,,,,-20,-43,,,,
4-7-3-8,T-4-7-3-8,T-4-7-3-8,22,50,4,7,3,8,-49.91,-18.445,42,-20,,,,,-20,-42,,,,
5-7-3-8,T-5-7-3-8,T-5-7-3-8,23,50,5,7,3,8,-48.825,-18.445,41,-20,,,,,-20,-41,,,,
6-7-3-8,T-6-7-3-8,T-6-7-3-8,24,50,6,7,3,8,-47.74,-18.445,40,-20,,,,,-20,-40,,,,
7-7-3-8,T-7-7-3-8,T-7-7-3-8,25,50,7,7,3,8,-46.655,-18.445,39,-20,,,,,-20,-39,,,,
8-7-3-8,T-8-7-3-8,T-8-7-3-8,26,50,8,7,3,8,-45.57,-18.445,38,-20,,,,,-20,-38,,,,
9-7-3-8,T-9-7-3-8,T-9-7-3-8,27,50,9,7,3,8,-44.485,-18.445,37,-20,,,,,-20,-37,,,,
9-1-4-8,T-9-1-4-8,T-9-1-4-8,36,56,9,1,4,8,-34.72,-11.935,28,-14,,,,,-14,-28,,,,
9-2-4-8,T-9-2-4-8,T-9-2-4-8,36,55,9,2,4,8,-34.72,-13.02,28,-15,,,,,-15,-28,,,,
9-3-4-8,T-9-3-4-8,T-9-3-4-8,36,54,9,3,4,8,-34.72,-14.105,28,-16,,,,,-16,-28,,,,
9-4-4-8,T-9-4-4-8,T-9-4-4-8,36,53,9,4,4,8,-34.72,-15.19,28,-17,,,,,-17,-28,,,,
9-5-4-8,T-9-5-4-8,T-9-5-4-8,36,52,9,5,4,8,-34.72,-16.275,28,-18,,,,,-18,-28,,,,
9-6-4-8,T-9-6-4-8,T-9-6-4-8,36,51,9,6,4,8,-34.72,-17.36,28,-19,,,,,-19,-28,,,,
1-7-4-8,T-1-7-4-8,T-1-7-4-8,28,50,1,7,4,8,-43.4,-18.445,36,-20,,,,,-20,-36,,,,
2-7-4-8,T-2-7-4-8,T-2-7-4-8,29,50,2,7,4,8,-42.315,-18.445,35,-20,,,,,-20,-35,,,,
3-7-4-8,T-3-7-4-8,T-3-7-4-8,30,50,3,7,4,8,-41.23,-18.445,34,-20,,,,,-20,-34,,,,
4-7-4-8,T-4-7-4-8,T-4-7-4-8,31,50,4,7,4,8,-40.145,-18.445,33,-20,,,,,-20,-33,,,,
5-7-4-8,T-5-7-4-8,T-5-7-4-8,32,50,5,7,4,8,-39.06,-18.445,32,-20,,,,,-20,-32,,,,
6-7-4-8,T-6-7-4-8,T-6-7-4-8,33,50,6,7,4,8,-37.975,-18.445,31,-20,,,,,-20,-31,,,,
7-7-4-8,T-7-7-4-8,T-7-7-4-8,34,50,7,7,4,8,-36.89,-18.445,30,-20,,,,,-20,-30,,,,
8-7-4-8,T-8-7-4-8,T-8-7-4-8,35,50,8,7,4,8,-35.805,-18.445,29,-20,,,,,-20,-29,,,,
9-7-4-8,T-9-7-4-8,T-9-7-4-8,36,50,9,7,4,8,-34.72,-18.445,28,-20,,,,,-20,-28,,,,
9-1-5-8,T-9-1-5-8,T-9-1-5-8,45,56,9,1,5,8,-24.955,-11.935,19,-14,,,,,-14,-19,,,,
9-2-5-8,T-9-2-5-8,T-9-2-5-8,45,55,9,2,5,8,-24.955,-13.02,19,-15,,,,,-15,-19,,,,
9-3-5-8,T-9-3-5-8,T-9-3-5-8,45,54,9,3,5,8,-24.955,-14.105,19,-16,,,,,-16,-19,,,,
9-4-5-8,T-9-4-5-8,T-9-4-5-8,45,53,9,4,5,8,-24.955,-15.19,19,-17,,,,,-17,-19,,,,
9-5-5-8,T-9-5-5-8,T-9-5-5-8,45,52,9,5,5,8,-24.955,-16.275,19,-18,,,,,-18,-19,,,,
9-6-5-8,T-9-6-5-8,T-9-6-5-8,45,51,9,6,5,8,-24.955,-17.36,19,-19,,,,,-19,-19,,,,
1-7-5-8,T-1-7-5-8,T-1-7-5-8,37,50,1,7,5,8,-33.635,-18.445,27,-20,,,,,-20,-27,,,,
2-7-5-8,T-2-7-5-8,T-2-7-5-8,38,50,2,7,5,8,-32.55,-18.445,26,-20,,,,,-20,-26,,,,
3-7-5-8,T-3-7-5-8,T-3-7-5-8,39,50,3,7,5,8,-31.465,-18.445,25,-20,,,,,-20,-25,,,,
4-7-5-8,T-4-7-5-8,T-4-7-5-8,40,50,4,7,5,8,-30.38,-18.445,24,-20,,,,,-20,-24,,,,
5-7-5-8,T-5-7-5-8,T-5-7-5-8,41,50,5,7,5,8,-29.295,-18.445,23,-20,,,,,-20,-23,,,,
6-7-5-8,T-6-7-5-8,T-6-7-5-8,42,50,6,7,5,8,-28.21,-18.445,22,-20,,,,,-20,-22,,,,
7-7-5-8,T-7-7-5-8,T-7-7-5-8,43,50,7,7,5,8,-27.125,-18.445,21,-20,,,,,-20,-21,,,,
8-7-5-8,T-8-7-5-8,T-8-7-5-8,44,50,8,7,5,8,-26.04,-18.445,20,-20,,,,,-20,-20,,,,
9-7-5-8,T-9-7-5-8,T-9-7-5-8,45,50,9,7,5,8,-24.955,-18.445,19,-20,,,,,-20,-19,,,,
9-1-6-8,T-9-1-6-8,T-9-1-6-8,54,56,9,1,6,8,-15.19,-11.935,10,-14,,,,,-14,-10,,,,
9-2-6-8,T-9-2-6-8,T-9-2-6-8,54,55,9,2,6,8,-15.19,-13.02,10,-15,,,,,-15,-10,,,,
9-3-6-8,T-9-3-6-8,T-9-3-6-8,54,54,9,3,6,8,-15.19,-14.105,10,-16,,,,,-16,-10,,,,
9-4-6-8,T-9-4-6-8,T-9-4-6-8,54,53,9,4,6,8,-15.19,-15.19,10,-17,,,,,-17,-10,,,,
9-5-6-8,T-9-5-6-8,T-9-5-6-8,54,52,9,5,6,8,-15.19,-16.275,10,-18,,,,,-18,-10,,,,
9-6-6-8,T-9-6-6-8,T-9-6-6-8,54,51,9,6,6,8,-15.19,-17.36,10,-19,,,,,-19,-10,,,,
1-7-6-8,T-1-7-6-8,T-1-7-6-8,46,50,1,7,6,8,-23.87,-18.445,18,-20,,,,,-20,-18,,,,
2-7-6-8,T-2-7-6-8,T-2-7-6-8,47,50,2,7,6,8,-22.785,-18.445,17,-20,,,,,-20,-17,,,,
3-7-6-8,T-3-7-6-8,T-3-7-6-8,48,50,3,7,6,8,-21.7,-18.445,16,-20,,,,,-20,-16,,,,
4-7-6-8,T-4-7-6-8,T-4-7-6-8,49,50,4,7,6,8,-20.615,-18.445,15,-20,,,,,-20,-15,,,,
5-7-6-8,T-5-7-6-8,T-5-7-6-8,50,50,5,7,6,8,-19.53,-18.445,14,-20,,,,,-20,-14,,,,
6-7-6-8,T-6-7-6-8,T-6-7-6-8,51,50,6,7,6,8,-18.445,-18.445,13,-20,,,,,-20,-13,,,,
7-7-6-8,T-7-7-6-8,T-7-7-6-8,52,50,7,7,6,8,-17.36,-18.445,12,-20,,,,,-20,-12,,,,
8-7-6-8,T-8-7-6-8,T-8-7-6-8,53,50,8,7,6,8,-16.275,-18.445,11,-20,,,,,-20,-11,,,,
9-7-6-8,T-9-7-6-8,T-9-7-6-8,54,50,9,7,6,8,-15.19,-18.445,10,-20,,,,,-20,-10,,,,
9-1-7-8,T-9-1-7-8,T-9-1-7-8,63,56,9,1,7,8,-5.425,-11.935,1,-14,,,,,-14,-1,,,,
9-2-7-8,T-9-2-7-8,T-9-2-7-8,63,55,9,2,7,8,-5.425,-13.02,1,-15,,,,,-15,-1,,,,
9-3-7-8,T-9-3-7-8,T-9-3-7-8,63,54,9,3,7,8,-5.425,-14.105,1,-16,,,,,-16,-1,,,,
9-4-7-8,T-9-4-7-8,T-9-4-7-8,63,53,9,4,7,8,-5.425,-15.19,1,-17,,,,,-17,-1,,,,
9-5-7-8,T-9-5-7-8,T-9-5-7-8,63,52,9,5,7,8,-5.425,-16.275,1,-18,,,,,-18,-1,,,,
9-6-7-8,T-9-6-7-8,T-9-6-7-8,63,51,9,6,7,8,-5.425,-17.36,1,-19,,,,,-19,-1,,,,
1-7-7-8,T-1-7-7-8,T-1-7-7-8,55,50,1,7,7,8,-14.105,-18.445,9,-20,,,,,-20,-9,,,,
2-7-7-8,T-2-7-7-8,T-2-7-7-8,56,50,2,7,7,8,-13.02,-18.445,8,-20,,,,,-20,-8,,,,
3-7-7-8,T-3-7-7-8,T-3-7-7-8,57,50,3,7,7,8,-11.935,-18.445,7,-20,,,,,-20,-7,,,,
4-7-7-8,T-4-7-7-8,T-4-7-7-8,58,50,4,7,7,8,-10.85,-18.445,6,-20,,,,,-20,-6,,,,
5-7-7-8,T-5-7-7-8,T-5-7-7-8,59,50,5,7,7,8,-9.765,-18.445,5,-20,,,,,-20,-5,,,,
6-7-7-8,T-6-7-7-8,T-6-7-7-8,60,50,6,7,7,8,-8.68,-18.445,4,-20,,,,,-20,-4,,,,
7-7-7-8,T-7-7-7-8,T-7-7-7-8,61,50,7,7,7,8,-7.595,-18.445,3,-20,,,,,-20,-3,,,,
8-7-7-8,T-8-7-7-8,T-8-7-7-8,62,50,8,7,7,8,-6.51,-18.445,2,-20,,,,,-20,-2,,,,
9-7-7-8,T-9-7-7-8,T-9-7-7-8,63,50,9,7,7,8,-5.425,-18.445,1,-20,,,,,-20,-1,,,,
9-1-8-8,T-9-1-8-8,T-9-1-8-8,72,56,9,1,8,8,4.34,-11.935,-8,-14,,,,,-14,8,,,,
9-2-8-8,T-9-2-8-8,T-9-2-8-8,72,55,9,2,8,8,4.34,-13.02,-8,-15,,,,,-15,8,,,,
9-3-8-8,T-9-3-8-8,T-9-3-8-8,72,54,9,3,8,8,4.34,-14.105,-8,-16,,,,,-16,8,,,,
9-4-8-8,T-9-4-8-8,T-9-4-8-8,72,53,9,4,8,8,4.34,-15.19,-8,-17,,,,,-17,8,,,,
9-5-8-8,T-9-5-8-8,T-9-5-8-8,72,52,9,5,8,8,4.34,-16.275,-8,-18,,,,,-18,8,,,,
9-6-8-8,T-9-6-8-8,T-9-6-8-8,72,51,9,6,8,8,4.34,-17.36,-8,-19,,,,,-19,8,,,,
1-7-8-8,T-1-7-8-8,T-1-7-8-8,64,50,1,7,8,8,-4.34,-18.445,0,-20,,,,,-20,0,,,,
2-7-8-8,T-2-7-8-8,T-2-7-8-8,65,50,2,7,8,8,-3.255,-18.445,-1,-20,,,,,-20,1,,,,
3-7-8-8,T-3-7-8-8,T-3-7-8-8,66,50,3,7,8,8,-2.17,-18.445,-2,-20,,,,,-20,2,,,,
4-7-8-8,T-4-7-8-8,T-4-7-8-8,67,50,4,7,8,8,-1.085,-18.445,-3,-20,,,,,-20,3,,,,
5-7-8-8,T-5-7-8-8,T-5-7-8-8,68,50,5,7,8,8,0,-18.445,-4,-20,,,,,-20,4,,,,
6-7-8-8,T-6-7-8-8,T-6-7-8-8,69,50,6,7,8,8,1.085,-18.445,-5,-20,,,,,-20,5,,,,
7-7-8-8,T-7-7-8-8,T-7-7-8-8,70,50,7,7,8,8,2.17,-18.445,-6,-20,,,,,-20,6,,,,
8-7-8-8,T-8-7-8-8,T-8-7-8-8,71,50,8,7,8,8,3.255,-18.445,-7,-20,,,,,-20,7,,,,
9-7-8-8,T-9-7-8-8,T-9-7-8-8,72,50,9,7,8,8,4.34,-18.445,-8,-20,,,,,-20,8,,,,
9-1-9-8,T-9-1-9-8,T-9-1-9-8,81,56,9,1,9,8,14.105,-11.935,-17,-14,,,,,-14,17,,,,
9-2-9-8,T-9-2-9-8,T-9-2-9-8,81,55,9,2,9,8,14.105,-13.02,-17,-15,,,,,-15,17,,,,
9-3-9-8,T-9-3-9-8,T-9-3-9-8,81,54,9,3,9,8,14.105,-14.105,-17,-16,,,,,-16,17,,,,
9-4-9-8,T-9-4-9-8,T-9-4-9-8,81,53,9,4,9,8,14.105,-15.19,-17,-17,,,,,-17,17,,,,
9-5-9-8,T-9-5-9-8,T-9-5-9-8,81,52,9,5,9,8,14.105,-16.275,-17,-18,,,,,-18,17,,,,
9-6-9-8,T-9-6-9-8,T-9-6-9-8,81,51,9,6,9,8,14.105,-17.36,-17,-19,,,,,-19,17,,,,
1-7-9-8,T-1-7-9-8,T-1-7-9-8,73,50,1,7,9,8,5.425,-18.445,-9,-20,,,,,-20,9,,,,
2-7-9-8,T-2-7-9-8,T-2-7-9-8,74,50,2,7,9,8,6.51,-18.445,-10,-20,,,,,-20,10,,,,
3-7-9-8,T-3-7-9-8,T-3-7-9-8,75,50,3,7,9,8,7.595,-18.445,-11,-20,,,,,-20,11,,,,
4-7-9-8,T-4-7-9-8,T-4-7-9-8,76,50,4,7,9,8,8.68,-18.445,-12,-20,,,,,-20,12,,,,
5-7-9-8,T-5-7-9-8,T-5-7-9-8,77,50,5,7,9,8,9.765,-18.445,-13,-20,,,,,-20,13,,,,
6-7-9-8,T-6-7-9-8,T-6-7-9-8,78,50,6,7,9,8,10.85,-18.445,-14,-20,,,,,-20,14,,,,
7-7-9-8,T-7-7-9-8,T-7-7-9-8,79,50,7,7,9,8,11.935,-18.445,-15,-20,,,,,-20,15,,,,
8-7-9-8,T-8-7-9-8,T-8-7-9-8,80,50,8,7,9,8,13.02,-18.445,-16,-20,,,,,-20,16,,,,
9-7-9-8,T-9-7-9-8,T-9-7-9-8,81,50,9,7,9,8,14.105,-18.445,-17,-20,,,,,-20,17,,,,
9-1-10-8,T-9-1-10-8,T-9-1-10-8,90,56,9,1,10,8,23.87,-11.935,-26,-14,,,,,-14,26,,,,
9-2-10-8,T-9-2-10-8,T-9-2-10-8,90,55,9,2,10,8,23.87,-13.02,-26,-15,,,,,-15,26,,,,
9-3-10-8,T-9-3-10-8,T-9-3-10-8,90,54,9,3,10,8,23.87,-14.105,-26,-16,,,,,-16,26,,,,
9-4-10-8,T-9-4-10-8,T-9-4-10-8,90,53,9,4,10,8,23.87,-15.19,-26,-17,,,,,-17,26,,,,
9-5-10-8,T-9-5-10-8,T-9-5-10-8,90,52,9,5,10,8,23.87,-16.275,-26,-18,,,,,-18,26,,,,
9-6-10-8,T-9-6-10-8,T-9-6-10-8,90,51,9,6,10,8,23.87,-17.36,-26,-19,,,,,-19,26,,,,
1-7-10-8,T-1-7-10-8,T-1-7-10-8,82,50,1,7,10,8,15.19,-18.445,-18,-20,,,,,-20,18,,,,
2-7-10-8,T-2-7-10-8,T-2-7-10-8,83,50,2,7,10,8,16.275,-18.445,-19,-20,,,,,-20,19,,,,
3-7-10-8,T-3-7-10-8,T-3-7-10-8,84,50,3,7,10,8,17.36,-18.445,-20,-20,,,,,-20,20,,,,
4-7-10-8,T-4-7-10-8,T-4-7-10-8,85,50,4,7,10,8,18.445,-18.445,-21,-20,,,,,-20,21,,,,
5-7-10-8,T-5-7-10-8,T-5-7-10-8,86,50,5,7,10,8,19.53,-18.445,-22,-20,,,,,-20,22,,,,
6-7-10-8,T-6-7-10-8,T-6-7-10-8,87,50,6,7,10,8,20.615,-18.445,-23,-20,,,,,-20,23,,,,
7-7-10-8,T-7-7-10-8,T-7-7-10-8,88,50,7,7,10,8,21.7,-18.445,-24,-20,,,,,-20,24,,,,
8-7-10-8,T-8-7-10-8,T-8-7-10-8,89,50,8,7,10,8,22.785,-18.445,-25,-20,,,,,-20,25,,,,
9-7-10-8,T-9-7-10-8,T-9-7-10-8,90,50,9,7,10,8,23.87,-18.445,-26,-20,,,,,-20,26,,,,
9-1-11-8,T-9-1-11-8,T-9-1-11-8,99,56,9,1,11,8,33.635,-11.935,-35,-14,,,,,-14,35,,,,
9-2-11-8,T-9-2-11-8,T-9-2-11-8,99,55,9,2,11,8,33.635,-13.02,-35,-15,,,,,-15,35,,,,
9-3-11-8,T-9-3-11-8,T-9-3-11-8,99,54,9,3,11,8,33.635,-14.105,-35,-16,,,,,-16,35,,,,
9-4-11-8,T-9-4-11-8,T-9-4-11-8,99,53,9,4,11,8,33.635,-15.19,-35,-17,,,,,-17,35,,,,
9-5-11-8,T-9-5-11-8,T-9-5-11-8,99,52,9,5,11,8,33.635,-16.275,-35,-18,,,,,-18,35,,,,
9-6-11-8,T-9-6-11-8,T-9-6-11-8,99,51,9,6,11,8,33.635,-17.36,-35,-19,,,,,-19,35,,,,
1-7-11-8,T-1-7-11-8,T-1-7-11-8,91,50,1,7,11,8,24.955,-18.445,-27,-20,,,,,-20,27,,,,
2-7-11-8,T-2-7-11-8,T-2-7-11-8,92,50,2,7,11,8,26.04,-18.445,-28,-20,,,,,-20,28,,,,
3-7-11-8,T-3-7-11-8,T-3-7-11-8,93,50,3,7,11,8,27.125,-18.445,-29,-20,,,,,-20,29,,,,
4-7-11-8,T-4-7-11-8,T-4-7-11-8,94,50,4,7,11,8,28.21,-18.445,-30,-20,,,,,-20,30,,,,
5-7-11-8,T-5-7-11-8,T-5-7-11-8,95,50,5,7,11,8,29.295,-18.445,-31,-20,,,,,-20,31,,,,
6-7-11-8,T-6-7-11-8,T-6-7-11-8,96,50,6,7,11,8,30.38,-18.445,-32,-20,,,,,-20,32,,,,
7-7-11-8,T-7-7-11-8,T-7-7-11-8,97,50,7,7,11,8,31.465,-18.445,-33,-20,,,,,-20,33,,,,
8-7-11-8,T-8-7-11-8,T-8-7-11-8,98,50,8,7,11,8,32.55,-18.445,-34,-20,,,,,-20,34,,,,
9-7-11-8,T-9-7-11-8,T-9-7-11-8,99,50,9,7,11,8,33.635,-18.445,-35,-20,,,,,-20,35,,,,
9-1-12-8,T-9-1-12-8,T-9-1-12-8,108,56,9,1,12,8,43.4,-11.935,-44,-14,,,,,-14,44,,,,
9-2-12-8,T-9-2-12-8,T-9-2-12-8,108,55,9,2,12,8,43.4,-13.02,-44,-15,,,,,-15,44,,,,
9-3-12-8,T-9-3-12-8,T-9-3-12-8,108,54,9,3,12,8,43.4,-14.105,-44,-16,,,,,-16,44,,,,
9-4-12-8,T-9-4-12-8,T-9-4-12-8,108,53,9,4,12,8,43.4,-15.19,-44,-17,,,,,-17,44,,,,
9-5-12-8,T-9-5-12-8,T-9-5-12-8,108,52,9,5,12,8,43.4,-16.275,-44,-18,,,,,-18,44,,,,
9-6-12-8,T-9-6-12-8,T-9-6-12-8,108,51,9,6,12,8,43.4,-17.36,-44,-19,,,,,-19,44,,,,
1-7-12-8,T-1-7-12-8,T-1-7-12-8,100,50,1,7,12,8,34.72,-18.445,-36,-20,,,,,-20,36,,,,
2-7-12-8,T-2-7-12-8,T-2-7-12-8,101,50,2,7,12,8,35.805,-18.445,-37,-20,,,,,-20,37,,,,
3-7-12-8,T-3-7-12-8,T-3-7-12-8,102,50,3,7,12,8,36.89,-18.445,-38,-20,,,,,-20,38,,,,
4-7-12-8,T-4-7-12-8,T-4-7-12-8,103,50,4,7,12,8,37.975,-18.445,-39,-20,,,,,-20,39,,,,
5-7-12-8,T-5-7-12-8,T-5-7-12-8,104,50,5,7,12,8,39.06,-18.445,-40,-20,,,,,-20,40,,,,
6-7-12-8,T-6-7-12-8,T-6-7-12-8,105,50,6,7,12,8,40.145,-18.445,-41,-20,,,,,-20,41,,,,
7-7-12-8,T-7-7-12-8,T-7-7-12-8,106,50,7,7,12,8,41.23,-18.445,-42,-20,,,,,-20,42,,,,
8-7-12-8,T-8-7-12-8,T-8-7-12-8,107,50,8,7,12,8,42.315,-18.445,-43,-20,,,,,-20,43,,,,
9-7-12-8,T-9-7-12-8,T-9-7-12-8,108,50,9,7,12,8,43.4,-18.445,-44,-20,,,,,-20,44,,,,
9-1-13-8,T-9-1-13-8,T-9-1-13-8,117,56,9,1,13,8,53.165,-11.935,-53,-14,,,,,-14,53,,,,
9-2-13-8,T-9-2-13-8,T-9-2-13-8,117,55,9,2,13,8,53.165,-13.02,-53,-15,,,,,-15,53,,,,
9-3-13-8,T-9-3-13-8,T-9-3-13-8,117,54,9,3,13,8,53.165,-14.105,-53,-16,,,,,-16,53,,,,
9-4-13-8,T-9-4-13-8,T-9-4-13-8,117,53,9,4,13,8,53.165,-15.19,-53,-17,,,,,-17,53,,,,
9-5-13-8,T-9-5-13-8,T-9-5-13-8,117,52,9,5,13,8,53.165,-16.275,-53,-18,,,,,-18,53,,,,
9-6-13-8,T-9-6-13-8,T-9-6-13-8,117,51,9,6,13,8,53.165,-17.36,-53,-19,,,,,-19,53,,,,
1-7-13-8,T-1-7-13-8,T-1-7-13-8,109,50,1,7,13,8,44.485,-18.445,-45,-20,,,,,-20,45,,,,
2-7-13-8,T-2-7-13-8,T-2-7-13-8,110,50,2,7,13,8,45.57,-18.445,-46,-20,,,,,-20,46,,,,
3-7-13-8,T-3-7-13-8,T-3-7-13-8,111,50,3,7,13,8,46.655,-18.445,-47,-20,,,,,-20,47,,,,
4-7-13-8,T-4-7-13-8,T-4-7-13-8,112,50,4,7,13,8,47.74,-18.445,-48,-20,,,,,-20,48,,,,
5-7-13-8,T-5-7-13-8,T-5-7-13-8,113,50,5,7,13,8,48.825,-18.445,-49,-20,,,,,-20,49,,,,
6-7-13-8,T-6-7-13-8,T-6-7-13-8,114,50,6,7,13,8,49.91,-18.445,-50,-20,,,,,-20,50,,,,
7-7-13-8,T-7-7-13-8,T-7-7-13-8,115,50,7,7,13,8,50.995,-18.445,-51,-20,,,,,-20,51,,,,
8-7-13-8,T-8-7-13-8,T-8-7-13-8,116,50,8,7,13,8,52.08,-18.445,-52,-20,,,,,-20,52,,,,
9-7-13-8,T-9-7-13-8,T-9-7-13-8,117,50,9,7,13,8,53.165,-18.445,-53,-20,,,,,-20,53,,,,
9-1-14-8,T-9-1-14-8,T-9-1-14-8,126,56,9,1,14,8,62.93,-11.935,-62,-14,,,,,-14,62,,,,
9-2-14-8,T-9-2-14-8,T-9-2-14-8,126,55,9,2,14,8,62.93,-13.02,-62,-15,,,,,-15,62,,,,
9-3-14-8,T-9-3-14-8,T-9-3-14-8,126,54,9,3,14,8,62.93,-14.105,-62,-16,,,,,-16,62,,,,
9-4-14-8,T-9-4-14-8,T-9-4-14-8,126,53,9,4,14,8,62.93,-15.19,-62,-17,,,,,-17,62,,,,
9-5-14-8,T-9-5-14-8,T-9-5-14-8,126,52,9,5,14,8,62.93,-16.275,-62,-18,,,,,-18,62,,,,
9-6-14-8,T-9-6-14-8,T-9-6-14-8,126,51,9,6,14,8,62.93,-17.36,-62,-19,,,,,-19,62,,,,
1-7-14-8,T-1-7-14-8,T-1-7-14-8,118,50,1,7,14,8,54.25,-18.445,-54,-20,,,,,-20,54,,,,
2-7-14-8,T-2-7-14-8,T-2-7-14-8,119,50,2,7,14,8,55.335,-18.445,-55,-20,,,,,-20,55,,,,
3-7-14-8,T-3-7-14-8,T-3-7-14-8,120,50,3,7,14,8,56.42,-18.445,-56,-20,,,,,-20,56,,,,
4-7-14-8,T-4-7-14-8,T-4-7-14-8,121,50,4,7,14,8,57.505,-18.445,-57,-20,,,,,-20,57,,,,
5-7-14-8,T-5-7-14-8,T-5-7-14-8,122,50,5,7,14,8,58.59,-18.445,-58,-20,,,,,-20,58,,,,
6-7-14-8,T-6-7-14-8,T-6-7-14-8,123,50,6,7,14,8,59.675,-18.445,-59,-20,,,,,-20,59,,,,
7-7-14-8,T-7-7-14-8,T-7-7-14-8,124,50,7,7,14,8,60.76,-18.445,-60,-20,,,,,-20,60,,,,
8-7-14-8,T-8-7-14-8,T-8-7-14-8,125,50,8,7,14,8,61.845,-18.445,-61,-20,,,,,-20,61,,,,
9-7-14-8,T-9-7-14-8,T-9-7-14-8,126,50,9,7,14,8,62.93,-18.445,-62,-20,,,,,-20,62,,,,
9-1-2-7,T-9-1-2-7,T-9-1-2-7,18,49,9,1,2,7,-54.25,-19.53,46,-21,,,,,-21,-46,,,,
9-2-2-7,T-9-2-2-7,T-9-2-2-7,18,48,9,2,2,7,-54.25,-20.615,46,-22,,,,,-22,-46,,,,
9-3-2-7,T-9-3-2-7,T-9-3-2-7,18,47,9,3,2,7,-54.25,-21.7,46,-23,,,,,-23,-46,,,,
9-4-2-7,T-9-4-2-7,T-9-4-2-7,18,46,9,4,2,7,-54.25,-22.785,46,-24,,,,,-24,-46,,,,
9-5-2-7,T-9-5-2-7,T-9-5-2-7,18,45,9,5,2,7,-54.25,-23.87,46,-25,,,,,-25,-46,,,,
9-6-2-7,T-9-6-2-7,T-9-6-2-7,18,44,9,6,2,7,-54.25,-24.955,46,-26,,,,,-26,-46,,,,
1-7-2-7,T-1-7-2-7,T-1-7-2-7,10,43,1,7,2,7,-62.93,-26.04,54,-27,,,,,-27,-54,,,,
2-7-2-7,T-2-7-2-7,T-2-7-2-7,11,43,2,7,2,7,-61.845,-26.04,53,-27,,,,,-27,-53,,,,
3-7-2-7,T-3-7-2-7,T-3-7-2-7,12,43,3,7,2,7,-60.76,-26.04,52,-27,,,,,-27,-52,,,,
4-7-2-7,T-4-7-2-7,T-4-7-2-7,13,43,4,7,2,7,-59.675,-26.04,51,-27,,,,,-27,-51,,,,
5-7-2-7,T-5-7-2-7,T-5-7-2-7,14,43,5,7,2,7,-58.59,-26.04,50,-27,,,,,-27,-50,,,,
6-7-2-7,T-6-7-2-7,T-6-7-2-7,15,43,6,7,2,7,-57.505,-26.04,49,-27,,,,,-27,-49,,,,
7-7-2-7,T-7-7-2-7,T-7-7-2-7,16,43,7,7,2,7,-56.42,-26.04,48,-27,,,,,-27,-48,,,,
8-7-2-7,T-8-7-2-7,T-8-7-2-7,17,43,8,7,2,7,-55.335,-26.04,47,-27,,,,,-27,-47,,,,
9-7-2-7,T-9-7-2-7,T-9-7-2-7,18,43,9,7,2,7,-54.25,-26.04,46,-27,,,,,-27,-46,,,,
9-1-3-7,T-9-1-3-7,T-9-1-3-7,27,49,9,1,3,7,-44.485,-19.53,37,-21,,,,,-21,-37,,,,
9-2-3-7,T-9-2-3-7,T-9-2-3-7,27,48,9,2,3,7,-44.485,-20.615,37,-22,,,,,-22,-37,,,,
9-3-3-7,T-9-3-3-7,T-9-3-3-7,27,47,9,3,3,7,-44.485,-21.7,37,-23,,,,,-23,-37,,,,
9-4-3-7,T-9-4-3-7,T-9-4-3-7,27,46,9,4,3,7,-44.485,-22.785,37,-24,,,,,-24,-37,,,,
9-5-3-7,T-9-5-3-7,T-9-5-3-7,27,45,9,5,3,7,-44.485,-23.87,37,-25,,,,,-25,-37,,,,
9-6-3-7,T-9-6-3-7,T-9-6-3-7,27,44,9,6,3,7,-44.485,-24.955,37,-26,,,,,-26,-37,,,,
1-7-3-7,T-1-7-3-7,T-1-7-3-7,19,43,1,7,3,7,-53.165,-26.04,45,-27,,,,,-27,-45,,,,
2-7-3-7,T-2-7-3-7,T-2-7-3-7,20,43,2,7,3,7,-52.08,-26.04,44,-27,,,,,-27,-44,,,,
3-7-3-7,T-3-7-3-7,T-3-7-3-7,21,43,3,7,3,7,-50.995,-26.04,43,-27,,,,,-27,-43,,,,
4-7-3-7,T-4-7-3-7,T-4-7-3-7,22,43,4,7,3,7,-49.91,-26.04,42,-27,,,,,-27,-42,,,,
5-7-3-7,T-5-7-3-7,T-5-7-3-7,23,43,5,7,3,7,-48.825,-26.04,41,-27,,,,,-27,-41,,,,
6-7-3-7,T-6-7-3-7,T-6-7-3-7,24,43,6,7,3,7,-47.74,-26.04,40,-27,,,,,-27,-40,,,,
7-7-3-7,T-7-7-3-7,T-7-7-3-7,25,43,7,7,3,7,-46.655,-26.04,39,-27,,,,,-27,-39,,,,
8-7-3-7,T-8-7-3-7,T-8-7-3-7,26,43,8,7,3,7,-45.57,-26.04,38,-27,,,,,-27,-38,,,,
9-7-3-7,T-9-7-3-7,T-9-7-3-7,27,43,9,7,3,7,-44.485,-26.04,37,-27,,,,,-27,-37,,,,
9-1-4-7,T-9-1-4-7,T-9-1-4-7,36,49,9,1,4,7,-34.72,-19.53,28,-21,,,,,-21,-28,,,,
9-2-4-7,T-9-2-4-7,T-9-2-4-7,36,48,9,2,4,7,-34.72,-20.615,28,-22,,,,,-22,-28,,,,
9-3-4-7,T-9-3-4-7,T-9-3-4-7,36,47,9,3,4,7,-34.72,-21.7,28,-23,,,,,-23,-28,,,,
9-4-4-7,T-9-4-4-7,T-9-4-4-7,36,46,9,4,4,7,-34.72,-22.785,28,-24,,,,,-24,-28,,,,
9-5-4-7,T-9-5-4-7,T-9-5-4-7,36,45,9,5,4,7,-34.72,-23.87,28,-25,,,,,-25,-28,,,,
9-6-4-7,T-9-6-4-7,T-9-6-4-7,36,44,9,6,4,7,-34.72,-24.955,28,-26,,,,,-26,-28,,,,
1-7-4-7,T-1-7-4-7,T-1-7-4-7,28,43,1,7,4,7,-43.4,-26.04,36,-27,,,,,-27,-36,,,,
2-7-4-7,T-2-7-4-7,T-2-7-4-7,29,43,2,7,4,7,-42.315,-26.04,35,-27,,,,,-27,-35,,,,
3-7-4-7,T-3-7-4-7,T-3-7-4-7,30,43,3,7,4,7,-41.23,-26.04,34,-27,,,,,-27,-34,,,,
4-7-4-7,T-4-7-4-7,T-4-7-4-7,31,43,4,7,4,7,-40.145,-26.04,33,-27,,,,,-27,-33,,,,
5-7-4-7,T-5-7-4-7,T-5-7-4-7,32,43,5,7,4,7,-39.06,-26.04,32,-27,,,,,-27,-32,,,,
6-7-4-7,T-6-7-4-7,T-6-7-4-7,33,43,6,7,4,7,-37.975,-26.04,31,-27,,,,,-27,-31,,,,
7-7-4-7,T-7-7-4-7,T-7-7-4-7,34,43,7,7,4,7,-36.89,-26.04,30,-27,,,,,-27,-30,,,,
8-7-4-7,T-8-7-4-7,T-8-7-4-7,35,43,8,7,4,7,-35.805,-26.04,29,-27,,,,,-27,-29,,,,
9-7-4-7,T-9-7-4-7,T-9-7-4-7,36,43,9,7,4,7,-34.72,-26.04,28,-27,,,,,-27,-28,,,,
9-1-5-7,T-9-1-5-7,T-9-1-5-7,45,49,9,1,5,7,-24.955,-19.53,19,-21,,,,,-21,-19,,,,
9-2-5-7,T-9-2-5-7,T-9-2-5-7,45,48,9,2,5,7,-24.955,-20.615,19,-22,,,,,-22,-19,,,,
9-3-5-7,T-9-3-5-7,T-9-3-5-7,45,47,9,3,5,7,-24.955,-21.7,19,-23,,,,,-23,-19,,,,
9-4-5-7,T-9-4-5-7,T-9-4-5-7,45,46,9,4,5,7,-24.955,-22.785,19,-24,,,,,-24,-19,,,,
9-5-5-7,T-9-5-5-7,T-9-5-5-7,45,45,9,5,5,7,-24.955,-23.87,19,-25,,,,,-25,-19,,,,
9-6-5-7,T-9-6-5-7,T-9-6-5-7,45,44,9,6,5,7,-24.955,-24.955,19,-26,,,,,-26,-19,,,,
1-7-5-7,T-1-7-5-7,T-1-7-5-7,37,43,1,7,5,7,-33.635,-26.04,27,-27,,,,,-27,-27,,,,
2-7-5-7,T-2-7-5-7,T-2-7-5-7,38,43,2,7,5,7,-32.55,-26.04,26,-27,,,,,-27,-26,,,,
3-7-5-7,T-3-7-5-7,T-3-7-5-7,39,43,3,7,5,7,-31.465,-26.04,25,-27,,,,,-27,-25,,,,
4-7-5-7,T-4-7-5-7,T-4-7-5-7,40,43,4,7,5,7,-30.38,-26.04,24,-27,,,,,-27,-24,,,,
5-7-5-7,T-5-7-5-7,T-5-7-5-7,41,43,5,7,5,7,-29.295,-26.04,23,-27,,,,,-27,-23,,,,
6-7-5-7,T-6-7-5-7,T-6-7-5-7,42,43,6,7,5,7,-28.21,-26.04,22,-27,,,,,-27,-22,,,,
7-7-5-7,T-7-7-5-7,T-7-7-5-7,43,43,7,7,5,7,-27.125,-26.04,21,-27,,,,,-27,-21,,,,
8-7-5-7,T-8-7-5-7,T-8-7-5-7,44,43,8,7,5,7,-26.04,-26.04,20,-27,,,,,-27,-20,,,,
9-7-5-7,T-9-7-5-7,T-9-7-5-7,45,43,9,7,5,7,-24.955,-26.04,19,-27,,,,,-27,-19,,,,
9-1-6-7,T-9-1-6-7,T-9-1-6-7,54,49,9,1,6,7,-15.19,-19.53,10,-21,,,,,-21,-10,,,,
9-2-6-7,T-9-2-6-7,T-9-2-6-7,54,48,9,2,6,7,-15.19,-20.615,10,-22,,,,,-22,-10,,,,
9-3-6-7,T-9-3-6-7,T-9-3-6-7,54,47,9,3,6,7,-15.19,-21.7,10,-23,,,,,-23,-10,,,,
9-4-6-7,T-9-4-6-7,T-9-4-6-7,54,46,9,4,6,7,-15.19,-22.785,10,-24,,,,,-24,-10,,,,
9-5-6-7,T-9-5-6-7,T-9-5-6-7,54,45,9,5,6,7,-15.19,-23.87,10,-25,,,,,-25,-10,,,,
9-6-6-7,T-9-6-6-7,T-9-6-6-7,54,44,9,6,6,7,-15.19,-24.955,10,-26,,,,,-26,-10,,,,
1-7-6-7,T-1-7-6-7,T-1-7-6-7,46,43,1,7,6,7,-23.87,-26.04,18,-27,,,,,-27,-18,,,,
2-7-6-7,T-2-7-6-7,T-2-7-6-7,47,43,2,7,6,7,-22.785,-26.04,17,-27,,,,,-27,-17,,,,
3-7-6-7,T-3-7-6-7,T-3-7-6-7,48,43,3,7,6,7,-21.7,-26.04,16,-27,,,,,-27,-16,,,,
4-7-6-7,T-4-7-6-7,T-4-7-6-7,49,43,4,7,6,7,-20.615,-26.04,15,-27,,,,,-27,-15,,,,
5-7-6-7,T-5-7-6-7,T-5-7-6-7,50,43,5,7,6,7,-19.53,-26.04,14,-27,,,,,-27,-14,,,,
6-7-6-7,T-6-7-6-7,T-6-7-6-7,51,43,6,7,6,7,-18.445,-26.04,13,-27,,,,,-27,-13,,,,
7-7-6-7,T-7-7-6-7,T-7-7-6-7,52,43,7,7,6,7,-17.36,-26.04,12,-27,,,,,-27,-12,,,,
8-7-6-7,T-8-7-6-7,T-8-7-6-7,53,43,8,7,6,7,-16.275,-26.04,11,-27,,,,,-27,-11,,,,
9-7-6-7,T-9-7-6-7,T-9-7-6-7,54,43,9,7,6,7,-15.19,-26.04,10,-27,,,,,-27,-10,,,,
9-1-7-7,T-9-1-7-7,T-9-1-7-7,63,49,9,1,7,7,-5.425,-19.53,1,-21,,,,,-21,-1,,,,
9-2-7-7,T-9-2-7-7,T-9-2-7-7,63,48,9,2,7,7,-5.425,-20.615,1,-22,,,,,-22,-1,,,,
9-3-7-7,T-9-3-7-7,T-9-3-7-7,63,47,9,3,7,7,-5.425,-21.7,1,-23,,,,,-23,-1,,,,
9-4-7-7,T-9-4-7-7,T-9-4-7-7,63,46,9,4,7,7,-5.425,-22.785,1,-24,,,,,-24,-1,,,,
9-5-7-7,T-9-5-7-7,T-9-5-7-7,63,45,9,5,7,7,-5.425,-23.87,1,-25,,,,,-25,-1,,,,
9-6-7-7,T-9-6-7-7,T-9-6-7-7,63,44,9,6,7,7,-5.425,-24.955,1,-26,,,,,-26,-1,,,,
1-7-7-7,T-1-7-7-7,T-1-7-7-7,55,43,1,7,7,7,-14.105,-26.04,9,-27,,,,,-27,-9,,,,
2-7-7-7,T-2-7-7-7,T-2-7-7-7,56,43,2,7,7,7,-13.02,-26.04,8,-27,,,,,-27,-8,,,,
3-7-7-7,T-3-7-7-7,T-3-7-7-7,57,43,3,7,7,7,-11.935,-26.04,7,-27,,,,,-27,-7,,,,
4-7-7-7,T-4-7-7-7,T-4-7-7-7,58,43,4,7,7,7,-10.85,-26.04,6,-27,,,,,-27,-6,,,,
5-7-7-7,T-5-7-7-7,T-5-7-7-7,59,43,5,7,7,7,-9.765,-26.04,5,-27,,,,,-27,-5,,,,
6-7-7-7,T-6-7-7-7,T-6-7-7-7,60,43,6,7,7,7,-8.68,-26.04,4,-27,,,,,-27,-4,,,,
7-7-7-7,T-7-7-7-7,T-7-7-7-7,61,43,7,7,7,7,-7.595,-26.04,3,-27,,,,,-27,-3,,,,
8-7-7-7,T-8-7-7-7,T-8-7-7-7,62,43,8,7,7,7,-6.51,-26.04,2,-27,,,,,-27,-2,,,,
9-7-7-7,T-9-7-7-7,T-9-7-7-7,63,43,9,7,7,7,-5.425,-26.04,1,-27,,,,,-27,-1,,,,
9-1-8-7,T-9-1-8-7,T-9-1-8-7,72,49,9,1,8,7,4.34,-19.53,-8,-21,,,,,-21,8,,,,
9-2-8-7,T-9-2-8-7,T-9-2-8-7,72,48,9,2,8,7,4.34,-20.615,-8,-22,,,,,-22,8,,,,
9-3-8-7,T-9-3-8-7,T-9-3-8-7,72,47,9,3,8,7,4.34,-21.7,-8,-23,,,,,-23,8,,,,
9-4-8-7,T-9-4-8-7,T-9-4-8-7,72,46,9,4,8,7,4.34,-22.785,-8,-24,,,,,-24,8,,,,
9-5-8-7,T-9-5-8-7,T-9-5-8-7,72,45,9,5,8,7,4.34,-23.87,-8,-25,,,,,-25,8,,,,
9-6-8-7,T-9-6-8-7,T-9-6-8-7,72,44,9,6,8,7,4.34,-24.955,-8,-26,,,,,-26,8,,,,
1-7-8-7,T-1-7-8-7,T-1-7-8-7,64,43,1,7,8,7,-4.34,-26.04,0,-27,,,,,-27,0,,,,
2-7-8-7,T-2-7-8-7,T-2-7-8-7,65,43,2,7,8,7,-3.255,-26.04,-1,-27,,,,,-27,1,,,,
3-7-8-7,T-3-7-8-7,T-3-7-8-7,66,43,3,7,8,7,-2.17,-26.04,-2,-27,,,,,-27,2,,,,
4-7-8-7,T-4-7-8-7,T-4-7-8-7,67,43,4,7,8,7,-1.085,-26.04,-3,-27,,,,,-27,3,,,,
5-7-8-7,T-5-7-8-7,T-5-7-8-7,68,43,5,7,8,7,0,-26.04,-4,-27,,,,,-27,4,,,,
6-7-8-7,T-6-7-8-7,T-6-7-8-7,69,43,6,7,8,7,1.085,-26.04,-5,-27,,,,,-27,5,,,,
7-7-8-7,T-7-7-8-7,T-7-7-8-7,70,43,7,7,8,7,2.17,-26.04,-6,-27,,,,,-27,6,,,,
8-7-8-7,T-8-7-8-7,T-8-7-8-7,71,43,8,7,8,7,3.255,-26.04,-7,-27,,,,,-27,7,,,,
9-7-8-7,T-9-7-8-7,T-9-7-8-7,72,43,9,7,8,7,4.34,-26.04,-8,-27,,,,,-27,8,,,,
9-1-9-7,T-9-1-9-7,T-9-1-9-7,81,49,9,1,9,7,14.105,-19.53,-17,-21,,,,,-21,17,,,,
9-2-9-7,T-9-2-9-7,T-9-2-9-7,81,48,9,2,9,7,14.105,-20.615,-17,-22,,,,,-22,17,,,,
9-3-9-7,T-9-3-9-7,T-9-3-9-7,81,47,9,3,9,7,14.105,-21.7,-17,-23,,,,,-23,17,,,,
9-4-9-7,T-9-4-9-7,T-9-4-9-7,81,46,9,4,9,7,14.105,-22.785,-17,-24,,,,,-24,17,,,,
9-5-9-7,T-9-5-9-7,T-9-5-9-7,81,45,9,5,9,7,14.105,-23.87,-17,-25,,,,,-25,17,,,,
9-6-9-7,T-9-6-9-7,T-9-6-9-7,81,44,9,6,9,7,14.105,-24.955,-17,-26,,,,,-26,17,,,,
1-7-9-7,T-1-7-9-7,T-1-7-9-7,73,43,1,7,9,7,5.425,-26.04,-9,-27,,,,,-27,9,,,,
2-7-9-7,T-2-7-9-7,T-2-7-9-7,74,43,2,7,9,7,6.51,-26.04,-10,-27,,,,,-27,10,,,,
3-7-9-7,T-3-7-9-7,T-3-7-9-7,75,43,3,7,9,7,7.595,-26.04,-11,-27,,,,,-27,11,,,,
4-7-9-7,T-4-7-9-7,T-4-7-9-7,76,43,4,7,9,7,8.68,-26.04,-12,-27,,,,,-27,12,,,,
5-7-9-7,T-5-7-9-7,T-5-7-9-7,77,43,5,7,9,7,9.765,-26.04,-13,-27,,,,,-27,13,,,,
6-7-9-7,T-6-7-9-7,T-6-7-9-7,78,43,6,7,9,7,10.85,-26.04,-14,-27,,,,,-27,14,,,,
7-7-9-7,T-7-7-9-7,T-7-7-9-7,79,43,7,7,9,7,11.935,-26.04,-15,-27,,,,,-27,15,,,,
8-7-9-7,T-8-7-9-7,T-8-7-9-7,80,43,8,7,9,7,13.02,-26.04,-16,-27,,,,,-27,16,,,,
9-7-9-7,T-9-7-9-7,T-9-7-9-7,81,43,9,7,9,7,14.105,-26.04,-17,-27,,,,,-27,17,,,,
9-1-10-7,T-9-1-10-7,T-9-1-10-7,90,49,9,1,10,7,23.87,-19.53,-26,-21,,,,,-21,26,,,,
9-2-10-7,T-9-2-10-7,T-9-2-10-7,90,48,9,2,10,7,23.87,-20.615,-26,-22,,,,,-22,26,,,,
9-3-10-7,T-9-3-10-7,T-9-3-10-7,90,47,9,3,10,7,23.87,-21.7,-26,-23,,,,,-23,26,,,,
9-4-10-7,T-9-4-10-7,T-9-4-10-7,90,46,9,4,10,7,23.87,-22.785,-26,-24,,,,,-24,26,,,,
9-5-10-7,T-9-5-10-7,T-9-5-10-7,90,45,9,5,10,7,23.87,-23.87,-26,-25,,,,,-25,26,,,,
9-6-10-7,T-9-6-10-7,T-9-6-10-7,90,44,9,6,10,7,23.87,-24.955,-26,-26,,,,,-26,26,,,,
1-7-10-7,T-1-7-10-7,T-1-7-10-7,82,43,1,7,10,7,15.19,-26.04,-18,-27,,,,,-27,18,,,,
2-7-10-7,T-2-7-10-7,T-2-7-10-7,83,43,2,7,10,7,16.275,-26.04,-19,-27,,,,,-27,19,,,,
3-7-10-7,T-3-7-10-7,T-3-7-10-7,84,43,3,7,10,7,17.36,-26.04,-20,-27,,,,,-27,20,,,,
4-7-10-7,T-4-7-10-7,T-4-7-10-7,85,43,4,7,10,7,18.445,-26.04,-21,-27,,,,,-27,21,,,,
5-7-10-7,T-5-7-10-7,T-5-7-10-7,86,43,5,7,10,7,19.53,-26.04,-22,-27,,,,,-27,22,,,,
6-7-10-7,T-6-7-10-7,T-6-7-10-7,87,43,6,7,10,7,20.615,-26.04,-23,-27,,,,,-27,23,,,,
7-7-10-7,T-7-7-10-7,T-7-7-10-7,88,43,7,7,10,7,21.7,-26.04,-24,-27,,,,,-27,24,,,,
8-7-10-7,T-8-7-10-7,T-8-7-10-7,89,43,8,7,10,7,22.785,-26.04,-25,-27,,,,,-27,25,,,,
9-7-10-7,T-9-7-10-7,T-9-7-10-7,90,43,9,7,10,7,23.87,-26.04,-26,-27,,,,,-27,26,,,,
9-1-11-7,T-9-1-11-7,T-9-1-11-7,99,49,9,1,11,7,33.635,-19.53,-35,-21,,,,,-21,35,,,,
9-2-11-7,T-9-2-11-7,T-9-2-11-7,99,48,9,2,11,7,33.635,-20.615,-35,-22,,,,,-22,35,,,,
9-3-11-7,T-9-3-11-7,T-9-3-11-7,99,47,9,3,11,7,33.635,-21.7,-35,-23,,,,,-23,35,,,,
9-4-11-7,T-9-4-11-7,T-9-4-11-7,99,46,9,4,11,7,33.635,-22.785,-35,-24,,,,,-24,35,,,,
9-5-11-7,T-9-5-11-7,T-9-5-11-7,99,45,9,5,11,7,33.635,-23.87,-35,-25,,,,,-25,35,,,,
9-6-11-7,T-9-6-11-7,T-9-6-11-7,99,44,9,6,11,7,33.635,-24.955,-35,-26,,,,,-26,35,,,,
1-7-11-7,T-1-7-11-7,T-1-7-11-7,91,43,1,7,11,7,24.955,-26.04,-27,-27,,,,,-27,27,,,,
2-7-11-7,T-2-7-11-7,T-2-7-11-7,92,43,2,7,11,7,26.04,-26.04,-28,-27,,,,,-27,28,,,,
3-7-11-7,T-3-7-11-7,T-3-7-11-7,93,43,3,7,11,7,27.125,-26.04,-29,-27,,,,,-27,29,,,,
4-7-11-7,T-4-7-11-7,T-4-7-11-7,94,43,4,7,11,7,28.21,-26.04,-30,-27,,,,,-27,30,,,,
5-7-11-7,T-5-7-11-7,T-5-7-11-7,95,43,5,7,11,7,29.295,-26.04,-31,-27,,,,,-27,31,,,,
6-7-11-7,T-6-7-11-7,T-6-7-11-7,96,43,6,7,11,7,30.38,-26.04,-32,-27,,,,,-27,32,,,,
7-7-11-7,T-7-7-11-7,T-7-7-11-7,97,43,7,7,11,7,31.465,-26.04,-33,-27,,,,,-27,33,,,,
8-7-11-7,T-8-7-11-7,T-8-7-11-7,98,43,8,7,11,7,32.55,-26.04,-34,-27,,,,,-27,34,,,,
9-7-11-7,T-9-7-11-7,T-9-7-11-7,99,43,9,7,11,7,33.635,-26.04,-35,-27,,,,,-27,35,,,,
9-1-12-7,T-9-1-12-7,T-9-1-12-7,108,49,9,1,12,7,43.4,-19.53,-44,-21,,,,,-21,44,,,,
9-2-12-7,T-9-2-12-7,T-9-2-12-7,108,48,9,2,12,7,43.4,-20.615,-44,-22,,,,,-22,44,,,,
9-3-12-7,T-9-3-12-7,T-9-3-12-7,108,47,9,3,12,7,43.4,-21.7,-44,-23,,,,,-23,44,,,,
9-4-12-7,T-9-4-12-7,T-9-4-12-7,108,46,9,4,12,7,43.4,-22.785,-44,-24,,,,,-24,44,,,,
9-5-12-7,T-9-5-12-7,T-9-5-12-7,108,45,9,5,12,7,43.4,-23.87,-44,-25,,,,,-25,44,,,,
9-6-12-7,T-9-6-12-7,T-9-6-12-7,108,44,9,6,12,7,43.4,-24.955,-44,-26,,,,,-26,44,,,,
1-7-12-7,T-1-7-12-7,T-1-7-12-7,100,43,1,7,12,7,34.72,-26.04,-36,-27,,,,,-27,36,,,,
2-7-12-7,T-2-7-12-7,T-2-7-12-7,101,43,2,7,12,7,35.805,-26.04,-37,-27,,,,,-27,37,,,,
3-7-12-7,T-3-7-12-7,T-3-7-12-7,102,43,3,7,12,7,36.89,-26.04,-38,-27,,,,,-27,38,,,,
4-7-12-7,T-4-7-12-7,T-4-7-12-7,103,43,4,7,12,7,37.975,-26.04,-39,-27,,,,,-27,39,,,,
5-7-12-7,T-5-7-12-7,T-5-7-12-7,104,43,5,7,12,7,39.06,-26.04,-40,-27,,,,,-27,40,,,,
6-7-12-7,T-6-7-12-7,T-6-7-12-7,105,43,6,7,12,7,40.145,-26.04,-41,-27,,,,,-27,41,,,,
7-7-12-7,T-7-7-12-7,T-7-7-12-7,106,43,7,7,12,7,41.23,-26.04,-42,-27,,,,,-27,42,,,,
8-7-12-7,T-8-7-12-7,T-8-7-12-7,107,43,8,7,12,7,42.315,-26.04,-43,-27,,,,,-27,43,,,,
9-7-12-7,T-9-7-12-7,T-9-7-12-7,108,43,9,7,12,7,43.4,-26.04,-44,-27,,,,,-27,44,,,,
9-1-13-7,T-9-1-13-7,T-9-1-13-7,117,49,9,1,13,7,53.165,-19.53,-53,-21,,,,,-21,53,,,,
9-2-13-7,T-9-2-13-7,T-9-2-13-7,117,48,9,2,13,7,53.165,-20.615,-53,-22,,,,,-22,53,,,,
9-3-13-7,T-9-3-13-7,T-9-3-13-7,117,47,9,3,13,7,53.165,-21.7,-53,-23,,,,,-23,53,,,,
9-4-13-7,T-9-4-13-7,T-9-4-13-7,117,46,9,4,13,7,53.165,-22.785,-53,-24,,,,,-24,53,,,,
9-5-13-7,T-9-5-13-7,T-9-5-13-7,117,45,9,5,13,7,53.165,-23.87,-53,-25,,,,,-25,53,,,,
9-6-13-7,T-9-6-13-7,T-9-6-13-7,117,44,9,6,13,7,53.165,-24.955,-53,-26,,,,,-26,53,,,,
1-7-13-7,T-1-7-13-7,T-1-7-13-7,109,43,1,7,13,7,44.485,-26.04,-45,-27,,,,,-27,45,,,,
2-7-13-7,T-2-7-13-7,T-2-7-13-7,110,43,2,7,13,7,45.57,-26.04,-46,-27,,,,,-27,46,,,,
3-7-13-7,T-3-7-13-7,T-3-7-13-7,111,43,3,7,13,7,46.655,-26.04,-47,-27,,,,,-27,47,,,,
4-7-13-7,T-4-7-13-7,T-4-7-13-7,112,43,4,7,13,7,47.74,-26.04,-48,-27,,,,,-27,48,,,,
5-7-13-7,T-5-7-13-7,T-5-7-13-7,113,43,5,7,13,7,48.825,-26.04,-49,-27,,,,,-27,49,,,,
6-7-13-7,T-6-7-13-7,T-6-7-13-7,114,43,6,7,13,7,49.91,-26.04,-50,-27,,,,,-27,50,,,,
7-7-13-7,T-7-7-13-7,T-7-7-13-7,115,43,7,7,13,7,50.995,-26.04,-51,-27,,,,,-27,51,,,,
8-7-13-7,T-8-7-13-7,T-8-7-13-7,116,43,8,7,13,7,52.08,-26.04,-52,-27,,,,,-27,52,,,,
9-7-13-7,T-9-7-13-7,T-9-7-13-7,117,43,9,7,13,7,53.165,-26.04,-53,-27,,,,,-27,53,,,,
9-1-14-7,T-9-1-14-7,T-9-1-14-7,126,49,9,1,14,7,62.93,-19.53,-62,-21,,,,,-21,62,,,,
9-2-14-7,T-9-2-14-7,T-9-2-14-7,126,48,9,2,14,7,62.93,-20.615,-62,-22,,,,,-22,62,,,,
9-3-14-7,T-9-3-14-7,T-9-3-14-7,126,47,9,3,14,7,62.93,-21.7,-62,-23,,,,,-23,62,,,,
9-4-14-7,T-9-4-14-7,T-9-4-14-7,126,46,9,4,14,7,62.93,-22.785,-62,-24,,,,,-24,62,,,,
9-5-14-7,T-9-5-14-7,T-9-5-14-7,126,45,9,5,14,7,62.93,-23.87,-62,-25,,,,,-25,62,,,,
9-6-14-7,T-9-6-14-7,T-9-6-14-7,126,44,9,6,14,7,62.93,-24.955,-62,-26,,,,,-26,62,,,,
1-7-14-7,T-1-7-14-7,T-1-7-14-7,118,43,1,7,14,7,54.25,-26.04,-54,-27,,,,,-27,54,,,,
2-7-14-7,T-2-7-14-7,T-2-7-14-7,119,43,2,7,14,7,55.335,-26.04,-55,-27,,,,,-27,55,,,,
3-7-14-7,T-3-7-14-7,T-3-7-14-7,120,43,3,7,14,7,56.42,-26.04,-56,-27,,,,,-27,56,,,,
4-7-14-7,T-4-7-14-7,T-4-7-14-7,121,43,4,7,14,7,57.505,-26.04,-57,-27,,,,,-27,57,,,,
5-7-14-7,T-5-7-14-7,T-5-7-14-7,122,43,5,7,14,7,58.59,-26.04,-58,-27,,,,,-27,58,,,,
6-7-14-7,T-6-7-14-7,T-6-7-14-7,123,43,6,7,14,7,59.675,-26.04,-59,-27,,,,,-27,59,,,,
7-7-14-7,T-7-7-14-7,T-7-7-14-7,124,43,7,7,14,7,60.76,-26.04,-60,-27,,,,,-27,60,,,,
8-7-14-7,T-8-7-14-7,T-8-7-14-7,125,43,8,7,14,7,61.845,-26.04,-61,-27,,,,,-27,61,,,,
9-7-14-7,T-9-7-14-7,T-9-7-14-7,126,43,9,7,14,7,62.93,-26.04,-62,-27,,,,,-27,62,,,,
9-1-2-6,T-9-1-2-6,T-9-1-2-6,18,42,9,1,2,6,-54.25,-27.125,46,-28,,,,,-28,-46,,,,
9-2-2-6,T-9-2-2-6,T-9-2-2-6,18,41,9,2,2,6,-54.25,-28.21,46,-29,,,,,-29,-46,,,,
9-3-2-6,T-9-3-2-6,T-9-3-2-6,18,40,9,3,2,6,-54.25,-29.295,46,-30,,,,,-30,-46,,,,
9-4-2-6,T-9-4-2-6,T-9-4-2-6,18,39,9,4,2,6,-54.25,-30.38,46,-31,,,,,-31,-46,,,,
9-5-2-6,T-9-5-2-6,T-9-5-2-6,18,38,9,5,2,6,-54.25,-31.465,46,-32,,,,,-32,-46,,,,
9-6-2-6,T-9-6-2-6,T-9-6-2-6,18,37,9,6,2,6,-54.25,-32.55,46,-33,,,,,-33,-46,,,,
1-7-2-6,T-1-7-2-6,T-1-7-2-6,10,36,1,7,2,6,-62.93,-33.635,54,-34,,,,,-34,-54,,,,
2-7-2-6,T-2-7-2-6,T-2-7-2-6,11,36,2,7,2,6,-61.845,-33.635,53,-34,,,,,-34,-53,,,,
3-7-2-6,T-3-7-2-6,T-3-7-2-6,12,36,3,7,2,6,-60.76,-33.635,52,-34,,,,,-34,-52,,,,
4-7-2-6,T-4-7-2-6,T-4-7-2-6,13,36,4,7,2,6,-59.675,-33.635,51,-34,,,,,-34,-51,,,,
5-7-2-6,T-5-7-2-6,T-5-7-2-6,14,36,5,7,2,6,-58.59,-33.635,50,-34,,,,,-34,-50,,,,
6-7-2-6,T-6-7-2-6,T-6-7-2-6,15,36,6,7,2,6,-57.505,-33.635,49,-34,,,,,-34,-49,,,,
7-7-2-6,T-7-7-2-6,T-7-7-2-6,16,36,7,7,2,6,-56.42,-33.635,48,-34,,,,,-34,-48,,,,
8-7-2-6,T-8-7-2-6,T-8-7-2-6,17,36,8,7,2,6,-55.335,-33.635,47,-34,,,,,-34,-47,,,,
9-7-2-6,T-9-7-2-6,T-9-7-2-6,18,36,9,7,2,6,-54.25,-33.635,46,-34,,,,,-34,-46,,,,
9-1-3-6,T-9-1-3-6,T-9-1-3-6,27,42,9,1,3,6,-44.485,-27.125,37,-28,,,,,-28,-37,,,,
9-2-3-6,T-9-2-3-6,T-9-2-3-6,27,41,9,2,3,6,-44.485,-28.21,37,-29,,,,,-29,-37,,,,
9-3-3-6,T-9-3-3-6,T-9-3-3-6,27,40,9,3,3,6,-44.485,-29.295,37,-30,,,,,-30,-37,,,,
9-4-3-6,T-9-4-3-6,T-9-4-3-6,27,39,9,4,3,6,-44.485,-30.38,37,-31,,,,,-31,-37,,,,
9-5-3-6,T-9-5-3-6,T-9-5-3-6,27,38,9,5,3,6,-44.485,-31.465,37,-32,,,,,-32,-37,,,,
9-6-3-6,T-9-6-3-6,T-9-6-3-6,27,37,9,6,3,6,-44.485,-32.55,37,-33,,,,,-33,-37,,,,
1-7-3-6,T-1-7-3-6,T-1-7-3-6,19,36,1,7,3,6,-53.165,-33.635,45,-34,,,,,-34,-45,,,,
2-7-3-6,T-2-7-3-6,T-2-7-3-6,20,36,2,7,3,6,-52.08,-33.635,44,-34,,,,,-34,-44,,,,
3-7-3-6,T-3-7-3-6,T-3-7-3-6,21,36,3,7,3,6,-50.995,-33.635,43,-34,,,,,-34,-43,,,,
4-7-3-6,T-4-7-3-6,T-4-7-3-6,22,36,4,7,3,6,-49.91,-33.635,42,-34,,,,,-34,-42,,,,
5-7-3-6,T-5-7-3-6,T-5-7-3-6,23,36,5,7,3,6,-48.825,-33.635,41,-34,,,,,-34,-41,,,,
6-7-3-6,T-6-7-3-6,T-6-7-3-6,24,36,6,7,3,6,-47.74,-33.635,40,-34,,,,,-34,-40,,,,
7-7-3-6,T-7-7-3-6,T-7-7-3-6,25,36,7,7,3,6,-46.655,-33.635,39,-34,,,,,-34,-39,,,,
8-7-3-6,T-8-7-3-6,T-8-7-3-6,26,36,8,7,3,6,-45.57,-33.635,38,-34,,,,,-34,-38,,,,
9-7-3-6,T-9-7-3-6,T-9-7-3-6,27,36,9,7,3,6,-44.485,-33.635,37,-34,,,,,-34,-37,,,,
9-1-4-6,T-9-1-4-6,T-9-1-4-6,36,42,9,1,4,6,-34.72,-27.125,28,-28,,,,,-28,-28,,,,
9-2-4-6,T-9-2-4-6,T-9-2-4-6,36,41,9,2,4,6,-34.72,-28.21,28,-29,,,,,-29,-28,,,,
9-3-4-6,T-9-3-4-6,T-9-3-4-6,36,40,9,3,4,6,-34.72,-29.295,28,-30,,,,,-30,-28,,,,
9-4-4-6,T-9-4-4-6,T-9-4-4-6,36,39,9,4,4,6,-34.72,-30.38,28,-31,,,,,-31,-28,,,,
9-5-4-6,T-9-5-4-6,T-9-5-4-6,36,38,9,5,4,6,-34.72,-31.465,28,-32,,,,,-32,-28,,,,
9-6-4-6,T-9-6-4-6,T-9-6-4-6,36,37,9,6,4,6,-34.72,-32.55,28,-33,,,,,-33,-28,,,,
1-7-4-6,T-1-7-4-6,T-1-7-4-6,28,36,1,7,4,6,-43.4,-33.635,36,-34,,,,,-34,-36,,,,
2-7-4-6,T-2-7-4-6,T-2-7-4-6,29,36,2,7,4,6,-42.315,-33.635,35,-34,,,,,-34,-35,,,,
3-7-4-6,T-3-7-4-6,T-3-7-4-6,30,36,3,7,4,6,-41.23,-33.635,34,-34,,,,,-34,-34,,,,
4-7-4-6,T-4-7-4-6,T-4-7-4-6,31,36,4,7,4,6,-40.145,-33.635,33,-34,,,,,-34,-33,,,,
5-7-4-6,T-5-7-4-6,T-5-7-4-6,32,36,5,7,4,6,-39.06,-33.635,32,-34,,,,,-34,-32,,,,
6-7-4-6,T-6-7-4-6,T-6-7-4-6,33,36,6,7,4,6,-37.975,-33.635,31,-34,,,,,-34,-31,,,,
7-7-4-6,T-7-7-4-6,T-7-7-4-6,34,36,7,7,4,6,-36.89,-33.635,30,-34,,,,,-34,-30,,,,
8-7-4-6,T-8-7-4-6,T-8-7-4-6,35,36,8,7,4,6,-35.805,-33.635,29,-34,,,,,-34,-29,,,,
9-7-4-6,T-9-7-4-6,T-9-7-4-6,36,36,9,7,4,6,-34.72,-33.635,28,-34,,,,,-34,-28,,,,
9-1-5-6,T-9-1-5-6,T-9-1-5-6,45,42,9,1,5,6,-24.955,-27.125,19,-28,,,,,-28,-19,,,,
9-2-5-6,T-9-2-5-6,T-9-2-5-6,45,41,9,2,5,6,-24.955,-28.21,19,-29,,,,,-29,-19,,,,
9-3-5-6,T-9-3-5-6,T-9-3-5-6,45,40,9,3,5,6,-24.955,-29.295,19,-30,,,,,-30,-19,,,,
9-4-5-6,T-9-4-5-6,T-9-4-5-6,45,39,9,4,5,6,-24.955,-30.38,19,-31,,,,,-31,-19,,,,
9-5-5-6,T-9-5-5-6,T-9-5-5-6,45,38,9,5,5,6,-24.955,-31.465,19,-32,,,,,-32,-19,,,,
9-6-5-6,T-9-6-5-6,T-9-6-5-6,45,37,9,6,5,6,-24.955,-32.55,19,-33,,,,,-33,-19,,,,
1-7-5-6,T-1-7-5-6,T-1-7-5-6,37,36,1,7,5,6,-33.635,-33.635,27,-34,,,,,-34,-27,,,,
2-7-5-6,T-2-7-5-6,T-2-7-5-6,38,36,2,7,5,6,-32.55,-33.635,26,-34,,,,,-34,-26,,,,
3-7-5-6,T-3-7-5-6,T-3-7-5-6,39,36,3,7,5,6,-31.465,-33.635,25,-34,,,,,-34,-25,,,,
4-7-5-6,T-4-7-5-6,T-4-7-5-6,40,36,4,7,5,6,-30.38,-33.635,24,-34,,,,,-34,-24,,,,
5-7-5-6,T-5-7-5-6,T-5-7-5-6,41,36,5,7,5,6,-29.295,-33.635,23,-34,,,,,-34,-23,,,,
6-7-5-6,T-6-7-5-6,T-6-7-5-6,42,36,6,7,5,6,-28.21,-33.635,22,-34,,,,,-34,-22,,,,
7-7-5-6,T-7-7-5-6,T-7-7-5-6,43,36,7,7,5,6,-27.125,-33.635,21,-34,,,,,-34,-21,,,,
8-7-5-6,T-8-7-5-6,T-8-7-5-6,44,36,8,7,5,6,-26.04,-33.635,20,-34,,,,,-34,-20,,,,
9-7-5-6,T-9-7-5-6,T-9-7-5-6,45,36,9,7,5,6,-24.955,-33.635,19,-34,,,,,-34,-19,,,,
9-1-6-6,T-9-1-6-6,T-9-1-6-6,54,42,9,1,6,6,-15.19,-27.125,10,-28,,,,,-28,-10,,,,
9-2-6-6,T-9-2-6-6,T-9-2-6-6,54,41,9,2,6,6,-15.19,-28.21,10,-29,,,,,-29,-10,,,,
9-3-6-6,T-9-3-6-6,T-9-3-6-6,54,40,9,3,6,6,-15.19,-29.295,10,-30,,,,,-30,-10,,,,
9-4-6-6,T-9-4-6-6,T-9-4-6-6,54,39,9,4,6,6,-15.19,-30.38,10,-31,,,,,-31,-10,,,,
9-5-6-6,T-9-5-6-6,T-9-5-6-6,54,38,9,5,6,6,-15.19,-31.465,10,-32,,,,,-32,-10,,,,
9-6-6-6,T-9-6-6-6,T-9-6-6-6,54,37,9,6,6,6,-15.19,-32.55,10,-33,,,,,-33,-10,,,,
1-7-6-6,T-1-7-6-6,T-1-7-6-6,46,36,1,7,6,6,-23.87,-33.635,18,-34,,,,,-34,-18,,,,
2-7-6-6,T-2-7-6-6,T-2-7-6-6,47,36,2,7,6,6,-22.785,-33.635,17,-34,,,,,-34,-17,,,,
3-7-6-6,T-3-7-6-6,T-3-7-6-6,48,36,3,7,6,6,-21.7,-33.635,16,-34,,,,,-34,-16,,,,
4-7-6-6,T-4-7-6-6,T-4-7-6-6,49,36,4,7,6,6,-20.615,-33.635,15,-34,,,,,-34,-15,,,,
5-7-6-6,T-5-7-6-6,T-5-7-6-6,50,36,5,7,6,6,-19.53,-33.635,14,-34,,,,,-34,-14,,,,
6-7-6-6,T-6-7-6-6,T-6-7-6-6,51,36,6,7,6,6,-18.445,-33.635,13,-34,,,,,-34,-13,,,,
7-7-6-6,T-7-7-6-6,T-7-7-6-6,52,36,7,7,6,6,-17.36,-33.635,12,-34,,,,,-34,-12,,,,
8-7-6-6,T-8-7-6-6,T-8-7-6-6,53,36,8,7,6,6,-16.275,-33.635,11,-34,,,,,-34,-11,,,,
9-7-6-6,T-9-7-6-6,T-9-7-6-6,54,36,9,7,6,6,-15.19,-33.635,10,-34,,,,,-34,-10,,,,
9-1-7-6,T-9-1-7-6,T-9-1-7-6,63,42,9,1,7,6,-5.425,-27.125,1,-28,,,,,-28,-1,,,,
9-2-7-6,T-9-2-7-6,T-9-2-7-6,63,41,9,2,7,6,-5.425,-28.21,1,-29,,,,,-29,-1,,,,
9-3-7-6,T-9-3-7-6,T-9-3-7-6,63,40,9,3,7,6,-5.425,-29.295,1,-30,,,,,-30,-1,,,,
9-4-7-6,T-9-4-7-6,T-9-4-7-6,63,39,9,4,7,6,-5.425,-30.38,1,-31,,,,,-31,-1,,,,
9-5-7-6,T-9-5-7-6,T-9-5-7-6,63,38,9,5,7,6,-5.425,-31.465,1,-32,,,,,-32,-1,,,,
9-6-7-6,T-9-6-7-6,T-9-6-7-6,63,37,9,6,7,6,-5.425,-32.55,1,-33,,,,,-33,-1,,,,
1-7-7-6,T-1-7-7-6,T-1-7-7-6,55,36,1,7,7,6,-14.105,-33.635,9,-34,,,,,-34,-9,,,,
2-7-7-6,T-2-7-7-6,T-2-7-7-6,56,36,2,7,7,6,-13.02,-33.635,8,-34,,,,,-34,-8,,,,
3-7-7-6,T-3-7-7-6,T-3-7-7-6,57,36,3,7,7,6,-11.935,-33.635,7,-34,,,,,-34,-7,,,,
4-7-7-6,T-4-7-7-6,T-4-7-7-6,58,36,4,7,7,6,-10.85,-33.635,6,-34,,,,,-34,-6,,,,
5-7-7-6,T-5-7-7-6,T-5-7-7-6,59,36,5,7,7,6,-9.765,-33.635,5,-34,,,,,-34,-5,,,,
6-7-7-6,T-6-7-7-6,T-6-7-7-6,60,36,6,7,7,6,-8.68,-33.635,4,-34,,,,,-34,-4,,,,
7-7-7-6,T-7-7-7-6,T-7-7-7-6,61,36,7,7,7,6,-7.595,-33.635,3,-34,,,,,-34,-3,,,,
8-7-7-6,T-8-7-7-6,T-8-7-7-6,62,36,8,7,7,6,-6.51,-33.635,2,-34,,,,,-34,-2,,,,
9-7-7-6,T-9-7-7-6,T-9-7-7-6,63,36,9,7,7,6,-5.425,-33.635,1,-34,,,,,-34,-1,,,,
9-1-8-6,T-9-1-8-6,T-9-1-8-6,72,42,9,1,8,6,4.34,-27.125,-8,-28,,,,,-28,8,,,,
9-2-8-6,T-9-2-8-6,T-9-2-8-6,72,41,9,2,8,6,4.34,-28.21,-8,-29,,,,,-29,8,,,,
9-3-8-6,T-9-3-8-6,T-9-3-8-6,72,40,9,3,8,6,4.34,-29.295,-8,-30,,,,,-30,8,,,,
9-4-8-6,T-9-4-8-6,T-9-4-8-6,72,39,9,4,8,6,4.34,-30.38,-8,-31,,,,,-31,8,,,,
9-5-8-6,T-9-5-8-6,T-9-5-8-6,72,38,9,5,8,6,4.34,-31.465,-8,-32,,,,,-32,8,,,,
9-6-8-6,T-9-6-8-6,T-9-6-8-6,72,37,9,6,8,6,4.34,-32.55,-8,-33,,,,,-33,8,,,,
1-7-8-6,T-1-7-8-6,T-1-7-8-6,64,36,1,7,8,6,-4.34,-33.635,0,-34,,,,,-34,0,,,,
2-7-8-6,T-2-7-8-6,T-2-7-8-6,65,36,2,7,8,6,-3.255,-33.635,-1,-34,,,,,-34,1,,,,
3-7-8-6,T-3-7-8-6,T-3-7-8-6,66,36,3,7,8,6,-2.17,-33.635,-2,-34,,,,,-34,2,,,,
4-7-8-6,T-4-7-8-6,T-4-7-8-6,67,36,4,7,8,6,-1.085,-33.635,-3,-34,,,,,-34,3,,,,
5-7-8-6,T-5-7-8-6,T-5-7-8-6,68,36,5,7,8,6,0,-33.635,-4,-34,,,,,-34,4,,,,
6-7-8-6,T-6-7-8-6,T-6-7-8-6,69,36,6,7,8,6,1.085,-33.635,-5,-34,,,,,-34,5,,,,
7-7-8-6,T-7-7-8-6,T-7-7-8-6,70,36,7,7,8,6,2.17,-33.635,-6,-34,,,,,-34,6,,,,
8-7-8-6,T-8-7-8-6,T-8-7-8-6,71,36,8,7,8,6,3.255,-33.635,-7,-34,,,,,-34,7,,,,
9-7-8-6,T-9-7-8-6,T-9-7-8-6,72,36,9,7,8,6,4.34,-33.635,-8,-34,,,,,-34,8,,,,
9-1-9-6,T-9-1-9-6,T-9-1-9-6,81,42,9,1,9,6,14.105,-27.125,-17,-28,,,,,-28,17,,,,
9-2-9-6,T-9-2-9-6,T-9-2-9-6,81,41,9,2,9,6,14.105,-28.21,-17,-29,,,,,-29,17,,,,
9-3-9-6,T-9-3-9-6,T-9-3-9-6,81,40,9,3,9,6,14.105,-29.295,-17,-30,,,,,-30,17,,,,
9-4-9-6,T-9-4-9-6,T-9-4-9-6,81,39,9,4,9,6,14.105,-30.38,-17,-31,,,,,-31,17,,,,
9-5-9-6,T-9-5-9-6,T-9-5-9-6,81,38,9,5,9,6,14.105,-31.465,-17,-32,,,,,-32,17,,,,
9-6-9-6,T-9-6-9-6,T-9-6-9-6,81,37,9,6,9,6,14.105,-32.55,-17,-33,,,,,-33,17,,,,
1-7-9-6,T-1-7-9-6,T-1-7-9-6,73,36,1,7,9,6,5.425,-33.635,-9,-34,,,,,-34,9,,,,
2-7-9-6,T-2-7-9-6,T-2-7-9-6,74,36,2,7,9,6,6.51,-33.635,-10,-34,,,,,-34,10,,,,
3-7-9-6,T-3-7-9-6,T-3-7-9-6,75,36,3,7,9,6,7.595,-33.635,-11,-34,,,,,-34,11,,,,
4-7-9-6,T-4-7-9-6,T-4-7-9-6,76,36,4,7,9,6,8.68,-33.635,-12,-34,,,,,-34,12,,,,
5-7-9-6,T-5-7-9-6,T-5-7-9-6,77,36,5,7,9,6,9.765,-33.635,-13,-34,,,,,-34,13,,,,
6-7-9-6,T-6-7-9-6,T-6-7-9-6,78,36,6,7,9,6,10.85,-33.635,-14,-34,,,,,-34,14,,,,
7-7-9-6,T-7-7-9-6,T-7-7-9-6,79,36,7,7,9,6,11.935,-33.635,-15,-34,,,,,-34,15,,,,
8-7-9-6,T-8-7-9-6,T-8-7-9-6,80,36,8,7,9,6,13.02,-33.635,-16,-34,,,,,-34,16,,,,
9-7-9-6,T-9-7-9-6,T-9-7-9-6,81,36,9,7,9,6,14.105,-33.635,-17,-34,,,,,-34,17,,,,
9-1-10-6,T-9-1-10-6,T-9-1-10-6,90,42,9,1,10,6,23.87,-27.125,-26,-28,,,,,-28,26,,,,
9-2-10-6,T-9-2-10-6,T-9-2-10-6,90,41,9,2,10,6,23.87,-28.21,-26,-29,,,,,-29,26,,,,
9-3-10-6,T-9-3-10-6,T-9-3-10-6,90,40,9,3,10,6,23.87,-29.295,-26,-30,,,,,-30,26,,,,
9-4-10-6,T-9-4-10-6,T-9-4-10-6,90,39,9,4,10,6,23.87,-30.38,-26,-31,,,,,-31,26,,,,
9-5-10-6,T-9-5-10-6,T-9-5-10-6,90,38,9,5,10,6,23.87,-31.465,-26,-32,,,,,-32,26,,,,
9-6-10-6,T-9-6-10-6,T-9-6-10-6,90,37,9,6,10,6,23.87,-32.55,-26,-33,,,,,-33,26,,,,
1-7-10-6,T-1-7-10-6,T-1-7-10-6,82,36,1,7,10,6,15.19,-33.635,-18,-34,,,,,-34,18,,,,
2-7-10-6,T-2-7-10-6,T-2-7-10-6,83,36,2,7,10,6,16.275,-33.635,-19,-34,,,,,-34,19,,,,
3-7-10-6,T-3-7-10-6,T-3-7-10-6,84,36,3,7,10,6,17.36,-33.635,-20,-34,,,,,-34,20,,,,
4-7-10-6,T-4-7-10-6,T-4-7-10-6,85,36,4,7,10,6,18.445,-33.635,-21,-34,,,,,-34,21,,,,
5-7-10-6,T-5-7-10-6,T-5-7-10-6,86,36,5,7,10,6,19.53,-33.635,-22,-34,,,,,-34,22,,,,
6-7-10-6,T-6-7-10-6,T-6-7-10-6,87,36,6,7,10,6,20.615,-33.635,-23,-34,,,,,-34,23,,,,
7-7-10-6,T-7-7-10-6,T-7-7-10-6,88,36,7,7,10,6,21.7,-33.635,-24,-34,,,,,-34,24,,,,
8-7-10-6,T-8-7-10-6,T-8-7-10-6,89,36,8,7,10,6,22.785,-33.635,-25,-34,,,,,-34,25,,,,
9-7-10-6,T-9-7-10-6,T-9-7-10-6,90,36,9,7,10,6,23.87,-33.635,-26,-34,,,,,-34,26,,,,
9-1-11-6,T-9-1-11-6,T-9-1-11-6,99,42,9,1,11,6,33.635,-27.125,-35,-28,,,,,-28,35,,,,
9-2-11-6,T-9-2-11-6,T-9-2-11-6,99,41,9,2,11,6,33.635,-28.21,-35,-29,,,,,-29,35,,,,
9-3-11-6,T-9-3-11-6,T-9-3-11-6,99,40,9,3,11,6,33.635,-29.295,-35,-30,,,,,-30,35,,,,
9-4-11-6,T-9-4-11-6,T-9-4-11-6,99,39,9,4,11,6,33.635,-30.38,-35,-31,,,,,-31,35,,,,
9-5-11-6,T-9-5-11-6,T-9-5-11-6,99,38,9,5,11,6,33.635,-31.465,-35,-32,,,,,-32,35,,,,
9-6-11-6,T-9-6-11-6,T-9-6-11-6,99,37,9,6,11,6,33.635,-32.55,-35,-33,,,,,-33,35,,,,
1-7-11-6,T-1-7-11-6,T-1-7-11-6,91,36,1,7,11,6,24.955,-33.635,-27,-34,,,,,-34,27,,,,
2-7-11-6,T-2-7-11-6,T-2-7-11-6,92,36,2,7,11,6,26.04,-33.635,-28,-34,,,,,-34,28,,,,
3-7-11-6,T-3-7-11-6,T-3-7-11-6,93,36,3,7,11,6,27.125,-33.635,-29,-34,,,,,-34,29,,,,
4-7-11-6,T-4-7-11-6,T-4-7-11-6,94,36,4,7,11,6,28.21,-33.635,-30,-34,,,,,-34,30,,,,
5-7-11-6,T-5-7-11-6,T-5-7-11-6,95,36,5,7,11,6,29.295,-33.635,-31,-34,,,,,-34,31,,,,
6-7-11-6,T-6-7-11-6,T-6-7-11-6,96,36,6,7,11,6,30.38,-33.635,-32,-34,,,,,-34,32,,,,
7-7-11-6,T-7-7-11-6,T-7-7-11-6,97,36,7,7,11,6,31.465,-33.635,-33,-34,,,,,-34,33,,,,
8-7-11-6,T-8-7-11-6,T-8-7-11-6,98,36,8,7,11,6,32.55,-33.635,-34,-34,,,,,-34,34,,,,
9-7-11-6,T-9-7-11-6,T-9-7-11-6,99,36,9,7,11,6,33.635,-33.635,-35,-34,,,,,-34,35,,,,
9-1-12-6,T-9-1-12-6,T-9-1-12-6,108,42,9,1,12,6,43.4,-27.125,-44,-28,,,,,-28,44,,,,
9-2-12-6,T-9-2-12-6,T-9-2-12-6,108,41,9,2,12,6,43.4,-28.21,-44,-29,,,,,-29,44,,,,
9-3-12-6,T-9-3-12-6,T-9-3-12-6,108,40,9,3,12,6,43.4,-29.295,-44,-30,,,,,-30,44,,,,
9-4-12-6,T-9-4-12-6,T-9-4-12-6,108,39,9,4,12,6,43.4,-30.38,-44,-31,,,,,-31,44,,,,
9-5-12-6,T-9-5-12-6,T-9-5-12-6,108,38,9,5,12,6,43.4,-31.465,-44,-32,,,,,-32,44,,,,
9-6-12-6,T-9-6-12-6,T-9-6-12-6,108,37,9,6,12,6,43.4,-32.55,-44,-33,,,,,-33,44,,,,
1-7-12-6,T-1-7-12-6,T-1-7-12-6,100,36,1,7,12,6,34.72,-33.635,-36,-34,,,,,-34,36,,,,
2-7-12-6,T-2-7-12-6,T-2-7-12-6,101,36,2,7,12,6,35.805,-33.635,-37,-34,,,,,-34,37,,,,
3-7-12-6,T-3-7-12-6,T-3-7-12-6,102,36,3,7,12,6,36.89,-33.635,-38,-34,,,,,-34,38,,,,
4-7-12-6,T-4-7-12-6,T-4-7-12-6,103,36,4,7,12,6,37.975,-33.635,-39,-34,,,,,-34,39,,,,
5-7-12-6,T-5-7-12-6,T-5-7-12-6,104,36,5,7,12,6,39.06,-33.635,-40,-34,,,,,-34,40,,,,
6-7-12-6,T-6-7-12-6,T-6-7-12-6,105,36,6,7,12,6,40.145,-33.635,-41,-34,,,,,-34,41,,,,
7-7-12-6,T-7-7-12-6,T-7-7-12-6,106,36,7,7,12,6,41.23,-33.635,-42,-34,,,,,-34,42,,,,
8-7-12-6,T-8-7-12-6,T-8-7-12-6,107,36,8,7,12,6,42.315,-33.635,-43,-34,,,,,-34,43,,,,
9-7-12-6,T-9-7-12-6,T-9-7-12-6,108,36,9,7,12,6,43.4,-33.635,-44,-34,,,,,-34,44,,,,
9-1-13-6,T-9-1-13-6,T-9-1-13-6,117,42,9,1,13,6,53.165,-27.125,-53,-28,,,,,-28,53,,,,
9-2-13-6,T-9-2-13-6,T-9-2-13-6,117,41,9,2,13,6,53.165,-28.21,-53,-29,,,,,-29,53,,,,
9-3-13-6,T-9-3-13-6,T-9-3-13-6,117,40,9,3,13,6,53.165,-29.295,-53,-30,,,,,-30,53,,,,
9-4-13-6,T-9-4-13-6,T-9-4-13-6,117,39,9,4,13,6,53.165,-30.38,-53,-31,,,,,-31,53,,,,
9-5-13-6,T-9-5-13-6,T-9-5-13-6,117,38,9,5,13,6,53.165,-31.465,-53,-32,,,,,-32,53,,,,
9-6-13-6,T-9-6-13-6,T-9-6-13-6,117,37,9,6,13,6,53.165,-32.55,-53,-33,,,,,-33,53,,,,
1-7-13-6,T-1-7-13-6,T-1-7-13-6,109,36,1,7,13,6,44.485,-33.635,-45,-34,,,,,-34,45,,,,
2-7-13-6,T-2-7-13-6,T-2-7-13-6,110,36,2,7,13,6,45.57,-33.635,-46,-34,,,,,-34,46,,,,
3-7-13-6,T-3-7-13-6,T-3-7-13-6,111,36,3,7,13,6,46.655,-33.635,-47,-34,,,,,-34,47,,,,
4-7-13-6,T-4-7-13-6,T-4-7-13-6,112,36,4,7,13,6,47.74,-33.635,-48,-34,,,,,-34,48,,,,
5-7-13-6,T-5-7-13-6,T-5-7-13-6,113,36,5,7,13,6,48.825,-33.635,-49,-34,,,,,-34,49,,,,
6-7-13-6,T-6-7-13-6,T-6-7-13-6,114,36,6,7,13,6,49.91,-33.635,-50,-34,,,,,-34,50,,,,
7-7-13-6,T-7-7-13-6,T-7-7-13-6,115,36,7,7,13,6,50.995,-33.635,-51,-34,,,,,-34,51,,,,
8-7-13-6,T-8-7-13-6,T-8-7-13-6,116,36,8,7,13,6,52.08,-33.635,-52,-34,,,,,-34,52,,,,
9-7-13-6,T-9-7-13-6,T-9-7-13-6,117,36,9,7,13,6,53.165,-33.635,-53,-34,,,,,-34,53,,,,
9-1-14-6,T-9-1-14-6,T-9-1-14-6,126,42,9,1,14,6,62.93,-27.125,-62,-28,,,,,-28,62,,,,
9-2-14-6,T-9-2-14-6,T-9-2-14-6,126,41,9,2,14,6,62.93,-28.21,-62,-29,,,,,-29,62,,,,
9-3-14-6,T-9-3-14-6,T-9-3-14-6,126,40,9,3,14,6,62.93,-29.295,-62,-30,,,,,-30,62,,,,
9-4-14-6,T-9-4-14-6,T-9-4-14-6,126,39,9,4,14,6,62.93,-30.38,-62,-31,,,,,-31,62,,,,
9-5-14-6,T-9-5-14-6,T-9-5-14-6,126,38,9,5,14,6,62.93,-31.465,-62,-32,,,,,-32,62,,,,
9-6-14-6,T-9-6-14-6,T-9-6-14-6,126,37,9,6,14,6,62.93,-32.55,-62,-33,,,,,-33,62,,,,
1-7-14-6,T-1-7-14-6,T-1-7-14-6,118,36,1,7,14,6,54.25,-33.635,-54,-34,,,,,-34,54,,,,
2-7-14-6,T-2-7-14-6,T-2-7-14-6,119,36,2,7,14,6,55.335,-33.635,-55,-34,,,,,-34,55,,,,
3-7-14-6,T-3-7-14-6,T-3-7-14-6,120,36,3,7,14,6,56.42,-33.635,-56,-34,,,,,-34,56,,,,
4-7-14-6,T-4-7-14-6,T-4-7-14-6,121,36,4,7,14,6,57.505,-33.635,-57,-34,,,,,-34,57,,,,
5-7-14-6,T-5-7-14-6,T-5-7-14-6,122,36,5,7,14,6,58.59,-33.635,-58,-34,,,,,-34,58,,,,
6-7-14-6,T-6-7-14-6,T-6-7-14-6,123,36,6,7,14,6,59.675,-33.635,-59,-34,,,,,-34,59,,,,
7-7-14-6,T-7-7-14-6,T-7-7-14-6,124,36,7,7,14,6,60.76,-33.635,-60,-34,,,,,-34,60,,,,
8-7-14-6,T-8-7-14-6,T-8-7-14-6,125,36,8,7,14,6,61.845,-33.635,-61,-34,,,,,-34,61,,,,
9-7-14-6,T-9-7-14-6,T-9-7-14-6,126,36,9,7,14,6,62.93,-33.635,-62,-34,,,,,-34,62,,,,
9-1-3-5,T-9-1-3-5,T-9-1-3-5,27,35,9,1,3,5,-44.485,-34.72,37,-35,,,,,-35,-37,,,,
9-2-3-5,T-9-2-3-5,T-9-2-3-5,27,34,9,2,3,5,-44.485,-35.805,37,-36,,,,,-36,-37,,,,
9-3-3-5,T-9-3-3-5,T-9-3-3-5,27,33,9,3,3,5,-44.485,-36.89,37,-37,,,,,-37,-37,,,,
9-4-3-5,T-9-4-3-5,T-9-4-3-5,27,32,9,4,3,5,-44.485,-37.975,37,-38,,,,,-38,-37,,,,
9-5-3-5,T-9-5-3-5,T-9-5-3-5,27,31,9,5,3,5,-44.485,-39.06,37,-39,,,,,-39,-37,,,,
9-6-3-5,T-9-6-3-5,T-9-6-3-5,27,30,9,6,3,5,-44.485,-40.145,37,-40,,,,,-40,-37,,,,
1-7-3-5,T-1-7-3-5,T-1-7-3-5,19,29,1,7,3,5,-53.165,-41.23,45,-41,,,,,-41,-45,,,,
2-7-3-5,T-2-7-3-5,T-2-7-3-5,20,29,2,7,3,5,-52.08,-41.23,44,-41,,,,,-41,-44,,,,
3-7-3-5,T-3-7-3-5,T-3-7-3-5,21,29,3,7,3,5,-50.995,-41.23,43,-41,,,,,-41,-43,,,,
4-7-3-5,T-4-7-3-5,T-4-7-3-5,22,29,4,7,3,5,-49.91,-41.23,42,-41,,,,,-41,-42,,,,
5-7-3-5,T-5-7-3-5,T-5-7-3-5,23,29,5,7,3,5,-48.825,-41.23,41,-41,,,,,-41,-41,,,,
6-7-3-5,T-6-7-3-5,T-6-7-3-5,24,29,6,7,3,5,-47.74,-41.23,40,-41,,,,,-41,-40,,,,
7-7-3-5,T-7-7-3-5,T-7-7-3-5,25,29,7,7,3,5,-46.655,-41.23,39,-41,,,,,-41,-39,,,,
8-7-3-5,T-8-7-3-5,T-8-7-3-5,26,29,8,7,3,5,-45.57,-41.23,38,-41,,,,,-41,-38,,,,
9-7-3-5,T-9-7-3-5,T-9-7-3-5,27,29,9,7,3,5,-44.485,-41.23,37,-41,,,,,-41,-37,,,,
9-1-4-5,T-9-1-4-5,T-9-1-4-5,36,35,9,1,4,5,-34.72,-34.72,28,-35,,,,,-35,-28,,,,
9-2-4-5,T-9-2-4-5,T-9-2-4-5,36,34,9,2,4,5,-34.72,-35.805,28,-36,,,,,-36,-28,,,,
9-3-4-5,T-9-3-4-5,T-9-3-4-5,36,33,9,3,4,5,-34.72,-36.89,28,-37,,,,,-37,-28,,,,
9-4-4-5,T-9-4-4-5,T-9-4-4-5,36,32,9,4,4,5,-34.72,-37.975,28,-38,,,,,-38,-28,,,,
9-5-4-5,T-9-5-4-5,T-9-5-4-5,36,31,9,5,4,5,-34.72,-39.06,28,-39,,,,,-39,-28,,,,
9-6-4-5,T-9-6-4-5,T-9-6-4-5,36,30,9,6,4,5,-34.72,-40.145,28,-40,,,,,-40,-28,,,,
1-7-4-5,T-1-7-4-5,T-1-7-4-5,28,29,1,7,4,5,-43.4,-41.23,36,-41,,,,,-41,-36,,,,
2-7-4-5,T-2-7-4-5,T-2-7-4-5,29,29,2,7,4,5,-42.315,-41.23,35,-41,,,,,-41,-35,,,,
3-7-4-5,T-3-7-4-5,T-3-7-4-5,30,29,3,7,4,5,-41.23,-41.23,34,-41,,,,,-41,-34,,,,
4-7-4-5,T-4-7-4-5,T-4-7-4-5,31,29,4,7,4,5,-40.145,-41.23,33,-41,,,,,-41,-33,,,,
5-7-4-5,T-5-7-4-5,T-5-7-4-5,32,29,5,7,4,5,-39.06,-41.23,32,-41,,,,,-41,-32,,,,
6-7-4-5,T-6-7-4-5,T-6-7-4-5,33,29,6,7,4,5,-37.975,-41.23,31,-41,,,,,-41,-31,,,,
7-7-4-5,T-7-7-4-5,T-7-7-4-5,34,29,7,7,4,5,-36.89,-41.23,30,-41,,,,,-41,-30,,,,
8-7-4-5,T-8-7-4-5,T-8-7-4-5,35,29,8,7,4,5,-35.805,-41.23,29,-41,,,,,-41,-29,,,,
9-7-4-5,T-9-7-4-5,T-9-7-4-5,36,29,9,7,4,5,-34.72,-41.23,28,-41,,,,,-41,-28,,,,
9-1-5-5,T-9-1-5-5,T-9-1-5-5,45,35,9,1,5,5,-24.955,-34.72,19,-35,,,,,-35,-19,,,,
9-2-5-5,T-9-2-5-5,T-9-2-5-5,45,34,9,2,5,5,-24.955,-35.805,19,-36,,,,,-36,-19,,,,
9-3-5-5,T-9-3-5-5,T-9-3-5-5,45,33,9,3,5,5,-24.955,-36.89,19,-37,,,,,-37,-19,,,,
9-4-5-5,T-9-4-5-5,T-9-4-5-5,45,32,9,4,5,5,-24.955,-37.975,19,-38,,,,,-38,-19,,,,
9-5-5-5,T-9-5-5-5,T-9-5-5-5,45,31,9,5,5,5,-24.955,-39.06,19,-39,,,,,-39,-19,,,,
9-6-5-5,T-9-6-5-5,T-9-6-5-5,45,30,9,6,5,5,-24.955,-40.145,19,-40,,,,,-40,-19,,,,
1-7-5-5,T-1-7-5-5,T-1-7-5-5,37,29,1,7,5,5,-33.635,-41.23,27,-41,,,,,-41,-27,,,,
2-7-5-5,T-2-7-5-5,T-2-7-5-5,38,29,2,7,5,5,-32.55,-41.23,26,-41,,,,,-41,-26,,,,
3-7-5-5,T-3-7-5-5,T-3-7-5-5,39,29,3,7,5,5,-31.465,-41.23,25,-41,,,,,-41,-25,,,,
4-7-5-5,T-4-7-5-5,T-4-7-5-5,40,29,4,7,5,5,-30.38,-41.23,24,-41,,,,,-41,-24,,,,
5-7-5-5,T-5-7-5-5,T-5-7-5-5,41,29,5,7,5,5,-29.295,-41.23,23,-41,,,,,-41,-23,,,,
6-7-5-5,T-6-7-5-5,T-6-7-5-5,42,29,6,7,5,5,-28.21,-41.23,22,-41,,,,,-41,-22,,,,
7-7-5-5,T-7-7-5-5,T-7-7-5-5,43,29,7,7,5,5,-27.125,-41.23,21,-41,,,,,-41,-21,,,,
8-7-5-5,T-8-7-5-5,T-8-7-5-5,44,29,8,7,5,5,-26.04,-41.23,20,-41,,,,,-41,-20,,,,
9-7-5-5,T-9-7-5-5,T-9-7-5-5,45,29,9,7,5,5,-24.955,-41.23,19,-41,,,,,-41,-19,,,,
9-1-6-5,T-9-1-6-5,T-9-1-6-5,54,35,9,1,6,5,-15.19,-34.72,10,-35,,,,,-35,-10,,,,
9-2-6-5,T-9-2-6-5,T-9-2-6-5,54,34,9,2,6,5,-15.19,-35.805,10,-36,,,,,-36,-10,,,,
9-3-6-5,T-9-3-6-5,T-9-3-6-5,54,33,9,3,6,5,-15.19,-36.89,10,-37,,,,,-37,-10,,,,
9-4-6-5,T-9-4-6-5,T-9-4-6-5,54,32,9,4,6,5,-15.19,-37.975,10,-38,,,,,-38,-10,,,,
9-5-6-5,T-9-5-6-5,T-9-5-6-5,54,31,9,5,6,5,-15.19,-39.06,10,-39,,,,,-39,-10,,,,
9-6-6-5,T-9-6-6-5,T-9-6-6-5,54,30,9,6,6,5,-15.19,-40.145,10,-40,,,,,-40,-10,,,,
1-7-6-5,T-1-7-6-5,T-1-7-6-5,46,29,1,7,6,5,-23.87,-41.23,18,-41,,,,,-41,-18,,,,
2-7-6-5,T-2-7-6-5,T-2-7-6-5,47,29,2,7,6,5,-22.785,-41.23,17,-41,,,,,-41,-17,,,,
3-7-6-5,T-3-7-6-5,T-3-7-6-5,48,29,3,7,6,5,-21.7,-41.23,16,-41,,,,,-41,-16,,,,
4-7-6-5,T-4-7-6-5,T-4-7-6-5,49,29,4,7,6,5,-20.615,-41.23,15,-41,,,,,-41,-15,,,,
5-7-6-5,T-5-7-6-5,T-5-7-6-5,50,29,5,7,6,5,-19.53,-41.23,14,-41,,,,,-41,-14,,,,
6-7-6-5,T-6-7-6-5,T-6-7-6-5,51,29,6,7,6,5,-18.445,-41.23,13,-41,,,,,-41,-13,,,,
7-7-6-5,T-7-7-6-5,T-7-7-6-5,52,29,7,7,6,5,-17.36,-41.23,12,-41,,,,,-41,-12,,,,
8-7-6-5,T-8-7-6-5,T-8-7-6-5,53,29,8,7,6,5,-16.275,-41.23,11,-41,,,,,-41,-11,,,,
9-7-6-5,T-9-7-6-5,T-9-7-6-5,54,29,9,7,6,5,-15.19,-41.23,10,-41,,,,,-41,-10,,,,
9-1-7-5,T-9-1-7-5,T-9-1-7-5,63,35,9,1,7,5,-5.425,-34.72,1,-35,,,,,-35,-1,,,,
9-2-7-5,T-9-2-7-5,T-9-2-7-5,63,34,9,2,7,5,-5.425,-35.805,1,-36,,,,,-36,-1,,,,
9-3-7-5,T-9-3-7-5,T-9-3-7-5,63,33,9,3,7,5,-5.425,-36.89,1,-37,,,,,-37,-1,,,,
9-4-7-5,T-9-4-7-5,T-9-4-7-5,63,32,9,4,7,5,-5.425,-37.975,1,-38,,,,,-38,-1,,,,
9-5-7-5,T-9-5-7-5,T-9-5-7-5,63,31,9,5,7,5,-5.425,-39.06,1,-39,,,,,-39,-1,,,,
9-6-7-5,T-9-6-7-5,T-9-6-7-5,63,30,9,6,7,5,-5.425,-40.145,1,-40,,,,,-40,-1,,,,
1-7-7-5,T-1-7-7-5,T-1-7-7-5,55,29,1,7,7,5,-14.105,-41.23,9,-41,,,,,-41,-9,,,,
2-7-7-5,T-2-7-7-5,T-2-7-7-5,56,29,2,7,7,5,-13.02,-41.23,8,-41,,,,,-41,-8,,,,
3-7-7-5,T-3-7-7-5,T-3-7-7-5,57,29,3,7,7,5,-11.935,-41.23,7,-41,,,,,-41,-7,,,,
4-7-7-5,T-4-7-7-5,T-4-7-7-5,58,29,4,7,7,5,-10.85,-41.23,6,-41,,,,,-41,-6,,,,
5-7-7-5,T-5-7-7-5,T-5-7-7-5,59,29,5,7,7,5,-9.765,-41.23,5,-41,,,,,-41,-5,,,,
6-7-7-5,T-6-7-7-5,T-6-7-7-5,60,29,6,7,7,5,-8.68,-41.23,4,-41,,,,,-41,-4,,,,
7-7-7-5,T-7-7-7-5,T-7-7-7-5,61,29,7,7,7,5,-7.595,-41.23,3,-41,,,,,-41,-3,,,,
8-7-7-5,T-8-7-7-5,T-8-7-7-5,62,29,8,7,7,5,-6.51,-41.23,2,-41,,,,,-41,-2,,,,
9-7-7-5,T-9-7-7-5,T-9-7-7-5,63,29,9,7,7,5,-5.425,-41.23,1,-41,,,,,-41,-1,,,,
9-1-8-5,T-9-1-8-5,T-9-1-8-5,72,35,9,1,8,5,4.34,-34.72,-8,-35,,,,,-35,8,,,,
9-2-8-5,T-9-2-8-5,T-9-2-8-5,72,34,9,2,8,5,4.34,-35.805,-8,-36,,,,,-36,8,,,,
9-3-8-5,T-9-3-8-5,T-9-3-8-5,72,33,9,3,8,5,4.34,-36.89,-8,-37,,,,,-37,8,,,,
9-4-8-5,T-9-4-8-5,T-9-4-8-5,72,32,9,4,8,5,4.34,-37.975,-8,-38,,,,,-38,8,,,,
9-5-8-5,T-9-5-8-5,T-9-5-8-5,72,31,9,5,8,5,4.34,-39.06,-8,-39,,,,,-39,8,,,,
9-6-8-5,T-9-6-8-5,T-9-6-8-5,72,30,9,6,8,5,4.34,-40.145,-8,-40,,,,,-40,8,,,,
1-7-8-5,T-1-7-8-5,T-1-7-8-5,64,29,1,7,8,5,-4.34,-41.23,0,-41,,,,,-41,0,,,,
2-7-8-5,T-2-7-8-5,T-2-7-8-5,65,29,2,7,8,5,-3.255,-41.23,-1,-41,,,,,-41,1,,,,
3-7-8-5,T-3-7-8-5,T-3-7-8-5,66,29,3,7,8,5,-2.17,-41.23,-2,-41,,,,,-41,2,,,,
4-7-8-5,T-4-7-8-5,T-4-7-8-5,67,29,4,7,8,5,-1.085,-41.23,-3,-41,,,,,-41,3,,,,
5-7-8-5,T-5-7-8-5,T-5-7-8-5,68,29,5,7,8,5,0,-41.23,-4,-41,,,,,-41,4,,,,
6-7-8-5,T-6-7-8-5,T-6-7-8-5,69,29,6,7,8,5,1.085,-41.23,-5,-41,,,,,-41,5,,,,
7-7-8-5,T-7-7-8-5,T-7-7-8-5,70,29,7,7,8,5,2.17,-41.23,-6,-41,,,,,-41,6,,,,
8-7-8-5,T-8-7-8-5,T-8-7-8-5,71,29,8,7,8,5,3.255,-41.23,-7,-41,,,,,-41,7,,,,
9-7-8-5,T-9-7-8-5,T-9-7-8-5,72,29,9,7,8,5,4.34,-41.23,-8,-41,,,,,-41,8,,,,
9-1-9-5,T-9-1-9-5,T-9-1-9-5,81,35,9,1,9,5,14.105,-34.72,-17,-35,,,,,-35,17,,,,
9-2-9-5,T-9-2-9-5,T-9-2-9-5,81,34,9,2,9,5,14.105,-35.805,-17,-36,,,,,-36,17,,,,
9-3-9-5,T-9-3-9-5,T-9-3-9-5,81,33,9,3,9,5,14.105,-36.89,-17,-37,,,,,-37,17,,,,
9-4-9-5,T-9-4-9-5,T-9-4-9-5,81,32,9,4,9,5,14.105,-37.975,-17,-38,,,,,-38,17,,,,
9-5-9-5,T-9-5-9-5,T-9-5-9-5,81,31,9,5,9,5,14.105,-39.06,-17,-39,,,,,-39,17,,,,
9-6-9-5,T-9-6-9-5,T-9-6-9-5,81,30,9,6,9,5,14.105,-40.145,-17,-40,,,,,-40,17,,,,
1-7-9-5,T-1-7-9-5,T-1-7-9-5,73,29,1,7,9,5,5.425,-41.23,-9,-41,,,,,-41,9,,,,
2-7-9-5,T-2-7-9-5,T-2-7-9-5,74,29,2,7,9,5,6.51,-41.23,-10,-41,,,,,-41,10,,,,
3-7-9-5,T-3-7-9-5,T-3-7-9-5,75,29,3,7,9,5,7.595,-41.23,-11,-41,,,,,-41,11,,,,
4-7-9-5,T-4-7-9-5,T-4-7-9-5,76,29,4,7,9,5,8.68,-41.23,-12,-41,,,,,-41,12,,,,
5-7-9-5,T-5-7-9-5,T-5-7-9-5,77,29,5,7,9,5,9.765,-41.23,-13,-41,,,,,-41,13,,,,
6-7-9-5,T-6-7-9-5,T-6-7-9-5,78,29,6,7,9,5,10.85,-41.23,-14,-41,,,,,-41,14,,,,
7-7-9-5,T-7-7-9-5,T-7-7-9-5,79,29,7,7,9,5,11.935,-41.23,-15,-41,,,,,-41,15,,,,
8-7-9-5,T-8-7-9-5,T-8-7-9-5,80,29,8,7,9,5,13.02,-41.23,-16,-41,,,,,-41,16,,,,
9-7-9-5,T-9-7-9-5,T-9-7-9-5,81,29,9,7,9,5,14.105,-41.23,-17,-41,,,,,-41,17,,,,
9-1-10-5,T-9-1-10-5,T-9-1-10-5,90,35,9,1,10,5,23.87,-34.72,-26,-35,,,,,-35,26,,,,
9-2-10-5,T-9-2-10-5,T-9-2-10-5,90,34,9,2,10,5,23.87,-35.805,-26,-36,,,,,-36,26,,,,
9-3-10-5,T-9-3-10-5,T-9-3-10-5,90,33,9,3,10,5,23.87,-36.89,-26,-37,,,,,-37,26,,,,
9-4-10-5,T-9-4-10-5,T-9-4-10-5,90,32,9,4,10,5,23.87,-37.975,-26,-38,,,,,-38,26,,,,
9-5-10-5,T-9-5-10-5,T-9-5-10-5,90,31,9,5,10,5,23.87,-39.06,-26,-39,,,,,-39,26,,,,
9-6-10-5,T-9-6-10-5,T-9-6-10-5,90,30,9,6,10,5,23.87,-40.145,-26,-40,,,,,-40,26,,,,
1-7-10-5,T-1-7-10-5,T-1-7-10-5,82,29,1,7,10,5,15.19,-41.23,-18,-41,,,,,-41,18,,,,
2-7-10-5,T-2-7-10-5,T-2-7-10-5,83,29,2,7,10,5,16.275,-41.23,-19,-41,,,,,-41,19,,,,
3-7-10-5,T-3-7-10-5,T-3-7-10-5,84,29,3,7,10,5,17.36,-41.23,-20,-41,,,,,-41,20,,,,
4-7-10-5,T-4-7-10-5,T-4-7-10-5,85,29,4,7,10,5,18.445,-41.23,-21,-41,,,,,-41,21,,,,
5-7-10-5,T-5-7-10-5,T-5-7-10-5,86,29,5,7,10,5,19.53,-41.23,-22,-41,,,,,-41,22,,,,
6-7-10-5,T-6-7-10-5,T-6-7-10-5,87,29,6,7,10,5,20.615,-41.23,-23,-41,,,,,-41,23,,,,
7-7-10-5,T-7-7-10-5,T-7-7-10-5,88,29,7,7,10,5,21.7,-41.23,-24,-41,,,,,-41,24,,,,
8-7-10-5,T-8-7-10-5,T-8-7-10-5,89,29,8,7,10,5,22.785,-41.23,-25,-41,,,,,-41,25,,,,
9-7-10-5,T-9-7-10-5,T-9-7-10-5,90,29,9,7,10,5,23.87,-41.23,-26,-41,,,,,-41,26,,,,
9-1-11-5,T-9-1-11-5,T-9-1-11-5,99,35,9,1,11,5,33.635,-34.72,-35,-35,,,,,-35,35,,,,
9-2-11-5,T-9-2-11-5,T-9-2-11-5,99,34,9,2,11,5,33.635,-35.805,-35,-36,,,,,-36,35,,,,
9-3-11-5,T-9-3-11-5,T-9-3-11-5,99,33,9,3,11,5,33.635,-36.89,-35,-37,,,,,-37,35,,,,
9-4-11-5,T-9-4-11-5,T-9-4-11-5,99,32,9,4,11,5,33.635,-37.975,-35,-38,,,,,-38,35,,,,
9-5-11-5,T-9-5-11-5,T-9-5-11-5,99,31,9,5,11,5,33.635,-39.06,-35,-39,,,,,-39,35,,,,
9-6-11-5,T-9-6-11-5,T-9-6-11-5,99,30,9,6,11,5,33.635,-40.145,-35,-40,,,,,-40,35,,,,
1-7-11-5,T-1-7-11-5,T-1-7-11-5,91,29,1,7,11,5,24.955,-41.23,-27,-41,,,,,-41,27,,,,
2-7-11-5,T-2-7-11-5,T-2-7-11-5,92,29,2,7,11,5,26.04,-41.23,-28,-41,,,,,-41,28,,,,
3-7-11-5,T-3-7-11-5,T-3-7-11-5,93,29,3,7,11,5,27.125,-41.23,-29,-41,,,,,-41,29,,,,
4-7-11-5,T-4-7-11-5,T-4-7-11-5,94,29,4,7,11,5,28.21,-41.23,-30,-41,,,,,-41,30,,,,
5-7-11-5,T-5-7-11-5,T-5-7-11-5,95,29,5,7,11,5,29.295,-41.23,-31,-41,,,,,-41,31,,,,
6-7-11-5,T-6-7-11-5,T-6-7-11-5,96,29,6,7,11,5,30.38,-41.23,-32,-41,,,,,-41,32,,,,
7-7-11-5,T-7-7-11-5,T-7-7-11-5,97,29,7,7,11,5,31.465,-41.23,-33,-41,,,,,-41,33,,,,
8-7-11-5,T-8-7-11-5,T-8-7-11-5,98,29,8,7,11,5,32.55,-41.23,-34,-41,,,,,-41,34,,,,
9-7-11-5,T-9-7-11-5,T-9-7-11-5,99,29,9,7,11,5,33.635,-41.23,-35,-41,,,,,-41,35,,,,
9-1-12-5,T-9-1-12-5,T-9-1-12-5,108,35,9,1,12,5,43.4,-34.72,-44,-35,,,,,-35,44,,,,
9-2-12-5,T-9-2-12-5,T-9-2-12-5,108,34,9,2,12,5,43.4,-35.805,-44,-36,,,,,-36,44,,,,
9-3-12-5,T-9-3-12-5,T-9-3-12-5,108,33,9,3,12,5,43.4,-36.89,-44,-37,,,,,-37,44,,,,
9-4-12-5,T-9-4-12-5,T-9-4-12-5,108,32,9,4,12,5,43.4,-37.975,-44,-38,,,,,-38,44,,,,
9-5-12-5,T-9-5-12-5,T-9-5-12-5,108,31,9,5,12,5,43.4,-39.06,-44,-39,,,,,-39,44,,,,
9-6-12-5,T-9-6-12-5,T-9-6-12-5,108,30,9,6,12,5,43.4,-40.145,-44,-40,,,,,-40,44,,,,
1-7-12-5,T-1-7-12-5,T-1-7-12-5,100,29,1,7,12,5,34.72,-41.23,-36,-41,,,,,-41,36,,,,
2-7-12-5,T-2-7-12-5,T-2-7-12-5,101,29,2,7,12,5,35.805,-41.23,-37,-41,,,,,-41,37,,,,
3-7-12-5,T-3-7-12-5,T-3-7-12-5,102,29,3,7,12,5,36.89,-41.23,-38,-41,,,,,-41,38,,,,
4-7-12-5,T-4-7-12-5,T-4-7-12-5,103,29,4,7,12,5,37.975,-41.23,-39,-41,,,,,-41,39,,,,
5-7-12-5,T-5-7-12-5,T-5-7-12-5,104,29,5,7,12,5,39.06,-41.23,-40,-41,,,,,-41,40,,,,
6-7-12-5,T-6-7-12-5,T-6-7-12-5,105,29,6,7,12,5,40.145,-41.23,-41,-41,,,,,-41,41,,,,
7-7-12-5,T-7-7-12-5,T-7-7-12-5,106,29,7,7,12,5,41.23,-41.23,-42,-41,,,,,-41,42,,,,
8-7-12-5,T-8-7-12-5,T-8-7-12-5,107,29,8,7,12,5,42.315,-41.23,-43,-41,,,,,-41,43,,,,
9-7-12-5,T-9-7-12-5,T-9-7-12-5,108,29,9,7,12,5,43.4,-41.23,-44,-41,,,,,-41,44,,,,
9-1-13-5,T-9-1-13-5,T-9-1-13-5,117,35,9,1,13,5,53.165,-34.72,-53,-35,,,,,-35,53,,,,
9-2-13-5,T-9-2-13-5,T-9-2-13-5,117,34,9,2,13,5,53.165,-35.805,-53,-36,,,,,-36,53,,,,
9-3-13-5,T-9-3-13-5,T-9-3-13-5,117,33,9,3,13,5,53.165,-36.89,-53,-37,,,,,-37,53,,,,
9-4-13-5,T-9-4-13-5,T-9-4-13-5,117,32,9,4,13,5,53.165,-37.975,-53,-38,,,,,-38,53,,,,
9-5-13-5,T-9-5-13-5,T-9-5-13-5,117,31,9,5,13,5,53.165,-39.06,-53,-39,,,,,-39,53,,,,
9-6-13-5,T-9-6-13-5,T-9-6-13-5,117,30,9,6,13,5,53.165,-40.145,-53,-40,,,,,-40,53,,,,
1-7-13-5,T-1-7-13-5,T-1-7-13-5,109,29,1,7,13,5,44.485,-41.23,-45,-41,,,,,-41,45,,,,
2-7-13-5,T-2-7-13-5,T-2-7-13-5,110,29,2,7,13,5,45.57,-41.23,-46,-41,,,,,-41,46,,,,
3-7-13-5,T-3-7-13-5,T-3-7-13-5,111,29,3,7,13,5,46.655,-41.23,-47,-41,,,,,-41,47,,,,
4-7-13-5,T-4-7-13-5,T-4-7-13-5,112,29,4,7,13,5,47.74,-41.23,-48,-41,,,,,-41,48,,,,
5-7-13-5,T-5-7-13-5,T-5-7-13-5,113,29,5,7,13,5,48.825,-41.23,-49,-41,,,,,-41,49,,,,
6-7-13-5,T-6-7-13-5,T-6-7-13-5,114,29,6,7,13,5,49.91,-41.23,-50,-41,,,,,-41,50,,,,
7-7-13-5,T-7-7-13-5,T-7-7-13-5,115,29,7,7,13,5,50.995,-41.23,-51,-41,,,,,-41,51,,,,
8-7-13-5,T-8-7-13-5,T-8-7-13-5,116,29,8,7,13,5,52.08,-41.23,-52,-41,,,,,-41,52,,,,
9-7-13-5,T-9-7-13-5,T-9-7-13-5,117,29,9,7,13,5,53.165,-41.23,-53,-41,,,,,-41,53,,,,
9-1-3-4,T-9-1-3-4,T-9-1-3-4,27,28,9,1,3,4,-44.485,-42.315,37,-42,,,,,-42,-37,,,,
9-2-3-4,T-9-2-3-4,T-9-2-3-4,27,27,9,2,3,4,-44.485,-43.4,37,-43,,,,,-43,-37,,,,
9-3-3-4,T-9-3-3-4,T-9-3-3-4,27,26,9,3,3,4,-44.485,-44.485,37,-44,,,,,-44,-37,,,,
9-4-3-4,T-9-4-3-4,T-9-4-3-4,27,25,9,4,3,4,-44.485,-45.57,37,-45,,,,,-45,-37,,,,
9-5-3-4,T-9-5-3-4,T-9-5-3-4,27,24,9,5,3,4,-44.485,-46.655,37,-46,,,,,-46,-37,,,,
9-6-3-4,T-9-6-3-4,T-9-6-3-4,27,23,9,6,3,4,-44.485,-47.74,37,-47,,,,,-47,-37,,,,
1-7-3-4,T-1-7-3-4,T-1-7-3-4,19,22,1,7,3,4,-53.165,-48.825,45,-48,,,,,-48,-45,,,,
2-7-3-4,T-2-7-3-4,T-2-7-3-4,20,22,2,7,3,4,-52.08,-48.825,44,-48,,,,,-48,-44,,,,
3-7-3-4,T-3-7-3-4,T-3-7-3-4,21,22,3,7,3,4,-50.995,-48.825,43,-48,,,,,-48,-43,,,,
4-7-3-4,T-4-7-3-4,T-4-7-3-4,22,22,4,7,3,4,-49.91,-48.825,42,-48,,,,,-48,-42,,,,
5-7-3-4,T-5-7-3-4,T-5-7-3-4,23,22,5,7,3,4,-48.825,-48.825,41,-48,,,,,-48,-41,,,,
6-7-3-4,T-6-7-3-4,T-6-7-3-4,24,22,6,7,3,4,-47.74,-48.825,40,-48,,,,,-48,-40,,,,
7-7-3-4,T-7-7-3-4,T-7-7-3-4,25,22,7,7,3,4,-46.655,-48.825,39,-48,,,,,-48,-39,,,,
8-7-3-4,T-8-7-3-4,T-8-7-3-4,26,22,8,7,3,4,-45.57,-48.825,38,-48,,,,,-48,-38,,,,
9-7-3-4,T-9-7-3-4,T-9-7-3-4,27,22,9,7,3,4,-44.485,-48.825,37,-48,,,,,-48,-37,,,,
9-1-4-4,T-9-1-4-4,T-9-1-4-4,36,28,9,1,4,4,-34.72,-42.315,28,-42,,,,,-42,-28,,,,
9-2-4-4,T-9-2-4-4,T-9-2-4-4,36,27,9,2,4,4,-34.72,-43.4,28,-43,,,,,-43,-28,,,,
9-3-4-4,T-9-3-4-4,T-9-3-4-4,36,26,9,3,4,4,-34.72,-44.485,28,-44,,,,,-44,-28,,,,
9-4-4-4,T-9-4-4-4,T-9-4-4-4,36,25,9,4,4,4,-34.72,-45.57,28,-45,,,,,-45,-28,,,,
9-5-4-4,T-9-5-4-4,T-9-5-4-4,36,24,9,5,4,4,-34.72,-46.655,28,-46,,,,,-46,-28,,,,
9-6-4-4,T-9-6-4-4,T-9-6-4-4,36,23,9,6,4,4,-34.72,-47.74,28,-47,,,,,-47,-28,,,,
1-7-4-4,T-1-7-4-4,T-1-7-4-4,28,22,1,7,4,4,-43.4,-48.825,36,-48,,,,,-48,-36,,,,
2-7-4-4,T-2-7-4-4,T-2-7-4-4,29,22,2,7,4,4,-42.315,-48.825,35,-48,,,,,-48,-35,,,,
3-7-4-4,T-3-7-4-4,T-3-7-4-4,30,22,3,7,4,4,-41.23,-48.825,34,-48,,,,,-48,-34,,,,
4-7-4-4,T-4-7-4-4,T-4-7-4-4,31,22,4,7,4,4,-40.145,-48.825,33,-48,,,,,-48,-33,,,,
5-7-4-4,T-5-7-4-4,T-5-7-4-4,32,22,5,7,4,4,-39.06,-48.825,32,-48,,,,,-48,-32,,,,
6-7-4-4,T-6-7-4-4,T-6-7-4-4,33,22,6,7,4,4,-37.975,-48.825,31,-48,,,,,-48,-31,,,,
7-7-4-4,T-7-7-4-4,T-7-7-4-4,34,22,7,7,4,4,-36.89,-48.825,30,-48,,,,,-48,-30,,,,
8-7-4-4,T-8-7-4-4,T-8-7-4-4,35,22,8,7,4,4,-35.805,-48.825,29,-48,,,,,-48,-29,,,,
9-7-4-4,T-9-7-4-4,T-9-7-4-4,36,22,9,7,4,4,-34.72,-48.825,28,-48,,,,,-48,-28,,,,
9-1-5-4,T-9-1-5-4,T-9-1-5-4,45,28,9,1,5,4,-24.955,-42.315,19,-42,,,,,-42,-19,,,,
9-2-5-4,T-9-2-5-4,T-9-2-5-4,45,27,9,2,5,4,-24.955,-43.4,19,-43,,,,,-43,-19,,,,
9-3-5-4,T-9-3-5-4,T-9-3-5-4,45,26,9,3,5,4,-24.955,-44.485,19,-44,,,,,-44,-19,,,,
9-4-5-4,T-9-4-5-4,T-9-4-5-4,45,25,9,4,5,4,-24.955,-45.57,19,-45,,,,,-45,-19,,,,
9-5-5-4,T-9-5-5-4,T-9-5-5-4,45,24,9,5,5,4,-24.955,-46.655,19,-46,,,,,-46,-19,,,,
9-6-5-4,T-9-6-5-4,T-9-6-5-4,45,23,9,6,5,4,-24.955,-47.74,19,-47,,,,,-47,-19,,,,
1-7-5-4,T-1-7-5-4,T-1-7-5-4,37,22,1,7,5,4,-33.635,-48.825,27,-48,,,,,-48,-27,,,,
2-7-5-4,T-2-7-5-4,T-2-7-5-4,38,22,2,7,5,4,-32.55,-48.825,26,-48,,,,,-48,-26,,,,
3-7-5-4,T-3-7-5-4,T-3-7-5-4,39,22,3,7,5,4,-31.465,-48.825,25,-48,,,,,-48,-25,,,,
4-7-5-4,T-4-7-5-4,T-4-7-5-4,40,22,4,7,5,4,-30.38,-48.825,24,-48,,,,,-48,-24,,,,
5-7-5-4,T-5-7-5-4,T-5-7-5-4,41,22,5,7,5,4,-29.295,-48.825,23,-48,,,,,-48,-23,,,,
6-7-5-4,T-6-7-5-4,T-6-7-5-4,42,22,6,7,5,4,-28.21,-48.825,22,-48,,,,,-48,-22,,,,
7-7-5-4,T-7-7-5-4,T-7-7-5-4,43,22,7,7,5,4,-27.125,-48.825,21,-48,,,,,-48,-21,,,,
8-7-5-4,T-8-7-5-4,T-8-7-5-4,44,22,8,7,5,4,-26.04,-48.825,20,-48,,,,,-48,-20,,,,
9-7-5-4,T-9-7-5-4,T-9-7-5-4,45,22,9,7,5,4,-24.955,-48.825,19,-48,,,,,-48,-19,,,,
9-1-6-4,T-9-1-6-4,T-9-1-6-4,54,28,9,1,6,4,-15.19,-42.315,10,-42,,,,,-42,-10,,,,
9-2-6-4,T-9-2-6-4,T-9-2-6-4,54,27,9,2,6,4,-15.19,-43.4,10,-43,,,,,-43,-10,,,,
9-3-6-4,T-9-3-6-4,T-9-3-6-4,54,26,9,3,6,4,-15.19,-44.485,10,-44,,,,,-44,-10,,,,
9-4-6-4,T-9-4-6-4,T-9-4-6-4,54,25,9,4,6,4,-15.19,-45.57,10,-45,,,,,-45,-10,,,,
9-5-6-4,T-9-5-6-4,T-9-5-6-4,54,24,9,5,6,4,-15.19,-46.655,10,-46,,,,,-46,-10,,,,
9-6-6-4,T-9-6-6-4,T-9-6-6-4,54,23,9,6,6,4,-15.19,-47.74,10,-47,,,,,-47,-10,,,,
1-7-6-4,T-1-7-6-4,T-1-7-6-4,46,22,1,7,6,4,-23.87,-48.825,18,-48,,,,,-48,-18,,,,
2-7-6-4,T-2-7-6-4,T-2-7-6-4,47,22,2,7,6,4,-22.785,-48.825,17,-48,,,,,-48,-17,,,,
3-7-6-4,T-3-7-6-4,T-3-7-6-4,48,22,3,7,6,4,-21.7,-48.825,16,-48,,,,,-48,-16,,,,
4-7-6-4,T-4-7-6-4,T-4-7-6-4,49,22,4,7,6,4,-20.615,-48.825,15,-48,,,,,-48,-15,,,,
5-7-6-4,T-5-7-6-4,T-5-7-6-4,50,22,5,7,6,4,-19.53,-48.825,14,-48,,,,,-48,-14,,,,
6-7-6-4,T-6-7-6-4,T-6-7-6-4,51,22,6,7,6,4,-18.445,-48.825,13,-48,,,,,-48,-13,,,,
7-7-6-4,T-7-7-6-4,T-7-7-6-4,52,22,7,7,6,4,-17.36,-48.825,12,-48,,,,,-48,-12,,,,
8-7-6-4,T-8-7-6-4,T-8-7-6-4,53,22,8,7,6,4,-16.275,-48.825,11,-48,,,,,-48,-11,,,,
9-7-6-4,T-9-7-6-4,T-9-7-6-4,54,22,9,7,6,4,-15.19,-48.825,10,-48,,,,,-48,-10,,,,
9-1-7-4,T-9-1-7-4,T-9-1-7-4,63,28,9,1,7,4,-5.425,-42.315,1,-42,,,,,-42,-1,,,,
9-2-7-4,T-9-2-7-4,T-9-2-7-4,63,27,9,2,7,4,-5.425,-43.4,1,-43,,,,,-43,-1,,,,
9-3-7-4,T-9-3-7-4,T-9-3-7-4,63,26,9,3,7,4,-5.425,-44.485,1,-44,,,,,-44,-1,,,,
9-4-7-4,T-9-4-7-4,T-9-4-7-4,63,25,9,4,7,4,-5.425,-45.57,1,-45,,,,,-45,-1,,,,
9-5-7-4,T-9-5-7-4,T-9-5-7-4,63,24,9,5,7,4,-5.425,-46.655,1,-46,,,,,-46,-1,,,,
9-6-7-4,T-9-6-7-4,T-9-6-7-4,63,23,9,6,7,4,-5.425,-47.74,1,-47,,,,,-47,-1,,,,
1-7-7-4,T-1-7-7-4,T-1-7-7-4,55,22,1,7,7,4,-14.105,-48.825,9,-48,,,,,-48,-9,,,,
2-7-7-4,T-2-7-7-4,T-2-7-7-4,56,22,2,7,7,4,-13.02,-48.825,8,-48,,,,,-48,-8,,,,
3-7-7-4,T-3-7-7-4,T-3-7-7-4,57,22,3,7,7,4,-11.935,-48.825,7,-48,,,,,-48,-7,,,,
4-7-7-4,T-4-7-7-4,T-4-7-7-4,58,22,4,7,7,4,-10.85,-48.825,6,-48,,,,,-48,-6,,,,
5-7-7-4,T-5-7-7-4,T-5-7-7-4,59,22,5,7,7,4,-9.765,-48.825,5,-48,,,,,-48,-5,,,,
6-7-7-4,T-6-7-7-4,T-6-7-7-4,60,22,6,7,7,4,-8.68,-48.825,4,-48,,,,,-48,-4,,,,
7-7-7-4,T-7-7-7-4,T-7-7-7-4,61,22,7,7,7,4,-7.595,-48.825,3,-48,,,,,-48,-3,,,,
8-7-7-4,T-8-7-7-4,T-8-7-7-4,62,22,8,7,7,4,-6.51,-48.825,2,-48,,,,,-48,-2,,,,
9-7-7-4,T-9-7-7-4,T-9-7-7-4,63,22,9,7,7,4,-5.425,-48.825,1,-48,,,,,-48,-1,,,,
9-1-8-4,T-9-1-8-4,T-9-1-8-4,72,28,9,1,8,4,4.34,-42.315,-8,-42,,,,,-42,8,,,,
9-2-8-4,T-9-2-8-4,T-9-2-8-4,72,27,9,2,8,4,4.34,-43.4,-8,-43,,,,,-43,8,,,,
9-3-8-4,T-9-3-8-4,T-9-3-8-4,72,26,9,3,8,4,4.34,-44.485,-8,-44,,,,,-44,8,,,,
9-4-8-4,T-9-4-8-4,T-9-4-8-4,72,25,9,4,8,4,4.34,-45.57,-8,-45,,,,,-45,8,,,,
9-5-8-4,T-9-5-8-4,T-9-5-8-4,72,24,9,5,8,4,4.34,-46.655,-8,-46,,,,,-46,8,,,,
9-6-8-4,T-9-6-8-4,T-9-6-8-4,72,23,9,6,8,4,4.34,-47.74,-8,-47,,,,,-47,8,,,,
1-7-8-4,T-1-7-8-4,T-1-7-8-4,64,22,1,7,8,4,-4.34,-48.825,0,-48,,,,,-48,0,,,,
2-7-8-4,T-2-7-8-4,T-2-7-8-4,65,22,2,7,8,4,-3.255,-48.825,-1,-48,,,,,-48,1,,,,
3-7-8-4,T-3-7-8-4,T-3-7-8-4,66,22,3,7,8,4,-2.17,-48.825,-2,-48,,,,,-48,2,,,,
4-7-8-4,T-4-7-8-4,T-4-7-8-4,67,22,4,7,8,4,-1.085,-48.825,-3,-48,,,,,-48,3,,,,
5-7-8-4,T-5-7-8-4,T-5-7-8-4,68,22,5,7,8,4,0,-48.825,-4,-48,,,,,-48,4,,,,
6-7-8-4,T-6-7-8-4,T-6-7-8-4,69,22,6,7,8,4,1.085,-48.825,-5,-48,,,,,-48,5,,,,
7-7-8-4,T-7-7-8-4,T-7-7-8-4,70,22,7,7,8,4,2.17,-48.825,-6,-48,,,,,-48,6,,,,
8-7-8-4,T-8-7-8-4,T-8-7-8-4,71,22,8,7,8,4,3.255,-48.825,-7,-48,,,,,-48,7,,,,
9-7-8-4,T-9-7-8-4,T-9-7-8-4,72,22,9,7,8,4,4.34,-48.825,-8,-48,,,,,-48,8,,,,
9-1-9-4,T-9-1-9-4,T-9-1-9-4,81,28,9,1,9,4,14.105,-42.315,-17,-42,,,,,-42,17,,,,
9-2-9-4,T-9-2-9-4,T-9-2-9-4,81,27,9,2,9,4,14.105,-43.4,-17,-43,,,,,-43,17,,,,
9-3-9-4,T-9-3-9-4,T-9-3-9-4,81,26,9,3,9,4,14.105,-44.485,-17,-44,,,,,-44,17,,,,
9-4-9-4,T-9-4-9-4,T-9-4-9-4,81,25,9,4,9,4,14.105,-45.57,-17,-45,,,,,-45,17,,,,
9-5-9-4,T-9-5-9-4,T-9-5-9-4,81,24,9,5,9,4,14.105,-46.655,-17,-46,,,,,-46,17,,,,
9-6-9-4,T-9-6-9-4,T-9-6-9-4,81,23,9,6,9,4,14.105,-47.74,-17,-47,,,,,-47,17,,,,
1-7-9-4,T-1-7-9-4,T-1-7-9-4,73,22,1,7,9,4,5.425,-48.825,-9,-48,,,,,-48,9,,,,
2-7-9-4,T-2-7-9-4,T-2-7-9-4,74,22,2,7,9,4,6.51,-48.825,-10,-48,,,,,-48,10,,,,
3-7-9-4,T-3-7-9-4,T-3-7-9-4,75,22,3,7,9,4,7.595,-48.825,-11,-48,,,,,-48,11,,,,
4-7-9-4,T-4-7-9-4,T-4-7-9-4,76,22,4,7,9,4,8.68,-48.825,-12,-48,,,,,-48,12,,,,
5-7-9-4,T-5-7-9-4,T-5-7-9-4,77,22,5,7,9,4,9.765,-48.825,-13,-48,,,,,-48,13,,,,
6-7-9-4,T-6-7-9-4,T-6-7-9-4,78,22,6,7,9,4,10.85,-48.825,-14,-48,,,,,-48,14,,,,
7-7-9-4,T-7-7-9-4,T-7-7-9-4,79,22,7,7,9,4,11.935,-48.825,-15,-48,,,,,-48,15,,,,
8-7-9-4,T-8-7-9-4,T-8-7-9-4,80,22,8,7,9,4,13.02,-48.825,-16,-48,,,,,-48,16,,,,
9-7-9-4,T-9-7-9-4,T-9-7-9-4,81,22,9,7,9,4,14.105,-48.825,-17,-48,,,,,-48,17,,,,
9-1-10-4,T-9-1-10-4,T-9-1-10-4,90,28,9,1,10,4,23.87,-42.315,-26,-42,,,,,-42,26,,,,
9-2-10-4,T-9-2-10-4,T-9-2-10-4,90,27,9,2,10,4,23.87,-43.4,-26,-43,,,,,-43,26,,,,
9-3-10-4,T-9-3-10-4,T-9-3-10-4,90,26,9,3,10,4,23.87,-44.485,-26,-44,,,,,-44,26,,,,
9-4-10-4,T-9-4-10-4,T-9-4-10-4,90,25,9,4,10,4,23.87,-45.57,-26,-45,,,,,-45,26,,,,
9-5-10-4,T-9-5-10-4,T-9-5-10-4,90,24,9,5,10,4,23.87,-46.655,-26,-46,,,,,-46,26,,,,
9-6-10-4,T-9-6-10-4,T-9-6-10-4,90,23,9,6,10,4,23.87,-47.74,-26,-47,,,,,-47,26,,,,
1-7-10-4,T-1-7-10-4,T-1-7-10-4,82,22,1,7,10,4,15.19,-48.825,-18,-48,,,,,-48,18,,,,
2-7-10-4,T-2-7-10-4,T-2-7-10-4,83,22,2,7,10,4,16.275,-48.825,-19,-48,,,,,-48,19,,,,
3-7-10-4,T-3-7-10-4,T-3-7-10-4,84,22,3,7,10,4,17.36,-48.825,-20,-48,,,,,-48,20,,,,
4-7-10-4,T-4-7-10-4,T-4-7-10-4,85,22,4,7,10,4,18.445,-48.825,-21,-48,,,,,-48,21,,,,
5-7-10-4,T-5-7-10-4,T-5-7-10-4,86,22,5,7,10,4,19.53,-48.825,-22,-48,,,,,-48,22,,,,
6-7-10-4,T-6-7-10-4,T-6-7-10-4,87,22,6,7,10,4,20.615,-48.825,-23,-48,,,,,-48,23,,,,
7-7-10-4,T-7-7-10-4,T-7-7-10-4,88,22,7,7,10,4,21.7,-48.825,-24,-48,,,,,-48,24,,,,
8-7-10-4,T-8-7-10-4,T-8-7-10-4,89,22,8,7,10,4,22.785,-48.825,-25,-48,,,,,-48,25,,,,
9-7-10-4,T-9-7-10-4,T-9-7-10-4,90,22,9,7,10,4,23.87,-48.825,-26,-48,,,,,-48,26,,,,
9-1-11-4,T-9-1-11-4,T-9-1-11-4,99,28,9,1,11,4,33.635,-42.315,-35,-42,,,,,-42,35,,,,
9-2-11-4,T-9-2-11-4,T-9-2-11-4,99,27,9,2,11,4,33.635,-43.4,-35,-43,,,,,-43,35,,,,
9-3-11-4,T-9-3-11-4,T-9-3-11-4,99,26,9,3,11,4,33.635,-44.485,-35,-44,,,,,-44,35,,,,
9-4-11-4,T-9-4-11-4,T-9-4-11-4,99,25,9,4,11,4,33.635,-45.57,-35,-45,,,,,-45,35,,,,
9-5-11-4,T-9-5-11-4,T-9-5-11-4,99,24,9,5,11,4,33.635,-46.655,-35,-46,,,,,-46,35,,,,
9-6-11-4,T-9-6-11-4,T-9-6-11-4,99,23,9,6,11,4,33.635,-47.74,-35,-47,,,,,-47,35,,,,
1-7-11-4,T-1-7-11-4,T-1-7-11-4,91,22,1,7,11,4,24.955,-48.825,-27,-48,,,,,-48,27,,,,
2-7-11-4,T-2-7-11-4,T-2-7-11-4,92,22,2,7,11,4,26.04,-48.825,-28,-48,,,,,-48,28,,,,
3-7-11-4,T-3-7-11-4,T-3-7-11-4,93,22,3,7,11,4,27.125,-48.825,-29,-48,,,,,-48,29,,,,
4-7-11-4,T-4-7-11-4,T-4-7-11-4,94,22,4,7,11,4,28.21,-48.825,-30,-48,,,,,-48,30,,,,
5-7-11-4,T-5-7-11-4,T-5-7-11-4,95,22,5,7,11,4,29.295,-48.825,-31,-48,,,,,-48,31,,,,
6-7-11-4,T-6-7-11-4,T-6-7-11-4,96,22,6,7,11,4,30.38,-48.825,-32,-48,,,,,-48,32,,,,
7-7-11-4,T-7-7-11-4,T-7-7-11-4,97,22,7,7,11,4,31.465,-48.825,-33,-48,,,,,-48,33,,,,
8-7-11-4,T-8-7-11-4,T-8-7-11-4,98,22,8,7,11,4,32.55,-48.825,-34,-48,,,,,-48,34,,,,
9-7-11-4,T-9-7-11-4,T-9-7-11-4,99,22,9,7,11,4,33.635,-48.825,-35,-48,,,,,-48,35,,,,
9-1-12-4,T-9-1-12-4,T-9-1-12-4,108,28,9,1,12,4,43.4,-42.315,-44,-42,,,,,-42,44,,,,
9-2-12-4,T-9-2-12-4,T-9-2-12-4,108,27,9,2,12,4,43.4,-43.4,-44,-43,,,,,-43,44,,,,
9-3-12-4,T-9-3-12-4,T-9-3-12-4,108,26,9,3,12,4,43.4,-44.485,-44,-44,,,,,-44,44,,,,
9-4-12-4,T-9-4-12-4,T-9-4-12-4,108,25,9,4,12,4,43.4,-45.57,-44,-45,,,,,-45,44,,,,
9-5-12-4,T-9-5-12-4,T-9-5-12-4,108,24,9,5,12,4,43.4,-46.655,-44,-46,,,,,-46,44,,,,
9-6-12-4,T-9-6-12-4,T-9-6-12-4,108,23,9,6,12,4,43.4,-47.74,-44,-47,,,,,-47,44,,,,
1-7-12-4,T-1-7-12-4,T-1-7-12-4,100,22,1,7,12,4,34.72,-48.825,-36,-48,,,,,-48,36,,,,
2-7-12-4,T-2-7-12-4,T-2-7-12-4,101,22,2,7,12,4,35.805,-48.825,-37,-48,,,,,-48,37,,,,
3-7-12-4,T-3-7-12-4,T-3-7-12-4,102,22,3,7,12,4,36.89,-48.825,-38,-48,,,,,-48,38,,,,
4-7-12-4,T-4-7-12-4,T-4-7-12-4,103,22,4,7,12,4,37.975,-48.825,-39,-48,,,,,-48,39,,,,
5-7-12-4,T-5-7-12-4,T-5-7-12-4,104,22,5,7,12,4,39.06,-48.825,-40,-48,,,,,-48,40,,,,
6-7-12-4,T-6-7-12-4,T-6-7-12-4,105,22,6,7,12,4,40.145,-48.825,-41,-48,,,,,-48,41,,,,
7-7-12-4,T-7-7-12-4,T-7-7-12-4,106,22,7,7,12,4,41.23,-48.825,-42,-48,,,,,-48,42,,,,
8-7-12-4,T-8-7-12-4,T-8-7-12-4,107,22,8,7,12,4,42.315,-48.825,-43,-48,,,,,-48,43,,,,
9-7-12-4,T-9-7-12-4,T-9-7-12-4,108,22,9,7,12,4,43.4,-48.825,-44,-48,,,,,-48,44,,,,
9-1-13-4,T-9-1-13-4,T-9-1-13-4,117,28,9,1,13,4,53.165,-42.315,-53,-42,,,,,-42,53,,,,
9-2-13-4,T-9-2-13-4,T-9-2-13-4,117,27,9,2,13,4,53.165,-43.4,-53,-43,,,,,-43,53,,,,
9-3-13-4,T-9-3-13-4,T-9-3-13-4,117,26,9,3,13,4,53.165,-44.485,-53,-44,,,,,-44,53,,,,
9-4-13-4,T-9-4-13-4,T-9-4-13-4,117,25,9,4,13,4,53.165,-45.57,-53,-45,,,,,-45,53,,,,
9-5-13-4,T-9-5-13-4,T-9-5-13-4,117,24,9,5,13,4,53.165,-46.655,-53,-46,,,,,-46,53,,,,
9-6-13-4,T-9-6-13-4,T-9-6-13-4,117,23,9,6,13,4,53.165,-47.74,-53,-47,,,,,-47,53,,,,
1-7-13-4,T-1-7-13-4,T-1-7-13-4,109,22,1,7,13,4,44.485,-48.825,-45,-48,,,,,-48,45,,,,
2-7-13-4,T-2-7-13-4,T-2-7-13-4,110,22,2,7,13,4,45.57,-48.825,-46,-48,,,,,-48,46,,,,
3-7-13-4,T-3-7-13-4,T-3-7-13-4,111,22,3,7,13,4,46.655,-48.825,-47,-48,,,,,-48,47,,,,
4-7-13-4,T-4-7-13-4,T-4-7-13-4,112,22,4,7,13,4,47.74,-48.825,-48,-48,,,,,-48,48,,,,
5-7-13-4,T-5-7-13-4,T-5-7-13-4,113,22,5,7,13,4,48.825,-48.825,-49,-48,,,,,-48,49,,,,
6-7-13-4,T-6-7-13-4,T-6-7-13-4,114,22,6,7,13,4,49.91,-48.825,-50,-48,,,,,-48,50,,,,
7-7-13-4,T-7-7-13-4,T-7-7-13-4,115,22,7,7,13,4,50.995,-48.825,-51,-48,,,,,-48,51,,,,
8-7-13-4,T-8-7-13-4,T-8-7-13-4,116,22,8,7,13,4,52.08,-48.825,-52,-48,,,,,-48,52,,,,
9-7-13-4,T-9-7-13-4,T-9-7-13-4,117,22,9,7,13,4,53.165,-48.825,-53,-48,,,,,-48,53,,,,
9-1-4-3,T-9-1-4-3,T-9-1-4-3,36,21,9,1,4,3,-34.72,-49.91,28,-49,,,,,-49,-28,,,,
9-2-4-3,T-9-2-4-3,T-9-2-4-3,36,20,9,2,4,3,-34.72,-50.995,28,-50,,,,,-50,-28,,,,
9-3-4-3,T-9-3-4-3,T-9-3-4-3,36,19,9,3,4,3,-34.72,-52.08,28,-51,,,,,-51,-28,,,,
9-4-4-3,T-9-4-4-3,T-9-4-4-3,36,18,9,4,4,3,-34.72,-53.165,28,-52,,,,,-52,-28,,,,
9-5-4-3,T-9-5-4-3,T-9-5-4-3,36,17,9,5,4,3,-34.72,-54.25,28,-53,,,,,-53,-28,,,,
9-6-4-3,T-9-6-4-3,T-9-6-4-3,36,16,9,6,4,3,-34.72,-55.335,28,-54,,,,,-54,-28,,,,
1-7-4-3,T-1-7-4-3,T-1-7-4-3,28,15,1,7,4,3,-43.4,-56.42,36,-55,,,,,-55,-36,,,,
2-7-4-3,T-2-7-4-3,T-2-7-4-3,29,15,2,7,4,3,-42.315,-56.42,35,-55,,,,,-55,-35,,,,
3-7-4-3,T-3-7-4-3,T-3-7-4-3,30,15,3,7,4,3,-41.23,-56.42,34,-55,,,,,-55,-34,,,,
4-7-4-3,T-4-7-4-3,T-4-7-4-3,31,15,4,7,4,3,-40.145,-56.42,33,-55,,,,,-55,-33,,,,
5-7-4-3,T-5-7-4-3,T-5-7-4-3,32,15,5,7,4,3,-39.06,-56.42,32,-55,,,,,-55,-32,,,,
6-7-4-3,T-6-7-4-3,T-6-7-4-3,33,15,6,7,4,3,-37.975,-56.42,31,-55,,,,,-55,-31,,,,
7-7-4-3,T-7-7-4-3,T-7-7-4-3,34,15,7,7,4,3,-36.89,-56.42,30,-55,,,,,-55,-30,,,,
8-7-4-3,T-8-7-4-3,T-8-7-4-3,35,15,8,7,4,3,-35.805,-56.42,29,-55,,,,,-55,-29,,,,
9-7-4-3,T-9-7-4-3,T-9-7-4-3,36,15,9,7,4,3,-34.72,-56.42,28,-55,,,,,-55,-28,,,,
9-1-5-3,T-9-1-5-3,T-9-1-5-3,45,21,9,1,5,3,-24.955,-49.91,19,-49,,,,,-49,-19,,,,
9-2-5-3,T-9-2-5-3,T-9-2-5-3,45,20,9,2,5,3,-24.955,-50.995,19,-50,,,,,-50,-19,,,,
9-3-5-3,T-9-3-5-3,T-9-3-5-3,45,19,9,3,5,3,-24.955,-52.08,19,-51,,,,,-51,-19,,,,
9-4-5-3,T-9-4-5-3,T-9-4-5-3,45,18,9,4,5,3,-24.955,-53.165,19,-52,,,,,-52,-19,,,,
9-5-5-3,T-9-5-5-3,T-9-5-5-3,45,17,9,5,5,3,-24.955,-54.25,19,-53,,,,,-53,-19,,,,
9-6-5-3,T-9-6-5-3,T-9-6-5-3,45,16,9,6,5,3,-24.955,-55.335,19,-54,,,,,-54,-19,,,,
1-7-5-3,T-1-7-5-3,T-1-7-5-3,37,15,1,7,5,3,-33.635,-56.42,27,-55,,,,,-55,-27,,,,
2-7-5-3,T-2-7-5-3,T-2-7-5-3,38,15,2,7,5,3,-32.55,-56.42,26,-55,,,,,-55,-26,,,,
3-7-5-3,T-3-7-5-3,T-3-7-5-3,39,15,3,7,5,3,-31.465,-56.42,25,-55,,,,,-55,-25,,,,
4-7-5-3,T-4-7-5-3,T-4-7-5-3,40,15,4,7,5,3,-30.38,-56.42,24,-55,,,,,-55,-24,,,,
5-7-5-3,T-5-7-5-3,T-5-7-5-3,41,15,5,7,5,3,-29.295,-56.42,23,-55,,,,,-55,-23,,,,
6-7-5-3,T-6-7-5-3,T-6-7-5-3,42,15,6,7,5,3,-28.21,-56.42,22,-55,,,,,-55,-22,,,,
7-7-5-3,T-7-7-5-3,T-7-7-5-3,43,15,7,7,5,3,-27.125,-56.42,21,-55,,,,,-55,-21,,,,
8-7-5-3,T-8-7-5-3,T-8-7-5-3,44,15,8,7,5,3,-26.04,-56.42,20,-55,,,,,-55,-20,,,,
9-7-5-3,T-9-7-5-3,T-9-7-5-3,45,15,9,7,5,3,-24.955,-56.42,19,-55,,,,,-55,-19,,,,
9-1-6-3,T-9-1-6-3,T-9-1-6-3,54,21,9,1,6,3,-15.19,-49.91,10,-49,,,,,-49,-10,,,,
9-2-6-3,T-9-2-6-3,T-9-2-6-3,54,20,9,2,6,3,-15.19,-50.995,10,-50,,,,,-50,-10,,,,
9-3-6-3,T-9-3-6-3,T-9-3-6-3,54,19,9,3,6,3,-15.19,-52.08,10,-51,,,,,-51,-10,,,,
9-4-6-3,T-9-4-6-3,T-9-4-6-3,54,18,9,4,6,3,-15.19,-53.165,10,-52,,,,,-52,-10,,,,
9-5-6-3,T-9-5-6-3,T-9-5-6-3,54,17,9,5,6,3,-15.19,-54.25,10,-53,,,,,-53,-10,,,,
9-6-6-3,T-9-6-6-3,T-9-6-6-3,54,16,9,6,6,3,-15.19,-55.335,10,-54,,,,,-54,-10,,,,
1-7-6-3,T-1-7-6-3,T-1-7-6-3,46,15,1,7,6,3,-23.87,-56.42,18,-55,,,,,-55,-18,,,,
2-7-6-3,T-2-7-6-3,T-2-7-6-3,47,15,2,7,6,3,-22.785,-56.42,17,-55,,,,,-55,-17,,,,
3-7-6-3,T-3-7-6-3,T-3-7-6-3,48,15,3,7,6,3,-21.7,-56.42,16,-55,,,,,-55,-16,,,,
4-7-6-3,T-4-7-6-3,T-4-7-6-3,49,15,4,7,6,3,-20.615,-56.42,15,-55,,,,,-55,-15,,,,
5-7-6-3,T-5-7-6-3,T-5-7-6-3,50,15,5,7,6,3,-19.53,-56.42,14,-55,,,,,-55,-14,,,,
6-7-6-3,T-6-7-6-3,T-6-7-6-3,51,15,6,7,6,3,-18.445,-56.42,13,-55,,,,,-55,-13,,,,
7-7-6-3,T-7-7-6-3,T-7-7-6-3,52,15,7,7,6,3,-17.36,-56.42,12,-55,,,,,-55,-12,,,,
8-7-6-3,T-8-7-6-3,T-8-7-6-3,53,15,8,7,6,3,-16.275,-56.42,11,-55,,,,,-55,-11,,,,
9-7-6-3,T-9-7-6-3,T-9-7-6-3,54,15,9,7,6,3,-15.19,-56.42,10,-55,,,,,-55,-10,,,,
9-1-7-3,T-9-1-7-3,T-9-1-7-3,63,21,9,1,7,3,-5.425,-49.91,1,-49,,,,,-49,-1,,,,
9-2-7-3,T-9-2-7-3,T-9-2-7-3,63,20,9,2,7,3,-5.425,-50.995,1,-50,,,,,-50,-1,,,,
9-3-7-3,T-9-3-7-3,T-9-3-7-3,63,19,9,3,7,3,-5.425,-52.08,1,-51,,,,,-51,-1,,,,
9-4-7-3,T-9-4-7-3,T-9-4-7-3,63,18,9,4,7,3,-5.425,-53.165,1,-52,,,,,-52,-1,,,,
9-5-7-3,T-9-5-7-3,T-9-5-7-3,63,17,9,5,7,3,-5.425,-54.25,1,-53,,,,,-53,-1,,,,
9-6-7-3,T-9-6-7-3,T-9-6-7-3,63,16,9,6,7,3,-5.425,-55.335,1,-54,,,,,-54,-1,,,,
1-7-7-3,T-1-7-7-3,T-1-7-7-3,55,15,1,7,7,3,-14.105,-56.42,9,-55,,,,,-55,-9,,,,
2-7-7-3,T-2-7-7-3,T-2-7-7-3,56,15,2,7,7,3,-13.02,-56.42,8,-55,,,,,-55,-8,,,,
3-7-7-3,T-3-7-7-3,T-3-7-7-3,57,15,3,7,7,3,-11.935,-56.42,7,-55,,,,,-55,-7,,,,
4-7-7-3,T-4-7-7-3,T-4-7-7-3,58,15,4,7,7,3,-10.85,-56.42,6,-55,,,,,-55,-6,,,,
5-7-7-3,T-5-7-7-3,T-5-7-7-3,59,15,5,7,7,3,-9.765,-56.42,5,-55,,,,,-55,-5,,,,
6-7-7-3,T-6-7-7-3,T-6-7-7-3,60,15,6,7,7,3,-8.68,-56.42,4,-55,,,,,-55,-4,,,,
7-7-7-3,T-7-7-7-3,T-7-7-7-3,61,15,7,7,7,3,-7.595,-56.42,3,-55,,,,,-55,-3,,,,
8-7-7-3,T-8-7-7-3,T-8-7-7-3,62,15,8,7,7,3,-6.51,-56.42,2,-55,,,,,-55,-2,,,,
9-7-7-3,T-9-7-7-3,T-9-7-7-3,63,15,9,7,7,3,-5.425,-56.42,1,-55,,,,,-55,-1,,,,
9-1-8-3,T-9-1-8-3,T-9-1-8-3,72,21,9,1,8,3,4.34,-49.91,-8,-49,,,,,-49,8,,,,
9-2-8-3,T-9-2-8-3,T-9-2-8-3,72,20,9,2,8,3,4.34,-50.995,-8,-50,,,,,-50,8,,,,
9-3-8-3,T-9-3-8-3,T-9-3-8-3,72,19,9,3,8,3,4.34,-52.08,-8,-51,,,,,-51,8,,,,
9-4-8-3,T-9-4-8-3,T-9-4-8-3,72,18,9,4,8,3,4.34,-53.165,-8,-52,,,,,-52,8,,,,
9-5-8-3,T-9-5-8-3,T-9-5-8-3,72,17,9,5,8,3,4.34,-54.25,-8,-53,,,,,-53,8,,,,
9-6-8-3,T-9-6-8-3,T-9-6-8-3,72,16,9,6,8,3,4.34,-55.335,-8,-54,,,,,-54,8,,,,
1-7-8-3,T-1-7-8-3,T-1-7-8-3,64,15,1,7,8,3,-4.34,-56.42,0,-55,,,,,-55,0,,,,
2-7-8-3,T-2-7-8-3,T-2-7-8-3,65,15,2,7,8,3,-3.255,-56.42,-1,-55,,,,,-55,1,,,,
3-7-8-3,T-3-7-8-3,T-3-7-8-3,66,15,3,7,8,3,-2.17,-56.42,-2,-55,,,,,-55,2,,,,
4-7-8-3,T-4-7-8-3,T-4-7-8-3,67,15,4,7,8,3,-1.085,-56.42,-3,-55,,,,,-55,3,,,,
5-7-8-3,T-5-7-8-3,T-5-7-8-3,68,15,5,7,8,3,0,-56.42,-4,-55,,,,,-55,4,,,,
6-7-8-3,T-6-7-8-3,T-6-7-8-3,69,15,6,7,8,3,1.085,-56.42,-5,-55,,,,,-55,5,,,,
7-7-8-3,T-7-7-8-3,T-7-7-8-3,70,15,7,7,8,3,2.17,-56.42,-6,-55,,,,,-55,6,,,,
8-7-8-3,T-8-7-8-3,T-8-7-8-3,71,15,8,7,8,3,3.255,-56.42,-7,-55,,,,,-55,7,,,,
9-7-8-3,T-9-7-8-3,T-9-7-8-3,72,15,9,7,8,3,4.34,-56.42,-8,-55,,,,,-55,8,,,,
9-1-9-3,T-9-1-9-3,T-9-1-9-3,81,21,9,1,9,3,14.105,-49.91,-17,-49,,,,,-49,17,,,,
9-2-9-3,T-9-2-9-3,T-9-2-9-3,81,20,9,2,9,3,14.105,-50.995,-17,-50,,,,,-50,17,,,,
9-3-9-3,T-9-3-9-3,T-9-3-9-3,81,19,9,3,9,3,14.105,-52.08,-17,-51,,,,,-51,17,,,,
9-4-9-3,T-9-4-9-3,T-9-4-9-3,81,18,9,4,9,3,14.105,-53.165,-17,-52,,,,,-52,17,,,,
9-5-9-3,T-9-5-9-3,T-9-5-9-3,81,17,9,5,9,3,14.105,-54.25,-17,-53,,,,,-53,17,,,,
9-6-9-3,T-9-6-9-3,T-9-6-9-3,81,16,9,6,9,3,14.105,-55.335,-17,-54,,,,,-54,17,,,,
1-7-9-3,T-1-7-9-3,T-1-7-9-3,73,15,1,7,9,3,5.425,-56.42,-9,-55,,,,,-55,9,,,,
2-7-9-3,T-2-7-9-3,T-2-7-9-3,74,15,2,7,9,3,6.51,-56.42,-10,-55,,,,,-55,10,,,,
3-7-9-3,T-3-7-9-3,T-3-7-9-3,75,15,3,7,9,3,7.595,-56.42,-11,-55,,,,,-55,11,,,,
4-7-9-3,T-4-7-9-3,T-4-7-9-3,76,15,4,7,9,3,8.68,-56.42,-12,-55,,,,,-55,12,,,,
5-7-9-3,T-5-7-9-3,T-5-7-9-3,77,15,5,7,9,3,9.765,-56.42,-13,-55,,,,,-55,13,,,,
6-7-9-3,T-6-7-9-3,T-6-7-9-3,78,15,6,7,9,3,10.85,-56.42,-14,-55,,,,,-55,14,,,,
7-7-9-3,T-7-7-9-3,T-7-7-9-3,79,15,7,7,9,3,11.935,-56.42,-15,-55,,,,,-55,15,,,,
8-7-9-3,T-8-7-9-3,T-8-7-9-3,80,15,8,7,9,3,13.02,-56.42,-16,-55,,,,,-55,16,,,,
9-7-9-3,T-9-7-9-3,T-9-7-9-3,81,15,9,7,9,3,14.105,-56.42,-17,-55,,,,,-55,17,,,,
9-1-10-3,T-9-1-10-3,T-9-1-10-3,90,21,9,1,10,3,23.87,-49.91,-26,-49,,,,,-49,26,,,,
9-2-10-3,T-9-2-10-3,T-9-2-10-3,90,20,9,2,10,3,23.87,-50.995,-26,-50,,,,,-50,26,,,,
9-3-10-3,T-9-3-10-3,T-9-3-10-3,90,19,9,3,10,3,23.87,-52.08,-26,-51,,,,,-51,26,,,,
9-4-10-3,T-9-4-10-3,T-9-4-10-3,90,18,9,4,10,3,23.87,-53.165,-26,-52,,,,,-52,26,,,,
9-5-10-3,T-9-5-10-3,T-9-5-10-3,90,17,9,5,10,3,23.87,-54.25,-26,-53,,,,,-53,26,,,,
9-6-10-3,T-9-6-10-3,T-9-6-10-3,90,16,9,6,10,3,23.87,-55.335,-26,-54,,,,,-54,26,,,,
1-7-10-3,T-1-7-10-3,T-1-7-10-3,82,15,1,7,10,3,15.19,-56.42,-18,-55,,,,,-55,18,,,,
2-7-10-3,T-2-7-10-3,T-2-7-10-3,83,15,2,7,10,3,16.275,-56.42,-19,-55,,,,,-55,19,,,,
3-7-10-3,T-3-7-10-3,T-3-7-10-3,84,15,3,7,10,3,17.36,-56.42,-20,-55,,,,,-55,20,,,,
4-7-10-3,T-4-7-10-3,T-4-7-10-3,85,15,4,7,10,3,18.445,-56.42,-21,-55,,,,,-55,21,,,,
5-7-10-3,T-5-7-10-3,T-5-7-10-3,86,15,5,7,10,3,19.53,-56.42,-22,-55,,,,,-55,22,,,,
6-7-10-3,T-6-7-10-3,T-6-7-10-3,87,15,6,7,10,3,20.615,-56.42,-23,-55,,,,,-55,23,,,,
7-7-10-3,T-7-7-10-3,T-7-7-10-3,88,15,7,7,10,3,21.7,-56.42,-24,-55,,,,,-55,24,,,,
8-7-10-3,T-8-7-10-3,T-8-7-10-3,89,15,8,7,10,3,22.785,-56.42,-25,-55,,,,,-55,25,,,,
9-7-10-3,T-9-7-10-3,T-9-7-10-3,90,15,9,7,10,3,23.87,-56.42,-26,-55,,,,,-55,26,,,,
9-1-11-3,T-9-1-11-3,T-9-1-11-3,99,21,9,1,11,3,33.635,-49.91,-35,-49,,,,,-49,35,,,,
9-2-11-3,T-9-2-11-3,T-9-2-11-3,99,20,9,2,11,3,33.635,-50.995,-35,-50,,,,,-50,35,,,,
9-3-11-3,T-9-3-11-3,T-9-3-11-3,99,19,9,3,11,3,33.635,-52.08,-35,-51,,,,,-51,35,,,,
9-4-11-3,T-9-4-11-3,T-9-4-11-3,99,18,9,4,11,3,33.635,-53.165,-35,-52,,,,,-52,35,,,,
9-5-11-3,T-9-5-11-3,T-9-5-11-3,99,17,9,5,11,3,33.635,-54.25,-35,-53,,,,,-53,35,,,,
9-6-11-3,T-9-6-11-3,T-9-6-11-3,99,16,9,6,11,3,33.635,-55.335,-35,-54,,,,,-54,35,,,,
1-7-11-3,T-1-7-11-3,T-1-7-11-3,91,15,1,7,11,3,24.955,-56.42,-27,-55,,,,,-55,27,,,,
2-7-11-3,T-2-7-11-3,T-2-7-11-3,92,15,2,7,11,3,26.04,-56.42,-28,-55,,,,,-55,28,,,,
3-7-11-3,T-3-7-11-3,T-3-7-11-3,93,15,3,7,11,3,27.125,-56.42,-29,-55,,,,,-55,29,,,,
4-7-11-3,T-4-7-11-3,T-4-7-11-3,94,15,4,7,11,3,28.21,-56.42,-30,-55,,,,,-55,30,,,,
5-7-11-3,T-5-7-11-3,T-5-7-11-3,95,15,5,7,11,3,29.295,-56.42,-31,-55,,,,,-55,31,,,,
6-7-11-3,T-6-7-11-3,T-6-7-11-3,96,15,6,7,11,3,30.38,-56.42,-32,-55,,,,,-55,32,,,,
7-7-11-3,T-7-7-11-3,T-7-7-11-3,97,15,7,7,11,3,31.465,-56.42,-33,-55,,,,,-55,33,,,,
8-7-11-3,T-8-7-11-3,T-8-7-11-3,98,15,8,7,11,3,32.55,-56.42,-34,-55,,,,,-55,34,,,,
9-7-11-3,T-9-7-11-3,T-9-7-11-3,99,15,9,7,11,3,33.635,-56.42,-35,-55,,,,,-55,35,,,,
9-1-12-3,T-9-1-12-3,T-9-1-12-3,108,21,9,1,12,3,43.4,-49.91,-44,-49,,,,,-49,44,,,,
9-2-12-3,T-9-2-12-3,T-9-2-12-3,108,20,9,2,12,3,43.4,-50.995,-44,-50,,,,,-50,44,,,,
9-3-12-3,T-9-3-12-3,T-9-3-12-3,108,19,9,3,12,3,43.4,-52.08,-44,-51,,,,,-51,44,,,,
9-4-12-3,T-9-4-12-3,T-9-4-12-3,108,18,9,4,12,3,43.4,-53.165,-44,-52,,,,,-52,44,,,,
9-5-12-3,T-9-5-12-3,T-9-5-12-3,108,17,9,5,12,3,43.4,-54.25,-44,-53,,,,,-53,44,,,,
9-6-12-3,T-9-6-12-3,T-9-6-12-3,108,16,9,6,12,3,43.4,-55.335,-44,-54,,,,,-54,44,,,,
1-7-12-3,T-1-7-12-3,T-1-7-12-3,100,15,1,7,12,3,34.72,-56.42,-36,-55,,,,,-55,36,,,,
2-7-12-3,T-2-7-12-3,T-2-7-12-3,101,15,2,7,12,3,35.805,-56.42,-37,-55,,,,,-55,37,,,,
3-7-12-3,T-3-7-12-3,T-3-7-12-3,102,15,3,7,12,3,36.89,-56.42,-38,-55,,,,,-55,38,,,,
4-7-12-3,T-4-7-12-3,T-4-7-12-3,103,15,4,7,12,3,37.975,-56.42,-39,-55,,,,,-55,39,,,,
5-7-12-3,T-5-7-12-3,T-5-7-12-3,104,15,5,7,12,3,39.06,-56.42,-40,-55,,,,,-55,40,,,,
6-7-12-3,T-6-7-12-3,T-6-7-12-3,105,15,6,7,12,3,40.145,-56.42,-41,-55,,,,,-55,41,,,,
7-7-12-3,T-7-7-12-3,T-7-7-12-3,106,15,7,7,12,3,41.23,-56.42,-42,-55,,,,,-55,42,,,,
8-7-12-3,T-8-7-12-3,T-8-7-12-3,107,15,8,7,12,3,42.315,-56.42,-43,-55,,,,,-55,43,,,,
9-7-12-3,T-9-7-12-3,T-9-7-12-3,108,15,9,7,12,3,43.4,-56.42,-44,-55,,,,,-55,44,,,,
9-1-5-2,T-9-1-5-2,T-9-1-5-2,45,14,9,1,5,2,-24.955,-57.505,19,-56,,,,,-56,-19,,,,
9-2-5-2,T-9-2-5-2,T-9-2-5-2,45,13,9,2,5,2,-24.955,-58.59,19,-57,,,,,-57,-19,,,,
9-3-5-2,T-9-3-5-2,T-9-3-5-2,45,12,9,3,5,2,-24.955,-59.675,19,-58,,,,,-58,-19,,,,
9-4-5-2,T-9-4-5-2,T-9-4-5-2,45,11,9,4,5,2,-24.955,-60.76,19,-59,,,,,-59,-19,,,,
9-5-5-2,T-9-5-5-2,T-9-5-5-2,45,10,9,5,5,2,-24.955,-61.845,19,-60,,,,,-60,-19,,,,
9-6-5-2,T-9-6-5-2,T-9-6-5-2,45,9,9,6,5,2,-24.955,-62.93,19,-61,,,,,-61,-19,,,,
1-7-5-2,T-1-7-5-2,T-1-7-5-2,37,8,1,7,5,2,-33.635,-64.015,27,-62,,,,,-62,-27,,,,
2-7-5-2,T-2-7-5-2,T-2-7-5-2,38,8,2,7,5,2,-32.55,-64.015,26,-62,,,,,-62,-26,,,,
3-7-5-2,T-3-7-5-2,T-3-7-5-2,39,8,3,7,5,2,-31.465,-64.015,25,-62,,,,,-62,-25,,,,
4-7-5-2,T-4-7-5-2,T-4-7-5-2,40,8,4,7,5,2,-30.38,-64.015,24,-62,,,,,-62,-24,,,,
5-7-5-2,T-5-7-5-2,T-5-7-5-2,41,8,5,7,5,2,-29.295,-64.015,23,-62,,,,,-62,-23,,,,
6-7-5-2,T-6-7-5-2,T-6-7-5-2,42,8,6,7,5,2,-28.21,-64.015,22,-62,,,,,-62,-22,,,,
7-7-5-2,T-7-7-5-2,T-7-7-5-2,43,8,7,7,5,2,-27.125,-64.015,21,-62,,,,,-62,-21,,,,
8-7-5-2,T-8-7-5-2,T-8-7-5-2,44,8,8,7,5,2,-26.04,-64.015,20,-62,,,,,-62,-20,,,,
9-7-5-2,T-9-7-5-2,T-9-7-5-2,45,8,9,7,5,2,-24.955,-64.015,19,-62,,,,,-62,-19,,,,
9-1-6-2,T-9-1-6-2,T-9-1-6-2,54,14,9,1,6,2,-15.19,-57.505,10,-56,,,,,-56,-10,,,,
9-2-6-2,T-9-2-6-2,T-9-2-6-2,54,13,9,2,6,2,-15.19,-58.59,10,-57,,,,,-57,-10,,,,
9-3-6-2,T-9-3-6-2,T-9-3-6-2,54,12,9,3,6,2,-15.19,-59.675,10,-58,,,,,-58,-10,,,,
9-4-6-2,T-9-4-6-2,T-9-4-6-2,54,11,9,4,6,2,-15.19,-60.76,10,-59,,,,,-59,-10,,,,
9-5-6-2,T-9-5-6-2,T-9-5-6-2,54,10,9,5,6,2,-15.19,-61.845,10,-60,,,,,-60,-10,,,,
9-6-6-2,T-9-6-6-2,T-9-6-6-2,54,9,9,6,6,2,-15.19,-62.93,10,-61,,,,,-61,-10,,,,
1-7-6-2,T-1-7-6-2,T-1-7-6-2,46,8,1,7,6,2,-23.87,-64.015,18,-62,,,,,-62,-18,,,,
2-7-6-2,T-2-7-6-2,T-2-7-6-2,47,8,2,7,6,2,-22.785,-64.015,17,-62,,,,,-62,-17,,,,
3-7-6-2,T-3-7-6-2,T-3-7-6-2,48,8,3,7,6,2,-21.7,-64.015,16,-62,,,,,-62,-16,,,,
4-7-6-2,T-4-7-6-2,T-4-7-6-2,49,8,4,7,6,2,-20.615,-64.015,15,-62,,,,,-62,-15,,,,
5-7-6-2,T-5-7-6-2,T-5-7-6-2,50,8,5,7,6,2,-19.53,-64.015,14,-62,,,,,-62,-14,,,,
6-7-6-2,T-6-7-6-2,T-6-7-6-2,51,8,6,7,6,2,-18.445,-64.015,13,-62,,,,,-62,-13,,,,
7-7-6-2,T-7-7-6-2,T-7-7-6-2,52,8,7,7,6,2,-17.36,-64.015,12,-62,,,,,-62,-12,,,,
8-7-6-2,T-8-7-6-2,T-8-7-6-2,53,8,8,7,6,2,-16.275,-64.015,11,-62,,,,,-62,-11,,,,
9-7-6-2,T-9-7-6-2,T-9-7-6-2,54,8,9,7,6,2,-15.19,-64.015,10,-62,,,,,-62,-10,,,,
9-1-7-2,T-9-1-7-2,T-9-1-7-2,63,14,9,1,7,2,-5.425,-57.505,1,-56,,,,,-56,-1,,,,
9-2-7-2,T-9-2-7-2,T-9-2-7-2,63,13,9,2,7,2,-5.425,-58.59,1,-57,,,,,-57,-1,,,,
9-3-7-2,T-9-3-7-2,T-9-3-7-2,63,12,9,3,7,2,-5.425,-59.675,1,-58,,,,,-58,-1,,,,
9-4-7-2,T-9-4-7-2,T-9-4-7-2,63,11,9,4,7,2,-5.425,-60.76,1,-59,,,,,-59,-1,,,,
9-5-7-2,T-9-5-7-2,T-9-5-7-2,63,10,9,5,7,2,-5.425,-61.845,1,-60,,,,,-60,-1,,,,
9-6-7-2,T-9-6-7-2,T-9-6-7-2,63,9,9,6,7,2,-5.425,-62.93,1,-61,,,,,-61,-1,,,,
1-7-7-2,T-1-7-7-2,T-1-7-7-2,55,8,1,7,7,2,-14.105,-64.015,9,-62,,,,,-62,-9,,,,
2-7-7-2,T-2-7-7-2,T-2-7-7-2,56,8,2,7,7,2,-13.02,-64.015,8,-62,,,,,-62,-8,,,,
3-7-7-2,T-3-7-7-2,T-3-7-7-2,57,8,3,7,7,2,-11.935,-64.015,7,-62,,,,,-62,-7,,,,
4-7-7-2,T-4-7-7-2,T-4-7-7-2,58,8,4,7,7,2,-10.85,-64.015,6,-62,,,,,-62,-6,,,,
5-7-7-2,T-5-7-7-2,T-5-7-7-2,59,8,5,7,7,2,-9.765,-64.015,5,-62,,,,,-62,-5,,,,
6-7-7-2,T-6-7-7-2,T-6-7-7-2,60,8,6,7,7,2,-8.68,-64.015,4,-62,,,,,-62,-4,,,,
7-7-7-2,T-7-7-7-2,T-7-7-7-2,61,8,7,7,7,2,-7.595,-64.015,3,-62,,,,,-62,-3,,,,
8-7-7-2,T-8-7-7-2,T-8-7-7-2,62,8,8,7,7,2,-6.51,-64.015,2,-62,,,,,-62,-2,,,,
9-7-7-2,T-9-7-7-2,T-9-7-7-2,63,8,9,7,7,2,-5.425,-64.015,1,-62,,,,,-62,-1,,,,
9-1-8-2,T-9-1-8-2,T-9-1-8-2,72,14,9,1,8,2,4.34,-57.505,-8,-56,,,,,-56,8,,,,
9-2-8-2,T-9-2-8-2,T-9-2-8-2,72,13,9,2,8,2,4.34,-58.59,-8,-57,,,,,-57,8,,,,
9-3-8-2,T-9-3-8-2,T-9-3-8-2,72,12,9,3,8,2,4.34,-59.675,-8,-58,,,,,-58,8,,,,
9-4-8-2,T-9-4-8-2,T-9-4-8-2,72,11,9,4,8,2,4.34,-60.76,-8,-59,,,,,-59,8,,,,
9-5-8-2,T-9-5-8-2,T-9-5-8-2,72,10,9,5,8,2,4.34,-61.845,-8,-60,,,,,-60,8,,,,
9-6-8-2,T-9-6-8-2,T-9-6-8-2,72,9,9,6,8,2,4.34,-62.93,-8,-61,,,,,-61,8,,,,
1-7-8-2,T-1-7-8-2,T-1-7-8-2,64,8,1,7,8,2,-4.34,-64.015,0,-62,,,,,-62,0,,,,
2-7-8-2,T-2-7-8-2,T-2-7-8-2,65,8,2,7,8,2,-3.255,-64.015,-1,-62,,,,,-62,1,,,,
3-7-8-2,T-3-7-8-2,T-3-7-8-2,66,8,3,7,8,2,-2.17,-64.015,-2,-62,,,,,-62,2,,,,
4-7-8-2,T-4-7-8-2,T-4-7-8-2,67,8,4,7,8,2,-1.085,-64.015,-3,-62,,,,,-62,3,,,,
5-7-8-2,T-5-7-8-2,T-5-7-8-2,68,8,5,7,8,2,0,-64.015,-4,-62,,,,,-62,4,,,,
6-7-8-2,T-6-7-8-2,T-6-7-8-2,69,8,6,7,8,2,1.085,-64.015,-5,-62,,,,,-62,5,,,,
7-7-8-2,T-7-7-8-2,T-7-7-8-2,70,8,7,7,8,2,2.17,-64.015,-6,-62,,,,,-62,6,,,,
8-7-8-2,T-8-7-8-2,T-8-7-8-2,71,8,8,7,8,2,3.255,-64.015,-7,-62,,,,,-62,7,,,,
9-7-8-2,T-9-7-8-2,T-9-7-8-2,72,8,9,7,8,2,4.34,-64.015,-8,-62,,,,,-62,8,,,,
9-1-9-2,T-9-1-9-2,T-9-1-9-2,81,14,9,1,9,2,14.105,-57.505,-17,-56,,,,,-56,17,,,,
9-2-9-2,T-9-2-9-2,T-9-2-9-2,81,13,9,2,9,2,14.105,-58.59,-17,-57,,,,,-57,17,,,,
9-3-9-2,T-9-3-9-2,T-9-3-9-2,81,12,9,3,9,2,14.105,-59.675,-17,-58,,,,,-58,17,,,,
9-4-9-2,T-9-4-9-2,T-9-4-9-2,81,11,9,4,9,2,14.105,-60.76,-17,-59,,,,,-59,17,,,,
9-5-9-2,T-9-5-9-2,T-9-5-9-2,81,10,9,5,9,2,14.105,-61.845,-17,-60,,,,,-60,17,,,,
9-6-9-2,T-9-6-9-2,T-9-6-9-2,81,9,9,6,9,2,14.105,-62.93,-17,-61,,,,,-61,17,,,,
1-7-9-2,T-1-7-9-2,T-1-7-9-2,73,8,1,7,9,2,5.425,-64.015,-9,-62,,,,,-62,9,,,,
2-7-9-2,T-2-7-9-2,T-2-7-9-2,74,8,2,7,9,2,6.51,-64.015,-10,-62,,,,,-62,10,,,,
3-7-9-2,T-3-7-9-2,T-3-7-9-2,75,8,3,7,9,2,7.595,-64.015,-11,-62,,,,,-62,11,,,,
4-7-9-2,T-4-7-9-2,T-4-7-9-2,76,8,4,7,9,2,8.68,-64.015,-12,-62,,,,,-62,12,,,,
5-7-9-2,T-5-7-9-2,T-5-7-9-2,77,8,5,7,9,2,9.765,-64.015,-13,-62,,,,,-62,13,,,,
6-7-9-2,T-6-7-9-2,T-6-7-9-2,78,8,6,7,9,2,10.85,-64.015,-14,-62,,,,,-62,14,,,,
7-7-9-2,T-7-7-9-2,T-7-7-9-2,79,8,7,7,9,2,11.935,-64.015,-15,-62,,,,,-62,15,,,,
8-7-9-2,T-8-7-9-2,T-8-7-9-2,80,8,8,7,9,2,13.02,-64.015,-16,-62,,,,,-62,16,,,,
9-7-9-2,T-9-7-9-2,T-9-7-9-2,81,8,9,7,9,2,14.105,-64.015,-17,-62,,,,,-62,17,,,,
9-1-10-2,T-9-1-10-2,T-9-1-10-2,90,14,9,1,10,2,23.87,-57.505,-26,-56,,,,,-56,26,,,,
9-2-10-2,T-9-2-10-2,T-9-2-10-2,90,13,9,2,10,2,23.87,-58.59,-26,-57,,,,,-57,26,,,,
9-3-10-2,T-9-3-10-2,T-9-3-10-2,90,12,9,3,10,2,23.87,-59.675,-26,-58,,,,,-58,26,,,,
9-4-10-2,T-9-4-10-2,T-9-4-10-2,90,11,9,4,10,2,23.87,-60.76,-26,-59,,,,,-59,26,,,,
9-5-10-2,T-9-5-10-2,T-9-5-10-2,90,10,9,5,10,2,23.87,-61.845,-26,-60,,,,,-60,26,,,,
9-6-10-2,T-9-6-10-2,T-9-6-10-2,90,9,9,6,10,2,23.87,-62.93,-26,-61,,,,,-61,26,,,,
1-7-10-2,T-1-7-10-2,T-1-7-10-2,82,8,1,7,10,2,15.19,-64.015,-18,-62,,,,,-62,18,,,,
2-7-10-2,T-2-7-10-2,T-2-7-10-2,83,8,2,7,10,2,16.275,-64.015,-19,-62,,,,,-62,19,,,,
3-7-10-2,T-3-7-10-2,T-3-7-10-2,84,8,3,7,10,2,17.36,-64.015,-20,-62,,,,,-62,20,,,,
4-7-10-2,T-4-7-10-2,T-4-7-10-2,85,8,4,7,10,2,18.445,-64.015,-21,-62,,,,,-62,21,,,,
5-7-10-2,T-5-7-10-2,T-5-7-10-2,86,8,5,7,10,2,19.53,-64.015,-22,-62,,,,,-62,22,,,,
6-7-10-2,T-6-7-10-2,T-6-7-10-2,87,8,6,7,10,2,20.615,-64.015,-23,-62,,,,,-62,23,,,,
7-7-10-2,T-7-7-10-2,T-7-7-10-2,88,8,7,7,10,2,21.7,-64.015,-24,-62,,,,,-62,24,,,,
8-7-10-2,T-8-7-10-2,T-8-7-10-2,89,8,8,7,10,2,22.785,-64.015,-25,-62,,,,,-62,25,,,,
9-7-10-2,T-9-7-10-2,T-9-7-10-2,90,8,9,7,10,2,23.87,-64.015,-26,-62,,,,,-62,26,,,,
9-1-11-2,T-9-1-11-2,T-9-1-11-2,99,14,9,1,11,2,33.635,-57.505,-35,-56,,,,,-56,35,,,,
9-2-11-2,T-9-2-11-2,T-9-2-11-2,99,13,9,2,11,2,33.635,-58.59,-35,-57,,,,,-57,35,,,,
9-3-11-2,T-9-3-11-2,T-9-3-11-2,99,12,9,3,11,2,33.635,-59.675,-35,-58,,,,,-58,35,,,,
9-4-11-2,T-9-4-11-2,T-9-4-11-2,99,11,9,4,11,2,33.635,-60.76,-35,-59,,,,,-59,35,,,,
9-5-11-2,T-9-5-11-2,T-9-5-11-2,99,10,9,5,11,2,33.635,-61.845,-35,-60,,,,,-60,35,,,,
9-6-11-2,T-9-6-11-2,T-9-6-11-2,99,9,9,6,11,2,33.635,-62.93,-35,-61,,,,,-61,35,,,,
1-7-11-2,T-1-7-11-2,T-1-7-11-2,91,8,1,7,11,2,24.955,-64.015,-27,-62,,,,,-62,27,,,,
2-7-11-2,T-2-7-11-2,T-2-7-11-2,92,8,2,7,11,2,26.04,-64.015,-28,-62,,,,,-62,28,,,,
3-7-11-2,T-3-7-11-2,T-3-7-11-2,93,8,3,7,11,2,27.125,-64.015,-29,-62,,,,,-62,29,,,,
4-7-11-2,T-4-7-11-2,T-4-7-11-2,94,8,4,7,11,2,28.21,-64.015,-30,-62,,,,,-62,30,,,,
5-7-11-2,T-5-7-11-2,T-5-7-11-2,95,8,5,7,11,2,29.295,-64.015,-31,-62,,,,,-62,31,,,,
6-7-11-2,T-6-7-11-2,T-6-7-11-2,96,8,6,7,11,2,30.38,-64.015,-32,-62,,,,,-62,32,,,,
7-7-11-2,T-7-7-11-2,T-7-7-11-2,97,8,7,7,11,2,31.465,-64.015,-33,-62,,,,,-62,33,,,,
8-7-11-2,T-8-7-11-2,T-8-7-11-2,98,8,8,7,11,2,32.55,-64.015,-34,-62,,,,,-62,34,,,,
9-7-11-2,T-9-7-11-2,T-9-7-11-2,99,8,9,7,11,2,33.635,-64.015,-35,-62,,,,,-62,35,,,,
9-1-7-1,T-9-1-7-1,T-9-1-7-1,63,7,9,1,7,1,-5.425,-65.1,1,-63,,,,,-63,-1,,,,
9-2-7-1,T-9-2-7-1,T-9-2-7-1,63,6,9,2,7,1,-5.425,-66.185,1,-64,,,,,-64,-1,,,,
9-3-7-1,T-9-3-7-1,T-9-3-7-1,63,5,9,3,7,1,-5.425,-67.27,1,-65,,,,,-65,-1,,,,
9-4-7-1,T-9-4-7-1,T-9-4-7-1,63,4,9,4,7,1,-5.425,-68.355,1,-66,,,,,-66,-1,,,,
9-5-7-1,T-9-5-7-1,T-9-5-7-1,63,3,9,5,7,1,-5.425,-69.44,1,-67,,,,,-67,-1,,,,
9-6-7-1,T-9-6-7-1,T-9-6-7-1,63,2,9,6,7,1,-5.425,-70.525,1,-68,,,,,-68,-1,,,,
1-7-7-1,T-1-7-7-1,T-1-7-7-1,55,1,1,7,7,1,-14.105,-71.61,9,-69,,,,,-69,-9,,,,
2-7-7-1,T-2-7-7-1,T-2-7-7-1,56,1,2,7,7,1,-13.02,-71.61,8,-69,,,,,-69,-8,,,,
3-7-7-1,T-3-7-7-1,T-3-7-7-1,57,1,3,7,7,1,-11.935,-71.61,7,-69,,,,,-69,-7,,,,
4-7-7-1,T-4-7-7-1,T-4-7-7-1,58,1,4,7,7,1,-10.85,-71.61,6,-69,,,,,-69,-6,,,,
5-7-7-1,T-5-7-7-1,T-5-7-7-1,59,1,5,7,7,1,-9.765,-71.61,5,-69,,,,,-69,-5,,,,
6-7-7-1,T-6-7-7-1,T-6-7-7-1,60,1,6,7,7,1,-8.68,-71.61,4,-69,,,,,-69,-4,,,,
7-7-7-1,T-7-7-7-1,T-7-7-7-1,61,1,7,7,7,1,-7.595,-71.61,3,-69,,,,,-69,-3,,,,
8-7-7-1,T-8-7-7-1,T-8-7-7-1,62,1,8,7,7,1,-6.51,-71.61,2,-69,,,,,-69,-2,,,,
9-7-7-1,T-9-7-7-1,T-9-7-7-1,63,1,9,7,7,1,-5.425,-71.61,1,-69,,,,,-69,-1,,,,
9-1-8-1,T-9-1-8-1,T-9-1-8-1,72,7,9,1,8,1,4.34,-65.1,-8,-63,,,,,-63,8,,,,
9-2-8-1,T-9-2-8-1,T-9-2-8-1,72,6,9,2,8,1,4.34,-66.185,-8,-64,,,,,-64,8,,,,
9-3-8-1,T-9-3-8-1,T-9-3-8-1,72,5,9,3,8,1,4.34,-67.27,-8,-65,,,,,-65,8,,,,
9-4-8-1,T-9-4-8-1,T-9-4-8-1,72,4,9,4,8,1,4.34,-68.355,-8,-66,,,,,-66,8,,,,
9-5-8-1,T-9-5-8-1,T-9-5-8-1,72,3,9,5,8,1,4.34,-69.44,-8,-67,,,,,-67,8,,,,
9-6-8-1,T-9-6-8-1,T-9-6-8-1,72,2,9,6,8,1,4.34,-70.525,-8,-68,,,,,-68,8,,,,
1-7-8-1,T-1-7-8-1,T-1-7-8-1,64,1,1,7,8,1,-4.34,-71.61,0,-69,,,,,-69,0,,,,
2-7-8-1,T-2-7-8-1,T-2-7-8-1,65,1,2,7,8,1,-3.255,-71.61,-1,-69,,,,,-69,1,,,,
3-7-8-1,T-3-7-8-1,T-3-7-8-1,66,1,3,7,8,1,-2.17,-71.61,-2,-69,,,,,-69,2,,,,
4-7-8-1,T-4-7-8-1,T-4-7-8-1,67,1,4,7,8,1,-1.085,-71.61,-3,-69,,,,,-69,3,,,,
5-7-8-1,T-5-7-8-1,T-5-7-8-1,68,1,5,7,8,1,0,-71.61,-4,-69,,,,,-69,4,,,,
6-7-8-1,T-6-7-8-1,T-6-7-8-1,69,1,6,7,8,1,1.085,-71.61,-5,-69,,,,,-69,5,,,,
7-7-8-1,T-7-7-8-1,T-7-7-8-1,70,1,7,7,8,1,2.17,-71.61,-6,-69,,,,,-69,6,,,,
8-7-8-1,T-8-7-8-1,T-8-7-8-1,71,1,8,7,8,1,3.255,-71.61,-7,-69,,,,,-69,7,,,,
9-7-8-1,T-9-7-8-1,T-9-7-8-1,72,1,9,7,8,1,4.34,-71.61,-8,-69,,,,,-69,8,,,,
9-1-9-1,T-9-1-9-1,T-9-1-9-1,81,7,9,1,9,1,14.105,-65.1,-17,-63,,,,,-63,17,,,,
9-2-9-1,T-9-2-9-1,T-9-2-9-1,81,6,9,2,9,1,14.105,-66.185,-17,-64,,,,,-64,17,,,,
9-3-9-1,T-9-3-9-1,T-9-3-9-1,81,5,9,3,9,1,14.105,-67.27,-17,-65,,,,,-65,17,,,,
9-4-9-1,T-9-4-9-1,T-9-4-9-1,81,4,9,4,9,1,14.105,-68.355,-17,-66,,,,,-66,17,,,,
9-5-9-1,T-9-5-9-1,T-9-5-9-1,81,3,9,5,9,1,14.105,-69.44,-17,-67,,,,,-67,17,,,,
9-6-9-1,T-9-6-9-1,T-9-6-9-1,81,2,9,6,9,1,14.105,-70.525,-17,-68,,,,,-68,17,,,,
1-7-9-1,T-1-7-9-1,T-1-7-9-1,73,1,1,7,9,1,5.425,-71.61,-9,-69,,,,,-69,9,,,,
2-7-9-1,T-2-7-9-1,T-2-7-9-1,74,1,2,7,9,1,6.51,-71.61,-10,-69,,,,,-69,10,,,,
3-7-9-1,T-3-7-9-1,T-3-7-9-1,75,1,3,7,9,1,7.595,-71.61,-11,-69,,,,,-69,11,,,,
4-7-9-1,T-4-7-9-1,T-4-7-9-1,76,1,4,7,9,1,8.68,-71.61,-12,-69,,,,,-69,12,,,,
5-7-9-1,T-5-7-9-1,T-5-7-9-1,77,1,5,7,9,1,9.765,-71.61,-13,-69,,,,,-69,13,,,,
6-7-9-1,T-6-7-9-1,T-6-7-9-1,78,1,6,7,9,1,10.85,-71.61,-14,-69,,,,,-69,14,,,,
7-7-9-1,T-7-7-9-1,T-7-7-9-1,79,1,7,7,9,1,11.935,-71.61,-15,-69,,,,,-69,15,,,,
8-7-9-1,T-8-7-9-1,T-8-7-9-1,80,1,8,7,9,1,13.02,-71.61,-16,-69,,,,,-69,16,,,,
9-7-9-1,T-9-7-9-1,T-9-7-9-1,81,1,9,7,9,1,14.105,-71.61,-17,-69,,,,,-69,17,,,,
