kind,recipe,pin,pad,net,seq,bench,minor_moves,shortcut,fast_current_settle,manual_mode,align_die,wafer_map,shot_origin_x,shot_origin_y,name,type,mode,instrument,chan,target,hi,lo,level,limit,shape,freq,conn,min,max,avg_count,avg_delay,nplc,his,los,settle_delay,abs_value,mrange,die,route,instrument_key,terminals
PIN,,5,4,HI,,,,,,,,,,,,,,,,,,,,,,,,,,,,,,,,,,,,,
PIN,,6,3,LO,,,,,,,,,,,,,,,,,,,,,,,,,,,,,,,,,,,,,
PIN,,7,2,,,,,,,,,,,,,,,,,,,,,,,,,,,,,,,,,,,,,,
PIN,,8,1,,,,,,,,,,,,,,,,,,,,,,,,,,,,,,,,,,,,,,
PIN,,17,8,LO,,,,,,,,,,,,,,,,,,,,,,,,,,,,,,,,,,,,,
PIN,,18,7,HI,,,,,,,,,,,,,,,,,,,,,,,,,,,,,,,,,,,,,
PIN,,19,6,,,,,,,,,,,,,,,,,,,,,,,,,,,,,,,,,,,,,,
PIN,,20,5,,,,,,,,,,,,,,,,,,,,,,,,,,,,,,,,,,,,,,
RECIPE,lampaccr,,,,,probe08old,,,,,,lampwhole,,,,,,,,,,,,,,,,,,,,,,,,,,,,,
STEP,lampaccr,,,,1,,,,,,,,,,touch,delay,,,,,,,200,,,,,,,,,,,,,,,,switch,,
STEP,lampaccr,,,,2,,,,,,,,,,first,current,measure,SMU,A,,17:8,18:7,10.000,1e-06,,,"4A05,4B06",,,1,0,10,,,200,1,,1,switch,,
STEP,lampaccr,,,,3,,,,,,,,,,settle,delay,,,,,,,100,,,,,,,,,,,,,,,,switch,,
STEP,lampaccr,,,,4,,,,,,,,,,check1,passfail,,,,first,,,,,,,,0,1e-07,,,,,,,,,1,switch,,
STEP,lampaccr,,,,5,,,,,,,,,,switch1,open,,,,first,,,,,,,"4A05,4B06",,,,,,,,,,,,switch,,
STEP,lampaccr,,,,6,,,,,,,,,,delay,delay,,,,,,,200.000,,,,,,,,,,,,,,,,switch,,
STEP,lampaccr,,,,7,,,,,,,,,,second,current,measure,SMU,A,,19:6,20:5,10.000,1e-06,,,"4A07,4B08",,,1,0,10,,,200,,,2,switch,,
STEP,lampaccr,,,,8,,,,,,,,,,settle,delay,,,,,,,100.000,,,,,,,,,,,,,,,,switch,,
STEP,lampaccr,,,,9,,,,,,,,,,check2,passfail,,,,second,,,,,,,,0.000,1e-07,,,,,,,,,2,switch,,
STEP,lampaccr,,,,10,,,,,,,,,,switch2,open,,,,second,,,,,,,"4A07,4B08",,,,,,,,,,,,switch,,
STEP,lampaccr,,,,11,,,,,,,,,,delay,delay,,,,,,,200.000,,,,,,,,,,,,,,,,switch,,
STEP,lampaccr,,,,12,,,,,,,,,,third,current,measure,SMU,A,,8:1,7:2,10.000,1e-06,,,"2A08,2B07",,,1,0,10,,,200,,,3,switch,,
STEP,lampaccr,,,,13,,,,,,,,,,settle,delay,,,,,,,100.000,,,,,,,,,,,,,,,,switch,,
STEP,lampaccr,,,,14,,,,,,,,,,check3,passfail,,,,third,,,,,,,,0.000,1e-07,,,,,,,,,3,switch,,
STEP,lampaccr,,,,15,,,,,,,,,,switch3,open,,,,third,,,,,,,"2A08,2B07",,,,,,,,,,,,switch,,
STEP,lampaccr,,,,16,,,,,,,,,,delay,delay,,,,,,,200.000,,,,,,,,,,,,,,,,switch,,
STEP,lampaccr,,,,17,,,,,,,,,,fourth,current,measure,SMU,A,,5:4,6:3,10.000,1e-06,,,"2A06,2B05",,,1,0,1,,,200,,,4,switch,,
STEP,lampaccr,,,,18,,,,,,,,,,settle,delay,,,,,,,100.000,,,,,,,,,,,,,,,,switch,,
STEP,lampaccr,,,,19,,,,,,,,,,check4,passfail,,,,fourth,,,,,,,,0.000,1e-07,,,,,,,,,4,switch,,
STEP,lampaccr,,,,20,,,,,,,,,,switch4,open,,,,fourth,,,,,,,"2A06,2B05",,,,,,,,,,,,switch,,
STEP,lampaccr,,,,21,,,,,,,,,,delay,delay,,,,,,,200.000,,,,,,,,,,,,,,,,switch,,
SITE,lampaccr,,,,1,,,,,,,,,,NA,,,,,,-40,-6,,,,,,,,,,,,,,,,,,,
SITE,lampaccr,,,,2,,,,,,,,,,A3-01,,,,,,-40,-4,,,,,,,,,,,,,,,,,,,
SITE,lampaccr,,,,3,,,,,,,,,,A3-03,,,,,,-40,-2,,,,,,,,,,,,,,,,,,,
SITE,lampaccr,,,,4,,,,,,,,,,A4-00,,,,,,-40,0,,,,,,,,,,,,,,,,,,,
SITE,lampaccr,,,,5,,,,,,,,,,A4-02,,,,,,-40,2,,,,,,,,,,,,,,,,,,,
SITE,lampaccr,,,,6,,,,,,,,,,NA,,,,,,-40,4,,,,,,,,,,,,,,,,,,,
SITE,lampaccr,,,,7,,,,,,,,,,NA,,,,,,-38,-8,,,,,,,,,,,,,,,,,,,
SITE,lampaccr,,,,8,,,,,,,,,,92-64,,,,,,-38,-6,,,,,,,,,,,,,,,,,,,
SITE,lampaccr,,,,9,,,,,,,,,,93-61,,,,,,-38,-4,,,,,,,,,,,,,,,,,,,
SITE,lampaccr,,,,10,,,,,,,,,,93-63,,,,,,-38,-2,,,,,,,,,,,,,,,,,,,
SITE,lampaccr,,,,11,,,,,,,,,,94-60,,,,,,-38,0,,,,,,,,,,,,,,,,,,,
SITE,lampaccr,,,,12,,,,,,,,,,94-62,,,,,,-38,2,,,,,,,,,,,,,,,,,,,
SITE,lampaccr,,,,13,,,,,,,,,,94-64,,,,,,-38,4,,,,,,,,,,,,,,,,,,,
SITE,lampaccr,,,,14,,,,,,,,,,95-61,,,,,,-38,6,,,,,,,,,,,,,,,,,,,
SITE,lampaccr,,,,15,,,,,,,,,,NA,,,,,,-36,-10,,,,,,,,,,,,,,,,,,,
SITE,lampaccr,,,,16,,,,,,,,,,92-42,,,,,,-36,-8,,,,,,,,,,,,,,,,,,,
SITE,lampaccr,,,,17,,,,,,,,,,92-44,,,,,,-36,-6,,,,,,,,,,,,,,,,,,,
SITE,lampaccr,,,,18,,,,,,,,,,93-41,,,,,,-36,-4,,,,,,,,,,,,,,,,,,,
SITE,lampaccr,,,,19,,,,,,,,,,93-43,,,,,,-36,-2,,,,,,,,,,,,,,,,,,,
SITE,lampaccr,,,,20,,,,,,,,,,94-40,,,,,,-36,0,,,,,,,,,,,,,,,,,,,
SITE,lampaccr,,,,21,,,,,,,,,,94-42,,,,,,-36,2,,,,,,,,,,,,,,,,,,,
SITE,lampaccr,,,,22,,,,,,,,,,94-44,,,,,,-36,4,,,,,,,,,,,,,,,,,,,
SITE,lampaccr,,,,23,,,,,,,,,,95-41,,,,,,-36,6,,,,,,,,,,,,,,,,,,,
SITE,lampaccr,,,,24,,,,,,,,,,95-43,,,,,,-36,8,,,,,,,,,,,,,,,,,,,
SITE,lampaccr,,,,25,,,,,,,,,,NA,,,,,,-34,-12,,,,,,,,,,,,,,,,,,,
SITE,lampaccr,,,,26,,,,,,,,,,92-20,,,,,,-34,-10,,,,,,,,,,,,,,,,,,,
SITE,lampaccr,,,,27,,,,,,,,,,92-22,,,,,,-34,-8,,,,,,,,,,,,,,,,,,,
SITE,lampaccr,,,,28,,,,,,,,,,92-24,,,,,,-34,-6,,,,,,,,,,,,,,,,,,,
SITE,lampaccr,,,,29,,,,,,,,,,93-21,,,,,,-34,-4,,,,,,,,,,,,,,,,,,,
SITE,lampaccr,,,,30,,,,,,,,,,93-23,,,,,,-34,-2,,,,,,,,,,,,,,,,,,,
SITE,lampaccr,,,,31,,,,,,,,,,94-20,,,,,,-34,0,,,,,,,,,,,,,,,,,,,
SITE,lampaccr,,,,32,,,,,,,,,,94-22,,,,,,-34,2,,,,,,,,,,,,,,,,,,,
SITE,lampaccr,,,,33,,,,,,,,,,94-24,,,,,,-34,4,,,,,,,,,,,,,,,,,,,
SITE,lampaccr,,,,34,,,,,,,,,,95-21,,,,,,-34,6,,,,,,,,,,,,,,,,,,,
SITE,lampaccr,,,,35,,,,,,,,,,95-23,,,,,,-34,8,,,,,,,,,,,,,,,,,,,
SITE,lampaccr,,,,36,,,,,,,,,,NA,,,,,,-34,10,,,,,,,,,,,,,,,,,,,
SITE,lampaccr,,,,37,,,,,,,,,,91-03,,,,,,-32,-12,,,,,,,,,,,,,,,,,,,
SITE,lampaccr,,,,38,,,,,,,,,,92-00,,,,,,-32,-10,,,,,,,,,,,,,,,,,,,
SITE,lampaccr,,,,39,,,,,,,,,,92-02,,,,,,-32,-8,,,,,,,,,,,,,,,,,,,
SITE,lampaccr,,,,40,,,,,,,,,,92-04,,,,,,-32,-6,,,,,,,,,,,,,,,,,,,
SITE,lampaccr,,,,41,,,,,,,,,,93-01,,,,,,-32,-4,,,,,,,,,,,,,,,,,,,
SITE,lampaccr,,,,42,,,,,,,,,,93-03,,,,,,-32,-2,,,,,,,,,,,,,,,,,,,
SITE,lampaccr,,,,43,,,,,,,,,,94-00,,,,,,-32,0,,,,,,,,,,,,,,,,,,,
SITE,lampaccr,,,,44,,,,,,,,,,94-02,,,,,,-32,2,,,,,,,,,,,,,,,,,,,
SITE,lampaccr,,,,45,,,,,,,,,,94-04,,,,,,-32,4,,,,,,,,,,,,,,,,,,,
SITE,lampaccr,,,,46,,,,,,,,,,95-01,,,,,,-32,6,,,,,,,,,,,,,,,,,,,
SITE,lampaccr,,,,47,,,,,,,,,,95-03,,,,,,-32,8,,,,,,,,,,,,,,,,,,,
SITE,lampaccr,,,,48,,,,,,,,,,96-00,,,,,,-32,10,,,,,,,,,,,,,,,,,,,
SITE,lampaccr,,,,49,,,,,,,,,,NA,,,,,,-30,-14,,,,,,,,,,,,,,,,,,,
SITE,lampaccr,,,,50,,,,,,,,,,81-63,,,,,,-30,-12,,,,,,,,,,,,,,,,,,,
SITE,lampaccr,,,,51,,,,,,,,,,82-60,,,,,,-30,-10,,,,,,,,,,,,,,,,,,,
SITE,lampaccr,,,,52,,,,,,,,,,82-62,,,,,,-30,-8,,,,,,,,,,,,,,,,,,,
SITE,lampaccr,,,,53,,,,,,,,,,82-64,,,,,,-30,-6,,,,,,,,,,,,,,,,,,,
SITE,lampaccr,,,,54,,,,,,,,,,83-61,,,,,,-30,-4,,,,,,,,,,,,,,,,,,,
SITE,lampaccr,,,,55,,,,,,,,,,83-63,,,,,,-30,-2,,,,,,,,,,,,,,,,,,,
SITE,lampaccr,,,,56,,,,,,,,,,84-60,,,,,,-30,0,,,,,,,,,,,,,,,,,,,
SITE,lampaccr,,,,57,,,,,,,,,,84-62,,,,,,-30,2,,,,,,,,,,,,,,,,,,,
SITE,lampaccr,,,,58,,,,,,,,,,84-64,,,,,,-30,4,,,,,,,,,,,,,,,,,,,
SITE,lampaccr,,,,59,,,,,,,,,,85-61,,,,,,-30,6,,,,,,,,,,,,,,,,,,,
SITE,lampaccr,,,,60,,,,,,,,,,85-63,,,,,,-30,8,,,,,,,,,,,,,,,,,,,
SITE,lampaccr,,,,61,,,,,,,,,,86-60,,,,,,-30,10,,,,,,,,,,,,,,,,,,,
SITE,lampaccr,,,,62,,,,,,,,,,86-62,,,,,,-30,12,,,,,,,,,,,,,,,,,,,
SITE,lampaccr,,,,63,,,,,,,,,,81-41,,,,,,-28,-14,,,,,,,,,,,,,,,,,,,
SITE,lampaccr,,,,64,,,,,,,,,,81-43,,,,,,-28,-12,,,,,,,,,,,,,,,,,,,
SITE,lampaccr,,,,65,,,,,,,,,,82-40,,,,,,-28,-10,,,,,,,,,,,,,,,,,,,
SITE,lampaccr,,,,66,,,,,,,,,,82-42,,,,,,-28,-8,,,,,,,,,,,,,,,,,,,
SITE,lampaccr,,,,67,,,,,,,,,,82-44,,,,,,-28,-6,,,,,,,,,,,,,,,,,,,
SITE,lampaccr,,,,68,,,,,,,,,,83-41,,,,,,-28,-4,,,,,,,,,,,,,,,,,,,
SITE,lampaccr,,,,69,,,,,,,,,,83-43,,,,,,-28,-2,,,,,,,,,,,,,,,,,,,
SITE,lampaccr,,,,70,,,,,,,,,,84-40,,,,,,-28,0,,,,,,,,,,,,,,,,,,,
SITE,lampaccr,,,,71,,,,,,,,,,84-42,,,,,,-28,2,,,,,,,,,,,,,,,,,,,
SITE,lampaccr,,,,72,,,,,,,,,,84-44,,,,,,-28,4,,,,,,,,,,,,,,,,,,,
SITE,lampaccr,,,,73,,,,,,,,,,85-41,,,,,,-28,6,,,,,,,,,,,,,,,,,,,
SITE,lampaccr,,,,74,,,,,,,,,,85-43,,,,,,-28,8,,,,,,,,,,,,,,,,,,,
SITE,lampaccr,,,,75,,,,,,,,,,86-40,,,,,,-28,10,,,,,,,,,,,,,,,,,,,
SITE,lampaccr,,,,76,,,,,,,,,,86-42,,,,,,-28,12,,,,,,,,,,,,,,,,,,,
SITE,lampaccr,,,,77,,,,,,,,,,81-21,,,,,,-26,-14,,,,,,,,,,,,,,,,,,,
SITE,lampaccr,,,,78,,,,,,,,,,81-23,,,,,,-26,-12,,,,,,,,,,,,,,,,,,,
SITE,lampaccr,,,,79,,,,,,,,,,82-20,,,,,,-26,-10,,,,,,,,,,,,,,,,,,,
SITE,lampaccr,,,,80,,,,,,,,,,82-22,,,,,,-26,-8,,,,,,,,,,,,,,,,,,,
SITE,lampaccr,,,,81,,,,,,,,,,82-24,,,,,,-26,-6,,,,,,,,,,,,,,,,,,,
SITE,lampaccr,,,,82,,,,,,,,,,83-21,,,,,,-26,-4,,,,,,,,,,,,,,,,,,,
SITE,lampaccr,,,,83,,,,,,,,,,83-23,,,,,,-26,-2,,,,,,,,,,,,,,,,,,,
SITE,lampaccr,,,,84,,,,,,,,,,84-20,,,,,,-26,0,,,,,,,,,,,,,,,,,,,
SITE,lampaccr,,,,85,,,,,,,,,,84-22,,,,,,-26,2,,,,,,,,,,,,,,,,,,,
SITE,lampaccr,,,,86,,,,,,,,,,84-24,,,,,,-26,4,,,,,,,,,,,,,,,,,,,
SITE,lampaccr,,,,87,,,,,,,,,,85-21,,,,,,-26,6,,,,,,,,,,,,,,,,,,,
SITE,lampaccr,,,,88,,,,,,,,,,85-23,,,,,,-26,8,,,,,,,,,,,,,,,,,,,
SITE,lampaccr,,,,89,,,,,,,,,,86-20,,,,,,-26,10,,,,,,,,,,,,,,,,,,,
SITE,lampaccr,,,,90,,,,,,,,,,86-22,,,,,,-26,12,,,,,,,,,,,,,,,,,,,
SITE,lampaccr,,,,91,,,,,,,,,,NA,,,,,,-26,14,,,,,,,,,,,,,,,,,,,
SITE,lampaccr,,,,92,,,,,,,,,,NA,,,,,,-24,-16,,,,,,,,,,,,,,,,,,,
SITE,lampaccr,,,,93,,,,,,,,,,81-01,,,,,,-24,-14,,,,,,,,,,,,,,,,,,,
SITE,lampaccr,,,,94,,,,,,,,,,81-03,,,,,,-24,-12,,,,,,,,,,,,,,,,,,,
SITE,lampaccr,,,,95,,,,,,,,,,82-00,,,,,,-24,-10,,,,,,,,,,,,,,,,,,,
SITE,lampaccr,,,,96,,,,,,,,,,82-02,,,,,,-24,-8,,,,,,,,,,,,,,,,,,,
SITE,lampaccr,,,,97,,,,,,,,,,82-04,,,,,,-24,-6,,,,,,,,,,,,,,,,,,,
SITE,lampaccr,,,,98,,,,,,,,,,83-01,,,,,,-24,-4,,,,,,,,,,,,,,,,,,,
SITE,lampaccr,,,,99,,,,,,,,,,83-03,,,,,,-24,-2,,,,,,,,,,,,,,,,,,,
SITE,lampaccr,,,,100,,,,,,,,,,84-00,,,,,,-24,0,,,,,,,,,,,,,,,,,,,
SITE,lampaccr,,,,101,,,,,,,,,,84-02,,,,,,-24,2,,,,,,,,,,,,,,,,,,,
SITE,lampaccr,,,,102,,,,,,,,,,84-04,,,,,,-24,4,,,,,,,,,,,,,,,,,,,
SITE,lampaccr,,,,103,,,,,,,,,,85-01,,,,,,-24,6,,,,,,,,,,,,,,,,,,,
SITE,lampaccr,,,,104,,,,,,,,,,85-03,,,,,,-24,8,,,,,,,,,,,,,,,,,,,
SITE,lampaccr,,,,105,,,,,,,,,,86-00,,,,,,-24,10,,,,,,,,,,,,,,,,,,,
SITE,lampaccr,,,,106,,,,,,,,,,86-02,,,,,,-24,12,,,,,,,,,,,,,,,,,,,
SITE,lampaccr,,,,107,,,,,,,,,,86-04,,,,,,-24,14,,,,,,,,,,,,,,,,,,,
SITE,lampaccr,,,,108,,,,,,,,,,70-64,,,,,,-22,-16,,,,,,,,,,,,,,,,,,,
SITE,lampaccr,,,,109,,,,,,,,,,71-61,,,,,,-22,-14,,,,,,,,,,,,,,,,,,,
SITE,lampaccr,,,,110,,,,,,,,,,71-63,,,,,,-22,-12,,,,,,,,,,,,,,,,,,,
SITE,lampaccr,,,,111,,,,,,,,,,72-60,,,,,,-22,-10,,,,,,,,,,,,,,,,,,,
SITE,lampaccr,,,,112,,,,,,,,,,72-62,,,,,,-22,-8,,,,,,,,,,,,,,,,,,,
SITE,lampaccr,,,,113,,,,,,,,,,72-64,,,,,,-22,-6,,,,,,,,,,,,,,,,,,,
SITE,lampaccr,,,,114,,,,,,,,,,73-61,,,,,,-22,-4,,,,,,,,,,,,,,,,,,,
SITE,lampaccr,,,,115,,,,,,,,,,73-63,,,,,,-22,-2,,,,,,,,,,,,,,,,,,,
SITE,lampaccr,,,,116,,,,,,,,,,74-60,,,,,,-22,0,,,,,,,,,,,,,,,,,,,
SITE,lampaccr,,,,117,,,,,,,,,,74-62,,,,,,-22,2,,,,,,,,,,,,,,,,,,,
SITE,lampaccr,,,,118,,,,,,,,,,74-64,,,,,,-22,4,,,,,,,,,,,,,,,,,,,
SITE,lampaccr,,,,119,,,,,,,,,,75-61,,,,,,-22,6,,,,,,,,,,,,,,,,,,,
SITE,lampaccr,,,,120,,,,,,,,,,75-63,,,,,,-22,8,,,,,,,,,,,,,,,,,,,
SITE,lampaccr,,,,121,,,,,,,,,,76-60,,,,,,-22,10,,,,,,,,,,,,,,,,,,,
SITE,lampaccr,,,,122,,,,,,,,,,76-62,,,,,,-22,12,,,,,,,,,,,,,,,,,,,
SITE,lampaccr,,,,123,,,,,,,,,,76-64,,,,,,-22,14,,,,,,,,,,,,,,,,,,,
SITE,lampaccr,,,,124,,,,,,,,,,NA,,,,,,-20,-18,,,,,,,,,,,,,,,,,,,
SITE,lampaccr,,,,125,,,,,,,,,,70-44,,,,,,-20,-16,,,,,,,,,,,,,,,,,,,
SITE,lampaccr,,,,126,,,,,,,,,,71-41,,,,,,-20,-14,,,,,,,,,,,,,,,,,,,
SITE,lampaccr,,,,127,,,,,,,,,,71-43,,,,,,-20,-12,,,,,,,,,,,,,,,,,,,
SITE,lampaccr,,,,128,,,,,,,,,,72-40,,,,,,-20,-10,,,,,,,,,,,,,,,,,,,
SITE,lampaccr,,,,129,,,,,,,,,,72-42,,,,,,-20,-8,,,,,,,,,,,,,,,,,,,
SITE,lampaccr,,,,130,,,,,,,,,,72-44,,,,,,-20,-6,,,,,,,,,,,,,,,,,,,
SITE,lampaccr,,,,131,,,,,,,,,,73-41,,,,,,-20,-4,,,,,,,,,,,,,,,,,,,
SITE,lampaccr,,,,132,,,,,,,,,,73-43,,,,,,-20,-2,,,,,,,,,,,,,,,,,,,
SITE,lampaccr,,,,133,,,,,,,,,,74-40,,,,,,-20,0,,,,,,,,,,,,,,,,,,,
SITE,lampaccr,,,,134,,,,,,,,,,74-42,,,,,,-20,2,,,,,,,,,,,,,,,,,,,
SITE,lampaccr,,,,135,,,,,,,,,,74-44,,,,,,-20,4,,,,,,,,,,,,,,,,,,,
SITE,lampaccr,,,,136,,,,,,,,,,75-41,,,,,,-20,6,,,,,,,,,,,,,,,,,,,
SITE,lampaccr,,,,137,,,,,,,,,,75-43,,,,,,-20,8,,,,,,,,,,,,,,,,,,,
SITE,lampaccr,,,,138,,,,,,,,,,76-40,,,,,,-20,10,,,,,,,,,,,,,,,,,,,
SITE,lampaccr,,,,139,,,,,,,,,,76-42,,,,,,-20,12,,,,,,,,,,,,,,,,,,,
SITE,lampaccr,,,,140,,,,,,,,,,76-44,,,,,,-20,14,,,,,,,,,,,,,,,,,,,
SITE,lampaccr,,,,141,,,,,,,,,,NA,,,,,,-20,16,,,,,,,,,,,,,,,,,,,
SITE,lampaccr,,,,142,,,,,,,,,,NA,,,,,,-18,-18,,,,,,,,,,,,,,,,,,,
SITE,lampaccr,,,,143,,,,,,,,,,70-24,,,,,,-18,-16,,,,,,,,,,,,,,,,,,,
SITE,lampaccr,,,,144,,,,,,,,,,71-21,,,,,,-18,-14,,,,,,,,,,,,,,,,,,,
SITE,lampaccr,,,,145,,,,,,,,,,71-23,,,,,,-18,-12,,,,,,,,,,,,,,,,,,,
SITE,lampaccr,,,,146,,,,,,,,,,72-20,,,,,,-18,-10,,,,,,,,,,,,,,,,,,,
SITE,lampaccr,,,,147,,,,,,,,,,72-22,,,,,,-18,-8,,,,,,,,,,,,,,,,,,,
SITE,lampaccr,,,,148,,,,,,,,,,72-24,,,,,,-18,-6,,,,,,,,,,,,,,,,,,,
SITE,lampaccr,,,,149,,,,,,,,,,73-21,,,,,,-18,-4,,,,,,,,,,,,,,,,,,,
SITE,lampaccr,,,,150,,,,,,,,,,73-23,,,,,,-18,-2,,,,,,,,,,,,,,,,,,,
SITE,lampaccr,,,,151,,,,,,,,,,74-20,,,,,,-18,0,,,,,,,,,,,,,,,,,,,
SITE,lampaccr,,,,152,,,,,,,,,,74-22,,,,,,-18,2,,,,,,,,,,,,,,,,,,,
SITE,lampaccr,,,,153,,,,,,,,,,74-24,,,,,,-18,4,,,,,,,,,,,,,,,,,,,
SITE,lampaccr,,,,154,,,,,,,,,,75-21,,,,,,-18,6,,,,,,,,,,,,,,,,,,,
SITE,lampaccr,,,,155,,,,,,,,,,75-23,,,,,,-18,8,,,,,,,,,,,,,,,,,,,
SITE,lampaccr,,,,156,,,,,,,,,,76-20,,,,,,-18,10,,,,,,,,,,,,,,,,,,,
SITE,lampaccr,,,,157,,,,,,,,,,76-22,,,,,,-18,12,,,,,,,,,,,,,,,,,,,
SITE,lampaccr,,,,158,,,,,,,,,,76-24,,,,,,-18,14,,,,,,,,,,,,,,,,,,,
SITE,lampaccr,,,,159,,,,,,,,,,77-21,,,,,,-18,16,,,,,,,,,,,,,,,,,,,
SITE,lampaccr,,,,160,,,,,,,,,,NA,,,,,,-16,-18,,,,,,,,,,,,,,,,,,,
SITE,lampaccr,,,,161,,,,,,,,,,70-04,,,,,,-16,-16,,,,,,,,,,,,,,,,,,,
SITE,lampaccr,,,,162,,,,,,,,,,71-01,,,,,,-16,-14,,,,,,,,,,,,,,,,,,,
SITE,lampaccr,,,,163,,,,,,,,,,71-03,,,,,,-16,-12,,,,,,,,,,,,,,,,,,,
SITE,lampaccr,,,,164,,,,,,,,,,72-00,,,,,,-16,-10,,,,,,,,,,,,,,,,,,,
SITE,lampaccr,,,,165,,,,,,,,,,72-02,,,,,,-16,-8,,,,,,,,,,,,,,,,,,,
SITE,lampaccr,,,,166,,,,,,,,,,72-04,,,,,,-16,-6,,,,,,,,,,,,,,,,,,,
SITE,lampaccr,,,,167,,,,,,,,,,73-01,,,,,,-16,-4,,,,,,,,,,,,,,,,,,,
SITE,lampaccr,,,,168,,,,,,,,,,73-03,,,,,,-16,-2,,,,,,,,,,,,,,,,,,,
SITE,lampaccr,,,,169,,,,,,,,,,74-00,,,,,,-16,0,,,,,,,,,,,,,,,,,,,
SITE,lampaccr,,,,170,,,,,,,,,,74-02,,,,,,-16,2,,,,,,,,,,,,,,,,,,,
SITE,lampaccr,,,,171,,,,,,,,,,74-04,,,,,,-16,4,,,,,,,,,,,,,,,,,,,
SITE,lampaccr,,,,172,,,,,,,,,,75-01,,,,,,-16,6,,,,,,,,,,,,,,,,,,,
SITE,lampaccr,,,,173,,,,,,,,,,75-03,,,,,,-16,8,,,,,,,,,,,,,,,,,,,
SITE,lampaccr,,,,174,,,,,,,,,,76-00,,,,,,-16,10,,,,,,,,,,,,,,,,,,,
SITE,lampaccr,,,,175,,,,,,,,,,76-02,,,,,,-16,12,,,,,,,,,,,,,,,,,,,
SITE,lampaccr,,,,176,,,,,,,,,,76-04,,,,,,-16,14,,,,,,,,,,,,,,,,,,,
SITE,lampaccr,,,,177,,,,,,,,,,77-01,,,,,,-16,16,,,,,,,,,,,,,,,,,,,
SITE,lampaccr,,,,178,,,,,,,,,,60-62,,,,,,-14,-18,,,,,,,,,,,,,,,,,,,
SITE,lampaccr,,,,179,,,,,,,,,,60-64,,,,,,-14,-16,,,,,,,,,,,,,,,,,,,
SITE,lampaccr,,,,180,,,,,,,,,,61-61,,,,,,-14,-14,,,,,,,,,,,,,,,,,,,
SITE,lampaccr,,,,181,,,,,,,,,,61-63,,,,,,-14,-12,,,,,,,,,,,,,,,,,,,
SITE,lampaccr,,,,182,,,,,,,,,,62-60,,,,,,-14,-10,,,,,,,,,,,,,,,,,,,
SITE,lampaccr,,,,183,,,,,,,,,,62-62,,,,,,-14,-8,,,,,,,,,,,,,,,,,,,
SITE,lampaccr,,,,184,,,,,,,,,,62-64,,,,,,-14,-6,,,,,,,,,,,,,,,,,,,
SITE,lampaccr,,,,185,,,,,,,,,,63-61,,,,,,-14,-4,,,,,,,,,,,,,,,,,,,
SITE,lampaccr,,,,186,,,,,,,,,,63-63,,,,,,-14,-2,,,,,,,,,,,,,,,,,,,
SITE,lampaccr,,,,187,,,,,,,,,,64-60,,,,,,-14,0,,,,,,,,,,,,,,,,,,,
SITE,lampaccr,,,,188,,,,,,,,,,64-62,,,,,,-14,2,,,,,,,,,,,,,,,,,,,
SITE,lampaccr,,,,189,,,,,,,,,,64-64,,,,,,-14,4,,,,,,,,,,,,,,,,,,,
SITE,lampaccr,,,,190,,,,,,,,,,65-61,,,,,,-14,6,,,,,,,,,,,,,,,,,,,
SITE,lampaccr,,,,191,,,,,,,,,,65-63,,,,,,-14,8,,,,,,,,,,,,,,,,,,,
SITE,lampaccr,,,,192,,,,,,,,,,66-60,,,,,,-14,10,,,,,,,,,,,,,,,,,,,
SITE,lampaccr,,,,193,,,,,,,,,,66-62,,,,,,-14,12,,,,,,,,,,,,,,,,,,,
SITE,lampaccr,,,,194,,,,,,,,,,66-64,,,,,,-14,14,,,,,,,,,,,,,,,,,,,
SITE,lampaccr,,,,195,,,,,,,,,,67-61,,,,,,-14,16,,,,,,,,,,,,,,,,,,,
SITE,lampaccr,,,,196,,,,,,,,,,60-42,,,,,,-12,-18,,,,,,,,,,,,,,,,,,,
SITE,lampaccr,,,,197,,,,,,,,,,60-44,,,,,,-12,-16,,,,,,,,,,,,,,,,,,,
SITE,lampaccr,,,,198,,,,,,,,,,61-41,,,,,,-12,-14,,,,,,,,,,,,,,,,,,,
SITE,lampaccr,,,,199,,,,,,,,,,61-43,,,,,,-12,-12,,,,,,,,,,,,,,,,,,,
SITE,lampaccr,,,,200,,,,,,,,,,62-40,,,,,,-12,-10,,,,,,,,,,,,,,,,,,,
SITE,lampaccr,,,,201,,,,,,,,,,62-42,,,,,,-12,-8,,,,,,,,,,,,,,,,,,,
SITE,lampaccr,,,,202,,,,,,,,,,62-44,,,,,,-12,-6,,,,,,,,,,,,,,,,,,,
SITE,lampaccr,,,,203,,,,,,,,,,63-41,,,,,,-12,-4,,,,,,,,,,,,,,,,,,,
SITE,lampaccr,,,,204,,,,,,,,,,63-43,,,,,,-12,-2,,,,,,,,,,,,,,,,,,,
SITE,lampaccr,,,,205,,,,,,,,,,64-40,,,,,,-12,0,,,,,,,,,,,,,,,,,,,
SITE,lampaccr,,,,206,,,,,,,,,,64-42,,,,,,-12,2,,,,,,,,,,,,,,,,,,,
SITE,lampaccr,,,,207,,,,,,,,,,64-44,,,,,,-12,4,,,,,,,,,,,,,,,,,,,
SITE,lampaccr,,,,208,,,,,,,,,,65-41,,,,,,-12,6,,,,,,,,,,,,,,,,,,,
SITE,lampaccr,,,,209,,,,,,,,,,65-43,,,,,,-12,8,,,,,,,,,,,,,,,,,,,
SITE,lampaccr,,,,210,,,,,,,,,,66-40,,,,,,-12,10,,,,,,,,,,,,,,,,,,,
SITE,lampaccr,,,,211,,,,,,,,,,66-42,,,,,,-12,12,,,,,,,,,,,,,,,,,,,
SITE,lampaccr,,,,212,,,,,,,,,,66-44,,,,,,-12,14,,,,,,,,,,,,,,,,,,,
SITE,lampaccr,,,,213,,,,,,,,,,67-41,,,,,,-12,16,,,,,,,,,,,,,,,,,,,
SITE,lampaccr,,,,214,,,,,,,,,,60-22,,,,,,-10,-18,,,,,,,,,,,,,,,,,,,
SITE,lampaccr,,,,215,,,,,,,,,,60-24,,,,,,-10,-16,,,,,,,,,,,,,,,,,,,
SITE,lampaccr,,,,216,,,,,,,,,,61-21,,,,,,-10,-14,,,,,,,,,,,,,,,,,,,
SITE,lampaccr,,,,217,,,,,,,,,,61-23,,,,,,-10,-12,,,,,,,,,,,,,,,,,,,
SITE,lampaccr,,,,218,,,,,,,,,,62-20,,,,,,-10,-10,,,,,,,,,,,,,,,,,,,
SITE,lampaccr,,,,219,,,,,,,,,,62-22,,,,,,-10,-8,,,,,,,,,,,,,,,,,,,
SITE,lampaccr,,,,220,,,,,,,,,,62-24,,,,,,-10,-6,,,,,,,,,,,,,,,,,,,
SITE,lampaccr,,,,221,,,,,,,,,,63-21,,,,,,-10,-4,,,,,,,,,,,,,,,,,,,
SITE,lampaccr,,,,222,,,,,,,,,,63-23,,,,,,-10,-2,,,,,,,,,,,,,,,,,,,
SITE,lampaccr,,,,223,,,,,,,,,,64-20,,,,,,-10,0,,,,,,,,,,,,,,,,,,,
SITE,lampaccr,,,,224,,,,,,,,,,64-22,,,,,,-10,2,,,,,,,,,,,,,,,,,,,
SITE,lampaccr,,,,225,,,,,,,,,,64-24,,,,,,-10,4,,,,,,,,,,,,,,,,,,,
SITE,lampaccr,,,,226,,,,,,,,,,65-21,,,,,,-10,6,,,,,,,,,,,,,,,,,,,
SITE,lampaccr,,,,227,,,,,,,,,,65-23,,,,,,-10,8,,,,,,,,,,,,,,,,,,,
SITE,lampaccr,,,,228,,,,,,,,,,66-20,,,,,,-10,10,,,,,,,,,,,,,,,,,,,
SITE,lampaccr,,,,229,,,,,,,,,,66-22,,,,,,-10,12,,,,,,,,,,,,,,,,,,,
SITE,lampaccr,,,,230,,,,,,,,,,66-24,,,,,,-10,14,,,,,,,,,,,,,,,,,,,
SITE,lampaccr,,,,231,,,,,,,,,,67-21,,,,,,-10,16,,,,,,,,,,,,,,,,,,,
SITE,lampaccr,,,,232,,,,,,,,,,NA,,,,,,-8,-20,,,,,,,,,,,,,,,,,,,
SITE,lampaccr,,,,233,,,,,,,,,,60-02,,,,,,-8,-18,,,,,,,,,,,,,,,,,,,
SITE,lampaccr,,,,234,,,,,,,,,,60-04,,,,,,-8,-16,,,,,,,,,,,,,,,,,,,
SITE,lampaccr,,,,235,,,,,,,,,,61-01,,,,,,-8,-14,,,,,,,,,,,,,,,,,,,
SITE,lampaccr,,,,236,,,,,,,,,,61-03,,,,,,-8,-12,,,,,,,,,,,,,,,,,,,
SITE,lampaccr,,,,237,,,,,,,,,,62-00,,,,,,-8,-10,,,,,,,,,,,,,,,,,,,
SITE,lampaccr,,,,238,,,,,,,,,,62-02,,,,,,-8,-8,,,,,,,,,,,,,,,,,,,
SITE,lampaccr,,,,239,,,,,,,,,,62-04,,,,,,-8,-6,,,,,,,,,,,,,,,,,,,
SITE,lampaccr,,,,240,,,,,,,,,,63-01,,,,,,-8,-4,,,,,,,,,,,,,,,,,,,
SITE,lampaccr,,,,241,,,,,,,,,,63-03,,,,,,-8,-2,,,,,,,,,,,,,,,,,,,
SITE,lampaccr,,,,242,,,,,,,,,,64-00,,,,,,-8,0,,,,,,,,,,,,,,,,,,,
SITE,lampaccr,,,,243,,,,,,,,,,64-02,,,,,,-8,2,,,,,,,,,,,,,,,,,,,
SITE,lampaccr,,,,244,,,,,,,,,,64-04,,,,,,-8,4,,,,,,,,,,,,,,,,,,,
SITE,lampaccr,,,,245,,,,,,,,,,65-01,,,,,,-8,6,,,,,,,,,,,,,,,,,,,
SITE,lampaccr,,,,246,,,,,,,,,,65-03,,,,,,-8,8,,,,,,,,,,,,,,,,,,,
SITE,lampaccr,,,,247,,,,,,,,,,66-00,,,,,,-8,10,,,,,,,,,,,,,,,,,,,
SITE,lampaccr,,,,248,,,,,,,,,,66-02,,,,,,-8,12,,,,,,,,,,,,,,,,,,,
SITE,lampaccr,,,,249,,,,,,,,,,66-04,,,,,,-8,14,,,,,,,,,,,,,,,,,,,
SITE,lampaccr,,,,250,,,,,,,,,,67-01,,,,,,-8,16,,,,,,,,,,,,,,,,,,,
SITE,lampaccr,,,,251,,,,,,,,,,NA,,,,,,-8,18,,,,,,,,,,,,,,,,,,,
SITE,lampaccr,,,,252,,,,,,,,,,NA,,,,,,-6,-20,,,,,,,,,,,,,,,,,,,
SITE,lampaccr,,,,253,,,,,,,,,,50-62,,,,,,-6,-18,,,,,,,,,,,,,,,,,,,
SITE,lampaccr,,,,254,,,,,,,,,,50-64,,,,,,-6,-16,,,,,,,,,,,,,,,,,,,
SITE,lampaccr,,,,255,,,,,,,,,,51-61,,,,,,-6,-14,,,,,,,,,,,,,,,,,,,
SITE,lampaccr,,,,256,,,,,,,,,,51-63,,,,,,-6,-12,,,,,,,,,,,,,,,,,,,
SITE,lampaccr,,,,257,,,,,,,,,,52-60,,,,,,-6,-10,,,,,,,,,,,,,,,,,,,
SITE,lampaccr,,,,258,,,,,,,,,,52-62,,,,,,-6,-8,,,,,,,,,,,,,,,,,,,
SITE,lampaccr,,,,259,,,,,,,,,,52-64,,,,,,-6,-6,,,,,,,,,,,,,,,,,,,
SITE,lampaccr,,,,260,,,,,,,,,,53-61,,,,,,-6,-4,,,,,,,,,,,,,,,,,,,
SITE,lampaccr,,,,261,,,,,,,,,,53-63,,,,,,-6,-2,,,,,,,,,,,,,,,,,,,
SITE,lampaccr,,,,262,,,,,,,,,,54-60,,,,,,-6,0,,,,,,,,,,,,,,,,,,,
SITE,lampaccr,,,,263,,,,,,,,,,54-62,,,,,,-6,2,,,,,,,,,,,,,,,,,,,
SITE,lampaccr,,,,264,,,,,,,,,,54-64,,,,,,-6,4,,,,,,,,,,,,,,,,,,,
SITE,lampaccr,,,,265,,,,,,,,,,55-61,,,,,,-6,6,,,,,,,,,,,,,,,,,,,
SITE,lampaccr,,,,266,,,,,,,,,,55-63,,,,,,-6,8,,,,,,,,,,,,,,,,,,,
SITE,lampaccr,,,,267,,,,,,,,,,56-60,,,,,,-6,10,,,,,,,,,,,,,,,,,,,
SITE,lampaccr,,,,268,,,,,,,,,,56-62,,,,,,-6,12,,,,,,,,,,,,,,,,,,,
SITE,lampaccr,,,,269,,,,,,,,,,56-64,,,,,,-6,14,,,,,,,,,,,,,,,,,,,
SITE,lampaccr,,,,270,,,,,,,,,,57-61,,,,,,-6,16,,,,,,,,,,,,,,,,,,,
SITE,lampaccr,,,,271,,,,,,,,,,57-63,,,,,,-6,18,,,,,,,,,,,,,,,,,,,
SITE,lampaccr,,,,272,,,,,,,,,,NA,,,,,,-4,-20,,,,,,,,,,,,,,,,,,,
SITE,lampaccr,,,,273,,,,,,,,,,50-42,,,,,,-4,-18,,,,,,,,,,,,,,,,,,,
SITE,lampaccr,,,,274,,,,,,,,,,50-44,,,,,,-4,-16,,,,,,,,,,,,,,,,,,,
SITE,lampaccr,,,,275,,,,,,,,,,51-41,,,,,,-4,-14,,,,,,,,,,,,,,,,,,,
SITE,lampaccr,,,,276,,,,,,,,,,51-43,,,,,,-4,-12,,,,,,,,,,,,,,,,,,,
SITE,lampaccr,,,,277,,,,,,,,,,52-40,,,,,,-4,-10,,,,,,,,,,,,,,,,,,,
SITE,lampaccr,,,,278,,,,,,,,,,52-42,,,,,,-4,-8,,,,,,,,,,,,,,,,,,,
SITE,lampaccr,,,,279,,,,,,,,,,52-44,,,,,,-4,-6,,,,,,,,,,,,,,,,,,,
SITE,lampaccr,,,,280,,,,,,,,,,53-41,,,,,,-4,-4,,,,,,,,,,,,,,,,,,,
SITE,lampaccr,,,,281,,,,,,,,,,53-43,,,,,,-4,-2,,,,,,,,,,,,,,,,,,,
SITE,lampaccr,,,,282,,,,,,,,,,54-40,,,,,,-4,0,,,,,,,,,,,,,,,,,,,
SITE,lampaccr,,,,283,,,,,,,,,,54-42,,,,,,-4,2,,,,,,,,,,,,,,,,,,,
SITE,lampaccr,,,,284,,,,,,,,,,54-44,,,,,,-4,4,,,,,,,,,,,,,,,,,,,
SITE,lampaccr,,,,285,,,,,,,,,,55-41,,,,,,-4,6,,,,,,,,,,,,,,,,,,,
SITE,lampaccr,,,,286,,,,,,,,,,55-43,,,,,,-4,8,,,,,,,,,,,,,,,,,,,
SITE,lampaccr,,,,287,,,,,,,,,,56-40,,,,,,-4,10,,,,,,,,,,,,,,,,,,,
SITE,lampaccr,,,,288,,,,,,,,,,56-42,,,,,,-4,12,,,,,,,,,,,,,,,,,,,
SITE,lampaccr,,,,289,,,,,,,,,,56-44,,,,,,-4,14,,,,,,,,,,,,,,,,,,,
SITE,lampaccr,,,,290,,,,,,,,,,57-41,,,,,,-4,16,,,,,,,,,,,,,,,,,,,
SITE,lampaccr,,,,291,,,,,,,,,,57-43,,,,,,-4,18,,,,,,,,,,,,,,,,,,,
SITE,lampaccr,,,,292,,,,,,,,,,NA,,,,,,-2,-20,,,,,,,,,,,,,,,,,,,
SITE,lampaccr,,,,293,,,,,,,,,,50-22,,,,,,-2,-18,,,,,,,,,,,,,,,,,,,
SITE,lampaccr,,,,294,,,,,,,,,,50-24,,,,,,-2,-16,,,,,,,,,,,,,,,,,,,
SITE,lampaccr,,,,295,,,,,,,,,,51-21,,,,,,-2,-14,,,,,,,,,,,,,,,,,,,
SITE,lampaccr,,,,296,,,,,,,,,,51-23,,,,,,-2,-12,,,,,,,,,,,,,,,,,,,
SITE,lampaccr,,,,297,,,,,,,,,,52-20,,,,,,-2,-10,,,,,,,,,,,,,,,,,,,
SITE,lampaccr,,,,298,,,,,,,,,,52-22,,,,,,-2,-8,,,,,,,,,,,,,,,,,,,
SITE,lampaccr,,,,299,,,,,,,,,,52-24,,,,,,-2,-6,,,,,,,,,,,,,,,,,,,
SITE,lampaccr,,,,300,,,,,,,,,,53-21,,,,,,-2,-4,,,,,,,,,,,,,,,,,,,
SITE,lampaccr,,,,301,,,,,,,,,,53-23,,,,,,-2,-2,,,,,,,,,,,,,,,,,,,
SITE,lampaccr,,,,302,,,,,,,,,,54-20,,,,,,-2,0,,,,,,,,,,,,,,,,,,,
SITE,lampaccr,,,,303,,,,,,,,,,54-22,,,,,,-2,2,,,,,,,,,,,,,,,,,,,
SITE,lampaccr,,,,304,,,,,,,,,,54-24,,,,,,-2,4,,,,,,,,,,,,,,,,,,,
SITE,lampaccr,,,,305,,,,,,,,,,55-21,,,,,,-2,6,,,,,,,,,,,,,,,,,,,
SITE,lampaccr,,,,306,,,,,,,,,,55-23,,,,,,-2,8,,,,,,,,,,,,,,,,,,,
SITE,lampaccr,,,,307,,,,,,,,,,56-20,,,,,,-2,10,,,,,,,,,,,,,,,,,,,
SITE,lampaccr,,,,308,,,,,,,,,,56-22,,,,,,-2,12,,,,,,,,,,,,,,,,,,,
SITE,lampaccr,,,,309,,,,,,,,,,56-24,,,,,,-2,14,,,,,,,,,,,,,,,,,,,
SITE,lampaccr,,,,310,,,,,,,,,,57-21,,,,,,-2,16,,,,,,,,,,,,,,,,,,,
SITE,lampaccr,,,,311,,,,,,,,,,57-23,,,,,,-2,18,,,,,,,,,,,,,,,,,,,
SITE,lampaccr,,,,312,,,,,,,,,,NA,,,,,,0,-20,,,,,,,,,,,,,,,,,,,
SITE,lampaccr,,,,313,,,,,,,,,,50-02,,,,,,0,-18,,,,,,,,,,,,,,,,,,,
SITE,lampaccr,,,,314,,,,,,,,,,50-04,,,,,,0,-16,,,,,,,,,,,,,,,,,,,
SITE,lampaccr,,,,315,,,,,,,,,,TARGET,,,,,,0,-14,,,,,,,,,,,,,,,,,,,
SITE,lampaccr,,,,316,,,,,,,,,,TARGET,,,,,,0,-12,,,,,,,,,,,,,,,,,,,
SITE,lampaccr,,,,317,,,,,,,,,,52-00,,,,,,0,-10,,,,,,,,,,,,,,,,,,,
SITE,lampaccr,,,,318,,,,,,,,,,52-02,,,,,,0,-8,,,,,,,,,,,,,,,,,,,
SITE,lampaccr,,,,319,,,,,,,,,,52-04,,,,,,0,-6,,,,,,,,,,,,,,,,,,,
SITE,lampaccr,,,,320,,,,,,,,,,53-01,,,,,,0,-4,,,,,,,,,,,,,,,,,,,
SITE,lampaccr,,,,321,,,,,,,,,,53-03,,,,,,0,-2,,,,,,,,,,,,,,,,,,,
SITE,lampaccr,,,,322,,,,,,,,,,54-00,,,,,,0,0,,,,,,,,,,,,,,,,,,,
SITE,lampaccr,,,,323,,,,,,,,,,54-02,,,,,,0,2,,,,,,,,,,,,,,,,,,,
SITE,lampaccr,,,,324,,,,,,,,,,54-04,,,,,,0,4,,,,,,,,,,,,,,,,,,,
SITE,lampaccr,,,,325,,,,,,,,,,55-01,,,,,,0,6,,,,,,,,,,,,,,,,,,,
SITE,lampaccr,,,,326,,,,,,,,,,55-03,,,,,,0,8,,,,,,,,,,,,,,,,,,,
SITE,lampaccr,,,,327,,,,,,,,,,56-00,,,,,,0,10,,,,,,,,,,,,,,,,,,,
SITE,lampaccr,,,,328,,,,,,,,,,TARGET,,,,,,0,12,,,,,,,,,,,,,,,,,,,
SITE,lampaccr,,,,329,,,,,,,,,,56-04,,,,,,0,14,,,,,,,,,,,,,,,,,,,
SITE,lampaccr,,,,330,,,,,,,,,,57-01,,,,,,0,16,,,,,,,,,,,,,,,,,,,
SITE,lampaccr,,,,331,,,,,,,,,,57-03,,,,,,0,18,,,,,,,,,,,,,,,,,,,
SITE,lampaccr,,,,332,,,,,,,,,,NA,,,,,,2,-20,,,,,,,,,,,,,,,,,,,
SITE,lampaccr,,,,333,,,,,,,,,,40-62,,,,,,2,-18,,,,,,,,,,,,,,,,,,,
SITE,lampaccr,,,,334,,,,,,,,,,40-64,,,,,,2,-16,,,,,,,,,,,,,,,,,,,
SITE,lampaccr,,,,335,,,,,,,,,,41-61,,,,,,2,-14,,,,,,,,,,,,,,,,,,,
SITE,lampaccr,,,,336,,,,,,,,,,41-63,,,,,,2,-12,,,,,,,,,,,,,,,,,,,
SITE,lampaccr,,,,337,,,,,,,,,,42-60,,,,,,2,-10,,,,,,,,,,,,,,,,,,,
SITE,lampaccr,,,,338,,,,,,,,,,42-62,,,,,,2,-8,,,,,,,,,,,,,,,,,,,
SITE,lampaccr,,,,339,,,,,,,,,,42-64,,,,,,2,-6,,,,,,,,,,,,,,,,,,,
SITE,lampaccr,,,,340,,,,,,,,,,43-61,,,,,,2,-4,,,,,,,,,,,,,,,,,,,
SITE,lampaccr,,,,341,,,,,,,,,,43-63,,,,,,2,-2,,,,,,,,,,,,,,,,,,,
SITE,lampaccr,,,,342,,,,,,,,,,44-60,,,,,,2,0,,,,,,,,,,,,,,,,,,,
SITE,lampaccr,,,,343,,,,,,,,,,44-62,,,,,,2,2,,,,,,,,,,,,,,,,,,,
SITE,lampaccr,,,,344,,,,,,,,,,44-64,,,,,,2,4,,,,,,,,,,,,,,,,,,,
SITE,lampaccr,,,,345,,,,,,,,,,45-61,,,,,,2,6,,,,,,,,,,,,,,,,,,,
SITE,lampaccr,,,,346,,,,,,,,,,45-63,,,,,,2,8,,,,,,,,,,,,,,,,,,,
SITE,lampaccr,,,,347,,,,,,,,,,46-60,,,,,,2,10,,,,,,,,,,,,,,,,,,,
SITE,lampaccr,,,,348,,,,,,,,,,46-62,,,,,,2,12,,,,,,,,,,,,,,,,,,,
SITE,lampaccr,,,,349,,,,,,,,,,46-64,,,,,,2,14,,,,,,,,,,,,,,,,,,,
SITE,lampaccr,,,,350,,,,,,,,,,47-61,,,,,,2,16,,,,,,,,,,,,,,,,,,,
SITE,lampaccr,,,,351,,,,,,,,,,47-63,,,,,,2,18,,,,,,,,,,,,,,,,,,,
SITE,lampaccr,,,,352,,,,,,,,,,NA,,,,,,4,-20,,,,,,,,,,,,,,,,,,,
SITE,lampaccr,,,,353,,,,,,,,,,40-42,,,,,,4,-18,,,,,,,,,,,,,,,,,,,
SITE,lampaccr,,,,354,,,,,,,,,,40-44,,,,,,4,-16,,,,,,,,,,,,,,,,,,,
SITE,lampaccr,,,,355,,,,,,,,,,41-41,,,,,,4,-14,,,,,,,,,,,,,,,,,,,
SITE,lampaccr,,,,356,,,,,,,,,,41-43,,,,,,4,-12,,,,,,,,,,,,,,,,,,,
SITE,lampaccr,,,,357,,,,,,,,,,42-40,,,,,,4,-10,,,,,,,,,,,,,,,,,,,
SITE,lampaccr,,,,358,,,,,,,,,,42-42,,,,,,4,-8,,,,,,,,,,,,,,,,,,,
SITE,lampaccr,,,,359,,,,,,,,,,42-44,,,,,,4,-6,,,,,,,,,,,,,,,,,,,
SITE,lampaccr,,,,360,,,,,,,,,,43-41,,,,,,4,-4,,,,,,,,,,,,,,,,,,,
SITE,lampaccr,,,,361,,,,,,,,,,43-43,,,,,,4,-2,,,,,,,,,,,,,,,,,,,
SITE,lampaccr,,,,362,,,,,,,,,,44-40,,,,,,4,0,,,,,,,,,,,,,,,,,,,
SITE,lampaccr,,,,363,,,,,,,,,,44-42,,,,,,4,2,,,,,,,,,,,,,,,,,,,
SITE,lampaccr,,,,364,,,,,,,,,,44-44,,,,,,4,4,,,,,,,,,,,,,,,,,,,
SITE,lampaccr,,,,365,,,,,,,,,,45-41,,,,,,4,6,,,,,,,,,,,,,,,,,,,
SITE,lampaccr,,,,366,,,,,,,,,,45-43,,,,,,4,8,,,,,,,,,,,,,,,,,,,
SITE,lampaccr,,,,367,,,,,,,,,,46-40,,,,,,4,10,,,,,,,,,,,,,,,,,,,
SITE,lampaccr,,,,368,,,,,,,,,,46-42,,,,,,4,12,,,,,,,,,,,,,,,,,,,
SITE,lampaccr,,,,369,,,,,,,,,,46-44,,,,,,4,14,,,,,,,,,,,,,,,,,,,
SITE,lampaccr,,,,370,,,,,,,,,,47-41,,,,,,4,16,,,,,,,,,,,,,,,,,,,
SITE,lampaccr,,,,371,,,,,,,,,,47-43,,,,,,4,18,,,,,,,,,,,,,,,,,,,
SITE,lampaccr,,,,372,,,,,,,,,,NA,,,,,,6,-20,,,,,,,,,,,,,,,,,,,
SITE,lampaccr,,,,373,,,,,,,,,,40-22,,,,,,6,-18,,,,,,,,,,,,,,,,,,,
SITE,lampaccr,,,,374,,,,,,,,,,40-24,,,,,,6,-16,,,,,,,,,,,,,,,,,,,
SITE,lampaccr,,,,375,,,,,,,,,,41-21,,,,,,6,-14,,,,,,,,,,,,,,,,,,,
SITE,lampaccr,,,,376,,,,,,,,,,41-23,,,,,,6,-12,,,,,,,,,,,,,,,,,,,
SITE,lampaccr,,,,377,,,,,,,,,,42-20,,,,,,6,-10,,,,,,,,,,,,,,,,,,,
SITE,lampaccr,,,,378,,,,,,,,,,42-22,,,,,,6,-8,,,,,,,,,,,,,,,,,,,
SITE,lampaccr,,,,379,,,,,,,,,,42-24,,,,,,6,-6,,,,,,,,,,,,,,,,,,,
SITE,lampaccr,,,,380,,,,,,,,,,43-21,,,,,,6,-4,,,,,,,,,,,,,,,,,,,
SITE,lampaccr,,,,381,,,,,,,,,,43-23,,,,,,6,-2,,,,,,,,,,,,,,,,,,,
SITE,lampaccr,,,,382,,,,,,,,,,44-20,,,,,,6,0,,,,,,,,,,,,,,,,,,,
SITE,lampaccr,,,,383,,,,,,,,,,44-22,,,,,,6,2,,,,,,,,,,,,,,,,,,,
SITE,lampaccr,,,,384,,,,,,,,,,44-24,,,,,,6,4,,,,,,,,,,,,,,,,,,,
SITE,lampaccr,,,,385,,,,,,,,,,45-21,,,,,,6,6,,,,,,,,,,,,,,,,,,,
SITE,lampaccr,,,,386,,,,,,,,,,45-23,,,,,,6,8,,,,,,,,,,,,,,,,,,,
SITE,lampaccr,,,,387,,,,,,,,,,46-20,,,,,,6,10,,,,,,,,,,,,,,,,,,,
SITE,lampaccr,,,,388,,,,,,,,,,46-22,,,,,,6,12,,,,,,,,,,,,,,,,,,,
SITE,lampaccr,,,,389,,,,,,,,,,46-24,,,,,,6,14,,,,,,,,,,,,,,,,,,,
SITE,lampaccr,,,,390,,,,,,,,,,47-21,,,,,,6,16,,,,,,,,,,,,,,,,,,,
SITE,lampaccr,,,,391,,,,,,,,,,47-23,,,,,,6,18,,,,,,,,,,,,,,,,,,,
SITE,lampaccr,,,,392,,,,,,,,,,40-02,,,,,,8,-18,,,,,,,,,,,,,,,,,,,
SITE,lampaccr,,,,393,,,,,,,,,,40-04,,,,,,8,-16,,,,,,,,,,,,,,,,,,,
SITE,lampaccr,,,,394,,,,,,,,,,41-01,,,,,,8,-14,,,,,,,,,,,,,,,,,,,
SITE,lampaccr,,,,395,,,,,,,,,,41-03,,,,,,8,-12,,,,,,,,,,,,,,,,,,,
SITE,lampaccr,,,,396,,,,,,,,,,42-00,,,,,,8,-10,,,,,,,,,,,,,,,,,,,
SITE,lampaccr,,,,397,,,,,,,,,,42-02,,,,,,8,-8,,,,,,,,,,,,,,,,,,,
SITE,lampaccr,,,,398,,,,,,,,,,42-04,,,,,,8,-6,,,,,,,,,,,,,,,,,,,
SITE,lampaccr,,,,399,,,,,,,,,,43-01,,,,,,8,-4,,,,,,,,,,,,,,,,,,,
SITE,lampaccr,,,,400,,,,,,,,,,43-03,,,,,,8,-2,,,,,,,,,,,,,,,,,,,
SITE,lampaccr,,,,401,,,,,,,,,,44-00,,,,,,8,0,,,,,,,,,,,,,,,,,,,
SITE,lampaccr,,,,402,,,,,,,,,,44-02,,,,,,8,2,,,,,,,,,,,,,,,,,,,
SITE,lampaccr,,,,403,,,,,,,,,,44-04,,,,,,8,4,,,,,,,,,,,,,,,,,,,
SITE,lampaccr,,,,404,,,,,,,,,,45-01,,,,,,8,6,,,,,,,,,,,,,,,,,,,
SITE,lampaccr,,,,405,,,,,,,,,,45-03,,,,,,8,8,,,,,,,,,,,,,,,,,,,
SITE,lampaccr,,,,406,,,,,,,,,,46-00,,,,,,8,10,,,,,,,,,,,,,,,,,,,
SITE,lampaccr,,,,407,,,,,,,,,,46-02,,,,,,8,12,,,,,,,,,,,,,,,,,,,
SITE,lampaccr,,,,408,,,,,,,,,,46-04,,,,,,8,14,,,,,,,,,,,,,,,,,,,
SITE,lampaccr,,,,409,,,,,,,,,,47-01,,,,,,8,16,,,,,,,,,,,,,,,,,,,
SITE,lampaccr,,,,410,,,,,,,,,,30-62,,,,,,10,-18,,,,,,,,,,,,,,,,,,,
SITE,lampaccr,,,,411,,,,,,,,,,30-64,,,,,,10,-16,,,,,,,,,,,,,,,,,,,
SITE,lampaccr,,,,412,,,,,,,,,,31-61,,,,,,10,-14,,,,,,,,,,,,,,,,,,,
SITE,lampaccr,,,,413,,,,,,,,,,31-63,,,,,,10,-12,,,,,,,,,,,,,,,,,,,
SITE,lampaccr,,,,414,,,,,,,,,,32-60,,,,,,10,-10,,,,,,,,,,,,,,,,,,,
SITE,lampaccr,,,,415,,,,,,,,,,32-62,,,,,,10,-8,,,,,,,,,,,,,,,,,,,
SITE,lampaccr,,,,416,,,,,,,,,,32-64,,,,,,10,-6,,,,,,,,,,,,,,,,,,,
SITE,lampaccr,,,,417,,,,,,,,,,33-61,,,,,,10,-4,,,,,,,,,,,,,,,,,,,
SITE,lampaccr,,,,418,,,,,,,,,,33-63,,,,,,10,-2,,,,,,,,,,,,,,,,,,,
SITE,lampaccr,,,,419,,,,,,,,,,34-60,,,,,,10,0,,,,,,,,,,,,,,,,,,,
SITE,lampaccr,,,,420,,,,,,,,,,34-62,,,,,,10,2,,,,,,,,,,,,,,,,,,,
SITE,lampaccr,,,,421,,,,,,,,,,34-64,,,,,,10,4,,,,,,,,,,,,,,,,,,,
SITE,lampaccr,,,,422,,,,,,,,,,35-61,,,,,,10,6,,,,,,,,,,,,,,,,,,,
SITE,lampaccr,,,,423,,,,,,,,,,35-63,,,,,,10,8,,,,,,,,,,,,,,,,,,,
SITE,lampaccr,,,,424,,,,,,,,,,36-60,,,,,,10,10,,,,,,,,,,,,,,,,,,,
SITE,lampaccr,,,,425,,,,,,,,,,36-62,,,,,,10,12,,,,,,,,,,,,,,,,,,,
SITE,lampaccr,,,,426,,,,,,,,,,36-64,,,,,,10,14,,,,,,,,,,,,,,,,,,,
SITE,lampaccr,,,,427,,,,,,,,,,37-61,,,,,,10,16,,,,,,,,,,,,,,,,,,,
SITE,lampaccr,,,,428,,,,,,,,,,30-42,,,,,,12,-18,,,,,,,,,,,,,,,,,,,
SITE,lampaccr,,,,429,,,,,,,,,,30-44,,,,,,12,-16,,,,,,,,,,,,,,,,,,,
SITE,lampaccr,,,,430,,,,,,,,,,31-41,,,,,,12,-14,,,,,,,,,,,,,,,,,,,
SITE,lampaccr,,,,431,,,,,,,,,,31-43,,,,,,12,-12,,,,,,,,,,,,,,,,,,,
SITE,lampaccr,,,,432,,,,,,,,,,32-40,,,,,,12,-10,,,,,,,,,,,,,,,,,,,
SITE,lampaccr,,,,433,,,,,,,,,,32-42,,,,,,12,-8,,,,,,,,,,,,,,,,,,,
SITE,lampaccr,,,,434,,,,,,,,,,32-44,,,,,,12,-6,,,,,,,,,,,,,,,,,,,
SITE,lampaccr,,,,435,,,,,,,,,,33-41,,,,,,12,-4,,,,,,,,,,,,,,,,,,,
SITE,lampaccr,,,,436,,,,,,,,,,33-43,,,,,,12,-2,,,,,,,,,,,,,,,,,,,
SITE,lampaccr,,,,437,,,,,,,,,,34-40,,,,,,12,0,,,,,,,,,,,,,,,,,,,
SITE,lampaccr,,,,438,,,,,,,,,,34-42,,,,,,12,2,,,,,,,,,,,,,,,,,,,
SITE,lampaccr,,,,439,,,,,,,,,,34-44,,,,,,12,4,,,,,,,,,,,,,,,,,,,
SITE,lampaccr,,,,440,,,,,,,,,,35-41,,,,,,12,6,,,,,,,,,,,,,,,,,,,
SITE,lampaccr,,,,441,,,,,,,,,,35-43,,,,,,12,8,,,,,,,,,,,,,,,,,,,
SITE,lampaccr,,,,442,,,,,,,,,,36-40,,,,,,12,10,,,,,,,,,,,,,,,,,,,
SITE,lampaccr,,,,443,,,,,,,,,,36-42,,,,,,12,12,,,,,,,,,,,,,,,,,,,
SITE,lampaccr,,,,444,,,,,,,,,,36-44,,,,,,12,14,,,,,,,,,,,,,,,,,,,
SITE,lampaccr,,,,445,,,,,,,,,,37-41,,,,,,12,16,,,,,,,,,,,,,,,,,,,
SITE,lampaccr,,,,446,,,,,,,,,,30-22,,,,,,14,-18,,,,,,,,,,,,,,,,,,,
SITE,lampaccr,,,,447,,,,,,,,,,30-24,,,,,,14,-16,,,,,,,,,,,,,,,,,,,
SITE,lampaccr,,,,448,,,,,,,,,,31-21,,,,,,14,-14,,,,,,,,,,,,,,,,,,,
SITE,lampaccr,,,,449,,,,,,,,,,31-23,,,,,,14,-12,,,,,,,,,,,,,,,,,,,
SITE,lampaccr,,,,450,,,,,,,,,,32-20,,,,,,14,-10,,,,,,,,,,,,,,,,,,,
SITE,lampaccr,,,,451,,,,,,,,,,32-22,,,,,,14,-8,,,,,,,,,,,,,,,,,,,
SITE,lampaccr,,,,452,,,,,,,,,,32-24,,,,,,14,-6,,,,,,,,,,,,,,,,,,,
SITE,lampaccr,,,,453,,,,,,,,,,33-21,,,,,,14,-4,,,,,,,,,,,,,,,,,,,
SITE,lampaccr,,,,454,,,,,,,,,,33-23,,,,,,14,-2,,,,,,,,,,,,,,,,,,,
SITE,lampaccr,,,,455,,,,,,,,,,34-20,,,,,,14,0,,,,,,,,,,,,,,,,,,,
SITE,lampaccr,,,,456,,,,,,,,,,34-22,,,,,,14,2,,,,,,,,,,,,,,,,,,,
SITE,lampaccr,,,,457,,,,,,,,,,34-24,,,,,,14,4,,,,,,,,,,,,,,,,,,,
SITE,lampaccr,,,,458,,,,,,,,,,35-21,,,,,,14,6,,,,,,,,,,,,,,,,,,,
SITE,lampaccr,,,,459,,,,,,,,,,35-23,,,,,,14,8,,,,,,,,,,,,,,,,,,,
SITE,lampaccr,,,,460,,,,,,,,,,36-20,,,,,,14,10,,,,,,,,,,,,,,,,,,,
SITE,lampaccr,,,,461,,,,,,,,,,36-22,,,,,,14,12,,,,,,,,,,,,,,,,,,,
SITE,lampaccr,,,,462,,,,,,,,,,36-24,,,,,,14,14,,,,,,,,,,,,,,,,,,,
SITE,lampaccr,,,,463,,,,,,,,,,37-21,,,,,,14,16,,,,,,,,,,,,,,,,,,,
SITE,lampaccr,,,,464,,,,,,,,,,NA,,,,,,16,-18,,,,,,,,,,,,,,,,,,,
SITE,lampaccr,,,,465,,,,,,,,,,30-04,,,,,,16,-16,,,,,,,,,,,,,,,,,,,
SITE,lampaccr,,,,466,,,,,,,,,,31-01,,,,,,16,-14,,,,,,,,,,,,,,,,,,,
SITE,lampaccr,,,,467,,,,,,,,,,31-03,,,,,,16,-12,,,,,,,,,,,,,,,,,,,
SITE,lampaccr,,,,468,,,,,,,,,,32-00,,,,,,16,-10,,,,,,,,,,,,,,,,,,,
SITE,lampaccr,,,,469,,,,,,,,,,32-02,,,,,,16,-8,,,,,,,,,,,,,,,,,,,
SITE,lampaccr,,,,470,,,,,,,,,,32-04,,,,,,16,-6,,,,,,,,,,,,,,,,,,,
SITE,lampaccr,,,,471,,,,,,,,,,33-01,,,,,,16,-4,,,,,,,,,,,,,,,,,,,
SITE,lampaccr,,,,472,,,,,,,,,,33-03,,,,,,16,-2,,,,,,,,,,,,,,,,,,,
SITE,lampaccr,,,,473,,,,,,,,,,34-00,,,,,,16,0,,,,,,,,,,,,,,,,,,,
SITE,lampaccr,,,,474,,,,,,,,,,34-02,,,,,,16,2,,,,,,,,,,,,,,,,,,,
SITE,lampaccr,,,,475,,,,,,,,,,34-04,,,,,,16,4,,,,,,,,,,,,,,,,,,,
SITE,lampaccr,,,,476,,,,,,,,,,35-01,,,,,,16,6,,,,,,,,,,,,,,,,,,,
SITE,lampaccr,,,,477,,,,,,,,,,35-03,,,,,,16,8,,,,,,,,,,,,,,,,,,,
SITE,lampaccr,,,,478,,,,,,,,,,36-00,,,,,,16,10,,,,,,,,,,,,,,,,,,,
SITE,lampaccr,,,,479,,,,,,,,,,36-02,,,,,,16,12,,,,,,,,,,,,,,,,,,,
SITE,lampaccr,,,,480,,,,,,,,,,36-04,,,,,,16,14,,,,,,,,,,,,,,,,,,,
SITE,lampaccr,,,,481,,,,,,,,,,37-01,,,,,,16,16,,,,,,,,,,,,,,,,,,,
SITE,lampaccr,,,,482,,,,,,,,,,NA,,,,,,18,-18,,,,,,,,,,,,,,,,,,,
SITE,lampaccr,,,,483,,,,,,,,,,20-64,,,,,,18,-16,,,,,,,,,,,,,,,,,,,
SITE,lampaccr,,,,484,,,,,,,,,,21-61,,,,,,18,-14,,,,,,,,,,,,,,,,,,,
SITE,lampaccr,,,,485,,,,,,,,,,21-63,,,,,,18,-12,,,,,,,,,,,,,,,,,,,
SITE,lampaccr,,,,486,,,,,,,,,,22-60,,,,,,18,-10,,,,,,,,,,,,,,,,,,,
SITE,lampaccr,,,,487,,,,,,,,,,22-62,,,,,,18,-8,,,,,,,,,,,,,,,,,,,
SITE,lampaccr,,,,488,,,,,,,,,,22-64,,,,,,18,-6,,,,,,,,,,,,,,,,,,,
SITE,lampaccr,,,,489,,,,,,,,,,23-61,,,,,,18,-4,,,,,,,,,,,,,,,,,,,
SITE,lampaccr,,,,490,,,,,,,,,,23-63,,,,,,18,-2,,,,,,,,,,,,,,,,,,,
SITE,lampaccr,,,,491,,,,,,,,,,24-60,,,,,,18,0,,,,,,,,,,,,,,,,,,,
SITE,lampaccr,,,,492,,,,,,,,,,24-62,,,,,,18,2,,,,,,,,,,,,,,,,,,,
SITE,lampaccr,,,,493,,,,,,,,,,24-64,,,,,,18,4,,,,,,,,,,,,,,,,,,,
SITE,lampaccr,,,,494,,,,,,,,,,25-61,,,,,,18,6,,,,,,,,,,,,,,,,,,,
SITE,lampaccr,,,,495,,,,,,,,,,25-63,,,,,,18,8,,,,,,,,,,,,,,,,,,,
SITE,lampaccr,,,,496,,,,,,,,,,26-60,,,,,,18,10,,,,,,,,,,,,,,,,,,,
SITE,lampaccr,,,,497,,,,,,,,,,26-62,,,,,,18,12,,,,,,,,,,,,,,,,,,,
SITE,lampaccr,,,,498,,,,,,,,,,26-64,,,,,,18,14,,,,,,,,,,,,,,,,,,,
SITE,lampaccr,,,,499,,,,,,,,,,27-61,,,,,,18,16,,,,,,,,,,,,,,,,,,,
SITE,lampaccr,,,,500,,,,,,,,,,20-44,,,,,,20,-16,,,,,,,,,,,,,,,,,,,
SITE,lampaccr,,,,501,,,,,,,,,,21-41,,,,,,20,-14,,,,,,,,,,,,,,,,,,,
SITE,lampaccr,,,,502,,,,,,,,,,21-43,,,,,,20,-12,,,,,,,,,,,,,,,,,,,
SITE,lampaccr,,,,503,,,,,,,,,,22-40,,,,,,20,-10,,,,,,,,,,,,,,,,,,,
SITE,lampaccr,,,,504,,,,,,,,,,22-42,,,,,,20,-8,,,,,,,,,,,,,,,,,,,
SITE,lampaccr,,,,505,,,,,,,,,,22-44,,,,,,20,-6,,,,,,,,,,,,,,,,,,,
SITE,lampaccr,,,,506,,,,,,,,,,23-41,,,,,,20,-4,,,,,,,,,,,,,,,,,,,
SITE,lampaccr,,,,507,,,,,,,,,,23-43,,,,,,20,-2,,,,,,,,,,,,,,,,,,,
SITE,lampaccr,,,,508,,,,,,,,,,24-40,,,,,,20,0,,,,,,,,,,,,,,,,,,,
SITE,lampaccr,,,,509,,,,,,,,,,24-42,,,,,,20,2,,,,,,,,,,,,,,,,,,,
SITE,lampaccr,,,,510,,,,,,,,,,24-44,,,,,,20,4,,,,,,,,,,,,,,,,,,,
SITE,lampaccr,,,,511,,,,,,,,,,25-41,,,,,,20,6,,,,,,,,,,,,,,,,,,,
SITE,lampaccr,,,,512,,,,,,,,,,25-43,,,,,,20,8,,,,,,,,,,,,,,,,,,,
SITE,lampaccr,,,,513,,,,,,,,,,26-40,,,,,,20,10,,,,,,,,,,,,,,,,,,,
SITE,lampaccr,,,,514,,,,,,,,,,26-42,,,,,,20,12,,,,,,,,,,,,,,,,,,,
SITE,lampaccr,,,,515,,,,,,,,,,26-44,,,,,,20,14,,,,,,,,,,,,,,,,,,,
SITE,lampaccr,,,,516,,,,,,,,,,20-24,,,,,,22,-16,,,,,,,,,,,,,,,,,,,
SITE,lampaccr,,,,517,,,,,,,,,,21-21,,,,,,22,-14,,,,,,,,,,,,,,,,,,,
SITE,lampaccr,,,,518,,,,,,,,,,21-23,,,,,,22,-12,,,,,,,,,,,,,,,,,,,
SITE,lampaccr,,,,519,,,,,,,,,,22-20,,,,,,22,-10,,,,,,,,,,,,,,,,,,,
SITE,lampaccr,,,,520,,,,,,,,,,22-22,,,,,,22,-8,,,,,,,,,,,,,,,,,,,
SITE,lampaccr,,,,521,,,,,,,,,,22-24,,,,,,22,-6,,,,,,,,,,,,,,,,,,,
SITE,lampaccr,,,,522,,,,,,,,,,23-21,,,,,,22,-4,,,,,,,,,,,,,,,,,,,
SITE,lampaccr,,,,523,,,,,,,,,,23-23,,,,,,22,-2,,,,,,,,,,,,,,,,,,,
SITE,lampaccr,,,,524,,,,,,,,,,24-20,,,,,,22,0,,,,,,,,,,,,,,,,,,,
SITE,lampaccr,,,,525,,,,,,,,,,24-22,,,,,,22,2,,,,,,,,,,,,,,,,,,,
SITE,lampaccr,,,,526,,,,,,,,,,24-24,,,,,,22,4,,,,,,,,,,,,,,,,,,,
SITE,lampaccr,,,,527,,,,,,,,,,25-21,,,,,,22,6,,,,,,,,,,,,,,,,,,,
SITE,lampaccr,,,,528,,,,,,,,,,25-23,,,,,,22,8,,,,,,,,,,,,,,,,,,,
SITE,lampaccr,,,,529,,,,,,,,,,26-20,,,,,,22,10,,,,,,,,,,,,,,,,,,,
SITE,lampaccr,,,,530,,,,,,,,,,26-22,,,,,,22,12,,,,,,,,,,,,,,,,,,,
SITE,lampaccr,,,,531,,,,,,,,,,26-24,,,,,,22,14,,,,,,,,,,,,,,,,,,,
SITE,lampaccr,,,,532,,,,,,,,,,NA,,,,,,24,-16,,,,,,,,,,,,,,,,,,,
SITE,lampaccr,,,,533,,,,,,,,,,21-01,,,,,,24,-14,,,,,,,,,,,,,,,,,,,
SITE,lampaccr,,,,534,,,,,,,,,,21-03,,,,,,24,-12,,,,,,,,,,,,,,,,,,,
SITE,lampaccr,,,,535,,,,,,,,,,22-00,,,,,,24,-10,,,,,,,,,,,,,,,,,,,
SITE,lampaccr,,,,536,,,,,,,,,,22-02,,,,,,24,-8,,,,,,,,,,,,,,,,,,,
SITE,lampaccr,,,,537,,,,,,,,,,22-04,,,,,,24,-6,,,,,,,,,,,,,,,,,,,
SITE,lampaccr,,,,538,,,,,,,,,,23-01,,,,,,24,-4,,,,,,,,,,,,,,,,,,,
SITE,lampaccr,,,,539,,,,,,,,,,23-03,,,,,,24,-2,,,,,,,,,,,,,,,,,,,
SITE,lampaccr,,,,540,,,,,,,,,,24-00,,,,,,24,0,,,,,,,,,,,,,,,,,,,
SITE,lampaccr,,,,541,,,,,,,,,,24-02,,,,,,24,2,,,,,,,,,,,,,,,,,,,
SITE,lampaccr,,,,542,,,,,,,,,,24-04,,,,,,24,4,,,,,,,,,,,,,,,,,,,
SITE,lampaccr,,,,543,,,,,,,,,,25-01,,,,,,24,6,,,,,,,,,,,,,,,,,,,
SITE,lampaccr,,,,544,,,,,,,,,,25-03,,,,,,24,8,,,,,,,,,,,,,,,,,,,
SITE,lampaccr,,,,545,,,,,,,,,,26-00,,,,,,24,10,,,,,,,,,,,,,,,,,,,
SITE,lampaccr,,,,546,,,,,,,,,,26-02,,,,,,24,12,,,,,,,,,,,,,,,,,,,
SITE,lampaccr,,,,547,,,,,,,,,,26-04,,,,,,24,14,,,,,,,,,,,,,,,,,,,
SITE,lampaccr,,,,548,,,,,,,,,,11-61,,,,,,26,-14,,,,,,,,,,,,,,,,,,,
SITE,lampaccr,,,,549,,,,,,,,,,11-63,,,,,,26,-12,,,,,,,,,,,,,,,,,,,
SITE,lampaccr,,,,550,,,,,,,,,,12-60,,,,,,26,-10,,,,,,,,,,,,,,,,,,,
SITE,lampaccr,,,,551,,,,,,,,,,12-62,,,,,,26,-8,,,,,,,,,,,,,,,,,,,
SITE,lampaccr,,,,552,,,,,,,,,,12-64,,,,,,26,-6,,,,,,,,,,,,,,,,,,,
SITE,lampaccr,,,,553,,,,,,,,,,13-61,,,,,,26,-4,,,,,,,,,,,,,,,,,,,
SITE,lampaccr,,,,554,,,,,,,,,,13-63,,,,,,26,-2,,,,,,,,,,,,,,,,,,,
SITE,lampaccr,,,,555,,,,,,,,,,14-60,,,,,,26,0,,,,,,,,,,,,,,,,,,,
SITE,lampaccr,,,,556,,,,,,,,,,14-62,,,,,,26,2,,,,,,,,,,,,,,,,,,,
SITE,lampaccr,,,,557,,,,,,,,,,14-64,,,,,,26,4,,,,,,,,,,,,,,,,,,,
SITE,lampaccr,,,,558,,,,,,,,,,15-61,,,,,,26,6,,,,,,,,,,,,,,,,,,,
SITE,lampaccr,,,,559,,,,,,,,,,15-63,,,,,,26,8,,,,,,,,,,,,,,,,,,,
SITE,lampaccr,,,,560,,,,,,,,,,16-60,,,,,,26,10,,,,,,,,,,,,,,,,,,,
SITE,lampaccr,,,,561,,,,,,,,,,16-62,,,,,,26,12,,,,,,,,,,,,,,,,,,,
SITE,lampaccr,,,,562,,,,,,,,,,11-41,,,,,,28,-14,,,,,,,,,,,,,,,,,,,
SITE,lampaccr,,,,563,,,,,,,,,,11-43,,,,,,28,-12,,,,,,,,,,,,,,,,,,,
SITE,lampaccr,,,,564,,,,,,,,,,12-40,,,,,,28,-10,,,,,,,,,,,,,,,,,,,
SITE,lampaccr,,,,565,,,,,,,,,,12-42,,,,,,28,-8,,,,,,,,,,,,,,,,,,,
SITE,lampaccr,,,,566,,,,,,,,,,12-44,,,,,,28,-6,,,,,,,,,,,,,,,,,,,
SITE,lampaccr,,,,567,,,,,,,,,,13-41,,,,,,28,-4,,,,,,,,,,,,,,,,,,,
SITE,lampaccr,,,,568,,,,,,,,,,13-43,,,,,,28,-2,,,,,,,,,,,,,,,,,,,
SITE,lampaccr,,,,569,,,,,,,,,,14-40,,,,,,28,0,,,,,,,,,,,,,,,,,,,
SITE,lampaccr,,,,570,,,,,,,,,,14-42,,,,,,28,2,,,,,,,,,,,,,,,,,,,
SITE,lampaccr,,,,571,,,,,,,,,,14-44,,,,,,28,4,,,,,,,,,,,,,,,,,,,
SITE,lampaccr,,,,572,,,,,,,,,,15-41,,,,,,28,6,,,,,,,,,,,,,,,,,,,
SITE,lampaccr,,,,573,,,,,,,,,,15-43,,,,,,28,8,,,,,,,,,,,,,,,,,,,
SITE,lampaccr,,,,574,,,,,,,,,,16-40,,,,,,28,10,,,,,,,,,,,,,,,,,,,
SITE,lampaccr,,,,575,,,,,,,,,,16-42,,,,,,28,12,,,,,,,,,,,,,,,,,,,
SITE,lampaccr,,,,576,,,,,,,,,,11-23,,,,,,30,-12,,,,,,,,,,,,,,,,,,,
SITE,lampaccr,,,,577,,,,,,,,,,12-20,,,,,,30,-10,,,,,,,,,,,,,,,,,,,
SITE,lampaccr,,,,578,,,,,,,,,,12-22,,,,,,30,-8,,,,,,,,,,,,,,,,,,,
SITE,lampaccr,,,,579,,,,,,,,,,12-24,,,,,,30,-6,,,,,,,,,,,,,,,,,,,
SITE,lampaccr,,,,580,,,,,,,,,,13-21,,,,,,30,-4,,,,,,,,,,,,,,,,,,,
SITE,lampaccr,,,,581,,,,,,,,,,13-23,,,,,,30,-2,,,,,,,,,,,,,,,,,,,
SITE,lampaccr,,,,582,,,,,,,,,,14-20,,,,,,30,0,,,,,,,,,,,,,,,,,,,
SITE,lampaccr,,,,583,,,,,,,,,,14-22,,,,,,30,2,,,,,,,,,,,,,,,,,,,
SITE,lampaccr,,,,584,,,,,,,,,,14-24,,,,,,30,4,,,,,,,,,,,,,,,,,,,
SITE,lampaccr,,,,585,,,,,,,,,,15-21,,,,,,30,6,,,,,,,,,,,,,,,,,,,
SITE,lampaccr,,,,586,,,,,,,,,,15-23,,,,,,30,8,,,,,,,,,,,,,,,,,,,
SITE,lampaccr,,,,587,,,,,,,,,,16-20,,,,,,30,10,,,,,,,,,,,,,,,,,,,
SITE,lampaccr,,,,588,,,,,,,,,,16-22,,,,,,30,12,,,,,,,,,,,,,,,,,,,
SITE,lampaccr,,,,589,,,,,,,,,,11-03,,,,,,32,-12,,,,,,,,,,,,,,,,,,,
SITE,lampaccr,,,,590,,,,,,,,,,12-00,,,,,,32,-10,,,,,,,,,,,,,,,,,,,
SITE,lampaccr,,,,591,,,,,,,,,,12-02,,,,,,32,-8,,,,,,,,,,,,,,,,,,,
SITE,lampaccr,,,,592,,,,,,,,,,12-04,,,,,,32,-6,,,,,,,,,,,,,,,,,,,
SITE,lampaccr,,,,593,,,,,,,,,,13-01,,,,,,32,-4,,,,,,,,,,,,,,,,,,,
SITE,lampaccr,,,,594,,,,,,,,,,13-03,,,,,,32,-2,,,,,,,,,,,,,,,,,,,
SITE,lampaccr,,,,595,,,,,,,,,,14-00,,,,,,32,0,,,,,,,,,,,,,,,,,,,
SITE,lampaccr,,,,596,,,,,,,,,,14-02,,,,,,32,2,,,,,,,,,,,,,,,,,,,
SITE,lampaccr,,,,597,,,,,,,,,,14-04,,,,,,32,4,,,,,,,,,,,,,,,,,,,
SITE,lampaccr,,,,598,,,,,,,,,,15-01,,,,,,32,6,,,,,,,,,,,,,,,,,,,
SITE,lampaccr,,,,599,,,,,,,,,,15-03,,,,,,32,8,,,,,,,,,,,,,,,,,,,
SITE,lampaccr,,,,600,,,,,,,,,,16-00,,,,,,32,10,,,,,,,,,,,,,,,,,,,
SITE,lampaccr,,,,601,,,,,,,,,,02-60,,,,,,34,-10,,,,,,,,,,,,,,,,,,,
SITE,lampaccr,,,,602,,,,,,,,,,02-62,,,,,,34,-8,,,,,,,,,,,,,,,,,,,
SITE,lampaccr,,,,603,,,,,,,,,,02-64,,,,,,34,-6,,,,,,,,,,,,,,,,,,,
SITE,lampaccr,,,,604,,,,,,,,,,03-61,,,,,,34,-4,,,,,,,,,,,,,,,,,,,
SITE,lampaccr,,,,605,,,,,,,,,,03-63,,,,,,34,-2,,,,,,,,,,,,,,,,,,,
SITE,lampaccr,,,,606,,,,,,,,,,04-60,,,,,,34,0,,,,,,,,,,,,,,,,,,,
SITE,lampaccr,,,,607,,,,,,,,,,04-62,,,,,,34,2,,,,,,,,,,,,,,,,,,,
SITE,lampaccr,,,,608,,,,,,,,,,04-64,,,,,,34,4,,,,,,,,,,,,,,,,,,,
SITE,lampaccr,,,,609,,,,,,,,,,05-61,,,,,,34,6,,,,,,,,,,,,,,,,,,,
SITE,lampaccr,,,,610,,,,,,,,,,05-63,,,,,,34,8,,,,,,,,,,,,,,,,,,,
SITE,lampaccr,,,,611,,,,,,,,,,NA,,,,,,36,-10,,,,,,,,,,,,,,,,,,,
SITE,lampaccr,,,,612,,,,,,,,,,02-42,,,,,,36,-8,,,,,,,,,,,,,,,,,,,
SITE,lampaccr,,,,613,,,,,,,,,,02-44,,,,,,36,-6,,,,,,,,,,,,,,,,,,,
SITE,lampaccr,,,,614,,,,,,,,,,03-41,,,,,,36,-4,,,,,,,,,,,,,,,,,,,
SITE,lampaccr,,,,615,,,,,,,,,,03-43,,,,,,36,-2,,,,,,,,,,,,,,,,,,,
SITE,lampaccr,,,,616,,,,,,,,,,04-40,,,,,,36,0,,,,,,,,,,,,,,,,,,,
SITE,lampaccr,,,,617,,,,,,,,,,04-42,,,,,,36,2,,,,,,,,,,,,,,,,,,,
SITE,lampaccr,,,,618,,,,,,,,,,04-44,,,,,,36,4,,,,,,,,,,,,,,,,,,,
SITE,lampaccr,,,,619,,,,,,,,,,05-41,,,,,,36,6,,,,,,,,,,,,,,,,,,,
SITE,lampaccr,,,,620,,,,,,,,,,05-43,,,,,,36,8,,,,,,,,,,,,,,,,,,,
SITE,lampaccr,,,,621,,,,,,,,,,NA,,,,,,38,-8,,,,,,,,,,,,,,,,,,,
SITE,lampaccr,,,,622,,,,,,,,,,02-24,,,,,,38,-6,,,,,,,,,,,,,,,,,,,
SITE,lampaccr,,,,623,,,,,,,,,,03-21,,,,,,38,-4,,,,,,,,,,,,,,,,,,,
SITE,lampaccr,,,,624,,,,,,,,,,03-23,,,,,,38,-2,,,,,,,,,,,,,,,,,,,
SITE,lampaccr,,,,625,,,,,,,,,,04-20,,,,,,38,0,,,,,,,,,,,,,,,,,,,
SITE,lampaccr,,,,626,,,,,,,,,,04-22,,,,,,38,2,,,,,,,,,,,,,,,,,,,
SITE,lampaccr,,,,627,,,,,,,,,,04-24,,,,,,38,4,,,,,,,,,,,,,,,,,,,
SITE,lampaccr,,,,628,,,,,,,,,,05-21,,,,,,38,6,,,,,,,,,,,,,,,,,,,
SITE,lampaccr,,,,629,,,,,,,,,,03-01,,,,,,40,-4,,,,,,,,,,,,,,,,,,,
SITE,lampaccr,,,,630,,,,,,,,,,03-03,,,,,,40,-2,,,,,,,,,,,,,,,,,,,
SITE,lampaccr,,,,631,,,,,,,,,,04-00,,,,,,40,0,,,,,,,,,,,,,,,,,,,
SITE,lampaccr,,,,632,,,,,,,,,,04-02,,,,,,40,2,,,,,,,,,,,,,,,,,,,
RECIPE,lampaccr_wgen,,,,,probe08old,,,,,,lampwhole,,,,,,,,,,,,,,,,,,,,,,,,,,,,,
STEP,lampaccr_wgen,,,,1,,,,,,,,,,touch,delay,,,,,,,200,,,,,,,,,,,,,,,,switch,,
STEP,lampaccr_wgen,,,,2,,,,,,,,,,bias1,wave,apply,WGEN,CH1,,,,10,,DC,1000,"4G05,4B06",,,,,,,,,,,1,switch,,
STEP,lampaccr_wgen,,,,3,,,,,,,,,,wait1,delay,,,,,,,200,,,,,,,,,,,,,,,,switch,,
STEP,lampaccr_wgen,,,,4,,,,,,,,,,read1,current,measure,DMM,,,,,,,,,"4F05,4E06",,,1,0,1,,,0,1,,1,switch,,
STEP,lampaccr_wgen,,,,5,,,,,,,,,,settle1,delay,,,,,,,100,,,,,,,,,,,,,,,,switch,,
STEP,lampaccr_wgen,,,,6,,,,,,,,,,check1,passfail,,,,read1,,,,,,,,0,1e-07,,,,,,,,,1,switch,,
STEP,lampaccr_wgen,,,,7,,,,,,,,,,openbias1,open,,,,bias1,,,,,,,"4G05,4B06",,,,,,,,,,,,switch,,
STEP,lampaccr_wgen,,,,8,,,,,,,,,,openread1,open,,,,read1,,,,,,,"4F05,4E06",,,,,,,,,,,,switch,,
STEP,lampaccr_wgen,,,,9,,,,,,,,,,delay1,delay,,,,,,,200,,,,,,,,,,,,,,,,switch,,
STEP,lampaccr_wgen,,,,10,,,,,,,,,,bias2,wave,apply,WGEN,CH1,,,,10,,DC,1000,"4G07,4B08",,,,,,,,,,,2,switch,,
STEP,lampaccr_wgen,,,,11,,,,,,,,,,wait2,delay,,,,,,,200,,,,,,,,,,,,,,,,switch,,
STEP,lampaccr_wgen,,,,12,,,,,,,,,,read2,current,measure,DMM,,,,,,,,,"4F07,4E08",,,1,0,1,,,0,1,,2,switch,,
STEP,lampaccr_wgen,,,,13,,,,,,,,,,settle2,delay,,,,,,,100,,,,,,,,,,,,,,,,switch,,
STEP,lampaccr_wgen,,,,14,,,,,,,,,,check2,passfail,,,,read2,,,,,,,,0,1e-07,,,,,,,,,2,switch,,
STEP,lampaccr_wgen,,,,15,,,,,,,,,,openbias2,open,,,,bias2,,,,,,,"4G07,4B08",,,,,,,,,,,,switch,,
STEP,lampaccr_wgen,,,,16,,,,,,,,,,openread2,open,,,,read2,,,,,,,"4F07,4E08",,,,,,,,,,,,switch,,
STEP,lampaccr_wgen,,,,17,,,,,,,,,,delay2,delay,,,,,,,200,,,,,,,,,,,,,,,,switch,,
STEP,lampaccr_wgen,,,,18,,,,,,,,,,bias3,wave,apply,WGEN,CH1,,,,10,,DC,1000,"2G08,2B07",,,,,,,,,,,3,switch,,
STEP,lampaccr_wgen,,,,19,,,,,,,,,,wait3,delay,,,,,,,200,,,,,,,,,,,,,,,,switch,,
STEP,lampaccr_wgen,,,,20,,,,,,,,,,read3,current,measure,DMM,,,,,,,,,"2F08,2E07",,,1,0,1,,,0,1,,3,switch,,
STEP,lampaccr_wgen,,,,21,,,,,,,,,,settle3,delay,,,,,,,100,,,,,,,,,,,,,,,,switch,,
STEP,lampaccr_wgen,,,,22,,,,,,,,,,check3,passfail,,,,read3,,,,,,,,0,1e-07,,,,,,,,,3,switch,,
STEP,lampaccr_wgen,,,,23,,,,,,,,,,openbias3,open,,,,bias3,,,,,,,"2G08,2B07",,,,,,,,,,,,switch,,
STEP,lampaccr_wgen,,,,24,,,,,,,,,,openread3,open,,,,read3,,,,,,,"2F08,2E07",,,,,,,,,,,,switch,,
STEP,lampaccr_wgen,,,,25,,,,,,,,,,delay3,delay,,,,,,,200,,,,,,,,,,,,,,,,switch,,
STEP,lampaccr_wgen,,,,26,,,,,,,,,,bias4,wave,apply,WGEN,CH1,,,,10,,DC,1000,"2G06,2B05",,,,,,,,,,,4,switch,,
STEP,lampaccr_wgen,,,,27,,,,,,,,,,wait4,delay,,,,,,,200,,,,,,,,,,,,,,,,switch,,
STEP,lampaccr_wgen,,,,28,,,,,,,,,,read4,current,measure,DMM,,,,,,,,,"2F06,2E05",,,1,0,1,,,0,1,,4,switch,,
STEP,lampaccr_wgen,,,,29,,,,,,,,,,settle4,delay,,,,,,,100,,,,,,,,,,,,,,,,switch,,
STEP,lampaccr_wgen,,,,30,,,,,,,,,,check4,passfail,,,,read4,,,,,,,,0,1e-07,,,,,,,,,4,switch,,
STEP,lampaccr_wgen,,,,31,,,,,,,,,,openbias4,open,,,,bias4,,,,,,,"2G06,2B05",,,,,,,,,,,,switch,,
STEP,lampaccr_wgen,,,,32,,,,,,,,,,openread4,open,,,,read4,,,,,,,"2F06,2E05",,,,,,,,,,,,switch,,
STEP,lampaccr_wgen,,,,33,,,,,,,,,,delay4,delay,,,,,,,200,,,,,,,,,,,,,,,,switch,,
RECIPE,lampaccr_dmm,,,,,probe08old,,,,,,lampwhole,,,,,,,,,,,,,,,,,,,,,,,,,,,,,
STEP,lampaccr_dmm,,,,1,,,,,,,,,,touch,delay,,,,,,,200,,,,,,,,,,,,,,,,switch,,
STEP,lampaccr_dmm,,,,2,,,,,,,,,,measure1,resistance,measure,DMM,,,,,,,,,"4F05,4E06",,,1,0,1,,,0,,,1,switch,,
STEP,lampaccr_dmm,,,,3,,,,,,,,,,check1,passfail,,,,measure1,,,,,,,,1e6,,,,,,,,,,1,switch,,
STEP,lampaccr_dmm,,,,4,,,,,,,,,,open1,open,,,,measure1,,,,,,,"4F05,4E06",,,,,,,,,,,,switch,,
STEP,lampaccr_dmm,,,,5,,,,,,,,,,delay1,delay,,,,,,,50,,,,,,,,,,,,,,,,switch,,
STEP,lampaccr_dmm,,,,6,,,,,,,,,,measure2,resistance,measure,DMM,,,,,,,,,"4F07,4E08",,,1,0,1,,,0,,,2,switch,,
STEP,lampaccr_dmm,,,,7,,,,,,,,,,check2,passfail,,,,measure2,,,,,,,,1e6,,,,,,,,,,2,switch,,
STEP,lampaccr_dmm,,,,8,,,,,,,,,,open2,open,,,,measure2,,,,,,,"4F07,4E08",,,,,,,,,,,,switch,,
STEP,lampaccr_dmm,,,,9,,,,,,,,,,delay2,delay,,,,,,,50,,,,,,,,,,,,,,,,switch,,
STEP,lampaccr_dmm,,,,10,,,,,,,,,,measure3,resistance,measure,DMM,,,,,,,,,"2F08,2E07",,,1,0,1,,,0,,,3,switch,,
STEP,lampaccr_dmm,,,,11,,,,,,,,,,check3,passfail,,,,measure3,,,,,,,,1e6,,,,,,,,,,3,switch,,
STEP,lampaccr_dmm,,,,12,,,,,,,,,,open3,open,,,,measure3,,,,,,,"2F08,2E07",,,,,,,,,,,,switch,,
STEP,lampaccr_dmm,,,,13,,,,,,,,,,delay3,delay,,,,,,,50,,,,,,,,,,,,,,,,switch,,
STEP,lampaccr_dmm,,,,14,,,,,,,,,,measure4,resistance,measure,DMM,,,,,,,,,"2F06,2E05",,,1,0,1,,,0,,,4,switch,,
STEP,lampaccr_dmm,,,,15,,,,,,,,,,check4,passfail,,,,measure4,,,,,,,,1e6,,,,,,,,,,4,switch,,
STEP,lampaccr_dmm,,,,16,,,,,,,,,,open4,open,,,,measure4,,,,,,,"2F06,2E05",,,,,,,,,,,,switch,,
STEP,lampaccr_dmm,,,,17,,,,,,,,,,delay4,delay,,,,,,,50,,,,,,,,,,,,,,,,switch,,
RECIPE,lampaccr_smu,,,,,probe08old,,,,,,lampwhole,,,,,,,,,,,,,,,,,,,,,,,,,,,,,
STEP,lampaccr_smu,,,,1,,,,,,,,,,touch,delay,,,,,,,200,,,,,,,,,,,,,,,,switch,,
STEP,lampaccr_smu,,,,2,,,,,,,,,,bias1,voltage,apply,SMU,A,,,,10,1e-06,,,"4A05,4B06",,,,,,,,,,,1,switch,,
STEP,lampaccr_smu,,,,3,,,,,,,,,,wait1,delay,,,,,,,100,,,,,,,,,,,,,,,,switch,,
STEP,lampaccr_smu,,,,4,,,,,,,,,,measure1,resistance,measure,SMU,A,,,,,,,,"4A05,4B06",,,1,0,1,,,0,1,,1,switch,,
STEP,lampaccr_smu,,,,5,,,,,,,,,,check1,passfail,,,,measure1,,,,,,,,1e6,,,,,,,,,,1,switch,,
STEP,lampaccr_smu,,,,6,,,,,,,,,,open1,open,,,,bias1,,,,,,,"4A05,4B06",,,,,,,,,,,,switch,,
STEP,lampaccr_smu,,,,7,,,,,,,,,,delay1,delay,,,,,,,50,,,,,,,,,,,,,,,,switch,,
STEP,lampaccr_smu,,,,8,,,,,,,,,,bias2,voltage,apply,SMU,A,,,,10,1e-06,,,"4A07,4B08",,,,,,,,,,,2,switch,,
STEP,lampaccr_smu,,,,9,,,,,,,,,,wait2,delay,,,,,,,100,,,,,,,,,,,,,,,,switch,,
STEP,lampaccr_smu,,,,10,,,,,,,,,,measure2,resistance,measure,SMU,A,,,,,,,,"4A07,4B08",,,1,0,1,,,0,1,,2,switch,,
STEP,lampaccr_smu,,,,11,,,,,,,,,,check2,passfail,,,,measure2,,,,,,,,1e6,,,,,,,,,,2,switch,,
STEP,lampaccr_smu,,,,12,,,,,,,,,,open2,open,,,,bias2,,,,,,,"4A07,4B08",,,,,,,,,,,,switch,,
STEP,lampaccr_smu,,,,13,,,,,,,,,,delay2,delay,,,,,,,50,,,,,,,,,,,,,,,,switch,,
STEP,lampaccr_smu,,,,14,,,,,,,,,,bias3,voltage,apply,SMU,A,,,,10,1e-06,,,"2A08,2B07",,,,,,,,,,,3,switch,,
STEP,lampaccr_smu,,,,15,,,,,,,,,,wait3,delay,,,,,,,100,,,,,,,,,,,,,,,,switch,,
STEP,lampaccr_smu,,,,16,,,,,,,,,,measure3,resistance,measure,SMU,A,,,,,,,,"2A08,2B07",,,1,0,1,,,0,1,,3,switch,,
STEP,lampaccr_smu,,,,17,,,,,,,,,,check3,passfail,,,,measure3,,,,,,,,1e6,,,,,,,,,,3,switch,,
STEP,lampaccr_smu,,,,18,,,,,,,,,,open3,open,,,,bias3,,,,,,,"2A08,2B07",,,,,,,,,,,,switch,,
STEP,lampaccr_smu,,,,19,,,,,,,,,,delay3,delay,,,,,,,50,,,,,,,,,,,,,,,,switch,,
STEP,lampaccr_smu,,,,20,,,,,,,,,,bias4,voltage,apply,SMU,A,,,,10,1e-06,,,"2A06,2B05",,,,,,,,,,,4,switch,,
STEP,lampaccr_smu,,,,21,,,,,,,,,,wait4,delay,,,,,,,100,,,,,,,,,,,,,,,,switch,,
STEP,lampaccr_smu,,,,22,,,,,,,,,,measure4,resistance,measure,SMU,A,,,,,,,,"2A06,2B05",,,1,0,1,,,0,1,,4,switch,,
STEP,lampaccr_smu,,,,23,,,,,,,,,,check4,passfail,,,,measure4,,,,,,,,1e6,,,,,,,,,,4,switch,,
STEP,lampaccr_smu,,,,24,,,,,,,,,,open4,open,,,,bias4,,,,,,,"2A06,2B05",,,,,,,,,,,,switch,,
STEP,lampaccr_smu,,,,25,,,,,,,,,,delay4,delay,,,,,,,50,,,,,,,,,,,,,,,,switch,,
RECIPE,lamp_wholewafer,,,,,probe08,,,,,,lampwhole,,,,,,,,,,,,,,,,,,,,,,,,,,,,,
STEP,lamp_wholewafer,,,,1,,,,,,,,,,touch,delay,,,,,,,200,,,,,,,,,,,,,,,,switch,,
STEP,lamp_wholewafer,,,,2,,,,,,,,,,first,current,measure,SMU,A,,18:7,17:8,10.000,1e-06,,,"4A06,4B05",,,20,200,1,,,50,1,,1,switch,,
STEP,lamp_wholewafer,,,,3,,,,,,,,,,settle,delay,,,,,,,50,,,,,,,,,,,,,,,,switch,,
STEP,lamp_wholewafer,,,,4,,,,,,,,,,check1,passfail,,,,first,,,,,,,,-9.9e-7,9.9e-7,,,,,,,,,1,switch,,
STEP,lamp_wholewafer,,,,5,,,,,,,,,,switch1,open,,,,first,,,,,,,"4A06,4B05",,,,,,,,,,,,switch,,
STEP,lamp_wholewafer,,,,6,,,,,,,,,,delay,delay,,,,,,,50,,,,,,,,,,,,,,,,switch,,
STEP,lamp_wholewafer,,,,7,,,,,,,,,,second,current,measure,SMU,A,,20:5,19:6,10.000,1e-06,,,"4A08,4B07",,,20,200,1,,,50,,,2,switch,,
STEP,lamp_wholewafer,,,,8,,,,,,,,,,settle,delay,,,,,,,50,,,,,,,,,,,,,,,,switch,,
STEP,lamp_wholewafer,,,,9,,,,,,,,,,check2,passfail,,,,second,,,,,,,,-9.9e-7,9.9e-7,,,,,,,,,2,switch,,
STEP,lamp_wholewafer,,,,10,,,,,,,,,,switch2,open,,,,second,,,,,,,"4A08,4B07",,,,,,,,,,,,switch,,
STEP,lamp_wholewafer,,,,11,,,,,,,,,,delay,delay,,,,,,,50,,,,,,,,,,,,,,,,switch,,
STEP,lamp_wholewafer,,,,12,,,,,,,,,,third,current,measure,SMU,A,,7:2,8:1,10.000,1e-06,,,"2A07,2B08",,,20,200,1,,,50,,,3,switch,,
STEP,lamp_wholewafer,,,,13,,,,,,,,,,settle,delay,,,,,,,50,,,,,,,,,,,,,,,,switch,,
STEP,lamp_wholewafer,,,,14,,,,,,,,,,check3,passfail,,,,third,,,,,,,,-9.9e-7,9.9e-7,,,,,,,,,3,switch,,
STEP,lamp_wholewafer,,,,15,,,,,,,,,,switch3,open,,,,third,,,,,,,"2A07,2B08",,,,,,,,,,,,switch,,
STEP,lamp_wholewafer,,,,16,,,,,,,,,,delay,delay,,,,,,,50,,,,,,,,,,,,,,,,switch,,
STEP,lamp_wholewafer,,,,17,,,,,,,,,,fourth,current,measure,SMU,A,,5:4,6:3,10.000,1e-06,,,"2A05,2B06",,,20,200,1,,,50,,,4,switch,,
STEP,lamp_wholewafer,,,,18,,,,,,,,,,settle,delay,,,,,,,50,,,,,,,,,,,,,,,,switch,,
STEP,lamp_wholewafer,,,,19,,,,,,,,,,check4,passfail,,,,fourth,,,,,,,,-9.9e-7,9.9e-7,,,,,,,,,4,switch,,
STEP,lamp_wholewafer,,,,20,,,,,,,,,,switch4,open,,,,fourth,,,,,,,"2A05,2B06",,,,,,,,,,,,switch,,
STEP,lamp_wholewafer,,,,21,,,,,,,,,,delay,delay,,,,,,,50,,,,,,,,,,,,,,,,switch,,
SITE,lamp_wholewafer,,,,1,,,,,,,,,,NA,,,,,,-40,-6,,,,,,,,,,,,,,,,,,,
SITE,lamp_wholewafer,,,,2,,,,,,,,,,A3-01,,,,,,-40,-4,,,,,,,,,,,,,,,,,,,
SITE,lamp_wholewafer,,,,3,,,,,,,,,,A3-03,,,,,,-40,-2,,,,,,,,,,,,,,,,,,,
SITE,lamp_wholewafer,,,,4,,,,,,,,,,A4-00,,,,,,-40,0,,,,,,,,,,,,,,,,,,,
SITE,lamp_wholewafer,,,,5,,,,,,,,,,A4-02,,,,,,-40,2,,,,,,,,,,,,,,,,,,,
SITE,lamp_wholewafer,,,,6,,,,,,,,,,NA,,,,,,-40,4,,,,,,,,,,,,,,,,,,,
SITE,lamp_wholewafer,,,,7,,,,,,,,,,NA,,,,,,-38,-8,,,,,,,,,,,,,,,,,,,
SITE,lamp_wholewafer,,,,8,,,,,,,,,,92-64,,,,,,-38,-6,,,,,,,,,,,,,,,,,,,
SITE,lamp_wholewafer,,,,9,,,,,,,,,,93-61,,,,,,-38,-4,,,,,,,,,,,,,,,,,,,
SITE,lamp_wholewafer,,,,10,,,,,,,,,,93-63,,,,,,-38,-2,,,,,,,,,,,,,,,,,,,
SITE,lamp_wholewafer,,,,11,,,,,,,,,,94-60,,,,,,-38,0,,,,,,,,,,,,,,,,,,,
SITE,lamp_wholewafer,,,,12,,,,,,,,,,94-62,,,,,,-38,2,,,,,,,,,,,,,,,,,,,
SITE,lamp_wholewafer,,,,13,,,,,,,,,,94-64,,,,,,-38,4,,,,,,,,,,,,,,,,,,,
SITE,lamp_wholewafer,,,,14,,,,,,,,,,95-61,,,,,,-38,6,,,,,,,,,,,,,,,,,,,
SITE,lamp_wholewafer,,,,15,,,,,,,,,,NA,,,,,,-36,-10,,,,,,,,,,,,,,,,,,,
SITE,lamp_wholewafer,,,,16,,,,,,,,,,92-42,,,,,,-36,-8,,,,,,,,,,,,,,,,,,,
SITE,lamp_wholewafer,,,,17,,,,,,,,,,92-44,,,,,,-36,-6,,,,,,,,,,,,,,,,,,,
SITE,lamp_wholewafer,,,,18,,,,,,,,,,93-41,,,,,,-36,-4,,,,,,,,,,,,,,,,,,,
SITE,lamp_wholewafer,,,,19,,,,,,,,,,93-43,,,,,,-36,-2,,,,,,,,,,,,,,,,,,,
SITE,lamp_wholewafer,,,,20,,,,,,,,,,94-40,,,,,,-36,0,,,,,,,,,,,,,,,,,,,
SITE,lamp_wholewafer,,,,21,,,,,,,,,,94-42,,,,,,-36,2,,,,,,,,,,,,,,,,,,,
SITE,lamp_wholewafer,,,,22,,,,,,,,,,94-44,,,,,,-36,4,,,,,,,,,,,,,,,,,,,
SITE,lamp_wholewafer,,,,23,,,,,,,,,,95-41,,,,,,-36,6,,,,,,,,,,,,,,,,,,,
SITE,lamp_wholewafer,,,,24,,,,,,,,,,95-43,,,,,,-36,8,,,,,,,,,,,,,,,,,,,
SITE,lamp_wholewafer,,,,25,,,,,,,,,,NA,,,,,,-34,-12,,,,,,,,,,,,,,,,,,,
SITE,lamp_wholewafer,,,,26,,,,,,,,,,92-20,,,,,,-34,-10,,,,,,,,,,,,,,,,,,,
SITE,lamp_wholewafer,,,,27,,,,,,,,,,92-22,,,,,,-34,-8,,,,,,,,,,,,,,,,,,,
SITE,lamp_wholewafer,,,,28,,,,,,,,,,92-24,,,,,,-34,-6,,,,,,,,,,,,,,,,,,,
SITE,lamp_wholewafer,,,,29,,,,,,,,,,93-21,,,,,,-34,-4,,,,,,,,,,,,,,,,,,,
SITE,lamp_wholewafer,,,,30,,,,,,,,,,93-23,,,,,,-34,-2,,,,,,,,,,,,,,,,,,,
SITE,lamp_wholewafer,,,,31,,,,,,,,,,94-20,,,,,,-34,0,,,,,,,,,,,,,,,,,,,
SITE,lamp_wholewafer,,,,32,,,,,,,,,,94-22,,,,,,-34,2,,,,,,,,,,,,,,,,,,,
SITE,lamp_wholewafer,,,,33,,,,,,,,,,94-24,,,,,,-34,4,,,,,,,,,,,,,,,,,,,
SITE,lamp_wholewafer,,,,34,,,,,,,,,,95-21,,,,,,-34,6,,,,,,,,,,,,,,,,,,,
SITE,lamp_wholewafer,,,,35,,,,,,,,,,95-23,,,,,,-34,8,,,,,,,,,,,,,,,,,,,
SITE,lamp_wholewafer,,,,36,,,,,,,,,,NA,,,,,,-34,10,,,,,,,,,,,,,,,,,,,
SITE,lamp_wholewafer,,,,37,,,,,,,,,,91-03,,,,,,-32,-12,,,,,,,,,,,,,,,,,,,
SITE,lamp_wholewafer,,,,38,,,,,,,,,,92-00,,,,,,-32,-10,,,,,,,,,,,,,,,,,,,
SITE,lamp_wholewafer,,,,39,,,,,,,,,,92-02,,,,,,-32,-8,,,,,,,,,,,,,,,,,,,
SITE,lamp_wholewafer,,,,40,,,,,,,,,,92-04,,,,,,-32,-6,,,,,,,,,,,,,,,,,,,
SITE,lamp_wholewafer,,,,41,,,,,,,,,,93-01,,,,,,-32,-4,,,,,,,,,,,,,,,,,,,
SITE,lamp_wholewafer,,,,42,,,,,,,,,,93-03,,,,,,-32,-2,,,,,,,,,,,,,,,,,,,
SITE,lamp_wholewafer,,,,43,,,,,,,,,,94-00,,,,,,-32,0,,,,,,,,,,,,,,,,,,,
SITE,lamp_wholewafer,,,,44,,,,,,,,,,94-02,,,,,,-32,2,,,,,,,,,,,,,,,,,,,
SITE,lamp_wholewafer,,,,45,,,,,,,,,,94-04,,,,,,-32,4,,,,,,,,,,,,,,,,,,,
SITE,lamp_wholewafer,,,,46,,,,,,,,,,95-01,,,,,,-32,6,,,,,,,,,,,,,,,,,,,
SITE,lamp_wholewafer,,,,47,,,,,,,,,,95-03,,,,,,-32,8,,,,,,,,,,,,,,,,,,,
SITE,lamp_wholewafer,,,,48,,,,,,,,,,96-00,,,,,,-32,10,,,,,,,,,,,,,,,,,,,
SITE,lamp_wholewafer,,,,49,,,,,,,,,,NA,,,,,,-30,-14,,,,,,,,,,,,,,,,,,,
SITE,lamp_wholewafer,,,,50,,,,,,,,,,81-63,,,,,,-30,-12,,,,,,,,,,,,,,,,,,,
SITE,lamp_wholewafer,,,,51,,,,,,,,,,82-60,,,,,,-30,-10,,,,,,,,,,,,,,,,,,,
SITE,lamp_wholewafer,,,,52,,,,,,,,,,82-62,,,,,,-30,-8,,,,,,,,,,,,,,,,,,,
SITE,lamp_wholewafer,,,,53,,,,,,,,,,82-64,,,,,,-30,-6,,,,,,,,,,,,,,,,,,,
SITE,lamp_wholewafer,,,,54,,,,,,,,,,83-61,,,,,,-30,-4,,,,,,,,,,,,,,,,,,,
SITE,lamp_wholewafer,,,,55,,,,,,,,,,83-63,,,,,,-30,-2,,,,,,,,,,,,,,,,,,,
SITE,lamp_wholewafer,,,,56,,,,,,,,,,84-60,,,,,,-30,0,,,,,,,,,,,,,,,,,,,
SITE,lamp_wholewafer,,,,57,,,,,,,,,,84-62,,,,,,-30,2,,,,,,,,,,,,,,,,,,,
SITE,lamp_wholewafer,,,,58,,,,,,,,,,84-64,,,,,,-30,4,,,,,,,,,,,,,,,,,,,
SITE,lamp_wholewafer,,,,59,,,,,,,,,,85-61,,,,,,-30,6,,,,,,,,,,,,,,,,,,,
SITE,lamp_wholewafer,,,,60,,,,,,,,,,85-63,,,,,,-30,8,,,,,,,,,,,,,,,,,,,
SITE,lamp_wholewafer,,,,61,,,,,,,,,,86-60,,,,,,-30,10,,,,,,,,,,,,,,,,,,,
SITE,lamp_wholewafer,,,,62,,,,,,,,,,86-62,,,,,,-30,12,,,,,,,,,,,,,,,,,,,
SITE,lamp_wholewafer,,,,63,,,,,,,,,,81-41,,,,,,-28,-14,,,,,,,,,,,,,,,,,,,
SITE,lamp_wholewafer,,,,64,,,,,,,,,,81-43,,,,,,-28,-12,,,,,,,,,,,,,,,,,,,
SITE,lamp_wholewafer,,,,65,,,,,,,,,,82-40,,,,,,-28,-10,,,,,,,,,,,,,,,,,,,
SITE,lamp_wholewafer,,,,66,,,,,,,,,,82-42,,,,,,-28,-8,,,,,,,,,,,,,,,,,,,
SITE,lamp_wholewafer,,,,67,,,,,,,,,,82-44,,,,,,-28,-6,,,,,,,,,,,,,,,,,,,
SITE,lamp_wholewafer,,,,68,,,,,,,,,,83-41,,,,,,-28,-4,,,,,,,,,,,,,,,,,,,
SITE,lamp_wholewafer,,,,69,,,,,,,,,,83-43,,,,,,-28,-2,,,,,,,,,,,,,,,,,,,
SITE,lamp_wholewafer,,,,70,,,,,,,,,,84-40,,,,,,-28,0,,,,,,,,,,,,,,,,,,,
SITE,lamp_wholewafer,,,,71,,,,,,,,,,84-42,,,,,,-28,2,,,,,,,,,,,,,,,,,,,
SITE,lamp_wholewafer,,,,72,,,,,,,,,,84-44,,,,,,-28,4,,,,,,,,,,,,,,,,,,,
SITE,lamp_wholewafer,,,,73,,,,,,,,,,85-41,,,,,,-28,6,,,,,,,,,,,,,,,,,,,
SITE,lamp_wholewafer,,,,74,,,,,,,,,,85-43,,,,,,-28,8,,,,,,,,,,,,,,,,,,,
SITE,lamp_wholewafer,,,,75,,,,,,,,,,86-40,,,,,,-28,10,,,,,,,,,,,,,,,,,,,
SITE,lamp_wholewafer,,,,76,,,,,,,,,,86-42,,,,,,-28,12,,,,,,,,,,,,,,,,,,,
SITE,lamp_wholewafer,,,,77,,,,,,,,,,NA,,,,,,-26,-16,,,,,,,,,,,,,,,,,,,
SITE,lamp_wholewafer,,,,78,,,,,,,,,,81-21,,,,,,-26,-14,,,,,,,,,,,,,,,,,,,
SITE,lamp_wholewafer,,,,79,,,,,,,,,,81-23,,,,,,-26,-12,,,,,,,,,,,,,,,,,,,
SITE,lamp_wholewafer,,,,80,,,,,,,,,,82-20,,,,,,-26,-10,,,,,,,,,,,,,,,,,,,
SITE,lamp_wholewafer,,,,81,,,,,,,,,,82-22,,,,,,-26,-8,,,,,,,,,,,,,,,,,,,
SITE,lamp_wholewafer,,,,82,,,,,,,,,,82-24,,,,,,-26,-6,,,,,,,,,,,,,,,,,,,
SITE,lamp_wholewafer,,,,83,,,,,,,,,,83-21,,,,,,-26,-4,,,,,,,,,,,,,,,,,,,
SITE,lamp_wholewafer,,,,84,,,,,,,,,,83-23,,,,,,-26,-2,,,,,,,,,,,,,,,,,,,
SITE,lamp_wholewafer,,,,85,,,,,,,,,,84-20,,,,,,-26,0,,,,,,,,,,,,,,,,,,,
SITE,lamp_wholewafer,,,,86,,,,,,,,,,84-22,,,,,,-26,2,,,,,,,,,,,,,,,,,,,
SITE,lamp_wholewafer,,,,87,,,,,,,,,,84-24,,,,,,-26,4,,,,,,,,,,,,,,,,,,,
SITE,lamp_wholewafer,,,,88,,,,,,,,,,85-21,,,,,,-26,6,,,,,,,,,,,,,,,,,,,
SITE,lamp_wholewafer,,,,89,,,,,,,,,,85-23,,,,,,-26,8,,,,,,,,,,,,,,,,,,,
SITE,lamp_wholewafer,,,,90,,,,,,,,,,86-20,,,,,,-26,10,,,,,,,,,,,,,,,,,,,
SITE,lamp_wholewafer,,,,91,,,,,,,,,,86-22,,,,,,-26,12,,,,,,,,,,,,,,,,,,,
SITE,lamp_wholewafer,,,,92,,,,,,,,,,NA,,,,,,-26,14,,,,,,,,,,,,,,,,,,,
SITE,lamp_wholewafer,,,,93,,,,,,,,,,NA,,,,,,-24,-16,,,,,,,,,,,,,,,,,,,
SITE,lamp_wholewafer,,,,94,,,,,,,,,,81-01,,,,,,-24,-14,,,,,,,,,,,,,,,,,,,
SITE,lamp_wholewafer,,,,95,,,,,,,,,,81-03,,,,,,-24,-12,,,,,,,,,,,,,,,,,,,
SITE,lamp_wholewafer,,,,96,,,,,,,,,,82-00,,,,,,-24,-10,,,,,,,,,,,,,,,,,,,
SITE,lamp_wholewafer,,,,97,,,,,,,,,,82-02,,,,,,-24,-8,,,,,,,,,,,,,,,,,,,
SITE,lamp_wholewafer,,,,98,,,,,,,,,,82-04,,,,,,-24,-6,,,,,,,,,,,,,,,,,,,
SITE,lamp_wholewafer,,,,99,,,,,,,,,,83-01,,,,,,-24,-4,,,,,,,,,,,,,,,,,,,
SITE,lamp_wholewafer,,,,100,,,,,,,,,,83-03,,,,,,-24,-2,,,,,,,,,,,,,,,,,,,
SITE,lamp_wholewafer,,,,101,,,,,,,,,,84-00,,,,,,-24,0,,,,,,,,,,,,,,,,,,,
SITE,lamp_wholewafer,,,,102,,,,,,,,,,84-02,,,,,,-24,2,,,,,,,,,,,,,,,,,,,
SITE,lamp_wholewafer,,,,103,,,,,,,,,,84-04,,,,,,-24,4,,,,,,,,,,,,,,,,,,,
SITE,lamp_wholewafer,,,,104,,,,,,,,,,85-01,,,,,,-24,6,,,,,,,,,,,,,,,,,,,
SITE,lamp_wholewafer,,,,105,,,,,,,,,,85-03,,,,,,-24,8,,,,,,,,,,,,,,,,,,,
SITE,lamp_wholewafer,,,,106,,,,,,,,,,86-00,,,,,,-24,10,,,,,,,,,,,,,,,,,,,
SITE,lamp_wholewafer,,,,107,,,,,,,,,,86-02,,,,,,-24,12,,,,,,,,,,,,,,,,,,,
SITE,lamp_wholewafer,,,,108,,,,,,,,,,86-04,,,,,,-24,14,,,,,,,,,,,,,,,,,,,
SITE,lamp_wholewafer,,,,109,,,,,,,,,,70-64,,,,,,-22,-16,,,,,,,,,,,,,,,,,,,
SITE,lamp_wholewafer,,,,110,,,,,,,,,,71-61,,,,,,-22,-14,,,,,,,,,,,,,,,,,,,
SITE,lamp_wholewafer,,,,111,,,,,,,,,,71-63,,,,,,-22,-12,,,,,,,,,,,,,,,,,,,
SITE,lamp_wholewafer,,,,112,,,,,,,,,,72-60,,,,,,-22,-10,,,,,,,,,,,,,,,,,,,
SITE,lamp_wholewafer,,,,113,,,,,,,,,,72-62,,,,,,-22,-8,,,,,,,,,,,,,,,,,,,
SITE,lamp_wholewafer,,,,114,,,,,,,,,,72-64,,,,,,-22,-6,,,,,,,,,,,,,,,,,,,
SITE,lamp_wholewafer,,,,115,,,,,,,,,,73-61,,,,,,-22,-4,,,,,,,,,,,,,,,,,,,
SITE,lamp_wholewafer,,,,116,,,,,,,,,,73-63,,,,,,-22,-2,,,,,,,,,,,,,,,,,,,
SITE,lamp_wholewafer,,,,117,,,,,,,,,,74-60,,,,,,-22,0,,,,,,,,,,,,,,,,,,,
SITE,lamp_wholewafer,,,,118,,,,,,,,,,74-62,,,,,,-22,2,,,,,,,,,,,,,,,,,,,
SITE,lamp_wholewafer,,,,119,,,,,,,,,,74-64,,,,,,-22,4,,,,,,,,,,,,,,,,,,,
SITE,lamp_wholewafer,,,,120,,,,,,,,,,75-61,,,,,,-22,6,,,,,,,,,,,,,,,,,,,
SITE,lamp_wholewafer,,,,121,,,,,,,,,,75-63,,,,,,-22,8,,,,,,,,,,,,,,,,,,,
SITE,lamp_wholewafer,,,,122,,,,,,,,,,76-60,,,,,,-22,10,,,,,,,,,,,,,,,,,,,
SITE,lamp_wholewafer,,,,123,,,,,,,,,,76-62,,,,,,-22,12,,,,,,,,,,,,,,,,,,,
SITE,lamp_wholewafer,,,,124,,,,,,,,,,76-64,,,,,,-22,14,,,,,,,,,,,,,,,,,,,
SITE,lamp_wholewafer,,,,125,,,,,,,,,,NA,,,,,,-20,-18,,,,,,,,,,,,,,,,,,,
SITE,lamp_wholewafer,,,,126,,,,,,,,,,70-44,,,,,,-20,-16,,,,,,,,,,,,,,,,,,,
SITE,lamp_wholewafer,,,,127,,,,,,,,,,71-41,,,,,,-20,-14,,,,,,,,,,,,,,,,,,,
SITE,lamp_wholewafer,,,,128,,,,,,,,,,71-43,,,,,,-20,-12,,,,,,,,,,,,,,,,,,,
SITE,lamp_wholewafer,,,,129,,,,,,,,,,72-40,,,,,,-20,-10,,,,,,,,,,,,,,,,,,,
SITE,lamp_wholewafer,,,,130,,,,,,,,,,72-42,,,,,,-20,-8,,,,,,,,,,,,,,,,,,,
SITE,lamp_wholewafer,,,,131,,,,,,,,,,72-44,,,,,,-20,-6,,,,,,,,,,,,,,,,,,,
SITE,lamp_wholewafer,,,,132,,,,,,,,,,73-41,,,,,,-20,-4,,,,,,,,,,,,,,,,,,,
SITE,lamp_wholewafer,,,,133,,,,,,,,,,73-43,,,,,,-20,-2,,,,,,,,,,,,,,,,,,,
SITE,lamp_wholewafer,,,,134,,,,,,,,,,74-40,,,,,,-20,0,,,,,,,,,,,,,,,,,,,
SITE,lamp_wholewafer,,,,135,,,,,,,,,,74-42,,,,,,-20,2,,,,,,,,,,,,,,,,,,,
SITE,lamp_wholewafer,,,,136,,,,,,,,,,74-44,,,,,,-20,4,,,,,,,,,,,,,,,,,,,
SITE,lamp_wholewafer,,,,137,,,,,,,,,,75-41,,,,,,-20,6,,,,,,,,,,,,,,,,,,,
SITE,lamp_wholewafer,,,,138,,,,,,,,,,75-43,,,,,,-20,8,,,,,,,,,,,,,,,,,,,
SITE,lamp_wholewafer,,,,139,,,,,,,,,,76-40,,,,,,-20,10,,,,,,,,,,,,,,,,,,,
SITE,lamp_wholewafer,,,,140,,,,,,,,,,76-42,,,,,,-20,12,,,,,,,,,,,,,,,,,,,
SITE,lamp_wholewafer,,,,141,,,,,,,,,,76-44,,,,,,-20,14,,,,,,,,,,,,,,,,,,,
SITE,lamp_wholewafer,,,,142,,,,,,,,,,NA,,,,,,-20,16,,,,,,,,,,,,,,,,,,,
SITE,lamp_wholewafer,,,,143,,,,,,,,,,NA,,,,,,-18,-18,,,,,,,,,,,,,,,,,,,
SITE,lamp_wholewafer,,,,144,,,,,,,,,,70-24,,,,,,-18,-16,,,,,,,,,,,,,,,,,,,
SITE,lamp_wholewafer,,,,145,,,,,,,,,,71-21,,,,,,-18,-14,,,,,,,,,,,,,,,,,,,
SITE,lamp_wholewafer,,,,146,,,,,,,,,,71-23,,,,,,-18,-12,,,,,,,,,,,,,,,,,,,
SITE,lamp_wholewafer,,,,147,,,,,,,,,,72-20,,,,,,-18,-10,,,,,,,,,,,,,,,,,,,
SITE,lamp_wholewafer,,,,148,,,,,,,,,,72-22,,,,,,-18,-8,,,,,,,,,,,,,,,,,,,
SITE,lamp_wholewafer,,,,149,,,,,,,,,,72-24,,,,,,-18,-6,,,,,,,,,,,,,,,,,,,
SITE,lamp_wholewafer,,,,150,,,,,,,,,,73-21,,,,,,-18,-4,,,,,,,,,,,,,,,,,,,
SITE,lamp_wholewafer,,,,151,,,,,,,,,,73-23,,,,,,-18,-2,,,,,,,,,,,,,,,,,,,
SITE,lamp_wholewafer,,,,152,,,,,,,,,,74-20,,,,,,-18,0,,,,,,,,,,,,,,,,,,,
SITE,lamp_wholewafer,,,,153,,,,,,,,,,74-22,,,,,,-18,2,,,,,,,,,,,,,,,,,,,
SITE,lamp_wholewafer,,,,154,,,,,,,,,,74-24,,,,,,-18,4,,,,,,,,,,,,,,,,,,,
SITE,lamp_wholewafer,,,,155,,,,,,,,,,75-21,,,,,,-18,6,,,,,,,,,,,,,,,,,,,
SITE,lamp_wholewafer,,,,156,,,,,,,,,,75-23,,,,,,-18,8,,,,,,,,,,,,,,,,,,,
SITE,lamp_wholewafer,,,,157,,,,,,,,,,76-20,,,,,,-18,10,,,,,,,,,,,,,,,,,,,
SITE,lamp_wholewafer,,,,158,,,,,,,,,,76-22,,,,,,-18,12,,,,,,,,,,,,,,,,,,,
SITE,lamp_wholewafer,,,,159,,,,,,,,,,76-24,,,,,,-18,14,,,,,,,,,,,,,,,,,,,
SITE,lamp_wholewafer,,,,160,,,,,,,,,,77-21,,,,,,-18,16,,,,,,,,,,,,,,,,,,,
SITE,lamp_wholewafer,,,,161,,,,,,,,,,NA,,,,,,-16,-18,,,,,,,,,,,,,,,,,,,
SITE,lamp_wholewafer,,,,162,,,,,,,,,,70-04,,,,,,-16,-16,,,,,,,,,,,,,,,,,,,
SITE,lamp_wholewafer,,,,163,,,,,,,,,,71-01,,,,,,-16,-14,,,,,,,,,,,,,,,,,,,
SITE,lamp_wholewafer,,,,164,,,,,,,,,,71-03,,,,,,-16,-12,,,,,,,,,,,,,,,,,,,
SITE,lamp_wholewafer,,,,165,,,,,,,,,,72-00,,,,,,-16,-10,,,,,,,,,,,,,,,,,,,
SITE,lamp_wholewafer,,,,166,,,,,,,,,,72-02,,,,,,-16,-8,,,,,,,,,,,,,,,,,,,
SITE,lamp_wholewafer,,,,167,,,,,,,,,,72-04,,,,,,-16,-6,,,,,,,,,,,,,,,,,,,
SITE,lamp_wholewafer,,,,168,,,,,,,,,,73-01,,,,,,-16,-4,,,,,,,,,,,,,,,,,,,
SITE,lamp_wholewafer,,,,169,,,,,,,,,,73-03,,,,,,-16,-2,,,,,,,,,,,,,,,,,,,
SITE,lamp_wholewafer,,,,170,,,,,,,,,,74-00,,,,,,-16,0,,,,,,,,,,,,,,,,,,,
SITE,lamp_wholewafer,,,,171,,,,,,,,,,74-02,,,,,,-16,2,,,,,,,,,,,,,,,,,,,
SITE,lamp_wholewafer,,,,172,,,,,,,,,,74-04,,,,,,-16,4,,,,,,,,,,,,,,,,,,,
SITE,lamp_wholewafer,,,,173,,,,,,,,,,75-01,,,,,,-16,6,,,,,,,,,,,,,,,,,,,
SITE,lamp_wholewafer,,,,174,,,,,,,,,,75-03,,,,,,-16,8,,,,,,,,,,,,,,,,,,,
SITE,lamp_wholewafer,,,,175,,,,,,,,,,76-00,,,,,,-16,10,,,,,,,,,,,,,,,,,,,
SITE,lamp_wholewafer,,,,176,,,,,,,,,,76-02,,,,,,-16,12,,,,,,,,,,,,,,,,,,,
SITE,lamp_wholewafer,,,,177,,,,,,,,,,76-04,,,,,,-16,14,,,,,,,,,,,,,,,,,,,
SITE,lamp_wholewafer,,,,178,,,,,,,,,,77-01,,,,,,-16,16,,,,,,,,,,,,,,,,,,,
SITE,lamp_wholewafer,,,,179,,,,,,,,,,60-62,,,,,,-14,-18,,,,,,,,,,,,,,,,,,,
SITE,lamp_wholewafer,,,,180,,,,,,,,,,60-64,,,,,,-14,-16,,,,,,,,,,,,,,,,,,,
SITE,lamp_wholewafer,,,,181,,,,,,,,,,61-61,,,,,,-14,-14,,,,,,,,,,,,,,,,,,,
SITE,lamp_wholewafer,,,,182,,,,,,,,,,61-63,,,,,,-14,-12,,,,,,,,,,,,,,,,,,,
SITE,lamp_wholewafer,,,,183,,,,,,,,,,62-60,,,,,,-14,-10,,,,,,,,,,,,,,,,,,,
SITE,lamp_wholewafer,,,,184,,,,,,,,,,62-62,,,,,,-14,-8,,,,,,,,,,,,,,,,,,,
SITE,lamp_wholewafer,,,,185,,,,,,,,,,62-64,,,,,,-14,-6,,,,,,,,,,,,,,,,,,,
SITE,lamp_wholewafer,,,,186,,,,,,,,,,63-61,,,,,,-14,-4,,,,,,,,,,,,,,,,,,,
SITE,lamp_wholewafer,,,,187,,,,,,,,,,63-63,,,,,,-14,-2,,,,,,,,,,,,,,,,,,,
SITE,lamp_wholewafer,,,,188,,,,,,,,,,64-60,,,,,,-14,0,,,,,,,,,,,,,,,,,,,
SITE,lamp_wholewafer,,,,189,,,,,,,,,,64-62,,,,,,-14,2,,,,,,,,,,,,,,,,,,,
SITE,lamp_wholewafer,,,,190,,,,,,,,,,64-64,,,,,,-14,4,,,,,,,,,,,,,,,,,,,
SITE,lamp_wholewafer,,,,191,,,,,,,,,,65-61,,,,,,-14,6,,,,,,,,,,,,,,,,,,,
SITE,lamp_wholewafer,,,,192,,,,,,,,,,65-63,,,,,,-14,8,,,,,,,,,,,,,,,,,,,
SITE,lamp_wholewafer,,,,193,,,,,,,,,,66-60,,,,,,-14,10,,,,,,,,,,,,,,,,,,,
SITE,lamp_wholewafer,,,,194,,,,,,,,,,66-62,,,,,,-14,12,,,,,,,,,,,,,,,,,,,
SITE,lamp_wholewafer,,,,195,,,,,,,,,,66-64,,,,,,-14,14,,,,,,,,,,,,,,,,,,,
SITE,lamp_wholewafer,,,,196,,,,,,,,,,67-61,,,,,,-14,16,,,,,,,,,,,,,,,,,,,
SITE,lamp_wholewafer,,,,197,,,,,,,,,,60-42,,,,,,-12,-18,,,,,,,,,,,,,,,,,,,
SITE,lamp_wholewafer,,,,198,,,,,,,,,,60-44,,,,,,-12,-16,,,,,,,,,,,,,,,,,,,
SITE,lamp_wholewafer,,,,199,,,,,,,,,,61-41,,,,,,-12,-14,,,,,,,,,,,,,,,,,,,
SITE,lamp_wholewafer,,,,200,,,,,,,,,,61-43,,,,,,-12,-12,,,,,,,,,,,,,,,,,,,
SITE,lamp_wholewafer,,,,201,,,,,,,,,,62-40,,,,,,-12,-10,,,,,,,,,,,,,,,,,,,
SITE,lamp_wholewafer,,,,202,,,,,,,,,,62-42,,,,,,-12,-8,,,,,,,,,,,,,,,,,,,
SITE,lamp_wholewafer,,,,203,,,,,,,,,,62-44,,,,,,-12,-6,,,,,,,,,,,,,,,,,,,
SITE,lamp_wholewafer,,,,204,,,,,,,,,,63-41,,,,,,-12,-4,,,,,,,,,,,,,,,,,,,
SITE,lamp_wholewafer,,,,205,,,,,,,,,,63-43,,,,,,-12,-2,,,,,,,,,,,,,,,,,,,
SITE,lamp_wholewafer,,,,206,,,,,,,,,,64-40,,,,,,-12,0,,,,,,,,,,,,,,,,,,,
SITE,lamp_wholewafer,,,,207,,,,,,,,,,64-42,,,,,,-12,2,,,,,,,,,,,,,,,,,,,
SITE,lamp_wholewafer,,,,208,,,,,,,,,,64-44,,,,,,-12,4,,,,,,,,,,,,,,,,,,,
SITE,lamp_wholewafer,,,,209,,,,,,,,,,65-41,,,,,,-12,6,,,,,,,,,,,,,,,,,,,
SITE,lamp_wholewafer,,,,210,,,,,,,,,,65-43,,,,,,-12,8,,,,,,,,,,,,,,,,,,,
SITE,lamp_wholewafer,,,,211,,,,,,,,,,66-40,,,,,,-12,10,,,,,,,,,,,,,,,,,,,
SITE,lamp_wholewafer,,,,212,,,,,,,,,,66-42,,,,,,-12,12,,,,,,,,,,,,,,,,,,,
SITE,lamp_wholewafer,,,,213,,,,,,,,,,66-44,,,,,,-12,14,,,,,,,,,,,,,,,,,,,
SITE,lamp_wholewafer,,,,214,,,,,,,,,,67-41,,,,,,-12,16,,,,,,,,,,,,,,,,,,,
SITE,lamp_wholewafer,,,,215,,,,,,,,,,60-22,,,,,,-10,-18,,,,,,,,,,,,,,,,,,,
SITE,lamp_wholewafer,,,,216,,,,,,,,,,60-24,,,,,,-10,-16,,,,,,,,,,,,,,,,,,,
SITE,lamp_wholewafer,,,,217,,,,,,,,,,61-21,,,,,,-10,-14,,,,,,,,,,,,,,,,,,,
SITE,lamp_wholewafer,,,,218,,,,,,,,,,61-23,,,,,,-10,-12,,,,,,,,,,,,,,,,,,,
SITE,lamp_wholewafer,,,,219,,,,,,,,,,62-20,,,,,,-10,-10,,,,,,,,,,,,,,,,,,,
SITE,lamp_wholewafer,,,,220,,,,,,,,,,62-22,,,,,,-10,-8,,,,,,,,,,,,,,,,,,,
SITE,lamp_wholewafer,,,,221,,,,,,,,,,62-24,,,,,,-10,-6,,,,,,,,,,,,,,,,,,,
SITE,lamp_wholewafer,,,,222,,,,,,,,,,63-21,,,,,,-10,-4,,,,,,,,,,,,,,,,,,,
SITE,lamp_wholewafer,,,,223,,,,,,,,,,63-23,,,,,,-10,-2,,,,,,,,,,,,,,,,,,,
SITE,lamp_wholewafer,,,,224,,,,,,,,,,64-20,,,,,,-10,0,,,,,,,,,,,,,,,,,,,
SITE,lamp_wholewafer,,,,225,,,,,,,,,,64-22,,,,,,-10,2,,,,,,,,,,,,,,,,,,,
SITE,lamp_wholewafer,,,,226,,,,,,,,,,64-24,,,,,,-10,4,,,,,,,,,,,,,,,,,,,
SITE,lamp_wholewafer,,,,227,,,,,,,,,,65-21,,,,,,-10,6,,,,,,,,,,,,,,,,,,,
SITE,lamp_wholewafer,,,,228,,,,,,,,,,65-23,,,,,,-10,8,,,,,,,,,,,,,,,,,,,
SITE,lamp_wholewafer,,,,229,,,,,,,,,,66-20,,,,,,-10,10,,,,,,,,,,,,,,,,,,,
SITE,lamp_wholewafer,,,,230,,,,,,,,,,66-22,,,,,,-10,12,,,,,,,,,,,,,,,,,,,
SITE,lamp_wholewafer,,,,231,,,,,,,,,,66-24,,,,,,-10,14,,,,,,,,,,,,,,,,,,,
SITE,lamp_wholewafer,,,,232,,,,,,,,,,67-21,,,,,,-10,16,,,,,,,,,,,,,,,,,,,
SITE,lamp_wholewafer,,,,233,,,,,,,,,,NA,,,,,,-8,-20,,,,,,,,,,,,,,,,,,,
SITE,lamp_wholewafer,,,,234,,,,,,,,,,60-02,,,,,,-8,-18,,,,,,,,,,,,,,,,,,,
SITE,lamp_wholewafer,,,,235,,,,,,,,,,60-04,,,,,,-8,-16,,,,,,,,,,,,,,,,,,,
SITE,lamp_wholewafer,,,,236,,,,,,,,,,61-01,,,,,,-8,-14,,,,,,,,,,,,,,,,,,,
SITE,lamp_wholewafer,,,,237,,,,,,,,,,61-03,,,,,,-8,-12,,,,,,,,,,,,,,,,,,,
SITE,lamp_wholewafer,,,,238,,,,,,,,,,62-00,,,,,,-8,-10,,,,,,,,,,,,,,,,,,,
SITE,lamp_wholewafer,,,,239,,,,,,,,,,62-02,,,,,,-8,-8,,,,,,,,,,,,,,,,,,,
SITE,lamp_wholewafer,,,,240,,,,,,,,,,62-04,,,,,,-8,-6,,,,,,,,,,,,,,,,,,,
SITE,lamp_wholewafer,,,,241,,,,,,,,,,63-01,,,,,,-8,-4,,,,,,,,,,,,,,,,,,,
SITE,lamp_wholewafer,,,,242,,,,,,,,,,63-03,,,,,,-8,-2,,,,,,,,,,,,,,,,,,,
SITE,lamp_wholewafer,,,,243,,,,,,,,,,64-00,,,,,,-8,0,,,,,,,,,,,,,,,,,,,
SITE,lamp_wholewafer,,,,244,,,,,,,,,,64-02,,,,,,-8,2,,,,,,,,,,,,,,,,,,,
SITE,lamp_wholewafer,,,,245,,,,,,,,,,64-04,,,,,,-8,4,,,,,,,,,,,,,,,,,,,
SITE,lamp_wholewafer,,,,246,,,,,,,,,,65-01,,,,,,-8,6,,,,,,,,,,,,,,,,,,,
SITE,lamp_wholewafer,,,,247,,,,,,,,,,65-03,,,,,,-8,8,,,,,,,,,,,,,,,,,,,
SITE,lamp_wholewafer,,,,248,,,,,,,,,,66-00,,,,,,-8,10,,,,,,,,,,,,,,,,,,,
SITE,lamp_wholewafer,,,,249,,,,,,,,,,66-02,,,,,,-8,12,,,,,,,,,,,,,,,,,,,
SITE,lamp_wholewafer,,,,250,,,,,,,,,,66-04,,,,,,-8,14,,,,,,,,,,,,,,,,,,,
SITE,lamp_wholewafer,,,,251,,,,,,,,,,67-01,,,,,,-8,16,,,,,,,,,,,,,,,,,,,
SITE,lamp_wholewafer,,,,252,,,,,,,,,,NA,,,,,,-8,18,,,,,,,,,,,,,,,,,,,
SITE,lamp_wholewafer,,,,253,,,,,,,,,,NA,,,,,,-6,-20,,,,,,,,,,,,,,,,,,,
SITE,lamp_wholewafer,,,,254,,,,,,,,,,50-62,,,,,,-6,-18,,,,,,,,,,,,,,,,,,,
SITE,lamp_wholewafer,,,,255,,,,,,,,,,50-64,,,,,,-6,-16,,,,,,,,,,,,,,,,,,,
SITE,lamp_wholewafer,,,,256,,,,,,,,,,51-61,,,,,,-6,-14,,,,,,,,,,,,,,,,,,,
SITE,lamp_wholewafer,,,,257,,,,,,,,,,51-63,,,,,,-6,-12,,,,,,,,,,,,,,,,,,,
SITE,lamp_wholewafer,,,,258,,,,,,,,,,52-60,,,,,,-6,-10,,,,,,,,,,,,,,,,,,,
SITE,lamp_wholewafer,,,,259,,,,,,,,,,52-62,,,,,,-6,-8,,,,,,,,,,,,,,,,,,,
SITE,lamp_wholewafer,,,,260,,,,,,,,,,52-64,,,,,,-6,-6,,,,,,,,,,,,,,,,,,,
SITE,lamp_wholewafer,,,,261,,,,,,,,,,53-61,,,,,,-6,-4,,,,,,,,,,,,,,,,,,,
SITE,lamp_wholewafer,,,,262,,,,,,,,,,53-63,,,,,,-6,-2,,,,,,,,,,,,,,,,,,,
SITE,lamp_wholewafer,,,,263,,,,,,,,,,54-60,,,,,,-6,0,,,,,,,,,,,,,,,,,,,
SITE,lamp_wholewafer,,,,264,,,,,,,,,,54-62,,,,,,-6,2,,,,,,,,,,,,,,,,,,,
SITE,lamp_wholewafer,,,,265,,,,,,,,,,54-64,,,,,,-6,4,,,,,,,,,,,,,,,,,,,
SITE,lamp_wholewafer,,,,266,,,,,,,,,,55-61,,,,,,-6,6,,,,,,,,,,,,,,,,,,,
SITE,lamp_wholewafer,,,,267,,,,,,,,,,55-63,,,,,,-6,8,,,,,,,,,,,,,,,,,,,
SITE,lamp_wholewafer,,,,268,,,,,,,,,,56-60,,,,,,-6,10,,,,,,,,,,,,,,,,,,,
SITE,lamp_wholewafer,,,,269,,,,,,,,,,56-62,,,,,,-6,12,,,,,,,,,,,,,,,,,,,
SITE,lamp_wholewafer,,,,270,,,,,,,,,,56-64,,,,,,-6,14,,,,,,,,,,,,,,,,,,,
SITE,lamp_wholewafer,,,,271,,,,,,,,,,57-61,,,,,,-6,16,,,,,,,,,,,,,,,,,,,
SITE,lamp_wholewafer,,,,272,,,,,,,,,,57-63,,,,,,-6,18,,,,,,,,,,,,,,,,,,,
SITE,lamp_wholewafer,,,,273,,,,,,,,,,NA,,,,,,-4,-20,,,,,,,,,,,,,,,,,,,
SITE,lamp_wholewafer,,,,274,,,,,,,,,,50-42,,,,,,-4,-18,,,,,,,,,,,,,,,,,,,
SITE,lamp_wholewafer,,,,275,,,,,,,,,,50-44,,,,,,-4,-16,,,,,,,,,,,,,,,,,,,
SITE,lamp_wholewafer,,,,276,,,,,,,,,,51-41,,,,,,-4,-14,,,,,,,,,,,,,,,,,,,
SITE,lamp_wholewafer,,,,277,,,,,,,,,,51-43,,,,,,-4,-12,,,,,,,,,,,,,,,,,,,
SITE,lamp_wholewafer,,,,278,,,,,,,,,,52-40,,,,,,-4,-10,,,,,,,,,,,,,,,,,,,
SITE,lamp_wholewafer,,,,279,,,,,,,,,,52-42,,,,,,-4,-8,,,,,,,,,,,,,,,,,,,
SITE,lamp_wholewafer,,,,280,,,,,,,,,,52-44,,,,,,-4,-6,,,,,,,,,,,,,,,,,,,
SITE,lamp_wholewafer,,,,281,,,,,,,,,,53-41,,,,,,-4,-4,,,,,,,,,,,,,,,,,,,
SITE,lamp_wholewafer,,,,282,,,,,,,,,,53-43,,,,,,-4,-2,,,,,,,,,,,,,,,,,,,
SITE,lamp_wholewafer,,,,283,,,,,,,,,,54-40,,,,,,-4,0,,,,,,,,,,,,,,,,,,,
SITE,lamp_wholewafer,,,,284,,,,,,,,,,54-42,,,,,,-4,2,,,,,,,,,,,,,,,,,,,
SITE,lamp_wholewafer,,,,285,,,,,,,,,,54-44,,,,,,-4,4,,,,,,,,,,,,,,,,,,,
SITE,lamp_wholewafer,,,,286,,,,,,,,,,55-41,,,,,,-4,6,,,,,,,,,,,,,,,,,,,
SITE,lamp_wholewafer,,,,287,,,,,,,,,,55-43,,,,,,-4,8,,,,,,,,,,,,,,,,,,,
SITE,lamp_wholewafer,,,,288,,,,,,,,,,56-40,,,,,,-4,10,,,,,,,,,,,,,,,,,,,
SITE,lamp_wholewafer,,,,289,,,,,,,,,,56-42,,,,,,-4,12,,,,,,,,,,,,,,,,,,,
SITE,lamp_wholewafer,,,,290,,,,,,,,,,56-44,,,,,,-4,14,,,,,,,,,,,,,,,,,,,
SITE,lamp_wholewafer,,,,291,,,,,,,,,,57-41,,,,,,-4,16,,,,,,,,,,,,,,,,,,,
SITE,lamp_wholewafer,,,,292,,,,,,,,,,57-43,,,,,,-4,18,,,,,,,,,,,,,,,,,,,
SITE,lamp_wholewafer,,,,293,,,,,,,,,,NA,,,,,,-2,-20,,,,,,,,,,,,,,,,,,,
SITE,lamp_wholewafer,,,,294,,,,,,,,,,50-22,,,,,,-2,-18,,,,,,,,,,,,,,,,,,,
SITE,lamp_wholewafer,,,,295,,,,,,,,,,50-24,,,,,,-2,-16,,,,,,,,,,,,,,,,,,,
SITE,lamp_wholewafer,,,,296,,,,,,,,,,51-21,,,,,,-2,-14,,,,,,,,,,,,,,,,,,,
SITE,lamp_wholewafer,,,,297,,,,,,,,,,51-23,,,,,,-2,-12,,,,,,,,,,,,,,,,,,,
SITE,lamp_wholewafer,,,,298,,,,,,,,,,52-20,,,,,,-2,-10,,,,,,,,,,,,,,,,,,,
SITE,lamp_wholewafer,,,,299,,,,,,,,,,52-22,,,,,,-2,-8,,,,,,,,,,,,,,,,,,,
SITE,lamp_wholewafer,,,,300,,,,,,,,,,52-24,,,,,,-2,-6,,,,,,,,,,,,,,,,,,,
SITE,lamp_wholewafer,,,,301,,,,,,,,,,53-21,,,,,,-2,-4,,,,,,,,,,,,,,,,,,,
SITE,lamp_wholewafer,,,,302,,,,,,,,,,53-23,,,,,,-2,-2,,,,,,,,,,,,,,,,,,,
SITE,lamp_wholewafer,,,,303,,,,,,,,,,54-20,,,,,,-2,0,,,,,,,,,,,,,,,,,,,
SITE,lamp_wholewafer,,,,304,,,,,,,,,,54-22,,,,,,-2,2,,,,,,,,,,,,,,,,,,,
SITE,lamp_wholewafer,,,,305,,,,,,,,,,54-24,,,,,,-2,4,,,,,,,,,,,,,,,,,,,
SITE,lamp_wholewafer,,,,306,,,,,,,,,,55-21,,,,,,-2,6,,,,,,,,,,,,,,,,,,,
SITE,lamp_wholewafer,,,,307,,,,,,,,,,55-23,,,,,,-2,8,,,,,,,,,,,,,,,,,,,
SITE,lamp_wholewafer,,,,308,,,,,,,,,,56-20,,,,,,-2,10,,,,,,,,,,,,,,,,,,,
SITE,lamp_wholewafer,,,,309,,,,,,,,,,56-22,,,,,,-2,12,,,,,,,,,,,,,,,,,,,
SITE,lamp_wholewafer,,,,310,,,,,,,,,,56-24,,,,,,-2,14,,,,,,,,,,,,,,,,,,,
SITE,lamp_wholewafer,,,,311,,,,,,,,,,57-21,,,,,,-2,16,,,,,,,,,,,,,,,,,,,
SITE,lamp_wholewafer,,,,312,,,,,,,,,,57-23,,,,,,-2,18,,,,,,,,,,,,,,,,,,,
SITE,lamp_wholewafer,,,,313,,,,,,,,,,NA,,,,,,0,-20,,,,,,,,,,,,,,,,,,,
SITE,lamp_wholewafer,,,,314,,,,,,,,,,50-02,,,,,,0,-18,,,,,,,,,,,,,,,,,,,
SITE,lamp_wholewafer,,,,315,,,,,,,,,,50-04,,,,,,0,-16,,,,,,,,,,,,,,,,,,,
SITE,lamp_wholewafer,,,,316,,,,,,,,,,TARGET,,,,,,0,-14,,,,,,,,,,,,,,,,,,,
SITE,lamp_wholewafer,,,,317,,,,,,,,,,TARGET,,,,,,0,-12,,,,,,,,,,,,,,,,,,,
SITE,lamp_wholewafer,,,,318,,,,,,,,,,52-00,,,,,,0,-10,,,,,,,,,,,,,,,,,,,
SITE,lamp_wholewafer,,,,319,,,,,,,,,,52-02,,,,,,0,-8,,,,,,,,,,,,,,,,,,,
SITE,lamp_wholewafer,,,,320,,,,,,,,,,52-04,,,,,,0,-6,,,,,,,,,,,,,,,,,,,
SITE,lamp_wholewafer,,,,321,,,,,,,,,,53-01,,,,,,0,-4,,,,,,,,,,,,,,,,,,,
SITE,lamp_wholewafer,,,,322,,,,,,,,,,53-03,,,,,,0,-2,,,,,,,,,,,,,,,,,,,
SITE,lamp_wholewafer,,,,323,,,,,,,,,,54-00,,,,,,0,0,,,,,,,,,,,,,,,,,,,
SITE,lamp_wholewafer,,,,324,,,,,,,,,,54-02,,,,,,0,2,,,,,,,,,,,,,,,,,,,
SITE,lamp_wholewafer,,,,325,,,,,,,,,,54-04,,,,,,0,4,,,,,,,,,,,,,,,,,,,
SITE,lamp_wholewafer,,,,326,,,,,,,,,,55-01,,,,,,0,6,,,,,,,,,,,,,,,,,,,
SITE,lamp_wholewafer,,,,327,,,,,,,,,,55-03,,,,,,0,8,,,,,,,,,,,,,,,,,,,
SITE,lamp_wholewafer,,,,328,,,,,,,,,,56-00,,,,,,0,10,,,,,,,,,,,,,,,,,,,
SITE,lamp_wholewafer,,,,329,,,,,,,,,,TARGET,,,,,,0,12,,,,,,,,,,,,,,,,,,,
SITE,lamp_wholewafer,,,,330,,,,,,,,,,56-04,,,,,,0,14,,,,,,,,,,,,,,,,,,,
SITE,lamp_wholewafer,,,,331,,,,,,,,,,57-01,,,,,,0,16,,,,,,,,,,,,,,,,,,,
SITE,lamp_wholewafer,,,,332,,,,,,,,,,57-03,,,,,,0,18,,,,,,,,,,,,,,,,,,,
SITE,lamp_wholewafer,,,,333,,,,,,,,,,NA,,,,,,2,-20,,,,,,,,,,,,,,,,,,,
SITE,lamp_wholewafer,,,,334,,,,,,,,,,40-62,,,,,,2,-18,,,,,,,,,,,,,,,,,,,
SITE,lamp_wholewafer,,,,335,,,,,,,,,,40-64,,,,,,2,-16,,,,,,,,,,,,,,,,,,,
SITE,lamp_wholewafer,,,,336,,,,,,,,,,41-61,,,,,,2,-14,,,,,,,,,,,,,,,,,,,
SITE,lamp_wholewafer,,,,337,,,,,,,,,,41-63,,,,,,2,-12,,,,,,,,,,,,,,,,,,,
SITE,lamp_wholewafer,,,,338,,,,,,,,,,42-60,,,,,,2,-10,,,,,,,,,,,,,,,,,,,
SITE,lamp_wholewafer,,,,339,,,,,,,,,,42-62,,,,,,2,-8,,,,,,,,,,,,,,,,,,,
SITE,lamp_wholewafer,,,,340,,,,,,,,,,42-64,,,,,,2,-6,,,,,,,,,,,,,,,,,,,
SITE,lamp_wholewafer,,,,341,,,,,,,,,,43-61,,,,,,2,-4,,,,,,,,,,,,,,,,,,,
SITE,lamp_wholewafer,,,,342,,,,,,,,,,43-63,,,,,,2,-2,,,,,,,,,,,,,,,,,,,
SITE,lamp_wholewafer,,,,343,,,,,,,,,,44-60,,,,,,2,0,,,,,,,,,,,,,,,,,,,
SITE,lamp_wholewafer,,,,344,,,,,,,,,,44-62,,,,,,2,2,,,,,,,,,,,,,,,,,,,
SITE,lamp_wholewafer,,,,345,,,,,,,,,,44-64,,,,,,2,4,,,,,,,,,,,,,,,,,,,
SITE,lamp_wholewafer,,,,346,,,,,,,,,,45-61,,,,,,2,6,,,,,,,,,,,,,,,,,,,
SITE,lamp_wholewafer,,,,347,,,,,,,,,,45-63,,,,,,2,8,,,,,,,,,,,,,,,,,,,
SITE,lamp_wholewafer,,,,348,,,,,,,,,,46-60,,,,,,2,10,,,,,,,,,,,,,,,,,,,
SITE,lamp_wholewafer,,,,349,,,,,,,,,,46-62,,,,,,2,12,,,,,,,,,,,,,,,,,,,
SITE,lamp_wholewafer,,,,350,,,,,,,,,,46-64,,,,,,2,14,,,,,,,,,,,,,,,,,,,
SITE,lamp_wholewafer,,,,351,,,,,,,,,,47-61,,,,,,2,16,,,,,,,,,,,,,,,,,,,
SITE,lamp_wholewafer,,,,352,,,,,,,,,,47-63,,,,,,2,18,,,,,,,,,,,,,,,,,,,
SITE,lamp_wholewafer,,,,353,,,,,,,,,,NA,,,,,,4,-20,,,,,,,,,,,,,,,,,,,
SITE,lamp_wholewafer,,,,354,,,,,,,,,,40-42,,,,,,4,-18,,,,,,,,,,,,,,,,,,,
SITE,lamp_wholewafer,,,,355,,,,,,,,,,40-44,,,,,,4,-16,,,,,,,,,,,,,,,,,,,
SITE,lamp_wholewafer,,,,356,,,,,,,,,,41-41,,,,,,4,-14,,,,,,,,,,,,,,,,,,,
SITE,lamp_wholewafer,,,,357,,,,,,,,,,41-43,,,,,,4,-12,,,,,,,,,,,,,,,,,,,
SITE,lamp_wholewafer,,,,358,,,,,,,,,,42-40,,,,,,4,-10,,,,,,,,,,,,,,,,,,,
SITE,lamp_wholewafer,,,,359,,,,,,,,,,42-42,,,,,,4,-8,,,,,,,,,,,,,,,,,,,
SITE,lamp_wholewafer,,,,360,,,,,,,,,,42-44,,,,,,4,-6,,,,,,,,,,,,,,,,,,,
SITE,lamp_wholewafer,,,,361,,,,,,,,,,43-41,,,,,,4,-4,,,,,,,,,,,,,,,,,,,
SITE,lamp_wholewafer,,,,362,,,,,,,,,,43-43,,,,,,4,-2,,,,,,,,,,,,,,,,,,,
SITE,lamp_wholewafer,,,,363,,,,,,,,,,44-40,,,,,,4,0,,,,,,,,,,,,,,,,,,,
SITE,lamp_wholewafer,,,,364,,,,,,,,,,44-42,,,,,,4,2,,,,,,,,,,,,,,,,,,,
SITE,lamp_wholewafer,,,,365,,,,,,,,,,44-44,,,,,,4,4,,,,,,,,,,,,,,,,,,,
SITE,lamp_wholewafer,,,,366,,,,,,,,,,45-41,,,,,,4,6,,,,,,,,,,,,,,,,,,,
SITE,lamp_wholewafer,,,,367,,,,,,,,,,45-43,,,,,,4,8,,,,,,,,,,,,,,,,,,,
SITE,lamp_wholewafer,,,,368,,,,,,,,,,46-40,,,,,,4,10,,,,,,,,,,,,,,,,,,,
SITE,lamp_wholewafer,,,,369,,,,,,,,,,46-42,,,,,,4,12,,,,,,,,,,,,,,,,,,,
SITE,lamp_wholewafer,,,,370,,,,,,,,,,46-44,,,,,,4,14,,,,,,,,,,,,,,,,,,,
SITE,lamp_wholewafer,,,,371,,,,,,,,,,47-41,,,,,,4,16,,,,,,,,,,,,,,,,,,,
SITE,lamp_wholewafer,,,,372,,,,,,,,,,47-43,,,,,,4,18,,,,,,,,,,,,,,,,,,,
SITE,lamp_wholewafer,,,,373,,,,,,,,,,NA,,,,,,6,-20,,,,,,,,,,,,,,,,,,,
SITE,lamp_wholewafer,,,,374,,,,,,,,,,40-22,,,,,,6,-18,,,,,,,,,,,,,,,,,,,
SITE,lamp_wholewafer,,,,375,,,,,,,,,,40-24,,,,,,6,-16,,,,,,,,,,,,,,,,,,,
SITE,lamp_wholewafer,,,,376,,,,,,,,,,41-21,,,,,,6,-14,,,,,,,,,,,,,,,,,,,
SITE,lamp_wholewafer,,,,377,,,,,,,,,,41-23,,,,,,6,-12,,,,,,,,,,,,,,,,,,,
SITE,lamp_wholewafer,,,,378,,,,,,,,,,42-20,,,,,,6,-10,,,,,,,,,,,,,,,,,,,
SITE,lamp_wholewafer,,,,379,,,,,,,,,,42-22,,,,,,6,-8,,,,,,,,,,,,,,,,,,,
SITE,lamp_wholewafer,,,,380,,,,,,,,,,42-24,,,,,,6,-6,,,,,,,,,,,,,,,,,,,
SITE,lamp_wholewafer,,,,381,,,,,,,,,,43-21,,,,,,6,-4,,,,,,,,,,,,,,,,,,,
SITE,lamp_wholewafer,,,,382,,,,,,,,,,43-23,,,,,,6,-2,,,,,,,,,,,,,,,,,,,
SITE,lamp_wholewafer,,,,383,,,,,,,,,,44-20,,,,,,6,0,,,,,,,,,,,,,,,,,,,
SITE,lamp_wholewafer,,,,384,,,,,,,,,,44-22,,,,,,6,2,,,,,,,,,,,,,,,,,,,
SITE,lamp_wholewafer,,,,385,,,,,,,,,,44-24,,,,,,6,4,,,,,,,,,,,,,,,,,,,
SITE,lamp_wholewafer,,,,386,,,,,,,,,,45-21,,,,,,6,6,,,,,,,,,,,,,,,,,,,
SITE,lamp_wholewafer,,,,387,,,,,,,,,,45-23,,,,,,6,8,,,,,,,,,,,,,,,,,,,
SITE,lamp_wholewafer,,,,388,,,,,,,,,,46-20,,,,,,6,10,,,,,,,,,,,,,,,,,,,
SITE,lamp_wholewafer,,,,389,,,,,,,,,,46-22,,,,,,6,12,,,,,,,,,,,,,,,,,,,
SITE,lamp_wholewafer,,,,390,,,,,,,,,,46-24,,,,,,6,14,,,,,,,,,,,,,,,,,,,
SITE,lamp_wholewafer,,,,391,,,,,,,,,,47-21,,,,,,6,16,,,,,,,,,,,,,,,,,,,
SITE,lamp_wholewafer,,,,392,,,,,,,,,,47-23,,,,,,6,18,,,,,,,,,,,,,,,,,,,
SITE,lamp_wholewafer,,,,393,,,,,,,,,,40-02,,,,,,8,-18,,,,,,,,,,,,,,,,,,,
SITE,lamp_wholewafer,,,,394,,,,,,,,,,40-04,,,,,,8,-16,,,,,,,,,,,,,,,,,,,
SITE,lamp_wholewafer,,,,395,,,,,,,,,,41-01,,,,,,8,-14,,,,,,,,,,,,,,,,,,,
SITE,lamp_wholewafer,,,,396,,,,,,,,,,41-03,,,,,,8,-12,,,,,,,,,,,,,,,,,,,
SITE,lamp_wholewafer,,,,397,,,,,,,,,,42-00,,,,,,8,-10,,,,,,,,,,,,,,,,,,,
SITE,lamp_wholewafer,,,,398,,,,,,,,,,42-02,,,,,,8,-8,,,,,,,,,,,,,,,,,,,
SITE,lamp_wholewafer,,,,399,,,,,,,,,,42-04,,,,,,8,-6,,,,,,,,,,,,,,,,,,,
SITE,lamp_wholewafer,,,,400,,,,,,,,,,43-01,,,,,,8,-4,,,,,,,,,,,,,,,,,,,
SITE,lamp_wholewafer,,,,401,,,,,,,,,,43-03,,,,,,8,-2,,,,,,,,,,,,,,,,,,,
SITE,lamp_wholewafer,,,,402,,,,,,,,,,44-00,,,,,,8,0,,,,,,,,,,,,,,,,,,,
SITE,lamp_wholewafer,,,,403,,,,,,,,,,44-02,,,,,,8,2,,,,,,,,,,,,,,,,,,,
SITE,lamp_wholewafer,,,,404,,,,,,,,,,44-04,,,,,,8,4,,,,,,,,,,,,,,,,,,,
SITE,lamp_wholewafer,,,,405,,,,,,,,,,45-01,,,,,,8,6,,,,,,,,,,,,,,,,,,,
SITE,lamp_wholewafer,,,,406,,,,,,,,,,45-03,,,,,,8,8,,,,,,,,,,,,,,,,,,,
SITE,lamp_wholewafer,,,,407,,,,,,,,,,46-00,,,,,,8,10,,,,,,,,,,,,,,,,,,,
SITE,lamp_wholewafer,,,,408,,,,,,,,,,46-02,,,,,,8,12,,,,,,,,,,,,,,,,,,,
SITE,lamp_wholewafer,,,,409,,,,,,,,,,46-04,,,,,,8,14,,,,,,,,,,,,,,,,,,,
SITE,lamp_wholewafer,,,,410,,,,,,,,,,47-01,,,,,,8,16,,,,,,,,,,,,,,,,,,,
SITE,lamp_wholewafer,,,,411,,,,,,,,,,30-62,,,,,,10,-18,,,,,,,,,,,,,,,,,,,
SITE,lamp_wholewafer,,,,412,,,,,,,,,,30-64,,,,,,10,-16,,,,,,,,,,,,,,,,,,,
SITE,lamp_wholewafer,,,,413,,,,,,,,,,31-61,,,,,,10,-14,,,,,,,,,,,,,,,,,,,
SITE,lamp_wholewafer,,,,414,,,,,,,,,,31-63,,,,,,10,-12,,,,,,,,,,,,,,,,,,,
SITE,lamp_wholewafer,,,,415,,,,,,,,,,32-60,,,,,,10,-10,,,,,,,,,,,,,,,,,,,
SITE,lamp_wholewafer,,,,416,,,,,,,,,,32-62,,,,,,10,-8,,,,,,,,,,,,,,,,,,,
SITE,lamp_wholewafer,,,,417,,,,,,,,,,32-64,,,,,,10,-6,,,,,,,,,,,,,,,,,,,
SITE,lamp_wholewafer,,,,418,,,,,,,,,,33-61,,,,,,10,-4,,,,,,,,,,,,,,,,,,,
SITE,lamp_wholewafer,,,,419,,,,,,,,,,33-63,,,,,,10,-2,,,,,,,,,,,,,,,,,,,
SITE,lamp_wholewafer,,,,420,,,,,,,,,,34-60,,,,,,10,0,,,,,,,,,,,,,,,,,,,
SITE,lamp_wholewafer,,,,421,,,,,,,,,,34-62,,,,,,10,2,,,,,,,,,,,,,,,,,,,
SITE,lamp_wholewafer,,,,422,,,,,,,,,,34-64,,,,,,10,4,,,,,,,,,,,,,,,,,,,
SITE,lamp_wholewafer,,,,423,,,,,,,,,,35-61,,,,,,10,6,,,,,,,,,,,,,,,,,,,
SITE,lamp_wholewafer,,,,424,,,,,,,,,,35-63,,,,,,10,8,,,,,,,,,,,,,,,,,,,
SITE,lamp_wholewafer,,,,425,,,,,,,,,,36-60,,,,,,10,10,,,,,,,,,,,,,,,,,,,
SITE,lamp_wholewafer,,,,426,,,,,,,,,,36-62,,,,,,10,12,,,,,,,,,,,,,,,,,,,
SITE,lamp_wholewafer,,,,427,,,,,,,,,,36-64,,,,,,10,14,,,,,,,,,,,,,,,,,,,
SITE,lamp_wholewafer,,,,428,,,,,,,,,,37-61,,,,,,10,16,,,,,,,,,,,,,,,,,,,
SITE,lamp_wholewafer,,,,429,,,,,,,,,,30-42,,,,,,12,-18,,,,,,,,,,,,,,,,,,,
SITE,lamp_wholewafer,,,,430,,,,,,,,,,30-44,,,,,,12,-16,,,,,,,,,,,,,,,,,,,
SITE,lamp_wholewafer,,,,431,,,,,,,,,,31-41,,,,,,12,-14,,,,,,,,,,,,,,,,,,,
SITE,lamp_wholewafer,,,,432,,,,,,,,,,31-43,,,,,,12,-12,,,,,,,,,,,,,,,,,,,
SITE,lamp_wholewafer,,,,433,,,,,,,,,,32-40,,,,,,12,-10,,,,,,,,,,,,,,,,,,,
SITE,lamp_wholewafer,,,,434,,,,,,,,,,32-42,,,,,,12,-8,,,,,,,,,,,,,,,,,,,
SITE,lamp_wholewafer,,,,435,,,,,,,,,,32-44,,,,,,12,-6,,,,,,,,,,,,,,,,,,,
SITE,lamp_wholewafer,,,,436,,,,,,,,,,33-41,,,,,,12,-4,,,,,,,,,,,,,,,,,,,
SITE,lamp_wholewafer,,,,437,,,,,,,,,,33-43,,,,,,12,-2,,,,,,,,,,,,,,,,,,,
SITE,lamp_wholewafer,,,,438,,,,,,,,,,34-40,,,,,,12,0,,,,,,,,,,,,,,,,,,,
SITE,lamp_wholewafer,,,,439,,,,,,,,,,34-42,,,,,,12,2,,,,,,,,,,,,,,,,,,,
SITE,lamp_wholewafer,,,,440,,,,,,,,,,34-44,,,,,,12,4,,,,,,,,,,,,,,,,,,,
SITE,lamp_wholewafer,,,,441,,,,,,,,,,35-41,,,,,,12,6,,,,,,,,,,,,,,,,,,,
SITE,lamp_wholewafer,,,,442,,,,,,,,,,35-43,,,,,,12,8,,,,,,,,,,,,,,,,,,,
SITE,lamp_wholewafer,,,,443,,,,,,,,,,36-40,,,,,,12,10,,,,,,,,,,,,,,,,,,,
SITE,lamp_wholewafer,,,,444,,,,,,,,,,36-42,,,,,,12,12,,,,,,,,,,,,,,,,,,,
SITE,lamp_wholewafer,,,,445,,,,,,,,,,36-44,,,,,,12,14,,,,,,,,,,,,,,,,,,,
SITE,lamp_wholewafer,,,,446,,,,,,,,,,37-41,,,,,,12,16,,,,,,,,,,,,,,,,,,,
SITE,lamp_wholewafer,,,,447,,,,,,,,,,30-22,,,,,,14,-18,,,,,,,,,,,,,,,,,,,
SITE,lamp_wholewafer,,,,448,,,,,,,,,,30-24,,,,,,14,-16,,,,,,,,,,,,,,,,,,,
SITE,lamp_wholewafer,,,,449,,,,,,,,,,31-21,,,,,,14,-14,,,,,,,,,,,,,,,,,,,
SITE,lamp_wholewafer,,,,450,,,,,,,,,,31-23,,,,,,14,-12,,,,,,,,,,,,,,,,,,,
SITE,lamp_wholewafer,,,,451,,,,,,,,,,32-20,,,,,,14,-10,,,,,,,,,,,,,,,,,,,
SITE,lamp_wholewafer,,,,452,,,,,,,,,,32-22,,,,,,14,-8,,,,,,,,,,,,,,,,,,,
SITE,lamp_wholewafer,,,,453,,,,,,,,,,32-24,,,,,,14,-6,,,,,,,,,,,,,,,,,,,
SITE,lamp_wholewafer,,,,454,,,,,,,,,,33-21,,,,,,14,-4,,,,,,,,,,,,,,,,,,,
SITE,lamp_wholewafer,,,,455,,,,,,,,,,33-23,,,,,,14,-2,,,,,,,,,,,,,,,,,,,
SITE,lamp_wholewafer,,,,456,,,,,,,,,,34-20,,,,,,14,0,,,,,,,,,,,,,,,,,,,
SITE,lamp_wholewafer,,,,457,,,,,,,,,,34-22,,,,,,14,2,,,,,,,,,,,,,,,,,,,
SITE,lamp_wholewafer,,,,458,,,,,,,,,,34-24,,,,,,14,4,,,,,,,,,,,,,,,,,,,
SITE,lamp_wholewafer,,,,459,,,,,,,,,,35-21,,,,,,14,6,,,,,,,,,,,,,,,,,,,
SITE,lamp_wholewafer,,,,460,,,,,,,,,,35-23,,,,,,14,8,,,,,,,,,,,,,,,,,,,
SITE,lamp_wholewafer,,,,461,,,,,,,,,,36-20,,,,,,14,10,,,,,,,,,,,,,,,,,,,
SITE,lamp_wholewafer,,,,462,,,,,,,,,,36-22,,,,,,14,12,,,,,,,,,,,,,,,,,,,
SITE,lamp_wholewafer,,,,463,,,,,,,,,,36-24,,,,,,14,14,,,,,,,,,,,,,,,,,,,
SITE,lamp_wholewafer,,,,464,,,,,,,,,,37-21,,,,,,14,16,,,,,,,,,,,,,,,,,,,
SITE,lamp_wholewafer,,,,465,,,,,,,,,,NA,,,,,,16,-18,,,,,,,,,,,,,,,,,,,
SITE,lamp_wholewafer,,,,466,,,,,,,,,,30-04,,,,,,16,-16,,,,,,,,,,,,,,,,,,,
SITE,lamp_wholewafer,,,,467,,,,,,,,,,31-01,,,,,,16,-14,,,,,,,,,,,,,,,,,,,
SITE,lamp_wholewafer,,,,468,,,,,,,,,,31-03,,,,,,16,-12,,,,,,,,,,,,,,,,,,,
SITE,lamp_wholewafer,,,,469,,,,,,,,,,32-00,,,,,,16,-10,,,,,,,,,,,,,,,,,,,
SITE,lamp_wholewafer,,,,470,,,,,,,,,,32-02,,,,,,16,-8,,,,,,,,,,,,,,,,,,,
SITE,lamp_wholewafer,,,,471,,,,,,,,,,32-04,,,,,,16,-6,,,,,,,,,,,,,,,,,,,
SITE,lamp_wholewafer,,,,472,,,,,,,,,,33-01,,,,,,16,-4,,,,,,,,,,,,,,,,,,,
SITE,lamp_wholewafer,,,,473,,,,,,,,,,33-03,,,,,,16,-2,,,,,,,,,,,,,,,,,,,
SITE,lamp_wholewafer,,,,474,,,,,,,,,,34-00,,,,,,16,0,,,,,,,,,,,,,,,,,,,
SITE,lamp_wholewafer,,,,475,,,,,,,,,,34-02,,,,,,16,2,,,,,,,,,,,,,,,,,,,
SITE,lamp_wholewafer,,,,476,,,,,,,,,,34-04,,,,,,16,4,,,,,,,,,,,,,,,,,,,
SITE,lamp_wholewafer,,,,477,,,,,,,,,,35-01,,,,,,16,6,,,,,,,,,,,,,,,,,,,
SITE,lamp_wholewafer,,,,478,,,,,,,,,,35-03,,,,,,16,8,,,,,,,,,,,,,,,,,,,
SITE,lamp_wholewafer,,,,479,,,,,,,,,,36-00,,,,,,16,10,,,,,,,,,,,,,,,,,,,
SITE,lamp_wholewafer,,,,480,,,,,,,,,,36-02,,,,,,16,12,,,,,,,,,,,,,,,,,,,
SITE,lamp_wholewafer,,,,481,,,,,,,,,,36-04,,,,,,16,14,,,,,,,,,,,,,,,,,,,
SITE,lamp_wholewafer,,,,482,,,,,,,,,,37-01,,,,,,16,16,,,,,,,,,,,,,,,,,,,
SITE,lamp_wholewafer,,,,483,,,,,,,,,,NA,,,,,,18,-18,,,,,,,,,,,,,,,,,,,
SITE,lamp_wholewafer,,,,484,,,,,,,,,,20-64,,,,,,18,-16,,,,,,,,,,,,,,,,,,,
SITE,lamp_wholewafer,,,,485,,,,,,,,,,21-61,,,,,,18,-14,,,,,,,,,,,,,,,,,,,
SITE,lamp_wholewafer,,,,486,,,,,,,,,,21-63,,,,,,18,-12,,,,,,,,,,,,,,,,,,,
SITE,lamp_wholewafer,,,,487,,,,,,,,,,22-60,,,,,,18,-10,,,,,,,,,,,,,,,,,,,
SITE,lamp_wholewafer,,,,488,,,,,,,,,,22-62,,,,,,18,-8,,,,,,,,,,,,,,,,,,,
SITE,lamp_wholewafer,,,,489,,,,,,,,,,22-64,,,,,,18,-6,,,,,,,,,,,,,,,,,,,
SITE,lamp_wholewafer,,,,490,,,,,,,,,,23-61,,,,,,18,-4,,,,,,,,,,,,,,,,,,,
SITE,lamp_wholewafer,,,,491,,,,,,,,,,23-63,,,,,,18,-2,,,,,,,,,,,,,,,,,,,
SITE,lamp_wholewafer,,,,492,,,,,,,,,,24-60,,,,,,18,0,,,,,,,,,,,,,,,,,,,
SITE,lamp_wholewafer,,,,493,,,,,,,,,,24-62,,,,,,18,2,,,,,,,,,,,,,,,,,,,
SITE,lamp_wholewafer,,,,494,,,,,,,,,,24-64,,,,,,18,4,,,,,,,,,,,,,,,,,,,
SITE,lamp_wholewafer,,,,495,,,,,,,,,,25-61,,,,,,18,6,,,,,,,,,,,,,,,,,,,
SITE,lamp_wholewafer,,,,496,,,,,,,,,,25-63,,,,,,18,8,,,,,,,,,,,,,,,,,,,
SITE,lamp_wholewafer,,,,497,,,,,,,,,,26-60,,,,,,18,10,,,,,,,,,,,,,,,,,,,
SITE,lamp_wholewafer,,,,498,,,,,,,,,,26-62,,,,,,18,12,,,,,,,,,,,,,,,,,,,
SITE,lamp_wholewafer,,,,499,,,,,,,,,,26-64,,,,,,18,14,,,,,,,,,,,,,,,,,,,
SITE,lamp_wholewafer,,,,500,,,,,,,,,,27-61,,,,,,18,16,,,,,,,,,,,,,,,,,,,
SITE,lamp_wholewafer,,,,501,,,,,,,,,,20-44,,,,,,20,-16,,,,,,,,,,,,,,,,,,,
SITE,lamp_wholewafer,,,,502,,,,,,,,,,21-41,,,,,,20,-14,,,,,,,,,,,,,,,,,,,
SITE,lamp_wholewafer,,,,503,,,,,,,,,,21-43,,,,,,20,-12,,,,,,,,,,,,,,,,,,,
SITE,lamp_wholewafer,,,,504,,,,,,,,,,22-40,,,,,,20,-10,,,,,,,,,,,,,,,,,,,
SITE,lamp_wholewafer,,,,505,,,,,,,,,,22-42,,,,,,20,-8,,,,,,,,,,,,,,,,,,,
SITE,lamp_wholewafer,,,,506,,,,,,,,,,22-44,,,,,,20,-6,,,,,,,,,,,,,,,,,,,
SITE,lamp_wholewafer,,,,507,,,,,,,,,,23-41,,,,,,20,-4,,,,,,,,,,,,,,,,,,,
SITE,lamp_wholewafer,,,,508,,,,,,,,,,23-43,,,,,,20,-2,,,,,,,,,,,,,,,,,,,
SITE,lamp_wholewafer,,,,509,,,,,,,,,,24-40,,,,,,20,0,,,,,,,,,,,,,,,,,,,
SITE,lamp_wholewafer,,,,510,,,,,,,,,,24-42,,,,,,20,2,,,,,,,,,,,,,,,,,,,
SITE,lamp_wholewafer,,,,511,,,,,,,,,,24-44,,,,,,20,4,,,,,,,,,,,,,,,,,,,
SITE,lamp_wholewafer,,,,512,,,,,,,,,,25-41,,,,,,20,6,,,,,,,,,,,,,,,,,,,
SITE,lamp_wholewafer,,,,513,,,,,,,,,,25-43,,,,,,20,8,,,,,,,,,,,,,,,,,,,
SITE,lamp_wholewafer,,,,514,,,,,,,,,,26-40,,,,,,20,10,,,,,,,,,,,,,,,,,,,
SITE,lamp_wholewafer,,,,515,,,,,,,,,,26-42,,,,,,20,12,,,,,,,,,,,,,,,,,,,
SITE,lamp_wholewafer,,,,516,,,,,,,,,,26-44,,,,,,20,14,,,,,,,,,,,,,,,,,,,
SITE,lamp_wholewafer,,,,517,,,,,,,,,,20-24,,,,,,22,-16,,,,,,,,,,,,,,,,,,,
SITE,lamp_wholewafer,,,,518,,,,,,,,,,21-21,,,,,,22,-14,,,,,,,,,,,,,,,,,,,
SITE,lamp_wholewafer,,,,519,,,,,,,,,,21-23,,,,,,22,-12,,,,,,,,,,,,,,,,,,,
SITE,lamp_wholewafer,,,,520,,,,,,,,,,22-20,,,,,,22,-10,,,,,,,,,,,,,,,,,,,
SITE,lamp_wholewafer,,,,521,,,,,,,,,,22-22,,,,,,22,-8,,,,,,,,,,,,,,,,,,,
SITE,lamp_wholewafer,,,,522,,,,,,,,,,22-24,,,,,,22,-6,,,,,,,,,,,,,,,,,,,
SITE,lamp_wholewafer,,,,523,,,,,,,,,,23-21,,,,,,22,-4,,,,,,,,,,,,,,,,,,,
SITE,lamp_wholewafer,,,,524,,,,,,,,,,23-23,,,,,,22,-2,,,,,,,,,,,,,,,,,,,
SITE,lamp_wholewafer,,,,525,,,,,,,,,,24-20,,,,,,22,0,,,,,,,,,,,,,,,,,,,
SITE,lamp_wholewafer,,,,526,,,,,,,,,,24-22,,,,,,22,2,,,,,,,,,,,,,,,,,,,
SITE,lamp_wholewafer,,,,527,,,,,,,,,,24-24,,,,,,22,4,,,,,,,,,,,,,,,,,,,
SITE,lamp_wholewafer,,,,528,,,,,,,,,,25-21,,,,,,22,6,,,,,,,,,,,,,,,,,,,
SITE,lamp_wholewafer,,,,529,,,,,,,,,,25-23,,,,,,22,8,,,,,,,,,,,,,,,,,,,
SITE,lamp_wholewafer,,,,530,,,,,,,,,,26-20,,,,,,22,10,,,,,,,,,,,,,,,,,,,
SITE,lamp_wholewafer,,,,531,,,,,,,,,,26-22,,,,,,22,12,,,,,,,,,,,,,,,,,,,
SITE,lamp_wholewafer,,,,532,,,,,,,,,,26-24,,,,,,22,14,,,,,,,,,,,,,,,,,,,
SITE,lamp_wholewafer,,,,533,,,,,,,,,,NA,,,,,,24,-16,,,,,,,,,,,,,,,,,,,
SITE,lamp_wholewafer,,,,534,,,,,,,,,,21-01,,,,,,24,-14,,,,,,,,,,,,,,,,,,,
SITE,lamp_wholewafer,,,,535,,,,,,,,,,21-03,,,,,,24,-12,,,,,,,,,,,,,,,,,,,
SITE,lamp_wholewafer,,,,536,,,,,,,,,,22-00,,,,,,24,-10,,,,,,,,,,,,,,,,,,,
SITE,lamp_wholewafer,,,,537,,,,,,,,,,22-02,,,,,,24,-8,,,,,,,,,,,,,,,,,,,
SITE,lamp_wholewafer,,,,538,,,,,,,,,,22-04,,,,,,24,-6,,,,,,,,,,,,,,,,,,,
SITE,lamp_wholewafer,,,,539,,,,,,,,,,23-01,,,,,,24,-4,,,,,,,,,,,,,,,,,,,
SITE,lamp_wholewafer,,,,540,,,,,,,,,,23-03,,,,,,24,-2,,,,,,,,,,,,,,,,,,,
SITE,lamp_wholewafer,,,,541,,,,,,,,,,24-00,,,,,,24,0,,,,,,,,,,,,,,,,,,,
SITE,lamp_wholewafer,,,,542,,,,,,,,,,24-02,,,,,,24,2,,,,,,,,,,,,,,,,,,,
SITE,lamp_wholewafer,,,,543,,,,,,,,,,24-04,,,,,,24,4,,,,,,,,,,,,,,,,,,,
SITE,lamp_wholewafer,,,,544,,,,,,,,,,25-01,,,,,,24,6,,,,,,,,,,,,,,,,,,,
SITE,lamp_wholewafer,,,,545,,,,,,,,,,25-03,,,,,,24,8,,,,,,,,,,,,,,,,,,,
SITE,lamp_wholewafer,,,,546,,,,,,,,,,26-00,,,,,,24,10,,,,,,,,,,,,,,,,,,,
SITE,lamp_wholewafer,,,,547,,,,,,,,,,26-02,,,,,,24,12,,,,,,,,,,,,,,,,,,,
SITE,lamp_wholewafer,,,,548,,,,,,,,,,26-04,,,,,,24,14,,,,,,,,,,,,,,,,,,,
SITE,lamp_wholewafer,,,,549,,,,,,,,,,11-61,,,,,,26,-14,,,,,,,,,,,,,,,,,,,
SITE,lamp_wholewafer,,,,550,,,,,,,,,,11-63,,,,,,26,-12,,,,,,,,,,,,,,,,,,,
SITE,lamp_wholewafer,,,,551,,,,,,,,,,12-60,,,,,,26,-10,,,,,,,,,,,,,,,,,,,
SITE,lamp_wholewafer,,,,552,,,,,,,,,,12-62,,,,,,26,-8,,,,,,,,,,,,,,,,,,,
SITE,lamp_wholewafer,,,,553,,,,,,,,,,12-64,,,,,,26,-6,,,,,,,,,,,,,,,,,,,
SITE,lamp_wholewafer,,,,554,,,,,,,,,,13-61,,,,,,26,-4,,,,,,,,,,,,,,,,,,,
SITE,lamp_wholewafer,,,,555,,,,,,,,,,13-63,,,,,,26,-2,,,,,,,,,,,,,,,,,,,
SITE,lamp_wholewafer,,,,556,,,,,,,,,,14-60,,,,,,26,0,,,,,,,,,,,,,,,,,,,
SITE,lamp_wholewafer,,,,557,,,,,,,,,,14-62,,,,,,26,2,,,,,,,,,,,,,,,,,,,
SITE,lamp_wholewafer,,,,558,,,,,,,,,,14-64,,,,,,26,4,,,,,,,,,,,,,,,,,,,
SITE,lamp_wholewafer,,,,559,,,,,,,,,,15-61,,,,,,26,6,,,,,,,,,,,,,,,,,,,
SITE,lamp_wholewafer,,,,560,,,,,,,,,,15-63,,,,,,26,8,,,,,,,,,,,,,,,,,,,
SITE,lamp_wholewafer,,,,561,,,,,,,,,,16-60,,,,,,26,10,,,,,,,,,,,,,,,,,,,
SITE,lamp_wholewafer,,,,562,,,,,,,,,,16-62,,,,,,26,12,,,,,,,,,,,,,,,,,,,
SITE,lamp_wholewafer,,,,563,,,,,,,,,,11-41,,,,,,28,-14,,,,,,,,,,,,,,,,,,,
SITE,lamp_wholewafer,,,,564,,,,,,,,,,11-43,,,,,,28,-12,,,,,,,,,,,,,,,,,,,
SITE,lamp_wholewafer,,,,565,,,,,,,,,,12-40,,,,,,28,-10,,,,,,,,,,,,,,,,,,,
SITE,lamp_wholewafer,,,,566,,,,,,,,,,12-42,,,,,,28,-8,,,,,,,,,,,,,,,,,,,
SITE,lamp_wholewafer,,,,567,,,,,,,,,,12-44,,,,,,28,-6,,,,,,,,,,,,,,,,,,,
SITE,lamp_wholewafer,,,,568,,,,,,,,,,13-41,,,,,,28,-4,,,,,,,,,,,,,,,,,,,
SITE,lamp_wholewafer,,,,569,,,,,,,,,,13-43,,,,,,28,-2,,,,,,,,,,,,,,,,,,,
SITE,lamp_wholewafer,,,,570,,,,,,,,,,14-40,,,,,,28,0,,,,,,,,,,,,,,,,,,,
SITE,lamp_wholewafer,,,,571,,,,,,,,,,14-42,,,,,,28,2,,,,,,,,,,,,,,,,,,,
SITE,lamp_wholewafer,,,,572,,,,,,,,,,14-44,,,,,,28,4,,,,,,,,,,,,,,,,,,,
SITE,lamp_wholewafer,,,,573,,,,,,,,,,15-41,,,,,,28,6,,,,,,,,,,,,,,,,,,,
SITE,lamp_wholewafer,,,,574,,,,,,,,,,15-43,,,,,,28,8,,,,,,,,,,,,,,,,,,,
SITE,lamp_wholewafer,,,,575,,,,,,,,,,16-40,,,,,,28,10,,,,,,,,,,,,,,,,,,,
SITE,lamp_wholewafer,,,,576,,,,,,,,,,16-42,,,,,,28,12,,,,,,,,,,,,,,,,,,,
SITE,lamp_wholewafer,,,,577,,,,,,,,,,11-23,,,,,,30,-12,,,,,,,,,,,,,,,,,,,
SITE,lamp_wholewafer,,,,578,,,,,,,,,,12-20,,,,,,30,-10,,,,,,,,,,,,,,,,,,,
SITE,lamp_wholewafer,,,,579,,,,,,,,,,12-22,,,,,,30,-8,,,,,,,,,,,,,,,,,,,
SITE,lamp_wholewafer,,,,580,,,,,,,,,,12-24,,,,,,30,-6,,,,,,,,,,,,,,,,,,,
SITE,lamp_wholewafer,,,,581,,,,,,,,,,13-21,,,,,,30,-4,,,,,,,,,,,,,,,,,,,
SITE,lamp_wholewafer,,,,582,,,,,,,,,,13-23,,,,,,30,-2,,,,,,,,,,,,,,,,,,,
SITE,lamp_wholewafer,,,,583,,,,,,,,,,14-20,,,,,,30,0,,,,,,,,,,,,,,,,,,,
SITE,lamp_wholewafer,,,,584,,,,,,,,,,14-22,,,,,,30,2,,,,,,,,,,,,,,,,,,,
SITE,lamp_wholewafer,,,,585,,,,,,,,,,14-24,,,,,,30,4,,,,,,,,,,,,,,,,,,,
SITE,lamp_wholewafer,,,,586,,,,,,,,,,15-21,,,,,,30,6,,,,,,,,,,,,,,,,,,,
SITE,lamp_wholewafer,,,,587,,,,,,,,,,15-23,,,,,,30,8,,,,,,,,,,,,,,,,,,,
SITE,lamp_wholewafer,,,,588,,,,,,,,,,16-20,,,,,,30,10,,,,,,,,,,,,,,,,,,,
SITE,lamp_wholewafer,,,,589,,,,,,,,,,16-22,,,,,,30,12,,,,,,,,,,,,,,,,,,,
SITE,lamp_wholewafer,,,,590,,,,,,,,,,11-03,,,,,,32,-12,,,,,,,,,,,,,,,,,,,
SITE,lamp_wholewafer,,,,591,,,,,,,,,,12-00,,,,,,32,-10,,,,,,,,,,,,,,,,,,,
SITE,lamp_wholewafer,,,,592,,,,,,,,,,12-02,,,,,,32,-8,,,,,,,,,,,,,,,,,,,
SITE,lamp_wholewafer,,,,593,,,,,,,,,,12-04,,,,,,32,-6,,,,,,,,,,,,,,,,,,,
SITE,lamp_wholewafer,,,,594,,,,,,,,,,13-01,,,,,,32,-4,,,,,,,,,,,,,,,,,,,
SITE,lamp_wholewafer,,,,595,,,,,,,,,,13-03,,,,,,32,-2,,,,,,,,,,,,,,,,,,,
SITE,lamp_wholewafer,,,,596,,,,,,,,,,14-00,,,,,,32,0,,,,,,,,,,,,,,,,,,,
SITE,lamp_wholewafer,,,,597,,,,,,,,,,14-02,,,,,,32,2,,,,,,,,,,,,,,,,,,,
SITE,lamp_wholewafer,,,,598,,,,,,,,,,14-04,,,,,,32,4,,,,,,,,,,,,,,,,,,,
SITE,lamp_wholewafer,,,,599,,,,,,,,,,15-01,,,,,,32,6,,,,,,,,,,,,,,,,,,,
SITE,lamp_wholewafer,,,,600,,,,,,,,,,15-03,,,,,,32,8,,,,,,,,,,,,,,,,,,,
SITE,lamp_wholewafer,,,,601,,,,,,,,,,16-00,,,,,,32,10,,,,,,,,,,,,,,,,,,,
SITE,lamp_wholewafer,,,,602,,,,,,,,,,02-60,,,,,,34,-10,,,,,,,,,,,,,,,,,,,
SITE,lamp_wholewafer,,,,603,,,,,,,,,,02-62,,,,,,34,-8,,,,,,,,,,,,,,,,,,,
SITE,lamp_wholewafer,,,,604,,,,,,,,,,02-64,,,,,,34,-6,,,,,,,,,,,,,,,,,,,
SITE,lamp_wholewafer,,,,605,,,,,,,,,,03-61,,,,,,34,-4,,,,,,,,,,,,,,,,,,,
SITE,lamp_wholewafer,,,,606,,,,,,,,,,03-63,,,,,,34,-2,,,,,,,,,,,,,,,,,,,
SITE,lamp_wholewafer,,,,607,,,,,,,,,,04-60,,,,,,34,0,,,,,,,,,,,,,,,,,,,
SITE,lamp_wholewafer,,,,608,,,,,,,,,,04-62,,,,,,34,2,,,,,,,,,,,,,,,,,,,
SITE,lamp_wholewafer,,,,609,,,,,,,,,,04-64,,,,,,34,4,,,,,,,,,,,,,,,,,,,
SITE,lamp_wholewafer,,,,610,,,,,,,,,,05-61,,,,,,34,6,,,,,,,,,,,,,,,,,,,
SITE,lamp_wholewafer,,,,611,,,,,,,,,,05-63,,,,,,34,8,,,,,,,,,,,,,,,,,,,
SITE,lamp_wholewafer,,,,612,,,,,,,,,,NA,,,,,,36,-10,,,,,,,,,,,,,,,,,,,
SITE,lamp_wholewafer,,,,613,,,,,,,,,,02-42,,,,,,36,-8,,,,,,,,,,,,,,,,,,,
SITE,lamp_wholewafer,,,,614,,,,,,,,,,02-44,,,,,,36,-6,,,,,,,,,,,,,,,,,,,
SITE,lamp_wholewafer,,,,615,,,,,,,,,,03-41,,,,,,36,-4,,,,,,,,,,,,,,,,,,,
SITE,lamp_wholewafer,,,,616,,,,,,,,,,03-43,,,,,,36,-2,,,,,,,,,,,,,,,,,,,
SITE,lamp_wholewafer,,,,617,,,,,,,,,,04-40,,,,,,36,0,,,,,,,,,,,,,,,,,,,
SITE,lamp_wholewafer,,,,618,,,,,,,,,,04-42,,,,,,36,2,,,,,,,,,,,,,,,,,,,
SITE,lamp_wholewafer,,,,619,,,,,,,,,,04-44,,,,,,36,4,,,,,,,,,,,,,,,,,,,
SITE,lamp_wholewafer,,,,620,,,,,,,,,,05-41,,,,,,36,6,,,,,,,,,,,,,,,,,,,
SITE,lamp_wholewafer,,,,621,,,,,,,,,,05-43,,,,,,36,8,,,,,,,,,,,,,,,,,,,
SITE,lamp_wholewafer,,,,622,,,,,,,,,,NA,,,,,,38,-8,,,,,,,,,,,,,,,,,,,
SITE,lamp_wholewafer,,,,623,,,,,,,,,,02-24,,,,,,38,-6,,,,,,,,,,,,,,,,,,,
SITE,lamp_wholewafer,,,,624,,,,,,,,,,03-21,,,,,,38,-4,,,,,,,,,,,,,,,,,,,
SITE,lamp_wholewafer,,,,625,,,,,,,,,,03-23,,,,,,38,-2,,,,,,,,,,,,,,,,,,,
SITE,lamp_wholewafer,,,,626,,,,,,,,,,04-20,,,,,,38,0,,,,,,,,,,,,,,,,,,,
SITE,lamp_wholewafer,,,,627,,,,,,,,,,04-22,,,,,,38,2,,,,,,,,,,,,,,,,,,,
SITE,lamp_wholewafer,,,,628,,,,,,,,,,04-24,,,,,,38,4,,,,,,,,,,,,,,,,,,,
SITE,lamp_wholewafer,,,,629,,,,,,,,,,05-21,,,,,,38,6,,,,,,,,,,,,,,,,,,,
SITE,lamp_wholewafer,,,,630,,,,,,,,,,03-01,,,,,,40,-4,,,,,,,,,,,,,,,,,,,
SITE,lamp_wholewafer,,,,631,,,,,,,,,,03-03,,,,,,40,-2,,,,,,,,,,,,,,,,,,,
SITE,lamp_wholewafer,,,,632,,,,,,,,,,04-00,,,,,,40,0,,,,,,,,,,,,,,,,,,,
SITE,lamp_wholewafer,,,,633,,,,,,,,,,04-02,,,,,,40,2,,,,,,,,,,,,,,,,,,,
RECIPE,lamp_dmm,,,,,probe08,,,,,,lampwhole,,,,,,,,,,,,,,,,,,,,,,,,,,,,,
STEP,lamp_dmm,,,,1,,,,,,,,,,touch,delay,,,,,,,200,,,,,,,,,,,,,,,,switch,,
STEP,lamp_dmm,,,,2,,,,,,,,,,measure1,resistance,measure,DMM,,,17:8,18:7,,,,,"4F05,4E06",,,1,0,1,,,0,,,1,switch,,
STEP,lamp_dmm,,,,3,,,,,,,,,,check1,passfail,,,,measure1,,,,,,,,1e6,,,,,,,,,,1,switch,,
STEP,lamp_dmm,,,,4,,,,,,,,,,open1,open,,,,measure1,,,,,,,"4F05,4E06",,,,,,,,,,,,switch,,
STEP,lamp_dmm,,,,5,,,,,,,,,,delay1,delay,,,,,,,50,,,,,,,,,,,,,,,,switch,,
STEP,lamp_dmm,,,,6,,,,,,,,,,measure2,resistance,measure,DMM,,,19:6,20:5,,,,,"4F07,4E08",,,1,0,1,,,0,,,2,switch,,
STEP,lamp_dmm,,,,7,,,,,,,,,,check2,passfail,,,,measure2,,,,,,,,1e6,,,,,,,,,,2,switch,,
STEP,lamp_dmm,,,,8,,,,,,,,,,open2,open,,,,measure2,,,,,,,"4F07,4E08",,,,,,,,,,,,switch,,
STEP,lamp_dmm,,,,9,,,,,,,,,,delay2,delay,,,,,,,50,,,,,,,,,,,,,,,,switch,,
STEP,lamp_dmm,,,,10,,,,,,,,,,measure3,resistance,measure,DMM,,,8:1,7:2,,,,,"2F08,2E07",,,1,0,1,,,0,,,3,switch,,
STEP,lamp_dmm,,,,11,,,,,,,,,,check3,passfail,,,,measure3,,,,,,,,1e6,,,,,,,,,,3,switch,,
STEP,lamp_dmm,,,,12,,,,,,,,,,open3,open,,,,measure3,,,,,,,"2F08,2E07",,,,,,,,,,,,switch,,
STEP,lamp_dmm,,,,13,,,,,,,,,,delay3,delay,,,,,,,50,,,,,,,,,,,,,,,,switch,,
STEP,lamp_dmm,,,,14,,,,,,,,,,measure4,resistance,measure,DMM,,,5:4,6:3,,,,,"2F06,2E05",,,1,0,1,,,0,,,4,switch,,
STEP,lamp_dmm,,,,15,,,,,,,,,,check4,passfail,,,,measure4,,,,,,,,1e6,,,,,,,,,,4,switch,,
STEP,lamp_dmm,,,,16,,,,,,,,,,open4,open,,,,measure4,,,,,,,"2F06,2E05",,,,,,,,,,,,switch,,
STEP,lamp_dmm,,,,17,,,,,,,,,,delay4,delay,,,,,,,50,,,,,,,,,,,,,,,,switch,,
SITE,lamp_dmm,,,,1,,,,,,,,,,NA,,,,,,-40,-6,,,,,,,,,,,,,,,,,,,
SITE,lamp_dmm,,,,2,,,,,,,,,,A3-01,,,,,,-40,-4,,,,,,,,,,,,,,,,,,,
SITE,lamp_dmm,,,,3,,,,,,,,,,A3-03,,,,,,-40,-2,,,,,,,,,,,,,,,,,,,
SITE,lamp_dmm,,,,4,,,,,,,,,,A4-00,,,,,,-40,0,,,,,,,,,,,,,,,,,,,
SITE,lamp_dmm,,,,5,,,,,,,,,,A4-02,,,,,,-40,2,,,,,,,,,,,,,,,,,,,
SITE,lamp_dmm,,,,6,,,,,,,,,,NA,,,,,,-40,4,,,,,,,,,,,,,,,,,,,
SITE,lamp_dmm,,,,7,,,,,,,,,,NA,,,,,,-38,-8,,,,,,,,,,,,,,,,,,,
SITE,lamp_dmm,,,,8,,,,,,,,,,92-64,,,,,,-38,-6,,,,,,,,,,,,,,,,,,,
SITE,lamp_dmm,,,,9,,,,,,,,,,93-61,,,,,,-38,-4,,,,,,,,,,,,,,,,,,,
SITE,lamp_dmm,,,,10,,,,,,,,,,93-63,,,,,,-38,-2,,,,,,,,,,,,,,,,,,,
SITE,lamp_dmm,,,,11,,,,,,,,,,94-60,,,,,,-38,0,,,,,,,,,,,,,,,,,,,
SITE,lamp_dmm,,,,12,,,,,,,,,,94-62,,,,,,-38,2,,,,,,,,,,,,,,,,,,,
SITE,lamp_dmm,,,,13,,,,,,,,,,94-64,,,,,,-38,4,,,,,,,,,,,,,,,,,,,
SITE,lamp_dmm,,,,14,,,,,,,,,,95-61,,,,,,-38,6,,,,,,,,,,,,,,,,,,,
SITE,lamp_dmm,,,,15,,,,,,,,,,NA,,,,,,-36,-10,,,,,,,,,,,,,,,,,,,
SITE,lamp_dmm,,,,16,,,,,,,,,,92-42,,,,,,-36,-8,,,,,,,,,,,,,,,,,,,
SITE,lamp_dmm,,,,17,,,,,,,,,,92-44,,,,,,-36,-6,,,,,,,,,,,,,,,,,,,
SITE,lamp_dmm,,,,18,,,,,,,,,,93-41,,,,,,-36,-4,,,,,,,,,,,,,,,,,,,
SITE,lamp_dmm,,,,19,,,,,,,,,,93-43,,,,,,-36,-2,,,,,,,,,,,,,,,,,,,
SITE,lamp_dmm,,,,20,,,,,,,,,,94-40,,,,,,-36,0,,,,,,,,,,,,,,,,,,,
SITE,lamp_dmm,,,,21,,,,,,,,,,94-42,,,,,,-36,2,,,,,,,,,,,,,,,,,,,
SITE,lamp_dmm,,,,22,,,,,,,,,,94-44,,,,,,-36,4,,,,,,,,,,,,,,,,,,,
SITE,lamp_dmm,,,,23,,,,,,,,,,95-41,,,,,,-36,6,,,,,,,,,,,,,,,,,,,
SITE,lamp_dmm,,,,24,,,,,,,,,,95-43,,,,,,-36,8,,,,,,,,,,,,,,,,,,,
SITE,lamp_dmm,,,,25,,,,,,,,,,NA,,,,,,-34,-12,,,,,,,,,,,,,,,,,,,
SITE,lamp_dmm,,,,26,,,,,,,,,,92-20,,,,,,-34,-10,,,,,,,,,,,,,,,,,,,
SITE,lamp_dmm,,,,27,,,,,,,,,,92-22,,,,,,-34,-8,,,,,,,,,,,,,,,,,,,
SITE,lamp_dmm,,,,28,,,,,,,,,,92-24,,,,,,-34,-6,,,,,,,,,,,,,,,,,,,
SITE,lamp_dmm,,,,29,,,,,,,,,,93-21,,,,,,-34,-4,,,,,,,,,,,,,,,,,,,
SITE,lamp_dmm,,,,30,,,,,,,,,,93-23,,,,,,-34,-2,,,,,,,,,,,,,,,,,,,
SITE,lamp_dmm,,,,31,,,,,,,,,,94-20,,,,,,-34,0,,,,,,,,,,,,,,,,,,,
SITE,lamp_dmm,,,,32,,,,,,,,,,94-22,,,,,,-34,2,,,,,,,,,,,,,,,,,,,
SITE,lamp_dmm,,,,33,,,,,,,,,,94-24,,,,,,-34,4,,,,,,,,,,,,,,,,,,,
SITE,lamp_dmm,,,,34,,,,,,,,,,95-21,,,,,,-34,6,,,,,,,,,,,,,,,,,,,
SITE,lamp_dmm,,,,35,,,,,,,,,,95-23,,,,,,-34,8,,,,,,,,,,,,,,,,,,,
SITE,lamp_dmm,,,,36,,,,,,,,,,NA,,,,,,-34,10,,,,,,,,,,,,,,,,,,,
SITE,lamp_dmm,,,,37,,,,,,,,,,91-03,,,,,,-32,-12,,,,,,,,,,,,,,,,,,,
SITE,lamp_dmm,,,,38,,,,,,,,,,92-00,,,,,,-32,-10,,,,,,,,,,,,,,,,,,,
SITE,lamp_dmm,,,,39,,,,,,,,,,92-02,,,,,,-32,-8,,,,,,,,,,,,,,,,,,,
SITE,lamp_dmm,,,,40,,,,,,,,,,92-04,,,,,,-32,-6,,,,,,,,,,,,,,,,,,,
SITE,lamp_dmm,,,,41,,,,,,,,,,93-01,,,,,,-32,-4,,,,,,,,,,,,,,,,,,,
SITE,lamp_dmm,,,,42,,,,,,,,,,93-03,,,,,,-32,-2,,,,,,,,,,,,,,,,,,,
SITE,lamp_dmm,,,,43,,,,,,,,,,94-00,,,,,,-32,0,,,,,,,,,,,,,,,,,,,
SITE,lamp_dmm,,,,44,,,,,,,,,,94-02,,,,,,-32,2,,,,,,,,,,,,,,,,,,,
SITE,lamp_dmm,,,,45,,,,,,,,,,94-04,,,,,,-32,4,,,,,,,,,,,,,,,,,,,
SITE,lamp_dmm,,,,46,,,,,,,,,,95-01,,,,,,-32,6,,,,,,,,,,,,,,,,,,,
SITE,lamp_dmm,,,,47,,,,,,,,,,95-03,,,,,,-32,8,,,,,,,,,,,,,,,,,,,
SITE,lamp_dmm,,,,48,,,,,,,,,,96-00,,,,,,-32,10,,,,,,,,,,,,,,,,,,,
SITE,lamp_dmm,,,,49,,,,,,,,,,NA,,,,,,-30,-14,,,,,,,,,,,,,,,,,,,
SITE,lamp_dmm,,,,50,,,,,,,,,,81-63,,,,,,-30,-12,,,,,,,,,,,,,,,,,,,
SITE,lamp_dmm,,,,51,,,,,,,,,,82-60,,,,,,-30,-10,,,,,,,,,,,,,,,,,,,
SITE,lamp_dmm,,,,52,,,,,,,,,,82-62,,,,,,-30,-8,,,,,,,,,,,,,,,,,,,
SITE,lamp_dmm,,,,53,,,,,,,,,,82-64,,,,,,-30,-6,,,,,,,,,,,,,,,,,,,
SITE,lamp_dmm,,,,54,,,,,,,,,,83-61,,,,,,-30,-4,,,,,,,,,,,,,,,,,,,
SITE,lamp_dmm,,,,55,,,,,,,,,,83-63,,,,,,-30,-2,,,,,,,,,,,,,,,,,,,
SITE,lamp_dmm,,,,56,,,,,,,,,,84-60,,,,,,-30,0,,,,,,,,,,,,,,,,,,,
SITE,lamp_dmm,,,,57,,,,,,,,,,84-62,,,,,,-30,2,,,,,,,,,,,,,,,,,,,
SITE,lamp_dmm,,,,58,,,,,,,,,,84-64,,,,,,-30,4,,,,,,,,,,,,,,,,,,,
SITE,lamp_dmm,,,,59,,,,,,,,,,85-61,,,,,,-30,6,,,,,,,,,,,,,,,,,,,
SITE,lamp_dmm,,,,60,,,,,,,,,,85-63,,,,,,-30,8,,,,,,,,,,,,,,,,,,,
SITE,lamp_dmm,,,,61,,,,,,,,,,86-60,,,,,,-30,10,,,,,,,,,,,,,,,,,,,
SITE,lamp_dmm,,,,62,,,,,,,,,,86-62,,,,,,-30,12,,,,,,,,,,,,,,,,,,,
SITE,lamp_dmm,,,,63,,,,,,,,,,81-41,,,,,,-28,-14,,,,,,,,,,,,,,,,,,,
SITE,lamp_dmm,,,,64,,,,,,,,,,81-43,,,,,,-28,-12,,,,,,,,,,,,,,,,,,,
SITE,lamp_dmm,,,,65,,,,,,,,,,82-40,,,,,,-28,-10,,,,,,,,,,,,,,,,,,,
SITE,lamp_dmm,,,,66,,,,,,,,,,82-42,,,,,,-28,-8,,,,,,,,,,,,,,,,,,,
SITE,lamp_dmm,,,,67,,,,,,,,,,82-44,,,,,,-28,-6,,,,,,,,,,,,,,,,,,,
SITE,lamp_dmm,,,,68,,,,,,,,,,83-41,,,,,,-28,-4,,,,,,,,,,,,,,,,,,,
SITE,lamp_dmm,,,,69,,,,,,,,,,83-43,,,,,,-28,-2,,,,,,,,,,,,,,,,,,,
SITE,lamp_dmm,,,,70,,,,,,,,,,84-40,,,,,,-28,0,,,,,,,,,,,,,,,,,,,
SITE,lamp_dmm,,,,71,,,,,,,,,,84-42,,,,,,-28,2,,,,,,,,,,,,,,,,,,,
SITE,lamp_dmm,,,,72,,,,,,,,,,84-44,,,,,,-28,4,,,,,,,,,,,,,,,,,,,
SITE,lamp_dmm,,,,73,,,,,,,,,,85-41,,,,,,-28,6,,,,,,,,,,,,,,,,,,,
SITE,lamp_dmm,,,,74,,,,,,,,,,85-43,,,,,,-28,8,,,,,,,,,,,,,,,,,,,
SITE,lamp_dmm,,,,75,,,,,,,,,,86-40,,,,,,-28,10,,,,,,,,,,,,,,,,,,,
SITE,lamp_dmm,,,,76,,,,,,,,,,86-42,,,,,,-28,12,,,,,,,,,,,,,,,,,,,
SITE,lamp_dmm,,,,77,,,,,,,,,,NA,,,,,,-26,-16,,,,,,,,,,,,,,,,,,,
SITE,lamp_dmm,,,,78,,,,,,,,,,81-21,,,,,,-26,-14,,,,,,,,,,,,,,,,,,,
SITE,lamp_dmm,,,,79,,,,,,,,,,81-23,,,,,,-26,-12,,,,,,,,,,,,,,,,,,,
SITE,lamp_dmm,,,,80,,,,,,,,,,82-20,,,,,,-26,-10,,,,,,,,,,,,,,,,,,,
SITE,lamp_dmm,,,,81,,,,,,,,,,82-22,,,,,,-26,-8,,,,,,,,,,,,,,,,,,,
SITE,lamp_dmm,,,,82,,,,,,,,,,82-24,,,,,,-26,-6,,,,,,,,,,,,,,,,,,,
SITE,lamp_dmm,,,,83,,,,,,,,,,83-21,,,,,,-26,-4,,,,,,,,,,,,,,,,,,,
SITE,lamp_dmm,,,,84,,,,,,,,,,83-23,,,,,,-26,-2,,,,,,,,,,,,,,,,,,,
SITE,lamp_dmm,,,,85,,,,,,,,,,84-20,,,,,,-26,0,,,,,,,,,,,,,,,,,,,
SITE,lamp_dmm,,,,86,,,,,,,,,,84-22,,,,,,-26,2,,,,,,,,,,,,,,,,,,,
SITE,lamp_dmm,,,,87,,,,,,,,,,84-24,,,,,,-26,4,,,,,,,,,,,,,,,,,,,
SITE,lamp_dmm,,,,88,,,,,,,,,,85-21,,,,,,-26,6,,,,,,,,,,,,,,,,,,,
SITE,lamp_dmm,,,,89,,,,,,,,,,85-23,,,,,,-26,8,,,,,,,,,,,,,,,,,,,
SITE,lamp_dmm,,,,90,,,,,,,,,,86-20,,,,,,-26,10,,,,,,,,,,,,,,,,,,,
SITE,lamp_dmm,,,,91,,,,,,,,,,86-22,,,,,,-26,12,,,,,,,,,,,,,,,,,,,
SITE,lamp_dmm,,,,92,,,,,,,,,,NA,,,,,,-26,14,,,,,,,,,,,,,,,,,,,
SITE,lamp_dmm,,,,93,,,,,,,,,,NA,,,,,,-24,-16,,,,,,,,,,,,,,,,,,,
SITE,lamp_dmm,,,,94,,,,,,,,,,81-01,,,,,,-24,-14,,,,,,,,,,,,,,,,,,,
SITE,lamp_dmm,,,,95,,,,,,,,,,81-03,,,,,,-24,-12,,,,,,,,,,,,,,,,,,,
SITE,lamp_dmm,,,,96,,,,,,,,,,82-00,,,,,,-24,-10,,,,,,,,,,,,,,,,,,,
SITE,lamp_dmm,,,,97,,,,,,,,,,82-02,,,,,,-24,-8,,,,,,,,,,,,,,,,,,,
SITE,lamp_dmm,,,,98,,,,,,,,,,82-04,,,,,,-24,-6,,,,,,,,,,,,,,,,,,,
SITE,lamp_dmm,,,,99,,,,,,,,,,83-01,,,,,,-24,-4,,,,,,,,,,,,,,,,,,,
SITE,lamp_dmm,,,,100,,,,,,,,,,83-03,,,,,,-24,-2,,,,,,,,,,,,,,,,,,,
SITE,lamp_dmm,,,,101,,,,,,,,,,84-00,,,,,,-24,0,,,,,,,,,,,,,,,,,,,
SITE,lamp_dmm,,,,102,,,,,,,,,,84-02,,,,,,-24,2,,,,,,,,,,,,,,,,,,,
SITE,lamp_dmm,,,,103,,,,,,,,,,84-04,,,,,,-24,4,,,,,,,,,,,,,,,,,,,
SITE,lamp_dmm,,,,104,,,,,,,,,,85-01,,,,,,-24,6,,,,,,,,,,,,,,,,,,,
SITE,lamp_dmm,,,,105,,,,,,,,,,85-03,,,,,,-24,8,,,,,,,,,,,,,,,,,,,
SITE,lamp_dmm,,,,106,,,,,,,,,,86-00,,,,,,-24,10,,,,,,,,,,,,,,,,,,,
SITE,lamp_dmm,,,,107,,,,,,,,,,86-02,,,,,,-24,12,,,,,,,,,,,,,,,,,,,
SITE,lamp_dmm,,,,108,,,,,,,,,,86-04,,,,,,-24,14,,,,,,,,,,,,,,,,,,,
SITE,lamp_dmm,,,,109,,,,,,,,,,70-64,,,,,,-22,-16,,,,,,,,,,,,,,,,,,,
SITE,lamp_dmm,,,,110,,,,,,,,,,71-61,,,,,,-22,-14,,,,,,,,,,,,,,,,,,,
SITE,lamp_dmm,,,,111,,,,,,,,,,71-63,,,,,,-22,-12,,,,,,,,,,,,,,,,,,,
SITE,lamp_dmm,,,,112,,,,,,,,,,72-60,,,,,,-22,-10,,,,,,,,,,,,,,,,,,,
SITE,lamp_dmm,,,,113,,,,,,,,,,72-62,,,,,,-22,-8,,,,,,,,,,,,,,,,,,,
SITE,lamp_dmm,,,,114,,,,,,,,,,72-64,,,,,,-22,-6,,,,,,,,,,,,,,,,,,,
SITE,lamp_dmm,,,,115,,,,,,,,,,73-61,,,,,,-22,-4,,,,,,,,,,,,,,,,,,,
SITE,lamp_dmm,,,,116,,,,,,,,,,73-63,,,,,,-22,-2,,,,,,,,,,,,,,,,,,,
SITE,lamp_dmm,,,,117,,,,,,,,,,74-60,,,,,,-22,0,,,,,,,,,,,,,,,,,,,
SITE,lamp_dmm,,,,118,,,,,,,,,,74-62,,,,,,-22,2,,,,,,,,,,,,,,,,,,,
SITE,lamp_dmm,,,,119,,,,,,,,,,74-64,,,,,,-22,4,,,,,,,,,,,,,,,,,,,
SITE,lamp_dmm,,,,120,,,,,,,,,,75-61,,,,,,-22,6,,,,,,,,,,,,,,,,,,,
SITE,lamp_dmm,,,,121,,,,,,,,,,75-63,,,,,,-22,8,,,,,,,,,,,,,,,,,,,
SITE,lamp_dmm,,,,122,,,,,,,,,,76-60,,,,,,-22,10,,,,,,,,,,,,,,,,,,,
SITE,lamp_dmm,,,,123,,,,,,,,,,76-62,,,,,,-22,12,,,,,,,,,,,,,,,,,,,
SITE,lamp_dmm,,,,124,,,,,,,,,,76-64,,,,,,-22,14,,,,,,,,,,,,,,,,,,,
SITE,lamp_dmm,,,,125,,,,,,,,,,NA,,,,,,-20,-18,,,,,,,,,,,,,,,,,,,
SITE,lamp_dmm,,,,126,,,,,,,,,,70-44,,,,,,-20,-16,,,,,,,,,,,,,,,,,,,
SITE,lamp_dmm,,,,127,,,,,,,,,,71-41,,,,,,-20,-14,,,,,,,,,,,,,,,,,,,
SITE,lamp_dmm,,,,128,,,,,,,,,,71-43,,,,,,-20,-12,,,,,,,,,,,,,,,,,,,
SITE,lamp_dmm,,,,129,,,,,,,,,,72-40,,,,,,-20,-10,,,,,,,,,,,,,,,,,,,
SITE,lamp_dmm,,,,130,,,,,,,,,,72-42,,,,,,-20,-8,,,,,,,,,,,,,,,,,,,
SITE,lamp_dmm,,,,131,,,,,,,,,,72-44,,,,,,-20,-6,,,,,,,,,,,,,,,,,,,
SITE,lamp_dmm,,,,132,,,,,,,,,,73-41,,,,,,-20,-4,,,,,,,,,,,,,,,,,,,
SITE,lamp_dmm,,,,133,,,,,,,,,,73-43,,,,,,-20,-2,,,,,,,,,,,,,,,,,,,
SITE,lamp_dmm,,,,134,,,,,,,,,,74-40,,,,,,-20,0,,,,,,,,,,,,,,,,,,,
SITE,lamp_dmm,,,,135,,,,,,,,,,74-42,,,,,,-20,2,,,,,,,,,,,,,,,,,,,
SITE,lamp_dmm,,,,136,,,,,,,,,,74-44,,,,,,-20,4,,,,,,,,,,,,,,,,,,,
SITE,lamp_dmm,,,,137,,,,,,,,,,75-41,,,,,,-20,6,,,,,,,,,,,,,,,,,,,
SITE,lamp_dmm,,,,138,,,,,,,,,,75-43,,,,,,-20,8,,,,,,,,,,,,,,,,,,,
SITE,lamp_dmm,,,,139,,,,,,,,,,76-40,,,,,,-20,10,,,,,,,,,,,,,,,,,,,
SITE,lamp_dmm,,,,140,,,,,,,,,,76-42,,,,,,-20,12,,,,,,,,,,,,,,,,,,,
SITE,lamp_dmm,,,,141,,,,,,,,,,76-44,,,,,,-20,14,,,,,,,,,,,,,,,,,,,
SITE,lamp_dmm,,,,142,,,,,,,,,,NA,,,,,,-20,16,,,,,,,,,,,,,,,,,,,
SITE,lamp_dmm,,,,143,,,,,,,,,,NA,,,,,,-18,-18,,,,,,,,,,,,,,,,,,,
SITE,lamp_dmm,,,,144,,,,,,,,,,70-24,,,,,,-18,-16,,,,,,,,,,,,,,,,,,,
SITE,lamp_dmm,,,,145,,,,,,,,,,71-21,,,,,,-18,-14,,,,,,,,,,,,,,,,,,,
SITE,lamp_dmm,,,,146,,,,,,,,,,71-23,,,,,,-18,-12,,,,,,,,,,,,,,,,,,,
SITE,lamp_dmm,,,,147,,,,,,,,,,72-20,,,,,,-18,-10,,,,,,,,,,,,,,,,,,,
SITE,lamp_dmm,,,,148,,,,,,,,,,72-22,,,,,,-18,-8,,,,,,,,,,,,,,,,,,,
SITE,lamp_dmm,,,,149,,,,,,,,,,72-24,,,,,,-18,-6,,,,,,,,,,,,,,,,,,,
SITE,lamp_dmm,,,,150,,,,,,,,,,73-21,,,,,,-18,-4,,,,,,,,,,,,,,,,,,,
SITE,lamp_dmm,,,,151,,,,,,,,,,73-23,,,,,,-18,-2,,,,,,,,,,,,,,,,,,,
SITE,lamp_dmm,,,,152,,,,,,,,,,74-20,,,,,,-18,0,,,,,,,,,,,,,,,,,,,
SITE,lamp_dmm,,,,153,,,,,,,,,,74-22,,,,,,-18,2,,,,,,,,,,,,,,,,,,,
SITE,lamp_dmm,,,,154,,,,,,,,,,74-24,,,,,,-18,4,,,,,,,,,,,,,,,,,,,
SITE,lamp_dmm,,,,155,,,,,,,,,,75-21,,,,,,-18,6,,,,,,,,,,,,,,,,,,,
SITE,lamp_dmm,,,,156,,,,,,,,,,75-23,,,,,,-18,8,,,,,,,,,,,,,,,,,,,
SITE,lamp_dmm,,,,157,,,,,,,,,,76-20,,,,,,-18,10,,,,,,,,,,,,,,,,,,,
SITE,lamp_dmm,,,,158,,,,,,,,,,76-22,,,,,,-18,12,,,,,,,,,,,,,,,,,,,
SITE,lamp_dmm,,,,159,,,,,,,,,,76-24,,,,,,-18,14,,,,,,,,,,,,,,,,,,,
SITE,lamp_dmm,,,,160,,,,,,,,,,77-21,,,,,,-18,16,,,,,,,,,,,,,,,,,,,
SITE,lamp_dmm,,,,161,,,,,,,,,,NA,,,,,,-16,-18,,,,,,,,,,,,,,,,,,,
SITE,lamp_dmm,,,,162,,,,,,,,,,70-04,,,,,,-16,-16,,,,,,,,,,,,,,,,,,,
SITE,lamp_dmm,,,,163,,,,,,,,,,71-01,,,,,,-16,-14,,,,,,,,,,,,,,,,,,,
SITE,lamp_dmm,,,,164,,,,,,,,,,71-03,,,,,,-16,-12,,,,,,,,,,,,,,,,,,,
SITE,lamp_dmm,,,,165,,,,,,,,,,72-00,,,,,,-16,-10,,,,,,,,,,,,,,,,,,,
SITE,lamp_dmm,,,,166,,,,,,,,,,72-02,,,,,,-16,-8,,,,,,,,,,,,,,,,,,,
SITE,lamp_dmm,,,,167,,,,,,,,,,72-04,,,,,,-16,-6,,,,,,,,,,,,,,,,,,,
SITE,lamp_dmm,,,,168,,,,,,,,,,73-01,,,,,,-16,-4,,,,,,,,,,,,,,,,,,,
SITE,lamp_dmm,,,,169,,,,,,,,,,73-03,,,,,,-16,-2,,,,,,,,,,,,,,,,,,,
SITE,lamp_dmm,,,,170,,,,,,,,,,74-00,,,,,,-16,0,,,,,,,,,,,,,,,,,,,
SITE,lamp_dmm,,,,171,,,,,,,,,,74-02,,,,,,-16,2,,,,,,,,,,,,,,,,,,,
SITE,lamp_dmm,,,,172,,,,,,,,,,74-04,,,,,,-16,4,,,,,,,,,,,,,,,,,,,
SITE,lamp_dmm,,,,173,,,,,,,,,,75-01,,,,,,-16,6,,,,,,,,,,,,,,,,,,,
SITE,lamp_dmm,,,,174,,,,,,,,,,75-03,,,,,,-16,8,,,,,,,,,,,,,,,,,,,
SITE,lamp_dmm,,,,175,,,,,,,,,,76-00,,,,,,-16,10,,,,,,,,,,,,,,,,,,,
SITE,lamp_dmm,,,,176,,,,,,,,,,76-02,,,,,,-16,12,,,,,,,,,,,,,,,,,,,
SITE,lamp_dmm,,,,177,,,,,,,,,,76-04,,,,,,-16,14,,,,,,,,,,,,,,,,,,,
SITE,lamp_dmm,,,,178,,,,,,,,,,77-01,,,,,,-16,16,,,,,,,,,,,,,,,,,,,
SITE,lamp_dmm,,,,179,,,,,,,,,,60-62,,,,,,-14,-18,,,,,,,,,,,,,,,,,,,
SITE,lamp_dmm,,,,180,,,,,,,,,,60-64,,,,,,-14,-16,,,,,,,,,,,,,,,,,,,
SITE,lamp_dmm,,,,181,,,,,,,,,,61-61,,,,,,-14,-14,,,,,,,,,,,,,,,,,,,
SITE,lamp_dmm,,,,182,,,,,,,,,,61-63,,,,,,-14,-12,,,,,,,,,,,,,,,,,,,
SITE,lamp_dmm,,,,183,,,,,,,,,,62-60,,,,,,-14,-10,,,,,,,,,,,,,,,,,,,
SITE,lamp_dmm,,,,184,,,,,,,,,,62-62,,,,,,-14,-8,,,,,,,,,,,,,,,,,,,
SITE,lamp_dmm,,,,185,,,,,,,,,,62-64,,,,,,-14,-6,,,,,,,,,,,,,,,,,,,
SITE,lamp_dmm,,,,186,,,,,,,,,,63-61,,,,,,-14,-4,,,,,,,,,,,,,,,,,,,
SITE,lamp_dmm,,,,187,,,,,,,,,,63-63,,,,,,-14,-2,,,,,,,,,,,,,,,,,,,
SITE,lamp_dmm,,,,188,,,,,,,,,,64-60,,,,,,-14,0,,,,,,,,,,,,,,,,,,,
SITE,lamp_dmm,,,,189,,,,,,,,,,64-62,,,,,,-14,2,,,,,,,,,,,,,,,,,,,
SITE,lamp_dmm,,,,190,,,,,,,,,,64-64,,,,,,-14,4,,,,,,,,,,,,,,,,,,,
SITE,lamp_dmm,,,,191,,,,,,,,,,65-61,,,,,,-14,6,,,,,,,,,,,,,,,,,,,
SITE,lamp_dmm,,,,192,,,,,,,,,,65-63,,,,,,-14,8,,,,,,,,,,,,,,,,,,,
SITE,lamp_dmm,,,,193,,,,,,,,,,66-60,,,,,,-14,10,,,,,,,,,,,,,,,,,,,
SITE,lamp_dmm,,,,194,,,,,,,,,,66-62,,,,,,-14,12,,,,,,,,,,,,,,,,,,,
SITE,lamp_dmm,,,,195,,,,,,,,,,66-64,,,,,,-14,14,,,,,,,,,,,,,,,,,,,
SITE,lamp_dmm,,,,196,,,,,,,,,,67-61,,,,,,-14,16,,,,,,,,,,,,,,,,,,,
SITE,lamp_dmm,,,,197,,,,,,,,,,60-42,,,,,,-12,-18,,,,,,,,,,,,,,,,,,,
SITE,lamp_dmm,,,,198,,,,,,,,,,60-44,,,,,,-12,-16,,,,,,,,,,,,,,,,,,,
SITE,lamp_dmm,,,,199,,,,,,,,,,61-41,,,,,,-12,-14,,,,,,,,,,,,,,,,,,,
SITE,lamp_dmm,,,,200,,,,,,,,,,61-43,,,,,,-12,-12,,,,,,,,,,,,,,,,,,,
SITE,lamp_dmm,,,,201,,,,,,,,,,62-40,,,,,,-12,-10,,,,,,,,,,,,,,,,,,,
SITE,lamp_dmm,,,,202,,,,,,,,,,62-42,,,,,,-12,-8,,,,,,,,,,,,,,,,,,,
SITE,lamp_dmm,,,,203,,,,,,,,,,62-44,,,,,,-12,-6,,,,,,,,,,,,,,,,,,,
SITE,lamp_dmm,,,,204,,,,,,,,,,63-41,,,,,,-12,-4,,,,,,,,,,,,,,,,,,,
SITE,lamp_dmm,,,,205,,,,,,,,,,63-43,,,,,,-12,-2,,,,,,,,,,,,,,,,,,,
SITE,lamp_dmm,,,,206,,,,,,,,,,64-40,,,,,,-12,0,,,,,,,,,,,,,,,,,,,
SITE,lamp_dmm,,,,207,,,,,,,,,,64-42,,,,,,-12,2,,,,,,,,,,,,,,,,,,,
SITE,lamp_dmm,,,,208,,,,,,,,,,64-44,,,,,,-12,4,,,,,,,,,,,,,,,,,,,
SITE,lamp_dmm,,,,209,,,,,,,,,,65-41,,,,,,-12,6,,,,,,,,,,,,,,,,,,,
SITE,lamp_dmm,,,,210,,,,,,,,,,65-43,,,,,,-12,8,,,,,,,,,,,,,,,,,,,
SITE,lamp_dmm,,,,211,,,,,,,,,,66-40,,,,,,-12,10,,,,,,,,,,,,,,,,,,,
SITE,lamp_dmm,,,,212,,,,,,,,,,66-42,,,,,,-12,12,,,,,,,,,,,,,,,,,,,
SITE,lamp_dmm,,,,213,,,,,,,,,,66-44,,,,,,-12,14,,,,,,,,,,,,,,,,,,,
SITE,lamp_dmm,,,,214,,,,,,,,,,67-41,,,,,,-12,16,,,,,,,,,,,,,,,,,,,
SITE,lamp_dmm,,,,215,,,,,,,,,,60-22,,,,,,-10,-18,,,,,,,,,,,,,,,,,,,
SITE,lamp_dmm,,,,216,,,,,,,,,,60-24,,,,,,-10,-16,,,,,,,,,,,,,,,,,,,
SITE,lamp_dmm,,,,217,,,,,,,,,,61-21,,,,,,-10,-14,,,,,,,,,,,,,,,,,,,
SITE,lamp_dmm,,,,218,,,,,,,,,,61-23,,,,,,-10,-12,,,,,,,,,,,,,,,,,,,
SITE,lamp_dmm,,,,219,,,,,,,,,,62-20,,,,,,-10,-10,,,,,,,,,,,,,,,,,,,
SITE,lamp_dmm,,,,220,,,,,,,,,,62-22,,,,,,-10,-8,,,,,,,,,,,,,,,,,,,
SITE,lamp_dmm,,,,221,,,,,,,,,,62-24,,,,,,-10,-6,,,,,,,,,,,,,,,,,,,
SITE,lamp_dmm,,,,222,,,,,,,,,,63-21,,,,,,-10,-4,,,,,,,,,,,,,,,,,,,
SITE,lamp_dmm,,,,223,,,,,,,,,,63-23,,,,,,-10,-2,,,,,,,,,,,,,,,,,,,
SITE,lamp_dmm,,,,224,,,,,,,,,,64-20,,,,,,-10,0,,,,,,,,,,,,,,,,,,,
SITE,lamp_dmm,,,,225,,,,,,,,,,64-22,,,,,,-10,2,,,,,,,,,,,,,,,,,,,
SITE,lamp_dmm,,,,226,,,,,,,,,,64-24,,,,,,-10,4,,,,,,,,,,,,,,,,,,,
SITE,lamp_dmm,,,,227,,,,,,,,,,65-21,,,,,,-10,6,,,,,,,,,,,,,,,,,,,
SITE,lamp_dmm,,,,228,,,,,,,,,,65-23,,,,,,-10,8,,,,,,,,,,,,,,,,,,,
SITE,lamp_dmm,,,,229,,,,,,,,,,66-20,,,,,,-10,10,,,,,,,,,,,,,,,,,,,
SITE,lamp_dmm,,,,230,,,,,,,,,,66-22,,,,,,-10,12,,,,,,,,,,,,,,,,,,,
SITE,lamp_dmm,,,,231,,,,,,,,,,66-24,,,,,,-10,14,,,,,,,,,,,,,,,,,,,
SITE,lamp_dmm,,,,232,,,,,,,,,,67-21,,,,,,-10,16,,,,,,,,,,,,,,,,,,,
SITE,lamp_dmm,,,,233,,,,,,,,,,NA,,,,,,-8,-20,,,,,,,,,,,,,,,,,,,
SITE,lamp_dmm,,,,234,,,,,,,,,,60-02,,,,,,-8,-18,,,,,,,,,,,,,,,,,,,
SITE,lamp_dmm,,,,235,,,,,,,,,,60-04,,,,,,-8,-16,,,,,,,,,,,,,,,,,,,
SITE,lamp_dmm,,,,236,,,,,,,,,,61-01,,,,,,-8,-14,,,,,,,,,,,,,,,,,,,
SITE,lamp_dmm,,,,237,,,,,,,,,,61-03,,,,,,-8,-12,,,,,,,,,,,,,,,,,,,
SITE,lamp_dmm,,,,238,,,,,,,,,,62-00,,,,,,-8,-10,,,,,,,,,,,,,,,,,,,
SITE,lamp_dmm,,,,239,,,,,,,,,,62-02,,,,,,-8,-8,,,,,,,,,,,,,,,,,,,
SITE,lamp_dmm,,,,240,,,,,,,,,,62-04,,,,,,-8,-6,,,,,,,,,,,,,,,,,,,
SITE,lamp_dmm,,,,241,,,,,,,,,,63-01,,,,,,-8,-4,,,,,,,,,,,,,,,,,,,
SITE,lamp_dmm,,,,242,,,,,,,,,,63-03,,,,,,-8,-2,,,,,,,,,,,,,,,,,,,
SITE,lamp_dmm,,,,243,,,,,,,,,,64-00,,,,,,-8,0,,,,,,,,,,,,,,,,,,,
SITE,lamp_dmm,,,,244,,,,,,,,,,64-02,,,,,,-8,2,,,,,,,,,,,,,,,,,,,
SITE,lamp_dmm,,,,245,,,,,,,,,,64-04,,,,,,-8,4,,,,,,,,,,,,,,,,,,,
SITE,lamp_dmm,,,,246,,,,,,,,,,65-01,,,,,,-8,6,,,,,,,,,,,,,,,,,,,
SITE,lamp_dmm,,,,247,,,,,,,,,,65-03,,,,,,-8,8,,,,,,,,,,,,,,,,,,,
SITE,lamp_dmm,,,,248,,,,,,,,,,66-00,,,,,,-8,10,,,,,,,,,,,,,,,,,,,
SITE,lamp_dmm,,,,249,,,,,,,,,,66-02,,,,,,-8,12,,,,,,,,,,,,,,,,,,,
SITE,lamp_dmm,,,,250,,,,,,,,,,66-04,,,,,,-8,14,,,,,,,,,,,,,,,,,,,
SITE,lamp_dmm,,,,251,,,,,,,,,,67-01,,,,,,-8,16,,,,,,,,,,,,,,,,,,,
SITE,lamp_dmm,,,,252,,,,,,,,,,NA,,,,,,-8,18,,,,,,,,,,,,,,,,,,,
SITE,lamp_dmm,,,,253,,,,,,,,,,NA,,,,,,-6,-20,,,,,,,,,,,,,,,,,,,
SITE,lamp_dmm,,,,254,,,,,,,,,,50-62,,,,,,-6,-18,,,,,,,,,,,,,,,,,,,
SITE,lamp_dmm,,,,255,,,,,,,,,,50-64,,,,,,-6,-16,,,,,,,,,,,,,,,,,,,
SITE,lamp_dmm,,,,256,,,,,,,,,,51-61,,,,,,-6,-14,,,,,,,,,,,,,,,,,,,
SITE,lamp_dmm,,,,257,,,,,,,,,,51-63,,,,,,-6,-12,,,,,,,,,,,,,,,,,,,
SITE,lamp_dmm,,,,258,,,,,,,,,,52-60,,,,,,-6,-10,,,,,,,,,,,,,,,,,,,
SITE,lamp_dmm,,,,259,,,,,,,,,,52-62,,,,,,-6,-8,,,,,,,,,,,,,,,,,,,
SITE,lamp_dmm,,,,260,,,,,,,,,,52-64,,,,,,-6,-6,,,,,,,,,,,,,,,,,,,
SITE,lamp_dmm,,,,261,,,,,,,,,,53-61,,,,,,-6,-4,,,,,,,,,,,,,,,,,,,
SITE,lamp_dmm,,,,262,,,,,,,,,,53-63,,,,,,-6,-2,,,,,,,,,,,,,,,,,,,
SITE,lamp_dmm,,,,263,,,,,,,,,,54-60,,,,,,-6,0,,,,,,,,,,,,,,,,,,,
SITE,lamp_dmm,,,,264,,,,,,,,,,54-62,,,,,,-6,2,,,,,,,,,,,,,,,,,,,
SITE,lamp_dmm,,,,265,,,,,,,,,,54-64,,,,,,-6,4,,,,,,,,,,,,,,,,,,,
SITE,lamp_dmm,,,,266,,,,,,,,,,55-61,,,,,,-6,6,,,,,,,,,,,,,,,,,,,
SITE,lamp_dmm,,,,267,,,,,,,,,,55-63,,,,,,-6,8,,,,,,,,,,,,,,,,,,,
SITE,lamp_dmm,,,,268,,,,,,,,,,56-60,,,,,,-6,10,,,,,,,,,,,,,,,,,,,
SITE,lamp_dmm,,,,269,,,,,,,,,,56-62,,,,,,-6,12,,,,,,,,,,,,,,,,,,,
SITE,lamp_dmm,,,,270,,,,,,,,,,56-64,,,,,,-6,14,,,,,,,,,,,,,,,,,,,
SITE,lamp_dmm,,,,271,,,,,,,,,,57-61,,,,,,-6,16,,,,,,,,,,,,,,,,,,,
SITE,lamp_dmm,,,,272,,,,,,,,,,57-63,,,,,,-6,18,,,,,,,,,,,,,,,,,,,
SITE,lamp_dmm,,,,273,,,,,,,,,,NA,,,,,,-4,-20,,,,,,,,,,,,,,,,,,,
SITE,lamp_dmm,,,,274,,,,,,,,,,50-42,,,,,,-4,-18,,,,,,,,,,,,,,,,,,,
SITE,lamp_dmm,,,,275,,,,,,,,,,50-44,,,,,,-4,-16,,,,,,,,,,,,,,,,,,,
SITE,lamp_dmm,,,,276,,,,,,,,,,51-41,,,,,,-4,-14,,,,,,,,,,,,,,,,,,,
SITE,lamp_dmm,,,,277,,,,,,,,,,51-43,,,,,,-4,-12,,,,,,,,,,,,,,,,,,,
SITE,lamp_dmm,,,,278,,,,,,,,,,52-40,,,,,,-4,-10,,,,,,,,,,,,,,,,,,,
SITE,lamp_dmm,,,,279,,,,,,,,,,52-42,,,,,,-4,-8,,,,,,,,,,,,,,,,,,,
SITE,lamp_dmm,,,,280,,,,,,,,,,52-44,,,,,,-4,-6,,,,,,,,,,,,,,,,,,,
SITE,lamp_dmm,,,,281,,,,,,,,,,53-41,,,,,,-4,-4,,,,,,,,,,,,,,,,,,,
SITE,lamp_dmm,,,,282,,,,,,,,,,53-43,,,,,,-4,-2,,,,,,,,,,,,,,,,,,,
SITE,lamp_dmm,,,,283,,,,,,,,,,54-40,,,,,,-4,0,,,,,,,,,,,,,,,,,,,
SITE,lamp_dmm,,,,284,,,,,,,,,,54-42,,,,,,-4,2,,,,,,,,,,,,,,,,,,,
SITE,lamp_dmm,,,,285,,,,,,,,,,54-44,,,,,,-4,4,,,,,,,,,,,,,,,,,,,
SITE,lamp_dmm,,,,286,,,,,,,,,,55-41,,,,,,-4,6,,,,,,,,,,,,,,,,,,,
SITE,lamp_dmm,,,,287,,,,,,,,,,55-43,,,,,,-4,8,,,,,,,,,,,,,,,,,,,
SITE,lamp_dmm,,,,288,,,,,,,,,,56-40,,,,,,-4,10,,,,,,,,,,,,,,,,,,,
SITE,lamp_dmm,,,,289,,,,,,,,,,56-42,,,,,,-4,12,,,,,,,,,,,,,,,,,,,
SITE,lamp_dmm,,,,290,,,,,,,,,,56-44,,,,,,-4,14,,,,,,,,,,,,,,,,,,,
SITE,lamp_dmm,,,,291,,,,,,,,,,57-41,,,,,,-4,16,,,,,,,,,,,,,,,,,,,
SITE,lamp_dmm,,,,292,,,,,,,,,,57-43,,,,,,-4,18,,,,,,,,,,,,,,,,,,,
SITE,lamp_dmm,,,,293,,,,,,,,,,NA,,,,,,-2,-20,,,,,,,,,,,,,,,,,,,
SITE,lamp_dmm,,,,294,,,,,,,,,,50-22,,,,,,-2,-18,,,,,,,,,,,,,,,,,,,
SITE,lamp_dmm,,,,295,,,,,,,,,,50-24,,,,,,-2,-16,,,,,,,,,,,,,,,,,,,
SITE,lamp_dmm,,,,296,,,,,,,,,,51-21,,,,,,-2,-14,,,,,,,,,,,,,,,,,,,
SITE,lamp_dmm,,,,297,,,,,,,,,,51-23,,,,,,-2,-12,,,,,,,,,,,,,,,,,,,
SITE,lamp_dmm,,,,298,,,,,,,,,,52-20,,,,,,-2,-10,,,,,,,,,,,,,,,,,,,
SITE,lamp_dmm,,,,299,,,,,,,,,,52-22,,,,,,-2,-8,,,,,,,,,,,,,,,,,,,
SITE,lamp_dmm,,,,300,,,,,,,,,,52-24,,,,,,-2,-6,,,,,,,,,,,,,,,,,,,
SITE,lamp_dmm,,,,301,,,,,,,,,,53-21,,,,,,-2,-4,,,,,,,,,,,,,,,,,,,
SITE,lamp_dmm,,,,302,,,,,,,,,,53-23,,,,,,-2,-2,,,,,,,,,,,,,,,,,,,
SITE,lamp_dmm,,,,303,,,,,,,,,,54-20,,,,,,-2,0,,,,,,,,,,,,,,,,,,,
SITE,lamp_dmm,,,,304,,,,,,,,,,54-22,,,,,,-2,2,,,,,,,,,,,,,,,,,,,
SITE,lamp_dmm,,,,305,,,,,,,,,,54-24,,,,,,-2,4,,,,,,,,,,,,,,,,,,,
SITE,lamp_dmm,,,,306,,,,,,,,,,55-21,,,,,,-2,6,,,,,,,,,,,,,,,,,,,
SITE,lamp_dmm,,,,307,,,,,,,,,,55-23,,,,,,-2,8,,,,,,,,,,,,,,,,,,,
SITE,lamp_dmm,,,,308,,,,,,,,,,56-20,,,,,,-2,10,,,,,,,,,,,,,,,,,,,
SITE,lamp_dmm,,,,309,,,,,,,,,,56-22,,,,,,-2,12,,,,,,,,,,,,,,,,,,,
SITE,lamp_dmm,,,,310,,,,,,,,,,56-24,,,,,,-2,14,,,,,,,,,,,,,,,,,,,
SITE,lamp_dmm,,,,311,,,,,,,,,,57-21,,,,,,-2,16,,,,,,,,,,,,,,,,,,,
SITE,lamp_dmm,,,,312,,,,,,,,,,57-23,,,,,,-2,18,,,,,,,,,,,,,,,,,,,
SITE,lamp_dmm,,,,313,,,,,,,,,,NA,,,,,,0,-20,,,,,,,,,,,,,,,,,,,
SITE,lamp_dmm,,,,314,,,,,,,,,,50-02,,,,,,0,-18,,,,,,,,,,,,,,,,,,,
SITE,lamp_dmm,,,,315,,,,,,,,,,50-04,,,,,,0,-16,,,,,,,,,,,,,,,,,,,
SITE,lamp_dmm,,,,316,,,,,,,,,,TARGET,,,,,,0,-14,,,,,,,,,,,,,,,,,,,
SITE,lamp_dmm,,,,317,,,,,,,,,,TARGET,,,,,,0,-12,,,,,,,,,,,,,,,,,,,
SITE,lamp_dmm,,,,318,,,,,,,,,,52-00,,,,,,0,-10,,,,,,,,,,,,,,,,,,,
SITE,lamp_dmm,,,,319,,,,,,,,,,52-02,,,,,,0,-8,,,,,,,,,,,,,,,,,,,
SITE,lamp_dmm,,,,320,,,,,,,,,,52-04,,,,,,0,-6,,,,,,,,,,,,,,,,,,,
SITE,lamp_dmm,,,,321,,,,,,,,,,53-01,,,,,,0,-4,,,,,,,,,,,,,,,,,,,
SITE,lamp_dmm,,,,322,,,,,,,,,,53-03,,,,,,0,-2,,,,,,,,,,,,,,,,,,,
SITE,lamp_dmm,,,,323,,,,,,,,,,54-00,,,,,,0,0,,,,,,,,,,,,,,,,,,,
SITE,lamp_dmm,,,,324,,,,,,,,,,54-02,,,,,,0,2,,,,,,,,,,,,,,,,,,,
SITE,lamp_dmm,,,,325,,,,,,,,,,54-04,,,,,,0,4,,,,,,,,,,,,,,,,,,,
SITE,lamp_dmm,,,,326,,,,,,,,,,55-01,,,,,,0,6,,,,,,,,,,,,,,,,,,,
SITE,lamp_dmm,,,,327,,,,,,,,,,55-03,,,,,,0,8,,,,,,,,,,,,,,,,,,,
SITE,lamp_dmm,,,,328,,,,,,,,,,56-00,,,,,,0,10,,,,,,,,,,,,,,,,,,,
SITE,lamp_dmm,,,,329,,,,,,,,,,TARGET,,,,,,0,12,,,,,,,,,,,,,,,,,,,
SITE,lamp_dmm,,,,330,,,,,,,,,,56-04,,,,,,0,14,,,,,,,,,,,,,,,,,,,
SITE,lamp_dmm,,,,331,,,,,,,,,,57-01,,,,,,0,16,,,,,,,,,,,,,,,,,,,
SITE,lamp_dmm,,,,332,,,,,,,,,,57-03,,,,,,0,18,,,,,,,,,,,,,,,,,,,
SITE,lamp_dmm,,,,333,,,,,,,,,,NA,,,,,,2,-20,,,,,,,,,,,,,,,,,,,
SITE,lamp_dmm,,,,334,,,,,,,,,,40-62,,,,,,2,-18,,,,,,,,,,,,,,,,,,,
SITE,lamp_dmm,,,,335,,,,,,,,,,40-64,,,,,,2,-16,,,,,,,,,,,,,,,,,,,
SITE,lamp_dmm,,,,336,,,,,,,,,,41-61,,,,,,2,-14,,,,,,,,,,,,,,,,,,,
SITE,lamp_dmm,,,,337,,,,,,,,,,41-63,,,,,,2,-12,,,,,,,,,,,,,,,,,,,
SITE,lamp_dmm,,,,338,,,,,,,,,,42-60,,,,,,2,-10,,,,,,,,,,,,,,,,,,,
SITE,lamp_dmm,,,,339,,,,,,,,,,42-62,,,,,,2,-8,,,,,,,,,,,,,,,,,,,
SITE,lamp_dmm,,,,340,,,,,,,,,,42-64,,,,,,2,-6,,,,,,,,,,,,,,,,,,,
SITE,lamp_dmm,,,,341,,,,,,,,,,43-61,,,,,,2,-4,,,,,,,,,,,,,,,,,,,
SITE,lamp_dmm,,,,342,,,,,,,,,,43-63,,,,,,2,-2,,,,,,,,,,,,,,,,,,,
SITE,lamp_dmm,,,,343,,,,,,,,,,44-60,,,,,,2,0,,,,,,,,,,,,,,,,,,,
SITE,lamp_dmm,,,,344,,,,,,,,,,44-62,,,,,,2,2,,,,,,,,,,,,,,,,,,,
SITE,lamp_dmm,,,,345,,,,,,,,,,44-64,,,,,,2,4,,,,,,,,,,,,,,,,,,,
SITE,lamp_dmm,,,,346,,,,,,,,,,45-61,,,,,,2,6,,,,,,,,,,,,,,,,,,,
SITE,lamp_dmm,,,,347,,,,,,,,,,45-63,,,,,,2,8,,,,,,,,,,,,,,,,,,,
SITE,lamp_dmm,,,,348,,,,,,,,,,46-60,,,,,,2,10,,,,,,,,,,,,,,,,,,,
SITE,lamp_dmm,,,,349,,,,,,,,,,46-62,,,,,,2,12,,,,,,,,,,,,,,,,,,,
SITE,lamp_dmm,,,,350,,,,,,,,,,46-64,,,,,,2,14,,,,,,,,,,,,,,,,,,,
SITE,lamp_dmm,,,,351,,,,,,,,,,47-61,,,,,,2,16,,,,,,,,,,,,,,,,,,,
SITE,lamp_dmm,,,,352,,,,,,,,,,47-63,,,,,,2,18,,,,,,,,,,,,,,,,,,,
SITE,lamp_dmm,,,,353,,,,,,,,,,NA,,,,,,4,-20,,,,,,,,,,,,,,,,,,,
SITE,lamp_dmm,,,,354,,,,,,,,,,40-42,,,,,,4,-18,,,,,,,,,,,,,,,,,,,
SITE,lamp_dmm,,,,355,,,,,,,,,,40-44,,,,,,4,-16,,,,,,,,,,,,,,,,,,,
SITE,lamp_dmm,,,,356,,,,,,,,,,41-41,,,,,,4,-14,,,,,,,,,,,,,,,,,,,
SITE,lamp_dmm,,,,357,,,,,,,,,,41-43,,,,,,4,-12,,,,,,,,,,,,,,,,,,,
SITE,lamp_dmm,,,,358,,,,,,,,,,42-40,,,,,,4,-10,,,,,,,,,,,,,,,,,,,
SITE,lamp_dmm,,,,359,,,,,,,,,,42-42,,,,,,4,-8,,,,,,,,,,,,,,,,,,,
SITE,lamp_dmm,,,,360,,,,,,,,,,42-44,,,,,,4,-6,,,,,,,,,,,,,,,,,,,
SITE,lamp_dmm,,,,361,,,,,,,,,,43-41,,,,,,4,-4,,,,,,,,,,,,,,,,,,,
SITE,lamp_dmm,,,,362,,,,,,,,,,43-43,,,,,,4,-2,,,,,,,,,,,,,,,,,,,
SITE,lamp_dmm,,,,363,,,,,,,,,,44-40,,,,,,4,0,,,,,,,,,,,,,,,,,,,
SITE,lamp_dmm,,,,364,,,,,,,,,,44-42,,,,,,4,2,,,,,,,,,,,,,,,,,,,
SITE,lamp_dmm,,,,365,,,,,,,,,,44-44,,,,,,4,4,,,,,,,,,,,,,,,,,,,
SITE,lamp_dmm,,,,366,,,,,,,,,,45-41,,,,,,4,6,,,,,,,,,,,,,,,,,,,
SITE,lamp_dmm,,,,367,,,,,,,,,,45-43,,,,,,4,8,,,,,,,,,,,,,,,,,,,
SITE,lamp_dmm,,,,368,,,,,,,,,,46-40,,,,,,4,10,,,,,,,,,,,,,,,,,,,
SITE,lamp_dmm,,,,369,,,,,,,,,,46-42,,,,,,4,12,,,,,,,,,,,,,,,,,,,
SITE,lamp_dmm,,,,370,,,,,,,,,,46-44,,,,,,4,14,,,,,,,,,,,,,,,,,,,
SITE,lamp_dmm,,,,371,,,,,,,,,,47-41,,,,,,4,16,,,,,,,,,,,,,,,,,,,
SITE,lamp_dmm,,,,372,,,,,,,,,,47-43,,,,,,4,18,,,,,,,,,,,,,,,,,,,
SITE,lamp_dmm,,,,373,,,,,,,,,,NA,,,,,,6,-20,,,,,,,,,,,,,,,,,,,
SITE,lamp_dmm,,,,374,,,,,,,,,,40-22,,,,,,6,-18,,,,,,,,,,,,,,,,,,,
SITE,lamp_dmm,,,,375,,,,,,,,,,40-24,,,,,,6,-16,,,,,,,,,,,,,,,,,,,
SITE,lamp_dmm,,,,376,,,,,,,,,,41-21,,,,,,6,-14,,,,,,,,,,,,,,,,,,,
SITE,lamp_dmm,,,,377,,,,,,,,,,41-23,,,,,,6,-12,,,,,,,,,,,,,,,,,,,
SITE,lamp_dmm,,,,378,,,,,,,,,,42-20,,,,,,6,-10,,,,,,,,,,,,,,,,,,,
SITE,lamp_dmm,,,,379,,,,,,,,,,42-22,,,,,,6,-8,,,,,,,,,,,,,,,,,,,
SITE,lamp_dmm,,,,380,,,,,,,,,,42-24,,,,,,6,-6,,,,,,,,,,,,,,,,,,,
SITE,lamp_dmm,,,,381,,,,,,,,,,43-21,,,,,,6,-4,,,,,,,,,,,,,,,,,,,
SITE,lamp_dmm,,,,382,,,,,,,,,,43-23,,,,,,6,-2,,,,,,,,,,,,,,,,,,,
SITE,lamp_dmm,,,,383,,,,,,,,,,44-20,,,,,,6,0,,,,,,,,,,,,,,,,,,,
SITE,lamp_dmm,,,,384,,,,,,,,,,44-22,,,,,,6,2,,,,,,,,,,,,,,,,,,,
SITE,lamp_dmm,,,,385,,,,,,,,,,44-24,,,,,,6,4,,,,,,,,,,,,,,,,,,,
SITE,lamp_dmm,,,,386,,,,,,,,,,45-21,,,,,,6,6,,,,,,,,,,,,,,,,,,,
SITE,lamp_dmm,,,,387,,,,,,,,,,45-23,,,,,,6,8,,,,,,,,,,,,,,,,,,,
SITE,lamp_dmm,,,,388,,,,,,,,,,46-20,,,,,,6,10,,,,,,,,,,,,,,,,,,,
SITE,lamp_dmm,,,,389,,,,,,,,,,46-22,,,,,,6,12,,,,,,,,,,,,,,,,,,,
SITE,lamp_dmm,,,,390,,,,,,,,,,46-24,,,,,,6,14,,,,,,,,,,,,,,,,,,,
SITE,lamp_dmm,,,,391,,,,,,,,,,47-21,,,,,,6,16,,,,,,,,,,,,,,,,,,,
SITE,lamp_dmm,,,,392,,,,,,,,,,47-23,,,,,,6,18,,,,,,,,,,,,,,,,,,,
SITE,lamp_dmm,,,,393,,,,,,,,,,40-02,,,,,,8,-18,,,,,,,,,,,,,,,,,,,
SITE,lamp_dmm,,,,394,,,,,,,,,,40-04,,,,,,8,-16,,,,,,,,,,,,,,,,,,,
SITE,lamp_dmm,,,,395,,,,,,,,,,41-01,,,,,,8,-14,,,,,,,,,,,,,,,,,,,
SITE,lamp_dmm,,,,396,,,,,,,,,,41-03,,,,,,8,-12,,,,,,,,,,,,,,,,,,,
SITE,lamp_dmm,,,,397,,,,,,,,,,42-00,,,,,,8,-10,,,,,,,,,,,,,,,,,,,
SITE,lamp_dmm,,,,398,,,,,,,,,,42-02,,,,,,8,-8,,,,,,,,,,,,,,,,,,,
SITE,lamp_dmm,,,,399,,,,,,,,,,42-04,,,,,,8,-6,,,,,,,,,,,,,,,,,,,
SITE,lamp_dmm,,,,400,,,,,,,,,,43-01,,,,,,8,-4,,,,,,,,,,,,,,,,,,,
SITE,lamp_dmm,,,,401,,,,,,,,,,43-03,,,,,,8,-2,,,,,,,,,,,,,,,,,,,
SITE,lamp_dmm,,,,402,,,,,,,,,,44-00,,,,,,8,0,,,,,,,,,,,,,,,,,,,
SITE,lamp_dmm,,,,403,,,,,,,,,,44-02,,,,,,8,2,,,,,,,,,,,,,,,,,,,
SITE,lamp_dmm,,,,404,,,,,,,,,,44-04,,,,,,8,4,,,,,,,,,,,,,,,,,,,
SITE,lamp_dmm,,,,405,,,,,,,,,,45-01,,,,,,8,6,,,,,,,,,,,,,,,,,,,
SITE,lamp_dmm,,,,406,,,,,,,,,,45-03,,,,,,8,8,,,,,,,,,,,,,,,,,,,
SITE,lamp_dmm,,,,407,,,,,,,,,,46-00,,,,,,8,10,,,,,,,,,,,,,,,,,,,
SITE,lamp_dmm,,,,408,,,,,,,,,,46-02,,,,,,8,12,,,,,,,,,,,,,,,,,,,
SITE,lamp_dmm,,,,409,,,,,,,,,,46-04,,,,,,8,14,,,,,,,,,,,,,,,,,,,
SITE,lamp_dmm,,,,410,,,,,,,,,,47-01,,,,,,8,16,,,,,,,,,,,,,,,,,,,
SITE,lamp_dmm,,,,411,,,,,,,,,,30-62,,,,,,10,-18,,,,,,,,,,,,,,,,,,,
SITE,lamp_dmm,,,,412,,,,,,,,,,30-64,,,,,,10,-16,,,,,,,,,,,,,,,,,,,
SITE,lamp_dmm,,,,413,,,,,,,,,,31-61,,,,,,10,-14,,,,,,,,,,,,,,,,,,,
SITE,lamp_dmm,,,,414,,,,,,,,,,31-63,,,,,,10,-12,,,,,,,,,,,,,,,,,,,
SITE,lamp_dmm,,,,415,,,,,,,,,,32-60,,,,,,10,-10,,,,,,,,,,,,,,,,,,,
SITE,lamp_dmm,,,,416,,,,,,,,,,32-62,,,,,,10,-8,,,,,,,,,,,,,,,,,,,
SITE,lamp_dmm,,,,417,,,,,,,,,,32-64,,,,,,10,-6,,,,,,,,,,,,,,,,,,,
SITE,lamp_dmm,,,,418,,,,,,,,,,33-61,,,,,,10,-4,,,,,,,,,,,,,,,,,,,
SITE,lamp_dmm,,,,419,,,,,,,,,,33-63,,,,,,10,-2,,,,,,,,,,,,,,,,,,,
SITE,lamp_dmm,,,,420,,,,,,,,,,34-60,,,,,,10,0,,,,,,,,,,,,,,,,,,,
SITE,lamp_dmm,,,,421,,,,,,,,,,34-62,,,,,,10,2,,,,,,,,,,,,,,,,,,,
SITE,lamp_dmm,,,,422,,,,,,,,,,34-64,,,,,,10,4,,,,,,,,,,,,,,,,,,,
SITE,lamp_dmm,,,,423,,,,,,,,,,35-61,,,,,,10,6,,,,,,,,,,,,,,,,,,,
SITE,lamp_dmm,,,,424,,,,,,,,,,35-63,,,,,,10,8,,,,,,,,,,,,,,,,,,,
SITE,lamp_dmm,,,,425,,,,,,,,,,36-60,,,,,,10,10,,,,,,,,,,,,,,,,,,,
SITE,lamp_dmm,,,,426,,,,,,,,,,36-62,,,,,,10,12,,,,,,,,,,,,,,,,,,,
SITE,lamp_dmm,,,,427,,,,,,,,,,36-64,,,,,,10,14,,,,,,,,,,,,,,,,,,,
SITE,lamp_dmm,,,,428,,,,,,,,,,37-61,,,,,,10,16,,,,,,,,,,,,,,,,,,,
SITE,lamp_dmm,,,,429,,,,,,,,,,30-42,,,,,,12,-18,,,,,,,,,,,,,,,,,,,
SITE,lamp_dmm,,,,430,,,,,,,,,,30-44,,,,,,12,-16,,,,,,,,,,,,,,,,,,,
SITE,lamp_dmm,,,,431,,,,,,,,,,31-41,,,,,,12,-14,,,,,,,,,,,,,,,,,,,
SITE,lamp_dmm,,,,432,,,,,,,,,,31-43,,,,,,12,-12,,,,,,,,,,,,,,,,,,,
SITE,lamp_dmm,,,,433,,,,,,,,,,32-40,,,,,,12,-10,,,,,,,,,,,,,,,,,,,
SITE,lamp_dmm,,,,434,,,,,,,,,,32-42,,,,,,12,-8,,,,,,,,,,,,,,,,,,,
SITE,lamp_dmm,,,,435,,,,,,,,,,32-44,,,,,,12,-6,,,,,,,,,,,,,,,,,,,
SITE,lamp_dmm,,,,436,,,,,,,,,,33-41,,,,,,12,-4,,,,,,,,,,,,,,,,,,,
SITE,lamp_dmm,,,,437,,,,,,,,,,33-43,,,,,,12,-2,,,,,,,,,,,,,,,,,,,
SITE,lamp_dmm,,,,438,,,,,,,,,,34-40,,,,,,12,0,,,,,,,,,,,,,,,,,,,
SITE,lamp_dmm,,,,439,,,,,,,,,,34-42,,,,,,12,2,,,,,,,,,,,,,,,,,,,
SITE,lamp_dmm,,,,440,,,,,,,,,,34-44,,,,,,12,4,,,,,,,,,,,,,,,,,,,
SITE,lamp_dmm,,,,441,,,,,,,,,,35-41,,,,,,12,6,,,,,,,,,,,,,,,,,,,
SITE,lamp_dmm,,,,442,,,,,,,,,,35-43,,,,,,12,8,,,,,,,,,,,,,,,,,,,
SITE,lamp_dmm,,,,443,,,,,,,,,,36-40,,,,,,12,10,,,,,,,,,,,,,,,,,,,
SITE,lamp_dmm,,,,444,,,,,,,,,,36-42,,,,,,12,12,,,,,,,,,,,,,,,,,,,
SITE,lamp_dmm,,,,445,,,,,,,,,,36-44,,,,,,12,14,,,,,,,,,,,,,,,,,,,
SITE,lamp_dmm,,,,446,,,,,,,,,,37-41,,,,,,12,16,,,,,,,,,,,,,,,,,,,
SITE,lamp_dmm,,,,447,,,,,,,,,,30-22,,,,,,14,-18,,,,,,,,,,,,,,,,,,,
SITE,lamp_dmm,,,,448,,,,,,,,,,30-24,,,,,,14,-16,,,,,,,,,,,,,,,,,,,
SITE,lamp_dmm,,,,449,,,,,,,,,,31-21,,,,,,14,-14,,,,,,,,,,,,,,,,,,,
SITE,lamp_dmm,,,,450,,,,,,,,,,31-23,,,,,,14,-12,,,,,,,,,,,,,,,,,,,
SITE,lamp_dmm,,,,451,,,,,,,,,,32-20,,,,,,14,-10,,,,,,,,,,,,,,,,,,,
SITE,lamp_dmm,,,,452,,,,,,,,,,32-22,,,,,,14,-8,,,,,,,,,,,,,,,,,,,
SITE,lamp_dmm,,,,453,,,,,,,,,,32-24,,,,,,14,-6,,,,,,,,,,,,,,,,,,,
SITE,lamp_dmm,,,,454,,,,,,,,,,33-21,,,,,,14,-4,,,,,,,,,,,,,,,,,,,
SITE,lamp_dmm,,,,455,,,,,,,,,,33-23,,,,,,14,-2,,,,,,,,,,,,,,,,,,,
SITE,lamp_dmm,,,,456,,,,,,,,,,34-20,,,,,,14,0,,,,,,,,,,,,,,,,,,,
SITE,lamp_dmm,,,,457,,,,,,,,,,34-22,,,,,,14,2,,,,,,,,,,,,,,,,,,,
SITE,lamp_dmm,,,,458,,,,,,,,,,34-24,,,,,,14,4,,,,,,,,,,,,,,,,,,,
SITE,lamp_dmm,,,,459,,,,,,,,,,35-21,,,,,,14,6,,,,,,,,,,,,,,,,,,,
SITE,lamp_dmm,,,,460,,,,,,,,,,35-23,,,,,,14,8,,,,,,,,,,,,,,,,,,,
SITE,lamp_dmm,,,,461,,,,,,,,,,36-20,,,,,,14,10,,,,,,,,,,,,,,,,,,,
SITE,lamp_dmm,,,,462,,,,,,,,,,36-22,,,,,,14,12,,,,,,,,,,,,,,,,,,,
SITE,lamp_dmm,,,,463,,,,,,,,,,36-24,,,,,,14,14,,,,,,,,,,,,,,,,,,,
SITE,lamp_dmm,,,,464,,,,,,,,,,37-21,,,,,,14,16,,,,,,,,,,,,,,,,,,,
SITE,lamp_dmm,,,,465,,,,,,,,,,NA,,,,,,16,-18,,,,,,,,,,,,,,,,,,,
SITE,lamp_dmm,,,,466,,,,,,,,,,30-04,,,,,,16,-16,,,,,,,,,,,,,,,,,,,
SITE,lamp_dmm,,,,467,,,,,,,,,,31-01,,,,,,16,-14,,,,,,,,,,,,,,,,,,,
SITE,lamp_dmm,,,,468,,,,,,,,,,31-03,,,,,,16,-12,,,,,,,,,,,,,,,,,,,
SITE,lamp_dmm,,,,469,,,,,,,,,,32-00,,,,,,16,-10,,,,,,,,,,,,,,,,,,,
SITE,lamp_dmm,,,,470,,,,,,,,,,32-02,,,,,,16,-8,,,,,,,,,,,,,,,,,,,
SITE,lamp_dmm,,,,471,,,,,,,,,,32-04,,,,,,16,-6,,,,,,,,,,,,,,,,,,,
SITE,lamp_dmm,,,,472,,,,,,,,,,33-01,,,,,,16,-4,,,,,,,,,,,,,,,,,,,
SITE,lamp_dmm,,,,473,,,,,,,,,,33-03,,,,,,16,-2,,,,,,,,,,,,,,,,,,,
SITE,lamp_dmm,,,,474,,,,,,,,,,34-00,,,,,,16,0,,,,,,,,,,,,,,,,,,,
SITE,lamp_dmm,,,,475,,,,,,,,,,34-02,,,,,,16,2,,,,,,,,,,,,,,,,,,,
SITE,lamp_dmm,,,,476,,,,,,,,,,34-04,,,,,,16,4,,,,,,,,,,,,,,,,,,,
SITE,lamp_dmm,,,,477,,,,,,,,,,35-01,,,,,,16,6,,,,,,,,,,,,,,,,,,,
SITE,lamp_dmm,,,,478,,,,,,,,,,35-03,,,,,,16,8,,,,,,,,,,,,,,,,,,,
SITE,lamp_dmm,,,,479,,,,,,,,,,36-00,,,,,,16,10,,,,,,,,,,,,,,,,,,,
SITE,lamp_dmm,,,,480,,,,,,,,,,36-02,,,,,,16,12,,,,,,,,,,,,,,,,,,,
SITE,lamp_dmm,,,,481,,,,,,,,,,36-04,,,,,,16,14,,,,,,,,,,,,,,,,,,,
SITE,lamp_dmm,,,,482,,,,,,,,,,37-01,,,,,,16,16,,,,,,,,,,,,,,,,,,,
SITE,lamp_dmm,,,,483,,,,,,,,,,NA,,,,,,18,-18,,,,,,,,,,,,,,,,,,,
SITE,lamp_dmm,,,,484,,,,,,,,,,20-64,,,,,,18,-16,,,,,,,,,,,,,,,,,,,
SITE,lamp_dmm,,,,485,,,,,,,,,,21-61,,,,,,18,-14,,,,,,,,,,,,,,,,,,,
SITE,lamp_dmm,,,,486,,,,,,,,,,21-63,,,,,,18,-12,,,,,,,,,,,,,,,,,,,
SITE,lamp_dmm,,,,487,,,,,,,,,,22-60,,,,,,18,-10,,,,,,,,,,,,,,,,,,,
SITE,lamp_dmm,,,,488,,,,,,,,,,22-62,,,,,,18,-8,,,,,,,,,,,,,,,,,,,
SITE,lamp_dmm,,,,489,,,,,,,,,,22-64,,,,,,18,-6,,,,,,,,,,,,,,,,,,,
SITE,lamp_dmm,,,,490,,,,,,,,,,23-61,,,,,,18,-4,,,,,,,,,,,,,,,,,,,
SITE,lamp_dmm,,,,491,,,,,,,,,,23-63,,,,,,18,-2,,,,,,,,,,,,,,,,,,,
SITE,lamp_dmm,,,,492,,,,,,,,,,24-60,,,,,,18,0,,,,,,,,,,,,,,,,,,,
SITE,lamp_dmm,,,,493,,,,,,,,,,24-62,,,,,,18,2,,,,,,,,,,,,,,,,,,,
SITE,lamp_dmm,,,,494,,,,,,,,,,24-64,,,,,,18,4,,,,,,,,,,,,,,,,,,,
SITE,lamp_dmm,,,,495,,,,,,,,,,25-61,,,,,,18,6,,,,,,,,,,,,,,,,,,,
SITE,lamp_dmm,,,,496,,,,,,,,,,25-63,,,,,,18,8,,,,,,,,,,,,,,,,,,,
SITE,lamp_dmm,,,,497,,,,,,,,,,26-60,,,,,,18,10,,,,,,,,,,,,,,,,,,,
SITE,lamp_dmm,,,,498,,,,,,,,,,26-62,,,,,,18,12,,,,,,,,,,,,,,,,,,,
SITE,lamp_dmm,,,,499,,,,,,,,,,26-64,,,,,,18,14,,,,,,,,,,,,,,,,,,,
SITE,lamp_dmm,,,,500,,,,,,,,,,27-61,,,,,,18,16,,,,,,,,,,,,,,,,,,,
SITE,lamp_dmm,,,,501,,,,,,,,,,20-44,,,,,,20,-16,,,,,,,,,,,,,,,,,,,
SITE,lamp_dmm,,,,502,,,,,,,,,,21-41,,,,,,20,-14,,,,,,,,,,,,,,,,,,,
SITE,lamp_dmm,,,,503,,,,,,,,,,21-43,,,,,,20,-12,,,,,,,,,,,,,,,,,,,
SITE,lamp_dmm,,,,504,,,,,,,,,,22-40,,,,,,20,-10,,,,,,,,,,,,,,,,,,,
SITE,lamp_dmm,,,,505,,,,,,,,,,22-42,,,,,,20,-8,,,,,,,,,,,,,,,,,,,
SITE,lamp_dmm,,,,506,,,,,,,,,,22-44,,,,,,20,-6,,,,,,,,,,,,,,,,,,,
SITE,lamp_dmm,,,,507,,,,,,,,,,23-41,,,,,,20,-4,,,,,,,,,,,,,,,,,,,
SITE,lamp_dmm,,,,508,,,,,,,,,,23-43,,,,,,20,-2,,,,,,,,,,,,,,,,,,,
SITE,lamp_dmm,,,,509,,,,,,,,,,24-40,,,,,,20,0,,,,,,,,,,,,,,,,,,,
SITE,lamp_dmm,,,,510,,,,,,,,,,24-42,,,,,,20,2,,,,,,,,,,,,,,,,,,,
SITE,lamp_dmm,,,,511,,,,,,,,,,24-44,,,,,,20,4,,,,,,,,,,,,,,,,,,,
SITE,lamp_dmm,,,,512,,,,,,,,,,25-41,,,,,,20,6,,,,,,,,,,,,,,,,,,,
SITE,lamp_dmm,,,,513,,,,,,,,,,25-43,,,,,,20,8,,,,,,,,,,,,,,,,,,,
SITE,lamp_dmm,,,,514,,,,,,,,,,26-40,,,,,,20,10,,,,,,,,,,,,,,,,,,,
SITE,lamp_dmm,,,,515,,,,,,,,,,26-42,,,,,,20,12,,,,,,,,,,,,,,,,,,,
SITE,lamp_dmm,,,,516,,,,,,,,,,26-44,,,,,,20,14,,,,,,,,,,,,,,,,,,,
SITE,lamp_dmm,,,,517,,,,,,,,,,20-24,,,,,,22,-16,,,,,,,,,,,,,,,,,,,
SITE,lamp_dmm,,,,518,,,,,,,,,,21-21,,,,,,22,-14,,,,,,,,,,,,,,,,,,,
SITE,lamp_dmm,,,,519,,,,,,,,,,21-23,,,,,,22,-12,,,,,,,,,,,,,,,,,,,
SITE,lamp_dmm,,,,520,,,,,,,,,,22-20,,,,,,22,-10,,,,,,,,,,,,,,,,,,,
SITE,lamp_dmm,,,,521,,,,,,,,,,22-22,,,,,,22,-8,,,,,,,,,,,,,,,,,,,
SITE,lamp_dmm,,,,522,,,,,,,,,,22-24,,,,,,22,-6,,,,,,,,,,,,,,,,,,,
SITE,lamp_dmm,,,,523,,,,,,,,,,23-21,,,,,,22,-4,,,,,,,,,,,,,,,,,,,
SITE,lamp_dmm,,,,524,,,,,,,,,,23-23,,,,,,22,-2,,,,,,,,,,,,,,,,,,,
SITE,lamp_dmm,,,,525,,,,,,,,,,24-20,,,,,,22,0,,,,,,,,,,,,,,,,,,,
SITE,lamp_dmm,,,,526,,,,,,,,,,24-22,,,,,,22,2,,,,,,,,,,,,,,,,,,,
SITE,lamp_dmm,,,,527,,,,,,,,,,24-24,,,,,,22,4,,,,,,,,,,,,,,,,,,,
SITE,lamp_dmm,,,,528,,,,,,,,,,25-21,,,,,,22,6,,,,,,,,,,,,,,,,,,,
SITE,lamp_dmm,,,,529,,,,,,,,,,25-23,,,,,,22,8,,,,,,,,,,,,,,,,,,,
SITE,lamp_dmm,,,,530,,,,,,,,,,26-20,,,,,,22,10,,,,,,,,,,,,,,,,,,,
SITE,lamp_dmm,,,,531,,,,,,,,,,26-22,,,,,,22,12,,,,,,,,,,,,,,,,,,,
SITE,lamp_dmm,,,,532,,,,,,,,,,26-24,,,,,,22,14,,,,,,,,,,,,,,,,,,,
SITE,lamp_dmm,,,,533,,,,,,,,,,NA,,,,,,24,-16,,,,,,,,,,,,,,,,,,,
SITE,lamp_dmm,,,,534,,,,,,,,,,21-01,,,,,,24,-14,,,,,,,,,,,,,,,,,,,
SITE,lamp_dmm,,,,535,,,,,,,,,,21-03,,,,,,24,-12,,,,,,,,,,,,,,,,,,,
SITE,lamp_dmm,,,,536,,,,,,,,,,22-00,,,,,,24,-10,,,,,,,,,,,,,,,,,,,
SITE,lamp_dmm,,,,537,,,,,,,,,,22-02,,,,,,24,-8,,,,,,,,,,,,,,,,,,,
SITE,lamp_dmm,,,,538,,,,,,,,,,22-04,,,,,,24,-6,,,,,,,,,,,,,,,,,,,
SITE,lamp_dmm,,,,539,,,,,,,,,,23-01,,,,,,24,-4,,,,,,,,,,,,,,,,,,,
SITE,lamp_dmm,,,,540,,,,,,,,,,23-03,,,,,,24,-2,,,,,,,,,,,,,,,,,,,
SITE,lamp_dmm,,,,541,,,,,,,,,,24-00,,,,,,24,0,,,,,,,,,,,,,,,,,,,
SITE,lamp_dmm,,,,542,,,,,,,,,,24-02,,,,,,24,2,,,,,,,,,,,,,,,,,,,
SITE,lamp_dmm,,,,543,,,,,,,,,,24-04,,,,,,24,4,,,,,,,,,,,,,,,,,,,
SITE,lamp_dmm,,,,544,,,,,,,,,,25-01,,,,,,24,6,,,,,,,,,,,,,,,,,,,
SITE,lamp_dmm,,,,545,,,,,,,,,,25-03,,,,,,24,8,,,,,,,,,,,,,,,,,,,
SITE,lamp_dmm,,,,546,,,,,,,,,,26-00,,,,,,24,10,,,,,,,,,,,,,,,,,,,
SITE,lamp_dmm,,,,547,,,,,,,,,,26-02,,,,,,24,12,,,,,,,,,,,,,,,,,,,
SITE,lamp_dmm,,,,548,,,,,,,,,,26-04,,,,,,24,14,,,,,,,,,,,,,,,,,,,
SITE,lamp_dmm,,,,549,,,,,,,,,,11-61,,,,,,26,-14,,,,,,,,,,,,,,,,,,,
SITE,lamp_dmm,,,,550,,,,,,,,,,11-63,,,,,,26,-12,,,,,,,,,,,,,,,,,,,
SITE,lamp_dmm,,,,551,,,,,,,,,,12-60,,,,,,26,-10,,,,,,,,,,,,,,,,,,,
SITE,lamp_dmm,,,,552,,,,,,,,,,12-62,,,,,,26,-8,,,,,,,,,,,,,,,,,,,
SITE,lamp_dmm,,,,553,,,,,,,,,,12-64,,,,,,26,-6,,,,,,,,,,,,,,,,,,,
SITE,lamp_dmm,,,,554,,,,,,,,,,13-61,,,,,,26,-4,,,,,,,,,,,,,,,,,,,
SITE,lamp_dmm,,,,555,,,,,,,,,,13-63,,,,,,26,-2,,,,,,,,,,,,,,,,,,,
SITE,lamp_dmm,,,,556,,,,,,,,,,14-60,,,,,,26,0,,,,,,,,,,,,,,,,,,,
SITE,lamp_dmm,,,,557,,,,,,,,,,14-62,,,,,,26,2,,,,,,,,,,,,,,,,,,,
SITE,lamp_dmm,,,,558,,,,,,,,,,14-64,,,,,,26,4,,,,,,,,,,,,,,,,,,,
SITE,lamp_dmm,,,,559,,,,,,,,,,15-61,,,,,,26,6,,,,,,,,,,,,,,,,,,,
SITE,lamp_dmm,,,,560,,,,,,,,,,15-63,,,,,,26,8,,,,,,,,,,,,,,,,,,,
SITE,lamp_dmm,,,,561,,,,,,,,,,16-60,,,,,,26,10,,,,,,,,,,,,,,,,,,,
SITE,lamp_dmm,,,,562,,,,,,,,,,16-62,,,,,,26,12,,,,,,,,,,,,,,,,,,,
SITE,lamp_dmm,,,,563,,,,,,,,,,11-41,,,,,,28,-14,,,,,,,,,,,,,,,,,,,
SITE,lamp_dmm,,,,564,,,,,,,,,,11-43,,,,,,28,-12,,,,,,,,,,,,,,,,,,,
SITE,lamp_dmm,,,,565,,,,,,,,,,12-40,,,,,,28,-10,,,,,,,,,,,,,,,,,,,
SITE,lamp_dmm,,,,566,,,,,,,,,,12-42,,,,,,28,-8,,,,,,,,,,,,,,,,,,,
SITE,lamp_dmm,,,,567,,,,,,,,,,12-44,,,,,,28,-6,,,,,,,,,,,,,,,,,,,
SITE,lamp_dmm,,,,568,,,,,,,,,,13-41,,,,,,28,-4,,,,,,,,,,,,,,,,,,,
SITE,lamp_dmm,,,,569,,,,,,,,,,13-43,,,,,,28,-2,,,,,,,,,,,,,,,,,,,
SITE,lamp_dmm,,,,570,,,,,,,,,,14-40,,,,,,28,0,,,,,,,,,,,,,,,,,,,
SITE,lamp_dmm,,,,571,,,,,,,,,,14-42,,,,,,28,2,,,,,,,,,,,,,,,,,,,
SITE,lamp_dmm,,,,572,,,,,,,,,,14-44,,,,,,28,4,,,,,,,,,,,,,,,,,,,
SITE,lamp_dmm,,,,573,,,,,,,,,,15-41,,,,,,28,6,,,,,,,,,,,,,,,,,,,
SITE,lamp_dmm,,,,574,,,,,,,,,,15-43,,,,,,28,8,,,,,,,,,,,,,,,,,,,
SITE,lamp_dmm,,,,575,,,,,,,,,,16-40,,,,,,28,10,,,,,,,,,,,,,,,,,,,
SITE,lamp_dmm,,,,576,,,,,,,,,,16-42,,,,,,28,12,,,,,,,,,,,,,,,,,,,
SITE,lamp_dmm,,,,577,,,,,,,,,,11-23,,,,,,30,-12,,,,,,,,,,,,,,,,,,,
SITE,lamp_dmm,,,,578,,,,,,,,,,12-20,,,,,,30,-10,,,,,,,,,,,,,,,,,,,
SITE,lamp_dmm,,,,579,,,,,,,,,,12-22,,,,,,30,-8,,,,,,,,,,,,,,,,,,,
SITE,lamp_dmm,,,,580,,,,,,,,,,12-24,,,,,,30,-6,,,,,,,,,,,,,,,,,,,
SITE,lamp_dmm,,,,581,,,,,,,,,,13-21,,,,,,30,-4,,,,,,,,,,,,,,,,,,,
SITE,lamp_dmm,,,,582,,,,,,,,,,13-23,,,,,,30,-2,,,,,,,,,,,,,,,,,,,
SITE,lamp_dmm,,,,583,,,,,,,,,,14-20,,,,,,30,0,,,,,,,,,,,,,,,,,,,
SITE,lamp_dmm,,,,584,,,,,,,,,,14-22,,,,,,30,2,,,,,,,,,,,,,,,,,,,
SITE,lamp_dmm,,,,585,,,,,,,,,,14-24,,,,,,30,4,,,,,,,,,,,,,,,,,,,
SITE,lamp_dmm,,,,586,,,,,,,,,,15-21,,,,,,30,6,,,,,,,,,,,,,,,,,,,
SITE,lamp_dmm,,,,587,,,,,,,,,,15-23,,,,,,30,8,,,,,,,,,,,,,,,,,,,
SITE,lamp_dmm,,,,588,,,,,,,,,,16-20,,,,,,30,10,,,,,,,,,,,,,,,,,,,
SITE,lamp_dmm,,,,589,,,,,,,,,,16-22,,,,,,30,12,,,,,,,,,,,,,,,,,,,
SITE,lamp_dmm,,,,590,,,,,,,,,,11-03,,,,,,32,-12,,,,,,,,,,,,,,,,,,,
SITE,lamp_dmm,,,,591,,,,,,,,,,12-00,,,,,,32,-10,,,,,,,,,,,,,,,,,,,
SITE,lamp_dmm,,,,592,,,,,,,,,,12-02,,,,,,32,-8,,,,,,,,,,,,,,,,,,,
SITE,lamp_dmm,,,,593,,,,,,,,,,12-04,,,,,,32,-6,,,,,,,,,,,,,,,,,,,
SITE,lamp_dmm,,,,594,,,,,,,,,,13-01,,,,,,32,-4,,,,,,,,,,,,,,,,,,,
SITE,lamp_dmm,,,,595,,,,,,,,,,13-03,,,,,,32,-2,,,,,,,,,,,,,,,,,,,
SITE,lamp_dmm,,,,596,,,,,,,,,,14-00,,,,,,32,0,,,,,,,,,,,,,,,,,,,
SITE,lamp_dmm,,,,597,,,,,,,,,,14-02,,,,,,32,2,,,,,,,,,,,,,,,,,,,
SITE,lamp_dmm,,,,598,,,,,,,,,,14-04,,,,,,32,4,,,,,,,,,,,,,,,,,,,
SITE,lamp_dmm,,,,599,,,,,,,,,,15-01,,,,,,32,6,,,,,,,,,,,,,,,,,,,
SITE,lamp_dmm,,,,600,,,,,,,,,,15-03,,,,,,32,8,,,,,,,,,,,,,,,,,,,
SITE,lamp_dmm,,,,601,,,,,,,,,,16-00,,,,,,32,10,,,,,,,,,,,,,,,,,,,
SITE,lamp_dmm,,,,602,,,,,,,,,,02-60,,,,,,34,-10,,,,,,,,,,,,,,,,,,,
SITE,lamp_dmm,,,,603,,,,,,,,,,02-62,,,,,,34,-8,,,,,,,,,,,,,,,,,,,
SITE,lamp_dmm,,,,604,,,,,,,,,,02-64,,,,,,34,-6,,,,,,,,,,,,,,,,,,,
SITE,lamp_dmm,,,,605,,,,,,,,,,03-61,,,,,,34,-4,,,,,,,,,,,,,,,,,,,
SITE,lamp_dmm,,,,606,,,,,,,,,,03-63,,,,,,34,-2,,,,,,,,,,,,,,,,,,,
SITE,lamp_dmm,,,,607,,,,,,,,,,04-60,,,,,,34,0,,,,,,,,,,,,,,,,,,,
SITE,lamp_dmm,,,,608,,,,,,,,,,04-62,,,,,,34,2,,,,,,,,,,,,,,,,,,,
SITE,lamp_dmm,,,,609,,,,,,,,,,04-64,,,,,,34,4,,,,,,,,,,,,,,,,,,,
SITE,lamp_dmm,,,,610,,,,,,,,,,05-61,,,,,,34,6,,,,,,,,,,,,,,,,,,,
SITE,lamp_dmm,,,,611,,,,,,,,,,05-63,,,,,,34,8,,,,,,,,,,,,,,,,,,,
SITE,lamp_dmm,,,,612,,,,,,,,,,NA,,,,,,36,-10,,,,,,,,,,,,,,,,,,,
SITE,lamp_dmm,,,,613,,,,,,,,,,02-42,,,,,,36,-8,,,,,,,,,,,,,,,,,,,
SITE,lamp_dmm,,,,614,,,,,,,,,,02-44,,,,,,36,-6,,,,,,,,,,,,,,,,,,,
SITE,lamp_dmm,,,,615,,,,,,,,,,03-41,,,,,,36,-4,,,,,,,,,,,,,,,,,,,
SITE,lamp_dmm,,,,616,,,,,,,,,,03-43,,,,,,36,-2,,,,,,,,,,,,,,,,,,,
SITE,lamp_dmm,,,,617,,,,,,,,,,04-40,,,,,,36,0,,,,,,,,,,,,,,,,,,,
SITE,lamp_dmm,,,,618,,,,,,,,,,04-42,,,,,,36,2,,,,,,,,,,,,,,,,,,,
SITE,lamp_dmm,,,,619,,,,,,,,,,04-44,,,,,,36,4,,,,,,,,,,,,,,,,,,,
SITE,lamp_dmm,,,,620,,,,,,,,,,05-41,,,,,,36,6,,,,,,,,,,,,,,,,,,,
SITE,lamp_dmm,,,,621,,,,,,,,,,05-43,,,,,,36,8,,,,,,,,,,,,,,,,,,,
SITE,lamp_dmm,,,,622,,,,,,,,,,NA,,,,,,38,-8,,,,,,,,,,,,,,,,,,,
SITE,lamp_dmm,,,,623,,,,,,,,,,02-24,,,,,,38,-6,,,,,,,,,,,,,,,,,,,
SITE,lamp_dmm,,,,624,,,,,,,,,,03-21,,,,,,38,-4,,,,,,,,,,,,,,,,,,,
SITE,lamp_dmm,,,,625,,,,,,,,,,03-23,,,,,,38,-2,,,,,,,,,,,,,,,,,,,
SITE,lamp_dmm,,,,626,,,,,,,,,,04-20,,,,,,38,0,,,,,,,,,,,,,,,,,,,
SITE,lamp_dmm,,,,627,,,,,,,,,,04-22,,,,,,38,2,,,,,,,,,,,,,,,,,,,
SITE,lamp_dmm,,,,628,,,,,,,,,,04-24,,,,,,38,4,,,,,,,,,,,,,,,,,,,
SITE,lamp_dmm,,,,629,,,,,,,,,,05-21,,,,,,38,6,,,,,,,,,,,,,,,,,,,
SITE,lamp_dmm,,,,630,,,,,,,,,,03-01,,,,,,40,-4,,,,,,,,,,,,,,,,,,,
SITE,lamp_dmm,,,,631,,,,,,,,,,03-03,,,,,,40,-2,,,,,,,,,,,,,,,,,,,
SITE,lamp_dmm,,,,632,,,,,,,,,,04-00,,,,,,40,0,,,,,,,,,,,,,,,,,,,
SITE,lamp_dmm,,,,633,,,,,,,,,,04-02,,,,,,40,2,,,,,,,,,,,,,,,,,,,
RECIPE,LAMP Electrical Gauge,,,,,probe08,,,,,,lampwhole,,,,,,,,,,,,,,,,,,,,,,,,,,,,,
STEP,LAMP Electrical Gauge,,,,1,,,,,,,,,,touch,delay,,,,,,,200,,,,,,,,,,,,,,,,switch,,
STEP,LAMP Electrical Gauge,,,,2,,,,,,,,,,first,current,measure,SMU,A,,17:8,18:7,10.000,1e-06,,,"4A05,4B06",,,20,0,1,,,50,1,,1,switch,,
STEP,LAMP Electrical Gauge,,,,3,,,,,,,,,,settle,delay,,,,,,,50,,,,,,,,,,,,,,,,switch,,
STEP,LAMP Electrical Gauge,,,,4,,,,,,,,,,check1,passfail,,,,first,,,,,,,,-9.9e-7,9.9e-7,,,,,,,,,1,switch,,
STEP,LAMP Electrical Gauge,,,,5,,,,,,,,,,switch1,open,,,,first,,,,,,,"4A05,4B06",,,,,,,,,,,,switch,,
STEP,LAMP Electrical Gauge,,,,6,,,,,,,,,,delay,delay,,,,,,,50,,,,,,,,,,,,,,,,switch,,
STEP,LAMP Electrical Gauge,,,,7,,,,,,,,,,second,current,measure,SMU,A,,19:6,20:5,10.000,1e-06,,,"4A07,4B08",,,20,0,1,,,50,,,2,switch,,
STEP,LAMP Electrical Gauge,,,,8,,,,,,,,,,settle,delay,,,,,,,50,,,,,,,,,,,,,,,,switch,,
STEP,LAMP Electrical Gauge,,,,9,,,,,,,,,,check2,passfail,,,,second,,,,,,,,-9.9e-7,9.9e-7,,,,,,,,,2,switch,,
STEP,LAMP Electrical Gauge,,,,10,,,,,,,,,,switch2,open,,,,second,,,,,,,"4A07,4B08",,,,,,,,,,,,switch,,
STEP,LAMP Electrical Gauge,,,,11,,,,,,,,,,delay,delay,,,,,,,50,,,,,,,,,,,,,,,,switch,,
STEP,LAMP Electrical Gauge,,,,12,,,,,,,,,,third,current,measure,SMU,A,,8:1,7:2,10.000,1e-06,,,"2A08,2B07",,,20,0,1,,,50,,,3,switch,,
STEP,LAMP Electrical Gauge,,,,13,,,,,,,,,,settle,delay,,,,,,,50,,,,,,,,,,,,,,,,switch,,
STEP,LAMP Electrical Gauge,,,,14,,,,,,,,,,check3,passfail,,,,third,,,,,,,,-9.9e-7,9.9e-7,,,,,,,,,3,switch,,
STEP,LAMP Electrical Gauge,,,,15,,,,,,,,,,switch3,open,,,,third,,,,,,,"2A08,2B07",,,,,,,,,,,,switch,,
STEP,LAMP Electrical Gauge,,,,16,,,,,,,,,,delay,delay,,,,,,,50,,,,,,,,,,,,,,,,switch,,
STEP,LAMP Electrical Gauge,,,,17,,,,,,,,,,fourth,current,measure,SMU,A,,5:4,6:3,10.000,1e-06,,,"2A06,2B05",,,20,0,1,,,50,,,4,switch,,
STEP,LAMP Electrical Gauge,,,,18,,,,,,,,,,settle,delay,,,,,,,50,,,,,,,,,,,,,,,,switch,,
STEP,LAMP Electrical Gauge,,,,19,,,,,,,,,,check4,passfail,,,,fourth,,,,,,,,-9.9e-7,9.9e-7,,,,,,,,,4,switch,,
STEP,LAMP Electrical Gauge,,,,20,,,,,,,,,,switch4,open,,,,fourth,,,,,,,"2A06,2B05",,,,,,,,,,,,switch,,
STEP,LAMP Electrical Gauge,,,,21,,,,,,,,,,delay,delay,,,,,,,50,,,,,,,,,,,,,,,,switch,,
SITE,LAMP Electrical Gauge,,,,1,,,,,,,,,,26-04,,,,,,24,14,,,,,,,,,,,,,,,,,,,
SITE,LAMP Electrical Gauge,,,,2,,,,,,,,,,47-61,,,,,,2,16,,,,,,,,,,,,,,,,,,,
SITE,LAMP Electrical Gauge,,,,3,,,,,,,,,,47-63,,,,,,2,18,,,,,,,,,,,,,,,,,,,
SITE,LAMP Electrical Gauge,,,,4,,,,,,,,,,53-41,,,,,,-4,-4,,,,,,,,,,,,,,,,,,,
SITE,LAMP Electrical Gauge,,,,5,,,,,,,,,,56-00,,,,,,0,10,,,,,,,,,,,,,,,,,,,
SITE,LAMP Electrical Gauge,,,,6,,,,,,,,,,76-02,,,,,,-16,12,,,,,,,,,,,,,,,,,,,
SITE,LAMP Electrical Gauge,,,,7,,,,,,,,,,84-04,,,,,,-24,4,,,,,,,,,,,,,,,,,,,
SITE,LAMP Electrical Gauge,,,,8,,,,,,,,,,86-04,,,,,,-24,14,,,,,,,,,,,,,,,,,,,
SITE,LAMP Electrical Gauge,,,,9,,,,,,,,,,93-01,,,,,,-32,-4,,,,,,,,,,,,,,,,,,,
SITE,LAMP Electrical Gauge,,,,10,,,,,,,,,,NA,,,,,,-24,-16,,,,,,,,,,,,,,,,,,,
SITE,LAMP Electrical Gauge,,,,11,,,,,,,,,,NA,,,,,,-26,14,,,,,,,,,,,,,,,,,,,
SITE,LAMP Electrical Gauge,,,,12,,,,,,,,,,NA,,,,,,-4,-20,,,,,,,,,,,,,,,,,,,
SITE,LAMP Electrical Gauge,,,,13,,,,,,,,,,NA,,,,,,-26,-16,,,,,,,,,,,,,,,,,,,
SITE,LAMP Electrical Gauge,,,,14,,,,,,,,,,TARGET,,,,,,0,-14,,,,,,,,,,,,,,,,,,,
SITE,LAMP Electrical Gauge,,,,15,,,,,,,,,,TARGET,,,,,,0,-12,,,,,,,,,,,,,,,,,,,
RECIPE,lamp_wholewafer_delay,,,,,probe08,,,,,,lampwhole,,,,,,,,,,,,,,,,,,,,,,,,,,,,,
STEP,lamp_wholewafer_delay,,,,1,,,,,,,,,,touch,delay,,,,,,,200,,,,,,,,,,,,,,,,switch,,
STEP,lamp_wholewafer_delay,,,,2,,,,,,,,,,first,current,measure,SMU,A,,17:8,18:7,10.000,1e-06,,,"4A05,4B06",,,20,0,1,,,50,1,,1,switch,,
STEP,lamp_wholewafer_delay,,,,3,,,,,,,,,,settle,delay,,,,,,,100.000,,,,,,,,,,,,,,,,switch,,
STEP,lamp_wholewafer_delay,,,,4,,,,,,,,,,check1,passfail,,,,first,,,,,,,,-9.9e-7,9.9e-7,,,,,,,,,1,switch,,
STEP,lamp_wholewafer_delay,,,,5,,,,,,,,,,switch1,open,,,,first,,,,,,,"4A05,4B06",,,,,,,,,,,,switch,,
STEP,lamp_wholewafer_delay,,,,6,,,,,,,,,,delay,delay,,,,,,,100.000,,,,,,,,,,,,,,,,switch,,
STEP,lamp_wholewafer_delay,,,,7,,,,,,,,,,second,current,measure,SMU,A,,19:6,20:5,10.000,1e-06,,,"4A07,4B08",,,20,0,1,,,50,,,2,switch,,
STEP,lamp_wholewafer_delay,,,,8,,,,,,,,,,settle,delay,,,,,,,100.000,,,,,,,,,,,,,,,,switch,,
STEP,lamp_wholewafer_delay,,,,9,,,,,,,,,,check2,passfail,,,,second,,,,,,,,-9.9e-7,9.9e-7,,,,,,,,,2,switch,,
STEP,lamp_wholewafer_delay,,,,10,,,,,,,,,,switch2,open,,,,second,,,,,,,"4A07,4B08",,,,,,,,,,,,switch,,
STEP,lamp_wholewafer_delay,,,,11,,,,,,,,,,delay,delay,,,,,,,100.000,,,,,,,,,,,,,,,,switch,,
STEP,lamp_wholewafer_delay,,,,12,,,,,,,,,,third,current,measure,SMU,A,,8:1,7:2,10.000,1e-06,,,"2A08,2B07",,,20,0,1,,,50,,,3,switch,,
STEP,lamp_wholewafer_delay,,,,13,,,,,,,,,,settle,delay,,,,,,,100.000,,,,,,,,,,,,,,,,switch,,
STEP,lamp_wholewafer_delay,,,,14,,,,,,,,,,check3,passfail,,,,third,,,,,,,,-9.9e-7,9.9e-7,,,,,,,,,3,switch,,
STEP,lamp_wholewafer_delay,,,,15,,,,,,,,,,switch3,open,,,,third,,,,,,,"2A08,2B07",,,,,,,,,,,,switch,,
STEP,lamp_wholewafer_delay,,,,16,,,,,,,,,,delay,delay,,,,,,,100.000,,,,,,,,,,,,,,,,switch,,
STEP,lamp_wholewafer_delay,,,,17,,,,,,,,,,fourth,current,measure,SMU,A,,5:4,6:3,10.000,1e-06,,,"2A06,2B05",,,20,0,1,,,50,,,4,switch,,
STEP,lamp_wholewafer_delay,,,,18,,,,,,,,,,settle,delay,,,,,,,100.000,,,,,,,,,,,,,,,,switch,,
STEP,lamp_wholewafer_delay,,,,19,,,,,,,,,,check4,passfail,,,,fourth,,,,,,,,-9.9e-7,9.9e-7,,,,,,,,,4,switch,,
STEP,lamp_wholewafer_delay,,,,20,,,,,,,,,,switch4,open,,,,fourth,,,,,,,"2A06,2B05",,,,,,,,,,,,switch,,
STEP,lamp_wholewafer_delay,,,,21,,,,,,,,,,delay,delay,,,,,,,50,,,,,,,,,,,,,,,,switch,,
SITE,lamp_wholewafer_delay,,,,1,,,,,,,,,,NA,,,,,,-40,-6,,,,,,,,,,,,,,,,,,,
SITE,lamp_wholewafer_delay,,,,2,,,,,,,,,,A3-01,,,,,,-40,-4,,,,,,,,,,,,,,,,,,,
SITE,lamp_wholewafer_delay,,,,3,,,,,,,,,,A3-03,,,,,,-40,-2,,,,,,,,,,,,,,,,,,,
SITE,lamp_wholewafer_delay,,,,4,,,,,,,,,,A4-00,,,,,,-40,0,,,,,,,,,,,,,,,,,,,
SITE,lamp_wholewafer_delay,,,,5,,,,,,,,,,A4-02,,,,,,-40,2,,,,,,,,,,,,,,,,,,,
SITE,lamp_wholewafer_delay,,,,6,,,,,,,,,,NA,,,,,,-40,4,,,,,,,,,,,,,,,,,,,
SITE,lamp_wholewafer_delay,,,,7,,,,,,,,,,NA,,,,,,-38,-8,,,,,,,,,,,,,,,,,,,
SITE,lamp_wholewafer_delay,,,,8,,,,,,,,,,92-64,,,,,,-38,-6,,,,,,,,,,,,,,,,,,,
SITE,lamp_wholewafer_delay,,,,9,,,,,,,,,,93-61,,,,,,-38,-4,,,,,,,,,,,,,,,,,,,
SITE,lamp_wholewafer_delay,,,,10,,,,,,,,,,93-63,,,,,,-38,-2,,,,,,,,,,,,,,,,,,,
SITE,lamp_wholewafer_delay,,,,11,,,,,,,,,,94-60,,,,,,-38,0,,,,,,,,,,,,,,,,,,,
SITE,lamp_wholewafer_delay,,,,12,,,,,,,,,,94-62,,,,,,-38,2,,,,,,,,,,,,,,,,,,,
SITE,lamp_wholewafer_delay,,,,13,,,,,,,,,,94-64,,,,,,-38,4,,,,,,,,,,,,,,,,,,,
SITE,lamp_wholewafer_delay,,,,14,,,,,,,,,,95-61,,,,,,-38,6,,,,,,,,,,,,,,,,,,,
SITE,lamp_wholewafer_delay,,,,15,,,,,,,,,,NA,,,,,,-36,-10,,,,,,,,,,,,,,,,,,,
SITE,lamp_wholewafer_delay,,,,16,,,,,,,,,,92-42,,,,,,-36,-8,,,,,,,,,,,,,,,,,,,
SITE,lamp_wholewafer_delay,,,,17,,,,,,,,,,92-44,,,,,,-36,-6,,,,,,,,,,,,,,,,,,,
SITE,lamp_wholewafer_delay,,,,18,,,,,,,,,,93-41,,,,,,-36,-4,,,,,,,,,,,,,,,,,,,
SITE,lamp_wholewafer_delay,,,,19,,,,,,,,,,93-43,,,,,,-36,-2,,,,,,,,,,,,,,,,,,,
SITE,lamp_wholewafer_delay,,,,20,,,,,,,,,,94-40,,,,,,-36,0,,,,,,,,,,,,,,,,,,,
SITE,lamp_wholewafer_delay,,,,21,,,,,,,,,,94-42,,,,,,-36,2,,,,,,,,,,,,,,,,,,,
SITE,lamp_wholewafer_delay,,,,22,,,,,,,,,,94-44,,,,,,-36,4,,,,,,,,,,,,,,,,,,,
SITE,lamp_wholewafer_delay,,,,23,,,,,,,,,,95-41,,,,,,-36,6,,,,,,,,,,,,,,,,,,,
SITE,lamp_wholewafer_delay,,,,24,,,,,,,,,,95-43,,,,,,-36,8,,,,,,,,,,,,,,,,,,,
SITE,lamp_wholewafer_delay,,,,25,,,,,,,,,,NA,,,,,,-34,-12,,,,,,,,,,,,,,,,,,,
SITE,lamp_wholewafer_delay,,,,26,,,,,,,,,,92-20,,,,,,-34,-10,,,,,,,,,,,,,,,,,,,
SITE,lamp_wholewafer_delay,,,,27,,,,,,,,,,92-22,,,,,,-34,-8,,,,,,,,,,,,,,,,,,,
SITE,lamp_wholewafer_delay,,,,28,,,,,,,,,,92-24,,,,,,-34,-6,,,,,,,,,,,,,,,,,,,
SITE,lamp_wholewafer_delay,,,,29,,,,,,,,,,93-21,,,,,,-34,-4,,,,,,,,,,,,,,,,,,,
SITE,lamp_wholewafer_delay,,,,30,,,,,,,,,,93-23,,,,,,-34,-2,,,,,,,,,,,,,,,,,,,
SITE,lamp_wholewafer_delay,,,,31,,,,,,,,,,94-20,,,,,,-34,0,,,,,,,,,,,,,,,,,,,
SITE,lamp_wholewafer_delay,,,,32,,,,,,,,,,94-22,,,,,,-34,2,,,,,,,,,,,,,,,,,,,
SITE,lamp_wholewafer_delay,,,,33,,,,,,,,,,94-24,,,,,,-34,4,,,,,,,,,,,,,,,,,,,
SITE,lamp_wholewafer_delay,,,,34,,,,,,,,,,95-21,,,,,,-34,6,,,,,,,,,,,,,,,,,,,
SITE,lamp_wholewafer_delay,,,,35,,,,,,,,,,95-23,,,,,,-34,8,,,,,,,,,,,,,,,,,,,
SITE,lamp_wholewafer_delay,,,,36,,,,,,,,,,NA,,,,,,-34,10,,,,,,,,,,,,,,,,,,,
SITE,lamp_wholewafer_delay,,,,37,,,,,,,,,,91-03,,,,,,-32,-12,,,,,,,,,,,,,,,,,,,
SITE,lamp_wholewafer_delay,,,,38,,,,,,,,,,92-00,,,,,,-32,-10,,,,,,,,,,,,,,,,,,,
SITE,lamp_wholewafer_delay,,,,39,,,,,,,,,,92-02,,,,,,-32,-8,,,,,,,,,,,,,,,,,,,
SITE,lamp_wholewafer_delay,,,,40,,,,,,,,,,92-04,,,,,,-32,-6,,,,,,,,,,,,,,,,,,,
SITE,lamp_wholewafer_delay,,,,41,,,,,,,,,,93-01,,,,,,-32,-4,,,,,,,,,,,,,,,,,,,
SITE,lamp_wholewafer_delay,,,,42,,,,,,,,,,93-03,,,,,,-32,-2,,,,,,,,,,,,,,,,,,,
SITE,lamp_wholewafer_delay,,,,43,,,,,,,,,,94-00,,,,,,-32,0,,,,,,,,,,,,,,,,,,,
SITE,lamp_wholewafer_delay,,,,44,,,,,,,,,,94-02,,,,,,-32,2,,,,,,,,,,,,,,,,,,,
SITE,lamp_wholewafer_delay,,,,45,,,,,,,,,,94-04,,,,,,-32,4,,,,,,,,,,,,,,,,,,,
SITE,lamp_wholewafer_delay,,,,46,,,,,,,,,,95-01,,,,,,-32,6,,,,,,,,,,,,,,,,,,,
SITE,lamp_wholewafer_delay,,,,47,,,,,,,,,,95-03,,,,,,-32,8,,,,,,,,,,,,,,,,,,,
SITE,lamp_wholewafer_delay,,,,48,,,,,,,,,,96-00,,,,,,-32,10,,,,,,,,,,,,,,,,,,,
SITE,lamp_wholewafer_delay,,,,49,,,,,,,,,,NA,,,,,,-30,-14,,,,,,,,,,,,,,,,,,,
SITE,lamp_wholewafer_delay,,,,50,,,,,,,,,,81-63,,,,,,-30,-12,,,,,,,,,,,,,,,,,,,
SITE,lamp_wholewafer_delay,,,,51,,,,,,,,,,82-60,,,,,,-30,-10,,,,,,,,,,,,,,,,,,,
SITE,lamp_wholewafer_delay,,,,52,,,,,,,,,,82-62,,,,,,-30,-8,,,,,,,,,,,,,,,,,,,
SITE,lamp_wholewafer_delay,,,,53,,,,,,,,,,82-64,,,,,,-30,-6,,,,,,,,,,,,,,,,,,,
SITE,lamp_wholewafer_delay,,,,54,,,,,,,,,,83-61,,,,,,-30,-4,,,,,,,,,,,,,,,,,,,
SITE,lamp_wholewafer_delay,,,,55,,,,,,,,,,83-63,,,,,,-30,-2,,,,,,,,,,,,,,,,,,,
SITE,lamp_wholewafer_delay,,,,56,,,,,,,,,,84-60,,,,,,-30,0,,,,,,,,,,,,,,,,,,,
SITE,lamp_wholewafer_delay,,,,57,,,,,,,,,,84-62,,,,,,-30,2,,,,,,,,,,,,,,,,,,,
SITE,lamp_wholewafer_delay,,,,58,,,,,,,,,,84-64,,,,,,-30,4,,,,,,,,,,,,,,,,,,,
SITE,lamp_wholewafer_delay,,,,59,,,,,,,,,,85-61,,,,,,-30,6,,,,,,,,,,,,,,,,,,,
SITE,lamp_wholewafer_delay,,,,60,,,,,,,,,,85-63,,,,,,-30,8,,,,,,,,,,,,,,,,,,,
SITE,lamp_wholewafer_delay,,,,61,,,,,,,,,,86-60,,,,,,-30,10,,,,,,,,,,,,,,,,,,,
SITE,lamp_wholewafer_delay,,,,62,,,,,,,,,,86-62,,,,,,-30,12,,,,,,,,,,,,,,,,,,,
SITE,lamp_wholewafer_delay,,,,63,,,,,,,,,,81-41,,,,,,-28,-14,,,,,,,,,,,,,,,,,,,
SITE,lamp_wholewafer_delay,,,,64,,,,,,,,,,81-43,,,,,,-28,-12,,,,,,,,,,,,,,,,,,,
SITE,lamp_wholewafer_delay,,,,65,,,,,,,,,,82-40,,,,,,-28,-10,,,,,,,,,,,,,,,,,,,
SITE,lamp_wholewafer_delay,,,,66,,,,,,,,,,82-42,,,,,,-28,-8,,,,,,,,,,,,,,,,,,,
SITE,lamp_wholewafer_delay,,,,67,,,,,,,,,,82-44,,,,,,-28,-6,,,,,,,,,,,,,,,,,,,
SITE,lamp_wholewafer_delay,,,,68,,,,,,,,,,83-41,,,,,,-28,-4,,,,,,,,,,,,,,,,,,,
SITE,lamp_wholewafer_delay,,,,69,,,,,,,,,,83-43,,,,,,-28,-2,,,,,,,,,,,,,,,,,,,
SITE,lamp_wholewafer_delay,,,,70,,,,,,,,,,84-40,,,,,,-28,0,,,,,,,,,,,,,,,,,,,
SITE,lamp_wholewafer_delay,,,,71,,,,,,,,,,84-42,,,,,,-28,2,,,,,,,,,,,,,,,,,,,
SITE,lamp_wholewafer_delay,,,,72,,,,,,,,,,84-44,,,,,,-28,4,,,,,,,,,,,,,,,,,,,
SITE,lamp_wholewafer_delay,,,,73,,,,,,,,,,85-41,,,,,,-28,6,,,,,,,,,,,,,,,,,,,
SITE,lamp_wholewafer_delay,,,,74,,,,,,,,,,85-43,,,,,,-28,8,,,,,,,,,,,,,,,,,,,
SITE,lamp_wholewafer_delay,,,,75,,,,,,,,,,86-40,,,,,,-28,10,,,,,,,,,,,,,,,,,,,
SITE,lamp_wholewafer_delay,,,,76,,,,,,,,,,86-42,,,,,,-28,12,,,,,,,,,,,,,,,,,,,
SITE,lamp_wholewafer_delay,,,,77,,,,,,,,,,NA,,,,,,-26,-16,,,,,,,,,,,,,,,,,,,
SITE,lamp_wholewafer_delay,,,,78,,,,,,,,,,81-21,,,,,,-26,-14,,,,,,,,,,,,,,,,,,,
SITE,lamp_wholewafer_delay,,,,79,,,,,,,,,,81-23,,,,,,-26,-12,,,,,,,,,,,,,,,,,,,
SITE,lamp_wholewafer_delay,,,,80,,,,,,,,,,82-20,,,,,,-26,-10,,,,,,,,,,,,,,,,,,,
SITE,lamp_wholewafer_delay,,,,81,,,,,,,,,,82-22,,,,,,-26,-8,,,,,,,,,,,,,,,,,,,
SITE,lamp_wholewafer_delay,,,,82,,,,,,,,,,82-24,,,,,,-26,-6,,,,,,,,,,,,,,,,,,,
SITE,lamp_wholewafer_delay,,,,83,,,,,,,,,,83-21,,,,,,-26,-4,,,,,,,,,,,,,,,,,,,
SITE,lamp_wholewafer_delay,,,,84,,,,,,,,,,83-23,,,,,,-26,-2,,,,,,,,,,,,,,,,,,,
SITE,lamp_wholewafer_delay,,,,85,,,,,,,,,,84-20,,,,,,-26,0,,,,,,,,,,,,,,,,,,,
SITE,lamp_wholewafer_delay,,,,86,,,,,,,,,,84-22,,,,,,-26,2,,,,,,,,,,,,,,,,,,,
SITE,lamp_wholewafer_delay,,,,87,,,,,,,,,,84-24,,,,,,-26,4,,,,,,,,,,,,,,,,,,,
SITE,lamp_wholewafer_delay,,,,88,,,,,,,,,,85-21,,,,,,-26,6,,,,,,,,,,,,,,,,,,,
SITE,lamp_wholewafer_delay,,,,89,,,,,,,,,,85-23,,,,,,-26,8,,,,,,,,,,,,,,,,,,,
SITE,lamp_wholewafer_delay,,,,90,,,,,,,,,,86-20,,,,,,-26,10,,,,,,,,,,,,,,,,,,,
SITE,lamp_wholewafer_delay,,,,91,,,,,,,,,,86-22,,,,,,-26,12,,,,,,,,,,,,,,,,,,,
SITE,lamp_wholewafer_delay,,,,92,,,,,,,,,,NA,,,,,,-26,14,,,,,,,,,,,,,,,,,,,
SITE,lamp_wholewafer_delay,,,,93,,,,,,,,,,NA,,,,,,-24,-16,,,,,,,,,,,,,,,,,,,
SITE,lamp_wholewafer_delay,,,,94,,,,,,,,,,81-01,,,,,,-24,-14,,,,,,,,,,,,,,,,,,,
SITE,lamp_wholewafer_delay,,,,95,,,,,,,,,,81-03,,,,,,-24,-12,,,,,,,,,,,,,,,,,,,
SITE,lamp_wholewafer_delay,,,,96,,,,,,,,,,82-00,,,,,,-24,-10,,,,,,,,,,,,,,,,,,,
SITE,lamp_wholewafer_delay,,,,97,,,,,,,,,,82-02,,,,,,-24,-8,,,,,,,,,,,,,,,,,,,
SITE,lamp_wholewafer_delay,,,,98,,,,,,,,,,82-04,,,,,,-24,-6,,,,,,,,,,,,,,,,,,,
SITE,lamp_wholewafer_delay,,,,99,,,,,,,,,,83-01,,,,,,-24,-4,,,,,,,,,,,,,,,,,,,
SITE,lamp_wholewafer_delay,,,,100,,,,,,,,,,83-03,,,,,,-24,-2,,,,,,,,,,,,,,,,,,,
SITE,lamp_wholewafer_delay,,,,101,,,,,,,,,,84-00,,,,,,-24,0,,,,,,,,,,,,,,,,,,,
SITE,lamp_wholewafer_delay,,,,102,,,,,,,,,,84-02,,,,,,-24,2,,,,,,,,,,,,,,,,,,,
SITE,lamp_wholewafer_delay,,,,103,,,,,,,,,,84-04,,,,,,-24,4,,,,,,,,,,,,,,,,,,,
SITE,lamp_wholewafer_delay,,,,104,,,,,,,,,,85-01,,,,,,-24,6,,,,,,,,,,,,,,,,,,,
SITE,lamp_wholewafer_delay,,,,105,,,,,,,,,,85-03,,,,,,-24,8,,,,,,,,,,,,,,,,,,,
SITE,lamp_wholewafer_delay,,,,106,,,,,,,,,,86-00,,,,,,-24,10,,,,,,,,,,,,,,,,,,,
SITE,lamp_wholewafer_delay,,,,107,,,,,,,,,,86-02,,,,,,-24,12,,,,,,,,,,,,,,,,,,,
SITE,lamp_wholewafer_delay,,,,108,,,,,,,,,,86-04,,,,,,-24,14,,,,,,,,,,,,,,,,,,,
SITE,lamp_wholewafer_delay,,,,109,,,,,,,,,,70-64,,,,,,-22,-16,,,,,,,,,,,,,,,,,,,
SITE,lamp_wholewafer_delay,,,,110,,,,,,,,,,71-61,,,,,,-22,-14,,,,,,,,,,,,,,,,,,,
SITE,lamp_wholewafer_delay,,,,111,,,,,,,,,,71-63,,,,,,-22,-12,,,,,,,,,,,,,,,,,,,
SITE,lamp_wholewafer_delay,,,,112,,,,,,,,,,72-60,,,,,,-22,-10,,,,,,,,,,,,,,,,,,,
SITE,lamp_wholewafer_delay,,,,113,,,,,,,,,,72-62,,,,,,-22,-8,,,,,,,,,,,,,,,,,,,
SITE,lamp_wholewafer_delay,,,,114,,,,,,,,,,72-64,,,,,,-22,-6,,,,,,,,,,,,,,,,,,,
SITE,lamp_wholewafer_delay,,,,115,,,,,,,,,,73-61,,,,,,-22,-4,,,,,,,,,,,,,,,,,,,
SITE,lamp_wholewafer_delay,,,,116,,,,,,,,,,73-63,,,,,,-22,-2,,,,,,,,,,,,,,,,,,,
SITE,lamp_wholewafer_delay,,,,117,,,,,,,,,,74-60,,,,,,-22,0,,,,,,,,,,,,,,,,,,,
SITE,lamp_wholewafer_delay,,,,118,,,,,,,,,,74-62,,,,,,-22,2,,,,,,,,,,,,,,,,,,,
SITE,lamp_wholewafer_delay,,,,119,,,,,,,,,,74-64,,,,,,-22,4,,,,,,,,,,,,,,,,,,,
SITE,lamp_wholewafer_delay,,,,120,,,,,,,,,,75-61,,,,,,-22,6,,,,,,,,,,,,,,,,,,,
SITE,lamp_wholewafer_delay,,,,121,,,,,,,,,,75-63,,,,,,-22,8,,,,,,,,,,,,,,,,,,,
SITE,lamp_wholewafer_delay,,,,122,,,,,,,,,,76-60,,,,,,-22,10,,,,,,,,,,,,,,,,,,,
SITE,lamp_wholewafer_delay,,,,123,,,,,,,,,,76-62,,,,,,-22,12,,,,,,,,,,,,,,,,,,,
SITE,lamp_wholewafer_delay,,,,124,,,,,,,,,,76-64,,,,,,-22,14,,,,,,,,,,,,,,,,,,,
SITE,lamp_wholewafer_delay,,,,125,,,,,,,,,,NA,,,,,,-20,-18,,,,,,,,,,,,,,,,,,,
SITE,lamp_wholewafer_delay,,,,126,,,,,,,,,,70-44,,,,,,-20,-16,,,,,,,,,,,,,,,,,,,
SITE,lamp_wholewafer_delay,,,,127,,,,,,,,,,71-41,,,,,,-20,-14,,,,,,,,,,,,,,,,,,,
SITE,lamp_wholewafer_delay,,,,128,,,,,,,,,,71-43,,,,,,-20,-12,,,,,,,,,,,,,,,,,,,
SITE,lamp_wholewafer_delay,,,,129,,,,,,,,,,72-40,,,,,,-20,-10,,,,,,,,,,,,,,,,,,,
SITE,lamp_wholewafer_delay,,,,130,,,,,,,,,,72-42,,,,,,-20,-8,,,,,,,,,,,,,,,,,,,
SITE,lamp_wholewafer_delay,,,,131,,,,,,,,,,72-44,,,,,,-20,-6,,,,,,,,,,,,,,,,,,,
SITE,lamp_wholewafer_delay,,,,132,,,,,,,,,,73-41,,,,,,-20,-4,,,,,,,,,,,,,,,,,,,
SITE,lamp_wholewafer_delay,,,,133,,,,,,,,,,73-43,,,,,,-20,-2,,,,,,,,,,,,,,,,,,,
SITE,lamp_wholewafer_delay,,,,134,,,,,,,,,,74-40,,,,,,-20,0,,,,,,,,,,,,,,,,,,,
SITE,lamp_wholewafer_delay,,,,135,,,,,,,,,,74-42,,,,,,-20,2,,,,,,,,,,,,,,,,,,,
SITE,lamp_wholewafer_delay,,,,136,,,,,,,,,,74-44,,,,,,-20,4,,,,,,,,,,,,,,,,,,,
SITE,lamp_wholewafer_delay,,,,137,,,,,,,,,,75-41,,,,,,-20,6,,,,,,,,,,,,,,,,,,,
SITE,lamp_wholewafer_delay,,,,138,,,,,,,,,,75-43,,,,,,-20,8,,,,,,,,,,,,,,,,,,,
SITE,lamp_wholewafer_delay,,,,139,,,,,,,,,,76-40,,,,,,-20,10,,,,,,,,,,,,,,,,,,,
SITE,lamp_wholewafer_delay,,,,140,,,,,,,,,,76-42,,,,,,-20,12,,,,,,,,,,,,,,,,,,,
SITE,lamp_wholewafer_delay,,,,141,,,,,,,,,,76-44,,,,,,-20,14,,,,,,,,,,,,,,,,,,,
SITE,lamp_wholewafer_delay,,,,142,,,,,,,,,,NA,,,,,,-20,16,,,,,,,,,,,,,,,,,,,
SITE,lamp_wholewafer_delay,,,,143,,,,,,,,,,NA,,,,,,-18,-18,,,,,,,,,,,,,,,,,,,
SITE,lamp_wholewafer_delay,,,,144,,,,,,,,,,70-24,,,,,,-18,-16,,,,,,,,,,,,,,,,,,,
SITE,lamp_wholewafer_delay,,,,145,,,,,,,,,,71-21,,,,,,-18,-14,,,,,,,,,,,,,,,,,,,
SITE,lamp_wholewafer_delay,,,,146,,,,,,,,,,71-23,,,,,,-18,-12,,,,,,,,,,,,,,,,,,,
SITE,lamp_wholewafer_delay,,,,147,,,,,,,,,,72-20,,,,,,-18,-10,,,,,,,,,,,,,,,,,,,
SITE,lamp_wholewafer_delay,,,,148,,,,,,,,,,72-22,,,,,,-18,-8,,,,,,,,,,,,,,,,,,,
SITE,lamp_wholewafer_delay,,,,149,,,,,,,,,,72-24,,,,,,-18,-6,,,,,,,,,,,,,,,,,,,
SITE,lamp_wholewafer_delay,,,,150,,,,,,,,,,73-21,,,,,,-18,-4,,,,,,,,,,,,,,,,,,,
SITE,lamp_wholewafer_delay,,,,151,,,,,,,,,,73-23,,,,,,-18,-2,,,,,,,,,,,,,,,,,,,
SITE,lamp_wholewafer_delay,,,,152,,,,,,,,,,74-20,,,,,,-18,0,,,,,,,,,,,,,,,,,,,
SITE,lamp_wholewafer_delay,,,,153,,,,,,,,,,74-22,,,,,,-18,2,,,,,,,,,,,,,,,,,,,
SITE,lamp_wholewafer_delay,,,,154,,,,,,,,,,74-24,,,,,,-18,4,,,,,,,,,,,,,,,,,,,
SITE,lamp_wholewafer_delay,,,,155,,,,,,,,,,75-21,,,,,,-18,6,,,,,,,,,,,,,,,,,,,
SITE,lamp_wholewafer_delay,,,,156,,,,,,,,,,75-23,,,,,,-18,8,,,,,,,,,,,,,,,,,,,
SITE,lamp_wholewafer_delay,,,,157,,,,,,,,,,76-20,,,,,,-18,10,,,,,,,,,,,,,,,,,,,
SITE,lamp_wholewafer_delay,,,,158,,,,,,,,,,76-22,,,,,,-18,12,,,,,,,,,,,,,,,,,,,
SITE,lamp_wholewafer_delay,,,,159,,,,,,,,,,76-24,,,,,,-18,14,,,,,,,,,,,,,,,,,,,
SITE,lamp_wholewafer_delay,,,,160,,,,,,,,,,77-21,,,,,,-18,16,,,,,,,,,,,,,,,,,,,
SITE,lamp_wholewafer_delay,,,,161,,,,,,,,,,NA,,,,,,-16,-18,,,,,,,,,,,,,,,,,,,
SITE,lamp_wholewafer_delay,,,,162,,,,,,,,,,70-04,,,,,,-16,-16,,,,,,,,,,,,,,,,,,,
SITE,lamp_wholewafer_delay,,,,163,,,,,,,,,,71-01,,,,,,-16,-14,,,,,,,,,,,,,,,,,,,
SITE,lamp_wholewafer_delay,,,,164,,,,,,,,,,71-03,,,,,,-16,-12,,,,,,,,,,,,,,,,,,,
SITE,lamp_wholewafer_delay,,,,165,,,,,,,,,,72-00,,,,,,-16,-10,,,,,,,,,,,,,,,,,,,
SITE,lamp_wholewafer_delay,,,,166,,,,,,,,,,72-02,,,,,,-16,-8,,,,,,,,,,,,,,,,,,,
SITE,lamp_wholewafer_delay,,,,167,,,,,,,,,,72-04,,,,,,-16,-6,,,,,,,,,,,,,,,,,,,
SITE,lamp_wholewafer_delay,,,,168,,,,,,,,,,73-01,,,,,,-16,-4,,,,,,,,,,,,,,,,,,,
SITE,lamp_wholewafer_delay,,,,169,,,,,,,,,,73-03,,,,,,-16,-2,,,,,,,,,,,,,,,,,,,
SITE,lamp_wholewafer_delay,,,,170,,,,,,,,,,74-00,,,,,,-16,0,,,,,,,,,,,,,,,,,,,
SITE,lamp_wholewafer_delay,,,,171,,,,,,,,,,74-02,,,,,,-16,2,,,,,,,,,,,,,,,,,,,
SITE,lamp_wholewafer_delay,,,,172,,,,,,,,,,74-04,,,,,,-16,4,,,,,,,,,,,,,,,,,,,
SITE,lamp_wholewafer_delay,,,,173,,,,,,,,,,75-01,,,,,,-16,6,,,,,,,,,,,,,,,,,,,
SITE,lamp_wholewafer_delay,,,,174,,,,,,,,,,75-03,,,,,,-16,8,,,,,,,,,,,,,,,,,,,
SITE,lamp_wholewafer_delay,,,,175,,,,,,,,,,76-00,,,,,,-16,10,,,,,,,,,,,,,,,,,,,
SITE,lamp_wholewafer_delay,,,,176,,,,,,,,,,76-02,,,,,,-16,12,,,,,,,,,,,,,,,,,,,
SITE,lamp_wholewafer_delay,,,,177,,,,,,,,,,76-04,,,,,,-16,14,,,,,,,,,,,,,,,,,,,
SITE,lamp_wholewafer_delay,,,,178,,,,,,,,,,77-01,,,,,,-16,16,,,,,,,,,,,,,,,,,,,
SITE,lamp_wholewafer_delay,,,,179,,,,,,,,,,60-62,,,,,,-14,-18,,,,,,,,,,,,,,,,,,,
SITE,lamp_wholewafer_delay,,,,180,,,,,,,,,,60-64,,,,,,-14,-16,,,,,,,,,,,,,,,,,,,
SITE,lamp_wholewafer_delay,,,,181,,,,,,,,,,61-61,,,,,,-14,-14,,,,,,,,,,,,,,,,,,,
SITE,lamp_wholewafer_delay,,,,182,,,,,,,,,,61-63,,,,,,-14,-12,,,,,,,,,,,,,,,,,,,
SITE,lamp_wholewafer_delay,,,,183,,,,,,,,,,62-60,,,,,,-14,-10,,,,,,,,,,,,,,,,,,,
SITE,lamp_wholewafer_delay,,,,184,,,,,,,,,,62-62,,,,,,-14,-8,,,,,,,,,,,,,,,,,,,
SITE,lamp_wholewafer_delay,,,,185,,,,,,,,,,62-64,,,,,,-14,-6,,,,,,,,,,,,,,,,,,,
SITE,lamp_wholewafer_delay,,,,186,,,,,,,,,,63-61,,,,,,-14,-4,,,,,,,,,,,,,,,,,,,
SITE,lamp_wholewafer_delay,,,,187,,,,,,,,,,63-63,,,,,,-14,-2,,,,,,,,,,,,,,,,,,,
SITE,lamp_wholewafer_delay,,,,188,,,,,,,,,,64-60,,,,,,-14,0,,,,,,,,,,,,,,,,,,,
SITE,lamp_wholewafer_delay,,,,189,,,,,,,,,,64-62,,,,,,-14,2,,,,,,,,,,,,,,,,,,,
SITE,lamp_wholewafer_delay,,,,190,,,,,,,,,,64-64,,,,,,-14,4,,,,,,,,,,,,,,,,,,,
SITE,lamp_wholewafer_delay,,,,191,,,,,,,,,,65-61,,,,,,-14,6,,,,,,,,,,,,,,,,,,,
SITE,lamp_wholewafer_delay,,,,192,,,,,,,,,,65-63,,,,,,-14,8,,,,,,,,,,,,,,,,,,,
SITE,lamp_wholewafer_delay,,,,193,,,,,,,,,,66-60,,,,,,-14,10,,,,,,,,,,,,,,,,,,,
SITE,lamp_wholewafer_delay,,,,194,,,,,,,,,,66-62,,,,,,-14,12,,,,,,,,,,,,,,,,,,,
SITE,lamp_wholewafer_delay,,,,195,,,,,,,,,,66-64,,,,,,-14,14,,,,,,,,,,,,,,,,,,,
SITE,lamp_wholewafer_delay,,,,196,,,,,,,,,,67-61,,,,,,-14,16,,,,,,,,,,,,,,,,,,,
SITE,lamp_wholewafer_delay,,,,197,,,,,,,,,,60-42,,,,,,-12,-18,,,,,,,,,,,,,,,,,,,
SITE,lamp_wholewafer_delay,,,,198,,,,,,,,,,60-44,,,,,,-12,-16,,,,,,,,,,,,,,,,,,,
SITE,lamp_wholewafer_delay,,,,199,,,,,,,,,,61-41,,,,,,-12,-14,,,,,,,,,,,,,,,,,,,
SITE,lamp_wholewafer_delay,,,,200,,,,,,,,,,61-43,,,,,,-12,-12,,,,,,,,,,,,,,,,,,,
SITE,lamp_wholewafer_delay,,,,201,,,,,,,,,,62-40,,,,,,-12,-10,,,,,,,,,,,,,,,,,,,
SITE,lamp_wholewafer_delay,,,,202,,,,,,,,,,62-42,,,,,,-12,-8,,,,,,,,,,,,,,,,,,,
SITE,lamp_wholewafer_delay,,,,203,,,,,,,,,,62-44,,,,,,-12,-6,,,,,,,,,,,,,,,,,,,
SITE,lamp_wholewafer_delay,,,,204,,,,,,,,,,63-41,,,,,,-12,-4,,,,,,,,,,,,,,,,,,,
SITE,lamp_wholewafer_delay,,,,205,,,,,,,,,,63-43,,,,,,-12,-2,,,,,,,,,,,,,,,,,,,
SITE,lamp_wholewafer_delay,,,,206,,,,,,,,,,64-40,,,,,,-12,0,,,,,,,,,,,,,,,,,,,
SITE,lamp_wholewafer_delay,,,,207,,,,,,,,,,64-42,,,,,,-12,2,,,,,,,,,,,,,,,,,,,
SITE,lamp_wholewafer_delay,,,,208,,,,,,,,,,64-44,,,,,,-12,4,,,,,,,,,,,,,,,,,,,
SITE,lamp_wholewafer_delay,,,,209,,,,,,,,,,65-41,,,,,,-12,6,,,,,,,,,,,,,,,,,,,
SITE,lamp_wholewafer_delay,,,,210,,,,,,,,,,65-43,,,,,,-12,8,,,,,,,,,,,,,,,,,,,
SITE,lamp_wholewafer_delay,,,,211,,,,,,,,,,66-40,,,,,,-12,10,,,,,,,,,,,,,,,,,,,
SITE,lamp_wholewafer_delay,,,,212,,,,,,,,,,66-42,,,,,,-12,12,,,,,,,,,,,,,,,,,,,
SITE,lamp_wholewafer_delay,,,,213,,,,,,,,,,66-44,,,,,,-12,14,,,,,,,,,,,,,,,,,,,
SITE,lamp_wholewafer_delay,,,,214,,,,,,,,,,67-41,,,,,,-12,16,,,,,,,,,,,,,,,,,,,
SITE,lamp_wholewafer_delay,,,,215,,,,,,,,,,60-22,,,,,,-10,-18,,,,,,,,,,,,,,,,,,,
SITE,lamp_wholewafer_delay,,,,216,,,,,,,,,,60-24,,,,,,-10,-16,,,,,,,,,,,,,,,,,,,
SITE,lamp_wholewafer_delay,,,,217,,,,,,,,,,61-21,,,,,,-10,-14,,,,,,,,,,,,,,,,,,,
SITE,lamp_wholewafer_delay,,,,218,,,,,,,,,,61-23,,,,,,-10,-12,,,,,,,,,,,,,,,,,,,
SITE,lamp_wholewafer_delay,,,,219,,,,,,,,,,62-20,,,,,,-10,-10,,,,,,,,,,,,,,,,,,,
SITE,lamp_wholewafer_delay,,,,220,,,,,,,,,,62-22,,,,,,-10,-8,,,,,,,,,,,,,,,,,,,
SITE,lamp_wholewafer_delay,,,,221,,,,,,,,,,62-24,,,,,,-10,-6,,,,,,,,,,,,,,,,,,,
SITE,lamp_wholewafer_delay,,,,222,,,,,,,,,,63-21,,,,,,-10,-4,,,,,,,,,,,,,,,,,,,
SITE,lamp_wholewafer_delay,,,,223,,,,,,,,,,63-23,,,,,,-10,-2,,,,,,,,,,,,,,,,,,,
SITE,lamp_wholewafer_delay,,,,224,,,,,,,,,,64-20,,,,,,-10,0,,,,,,,,,,,,,,,,,,,
SITE,lamp_wholewafer_delay,,,,225,,,,,,,,,,64-22,,,,,,-10,2,,,,,,,,,,,,,,,,,,,
SITE,lamp_wholewafer_delay,,,,226,,,,,,,,,,64-24,,,,,,-10,4,,,,,,,,,,,,,,,,,,,
SITE,lamp_wholewafer_delay,,,,227,,,,,,,,,,65-21,,,,,,-10,6,,,,,,,,,,,,,,,,,,,
SITE,lamp_wholewafer_delay,,,,228,,,,,,,,,,65-23,,,,,,-10,8,,,,,,,,,,,,,,,,,,,
SITE,lamp_wholewafer_delay,,,,229,,,,,,,,,,66-20,,,,,,-10,10,,,,,,,,,,,,,,,,,,,
SITE,lamp_wholewafer_delay,,,,230,,,,,,,,,,66-22,,,,,,-10,12,,,,,,,,,,,,,,,,,,,
SITE,lamp_wholewafer_delay,,,,231,,,,,,,,,,66-24,,,,,,-10,14,,,,,,,,,,,,,,,,,,,
SITE,lamp_wholewafer_delay,,,,232,,,,,,,,,,67-21,,,,,,-10,16,,,,,,,,,,,,,,,,,,,
SITE,lamp_wholewafer_delay,,,,233,,,,,,,,,,NA,,,,,,-8,-20,,,,,,,,,,,,,,,,,,,
SITE,lamp_wholewafer_delay,,,,234,,,,,,,,,,60-02,,,,,,-8,-18,,,,,,,,,,,,,,,,,,,
SITE,lamp_wholewafer_delay,,,,235,,,,,,,,,,60-04,,,,,,-8,-16,,,,,,,,,,,,,,,,,,,
SITE,lamp_wholewafer_delay,,,,236,,,,,,,,,,61-01,,,,,,-8,-14,,,,,,,,,,,,,,,,,,,
SITE,lamp_wholewafer_delay,,,,237,,,,,,,,,,61-03,,,,,,-8,-12,,,,,,,,,,,,,,,,,,,
SITE,lamp_wholewafer_delay,,,,238,,,,,,,,,,62-00,,,,,,-8,-10,,,,,,,,,,,,,,,,,,,
SITE,lamp_wholewafer_delay,,,,239,,,,,,,,,,62-02,,,,,,-8,-8,,,,,,,,,,,,,,,,,,,
SITE,lamp_wholewafer_delay,,,,240,,,,,,,,,,62-04,,,,,,-8,-6,,,,,,,,,,,,,,,,,,,
SITE,lamp_wholewafer_delay,,,,241,,,,,,,,,,63-01,,,,,,-8,-4,,,,,,,,,,,,,,,,,,,
SITE,lamp_wholewafer_delay,,,,242,,,,,,,,,,63-03,,,,,,-8,-2,,,,,,,,,,,,,,,,,,,
SITE,lamp_wholewafer_delay,,,,243,,,,,,,,,,64-00,,,,,,-8,0,,,,,,,,,,,,,,,,,,,
SITE,lamp_wholewafer_delay,,,,244,,,,,,,,,,64-02,,,,,,-8,2,,,,,,,,,,,,,,,,,,,
SITE,lamp_wholewafer_delay,,,,245,,,,,,,,,,64-04,,,,,,-8,4,,,,,,,,,,,,,,,,,,,
SITE,lamp_wholewafer_delay,,,,246,,,,,,,,,,65-01,,,,,,-8,6,,,,,,,,,,,,,,,,,,,
SITE,lamp_wholewafer_delay,,,,247,,,,,,,,,,65-03,,,,,,-8,8,,,,,,,,,,,,,,,,,,,
SITE,lamp_wholewafer_delay,,,,248,,,,,,,,,,66-00,,,,,,-8,10,,,,,,,,,,,,,,,,,,,
SITE,lamp_wholewafer_delay,,,,249,,,,,,,,,,66-02,,,,,,-8,12,,,,,,,,,,,,,,,,,,,
SITE,lamp_wholewafer_delay,,,,250,,,,,,,,,,66-04,,,,,,-8,14,,,,,,,,,,,,,,,,,,,
SITE,lamp_wholewafer_delay,,,,251,,,,,,,,,,67-01,,,,,,-8,16,,,,,,,,,,,,,,,,,,,
SITE,lamp_wholewafer_delay,,,,252,,,,,,,,,,NA,,,,,,-8,18,,,,,,,,,,,,,,,,,,,
SITE,lamp_wholewafer_delay,,,,253,,,,,,,,,,NA,,,,,,-6,-20,,,,,,,,,,,,,,,,,,,
SITE,lamp_wholewafer_delay,,,,254,,,,,,,,,,50-62,,,,,,-6,-18,,,,,,,,,,,,,,,,,,,
SITE,lamp_wholewafer_delay,,,,255,,,,,,,,,,50-64,,,,,,-6,-16,,,,,,,,,,,,,,,,,,,
SITE,lamp_wholewafer_delay,,,,256,,,,,,,,,,51-61,,,,,,-6,-14,,,,,,,,,,,,,,,,,,,
SITE,lamp_wholewafer_delay,,,,257,,,,,,,,,,51-63,,,,,,-6,-12,,,,,,,,,,,,,,,,,,,
SITE,lamp_wholewafer_delay,,,,258,,,,,,,,,,52-60,,,,,,-6,-10,,,,,,,,,,,,,,,,,,,
SITE,lamp_wholewafer_delay,,,,259,,,,,,,,,,52-62,,,,,,-6,-8,,,,,,,,,,,,,,,,,,,
SITE,lamp_wholewafer_delay,,,,260,,,,,,,,,,52-64,,,,,,-6,-6,,,,,,,,,,,,,,,,,,,
SITE,lamp_wholewafer_delay,,,,261,,,,,,,,,,53-61,,,,,,-6,-4,,,,,,,,,,,,,,,,,,,
SITE,lamp_wholewafer_delay,,,,262,,,,,,,,,,53-63,,,,,,-6,-2,,,,,,,,,,,,,,,,,,,
SITE,lamp_wholewafer_delay,,,,263,,,,,,,,,,54-60,,,,,,-6,0,,,,,,,,,,,,,,,,,,,
SITE,lamp_wholewafer_delay,,,,264,,,,,,,,,,54-62,,,,,,-6,2,,,,,,,,,,,,,,,,,,,
SITE,lamp_wholewafer_delay,,,,265,,,,,,,,,,54-64,,,,,,-6,4,,,,,,,,,,,,,,,,,,,
SITE,lamp_wholewafer_delay,,,,266,,,,,,,,,,55-61,,,,,,-6,6,,,,,,,,,,,,,,,,,,,
SITE,lamp_wholewafer_delay,,,,267,,,,,,,,,,55-63,,,,,,-6,8,,,,,,,,,,,,,,,,,,,
SITE,lamp_wholewafer_delay,,,,268,,,,,,,,,,56-60,,,,,,-6,10,,,,,,,,,,,,,,,,,,,
SITE,lamp_wholewafer_delay,,,,269,,,,,,,,,,56-62,,,,,,-6,12,,,,,,,,,,,,,,,,,,,
SITE,lamp_wholewafer_delay,,,,270,,,,,,,,,,56-64,,,,,,-6,14,,,,,,,,,,,,,,,,,,,
SITE,lamp_wholewafer_delay,,,,271,,,,,,,,,,57-61,,,,,,-6,16,,,,,,,,,,,,,,,,,,,
SITE,lamp_wholewafer_delay,,,,272,,,,,,,,,,57-63,,,,,,-6,18,,,,,,,,,,,,,,,,,,,
SITE,lamp_wholewafer_delay,,,,273,,,,,,,,,,NA,,,,,,-4,-20,,,,,,,,,,,,,,,,,,,
SITE,lamp_wholewafer_delay,,,,274,,,,,,,,,,50-42,,,,,,-4,-18,,,,,,,,,,,,,,,,,,,
SITE,lamp_wholewafer_delay,,,,275,,,,,,,,,,50-44,,,,,,-4,-16,,,,,,,,,,,,,,,,,,,
SITE,lamp_wholewafer_delay,,,,276,,,,,,,,,,51-41,,,,,,-4,-14,,,,,,,,,,,,,,,,,,,
SITE,lamp_wholewafer_delay,,,,277,,,,,,,,,,51-43,,,,,,-4,-12,,,,,,,,,,,,,,,,,,,
SITE,lamp_wholewafer_delay,,,,278,,,,,,,,,,52-40,,,,,,-4,-10,,,,,,,,,,,,,,,,,,,
SITE,lamp_wholewafer_delay,,,,279,,,,,,,,,,52-42,,,,,,-4,-8,,,,,,,,,,,,,,,,,,,
SITE,lamp_wholewafer_delay,,,,280,,,,,,,,,,52-44,,,,,,-4,-6,,,,,,,,,,,,,,,,,,,
SITE,lamp_wholewafer_delay,,,,281,,,,,,,,,,53-41,,,,,,-4,-4,,,,,,,,,,,,,,,,,,,
SITE,lamp_wholewafer_delay,,,,282,,,,,,,,,,53-43,,,,,,-4,-2,,,,,,,,,,,,,,,,,,,
SITE,lamp_wholewafer_delay,,,,283,,,,,,,,,,54-40,,,,,,-4,0,,,,,,,,,,,,,,,,,,,
SITE,lamp_wholewafer_delay,,,,284,,,,,,,,,,54-42,,,,,,-4,2,,,,,,,,,,,,,,,,,,,
SITE,lamp_wholewafer_delay,,,,285,,,,,,,,,,54-44,,,,,,-4,4,,,,,,,,,,,,,,,,,,,
SITE,lamp_wholewafer_delay,,,,286,,,,,,,,,,55-41,,,,,,-4,6,,,,,,,,,,,,,,,,,,,
SITE,lamp_wholewafer_delay,,,,287,,,,,,,,,,55-43,,,,,,-4,8,,,,,,,,,,,,,,,,,,,
SITE,lamp_wholewafer_delay,,,,288,,,,,,,,,,56-40,,,,,,-4,10,,,,,,,,,,,,,,,,,,,
SITE,lamp_wholewafer_delay,,,,289,,,,,,,,,,56-42,,,,,,-4,12,,,,,,,,,,,,,,,,,,,
SITE,lamp_wholewafer_delay,,,,290,,,,,,,,,,56-44,,,,,,-4,14,,,,,,,,,,,,,,,,,,,
SITE,lamp_wholewafer_delay,,,,291,,,,,,,,,,57-41,,,,,,-4,16,,,,,,,,,,,,,,,,,,,
SITE,lamp_wholewafer_delay,,,,292,,,,,,,,,,57-43,,,,,,-4,18,,,,,,,,,,,,,,,,,,,
SITE,lamp_wholewafer_delay,,,,293,,,,,,,,,,NA,,,,,,-2,-20,,,,,,,,,,,,,,,,,,,
SITE,lamp_wholewafer_delay,,,,294,,,,,,,,,,50-22,,,,,,-2,-18,,,,,,,,,,,,,,,,,,,
SITE,lamp_wholewafer_delay,,,,295,,,,,,,,,,50-24,,,,,,-2,-16,,,,,,,,,,,,,,,,,,,
SITE,lamp_wholewafer_delay,,,,296,,,,,,,,,,51-21,,,,,,-2,-14,,,,,,,,,,,,,,,,,,,
SITE,lamp_wholewafer_delay,,,,297,,,,,,,,,,51-23,,,,,,-2,-12,,,,,,,,,,,,,,,,,,,
SITE,lamp_wholewafer_delay,,,,298,,,,,,,,,,52-20,,,,,,-2,-10,,,,,,,,,,,,,,,,,,,
SITE,lamp_wholewafer_delay,,,,299,,,,,,,,,,52-22,,,,,,-2,-8,,,,,,,,,,,,,,,,,,,
SITE,lamp_wholewafer_delay,,,,300,,,,,,,,,,52-24,,,,,,-2,-6,,,,,,,,,,,,,,,,,,,
SITE,lamp_wholewafer_delay,,,,301,,,,,,,,,,53-21,,,,,,-2,-4,,,,,,,,,,,,,,,,,,,
SITE,lamp_wholewafer_delay,,,,302,,,,,,,,,,53-23,,,,,,-2,-2,,,,,,,,,,,,,,,,,,,
SITE,lamp_wholewafer_delay,,,,303,,,,,,,,,,54-20,,,,,,-2,0,,,,,,,,,,,,,,,,,,,
SITE,lamp_wholewafer_delay,,,,304,,,,,,,,,,54-22,,,,,,-2,2,,,,,,,,,,,,,,,,,,,
SITE,lamp_wholewafer_delay,,,,305,,,,,,,,,,54-24,,,,,,-2,4,,,,,,,,,,,,,,,,,,,
SITE,lamp_wholewafer_delay,,,,306,,,,,,,,,,55-21,,,,,,-2,6,,,,,,,,,,,,,,,,,,,
SITE,lamp_wholewafer_delay,,,,307,,,,,,,,,,55-23,,,,,,-2,8,,,,,,,,,,,,,,,,,,,
SITE,lamp_wholewafer_delay,,,,308,,,,,,,,,,56-20,,,,,,-2,10,,,,,,,,,,,,,,,,,,,
SITE,lamp_wholewafer_delay,,,,309,,,,,,,,,,56-22,,,,,,-2,12,,,,,,,,,,,,,,,,,,,
SITE,lamp_wholewafer_delay,,,,310,,,,,,,,,,56-24,,,,,,-2,14,,,,,,,,,,,,,,,,,,,
SITE,lamp_wholewafer_delay,,,,311,,,,,,,,,,57-21,,,,,,-2,16,,,,,,,,,,,,,,,,,,,
SITE,lamp_wholewafer_delay,,,,312,,,,,,,,,,57-23,,,,,,-2,18,,,,,,,,,,,,,,,,,,,
SITE,lamp_wholewafer_delay,,,,313,,,,,,,,,,NA,,,,,,0,-20,,,,,,,,,,,,,,,,,,,
SITE,lamp_wholewafer_delay,,,,314,,,,,,,,,,50-02,,,,,,0,-18,,,,,,,,,,,,,,,,,,,
SITE,lamp_wholewafer_delay,,,,315,,,,,,,,,,50-04,,,,,,0,-16,,,,,,,,,,,,,,,,,,,
SITE,lamp_wholewafer_delay,,,,316,,,,,,,,,,TARGET,,,,,,0,-14,,,,,,,,,,,,,,,,,,,
SITE,lamp_wholewafer_delay,,,,317,,,,,,,,,,TARGET,,,,,,0,-12,,,,,,,,,,,,,,,,,,,
SITE,lamp_wholewafer_delay,,,,318,,,,,,,,,,52-00,,,,,,0,-10,,,,,,,,,,,,,,,,,,,
SITE,lamp_wholewafer_delay,,,,319,,,,,,,,,,52-02,,,,,,0,-8,,,,,,,,,,,,,,,,,,,
SITE,lamp_wholewafer_delay,,,,320,,,,,,,,,,52-04,,,,,,0,-6,,,,,,,,,,,,,,,,,,,
SITE,lamp_wholewafer_delay,,,,321,,,,,,,,,,53-01,,,,,,0,-4,,,,,,,,,,,,,,,,,,,
SITE,lamp_wholewafer_delay,,,,322,,,,,,,,,,53-03,,,,,,0,-2,,,,,,,,,,,,,,,,,,,
SITE,lamp_wholewafer_delay,,,,323,,,,,,,,,,54-00,,,,,,0,0,,,,,,,,,,,,,,,,,,,
SITE,lamp_wholewafer_delay,,,,324,,,,,,,,,,54-02,,,,,,0,2,,,,,,,,,,,,,,,,,,,
SITE,lamp_wholewafer_delay,,,,325,,,,,,,,,,54-04,,,,,,0,4,,,,,,,,,,,,,,,,,,,
SITE,lamp_wholewafer_delay,,,,326,,,,,,,,,,55-01,,,,,,0,6,,,,,,,,,,,,,,,,,,,
SITE,lamp_wholewafer_delay,,,,327,,,,,,,,,,55-03,,,,,,0,8,,,,,,,,,,,,,,,,,,,
SITE,lamp_wholewafer_delay,,,,328,,,,,,,,,,56-00,,,,,,0,10,,,,,,,,,,,,,,,,,,,
SITE,lamp_wholewafer_delay,,,,329,,,,,,,,,,TARGET,,,,,,0,12,,,,,,,,,,,,,,,,,,,
SITE,lamp_wholewafer_delay,,,,330,,,,,,,,,,56-04,,,,,,0,14,,,,,,,,,,,,,,,,,,,
SITE,lamp_wholewafer_delay,,,,331,,,,,,,,,,57-01,,,,,,0,16,,,,,,,,,,,,,,,,,,,
SITE,lamp_wholewafer_delay,,,,332,,,,,,,,,,57-03,,,,,,0,18,,,,,,,,,,,,,,,,,,,
SITE,lamp_wholewafer_delay,,,,333,,,,,,,,,,NA,,,,,,2,-20,,,,,,,,,,,,,,,,,,,
SITE,lamp_wholewafer_delay,,,,334,,,,,,,,,,40-62,,,,,,2,-18,,,,,,,,,,,,,,,,,,,
SITE,lamp_wholewafer_delay,,,,335,,,,,,,,,,40-64,,,,,,2,-16,,,,,,,,,,,,,,,,,,,
SITE,lamp_wholewafer_delay,,,,336,,,,,,,,,,41-61,,,,,,2,-14,,,,,,,,,,,,,,,,,,,
SITE,lamp_wholewafer_delay,,,,337,,,,,,,,,,41-63,,,,,,2,-12,,,,,,,,,,,,,,,,,,,
SITE,lamp_wholewafer_delay,,,,338,,,,,,,,,,42-60,,,,,,2,-10,,,,,,,,,,,,,,,,,,,
SITE,lamp_wholewafer_delay,,,,339,,,,,,,,,,42-62,,,,,,2,-8,,,,,,,,,,,,,,,,,,,
SITE,lamp_wholewafer_delay,,,,340,,,,,,,,,,42-64,,,,,,2,-6,,,,,,,,,,,,,,,,,,,
SITE,lamp_wholewafer_delay,,,,341,,,,,,,,,,43-61,,,,,,2,-4,,,,,,,,,,,,,,,,,,,
SITE,lamp_wholewafer_delay,,,,342,,,,,,,,,,43-63,,,,,,2,-2,,,,,,,,,,,,,,,,,,,
SITE,lamp_wholewafer_delay,,,,343,,,,,,,,,,44-60,,,,,,2,0,,,,,,,,,,,,,,,,,,,
SITE,lamp_wholewafer_delay,,,,344,,,,,,,,,,44-62,,,,,,2,2,,,,,,,,,,,,,,,,,,,
SITE,lamp_wholewafer_delay,,,,345,,,,,,,,,,44-64,,,,,,2,4,,,,,,,,,,,,,,,,,,,
SITE,lamp_wholewafer_delay,,,,346,,,,,,,,,,45-61,,,,,,2,6,,,,,,,,,,,,,,,,,,,
SITE,lamp_wholewafer_delay,,,,347,,,,,,,,,,45-63,,,,,,2,8,,,,,,,,,,,,,,,,,,,
SITE,lamp_wholewafer_delay,,,,348,,,,,,,,,,46-60,,,,,,2,10,,,,,,,,,,,,,,,,,,,
SITE,lamp_wholewafer_delay,,,,349,,,,,,,,,,46-62,,,,,,2,12,,,,,,,,,,,,,,,,,,,
SITE,lamp_wholewafer_delay,,,,350,,,,,,,,,,46-64,,,,,,2,14,,,,,,,,,,,,,,,,,,,
SITE,lamp_wholewafer_delay,,,,351,,,,,,,,,,47-61,,,,,,2,16,,,,,,,,,,,,,,,,,,,
SITE,lamp_wholewafer_delay,,,,352,,,,,,,,,,47-63,,,,,,2,18,,,,,,,,,,,,,,,,,,,
SITE,lamp_wholewafer_delay,,,,353,,,,,,,,,,NA,,,,,,4,-20,,,,,,,,,,,,,,,,,,,
SITE,lamp_wholewafer_delay,,,,354,,,,,,,,,,40-42,,,,,,4,-18,,,,,,,,,,,,,,,,,,,
SITE,lamp_wholewafer_delay,,,,355,,,,,,,,,,40-44,,,,,,4,-16,,,,,,,,,,,,,,,,,,,
SITE,lamp_wholewafer_delay,,,,356,,,,,,,,,,41-41,,,,,,4,-14,,,,,,,,,,,,,,,,,,,
SITE,lamp_wholewafer_delay,,,,357,,,,,,,,,,41-43,,,,,,4,-12,,,,,,,,,,,,,,,,,,,
SITE,lamp_wholewafer_delay,,,,358,,,,,,,,,,42-40,,,,,,4,-10,,,,,,,,,,,,,,,,,,,
SITE,lamp_wholewafer_delay,,,,359,,,,,,,,,,42-42,,,,,,4,-8,,,,,,,,,,,,,,,,,,,
SITE,lamp_wholewafer_delay,,,,360,,,,,,,,,,42-44,,,,,,4,-6,,,,,,,,,,,,,,,,,,,
SITE,lamp_wholewafer_delay,,,,361,,,,,,,,,,43-41,,,,,,4,-4,,,,,,,,,,,,,,,,,,,
SITE,lamp_wholewafer_delay,,,,362,,,,,,,,,,43-43,,,,,,4,-2,,,,,,,,,,,,,,,,,,,
SITE,lamp_wholewafer_delay,,,,363,,,,,,,,,,44-40,,,,,,4,0,,,,,,,,,,,,,,,,,,,
SITE,lamp_wholewafer_delay,,,,364,,,,,,,,,,44-42,,,,,,4,2,,,,,,,,,,,,,,,,,,,
SITE,lamp_wholewafer_delay,,,,365,,,,,,,,,,44-44,,,,,,4,4,,,,,,,,,,,,,,,,,,,
SITE,lamp_wholewafer_delay,,,,366,,,,,,,,,,45-41,,,,,,4,6,,,,,,,,,,,,,,,,,,,
SITE,lamp_wholewafer_delay,,,,367,,,,,,,,,,45-43,,,,,,4,8,,,,,,,,,,,,,,,,,,,
SITE,lamp_wholewafer_delay,,,,368,,,,,,,,,,46-40,,,,,,4,10,,,,,,,,,,,,,,,,,,,
SITE,lamp_wholewafer_delay,,,,369,,,,,,,,,,46-42,,,,,,4,12,,,,,,,,,,,,,,,,,,,
SITE,lamp_wholewafer_delay,,,,370,,,,,,,,,,46-44,,,,,,4,14,,,,,,,,,,,,,,,,,,,
SITE,lamp_wholewafer_delay,,,,371,,,,,,,,,,47-41,,,,,,4,16,,,,,,,,,,,,,,,,,,,
SITE,lamp_wholewafer_delay,,,,372,,,,,,,,,,47-43,,,,,,4,18,,,,,,,,,,,,,,,,,,,
SITE,lamp_wholewafer_delay,,,,373,,,,,,,,,,NA,,,,,,6,-20,,,,,,,,,,,,,,,,,,,
SITE,lamp_wholewafer_delay,,,,374,,,,,,,,,,40-22,,,,,,6,-18,,,,,,,,,,,,,,,,,,,
SITE,lamp_wholewafer_delay,,,,375,,,,,,,,,,40-24,,,,,,6,-16,,,,,,,,,,,,,,,,,,,
SITE,lamp_wholewafer_delay,,,,376,,,,,,,,,,41-21,,,,,,6,-14,,,,,,,,,,,,,,,,,,,
SITE,lamp_wholewafer_delay,,,,377,,,,,,,,,,41-23,,,,,,6,-12,,,,,,,,,,,,,,,,,,,
SITE,lamp_wholewafer_delay,,,,378,,,,,,,,,,42-20,,,,,,6,-10,,,,,,,,,,,,,,,,,,,
SITE,lamp_wholewafer_delay,,,,379,,,,,,,,,,42-22,,,,,,6,-8,,,,,,,,,,,,,,,,,,,
SITE,lamp_wholewafer_delay,,,,380,,,,,,,,,,42-24,,,,,,6,-6,,,,,,,,,,,,,,,,,,,
SITE,lamp_wholewafer_delay,,,,381,,,,,,,,,,43-21,,,,,,6,-4,,,,,,,,,,,,,,,,,,,
SITE,lamp_wholewafer_delay,,,,382,,,,,,,,,,43-23,,,,,,6,-2,,,,,,,,,,,,,,,,,,,
SITE,lamp_wholewafer_delay,,,,383,,,,,,,,,,44-20,,,,,,6,0,,,,,,,,,,,,,,,,,,,
SITE,lamp_wholewafer_delay,,,,384,,,,,,,,,,44-22,,,,,,6,2,,,,,,,,,,,,,,,,,,,
SITE,lamp_wholewafer_delay,,,,385,,,,,,,,,,44-24,,,,,,6,4,,,,,,,,,,,,,,,,,,,
SITE,lamp_wholewafer_delay,,,,386,,,,,,,,,,45-21,,,,,,6,6,,,,,,,,,,,,,,,,,,,
SITE,lamp_wholewafer_delay,,,,387,,,,,,,,,,45-23,,,,,,6,8,,,,,,,,,,,,,,,,,,,
SITE,lamp_wholewafer_delay,,,,388,,,,,,,,,,46-20,,,,,,6,10,,,,,,,,,,,,,,,,,,,
SITE,lamp_wholewafer_delay,,,,389,,,,,,,,,,46-22,,,,,,6,12,,,,,,,,,,,,,,,,,,,
SITE,lamp_wholewafer_delay,,,,390,,,,,,,,,,46-24,,,,,,6,14,,,,,,,,,,,,,,,,,,,
SITE,lamp_wholewafer_delay,,,,391,,,,,,,,,,47-21,,,,,,6,16,,,,,,,,,,,,,,,,,,,
SITE,lamp_wholewafer_delay,,,,392,,,,,,,,,,47-23,,,,,,6,18,,,,,,,,,,,,,,,,,,,
SITE,lamp_wholewafer_delay,,,,393,,,,,,,,,,40-02,,,,,,8,-18,,,,,,,,,,,,,,,,,,,
SITE,lamp_wholewafer_delay,,,,394,,,,,,,,,,40-04,,,,,,8,-16,,,,,,,,,,,,,,,,,,,
SITE,lamp_wholewafer_delay,,,,395,,,,,,,,,,41-01,,,,,,8,-14,,,,,,,,,,,,,,,,,,,
SITE,lamp_wholewafer_delay,,,,396,,,,,,,,,,41-03,,,,,,8,-12,,,,,,,,,,,,,,,,,,,
SITE,lamp_wholewafer_delay,,,,397,,,,,,,,,,42-00,,,,,,8,-10,,,,,,,,,,,,,,,,,,,
SITE,lamp_wholewafer_delay,,,,398,,,,,,,,,,42-02,,,,,,8,-8,,,,,,,,,,,,,,,,,,,
SITE,lamp_wholewafer_delay,,,,399,,,,,,,,,,42-04,,,,,,8,-6,,,,,,,,,,,,,,,,,,,
SITE,lamp_wholewafer_delay,,,,400,,,,,,,,,,43-01,,,,,,8,-4,,,,,,,,,,,,,,,,,,,
SITE,lamp_wholewafer_delay,,,,401,,,,,,,,,,43-03,,,,,,8,-2,,,,,,,,,,,,,,,,,,,
SITE,lamp_wholewafer_delay,,,,402,,,,,,,,,,44-00,,,,,,8,0,,,,,,,,,,,,,,,,,,,
SITE,lamp_wholewafer_delay,,,,403,,,,,,,,,,44-02,,,,,,8,2,,,,,,,,,,,,,,,,,,,
SITE,lamp_wholewafer_delay,,,,404,,,,,,,,,,44-04,,,,,,8,4,,,,,,,,,,,,,,,,,,,
SITE,lamp_wholewafer_delay,,,,405,,,,,,,,,,45-01,,,,,,8,6,,,,,,,,,,,,,,,,,,,
SITE,lamp_wholewafer_delay,,,,406,,,,,,,,,,45-03,,,,,,8,8,,,,,,,,,,,,,,,,,,,
SITE,lamp_wholewafer_delay,,,,407,,,,,,,,,,46-00,,,,,,8,10,,,,,,,,,,,,,,,,,,,
SITE,lamp_wholewafer_delay,,,,408,,,,,,,,,,46-02,,,,,,8,12,,,,,,,,,,,,,,,,,,,
SITE,lamp_wholewafer_delay,,,,409,,,,,,,,,,46-04,,,,,,8,14,,,,,,,,,,,,,,,,,,,
SITE,lamp_wholewafer_delay,,,,410,,,,,,,,,,47-01,,,,,,8,16,,,,,,,,,,,,,,,,,,,
SITE,lamp_wholewafer_delay,,,,411,,,,,,,,,,30-62,,,,,,10,-18,,,,,,,,,,,,,,,,,,,
SITE,lamp_wholewafer_delay,,,,412,,,,,,,,,,30-64,,,,,,10,-16,,,,,,,,,,,,,,,,,,,
SITE,lamp_wholewafer_delay,,,,413,,,,,,,,,,31-61,,,,,,10,-14,,,,,,,,,,,,,,,,,,,
SITE,lamp_wholewafer_delay,,,,414,,,,,,,,,,31-63,,,,,,10,-12,,,,,,,,,,,,,,,,,,,
SITE,lamp_wholewafer_delay,,,,415,,,,,,,,,,32-60,,,,,,10,-10,,,,,,,,,,,,,,,,,,,
SITE,lamp_wholewafer_delay,,,,416,,,,,,,,,,32-62,,,,,,10,-8,,,,,,,,,,,,,,,,,,,
SITE,lamp_wholewafer_delay,,,,417,,,,,,,,,,32-64,,,,,,10,-6,,,,,,,,,,,,,,,,,,,
SITE,lamp_wholewafer_delay,,,,418,,,,,,,,,,33-61,,,,,,10,-4,,,,,,,,,,,,,,,,,,,
SITE,lamp_wholewafer_delay,,,,419,,,,,,,,,,33-63,,,,,,10,-2,,,,,,,,,,,,,,,,,,,
SITE,lamp_wholewafer_delay,,,,420,,,,,,,,,,34-60,,,,,,10,0,,,,,,,,,,,,,,,,,,,
SITE,lamp_wholewafer_delay,,,,421,,,,,,,,,,34-62,,,,,,10,2,,,,,,,,,,,,,,,,,,,
SITE,lamp_wholewafer_delay,,,,422,,,,,,,,,,34-64,,,,,,10,4,,,,,,,,,,,,,,,,,,,
SITE,lamp_wholewafer_delay,,,,423,,,,,,,,,,35-61,,,,,,10,6,,,,,,,,,,,,,,,,,,,
SITE,lamp_wholewafer_delay,,,,424,,,,,,,,,,35-63,,,,,,10,8,,,,,,,,,,,,,,,,,,,
SITE,lamp_wholewafer_delay,,,,425,,,,,,,,,,36-60,,,,,,10,10,,,,,,,,,,,,,,,,,,,
SITE,lamp_wholewafer_delay,,,,426,,,,,,,,,,36-62,,,,,,10,12,,,,,,,,,,,,,,,,,,,
SITE,lamp_wholewafer_delay,,,,427,,,,,,,,,,36-64,,,,,,10,14,,,,,,,,,,,,,,,,,,,
SITE,lamp_wholewafer_delay,,,,428,,,,,,,,,,37-61,,,,,,10,16,,,,,,,,,,,,,,,,,,,
SITE,lamp_wholewafer_delay,,,,429,,,,,,,,,,30-42,,,,,,12,-18,,,,,,,,,,,,,,,,,,,
SITE,lamp_wholewafer_delay,,,,430,,,,,,,,,,30-44,,,,,,12,-16,,,,,,,,,,,,,,,,,,,
SITE,lamp_wholewafer_delay,,,,431,,,,,,,,,,31-41,,,,,,12,-14,,,,,,,,,,,,,,,,,,,
SITE,lamp_wholewafer_delay,,,,432,,,,,,,,,,31-43,,,,,,12,-12,,,,,,,,,,,,,,,,,,,
SITE,lamp_wholewafer_delay,,,,433,,,,,,,,,,32-40,,,,,,12,-10,,,,,,,,,,,,,,,,,,,
SITE,lamp_wholewafer_delay,,,,434,,,,,,,,,,32-42,,,,,,12,-8,,,,,,,,,,,,,,,,,,,
SITE,lamp_wholewafer_delay,,,,435,,,,,,,,,,32-44,,,,,,12,-6,,,,,,,,,,,,,,,,,,,
SITE,lamp_wholewafer_delay,,,,436,,,,,,,,,,33-41,,,,,,12,-4,,,,,,,,,,,,,,,,,,,
SITE,lamp_wholewafer_delay,,,,437,,,,,,,,,,33-43,,,,,,12,-2,,,,,,,,,,,,,,,,,,,
SITE,lamp_wholewafer_delay,,,,438,,,,,,,,,,34-40,,,,,,12,0,,,,,,,,,,,,,,,,,,,
SITE,lamp_wholewafer_delay,,,,439,,,,,,,,,,34-42,,,,,,12,2,,,,,,,,,,,,,,,,,,,
SITE,lamp_wholewafer_delay,,,,440,,,,,,,,,,34-44,,,,,,12,4,,,,,,,,,,,,,,,,,,,
SITE,lamp_wholewafer_delay,,,,441,,,,,,,,,,35-41,,,,,,12,6,,,,,,,,,,,,,,,,,,,
SITE,lamp_wholewafer_delay,,,,442,,,,,,,,,,35-43,,,,,,12,8,,,,,,,,,,,,,,,,,,,
SITE,lamp_wholewafer_delay,,,,443,,,,,,,,,,36-40,,,,,,12,10,,,,,,,,,,,,,,,,,,,
SITE,lamp_wholewafer_delay,,,,444,,,,,,,,,,36-42,,,,,,12,12,,,,,,,,,,,,,,,,,,,
SITE,lamp_wholewafer_delay,,,,445,,,,,,,,,,36-44,,,,,,12,14,,,,,,,,,,,,,,,,,,,
SITE,lamp_wholewafer_delay,,,,446,,,,,,,,,,37-41,,,,,,12,16,,,,,,,,,,,,,,,,,,,
SITE,lamp_wholewafer_delay,,,,447,,,,,,,,,,30-22,,,,,,14,-18,,,,,,,,,,,,,,,,,,,
SITE,lamp_wholewafer_delay,,,,448,,,,,,,,,,30-24,,,,,,14,-16,,,,,,,,,,,,,,,,,,,
SITE,lamp_wholewafer_delay,,,,449,,,,,,,,,,31-21,,,,,,14,-14,,,,,,,,,,,,,,,,,,,
SITE,lamp_wholewafer_delay,,,,450,,,,,,,,,,31-23,,,,,,14,-12,,,,,,,,,,,,,,,,,,,
SITE,lamp_wholewafer_delay,,,,451,,,,,,,,,,32-20,,,,,,14,-10,,,,,,,,,,,,,,,,,,,
SITE,lamp_wholewafer_delay,,,,452,,,,,,,,,,32-22,,,,,,14,-8,,,,,,,,,,,,,,,,,,,
SITE,lamp_wholewafer_delay,,,,453,,,,,,,,,,32-24,,,,,,14,-6,,,,,,,,,,,,,,,,,,,
SITE,lamp_wholewafer_delay,,,,454,,,,,,,,,,33-21,,,,,,14,-4,,,,,,,,,,,,,,,,,,,
SITE,lamp_wholewafer_delay,,,,455,,,,,,,,,,33-23,,,,,,14,-2,,,,,,,,,,,,,,,,,,,
SITE,lamp_wholewafer_delay,,,,456,,,,,,,,,,34-20,,,,,,14,0,,,,,,,,,,,,,,,,,,,
SITE,lamp_wholewafer_delay,,,,457,,,,,,,,,,34-22,,,,,,14,2,,,,,,,,,,,,,,,,,,,
SITE,lamp_wholewafer_delay,,,,458,,,,,,,,,,34-24,,,,,,14,4,,,,,,,,,,,,,,,,,,,
SITE,lamp_wholewafer_delay,,,,459,,,,,,,,,,35-21,,,,,,14,6,,,,,,,,,,,,,,,,,,,
SITE,lamp_wholewafer_delay,,,,460,,,,,,,,,,35-23,,,,,,14,8,,,,,,,,,,,,,,,,,,,
SITE,lamp_wholewafer_delay,,,,461,,,,,,,,,,36-20,,,,,,14,10,,,,,,,,,,,,,,,,,,,
SITE,lamp_wholewafer_delay,,,,462,,,,,,,,,,36-22,,,,,,14,12,,,,,,,,,,,,,,,,,,,
SITE,lamp_wholewafer_delay,,,,463,,,,,,,,,,36-24,,,,,,14,14,,,,,,,,,,,,,,,,,,,
SITE,lamp_wholewafer_delay,,,,464,,,,,,,,,,37-21,,,,,,14,16,,,,,,,,,,,,,,,,,,,
SITE,lamp_wholewafer_delay,,,,465,,,,,,,,,,NA,,,,,,16,-18,,,,,,,,,,,,,,,,,,,
SITE,lamp_wholewafer_delay,,,,466,,,,,,,,,,30-04,,,,,,16,-16,,,,,,,,,,,,,,,,,,,
SITE,lamp_wholewafer_delay,,,,467,,,,,,,,,,31-01,,,,,,16,-14,,,,,,,,,,,,,,,,,,,
SITE,lamp_wholewafer_delay,,,,468,,,,,,,,,,31-03,,,,,,16,-12,,,,,,,,,,,,,,,,,,,
SITE,lamp_wholewafer_delay,,,,469,,,,,,,,,,32-00,,,,,,16,-10,,,,,,,,,,,,,,,,,,,
SITE,lamp_wholewafer_delay,,,,470,,,,,,,,,,32-02,,,,,,16,-8,,,,,,,,,,,,,,,,,,,
SITE,lamp_wholewafer_delay,,,,471,,,,,,,,,,32-04,,,,,,16,-6,,,,,,,,,,,,,,,,,,,
SITE,lamp_wholewafer_delay,,,,472,,,,,,,,,,33-01,,,,,,16,-4,,,,,,,,,,,,,,,,,,,
SITE,lamp_wholewafer_delay,,,,473,,,,,,,,,,33-03,,,,,,16,-2,,,,,,,,,,,,,,,,,,,
SITE,lamp_wholewafer_delay,,,,474,,,,,,,,,,34-00,,,,,,16,0,,,,,,,,,,,,,,,,,,,
SITE,lamp_wholewafer_delay,,,,475,,,,,,,,,,34-02,,,,,,16,2,,,,,,,,,,,,,,,,,,,
SITE,lamp_wholewafer_delay,,,,476,,,,,,,,,,34-04,,,,,,16,4,,,,,,,,,,,,,,,,,,,
SITE,lamp_wholewafer_delay,,,,477,,,,,,,,,,35-01,,,,,,16,6,,,,,,,,,,,,,,,,,,,
SITE,lamp_wholewafer_delay,,,,478,,,,,,,,,,35-03,,,,,,16,8,,,,,,,,,,,,,,,,,,,
SITE,lamp_wholewafer_delay,,,,479,,,,,,,,,,36-00,,,,,,16,10,,,,,,,,,,,,,,,,,,,
SITE,lamp_wholewafer_delay,,,,480,,,,,,,,,,36-02,,,,,,16,12,,,,,,,,,,,,,,,,,,,
SITE,lamp_wholewafer_delay,,,,481,,,,,,,,,,36-04,,,,,,16,14,,,,,,,,,,,,,,,,,,,
SITE,lamp_wholewafer_delay,,,,482,,,,,,,,,,37-01,,,,,,16,16,,,,,,,,,,,,,,,,,,,
SITE,lamp_wholewafer_delay,,,,483,,,,,,,,,,NA,,,,,,18,-18,,,,,,,,,,,,,,,,,,,
SITE,lamp_wholewafer_delay,,,,484,,,,,,,,,,20-64,,,,,,18,-16,,,,,,,,,,,,,,,,,,,
SITE,lamp_wholewafer_delay,,,,485,,,,,,,,,,21-61,,,,,,18,-14,,,,,,,,,,,,,,,,,,,
SITE,lamp_wholewafer_delay,,,,486,,,,,,,,,,21-63,,,,,,18,-12,,,,,,,,,,,,,,,,,,,
SITE,lamp_wholewafer_delay,,,,487,,,,,,,,,,22-60,,,,,,18,-10,,,,,,,,,,,,,,,,,,,
SITE,lamp_wholewafer_delay,,,,488,,,,,,,,,,22-62,,,,,,18,-8,,,,,,,,,,,,,,,,,,,
SITE,lamp_wholewafer_delay,,,,489,,,,,,,,,,22-64,,,,,,18,-6,,,,,,,,,,,,,,,,,,,
SITE,lamp_wholewafer_delay,,,,490,,,,,,,,,,23-61,,,,,,18,-4,,,,,,,,,,,,,,,,,,,
SITE,lamp_wholewafer_delay,,,,491,,,,,,,,,,23-63,,,,,,18,-2,,,,,,,,,,,,,,,,,,,
SITE,lamp_wholewafer_delay,,,,492,,,,,,,,,,24-60,,,,,,18,0,,,,,,,,,,,,,,,,,,,
SITE,lamp_wholewafer_delay,,,,493,,,,,,,,,,24-62,,,,,,18,2,,,,,,,,,,,,,,,,,,,
SITE,lamp_wholewafer_delay,,,,494,,,,,,,,,,24-64,,,,,,18,4,,,,,,,,,,,,,,,,,,,
SITE,lamp_wholewafer_delay,,,,495,,,,,,,,,,25-61,,,,,,18,6,,,,,,,,,,,,,,,,,,,
SITE,lamp_wholewafer_delay,,,,496,,,,,,,,,,25-63,,,,,,18,8,,,,,,,,,,,,,,,,,,,
SITE,lamp_wholewafer_delay,,,,497,,,,,,,,,,26-60,,,,,,18,10,,,,,,,,,,,,,,,,,,,
SITE,lamp_wholewafer_delay,,,,498,,,,,,,,,,26-62,,,,,,18,12,,,,,,,,,,,,,,,,,,,
SITE,lamp_wholewafer_delay,,,,499,,,,,,,,,,26-64,,,,,,18,14,,,,,,,,,,,,,,,,,,,
SITE,lamp_wholewafer_delay,,,,500,,,,,,,,,,27-61,,,,,,18,16,,,,,,,,,,,,,,,,,,,
SITE,lamp_wholewafer_delay,,,,501,,,,,,,,,,20-44,,,,,,20,-16,,,,,,,,,,,,,,,,,,,
SITE,lamp_wholewafer_delay,,,,502,,,,,,,,,,21-41,,,,,,20,-14,,,,,,,,,,,,,,,,,,,
SITE,lamp_wholewafer_delay,,,,503,,,,,,,,,,21-43,,,,,,20,-12,,,,,,,,,,,,,,,,,,,
SITE,lamp_wholewafer_delay,,,,504,,,,,,,,,,22-40,,,,,,20,-10,,,,,,,,,,,,,,,,,,,
SITE,lamp_wholewafer_delay,,,,505,,,,,,,,,,22-42,,,,,,20,-8,,,,,,,,,,,,,,,,,,,
SITE,lamp_wholewafer_delay,,,,506,,,,,,,,,,22-44,,,,,,20,-6,,,,,,,,,,,,,,,,,,,
SITE,lamp_wholewafer_delay,,,,507,,,,,,,,,,23-41,,,,,,20,-4,,,,,,,,,,,,,,,,,,,
SITE,lamp_wholewafer_delay,,,,508,,,,,,,,,,23-43,,,,,,20,-2,,,,,,,,,,,,,,,,,,,
SITE,lamp_wholewafer_delay,,,,509,,,,,,,,,,24-40,,,,,,20,0,,,,,,,,,,,,,,,,,,,
SITE,lamp_wholewafer_delay,,,,510,,,,,,,,,,24-42,,,,,,20,2,,,,,,,,,,,,,,,,,,,
SITE,lamp_wholewafer_delay,,,,511,,,,,,,,,,24-44,,,,,,20,4,,,,,,,,,,,,,,,,,,,
SITE,lamp_wholewafer_delay,,,,512,,,,,,,,,,25-41,,,,,,20,6,,,,,,,,,,,,,,,,,,,
SITE,lamp_wholewafer_delay,,,,513,,,,,,,,,,25-43,,,,,,20,8,,,,,,,,,,,,,,,,,,,
SITE,lamp_wholewafer_delay,,,,514,,,,,,,,,,26-40,,,,,,20,10,,,,,,,,,,,,,,,,,,,
SITE,lamp_wholewafer_delay,,,,515,,,,,,,,,,26-42,,,,,,20,12,,,,,,,,,,,,,,,,,,,
SITE,lamp_wholewafer_delay,,,,516,,,,,,,,,,26-44,,,,,,20,14,,,,,,,,,,,,,,,,,,,
SITE,lamp_wholewafer_delay,,,,517,,,,,,,,,,20-24,,,,,,22,-16,,,,,,,,,,,,,,,,,,,
SITE,lamp_wholewafer_delay,,,,518,,,,,,,,,,21-21,,,,,,22,-14,,,,,,,,,,,,,,,,,,,
SITE,lamp_wholewafer_delay,,,,519,,,,,,,,,,21-23,,,,,,22,-12,,,,,,,,,,,,,,,,,,,
SITE,lamp_wholewafer_delay,,,,520,,,,,,,,,,22-20,,,,,,22,-10,,,,,,,,,,,,,,,,,,,
SITE,lamp_wholewafer_delay,,,,521,,,,,,,,,,22-22,,,,,,22,-8,,,,,,,,,,,,,,,,,,,
SITE,lamp_wholewafer_delay,,,,522,,,,,,,,,,22-24,,,,,,22,-6,,,,,,,,,,,,,,,,,,,
SITE,lamp_wholewafer_delay,,,,523,,,,,,,,,,23-21,,,,,,22,-4,,,,,,,,,,,,,,,,,,,
SITE,lamp_wholewafer_delay,,,,524,,,,,,,,,,23-23,,,,,,22,-2,,,,,,,,,,,,,,,,,,,
SITE,lamp_wholewafer_delay,,,,525,,,,,,,,,,24-20,,,,,,22,0,,,,,,,,,,,,,,,,,,,
SITE,lamp_wholewafer_delay,,,,526,,,,,,,,,,24-22,,,,,,22,2,,,,,,,,,,,,,,,,,,,
SITE,lamp_wholewafer_delay,,,,527,,,,,,,,,,24-24,,,,,,22,4,,,,,,,,,,,,,,,,,,,
SITE,lamp_wholewafer_delay,,,,528,,,,,,,,,,25-21,,,,,,22,6,,,,,,,,,,,,,,,,,,,
SITE,lamp_wholewafer_delay,,,,529,,,,,,,,,,25-23,,,,,,22,8,,,,,,,,,,,,,,,,,,,
SITE,lamp_wholewafer_delay,,,,530,,,,,,,,,,26-20,,,,,,22,10,,,,,,,,,,,,,,,,,,,
SITE,lamp_wholewafer_delay,,,,531,,,,,,,,,,26-22,,,,,,22,12,,,,,,,,,,,,,,,,,,,
SITE,lamp_wholewafer_delay,,,,532,,,,,,,,,,26-24,,,,,,22,14,,,,,,,,,,,,,,,,,,,
SITE,lamp_wholewafer_delay,,,,533,,,,,,,,,,NA,,,,,,24,-16,,,,,,,,,,,,,,,,,,,
SITE,lamp_wholewafer_delay,,,,534,,,,,,,,,,21-01,,,,,,24,-14,,,,,,,,,,,,,,,,,,,
SITE,lamp_wholewafer_delay,,,,535,,,,,,,,,,21-03,,,,,,24,-12,,,,,,,,,,,,,,,,,,,
SITE,lamp_wholewafer_delay,,,,536,,,,,,,,,,22-00,,,,,,24,-10,,,,,,,,,,,,,,,,,,,
SITE,lamp_wholewafer_delay,,,,537,,,,,,,,,,22-02,,,,,,24,-8,,,,,,,,,,,,,,,,,,,
SITE,lamp_wholewafer_delay,,,,538,,,,,,,,,,22-04,,,,,,24,-6,,,,,,,,,,,,,,,,,,,
SITE,lamp_wholewafer_delay,,,,539,,,,,,,,,,23-01,,,,,,24,-4,,,,,,,,,,,,,,,,,,,
SITE,lamp_wholewafer_delay,,,,540,,,,,,,,,,23-03,,,,,,24,-2,,,,,,,,,,,,,,,,,,,
SITE,lamp_wholewafer_delay,,,,541,,,,,,,,,,24-00,,,,,,24,0,,,,,,,,,,,,,,,,,,,
SITE,lamp_wholewafer_delay,,,,542,,,,,,,,,,24-02,,,,,,24,2,,,,,,,,,,,,,,,,,,,
SITE,lamp_wholewafer_delay,,,,543,,,,,,,,,,24-04,,,,,,24,4,,,,,,,,,,,,,,,,,,,
SITE,lamp_wholewafer_delay,,,,544,,,,,,,,,,25-01,,,,,,24,6,,,,,,,,,,,,,,,,,,,
SITE,lamp_wholewafer_delay,,,,545,,,,,,,,,,25-03,,,,,,24,8,,,,,,,,,,,,,,,,,,,
SITE,lamp_wholewafer_delay,,,,546,,,,,,,,,,26-00,,,,,,24,10,,,,,,,,,,,,,,,,,,,
SITE,lamp_wholewafer_delay,,,,547,,,,,,,,,,26-02,,,,,,24,12,,,,,,,,,,,,,,,,,,,
SITE,lamp_wholewafer_delay,,,,548,,,,,,,,,,26-04,,,,,,24,14,,,,,,,,,,,,,,,,,,,
SITE,lamp_wholewafer_delay,,,,549,,,,,,,,,,11-61,,,,,,26,-14,,,,,,,,,,,,,,,,,,,
SITE,lamp_wholewafer_delay,,,,550,,,,,,,,,,11-63,,,,,,26,-12,,,,,,,,,,,,,,,,,,,
SITE,lamp_wholewafer_delay,,,,551,,,,,,,,,,12-60,,,,,,26,-10,,,,,,,,,,,,,,,,,,,
SITE,lamp_wholewafer_delay,,,,552,,,,,,,,,,12-62,,,,,,26,-8,,,,,,,,,,,,,,,,,,,
SITE,lamp_wholewafer_delay,,,,553,,,,,,,,,,12-64,,,,,,26,-6,,,,,,,,,,,,,,,,,,,
SITE,lamp_wholewafer_delay,,,,554,,,,,,,,,,13-61,,,,,,26,-4,,,,,,,,,,,,,,,,,,,
SITE,lamp_wholewafer_delay,,,,555,,,,,,,,,,13-63,,,,,,26,-2,,,,,,,,,,,,,,,,,,,
SITE,lamp_wholewafer_delay,,,,556,,,,,,,,,,14-60,,,,,,26,0,,,,,,,,,,,,,,,,,,,
SITE,lamp_wholewafer_delay,,,,557,,,,,,,,,,14-62,,,,,,26,2,,,,,,,,,,,,,,,,,,,
SITE,lamp_wholewafer_delay,,,,558,,,,,,,,,,14-64,,,,,,26,4,,,,,,,,,,,,,,,,,,,
SITE,lamp_wholewafer_delay,,,,559,,,,,,,,,,15-61,,,,,,26,6,,,,,,,,,,,,,,,,,,,
SITE,lamp_wholewafer_delay,,,,560,,,,,,,,,,15-63,,,,,,26,8,,,,,,,,,,,,,,,,,,,
SITE,lamp_wholewafer_delay,,,,561,,,,,,,,,,16-60,,,,,,26,10,,,,,,,,,,,,,,,,,,,
SITE,lamp_wholewafer_delay,,,,562,,,,,,,,,,16-62,,,,,,26,12,,,,,,,,,,,,,,,,,,,
SITE,lamp_wholewafer_delay,,,,563,,,,,,,,,,11-41,,,,,,28,-14,,,,,,,,,,,,,,,,,,,
SITE,lamp_wholewafer_delay,,,,564,,,,,,,,,,11-43,,,,,,28,-12,,,,,,,,,,,,,,,,,,,
SITE,lamp_wholewafer_delay,,,,565,,,,,,,,,,12-40,,,,,,28,-10,,,,,,,,,,,,,,,,,,,
SITE,lamp_wholewafer_delay,,,,566,,,,,,,,,,12-42,,,,,,28,-8,,,,,,,,,,,,,,,,,,,
SITE,lamp_wholewafer_delay,,,,567,,,,,,,,,,12-44,,,,,,28,-6,,,,,,,,,,,,,,,,,,,
SITE,lamp_wholewafer_delay,,,,568,,,,,,,,,,13-41,,,,,,28,-4,,,,,,,,,,,,,,,,,,,
SITE,lamp_wholewafer_delay,,,,569,,,,,,,,,,13-43,,,,,,28,-2,,,,,,,,,,,,,,,,,,,
SITE,lamp_wholewafer_delay,,,,570,,,,,,,,,,14-40,,,,,,28,0,,,,,,,,,,,,,,,,,,,
SITE,lamp_wholewafer_delay,,,,571,,,,,,,,,,14-42,,,,,,28,2,,,,,,,,,,,,,,,,,,,
SITE,lamp_wholewafer_delay,,,,572,,,,,,,,,,14-44,,,,,,28,4,,,,,,,,,,,,,,,,,,,
SITE,lamp_wholewafer_delay,,,,573,,,,,,,,,,15-41,,,,,,28,6,,,,,,,,,,,,,,,,,,,
SITE,lamp_wholewafer_delay,,,,574,,,,,,,,,,15-43,,,,,,28,8,,,,,,,,,,,,,,,,,,,
SITE,lamp_wholewafer_delay,,,,575,,,,,,,,,,16-40,,,,,,28,10,,,,,,,,,,,,,,,,,,,
SITE,lamp_wholewafer_delay,,,,576,,,,,,,,,,16-42,,,,,,28,12,,,,,,,,,,,,,,,,,,,
SITE,lamp_wholewafer_delay,,,,577,,,,,,,,,,11-23,,,,,,30,-12,,,,,,,,,,,,,,,,,,,
SITE,lamp_wholewafer_delay,,,,578,,,,,,,,,,12-20,,,,,,30,-10,,,,,,,,,,,,,,,,,,,
SITE,lamp_wholewafer_delay,,,,579,,,,,,,,,,12-22,,,,,,30,-8,,,,,,,,,,,,,,,,,,,
SITE,lamp_wholewafer_delay,,,,580,,,,,,,,,,12-24,,,,,,30,-6,,,,,,,,,,,,,,,,,,,
SITE,lamp_wholewafer_delay,,,,581,,,,,,,,,,13-21,,,,,,30,-4,,,,,,,,,,,,,,,,,,,
SITE,lamp_wholewafer_delay,,,,582,,,,,,,,,,13-23,,,,,,30,-2,,,,,,,,,,,,,,,,,,,
SITE,lamp_wholewafer_delay,,,,583,,,,,,,,,,14-20,,,,,,30,0,,,,,,,,,,,,,,,,,,,
SITE,lamp_wholewafer_delay,,,,584,,,,,,,,,,14-22,,,,,,30,2,,,,,,,,,,,,,,,,,,,
SITE,lamp_wholewafer_delay,,,,585,,,,,,,,,,14-24,,,,,,30,4,,,,,,,,,,,,,,,,,,,
SITE,lamp_wholewafer_delay,,,,586,,,,,,,,,,15-21,,,,,,30,6,,,,,,,,,,,,,,,,,,,
SITE,lamp_wholewafer_delay,,,,587,,,,,,,,,,15-23,,,,,,30,8,,,,,,,,,,,,,,,,,,,
SITE,lamp_wholewafer_delay,,,,588,,,,,,,,,,16-20,,,,,,30,10,,,,,,,,,,,,,,,,,,,
SITE,lamp_wholewafer_delay,,,,589,,,,,,,,,,16-22,,,,,,30,12,,,,,,,,,,,,,,,,,,,
SITE,lamp_wholewafer_delay,,,,590,,,,,,,,,,11-03,,,,,,32,-12,,,,,,,,,,,,,,,,,,,
SITE,lamp_wholewafer_delay,,,,591,,,,,,,,,,12-00,,,,,,32,-10,,,,,,,,,,,,,,,,,,,
SITE,lamp_wholewafer_delay,,,,592,,,,,,,,,,12-02,,,,,,32,-8,,,,,,,,,,,,,,,,,,,
SITE,lamp_wholewafer_delay,,,,593,,,,,,,,,,12-04,,,,,,32,-6,,,,,,,,,,,,,,,,,,,
SITE,lamp_wholewafer_delay,,,,594,,,,,,,,,,13-01,,,,,,32,-4,,,,,,,,,,,,,,,,,,,
SITE,lamp_wholewafer_delay,,,,595,,,,,,,,,,13-03,,,,,,32,-2,,,,,,,,,,,,,,,,,,,
SITE,lamp_wholewafer_delay,,,,596,,,,,,,,,,14-00,,,,,,32,0,,,,,,,,,,,,,,,,,,,
SITE,lamp_wholewafer_delay,,,,597,,,,,,,,,,14-02,,,,,,32,2,,,,,,,,,,,,,,,,,,,
SITE,lamp_wholewafer_delay,,,,598,,,,,,,,,,14-04,,,,,,32,4,,,,,,,,,,,,,,,,,,,
SITE,lamp_wholewafer_delay,,,,599,,,,,,,,,,15-01,,,,,,32,6,,,,,,,,,,,,,,,,,,,
SITE,lamp_wholewafer_delay,,,,600,,,,,,,,,,15-03,,,,,,32,8,,,,,,,,,,,,,,,,,,,
SITE,lamp_wholewafer_delay,,,,601,,,,,,,,,,16-00,,,,,,32,10,,,,,,,,,,,,,,,,,,,
SITE,lamp_wholewafer_delay,,,,602,,,,,,,,,,02-60,,,,,,34,-10,,,,,,,,,,,,,,,,,,,
SITE,lamp_wholewafer_delay,,,,603,,,,,,,,,,02-62,,,,,,34,-8,,,,,,,,,,,,,,,,,,,
SITE,lamp_wholewafer_delay,,,,604,,,,,,,,,,02-64,,,,,,34,-6,,,,,,,,,,,,,,,,,,,
SITE,lamp_wholewafer_delay,,,,605,,,,,,,,,,03-61,,,,,,34,-4,,,,,,,,,,,,,,,,,,,
SITE,lamp_wholewafer_delay,,,,606,,,,,,,,,,03-63,,,,,,34,-2,,,,,,,,,,,,,,,,,,,
SITE,lamp_wholewafer_delay,,,,607,,,,,,,,,,04-60,,,,,,34,0,,,,,,,,,,,,,,,,,,,
SITE,lamp_wholewafer_delay,,,,608,,,,,,,,,,04-62,,,,,,34,2,,,,,,,,,,,,,,,,,,,
SITE,lamp_wholewafer_delay,,,,609,,,,,,,,,,04-64,,,,,,34,4,,,,,,,,,,,,,,,,,,,
SITE,lamp_wholewafer_delay,,,,610,,,,,,,,,,05-61,,,,,,34,6,,,,,,,,,,,,,,,,,,,
SITE,lamp_wholewafer_delay,,,,611,,,,,,,,,,05-63,,,,,,34,8,,,,,,,,,,,,,,,,,,,
SITE,lamp_wholewafer_delay,,,,612,,,,,,,,,,NA,,,,,,36,-10,,,,,,,,,,,,,,,,,,,
SITE,lamp_wholewafer_delay,,,,613,,,,,,,,,,02-42,,,,,,36,-8,,,,,,,,,,,,,,,,,,,
SITE,lamp_wholewafer_delay,,,,614,,,,,,,,,,02-44,,,,,,36,-6,,,,,,,,,,,,,,,,,,,
SITE,lamp_wholewafer_delay,,,,615,,,,,,,,,,03-41,,,,,,36,-4,,,,,,,,,,,,,,,,,,,
SITE,lamp_wholewafer_delay,,,,616,,,,,,,,,,03-43,,,,,,36,-2,,,,,,,,,,,,,,,,,,,
SITE,lamp_wholewafer_delay,,,,617,,,,,,,,,,04-40,,,,,,36,0,,,,,,,,,,,,,,,,,,,
SITE,lamp_wholewafer_delay,,,,618,,,,,,,,,,04-42,,,,,,36,2,,,,,,,,,,,,,,,,,,,
SITE,lamp_wholewafer_delay,,,,619,,,,,,,,,,04-44,,,,,,36,4,,,,,,,,,,,,,,,,,,,
SITE,lamp_wholewafer_delay,,,,620,,,,,,,,,,05-41,,,,,,36,6,,,,,,,,,,,,,,,,,,,
SITE,lamp_wholewafer_delay,,,,621,,,,,,,,,,05-43,,,,,,36,8,,,,,,,,,,,,,,,,,,,
SITE,lamp_wholewafer_delay,,,,622,,,,,,,,,,NA,,,,,,38,-8,,,,,,,,,,,,,,,,,,,
SITE,lamp_wholewafer_delay,,,,623,,,,,,,,,,02-24,,,,,,38,-6,,,,,,,,,,,,,,,,,,,
SITE,lamp_wholewafer_delay,,,,624,,,,,,,,,,03-21,,,,,,38,-4,,,,,,,,,,,,,,,,,,,
SITE,lamp_wholewafer_delay,,,,625,,,,,,,,,,03-23,,,,,,38,-2,,,,,,,,,,,,,,,,,,,
SITE,lamp_wholewafer_delay,,,,626,,,,,,,,,,04-20,,,,,,38,0,,,,,,,,,,,,,,,,,,,
SITE,lamp_wholewafer_delay,,,,627,,,,,,,,,,04-22,,,,,,38,2,,,,,,,,,,,,,,,,,,,
SITE,lamp_wholewafer_delay,,,,628,,,,,,,,,,04-24,,,,,,38,4,,,,,,,,,,,,,,,,,,,
SITE,lamp_wholewafer_delay,,,,629,,,,,,,,,,05-21,,,,,,38,6,,,,,,,,,,,,,,,,,,,
SITE,lamp_wholewafer_delay,,,,630,,,,,,,,,,03-01,,,,,,40,-4,,,,,,,,,,,,,,,,,,,
SITE,lamp_wholewafer_delay,,,,631,,,,,,,,,,03-03,,,,,,40,-2,,,,,,,,,,,,,,,,,,,
SITE,lamp_wholewafer_delay,,,,632,,,,,,,,,,04-00,,,,,,40,0,,,,,,,,,,,,,,,,,,,
SITE,lamp_wholewafer_delay,,,,633,,,,,,,,,,04-02,,,,,,40,2,,,,,,,,,,,,,,,,,,,
