step,command,major_index,device_ids,MovesMajorX,MovesMajorY,MovesMinorX,MovesMinorY
1,G,1,B4-13,61270,3170,0,0
2,J,2,B4-14,64055,3170,0,0
3,J,3,B4-15,66840,3170,0,0
4,J,4,B5-10,69625,3170,0,0
5,J,5,B5-11,72410,3170,0,0
6,J,6,B5-12,75195,3170,0,0
7,J,7,B5-05,83550,4755,0,0
8,J,8,B5-04,80765,4755,0,0
9,J,9,B5-03,77980,4755,0,0
10,J,10,B5-02,75195,4755,0,0
11,J,11,B5-01,72410,4755,0,0
12,J,12,B5-00,69625,4755,0,0
13,J,13,B4-05,66840,4755,0,0
14,J,14,B4-04,64055,4755,0,0
15,J,15,B4-03,61270,4755,0,0
16,J,16,B4-02,58485,4755,0,0
17,J,17,B4-01,55700,4755,0,0
18,J,18,B4-00,52915,4755,0,0
19,J,19,A3-73,44560,6340,0,0
20,J,20,A3-74,47345,6340,0,0
21,J,21,A3-75,50130,6340,0,0
22,J,22,A4-70,52915,6340,0,0
23,J,23,A4-71,55700,6340,0,0
24,J,24,A4-72,58485,6340,0,0
25,J,25,A4-73,61270,6340,0,0
26,J,26,A4-74,64055,6340,0,0
27,J,27,A4-75,66840,6340,0,0
28,J,28,A5-70,69625,6340,0,0
29,J,29,A5-71,72410,6340,0,0
30,J,30,A5-72,75195,6340,0,0
31,J,31,A5-73,77980,6340,0,0
32,J,32,A5-74,80765,6340,0,0
33,J,33,A5-75,83550,6340,0,0
34,J,34,A6-70,86335,6340,0,0
35,J,35,A6-71,89120,6340,0,0
36,J,36,A6-72,91905,6340,0,0
37,J,37,A6-63,94690,7925,0,0
38,J,38,A6-62,91905,7925,0,0
39,J,39,A6-61,89120,7925,0,0
40,J,40,A6-60,86335,7925,0,0
41,J,41,A5-65,83550,7925,0,0
42,J,42,A5-64,80765,7925,0,0
43,J,43,A5-63,77980,7925,0,0
44,J,44,A5-62,75195,7925,0,0
45,J,45,A5-61,72410,7925,0,0
46,J,46,A5-60,69625,7925,0,0
47,J,47,A4-65,66840,7925,0,0
48,J,48,A4-64,64055,7925,0,0
49,J,49,A4-63,61270,7925,0,0
50,J,50,A4-62,58485,7925,0,0
51,J,51,A4-61,55700,7925,0,0
52,J,52,A4-60,52915,7925,0,0
53,J,53,A3-65,50130,7925,0,0
54,J,54,A3-64,47345,7925,0,0
55,J,55,A3-63,44560,7925,0,0
56,J,56,A3-62,41775,7925,0,0
57,J,57,A3-52,41775,9510,0,0
58,J,58,A3-53,44560,9510,0,0
59,J,59,A3-54,47345,9510,0,0
60,J,60,A3-55,50130,9510,0,0
61,J,61,A4-50,52915,9510,0,0
62,J,62,A4-51,55700,9510,0,0
63,J,63,A4-52,58485,9510,0,0
64,J,64,A4-53,61270,9510,0,0
65,J,65,A4-54,64055,9510,0,0
66,J,66,A4-55,66840,9510,0,0
67,J,67,A5-50,69625,9510,0,0
68,J,68,A5-51,72410,9510,0,0
69,J,69,A5-52,75195,9510,0,0
70,J,70,A5-53,77980,9510,0,0
71,J,71,A5-54,80765,9510,0,0
72,J,72,A5-55,83550,9510,0,0
73,J,73,A6-50,86335,9510,0,0
74,J,74,A6-51,89120,9510,0,0
75,J,75,A6-52,91905,9510,0,0
76,J,76,A6-53,94690,9510,0,0
77,J,77,A6-45,100260,11095,0,0
78,J,78,A6-44,97475,11095,0,0
79,J,79,A6-43,94690,11095,0,0
80,J,80,A6-42,91905,11095,0,0
81,J,81,A6-41,89120,11095,0,0
82,J,82,A6-40,86335,11095,0,0
83,J,83,A5-45,83550,11095,0,0
84,J,84,A5-44,80765,11095,0,0
85,J,85,A5-43,77980,11095,0,0
86,J,86,A5-41,72410,11095,0,0
87,J,87,A5-40,69625,11095,0,0
88,J,88,A4-45,66840,11095,0,0
89,J,89,A4-44,64055,11095,0,0
90,J,90,A4-43,61270,11095,0,0
91,J,91,A4-42,58485,11095,0,0
92,J,92,A4-41,55700,11095,0,0
93,J,93,A4-40,52915,11095,0,0
94,J,94,A3-45,50130,11095,0,0
95,J,95,A3-44,47345,11095,0,0
96,J,96,A3-43,44560,11095,0,0
97,J,97,A3-42,41775,11095,0,0
98,J,98,A3-41,38990,11095,0,0
99,J,99,A3-40,36205,11095,0,0
100,J,100,A2-35,33420,12680,0,0
101,J,101,A3-30,36205,12680,0,0
102,J,102,A3-31,38990,12680,0,0
103,J,103,A3-32,41775,12680,0,0
104,J,104,A3-33,44560,12680,0,0
105,J,105,A3-34,47345,12680,0,0
106,J,106,A3-35,50130,12680,0,0
107,J,107,A4-30,52915,12680,0,0
108,J,108,A4-31,55700,12680,0,0
109,J,109,A4-32,58485,12680,0,0
110,J,110,A4-33,61270,12680,0,0
111,J,111,A4-34,64055,12680,0,0
112,J,112,A4-35,66840,12680,0,0
113,J,113,A5-30,69625,12680,0,0
114,J,114,A5-31,72410,12680,0,0
115,J,115,A5-32,75195,12680,0,0
116,J,116,A5-33,77980,12680,0,0
117,J,117,A5-34,80765,12680,0,0
118,J,118,A5-35,83550,12680,0,0
119,J,119,A6-30,86335,12680,0,0
120,J,120,A6-31,89120,12680,0,0
121,J,121,A6-32,91905,12680,0,0
122,J,122,A6-33,94690,12680,0,0
123,J,123,A6-34,97475,12680,0,0
124,J,124,A6-35,100260,12680,0,0
125,J,125,A7-30,103045,12680,0,0
126,J,126,A7-20,103045,14265,0,0
127,J,127,A6-25,100260,14265,0,0
128,J,128,A6-24,97475,14265,0,0
129,J,129,A6-23,94690,14265,0,0
130,J,130,A6-22,91905,14265,0,0
131,J,131,A6-21,89120,14265,0,0
132,J,132,A6-20,86335,14265,0,0
133,J,133,A5-25,83550,14265,0,0
134,J,134,A5-24,80765,14265,0,0
135,J,135,A5-23,77980,14265,0,0
136,J,136,A5-22,75195,14265,0,0
137,J,137,A5-21,72410,14265,0,0
138,J,138,A5-20,69625,14265,0,0
139,J,139,A4-25,66840,14265,0,0
140,J,140,A4-24,64055,14265,0,0
141,J,141,A4-23,61270,14265,0,0
142,J,142,A4-22,58485,14265,0,0
143,J,143,A4-21,55700,14265,0,0
144,J,144,A4-20,52915,14265,0,0
145,J,145,A3-25,50130,14265,0,0
146,J,146,A3-24,47345,14265,0,0
147,J,147,A3-23,44560,14265,0,0
148,J,148,A3-22,41775,14265,0,0
149,J,149,A3-21,38990,14265,0,0
150,J,150,A3-20,36205,14265,0,0
151,J,151,A2-25,33420,14265,0,0
152,J,152,A2-13,27850,15850,0,0
153,J,153,A2-14,30635,15850,0,0
154,J,154,A2-15,33420,15850,0,0
155,J,155,A3-10,36205,15850,0,0
156,J,156,A3-11,38990,15850,0,0
157,J,157,A3-12,41775,15850,0,0
158,J,158,A3-13,44560,15850,0,0
159,J,159,A3-14,47345,15850,0,0
160,J,160,A3-15,50130,15850,0,0
161,J,161,A4-10,52915,15850,0,0
162,J,162,A4-11,55700,15850,0,0
163,J,163,A4-12,58485,15850,0,0
164,J,164,A4-13,61270,15850,0,0
165,J,165,A4-14,64055,15850,0,0
166,J,166,A4-15,66840,15850,0,0
167,J,167,A5-10,69625,15850,0,0
168,J,168,A5-11,72410,15850,0,0
169,J,169,A5-12,75195,15850,0,0
170,J,170,A5-13,77980,15850,0,0
171,J,171,A5-14,80765,15850,0,0
172,J,172,A5-15,83550,15850,0,0
173,J,173,A6-10,86335,15850,0,0
174,J,174,A6-11,89120,15850,0,0
175,J,175,A6-12,91905,15850,0,0
176,J,176,A6-13,94690,15850,0,0
177,J,177,A6-14,97475,15850,0,0
178,J,178,A6-15,100260,15850,0,0
179,J,179,A7-10,103045,15850,0,0
180,J,180,A7-11,105830,15850,0,0
181,J,181,A7-12,108615,15850,0,0
182,J,182,A7-02,108615,17435,0,0
183,J,183,A7-01,105830,17435,0,0
184,J,184,A7-00,103045,17435,0,0
185,J,185,A6-05,100260,17435,0,0
186,J,186,A6-04,97475,17435,0,0
187,J,187,A6-03,94690,17435,0,0
188,J,188,A6-02,91905,17435,0,0
189,J,189,A6-01,89120,17435,0,0
190,J,190,A6-00,86335,17435,0,0
191,J,191,A5-05,83550,17435,0,0
192,J,192,A5-04,80765,17435,0,0
193,J,193,A5-03,77980,17435,0,0
194,J,194,A5-02,75195,17435,0,0
195,J,195,A5-01,72410,17435,0,0
196,J,196,A5-00,69625,17435,0,0
197,J,197,A4-05,66840,17435,0,0
198,J,198,A4-04,64055,17435,0,0
199,J,199,A4-03,61270,17435,0,0
200,J,200,A4-02,58485,17435,0,0
201,J,201,A4-01,55700,17435,0,0
202,J,202,A4-00,52915,17435,0,0
203,J,203,A3-05,50130,17435,0,0
204,J,204,A3-04,47345,17435,0,0
205,J,205,A3-03,44560,17435,0,0
206,J,206,A3-02,41775,17435,0,0
207,J,207,A3-01,38990,17435,0,0
208,J,208,A3-00,36205,17435,0,0
209,J,209,A2-05,33420,17435,0,0
210,J,210,A2-04,30635,17435,0,0
211,J,211,A2-03,27850,17435,0,0
212,J,212,92-72,25065,19020,0,0
213,J,213,92-73,27850,19020,0,0
214,J,214,92-74,30635,19020,0,0
215,J,215,92-75,33420,19020,0,0
216,J,216,93-70,36205,19020,0,0
217,J,217,93-71,38990,19020,0,0
218,J,218,93-72,41775,19020,0,0
219,J,219,93-73,44560,19020,0,0
220,J,220,93-74,47345,19020,0,0
221,J,221,93-75,50130,19020,0,0
222,J,222,94-70,52915,19020,0,0
223,J,223,94-71,55700,19020,0,0
224,J,224,94-72,58485,19020,0,0
225,J,225,94-73,61270,19020,0,0
226,J,226,94-74,64055,19020,0,0
227,J,227,94-75,66840,19020,0,0
228,J,228,95-70,69625,19020,0,0
229,J,229,95-71,72410,19020,0,0
230,J,230,95-72,75195,19020,0,0
231,J,231,95-73,77980,19020,0,0
232,J,232,95-74,80765,19020,0,0
233,J,233,95-75,83550,19020,0,0
234,J,234,96-70,86335,19020,0,0
235,J,235,96-71,89120,19020,0,0
236,J,236,96-72,91905,19020,0,0
237,J,237,96-73,94690,19020,0,0
238,J,238,96-74,97475,19020,0,0
239,J,239,96-75,100260,19020,0,0
240,J,240,97-70,103045,19020,0,0
241,J,241,97-71,105830,19020,0,0
242,J,242,97-72,108615,19020,0,0
243,J,243,97-73,111400,19020,0,0
244,J,244,97-63,111400,20605,0,0
245,J,245,97-62,108615,20605,0,0
246,J,246,97-61,105830,20605,0,0
247,J,247,97-60,103045,20605,0,0
248,J,248,96-65,100260,20605,0,0
249,J,249,96-64,97475,20605,0,0
250,J,250,96-63,94690,20605,0,0
251,J,251,96-62,91905,20605,0,0
252,J,252,96-61,89120,20605,0,0
253,J,253,96-60,86335,20605,0,0
254,J,254,95-65,83550,20605,0,0
255,J,255,95-64,80765,20605,0,0
256,J,256,95-63,77980,20605,0,0
257,J,257,95-62,75195,20605,0,0
258,J,258,95-61,72410,20605,0,0
259,J,259,95-60,69625,20605,0,0
260,J,260,94-65,66840,20605,0,0
261,J,261,94-64,64055,20605,0,0
262,J,262,94-63,61270,20605,0,0
263,J,263,94-62,58485,20605,0,0
264,J,264,94-61,55700,20605,0,0
265,J,265,94-60,52915,20605,0,0
266,J,266,93-65,50130,20605,0,0
267,J,267,93-64,47345,20605,0,0
268,J,268,93-63,44560,20605,0,0
269,J,269,93-62,41775,20605,0,0
270,J,270,93-61,38990,20605,0,0
271,J,271,93-60,36205,20605,0,0
272,J,272,92-65,33420,20605,0,0
273,J,273,92-64,30635,20605,0,0
274,J,274,92-63,27850,20605,0,0
275,J,275,92-62,25065,20605,0,0
276,J,276,92-51,22280,22190,0,0
277,J,277,92-52,25065,22190,0,0
278,J,278,92-53,27850,22190,0,0
279,J,279,92-54,30635,22190,0,0
280,J,280,92-55,33420,22190,0,0
281,J,281,93-50,36205,22190,0,0
282,J,282,93-51,38990,22190,0,0
283,J,283,93-52,41775,22190,0,0
284,J,284,93-53,44560,22190,0,0
285,J,285,93-54,47345,22190,0,0
286,J,286,93-55,50130,22190,0,0
287,J,287,94-50,52915,22190,0,0
288,J,288,94-51,55700,22190,0,0
289,J,289,94-52,58485,22190,0,0
290,J,290,94-53,61270,22190,0,0
291,J,291,94-54,64055,22190,0,0
292,J,292,94-55,66840,22190,0,0
293,J,293,95-50,69625,22190,0,0
294,J,294,95-51,72410,22190,0,0
295,J,295,95-52,75195,22190,0,0
296,J,296,95-53,77980,22190,0,0
297,J,297,95-54,80765,22190,0,0
298,J,298,95-55,83550,22190,0,0
299,J,299,96-50,86335,22190,0,0
300,J,300,96-51,89120,22190,0,0
301,J,301,96-52,91905,22190,0,0
302,J,302,96-53,94690,22190,0,0
303,J,303,96-54,97475,22190,0,0
304,J,304,96-55,100260,22190,0,0
305,J,305,97-50,103045,22190,0,0
306,J,306,97-51,105830,22190,0,0
307,J,307,97-52,108615,22190,0,0
308,J,308,97-53,111400,22190,0,0
309,J,309,97-54,114185,22190,0,0
310,J,310,97-44,114185,23775,0,0
311,J,311,97-43,111400,23775,0,0
312,J,312,97-42,108615,23775,0,0
313,J,313,97-41,105830,23775,0,0
314,J,314,97-40,103045,23775,0,0
315,J,315,96-45,100260,23775,0,0
316,J,316,96-44,97475,23775,0,0
317,J,317,96-43,94690,23775,0,0
318,J,318,96-42,91905,23775,0,0
319,J,319,96-41,89120,23775,0,0
320,J,320,96-40,86335,23775,0,0
321,J,321,95-45,83550,23775,0,0
322,J,322,95-44,80765,23775,0,0
323,J,323,95-43,77980,23775,0,0
324,J,324,95-42,75195,23775,0,0
325,J,325,95-41,72410,23775,0,0
326,J,326,95-40,69625,23775,0,0
327,J,327,94-45,66840,23775,0,0
328,J,328,94-44,64055,23775,0,0
329,J,329,94-43,61270,23775,0,0
330,J,330,94-42,58485,23775,0,0
331,J,331,94-41,55700,23775,0,0
332,J,332,94-40,52915,23775,0,0
333,J,333,93-45,50130,23775,0,0
334,J,334,93-44,47345,23775,0,0
335,J,335,93-43,44560,23775,0,0
336,J,336,93-42,41775,23775,0,0
337,J,337,93-41,38990,23775,0,0
338,J,338,93-40,36205,23775,0,0
339,J,339,92-45,33420,23775,0,0
340,J,340,92-44,30635,23775,0,0
341,J,341,92-43,27850,23775,0,0
342,J,342,92-42,25065,23775,0,0
343,J,343,92-41,22280,23775,0,0
344,J,344,92-30,19495,25360,0,0
345,J,345,92-31,22280,25360,0,0
346,J,346,92-32,25065,25360,0,0
347,J,347,92-33,27850,25360,0,0
348,J,348,92-34,30635,25360,0,0
349,J,349,92-35,33420,25360,0,0
350,J,350,93-30,36205,25360,0,0
351,J,351,93-31,38990,25360,0,0
352,J,352,93-32,41775,25360,0,0
353,J,353,93-33,44560,25360,0,0
354,J,354,93-34,47345,25360,0,0
355,J,355,93-35,50130,25360,0,0
356,J,356,94-30,52915,25360,0,0
357,J,357,94-31,55700,25360,0,0
358,J,358,94-32,58485,25360,0,0
359,J,359,94-33,61270,25360,0,0
360,J,360,94-34,64055,25360,0,0
361,J,361,94-35,66840,25360,0,0
362,J,362,95-30,69625,25360,0,0
363,J,363,95-31,72410,25360,0,0
364,J,364,95-32,75195,25360,0,0
365,J,365,95-33,77980,25360,0,0
366,J,366,95-34,80765,25360,0,0
367,J,367,95-35,83550,25360,0,0
368,J,368,96-30,86335,25360,0,0
369,J,369,96-31,89120,25360,0,0
370,J,370,96-32,91905,25360,0,0
371,J,371,96-33,94690,25360,0,0
372,J,372,96-34,97475,25360,0,0
373,J,373,96-35,100260,25360,0,0
374,J,374,97-30,103045,25360,0,0
375,J,375,97-31,105830,25360,0,0
376,J,376,97-32,108615,25360,0,0
377,J,377,97-33,111400,25360,0,0
378,J,378,97-34,114185,25360,0,0
379,J,379,97-35,116970,25360,0,0
380,J,380,97-25,116970,26945,0,0
381,J,381,97-24,114185,26945,0,0
382,J,382,97-23,111400,26945,0,0
383,J,383,97-22,108615,26945,0,0
384,J,384,97-21,105830,26945,0,0
385,J,385,97-20,103045,26945,0,0
386,J,386,96-25,100260,26945,0,0
387,J,387,96-24,97475,26945,0,0
388,J,388,96-23,94690,26945,0,0
389,J,389,96-22,91905,26945,0,0
390,J,390,96-21,89120,26945,0,0
391,J,391,96-20,86335,26945,0,0
392,J,392,95-25,83550,26945,0,0
393,J,393,95-24,80765,26945,0,0
394,J,394,95-23,77980,26945,0,0
395,J,395,95-22,75195,26945,0,0
396,J,396,95-21,72410,26945,0,0
397,J,397,95-20,69625,26945,0,0
398,J,398,94-25,66840,26945,0,0
399,J,399,94-24,64055,26945,0,0
400,J,400,94-23,61270,26945,0,0
401,J,401,94-22,58485,26945,0,0
402,J,402,94-21,55700,26945,0,0
403,J,403,94-20,52915,26945,0,0
404,J,404,93-25,50130,26945,0,0
405,J,405,93-24,47345,26945,0,0
406,J,406,93-23,44560,26945,0,0
407,J,407,93-22,41775,26945,0,0
408,J,408,93-21,38990,26945,0,0
409,J,409,93-20,36205,26945,0,0
410,J,410,92-25,33420,26945,0,0
411,J,411,92-24,30635,26945,0,0
412,J,412,92-23,27850,26945,0,0
413,J,413,92-22,25065,26945,0,0
414,J,414,92-21,22280,26945,0,0
415,J,415,92-20,19495,26945,0,0
416,J,416,91-15,16710,28530,0,0
417,J,417,92-10,19495,28530,0,0
418,J,418,92-11,22280,28530,0,0
419,J,419,92-12,25065,28530,0,0
420,J,420,92-13,27850,28530,0,0
421,J,421,92-14,30635,28530,0,0
422,J,422,92-15,33420,28530,0,0
423,J,423,93-10,36205,28530,0,0
424,J,424,93-11,38990,28530,0,0
425,J,425,93-12,41775,28530,0,0
426,J,426,93-13,44560,28530,0,0
427,J,427,93-14,47345,28530,0,0
428,J,428,93-15,50130,28530,0,0
429,J,429,94-10,52915,28530,0,0
430,J,430,94-11,55700,28530,0,0
431,J,431,94-12,58485,28530,0,0
432,J,432,94-13,61270,28530,0,0
433,J,433,94-14,64055,28530,0,0
434,J,434,94-15,66840,28530,0,0
435,J,435,95-10,69625,28530,0,0
436,J,436,95-11,72410,28530,0,0
437,J,437,95-12,75195,28530,0,0
438,J,438,95-13,77980,28530,0,0
439,J,439,95-14,80765,28530,0,0
440,J,440,95-15,83550,28530,0,0
441,J,441,96-10,86335,28530,0,0
442,J,442,96-11,89120,28530,0,0
443,J,443,96-12,91905,28530,0,0
444,J,444,96-13,94690,28530,0,0
445,J,445,96-14,97475,28530,0,0
446,J,446,96-15,100260,28530,0,0
447,J,447,97-10,103045,28530,0,0
448,J,448,97-11,105830,28530,0,0
449,J,449,97-12,108615,28530,0,0
450,J,450,97-13,111400,28530,0,0
451,J,451,97-14,114185,28530,0,0
452,J,452,97-15,116970,28530,0,0
453,J,453,98-10,119755,28530,0,0
454,J,454,98-00,119755,30115,0,0
455,J,455,97-05,116970,30115,0,0
456,J,456,97-04,114185,30115,0,0
457,J,457,97-03,111400,30115,0,0
458,J,458,97-01,105830,30115,0,0
459,J,459,97-00,103045,30115,0,0
460,J,460,96-05,100260,30115,0,0
461,J,461,96-04,97475,30115,0,0
462,J,462,96-03,94690,30115,0,0
463,J,463,96-02,91905,30115,0,0
464,J,464,96-01,89120,30115,0,0
465,J,465,96-00,86335,30115,0,0
466,J,466,95-05,83550,30115,0,0
467,J,467,95-04,80765,30115,0,0
468,J,468,95-03,77980,30115,0,0
469,J,469,95-01,72410,30115,0,0
470,J,470,95-00,69625,30115,0,0
471,J,471,94-05,66840,30115,0,0
472,J,472,94-04,64055,30115,0,0
473,J,473,94-03,61270,30115,0,0
474,J,474,94-02,58485,30115,0,0
475,J,475,94-01,55700,30115,0,0
476,J,476,94-00,52915,30115,0,0
477,J,477,93-05,50130,30115,0,0
478,J,478,93-04,47345,30115,0,0
479,J,479,93-03,44560,30115,0,0
480,J,480,93-01,38990,30115,0,0
481,J,481,93-00,36205,30115,0,0
482,J,482,92-05,33420,30115,0,0
483,J,483,92-04,30635,30115,0,0
484,J,484,92-03,27850,30115,0,0
485,J,485,92-02,25065,30115,0,0
486,J,486,92-01,22280,30115,0,0
487,J,487,92-00,19495,30115,0,0
488,J,488,91-05,16710,30115,0,0
489,J,489,81-74,13925,31700,0,0
490,J,490,81-75,16710,31700,0,0
491,J,491,82-70,19495,31700,0,0
492,J,492,82-71,22280,31700,0,0
493,J,493,82-72,25065,31700,0,0
494,J,494,82-73,27850,31700,0,0
495,J,495,82-74,30635,31700,0,0
496,J,496,82-75,33420,31700,0,0
497,J,497,83-70,36205,31700,0,0
498,J,498,83-71,38990,31700,0,0
499,J,499,83-72,41775,31700,0,0
500,J,500,83-73,44560,31700,0,0
501,J,501,83-74,47345,31700,0,0
502,J,502,83-75,50130,31700,0,0
503,J,503,84-70,52915,31700,0,0
504,J,504,84-71,55700,31700,0,0
505,J,505,84-72,58485,31700,0,0
506,J,506,84-73,61270,31700,0,0
507,J,507,84-74,64055,31700,0,0
508,J,508,84-75,66840,31700,0,0
509,J,509,85-70,69625,31700,0,0
510,J,510,85-71,72410,31700,0,0
511,J,511,85-72,75195,31700,0,0
512,J,512,85-73,77980,31700,0,0
513,J,513,85-74,80765,31700,0,0
514,J,514,85-75,83550,31700,0,0
515,J,515,86-70,86335,31700,0,0
516,J,516,86-71,89120,31700,0,0
517,J,517,86-72,91905,31700,0,0
518,J,518,86-73,94690,31700,0,0
519,J,519,86-74,97475,31700,0,0
520,J,520,86-75,100260,31700,0,0
521,J,521,87-70,103045,31700,0,0
522,J,522,87-71,105830,31700,0,0
523,J,523,87-72,108615,31700,0,0
524,J,524,87-73,111400,31700,0,0
525,J,525,87-74,114185,31700,0,0
526,J,526,87-75,116970,31700,0,0
527,J,527,88-70,119755,31700,0,0
528,J,528,88-71,122540,31700,0,0
529,J,529,88-61,122540,33285,0,0
530,J,530,88-60,119755,33285,0,0
531,J,531,87-65,116970,33285,0,0
532,J,532,87-64,114185,33285,0,0
533,J,533,87-63,111400,33285,0,0
534,J,534,87-62,108615,33285,0,0
535,J,535,87-61,105830,33285,0,0
536,J,536,87-60,103045,33285,0,0
537,J,537,86-65,100260,33285,0,0
538,J,538,86-64,97475,33285,0,0
539,J,539,86-63,94690,33285,0,0
540,J,540,86-62,91905,33285,0,0
541,J,541,86-61,89120,33285,0,0
542,J,542,86-60,86335,33285,0,0
543,J,543,85-65,83550,33285,0,0
544,J,544,85-64,80765,33285,0,0
545,J,545,85-63,77980,33285,0,0
546,J,546,85-62,75195,33285,0,0
547,J,547,85-61,72410,33285,0,0
548,J,548,85-60,69625,33285,0,0
549,J,549,84-65,66840,33285,0,0
550,J,550,84-64,64055,33285,0,0
551,J,551,84-63,61270,33285,0,0
552,J,552,84-62,58485,33285,0,0
553,J,553,84-61,55700,33285,0,0
554,J,554,84-60,52915,33285,0,0
555,J,555,83-65,50130,33285,0,0
556,J,556,83-64,47345,33285,0,0
557,J,557,83-63,44560,33285,0,0
558,J,558,83-62,41775,33285,0,0
559,J,559,83-61,38990,33285,0,0
560,J,560,83-60,36205,33285,0,0
561,J,561,82-65,33420,33285,0,0
562,J,562,82-64,30635,33285,0,0
563,J,563,82-63,27850,33285,0,0
564,J,564,82-62,25065,33285,0,0
565,J,565,82-61,22280,33285,0,0
566,J,566,82-60,19495,33285,0,0
567,J,567,81-65,16710,33285,0,0
568,J,568,81-64,13925,33285,0,0
569,J,569,81-53,11140,34870,0,0
570,J,570,81-54,13925,34870,0,0
571,J,571,81-55,16710,34870,0,0
572,J,572,82-50,19495,34870,0,0
573,J,573,82-51,22280,34870,0,0
574,J,574,82-52,25065,34870,0,0
575,J,575,82-53,27850,34870,0,0
576,J,576,82-54,30635,34870,0,0
577,J,577,82-55,33420,34870,0,0
578,J,578,83-50,36205,34870,0,0
579,J,579,83-51,38990,34870,0,0
580,J,580,83-52,41775,34870,0,0
581,J,581,83-53,44560,34870,0,0
582,J,582,83-54,47345,34870,0,0
583,J,583,83-55,50130,34870,0,0
584,J,584,84-50,52915,34870,0,0
585,J,585,84-51,55700,34870,0,0
586,J,586,84-52,58485,34870,0,0
587,J,587,84-53,61270,34870,0,0
588,J,588,84-54,64055,34870,0,0
589,J,589,84-55,66840,34870,0,0
590,J,590,85-50,69625,34870,0,0
591,J,591,85-51,72410,34870,0,0
592,J,592,85-52,75195,34870,0,0
593,J,593,85-53,77980,34870,0,0
594,J,594,85-54,80765,34870,0,0
595,J,595,85-55,83550,34870,0,0
596,J,596,86-50,86335,34870,0,0
597,J,597,86-51,89120,34870,0,0
598,J,598,86-52,91905,34870,0,0
599,J,599,86-53,94690,34870,0,0
600,J,600,86-54,97475,34870,0,0
601,J,601,86-55,100260,34870,0,0
602,J,602,87-50,103045,34870,0,0
603,J,603,87-51,105830,34870,0,0
604,J,604,87-52,108615,34870,0,0
605,J,605,87-53,111400,34870,0,0
606,J,606,87-54,114185,34870,0,0
607,J,607,87-55,116970,34870,0,0
608,J,608,88-50,119755,34870,0,0
609,J,609,88-51,122540,34870,0,0
610,J,610,88-52,125325,34870,0,0
611,J,611,88-42,125325,36455,0,0
612,J,612,88-41,122540,36455,0,0
613,J,613,88-40,119755,36455,0,0
614,J,614,87-45,116970,36455,0,0
615,J,615,87-44,114185,36455,0,0
616,J,616,87-43,111400,36455,0,0
617,J,617,87-42,108615,36455,0,0
618,J,618,87-41,105830,36455,0,0
619,J,619,87-40,103045,36455,0,0
620,J,620,86-45,100260,36455,0,0
621,J,621,86-44,97475,36455,0,0
622,J,622,86-43,94690,36455,0,0
623,J,623,86-42,91905,36455,0,0
624,J,624,86-41,89120,36455,0,0
625,J,625,86-40,86335,36455,0,0
626,J,626,85-45,83550,36455,0,0
627,J,627,85-44,80765,36455,0,0
628,J,628,85-43,77980,36455,0,0
629,J,629,85-42,75195,36455,0,0
630,J,630,85-41,72410,36455,0,0
631,J,631,85-40,69625,36455,0,0
632,J,632,84-45,66840,36455,0,0
633,J,633,84-44,64055,36455,0,0
634,J,634,84-43,61270,36455,0,0
635,J,635,84-42,58485,36455,0,0
636,J,636,84-41,55700,36455,0,0
637,J,637,84-40,52915,36455,0,0
638,J,638,83-45,50130,36455,0,0
639,J,639,83-44,47345,36455,0,0
640,J,640,83-43,44560,36455,0,0
641,J,641,83-42,41775,36455,0,0
642,J,642,83-41,38990,36455,0,0
643,J,643,83-40,36205,36455,0,0
644,J,644,82-45,33420,36455,0,0
645,J,645,82-44,30635,36455,0,0
646,J,646,82-43,27850,36455,0,0
647,J,647,82-42,25065,36455,0,0
648,J,648,82-41,22280,36455,0,0
649,J,649,82-40,19495,36455,0,0
650,J,650,81-45,16710,36455,0,0
651,J,651,81-44,13925,36455,0,0
652,J,652,81-43,11140,36455,0,0
653,J,653,81-33,11140,38040,0,0
654,J,654,81-34,13925,38040,0,0
655,J,655,81-35,16710,38040,0,0
656,J,656,82-30,19495,38040,0,0
657,J,657,82-31,22280,38040,0,0
658,J,658,82-32,25065,38040,0,0
659,J,659,82-33,27850,38040,0,0
660,J,660,82-34,30635,38040,0,0
661,J,661,82-35,33420,38040,0,0
662,J,662,83-30,36205,38040,0,0
663,J,663,83-31,38990,38040,0,0
664,J,664,83-32,41775,38040,0,0
665,J,665,83-33,44560,38040,0,0
666,J,666,83-34,47345,38040,0,0
667,J,667,83-35,50130,38040,0,0
668,J,668,84-30,52915,38040,0,0
669,J,669,84-31,55700,38040,0,0
670,J,670,84-32,58485,38040,0,0
671,J,671,84-33,61270,38040,0,0
672,J,672,84-34,64055,38040,0,0
673,J,673,84-35,66840,38040,0,0
674,J,674,85-30,69625,38040,0,0
675,J,675,85-31,72410,38040,0,0
676,J,676,85-32,75195,38040,0,0
677,J,677,85-33,77980,38040,0,0
678,J,678,85-34,80765,38040,0,0
679,J,679,85-35,83550,38040,0,0
680,J,680,86-30,86335,38040,0,0
681,J,681,86-31,89120,38040,0,0
682,J,682,86-32,91905,38040,0,0
683,J,683,86-33,94690,38040,0,0
684,J,684,86-34,97475,38040,0,0
685,J,685,86-35,100260,38040,0,0
686,J,686,87-30,103045,38040,0,0
687,J,687,87-31,105830,38040,0,0
688,J,688,87-32,108615,38040,0,0
689,J,689,87-33,111400,38040,0,0
690,J,690,87-34,114185,38040,0,0
691,J,691,87-35,116970,38040,0,0
692,J,692,88-30,119755,38040,0,0
693,J,693,88-31,122540,38040,0,0
694,J,694,88-32,125325,38040,0,0
695,J,695,88-22,125325,39625,0,0
696,J,696,88-21,122540,39625,0,0
697,J,697,88-20,119755,39625,0,0
698,J,698,87-25,116970,39625,0,0
699,J,699,87-24,114185,39625,0,0
700,J,700,87-23,111400,39625,0,0
701,J,701,87-22,108615,39625,0,0
702,J,702,87-21,105830,39625,0,0
703,J,703,87-20,103045,39625,0,0
704,J,704,86-25,100260,39625,0,0
705,J,705,86-24,97475,39625,0,0
706,J,706,86-23,94690,39625,0,0
707,J,707,86-22,91905,39625,0,0
708,J,708,86-21,89120,39625,0,0
709,J,709,86-20,86335,39625,0,0
710,J,710,85-25,83550,39625,0,0
711,J,711,85-24,80765,39625,0,0
712,J,712,85-23,77980,39625,0,0
713,J,713,85-22,75195,39625,0,0
714,J,714,85-21,72410,39625,0,0
715,J,715,85-20,69625,39625,0,0
716,J,716,84-25,66840,39625,0,0
717,J,717,84-24,64055,39625,0,0
718,J,718,84-23,61270,39625,0,0
719,J,719,84-22,58485,39625,0,0
720,J,720,84-21,55700,39625,0,0
721,J,721,84-20,52915,39625,0,0
722,J,722,83-25,50130,39625,0,0
723,J,723,83-24,47345,39625,0,0
724,J,724,83-23,44560,39625,0,0
725,J,725,83-22,41775,39625,0,0
726,J,726,83-21,38990,39625,0,0
727,J,727,83-20,36205,39625,0,0
728,J,728,82-25,33420,39625,0,0
729,J,729,82-24,30635,39625,0,0
730,J,730,82-23,27850,39625,0,0
731,J,731,82-22,25065,39625,0,0
732,J,732,82-21,22280,39625,0,0
733,J,733,82-20,19495,39625,0,0
734,J,734,81-25,16710,39625,0,0
735,J,735,81-24,13925,39625,0,0
736,J,736,81-23,11140,39625,0,0
737,J,737,81-12,8355,41210,0,0
738,J,738,81-13,11140,41210,0,0
739,J,739,81-14,13925,41210,0,0
740,J,740,81-15,16710,41210,0,0
741,J,741,82-10,19495,41210,0,0
742,J,742,82-11,22280,41210,0,0
743,J,743,82-12,25065,41210,0,0
744,J,744,82-13,27850,41210,0,0
745,J,745,82-14,30635,41210,0,0
746,J,746,82-15,33420,41210,0,0
747,J,747,83-10,36205,41210,0,0
748,J,748,83-11,38990,41210,0,0
749,J,749,83-12,41775,41210,0,0
750,J,750,83-13,44560,41210,0,0
751,J,751,83-14,47345,41210,0,0
752,J,752,83-15,50130,41210,0,0
753,J,753,84-10,52915,41210,0,0
754,J,754,84-11,55700,41210,0,0
755,J,755,84-12,58485,41210,0,0
756,J,756,84-13,61270,41210,0,0
757,J,757,84-14,64055,41210,0,0
758,J,758,84-15,66840,41210,0,0
759,J,759,85-10,69625,41210,0,0
760,J,760,85-11,72410,41210,0,0
761,J,761,85-12,75195,41210,0,0
762,J,762,85-13,77980,41210,0,0
763,J,763,85-14,80765,41210,0,0
764,J,764,85-15,83550,41210,0,0
765,J,765,86-10,86335,41210,0,0
766,J,766,86-11,89120,41210,0,0
767,J,767,86-12,91905,41210,0,0
768,J,768,86-13,94690,41210,0,0
769,J,769,86-14,97475,41210,0,0
770,J,770,86-15,100260,41210,0,0
771,J,771,87-10,103045,41210,0,0
772,J,772,87-11,105830,41210,0,0
773,J,773,87-12,108615,41210,0,0
774,J,774,87-13,111400,41210,0,0
775,J,775,87-14,114185,41210,0,0
776,J,776,87-15,116970,41210,0,0
777,J,777,88-10,119755,41210,0,0
778,J,778,88-11,122540,41210,0,0
779,J,779,88-12,125325,41210,0,0
780,J,780,88-13,128110,41210,0,0
781,J,781,88-03,128110,42795,0,0
782,J,782,88-02,125325,42795,0,0
783,J,783,88-01,122540,42795,0,0
784,J,784,88-00,119755,42795,0,0
785,J,785,87-05,116970,42795,0,0
786,J,786,87-04,114185,42795,0,0
787,J,787,87-03,111400,42795,0,0
788,J,788,87-02,108615,42795,0,0
789,J,789,87-01,105830,42795,0,0
790,J,790,87-00,103045,42795,0,0
791,J,791,86-05,100260,42795,0,0
792,J,792,86-04,97475,42795,0,0
793,J,793,86-03,94690,42795,0,0
794,J,794,86-02,91905,42795,0,0
795,J,795,86-01,89120,42795,0,0
796,J,796,86-00,86335,42795,0,0
797,J,797,85-05,83550,42795,0,0
798,J,798,85-04,80765,42795,0,0
799,J,799,85-03,77980,42795,0,0
800,J,800,85-02,75195,42795,0,0
801,J,801,85-01,72410,42795,0,0
802,J,802,85-00,69625,42795,0,0
803,J,803,84-05,66840,42795,0,0
804,J,804,84-04,64055,42795,0,0
805,J,805,84-03,61270,42795,0,0
806,J,806,84-02,58485,42795,0,0
807,J,807,84-01,55700,42795,0,0
808,J,808,84-00,52915,42795,0,0
809,J,809,83-05,50130,42795,0,0
810,J,810,83-04,47345,42795,0,0
811,J,811,83-03,44560,42795,0,0
812,J,812,83-02,41775,42795,0,0
813,J,813,83-01,38990,42795,0,0
814,J,814,83-00,36205,42795,0,0
815,J,815,82-05,33420,42795,0,0
816,J,816,82-04,30635,42795,0,0
817,J,817,82-03,27850,42795,0,0
818,J,818,82-02,25065,42795,0,0
819,J,819,82-01,22280,42795,0,0
820,J,820,82-00,19495,42795,0,0
821,J,821,81-05,16710,42795,0,0
822,J,822,81-04,13925,42795,0,0
823,J,823,81-03,11140,42795,0,0
824,J,824,81-02,8355,42795,0,0
825,J,825,71-72,8355,44380,0,0
826,J,826,71-73,11140,44380,0,0
827,J,827,71-74,13925,44380,0,0
828,J,828,71-75,16710,44380,0,0
829,J,829,72-70,19495,44380,0,0
830,J,830,72-71,22280,44380,0,0
831,J,831,72-72,25065,44380,0,0
832,J,832,72-73,27850,44380,0,0
833,J,833,72-74,30635,44380,0,0
834,J,834,72-75,33420,44380,0,0
835,J,835,73-70,36205,44380,0,0
836,J,836,73-71,38990,44380,0,0
837,J,837,73-72,41775,44380,0,0
838,J,838,73-73,44560,44380,0,0
839,J,839,73-74,47345,44380,0,0
840,J,840,73-75,50130,44380,0,0
841,J,841,74-70,52915,44380,0,0
842,J,842,74-71,55700,44380,0,0
843,J,843,74-72,58485,44380,0,0
844,J,844,74-73,61270,44380,0,0
845,J,845,74-74,64055,44380,0,0
846,J,846,74-75,66840,44380,0,0
847,J,847,75-70,69625,44380,0,0
848,J,848,75-71,72410,44380,0,0
849,J,849,75-72,75195,44380,0,0
850,J,850,75-73,77980,44380,0,0
851,J,851,75-74,80765,44380,0,0
852,J,852,75-75,83550,44380,0,0
853,J,853,76-70,86335,44380,0,0
854,J,854,76-71,89120,44380,0,0
855,J,855,76-72,91905,44380,0,0
856,J,856,76-73,94690,44380,0,0
857,J,857,76-74,97475,44380,0,0
858,J,858,76-75,100260,44380,0,0
859,J,859,77-70,103045,44380,0,0
860,J,860,77-71,105830,44380,0,0
861,J,861,77-72,108615,44380,0,0
862,J,862,77-73,111400,44380,0,0
863,J,863,77-74,114185,44380,0,0
864,J,864,77-75,116970,44380,0,0
865,J,865,78-70,119755,44380,0,0
866,J,866,78-71,122540,44380,0,0
867,J,867,78-72,125325,44380,0,0
868,J,868,78-73,128110,44380,0,0
869,J,869,78-63,128110,45965,0,0
870,J,870,78-62,125325,45965,0,0
871,J,871,78-61,122540,45965,0,0
872,J,872,78-60,119755,45965,0,0
873,J,873,77-65,116970,45965,0,0
874,J,874,77-64,114185,45965,0,0
875,J,875,77-63,111400,45965,0,0
876,J,876,77-62,108615,45965,0,0
877,J,877,77-61,105830,45965,0,0
878,J,878,77-60,103045,45965,0,0
879,J,879,76-65,100260,45965,0,0
880,J,880,76-64,97475,45965,0,0
881,J,881,76-63,94690,45965,0,0
882,J,882,76-62,91905,45965,0,0
883,J,883,76-61,89120,45965,0,0
884,J,884,76-60,86335,45965,0,0
885,J,885,75-65,83550,45965,0,0
886,J,886,75-64,80765,45965,0,0
887,J,887,75-63,77980,45965,0,0
888,J,888,75-62,75195,45965,0,0
889,J,889,75-61,72410,45965,0,0
890,J,890,75-60,69625,45965,0,0
891,J,891,74-65,66840,45965,0,0
892,J,892,74-64,64055,45965,0,0
893,J,893,74-63,61270,45965,0,0
894,J,894,74-62,58485,45965,0,0
895,J,895,74-61,55700,45965,0,0
896,J,896,74-60,52915,45965,0,0
897,J,897,73-65,50130,45965,0,0
898,J,898,73-64,47345,45965,0,0
899,J,899,73-63,44560,45965,0,0
900,J,900,73-62,41775,45965,0,0
901,J,901,73-61,38990,45965,0,0
902,J,902,73-60,36205,45965,0,0
903,J,903,72-65,33420,45965,0,0
904,J,904,72-64,30635,45965,0,0
905,J,905,72-63,27850,45965,0,0
906,J,906,72-62,25065,45965,0,0
907,J,907,72-61,22280,45965,0,0
908,J,908,72-60,19495,45965,0,0
909,J,909,71-65,16710,45965,0,0
910,J,910,71-64,13925,45965,0,0
911,J,911,71-63,11140,45965,0,0
912,J,912,71-62,8355,45965,0,0
913,J,913,71-51,5570,47550,0,0
914,J,914,71-52,8355,47550,0,0
915,J,915,71-53,11140,47550,0,0
916,J,916,71-54,13925,47550,0,0
917,J,917,71-55,16710,47550,0,0
918,J,918,72-50,19495,47550,0,0
919,J,919,72-51,22280,47550,0,0
920,J,920,72-52,25065,47550,0,0
921,J,921,72-53,27850,47550,0,0
922,J,922,72-54,30635,47550,0,0
923,J,923,72-55,33420,47550,0,0
924,J,924,73-50,36205,47550,0,0
925,J,925,73-51,38990,47550,0,0
926,J,926,73-52,41775,47550,0,0
927,J,927,73-53,44560,47550,0,0
928,J,928,73-54,47345,47550,0,0
929,J,929,73-55,50130,47550,0,0
930,J,930,74-50,52915,47550,0,0
931,J,931,74-51,55700,47550,0,0
932,J,932,74-52,58485,47550,0,0
933,J,933,74-53,61270,47550,0,0
934,J,934,74-54,64055,47550,0,0
935,J,935,74-55,66840,47550,0,0
936,J,936,75-50,69625,47550,0,0
937,J,937,75-51,72410,47550,0,0
938,J,938,75-52,75195,47550,0,0
939,J,939,75-53,77980,47550,0,0
940,J,940,75-54,80765,47550,0,0
941,J,941,75-55,83550,47550,0,0
942,J,942,76-50,86335,47550,0,0
943,J,943,76-51,89120,47550,0,0
944,J,944,76-52,91905,47550,0,0
945,J,945,76-53,94690,47550,0,0
946,J,946,76-54,97475,47550,0,0
947,J,947,76-55,100260,47550,0,0
948,J,948,77-50,103045,47550,0,0
949,J,949,77-51,105830,47550,0,0
950,J,950,77-52,108615,47550,0,0
951,J,951,77-53,111400,47550,0,0
952,J,952,77-54,114185,47550,0,0
953,J,953,77-55,116970,47550,0,0
954,J,954,78-50,119755,47550,0,0
955,J,955,78-51,122540,47550,0,0
956,J,956,78-52,125325,47550,0,0
957,J,957,78-53,128110,47550,0,0
958,J,958,78-54,130895,47550,0,0
959,J,959,78-44,130895,49135,0,0
960,J,960,78-43,128110,49135,0,0
961,J,961,78-42,125325,49135,0,0
962,J,962,78-41,122540,49135,0,0
963,J,963,78-40,119755,49135,0,0
964,J,964,77-45,116970,49135,0,0
965,J,965,77-44,114185,49135,0,0
966,J,966,77-43,111400,49135,0,0
967,J,967,77-41,105830,49135,0,0
968,J,968,77-40,103045,49135,0,0
969,J,969,76-45,100260,49135,0,0
970,J,970,76-44,97475,49135,0,0
971,J,971,76-43,94690,49135,0,0
972,J,972,76-42,91905,49135,0,0
973,J,973,76-41,89120,49135,0,0
974,J,974,76-40,86335,49135,0,0
975,J,975,75-45,83550,49135,0,0
976,J,976,75-44,80765,49135,0,0
977,J,977,75-43,77980,49135,0,0
978,J,978,75-41,72410,49135,0,0
979,J,979,75-40,69625,49135,0,0
980,J,980,74-45,66840,49135,0,0
981,J,981,74-44,64055,49135,0,0
982,J,982,74-43,61270,49135,0,0
983,J,983,74-42,58485,49135,0,0
984,J,984,74-41,55700,49135,0,0
985,J,985,74-40,52915,49135,0,0
986,J,986,73-45,50130,49135,0,0
987,J,987,73-44,47345,49135,0,0
988,J,988,73-43,44560,49135,0,0
989,J,989,73-41,38990,49135,0,0
990,J,990,73-40,36205,49135,0,0
991,J,991,72-45,33420,49135,0,0
992,J,992,72-44,30635,49135,0,0
993,J,993,72-43,27850,49135,0,0
994,J,994,72-42,25065,49135,0,0
995,J,995,72-41,22280,49135,0,0
996,J,996,72-40,19495,49135,0,0
997,J,997,71-45,16710,49135,0,0
998,J,998,71-44,13925,49135,0,0
999,J,999,71-43,11140,49135,0,0
1000,J,1000,71-42,8355,49135,0,0
1001,J,1001,71-41,5570,49135,0,0
1002,J,1002,71-31,5570,50720,0,0
1003,J,1003,71-32,8355,50720,0,0
1004,J,1004,71-33,11140,50720,0,0
1005,J,1005,71-34,13925,50720,0,0
1006,J,1006,71-35,16710,50720,0,0
1007,J,1007,72-30,19495,50720,0,0
1008,J,1008,72-31,22280,50720,0,0
1009,J,1009,72-32,25065,50720,0,0
1010,J,1010,72-33,27850,50720,0,0
1011,J,1011,72-34,30635,50720,0,0
1012,J,1012,72-35,33420,50720,0,0
1013,J,1013,73-30,36205,50720,0,0
1014,J,1014,73-31,38990,50720,0,0
1015,J,1015,73-32,41775,50720,0,0
1016,J,1016,73-33,44560,50720,0,0
1017,J,1017,73-34,47345,50720,0,0
1018,J,1018,73-35,50130,50720,0,0
1019,J,1019,74-30,52915,50720,0,0
1020,J,1020,74-31,55700,50720,0,0
1021,J,1021,74-32,58485,50720,0,0
1022,J,1022,74-33,61270,50720,0,0
1023,J,1023,74-34,64055,50720,0,0
1024,J,1024,74-35,66840,50720,0,0
1025,J,1025,75-30,69625,50720,0,0
1026,J,1026,75-31,72410,50720,0,0
1027,J,1027,75-32,75195,50720,0,0
1028,J,1028,75-33,77980,50720,0,0
1029,J,1029,75-34,80765,50720,0,0
1030,J,1030,75-35,83550,50720,0,0
1031,J,1031,76-30,86335,50720,0,0
1032,J,1032,76-31,89120,50720,0,0
1033,J,1033,76-32,91905,50720,0,0
1034,J,1034,76-33,94690,50720,0,0
1035,J,1035,76-34,97475,50720,0,0
1036,J,1036,76-35,100260,50720,0,0
1037,J,1037,77-30,103045,50720,0,0
1038,J,1038,77-31,105830,50720,0,0
1039,J,1039,77-32,108615,50720,0,0
1040,J,1040,77-33,111400,50720,0,0
1041,J,1041,77-34,114185,50720,0,0
1042,J,1042,77-35,116970,50720,0,0
1043,J,1043,78-30,119755,50720,0,0
1044,J,1044,78-31,122540,50720,0,0
1045,J,1045,78-32,125325,50720,0,0
1046,J,1046,78-33,128110,50720,0,0
1047,J,1047,78-34,130895,50720,0,0
1048,J,1048,78-24,130895,52305,0,0
1049,J,1049,78-23,128110,52305,0,0
1050,J,1050,78-22,125325,52305,0,0
1051,J,1051,78-21,122540,52305,0,0
1052,J,1052,78-20,119755,52305,0,0
1053,J,1053,77-25,116970,52305,0,0
1054,J,1054,77-24,114185,52305,0,0
1055,J,1055,77-23,111400,52305,0,0
1056,J,1056,77-22,108615,52305,0,0
1057,J,1057,77-21,105830,52305,0,0
1058,J,1058,77-20,103045,52305,0,0
1059,J,1059,76-25,100260,52305,0,0
1060,J,1060,76-24,97475,52305,0,0
1061,J,1061,76-23,94690,52305,0,0
1062,J,1062,76-22,91905,52305,0,0
1063,J,1063,76-21,89120,52305,0,0
1064,J,1064,76-20,86335,52305,0,0
1065,J,1065,75-25,83550,52305,0,0
1066,J,1066,75-24,80765,52305,0,0
1067,J,1067,75-23,77980,52305,0,0
1068,J,1068,75-22,75195,52305,0,0
1069,J,1069,75-21,72410,52305,0,0
1070,J,1070,75-20,69625,52305,0,0
1071,J,1071,74-25,66840,52305,0,0
1072,J,1072,74-24,64055,52305,0,0
1073,J,1073,74-23,61270,52305,0,0
1074,J,1074,74-22,58485,52305,0,0
1075,J,1075,74-21,55700,52305,0,0
1076,J,1076,74-20,52915,52305,0,0
1077,J,1077,73-25,50130,52305,0,0
1078,J,1078,73-24,47345,52305,0,0
1079,J,1079,73-23,44560,52305,0,0
1080,J,1080,73-22,41775,52305,0,0
1081,J,1081,73-21,38990,52305,0,0
1082,J,1082,73-20,36205,52305,0,0
1083,J,1083,72-25,33420,52305,0,0
1084,J,1084,72-24,30635,52305,0,0
1085,J,1085,72-23,27850,52305,0,0
1086,J,1086,72-22,25065,52305,0,0
1087,J,1087,72-21,22280,52305,0,0
1088,J,1088,72-20,19495,52305,0,0
1089,J,1089,71-25,16710,52305,0,0
1090,J,1090,71-24,13925,52305,0,0
1091,J,1091,71-23,11140,52305,0,0
1092,J,1092,71-22,8355,52305,0,0
1093,J,1093,71-21,5570,52305,0,0
1094,J,1094,71-11,5570,53890,0,0
1095,J,1095,71-12,8355,53890,0,0
1096,J,1096,71-13,11140,53890,0,0
1097,J,1097,71-14,13925,53890,0,0
1098,J,1098,71-15,16710,53890,0,0
1099,J,1099,72-10,19495,53890,0,0
1100,J,1100,72-11,22280,53890,0,0
1101,J,1101,72-12,25065,53890,0,0
1102,J,1102,72-13,27850,53890,0,0
1103,J,1103,72-14,30635,53890,0,0
1104,J,1104,72-15,33420,53890,0,0
1105,J,1105,73-10,36205,53890,0,0
1106,J,1106,73-11,38990,53890,0,0
1107,J,1107,73-12,41775,53890,0,0
1108,J,1108,73-13,44560,53890,0,0
1109,J,1109,73-14,47345,53890,0,0
1110,J,1110,73-15,50130,53890,0,0
1111,J,1111,74-10,52915,53890,0,0
1112,J,1112,74-11,55700,53890,0,0
1113,J,1113,74-12,58485,53890,0,0
1114,J,1114,74-13,61270,53890,0,0
1115,J,1115,74-14,64055,53890,0,0
1116,J,1116,74-15,66840,53890,0,0
1117,J,1117,75-10,69625,53890,0,0
1118,J,1118,75-11,72410,53890,0,0
1119,J,1119,75-12,75195,53890,0,0
1120,J,1120,75-13,77980,53890,0,0
1121,J,1121,75-14,80765,53890,0,0
1122,J,1122,75-15,83550,53890,0,0
1123,J,1123,76-10,86335,53890,0,0
1124,J,1124,76-11,89120,53890,0,0
1125,J,1125,76-12,91905,53890,0,0
1126,J,1126,76-13,94690,53890,0,0
1127,J,1127,76-14,97475,53890,0,0
1128,J,1128,76-15,100260,53890,0,0
1129,J,1129,77-10,103045,53890,0,0
1130,J,1130,77-11,105830,53890,0,0
1131,J,1131,77-12,108615,53890,0,0
1132,J,1132,77-13,111400,53890,0,0
1133,J,1133,77-14,114185,53890,0,0
1134,J,1134,77-15,116970,53890,0,0
1135,J,1135,78-10,119755,53890,0,0
1136,J,1136,78-11,122540,53890,0,0
1137,J,1137,78-12,125325,53890,0,0
1138,J,1138,78-13,128110,53890,0,0
1139,J,1139,78-14,130895,53890,0,0
1140,J,1140,78-04,130895,55475,0,0
1141,J,1141,78-03,128110,55475,0,0
1142,J,1142,78-02,125325,55475,0,0
1143,J,1143,78-01,122540,55475,0,0
1144,J,1144,78-00,119755,55475,0,0
1145,J,1145,77-05,116970,55475,0,0
1146,J,1146,77-04,114185,55475,0,0
1147,J,1147,77-03,111400,55475,0,0
1148,J,1148,77-02,108615,55475,0,0
1149,J,1149,77-01,105830,55475,0,0
1150,J,1150,77-00,103045,55475,0,0
1151,J,1151,76-05,100260,55475,0,0
1152,J,1152,76-04,97475,55475,0,0
1153,J,1153,76-03,94690,55475,0,0
1154,J,1154,76-02,91905,55475,0,0
1155,J,1155,76-01,89120,55475,0,0
1156,J,1156,76-00,86335,55475,0,0
1157,J,1157,75-05,83550,55475,0,0
1158,J,1158,75-04,80765,55475,0,0
1159,J,1159,75-03,77980,55475,0,0
1160,J,1160,75-02,75195,55475,0,0
1161,J,1161,75-01,72410,55475,0,0
1162,J,1162,75-00,69625,55475,0,0
1163,J,1163,74-05,66840,55475,0,0
1164,J,1164,74-04,64055,55475,0,0
1165,J,1165,74-03,61270,55475,0,0
1166,J,1166,74-02,58485,55475,0,0
1167,J,1167,74-01,55700,55475,0,0
1168,J,1168,74-00,52915,55475,0,0
1169,J,1169,73-05,50130,55475,0,0
1170,J,1170,73-04,47345,55475,0,0
1171,J,1171,73-03,44560,55475,0,0
1172,J,1172,73-02,41775,55475,0,0
1173,J,1173,73-01,38990,55475,0,0
1174,J,1174,73-00,36205,55475,0,0
1175,J,1175,72-05,33420,55475,0,0
1176,J,1176,72-04,30635,55475,0,0
1177,J,1177,72-03,27850,55475,0,0
1178,J,1178,72-02,25065,55475,0,0
1179,J,1179,72-01,22280,55475,0,0
1180,J,1180,72-00,19495,55475,0,0
1181,J,1181,71-05,16710,55475,0,0
1182,J,1182,71-04,13925,55475,0,0
1183,J,1183,71-03,11140,55475,0,0
1184,J,1184,71-02,8355,55475,0,0
1185,J,1185,71-01,5570,55475,0,0
1186,J,1186,61-70,2785,57060,0,0
1187,J,1187,61-71,5570,57060,0,0
1188,J,1188,61-72,8355,57060,0,0
1189,J,1189,61-73,11140,57060,0,0
1190,J,1190,61-74,13925,57060,0,0
1191,J,1191,61-75,16710,57060,0,0
1192,J,1192,62-70,19495,57060,0,0
1193,J,1193,62-71,22280,57060,0,0
1194,J,1194,62-72,25065,57060,0,0
1195,J,1195,62-73,27850,57060,0,0
1196,J,1196,62-74,30635,57060,0,0
1197,J,1197,62-75,33420,57060,0,0
1198,J,1198,63-70,36205,57060,0,0
1199,J,1199,63-71,38990,57060,0,0
1200,J,1200,63-72,41775,57060,0,0
1201,J,1201,63-73,44560,57060,0,0
1202,J,1202,63-74,47345,57060,0,0
1203,J,1203,63-75,50130,57060,0,0
1204,J,1204,64-70,52915,57060,0,0
1205,J,1205,64-71,55700,57060,0,0
1206,J,1206,64-72,58485,57060,0,0
1207,J,1207,64-73,61270,57060,0,0
1208,J,1208,64-74,64055,57060,0,0
1209,J,1209,64-75,66840,57060,0,0
1210,J,1210,65-70,69625,57060,0,0
1211,J,1211,65-71,72410,57060,0,0
1212,J,1212,65-72,75195,57060,0,0
1213,J,1213,65-73,77980,57060,0,0
1214,J,1214,65-74,80765,57060,0,0
1215,J,1215,65-75,83550,57060,0,0
1216,J,1216,66-70,86335,57060,0,0
1217,J,1217,66-71,89120,57060,0,0
1218,J,1218,66-72,91905,57060,0,0
1219,J,1219,66-73,94690,57060,0,0
1220,J,1220,66-74,97475,57060,0,0
1221,J,1221,66-75,100260,57060,0,0
1222,J,1222,67-70,103045,57060,0,0
1223,J,1223,67-71,105830,57060,0,0
1224,J,1224,67-72,108615,57060,0,0
1225,J,1225,67-73,111400,57060,0,0
1226,J,1226,67-74,114185,57060,0,0
1227,J,1227,67-75,116970,57060,0,0
1228,J,1228,68-70,119755,57060,0,0
1229,J,1229,68-71,122540,57060,0,0
1230,J,1230,68-72,125325,57060,0,0
1231,J,1231,68-73,128110,57060,0,0
1232,J,1232,68-74,130895,57060,0,0
1233,J,1233,68-75,133680,57060,0,0
1234,J,1234,68-65,133680,58645,0,0
1235,J,1235,68-64,130895,58645,0,0
1236,J,1236,68-63,128110,58645,0,0
1237,J,1237,68-62,125325,58645,0,0
1238,J,1238,68-61,122540,58645,0,0
1239,J,1239,68-60,119755,58645,0,0
1240,J,1240,67-65,116970,58645,0,0
1241,J,1241,67-64,114185,58645,0,0
1242,J,1242,67-63,111400,58645,0,0
1243,J,1243,67-62,108615,58645,0,0
1244,J,1244,67-61,105830,58645,0,0
1245,J,1245,67-60,103045,58645,0,0
1246,J,1246,66-65,100260,58645,0,0
1247,J,1247,66-64,97475,58645,0,0
1248,J,1248,66-63,94690,58645,0,0
1249,J,1249,66-62,91905,58645,0,0
1250,J,1250,66-61,89120,58645,0,0
1251,J,1251,66-60,86335,58645,0,0
1252,J,1252,65-65,83550,58645,0,0
1253,J,1253,65-64,80765,58645,0,0
1254,J,1254,65-63,77980,58645,0,0
1255,J,1255,65-62,75195,58645,0,0
1256,J,1256,65-61,72410,58645,0,0
1257,J,1257,65-60,69625,58645,0,0
1258,J,1258,64-65,66840,58645,0,0
1259,J,1259,64-64,64055,58645,0,0
1260,J,1260,64-63,61270,58645,0,0
1261,J,1261,64-62,58485,58645,0,0
1262,J,1262,64-61,55700,58645,0,0
1263,J,1263,64-60,52915,58645,0,0
1264,J,1264,63-65,50130,58645,0,0
1265,J,1265,63-64,47345,58645,0,0
1266,J,1266,63-63,44560,58645,0,0
1267,J,1267,63-62,41775,58645,0,0
1268,J,1268,63-61,38990,58645,0,0
1269,J,1269,63-60,36205,58645,0,0
1270,J,1270,62-65,33420,58645,0,0
1271,J,1271,62-64,30635,58645,0,0
1272,J,1272,62-63,27850,58645,0,0
1273,J,1273,62-62,25065,58645,0,0
1274,J,1274,62-61,22280,58645,0,0
1275,J,1275,62-60,19495,58645,0,0
1276,J,1276,61-65,16710,58645,0,0
1277,J,1277,61-64,13925,58645,0,0
1278,J,1278,61-63,11140,58645,0,0
1279,J,1279,61-62,8355,58645,0,0
1280,J,1280,61-61,5570,58645,0,0
1281,J,1281,61-60,2785,58645,0,0
1282,J,1282,61-50,2785,60230,0,0
1283,J,1283,61-51,5570,60230,0,0
1284,J,1284,61-52,8355,60230,0,0
1285,J,1285,61-53,11140,60230,0,0
1286,J,1286,61-54,13925,60230,0,0
1287,J,1287,61-55,16710,60230,0,0
1288,J,1288,62-50,19495,60230,0,0
1289,J,1289,62-51,22280,60230,0,0
1290,J,1290,62-52,25065,60230,0,0
1291,J,1291,62-53,27850,60230,0,0
1292,J,1292,62-54,30635,60230,0,0
1293,J,1293,62-55,33420,60230,0,0
1294,J,1294,63-50,36205,60230,0,0
1295,J,1295,63-51,38990,60230,0,0
1296,J,1296,63-52,41775,60230,0,0
1297,J,1297,63-53,44560,60230,0,0
1298,J,1298,63-54,47345,60230,0,0
1299,J,1299,63-55,50130,60230,0,0
1300,J,1300,64-50,52915,60230,0,0
1301,J,1301,64-51,55700,60230,0,0
1302,J,1302,64-52,58485,60230,0,0
1303,J,1303,64-53,61270,60230,0,0
1304,J,1304,64-54,64055,60230,0,0
1305,J,1305,64-55,66840,60230,0,0
1306,J,1306,65-50,69625,60230,0,0
1307,J,1307,65-51,72410,60230,0,0
1308,J,1308,65-52,75195,60230,0,0
1309,J,1309,65-53,77980,60230,0,0
1310,J,1310,65-54,80765,60230,0,0
1311,J,1311,65-55,83550,60230,0,0
1312,J,1312,66-50,86335,60230,0,0
1313,J,1313,66-51,89120,60230,0,0
1314,J,1314,66-52,91905,60230,0,0
1315,J,1315,66-53,94690,60230,0,0
1316,J,1316,66-54,97475,60230,0,0
1317,J,1317,66-55,100260,60230,0,0
1318,J,1318,67-50,103045,60230,0,0
1319,J,1319,67-51,105830,60230,0,0
1320,J,1320,67-52,108615,60230,0,0
1321,J,1321,67-53,111400,60230,0,0
1322,J,1322,67-54,114185,60230,0,0
1323,J,1323,67-55,116970,60230,0,0
1324,J,1324,68-50,119755,60230,0,0
1325,J,1325,68-51,122540,60230,0,0
1326,J,1326,68-52,125325,60230,0,0
1327,J,1327,68-53,128110,60230,0,0
1328,J,1328,68-54,130895,60230,0,0
1329,J,1329,68-55,133680,60230,0,0
1330,J,1330,68-45,133680,61815,0,0
1331,J,1331,68-44,130895,61815,0,0
1332,J,1332,68-43,128110,61815,0,0
1333,J,1333,68-42,125325,61815,0,0
1334,J,1334,68-41,122540,61815,0,0
1335,J,1335,68-40,119755,61815,0,0
1336,J,1336,67-45,116970,61815,0,0
1337,J,1337,67-44,114185,61815,0,0
1338,J,1338,67-43,111400,61815,0,0
1339,J,1339,67-42,108615,61815,0,0
1340,J,1340,67-41,105830,61815,0,0
1341,J,1341,67-40,103045,61815,0,0
1342,J,1342,66-45,100260,61815,0,0
1343,J,1343,66-44,97475,61815,0,0
1344,J,1344,66-43,94690,61815,0,0
1345,J,1345,66-42,91905,61815,0,0
1346,J,1346,66-41,89120,61815,0,0
1347,J,1347,66-40,86335,61815,0,0
1348,J,1348,65-45,83550,61815,0,0
1349,J,1349,65-44,80765,61815,0,0
1350,J,1350,65-43,77980,61815,0,0
1351,J,1351,65-42,75195,61815,0,0
1352,J,1352,65-41,72410,61815,0,0
1353,J,1353,65-40,69625,61815,0,0
1354,J,1354,64-45,66840,61815,0,0
1355,J,1355,64-44,64055,61815,0,0
1356,J,1356,64-43,61270,61815,0,0
1357,J,1357,64-42,58485,61815,0,0
1358,J,1358,64-41,55700,61815,0,0
1359,J,1359,64-40,52915,61815,0,0
1360,J,1360,63-45,50130,61815,0,0
1361,J,1361,63-44,47345,61815,0,0
1362,J,1362,63-43,44560,61815,0,0
1363,J,1363,63-42,41775,61815,0,0
1364,J,1364,63-41,38990,61815,0,0
1365,J,1365,63-40,36205,61815,0,0
1366,J,1366,62-45,33420,61815,0,0
1367,J,1367,62-44,30635,61815,0,0
1368,J,1368,62-43,27850,61815,0,0
1369,J,1369,62-42,25065,61815,0,0
1370,J,1370,62-41,22280,61815,0,0
1371,J,1371,62-40,19495,61815,0,0
1372,J,1372,61-45,16710,61815,0,0
1373,J,1373,61-44,13925,61815,0,0
1374,J,1374,61-43,11140,61815,0,0
1375,J,1375,61-42,8355,61815,0,0
1376,J,1376,61-41,5570,61815,0,0
1377,J,1377,61-40,2785,61815,0,0
1378,J,1378,61-30,2785,63400,0,0
1379,J,1379,61-31,5570,63400,0,0
1380,J,1380,61-32,8355,63400,0,0
1381,J,1381,61-33,11140,63400,0,0
1382,J,1382,61-34,13925,63400,0,0
1383,J,1383,61-35,16710,63400,0,0
1384,J,1384,62-30,19495,63400,0,0
1385,J,1385,62-31,22280,63400,0,0
1386,J,1386,62-32,25065,63400,0,0
1387,J,1387,62-33,27850,63400,0,0
1388,J,1388,62-34,30635,63400,0,0
1389,J,1389,62-35,33420,63400,0,0
1390,J,1390,63-30,36205,63400,0,0
1391,J,1391,63-31,38990,63400,0,0
1392,J,1392,63-32,41775,63400,0,0
1393,J,1393,63-33,44560,63400,0,0
1394,J,1394,63-34,47345,63400,0,0
1395,J,1395,63-35,50130,63400,0,0
1396,J,1396,64-30,52915,63400,0,0
1397,J,1397,64-31,55700,63400,0,0
1398,J,1398,64-32,58485,63400,0,0
1399,J,1399,64-33,61270,63400,0,0
1400,J,1400,64-34,64055,63400,0,0
1401,J,1401,64-35,66840,63400,0,0
1402,J,1402,65-30,69625,63400,0,0
1403,J,1403,65-31,72410,63400,0,0
1404,J,1404,65-32,75195,63400,0,0
1405,J,1405,65-33,77980,63400,0,0
1406,J,1406,65-34,80765,63400,0,0
1407,J,1407,65-35,83550,63400,0,0
1408,J,1408,66-30,86335,63400,0,0
1409,J,1409,66-31,89120,63400,0,0
1410,J,1410,66-32,91905,63400,0,0
1411,J,1411,66-33,94690,63400,0,0
1412,J,1412,66-34,97475,63400,0,0
1413,J,1413,66-35,100260,63400,0,0
1414,J,1414,67-30,103045,63400,0,0
1415,J,1415,67-31,105830,63400,0,0
1416,J,1416,67-32,108615,63400,0,0
1417,J,1417,67-33,111400,63400,0,0
1418,J,1418,67-34,114185,63400,0,0
1419,J,1419,67-35,116970,63400,0,0
1420,J,1420,68-30,119755,63400,0,0
1421,J,1421,68-31,122540,63400,0,0
1422,J,1422,68-32,125325,63400,0,0
1423,J,1423,68-33,128110,63400,0,0
1424,J,1424,68-34,130895,63400,0,0
1425,J,1425,68-35,133680,63400,0,0
1426,J,1426,68-25,133680,64985,0,0
1427,J,1427,68-24,130895,64985,0,0
1428,J,1428,68-23,128110,64985,0,0
1429,J,1429,68-22,125325,64985,0,0
1430,J,1430,68-21,122540,64985,0,0
1431,J,1431,68-20,119755,64985,0,0
1432,J,1432,67-25,116970,64985,0,0
1433,J,1433,67-24,114185,64985,0,0
1434,J,1434,67-23,111400,64985,0,0
1435,J,1435,67-22,108615,64985,0,0
1436,J,1436,67-21,105830,64985,0,0
1437,J,1437,67-20,103045,64985,0,0
1438,J,1438,66-25,100260,64985,0,0
1439,J,1439,66-24,97475,64985,0,0
1440,J,1440,66-23,94690,64985,0,0
1441,J,1441,66-22,91905,64985,0,0
1442,J,1442,66-21,89120,64985,0,0
1443,J,1443,66-20,86335,64985,0,0
1444,J,1444,65-25,83550,64985,0,0
1445,J,1445,65-24,80765,64985,0,0
1446,J,1446,65-23,77980,64985,0,0
1447,J,1447,65-22,75195,64985,0,0
1448,J,1448,65-21,72410,64985,0,0
1449,J,1449,65-20,69625,64985,0,0
1450,J,1450,64-25,66840,64985,0,0
1451,J,1451,64-24,64055,64985,0,0
1452,J,1452,64-23,61270,64985,0,0
1453,J,1453,64-22,58485,64985,0,0
1454,J,1454,64-21,55700,64985,0,0
1455,J,1455,64-20,52915,64985,0,0
1456,J,1456,63-25,50130,64985,0,0
1457,J,1457,63-24,47345,64985,0,0
1458,J,1458,63-23,44560,64985,0,0
1459,J,1459,63-22,41775,64985,0,0
1460,J,1460,63-21,38990,64985,0,0
1461,J,1461,63-20,36205,64985,0,0
1462,J,1462,62-25,33420,64985,0,0
1463,J,1463,62-24,30635,64985,0,0
1464,J,1464,62-23,27850,64985,0,0
1465,J,1465,62-22,25065,64985,0,0
1466,J,1466,62-21,22280,64985,0,0
1467,J,1467,62-20,19495,64985,0,0
1468,J,1468,61-25,16710,64985,0,0
1469,J,1469,61-24,13925,64985,0,0
1470,J,1470,61-23,11140,64985,0,0
1471,J,1471,61-22,8355,64985,0,0
1472,J,1472,61-21,5570,64985,0,0
1473,J,1473,61-20,2785,64985,0,0
1474,J,1474,61-10,2785,66570,0,0
1475,J,1475,61-11,5570,66570,0,0
1476,J,1476,61-12,8355,66570,0,0
1477,J,1477,61-13,11140,66570,0,0
1478,J,1478,61-14,13925,66570,0,0
1479,J,1479,61-15,16710,66570,0,0
1480,J,1480,62-10,19495,66570,0,0
1481,J,1481,62-11,22280,66570,0,0
1482,J,1482,62-12,25065,66570,0,0
1483,J,1483,62-13,27850,66570,0,0
1484,J,1484,62-14,30635,66570,0,0
1485,J,1485,62-15,33420,66570,0,0
1486,J,1486,63-10,36205,66570,0,0
1487,J,1487,63-11,38990,66570,0,0
1488,J,1488,63-12,41775,66570,0,0
1489,J,1489,63-13,44560,66570,0,0
1490,J,1490,63-14,47345,66570,0,0
1491,J,1491,63-15,50130,66570,0,0
1492,J,1492,64-10,52915,66570,0,0
1493,J,1493,64-11,55700,66570,0,0
1494,J,1494,64-12,58485,66570,0,0
1495,J,1495,64-13,61270,66570,0,0
1496,J,1496,64-14,64055,66570,0,0
1497,J,1497,64-15,66840,66570,0,0
1498,J,1498,65-10,69625,66570,0,0
1499,J,1499,65-11,72410,66570,0,0
1500,J,1500,65-12,75195,66570,0,0
1501,J,1501,65-13,77980,66570,0,0
1502,J,1502,65-14,80765,66570,0,0
1503,J,1503,65-15,83550,66570,0,0
1504,J,1504,66-10,86335,66570,0,0
1505,J,1505,66-11,89120,66570,0,0
1506,J,1506,66-12,91905,66570,0,0
1507,J,1507,66-13,94690,66570,0,0
1508,J,1508,66-14,97475,66570,0,0
1509,J,1509,66-15,100260,66570,0,0
1510,J,1510,67-10,103045,66570,0,0
1511,J,1511,67-11,105830,66570,0,0
1512,J,1512,67-12,108615,66570,0,0
1513,J,1513,67-13,111400,66570,0,0
1514,J,1514,67-14,114185,66570,0,0
1515,J,1515,67-15,116970,66570,0,0
1516,J,1516,68-10,119755,66570,0,0
1517,J,1517,68-11,122540,66570,0,0
1518,J,1518,68-12,125325,66570,0,0
1519,J,1519,68-13,128110,66570,0,0
1520,J,1520,68-14,130895,66570,0,0
1521,J,1521,68-15,133680,66570,0,0
1522,J,1522,68-05,133680,68155,0,0
1523,J,1523,68-04,130895,68155,0,0
1524,J,1524,68-03,128110,68155,0,0
1525,J,1525,68-01,122540,68155,0,0
1526,J,1526,68-00,119755,68155,0,0
1527,J,1527,67-05,116970,68155,0,0
1528,J,1528,67-04,114185,68155,0,0
1529,J,1529,67-03,111400,68155,0,0
1530,J,1530,67-01,105830,68155,0,0
1531,J,1531,67-00,103045,68155,0,0
1532,J,1532,66-05,100260,68155,0,0
1533,J,1533,66-04,97475,68155,0,0
1534,J,1534,66-03,94690,68155,0,0
1535,J,1535,66-02,91905,68155,0,0
1536,J,1536,66-01,89120,68155,0,0
1537,J,1537,66-00,86335,68155,0,0
1538,J,1538,65-05,83550,68155,0,0
1539,J,1539,65-04,80765,68155,0,0
1540,J,1540,65-03,77980,68155,0,0
1541,J,1541,65-01,72410,68155,0,0
1542,J,1542,65-00,69625,68155,0,0
1543,J,1543,64-05,66840,68155,0,0
1544,J,1544,64-04,64055,68155,0,0
1545,J,1545,64-03,61270,68155,0,0
1546,J,1546,64-02,58485,68155,0,0
1547,J,1547,64-01,55700,68155,0,0
1548,J,1548,64-00,52915,68155,0,0
1549,J,1549,63-05,50130,68155,0,0
1550,J,1550,63-04,47345,68155,0,0
1551,J,1551,63-03,44560,68155,0,0
1552,J,1552,63-01,38990,68155,0,0
1553,J,1553,63-00,36205,68155,0,0
1554,J,1554,62-05,33420,68155,0,0
1555,J,1555,62-04,30635,68155,0,0
1556,J,1556,62-03,27850,68155,0,0
1557,J,1557,62-01,22280,68155,0,0
1558,J,1558,62-00,19495,68155,0,0
1559,J,1559,61-05,16710,68155,0,0
1560,J,1560,61-04,13925,68155,0,0
1561,J,1561,61-03,11140,68155,0,0
1562,J,1562,61-01,5570,68155,0,0
1563,J,1563,61-00,2785,68155,0,0
1564,J,1564,51-70,2785,69740,0,0
1565,J,1565,51-71,5570,69740,0,0
1566,J,1566,51-72,8355,69740,0,0
1567,J,1567,51-73,11140,69740,0,0
1568,J,1568,51-74,13925,69740,0,0
1569,J,1569,51-75,16710,69740,0,0
1570,J,1570,52-73,27850,69740,0,0
1571,J,1571,52-74,30635,69740,0,0
1572,J,1572,52-75,33420,69740,0,0
1573,J,1573,53-70,36205,69740,0,0
1574,J,1574,53-71,38990,69740,0,0
1575,J,1575,53-72,41775,69740,0,0
1576,J,1576,53-73,44560,69740,0,0
1577,J,1577,53-74,47345,69740,0,0
1578,J,1578,53-75,50130,69740,0,0
1579,J,1579,54-70,52915,69740,0,0
1580,J,1580,54-71,55700,69740,0,0
1581,J,1581,54-72,58485,69740,0,0
1582,J,1582,54-73,61270,69740,0,0
1583,J,1583,54-74,64055,69740,0,0
1584,J,1584,54-75,66840,69740,0,0
1585,J,1585,55-70,69625,69740,0,0
1586,J,1586,55-71,72410,69740,0,0
1587,J,1587,55-72,75195,69740,0,0
1588,J,1588,55-73,77980,69740,0,0
1589,J,1589,55-74,80765,69740,0,0
1590,J,1590,55-75,83550,69740,0,0
1591,J,1591,56-70,86335,69740,0,0
1592,J,1592,56-71,89120,69740,0,0
1593,J,1593,56-72,91905,69740,0,0
1594,J,1594,56-73,94690,69740,0,0
1595,J,1595,56-74,97475,69740,0,0
1596,J,1596,56-75,100260,69740,0,0
1597,J,1597,57-70,103045,69740,0,0
1598,J,1598,57-71,105830,69740,0,0
1599,J,1599,57-72,108615,69740,0,0
1600,J,1600,58-70,119755,69740,0,0
1601,J,1601,58-71,122540,69740,0,0
1602,J,1602,58-72,125325,69740,0,0
1603,J,1603,58-73,128110,69740,0,0
1604,J,1604,58-74,130895,69740,0,0
1605,J,1605,58-75,133680,69740,0,0
1606,J,1606,58-65,133680,71325,0,0
1607,J,1607,58-64,130895,71325,0,0
1608,J,1608,58-63,128110,71325,0,0
1609,J,1609,58-62,125325,71325,0,0
1610,J,1610,58-61,122540,71325,0,0
1611,J,1611,58-60,119755,71325,0,0
1612,J,1612,57-65,116970,71325,0,0
1613,J,1613,57-64,114185,71325,0,0
1614,J,1614,57-63,111400,71325,0,0
1615,J,1615,57-62,108615,71325,0,0
1616,J,1616,57-61,105830,71325,0,0
1617,J,1617,57-60,103045,71325,0,0
1618,J,1618,56-65,100260,71325,0,0
1619,J,1619,56-64,97475,71325,0,0
1620,J,1620,56-63,94690,71325,0,0
1621,J,1621,56-62,91905,71325,0,0
1622,J,1622,56-61,89120,71325,0,0
1623,J,1623,56-60,86335,71325,0,0
1624,J,1624,55-65,83550,71325,0,0
1625,J,1625,55-64,80765,71325,0,0
1626,J,1626,55-63,77980,71325,0,0
1627,J,1627,55-62,75195,71325,0,0
1628,J,1628,55-61,72410,71325,0,0
1629,J,1629,55-60,69625,71325,0,0
1630,J,1630,54-65,66840,71325,0,0
1631,J,1631,54-64,64055,71325,0,0
1632,J,1632,54-63,61270,71325,0,0
1633,J,1633,54-62,58485,71325,0,0
1634,J,1634,54-61,55700,71325,0,0
1635,J,1635,54-60,52915,71325,0,0
1636,J,1636,53-65,50130,71325,0,0
1637,J,1637,53-64,47345,71325,0,0
1638,J,1638,53-63,44560,71325,0,0
1639,J,1639,53-62,41775,71325,0,0
1640,J,1640,53-61,38990,71325,0,0
1641,J,1641,53-60,36205,71325,0,0
1642,J,1642,52-65,33420,71325,0,0
1643,J,1643,52-64,30635,71325,0,0
1644,J,1644,52-63,27850,71325,0,0
1645,J,1645,52-62,25065,71325,0,0
1646,J,1646,52-61,22280,71325,0,0
1647,J,1647,52-60,19495,71325,0,0
1648,J,1648,51-65,16710,71325,0,0
1649,J,1649,51-64,13925,71325,0,0
1650,J,1650,51-63,11140,71325,0,0
1651,J,1651,51-62,8355,71325,0,0
1652,J,1652,51-61,5570,71325,0,0
1653,J,1653,51-60,2785,71325,0,0
1654,J,1654,51-50,2785,72910,0,0
1655,J,1655,51-51,5570,72910,0,0
1656,J,1656,51-52,8355,72910,0,0
1657,J,1657,51-53,11140,72910,0,0
1658,J,1658,51-54,13925,72910,0,0
1659,J,1659,51-55,16710,72910,0,0
1660,J,1660,52-50,19495,72910,0,0
1661,J,1661,52-51,22280,72910,0,0
1662,J,1662,52-52,25065,72910,0,0
1663,J,1663,52-53,27850,72910,0,0
1664,J,1664,52-54,30635,72910,0,0
1665,J,1665,52-55,33420,72910,0,0
1666,J,1666,53-50,36205,72910,0,0
1667,J,1667,53-51,38990,72910,0,0
1668,J,1668,53-52,41775,72910,0,0
1669,J,1669,53-53,44560,72910,0,0
1670,J,1670,53-54,47345,72910,0,0
1671,J,1671,53-55,50130,72910,0,0
1672,J,1672,54-50,52915,72910,0,0
1673,J,1673,54-51,55700,72910,0,0
1674,J,1674,54-52,58485,72910,0,0
1675,J,1675,54-53,61270,72910,0,0
1676,J,1676,54-54,64055,72910,0,0
1677,J,1677,54-55,66840,72910,0,0
1678,J,1678,55-50,69625,72910,0,0
1679,J,1679,55-51,72410,72910,0,0
1680,J,1680,55-52,75195,72910,0,0
1681,J,1681,55-53,77980,72910,0,0
1682,J,1682,55-54,80765,72910,0,0
1683,J,1683,55-55,83550,72910,0,0
1684,J,1684,56-50,86335,72910,0,0
1685,J,1685,56-51,89120,72910,0,0
1686,J,1686,56-52,91905,72910,0,0
1687,J,1687,56-53,94690,72910,0,0
1688,J,1688,56-54,97475,72910,0,0
1689,J,1689,56-55,100260,72910,0,0
1690,J,1690,57-50,103045,72910,0,0
1691,J,1691,57-51,105830,72910,0,0
1692,J,1692,57-52,108615,72910,0,0
1693,J,1693,57-53,111400,72910,0,0
1694,J,1694,57-54,114185,72910,0,0
1695,J,1695,57-55,116970,72910,0,0
1696,J,1696,58-50,119755,72910,0,0
1697,J,1697,58-51,122540,72910,0,0
1698,J,1698,58-52,125325,72910,0,0
1699,J,1699,58-53,128110,72910,0,0
1700,J,1700,58-54,130895,72910,0,0
1701,J,1701,58-55,133680,72910,0,0
1702,J,1702,58-45,133680,74495,0,0
1703,J,1703,58-44,130895,74495,0,0
1704,J,1704,58-43,128110,74495,0,0
1705,J,1705,58-41,122540,74495,0,0
1706,J,1706,58-40,119755,74495,0,0
1707,J,1707,57-45,116970,74495,0,0
1708,J,1708,57-44,114185,74495,0,0
1709,J,1709,57-43,111400,74495,0,0
1710,J,1710,57-42,108615,74495,0,0
1711,J,1711,57-41,105830,74495,0,0
1712,J,1712,57-40,103045,74495,0,0
1713,J,1713,56-45,100260,74495,0,0
1714,J,1714,56-44,97475,74495,0,0
1715,J,1715,56-43,94690,74495,0,0
1716,J,1716,56-42,91905,74495,0,0
1717,J,1717,56-41,89120,74495,0,0
1718,J,1718,56-40,86335,74495,0,0
1719,J,1719,55-45,83550,74495,0,0
1720,J,1720,55-44,80765,74495,0,0
1721,J,1721,55-43,77980,74495,0,0
1722,J,1722,55-42,75195,74495,0,0
1723,J,1723,55-41,72410,74495,0,0
1724,J,1724,55-40,69625,74495,0,0
1725,J,1725,54-45,66840,74495,0,0
1726,J,1726,54-44,64055,74495,0,0
1727,J,1727,54-43,61270,74495,0,0
1728,J,1728,54-42,58485,74495,0,0
1729,J,1729,54-41,55700,74495,0,0
1730,J,1730,54-40,52915,74495,0,0
1731,J,1731,53-45,50130,74495,0,0
1732,J,1732,53-44,47345,74495,0,0
1733,J,1733,53-43,44560,74495,0,0
1734,J,1734,53-42,41775,74495,0,0
1735,J,1735,53-41,38990,74495,0,0
1736,J,1736,53-40,36205,74495,0,0
1737,J,1737,52-45,33420,74495,0,0
1738,J,1738,52-44,30635,74495,0,0
1739,J,1739,52-43,27850,74495,0,0
1740,J,1740,52-42,25065,74495,0,0
1741,J,1741,52-41,22280,74495,0,0
1742,J,1742,52-40,19495,74495,0,0
1743,J,1743,51-45,16710,74495,0,0
1744,J,1744,51-44,13925,74495,0,0
1745,J,1745,51-43,11140,74495,0,0
1746,J,1746,51-42,8355,74495,0,0
1747,J,1747,51-41,5570,74495,0,0
1748,J,1748,51-40,2785,74495,0,0
1749,J,1749,51-30,2785,76080,0,0
1750,J,1750,51-31,5570,76080,0,0
1751,J,1751,51-32,8355,76080,0,0
1752,J,1752,51-33,11140,76080,0,0
1753,J,1753,51-34,13925,76080,0,0
1754,J,1754,51-35,16710,76080,0,0
1755,J,1755,52-30,19495,76080,0,0
1756,J,1756,52-31,22280,76080,0,0
1757,J,1757,52-32,25065,76080,0,0
1758,J,1758,52-33,27850,76080,0,0
1759,J,1759,52-34,30635,76080,0,0
1760,J,1760,52-35,33420,76080,0,0
1761,J,1761,53-30,36205,76080,0,0
1762,J,1762,53-31,38990,76080,0,0
1763,J,1763,53-32,41775,76080,0,0
1764,J,1764,53-33,44560,76080,0,0
1765,J,1765,53-34,47345,76080,0,0
1766,J,1766,53-35,50130,76080,0,0
1767,J,1767,54-30,52915,76080,0,0
1768,J,1768,54-31,55700,76080,0,0
1769,J,1769,54-32,58485,76080,0,0
1770,J,1770,54-33,61270,76080,0,0
1771,J,1771,54-34,64055,76080,0,0
1772,J,1772,54-35,66840,76080,0,0
1773,J,1773,55-30,69625,76080,0,0
1774,J,1774,55-31,72410,76080,0,0
1775,J,1775,55-32,75195,76080,0,0
1776,J,1776,55-33,77980,76080,0,0
1777,J,1777,55-34,80765,76080,0,0
1778,J,1778,55-35,83550,76080,0,0
1779,J,1779,56-30,86335,76080,0,0
1780,J,1780,56-31,89120,76080,0,0
1781,J,1781,56-32,91905,76080,0,0
1782,J,1782,56-33,94690,76080,0,0
1783,J,1783,56-34,97475,76080,0,0
1784,J,1784,56-35,100260,76080,0,0
1785,J,1785,57-30,103045,76080,0,0
1786,J,1786,57-31,105830,76080,0,0
1787,J,1787,57-32,108615,76080,0,0
1788,J,1788,57-33,111400,76080,0,0
1789,J,1789,57-34,114185,76080,0,0
1790,J,1790,57-35,116970,76080,0,0
1791,J,1791,58-30,119755,76080,0,0
1792,J,1792,58-31,122540,76080,0,0
1793,J,1793,58-32,125325,76080,0,0
1794,J,1794,58-33,128110,76080,0,0
1795,J,1795,58-34,130895,76080,0,0
1796,J,1796,58-35,133680,76080,0,0
1797,J,1797,58-25,133680,77665,0,0
1798,J,1798,58-24,130895,77665,0,0
1799,J,1799,58-23,128110,77665,0,0
1800,J,1800,58-22,125325,77665,0,0
1801,J,1801,58-21,122540,77665,0,0
1802,J,1802,58-20,119755,77665,0,0
1803,J,1803,57-25,116970,77665,0,0
1804,J,1804,57-24,114185,77665,0,0
1805,J,1805,57-23,111400,77665,0,0
1806,J,1806,57-22,108615,77665,0,0
1807,J,1807,57-21,105830,77665,0,0
1808,J,1808,57-20,103045,77665,0,0
1809,J,1809,56-25,100260,77665,0,0
1810,J,1810,56-24,97475,77665,0,0
1811,J,1811,56-23,94690,77665,0,0
1812,J,1812,56-22,91905,77665,0,0
1813,J,1813,56-21,89120,77665,0,0
1814,J,1814,56-20,86335,77665,0,0
1815,J,1815,55-25,83550,77665,0,0
1816,J,1816,55-24,80765,77665,0,0
1817,J,1817,55-23,77980,77665,0,0
1818,J,1818,55-22,75195,77665,0,0
1819,J,1819,55-21,72410,77665,0,0
1820,J,1820,55-20,69625,77665,0,0
1821,J,1821,54-25,66840,77665,0,0
1822,J,1822,54-24,64055,77665,0,0
1823,J,1823,54-23,61270,77665,0,0
1824,J,1824,54-22,58485,77665,0,0
1825,J,1825,54-21,55700,77665,0,0
1826,J,1826,54-20,52915,77665,0,0
1827,J,1827,53-25,50130,77665,0,0
1828,J,1828,53-24,47345,77665,0,0
1829,J,1829,53-23,44560,77665,0,0
1830,J,1830,53-22,41775,77665,0,0
1831,J,1831,53-21,38990,77665,0,0
1832,J,1832,53-20,36205,77665,0,0
1833,J,1833,52-25,33420,77665,0,0
1834,J,1834,52-24,30635,77665,0,0
1835,J,1835,52-23,27850,77665,0,0
1836,J,1836,52-22,25065,77665,0,0
1837,J,1837,52-21,22280,77665,0,0
1838,J,1838,52-20,19495,77665,0,0
1839,J,1839,51-25,16710,77665,0,0
1840,J,1840,51-24,13925,77665,0,0
1841,J,1841,51-23,11140,77665,0,0
1842,J,1842,51-22,8355,77665,0,0
1843,J,1843,51-21,5570,77665,0,0
1844,J,1844,51-20,2785,77665,0,0
1845,J,1845,51-10,2785,79250,0,0
1846,J,1846,51-11,5570,79250,0,0
1847,J,1847,51-12,8355,79250,0,0
1848,J,1848,51-13,11140,79250,0,0
1849,J,1849,51-14,13925,79250,0,0
1850,J,1850,51-15,16710,79250,0,0
1851,J,1851,52-10,19495,79250,0,0
1852,J,1852,52-11,22280,79250,0,0
1853,J,1853,52-12,25065,79250,0,0
1854,J,1854,52-13,27850,79250,0,0
1855,J,1855,52-14,30635,79250,0,0
1856,J,1856,52-15,33420,79250,0,0
1857,J,1857,53-10,36205,79250,0,0
1858,J,1858,53-11,38990,79250,0,0
1859,J,1859,53-12,41775,79250,0,0
1860,J,1860,53-13,44560,79250,0,0
1861,J,1861,53-14,47345,79250,0,0
1862,J,1862,53-15,50130,79250,0,0
1863,J,1863,54-10,52915,79250,0,0
1864,J,1864,54-11,55700,79250,0,0
1865,J,1865,54-12,58485,79250,0,0
1866,J,1866,54-13,61270,79250,0,0
1867,J,1867,54-14,64055,79250,0,0
1868,J,1868,54-15,66840,79250,0,0
1869,J,1869,55-10,69625,79250,0,0
1870,J,1870,55-11,72410,79250,0,0
1871,J,1871,55-12,75195,79250,0,0
1872,J,1872,55-13,77980,79250,0,0
1873,J,1873,55-14,80765,79250,0,0
1874,J,1874,55-15,83550,79250,0,0
1875,J,1875,56-10,86335,79250,0,0
1876,J,1876,56-11,89120,79250,0,0
1877,J,1877,56-12,91905,79250,0,0
1878,J,1878,56-13,94690,79250,0,0
1879,J,1879,56-14,97475,79250,0,0
1880,J,1880,56-15,100260,79250,0,0
1881,J,1881,57-10,103045,79250,0,0
1882,J,1882,57-11,105830,79250,0,0
1883,J,1883,57-12,108615,79250,0,0
1884,J,1884,57-13,111400,79250,0,0
1885,J,1885,57-14,114185,79250,0,0
1886,J,1886,57-15,116970,79250,0,0
1887,J,1887,58-10,119755,79250,0,0
1888,J,1888,58-11,122540,79250,0,0
1889,J,1889,58-12,125325,79250,0,0
1890,J,1890,58-13,128110,79250,0,0
1891,J,1891,58-14,130895,79250,0,0
1892,J,1892,58-15,133680,79250,0,0
1893,J,1893,58-05,133680,80835,0,0
1894,J,1894,58-04,130895,80835,0,0
1895,J,1895,58-03,128110,80835,0,0
1896,J,1896,58-02,125325,80835,0,0
1897,J,1897,58-01,122540,80835,0,0
1898,J,1898,58-00,119755,80835,0,0
1899,J,1899,57-05,116970,80835,0,0
1900,J,1900,57-04,114185,80835,0,0
1901,J,1901,57-03,111400,80835,0,0
1902,J,1902,57-02,108615,80835,0,0
1903,J,1903,57-01,105830,80835,0,0
1904,J,1904,57-00,103045,80835,0,0
1905,J,1905,56-05,100260,80835,0,0
1906,J,1906,56-04,97475,80835,0,0
1907,J,1907,56-03,94690,80835,0,0
1908,J,1908,56-02,91905,80835,0,0
1909,J,1909,56-01,89120,80835,0,0
1910,J,1910,56-00,86335,80835,0,0
1911,J,1911,55-05,83550,80835,0,0
1912,J,1912,55-04,80765,80835,0,0
1913,J,1913,55-03,77980,80835,0,0
1914,J,1914,55-02,75195,80835,0,0
1915,J,1915,55-01,72410,80835,0,0
1916,J,1916,55-00,69625,80835,0,0
1917,J,1917,54-05,66840,80835,0,0
1918,J,1918,54-04,64055,80835,0,0
1919,J,1919,54-03,61270,80835,0,0
1920,J,1920,54-02,58485,80835,0,0
1921,J,1921,54-01,55700,80835,0,0
1922,J,1922,54-00,52915,80835,0,0
1923,J,1923,53-05,50130,80835,0,0
1924,J,1924,53-04,47345,80835,0,0
1925,J,1925,53-03,44560,80835,0,0
1926,J,1926,53-02,41775,80835,0,0
1927,J,1927,53-01,38990,80835,0,0
1928,J,1928,53-00,36205,80835,0,0
1929,J,1929,52-05,33420,80835,0,0
1930,J,1930,52-04,30635,80835,0,0
1931,J,1931,52-03,27850,80835,0,0
1932,J,1932,52-02,25065,80835,0,0
1933,J,1933,52-01,22280,80835,0,0
1934,J,1934,52-00,19495,80835,0,0
1935,J,1935,51-05,16710,80835,0,0
1936,J,1936,51-04,13925,80835,0,0
1937,J,1937,51-03,11140,80835,0,0
1938,J,1938,51-02,8355,80835,0,0
1939,J,1939,51-01,5570,80835,0,0
1940,J,1940,51-00,2785,80835,0,0
1941,J,1941,41-71,5570,82420,0,0
1942,J,1942,41-72,8355,82420,0,0
1943,J,1943,41-73,11140,82420,0,0
1944,J,1944,41-74,13925,82420,0,0
1945,J,1945,41-75,16710,82420,0,0
1946,J,1946,42-70,19495,82420,0,0
1947,J,1947,42-71,22280,82420,0,0
1948,J,1948,42-72,25065,82420,0,0
1949,J,1949,42-73,27850,82420,0,0
1950,J,1950,42-74,30635,82420,0,0
1951,J,1951,42-75,33420,82420,0,0
1952,J,1952,43-70,36205,82420,0,0
1953,J,1953,43-71,38990,82420,0,0
1954,J,1954,43-72,41775,82420,0,0
1955,J,1955,43-73,44560,82420,0,0
1956,J,1956,43-74,47345,82420,0,0
1957,J,1957,43-75,50130,82420,0,0
1958,J,1958,44-70,52915,82420,0,0
1959,J,1959,44-71,55700,82420,0,0
1960,J,1960,44-72,58485,82420,0,0
1961,J,1961,44-73,61270,82420,0,0
1962,J,1962,44-74,64055,82420,0,0
1963,J,1963,44-75,66840,82420,0,0
1964,J,1964,45-70,69625,82420,0,0
1965,J,1965,45-71,72410,82420,0,0
1966,J,1966,45-72,75195,82420,0,0
1967,J,1967,45-73,77980,82420,0,0
1968,J,1968,45-74,80765,82420,0,0
1969,J,1969,45-75,83550,82420,0,0
1970,J,1970,46-70,86335,82420,0,0
1971,J,1971,46-71,89120,82420,0,0
1972,J,1972,46-72,91905,82420,0,0
1973,J,1973,46-73,94690,82420,0,0
1974,J,1974,46-74,97475,82420,0,0
1975,J,1975,46-75,100260,82420,0,0
1976,J,1976,47-70,103045,82420,0,0
1977,J,1977,47-71,105830,82420,0,0
1978,J,1978,47-72,108615,82420,0,0
1979,J,1979,47-73,111400,82420,0,0
1980,J,1980,47-74,114185,82420,0,0
1981,J,1981,47-75,116970,82420,0,0
1982,J,1982,48-70,119755,82420,0,0
1983,J,1983,48-71,122540,82420,0,0
1984,J,1984,48-72,125325,82420,0,0
1985,J,1985,48-73,128110,82420,0,0
1986,J,1986,48-74,130895,82420,0,0
1987,J,1987,48-64,130895,84005,0,0
1988,J,1988,48-63,128110,84005,0,0
1989,J,1989,48-62,125325,84005,0,0
1990,J,1990,48-61,122540,84005,0,0
1991,J,1991,48-60,119755,84005,0,0
1992,J,1992,47-65,116970,84005,0,0
1993,J,1993,47-64,114185,84005,0,0
1994,J,1994,47-63,111400,84005,0,0
1995,J,1995,47-62,108615,84005,0,0
1996,J,1996,47-61,105830,84005,0,0
1997,J,1997,47-60,103045,84005,0,0
1998,J,1998,46-65,100260,84005,0,0
1999,J,1999,46-64,97475,84005,0,0
2000,J,2000,46-63,94690,84005,0,0
2001,J,2001,46-62,91905,84005,0,0
2002,J,2002,46-61,89120,84005,0,0
2003,J,2003,46-60,86335,84005,0,0
2004,J,2004,45-65,83550,84005,0,0
2005,J,2005,45-64,80765,84005,0,0
2006,J,2006,45-63,77980,84005,0,0
2007,J,2007,45-62,75195,84005,0,0
2008,J,2008,45-61,72410,84005,0,0
2009,J,2009,45-60,69625,84005,0,0
2010,J,2010,44-65,66840,84005,0,0
2011,J,2011,44-64,64055,84005,0,0
2012,J,2012,44-63,61270,84005,0,0
2013,J,2013,44-62,58485,84005,0,0
2014,J,2014,44-61,55700,84005,0,0
2015,J,2015,44-60,52915,84005,0,0
2016,J,2016,43-65,50130,84005,0,0
2017,J,2017,43-64,47345,84005,0,0
2018,J,2018,43-63,44560,84005,0,0
2019,J,2019,43-62,41775,84005,0,0
2020,J,2020,43-61,38990,84005,0,0
2021,J,2021,43-60,36205,84005,0,0
2022,J,2022,42-65,33420,84005,0,0
2023,J,2023,42-64,30635,84005,0,0
2024,J,2024,42-63,27850,84005,0,0
2025,J,2025,42-62,25065,84005,0,0
2026,J,2026,42-61,22280,84005,0,0
2027,J,2027,42-60,19495,84005,0,0
2028,J,2028,41-65,16710,84005,0,0
2029,J,2029,41-64,13925,84005,0,0
2030,J,2030,41-63,11140,84005,0,0
2031,J,2031,41-62,8355,84005,0,0
2032,J,2032,41-61,5570,84005,0,0
2033,J,2033,41-51,5570,85590,0,0
2034,J,2034,41-52,8355,85590,0,0
2035,J,2035,41-53,11140,85590,0,0
2036,J,2036,41-54,13925,85590,0,0
2037,J,2037,41-55,16710,85590,0,0
2038,J,2038,42-50,19495,85590,0,0
2039,J,2039,42-51,22280,85590,0,0
2040,J,2040,42-52,25065,85590,0,0
2041,J,2041,42-53,27850,85590,0,0
2042,J,2042,42-54,30635,85590,0,0
2043,J,2043,42-55,33420,85590,0,0
2044,J,2044,43-50,36205,85590,0,0
2045,J,2045,43-51,38990,85590,0,0
2046,J,2046,43-52,41775,85590,0,0
2047,J,2047,43-53,44560,85590,0,0
2048,J,2048,43-54,47345,85590,0,0
2049,J,2049,43-55,50130,85590,0,0
2050,J,2050,44-50,52915,85590,0,0
2051,J,2051,44-51,55700,85590,0,0
2052,J,2052,44-52,58485,85590,0,0
2053,J,2053,44-53,61270,85590,0,0
2054,J,2054,44-54,64055,85590,0,0
2055,J,2055,44-55,66840,85590,0,0
2056,J,2056,45-50,69625,85590,0,0
2057,J,2057,45-51,72410,85590,0,0
2058,J,2058,45-52,75195,85590,0,0
2059,J,2059,45-53,77980,85590,0,0
2060,J,2060,45-54,80765,85590,0,0
2061,J,2061,45-55,83550,85590,0,0
2062,J,2062,46-50,86335,85590,0,0
2063,J,2063,46-51,89120,85590,0,0
2064,J,2064,46-52,91905,85590,0,0
2065,J,2065,46-53,94690,85590,0,0
2066,J,2066,46-54,97475,85590,0,0
2067,J,2067,46-55,100260,85590,0,0
2068,J,2068,47-50,103045,85590,0,0
2069,J,2069,47-51,105830,85590,0,0
2070,J,2070,47-52,108615,85590,0,0
2071,J,2071,47-53,111400,85590,0,0
2072,J,2072,47-54,114185,85590,0,0
2073,J,2073,47-55,116970,85590,0,0
2074,J,2074,48-50,119755,85590,0,0
2075,J,2075,48-51,122540,85590,0,0
2076,J,2076,48-52,125325,85590,0,0
2077,J,2077,48-53,128110,85590,0,0
2078,J,2078,48-54,130895,85590,0,0
2079,J,2079,48-44,130895,87175,0,0
2080,J,2080,48-43,128110,87175,0,0
2081,J,2081,48-42,125325,87175,0,0
2082,J,2082,48-41,122540,87175,0,0
2083,J,2083,48-40,119755,87175,0,0
2084,J,2084,47-45,116970,87175,0,0
2085,J,2085,47-44,114185,87175,0,0
2086,J,2086,47-43,111400,87175,0,0
2087,J,2087,47-41,105830,87175,0,0
2088,J,2088,47-40,103045,87175,0,0
2089,J,2089,46-45,100260,87175,0,0
2090,J,2090,46-44,97475,87175,0,0
2091,J,2091,46-43,94690,87175,0,0
2092,J,2092,46-42,91905,87175,0,0
2093,J,2093,46-41,89120,87175,0,0
2094,J,2094,46-40,86335,87175,0,0
2095,J,2095,45-45,83550,87175,0,0
2096,J,2096,45-44,80765,87175,0,0
2097,J,2097,45-43,77980,87175,0,0
2098,J,2098,45-41,72410,87175,0,0
2099,J,2099,45-40,69625,87175,0,0
2100,J,2100,44-45,66840,87175,0,0
2101,J,2101,44-44,64055,87175,0,0
2102,J,2102,44-43,61270,87175,0,0
2103,J,2103,44-42,58485,87175,0,0
2104,J,2104,44-41,55700,87175,0,0
2105,J,2105,44-40,52915,87175,0,0
2106,J,2106,43-45,50130,87175,0,0
2107,J,2107,43-44,47345,87175,0,0
2108,J,2108,43-43,44560,87175,0,0
2109,J,2109,43-41,38990,87175,0,0
2110,J,2110,43-40,36205,87175,0,0
2111,J,2111,42-45,33420,87175,0,0
2112,J,2112,42-44,30635,87175,0,0
2113,J,2113,42-43,27850,87175,0,0
2114,J,2114,42-42,25065,87175,0,0
2115,J,2115,42-41,22280,87175,0,0
2116,J,2116,42-40,19495,87175,0,0
2117,J,2117,41-45,16710,87175,0,0
2118,J,2118,41-44,13925,87175,0,0
2119,J,2119,41-43,11140,87175,0,0
2120,J,2120,41-42,8355,87175,0,0
2121,J,2121,41-41,5570,87175,0,0
2122,J,2122,41-31,5570,88760,0,0
2123,J,2123,41-32,8355,88760,0,0
2124,J,2124,41-33,11140,88760,0,0
2125,J,2125,41-34,13925,88760,0,0
2126,J,2126,41-35,16710,88760,0,0
2127,J,2127,42-30,19495,88760,0,0
2128,J,2128,42-31,22280,88760,0,0
2129,J,2129,42-32,25065,88760,0,0
2130,J,2130,42-33,27850,88760,0,0
2131,J,2131,42-34,30635,88760,0,0
2132,J,2132,42-35,33420,88760,0,0
2133,J,2133,43-30,36205,88760,0,0
2134,J,2134,43-31,38990,88760,0,0
2135,J,2135,43-32,41775,88760,0,0
2136,J,2136,43-33,44560,88760,0,0
2137,J,2137,43-34,47345,88760,0,0
2138,J,2138,43-35,50130,88760,0,0
2139,J,2139,44-30,52915,88760,0,0
2140,J,2140,44-31,55700,88760,0,0
2141,J,2141,44-32,58485,88760,0,0
2142,J,2142,44-33,61270,88760,0,0
2143,J,2143,44-34,64055,88760,0,0
2144,J,2144,44-35,66840,88760,0,0
2145,J,2145,45-30,69625,88760,0,0
2146,J,2146,45-31,72410,88760,0,0
2147,J,2147,45-32,75195,88760,0,0
2148,J,2148,45-33,77980,88760,0,0
2149,J,2149,45-34,80765,88760,0,0
2150,J,2150,45-35,83550,88760,0,0
2151,J,2151,46-30,86335,88760,0,0
2152,J,2152,46-31,89120,88760,0,0
2153,J,2153,46-32,91905,88760,0,0
2154,J,2154,46-33,94690,88760,0,0
2155,J,2155,46-34,97475,88760,0,0
2156,J,2156,46-35,100260,88760,0,0
2157,J,2157,47-30,103045,88760,0,0
2158,J,2158,47-31,105830,88760,0,0
2159,J,2159,47-32,108615,88760,0,0
2160,J,2160,47-33,111400,88760,0,0
2161,J,2161,47-34,114185,88760,0,0
2162,J,2162,47-35,116970,88760,0,0
2163,J,2163,48-30,119755,88760,0,0
2164,J,2164,48-31,122540,88760,0,0
2165,J,2165,48-32,125325,88760,0,0
2166,J,2166,48-33,128110,88760,0,0
2167,J,2167,48-34,130895,88760,0,0
2168,J,2168,48-24,130895,90345,0,0
2169,J,2169,48-23,128110,90345,0,0
2170,J,2170,48-22,125325,90345,0,0
2171,J,2171,48-21,122540,90345,0,0
2172,J,2172,48-20,119755,90345,0,0
2173,J,2173,47-25,116970,90345,0,0
2174,J,2174,47-24,114185,90345,0,0
2175,J,2175,47-23,111400,90345,0,0
2176,J,2176,47-22,108615,90345,0,0
2177,J,2177,47-21,105830,90345,0,0
2178,J,2178,47-20,103045,90345,0,0
2179,J,2179,46-25,100260,90345,0,0
2180,J,2180,46-24,97475,90345,0,0
2181,J,2181,46-23,94690,90345,0,0
2182,J,2182,46-22,91905,90345,0,0
2183,J,2183,46-21,89120,90345,0,0
2184,J,2184,46-20,86335,90345,0,0
2185,J,2185,45-25,83550,90345,0,0
2186,J,2186,45-24,80765,90345,0,0
2187,J,2187,45-23,77980,90345,0,0
2188,J,2188,45-22,75195,90345,0,0
2189,J,2189,45-21,72410,90345,0,0
2190,J,2190,45-20,69625,90345,0,0
2191,J,2191,44-25,66840,90345,0,0
2192,J,2192,44-24,64055,90345,0,0
2193,J,2193,44-23,61270,90345,0,0
2194,J,2194,44-22,58485,90345,0,0
2195,J,2195,44-21,55700,90345,0,0
2196,J,2196,44-20,52915,90345,0,0
2197,J,2197,43-25,50130,90345,0,0
2198,J,2198,43-24,47345,90345,0,0
2199,J,2199,43-23,44560,90345,0,0
2200,J,2200,43-22,41775,90345,0,0
2201,J,2201,43-21,38990,90345,0,0
2202,J,2202,43-20,36205,90345,0,0
2203,J,2203,42-25,33420,90345,0,0
2204,J,2204,42-24,30635,90345,0,0
2205,J,2205,42-23,27850,90345,0,0
2206,J,2206,42-22,25065,90345,0,0
2207,J,2207,42-21,22280,90345,0,0
2208,J,2208,42-20,19495,90345,0,0
2209,J,2209,41-25,16710,90345,0,0
2210,J,2210,41-24,13925,90345,0,0
2211,J,2211,41-23,11140,90345,0,0
2212,J,2212,41-22,8355,90345,0,0
2213,J,2213,41-21,5570,90345,0,0
2214,J,2214,41-12,8355,91930,0,0
2215,J,2215,41-13,11140,91930,0,0
2216,J,2216,41-14,13925,91930,0,0
2217,J,2217,41-15,16710,91930,0,0
2218,J,2218,42-10,19495,91930,0,0
2219,J,2219,42-11,22280,91930,0,0
2220,J,2220,42-12,25065,91930,0,0
2221,J,2221,42-13,27850,91930,0,0
2222,J,2222,42-14,30635,91930,0,0
2223,J,2223,42-15,33420,91930,0,0
2224,J,2224,43-10,36205,91930,0,0
2225,J,2225,43-11,38990,91930,0,0
2226,J,2226,43-12,41775,91930,0,0
2227,J,2227,43-13,44560,91930,0,0
2228,J,2228,43-14,47345,91930,0,0
2229,J,2229,43-15,50130,91930,0,0
2230,J,2230,44-10,52915,91930,0,0
2231,J,2231,44-11,55700,91930,0,0
2232,J,2232,44-12,58485,91930,0,0
2233,J,2233,44-13,61270,91930,0,0
2234,J,2234,44-14,64055,91930,0,0
2235,J,2235,44-15,66840,91930,0,0
2236,J,2236,45-10,69625,91930,0,0
2237,J,2237,45-11,72410,91930,0,0
2238,J,2238,45-12,75195,91930,0,0
2239,J,2239,45-13,77980,91930,0,0
2240,J,2240,45-14,80765,91930,0,0
2241,J,2241,45-15,83550,91930,0,0
2242,J,2242,46-10,86335,91930,0,0
2243,J,2243,46-11,89120,91930,0,0
2244,J,2244,46-12,91905,91930,0,0
2245,J,2245,46-13,94690,91930,0,0
2246,J,2246,46-14,97475,91930,0,0
2247,J,2247,46-15,100260,91930,0,0
2248,J,2248,47-10,103045,91930,0,0
2249,J,2249,47-11,105830,91930,0,0
2250,J,2250,47-12,108615,91930,0,0
2251,J,2251,47-13,111400,91930,0,0
2252,J,2252,47-14,114185,91930,0,0
2253,J,2253,47-15,116970,91930,0,0
2254,J,2254,48-10,119755,91930,0,0
2255,J,2255,48-11,122540,91930,0,0
2256,J,2256,48-12,125325,91930,0,0
2257,J,2257,48-13,128110,91930,0,0
2258,J,2258,48-03,128110,93515,0,0
2259,J,2259,48-02,125325,93515,0,0
2260,J,2260,48-01,122540,93515,0,0
2261,J,2261,48-00,119755,93515,0,0
2262,J,2262,47-05,116970,93515,0,0
2263,J,2263,47-04,114185,93515,0,0
2264,J,2264,47-03,111400,93515,0,0
2265,J,2265,47-02,108615,93515,0,0
2266,J,2266,47-01,105830,93515,0,0
2267,J,2267,47-00,103045,93515,0,0
2268,J,2268,46-05,100260,93515,0,0
2269,J,2269,46-04,97475,93515,0,0
2270,J,2270,46-03,94690,93515,0,0
2271,J,2271,46-02,91905,93515,0,0
2272,J,2272,46-01,89120,93515,0,0
2273,J,2273,46-00,86335,93515,0,0
2274,J,2274,45-05,83550,93515,0,0
2275,J,2275,45-04,80765,93515,0,0
2276,J,2276,45-03,77980,93515,0,0
2277,J,2277,45-02,75195,93515,0,0
2278,J,2278,45-01,72410,93515,0,0
2279,J,2279,45-00,69625,93515,0,0
2280,J,2280,44-05,66840,93515,0,0
2281,J,2281,44-04,64055,93515,0,0
2282,J,2282,44-03,61270,93515,0,0
2283,J,2283,44-02,58485,93515,0,0
2284,J,2284,44-01,55700,93515,0,0
2285,J,2285,44-00,52915,93515,0,0
2286,J,2286,43-05,50130,93515,0,0
2287,J,2287,43-04,47345,93515,0,0
2288,J,2288,43-03,44560,93515,0,0
2289,J,2289,43-02,41775,93515,0,0
2290,J,2290,43-01,38990,93515,0,0
2291,J,2291,43-00,36205,93515,0,0
2292,J,2292,42-05,33420,93515,0,0
2293,J,2293,42-04,30635,93515,0,0
2294,J,2294,42-03,27850,93515,0,0
2295,J,2295,42-02,25065,93515,0,0
2296,J,2296,42-01,22280,93515,0,0
2297,J,2297,42-00,19495,93515,0,0
2298,J,2298,41-05,16710,93515,0,0
2299,J,2299,41-04,13925,93515,0,0
2300,J,2300,41-03,11140,93515,0,0
2301,J,2301,41-02,8355,93515,0,0
2302,J,2302,31-72,8355,95100,0,0
2303,J,2303,31-73,11140,95100,0,0
2304,J,2304,31-74,13925,95100,0,0
2305,J,2305,31-75,16710,95100,0,0
2306,J,2306,32-70,19495,95100,0,0
2307,J,2307,32-71,22280,95100,0,0
2308,J,2308,32-72,25065,95100,0,0
2309,J,2309,32-73,27850,95100,0,0
2310,J,2310,32-74,30635,95100,0,0
2311,J,2311,32-75,33420,95100,0,0
2312,J,2312,33-70,36205,95100,0,0
2313,J,2313,33-71,38990,95100,0,0
2314,J,2314,33-72,41775,95100,0,0
2315,J,2315,33-73,44560,95100,0,0
2316,J,2316,33-74,47345,95100,0,0
2317,J,2317,33-75,50130,95100,0,0
2318,J,2318,34-70,52915,95100,0,0
2319,J,2319,34-71,55700,95100,0,0
2320,J,2320,34-72,58485,95100,0,0
2321,J,2321,34-73,61270,95100,0,0
2322,J,2322,34-74,64055,95100,0,0
2323,J,2323,34-75,66840,95100,0,0
2324,J,2324,35-70,69625,95100,0,0
2325,J,2325,35-71,72410,95100,0,0
2326,J,2326,35-72,75195,95100,0,0
2327,J,2327,35-73,77980,95100,0,0
2328,J,2328,35-74,80765,95100,0,0
2329,J,2329,35-75,83550,95100,0,0
2330,J,2330,36-70,86335,95100,0,0
2331,J,2331,36-71,89120,95100,0,0
2332,J,2332,36-72,91905,95100,0,0
2333,J,2333,36-73,94690,95100,0,0
2334,J,2334,36-74,97475,95100,0,0
2335,J,2335,36-75,100260,95100,0,0
2336,J,2336,37-70,103045,95100,0,0
2337,J,2337,37-71,105830,95100,0,0
2338,J,2338,37-72,108615,95100,0,0
2339,J,2339,37-73,111400,95100,0,0
2340,J,2340,37-74,114185,95100,0,0
2341,J,2341,37-75,116970,95100,0,0
2342,J,2342,38-70,119755,95100,0,0
2343,J,2343,38-71,122540,95100,0,0
2344,J,2344,38-72,125325,95100,0,0
2345,J,2345,38-73,128110,95100,0,0
2346,J,2346,38-63,128110,96685,0,0
2347,J,2347,38-62,125325,96685,0,0
2348,J,2348,38-61,122540,96685,0,0
2349,J,2349,38-60,119755,96685,0,0
2350,J,2350,37-65,116970,96685,0,0
2351,J,2351,37-64,114185,96685,0,0
2352,J,2352,37-63,111400,96685,0,0
2353,J,2353,37-62,108615,96685,0,0
2354,J,2354,37-61,105830,96685,0,0
2355,J,2355,37-60,103045,96685,0,0
2356,J,2356,36-65,100260,96685,0,0
2357,J,2357,36-64,97475,96685,0,0
2358,J,2358,36-63,94690,96685,0,0
2359,J,2359,36-62,91905,96685,0,0
2360,J,2360,36-61,89120,96685,0,0
2361,J,2361,36-60,86335,96685,0,0
2362,J,2362,35-65,83550,96685,0,0
2363,J,2363,35-64,80765,96685,0,0
2364,J,2364,35-63,77980,96685,0,0
2365,J,2365,35-62,75195,96685,0,0
2366,J,2366,35-61,72410,96685,0,0
2367,J,2367,35-60,69625,96685,0,0
2368,J,2368,34-65,66840,96685,0,0
2369,J,2369,34-64,64055,96685,0,0
2370,J,2370,34-63,61270,96685,0,0
2371,J,2371,34-62,58485,96685,0,0
2372,J,2372,34-61,55700,96685,0,0
2373,J,2373,34-60,52915,96685,0,0
2374,J,2374,33-65,50130,96685,0,0
2375,J,2375,33-64,47345,96685,0,0
2376,J,2376,33-63,44560,96685,0,0
2377,J,2377,33-62,41775,96685,0,0
2378,J,2378,33-61,38990,96685,0,0
2379,J,2379,33-60,36205,96685,0,0
2380,J,2380,32-65,33420,96685,0,0
2381,J,2381,32-64,30635,96685,0,0
2382,J,2382,32-63,27850,96685,0,0
2383,J,2383,32-62,25065,96685,0,0
2384,J,2384,32-61,22280,96685,0,0
2385,J,2385,32-60,19495,96685,0,0
2386,J,2386,31-65,16710,96685,0,0
2387,J,2387,31-64,13925,96685,0,0
2388,J,2388,31-63,11140,96685,0,0
2389,J,2389,31-62,8355,96685,0,0
2390,J,2390,31-53,11140,98270,0,0
2391,J,2391,31-54,13925,98270,0,0
2392,J,2392,31-55,16710,98270,0,0
2393,J,2393,32-50,19495,98270,0,0
2394,J,2394,32-51,22280,98270,0,0
2395,J,2395,32-52,25065,98270,0,0
2396,J,2396,32-53,27850,98270,0,0
2397,J,2397,32-54,30635,98270,0,0
2398,J,2398,32-55,33420,98270,0,0
2399,J,2399,33-50,36205,98270,0,0
2400,J,2400,33-51,38990,98270,0,0
2401,J,2401,33-52,41775,98270,0,0
2402,J,2402,33-53,44560,98270,0,0
2403,J,2403,33-54,47345,98270,0,0
2404,J,2404,33-55,50130,98270,0,0
2405,J,2405,34-50,52915,98270,0,0
2406,J,2406,34-51,55700,98270,0,0
2407,J,2407,34-52,58485,98270,0,0
2408,J,2408,34-53,61270,98270,0,0
2409,J,2409,34-54,64055,98270,0,0
2410,J,2410,34-55,66840,98270,0,0
2411,J,2411,35-50,69625,98270,0,0
2412,J,2412,35-51,72410,98270,0,0
2413,J,2413,35-52,75195,98270,0,0
2414,J,2414,35-53,77980,98270,0,0
2415,J,2415,35-54,80765,98270,0,0
2416,J,2416,35-55,83550,98270,0,0
2417,J,2417,36-50,86335,98270,0,0
2418,J,2418,36-51,89120,98270,0,0
2419,J,2419,36-52,91905,98270,0,0
2420,J,2420,36-53,94690,98270,0,0
2421,J,2421,36-54,97475,98270,0,0
2422,J,2422,36-55,100260,98270,0,0
2423,J,2423,37-50,103045,98270,0,0
2424,J,2424,37-51,105830,98270,0,0
2425,J,2425,37-52,108615,98270,0,0
2426,J,2426,37-53,111400,98270,0,0
2427,J,2427,37-54,114185,98270,0,0
2428,J,2428,37-55,116970,98270,0,0
2429,J,2429,38-50,119755,98270,0,0
2430,J,2430,38-51,122540,98270,0,0
2431,J,2431,38-52,125325,98270,0,0
2432,J,2432,38-42,125325,99855,0,0
2433,J,2433,38-41,122540,99855,0,0
2434,J,2434,38-40,119755,99855,0,0
2435,J,2435,37-45,116970,99855,0,0
2436,J,2436,37-44,114185,99855,0,0
2437,J,2437,37-43,111400,99855,0,0
2438,J,2438,37-42,108615,99855,0,0
2439,J,2439,37-41,105830,99855,0,0
2440,J,2440,37-40,103045,99855,0,0
2441,J,2441,36-45,100260,99855,0,0
2442,J,2442,36-44,97475,99855,0,0
2443,J,2443,36-43,94690,99855,0,0
2444,J,2444,36-42,91905,99855,0,0
2445,J,2445,36-41,89120,99855,0,0
2446,J,2446,36-40,86335,99855,0,0
2447,J,2447,35-45,83550,99855,0,0
2448,J,2448,35-44,80765,99855,0,0
2449,J,2449,35-43,77980,99855,0,0
2450,J,2450,35-42,75195,99855,0,0
2451,J,2451,35-41,72410,99855,0,0
2452,J,2452,35-40,69625,99855,0,0
2453,J,2453,34-45,66840,99855,0,0
2454,J,2454,34-44,64055,99855,0,0
2455,J,2455,34-43,61270,99855,0,0
2456,J,2456,34-42,58485,99855,0,0
2457,J,2457,34-41,55700,99855,0,0
2458,J,2458,34-40,52915,99855,0,0
2459,J,2459,33-45,50130,99855,0,0
2460,J,2460,33-44,47345,99855,0,0
2461,J,2461,33-43,44560,99855,0,0
2462,J,2462,33-42,41775,99855,0,0
2463,J,2463,33-41,38990,99855,0,0
2464,J,2464,33-40,36205,99855,0,0
2465,J,2465,32-45,33420,99855,0,0
2466,J,2466,32-44,30635,99855,0,0
2467,J,2467,32-43,27850,99855,0,0
2468,J,2468,32-42,25065,99855,0,0
2469,J,2469,32-41,22280,99855,0,0
2470,J,2470,32-40,19495,99855,0,0
2471,J,2471,31-45,16710,99855,0,0
2472,J,2472,31-44,13925,99855,0,0
2473,J,2473,31-43,11140,99855,0,0
2474,J,2474,31-33,11140,101440,0,0
2475,J,2475,31-34,13925,101440,0,0
2476,J,2476,31-35,16710,101440,0,0
2477,J,2477,32-30,19495,101440,0,0
2478,J,2478,32-31,22280,101440,0,0
2479,J,2479,32-32,25065,101440,0,0
2480,J,2480,32-33,27850,101440,0,0
2481,J,2481,32-34,30635,101440,0,0
2482,J,2482,32-35,33420,101440,0,0
2483,J,2483,33-30,36205,101440,0,0
2484,J,2484,33-31,38990,101440,0,0
2485,J,2485,33-32,41775,101440,0,0
2486,J,2486,33-33,44560,101440,0,0
2487,J,2487,33-34,47345,101440,0,0
2488,J,2488,33-35,50130,101440,0,0
2489,J,2489,34-30,52915,101440,0,0
2490,J,2490,34-31,55700,101440,0,0
2491,J,2491,34-32,58485,101440,0,0
2492,J,2492,34-33,61270,101440,0,0
2493,J,2493,34-34,64055,101440,0,0
2494,J,2494,34-35,66840,101440,0,0
2495,J,2495,35-30,69625,101440,0,0
2496,J,2496,35-31,72410,101440,0,0
2497,J,2497,35-32,75195,101440,0,0
2498,J,2498,35-33,77980,101440,0,0
2499,J,2499,35-34,80765,101440,0,0
2500,J,2500,35-35,83550,101440,0,0
2501,J,2501,36-30,86335,101440,0,0
2502,J,2502,36-31,89120,101440,0,0
2503,J,2503,36-32,91905,101440,0,0
2504,J,2504,36-33,94690,101440,0,0
2505,J,2505,36-34,97475,101440,0,0
2506,J,2506,36-35,100260,101440,0,0
2507,J,2507,37-30,103045,101440,0,0
2508,J,2508,37-31,105830,101440,0,0
2509,J,2509,37-32,108615,101440,0,0
2510,J,2510,37-33,111400,101440,0,0
2511,J,2511,37-34,114185,101440,0,0
2512,J,2512,37-35,116970,101440,0,0
2513,J,2513,38-30,119755,101440,0,0
2514,J,2514,38-31,122540,101440,0,0
2515,J,2515,38-32,125325,101440,0,0
2516,J,2516,38-22,125325,103025,0,0
2517,J,2517,38-21,122540,103025,0,0
2518,J,2518,38-20,119755,103025,0,0
2519,J,2519,37-25,116970,103025,0,0
2520,J,2520,37-24,114185,103025,0,0
2521,J,2521,37-23,111400,103025,0,0
2522,J,2522,37-22,108615,103025,0,0
2523,J,2523,37-21,105830,103025,0,0
2524,J,2524,37-20,103045,103025,0,0
2525,J,2525,36-25,100260,103025,0,0
2526,J,2526,36-24,97475,103025,0,0
2527,J,2527,36-23,94690,103025,0,0
2528,J,2528,36-22,91905,103025,0,0
2529,J,2529,36-21,89120,103025,0,0
2530,J,2530,36-20,86335,103025,0,0
2531,J,2531,35-25,83550,103025,0,0
2532,J,2532,35-24,80765,103025,0,0
2533,J,2533,35-23,77980,103025,0,0
2534,J,2534,35-22,75195,103025,0,0
2535,J,2535,35-21,72410,103025,0,0
2536,J,2536,35-20,69625,103025,0,0
2537,J,2537,34-25,66840,103025,0,0
2538,J,2538,34-24,64055,103025,0,0
2539,J,2539,34-23,61270,103025,0,0
2540,J,2540,34-22,58485,103025,0,0
2541,J,2541,34-21,55700,103025,0,0
2542,J,2542,34-20,52915,103025,0,0
2543,J,2543,33-25,50130,103025,0,0
2544,J,2544,33-24,47345,103025,0,0
2545,J,2545,33-23,44560,103025,0,0
2546,J,2546,33-22,41775,103025,0,0
2547,J,2547,33-21,38990,103025,0,0
2548,J,2548,33-20,36205,103025,0,0
2549,J,2549,32-25,33420,103025,0,0
2550,J,2550,32-24,30635,103025,0,0
2551,J,2551,32-23,27850,103025,0,0
2552,J,2552,32-22,25065,103025,0,0
2553,J,2553,32-21,22280,103025,0,0
2554,J,2554,32-20,19495,103025,0,0
2555,J,2555,31-25,16710,103025,0,0
2556,J,2556,31-24,13925,103025,0,0
2557,J,2557,31-23,11140,103025,0,0
2558,J,2558,31-14,13925,104610,0,0
2559,J,2559,31-15,16710,104610,0,0
2560,J,2560,32-10,19495,104610,0,0
2561,J,2561,32-11,22280,104610,0,0
2562,J,2562,32-12,25065,104610,0,0
2563,J,2563,32-13,27850,104610,0,0
2564,J,2564,32-14,30635,104610,0,0
2565,J,2565,32-15,33420,104610,0,0
2566,J,2566,33-10,36205,104610,0,0
2567,J,2567,33-11,38990,104610,0,0
2568,J,2568,33-12,41775,104610,0,0
2569,J,2569,33-13,44560,104610,0,0
2570,J,2570,33-14,47345,104610,0,0
2571,J,2571,33-15,50130,104610,0,0
2572,J,2572,34-10,52915,104610,0,0
2573,J,2573,34-11,55700,104610,0,0
2574,J,2574,34-12,58485,104610,0,0
2575,J,2575,34-13,61270,104610,0,0
2576,J,2576,34-14,64055,104610,0,0
2577,J,2577,34-15,66840,104610,0,0
2578,J,2578,35-10,69625,104610,0,0
2579,J,2579,35-11,72410,104610,0,0
2580,J,2580,35-12,75195,104610,0,0
2581,J,2581,35-13,77980,104610,0,0
2582,J,2582,35-14,80765,104610,0,0
2583,J,2583,35-15,83550,104610,0,0
2584,J,2584,36-10,86335,104610,0,0
2585,J,2585,36-11,89120,104610,0,0
2586,J,2586,36-12,91905,104610,0,0
2587,J,2587,36-13,94690,104610,0,0
2588,J,2588,36-14,97475,104610,0,0
2589,J,2589,36-15,100260,104610,0,0
2590,J,2590,37-10,103045,104610,0,0
2591,J,2591,37-11,105830,104610,0,0
2592,J,2592,37-12,108615,104610,0,0
2593,J,2593,37-13,111400,104610,0,0
2594,J,2594,37-14,114185,104610,0,0
2595,J,2595,37-15,116970,104610,0,0
2596,J,2596,38-10,119755,104610,0,0
2597,J,2597,38-11,122540,104610,0,0
2598,J,2598,38-01,122540,106195,0,0
2599,J,2599,38-00,119755,106195,0,0
2600,J,2600,37-05,116970,106195,0,0
2601,J,2601,37-04,114185,106195,0,0
2602,J,2602,37-03,111400,106195,0,0
2603,J,2603,37-01,105830,106195,0,0
2604,J,2604,37-00,103045,106195,0,0
2605,J,2605,36-05,100260,106195,0,0
2606,J,2606,36-04,97475,106195,0,0
2607,J,2607,36-03,94690,106195,0,0
2608,J,2608,36-02,91905,106195,0,0
2609,J,2609,36-01,89120,106195,0,0
2610,J,2610,36-00,86335,106195,0,0
2611,J,2611,35-05,83550,106195,0,0
2612,J,2612,35-04,80765,106195,0,0
2613,J,2613,35-03,77980,106195,0,0
2614,J,2614,35-01,72410,106195,0,0
2615,J,2615,35-00,69625,106195,0,0
2616,J,2616,34-05,66840,106195,0,0
2617,J,2617,34-04,64055,106195,0,0
2618,J,2618,34-03,61270,106195,0,0
2619,J,2619,34-02,58485,106195,0,0
2620,J,2620,34-01,55700,106195,0,0
2621,J,2621,34-00,52915,106195,0,0
2622,J,2622,33-05,50130,106195,0,0
2623,J,2623,33-04,47345,106195,0,0
2624,J,2624,33-03,44560,106195,0,0
2625,J,2625,33-01,38990,106195,0,0
2626,J,2626,33-00,36205,106195,0,0
2627,J,2627,32-05,33420,106195,0,0
2628,J,2628,32-04,30635,106195,0,0
2629,J,2629,32-03,27850,106195,0,0
2630,J,2630,32-02,25065,106195,0,0
2631,J,2631,32-01,22280,106195,0,0
2632,J,2632,32-00,19495,106195,0,0
2633,J,2633,31-05,16710,106195,0,0
2634,J,2634,31-04,13925,106195,0,0
2635,J,2635,21-75,16710,107780,0,0
2636,J,2636,22-70,19495,107780,0,0
2637,J,2637,22-71,22280,107780,0,0
2638,J,2638,22-72,25065,107780,0,0
2639,J,2639,22-73,27850,107780,0,0
2640,J,2640,22-74,30635,107780,0,0
2641,J,2641,22-75,33420,107780,0,0
2642,J,2642,23-70,36205,107780,0,0
2643,J,2643,23-71,38990,107780,0,0
2644,J,2644,23-72,41775,107780,0,0
2645,J,2645,23-73,44560,107780,0,0
2646,J,2646,23-74,47345,107780,0,0
2647,J,2647,23-75,50130,107780,0,0
2648,J,2648,24-70,52915,107780,0,0
2649,J,2649,24-71,55700,107780,0,0
2650,J,2650,24-72,58485,107780,0,0
2651,J,2651,24-73,61270,107780,0,0
2652,J,2652,24-74,64055,107780,0,0
2653,J,2653,24-75,66840,107780,0,0
2654,J,2654,25-70,69625,107780,0,0
2655,J,2655,25-71,72410,107780,0,0
2656,J,2656,25-72,75195,107780,0,0
2657,J,2657,25-73,77980,107780,0,0
2658,J,2658,25-74,80765,107780,0,0
2659,J,2659,25-75,83550,107780,0,0
2660,J,2660,26-70,86335,107780,0,0
2661,J,2661,26-71,89120,107780,0,0
2662,J,2662,26-72,91905,107780,0,0
2663,J,2663,26-73,94690,107780,0,0
2664,J,2664,26-74,97475,107780,0,0
2665,J,2665,26-75,100260,107780,0,0
2666,J,2666,27-70,103045,107780,0,0
2667,J,2667,27-71,105830,107780,0,0
2668,J,2668,27-72,108615,107780,0,0
2669,J,2669,27-73,111400,107780,0,0
2670,J,2670,27-74,114185,107780,0,0
2671,J,2671,27-75,116970,107780,0,0
2672,J,2672,28-70,119755,107780,0,0
2673,J,2673,28-60,119755,109365,0,0
2674,J,2674,27-65,116970,109365,0,0
2675,J,2675,27-64,114185,109365,0,0
2676,J,2676,27-63,111400,109365,0,0
2677,J,2677,27-62,108615,109365,0,0
2678,J,2678,27-61,105830,109365,0,0
2679,J,2679,27-60,103045,109365,0,0
2680,J,2680,26-65,100260,109365,0,0
2681,J,2681,26-64,97475,109365,0,0
2682,J,2682,26-63,94690,109365,0,0
2683,J,2683,26-62,91905,109365,0,0
2684,J,2684,26-61,89120,109365,0,0
2685,J,2685,26-60,86335,109365,0,0
2686,J,2686,25-65,83550,109365,0,0
2687,J,2687,25-64,80765,109365,0,0
2688,J,2688,25-63,77980,109365,0,0
2689,J,2689,25-62,75195,109365,0,0
2690,J,2690,25-61,72410,109365,0,0
2691,J,2691,25-60,69625,109365,0,0
2692,J,2692,24-65,66840,109365,0,0
2693,J,2693,24-64,64055,109365,0,0
2694,J,2694,24-63,61270,109365,0,0
2695,J,2695,24-62,58485,109365,0,0
2696,J,2696,24-61,55700,109365,0,0
2697,J,2697,24-60,52915,109365,0,0
2698,J,2698,23-65,50130,109365,0,0
2699,J,2699,23-64,47345,109365,0,0
2700,J,2700,23-63,44560,109365,0,0
2701,J,2701,23-62,41775,109365,0,0
2702,J,2702,23-61,38990,109365,0,0
2703,J,2703,23-60,36205,109365,0,0
2704,J,2704,22-65,33420,109365,0,0
2705,J,2705,22-64,30635,109365,0,0
2706,J,2706,22-63,27850,109365,0,0
2707,J,2707,22-62,25065,109365,0,0
2708,J,2708,22-61,22280,109365,0,0
2709,J,2709,22-60,19495,109365,0,0
2710,J,2710,21-65,16710,109365,0,0
2711,J,2711,22-50,19495,110950,0,0
2712,J,2712,22-51,22280,110950,0,0
2713,J,2713,22-52,25065,110950,0,0
2714,J,2714,22-53,27850,110950,0,0
2715,J,2715,22-54,30635,110950,0,0
2716,J,2716,22-55,33420,110950,0,0
2717,J,2717,23-50,36205,110950,0,0
2718,J,2718,23-51,38990,110950,0,0
2719,J,2719,23-52,41775,110950,0,0
2720,J,2720,23-53,44560,110950,0,0
2721,J,2721,23-54,47345,110950,0,0
2722,J,2722,23-55,50130,110950,0,0
2723,J,2723,24-50,52915,110950,0,0
2724,J,2724,24-51,55700,110950,0,0
2725,J,2725,24-52,58485,110950,0,0
2726,J,2726,24-53,61270,110950,0,0
2727,J,2727,24-54,64055,110950,0,0
2728,J,2728,24-55,66840,110950,0,0
2729,J,2729,25-50,69625,110950,0,0
2730,J,2730,25-51,72410,110950,0,0
2731,J,2731,25-52,75195,110950,0,0
2732,J,2732,25-53,77980,110950,0,0
2733,J,2733,25-54,80765,110950,0,0
2734,J,2734,25-55,83550,110950,0,0
2735,J,2735,26-50,86335,110950,0,0
2736,J,2736,26-51,89120,110950,0,0
2737,J,2737,26-52,91905,110950,0,0
2738,J,2738,26-53,94690,110950,0,0
2739,J,2739,26-54,97475,110950,0,0
2740,J,2740,26-55,100260,110950,0,0
2741,J,2741,27-50,103045,110950,0,0
2742,J,2742,27-51,105830,110950,0,0
2743,J,2743,27-52,108615,110950,0,0
2744,J,2744,27-53,111400,110950,0,0
2745,J,2745,27-54,114185,110950,0,0
2746,J,2746,27-55,116970,110950,0,0
2747,J,2747,27-45,116970,112535,0,0
2748,J,2748,27-44,114185,112535,0,0
2749,J,2749,27-43,111400,112535,0,0
2750,J,2750,27-42,108615,112535,0,0
2751,J,2751,27-41,105830,112535,0,0
2752,J,2752,27-40,103045,112535,0,0
2753,J,2753,26-45,100260,112535,0,0
2754,J,2754,26-44,97475,112535,0,0
2755,J,2755,26-43,94690,112535,0,0
2756,J,2756,26-42,91905,112535,0,0
2757,J,2757,26-41,89120,112535,0,0
2758,J,2758,26-40,86335,112535,0,0
2759,J,2759,25-45,83550,112535,0,0
2760,J,2760,25-44,80765,112535,0,0
2761,J,2761,25-43,77980,112535,0,0
2762,J,2762,25-42,75195,112535,0,0
2763,J,2763,25-41,72410,112535,0,0
2764,J,2764,25-40,69625,112535,0,0
2765,J,2765,24-45,66840,112535,0,0
2766,J,2766,24-44,64055,112535,0,0
2767,J,2767,24-43,61270,112535,0,0
2768,J,2768,24-42,58485,112535,0,0
2769,J,2769,24-41,55700,112535,0,0
2770,J,2770,24-40,52915,112535,0,0
2771,J,2771,23-45,50130,112535,0,0
2772,J,2772,23-44,47345,112535,0,0
2773,J,2773,23-43,44560,112535,0,0
2774,J,2774,23-42,41775,112535,0,0
2775,J,2775,23-41,38990,112535,0,0
2776,J,2776,23-40,36205,112535,0,0
2777,J,2777,22-45,33420,112535,0,0
2778,J,2778,22-44,30635,112535,0,0
2779,J,2779,22-43,27850,112535,0,0
2780,J,2780,22-42,25065,112535,0,0
2781,J,2781,22-41,22280,112535,0,0
2782,J,2782,22-40,19495,112535,0,0
2783,J,2783,22-31,22280,114120,0,0
2784,J,2784,22-32,25065,114120,0,0
2785,J,2785,22-33,27850,114120,0,0
2786,J,2786,22-34,30635,114120,0,0
2787,J,2787,22-35,33420,114120,0,0
2788,J,2788,23-30,36205,114120,0,0
2789,J,2789,23-31,38990,114120,0,0
2790,J,2790,23-32,41775,114120,0,0
2791,J,2791,23-33,44560,114120,0,0
2792,J,2792,23-34,47345,114120,0,0
2793,J,2793,23-35,50130,114120,0,0
2794,J,2794,24-30,52915,114120,0,0
2795,J,2795,24-31,55700,114120,0,0
2796,J,2796,24-32,58485,114120,0,0
2797,J,2797,24-33,61270,114120,0,0
2798,J,2798,24-34,64055,114120,0,0
2799,J,2799,24-35,66840,114120,0,0
2800,J,2800,25-30,69625,114120,0,0
2801,J,2801,25-31,72410,114120,0,0
2802,J,2802,25-32,75195,114120,0,0
2803,J,2803,25-33,77980,114120,0,0
2804,J,2804,25-34,80765,114120,0,0
2805,J,2805,25-35,83550,114120,0,0
2806,J,2806,26-30,86335,114120,0,0
2807,J,2807,26-31,89120,114120,0,0
2808,J,2808,26-32,91905,114120,0,0
2809,J,2809,26-33,94690,114120,0,0
2810,J,2810,26-34,97475,114120,0,0
2811,J,2811,26-35,100260,114120,0,0
2812,J,2812,27-30,103045,114120,0,0
2813,J,2813,27-31,105830,114120,0,0
2814,J,2814,27-32,108615,114120,0,0
2815,J,2815,27-33,111400,114120,0,0
2816,J,2816,27-34,114185,114120,0,0
2817,J,2817,27-24,114185,115705,0,0
2818,J,2818,27-23,111400,115705,0,0
2819,J,2819,27-22,108615,115705,0,0
2820,J,2820,27-21,105830,115705,0,0
2821,J,2821,27-20,103045,115705,0,0
2822,J,2822,26-25,100260,115705,0,0
2823,J,2823,26-24,97475,115705,0,0
2824,J,2824,26-23,94690,115705,0,0
2825,J,2825,26-22,91905,115705,0,0
2826,J,2826,26-21,89120,115705,0,0
2827,J,2827,26-20,86335,115705,0,0
2828,J,2828,25-25,83550,115705,0,0
2829,J,2829,25-24,80765,115705,0,0
2830,J,2830,25-23,77980,115705,0,0
2831,J,2831,25-22,75195,115705,0,0
2832,J,2832,25-21,72410,115705,0,0
2833,J,2833,25-20,69625,115705,0,0
2834,J,2834,24-25,66840,115705,0,0
2835,J,2835,24-24,64055,115705,0,0
2836,J,2836,24-23,61270,115705,0,0
2837,J,2837,24-22,58485,115705,0,0
2838,J,2838,24-21,55700,115705,0,0
2839,J,2839,24-20,52915,115705,0,0
2840,J,2840,23-25,50130,115705,0,0
2841,J,2841,23-24,47345,115705,0,0
2842,J,2842,23-23,44560,115705,0,0
2843,J,2843,23-22,41775,115705,0,0
2844,J,2844,23-21,38990,115705,0,0
2845,J,2845,23-20,36205,115705,0,0
2846,J,2846,22-25,33420,115705,0,0
2847,J,2847,22-24,30635,115705,0,0
2848,J,2848,22-23,27850,115705,0,0
2849,J,2849,22-22,25065,115705,0,0
2850,J,2850,22-21,22280,115705,0,0
2851,J,2851,22-12,25065,117290,0,0
2852,J,2852,22-13,27850,117290,0,0
2853,J,2853,22-14,30635,117290,0,0
2854,J,2854,22-15,33420,117290,0,0
2855,J,2855,23-10,36205,117290,0,0
2856,J,2856,23-11,38990,117290,0,0
2857,J,2857,23-12,41775,117290,0,0
2858,J,2858,23-13,44560,117290,0,0
2859,J,2859,23-14,47345,117290,0,0
2860,J,2860,23-15,50130,117290,0,0
2861,J,2861,24-10,52915,117290,0,0
2862,J,2862,24-11,55700,117290,0,0
2863,J,2863,24-12,58485,117290,0,0
2864,J,2864,24-13,61270,117290,0,0
2865,J,2865,24-14,64055,117290,0,0
2866,J,2866,24-15,66840,117290,0,0
2867,J,2867,25-10,69625,117290,0,0
2868,J,2868,25-11,72410,117290,0,0
2869,J,2869,25-12,75195,117290,0,0
2870,J,2870,25-13,77980,117290,0,0
2871,J,2871,25-14,80765,117290,0,0
2872,J,2872,25-15,83550,117290,0,0
2873,J,2873,26-10,86335,117290,0,0
2874,J,2874,26-11,89120,117290,0,0
2875,J,2875,26-12,91905,117290,0,0
2876,J,2876,26-13,94690,117290,0,0
2877,J,2877,26-14,97475,117290,0,0
2878,J,2878,26-15,100260,117290,0,0
2879,J,2879,27-10,103045,117290,0,0
2880,J,2880,27-11,105830,117290,0,0
2881,J,2881,27-12,108615,117290,0,0
2882,J,2882,27-13,111400,117290,0,0
2883,J,2883,27-03,111400,118875,0,0
2884,J,2884,27-02,108615,118875,0,0
2885,J,2885,27-01,105830,118875,0,0
2886,J,2886,27-00,103045,118875,0,0
2887,J,2887,26-05,100260,118875,0,0
2888,J,2888,26-04,97475,118875,0,0
2889,J,2889,26-03,94690,118875,0,0
2890,J,2890,26-02,91905,118875,0,0
2891,J,2891,26-01,89120,118875,0,0
2892,J,2892,26-00,86335,118875,0,0
2893,J,2893,25-05,83550,118875,0,0
2894,J,2894,25-04,80765,118875,0,0
2895,J,2895,25-03,77980,118875,0,0
2896,J,2896,25-02,75195,118875,0,0
2897,J,2897,25-01,72410,118875,0,0
2898,J,2898,25-00,69625,118875,0,0
2899,J,2899,24-05,66840,118875,0,0
2900,J,2900,24-04,64055,118875,0,0
2901,J,2901,24-03,61270,118875,0,0
2902,J,2902,24-02,58485,118875,0,0
2903,J,2903,24-01,55700,118875,0,0
2904,J,2904,24-00,52915,118875,0,0
2905,J,2905,23-05,50130,118875,0,0
2906,J,2906,23-04,47345,118875,0,0
2907,J,2907,23-03,44560,118875,0,0
2908,J,2908,23-02,41775,118875,0,0
2909,J,2909,23-01,38990,118875,0,0
2910,J,2910,23-00,36205,118875,0,0
2911,J,2911,22-05,33420,118875,0,0
2912,J,2912,22-04,30635,118875,0,0
2913,J,2913,22-03,27850,118875,0,0
2914,J,2914,22-02,25065,118875,0,0
2915,J,2915,12-73,27850,120460,0,0
2916,J,2916,12-74,30635,120460,0,0
2917,J,2917,12-75,33420,120460,0,0
2918,J,2918,13-70,36205,120460,0,0
2919,J,2919,13-71,38990,120460,0,0
2920,J,2920,13-72,41775,120460,0,0
2921,J,2921,13-73,44560,120460,0,0
2922,J,2922,13-74,47345,120460,0,0
2923,J,2923,13-75,50130,120460,0,0
2924,J,2924,14-70,52915,120460,0,0
2925,J,2925,14-71,55700,120460,0,0
2926,J,2926,14-72,58485,120460,0,0
2927,J,2927,14-73,61270,120460,0,0
2928,J,2928,14-74,64055,120460,0,0
2929,J,2929,14-75,66840,120460,0,0
2930,J,2930,15-70,69625,120460,0,0
2931,J,2931,15-71,72410,120460,0,0
2932,J,2932,15-72,75195,120460,0,0
2933,J,2933,15-73,77980,120460,0,0
2934,J,2934,15-74,80765,120460,0,0
2935,J,2935,15-75,83550,120460,0,0
2936,J,2936,16-70,86335,120460,0,0
2937,J,2937,16-71,89120,120460,0,0
2938,J,2938,16-72,91905,120460,0,0
2939,J,2939,16-73,94690,120460,0,0
2940,J,2940,16-74,97475,120460,0,0
2941,J,2941,16-75,100260,120460,0,0
2942,J,2942,17-70,103045,120460,0,0
2943,J,2943,17-71,105830,120460,0,0
2944,J,2944,17-72,108615,120460,0,0
2945,J,2945,17-62,108615,122045,0,0
2946,J,2946,17-61,105830,122045,0,0
2947,J,2947,17-60,103045,122045,0,0
2948,J,2948,16-65,100260,122045,0,0
2949,J,2949,16-64,97475,122045,0,0
2950,J,2950,16-63,94690,122045,0,0
2951,J,2951,16-62,91905,122045,0,0
2952,J,2952,16-61,89120,122045,0,0
2953,J,2953,16-60,86335,122045,0,0
2954,J,2954,15-65,83550,122045,0,0
2955,J,2955,15-64,80765,122045,0,0
2956,J,2956,15-63,77980,122045,0,0
2957,J,2957,15-62,75195,122045,0,0
2958,J,2958,15-61,72410,122045,0,0
2959,J,2959,15-60,69625,122045,0,0
2960,J,2960,14-65,66840,122045,0,0
2961,J,2961,14-64,64055,122045,0,0
2962,J,2962,14-63,61270,122045,0,0
2963,J,2963,14-62,58485,122045,0,0
2964,J,2964,14-61,55700,122045,0,0
2965,J,2965,14-60,52915,122045,0,0
2966,J,2966,13-65,50130,122045,0,0
2967,J,2967,13-64,47345,122045,0,0
2968,J,2968,13-63,44560,122045,0,0
2969,J,2969,13-62,41775,122045,0,0
2970,J,2970,13-61,38990,122045,0,0
2971,J,2971,13-60,36205,122045,0,0
2972,J,2972,12-65,33420,122045,0,0
2973,J,2973,12-64,30635,122045,0,0
2974,J,2974,12-63,27850,122045,0,0
2975,J,2975,12-55,33420,123630,0,0
2976,J,2976,13-50,36205,123630,0,0
2977,J,2977,13-51,38990,123630,0,0
2978,J,2978,13-52,41775,123630,0,0
2979,J,2979,13-53,44560,123630,0,0
2980,J,2980,13-54,47345,123630,0,0
2981,J,2981,13-55,50130,123630,0,0
2982,J,2982,14-50,52915,123630,0,0
2983,J,2983,14-51,55700,123630,0,0
2984,J,2984,14-52,58485,123630,0,0
2985,J,2985,14-53,61270,123630,0,0
2986,J,2986,14-54,64055,123630,0,0
2987,J,2987,14-55,66840,123630,0,0
2988,J,2988,15-50,69625,123630,0,0
2989,J,2989,15-51,72410,123630,0,0
2990,J,2990,15-52,75195,123630,0,0
2991,J,2991,15-53,77980,123630,0,0
2992,J,2992,15-54,80765,123630,0,0
2993,J,2993,15-55,83550,123630,0,0
2994,J,2994,16-50,86335,123630,0,0
2995,J,2995,16-51,89120,123630,0,0
2996,J,2996,16-52,91905,123630,0,0
2997,J,2997,16-53,94690,123630,0,0
2998,J,2998,16-54,97475,123630,0,0
2999,J,2999,16-55,100260,123630,0,0
3000,J,3000,17-50,103045,123630,0,0
3001,J,3001,17-40,103045,125215,0,0
3002,J,3002,16-45,100260,125215,0,0
3003,J,3003,16-44,97475,125215,0,0
3004,J,3004,16-43,94690,125215,0,0
3005,J,3005,16-42,91905,125215,0,0
3006,J,3006,16-41,89120,125215,0,0
3007,J,3007,16-40,86335,125215,0,0
3008,J,3008,15-45,83550,125215,0,0
3009,J,3009,15-44,80765,125215,0,0
3010,J,3010,15-43,77980,125215,0,0
3011,J,3011,15-41,72410,125215,0,0
3012,J,3012,15-40,69625,125215,0,0
3013,J,3013,14-45,66840,125215,0,0
3014,J,3014,14-44,64055,125215,0,0
3015,J,3015,14-43,61270,125215,0,0
3016,J,3016,14-42,58485,125215,0,0
3017,J,3017,14-41,55700,125215,0,0
3018,J,3018,14-40,52915,125215,0,0
3019,J,3019,13-45,50130,125215,0,0
3020,J,3020,13-44,47345,125215,0,0
3021,J,3021,13-43,44560,125215,0,0
3022,J,3022,13-42,41775,125215,0,0
3023,J,3023,13-41,38990,125215,0,0
3024,J,3024,13-40,36205,125215,0,0
3025,J,3025,12-45,33420,125215,0,0
3026,J,3026,13-30,36205,126800,0,0
3027,J,3027,13-31,38990,126800,0,0
3028,J,3028,13-32,41775,126800,0,0
3029,J,3029,13-33,44560,126800,0,0
3030,J,3030,13-34,47345,126800,0,0
3031,J,3031,13-35,50130,126800,0,0
3032,J,3032,14-30,52915,126800,0,0
3033,J,3033,14-31,55700,126800,0,0
3034,J,3034,14-32,58485,126800,0,0
3035,J,3035,14-33,61270,126800,0,0
3036,J,3036,14-34,64055,126800,0,0
3037,J,3037,14-35,66840,126800,0,0
3038,J,3038,15-30,69625,126800,0,0
3039,J,3039,15-31,72410,126800,0,0
3040,J,3040,15-32,75195,126800,0,0
3041,J,3041,15-33,77980,126800,0,0
3042,J,3042,15-34,80765,126800,0,0
3043,J,3043,15-35,83550,126800,0,0
3044,J,3044,16-30,86335,126800,0,0
3045,J,3045,16-31,89120,126800,0,0
3046,J,3046,16-32,91905,126800,0,0
3047,J,3047,16-33,94690,126800,0,0
3048,J,3048,16-34,97475,126800,0,0
3049,J,3049,16-35,100260,126800,0,0
3050,J,3050,16-23,94690,128385,0,0
3051,J,3051,16-22,91905,128385,0,0
3052,J,3052,16-21,89120,128385,0,0
3053,J,3053,16-20,86335,128385,0,0
3054,J,3054,15-25,83550,128385,0,0
3055,J,3055,15-24,80765,128385,0,0
3056,J,3056,15-23,77980,128385,0,0
3057,J,3057,15-22,75195,128385,0,0
3058,J,3058,15-21,72410,128385,0,0
3059,J,3059,15-20,69625,128385,0,0
3060,J,3060,14-25,66840,128385,0,0
3061,J,3061,14-24,64055,128385,0,0
3062,J,3062,14-23,61270,128385,0,0
3063,J,3063,14-22,58485,128385,0,0
3064,J,3064,14-21,55700,128385,0,0
3065,J,3065,14-20,52915,128385,0,0
3066,J,3066,13-25,50130,128385,0,0
3067,J,3067,13-24,47345,128385,0,0
3068,J,3068,13-23,44560,128385,0,0
3069,J,3069,13-22,41775,128385,0,0
3070,J,3070,13-12,41775,129970,0,0
3071,J,3071,13-13,44560,129970,0,0
3072,J,3072,13-14,47345,129970,0,0
3073,J,3073,13-15,50130,129970,0,0
3074,J,3074,14-10,52915,129970,0,0
3075,J,3075,14-11,55700,129970,0,0
3076,J,3076,14-12,58485,129970,0,0
3077,J,3077,14-13,61270,129970,0,0
3078,J,3078,14-14,64055,129970,0,0
3079,J,3079,14-15,66840,129970,0,0
3080,J,3080,15-10,69625,129970,0,0
3081,J,3081,15-11,72410,129970,0,0
3082,J,3082,15-12,75195,129970,0,0
3083,J,3083,15-13,77980,129970,0,0
3084,J,3084,15-14,80765,129970,0,0
3085,J,3085,15-15,83550,129970,0,0
3086,J,3086,16-10,86335,129970,0,0
3087,J,3087,16-11,89120,129970,0,0
3088,J,3088,16-12,91905,129970,0,0
3089,J,3089,16-13,94690,129970,0,0
3090,J,3090,16-02,91905,131555,0,0
3091,J,3091,16-01,89120,131555,0,0
3092,J,3092,16-00,86335,131555,0,0
3093,J,3093,15-05,83550,131555,0,0
3094,J,3094,15-04,80765,131555,0,0
3095,J,3095,15-03,77980,131555,0,0
3096,J,3096,15-02,75195,131555,0,0
3097,J,3097,15-01,72410,131555,0,0
3098,J,3098,15-00,69625,131555,0,0
3099,J,3099,14-05,66840,131555,0,0
3100,J,3100,14-04,64055,131555,0,0
3101,J,3101,14-03,61270,131555,0,0
3102,J,3102,14-02,58485,131555,0,0
3103,J,3103,14-01,55700,131555,0,0
3104,J,3104,14-00,52915,131555,0,0
3105,J,3105,13-05,50130,131555,0,0
3106,J,3106,13-04,47345,131555,0,0
3107,J,3107,13-03,44560,131555,0,0
3108,J,3108,04-70,52915,133140,0,0
3109,J,3109,04-71,55700,133140,0,0
3110,J,3110,04-72,58485,133140,0,0
3111,J,3111,04-73,61270,133140,0,0
3112,J,3112,04-74,64055,133140,0,0
3113,J,3113,04-75,66840,133140,0,0
3114,J,3114,05-70,69625,133140,0,0
3115,J,3115,05-71,72410,133140,0,0
3116,J,3116,05-72,75195,133140,0,0
3117,J,3117,05-73,77980,133140,0,0
3118,J,3118,05-74,80765,133140,0,0
3119,J,3119,05-75,83550,133140,0,0
3120,J,3120,05-62,75195,134725,0,0
3121,J,3121,05-61,72410,134725,0,0
3122,J,3122,05-60,69625,134725,0,0
3123,J,3123,04-65,66840,134725,0,0
3124,J,3124,04-64,64055,134725,0,0
3125,J,3125,04-63,61270,134725,0,0
