row,col,seq,quad_pos,device_id,x_um,y_um,map_x,map_y,shot_x,shot_y,enabled
0,14,1,R0C0,NA,49294,0,49294,0,49294,0,1
0,15,1,R0C1,NA,52815,0,52815,0,49294,0,1
1,14,1,R1C0,92-74,49294,-1642,49294,1642,49294,0,1
1,15,1,R1C1,93-70,52815,-1642,52815,1642,49294,0,1
0,16,2,R0C0,A3-01,56336,0,56336,0,56336,0,1
0,17,2,R0C1,A3-02,59857,0,59857,0,56336,0,1
1,16,2,R1C0,93-71,56336,-1642,56336,1642,56336,0,1
1,17,2,R1C1,93-72,59857,-1642,59857,1642,56336,0,1
0,18,3,R0C0,A3-03,63378,0,63378,0,63378,0,1
0,19,3,R0C1,A3-04,66899,0,66899,0,63378,0,1
1,18,3,R1C0,93-73,63378,-1642,63378,1642,63378,0,1
1,19,3,R1C1,93-74,66899,-1642,66899,1642,63378,0,1
0,20,4,R0C0,A4-00,70420,0,70420,0,70420,0,1
0,21,4,R0C1,A4-01,73941,0,73941,0,70420,0,1
1,20,4,R1C0,94-70,70420,-1642,70420,1642,70420,0,1
1,21,4,R1C1,94-71,73941,-1642,73941,1642,70420,0,1
0,22,5,R0C0,A4-02,77462,0,77462,0,77462,0,1
0,23,5,R0C1,A4-03,80983,0,80983,0,77462,0,1
1,22,5,R1C0,94-72,77462,-1642,77462,1642,77462,0,1
1,23,5,R1C1,94-73,80983,-1642,80983,1642,77462,0,1
0,24,6,R0C0,NA,84504,0,84504,0,84504,0,1
0,25,6,R0C1,NA,88025,0,88025,0,84504,0,1
1,24,6,R1C0,94-74,84504,-1642,84504,1642,84504,0,1
1,25,6,R1C1,95-70,88025,-1642,88025,1642,84504,0,1
2,12,7,R0C0,NA,42252,-3284,42252,3284,42252,3284,1
2,13,7,R0C1,92-63,45773,-3284,45773,3284,42252,3284,1
3,12,7,R1C0,92-52,42252,-4926,42252,4926,42252,3284,1
3,13,7,R1C1,92-53,45773,-4926,45773,4926,42252,3284,1
2,14,8,R0C0,92-64,49294,-3284,49294,3284,49294,3284,1
2,15,8,R0C1,93-60,52815,-3284,52815,3284,49294,3284,1
3,14,8,R1C0,92-54,49294,-4926,49294,4926,49294,3284,1
3,15,8,R1C1,93-50,52815,-4926,52815,4926,49294,3284,1
2,16,9,R0C0,93-61,56336,-3284,56336,3284,56336,3284,1
2,17,9,R0C1,PCM,59857,-3284,59857,3284,56336,3284,1
3,16,9,R1C0,93-51,56336,-4926,56336,4926,56336,3284,1
3,17,9,R1C1,93-52,59857,-4926,59857,4926,56336,3284,1
2,18,10,R0C0,93-63,63378,-3284,63378,3284,63378,3284,1
2,19,10,R0C1,93-64,66899,-3284,66899,3284,63378,3284,1
3,18,10,R1C0,93-53,63378,-4926,63378,4926,63378,3284,1
3,19,10,R1C1,93-54,66899,-4926,66899,4926,63378,3284,1
2,20,11,R0C0,94-60,70420,-3284,70420,3284,70420,3284,1
2,21,11,R0C1,94-61,73941,-3284,73941,3284,70420,3284,1
3,20,11,R1C0,94-50,70420,-4926,70420,4926,70420,3284,1
3,21,11,R1C1,94-51,73941,-4926,73941,4926,70420,3284,1
2,22,12,R0C0,94-62,77462,-3284,77462,3284,77462,3284,1
2,23,12,R0C1,94-63,80983,-3284,80983,3284,77462,3284,1
3,22,12,R1C0,94-52,77462,-4926,77462,4926,77462,3284,1
3,23,12,R1C1,94-53,80983,-4926,80983,4926,77462,3284,1
2,24,13,R0C0,94-64,84504,-3284,84504,3284,84504,3284,1
2,25,13,R0C1,95-60,88025,-3284,88025,3284,84504,3284,1
3,24,13,R1C0,94-54,84504,-4926,84504,4926,84504,3284,1
3,25,13,R1C1,95-50,88025,-4926,88025,4926,84504,3284,1
2,26,14,R0C0,95-61,91546,-3284,91546,3284,91546,3284,1
2,27,14,R0C1,NA,95067,-3284,95067,3284,91546,3284,1
3,26,14,R1C0,95-51,91546,-4926,91546,4926,91546,3284,1
3,27,14,R1C1,95-52,95067,-4926,95067,4926,91546,3284,1
4,10,15,R0C0,NA,35210,-6568,35210,6568,35210,6568,1
4,11,15,R0C1,92-41,38731,-6568,38731,6568,35210,6568,1
5,10,15,R1C0,92-30,35210,-8210,35210,8210,35210,6568,1
5,11,15,R1C1,92-31,38731,-8210,38731,8210,35210,6568,1
4,12,16,R0C0,92-42,42252,-6568,42252,6568,42252,6568,1
4,13,16,R0C1,92-43,45773,-6568,45773,6568,42252,6568,1
5,12,16,R1C0,92-32,42252,-8210,42252,8210,42252,6568,1
5,13,16,R1C1,92-33,45773,-8210,45773,8210,42252,6568,1
4,14,17,R0C0,92-44,49294,-6568,49294,6568,49294,6568,1
4,15,17,R0C1,93-40,52815,-6568,52815,6568,49294,6568,1
5,14,17,R1C0,92-34,49294,-8210,49294,8210,49294,6568,1
5,15,17,R1C1,93-30,52815,-8210,52815,8210,49294,6568,1
4,16,18,R0C0,93-41,56336,-6568,56336,6568,56336,6568,1
4,17,18,R0C1,93-42,59857,-6568,59857,6568,56336,6568,1
5,16,18,R1C0,93-31,56336,-8210,56336,8210,56336,6568,1
5,17,18,R1C1,93-32,59857,-8210,59857,8210,56336,6568,1
4,18,19,R0C0,93-43,63378,-6568,63378,6568,63378,6568,1
4,19,19,R0C1,93-44,66899,-6568,66899,6568,63378,6568,1
5,18,19,R1C0,93-33,63378,-8210,63378,8210,63378,6568,1
5,19,19,R1C1,93-34,66899,-8210,66899,8210,63378,6568,1
4,20,20,R0C0,94-40,70420,-6568,70420,6568,70420,6568,1
4,21,20,R0C1,94-41,73941,-6568,73941,6568,70420,6568,1
5,20,20,R1C0,94-30,70420,-8210,70420,8210,70420,6568,1
5,21,20,R1C1,94-31,73941,-8210,73941,8210,70420,6568,1
4,22,21,R0C0,94-42,77462,-6568,77462,6568,77462,6568,1
4,23,21,R0C1,94-43,80983,-6568,80983,6568,77462,6568,1
5,22,21,R1C0,94-32,77462,-8210,77462,8210,77462,6568,1
5,23,21,R1C1,94-33,80983,-8210,80983,8210,77462,6568,1
4,24,22,R0C0,94-44,84504,-6568,84504,6568,84504,6568,1
4,25,22,R0C1,95-40,88025,-6568,88025,6568,84504,6568,1
5,24,22,R1C0,94-34,84504,-8210,84504,8210,84504,6568,1
5,25,22,R1C1,95-30,88025,-8210,88025,8210,84504,6568,1
4,26,23,R0C0,95-41,91546,-6568,91546,6568,91546,6568,1
4,27,23,R0C1,95-42,95067,-6568,95067,6568,91546,6568,1
5,26,23,R1C0,95-31,91546,-8210,91546,8210,91546,6568,1
5,27,23,R1C1,95-32,95067,-8210,95067,8210,91546,6568,1
4,28,24,R0C0,95-43,98588,-6568,98588,6568,98588,6568,1
4,29,24,R0C1,NA,102109,-6568,102109,6568,98588,6568,1
5,28,24,R1C0,95-33,98588,-8210,98588,8210,98588,6568,1
5,29,24,R1C1,95-34,102109,-8210,102109,8210,98588,6568,1
6,8,25,R0C0,NA,28168,-9852,28168,9852,28168,9852,1
6,9,25,R0C1,NA,31689,-9852,31689,9852,28168,9852,1
7,8,25,R1C0,NA,28168,-11494,28168,11494,28168,9852,1
7,9,25,R1C1,91-14,31689,-11494,31689,11494,28168,9852,1
6,10,26,R0C0,92-20,35210,-9852,35210,9852,35210,9852,1
6,11,26,R0C1,92-21,38731,-9852,38731,9852,35210,9852,1
7,10,26,R1C0,92-10,35210,-11494,35210,11494,35210,9852,1
7,11,26,R1C1,92-11,38731,-11494,38731,11494,35210,9852,1
6,12,27,R0C0,92-22,42252,-9852,42252,9852,42252,9852,1
6,13,27,R0C1,92-23,45773,-9852,45773,9852,42252,9852,1
7,12,27,R1C0,92-12,42252,-11494,42252,11494,42252,9852,1
7,13,27,R1C1,92-13,45773,-11494,45773,11494,42252,9852,1
6,14,28,R0C0,92-24,49294,-9852,49294,9852,49294,9852,1
6,15,28,R0C1,93-20,52815,-9852,52815,9852,49294,9852,1
7,14,28,R1C0,92-14,49294,-11494,49294,11494,49294,9852,1
7,15,28,R1C1,93-10,52815,-11494,52815,11494,49294,9852,1
6,16,29,R0C0,93-21,56336,-9852,56336,9852,56336,9852,1
6,17,29,R0C1,93-22,59857,-9852,59857,9852,56336,9852,1
7,16,29,R1C0,93-11,56336,-11494,56336,11494,56336,9852,1
7,17,29,R1C1,93-12,59857,-11494,59857,11494,56336,9852,1
6,18,30,R0C0,93-23,63378,-9852,63378,9852,63378,9852,1
6,19,30,R0C1,93-24,66899,-9852,66899,9852,63378,9852,1
7,18,30,R1C0,93-13,63378,-11494,63378,11494,63378,9852,1
7,19,30,R1C1,93-14,66899,-11494,66899,11494,63378,9852,1
6,20,31,R0C0,94-20,70420,-9852,70420,9852,70420,9852,1
6,21,31,R0C1,94-21,73941,-9852,73941,9852,70420,9852,1
7,20,31,R1C0,94-10,70420,-11494,70420,11494,70420,9852,1
7,21,31,R1C1,94-11,73941,-11494,73941,11494,70420,9852,1
6,22,32,R0C0,94-22,77462,-9852,77462,9852,77462,9852,1
6,23,32,R0C1,94-23,80983,-9852,80983,9852,77462,9852,1
7,22,32,R1C0,94-12,77462,-11494,77462,11494,77462,9852,1
7,23,32,R1C1,94-13,80983,-11494,80983,11494,77462,9852,1
6,24,33,R0C0,94-24,84504,-9852,84504,9852,84504,9852,1
6,25,33,R0C1,95-20,88025,-9852,88025,9852,84504,9852,1
7,24,33,R1C0,94-14,84504,-11494,84504,11494,84504,9852,1
7,25,33,R1C1,95-10,88025,-11494,88025,11494,84504,9852,1
6,26,34,R0C0,95-21,91546,-9852,91546,9852,91546,9852,1
6,27,34,R0C1,95-22,95067,-9852,95067,9852,91546,9852,1
7,26,34,R1C0,95-11,91546,-11494,91546,11494,91546,9852,1
7,27,34,R1C1,95-12,95067,-11494,95067,11494,91546,9852,1
6,28,35,R0C0,95-23,98588,-9852,98588,9852,98588,9852,1
6,29,35,R0C1,95-24,102109,-9852,102109,9852,98588,9852,1
7,28,35,R1C0,95-13,98588,-11494,98588,11494,98588,9852,1
7,29,35,R1C1,95-14,102109,-11494,102109,11494,98588,9852,1
6,30,36,R0C0,NA,105630,-9852,105630,9852,105630,9852,1
6,31,36,R0C1,NA,109151,-9852,109151,9852,105630,9852,1
7,30,36,R1C0,96-10,105630,-11494,105630,11494,105630,9852,1
7,31,36,R1C1,NA,109151,-11494,109151,11494,105630,9852,1
8,8,37,R0C0,91-03,28168,-13136,28168,13136,28168,13136,1
8,9,37,R0C1,91-04,31689,-13136,31689,13136,28168,13136,1
9,8,37,R1C0,81-73,28168,-14778,28168,14778,28168,13136,1
9,9,37,R1C1,81-74,31689,-14778,31689,14778,28168,13136,1
8,10,38,R0C0,92-00,35210,-13136,35210,13136,35210,13136,1
8,11,38,R0C1,92-01,38731,-13136,38731,13136,35210,13136,1
9,10,38,R1C0,82-70,35210,-14778,35210,14778,35210,13136,1
9,11,38,R1C1,82-71,38731,-14778,38731,14778,35210,13136,1
8,12,39,R0C0,92-02,42252,-13136,42252,13136,42252,13136,1
8,13,39,R0C1,92-03,45773,-13136,45773,13136,42252,13136,1
9,12,39,R1C0,82-72,42252,-14778,42252,14778,42252,13136,1
9,13,39,R1C1,82-73,45773,-14778,45773,14778,42252,13136,1
8,14,40,R0C0,92-04,49294,-13136,49294,13136,49294,13136,1
8,15,40,R0C1,93-00,52815,-13136,52815,13136,49294,13136,1
9,14,40,R1C0,82-74,49294,-14778,49294,14778,49294,13136,1
9,15,40,R1C1,83-70,52815,-14778,52815,14778,49294,13136,1
8,16,41,R0C0,93-01,56336,-13136,56336,13136,56336,13136,1
8,17,41,R0C1,93-02,59857,-13136,59857,13136,56336,13136,1
9,16,41,R1C0,83-71,56336,-14778,56336,14778,56336,13136,1
9,17,41,R1C1,83-72,59857,-14778,59857,14778,56336,13136,1
8,18,42,R0C0,93-03,63378,-13136,63378,13136,63378,13136,1
8,19,42,R0C1,93-04,66899,-13136,66899,13136,63378,13136,1
9,18,42,R1C0,83-73,63378,-14778,63378,14778,63378,13136,1
9,19,42,R1C1,83-74,66899,-14778,66899,14778,63378,13136,1
8,20,43,R0C0,94-00,70420,-13136,70420,13136,70420,13136,1
8,21,43,R0C1,94-01,73941,-13136,73941,13136,70420,13136,1
9,20,43,R1C0,84-70,70420,-14778,70420,14778,70420,13136,1
9,21,43,R1C1,84-71,73941,-14778,73941,14778,70420,13136,1
8,22,44,R0C0,94-02,77462,-13136,77462,13136,77462,13136,1
8,23,44,R0C1,94-03,80983,-13136,80983,13136,77462,13136,1
9,22,44,R1C0,84-72,77462,-14778,77462,14778,77462,13136,1
9,23,44,R1C1,84-73,80983,-14778,80983,14778,77462,13136,1
8,24,45,R0C0,94-04,84504,-13136,84504,13136,84504,13136,1
8,25,45,R0C1,95-00,88025,-13136,88025,13136,84504,13136,1
9,24,45,R1C0,84-74,84504,-14778,84504,14778,84504,13136,1
9,25,45,R1C1,85-70,88025,-14778,88025,14778,84504,13136,1
8,26,46,R0C0,95-01,91546,-13136,91546,13136,91546,13136,1
8,27,46,R0C1,95-02,95067,-13136,95067,13136,91546,13136,1
9,26,46,R1C0,85-71,91546,-14778,91546,14778,91546,13136,1
9,27,46,R1C1,85-72,95067,-14778,95067,14778,91546,13136,1
8,28,47,R0C0,95-03,98588,-13136,98588,13136,98588,13136,1
8,29,47,R0C1,95-04,102109,-13136,102109,13136,98588,13136,1
9,28,47,R1C0,85-73,98588,-14778,98588,14778,98588,13136,1
9,29,47,R1C1,85-74,102109,-14778,102109,14778,98588,13136,1
8,30,48,R0C0,96-00,105630,-13136,105630,13136,105630,13136,1
8,31,48,R0C1,96-01,109151,-13136,109151,13136,105630,13136,1
9,30,48,R1C0,86-70,105630,-14778,105630,14778,105630,13136,1
9,31,48,R1C1,86-71,109151,-14778,109151,14778,105630,13136,1
10,6,49,R0C0,NA,21126,-16420,21126,16420,21126,16420,1
10,7,49,R0C1,81-62,24647,-16420,24647,16420,21126,16420,1
11,6,49,R1C0,NA,21126,-18062,21126,18062,21126,16420,1
11,7,49,R1C1,81-52,24647,-18062,24647,18062,21126,16420,1
10,8,50,R0C0,81-63,28168,-16420,28168,16420,28168,16420,1
10,9,50,R0C1,81-64,31689,-16420,31689,16420,28168,16420,1
11,8,50,R1C0,81-53,28168,-18062,28168,18062,28168,16420,1
11,9,50,R1C1,81-54,31689,-18062,31689,18062,28168,16420,1
10,10,51,R0C0,82-60,35210,-16420,35210,16420,35210,16420,1
10,11,51,R0C1,82-61,38731,-16420,38731,16420,35210,16420,1
11,10,51,R1C0,82-50,35210,-18062,35210,18062,35210,16420,1
11,11,51,R1C1,82-51,38731,-18062,38731,18062,35210,16420,1
10,12,52,R0C0,82-62,42252,-16420,42252,16420,42252,16420,1
10,13,52,R0C1,82-63,45773,-16420,45773,16420,42252,16420,1
11,12,52,R1C0,82-52,42252,-18062,42252,18062,42252,16420,1
11,13,52,R1C1,82-53,45773,-18062,45773,18062,42252,16420,1
10,14,53,R0C0,82-64,49294,-16420,49294,16420,49294,16420,1
10,15,53,R0C1,83-60,52815,-16420,52815,16420,49294,16420,1
11,14,53,R1C0,82-54,49294,-18062,49294,18062,49294,16420,1
11,15,53,R1C1,83-50,52815,-18062,52815,18062,49294,16420,1
10,16,54,R0C0,83-61,56336,-16420,56336,16420,56336,16420,1
10,17,54,R0C1,83-62,59857,-16420,59857,16420,56336,16420,1
11,16,54,R1C0,83-51,56336,-18062,56336,18062,56336,16420,1
11,17,54,R1C1,83-52,59857,-18062,59857,18062,56336,16420,1
10,18,55,R0C0,83-63,63378,-16420,63378,16420,63378,16420,1
10,19,55,R0C1,83-64,66899,-16420,66899,16420,63378,16420,1
11,18,55,R1C0,83-53,63378,-18062,63378,18062,63378,16420,1
11,19,55,R1C1,83-54,66899,-18062,66899,18062,63378,16420,1
10,20,56,R0C0,84-60,70420,-16420,70420,16420,70420,16420,1
10,21,56,R0C1,84-61,73941,-16420,73941,16420,70420,16420,1
11,20,56,R1C0,84-50,70420,-18062,70420,18062,70420,16420,1
11,21,56,R1C1,84-51,73941,-18062,73941,18062,70420,16420,1
10,22,57,R0C0,84-62,77462,-16420,77462,16420,77462,16420,1
10,23,57,R0C1,84-63,80983,-16420,80983,16420,77462,16420,1
11,22,57,R1C0,84-52,77462,-18062,77462,18062,77462,16420,1
11,23,57,R1C1,84-53,80983,-18062,80983,18062,77462,16420,1
10,24,58,R0C0,84-64,84504,-16420,84504,16420,84504,16420,1
10,25,58,R0C1,85-60,88025,-16420,88025,16420,84504,16420,1
11,24,58,R1C0,84-54,84504,-18062,84504,18062,84504,16420,1
11,25,58,R1C1,85-50,88025,-18062,88025,18062,84504,16420,1
10,26,59,R0C0,85-61,91546,-16420,91546,16420,91546,16420,1
10,27,59,R0C1,85-62,95067,-16420,95067,16420,91546,16420,1
11,26,59,R1C0,85-51,91546,-18062,91546,18062,91546,16420,1
11,27,59,R1C1,85-52,95067,-18062,95067,18062,91546,16420,1
10,28,60,R0C0,85-63,98588,-16420,98588,16420,98588,16420,1
10,29,60,R0C1,85-64,102109,-16420,102109,16420,98588,16420,1
11,28,60,R1C0,85-53,98588,-18062,98588,18062,98588,16420,1
11,29,60,R1C1,85-54,102109,-18062,102109,18062,98588,16420,1
10,30,61,R0C0,86-60,105630,-16420,105630,16420,105630,16420,1
10,31,61,R0C1,86-61,109151,-16420,109151,16420,105630,16420,1
11,30,61,R1C0,86-50,105630,-18062,105630,18062,105630,16420,1
11,31,61,R1C1,86-51,109151,-18062,109151,18062,105630,16420,1
10,32,62,R0C0,86-62,112672,-16420,112672,16420,112672,16420,1
10,33,62,R0C1,NA,116193,-16420,116193,16420,112672,16420,1
11,32,62,R1C0,86-52,112672,-18062,112672,18062,112672,16420,1
11,33,62,R1C1,NA,116193,-18062,116193,18062,112672,16420,1
12,6,63,R0C0,81-41,21126,-19704,21126,19704,21126,19704,1
12,7,63,R0C1,81-42,24647,-19704,24647,19704,21126,19704,1
13,6,63,R1C0,81-31,21126,-21346,21126,21346,21126,19704,1
13,7,63,R1C1,81-32,24647,-21346,24647,21346,21126,19704,1
12,8,64,R0C0,81-43,28168,-19704,28168,19704,28168,19704,1
12,9,64,R0C1,81-44,31689,-19704,31689,19704,28168,19704,1
13,8,64,R1C0,81-33,28168,-21346,28168,21346,28168,19704,1
13,9,64,R1C1,81-34,31689,-21346,31689,21346,28168,19704,1
12,10,65,R0C0,82-40,35210,-19704,35210,19704,35210,19704,1
12,11,65,R0C1,82-41,38731,-19704,38731,19704,35210,19704,1
13,10,65,R1C0,82-30,35210,-21346,35210,21346,35210,19704,1
13,11,65,R1C1,82-31,38731,-21346,38731,21346,35210,19704,1
12,12,66,R0C0,82-42,42252,-19704,42252,19704,42252,19704,1
12,13,66,R0C1,82-43,45773,-19704,45773,19704,42252,19704,1
13,12,66,R1C0,82-32,42252,-21346,42252,21346,42252,19704,1
13,13,66,R1C1,82-33,45773,-21346,45773,21346,42252,19704,1
12,14,67,R0C0,82-44,49294,-19704,49294,19704,49294,19704,1
12,15,67,R0C1,83-40,52815,-19704,52815,19704,49294,19704,1
13,14,67,R1C0,82-34,49294,-21346,49294,21346,49294,19704,1
13,15,67,R1C1,83-30,52815,-21346,52815,21346,49294,19704,1
12,16,68,R0C0,83-41,56336,-19704,56336,19704,56336,19704,1
12,17,68,R0C1,83-42,59857,-19704,59857,19704,56336,19704,1
13,16,68,R1C0,83-31,56336,-21346,56336,21346,56336,19704,1
13,17,68,R1C1,83-32,59857,-21346,59857,21346,56336,19704,1
12,18,69,R0C0,83-43,63378,-19704,63378,19704,63378,19704,1
12,19,69,R0C1,83-44,66899,-19704,66899,19704,63378,19704,1
13,18,69,R1C0,83-33,63378,-21346,63378,21346,63378,19704,1
13,19,69,R1C1,83-34,66899,-21346,66899,21346,63378,19704,1
12,20,70,R0C0,84-40,70420,-19704,70420,19704,70420,19704,1
12,21,70,R0C1,84-41,73941,-19704,73941,19704,70420,19704,1
13,20,70,R1C0,84-30,70420,-21346,70420,21346,70420,19704,1
13,21,70,R1C1,84-31,73941,-21346,73941,21346,70420,19704,1
12,22,71,R0C0,84-42,77462,-19704,77462,19704,77462,19704,1
12,23,71,R0C1,84-43,80983,-19704,80983,19704,77462,19704,1
13,22,71,R1C0,84-32,77462,-21346,77462,21346,77462,19704,1
13,23,71,R1C1,84-33,80983,-21346,80983,21346,77462,19704,1
12,24,72,R0C0,84-44,84504,-19704,84504,19704,84504,19704,1
12,25,72,R0C1,85-40,88025,-19704,88025,19704,84504,19704,1
13,24,72,R1C0,84-34,84504,-21346,84504,21346,84504,19704,1
13,25,72,R1C1,85-30,88025,-21346,88025,21346,84504,19704,1
12,26,73,R0C0,85-41,91546,-19704,91546,19704,91546,19704,1
12,27,73,R0C1,85-42,95067,-19704,95067,19704,91546,19704,1
13,26,73,R1C0,85-31,91546,-21346,91546,21346,91546,19704,1
13,27,73,R1C1,85-32,95067,-21346,95067,21346,91546,19704,1
12,28,74,R0C0,85-43,98588,-19704,98588,19704,98588,19704,1
12,29,74,R0C1,85-44,102109,-19704,102109,19704,98588,19704,1
13,28,74,R1C0,85-33,98588,-21346,98588,21346,98588,19704,1
13,29,74,R1C1,85-34,102109,-21346,102109,21346,98588,19704,1
12,30,75,R0C0,86-40,105630,-19704,105630,19704,105630,19704,1
12,31,75,R0C1,86-41,109151,-19704,109151,19704,105630,19704,1
13,30,75,R1C0,86-30,105630,-21346,105630,21346,105630,19704,1
13,31,75,R1C1,86-31,109151,-21346,109151,21346,105630,19704,1
12,32,76,R0C0,86-42,112672,-19704,112672,19704,112672,19704,1
12,33,76,R0C1,86-43,116193,-19704,116193,19704,112672,19704,1
13,32,76,R1C0,86-32,112672,-21346,112672,21346,112672,19704,1
13,33,76,R1C1,86-33,116193,-21346,116193,21346,112672,19704,1
14,4,77,R0C0,NA,14084,-22988,14084,22988,14084,22988,1
14,5,77,R0C1,NA,17605,-22988,17605,22988,14084,22988,1
15,4,77,R1C0,NA,14084,-24630,14084,24630,14084,22988,1
15,5,77,R1C1,81-10,17605,-24630,17605,24630,14084,22988,1
14,6,78,R0C0,81-21,21126,-22988,21126,22988,21126,22988,1
14,7,78,R0C1,PCM,24647,-22988,24647,22988,21126,22988,1
15,6,78,R1C0,81-11,21126,-24630,21126,24630,21126,22988,1
15,7,78,R1C1,81-12,24647,-24630,24647,24630,21126,22988,1
14,8,79,R0C0,81-23,28168,-22988,28168,22988,28168,22988,1
14,9,79,R0C1,81-24,31689,-22988,31689,22988,28168,22988,1
15,8,79,R1C0,81-13,28168,-24630,28168,24630,28168,22988,1
15,9,79,R1C1,81-14,31689,-24630,31689,24630,28168,22988,1
14,10,80,R0C0,82-20,35210,-22988,35210,22988,35210,22988,1
14,11,80,R0C1,82-21,38731,-22988,38731,22988,35210,22988,1
15,10,80,R1C0,82-10,35210,-24630,35210,24630,35210,22988,1
15,11,80,R1C1,82-11,38731,-24630,38731,24630,35210,22988,1
14,12,81,R0C0,82-22,42252,-22988,42252,22988,42252,22988,1
14,13,81,R0C1,82-23,45773,-22988,45773,22988,42252,22988,1
15,12,81,R1C0,82-12,42252,-24630,42252,24630,42252,22988,1
15,13,81,R1C1,82-13,45773,-24630,45773,24630,42252,22988,1
14,14,82,R0C0,82-24,49294,-22988,49294,22988,49294,22988,1
14,15,82,R0C1,83-20,52815,-22988,52815,22988,49294,22988,1
15,14,82,R1C0,82-14,49294,-24630,49294,24630,49294,22988,1
15,15,82,R1C1,83-10,52815,-24630,52815,24630,49294,22988,1
14,16,83,R0C0,83-21,56336,-22988,56336,22988,56336,22988,1
14,17,83,R0C1,PCM,59857,-22988,59857,22988,56336,22988,1
15,16,83,R1C0,83-11,56336,-24630,56336,24630,56336,22988,1
15,17,83,R1C1,83-12,59857,-24630,59857,24630,56336,22988,1
14,18,84,R0C0,83-23,63378,-22988,63378,22988,63378,22988,1
14,19,84,R0C1,83-24,66899,-22988,66899,22988,63378,22988,1
15,18,84,R1C0,83-13,63378,-24630,63378,24630,63378,22988,1
15,19,84,R1C1,83-14,66899,-24630,66899,24630,63378,22988,1
14,20,85,R0C0,84-20,70420,-22988,70420,22988,70420,22988,1
14,21,85,R0C1,84-21,73941,-22988,73941,22988,70420,22988,1
15,20,85,R1C0,84-10,70420,-24630,70420,24630,70420,22988,1
15,21,85,R1C1,84-11,73941,-24630,73941,24630,70420,22988,1
14,22,86,R0C0,84-22,77462,-22988,77462,22988,77462,22988,1
14,23,86,R0C1,84-23,80983,-22988,80983,22988,77462,22988,1
15,22,86,R1C0,84-12,77462,-24630,77462,24630,77462,22988,1
15,23,86,R1C1,84-13,80983,-24630,80983,24630,77462,22988,1
14,24,87,R0C0,84-24,84504,-22988,84504,22988,84504,22988,1
14,25,87,R0C1,85-20,88025,-22988,88025,22988,84504,22988,1
15,24,87,R1C0,84-14,84504,-24630,84504,24630,84504,22988,1
15,25,87,R1C1,85-10,88025,-24630,88025,24630,84504,22988,1
14,26,88,R0C0,85-21,91546,-22988,91546,22988,91546,22988,1
14,27,88,R0C1,PCM,95067,-22988,95067,22988,91546,22988,1
15,26,88,R1C0,85-11,91546,-24630,91546,24630,91546,22988,1
15,27,88,R1C1,85-12,95067,-24630,95067,24630,91546,22988,1
14,28,89,R0C0,85-23,98588,-22988,98588,22988,98588,22988,1
14,29,89,R0C1,85-24,102109,-22988,102109,22988,98588,22988,1
15,28,89,R1C0,85-13,98588,-24630,98588,24630,98588,22988,1
15,29,89,R1C1,85-14,102109,-24630,102109,24630,98588,22988,1
14,30,90,R0C0,86-20,105630,-22988,105630,22988,105630,22988,1
14,31,90,R0C1,86-21,109151,-22988,109151,22988,105630,22988,1
15,30,90,R1C0,86-10,105630,-24630,105630,24630,105630,22988,1
15,31,90,R1C1,86-11,109151,-24630,109151,24630,105630,22988,1
14,32,91,R0C0,86-22,112672,-22988,112672,22988,112672,22988,1
14,33,91,R0C1,86-23,116193,-22988,116193,22988,112672,22988,1
15,32,91,R1C0,86-12,112672,-24630,112672,24630,112672,22988,1
15,33,91,R1C1,86-13,116193,-24630,116193,24630,112672,22988,1
14,34,92,R0C0,NA,119714,-22988,119714,22988,119714,22988,1
14,35,92,R0C1,NA,123235,-22988,123235,22988,119714,22988,1
15,34,92,R1C0,86-14,119714,-24630,119714,24630,119714,22988,1
15,35,92,R1C1,NA,123235,-24630,123235,24630,119714,22988,1
16,4,93,R0C0,NA,14084,-26272,14084,26272,14084,26272,1
16,5,93,R0C1,81-00,17605,-26272,17605,26272,14084,26272,1
17,4,93,R1C0,70-74,14084,-27914,14084,27914,14084,26272,1
17,5,93,R1C1,71-70,17605,-27914,17605,27914,14084,26272,1
16,6,94,R0C0,81-01,21126,-26272,21126,26272,21126,26272,1
16,7,94,R0C1,81-02,24647,-26272,24647,26272,21126,26272,1
17,6,94,R1C0,71-71,21126,-27914,21126,27914,21126,26272,1
17,7,94,R1C1,71-72,24647,-27914,24647,27914,21126,26272,1
16,8,95,R0C0,81-03,28168,-26272,28168,26272,28168,26272,1
16,9,95,R0C1,81-04,31689,-26272,31689,26272,28168,26272,1
17,8,95,R1C0,71-73,28168,-27914,28168,27914,28168,26272,1
17,9,95,R1C1,71-74,31689,-27914,31689,27914,28168,26272,1
16,10,96,R0C0,82-00,35210,-26272,35210,26272,35210,26272,1
16,11,96,R0C1,82-01,38731,-26272,38731,26272,35210,26272,1
17,10,96,R1C0,72-70,35210,-27914,35210,27914,35210,26272,1
17,11,96,R1C1,72-71,38731,-27914,38731,27914,35210,26272,1
16,12,97,R0C0,82-02,42252,-26272,42252,26272,42252,26272,1
16,13,97,R0C1,82-03,45773,-26272,45773,26272,42252,26272,1
17,12,97,R1C0,72-72,42252,-27914,42252,27914,42252,26272,1
17,13,97,R1C1,72-73,45773,-27914,45773,27914,42252,26272,1
16,14,98,R0C0,82-04,49294,-26272,49294,26272,49294,26272,1
16,15,98,R0C1,83-00,52815,-26272,52815,26272,49294,26272,1
17,14,98,R1C0,72-74,49294,-27914,49294,27914,49294,26272,1
17,15,98,R1C1,73-70,52815,-27914,52815,27914,49294,26272,1
16,16,99,R0C0,83-01,56336,-26272,56336,26272,56336,26272,1
16,17,99,R0C1,83-02,59857,-26272,59857,26272,56336,26272,1
17,16,99,R1C0,73-71,56336,-27914,56336,27914,56336,26272,1
17,17,99,R1C1,73-72,59857,-27914,59857,27914,56336,26272,1
16,18,100,R0C0,83-03,63378,-26272,63378,26272,63378,26272,1
16,19,100,R0C1,83-04,66899,-26272,66899,26272,63378,26272,1
17,18,100,R1C0,73-73,63378,-27914,63378,27914,63378,26272,1
17,19,100,R1C1,73-74,66899,-27914,66899,27914,63378,26272,1
16,20,101,R0C0,84-00,70420,-26272,70420,26272,70420,26272,1
16,21,101,R0C1,84-01,73941,-26272,73941,26272,70420,26272,1
17,20,101,R1C0,74-70,70420,-27914,70420,27914,70420,26272,1
17,21,101,R1C1,74-71,73941,-27914,73941,27914,70420,26272,1
16,22,102,R0C0,84-02,77462,-26272,77462,26272,77462,26272,1
16,23,102,R0C1,84-03,80983,-26272,80983,26272,77462,26272,1
17,22,102,R1C0,74-72,77462,-27914,77462,27914,77462,26272,1
17,23,102,R1C1,74-73,80983,-27914,80983,27914,77462,26272,1
16,24,103,R0C0,84-04,84504,-26272,84504,26272,84504,26272,1
16,25,103,R0C1,85-00,88025,-26272,88025,26272,84504,26272,1
17,24,103,R1C0,74-74,84504,-27914,84504,27914,84504,26272,1
17,25,103,R1C1,75-70,88025,-27914,88025,27914,84504,26272,1
16,26,104,R0C0,85-01,91546,-26272,91546,26272,91546,26272,1
16,27,104,R0C1,85-02,95067,-26272,95067,26272,91546,26272,1
17,26,104,R1C0,75-71,91546,-27914,91546,27914,91546,26272,1
17,27,104,R1C1,75-72,95067,-27914,95067,27914,91546,26272,1
16,28,105,R0C0,85-03,98588,-26272,98588,26272,98588,26272,1
16,29,105,R0C1,85-04,102109,-26272,102109,26272,98588,26272,1
17,28,105,R1C0,75-73,98588,-27914,98588,27914,98588,26272,1
17,29,105,R1C1,75-74,102109,-27914,102109,27914,98588,26272,1
16,30,106,R0C0,86-00,105630,-26272,105630,26272,105630,26272,1
16,31,106,R0C1,86-01,109151,-26272,109151,26272,105630,26272,1
17,30,106,R1C0,76-70,105630,-27914,105630,27914,105630,26272,1
17,31,106,R1C1,76-71,109151,-27914,109151,27914,105630,26272,1
16,32,107,R0C0,86-02,112672,-26272,112672,26272,112672,26272,1
16,33,107,R0C1,86-03,116193,-26272,116193,26272,112672,26272,1
17,32,107,R1C0,76-72,112672,-27914,112672,27914,112672,26272,1
17,33,107,R1C1,76-73,116193,-27914,116193,27914,112672,26272,1
16,34,108,R0C0,86-04,119714,-26272,119714,26272,119714,26272,1
16,35,108,R0C1,NA,123235,-26272,123235,26272,119714,26272,1
17,34,108,R1C0,76-74,119714,-27914,119714,27914,119714,26272,1
17,35,108,R1C1,77-70,123235,-27914,123235,27914,119714,26272,1
18,4,109,R0C0,70-64,14084,-29556,14084,29556,14084,29556,1
18,5,109,R0C1,71-60,17605,-29556,17605,29556,14084,29556,1
19,4,109,R1C0,70-54,14084,-31198,14084,31198,14084,29556,1
19,5,109,R1C1,71-50,17605,-31198,17605,31198,14084,29556,1
18,6,110,R0C0,71-61,21126,-29556,21126,29556,21126,29556,1
18,7,110,R0C1,71-62,24647,-29556,24647,29556,21126,29556,1
19,6,110,R1C0,71-51,21126,-31198,21126,31198,21126,29556,1
19,7,110,R1C1,71-52,24647,-31198,24647,31198,21126,29556,1
18,8,111,R0C0,71-63,28168,-29556,28168,29556,28168,29556,1
18,9,111,R0C1,71-64,31689,-29556,31689,29556,28168,29556,1
19,8,111,R1C0,71-53,28168,-31198,28168,31198,28168,29556,1
19,9,111,R1C1,71-54,31689,-31198,31689,31198,28168,29556,1
18,10,112,R0C0,72-60,35210,-29556,35210,29556,35210,29556,1
18,11,112,R0C1,72-61,38731,-29556,38731,29556,35210,29556,1
19,10,112,R1C0,72-50,35210,-31198,35210,31198,35210,29556,1
19,11,112,R1C1,72-51,38731,-31198,38731,31198,35210,29556,1
18,12,113,R0C0,72-62,42252,-29556,42252,29556,42252,29556,1
18,13,113,R0C1,72-63,45773,-29556,45773,29556,42252,29556,1
19,12,113,R1C0,72-52,42252,-31198,42252,31198,42252,29556,1
19,13,113,R1C1,72-53,45773,-31198,45773,31198,42252,29556,1
18,14,114,R0C0,72-64,49294,-29556,49294,29556,49294,29556,1
18,15,114,R0C1,73-60,52815,-29556,52815,29556,49294,29556,1
19,14,114,R1C0,72-54,49294,-31198,49294,31198,49294,29556,1
19,15,114,R1C1,73-50,52815,-31198,52815,31198,49294,29556,1
18,16,115,R0C0,73-61,56336,-29556,56336,29556,56336,29556,1
18,17,115,R0C1,73-62,59857,-29556,59857,29556,56336,29556,1
19,16,115,R1C0,73-51,56336,-31198,56336,31198,56336,29556,1
19,17,115,R1C1,73-52,59857,-31198,59857,31198,56336,29556,1
18,18,116,R0C0,73-63,63378,-29556,63378,29556,63378,29556,1
18,19,116,R0C1,73-64,66899,-29556,66899,29556,63378,29556,1
19,18,116,R1C0,73-53,63378,-31198,63378,31198,63378,29556,1
19,19,116,R1C1,73-54,66899,-31198,66899,31198,63378,29556,1
18,20,117,R0C0,74-60,70420,-29556,70420,29556,70420,29556,1
18,21,117,R0C1,74-61,73941,-29556,73941,29556,70420,29556,1
19,20,117,R1C0,74-50,70420,-31198,70420,31198,70420,29556,1
19,21,117,R1C1,74-51,73941,-31198,73941,31198,70420,29556,1
18,22,118,R0C0,74-62,77462,-29556,77462,29556,77462,29556,1
18,23,118,R0C1,74-63,80983,-29556,80983,29556,77462,29556,1
19,22,118,R1C0,74-52,77462,-31198,77462,31198,77462,29556,1
19,23,118,R1C1,74-53,80983,-31198,80983,31198,77462,29556,1
18,24,119,R0C0,74-64,84504,-29556,84504,29556,84504,29556,1
18,25,119,R0C1,75-60,88025,-29556,88025,29556,84504,29556,1
19,24,119,R1C0,74-54,84504,-31198,84504,31198,84504,29556,1
19,25,119,R1C1,75-50,88025,-31198,88025,31198,84504,29556,1
18,26,120,R0C0,75-61,91546,-29556,91546,29556,91546,29556,1
18,27,120,R0C1,75-62,95067,-29556,95067,29556,91546,29556,1
19,26,120,R1C0,75-51,91546,-31198,91546,31198,91546,29556,1
19,27,120,R1C1,75-52,95067,-31198,95067,31198,91546,29556,1
18,28,121,R0C0,75-63,98588,-29556,98588,29556,98588,29556,1
18,29,121,R0C1,75-64,102109,-29556,102109,29556,98588,29556,1
19,28,121,R1C0,75-53,98588,-31198,98588,31198,98588,29556,1
19,29,121,R1C1,75-54,102109,-31198,102109,31198,98588,29556,1
18,30,122,R0C0,76-60,105630,-29556,105630,29556,105630,29556,1
18,31,122,R0C1,76-61,109151,-29556,109151,29556,105630,29556,1
19,30,122,R1C0,76-50,105630,-31198,105630,31198,105630,29556,1
19,31,122,R1C1,76-51,109151,-31198,109151,31198,105630,29556,1
18,32,123,R0C0,76-62,112672,-29556,112672,29556,112672,29556,1
18,33,123,R0C1,76-63,116193,-29556,116193,29556,112672,29556,1
19,32,123,R1C0,76-52,112672,-31198,112672,31198,112672,29556,1
19,33,123,R1C1,76-53,116193,-31198,116193,31198,112672,29556,1
18,34,124,R0C0,76-64,119714,-29556,119714,29556,119714,29556,1
18,35,124,R0C1,77-60,123235,-29556,123235,29556,119714,29556,1
19,34,124,R1C0,76-54,119714,-31198,119714,31198,119714,29556,1
19,35,124,R1C1,77-50,123235,-31198,123235,31198,119714,29556,1
20,2,125,R0C0,NA,7042,-32840,7042,32840,7042,32840,1
20,3,125,R0C1,NA,10563,-32840,10563,32840,7042,32840,1
21,2,125,R1C0,NA,7042,-34482,7042,34482,7042,32840,1
21,3,125,R1C1,70-33,10563,-34482,10563,34482,7042,32840,1
20,4,126,R0C0,70-44,14084,-32840,14084,32840,14084,32840,1
20,5,126,R0C1,71-40,17605,-32840,17605,32840,14084,32840,1
21,4,126,R1C0,70-34,14084,-34482,14084,34482,14084,32840,1
21,5,126,R1C1,71-30,17605,-34482,17605,34482,14084,32840,1
20,6,127,R0C0,71-41,21126,-32840,21126,32840,21126,32840,1
20,7,127,R0C1,71-42,24647,-32840,24647,32840,21126,32840,1
21,6,127,R1C0,71-31,21126,-34482,21126,34482,21126,32840,1
21,7,127,R1C1,71-32,24647,-34482,24647,34482,21126,32840,1
20,8,128,R0C0,71-43,28168,-32840,28168,32840,28168,32840,1
20,9,128,R0C1,71-44,31689,-32840,31689,32840,28168,32840,1
21,8,128,R1C0,71-33,28168,-34482,28168,34482,28168,32840,1
21,9,128,R1C1,71-34,31689,-34482,31689,34482,28168,32840,1
20,10,129,R0C0,72-40,35210,-32840,35210,32840,35210,32840,1
20,11,129,R0C1,72-41,38731,-32840,38731,32840,35210,32840,1
21,10,129,R1C0,72-30,35210,-34482,35210,34482,35210,32840,1
21,11,129,R1C1,72-31,38731,-34482,38731,34482,35210,32840,1
20,12,130,R0C0,72-42,42252,-32840,42252,32840,42252,32840,1
20,13,130,R0C1,72-43,45773,-32840,45773,32840,42252,32840,1
21,12,130,R1C0,72-32,42252,-34482,42252,34482,42252,32840,1
21,13,130,R1C1,72-33,45773,-34482,45773,34482,42252,32840,1
20,14,131,R0C0,72-44,49294,-32840,49294,32840,49294,32840,1
20,15,131,R0C1,73-40,52815,-32840,52815,32840,49294,32840,1
21,14,131,R1C0,72-34,49294,-34482,49294,34482,49294,32840,1
21,15,131,R1C1,73-30,52815,-34482,52815,34482,49294,32840,1
20,16,132,R0C0,73-41,56336,-32840,56336,32840,56336,32840,1
20,17,132,R0C1,73-42,59857,-32840,59857,32840,56336,32840,1
21,16,132,R1C0,73-31,56336,-34482,56336,34482,56336,32840,1
21,17,132,R1C1,73-32,59857,-34482,59857,34482,56336,32840,1
20,18,133,R0C0,73-43,63378,-32840,63378,32840,63378,32840,1
20,19,133,R0C1,73-44,66899,-32840,66899,32840,63378,32840,1
21,18,133,R1C0,73-33,63378,-34482,63378,34482,63378,32840,1
21,19,133,R1C1,73-34,66899,-34482,66899,34482,63378,32840,1
20,20,134,R0C0,74-40,70420,-32840,70420,32840,70420,32840,1
20,21,134,R0C1,74-41,73941,-32840,73941,32840,70420,32840,1
21,20,134,R1C0,74-30,70420,-34482,70420,34482,70420,32840,1
21,21,134,R1C1,74-31,73941,-34482,73941,34482,70420,32840,1
20,22,135,R0C0,74-42,77462,-32840,77462,32840,77462,32840,1
20,23,135,R0C1,74-43,80983,-32840,80983,32840,77462,32840,1
21,22,135,R1C0,74-32,77462,-34482,77462,34482,77462,32840,1
21,23,135,R1C1,74-33,80983,-34482,80983,34482,77462,32840,1
20,24,136,R0C0,74-44,84504,-32840,84504,32840,84504,32840,1
20,25,136,R0C1,75-40,88025,-32840,88025,32840,84504,32840,1
21,24,136,R1C0,74-34,84504,-34482,84504,34482,84504,32840,1
21,25,136,R1C1,75-30,88025,-34482,88025,34482,84504,32840,1
20,26,137,R0C0,75-41,91546,-32840,91546,32840,91546,32840,1
20,27,137,R0C1,75-42,95067,-32840,95067,32840,91546,32840,1
21,26,137,R1C0,75-31,91546,-34482,91546,34482,91546,32840,1
21,27,137,R1C1,75-32,95067,-34482,95067,34482,91546,32840,1
20,28,138,R0C0,75-43,98588,-32840,98588,32840,98588,32840,1
20,29,138,R0C1,75-44,102109,-32840,102109,32840,98588,32840,1
21,28,138,R1C0,75-33,98588,-34482,98588,34482,98588,32840,1
21,29,138,R1C1,75-34,102109,-34482,102109,34482,98588,32840,1
20,30,139,R0C0,76-40,105630,-32840,105630,32840,105630,32840,1
20,31,139,R0C1,76-41,109151,-32840,109151,32840,105630,32840,1
21,30,139,R1C0,76-30,105630,-34482,105630,34482,105630,32840,1
21,31,139,R1C1,76-31,109151,-34482,109151,34482,105630,32840,1
20,32,140,R0C0,76-42,112672,-32840,112672,32840,112672,32840,1
20,33,140,R0C1,76-43,116193,-32840,116193,32840,112672,32840,1
21,32,140,R1C0,76-32,112672,-34482,112672,34482,112672,32840,1
21,33,140,R1C1,76-33,116193,-34482,116193,34482,112672,32840,1
20,34,141,R0C0,76-44,119714,-32840,119714,32840,119714,32840,1
20,35,141,R0C1,77-40,123235,-32840,123235,32840,119714,32840,1
21,34,141,R1C0,76-34,119714,-34482,119714,34482,119714,32840,1
21,35,141,R1C1,77-30,123235,-34482,123235,34482,119714,32840,1
20,36,142,R0C0,NA,126756,-32840,126756,32840,126756,32840,1
20,37,142,R0C1,NA,130277,-32840,130277,32840,126756,32840,1
21,36,142,R1C0,77-31,126756,-34482,126756,34482,126756,32840,1
21,37,142,R1C1,NA,130277,-34482,130277,34482,126756,32840,1
22,2,143,R0C0,NA,7042,-36124,7042,36124,7042,36124,1
22,3,143,R0C1,70-23,10563,-36124,10563,36124,7042,36124,1
23,2,143,R1C0,NA,7042,-37766,7042,37766,7042,36124,1
23,3,143,R1C1,70-13,10563,-37766,10563,37766,7042,36124,1
22,4,144,R0C0,70-24,14084,-36124,14084,36124,14084,36124,1
22,5,144,R0C1,71-20,17605,-36124,17605,36124,14084,36124,1
23,4,144,R1C0,70-14,14084,-37766,14084,37766,14084,36124,1
23,5,144,R1C1,71-10,17605,-37766,17605,37766,14084,36124,1
22,6,145,R0C0,71-21,21126,-36124,21126,36124,21126,36124,1
22,7,145,R0C1,71-22,24647,-36124,24647,36124,21126,36124,1
23,6,145,R1C0,71-11,21126,-37766,21126,37766,21126,36124,1
23,7,145,R1C1,71-12,24647,-37766,24647,37766,21126,36124,1
22,8,146,R0C0,71-23,28168,-36124,28168,36124,28168,36124,1
22,9,146,R0C1,71-24,31689,-36124,31689,36124,28168,36124,1
23,8,146,R1C0,71-13,28168,-37766,28168,37766,28168,36124,1
23,9,146,R1C1,71-14,31689,-37766,31689,37766,28168,36124,1
22,10,147,R0C0,72-20,35210,-36124,35210,36124,35210,36124,1
22,11,147,R0C1,72-21,38731,-36124,38731,36124,35210,36124,1
23,10,147,R1C0,72-10,35210,-37766,35210,37766,35210,36124,1
23,11,147,R1C1,72-11,38731,-37766,38731,37766,35210,36124,1
22,12,148,R0C0,72-22,42252,-36124,42252,36124,42252,36124,1
22,13,148,R0C1,72-23,45773,-36124,45773,36124,42252,36124,1
23,12,148,R1C0,72-12,42252,-37766,42252,37766,42252,36124,1
23,13,148,R1C1,72-13,45773,-37766,45773,37766,42252,36124,1
22,14,149,R0C0,72-24,49294,-36124,49294,36124,49294,36124,1
22,15,149,R0C1,73-20,52815,-36124,52815,36124,49294,36124,1
23,14,149,R1C0,72-14,49294,-37766,49294,37766,49294,36124,1
23,15,149,R1C1,73-10,52815,-37766,52815,37766,49294,36124,1
22,16,150,R0C0,73-21,56336,-36124,56336,36124,56336,36124,1
22,17,150,R0C1,73-22,59857,-36124,59857,36124,56336,36124,1
23,16,150,R1C0,73-11,56336,-37766,56336,37766,56336,36124,1
23,17,150,R1C1,73-12,59857,-37766,59857,37766,56336,36124,1
22,18,151,R0C0,73-23,63378,-36124,63378,36124,63378,36124,1
22,19,151,R0C1,73-24,66899,-36124,66899,36124,63378,36124,1
23,18,151,R1C0,73-13,63378,-37766,63378,37766,63378,36124,1
23,19,151,R1C1,73-14,66899,-37766,66899,37766,63378,36124,1
22,20,152,R0C0,74-20,70420,-36124,70420,36124,70420,36124,1
22,21,152,R0C1,74-21,73941,-36124,73941,36124,70420,36124,1
23,20,152,R1C0,74-10,70420,-37766,70420,37766,70420,36124,1
23,21,152,R1C1,74-11,73941,-37766,73941,37766,70420,36124,1
22,22,153,R0C0,74-22,77462,-36124,77462,36124,77462,36124,1
22,23,153,R0C1,74-23,80983,-36124,80983,36124,77462,36124,1
23,22,153,R1C0,74-12,77462,-37766,77462,37766,77462,36124,1
23,23,153,R1C1,74-13,80983,-37766,80983,37766,77462,36124,1
22,24,154,R0C0,74-24,84504,-36124,84504,36124,84504,36124,1
22,25,154,R0C1,75-20,88025,-36124,88025,36124,84504,36124,1
23,24,154,R1C0,74-14,84504,-37766,84504,37766,84504,36124,1
23,25,154,R1C1,75-10,88025,-37766,88025,37766,84504,36124,1
22,26,155,R0C0,75-21,91546,-36124,91546,36124,91546,36124,1
22,27,155,R0C1,75-22,95067,-36124,95067,36124,91546,36124,1
23,26,155,R1C0,75-11,91546,-37766,91546,37766,91546,36124,1
23,27,155,R1C1,75-12,95067,-37766,95067,37766,91546,36124,1
22,28,156,R0C0,75-23,98588,-36124,98588,36124,98588,36124,1
22,29,156,R0C1,75-24,102109,-36124,102109,36124,98588,36124,1
23,28,156,R1C0,75-13,98588,-37766,98588,37766,98588,36124,1
23,29,156,R1C1,75-14,102109,-37766,102109,37766,98588,36124,1
22,30,157,R0C0,76-20,105630,-36124,105630,36124,105630,36124,1
22,31,157,R0C1,76-21,109151,-36124,109151,36124,105630,36124,1
23,30,157,R1C0,76-10,105630,-37766,105630,37766,105630,36124,1
23,31,157,R1C1,76-11,109151,-37766,109151,37766,105630,36124,1
22,32,158,R0C0,76-22,112672,-36124,112672,36124,112672,36124,1
22,33,158,R0C1,76-23,116193,-36124,116193,36124,112672,36124,1
23,32,158,R1C0,76-12,112672,-37766,112672,37766,112672,36124,1
23,33,158,R1C1,76-13,116193,-37766,116193,37766,112672,36124,1
22,34,159,R0C0,76-24,119714,-36124,119714,36124,119714,36124,1
22,35,159,R0C1,77-20,123235,-36124,123235,36124,119714,36124,1
23,34,159,R1C0,76-14,119714,-37766,119714,37766,119714,36124,1
23,35,159,R1C1,77-10,123235,-37766,123235,37766,119714,36124,1
22,36,160,R0C0,77-21,126756,-36124,126756,36124,126756,36124,1
22,37,160,R0C1,NA,130277,-36124,130277,36124,126756,36124,1
23,36,160,R1C0,77-11,126756,-37766,126756,37766,126756,36124,1
23,37,160,R1C1,NA,130277,-37766,130277,37766,126756,36124,1
24,2,161,R0C0,NA,7042,-39408,7042,39408,7042,39408,1
24,3,161,R0C1,70-03,10563,-39408,10563,39408,7042,39408,1
25,2,161,R1C0,60-72,7042,-41050,7042,41050,7042,39408,1
25,3,161,R1C1,60-73,10563,-41050,10563,41050,7042,39408,1
24,4,162,R0C0,70-04,14084,-39408,14084,39408,14084,39408,1
24,5,162,R0C1,71-00,17605,-39408,17605,39408,14084,39408,1
25,4,162,R1C0,60-74,14084,-41050,14084,41050,14084,39408,1
25,5,162,R1C1,61-70,17605,-41050,17605,41050,14084,39408,1
24,6,163,R0C0,71-01,21126,-39408,21126,39408,21126,39408,1
24,7,163,R0C1,71-02,24647,-39408,24647,39408,21126,39408,1
25,6,163,R1C0,61-71,21126,-41050,21126,41050,21126,39408,1
25,7,163,R1C1,61-72,24647,-41050,24647,41050,21126,39408,1
24,8,164,R0C0,71-03,28168,-39408,28168,39408,28168,39408,1
24,9,164,R0C1,71-04,31689,-39408,31689,39408,28168,39408,1
25,8,164,R1C0,61-73,28168,-41050,28168,41050,28168,39408,1
25,9,164,R1C1,61-74,31689,-41050,31689,41050,28168,39408,1
24,10,165,R0C0,72-00,35210,-39408,35210,39408,35210,39408,1
24,11,165,R0C1,72-01,38731,-39408,38731,39408,35210,39408,1
25,10,165,R1C0,62-70,35210,-41050,35210,41050,35210,39408,1
25,11,165,R1C1,62-71,38731,-41050,38731,41050,35210,39408,1
24,12,166,R0C0,72-02,42252,-39408,42252,39408,42252,39408,1
24,13,166,R0C1,72-03,45773,-39408,45773,39408,42252,39408,1
25,12,166,R1C0,62-72,42252,-41050,42252,41050,42252,39408,1
25,13,166,R1C1,62-73,45773,-41050,45773,41050,42252,39408,1
24,14,167,R0C0,72-04,49294,-39408,49294,39408,49294,39408,1
24,15,167,R0C1,73-00,52815,-39408,52815,39408,49294,39408,1
25,14,167,R1C0,62-74,49294,-41050,49294,41050,49294,39408,1
25,15,167,R1C1,63-70,52815,-41050,52815,41050,49294,39408,1
24,16,168,R0C0,73-01,56336,-39408,56336,39408,56336,39408,1
24,17,168,R0C1,73-02,59857,-39408,59857,39408,56336,39408,1
25,16,168,R1C0,63-71,56336,-41050,56336,41050,56336,39408,1
25,17,168,R1C1,63-72,59857,-41050,59857,41050,56336,39408,1
24,18,169,R0C0,73-03,63378,-39408,63378,39408,63378,39408,1
24,19,169,R0C1,73-04,66899,-39408,66899,39408,63378,39408,1
25,18,169,R1C0,63-73,63378,-41050,63378,41050,63378,39408,1
25,19,169,R1C1,63-74,66899,-41050,66899,41050,63378,39408,1
24,20,170,R0C0,74-00,70420,-39408,70420,39408,70420,39408,1
24,21,170,R0C1,74-01,73941,-39408,73941,39408,70420,39408,1
25,20,170,R1C0,64-70,70420,-41050,70420,41050,70420,39408,1
25,21,170,R1C1,64-71,73941,-41050,73941,41050,70420,39408,1
24,22,171,R0C0,74-02,77462,-39408,77462,39408,77462,39408,1
24,23,171,R0C1,74-03,80983,-39408,80983,39408,77462,39408,1
25,22,171,R1C0,64-72,77462,-41050,77462,41050,77462,39408,1
25,23,171,R1C1,64-73,80983,-41050,80983,41050,77462,39408,1
24,24,172,R0C0,74-04,84504,-39408,84504,39408,84504,39408,1
24,25,172,R0C1,75-00,88025,-39408,88025,39408,84504,39408,1
25,24,172,R1C0,64-74,84504,-41050,84504,41050,84504,39408,1
25,25,172,R1C1,65-70,88025,-41050,88025,41050,84504,39408,1
24,26,173,R0C0,75-01,91546,-39408,91546,39408,91546,39408,1
24,27,173,R0C1,75-02,95067,-39408,95067,39408,91546,39408,1
25,26,173,R1C0,65-71,91546,-41050,91546,41050,91546,39408,1
25,27,173,R1C1,65-72,95067,-41050,95067,41050,91546,39408,1
24,28,174,R0C0,75-03,98588,-39408,98588,39408,98588,39408,1
24,29,174,R0C1,75-04,102109,-39408,102109,39408,98588,39408,1
25,28,174,R1C0,65-73,98588,-41050,98588,41050,98588,39408,1
25,29,174,R1C1,65-74,102109,-41050,102109,41050,98588,39408,1
24,30,175,R0C0,76-00,105630,-39408,105630,39408,105630,39408,1
24,31,175,R0C1,76-01,109151,-39408,109151,39408,105630,39408,1
25,30,175,R1C0,66-70,105630,-41050,105630,41050,105630,39408,1
25,31,175,R1C1,66-71,109151,-41050,109151,41050,105630,39408,1
24,32,176,R0C0,76-02,112672,-39408,112672,39408,112672,39408,1
24,33,176,R0C1,76-03,116193,-39408,116193,39408,112672,39408,1
25,32,176,R1C0,66-72,112672,-41050,112672,41050,112672,39408,1
25,33,176,R1C1,66-73,116193,-41050,116193,41050,112672,39408,1
24,34,177,R0C0,76-04,119714,-39408,119714,39408,119714,39408,1
24,35,177,R0C1,77-00,123235,-39408,123235,39408,119714,39408,1
25,34,177,R1C0,66-74,119714,-41050,119714,41050,119714,39408,1
25,35,177,R1C1,67-70,123235,-41050,123235,41050,119714,39408,1
24,36,178,R0C0,77-01,126756,-39408,126756,39408,126756,39408,1
24,37,178,R0C1,NA,130277,-39408,130277,39408,126756,39408,1
25,36,178,R1C0,67-71,126756,-41050,126756,41050,126756,39408,1
25,37,178,R1C1,67-72,130277,-41050,130277,41050,126756,39408,1
26,2,179,R0C0,60-62,7042,-42692,7042,42692,7042,42692,1
26,3,179,R0C1,60-63,10563,-42692,10563,42692,7042,42692,1
27,2,179,R1C0,60-52,7042,-44334,7042,44334,7042,42692,1
27,3,179,R1C1,60-53,10563,-44334,10563,44334,7042,42692,1
26,4,180,R0C0,60-64,14084,-42692,14084,42692,14084,42692,1
26,5,180,R0C1,61-60,17605,-42692,17605,42692,14084,42692,1
27,4,180,R1C0,60-54,14084,-44334,14084,44334,14084,42692,1
27,5,180,R1C1,61-50,17605,-44334,17605,44334,14084,42692,1
26,6,181,R0C0,61-61,21126,-42692,21126,42692,21126,42692,1
26,7,181,R0C1,PCM,24647,-42692,24647,42692,21126,42692,1
27,6,181,R1C0,61-51,21126,-44334,21126,44334,21126,42692,1
27,7,181,R1C1,61-52,24647,-44334,24647,44334,21126,42692,1
26,8,182,R0C0,61-63,28168,-42692,28168,42692,28168,42692,1
26,9,182,R0C1,61-64,31689,-42692,31689,42692,28168,42692,1
27,8,182,R1C0,61-53,28168,-44334,28168,44334,28168,42692,1
27,9,182,R1C1,61-54,31689,-44334,31689,44334,28168,42692,1
26,10,183,R0C0,62-60,35210,-42692,35210,42692,35210,42692,1
26,11,183,R0C1,62-61,38731,-42692,38731,42692,35210,42692,1
27,10,183,R1C0,62-50,35210,-44334,35210,44334,35210,42692,1
27,11,183,R1C1,62-51,38731,-44334,38731,44334,35210,42692,1
26,12,184,R0C0,62-62,42252,-42692,42252,42692,42252,42692,1
26,13,184,R0C1,62-63,45773,-42692,45773,42692,42252,42692,1
27,12,184,R1C0,62-52,42252,-44334,42252,44334,42252,42692,1
27,13,184,R1C1,62-53,45773,-44334,45773,44334,42252,42692,1
26,14,185,R0C0,62-64,49294,-42692,49294,42692,49294,42692,1
26,15,185,R0C1,63-60,52815,-42692,52815,42692,49294,42692,1
27,14,185,R1C0,62-54,49294,-44334,49294,44334,49294,42692,1
27,15,185,R1C1,63-50,52815,-44334,52815,44334,49294,42692,1
26,16,186,R0C0,63-61,56336,-42692,56336,42692,56336,42692,1
26,17,186,R0C1,PCM,59857,-42692,59857,42692,56336,42692,1
27,16,186,R1C0,63-51,56336,-44334,56336,44334,56336,42692,1
27,17,186,R1C1,63-52,59857,-44334,59857,44334,56336,42692,1
26,18,187,R0C0,63-63,63378,-42692,63378,42692,63378,42692,1
26,19,187,R0C1,63-64,66899,-42692,66899,42692,63378,42692,1
27,18,187,R1C0,63-53,63378,-44334,63378,44334,63378,42692,1
27,19,187,R1C1,63-54,66899,-44334,66899,44334,63378,42692,1
26,20,188,R0C0,64-60,70420,-42692,70420,42692,70420,42692,1
26,21,188,R0C1,64-61,73941,-42692,73941,42692,70420,42692,1
27,20,188,R1C0,64-50,70420,-44334,70420,44334,70420,42692,1
27,21,188,R1C1,64-51,73941,-44334,73941,44334,70420,42692,1
26,22,189,R0C0,64-62,77462,-42692,77462,42692,77462,42692,1
26,23,189,R0C1,64-63,80983,-42692,80983,42692,77462,42692,1
27,22,189,R1C0,64-52,77462,-44334,77462,44334,77462,42692,1
27,23,189,R1C1,64-53,80983,-44334,80983,44334,77462,42692,1
26,24,190,R0C0,64-64,84504,-42692,84504,42692,84504,42692,1
26,25,190,R0C1,65-60,88025,-42692,88025,42692,84504,42692,1
27,24,190,R1C0,64-54,84504,-44334,84504,44334,84504,42692,1
27,25,190,R1C1,65-50,88025,-44334,88025,44334,84504,42692,1
26,26,191,R0C0,65-61,91546,-42692,91546,42692,91546,42692,1
26,27,191,R0C1,PCM,95067,-42692,95067,42692,91546,42692,1
27,26,191,R1C0,65-51,91546,-44334,91546,44334,91546,42692,1
27,27,191,R1C1,65-52,95067,-44334,95067,44334,91546,42692,1
26,28,192,R0C0,65-63,98588,-42692,98588,42692,98588,42692,1
26,29,192,R0C1,65-64,102109,-42692,102109,42692,98588,42692,1
27,28,192,R1C0,65-53,98588,-44334,98588,44334,98588,42692,1
27,29,192,R1C1,65-54,102109,-44334,102109,44334,98588,42692,1
26,30,193,R0C0,66-60,105630,-42692,105630,42692,105630,42692,1
26,31,193,R0C1,66-61,109151,-42692,109151,42692,105630,42692,1
27,30,193,R1C0,66-50,105630,-44334,105630,44334,105630,42692,1
27,31,193,R1C1,66-51,109151,-44334,109151,44334,105630,42692,1
26,32,194,R0C0,66-62,112672,-42692,112672,42692,112672,42692,1
26,33,194,R0C1,66-63,116193,-42692,116193,42692,112672,42692,1
27,32,194,R1C0,66-52,112672,-44334,112672,44334,112672,42692,1
27,33,194,R1C1,66-53,116193,-44334,116193,44334,112672,42692,1
26,34,195,R0C0,66-64,119714,-42692,119714,42692,119714,42692,1
26,35,195,R0C1,67-60,123235,-42692,123235,42692,119714,42692,1
27,34,195,R1C0,66-54,119714,-44334,119714,44334,119714,42692,1
27,35,195,R1C1,67-50,123235,-44334,123235,44334,119714,42692,1
26,36,196,R0C0,67-61,126756,-42692,126756,42692,126756,42692,1
26,37,196,R0C1,PCM,130277,-42692,130277,42692,126756,42692,1
27,36,196,R1C0,67-51,126756,-44334,126756,44334,126756,42692,1
27,37,196,R1C1,67-52,130277,-44334,130277,44334,126756,42692,1
28,2,197,R0C0,60-42,7042,-45976,7042,45976,7042,45976,1
28,3,197,R0C1,60-43,10563,-45976,10563,45976,7042,45976,1
29,2,197,R1C0,60-32,7042,-47618,7042,47618,7042,45976,1
29,3,197,R1C1,60-33,10563,-47618,10563,47618,7042,45976,1
28,4,198,R0C0,60-44,14084,-45976,14084,45976,14084,45976,1
28,5,198,R0C1,61-40,17605,-45976,17605,45976,14084,45976,1
29,4,198,R1C0,60-34,14084,-47618,14084,47618,14084,45976,1
29,5,198,R1C1,61-30,17605,-47618,17605,47618,14084,45976,1
28,6,199,R0C0,61-41,21126,-45976,21126,45976,21126,45976,1
28,7,199,R0C1,61-42,24647,-45976,24647,45976,21126,45976,1
29,6,199,R1C0,61-31,21126,-47618,21126,47618,21126,45976,1
29,7,199,R1C1,61-32,24647,-47618,24647,47618,21126,45976,1
28,8,200,R0C0,61-43,28168,-45976,28168,45976,28168,45976,1
28,9,200,R0C1,61-44,31689,-45976,31689,45976,28168,45976,1
29,8,200,R1C0,61-33,28168,-47618,28168,47618,28168,45976,1
29,9,200,R1C1,61-34,31689,-47618,31689,47618,28168,45976,1
28,10,201,R0C0,62-40,35210,-45976,35210,45976,35210,45976,1
28,11,201,R0C1,62-41,38731,-45976,38731,45976,35210,45976,1
29,10,201,R1C0,62-30,35210,-47618,35210,47618,35210,45976,1
29,11,201,R1C1,62-31,38731,-47618,38731,47618,35210,45976,1
28,12,202,R0C0,62-42,42252,-45976,42252,45976,42252,45976,1
28,13,202,R0C1,62-43,45773,-45976,45773,45976,42252,45976,1
29,12,202,R1C0,62-32,42252,-47618,42252,47618,42252,45976,1
29,13,202,R1C1,62-33,45773,-47618,45773,47618,42252,45976,1
28,14,203,R0C0,62-44,49294,-45976,49294,45976,49294,45976,1
28,15,203,R0C1,63-40,52815,-45976,52815,45976,49294,45976,1
29,14,203,R1C0,62-34,49294,-47618,49294,47618,49294,45976,1
29,15,203,R1C1,63-30,52815,-47618,52815,47618,49294,45976,1
28,16,204,R0C0,63-41,56336,-45976,56336,45976,56336,45976,1
28,17,204,R0C1,63-42,59857,-45976,59857,45976,56336,45976,1
29,16,204,R1C0,63-31,56336,-47618,56336,47618,56336,45976,1
29,17,204,R1C1,63-32,59857,-47618,59857,47618,56336,45976,1
28,18,205,R0C0,63-43,63378,-45976,63378,45976,63378,45976,1
28,19,205,R0C1,63-44,66899,-45976,66899,45976,63378,45976,1
29,18,205,R1C0,63-33,63378,-47618,63378,47618,63378,45976,1
29,19,205,R1C1,63-34,66899,-47618,66899,47618,63378,45976,1
28,20,206,R0C0,64-40,70420,-45976,70420,45976,70420,45976,1
28,21,206,R0C1,64-41,73941,-45976,73941,45976,70420,45976,1
29,20,206,R1C0,64-30,70420,-47618,70420,47618,70420,45976,1
29,21,206,R1C1,64-31,73941,-47618,73941,47618,70420,45976,1
28,22,207,R0C0,64-42,77462,-45976,77462,45976,77462,45976,1
28,23,207,R0C1,64-43,80983,-45976,80983,45976,77462,45976,1
29,22,207,R1C0,64-32,77462,-47618,77462,47618,77462,45976,1
29,23,207,R1C1,64-33,80983,-47618,80983,47618,77462,45976,1
28,24,208,R0C0,64-44,84504,-45976,84504,45976,84504,45976,1
28,25,208,R0C1,65-40,88025,-45976,88025,45976,84504,45976,1
29,24,208,R1C0,64-34,84504,-47618,84504,47618,84504,45976,1
29,25,208,R1C1,65-30,88025,-47618,88025,47618,84504,45976,1
28,26,209,R0C0,65-41,91546,-45976,91546,45976,91546,45976,1
28,27,209,R0C1,65-42,95067,-45976,95067,45976,91546,45976,1
29,26,209,R1C0,65-31,91546,-47618,91546,47618,91546,45976,1
29,27,209,R1C1,65-32,95067,-47618,95067,47618,91546,45976,1
28,28,210,R0C0,65-43,98588,-45976,98588,45976,98588,45976,1
28,29,210,R0C1,65-44,102109,-45976,102109,45976,98588,45976,1
29,28,210,R1C0,65-33,98588,-47618,98588,47618,98588,45976,1
29,29,210,R1C1,65-34,102109,-47618,102109,47618,98588,45976,1
28,30,211,R0C0,66-40,105630,-45976,105630,45976,105630,45976,1
28,31,211,R0C1,66-41,109151,-45976,109151,45976,105630,45976,1
29,30,211,R1C0,66-30,105630,-47618,105630,47618,105630,45976,1
29,31,211,R1C1,66-31,109151,-47618,109151,47618,105630,45976,1
28,32,212,R0C0,66-42,112672,-45976,112672,45976,112672,45976,1
28,33,212,R0C1,66-43,116193,-45976,116193,45976,112672,45976,1
29,32,212,R1C0,66-32,112672,-47618,112672,47618,112672,45976,1
29,33,212,R1C1,66-33,116193,-47618,116193,47618,112672,45976,1
28,34,213,R0C0,66-44,119714,-45976,119714,45976,119714,45976,1
28,35,213,R0C1,67-40,123235,-45976,123235,45976,119714,45976,1
29,34,213,R1C0,66-34,119714,-47618,119714,47618,119714,45976,1
29,35,213,R1C1,67-30,123235,-47618,123235,47618,119714,45976,1
28,36,214,R0C0,67-41,126756,-45976,126756,45976,126756,45976,1
28,37,214,R0C1,67-42,130277,-45976,130277,45976,126756,45976,1
29,36,214,R1C0,67-31,126756,-47618,126756,47618,126756,45976,1
29,37,214,R1C1,67-32,130277,-47618,130277,47618,126756,45976,1
30,2,215,R0C0,60-22,7042,-49260,7042,49260,7042,49260,1
30,3,215,R0C1,60-23,10563,-49260,10563,49260,7042,49260,1
31,2,215,R1C0,60-12,7042,-50902,7042,50902,7042,49260,1
31,3,215,R1C1,60-13,10563,-50902,10563,50902,7042,49260,1
30,4,216,R0C0,60-24,14084,-49260,14084,49260,14084,49260,1
30,5,216,R0C1,61-20,17605,-49260,17605,49260,14084,49260,1
31,4,216,R1C0,60-14,14084,-50902,14084,50902,14084,49260,1
31,5,216,R1C1,61-10,17605,-50902,17605,50902,14084,49260,1
30,6,217,R0C0,61-21,21126,-49260,21126,49260,21126,49260,1
30,7,217,R0C1,61-22,24647,-49260,24647,49260,21126,49260,1
31,6,217,R1C0,61-11,21126,-50902,21126,50902,21126,49260,1
31,7,217,R1C1,61-12,24647,-50902,24647,50902,21126,49260,1
30,8,218,R0C0,61-23,28168,-49260,28168,49260,28168,49260,1
30,9,218,R0C1,61-24,31689,-49260,31689,49260,28168,49260,1
31,8,218,R1C0,61-13,28168,-50902,28168,50902,28168,49260,1
31,9,218,R1C1,61-14,31689,-50902,31689,50902,28168,49260,1
30,10,219,R0C0,62-20,35210,-49260,35210,49260,35210,49260,1
30,11,219,R0C1,62-21,38731,-49260,38731,49260,35210,49260,1
31,10,219,R1C0,62-10,35210,-50902,35210,50902,35210,49260,1
31,11,219,R1C1,62-11,38731,-50902,38731,50902,35210,49260,1
30,12,220,R0C0,62-22,42252,-49260,42252,49260,42252,49260,1
30,13,220,R0C1,62-23,45773,-49260,45773,49260,42252,49260,1
31,12,220,R1C0,62-12,42252,-50902,42252,50902,42252,49260,1
31,13,220,R1C1,62-13,45773,-50902,45773,50902,42252,49260,1
30,14,221,R0C0,62-24,49294,-49260,49294,49260,49294,49260,1
30,15,221,R0C1,63-20,52815,-49260,52815,49260,49294,49260,1
31,14,221,R1C0,62-14,49294,-50902,49294,50902,49294,49260,1
31,15,221,R1C1,63-10,52815,-50902,52815,50902,49294,49260,1
30,16,222,R0C0,63-21,56336,-49260,56336,49260,56336,49260,1
30,17,222,R0C1,63-22,59857,-49260,59857,49260,56336,49260,1
31,16,222,R1C0,63-11,56336,-50902,56336,50902,56336,49260,1
31,17,222,R1C1,63-12,59857,-50902,59857,50902,56336,49260,1
30,18,223,R0C0,63-23,63378,-49260,63378,49260,63378,49260,1
30,19,223,R0C1,63-24,66899,-49260,66899,49260,63378,49260,1
31,18,223,R1C0,63-13,63378,-50902,63378,50902,63378,49260,1
31,19,223,R1C1,63-14,66899,-50902,66899,50902,63378,49260,1
30,20,224,R0C0,64-20,70420,-49260,70420,49260,70420,49260,1
30,21,224,R0C1,64-21,73941,-49260,73941,49260,70420,49260,1
31,20,224,R1C0,64-10,70420,-50902,70420,50902,70420,49260,1
31,21,224,R1C1,64-11,73941,-50902,73941,50902,70420,49260,1
30,22,225,R0C0,64-22,77462,-49260,77462,49260,77462,49260,1
30,23,225,R0C1,64-23,80983,-49260,80983,49260,77462,49260,1
31,22,225,R1C0,64-12,77462,-50902,77462,50902,77462,49260,1
31,23,225,R1C1,64-13,80983,-50902,80983,50902,77462,49260,1
30,24,226,R0C0,64-24,84504,-49260,84504,49260,84504,49260,1
30,25,226,R0C1,65-20,88025,-49260,88025,49260,84504,49260,1
31,24,226,R1C0,64-14,84504,-50902,84504,50902,84504,49260,1
31,25,226,R1C1,65-10,88025,-50902,88025,50902,84504,49260,1
30,26,227,R0C0,65-21,91546,-49260,91546,49260,91546,49260,1
30,27,227,R0C1,65-22,95067,-49260,95067,49260,91546,49260,1
31,26,227,R1C0,65-11,91546,-50902,91546,50902,91546,49260,1
31,27,227,R1C1,65-12,95067,-50902,95067,50902,91546,49260,1
30,28,228,R0C0,65-23,98588,-49260,98588,49260,98588,49260,1
30,29,228,R0C1,65-24,102109,-49260,102109,49260,98588,49260,1
31,28,228,R1C0,65-13,98588,-50902,98588,50902,98588,49260,1
31,29,228,R1C1,65-14,102109,-50902,102109,50902,98588,49260,1
30,30,229,R0C0,66-20,105630,-49260,105630,49260,105630,49260,1
30,31,229,R0C1,66-21,109151,-49260,109151,49260,105630,49260,1
31,30,229,R1C0,66-10,105630,-50902,105630,50902,105630,49260,1
31,31,229,R1C1,66-11,109151,-50902,109151,50902,105630,49260,1
30,32,230,R0C0,66-22,112672,-49260,112672,49260,112672,49260,1
30,33,230,R0C1,66-23,116193,-49260,116193,49260,112672,49260,1
31,32,230,R1C0,66-12,112672,-50902,112672,50902,112672,49260,1
31,33,230,R1C1,66-13,116193,-50902,116193,50902,112672,49260,1
30,34,231,R0C0,66-24,119714,-49260,119714,49260,119714,49260,1
30,35,231,R0C1,67-20,123235,-49260,123235,49260,119714,49260,1
31,34,231,R1C0,66-14,119714,-50902,119714,50902,119714,49260,1
31,35,231,R1C1,67-10,123235,-50902,123235,50902,119714,49260,1
30,36,232,R0C0,67-21,126756,-49260,126756,49260,126756,49260,1
30,37,232,R0C1,67-22,130277,-49260,130277,49260,126756,49260,1
31,36,232,R1C0,67-11,126756,-50902,126756,50902,126756,49260,1
31,37,232,R1C1,67-12,130277,-50902,130277,50902,126756,49260,1
32,0,233,R0C0,NA,0,-52544,0,52544,0,52544,1
32,1,233,R0C1,NA,3521,-52544,3521,52544,0,52544,1
33,0,233,R1C0,NA,0,-54186,0,54186,0,52544,1
33,1,233,R1C1,50-71,3521,-54186,3521,54186,0,52544,1
32,2,234,R0C0,60-02,7042,-52544,7042,52544,7042,52544,1
32,3,234,R0C1,60-03,10563,-52544,10563,52544,7042,52544,1
33,2,234,R1C0,50-72,7042,-54186,7042,54186,7042,52544,1
33,3,234,R1C1,50-73,10563,-54186,10563,54186,7042,52544,1
32,4,235,R0C0,60-04,14084,-52544,14084,52544,14084,52544,1
32,5,235,R0C1,61-00,17605,-52544,17605,52544,14084,52544,1
33,4,235,R1C0,50-74,14084,-54186,14084,54186,14084,52544,1
33,5,235,R1C1,51-70,17605,-54186,17605,54186,14084,52544,1
32,6,236,R0C0,61-01,21126,-52544,21126,52544,21126,52544,1
32,7,236,R0C1,61-02,24647,-52544,24647,52544,21126,52544,1
33,6,236,R1C0,51-71,21126,-54186,21126,54186,21126,52544,1
33,7,236,R1C1,51-72,24647,-54186,24647,54186,21126,52544,1
32,8,237,R0C0,61-03,28168,-52544,28168,52544,28168,52544,1
32,9,237,R0C1,61-04,31689,-52544,31689,52544,28168,52544,1
33,8,237,R1C0,51-73,28168,-54186,28168,54186,28168,52544,1
33,9,237,R1C1,51-74,31689,-54186,31689,54186,28168,52544,1
32,10,238,R0C0,62-00,35210,-52544,35210,52544,35210,52544,1
32,11,238,R0C1,62-01,38731,-52544,38731,52544,35210,52544,1
33,10,238,R1C0,52-70,35210,-54186,35210,54186,35210,52544,1
33,11,238,R1C1,52-71,38731,-54186,38731,54186,35210,52544,1
32,12,239,R0C0,62-02,42252,-52544,42252,52544,42252,52544,1
32,13,239,R0C1,62-03,45773,-52544,45773,52544,42252,52544,1
33,12,239,R1C0,52-72,42252,-54186,42252,54186,42252,52544,1
33,13,239,R1C1,52-73,45773,-54186,45773,54186,42252,52544,1
32,14,240,R0C0,62-04,49294,-52544,49294,52544,49294,52544,1
32,15,240,R0C1,63-00,52815,-52544,52815,52544,49294,52544,1
33,14,240,R1C0,52-74,49294,-54186,49294,54186,49294,52544,1
33,15,240,R1C1,53-70,52815,-54186,52815,54186,49294,52544,1
32,16,241,R0C0,63-01,56336,-52544,56336,52544,56336,52544,1
32,17,241,R0C1,63-02,59857,-52544,59857,52544,56336,52544,1
33,16,241,R1C0,53-71,56336,-54186,56336,54186,56336,52544,1
33,17,241,R1C1,53-72,59857,-54186,59857,54186,56336,52544,1
32,18,242,R0C0,63-03,63378,-52544,63378,52544,63378,52544,1
32,19,242,R0C1,63-04,66899,-52544,66899,52544,63378,52544,1
33,18,242,R1C0,53-73,63378,-54186,63378,54186,63378,52544,1
33,19,242,R1C1,53-74,66899,-54186,66899,54186,63378,52544,1
32,20,243,R0C0,64-00,70420,-52544,70420,52544,70420,52544,1
32,21,243,R0C1,64-01,73941,-52544,73941,52544,70420,52544,1
33,20,243,R1C0,54-70,70420,-54186,70420,54186,70420,52544,1
33,21,243,R1C1,54-71,73941,-54186,73941,54186,70420,52544,1
32,22,244,R0C0,64-02,77462,-52544,77462,52544,77462,52544,1
32,23,244,R0C1,64-03,80983,-52544,80983,52544,77462,52544,1
33,22,244,R1C0,54-72,77462,-54186,77462,54186,77462,52544,1
33,23,244,R1C1,54-73,80983,-54186,80983,54186,77462,52544,1
32,24,245,R0C0,64-04,84504,-52544,84504,52544,84504,52544,1
32,25,245,R0C1,65-00,88025,-52544,88025,52544,84504,52544,1
33,24,245,R1C0,54-74,84504,-54186,84504,54186,84504,52544,1
33,25,245,R1C1,55-70,88025,-54186,88025,54186,84504,52544,1
32,26,246,R0C0,65-01,91546,-52544,91546,52544,91546,52544,1
32,27,246,R0C1,65-02,95067,-52544,95067,52544,91546,52544,1
33,26,246,R1C0,55-71,91546,-54186,91546,54186,91546,52544,1
33,27,246,R1C1,55-72,95067,-54186,95067,54186,91546,52544,1
32,28,247,R0C0,65-03,98588,-52544,98588,52544,98588,52544,1
32,29,247,R0C1,65-04,102109,-52544,102109,52544,98588,52544,1
33,28,247,R1C0,55-73,98588,-54186,98588,54186,98588,52544,1
33,29,247,R1C1,55-74,102109,-54186,102109,54186,98588,52544,1
32,30,248,R0C0,66-00,105630,-52544,105630,52544,105630,52544,1
32,31,248,R0C1,66-01,109151,-52544,109151,52544,105630,52544,1
33,30,248,R1C0,56-70,105630,-54186,105630,54186,105630,52544,1
33,31,248,R1C1,56-71,109151,-54186,109151,54186,105630,52544,1
32,32,249,R0C0,66-02,112672,-52544,112672,52544,112672,52544,1
32,33,249,R0C1,66-03,116193,-52544,116193,52544,112672,52544,1
33,32,249,R1C0,56-72,112672,-54186,112672,54186,112672,52544,1
33,33,249,R1C1,56-73,116193,-54186,116193,54186,112672,52544,1
32,34,250,R0C0,66-04,119714,-52544,119714,52544,119714,52544,1
32,35,250,R0C1,67-00,123235,-52544,123235,52544,119714,52544,1
33,34,250,R1C0,56-74,119714,-54186,119714,54186,119714,52544,1
33,35,250,R1C1,57-70,123235,-54186,123235,54186,119714,52544,1
32,36,251,R0C0,67-01,126756,-52544,126756,52544,126756,52544,1
32,37,251,R0C1,67-02,130277,-52544,130277,52544,126756,52544,1
33,36,251,R1C0,57-71,126756,-54186,126756,54186,126756,52544,1
33,37,251,R1C1,57-72,130277,-54186,130277,54186,126756,52544,1
32,38,252,R0C0,NA,133798,-52544,133798,52544,133798,52544,1
32,39,252,R0C1,NA,137319,-52544,137319,52544,133798,52544,1
33,38,252,R1C0,57-73,133798,-54186,133798,54186,133798,52544,1
33,39,252,R1C1,NA,137319,-54186,137319,54186,133798,52544,1
34,0,253,R0C0,NA,0,-55828,0,55828,0,55828,1
34,1,253,R0C1,50-61,3521,-55828,3521,55828,0,55828,1
35,0,253,R1C0,NA,0,-57470,0,57470,0,55828,1
35,1,253,R1C1,50-51,3521,-57470,3521,57470,0,55828,1
34,2,254,R0C0,50-62,7042,-55828,7042,55828,7042,55828,1
34,3,254,R0C1,50-63,10563,-55828,10563,55828,7042,55828,1
35,2,254,R1C0,50-52,7042,-57470,7042,57470,7042,55828,1
35,3,254,R1C1,50-53,10563,-57470,10563,57470,7042,55828,1
34,4,255,R0C0,50-64,14084,-55828,14084,55828,14084,55828,1
34,5,255,R0C1,51-60,17605,-55828,17605,55828,14084,55828,1
35,4,255,R1C0,50-54,14084,-57470,14084,57470,14084,55828,1
35,5,255,R1C1,51-50,17605,-57470,17605,57470,14084,55828,1
34,6,256,R0C0,51-61,21126,-55828,21126,55828,21126,55828,1
34,7,256,R0C1,51-62,24647,-55828,24647,55828,21126,55828,1
35,6,256,R1C0,51-51,21126,-57470,21126,57470,21126,55828,1
35,7,256,R1C1,51-52,24647,-57470,24647,57470,21126,55828,1
34,8,257,R0C0,51-63,28168,-55828,28168,55828,28168,55828,1
34,9,257,R0C1,51-64,31689,-55828,31689,55828,28168,55828,1
35,8,257,R1C0,51-53,28168,-57470,28168,57470,28168,55828,1
35,9,257,R1C1,51-54,31689,-57470,31689,57470,28168,55828,1
34,10,258,R0C0,52-60,35210,-55828,35210,55828,35210,55828,1
34,11,258,R0C1,52-61,38731,-55828,38731,55828,35210,55828,1
35,10,258,R1C0,52-50,35210,-57470,35210,57470,35210,55828,1
35,11,258,R1C1,52-51,38731,-57470,38731,57470,35210,55828,1
34,12,259,R0C0,52-62,42252,-55828,42252,55828,42252,55828,1
34,13,259,R0C1,52-63,45773,-55828,45773,55828,42252,55828,1
35,12,259,R1C0,52-52,42252,-57470,42252,57470,42252,55828,1
35,13,259,R1C1,52-53,45773,-57470,45773,57470,42252,55828,1
34,14,260,R0C0,52-64,49294,-55828,49294,55828,49294,55828,1
34,15,260,R0C1,53-60,52815,-55828,52815,55828,49294,55828,1
35,14,260,R1C0,52-54,49294,-57470,49294,57470,49294,55828,1
35,15,260,R1C1,53-50,52815,-57470,52815,57470,49294,55828,1
34,16,261,R0C0,53-61,56336,-55828,56336,55828,56336,55828,1
34,17,261,R0C1,53-62,59857,-55828,59857,55828,56336,55828,1
35,16,261,R1C0,53-51,56336,-57470,56336,57470,56336,55828,1
35,17,261,R1C1,53-52,59857,-57470,59857,57470,56336,55828,1
34,18,262,R0C0,53-63,63378,-55828,63378,55828,63378,55828,1
34,19,262,R0C1,53-64,66899,-55828,66899,55828,63378,55828,1
35,18,262,R1C0,53-53,63378,-57470,63378,57470,63378,55828,1
35,19,262,R1C1,53-54,66899,-57470,66899,57470,63378,55828,1
34,20,263,R0C0,54-60,70420,-55828,70420,55828,70420,55828,1
34,21,263,R0C1,54-61,73941,-55828,73941,55828,70420,55828,1
35,20,263,R1C0,54-50,70420,-57470,70420,57470,70420,55828,1
35,21,263,R1C1,54-51,73941,-57470,73941,57470,70420,55828,1
34,22,264,R0C0,54-62,77462,-55828,77462,55828,77462,55828,1
34,23,264,R0C1,54-63,80983,-55828,80983,55828,77462,55828,1
35,22,264,R1C0,54-52,77462,-57470,77462,57470,77462,55828,1
35,23,264,R1C1,54-53,80983,-57470,80983,57470,77462,55828,1
34,24,265,R0C0,54-64,84504,-55828,84504,55828,84504,55828,1
34,25,265,R0C1,55-60,88025,-55828,88025,55828,84504,55828,1
35,24,265,R1C0,54-54,84504,-57470,84504,57470,84504,55828,1
35,25,265,R1C1,55-50,88025,-57470,88025,57470,84504,55828,1
34,26,266,R0C0,55-61,91546,-55828,91546,55828,91546,55828,1
34,27,266,R0C1,55-62,95067,-55828,95067,55828,91546,55828,1
35,26,266,R1C0,55-51,91546,-57470,91546,57470,91546,55828,1
35,27,266,R1C1,55-52,95067,-57470,95067,57470,91546,55828,1
34,28,267,R0C0,55-63,98588,-55828,98588,55828,98588,55828,1
34,29,267,R0C1,55-64,102109,-55828,102109,55828,98588,55828,1
35,28,267,R1C0,55-53,98588,-57470,98588,57470,98588,55828,1
35,29,267,R1C1,55-54,102109,-57470,102109,57470,98588,55828,1
34,30,268,R0C0,56-60,105630,-55828,105630,55828,105630,55828,1
34,31,268,R0C1,56-61,109151,-55828,109151,55828,105630,55828,1
35,30,268,R1C0,56-50,105630,-57470,105630,57470,105630,55828,1
35,31,268,R1C1,56-51,109151,-57470,109151,57470,105630,55828,1
34,32,269,R0C0,56-62,112672,-55828,112672,55828,112672,55828,1
34,33,269,R0C1,56-63,116193,-55828,116193,55828,112672,55828,1
35,32,269,R1C0,56-52,112672,-57470,112672,57470,112672,55828,1
35,33,269,R1C1,56-53,116193,-57470,116193,57470,112672,55828,1
34,34,270,R0C0,56-64,119714,-55828,119714,55828,119714,55828,1
34,35,270,R0C1,57-60,123235,-55828,123235,55828,119714,55828,1
35,34,270,R1C0,56-54,119714,-57470,119714,57470,119714,55828,1
35,35,270,R1C1,57-50,123235,-57470,123235,57470,119714,55828,1
34,36,271,R0C0,57-61,126756,-55828,126756,55828,126756,55828,1
34,37,271,R0C1,57-62,130277,-55828,130277,55828,126756,55828,1
35,36,271,R1C0,57-51,126756,-57470,126756,57470,126756,55828,1
35,37,271,R1C1,57-52,130277,-57470,130277,57470,126756,55828,1
34,38,272,R0C0,57-63,133798,-55828,133798,55828,133798,55828,1
34,39,272,R0C1,NA,137319,-55828,137319,55828,133798,55828,1
35,38,272,R1C0,57-53,133798,-57470,133798,57470,133798,55828,1
35,39,272,R1C1,NA,137319,-57470,137319,57470,133798,55828,1
36,0,273,R0C0,NA,0,-59112,0,59112,0,59112,1
36,1,273,R0C1,50-41,3521,-59112,3521,59112,0,59112,1
37,0,273,R1C0,NA,0,-60754,0,60754,0,59112,1
37,1,273,R1C1,50-31,3521,-60754,3521,60754,0,59112,1
36,2,274,R0C0,50-42,7042,-59112,7042,59112,7042,59112,1
36,3,274,R0C1,50-43,10563,-59112,10563,59112,7042,59112,1
37,2,274,R1C0,50-32,7042,-60754,7042,60754,7042,59112,1
37,3,274,R1C1,50-33,10563,-60754,10563,60754,7042,59112,1
36,4,275,R0C0,50-44,14084,-59112,14084,59112,14084,59112,1
36,5,275,R0C1,51-40,17605,-59112,17605,59112,14084,59112,1
37,4,275,R1C0,50-34,14084,-60754,14084,60754,14084,59112,1
37,5,275,R1C1,51-30,17605,-60754,17605,60754,14084,59112,1
36,6,276,R0C0,51-41,21126,-59112,21126,59112,21126,59112,1
36,7,276,R0C1,51-42,24647,-59112,24647,59112,21126,59112,1
37,6,276,R1C0,51-31,21126,-60754,21126,60754,21126,59112,1
37,7,276,R1C1,51-32,24647,-60754,24647,60754,21126,59112,1
36,8,277,R0C0,51-43,28168,-59112,28168,59112,28168,59112,1
36,9,277,R0C1,51-44,31689,-59112,31689,59112,28168,59112,1
37,8,277,R1C0,51-33,28168,-60754,28168,60754,28168,59112,1
37,9,277,R1C1,51-34,31689,-60754,31689,60754,28168,59112,1
36,10,278,R0C0,52-40,35210,-59112,35210,59112,35210,59112,1
36,11,278,R0C1,52-41,38731,-59112,38731,59112,35210,59112,1
37,10,278,R1C0,52-30,35210,-60754,35210,60754,35210,59112,1
37,11,278,R1C1,52-31,38731,-60754,38731,60754,35210,59112,1
36,12,279,R0C0,52-42,42252,-59112,42252,59112,42252,59112,1
36,13,279,R0C1,52-43,45773,-59112,45773,59112,42252,59112,1
37,12,279,R1C0,52-32,42252,-60754,42252,60754,42252,59112,1
37,13,279,R1C1,52-33,45773,-60754,45773,60754,42252,59112,1
36,14,280,R0C0,52-44,49294,-59112,49294,59112,49294,59112,1
36,15,280,R0C1,53-40,52815,-59112,52815,59112,49294,59112,1
37,14,280,R1C0,52-34,49294,-60754,49294,60754,49294,59112,1
37,15,280,R1C1,53-30,52815,-60754,52815,60754,49294,59112,1
36,16,281,R0C0,53-41,56336,-59112,56336,59112,56336,59112,1
36,17,281,R0C1,53-42,59857,-59112,59857,59112,56336,59112,1
37,16,281,R1C0,53-31,56336,-60754,56336,60754,56336,59112,1
37,17,281,R1C1,53-32,59857,-60754,59857,60754,56336,59112,1
36,18,282,R0C0,53-43,63378,-59112,63378,59112,63378,59112,1
36,19,282,R0C1,53-44,66899,-59112,66899,59112,63378,59112,1
37,18,282,R1C0,53-33,63378,-60754,63378,60754,63378,59112,1
37,19,282,R1C1,53-34,66899,-60754,66899,60754,63378,59112,1
36,20,283,R0C0,54-40,70420,-59112,70420,59112,70420,59112,1
36,21,283,R0C1,54-41,73941,-59112,73941,59112,70420,59112,1
37,20,283,R1C0,54-30,70420,-60754,70420,60754,70420,59112,1
37,21,283,R1C1,54-31,73941,-60754,73941,60754,70420,59112,1
36,22,284,R0C0,54-42,77462,-59112,77462,59112,77462,59112,1
36,23,284,R0C1,54-43,80983,-59112,80983,59112,77462,59112,1
37,22,284,R1C0,54-32,77462,-60754,77462,60754,77462,59112,1
37,23,284,R1C1,54-33,80983,-60754,80983,60754,77462,59112,1
36,24,285,R0C0,54-44,84504,-59112,84504,59112,84504,59112,1
36,25,285,R0C1,55-40,88025,-59112,88025,59112,84504,59112,1
37,24,285,R1C0,54-34,84504,-60754,84504,60754,84504,59112,1
37,25,285,R1C1,55-30,88025,-60754,88025,60754,84504,59112,1
36,26,286,R0C0,55-41,91546,-59112,91546,59112,91546,59112,1
36,27,286,R0C1,55-42,95067,-59112,95067,59112,91546,59112,1
37,26,286,R1C0,55-31,91546,-60754,91546,60754,91546,59112,1
37,27,286,R1C1,55-32,95067,-60754,95067,60754,91546,59112,1
36,28,287,R0C0,55-43,98588,-59112,98588,59112,98588,59112,1
36,29,287,R0C1,55-44,102109,-59112,102109,59112,98588,59112,1
37,28,287,R1C0,55-33,98588,-60754,98588,60754,98588,59112,1
37,29,287,R1C1,55-34,102109,-60754,102109,60754,98588,59112,1
36,30,288,R0C0,56-40,105630,-59112,105630,59112,105630,59112,1
36,31,288,R0C1,56-41,109151,-59112,109151,59112,105630,59112,1
37,30,288,R1C0,56-30,105630,-60754,105630,60754,105630,59112,1
37,31,288,R1C1,56-31,109151,-60754,109151,60754,105630,59112,1
36,32,289,R0C0,56-42,112672,-59112,112672,59112,112672,59112,1
36,33,289,R0C1,56-43,116193,-59112,116193,59112,112672,59112,1
37,32,289,R1C0,56-32,112672,-60754,112672,60754,112672,59112,1
37,33,289,R1C1,56-33,116193,-60754,116193,60754,112672,59112,1
36,34,290,R0C0,56-44,119714,-59112,119714,59112,119714,59112,1
36,35,290,R0C1,57-40,123235,-59112,123235,59112,119714,59112,1
37,34,290,R1C0,56-34,119714,-60754,119714,60754,119714,59112,1
37,35,290,R1C1,57-30,123235,-60754,123235,60754,119714,59112,1
36,36,291,R0C0,57-41,126756,-59112,126756,59112,126756,59112,1
36,37,291,R0C1,57-42,130277,-59112,130277,59112,126756,59112,1
37,36,291,R1C0,57-31,126756,-60754,126756,60754,126756,59112,1
37,37,291,R1C1,57-32,130277,-60754,130277,60754,126756,59112,1
36,38,292,R0C0,57-43,133798,-59112,133798,59112,133798,59112,1
36,39,292,R0C1,NA,137319,-59112,137319,59112,133798,59112,1
37,38,292,R1C0,57-33,133798,-60754,133798,60754,133798,59112,1
37,39,292,R1C1,NA,137319,-60754,137319,60754,133798,59112,1
38,0,293,R0C0,NA,0,-62396,0,62396,0,62396,1
38,1,293,R0C1,50-21,3521,-62396,3521,62396,0,62396,1
39,0,293,R1C0,NA,0,-64038,0,64038,0,62396,1
39,1,293,R1C1,50-11,3521,-64038,3521,64038,0,62396,1
38,2,294,R0C0,50-22,7042,-62396,7042,62396,7042,62396,1
38,3,294,R0C1,50-23,10563,-62396,10563,62396,7042,62396,1
39,2,294,R1C0,50-12,7042,-64038,7042,64038,7042,62396,1
39,3,294,R1C1,50-13,10563,-64038,10563,64038,7042,62396,1
38,4,295,R0C0,50-24,14084,-62396,14084,62396,14084,62396,1
38,5,295,R0C1,51-20,17605,-62396,17605,62396,14084,62396,1
39,4,295,R1C0,50-14,14084,-64038,14084,64038,14084,62396,1
39,5,295,R1C1,51-10,17605,-64038,17605,64038,14084,62396,1
38,6,296,R0C0,51-21,21126,-62396,21126,62396,21126,62396,1
38,7,296,R0C1,PCM,24647,-62396,24647,62396,21126,62396,1
39,6,296,R1C0,51-11,21126,-64038,21126,64038,21126,62396,1
39,7,296,R1C1,51-12,24647,-64038,24647,64038,21126,62396,1
38,8,297,R0C0,51-23,28168,-62396,28168,62396,28168,62396,1
38,9,297,R0C1,51-24,31689,-62396,31689,62396,28168,62396,1
39,8,297,R1C0,51-13,28168,-64038,28168,64038,28168,62396,1
39,9,297,R1C1,51-14,31689,-64038,31689,64038,28168,62396,1
38,10,298,R0C0,52-20,35210,-62396,35210,62396,35210,62396,1
38,11,298,R0C1,52-21,38731,-62396,38731,62396,35210,62396,1
39,10,298,R1C0,52-10,35210,-64038,35210,64038,35210,62396,1
39,11,298,R1C1,52-11,38731,-64038,38731,64038,35210,62396,1
38,12,299,R0C0,52-22,42252,-62396,42252,62396,42252,62396,1
38,13,299,R0C1,52-23,45773,-62396,45773,62396,42252,62396,1
39,12,299,R1C0,52-12,42252,-64038,42252,64038,42252,62396,1
39,13,299,R1C1,52-13,45773,-64038,45773,64038,42252,62396,1
38,14,300,R0C0,52-24,49294,-62396,49294,62396,49294,62396,1
38,15,300,R0C1,53-20,52815,-62396,52815,62396,49294,62396,1
39,14,300,R1C0,52-14,49294,-64038,49294,64038,49294,62396,1
39,15,300,R1C1,53-10,52815,-64038,52815,64038,49294,62396,1
38,16,301,R0C0,53-21,56336,-62396,56336,62396,56336,62396,1
38,17,301,R0C1,PCM,59857,-62396,59857,62396,56336,62396,1
39,16,301,R1C0,53-11,56336,-64038,56336,64038,56336,62396,1
39,17,301,R1C1,53-12,59857,-64038,59857,64038,56336,62396,1
38,18,302,R0C0,53-23,63378,-62396,63378,62396,63378,62396,1
38,19,302,R0C1,53-24,66899,-62396,66899,62396,63378,62396,1
39,18,302,R1C0,53-13,63378,-64038,63378,64038,63378,62396,1
39,19,302,R1C1,53-14,66899,-64038,66899,64038,63378,62396,1
38,20,303,R0C0,54-20,70420,-62396,70420,62396,70420,62396,1
38,21,303,R0C1,54-21,73941,-62396,73941,62396,70420,62396,1
39,20,303,R1C0,54-10,70420,-64038,70420,64038,70420,62396,1
39,21,303,R1C1,54-11,73941,-64038,73941,64038,70420,62396,1
38,22,304,R0C0,54-22,77462,-62396,77462,62396,77462,62396,1
38,23,304,R0C1,54-23,80983,-62396,80983,62396,77462,62396,1
39,22,304,R1C0,54-12,77462,-64038,77462,64038,77462,62396,1
39,23,304,R1C1,54-13,80983,-64038,80983,64038,77462,62396,1
38,24,305,R0C0,54-24,84504,-62396,84504,62396,84504,62396,1
38,25,305,R0C1,55-20,88025,-62396,88025,62396,84504,62396,1
39,24,305,R1C0,54-14,84504,-64038,84504,64038,84504,62396,1
39,25,305,R1C1,55-10,88025,-64038,88025,64038,84504,62396,1
38,26,306,R0C0,55-21,91546,-62396,91546,62396,91546,62396,1
38,27,306,R0C1,PCM,95067,-62396,95067,62396,91546,62396,1
39,26,306,R1C0,55-11,91546,-64038,91546,64038,91546,62396,1
39,27,306,R1C1,55-12,95067,-64038,95067,64038,91546,62396,1
38,28,307,R0C0,55-23,98588,-62396,98588,62396,98588,62396,1
38,29,307,R0C1,55-24,102109,-62396,102109,62396,98588,62396,1
39,28,307,R1C0,55-13,98588,-64038,98588,64038,98588,62396,1
39,29,307,R1C1,55-14,102109,-64038,102109,64038,98588,62396,1
38,30,308,R0C0,56-20,105630,-62396,105630,62396,105630,62396,1
38,31,308,R0C1,56-21,109151,-62396,109151,62396,105630,62396,1
39,30,308,R1C0,56-10,105630,-64038,105630,64038,105630,62396,1
39,31,308,R1C1,56-11,109151,-64038,109151,64038,105630,62396,1
38,32,309,R0C0,56-22,112672,-62396,112672,62396,112672,62396,1
38,33,309,R0C1,56-23,116193,-62396,116193,62396,112672,62396,1
39,32,309,R1C0,56-12,112672,-64038,112672,64038,112672,62396,1
39,33,309,R1C1,56-13,116193,-64038,116193,64038,112672,62396,1
38,34,310,R0C0,56-24,119714,-62396,119714,62396,119714,62396,1
38,35,310,R0C1,57-20,123235,-62396,123235,62396,119714,62396,1
39,34,310,R1C0,56-14,119714,-64038,119714,64038,119714,62396,1
39,35,310,R1C1,57-10,123235,-64038,123235,64038,119714,62396,1
38,36,311,R0C0,57-21,126756,-62396,126756,62396,126756,62396,1
38,37,311,R0C1,PCM,130277,-62396,130277,62396,126756,62396,1
39,36,311,R1C0,57-11,126756,-64038,126756,64038,126756,62396,1
39,37,311,R1C1,57-12,130277,-64038,130277,64038,126756,62396,1
38,38,312,R0C0,57-23,133798,-62396,133798,62396,133798,62396,1
38,39,312,R0C1,NA,137319,-62396,137319,62396,133798,62396,1
39,38,312,R1C0,57-13,133798,-64038,133798,64038,133798,62396,1
39,39,312,R1C1,NA,137319,-64038,137319,64038,133798,62396,1
40,0,313,R0C0,NA,0,-65680,0,65680,0,65680,1
40,1,313,R0C1,50-01,3521,-65680,3521,65680,0,65680,1
41,0,313,R1C0,NA,0,-67322,0,67322,0,65680,1
41,1,313,R1C1,40-71,3521,-67322,3521,67322,0,65680,1
40,2,314,R0C0,50-02,7042,-65680,7042,65680,7042,65680,1
40,3,314,R0C1,50-03,10563,-65680,10563,65680,7042,65680,1
41,2,314,R1C0,40-72,7042,-67322,7042,67322,7042,65680,1
41,3,314,R1C1,40-73,10563,-67322,10563,67322,7042,65680,1
40,4,315,R0C0,50-04,14084,-65680,14084,65680,14084,65680,1
40,5,315,R0C1,51-00,17605,-65680,17605,65680,14084,65680,1
41,4,315,R1C0,40-74,14084,-67322,14084,67322,14084,65680,1
41,5,315,R1C1,41-70,17605,-67322,17605,67322,14084,65680,1
40,6,316,R0C0,TARGET,21126,-65680,21126,65680,21126,65680,1
40,7,316,R0C1,TARGET,24647,-65680,24647,65680,21126,65680,1
41,6,316,R1C0,41-71,21126,-67322,21126,67322,21126,65680,1
41,7,316,R1C1,41-72,24647,-67322,24647,67322,21126,65680,1
40,8,317,R0C0,TARGET,28168,-65680,28168,65680,28168,65680,1
40,9,317,R0C1,51-04,31689,-65680,31689,65680,28168,65680,1
41,8,317,R1C0,41-73,28168,-67322,28168,67322,28168,65680,1
41,9,317,R1C1,41-74,31689,-67322,31689,67322,28168,65680,1
40,10,318,R0C0,52-00,35210,-65680,35210,65680,35210,65680,1
40,11,318,R0C1,52-01,38731,-65680,38731,65680,35210,65680,1
41,10,318,R1C0,42-70,35210,-67322,35210,67322,35210,65680,1
41,11,318,R1C1,42-71,38731,-67322,38731,67322,35210,65680,1
40,12,319,R0C0,52-02,42252,-65680,42252,65680,42252,65680,1
40,13,319,R0C1,52-03,45773,-65680,45773,65680,42252,65680,1
41,12,319,R1C0,42-72,42252,-67322,42252,67322,42252,65680,1
41,13,319,R1C1,42-73,45773,-67322,45773,67322,42252,65680,1
40,14,320,R0C0,52-04,49294,-65680,49294,65680,49294,65680,1
40,15,320,R0C1,53-00,52815,-65680,52815,65680,49294,65680,1
41,14,320,R1C0,42-74,49294,-67322,49294,67322,49294,65680,1
41,15,320,R1C1,43-70,52815,-67322,52815,67322,49294,65680,1
40,16,321,R0C0,53-01,56336,-65680,56336,65680,56336,65680,1
40,17,321,R0C1,53-02,59857,-65680,59857,65680,56336,65680,1
41,16,321,R1C0,43-71,56336,-67322,56336,67322,56336,65680,1
41,17,321,R1C1,43-72,59857,-67322,59857,67322,56336,65680,1
40,18,322,R0C0,53-03,63378,-65680,63378,65680,63378,65680,1
40,19,322,R0C1,53-04,66899,-65680,66899,65680,63378,65680,1
41,18,322,R1C0,43-73,63378,-67322,63378,67322,63378,65680,1
41,19,322,R1C1,43-74,66899,-67322,66899,67322,63378,65680,1
40,20,323,R0C0,54-00,70420,-65680,70420,65680,70420,65680,1
40,21,323,R0C1,54-01,73941,-65680,73941,65680,70420,65680,1
41,20,323,R1C0,44-70,70420,-67322,70420,67322,70420,65680,1
41,21,323,R1C1,44-71,73941,-67322,73941,67322,70420,65680,1
40,22,324,R0C0,54-02,77462,-65680,77462,65680,77462,65680,1
40,23,324,R0C1,54-03,80983,-65680,80983,65680,77462,65680,1
41,22,324,R1C0,44-72,77462,-67322,77462,67322,77462,65680,1
41,23,324,R1C1,44-73,80983,-67322,80983,67322,77462,65680,1
40,24,325,R0C0,54-04,84504,-65680,84504,65680,84504,65680,1
40,25,325,R0C1,55-00,88025,-65680,88025,65680,84504,65680,1
41,24,325,R1C0,44-74,84504,-67322,84504,67322,84504,65680,1
41,25,325,R1C1,45-70,88025,-67322,88025,67322,84504,65680,1
40,26,326,R0C0,55-01,91546,-65680,91546,65680,91546,65680,1
40,27,326,R0C1,55-02,95067,-65680,95067,65680,91546,65680,1
41,26,326,R1C0,45-71,91546,-67322,91546,67322,91546,65680,1
41,27,326,R1C1,45-72,95067,-67322,95067,67322,91546,65680,1
40,28,327,R0C0,55-03,98588,-65680,98588,65680,98588,65680,1
40,29,327,R0C1,55-04,102109,-65680,102109,65680,98588,65680,1
41,28,327,R1C0,45-73,98588,-67322,98588,67322,98588,65680,1
41,29,327,R1C1,45-74,102109,-67322,102109,67322,98588,65680,1
40,30,328,R0C0,56-00,105630,-65680,105630,65680,105630,65680,1
40,31,328,R0C1,TARGET,109151,-65680,109151,65680,105630,65680,1
41,30,328,R1C0,46-70,105630,-67322,105630,67322,105630,65680,1
41,31,328,R1C1,46-71,109151,-67322,109151,67322,105630,65680,1
40,32,329,R0C0,TARGET,112672,-65680,112672,65680,112672,65680,1
40,33,329,R0C1,TARGET,116193,-65680,116193,65680,112672,65680,1
41,32,329,R1C0,46-72,112672,-67322,112672,67322,112672,65680,1
41,33,329,R1C1,46-73,116193,-67322,116193,67322,112672,65680,1
40,34,330,R0C0,56-04,119714,-65680,119714,65680,119714,65680,1
40,35,330,R0C1,57-00,123235,-65680,123235,65680,119714,65680,1
41,34,330,R1C0,46-74,119714,-67322,119714,67322,119714,65680,1
41,35,330,R1C1,47-70,123235,-67322,123235,67322,119714,65680,1
40,36,331,R0C0,57-01,126756,-65680,126756,65680,126756,65680,1
40,37,331,R0C1,57-02,130277,-65680,130277,65680,126756,65680,1
41,36,331,R1C0,47-71,126756,-67322,126756,67322,126756,65680,1
41,37,331,R1C1,47-72,130277,-67322,130277,67322,126756,65680,1
40,38,332,R0C0,57-03,133798,-65680,133798,65680,133798,65680,1
40,39,332,R0C1,NA,137319,-65680,137319,65680,133798,65680,1
41,38,332,R1C0,47-73,133798,-67322,133798,67322,133798,65680,1
41,39,332,R1C1,NA,137319,-67322,137319,67322,133798,65680,1
42,0,333,R0C0,NA,0,-68964,0,68964,0,68964,1
42,1,333,R0C1,40-61,3521,-68964,3521,68964,0,68964,1
43,0,333,R1C0,NA,0,-70606,0,70606,0,68964,1
43,1,333,R1C1,40-51,3521,-70606,3521,70606,0,68964,1
42,2,334,R0C0,40-62,7042,-68964,7042,68964,7042,68964,1
42,3,334,R0C1,40-63,10563,-68964,10563,68964,7042,68964,1
43,2,334,R1C0,40-52,7042,-70606,7042,70606,7042,68964,1
43,3,334,R1C1,40-53,10563,-70606,10563,70606,7042,68964,1
42,4,335,R0C0,40-64,14084,-68964,14084,68964,14084,68964,1
42,5,335,R0C1,41-60,17605,-68964,17605,68964,14084,68964,1
43,4,335,R1C0,40-54,14084,-70606,14084,70606,14084,68964,1
43,5,335,R1C1,41-50,17605,-70606,17605,70606,14084,68964,1
42,6,336,R0C0,41-61,21126,-68964,21126,68964,21126,68964,1
42,7,336,R0C1,41-62,24647,-68964,24647,68964,21126,68964,1
43,6,336,R1C0,41-51,21126,-70606,21126,70606,21126,68964,1
43,7,336,R1C1,41-52,24647,-70606,24647,70606,21126,68964,1
42,8,337,R0C0,41-63,28168,-68964,28168,68964,28168,68964,1
42,9,337,R0C1,41-64,31689,-68964,31689,68964,28168,68964,1
43,8,337,R1C0,41-53,28168,-70606,28168,70606,28168,68964,1
43,9,337,R1C1,41-54,31689,-70606,31689,70606,28168,68964,1
42,10,338,R0C0,42-60,35210,-68964,35210,68964,35210,68964,1
42,11,338,R0C1,42-61,38731,-68964,38731,68964,35210,68964,1
43,10,338,R1C0,42-50,35210,-70606,35210,70606,35210,68964,1
43,11,338,R1C1,42-51,38731,-70606,38731,70606,35210,68964,1
42,12,339,R0C0,42-62,42252,-68964,42252,68964,42252,68964,1
42,13,339,R0C1,42-63,45773,-68964,45773,68964,42252,68964,1
43,12,339,R1C0,42-52,42252,-70606,42252,70606,42252,68964,1
43,13,339,R1C1,42-53,45773,-70606,45773,70606,42252,68964,1
42,14,340,R0C0,42-64,49294,-68964,49294,68964,49294,68964,1
42,15,340,R0C1,43-60,52815,-68964,52815,68964,49294,68964,1
43,14,340,R1C0,42-54,49294,-70606,49294,70606,49294,68964,1
43,15,340,R1C1,43-50,52815,-70606,52815,70606,49294,68964,1
42,16,341,R0C0,43-61,56336,-68964,56336,68964,56336,68964,1
42,17,341,R0C1,43-62,59857,-68964,59857,68964,56336,68964,1
43,16,341,R1C0,43-51,56336,-70606,56336,70606,56336,68964,1
43,17,341,R1C1,43-52,59857,-70606,59857,70606,56336,68964,1
42,18,342,R0C0,43-63,63378,-68964,63378,68964,63378,68964,1
42,19,342,R0C1,43-64,66899,-68964,66899,68964,63378,68964,1
43,18,342,R1C0,43-53,63378,-70606,63378,70606,63378,68964,1
43,19,342,R1C1,43-54,66899,-70606,66899,70606,63378,68964,1
42,20,343,R0C0,44-60,70420,-68964,70420,68964,70420,68964,1
42,21,343,R0C1,44-61,73941,-68964,73941,68964,70420,68964,1
43,20,343,R1C0,44-50,70420,-70606,70420,70606,70420,68964,1
43,21,343,R1C1,44-51,73941,-70606,73941,70606,70420,68964,1
42,22,344,R0C0,44-62,77462,-68964,77462,68964,77462,68964,1
42,23,344,R0C1,44-63,80983,-68964,80983,68964,77462,68964,1
43,22,344,R1C0,44-52,77462,-70606,77462,70606,77462,68964,1
43,23,344,R1C1,44-53,80983,-70606,80983,70606,77462,68964,1
42,24,345,R0C0,44-64,84504,-68964,84504,68964,84504,68964,1
42,25,345,R0C1,45-60,88025,-68964,88025,68964,84504,68964,1
43,24,345,R1C0,44-54,84504,-70606,84504,70606,84504,68964,1
43,25,345,R1C1,45-50,88025,-70606,88025,70606,84504,68964,1
42,26,346,R0C0,45-61,91546,-68964,91546,68964,91546,68964,1
42,27,346,R0C1,45-62,95067,-68964,95067,68964,91546,68964,1
43,26,346,R1C0,45-51,91546,-70606,91546,70606,91546,68964,1
43,27,346,R1C1,45-52,95067,-70606,95067,70606,91546,68964,1
42,28,347,R0C0,45-63,98588,-68964,98588,68964,98588,68964,1
42,29,347,R0C1,45-64,102109,-68964,102109,68964,98588,68964,1
43,28,347,R1C0,45-53,98588,-70606,98588,70606,98588,68964,1
43,29,347,R1C1,45-54,102109,-70606,102109,70606,98588,68964,1
42,30,348,R0C0,46-60,105630,-68964,105630,68964,105630,68964,1
42,31,348,R0C1,46-61,109151,-68964,109151,68964,105630,68964,1
43,30,348,R1C0,46-50,105630,-70606,105630,70606,105630,68964,1
43,31,348,R1C1,46-51,109151,-70606,109151,70606,105630,68964,1
42,32,349,R0C0,46-62,112672,-68964,112672,68964,112672,68964,1
42,33,349,R0C1,46-63,116193,-68964,116193,68964,112672,68964,1
43,32,349,R1C0,46-52,112672,-70606,112672,70606,112672,68964,1
43,33,349,R1C1,46-53,116193,-70606,116193,70606,112672,68964,1
42,34,350,R0C0,46-64,119714,-68964,119714,68964,119714,68964,1
42,35,350,R0C1,47-60,123235,-68964,123235,68964,119714,68964,1
43,34,350,R1C0,46-54,119714,-70606,119714,70606,119714,68964,1
43,35,350,R1C1,47-50,123235,-70606,123235,70606,119714,68964,1
42,36,351,R0C0,47-61,126756,-68964,126756,68964,126756,68964,1
42,37,351,R0C1,47-62,130277,-68964,130277,68964,126756,68964,1
43,36,351,R1C0,47-51,126756,-70606,126756,70606,126756,68964,1
43,37,351,R1C1,47-52,130277,-70606,130277,70606,126756,68964,1
42,38,352,R0C0,47-63,133798,-68964,133798,68964,133798,68964,1
42,39,352,R0C1,NA,137319,-68964,137319,68964,133798,68964,1
43,38,352,R1C0,47-53,133798,-70606,133798,70606,133798,68964,1
43,39,352,R1C1,NA,137319,-70606,137319,70606,133798,68964,1
44,0,353,R0C0,NA,0,-72248,0,72248,0,72248,1
44,1,353,R0C1,40-41,3521,-72248,3521,72248,0,72248,1
45,0,353,R1C0,NA,0,-73890,0,73890,0,72248,1
45,1,353,R1C1,40-31,3521,-73890,3521,73890,0,72248,1
44,2,354,R0C0,40-42,7042,-72248,7042,72248,7042,72248,1
44,3,354,R0C1,40-43,10563,-72248,10563,72248,7042,72248,1
45,2,354,R1C0,40-32,7042,-73890,7042,73890,7042,72248,1
45,3,354,R1C1,40-33,10563,-73890,10563,73890,7042,72248,1
44,4,355,R0C0,40-44,14084,-72248,14084,72248,14084,72248,1
44,5,355,R0C1,41-40,17605,-72248,17605,72248,14084,72248,1
45,4,355,R1C0,40-34,14084,-73890,14084,73890,14084,72248,1
45,5,355,R1C1,41-30,17605,-73890,17605,73890,14084,72248,1
44,6,356,R0C0,41-41,21126,-72248,21126,72248,21126,72248,1
44,7,356,R0C1,41-42,24647,-72248,24647,72248,21126,72248,1
45,6,356,R1C0,41-31,21126,-73890,21126,73890,21126,72248,1
45,7,356,R1C1,41-32,24647,-73890,24647,73890,21126,72248,1
44,8,357,R0C0,41-43,28168,-72248,28168,72248,28168,72248,1
44,9,357,R0C1,41-44,31689,-72248,31689,72248,28168,72248,1
45,8,357,R1C0,41-33,28168,-73890,28168,73890,28168,72248,1
45,9,357,R1C1,41-34,31689,-73890,31689,73890,28168,72248,1
44,10,358,R0C0,42-40,35210,-72248,35210,72248,35210,72248,1
44,11,358,R0C1,42-41,38731,-72248,38731,72248,35210,72248,1
45,10,358,R1C0,42-30,35210,-73890,35210,73890,35210,72248,1
45,11,358,R1C1,42-31,38731,-73890,38731,73890,35210,72248,1
44,12,359,R0C0,42-42,42252,-72248,42252,72248,42252,72248,1
44,13,359,R0C1,42-43,45773,-72248,45773,72248,42252,72248,1
45,12,359,R1C0,42-32,42252,-73890,42252,73890,42252,72248,1
45,13,359,R1C1,42-33,45773,-73890,45773,73890,42252,72248,1
44,14,360,R0C0,42-44,49294,-72248,49294,72248,49294,72248,1
44,15,360,R0C1,43-40,52815,-72248,52815,72248,49294,72248,1
45,14,360,R1C0,42-34,49294,-73890,49294,73890,49294,72248,1
45,15,360,R1C1,43-30,52815,-73890,52815,73890,49294,72248,1
44,16,361,R0C0,43-41,56336,-72248,56336,72248,56336,72248,1
44,17,361,R0C1,43-42,59857,-72248,59857,72248,56336,72248,1
45,16,361,R1C0,43-31,56336,-73890,56336,73890,56336,72248,1
45,17,361,R1C1,43-32,59857,-73890,59857,73890,56336,72248,1
44,18,362,R0C0,43-43,63378,-72248,63378,72248,63378,72248,1
44,19,362,R0C1,43-44,66899,-72248,66899,72248,63378,72248,1
45,18,362,R1C0,43-33,63378,-73890,63378,73890,63378,72248,1
45,19,362,R1C1,43-34,66899,-73890,66899,73890,63378,72248,1
44,20,363,R0C0,44-40,70420,-72248,70420,72248,70420,72248,1
44,21,363,R0C1,44-41,73941,-72248,73941,72248,70420,72248,1
45,20,363,R1C0,44-30,70420,-73890,70420,73890,70420,72248,1
45,21,363,R1C1,44-31,73941,-73890,73941,73890,70420,72248,1
44,22,364,R0C0,44-42,77462,-72248,77462,72248,77462,72248,1
44,23,364,R0C1,44-43,80983,-72248,80983,72248,77462,72248,1
45,22,364,R1C0,44-32,77462,-73890,77462,73890,77462,72248,1
45,23,364,R1C1,44-33,80983,-73890,80983,73890,77462,72248,1
44,24,365,R0C0,44-44,84504,-72248,84504,72248,84504,72248,1
44,25,365,R0C1,45-40,88025,-72248,88025,72248,84504,72248,1
45,24,365,R1C0,44-34,84504,-73890,84504,73890,84504,72248,1
45,25,365,R1C1,45-30,88025,-73890,88025,73890,84504,72248,1
44,26,366,R0C0,45-41,91546,-72248,91546,72248,91546,72248,1
44,27,366,R0C1,45-42,95067,-72248,95067,72248,91546,72248,1
45,26,366,R1C0,45-31,91546,-73890,91546,73890,91546,72248,1
45,27,366,R1C1,45-32,95067,-73890,95067,73890,91546,72248,1
44,28,367,R0C0,45-43,98588,-72248,98588,72248,98588,72248,1
44,29,367,R0C1,45-44,102109,-72248,102109,72248,98588,72248,1
45,28,367,R1C0,45-33,98588,-73890,98588,73890,98588,72248,1
45,29,367,R1C1,45-34,102109,-73890,102109,73890,98588,72248,1
44,30,368,R0C0,46-40,105630,-72248,105630,72248,105630,72248,1
44,31,368,R0C1,46-41,109151,-72248,109151,72248,105630,72248,1
45,30,368,R1C0,46-30,105630,-73890,105630,73890,105630,72248,1
45,31,368,R1C1,46-31,109151,-73890,109151,73890,105630,72248,1
44,32,369,R0C0,46-42,112672,-72248,112672,72248,112672,72248,1
44,33,369,R0C1,46-43,116193,-72248,116193,72248,112672,72248,1
45,32,369,R1C0,46-32,112672,-73890,112672,73890,112672,72248,1
45,33,369,R1C1,46-33,116193,-73890,116193,73890,112672,72248,1
44,34,370,R0C0,46-44,119714,-72248,119714,72248,119714,72248,1
44,35,370,R0C1,47-40,123235,-72248,123235,72248,119714,72248,1
45,34,370,R1C0,46-34,119714,-73890,119714,73890,119714,72248,1
45,35,370,R1C1,47-30,123235,-73890,123235,73890,119714,72248,1
44,36,371,R0C0,47-41,126756,-72248,126756,72248,126756,72248,1
44,37,371,R0C1,47-42,130277,-72248,130277,72248,126756,72248,1
45,36,371,R1C0,47-31,126756,-73890,126756,73890,126756,72248,1
45,37,371,R1C1,47-32,130277,-73890,130277,73890,126756,72248,1
44,38,372,R0C0,47-43,133798,-72248,133798,72248,133798,72248,1
44,39,372,R0C1,NA,137319,-72248,137319,72248,133798,72248,1
45,38,372,R1C0,47-33,133798,-73890,133798,73890,133798,72248,1
45,39,372,R1C1,NA,137319,-73890,137319,73890,133798,72248,1
46,0,373,R0C0,NA,0,-75532,0,75532,0,75532,1
46,1,373,R0C1,40-21,3521,-75532,3521,75532,0,75532,1
47,0,373,R1C0,NA,0,-77174,0,77174,0,75532,1
47,1,373,R1C1,40-11,3521,-77174,3521,77174,0,75532,1
46,2,374,R0C0,40-22,7042,-75532,7042,75532,7042,75532,1
46,3,374,R0C1,40-23,10563,-75532,10563,75532,7042,75532,1
47,2,374,R1C0,40-12,7042,-77174,7042,77174,7042,75532,1
47,3,374,R1C1,40-13,10563,-77174,10563,77174,7042,75532,1
46,4,375,R0C0,40-24,14084,-75532,14084,75532,14084,75532,1
46,5,375,R0C1,41-20,17605,-75532,17605,75532,14084,75532,1
47,4,375,R1C0,40-14,14084,-77174,14084,77174,14084,75532,1
47,5,375,R1C1,41-10,17605,-77174,17605,77174,14084,75532,1
46,6,376,R0C0,41-21,21126,-75532,21126,75532,21126,75532,1
46,7,376,R0C1,41-22,24647,-75532,24647,75532,21126,75532,1
47,6,376,R1C0,41-11,21126,-77174,21126,77174,21126,75532,1
47,7,376,R1C1,41-12,24647,-77174,24647,77174,21126,75532,1
46,8,377,R0C0,41-23,28168,-75532,28168,75532,28168,75532,1
46,9,377,R0C1,41-24,31689,-75532,31689,75532,28168,75532,1
47,8,377,R1C0,41-13,28168,-77174,28168,77174,28168,75532,1
47,9,377,R1C1,41-14,31689,-77174,31689,77174,28168,75532,1
46,10,378,R0C0,42-20,35210,-75532,35210,75532,35210,75532,1
46,11,378,R0C1,42-21,38731,-75532,38731,75532,35210,75532,1
47,10,378,R1C0,42-10,35210,-77174,35210,77174,35210,75532,1
47,11,378,R1C1,42-11,38731,-77174,38731,77174,35210,75532,1
46,12,379,R0C0,42-22,42252,-75532,42252,75532,42252,75532,1
46,13,379,R0C1,42-23,45773,-75532,45773,75532,42252,75532,1
47,12,379,R1C0,42-12,42252,-77174,42252,77174,42252,75532,1
47,13,379,R1C1,42-13,45773,-77174,45773,77174,42252,75532,1
46,14,380,R0C0,42-24,49294,-75532,49294,75532,49294,75532,1
46,15,380,R0C1,43-20,52815,-75532,52815,75532,49294,75532,1
47,14,380,R1C0,42-14,49294,-77174,49294,77174,49294,75532,1
47,15,380,R1C1,43-10,52815,-77174,52815,77174,49294,75532,1
46,16,381,R0C0,43-21,56336,-75532,56336,75532,56336,75532,1
46,17,381,R0C1,43-22,59857,-75532,59857,75532,56336,75532,1
47,16,381,R1C0,43-11,56336,-77174,56336,77174,56336,75532,1
47,17,381,R1C1,43-12,59857,-77174,59857,77174,56336,75532,1
46,18,382,R0C0,43-23,63378,-75532,63378,75532,63378,75532,1
46,19,382,R0C1,43-24,66899,-75532,66899,75532,63378,75532,1
47,18,382,R1C0,43-13,63378,-77174,63378,77174,63378,75532,1
47,19,382,R1C1,43-14,66899,-77174,66899,77174,63378,75532,1
46,20,383,R0C0,44-20,70420,-75532,70420,75532,70420,75532,1
46,21,383,R0C1,44-21,73941,-75532,73941,75532,70420,75532,1
47,20,383,R1C0,44-10,70420,-77174,70420,77174,70420,75532,1
47,21,383,R1C1,44-11,73941,-77174,73941,77174,70420,75532,1
46,22,384,R0C0,44-22,77462,-75532,77462,75532,77462,75532,1
46,23,384,R0C1,44-23,80983,-75532,80983,75532,77462,75532,1
47,22,384,R1C0,44-12,77462,-77174,77462,77174,77462,75532,1
47,23,384,R1C1,44-13,80983,-77174,80983,77174,77462,75532,1
46,24,385,R0C0,44-24,84504,-75532,84504,75532,84504,75532,1
46,25,385,R0C1,45-20,88025,-75532,88025,75532,84504,75532,1
47,24,385,R1C0,44-14,84504,-77174,84504,77174,84504,75532,1
47,25,385,R1C1,45-10,88025,-77174,88025,77174,84504,75532,1
46,26,386,R0C0,45-21,91546,-75532,91546,75532,91546,75532,1
46,27,386,R0C1,45-22,95067,-75532,95067,75532,91546,75532,1
47,26,386,R1C0,45-11,91546,-77174,91546,77174,91546,75532,1
47,27,386,R1C1,45-12,95067,-77174,95067,77174,91546,75532,1
46,28,387,R0C0,45-23,98588,-75532,98588,75532,98588,75532,1
46,29,387,R0C1,45-24,102109,-75532,102109,75532,98588,75532,1
47,28,387,R1C0,45-13,98588,-77174,98588,77174,98588,75532,1
47,29,387,R1C1,45-14,102109,-77174,102109,77174,98588,75532,1
46,30,388,R0C0,46-20,105630,-75532,105630,75532,105630,75532,1
46,31,388,R0C1,46-21,109151,-75532,109151,75532,105630,75532,1
47,30,388,R1C0,46-10,105630,-77174,105630,77174,105630,75532,1
47,31,388,R1C1,46-11,109151,-77174,109151,77174,105630,75532,1
46,32,389,R0C0,46-22,112672,-75532,112672,75532,112672,75532,1
46,33,389,R0C1,46-23,116193,-75532,116193,75532,112672,75532,1
47,32,389,R1C0,46-12,112672,-77174,112672,77174,112672,75532,1
47,33,389,R1C1,46-13,116193,-77174,116193,77174,112672,75532,1
46,34,390,R0C0,46-24,119714,-75532,119714,75532,119714,75532,1
46,35,390,R0C1,47-20,123235,-75532,123235,75532,119714,75532,1
47,34,390,R1C0,46-14,119714,-77174,119714,77174,119714,75532,1
47,35,390,R1C1,47-10,123235,-77174,123235,77174,119714,75532,1
46,36,391,R0C0,47-21,126756,-75532,126756,75532,126756,75532,1
46,37,391,R0C1,47-22,130277,-75532,130277,75532,126756,75532,1
47,36,391,R1C0,47-11,126756,-77174,126756,77174,126756,75532,1
47,37,391,R1C1,47-12,130277,-77174,130277,77174,126756,75532,1
46,38,392,R0C0,47-23,133798,-75532,133798,75532,133798,75532,1
46,39,392,R0C1,NA,137319,-75532,137319,75532,133798,75532,1
47,38,392,R1C0,47-13,133798,-77174,133798,77174,133798,75532,1
47,39,392,R1C1,NA,137319,-77174,137319,77174,133798,75532,1
48,2,393,R0C0,40-02,7042,-78816,7042,78816,7042,78816,1
48,3,393,R0C1,40-03,10563,-78816,10563,78816,7042,78816,1
49,2,393,R1C0,30-72,7042,-80458,7042,80458,7042,78816,1
49,3,393,R1C1,30-73,10563,-80458,10563,80458,7042,78816,1
48,4,394,R0C0,40-04,14084,-78816,14084,78816,14084,78816,1
48,5,394,R0C1,41-00,17605,-78816,17605,78816,14084,78816,1
49,4,394,R1C0,30-74,14084,-80458,14084,80458,14084,78816,1
49,5,394,R1C1,31-70,17605,-80458,17605,80458,14084,78816,1
48,6,395,R0C0,41-01,21126,-78816,21126,78816,21126,78816,1
48,7,395,R0C1,41-02,24647,-78816,24647,78816,21126,78816,1
49,6,395,R1C0,31-71,21126,-80458,21126,80458,21126,78816,1
49,7,395,R1C1,31-72,24647,-80458,24647,80458,21126,78816,1
48,8,396,R0C0,41-03,28168,-78816,28168,78816,28168,78816,1
48,9,396,R0C1,41-04,31689,-78816,31689,78816,28168,78816,1
49,8,396,R1C0,31-73,28168,-80458,28168,80458,28168,78816,1
49,9,396,R1C1,31-74,31689,-80458,31689,80458,28168,78816,1
48,10,397,R0C0,42-00,35210,-78816,35210,78816,35210,78816,1
48,11,397,R0C1,42-01,38731,-78816,38731,78816,35210,78816,1
49,10,397,R1C0,32-70,35210,-80458,35210,80458,35210,78816,1
49,11,397,R1C1,32-71,38731,-80458,38731,80458,35210,78816,1
48,12,398,R0C0,42-02,42252,-78816,42252,78816,42252,78816,1
48,13,398,R0C1,42-03,45773,-78816,45773,78816,42252,78816,1
49,12,398,R1C0,32-72,42252,-80458,42252,80458,42252,78816,1
49,13,398,R1C1,32-73,45773,-80458,45773,80458,42252,78816,1
48,14,399,R0C0,42-04,49294,-78816,49294,78816,49294,78816,1
48,15,399,R0C1,43-00,52815,-78816,52815,78816,49294,78816,1
49,14,399,R1C0,32-74,49294,-80458,49294,80458,49294,78816,1
49,15,399,R1C1,33-70,52815,-80458,52815,80458,49294,78816,1
48,16,400,R0C0,43-01,56336,-78816,56336,78816,56336,78816,1
48,17,400,R0C1,43-02,59857,-78816,59857,78816,56336,78816,1
49,16,400,R1C0,33-71,56336,-80458,56336,80458,56336,78816,1
49,17,400,R1C1,33-72,59857,-80458,59857,80458,56336,78816,1
48,18,401,R0C0,43-03,63378,-78816,63378,78816,63378,78816,1
48,19,401,R0C1,43-04,66899,-78816,66899,78816,63378,78816,1
49,18,401,R1C0,33-73,63378,-80458,63378,80458,63378,78816,1
49,19,401,R1C1,33-74,66899,-80458,66899,80458,63378,78816,1
48,20,402,R0C0,44-00,70420,-78816,70420,78816,70420,78816,1
48,21,402,R0C1,44-01,73941,-78816,73941,78816,70420,78816,1
49,20,402,R1C0,34-70,70420,-80458,70420,80458,70420,78816,1
49,21,402,R1C1,34-71,73941,-80458,73941,80458,70420,78816,1
48,22,403,R0C0,44-02,77462,-78816,77462,78816,77462,78816,1
48,23,403,R0C1,44-03,80983,-78816,80983,78816,77462,78816,1
49,22,403,R1C0,34-72,77462,-80458,77462,80458,77462,78816,1
49,23,403,R1C1,34-73,80983,-80458,80983,80458,77462,78816,1
48,24,404,R0C0,44-04,84504,-78816,84504,78816,84504,78816,1
48,25,404,R0C1,45-00,88025,-78816,88025,78816,84504,78816,1
49,24,404,R1C0,34-74,84504,-80458,84504,80458,84504,78816,1
49,25,404,R1C1,35-70,88025,-80458,88025,80458,84504,78816,1
48,26,405,R0C0,45-01,91546,-78816,91546,78816,91546,78816,1
48,27,405,R0C1,45-02,95067,-78816,95067,78816,91546,78816,1
49,26,405,R1C0,35-71,91546,-80458,91546,80458,91546,78816,1
49,27,405,R1C1,35-72,95067,-80458,95067,80458,91546,78816,1
48,28,406,R0C0,45-03,98588,-78816,98588,78816,98588,78816,1
48,29,406,R0C1,45-04,102109,-78816,102109,78816,98588,78816,1
49,28,406,R1C0,35-73,98588,-80458,98588,80458,98588,78816,1
49,29,406,R1C1,35-74,102109,-80458,102109,80458,98588,78816,1
48,30,407,R0C0,46-00,105630,-78816,105630,78816,105630,78816,1
48,31,407,R0C1,46-01,109151,-78816,109151,78816,105630,78816,1
49,30,407,R1C0,36-70,105630,-80458,105630,80458,105630,78816,1
49,31,407,R1C1,36-71,109151,-80458,109151,80458,105630,78816,1
48,32,408,R0C0,46-02,112672,-78816,112672,78816,112672,78816,1
48,33,408,R0C1,46-03,116193,-78816,116193,78816,112672,78816,1
49,32,408,R1C0,36-72,112672,-80458,112672,80458,112672,78816,1
49,33,408,R1C1,36-73,116193,-80458,116193,80458,112672,78816,1
48,34,409,R0C0,46-04,119714,-78816,119714,78816,119714,78816,1
48,35,409,R0C1,47-00,123235,-78816,123235,78816,119714,78816,1
49,34,409,R1C0,36-74,119714,-80458,119714,80458,119714,78816,1
49,35,409,R1C1,37-70,123235,-80458,123235,80458,119714,78816,1
48,36,410,R0C0,47-01,126756,-78816,126756,78816,126756,78816,1
48,37,410,R0C1,47-02,130277,-78816,130277,78816,126756,78816,1
49,36,410,R1C0,37-71,126756,-80458,126756,80458,126756,78816,1
49,37,410,R1C1,37-72,130277,-80458,130277,80458,126756,78816,1
50,2,411,R0C0,30-62,7042,-82100,7042,82100,7042,82100,1
50,3,411,R0C1,30-63,10563,-82100,10563,82100,7042,82100,1
51,2,411,R1C0,30-52,7042,-83742,7042,83742,7042,82100,1
51,3,411,R1C1,30-53,10563,-83742,10563,83742,7042,82100,1
50,4,412,R0C0,30-64,14084,-82100,14084,82100,14084,82100,1
50,5,412,R0C1,31-60,17605,-82100,17605,82100,14084,82100,1
51,4,412,R1C0,30-54,14084,-83742,14084,83742,14084,82100,1
51,5,412,R1C1,31-50,17605,-83742,17605,83742,14084,82100,1
50,6,413,R0C0,31-61,21126,-82100,21126,82100,21126,82100,1
50,7,413,R0C1,PCM,24647,-82100,24647,82100,21126,82100,1
51,6,413,R1C0,31-51,21126,-83742,21126,83742,21126,82100,1
51,7,413,R1C1,31-52,24647,-83742,24647,83742,21126,82100,1
50,8,414,R0C0,31-63,28168,-82100,28168,82100,28168,82100,1
50,9,414,R0C1,31-64,31689,-82100,31689,82100,28168,82100,1
51,8,414,R1C0,31-53,28168,-83742,28168,83742,28168,82100,1
51,9,414,R1C1,31-54,31689,-83742,31689,83742,28168,82100,1
50,10,415,R0C0,32-60,35210,-82100,35210,82100,35210,82100,1
50,11,415,R0C1,32-61,38731,-82100,38731,82100,35210,82100,1
51,10,415,R1C0,32-50,35210,-83742,35210,83742,35210,82100,1
51,11,415,R1C1,32-51,38731,-83742,38731,83742,35210,82100,1
50,12,416,R0C0,32-62,42252,-82100,42252,82100,42252,82100,1
50,13,416,R0C1,32-63,45773,-82100,45773,82100,42252,82100,1
51,12,416,R1C0,32-52,42252,-83742,42252,83742,42252,82100,1
51,13,416,R1C1,32-53,45773,-83742,45773,83742,42252,82100,1
50,14,417,R0C0,32-64,49294,-82100,49294,82100,49294,82100,1
50,15,417,R0C1,33-60,52815,-82100,52815,82100,49294,82100,1
51,14,417,R1C0,32-54,49294,-83742,49294,83742,49294,82100,1
51,15,417,R1C1,33-50,52815,-83742,52815,83742,49294,82100,1
50,16,418,R0C0,33-61,56336,-82100,56336,82100,56336,82100,1
50,17,418,R0C1,PCM,59857,-82100,59857,82100,56336,82100,1
51,16,418,R1C0,33-51,56336,-83742,56336,83742,56336,82100,1
51,17,418,R1C1,33-52,59857,-83742,59857,83742,56336,82100,1
50,18,419,R0C0,33-63,63378,-82100,63378,82100,63378,82100,1
50,19,419,R0C1,33-64,66899,-82100,66899,82100,63378,82100,1
51,18,419,R1C0,33-53,63378,-83742,63378,83742,63378,82100,1
51,19,419,R1C1,33-54,66899,-83742,66899,83742,63378,82100,1
50,20,420,R0C0,34-60,70420,-82100,70420,82100,70420,82100,1
50,21,420,R0C1,34-61,73941,-82100,73941,82100,70420,82100,1
51,20,420,R1C0,34-50,70420,-83742,70420,83742,70420,82100,1
51,21,420,R1C1,34-51,73941,-83742,73941,83742,70420,82100,1
50,22,421,R0C0,34-62,77462,-82100,77462,82100,77462,82100,1
50,23,421,R0C1,34-63,80983,-82100,80983,82100,77462,82100,1
51,22,421,R1C0,34-52,77462,-83742,77462,83742,77462,82100,1
51,23,421,R1C1,34-53,80983,-83742,80983,83742,77462,82100,1
50,24,422,R0C0,34-64,84504,-82100,84504,82100,84504,82100,1
50,25,422,R0C1,35-60,88025,-82100,88025,82100,84504,82100,1
51,24,422,R1C0,34-54,84504,-83742,84504,83742,84504,82100,1
51,25,422,R1C1,35-50,88025,-83742,88025,83742,84504,82100,1
50,26,423,R0C0,35-61,91546,-82100,91546,82100,91546,82100,1
50,27,423,R0C1,PCM,95067,-82100,95067,82100,91546,82100,1
51,26,423,R1C0,35-51,91546,-83742,91546,83742,91546,82100,1
51,27,423,R1C1,35-52,95067,-83742,95067,83742,91546,82100,1
50,28,424,R0C0,35-63,98588,-82100,98588,82100,98588,82100,1
50,29,424,R0C1,35-64,102109,-82100,102109,82100,98588,82100,1
51,28,424,R1C0,35-53,98588,-83742,98588,83742,98588,82100,1
51,29,424,R1C1,35-54,102109,-83742,102109,83742,98588,82100,1
50,30,425,R0C0,36-60,105630,-82100,105630,82100,105630,82100,1
50,31,425,R0C1,36-61,109151,-82100,109151,82100,105630,82100,1
51,30,425,R1C0,36-50,105630,-83742,105630,83742,105630,82100,1
51,31,425,R1C1,36-51,109151,-83742,109151,83742,105630,82100,1
50,32,426,R0C0,36-62,112672,-82100,112672,82100,112672,82100,1
50,33,426,R0C1,36-63,116193,-82100,116193,82100,112672,82100,1
51,32,426,R1C0,36-52,112672,-83742,112672,83742,112672,82100,1
51,33,426,R1C1,36-53,116193,-83742,116193,83742,112672,82100,1
50,34,427,R0C0,36-64,119714,-82100,119714,82100,119714,82100,1
50,35,427,R0C1,37-60,123235,-82100,123235,82100,119714,82100,1
51,34,427,R1C0,36-54,119714,-83742,119714,83742,119714,82100,1
51,35,427,R1C1,37-50,123235,-83742,123235,83742,119714,82100,1
50,36,428,R0C0,37-61,126756,-82100,126756,82100,126756,82100,1
50,37,428,R0C1,PCM,130277,-82100,130277,82100,126756,82100,1
51,36,428,R1C0,37-51,126756,-83742,126756,83742,126756,82100,1
51,37,428,R1C1,37-52,130277,-83742,130277,83742,126756,82100,1
52,2,429,R0C0,30-42,7042,-85384,7042,85384,7042,85384,1
52,3,429,R0C1,30-43,10563,-85384,10563,85384,7042,85384,1
53,2,429,R1C0,30-32,7042,-87026,7042,87026,7042,85384,1
53,3,429,R1C1,30-33,10563,-87026,10563,87026,7042,85384,1
52,4,430,R0C0,30-44,14084,-85384,14084,85384,14084,85384,1
52,5,430,R0C1,31-40,17605,-85384,17605,85384,14084,85384,1
53,4,430,R1C0,30-34,14084,-87026,14084,87026,14084,85384,1
53,5,430,R1C1,31-30,17605,-87026,17605,87026,14084,85384,1
52,6,431,R0C0,31-41,21126,-85384,21126,85384,21126,85384,1
52,7,431,R0C1,31-42,24647,-85384,24647,85384,21126,85384,1
53,6,431,R1C0,31-31,21126,-87026,21126,87026,21126,85384,1
53,7,431,R1C1,31-32,24647,-87026,24647,87026,21126,85384,1
52,8,432,R0C0,31-43,28168,-85384,28168,85384,28168,85384,1
52,9,432,R0C1,31-44,31689,-85384,31689,85384,28168,85384,1
53,8,432,R1C0,31-33,28168,-87026,28168,87026,28168,85384,1
53,9,432,R1C1,31-34,31689,-87026,31689,87026,28168,85384,1
52,10,433,R0C0,32-40,35210,-85384,35210,85384,35210,85384,1
52,11,433,R0C1,32-41,38731,-85384,38731,85384,35210,85384,1
53,10,433,R1C0,32-30,35210,-87026,35210,87026,35210,85384,1
53,11,433,R1C1,32-31,38731,-87026,38731,87026,35210,85384,1
52,12,434,R0C0,32-42,42252,-85384,42252,85384,42252,85384,1
52,13,434,R0C1,32-43,45773,-85384,45773,85384,42252,85384,1
53,12,434,R1C0,32-32,42252,-87026,42252,87026,42252,85384,1
53,13,434,R1C1,32-33,45773,-87026,45773,87026,42252,85384,1
52,14,435,R0C0,32-44,49294,-85384,49294,85384,49294,85384,1
52,15,435,R0C1,33-40,52815,-85384,52815,85384,49294,85384,1
53,14,435,R1C0,32-34,49294,-87026,49294,87026,49294,85384,1
53,15,435,R1C1,33-30,52815,-87026,52815,87026,49294,85384,1
52,16,436,R0C0,33-41,56336,-85384,56336,85384,56336,85384,1
52,17,436,R0C1,33-42,59857,-85384,59857,85384,56336,85384,1
53,16,436,R1C0,33-31,56336,-87026,56336,87026,56336,85384,1
53,17,436,R1C1,33-32,59857,-87026,59857,87026,56336,85384,1
52,18,437,R0C0,33-43,63378,-85384,63378,85384,63378,85384,1
52,19,437,R0C1,33-44,66899,-85384,66899,85384,63378,85384,1
53,18,437,R1C0,33-33,63378,-87026,63378,87026,63378,85384,1
53,19,437,R1C1,33-34,66899,-87026,66899,87026,63378,85384,1
52,20,438,R0C0,34-40,70420,-85384,70420,85384,70420,85384,1
52,21,438,R0C1,34-41,73941,-85384,73941,85384,70420,85384,1
53,20,438,R1C0,34-30,70420,-87026,70420,87026,70420,85384,1
53,21,438,R1C1,34-31,73941,-87026,73941,87026,70420,85384,1
52,22,439,R0C0,34-42,77462,-85384,77462,85384,77462,85384,1
52,23,439,R0C1,34-43,80983,-85384,80983,85384,77462,85384,1
53,22,439,R1C0,34-32,77462,-87026,77462,87026,77462,85384,1
53,23,439,R1C1,34-33,80983,-87026,80983,87026,77462,85384,1
52,24,440,R0C0,34-44,84504,-85384,84504,85384,84504,85384,1
52,25,440,R0C1,35-40,88025,-85384,88025,85384,84504,85384,1
53,24,440,R1C0,34-34,84504,-87026,84504,87026,84504,85384,1
53,25,440,R1C1,35-30,88025,-87026,88025,87026,84504,85384,1
52,26,441,R0C0,35-41,91546,-85384,91546,85384,91546,85384,1
52,27,441,R0C1,35-42,95067,-85384,95067,85384,91546,85384,1
53,26,441,R1C0,35-31,91546,-87026,91546,87026,91546,85384,1
53,27,441,R1C1,35-32,95067,-87026,95067,87026,91546,85384,1
52,28,442,R0C0,35-43,98588,-85384,98588,85384,98588,85384,1
52,29,442,R0C1,35-44,102109,-85384,102109,85384,98588,85384,1
53,28,442,R1C0,35-33,98588,-87026,98588,87026,98588,85384,1
53,29,442,R1C1,35-34,102109,-87026,102109,87026,98588,85384,1
52,30,443,R0C0,36-40,105630,-85384,105630,85384,105630,85384,1
52,31,443,R0C1,36-41,109151,-85384,109151,85384,105630,85384,1
53,30,443,R1C0,36-30,105630,-87026,105630,87026,105630,85384,1
53,31,443,R1C1,36-31,109151,-87026,109151,87026,105630,85384,1
52,32,444,R0C0,36-42,112672,-85384,112672,85384,112672,85384,1
52,33,444,R0C1,36-43,116193,-85384,116193,85384,112672,85384,1
53,32,444,R1C0,36-32,112672,-87026,112672,87026,112672,85384,1
53,33,444,R1C1,36-33,116193,-87026,116193,87026,112672,85384,1
52,34,445,R0C0,36-44,119714,-85384,119714,85384,119714,85384,1
52,35,445,R0C1,37-40,123235,-85384,123235,85384,119714,85384,1
53,34,445,R1C0,36-34,119714,-87026,119714,87026,119714,85384,1
53,35,445,R1C1,37-30,123235,-87026,123235,87026,119714,85384,1
52,36,446,R0C0,37-41,126756,-85384,126756,85384,126756,85384,1
52,37,446,R0C1,37-42,130277,-85384,130277,85384,126756,85384,1
53,36,446,R1C0,37-31,126756,-87026,126756,87026,126756,85384,1
53,37,446,R1C1,37-32,130277,-87026,130277,87026,126756,85384,1
54,2,447,R0C0,30-22,7042,-88668,7042,88668,7042,88668,1
54,3,447,R0C1,30-23,10563,-88668,10563,88668,7042,88668,1
55,2,447,R1C0,30-12,7042,-90310,7042,90310,7042,88668,1
55,3,447,R1C1,30-13,10563,-90310,10563,90310,7042,88668,1
54,4,448,R0C0,30-24,14084,-88668,14084,88668,14084,88668,1
54,5,448,R0C1,31-20,17605,-88668,17605,88668,14084,88668,1
55,4,448,R1C0,30-14,14084,-90310,14084,90310,14084,88668,1
55,5,448,R1C1,31-10,17605,-90310,17605,90310,14084,88668,1
54,6,449,R0C0,31-21,21126,-88668,21126,88668,21126,88668,1
54,7,449,R0C1,31-22,24647,-88668,24647,88668,21126,88668,1
55,6,449,R1C0,31-11,21126,-90310,21126,90310,21126,88668,1
55,7,449,R1C1,31-12,24647,-90310,24647,90310,21126,88668,1
54,8,450,R0C0,31-23,28168,-88668,28168,88668,28168,88668,1
54,9,450,R0C1,31-24,31689,-88668,31689,88668,28168,88668,1
55,8,450,R1C0,31-13,28168,-90310,28168,90310,28168,88668,1
55,9,450,R1C1,31-14,31689,-90310,31689,90310,28168,88668,1
54,10,451,R0C0,32-20,35210,-88668,35210,88668,35210,88668,1
54,11,451,R0C1,32-21,38731,-88668,38731,88668,35210,88668,1
55,10,451,R1C0,32-10,35210,-90310,35210,90310,35210,88668,1
55,11,451,R1C1,32-11,38731,-90310,38731,90310,35210,88668,1
54,12,452,R0C0,32-22,42252,-88668,42252,88668,42252,88668,1
54,13,452,R0C1,32-23,45773,-88668,45773,88668,42252,88668,1
55,12,452,R1C0,32-12,42252,-90310,42252,90310,42252,88668,1
55,13,452,R1C1,32-13,45773,-90310,45773,90310,42252,88668,1
54,14,453,R0C0,32-24,49294,-88668,49294,88668,49294,88668,1
54,15,453,R0C1,33-20,52815,-88668,52815,88668,49294,88668,1
55,14,453,R1C0,32-14,49294,-90310,49294,90310,49294,88668,1
55,15,453,R1C1,33-10,52815,-90310,52815,90310,49294,88668,1
54,16,454,R0C0,33-21,56336,-88668,56336,88668,56336,88668,1
54,17,454,R0C1,33-22,59857,-88668,59857,88668,56336,88668,1
55,16,454,R1C0,33-11,56336,-90310,56336,90310,56336,88668,1
55,17,454,R1C1,33-12,59857,-90310,59857,90310,56336,88668,1
54,18,455,R0C0,33-23,63378,-88668,63378,88668,63378,88668,1
54,19,455,R0C1,33-24,66899,-88668,66899,88668,63378,88668,1
55,18,455,R1C0,33-13,63378,-90310,63378,90310,63378,88668,1
55,19,455,R1C1,33-14,66899,-90310,66899,90310,63378,88668,1
54,20,456,R0C0,34-20,70420,-88668,70420,88668,70420,88668,1
54,21,456,R0C1,34-21,73941,-88668,73941,88668,70420,88668,1
55,20,456,R1C0,34-10,70420,-90310,70420,90310,70420,88668,1
55,21,456,R1C1,34-11,73941,-90310,73941,90310,70420,88668,1
54,22,457,R0C0,34-22,77462,-88668,77462,88668,77462,88668,1
54,23,457,R0C1,34-23,80983,-88668,80983,88668,77462,88668,1
55,22,457,R1C0,34-12,77462,-90310,77462,90310,77462,88668,1
55,23,457,R1C1,34-13,80983,-90310,80983,90310,77462,88668,1
54,24,458,R0C0,34-24,84504,-88668,84504,88668,84504,88668,1
54,25,458,R0C1,35-20,88025,-88668,88025,88668,84504,88668,1
55,24,458,R1C0,34-14,84504,-90310,84504,90310,84504,88668,1
55,25,458,R1C1,35-10,88025,-90310,88025,90310,84504,88668,1
54,26,459,R0C0,35-21,91546,-88668,91546,88668,91546,88668,1
54,27,459,R0C1,35-22,95067,-88668,95067,88668,91546,88668,1
55,26,459,R1C0,35-11,91546,-90310,91546,90310,91546,88668,1
55,27,459,R1C1,35-12,95067,-90310,95067,90310,91546,88668,1
54,28,460,R0C0,35-23,98588,-88668,98588,88668,98588,88668,1
54,29,460,R0C1,35-24,102109,-88668,102109,88668,98588,88668,1
55,28,460,R1C0,35-13,98588,-90310,98588,90310,98588,88668,1
55,29,460,R1C1,35-14,102109,-90310,102109,90310,98588,88668,1
54,30,461,R0C0,36-20,105630,-88668,105630,88668,105630,88668,1
54,31,461,R0C1,36-21,109151,-88668,109151,88668,105630,88668,1
55,30,461,R1C0,36-10,105630,-90310,105630,90310,105630,88668,1
55,31,461,R1C1,36-11,109151,-90310,109151,90310,105630,88668,1
54,32,462,R0C0,36-22,112672,-88668,112672,88668,112672,88668,1
54,33,462,R0C1,36-23,116193,-88668,116193,88668,112672,88668,1
55,32,462,R1C0,36-12,112672,-90310,112672,90310,112672,88668,1
55,33,462,R1C1,36-13,116193,-90310,116193,90310,112672,88668,1
54,34,463,R0C0,36-24,119714,-88668,119714,88668,119714,88668,1
54,35,463,R0C1,37-20,123235,-88668,123235,88668,119714,88668,1
55,34,463,R1C0,36-14,119714,-90310,119714,90310,119714,88668,1
55,35,463,R1C1,37-10,123235,-90310,123235,90310,119714,88668,1
54,36,464,R0C0,37-21,126756,-88668,126756,88668,126756,88668,1
54,37,464,R0C1,37-22,130277,-88668,130277,88668,126756,88668,1
55,36,464,R1C0,37-11,126756,-90310,126756,90310,126756,88668,1
55,37,464,R1C1,37-12,130277,-90310,130277,90310,126756,88668,1
56,2,465,R0C0,NA,7042,-91952,7042,91952,7042,91952,1
56,3,465,R0C1,30-03,10563,-91952,10563,91952,7042,91952,1
57,2,465,R1C0,NA,7042,-93594,7042,93594,7042,91952,1
57,3,465,R1C1,20-73,10563,-93594,10563,93594,7042,91952,1
56,4,466,R0C0,30-04,14084,-91952,14084,91952,14084,91952,1
56,5,466,R0C1,31-00,17605,-91952,17605,91952,14084,91952,1
57,4,466,R1C0,20-74,14084,-93594,14084,93594,14084,91952,1
57,5,466,R1C1,21-70,17605,-93594,17605,93594,14084,91952,1
56,6,467,R0C0,31-01,21126,-91952,21126,91952,21126,91952,1
56,7,467,R0C1,31-02,24647,-91952,24647,91952,21126,91952,1
57,6,467,R1C0,21-71,21126,-93594,21126,93594,21126,91952,1
57,7,467,R1C1,21-72,24647,-93594,24647,93594,21126,91952,1
56,8,468,R0C0,31-03,28168,-91952,28168,91952,28168,91952,1
56,9,468,R0C1,31-04,31689,-91952,31689,91952,28168,91952,1
57,8,468,R1C0,21-73,28168,-93594,28168,93594,28168,91952,1
57,9,468,R1C1,21-74,31689,-93594,31689,93594,28168,91952,1
56,10,469,R0C0,32-00,35210,-91952,35210,91952,35210,91952,1
56,11,469,R0C1,32-01,38731,-91952,38731,91952,35210,91952,1
57,10,469,R1C0,22-70,35210,-93594,35210,93594,35210,91952,1
57,11,469,R1C1,22-71,38731,-93594,38731,93594,35210,91952,1
56,12,470,R0C0,32-02,42252,-91952,42252,91952,42252,91952,1
56,13,470,R0C1,32-03,45773,-91952,45773,91952,42252,91952,1
57,12,470,R1C0,22-72,42252,-93594,42252,93594,42252,91952,1
57,13,470,R1C1,22-73,45773,-93594,45773,93594,42252,91952,1
56,14,471,R0C0,32-04,49294,-91952,49294,91952,49294,91952,1
56,15,471,R0C1,33-00,52815,-91952,52815,91952,49294,91952,1
57,14,471,R1C0,22-74,49294,-93594,49294,93594,49294,91952,1
57,15,471,R1C1,23-70,52815,-93594,52815,93594,49294,91952,1
56,16,472,R0C0,33-01,56336,-91952,56336,91952,56336,91952,1
56,17,472,R0C1,33-02,59857,-91952,59857,91952,56336,91952,1
57,16,472,R1C0,23-71,56336,-93594,56336,93594,56336,91952,1
57,17,472,R1C1,23-72,59857,-93594,59857,93594,56336,91952,1
56,18,473,R0C0,33-03,63378,-91952,63378,91952,63378,91952,1
56,19,473,R0C1,33-04,66899,-91952,66899,91952,63378,91952,1
57,18,473,R1C0,23-73,63378,-93594,63378,93594,63378,91952,1
57,19,473,R1C1,23-74,66899,-93594,66899,93594,63378,91952,1
56,20,474,R0C0,34-00,70420,-91952,70420,91952,70420,91952,1
56,21,474,R0C1,34-01,73941,-91952,73941,91952,70420,91952,1
57,20,474,R1C0,24-70,70420,-93594,70420,93594,70420,91952,1
57,21,474,R1C1,24-71,73941,-93594,73941,93594,70420,91952,1
56,22,475,R0C0,34-02,77462,-91952,77462,91952,77462,91952,1
56,23,475,R0C1,34-03,80983,-91952,80983,91952,77462,91952,1
57,22,475,R1C0,24-72,77462,-93594,77462,93594,77462,91952,1
57,23,475,R1C1,24-73,80983,-93594,80983,93594,77462,91952,1
56,24,476,R0C0,34-04,84504,-91952,84504,91952,84504,91952,1
56,25,476,R0C1,35-00,88025,-91952,88025,91952,84504,91952,1
57,24,476,R1C0,24-74,84504,-93594,84504,93594,84504,91952,1
57,25,476,R1C1,25-70,88025,-93594,88025,93594,84504,91952,1
56,26,477,R0C0,35-01,91546,-91952,91546,91952,91546,91952,1
56,27,477,R0C1,35-02,95067,-91952,95067,91952,91546,91952,1
57,26,477,R1C0,25-71,91546,-93594,91546,93594,91546,91952,1
57,27,477,R1C1,25-72,95067,-93594,95067,93594,91546,91952,1
56,28,478,R0C0,35-03,98588,-91952,98588,91952,98588,91952,1
56,29,478,R0C1,35-04,102109,-91952,102109,91952,98588,91952,1
57,28,478,R1C0,25-73,98588,-93594,98588,93594,98588,91952,1
57,29,478,R1C1,25-74,102109,-93594,102109,93594,98588,91952,1
56,30,479,R0C0,36-00,105630,-91952,105630,91952,105630,91952,1
56,31,479,R0C1,36-01,109151,-91952,109151,91952,105630,91952,1
57,30,479,R1C0,26-70,105630,-93594,105630,93594,105630,91952,1
57,31,479,R1C1,26-71,109151,-93594,109151,93594,105630,91952,1
56,32,480,R0C0,36-02,112672,-91952,112672,91952,112672,91952,1
56,33,480,R0C1,36-03,116193,-91952,116193,91952,112672,91952,1
57,32,480,R1C0,26-72,112672,-93594,112672,93594,112672,91952,1
57,33,480,R1C1,26-73,116193,-93594,116193,93594,112672,91952,1
56,34,481,R0C0,36-04,119714,-91952,119714,91952,119714,91952,1
56,35,481,R0C1,37-00,123235,-91952,123235,91952,119714,91952,1
57,34,481,R1C0,26-74,119714,-93594,119714,93594,119714,91952,1
57,35,481,R1C1,27-70,123235,-93594,123235,93594,119714,91952,1
56,36,482,R0C0,37-01,126756,-91952,126756,91952,126756,91952,1
56,37,482,R0C1,NA,130277,-91952,130277,91952,126756,91952,1
57,36,482,R1C0,27-71,126756,-93594,126756,93594,126756,91952,1
57,37,482,R1C1,NA,130277,-93594,130277,93594,126756,91952,1
58,2,483,R0C0,NA,7042,-95236,7042,95236,7042,95236,1
58,3,483,R0C1,20-63,10563,-95236,10563,95236,7042,95236,1
59,2,483,R1C0,NA,7042,-96878,7042,96878,7042,95236,1
59,3,483,R1C1,20-53,10563,-96878,10563,96878,7042,95236,1
58,4,484,R0C0,20-64,14084,-95236,14084,95236,14084,95236,1
58,5,484,R0C1,21-60,17605,-95236,17605,95236,14084,95236,1
59,4,484,R1C0,20-54,14084,-96878,14084,96878,14084,95236,1
59,5,484,R1C1,21-50,17605,-96878,17605,96878,14084,95236,1
58,6,485,R0C0,21-61,21126,-95236,21126,95236,21126,95236,1
58,7,485,R0C1,21-62,24647,-95236,24647,95236,21126,95236,1
59,6,485,R1C0,21-51,21126,-96878,21126,96878,21126,95236,1
59,7,485,R1C1,21-52,24647,-96878,24647,96878,21126,95236,1
58,8,486,R0C0,21-63,28168,-95236,28168,95236,28168,95236,1
58,9,486,R0C1,21-64,31689,-95236,31689,95236,28168,95236,1
59,8,486,R1C0,21-53,28168,-96878,28168,96878,28168,95236,1
59,9,486,R1C1,21-54,31689,-96878,31689,96878,28168,95236,1
58,10,487,R0C0,22-60,35210,-95236,35210,95236,35210,95236,1
58,11,487,R0C1,22-61,38731,-95236,38731,95236,35210,95236,1
59,10,487,R1C0,22-50,35210,-96878,35210,96878,35210,95236,1
59,11,487,R1C1,22-51,38731,-96878,38731,96878,35210,95236,1
58,12,488,R0C0,22-62,42252,-95236,42252,95236,42252,95236,1
58,13,488,R0C1,22-63,45773,-95236,45773,95236,42252,95236,1
59,12,488,R1C0,22-52,42252,-96878,42252,96878,42252,95236,1
59,13,488,R1C1,22-53,45773,-96878,45773,96878,42252,95236,1
58,14,489,R0C0,22-64,49294,-95236,49294,95236,49294,95236,1
58,15,489,R0C1,23-60,52815,-95236,52815,95236,49294,95236,1
59,14,489,R1C0,22-54,49294,-96878,49294,96878,49294,95236,1
59,15,489,R1C1,23-50,52815,-96878,52815,96878,49294,95236,1
58,16,490,R0C0,23-61,56336,-95236,56336,95236,56336,95236,1
58,17,490,R0C1,23-62,59857,-95236,59857,95236,56336,95236,1
59,16,490,R1C0,23-51,56336,-96878,56336,96878,56336,95236,1
59,17,490,R1C1,23-52,59857,-96878,59857,96878,56336,95236,1
58,18,491,R0C0,23-63,63378,-95236,63378,95236,63378,95236,1
58,19,491,R0C1,23-64,66899,-95236,66899,95236,63378,95236,1
59,18,491,R1C0,23-53,63378,-96878,63378,96878,63378,95236,1
59,19,491,R1C1,23-54,66899,-96878,66899,96878,63378,95236,1
58,20,492,R0C0,24-60,70420,-95236,70420,95236,70420,95236,1
58,21,492,R0C1,24-61,73941,-95236,73941,95236,70420,95236,1
59,20,492,R1C0,24-50,70420,-96878,70420,96878,70420,95236,1
59,21,492,R1C1,24-51,73941,-96878,73941,96878,70420,95236,1
58,22,493,R0C0,24-62,77462,-95236,77462,95236,77462,95236,1
58,23,493,R0C1,24-63,80983,-95236,80983,95236,77462,95236,1
59,22,493,R1C0,24-52,77462,-96878,77462,96878,77462,95236,1
59,23,493,R1C1,24-53,80983,-96878,80983,96878,77462,95236,1
58,24,494,R0C0,24-64,84504,-95236,84504,95236,84504,95236,1
58,25,494,R0C1,25-60,88025,-95236,88025,95236,84504,95236,1
59,24,494,R1C0,24-54,84504,-96878,84504,96878,84504,95236,1
59,25,494,R1C1,25-50,88025,-96878,88025,96878,84504,95236,1
58,26,495,R0C0,25-61,91546,-95236,91546,95236,91546,95236,1
58,27,495,R0C1,25-62,95067,-95236,95067,95236,91546,95236,1
59,26,495,R1C0,25-51,91546,-96878,91546,96878,91546,95236,1
59,27,495,R1C1,25-52,95067,-96878,95067,96878,91546,95236,1
58,28,496,R0C0,25-63,98588,-95236,98588,95236,98588,95236,1
58,29,496,R0C1,25-64,102109,-95236,102109,95236,98588,95236,1
59,28,496,R1C0,25-53,98588,-96878,98588,96878,98588,95236,1
59,29,496,R1C1,25-54,102109,-96878,102109,96878,98588,95236,1
58,30,497,R0C0,26-60,105630,-95236,105630,95236,105630,95236,1
58,31,497,R0C1,26-61,109151,-95236,109151,95236,105630,95236,1
59,30,497,R1C0,26-50,105630,-96878,105630,96878,105630,95236,1
59,31,497,R1C1,26-51,109151,-96878,109151,96878,105630,95236,1
58,32,498,R0C0,26-62,112672,-95236,112672,95236,112672,95236,1
58,33,498,R0C1,26-63,116193,-95236,116193,95236,112672,95236,1
59,32,498,R1C0,26-52,112672,-96878,112672,96878,112672,95236,1
59,33,498,R1C1,26-53,116193,-96878,116193,96878,112672,95236,1
58,34,499,R0C0,26-64,119714,-95236,119714,95236,119714,95236,1
58,35,499,R0C1,27-60,123235,-95236,123235,95236,119714,95236,1
59,34,499,R1C0,26-54,119714,-96878,119714,96878,119714,95236,1
59,35,499,R1C1,27-50,123235,-96878,123235,96878,119714,95236,1
58,36,500,R0C0,27-61,126756,-95236,126756,95236,126756,95236,1
58,37,500,R0C1,NA,130277,-95236,130277,95236,126756,95236,1
59,36,500,R1C0,27-51,126756,-96878,126756,96878,126756,95236,1
59,37,500,R1C1,NA,130277,-96878,130277,96878,126756,95236,1
60,4,501,R0C0,20-44,14084,-98520,14084,98520,14084,98520,1
60,5,501,R0C1,21-40,17605,-98520,17605,98520,14084,98520,1
61,4,501,R1C0,20-34,14084,-100162,14084,100162,14084,98520,1
61,5,501,R1C1,21-30,17605,-100162,17605,100162,14084,98520,1
60,6,502,R0C0,21-41,21126,-98520,21126,98520,21126,98520,1
60,7,502,R0C1,21-42,24647,-98520,24647,98520,21126,98520,1
61,6,502,R1C0,21-31,21126,-100162,21126,100162,21126,98520,1
61,7,502,R1C1,21-32,24647,-100162,24647,100162,21126,98520,1
60,8,503,R0C0,21-43,28168,-98520,28168,98520,28168,98520,1
60,9,503,R0C1,21-44,31689,-98520,31689,98520,28168,98520,1
61,8,503,R1C0,21-33,28168,-100162,28168,100162,28168,98520,1
61,9,503,R1C1,21-34,31689,-100162,31689,100162,28168,98520,1
60,10,504,R0C0,22-40,35210,-98520,35210,98520,35210,98520,1
60,11,504,R0C1,22-41,38731,-98520,38731,98520,35210,98520,1
61,10,504,R1C0,22-30,35210,-100162,35210,100162,35210,98520,1
61,11,504,R1C1,22-31,38731,-100162,38731,100162,35210,98520,1
60,12,505,R0C0,22-42,42252,-98520,42252,98520,42252,98520,1
60,13,505,R0C1,22-43,45773,-98520,45773,98520,42252,98520,1
61,12,505,R1C0,22-32,42252,-100162,42252,100162,42252,98520,1
61,13,505,R1C1,22-33,45773,-100162,45773,100162,42252,98520,1
60,14,506,R0C0,22-44,49294,-98520,49294,98520,49294,98520,1
60,15,506,R0C1,23-40,52815,-98520,52815,98520,49294,98520,1
61,14,506,R1C0,22-34,49294,-100162,49294,100162,49294,98520,1
61,15,506,R1C1,23-30,52815,-100162,52815,100162,49294,98520,1
60,16,507,R0C0,23-41,56336,-98520,56336,98520,56336,98520,1
60,17,507,R0C1,23-42,59857,-98520,59857,98520,56336,98520,1
61,16,507,R1C0,23-31,56336,-100162,56336,100162,56336,98520,1
61,17,507,R1C1,23-32,59857,-100162,59857,100162,56336,98520,1
60,18,508,R0C0,23-43,63378,-98520,63378,98520,63378,98520,1
60,19,508,R0C1,23-44,66899,-98520,66899,98520,63378,98520,1
61,18,508,R1C0,23-33,63378,-100162,63378,100162,63378,98520,1
61,19,508,R1C1,23-34,66899,-100162,66899,100162,63378,98520,1
60,20,509,R0C0,24-40,70420,-98520,70420,98520,70420,98520,1
60,21,509,R0C1,24-41,73941,-98520,73941,98520,70420,98520,1
61,20,509,R1C0,24-30,70420,-100162,70420,100162,70420,98520,1
61,21,509,R1C1,24-31,73941,-100162,73941,100162,70420,98520,1
60,22,510,R0C0,24-42,77462,-98520,77462,98520,77462,98520,1
60,23,510,R0C1,24-43,80983,-98520,80983,98520,77462,98520,1
61,22,510,R1C0,24-32,77462,-100162,77462,100162,77462,98520,1
61,23,510,R1C1,24-33,80983,-100162,80983,100162,77462,98520,1
60,24,511,R0C0,24-44,84504,-98520,84504,98520,84504,98520,1
60,25,511,R0C1,25-40,88025,-98520,88025,98520,84504,98520,1
61,24,511,R1C0,24-34,84504,-100162,84504,100162,84504,98520,1
61,25,511,R1C1,25-30,88025,-100162,88025,100162,84504,98520,1
60,26,512,R0C0,25-41,91546,-98520,91546,98520,91546,98520,1
60,27,512,R0C1,25-42,95067,-98520,95067,98520,91546,98520,1
61,26,512,R1C0,25-31,91546,-100162,91546,100162,91546,98520,1
61,27,512,R1C1,25-32,95067,-100162,95067,100162,91546,98520,1
60,28,513,R0C0,25-43,98588,-98520,98588,98520,98588,98520,1
60,29,513,R0C1,25-44,102109,-98520,102109,98520,98588,98520,1
61,28,513,R1C0,25-33,98588,-100162,98588,100162,98588,98520,1
61,29,513,R1C1,25-34,102109,-100162,102109,100162,98588,98520,1
60,30,514,R0C0,26-40,105630,-98520,105630,98520,105630,98520,1
60,31,514,R0C1,26-41,109151,-98520,109151,98520,105630,98520,1
61,30,514,R1C0,26-30,105630,-100162,105630,100162,105630,98520,1
61,31,514,R1C1,26-31,109151,-100162,109151,100162,105630,98520,1
60,32,515,R0C0,26-42,112672,-98520,112672,98520,112672,98520,1
60,33,515,R0C1,26-43,116193,-98520,116193,98520,112672,98520,1
61,32,515,R1C0,26-32,112672,-100162,112672,100162,112672,98520,1
61,33,515,R1C1,26-33,116193,-100162,116193,100162,112672,98520,1
60,34,516,R0C0,26-44,119714,-98520,119714,98520,119714,98520,1
60,35,516,R0C1,27-40,123235,-98520,123235,98520,119714,98520,1
61,34,516,R1C0,26-34,119714,-100162,119714,100162,119714,98520,1
61,35,516,R1C1,27-30,123235,-100162,123235,100162,119714,98520,1
62,4,517,R0C0,20-24,14084,-101804,14084,101804,14084,101804,1
62,5,517,R0C1,21-20,17605,-101804,17605,101804,14084,101804,1
63,4,517,R1C0,20-14,14084,-103446,14084,103446,14084,101804,1
63,5,517,R1C1,21-10,17605,-103446,17605,103446,14084,101804,1
62,6,518,R0C0,21-21,21126,-101804,21126,101804,21126,101804,1
62,7,518,R0C1,PCM,24647,-101804,24647,101804,21126,101804,1
63,6,518,R1C0,21-11,21126,-103446,21126,103446,21126,101804,1
63,7,518,R1C1,21-12,24647,-103446,24647,103446,21126,101804,1
62,8,519,R0C0,21-23,28168,-101804,28168,101804,28168,101804,1
62,9,519,R0C1,21-24,31689,-101804,31689,101804,28168,101804,1
63,8,519,R1C0,21-13,28168,-103446,28168,103446,28168,101804,1
63,9,519,R1C1,21-14,31689,-103446,31689,103446,28168,101804,1
62,10,520,R0C0,22-20,35210,-101804,35210,101804,35210,101804,1
62,11,520,R0C1,22-21,38731,-101804,38731,101804,35210,101804,1
63,10,520,R1C0,22-10,35210,-103446,35210,103446,35210,101804,1
63,11,520,R1C1,22-11,38731,-103446,38731,103446,35210,101804,1
62,12,521,R0C0,22-22,42252,-101804,42252,101804,42252,101804,1
62,13,521,R0C1,22-23,45773,-101804,45773,101804,42252,101804,1
63,12,521,R1C0,22-12,42252,-103446,42252,103446,42252,101804,1
63,13,521,R1C1,22-13,45773,-103446,45773,103446,42252,101804,1
62,14,522,R0C0,22-24,49294,-101804,49294,101804,49294,101804,1
62,15,522,R0C1,23-20,52815,-101804,52815,101804,49294,101804,1
63,14,522,R1C0,22-14,49294,-103446,49294,103446,49294,101804,1
63,15,522,R1C1,23-10,52815,-103446,52815,103446,49294,101804,1
62,16,523,R0C0,23-21,56336,-101804,56336,101804,56336,101804,1
62,17,523,R0C1,PCM,59857,-101804,59857,101804,56336,101804,1
63,16,523,R1C0,23-11,56336,-103446,56336,103446,56336,101804,1
63,17,523,R1C1,23-12,59857,-103446,59857,103446,56336,101804,1
62,18,524,R0C0,23-23,63378,-101804,63378,101804,63378,101804,1
62,19,524,R0C1,23-24,66899,-101804,66899,101804,63378,101804,1
63,18,524,R1C0,23-13,63378,-103446,63378,103446,63378,101804,1
63,19,524,R1C1,23-14,66899,-103446,66899,103446,63378,101804,1
62,20,525,R0C0,24-20,70420,-101804,70420,101804,70420,101804,1
62,21,525,R0C1,24-21,73941,-101804,73941,101804,70420,101804,1
63,20,525,R1C0,24-10,70420,-103446,70420,103446,70420,101804,1
63,21,525,R1C1,24-11,73941,-103446,73941,103446,70420,101804,1
62,22,526,R0C0,24-22,77462,-101804,77462,101804,77462,101804,1
62,23,526,R0C1,24-23,80983,-101804,80983,101804,77462,101804,1
63,22,526,R1C0,24-12,77462,-103446,77462,103446,77462,101804,1
63,23,526,R1C1,24-13,80983,-103446,80983,103446,77462,101804,1
62,24,527,R0C0,24-24,84504,-101804,84504,101804,84504,101804,1
62,25,527,R0C1,25-20,88025,-101804,88025,101804,84504,101804,1
63,24,527,R1C0,24-14,84504,-103446,84504,103446,84504,101804,1
63,25,527,R1C1,25-10,88025,-103446,88025,103446,84504,101804,1
62,26,528,R0C0,25-21,91546,-101804,91546,101804,91546,101804,1
62,27,528,R0C1,PCM,95067,-101804,95067,101804,91546,101804,1
63,26,528,R1C0,25-11,91546,-103446,91546,103446,91546,101804,1
63,27,528,R1C1,25-12,95067,-103446,95067,103446,91546,101804,1
62,28,529,R0C0,25-23,98588,-101804,98588,101804,98588,101804,1
62,29,529,R0C1,25-24,102109,-101804,102109,101804,98588,101804,1
63,28,529,R1C0,25-13,98588,-103446,98588,103446,98588,101804,1
63,29,529,R1C1,25-14,102109,-103446,102109,103446,98588,101804,1
62,30,530,R0C0,26-20,105630,-101804,105630,101804,105630,101804,1
62,31,530,R0C1,26-21,109151,-101804,109151,101804,105630,101804,1
63,30,530,R1C0,26-10,105630,-103446,105630,103446,105630,101804,1
63,31,530,R1C1,26-11,109151,-103446,109151,103446,105630,101804,1
62,32,531,R0C0,26-22,112672,-101804,112672,101804,112672,101804,1
62,33,531,R0C1,26-23,116193,-101804,116193,101804,112672,101804,1
63,32,531,R1C0,26-12,112672,-103446,112672,103446,112672,101804,1
63,33,531,R1C1,26-13,116193,-103446,116193,103446,112672,101804,1
62,34,532,R0C0,26-24,119714,-101804,119714,101804,119714,101804,1
62,35,532,R0C1,27-20,123235,-101804,123235,101804,119714,101804,1
63,34,532,R1C0,26-14,119714,-103446,119714,103446,119714,101804,1
63,35,532,R1C1,27-10,123235,-103446,123235,103446,119714,101804,1
64,4,533,R0C0,NA,14084,-105088,14084,105088,14084,105088,1
64,5,533,R0C1,21-00,17605,-105088,17605,105088,14084,105088,1
65,4,533,R1C0,NA,14084,-106730,14084,106730,14084,105088,1
65,5,533,R1C1,11-70,17605,-106730,17605,106730,14084,105088,1
64,6,534,R0C0,21-01,21126,-105088,21126,105088,21126,105088,1
64,7,534,R0C1,21-02,24647,-105088,24647,105088,21126,105088,1
65,6,534,R1C0,11-71,21126,-106730,21126,106730,21126,105088,1
65,7,534,R1C1,11-72,24647,-106730,24647,106730,21126,105088,1
64,8,535,R0C0,21-03,28168,-105088,28168,105088,28168,105088,1
64,9,535,R0C1,21-04,31689,-105088,31689,105088,28168,105088,1
65,8,535,R1C0,11-73,28168,-106730,28168,106730,28168,105088,1
65,9,535,R1C1,11-74,31689,-106730,31689,106730,28168,105088,1
64,10,536,R0C0,22-00,35210,-105088,35210,105088,35210,105088,1
64,11,536,R0C1,22-01,38731,-105088,38731,105088,35210,105088,1
65,10,536,R1C0,12-70,35210,-106730,35210,106730,35210,105088,1
65,11,536,R1C1,12-71,38731,-106730,38731,106730,35210,105088,1
64,12,537,R0C0,22-02,42252,-105088,42252,105088,42252,105088,1
64,13,537,R0C1,22-03,45773,-105088,45773,105088,42252,105088,1
65,12,537,R1C0,12-72,42252,-106730,42252,106730,42252,105088,1
65,13,537,R1C1,12-73,45773,-106730,45773,106730,42252,105088,1
64,14,538,R0C0,22-04,49294,-105088,49294,105088,49294,105088,1
64,15,538,R0C1,23-00,52815,-105088,52815,105088,49294,105088,1
65,14,538,R1C0,12-74,49294,-106730,49294,106730,49294,105088,1
65,15,538,R1C1,13-70,52815,-106730,52815,106730,49294,105088,1
64,16,539,R0C0,23-01,56336,-105088,56336,105088,56336,105088,1
64,17,539,R0C1,23-02,59857,-105088,59857,105088,56336,105088,1
65,16,539,R1C0,13-71,56336,-106730,56336,106730,56336,105088,1
65,17,539,R1C1,13-72,59857,-106730,59857,106730,56336,105088,1
64,18,540,R0C0,23-03,63378,-105088,63378,105088,63378,105088,1
64,19,540,R0C1,23-04,66899,-105088,66899,105088,63378,105088,1
65,18,540,R1C0,13-73,63378,-106730,63378,106730,63378,105088,1
65,19,540,R1C1,13-74,66899,-106730,66899,106730,63378,105088,1
64,20,541,R0C0,24-00,70420,-105088,70420,105088,70420,105088,1
64,21,541,R0C1,24-01,73941,-105088,73941,105088,70420,105088,1
65,20,541,R1C0,14-70,70420,-106730,70420,106730,70420,105088,1
65,21,541,R1C1,14-71,73941,-106730,73941,106730,70420,105088,1
64,22,542,R0C0,24-02,77462,-105088,77462,105088,77462,105088,1
64,23,542,R0C1,24-03,80983,-105088,80983,105088,77462,105088,1
65,22,542,R1C0,14-72,77462,-106730,77462,106730,77462,105088,1
65,23,542,R1C1,14-73,80983,-106730,80983,106730,77462,105088,1
64,24,543,R0C0,24-04,84504,-105088,84504,105088,84504,105088,1
64,25,543,R0C1,25-00,88025,-105088,88025,105088,84504,105088,1
65,24,543,R1C0,14-74,84504,-106730,84504,106730,84504,105088,1
65,25,543,R1C1,15-70,88025,-106730,88025,106730,84504,105088,1
64,26,544,R0C0,25-01,91546,-105088,91546,105088,91546,105088,1
64,27,544,R0C1,25-02,95067,-105088,95067,105088,91546,105088,1
65,26,544,R1C0,15-71,91546,-106730,91546,106730,91546,105088,1
65,27,544,R1C1,15-72,95067,-106730,95067,106730,91546,105088,1
64,28,545,R0C0,25-03,98588,-105088,98588,105088,98588,105088,1
64,29,545,R0C1,25-04,102109,-105088,102109,105088,98588,105088,1
65,28,545,R1C0,15-73,98588,-106730,98588,106730,98588,105088,1
65,29,545,R1C1,15-74,102109,-106730,102109,106730,98588,105088,1
64,30,546,R0C0,26-00,105630,-105088,105630,105088,105630,105088,1
64,31,546,R0C1,26-01,109151,-105088,109151,105088,105630,105088,1
65,30,546,R1C0,16-70,105630,-106730,105630,106730,105630,105088,1
65,31,546,R1C1,16-71,109151,-106730,109151,106730,105630,105088,1
64,32,547,R0C0,26-02,112672,-105088,112672,105088,112672,105088,1
64,33,547,R0C1,26-03,116193,-105088,116193,105088,112672,105088,1
65,32,547,R1C0,16-72,112672,-106730,112672,106730,112672,105088,1
65,33,547,R1C1,16-73,116193,-106730,116193,106730,112672,105088,1
64,34,548,R0C0,26-04,119714,-105088,119714,105088,119714,105088,1
64,35,548,R0C1,NA,123235,-105088,123235,105088,119714,105088,1
65,34,548,R1C0,16-74,119714,-106730,119714,106730,119714,105088,1
65,35,548,R1C1,NA,123235,-106730,123235,106730,119714,105088,1
66,6,549,R0C0,11-61,21126,-108372,21126,108372,21126,108372,1
66,7,549,R0C1,11-62,24647,-108372,24647,108372,21126,108372,1
67,6,549,R1C0,11-51,21126,-110014,21126,110014,21126,108372,1
67,7,549,R1C1,11-52,24647,-110014,24647,110014,21126,108372,1
66,8,550,R0C0,11-63,28168,-108372,28168,108372,28168,108372,1
66,9,550,R0C1,11-64,31689,-108372,31689,108372,28168,108372,1
67,8,550,R1C0,11-53,28168,-110014,28168,110014,28168,108372,1
67,9,550,R1C1,11-54,31689,-110014,31689,110014,28168,108372,1
66,10,551,R0C0,12-60,35210,-108372,35210,108372,35210,108372,1
66,11,551,R0C1,12-61,38731,-108372,38731,108372,35210,108372,1
67,10,551,R1C0,12-50,35210,-110014,35210,110014,35210,108372,1
67,11,551,R1C1,12-51,38731,-110014,38731,110014,35210,108372,1
66,12,552,R0C0,12-62,42252,-108372,42252,108372,42252,108372,1
66,13,552,R0C1,12-63,45773,-108372,45773,108372,42252,108372,1
67,12,552,R1C0,12-52,42252,-110014,42252,110014,42252,108372,1
67,13,552,R1C1,12-53,45773,-110014,45773,110014,42252,108372,1
66,14,553,R0C0,12-64,49294,-108372,49294,108372,49294,108372,1
66,15,553,R0C1,13-60,52815,-108372,52815,108372,49294,108372,1
67,14,553,R1C0,12-54,49294,-110014,49294,110014,49294,108372,1
67,15,553,R1C1,13-50,52815,-110014,52815,110014,49294,108372,1
66,16,554,R0C0,13-61,56336,-108372,56336,108372,56336,108372,1
66,17,554,R0C1,13-62,59857,-108372,59857,108372,56336,108372,1
67,16,554,R1C0,13-51,56336,-110014,56336,110014,56336,108372,1
67,17,554,R1C1,13-52,59857,-110014,59857,110014,56336,108372,1
66,18,555,R0C0,13-63,63378,-108372,63378,108372,63378,108372,1
66,19,555,R0C1,13-64,66899,-108372,66899,108372,63378,108372,1
67,18,555,R1C0,13-53,63378,-110014,63378,110014,63378,108372,1
67,19,555,R1C1,13-54,66899,-110014,66899,110014,63378,108372,1
66,20,556,R0C0,14-60,70420,-108372,70420,108372,70420,108372,1
66,21,556,R0C1,14-61,73941,-108372,73941,108372,70420,108372,1
67,20,556,R1C0,14-50,70420,-110014,70420,110014,70420,108372,1
67,21,556,R1C1,14-51,73941,-110014,73941,110014,70420,108372,1
66,22,557,R0C0,14-62,77462,-108372,77462,108372,77462,108372,1
66,23,557,R0C1,14-63,80983,-108372,80983,108372,77462,108372,1
67,22,557,R1C0,14-52,77462,-110014,77462,110014,77462,108372,1
67,23,557,R1C1,14-53,80983,-110014,80983,110014,77462,108372,1
66,24,558,R0C0,14-64,84504,-108372,84504,108372,84504,108372,1
66,25,558,R0C1,15-60,88025,-108372,88025,108372,84504,108372,1
67,24,558,R1C0,14-54,84504,-110014,84504,110014,84504,108372,1
67,25,558,R1C1,15-50,88025,-110014,88025,110014,84504,108372,1
66,26,559,R0C0,15-61,91546,-108372,91546,108372,91546,108372,1
66,27,559,R0C1,15-62,95067,-108372,95067,108372,91546,108372,1
67,26,559,R1C0,15-51,91546,-110014,91546,110014,91546,108372,1
67,27,559,R1C1,15-52,95067,-110014,95067,110014,91546,108372,1
66,28,560,R0C0,15-63,98588,-108372,98588,108372,98588,108372,1
66,29,560,R0C1,15-64,102109,-108372,102109,108372,98588,108372,1
67,28,560,R1C0,15-53,98588,-110014,98588,110014,98588,108372,1
67,29,560,R1C1,15-54,102109,-110014,102109,110014,98588,108372,1
66,30,561,R0C0,16-60,105630,-108372,105630,108372,105630,108372,1
66,31,561,R0C1,16-61,109151,-108372,109151,108372,105630,108372,1
67,30,561,R1C0,16-50,105630,-110014,105630,110014,105630,108372,1
67,31,561,R1C1,16-51,109151,-110014,109151,110014,105630,108372,1
66,32,562,R0C0,16-62,112672,-108372,112672,108372,112672,108372,1
66,33,562,R0C1,16-63,116193,-108372,116193,108372,112672,108372,1
67,32,562,R1C0,16-52,112672,-110014,112672,110014,112672,108372,1
67,33,562,R1C1,16-53,116193,-110014,116193,110014,112672,108372,1
68,6,563,R0C0,11-41,21126,-111656,21126,111656,21126,111656,1
68,7,563,R0C1,11-42,24647,-111656,24647,111656,21126,111656,1
69,6,563,R1C0,NA,21126,-113298,21126,113298,21126,111656,1
69,7,563,R1C1,11-32,24647,-113298,24647,113298,21126,111656,1
68,8,564,R0C0,11-43,28168,-111656,28168,111656,28168,111656,1
68,9,564,R0C1,11-44,31689,-111656,31689,111656,28168,111656,1
69,8,564,R1C0,11-33,28168,-113298,28168,113298,28168,111656,1
69,9,564,R1C1,11-34,31689,-113298,31689,113298,28168,111656,1
68,10,565,R0C0,12-40,35210,-111656,35210,111656,35210,111656,1
68,11,565,R0C1,12-41,38731,-111656,38731,111656,35210,111656,1
69,10,565,R1C0,12-30,35210,-113298,35210,113298,35210,111656,1
69,11,565,R1C1,12-31,38731,-113298,38731,113298,35210,111656,1
68,12,566,R0C0,12-42,42252,-111656,42252,111656,42252,111656,1
68,13,566,R0C1,12-43,45773,-111656,45773,111656,42252,111656,1
69,12,566,R1C0,12-32,42252,-113298,42252,113298,42252,111656,1
69,13,566,R1C1,12-33,45773,-113298,45773,113298,42252,111656,1
68,14,567,R0C0,12-44,49294,-111656,49294,111656,49294,111656,1
68,15,567,R0C1,13-40,52815,-111656,52815,111656,49294,111656,1
69,14,567,R1C0,12-34,49294,-113298,49294,113298,49294,111656,1
69,15,567,R1C1,13-30,52815,-113298,52815,113298,49294,111656,1
68,16,568,R0C0,13-41,56336,-111656,56336,111656,56336,111656,1
68,17,568,R0C1,13-42,59857,-111656,59857,111656,56336,111656,1
69,16,568,R1C0,13-31,56336,-113298,56336,113298,56336,111656,1
69,17,568,R1C1,13-32,59857,-113298,59857,113298,56336,111656,1
68,18,569,R0C0,13-43,63378,-111656,63378,111656,63378,111656,1
68,19,569,R0C1,13-44,66899,-111656,66899,111656,63378,111656,1
69,18,569,R1C0,13-33,63378,-113298,63378,113298,63378,111656,1
69,19,569,R1C1,13-34,66899,-113298,66899,113298,63378,111656,1
68,20,570,R0C0,14-40,70420,-111656,70420,111656,70420,111656,1
68,21,570,R0C1,14-41,73941,-111656,73941,111656,70420,111656,1
69,20,570,R1C0,14-30,70420,-113298,70420,113298,70420,111656,1
69,21,570,R1C1,14-31,73941,-113298,73941,113298,70420,111656,1
68,22,571,R0C0,14-42,77462,-111656,77462,111656,77462,111656,1
68,23,571,R0C1,14-43,80983,-111656,80983,111656,77462,111656,1
69,22,571,R1C0,14-32,77462,-113298,77462,113298,77462,111656,1
69,23,571,R1C1,14-33,80983,-113298,80983,113298,77462,111656,1
68,24,572,R0C0,14-44,84504,-111656,84504,111656,84504,111656,1
68,25,572,R0C1,15-40,88025,-111656,88025,111656,84504,111656,1
69,24,572,R1C0,14-34,84504,-113298,84504,113298,84504,111656,1
69,25,572,R1C1,15-30,88025,-113298,88025,113298,84504,111656,1
68,26,573,R0C0,15-41,91546,-111656,91546,111656,91546,111656,1
68,27,573,R0C1,15-42,95067,-111656,95067,111656,91546,111656,1
69,26,573,R1C0,15-31,91546,-113298,91546,113298,91546,111656,1
69,27,573,R1C1,15-32,95067,-113298,95067,113298,91546,111656,1
68,28,574,R0C0,15-43,98588,-111656,98588,111656,98588,111656,1
68,29,574,R0C1,15-44,102109,-111656,102109,111656,98588,111656,1
69,28,574,R1C0,15-33,98588,-113298,98588,113298,98588,111656,1
69,29,574,R1C1,15-34,102109,-113298,102109,113298,98588,111656,1
68,30,575,R0C0,16-40,105630,-111656,105630,111656,105630,111656,1
68,31,575,R0C1,16-41,109151,-111656,109151,111656,105630,111656,1
69,30,575,R1C0,16-30,105630,-113298,105630,113298,105630,111656,1
69,31,575,R1C1,16-31,109151,-113298,109151,113298,105630,111656,1
68,32,576,R0C0,16-42,112672,-111656,112672,111656,112672,111656,1
68,33,576,R0C1,16-43,116193,-111656,116193,111656,112672,111656,1
69,32,576,R1C0,16-32,112672,-113298,112672,113298,112672,111656,1
69,33,576,R1C1,NA,116193,-113298,116193,113298,112672,111656,1
70,6,577,R0C0,NA,21126,-114940,21126,114940,21126,114940,1
70,7,577,R0C1,11-22,24647,-114940,24647,114940,21126,114940,1
71,6,577,R1C0,NA,21126,-116582,21126,116582,21126,114940,1
71,7,577,R1C1,NA,24647,-116582,24647,116582,21126,114940,1
70,8,578,R0C0,11-23,28168,-114940,28168,114940,28168,114940,1
70,9,578,R0C1,11-24,31689,-114940,31689,114940,28168,114940,1
71,8,578,R1C0,11-13,28168,-116582,28168,116582,28168,114940,1
71,9,578,R1C1,11-14,31689,-116582,31689,116582,28168,114940,1
70,10,579,R0C0,12-20,35210,-114940,35210,114940,35210,114940,1
70,11,579,R0C1,12-21,38731,-114940,38731,114940,35210,114940,1
71,10,579,R1C0,12-10,35210,-116582,35210,116582,35210,114940,1
71,11,579,R1C1,12-11,38731,-116582,38731,116582,35210,114940,1
70,12,580,R0C0,12-22,42252,-114940,42252,114940,42252,114940,1
70,13,580,R0C1,12-23,45773,-114940,45773,114940,42252,114940,1
71,12,580,R1C0,12-12,42252,-116582,42252,116582,42252,114940,1
71,13,580,R1C1,12-13,45773,-116582,45773,116582,42252,114940,1
70,14,581,R0C0,12-24,49294,-114940,49294,114940,49294,114940,1
70,15,581,R0C1,13-20,52815,-114940,52815,114940,49294,114940,1
71,14,581,R1C0,12-14,49294,-116582,49294,116582,49294,114940,1
71,15,581,R1C1,13-10,52815,-116582,52815,116582,49294,114940,1
70,16,582,R0C0,13-21,56336,-114940,56336,114940,56336,114940,1
70,17,582,R0C1,13-22,59857,-114940,59857,114940,56336,114940,1
71,16,582,R1C0,13-11,56336,-116582,56336,116582,56336,114940,1
71,17,582,R1C1,13-12,59857,-116582,59857,116582,56336,114940,1
70,18,583,R0C0,13-23,63378,-114940,63378,114940,63378,114940,1
70,19,583,R0C1,13-24,66899,-114940,66899,114940,63378,114940,1
71,18,583,R1C0,13-13,63378,-116582,63378,116582,63378,114940,1
71,19,583,R1C1,13-14,66899,-116582,66899,116582,63378,114940,1
70,20,584,R0C0,14-20,70420,-114940,70420,114940,70420,114940,1
70,21,584,R0C1,14-21,73941,-114940,73941,114940,70420,114940,1
71,20,584,R1C0,14-10,70420,-116582,70420,116582,70420,114940,1
71,21,584,R1C1,14-11,73941,-116582,73941,116582,70420,114940,1
70,22,585,R0C0,14-22,77462,-114940,77462,114940,77462,114940,1
70,23,585,R0C1,14-23,80983,-114940,80983,114940,77462,114940,1
71,22,585,R1C0,14-12,77462,-116582,77462,116582,77462,114940,1
71,23,585,R1C1,14-13,80983,-116582,80983,116582,77462,114940,1
70,24,586,R0C0,14-24,84504,-114940,84504,114940,84504,114940,1
70,25,586,R0C1,15-20,88025,-114940,88025,114940,84504,114940,1
71,24,586,R1C0,14-14,84504,-116582,84504,116582,84504,114940,1
71,25,586,R1C1,15-10,88025,-116582,88025,116582,84504,114940,1
70,26,587,R0C0,15-21,91546,-114940,91546,114940,91546,114940,1
70,27,587,R0C1,15-22,95067,-114940,95067,114940,91546,114940,1
71,26,587,R1C0,15-11,91546,-116582,91546,116582,91546,114940,1
71,27,587,R1C1,15-12,95067,-116582,95067,116582,91546,114940,1
70,28,588,R0C0,15-23,98588,-114940,98588,114940,98588,114940,1
70,29,588,R0C1,15-24,102109,-114940,102109,114940,98588,114940,1
71,28,588,R1C0,15-13,98588,-116582,98588,116582,98588,114940,1
71,29,588,R1C1,15-14,102109,-116582,102109,116582,98588,114940,1
70,30,589,R0C0,16-20,105630,-114940,105630,114940,105630,114940,1
70,31,589,R0C1,16-21,109151,-114940,109151,114940,105630,114940,1
71,30,589,R1C0,16-10,105630,-116582,105630,116582,105630,114940,1
71,31,589,R1C1,16-11,109151,-116582,109151,116582,105630,114940,1
70,32,590,R0C0,16-22,112672,-114940,112672,114940,112672,114940,1
70,33,590,R0C1,NA,116193,-114940,116193,114940,112672,114940,1
71,32,590,R1C0,NA,112672,-116582,112672,116582,112672,114940,1
71,33,590,R1C1,NA,116193,-116582,116193,116582,112672,114940,1
72,8,591,R0C0,11-03,28168,-118224,28168,118224,28168,118224,1
72,9,591,R0C1,11-04,31689,-118224,31689,118224,28168,118224,1
73,8,591,R1C0,NA,28168,-119866,28168,119866,28168,118224,1
73,9,591,R1C1,01-74,31689,-119866,31689,119866,28168,118224,1
72,10,592,R0C0,12-00,35210,-118224,35210,118224,35210,118224,1
72,11,592,R0C1,12-01,38731,-118224,38731,118224,35210,118224,1
73,10,592,R1C0,02-70,35210,-119866,35210,119866,35210,118224,1
73,11,592,R1C1,02-71,38731,-119866,38731,119866,35210,118224,1
72,12,593,R0C0,12-02,42252,-118224,42252,118224,42252,118224,1
72,13,593,R0C1,12-03,45773,-118224,45773,118224,42252,118224,1
73,12,593,R1C0,02-72,42252,-119866,42252,119866,42252,118224,1
73,13,593,R1C1,02-73,45773,-119866,45773,119866,42252,118224,1
72,14,594,R0C0,12-04,49294,-118224,49294,118224,49294,118224,1
72,15,594,R0C1,13-00,52815,-118224,52815,118224,49294,118224,1
73,14,594,R1C0,02-74,49294,-119866,49294,119866,49294,118224,1
73,15,594,R1C1,03-70,52815,-119866,52815,119866,49294,118224,1
72,16,595,R0C0,13-01,56336,-118224,56336,118224,56336,118224,1
72,17,595,R0C1,13-02,59857,-118224,59857,118224,56336,118224,1
73,16,595,R1C0,03-71,56336,-119866,56336,119866,56336,118224,1
73,17,595,R1C1,03-72,59857,-119866,59857,119866,56336,118224,1
72,18,596,R0C0,13-03,63378,-118224,63378,118224,63378,118224,1
72,19,596,R0C1,13-04,66899,-118224,66899,118224,63378,118224,1
73,18,596,R1C0,03-73,63378,-119866,63378,119866,63378,118224,1
73,19,596,R1C1,03-74,66899,-119866,66899,119866,63378,118224,1
72,20,597,R0C0,14-00,70420,-118224,70420,118224,70420,118224,1
72,21,597,R0C1,14-01,73941,-118224,73941,118224,70420,118224,1
73,20,597,R1C0,04-70,70420,-119866,70420,119866,70420,118224,1
73,21,597,R1C1,04-71,73941,-119866,73941,119866,70420,118224,1
72,22,598,R0C0,14-02,77462,-118224,77462,118224,77462,118224,1
72,23,598,R0C1,14-03,80983,-118224,80983,118224,77462,118224,1
73,22,598,R1C0,04-72,77462,-119866,77462,119866,77462,118224,1
73,23,598,R1C1,04-73,80983,-119866,80983,119866,77462,118224,1
72,24,599,R0C0,14-04,84504,-118224,84504,118224,84504,118224,1
72,25,599,R0C1,15-00,88025,-118224,88025,118224,84504,118224,1
73,24,599,R1C0,04-74,84504,-119866,84504,119866,84504,118224,1
73,25,599,R1C1,05-70,88025,-119866,88025,119866,84504,118224,1
72,26,600,R0C0,15-01,91546,-118224,91546,118224,91546,118224,1
72,27,600,R0C1,15-02,95067,-118224,95067,118224,91546,118224,1
73,26,600,R1C0,05-71,91546,-119866,91546,119866,91546,118224,1
73,27,600,R1C1,05-72,95067,-119866,95067,119866,91546,118224,1
72,28,601,R0C0,15-03,98588,-118224,98588,118224,98588,118224,1
72,29,601,R0C1,15-04,102109,-118224,102109,118224,98588,118224,1
73,28,601,R1C0,05-73,98588,-119866,98588,119866,98588,118224,1
73,29,601,R1C1,05-74,102109,-119866,102109,119866,98588,118224,1
72,30,602,R0C0,16-00,105630,-118224,105630,118224,105630,118224,1
72,31,602,R0C1,16-01,109151,-118224,109151,118224,105630,118224,1
73,30,602,R1C0,06-70,105630,-119866,105630,119866,105630,118224,1
73,31,602,R1C1,NA,109151,-119866,109151,119866,105630,118224,1
74,10,603,R0C0,02-60,35210,-121508,35210,121508,35210,121508,1
74,11,603,R0C1,02-61,38731,-121508,38731,121508,35210,121508,1
75,10,603,R1C0,02-50,35210,-123150,35210,123150,35210,121508,1
75,11,603,R1C1,02-51,38731,-123150,38731,123150,35210,121508,1
74,12,604,R0C0,02-62,42252,-121508,42252,121508,42252,121508,1
74,13,604,R0C1,02-63,45773,-121508,45773,121508,42252,121508,1
75,12,604,R1C0,02-52,42252,-123150,42252,123150,42252,121508,1
75,13,604,R1C1,02-53,45773,-123150,45773,123150,42252,121508,1
74,14,605,R0C0,02-64,49294,-121508,49294,121508,49294,121508,1
74,15,605,R0C1,03-60,52815,-121508,52815,121508,49294,121508,1
75,14,605,R1C0,02-54,49294,-123150,49294,123150,49294,121508,1
75,15,605,R1C1,03-50,52815,-123150,52815,123150,49294,121508,1
74,16,606,R0C0,03-61,56336,-121508,56336,121508,56336,121508,1
74,17,606,R0C1,PCM,59857,-121508,59857,121508,56336,121508,1
75,16,606,R1C0,03-51,56336,-123150,56336,123150,56336,121508,1
75,17,606,R1C1,03-52,59857,-123150,59857,123150,56336,121508,1
74,18,607,R0C0,03-63,63378,-121508,63378,121508,63378,121508,1
74,19,607,R0C1,03-64,66899,-121508,66899,121508,63378,121508,1
75,18,607,R1C0,03-53,63378,-123150,63378,123150,63378,121508,1
75,19,607,R1C1,03-54,66899,-123150,66899,123150,63378,121508,1
74,20,608,R0C0,04-60,70420,-121508,70420,121508,70420,121508,1
74,21,608,R0C1,04-61,73941,-121508,73941,121508,70420,121508,1
75,20,608,R1C0,04-50,70420,-123150,70420,123150,70420,121508,1
75,21,608,R1C1,04-51,73941,-123150,73941,123150,70420,121508,1
74,22,609,R0C0,04-62,77462,-121508,77462,121508,77462,121508,1
74,23,609,R0C1,04-63,80983,-121508,80983,121508,77462,121508,1
75,22,609,R1C0,04-52,77462,-123150,77462,123150,77462,121508,1
75,23,609,R1C1,04-53,80983,-123150,80983,123150,77462,121508,1
74,24,610,R0C0,04-64,84504,-121508,84504,121508,84504,121508,1
74,25,610,R0C1,05-60,88025,-121508,88025,121508,84504,121508,1
75,24,610,R1C0,04-54,84504,-123150,84504,123150,84504,121508,1
75,25,610,R1C1,05-50,88025,-123150,88025,123150,84504,121508,1
74,26,611,R0C0,05-61,91546,-121508,91546,121508,91546,121508,1
74,27,611,R0C1,PCM,95067,-121508,95067,121508,91546,121508,1
75,26,611,R1C0,05-51,91546,-123150,91546,123150,91546,121508,1
75,27,611,R1C1,05-52,95067,-123150,95067,123150,91546,121508,1
74,28,612,R0C0,05-63,98588,-121508,98588,121508,98588,121508,1
74,29,612,R0C1,05-64,102109,-121508,102109,121508,98588,121508,1
75,28,612,R1C0,05-53,98588,-123150,98588,123150,98588,121508,1
75,29,612,R1C1,05-54,102109,-123150,102109,123150,98588,121508,1
76,10,613,R0C0,NA,35210,-124792,35210,124792,35210,124792,1
76,11,613,R0C1,02-41,38731,-124792,38731,124792,35210,124792,1
77,10,613,R1C0,NA,35210,-126434,35210,126434,35210,124792,1
77,11,613,R1C1,NA,38731,-126434,38731,126434,35210,124792,1
76,12,614,R0C0,02-42,42252,-124792,42252,124792,42252,124792,1
76,13,614,R0C1,02-43,45773,-124792,45773,124792,42252,124792,1
77,12,614,R1C0,02-32,42252,-126434,42252,126434,42252,124792,1
77,13,614,R1C1,02-33,45773,-126434,45773,126434,42252,124792,1
76,14,615,R0C0,02-44,49294,-124792,49294,124792,49294,124792,1
76,15,615,R0C1,03-40,52815,-124792,52815,124792,49294,124792,1
77,14,615,R1C0,02-34,49294,-126434,49294,126434,49294,124792,1
77,15,615,R1C1,03-30,52815,-126434,52815,126434,49294,124792,1
76,16,616,R0C0,03-41,56336,-124792,56336,124792,56336,124792,1
76,17,616,R0C1,03-42,59857,-124792,59857,124792,56336,124792,1
77,16,616,R1C0,03-31,56336,-126434,56336,126434,56336,124792,1
77,17,616,R1C1,03-32,59857,-126434,59857,126434,56336,124792,1
76,18,617,R0C0,03-43,63378,-124792,63378,124792,63378,124792,1
76,19,617,R0C1,03-44,66899,-124792,66899,124792,63378,124792,1
77,18,617,R1C0,03-33,63378,-126434,63378,126434,63378,124792,1
77,19,617,R1C1,03-34,66899,-126434,66899,126434,63378,124792,1
76,20,618,R0C0,04-40,70420,-124792,70420,124792,70420,124792,1
76,21,618,R0C1,04-41,73941,-124792,73941,124792,70420,124792,1
77,20,618,R1C0,04-30,70420,-126434,70420,126434,70420,124792,1
77,21,618,R1C1,04-31,73941,-126434,73941,126434,70420,124792,1
76,22,619,R0C0,04-42,77462,-124792,77462,124792,77462,124792,1
76,23,619,R0C1,04-43,80983,-124792,80983,124792,77462,124792,1
77,22,619,R1C0,04-32,77462,-126434,77462,126434,77462,124792,1
77,23,619,R1C1,04-33,80983,-126434,80983,126434,77462,124792,1
76,24,620,R0C0,04-44,84504,-124792,84504,124792,84504,124792,1
76,25,620,R0C1,05-40,88025,-124792,88025,124792,84504,124792,1
77,24,620,R1C0,04-34,84504,-126434,84504,126434,84504,124792,1
77,25,620,R1C1,05-30,88025,-126434,88025,126434,84504,124792,1
76,26,621,R0C0,05-41,91546,-124792,91546,124792,91546,124792,1
76,27,621,R0C1,05-42,95067,-124792,95067,124792,91546,124792,1
77,26,621,R1C0,05-31,91546,-126434,91546,126434,91546,124792,1
77,27,621,R1C1,05-32,95067,-126434,95067,126434,91546,124792,1
76,28,622,R0C0,05-43,98588,-124792,98588,124792,98588,124792,1
76,29,622,R0C1,NA,102109,-124792,102109,124792,98588,124792,1
77,28,622,R1C0,NA,98588,-126434,98588,126434,98588,124792,1
77,29,622,R1C1,NA,102109,-126434,102109,126434,98588,124792,1
78,12,623,R0C0,NA,42252,-128076,42252,128076,42252,128076,1
78,13,623,R0C1,02-23,45773,-128076,45773,128076,42252,128076,1
79,12,623,R1C0,NA,42252,-129718,42252,129718,42252,128076,1
79,13,623,R1C1,NA,45773,-129718,45773,129718,42252,128076,1
78,14,624,R0C0,02-24,49294,-128076,49294,128076,49294,128076,1
78,15,624,R0C1,03-20,52815,-128076,52815,128076,49294,128076,1
79,14,624,R1C0,02-14,49294,-129718,49294,129718,49294,128076,1
79,15,624,R1C1,03-10,52815,-129718,52815,129718,49294,128076,1
78,16,625,R0C0,03-21,56336,-128076,56336,128076,56336,128076,1
78,17,625,R0C1,03-22,59857,-128076,59857,128076,56336,128076,1
79,16,625,R1C0,03-11,56336,-129718,56336,129718,56336,128076,1
79,17,625,R1C1,03-12,59857,-129718,59857,129718,56336,128076,1
78,18,626,R0C0,03-23,63378,-128076,63378,128076,63378,128076,1
78,19,626,R0C1,03-24,66899,-128076,66899,128076,63378,128076,1
79,18,626,R1C0,03-13,63378,-129718,63378,129718,63378,128076,1
79,19,626,R1C1,03-14,66899,-129718,66899,129718,63378,128076,1
78,20,627,R0C0,04-20,70420,-128076,70420,128076,70420,128076,1
78,21,627,R0C1,04-21,73941,-128076,73941,128076,70420,128076,1
79,20,627,R1C0,04-10,70420,-129718,70420,129718,70420,128076,1
79,21,627,R1C1,04-11,73941,-129718,73941,129718,70420,128076,1
78,22,628,R0C0,04-22,77462,-128076,77462,128076,77462,128076,1
78,23,628,R0C1,04-23,80983,-128076,80983,128076,77462,128076,1
79,22,628,R1C0,04-12,77462,-129718,77462,129718,77462,128076,1
79,23,628,R1C1,04-13,80983,-129718,80983,129718,77462,128076,1
78,24,629,R0C0,04-24,84504,-128076,84504,128076,84504,128076,1
78,25,629,R0C1,05-20,88025,-128076,88025,128076,84504,128076,1
79,24,629,R1C0,04-14,84504,-129718,84504,129718,84504,128076,1
79,25,629,R1C1,05-10,88025,-129718,88025,129718,84504,128076,1
78,26,630,R0C0,05-21,91546,-128076,91546,128076,91546,128076,1
78,27,630,R0C1,NA,95067,-128076,95067,128076,91546,128076,1
79,26,630,R1C0,NA,91546,-129718,91546,129718,91546,128076,1
79,27,630,R1C1,NA,95067,-129718,95067,129718,91546,128076,1
80,16,631,R0C0,03-01,56336,-131360,56336,131360,56336,131360,1
80,17,631,R0C1,03-02,59857,-131360,59857,131360,56336,131360,1
81,16,631,R1C0,NA,56336,-133002,56336,133002,56336,131360,1
81,17,631,R1C1,NA,59857,-133002,59857,133002,56336,131360,1
80,18,632,R0C0,03-03,63378,-131360,63378,131360,63378,131360,1
80,19,632,R0C1,03-04,66899,-131360,66899,131360,63378,131360,1
81,18,632,R1C0,NA,63378,-133002,63378,133002,63378,131360,1
81,19,632,R1C1,NA,66899,-133002,66899,133002,63378,131360,1
80,20,633,R0C0,04-00,70420,-131360,70420,131360,70420,131360,1
80,21,633,R0C1,04-01,73941,-131360,73941,131360,70420,131360,1
81,20,633,R1C0,NA,70420,-133002,70420,133002,70420,131360,1
81,21,633,R1C1,NA,73941,-133002,73941,133002,70420,131360,1
80,22,634,R0C0,04-02,77462,-131360,77462,131360,77462,131360,1
80,23,634,R0C1,04-03,80983,-131360,80983,131360,77462,131360,1
81,22,634,R1C0,NA,77462,-133002,77462,133002,77462,131360,1
81,23,634,R1C1,NA,80983,-133002,80983,133002,77462,131360,1
