recipe_name,die_size_x,die_size_y,x_move_first,y_move_first,align_die,shot_rows,shot_cols,row,col,x_um,y_um,included,die1,die2,die3,die4
Lamp 21PCM whole wafer,2785,1585,-69625,-68155,54-00,,,0,21,61270.0,3170.0,1,B4-13,,,
Lamp 21PCM whole wafer,2785,1585,-69625,-68155,54-00,,,0,22,64055.0,3170.0,1,B4-14,,,
Lamp 21PCM whole wafer,2785,1585,-69625,-68155,54-00,,,0,23,66840.0,3170.0,1,B4-15,,,
Lamp 21PCM whole wafer,2785,1585,-69625,-68155,54-00,,,0,24,69625.0,3170.0,1,B5-10,,,
Lamp 21PCM whole wafer,2785,1585,-69625,-68155,54-00,,,0,25,72410.0,3170.0,1,B5-11,,,
Lamp 21PCM whole wafer,2785,1585,-69625,-68155,54-00,,,0,26,75195.0,3170.0,1,B5-12,,,
Lamp 21PCM whole wafer,2785,1585,-69625,-68155,54-00,,,1,29,83550.0,4755.0,1,B5-05,,,
Lamp 21PCM whole wafer,2785,1585,-69625,-68155,54-00,,,1,28,80765.0,4755.0,1,B5-04,,,
Lamp 21PCM whole wafer,2785,1585,-69625,-68155,54-00,,,1,27,77980.0,4755.0,1,B5-03,,,
Lamp 21PCM whole wafer,2785,1585,-69625,-68155,54-00,,,1,26,75195.0,4755.0,1,B5-02,,,
Lamp 21PCM whole wafer,2785,1585,-69625,-68155,54-00,,,1,25,72410.0,4755.0,1,B5-01,,,
Lamp 21PCM whole wafer,2785,1585,-69625,-68155,54-00,,,1,24,69625.0,4755.0,1,B5-00,,,
Lamp 21PCM whole wafer,2785,1585,-69625,-68155,54-00,,,1,23,66840.0,4755.0,1,B4-05,,,
Lamp 21PCM whole wafer,2785,1585,-69625,-68155,54-00,,,1,22,64055.0,4755.0,1,B4-04,,,
Lamp 21PCM whole wafer,2785,1585,-69625,-68155,54-00,,,1,21,61270.0,4755.0,1,B4-03,,,
Lamp 21PCM whole wafer,2785,1585,-69625,-68155,54-00,,,1,20,58485.0,4755.0,1,B4-02,,,
Lamp 21PCM whole wafer,2785,1585,-69625,-68155,54-00,,,1,19,55700.0,4755.0,1,B4-01,,,
Lamp 21PCM whole wafer,2785,1585,-69625,-68155,54-00,,,1,18,52915.0,4755.0,1,B4-00,,,
Lamp 21PCM whole wafer,2785,1585,-69625,-68155,54-00,,,2,15,44560.0,6340.0,1,A3-73,,,
Lamp 21PCM whole wafer,2785,1585,-69625,-68155,54-00,,,2,16,47345.0,6340.0,1,A3-74,,,
Lamp 21PCM whole wafer,2785,1585,-69625,-68155,54-00,,,2,17,50130.0,6340.0,1,A3-75,,,
Lamp 21PCM whole wafer,2785,1585,-69625,-68155,54-00,,,2,18,52915.0,6340.0,1,A4-70,,,
Lamp 21PCM whole wafer,2785,1585,-69625,-68155,54-00,,,2,19,55700.0,6340.0,1,A4-71,,,
Lamp 21PCM whole wafer,2785,1585,-69625,-68155,54-00,,,2,20,58485.0,6340.0,1,A4-72,,,
Lamp 21PCM whole wafer,2785,1585,-69625,-68155,54-00,,,2,21,61270.0,6340.0,1,A4-73,,,
Lamp 21PCM whole wafer,2785,1585,-69625,-68155,54-00,,,2,22,64055.0,6340.0,1,A4-74,,,
Lamp 21PCM whole wafer,2785,1585,-69625,-68155,54-00,,,2,23,66840.0,6340.0,1,A4-75,,,
Lamp 21PCM whole wafer,2785,1585,-69625,-68155,54-00,,,2,24,69625.0,6340.0,1,A5-70,,,
Lamp 21PCM whole wafer,2785,1585,-69625,-68155,54-00,,,2,25,72410.0,6340.0,1,A5-71,,,
Lamp 21PCM whole wafer,2785,1585,-69625,-68155,54-00,,,2,26,75195.0,6340.0,1,A5-72,,,
Lamp 21PCM whole wafer,2785,1585,-69625,-68155,54-00,,,2,27,77980.0,6340.0,1,A5-73,,,
Lamp 21PCM whole wafer,2785,1585,-69625,-68155,54-00,,,2,28,80765.0,6340.0,1,A5-74,,,
Lamp 21PCM whole wafer,2785,1585,-69625,-68155,54-00,,,2,29,83550.0,6340.0,1,A5-75,,,
Lamp 21PCM whole wafer,2785,1585,-69625,-68155,54-00,,,2,30,86335.0,6340.0,1,A6-70,,,
Lamp 21PCM whole wafer,2785,1585,-69625,-68155,54-00,,,2,31,89120.0,6340.0,1,A6-71,,,
Lamp 21PCM whole wafer,2785,1585,-69625,-68155,54-00,,,2,32,91905.0,6340.0,1,A6-72,,,
Lamp 21PCM whole wafer,2785,1585,-69625,-68155,54-00,,,3,33,94690.0,7925.0,1,A6-63,,,
Lamp 21PCM whole wafer,2785,1585,-69625,-68155,54-00,,,3,32,91905.0,7925.0,1,A6-62,,,
Lamp 21PCM whole wafer,2785,1585,-69625,-68155,54-00,,,3,31,89120.0,7925.0,1,A6-61,,,
Lamp 21PCM whole wafer,2785,1585,-69625,-68155,54-00,,,3,30,86335.0,7925.0,1,A6-60,,,
Lamp 21PCM whole wafer,2785,1585,-69625,-68155,54-00,,,3,29,83550.0,7925.0,1,A5-65,,,
Lamp 21PCM whole wafer,2785,1585,-69625,-68155,54-00,,,3,28,80765.0,7925.0,1,A5-64,,,
Lamp 21PCM whole wafer,2785,1585,-69625,-68155,54-00,,,3,27,77980.0,7925.0,1,A5-63,,,
Lamp 21PCM whole wafer,2785,1585,-69625,-68155,54-00,,,3,26,75195.0,7925.0,1,A5-62,,,
Lamp 21PCM whole wafer,2785,1585,-69625,-68155,54-00,,,3,25,72410.0,7925.0,1,A5-61,,,
Lamp 21PCM whole wafer,2785,1585,-69625,-68155,54-00,,,3,24,69625.0,7925.0,1,A5-60,,,
Lamp 21PCM whole wafer,2785,1585,-69625,-68155,54-00,,,3,23,66840.0,7925.0,1,A4-65,,,
Lamp 21PCM whole wafer,2785,1585,-69625,-68155,54-00,,,3,22,64055.0,7925.0,1,A4-64,,,
Lamp 21PCM whole wafer,2785,1585,-69625,-68155,54-00,,,3,21,61270.0,7925.0,1,A4-63,,,
Lamp 21PCM whole wafer,2785,1585,-69625,-68155,54-00,,,3,20,58485.0,7925.0,1,A4-62,,,
Lamp 21PCM whole wafer,2785,1585,-69625,-68155,54-00,,,3,19,55700.0,7925.0,1,A4-61,,,
Lamp 21PCM whole wafer,2785,1585,-69625,-68155,54-00,,,3,18,52915.0,7925.0,1,A4-60,,,
Lamp 21PCM whole wafer,2785,1585,-69625,-68155,54-00,,,3,17,50130.0,7925.0,1,A3-65,,,
Lamp 21PCM whole wafer,2785,1585,-69625,-68155,54-00,,,3,16,47345.0,7925.0,1,A3-64,,,
Lamp 21PCM whole wafer,2785,1585,-69625,-68155,54-00,,,3,15,44560.0,7925.0,1,A3-63,,,
Lamp 21PCM whole wafer,2785,1585,-69625,-68155,54-00,,,3,14,41775.0,7925.0,1,A3-62,,,
Lamp 21PCM whole wafer,2785,1585,-69625,-68155,54-00,,,4,14,41775.0,9510.0,1,A3-52,,,
Lamp 21PCM whole wafer,2785,1585,-69625,-68155,54-00,,,4,15,44560.0,9510.0,1,A3-53,,,
Lamp 21PCM whole wafer,2785,1585,-69625,-68155,54-00,,,4,16,47345.0,9510.0,1,A3-54,,,
Lamp 21PCM whole wafer,2785,1585,-69625,-68155,54-00,,,4,17,50130.0,9510.0,1,A3-55,,,
Lamp 21PCM whole wafer,2785,1585,-69625,-68155,54-00,,,4,18,52915.0,9510.0,1,A4-50,,,
Lamp 21PCM whole wafer,2785,1585,-69625,-68155,54-00,,,4,19,55700.0,9510.0,1,A4-51,,,
Lamp 21PCM whole wafer,2785,1585,-69625,-68155,54-00,,,4,20,58485.0,9510.0,1,A4-52,,,
Lamp 21PCM whole wafer,2785,1585,-69625,-68155,54-00,,,4,21,61270.0,9510.0,1,A4-53,,,
Lamp 21PCM whole wafer,2785,1585,-69625,-68155,54-00,,,4,22,64055.0,9510.0,1,A4-54,,,
Lamp 21PCM whole wafer,2785,1585,-69625,-68155,54-00,,,4,23,66840.0,9510.0,1,A4-55,,,
Lamp 21PCM whole wafer,2785,1585,-69625,-68155,54-00,,,4,24,69625.0,9510.0,1,A5-50,,,
Lamp 21PCM whole wafer,2785,1585,-69625,-68155,54-00,,,4,25,72410.0,9510.0,1,A5-51,,,
Lamp 21PCM whole wafer,2785,1585,-69625,-68155,54-00,,,4,26,75195.0,9510.0,1,A5-52,,,
Lamp 21PCM whole wafer,2785,1585,-69625,-68155,54-00,,,4,27,77980.0,9510.0,1,A5-53,,,
Lamp 21PCM whole wafer,2785,1585,-69625,-68155,54-00,,,4,28,80765.0,9510.0,1,A5-54,,,
Lamp 21PCM whole wafer,2785,1585,-69625,-68155,54-00,,,4,29,83550.0,9510.0,1,A5-55,,,
Lamp 21PCM whole wafer,2785,1585,-69625,-68155,54-00,,,4,30,86335.0,9510.0,1,A6-50,,,
Lamp 21PCM whole wafer,2785,1585,-69625,-68155,54-00,,,4,31,89120.0,9510.0,1,A6-51,,,
Lamp 21PCM whole wafer,2785,1585,-69625,-68155,54-00,,,4,32,91905.0,9510.0,1,A6-52,,,
Lamp 21PCM whole wafer,2785,1585,-69625,-68155,54-00,,,4,33,94690.0,9510.0,1,A6-53,,,
Lamp 21PCM whole wafer,2785,1585,-69625,-68155,54-00,,,5,35,100260.0,11095.0,1,A6-45,,,
Lamp 21PCM whole wafer,2785,1585,-69625,-68155,54-00,,,5,34,97475.0,11095.0,1,A6-44,,,
Lamp 21PCM whole wafer,2785,1585,-69625,-68155,54-00,,,5,33,94690.0,11095.0,1,A6-43,,,
Lamp 21PCM whole wafer,2785,1585,-69625,-68155,54-00,,,5,32,91905.0,11095.0,1,A6-42,,,
Lamp 21PCM whole wafer,2785,1585,-69625,-68155,54-00,,,5,31,89120.0,11095.0,1,A6-41,,,
Lamp 21PCM whole wafer,2785,1585,-69625,-68155,54-00,,,5,30,86335.0,11095.0,1,A6-40,,,
Lamp 21PCM whole wafer,2785,1585,-69625,-68155,54-00,,,5,29,83550.0,11095.0,1,A5-45,,,
Lamp 21PCM whole wafer,2785,1585,-69625,-68155,54-00,,,5,28,80765.0,11095.0,1,A5-44,,,
Lamp 21PCM whole wafer,2785,1585,-69625,-68155,54-00,,,5,27,77980.0,11095.0,1,A5-43,,,
Lamp 21PCM whole wafer,2785,1585,-69625,-68155,54-00,,,5,25,72410.0,11095.0,1,A5-41,,,
Lamp 21PCM whole wafer,2785,1585,-69625,-68155,54-00,,,5,24,69625.0,11095.0,1,A5-40,,,
Lamp 21PCM whole wafer,2785,1585,-69625,-68155,54-00,,,5,23,66840.0,11095.0,1,A4-45,,,
Lamp 21PCM whole wafer,2785,1585,-69625,-68155,54-00,,,5,22,64055.0,11095.0,1,A4-44,,,
Lamp 21PCM whole wafer,2785,1585,-69625,-68155,54-00,,,5,21,61270.0,11095.0,1,A4-43,,,
Lamp 21PCM whole wafer,2785,1585,-69625,-68155,54-00,,,5,20,58485.0,11095.0,1,A4-42,,,
Lamp 21PCM whole wafer,2785,1585,-69625,-68155,54-00,,,5,19,55700.0,11095.0,1,A4-41,,,
Lamp 21PCM whole wafer,2785,1585,-69625,-68155,54-00,,,5,18,52915.0,11095.0,1,A4-40,,,
Lamp 21PCM whole wafer,2785,1585,-69625,-68155,54-00,,,5,17,50130.0,11095.0,1,A3-45,,,
Lamp 21PCM whole wafer,2785,1585,-69625,-68155,54-00,,,5,16,47345.0,11095.0,1,A3-44,,,
Lamp 21PCM whole wafer,2785,1585,-69625,-68155,54-00,,,5,15,44560.0,11095.0,1,A3-43,,,
Lamp 21PCM whole wafer,2785,1585,-69625,-68155,54-00,,,5,14,41775.0,11095.0,1,A3-42,,,
Lamp 21PCM whole wafer,2785,1585,-69625,-68155,54-00,,,5,13,38990.0,11095.0,1,A3-41,,,
Lamp 21PCM whole wafer,2785,1585,-69625,-68155,54-00,,,5,12,36205.0,11095.0,1,A3-40,,,
Lamp 21PCM whole wafer,2785,1585,-69625,-68155,54-00,,,6,11,33420.0,12680.0,1,A2-35,,,
Lamp 21PCM whole wafer,2785,1585,-69625,-68155,54-00,,,6,12,36205.0,12680.0,1,A3-30,,,
Lamp 21PCM whole wafer,2785,1585,-69625,-68155,54-00,,,6,13,38990.0,12680.0,1,A3-31,,,
Lamp 21PCM whole wafer,2785,1585,-69625,-68155,54-00,,,6,14,41775.0,12680.0,1,A3-32,,,
Lamp 21PCM whole wafer,2785,1585,-69625,-68155,54-00,,,6,15,44560.0,12680.0,1,A3-33,,,
Lamp 21PCM whole wafer,2785,1585,-69625,-68155,54-00,,,6,16,47345.0,12680.0,1,A3-34,,,
Lamp 21PCM whole wafer,2785,1585,-69625,-68155,54-00,,,6,17,50130.0,12680.0,1,A3-35,,,
Lamp 21PCM whole wafer,2785,1585,-69625,-68155,54-00,,,6,18,52915.0,12680.0,1,A4-30,,,
Lamp 21PCM whole wafer,2785,1585,-69625,-68155,54-00,,,6,19,55700.0,12680.0,1,A4-31,,,
Lamp 21PCM whole wafer,2785,1585,-69625,-68155,54-00,,,6,20,58485.0,12680.0,1,A4-32,,,
Lamp 21PCM whole wafer,2785,1585,-69625,-68155,54-00,,,6,21,61270.0,12680.0,1,A4-33,,,
Lamp 21PCM whole wafer,2785,1585,-69625,-68155,54-00,,,6,22,64055.0,12680.0,1,A4-34,,,
Lamp 21PCM whole wafer,2785,1585,-69625,-68155,54-00,,,6,23,66840.0,12680.0,1,A4-35,,,
Lamp 21PCM whole wafer,2785,1585,-69625,-68155,54-00,,,6,24,69625.0,12680.0,1,A5-30,,,
Lamp 21PCM whole wafer,2785,1585,-69625,-68155,54-00,,,6,25,72410.0,12680.0,1,A5-31,,,
Lamp 21PCM whole wafer,2785,1585,-69625,-68155,54-00,,,6,26,75195.0,12680.0,1,A5-32,,,
Lamp 21PCM whole wafer,2785,1585,-69625,-68155,54-00,,,6,27,77980.0,12680.0,1,A5-33,,,
Lamp 21PCM whole wafer,2785,1585,-69625,-68155,54-00,,,6,28,80765.0,12680.0,1,A5-34,,,
Lamp 21PCM whole wafer,2785,1585,-69625,-68155,54-00,,,6,29,83550.0,12680.0,1,A5-35,,,
Lamp 21PCM whole wafer,2785,1585,-69625,-68155,54-00,,,6,30,86335.0,12680.0,1,A6-30,,,
Lamp 21PCM whole wafer,2785,1585,-69625,-68155,54-00,,,6,31,89120.0,12680.0,1,A6-31,,,
Lamp 21PCM whole wafer,2785,1585,-69625,-68155,54-00,,,6,32,91905.0,12680.0,1,A6-32,,,
Lamp 21PCM whole wafer,2785,1585,-69625,-68155,54-00,,,6,33,94690.0,12680.0,1,A6-33,,,
Lamp 21PCM whole wafer,2785,1585,-69625,-68155,54-00,,,6,34,97475.0,12680.0,1,A6-34,,,
Lamp 21PCM whole wafer,2785,1585,-69625,-68155,54-00,,,6,35,100260.0,12680.0,1,A6-35,,,
Lamp 21PCM whole wafer,2785,1585,-69625,-68155,54-00,,,6,36,103045.0,12680.0,1,A7-30,,,
Lamp 21PCM whole wafer,2785,1585,-69625,-68155,54-00,,,7,36,103045.0,14265.0,1,A7-20,,,
Lamp 21PCM whole wafer,2785,1585,-69625,-68155,54-00,,,7,35,100260.0,14265.0,1,A6-25,,,
Lamp 21PCM whole wafer,2785,1585,-69625,-68155,54-00,,,7,34,97475.0,14265.0,1,A6-24,,,
Lamp 21PCM whole wafer,2785,1585,-69625,-68155,54-00,,,7,33,94690.0,14265.0,1,A6-23,,,
Lamp 21PCM whole wafer,2785,1585,-69625,-68155,54-00,,,7,32,91905.0,14265.0,1,A6-22,,,
Lamp 21PCM whole wafer,2785,1585,-69625,-68155,54-00,,,7,31,89120.0,14265.0,1,A6-21,,,
Lamp 21PCM whole wafer,2785,1585,-69625,-68155,54-00,,,7,30,86335.0,14265.0,1,A6-20,,,
Lamp 21PCM whole wafer,2785,1585,-69625,-68155,54-00,,,7,29,83550.0,14265.0,1,A5-25,,,
Lamp 21PCM whole wafer,2785,1585,-69625,-68155,54-00,,,7,28,80765.0,14265.0,1,A5-24,,,
Lamp 21PCM whole wafer,2785,1585,-69625,-68155,54-00,,,7,27,77980.0,14265.0,1,A5-23,,,
Lamp 21PCM whole wafer,2785,1585,-69625,-68155,54-00,,,7,26,75195.0,14265.0,1,A5-22,,,
Lamp 21PCM whole wafer,2785,1585,-69625,-68155,54-00,,,7,25,72410.0,14265.0,1,A5-21,,,
Lamp 21PCM whole wafer,2785,1585,-69625,-68155,54-00,,,7,24,69625.0,14265.0,1,A5-20,,,
Lamp 21PCM whole wafer,2785,1585,-69625,-68155,54-00,,,7,23,66840.0,14265.0,1,A4-25,,,
Lamp 21PCM whole wafer,2785,1585,-69625,-68155,54-00,,,7,22,64055.0,14265.0,1,A4-24,,,
Lamp 21PCM whole wafer,2785,1585,-69625,-68155,54-00,,,7,21,61270.0,14265.0,1,A4-23,,,
Lamp 21PCM whole wafer,2785,1585,-69625,-68155,54-00,,,7,20,58485.0,14265.0,1,A4-22,,,
Lamp 21PCM whole wafer,2785,1585,-69625,-68155,54-00,,,7,19,55700.0,14265.0,1,A4-21,,,
Lamp 21PCM whole wafer,2785,1585,-69625,-68155,54-00,,,7,18,52915.0,14265.0,1,A4-20,,,
Lamp 21PCM whole wafer,2785,1585,-69625,-68155,54-00,,,7,17,50130.0,14265.0,1,A3-25,,,
Lamp 21PCM whole wafer,2785,1585,-69625,-68155,54-00,,,7,16,47345.0,14265.0,1,A3-24,,,
Lamp 21PCM whole wafer,2785,1585,-69625,-68155,54-00,,,7,15,44560.0,14265.0,1,A3-23,,,
Lamp 21PCM whole wafer,2785,1585,-69625,-68155,54-00,,,7,14,41775.0,14265.0,1,A3-22,,,
Lamp 21PCM whole wafer,2785,1585,-69625,-68155,54-00,,,7,13,38990.0,14265.0,1,A3-21,,,
Lamp 21PCM whole wafer,2785,1585,-69625,-68155,54-00,,,7,12,36205.0,14265.0,1,A3-20,,,
Lamp 21PCM whole wafer,2785,1585,-69625,-68155,54-00,,,7,11,33420.0,14265.0,1,A2-25,,,
Lamp 21PCM whole wafer,2785,1585,-69625,-68155,54-00,,,8,9,27850.0,15850.0,1,A2-13,,,
Lamp 21PCM whole wafer,2785,1585,-69625,-68155,54-00,,,8,10,30635.0,15850.0,1,A2-14,,,
Lamp 21PCM whole wafer,2785,1585,-69625,-68155,54-00,,,8,11,33420.0,15850.0,1,A2-15,,,
Lamp 21PCM whole wafer,2785,1585,-69625,-68155,54-00,,,8,12,36205.0,15850.0,1,A3-10,,,
Lamp 21PCM whole wafer,2785,1585,-69625,-68155,54-00,,,8,13,38990.0,15850.0,1,A3-11,,,
Lamp 21PCM whole wafer,2785,1585,-69625,-68155,54-00,,,8,14,41775.0,15850.0,1,A3-12,,,
Lamp 21PCM whole wafer,2785,1585,-69625,-68155,54-00,,,8,15,44560.0,15850.0,1,A3-13,,,
Lamp 21PCM whole wafer,2785,1585,-69625,-68155,54-00,,,8,16,47345.0,15850.0,1,A3-14,,,
Lamp 21PCM whole wafer,2785,1585,-69625,-68155,54-00,,,8,17,50130.0,15850.0,1,A3-15,,,
Lamp 21PCM whole wafer,2785,1585,-69625,-68155,54-00,,,8,18,52915.0,15850.0,1,A4-10,,,
Lamp 21PCM whole wafer,2785,1585,-69625,-68155,54-00,,,8,19,55700.0,15850.0,1,A4-11,,,
Lamp 21PCM whole wafer,2785,1585,-69625,-68155,54-00,,,8,20,58485.0,15850.0,1,A4-12,,,
Lamp 21PCM whole wafer,2785,1585,-69625,-68155,54-00,,,8,21,61270.0,15850.0,1,A4-13,,,
Lamp 21PCM whole wafer,2785,1585,-69625,-68155,54-00,,,8,22,64055.0,15850.0,1,A4-14,,,
Lamp 21PCM whole wafer,2785,1585,-69625,-68155,54-00,,,8,23,66840.0,15850.0,1,A4-15,,,
Lamp 21PCM whole wafer,2785,1585,-69625,-68155,54-00,,,8,24,69625.0,15850.0,1,A5-10,,,
Lamp 21PCM whole wafer,2785,1585,-69625,-68155,54-00,,,8,25,72410.0,15850.0,1,A5-11,,,
Lamp 21PCM whole wafer,2785,1585,-69625,-68155,54-00,,,8,26,75195.0,15850.0,1,A5-12,,,
Lamp 21PCM whole wafer,2785,1585,-69625,-68155,54-00,,,8,27,77980.0,15850.0,1,A5-13,,,
Lamp 21PCM whole wafer,2785,1585,-69625,-68155,54-00,,,8,28,80765.0,15850.0,1,A5-14,,,
Lamp 21PCM whole wafer,2785,1585,-69625,-68155,54-00,,,8,29,83550.0,15850.0,1,A5-15,,,
Lamp 21PCM whole wafer,2785,1585,-69625,-68155,54-00,,,8,30,86335.0,15850.0,1,A6-10,,,
Lamp 21PCM whole wafer,2785,1585,-69625,-68155,54-00,,,8,31,89120.0,15850.0,1,A6-11,,,
Lamp 21PCM whole wafer,2785,1585,-69625,-68155,54-00,,,8,32,91905.0,15850.0,1,A6-12,,,
Lamp 21PCM whole wafer,2785,1585,-69625,-68155,54-00,,,8,33,94690.0,15850.0,1,A6-13,,,
Lamp 21PCM whole wafer,2785,1585,-69625,-68155,54-00,,,8,34,97475.0,15850.0,1,A6-14,,,
Lamp 21PCM whole wafer,2785,1585,-69625,-68155,54-00,,,8,35,100260.0,15850.0,1,A6-15,,,
Lamp 21PCM whole wafer,2785,1585,-69625,-68155,54-00,,,8,36,103045.0,15850.0,1,A7-10,,,
Lamp 21PCM whole wafer,2785,1585,-69625,-68155,54-00,,,8,37,105830.0,15850.0,1,A7-11,,,
Lamp 21PCM whole wafer,2785,1585,-69625,-68155,54-00,,,8,38,108615.0,15850.0,1,A7-12,,,
Lamp 21PCM whole wafer,2785,1585,-69625,-68155,54-00,,,9,38,108615.0,17435.0,1,A7-02,,,
Lamp 21PCM whole wafer,2785,1585,-69625,-68155,54-00,,,9,37,105830.0,17435.0,1,A7-01,,,
Lamp 21PCM whole wafer,2785,1585,-69625,-68155,54-00,,,9,36,103045.0,17435.0,1,A7-00,,,
Lamp 21PCM whole wafer,2785,1585,-69625,-68155,54-00,,,9,35,100260.0,17435.0,1,A6-05,,,
Lamp 21PCM whole wafer,2785,1585,-69625,-68155,54-00,,,9,34,97475.0,17435.0,1,A6-04,,,
Lamp 21PCM whole wafer,2785,1585,-69625,-68155,54-00,,,9,33,94690.0,17435.0,1,A6-03,,,
Lamp 21PCM whole wafer,2785,1585,-69625,-68155,54-00,,,9,32,91905.0,17435.0,1,A6-02,,,
Lamp 21PCM whole wafer,2785,1585,-69625,-68155,54-00,,,9,31,89120.0,17435.0,1,A6-01,,,
Lamp 21PCM whole wafer,2785,1585,-69625,-68155,54-00,,,9,30,86335.0,17435.0,1,A6-00,,,
Lamp 21PCM whole wafer,2785,1585,-69625,-68155,54-00,,,9,29,83550.0,17435.0,1,A5-05,,,
Lamp 21PCM whole wafer,2785,1585,-69625,-68155,54-00,,,9,28,80765.0,17435.0,1,A5-04,,,
Lamp 21PCM whole wafer,2785,1585,-69625,-68155,54-00,,,9,27,77980.0,17435.0,1,A5-03,,,
Lamp 21PCM whole wafer,2785,1585,-69625,-68155,54-00,,,9,26,75195.0,17435.0,1,A5-02,,,
Lamp 21PCM whole wafer,2785,1585,-69625,-68155,54-00,,,9,25,72410.0,17435.0,1,A5-01,,,
Lamp 21PCM whole wafer,2785,1585,-69625,-68155,54-00,,,9,24,69625.0,17435.0,1,A5-00,,,
Lamp 21PCM whole wafer,2785,1585,-69625,-68155,54-00,,,9,23,66840.0,17435.0,1,A4-05,,,
Lamp 21PCM whole wafer,2785,1585,-69625,-68155,54-00,,,9,22,64055.0,17435.0,1,A4-04,,,
Lamp 21PCM whole wafer,2785,1585,-69625,-68155,54-00,,,9,21,61270.0,17435.0,1,A4-03,,,
Lamp 21PCM whole wafer,2785,1585,-69625,-68155,54-00,,,9,20,58485.0,17435.0,1,A4-02,,,
Lamp 21PCM whole wafer,2785,1585,-69625,-68155,54-00,,,9,19,55700.0,17435.0,1,A4-01,,,
Lamp 21PCM whole wafer,2785,1585,-69625,-68155,54-00,,,9,18,52915.0,17435.0,1,A4-00,,,
Lamp 21PCM whole wafer,2785,1585,-69625,-68155,54-00,,,9,17,50130.0,17435.0,1,A3-05,,,
Lamp 21PCM whole wafer,2785,1585,-69625,-68155,54-00,,,9,16,47345.0,17435.0,1,A3-04,,,
Lamp 21PCM whole wafer,2785,1585,-69625,-68155,54-00,,,9,15,44560.0,17435.0,1,A3-03,,,
Lamp 21PCM whole wafer,2785,1585,-69625,-68155,54-00,,,9,14,41775.0,17435.0,1,A3-02,,,
Lamp 21PCM whole wafer,2785,1585,-69625,-68155,54-00,,,9,13,38990.0,17435.0,1,A3-01,,,
Lamp 21PCM whole wafer,2785,1585,-69625,-68155,54-00,,,9,12,36205.0,17435.0,1,A3-00,,,
Lamp 21PCM whole wafer,2785,1585,-69625,-68155,54-00,,,9,11,33420.0,17435.0,1,A2-05,,,
Lamp 21PCM whole wafer,2785,1585,-69625,-68155,54-00,,,9,10,30635.0,17435.0,1,A2-04,,,
Lamp 21PCM whole wafer,2785,1585,-69625,-68155,54-00,,,9,9,27850.0,17435.0,1,A2-03,,,
Lamp 21PCM whole wafer,2785,1585,-69625,-68155,54-00,,,10,8,25065.0,19020.0,1,92-72,,,
Lamp 21PCM whole wafer,2785,1585,-69625,-68155,54-00,,,10,9,27850.0,19020.0,1,92-73,,,
Lamp 21PCM whole wafer,2785,1585,-69625,-68155,54-00,,,10,10,30635.0,19020.0,1,92-74,,,
Lamp 21PCM whole wafer,2785,1585,-69625,-68155,54-00,,,10,11,33420.0,19020.0,1,92-75,,,
Lamp 21PCM whole wafer,2785,1585,-69625,-68155,54-00,,,10,12,36205.0,19020.0,1,93-70,,,
Lamp 21PCM whole wafer,2785,1585,-69625,-68155,54-00,,,10,13,38990.0,19020.0,1,93-71,,,
Lamp 21PCM whole wafer,2785,1585,-69625,-68155,54-00,,,10,14,41775.0,19020.0,1,93-72,,,
Lamp 21PCM whole wafer,2785,1585,-69625,-68155,54-00,,,10,15,44560.0,19020.0,1,93-73,,,
Lamp 21PCM whole wafer,2785,1585,-69625,-68155,54-00,,,10,16,47345.0,19020.0,1,93-74,,,
Lamp 21PCM whole wafer,2785,1585,-69625,-68155,54-00,,,10,17,50130.0,19020.0,1,93-75,,,
Lamp 21PCM whole wafer,2785,1585,-69625,-68155,54-00,,,10,18,52915.0,19020.0,1,94-70,,,
Lamp 21PCM whole wafer,2785,1585,-69625,-68155,54-00,,,10,19,55700.0,19020.0,1,94-71,,,
Lamp 21PCM whole wafer,2785,1585,-69625,-68155,54-00,,,10,20,58485.0,19020.0,1,94-72,,,
Lamp 21PCM whole wafer,2785,1585,-69625,-68155,54-00,,,10,21,61270.0,19020.0,1,94-73,,,
Lamp 21PCM whole wafer,2785,1585,-69625,-68155,54-00,,,10,22,64055.0,19020.0,1,94-74,,,
Lamp 21PCM whole wafer,2785,1585,-69625,-68155,54-00,,,10,23,66840.0,19020.0,1,94-75,,,
Lamp 21PCM whole wafer,2785,1585,-69625,-68155,54-00,,,10,24,69625.0,19020.0,1,95-70,,,
Lamp 21PCM whole wafer,2785,1585,-69625,-68155,54-00,,,10,25,72410.0,19020.0,1,95-71,,,
Lamp 21PCM whole wafer,2785,1585,-69625,-68155,54-00,,,10,26,75195.0,19020.0,1,95-72,,,
Lamp 21PCM whole wafer,2785,1585,-69625,-68155,54-00,,,10,27,77980.0,19020.0,1,95-73,,,
Lamp 21PCM whole wafer,2785,1585,-69625,-68155,54-00,,,10,28,80765.0,19020.0,1,95-74,,,
Lamp 21PCM whole wafer,2785,1585,-69625,-68155,54-00,,,10,29,83550.0,19020.0,1,95-75,,,
Lamp 21PCM whole wafer,2785,1585,-69625,-68155,54-00,,,10,30,86335.0,19020.0,1,96-70,,,
Lamp 21PCM whole wafer,2785,1585,-69625,-68155,54-00,,,10,31,89120.0,19020.0,1,96-71,,,
Lamp 21PCM whole wafer,2785,1585,-69625,-68155,54-00,,,10,32,91905.0,19020.0,1,96-72,,,
Lamp 21PCM whole wafer,2785,1585,-69625,-68155,54-00,,,10,33,94690.0,19020.0,1,96-73,,,
Lamp 21PCM whole wafer,2785,1585,-69625,-68155,54-00,,,10,34,97475.0,19020.0,1,96-74,,,
Lamp 21PCM whole wafer,2785,1585,-69625,-68155,54-00,,,10,35,100260.0,19020.0,1,96-75,,,
Lamp 21PCM whole wafer,2785,1585,-69625,-68155,54-00,,,10,36,103045.0,19020.0,1,97-70,,,
Lamp 21PCM whole wafer,2785,1585,-69625,-68155,54-00,,,10,37,105830.0,19020.0,1,97-71,,,
Lamp 21PCM whole wafer,2785,1585,-69625,-68155,54-00,,,10,38,108615.0,19020.0,1,97-72,,,
Lamp 21PCM whole wafer,2785,1585,-69625,-68155,54-00,,,10,39,111400.0,19020.0,1,97-73,,,
Lamp 21PCM whole wafer,2785,1585,-69625,-68155,54-00,,,11,39,111400.0,20605.0,1,97-63,,,
Lamp 21PCM whole wafer,2785,1585,-69625,-68155,54-00,,,11,38,108615.0,20605.0,1,97-62,,,
Lamp 21PCM whole wafer,2785,1585,-69625,-68155,54-00,,,11,37,105830.0,20605.0,1,97-61,,,
Lamp 21PCM whole wafer,2785,1585,-69625,-68155,54-00,,,11,36,103045.0,20605.0,1,97-60,,,
Lamp 21PCM whole wafer,2785,1585,-69625,-68155,54-00,,,11,35,100260.0,20605.0,1,96-65,,,
Lamp 21PCM whole wafer,2785,1585,-69625,-68155,54-00,,,11,34,97475.0,20605.0,1,96-64,,,
Lamp 21PCM whole wafer,2785,1585,-69625,-68155,54-00,,,11,33,94690.0,20605.0,1,96-63,,,
Lamp 21PCM whole wafer,2785,1585,-69625,-68155,54-00,,,11,32,91905.0,20605.0,1,96-62,,,
Lamp 21PCM whole wafer,2785,1585,-69625,-68155,54-00,,,11,31,89120.0,20605.0,1,96-61,,,
Lamp 21PCM whole wafer,2785,1585,-69625,-68155,54-00,,,11,30,86335.0,20605.0,1,96-60,,,
Lamp 21PCM whole wafer,2785,1585,-69625,-68155,54-00,,,11,29,83550.0,20605.0,1,95-65,,,
Lamp 21PCM whole wafer,2785,1585,-69625,-68155,54-00,,,11,28,80765.0,20605.0,1,95-64,,,
Lamp 21PCM whole wafer,2785,1585,-69625,-68155,54-00,,,11,27,77980.0,20605.0,1,95-63,,,
Lamp 21PCM whole wafer,2785,1585,-69625,-68155,54-00,,,11,26,75195.0,20605.0,1,95-62,,,
Lamp 21PCM whole wafer,2785,1585,-69625,-68155,54-00,,,11,25,72410.0,20605.0,1,95-61,,,
Lamp 21PCM whole wafer,2785,1585,-69625,-68155,54-00,,,11,24,69625.0,20605.0,1,95-60,,,
Lamp 21PCM whole wafer,2785,1585,-69625,-68155,54-00,,,11,23,66840.0,20605.0,1,94-65,,,
Lamp 21PCM whole wafer,2785,1585,-69625,-68155,54-00,,,11,22,64055.0,20605.0,1,94-64,,,
Lamp 21PCM whole wafer,2785,1585,-69625,-68155,54-00,,,11,21,61270.0,20605.0,1,94-63,,,
Lamp 21PCM whole wafer,2785,1585,-69625,-68155,54-00,,,11,20,58485.0,20605.0,1,94-62,,,
Lamp 21PCM whole wafer,2785,1585,-69625,-68155,54-00,,,11,19,55700.0,20605.0,1,94-61,,,
Lamp 21PCM whole wafer,2785,1585,-69625,-68155,54-00,,,11,18,52915.0,20605.0,1,94-60,,,
Lamp 21PCM whole wafer,2785,1585,-69625,-68155,54-00,,,11,17,50130.0,20605.0,1,93-65,,,
Lamp 21PCM whole wafer,2785,1585,-69625,-68155,54-00,,,11,16,47345.0,20605.0,1,93-64,,,
Lamp 21PCM whole wafer,2785,1585,-69625,-68155,54-00,,,11,15,44560.0,20605.0,1,93-63,,,
Lamp 21PCM whole wafer,2785,1585,-69625,-68155,54-00,,,11,14,41775.0,20605.0,1,93-62,,,
Lamp 21PCM whole wafer,2785,1585,-69625,-68155,54-00,,,11,13,38990.0,20605.0,1,93-61,,,
Lamp 21PCM whole wafer,2785,1585,-69625,-68155,54-00,,,11,12,36205.0,20605.0,1,93-60,,,
Lamp 21PCM whole wafer,2785,1585,-69625,-68155,54-00,,,11,11,33420.0,20605.0,1,92-65,,,
Lamp 21PCM whole wafer,2785,1585,-69625,-68155,54-00,,,11,10,30635.0,20605.0,1,92-64,,,
Lamp 21PCM whole wafer,2785,1585,-69625,-68155,54-00,,,11,9,27850.0,20605.0,1,92-63,,,
Lamp 21PCM whole wafer,2785,1585,-69625,-68155,54-00,,,11,8,25065.0,20605.0,1,92-62,,,
Lamp 21PCM whole wafer,2785,1585,-69625,-68155,54-00,,,12,7,22280.0,22190.0,1,92-51,,,
Lamp 21PCM whole wafer,2785,1585,-69625,-68155,54-00,,,12,8,25065.0,22190.0,1,92-52,,,
Lamp 21PCM whole wafer,2785,1585,-69625,-68155,54-00,,,12,9,27850.0,22190.0,1,92-53,,,
Lamp 21PCM whole wafer,2785,1585,-69625,-68155,54-00,,,12,10,30635.0,22190.0,1,92-54,,,
Lamp 21PCM whole wafer,2785,1585,-69625,-68155,54-00,,,12,11,33420.0,22190.0,1,92-55,,,
Lamp 21PCM whole wafer,2785,1585,-69625,-68155,54-00,,,12,12,36205.0,22190.0,1,93-50,,,
Lamp 21PCM whole wafer,2785,1585,-69625,-68155,54-00,,,12,13,38990.0,22190.0,1,93-51,,,
Lamp 21PCM whole wafer,2785,1585,-69625,-68155,54-00,,,12,14,41775.0,22190.0,1,93-52,,,
Lamp 21PCM whole wafer,2785,1585,-69625,-68155,54-00,,,12,15,44560.0,22190.0,1,93-53,,,
Lamp 21PCM whole wafer,2785,1585,-69625,-68155,54-00,,,12,16,47345.0,22190.0,1,93-54,,,
Lamp 21PCM whole wafer,2785,1585,-69625,-68155,54-00,,,12,17,50130.0,22190.0,1,93-55,,,
Lamp 21PCM whole wafer,2785,1585,-69625,-68155,54-00,,,12,18,52915.0,22190.0,1,94-50,,,
Lamp 21PCM whole wafer,2785,1585,-69625,-68155,54-00,,,12,19,55700.0,22190.0,1,94-51,,,
Lamp 21PCM whole wafer,2785,1585,-69625,-68155,54-00,,,12,20,58485.0,22190.0,1,94-52,,,
Lamp 21PCM whole wafer,2785,1585,-69625,-68155,54-00,,,12,21,61270.0,22190.0,1,94-53,,,
Lamp 21PCM whole wafer,2785,1585,-69625,-68155,54-00,,,12,22,64055.0,22190.0,1,94-54,,,
Lamp 21PCM whole wafer,2785,1585,-69625,-68155,54-00,,,12,23,66840.0,22190.0,1,94-55,,,
Lamp 21PCM whole wafer,2785,1585,-69625,-68155,54-00,,,12,24,69625.0,22190.0,1,95-50,,,
Lamp 21PCM whole wafer,2785,1585,-69625,-68155,54-00,,,12,25,72410.0,22190.0,1,95-51,,,
Lamp 21PCM whole wafer,2785,1585,-69625,-68155,54-00,,,12,26,75195.0,22190.0,1,95-52,,,
Lamp 21PCM whole wafer,2785,1585,-69625,-68155,54-00,,,12,27,77980.0,22190.0,1,95-53,,,
Lamp 21PCM whole wafer,2785,1585,-69625,-68155,54-00,,,12,28,80765.0,22190.0,1,95-54,,,
Lamp 21PCM whole wafer,2785,1585,-69625,-68155,54-00,,,12,29,83550.0,22190.0,1,95-55,,,
Lamp 21PCM whole wafer,2785,1585,-69625,-68155,54-00,,,12,30,86335.0,22190.0,1,96-50,,,
Lamp 21PCM whole wafer,2785,1585,-69625,-68155,54-00,,,12,31,89120.0,22190.0,1,96-51,,,
Lamp 21PCM whole wafer,2785,1585,-69625,-68155,54-00,,,12,32,91905.0,22190.0,1,96-52,,,
Lamp 21PCM whole wafer,2785,1585,-69625,-68155,54-00,,,12,33,94690.0,22190.0,1,96-53,,,
Lamp 21PCM whole wafer,2785,1585,-69625,-68155,54-00,,,12,34,97475.0,22190.0,1,96-54,,,
Lamp 21PCM whole wafer,2785,1585,-69625,-68155,54-00,,,12,35,100260.0,22190.0,1,96-55,,,
Lamp 21PCM whole wafer,2785,1585,-69625,-68155,54-00,,,12,36,103045.0,22190.0,1,97-50,,,
Lamp 21PCM whole wafer,2785,1585,-69625,-68155,54-00,,,12,37,105830.0,22190.0,1,97-51,,,
Lamp 21PCM whole wafer,2785,1585,-69625,-68155,54-00,,,12,38,108615.0,22190.0,1,97-52,,,
Lamp 21PCM whole wafer,2785,1585,-69625,-68155,54-00,,,12,39,111400.0,22190.0,1,97-53,,,
Lamp 21PCM whole wafer,2785,1585,-69625,-68155,54-00,,,12,40,114185.0,22190.0,1,97-54,,,
Lamp 21PCM whole wafer,2785,1585,-69625,-68155,54-00,,,13,40,114185.0,23775.0,1,97-44,,,
Lamp 21PCM whole wafer,2785,1585,-69625,-68155,54-00,,,13,39,111400.0,23775.0,1,97-43,,,
Lamp 21PCM whole wafer,2785,1585,-69625,-68155,54-00,,,13,38,108615.0,23775.0,1,97-42,,,
Lamp 21PCM whole wafer,2785,1585,-69625,-68155,54-00,,,13,37,105830.0,23775.0,1,97-41,,,
Lamp 21PCM whole wafer,2785,1585,-69625,-68155,54-00,,,13,36,103045.0,23775.0,1,97-40,,,
Lamp 21PCM whole wafer,2785,1585,-69625,-68155,54-00,,,13,35,100260.0,23775.0,1,96-45,,,
Lamp 21PCM whole wafer,2785,1585,-69625,-68155,54-00,,,13,34,97475.0,23775.0,1,96-44,,,
Lamp 21PCM whole wafer,2785,1585,-69625,-68155,54-00,,,13,33,94690.0,23775.0,1,96-43,,,
Lamp 21PCM whole wafer,2785,1585,-69625,-68155,54-00,,,13,32,91905.0,23775.0,1,96-42,,,
Lamp 21PCM whole wafer,2785,1585,-69625,-68155,54-00,,,13,31,89120.0,23775.0,1,96-41,,,
Lamp 21PCM whole wafer,2785,1585,-69625,-68155,54-00,,,13,30,86335.0,23775.0,1,96-40,,,
Lamp 21PCM whole wafer,2785,1585,-69625,-68155,54-00,,,13,29,83550.0,23775.0,1,95-45,,,
Lamp 21PCM whole wafer,2785,1585,-69625,-68155,54-00,,,13,28,80765.0,23775.0,1,95-44,,,
Lamp 21PCM whole wafer,2785,1585,-69625,-68155,54-00,,,13,27,77980.0,23775.0,1,95-43,,,
Lamp 21PCM whole wafer,2785,1585,-69625,-68155,54-00,,,13,26,75195.0,23775.0,1,95-42,,,
Lamp 21PCM whole wafer,2785,1585,-69625,-68155,54-00,,,13,25,72410.0,23775.0,1,95-41,,,
Lamp 21PCM whole wafer,2785,1585,-69625,-68155,54-00,,,13,24,69625.0,23775.0,1,95-40,,,
Lamp 21PCM whole wafer,2785,1585,-69625,-68155,54-00,,,13,23,66840.0,23775.0,1,94-45,,,
Lamp 21PCM whole wafer,2785,1585,-69625,-68155,54-00,,,13,22,64055.0,23775.0,1,94-44,,,
Lamp 21PCM whole wafer,2785,1585,-69625,-68155,54-00,,,13,21,61270.0,23775.0,1,94-43,,,
Lamp 21PCM whole wafer,2785,1585,-69625,-68155,54-00,,,13,20,58485.0,23775.0,1,94-42,,,
Lamp 21PCM whole wafer,2785,1585,-69625,-68155,54-00,,,13,19,55700.0,23775.0,1,94-41,,,
Lamp 21PCM whole wafer,2785,1585,-69625,-68155,54-00,,,13,18,52915.0,23775.0,1,94-40,,,
Lamp 21PCM whole wafer,2785,1585,-69625,-68155,54-00,,,13,17,50130.0,23775.0,1,93-45,,,
Lamp 21PCM whole wafer,2785,1585,-69625,-68155,54-00,,,13,16,47345.0,23775.0,1,93-44,,,
Lamp 21PCM whole wafer,2785,1585,-69625,-68155,54-00,,,13,15,44560.0,23775.0,1,93-43,,,
Lamp 21PCM whole wafer,2785,1585,-69625,-68155,54-00,,,13,14,41775.0,23775.0,1,93-42,,,
Lamp 21PCM whole wafer,2785,1585,-69625,-68155,54-00,,,13,13,38990.0,23775.0,1,93-41,,,
Lamp 21PCM whole wafer,2785,1585,-69625,-68155,54-00,,,13,12,36205.0,23775.0,1,93-40,,,
Lamp 21PCM whole wafer,2785,1585,-69625,-68155,54-00,,,13,11,33420.0,23775.0,1,92-45,,,
Lamp 21PCM whole wafer,2785,1585,-69625,-68155,54-00,,,13,10,30635.0,23775.0,1,92-44,,,
Lamp 21PCM whole wafer,2785,1585,-69625,-68155,54-00,,,13,9,27850.0,23775.0,1,92-43,,,
Lamp 21PCM whole wafer,2785,1585,-69625,-68155,54-00,,,13,8,25065.0,23775.0,1,92-42,,,
Lamp 21PCM whole wafer,2785,1585,-69625,-68155,54-00,,,13,7,22280.0,23775.0,1,92-41,,,
Lamp 21PCM whole wafer,2785,1585,-69625,-68155,54-00,,,14,6,19495.0,25360.0,1,92-30,,,
Lamp 21PCM whole wafer,2785,1585,-69625,-68155,54-00,,,14,7,22280.0,25360.0,1,92-31,,,
Lamp 21PCM whole wafer,2785,1585,-69625,-68155,54-00,,,14,8,25065.0,25360.0,1,92-32,,,
Lamp 21PCM whole wafer,2785,1585,-69625,-68155,54-00,,,14,9,27850.0,25360.0,1,92-33,,,
Lamp 21PCM whole wafer,2785,1585,-69625,-68155,54-00,,,14,10,30635.0,25360.0,1,92-34,,,
Lamp 21PCM whole wafer,2785,1585,-69625,-68155,54-00,,,14,11,33420.0,25360.0,1,92-35,,,
Lamp 21PCM whole wafer,2785,1585,-69625,-68155,54-00,,,14,12,36205.0,25360.0,1,93-30,,,
Lamp 21PCM whole wafer,2785,1585,-69625,-68155,54-00,,,14,13,38990.0,25360.0,1,93-31,,,
Lamp 21PCM whole wafer,2785,1585,-69625,-68155,54-00,,,14,14,41775.0,25360.0,1,93-32,,,
Lamp 21PCM whole wafer,2785,1585,-69625,-68155,54-00,,,14,15,44560.0,25360.0,1,93-33,,,
Lamp 21PCM whole wafer,2785,1585,-69625,-68155,54-00,,,14,16,47345.0,25360.0,1,93-34,,,
Lamp 21PCM whole wafer,2785,1585,-69625,-68155,54-00,,,14,17,50130.0,25360.0,1,93-35,,,
Lamp 21PCM whole wafer,2785,1585,-69625,-68155,54-00,,,14,18,52915.0,25360.0,1,94-30,,,
Lamp 21PCM whole wafer,2785,1585,-69625,-68155,54-00,,,14,19,55700.0,25360.0,1,94-31,,,
Lamp 21PCM whole wafer,2785,1585,-69625,-68155,54-00,,,14,20,58485.0,25360.0,1,94-32,,,
Lamp 21PCM whole wafer,2785,1585,-69625,-68155,54-00,,,14,21,61270.0,25360.0,1,94-33,,,
Lamp 21PCM whole wafer,2785,1585,-69625,-68155,54-00,,,14,22,64055.0,25360.0,1,94-34,,,
Lamp 21PCM whole wafer,2785,1585,-69625,-68155,54-00,,,14,23,66840.0,25360.0,1,94-35,,,
Lamp 21PCM whole wafer,2785,1585,-69625,-68155,54-00,,,14,24,69625.0,25360.0,1,95-30,,,
Lamp 21PCM whole wafer,2785,1585,-69625,-68155,54-00,,,14,25,72410.0,25360.0,1,95-31,,,
Lamp 21PCM whole wafer,2785,1585,-69625,-68155,54-00,,,14,26,75195.0,25360.0,1,95-32,,,
Lamp 21PCM whole wafer,2785,1585,-69625,-68155,54-00,,,14,27,77980.0,25360.0,1,95-33,,,
Lamp 21PCM whole wafer,2785,1585,-69625,-68155,54-00,,,14,28,80765.0,25360.0,1,95-34,,,
Lamp 21PCM whole wafer,2785,1585,-69625,-68155,54-00,,,14,29,83550.0,25360.0,1,95-35,,,
Lamp 21PCM whole wafer,2785,1585,-69625,-68155,54-00,,,14,30,86335.0,25360.0,1,96-30,,,
Lamp 21PCM whole wafer,2785,1585,-69625,-68155,54-00,,,14,31,89120.0,25360.0,1,96-31,,,
Lamp 21PCM whole wafer,2785,1585,-69625,-68155,54-00,,,14,32,91905.0,25360.0,1,96-32,,,
Lamp 21PCM whole wafer,2785,1585,-69625,-68155,54-00,,,14,33,94690.0,25360.0,1,96-33,,,
Lamp 21PCM whole wafer,2785,1585,-69625,-68155,54-00,,,14,34,97475.0,25360.0,1,96-34,,,
Lamp 21PCM whole wafer,2785,1585,-69625,-68155,54-00,,,14,35,100260.0,25360.0,1,96-35,,,
Lamp 21PCM whole wafer,2785,1585,-69625,-68155,54-00,,,14,36,103045.0,25360.0,1,97-30,,,
Lamp 21PCM whole wafer,2785,1585,-69625,-68155,54-00,,,14,37,105830.0,25360.0,1,97-31,,,
Lamp 21PCM whole wafer,2785,1585,-69625,-68155,54-00,,,14,38,108615.0,25360.0,1,97-32,,,
Lamp 21PCM whole wafer,2785,1585,-69625,-68155,54-00,,,14,39,111400.0,25360.0,1,97-33,,,
Lamp 21PCM whole wafer,2785,1585,-69625,-68155,54-00,,,14,40,114185.0,25360.0,1,97-34,,,
Lamp 21PCM whole wafer,2785,1585,-69625,-68155,54-00,,,14,41,116970.0,25360.0,1,97-35,,,
Lamp 21PCM whole wafer,2785,1585,-69625,-68155,54-00,,,15,41,116970.0,26945.0,1,97-25,,,
Lamp 21PCM whole wafer,2785,1585,-69625,-68155,54-00,,,15,40,114185.0,26945.0,1,97-24,,,
Lamp 21PCM whole wafer,2785,1585,-69625,-68155,54-00,,,15,39,111400.0,26945.0,1,97-23,,,
Lamp 21PCM whole wafer,2785,1585,-69625,-68155,54-00,,,15,38,108615.0,26945.0,1,97-22,,,
Lamp 21PCM whole wafer,2785,1585,-69625,-68155,54-00,,,15,37,105830.0,26945.0,1,97-21,,,
Lamp 21PCM whole wafer,2785,1585,-69625,-68155,54-00,,,15,36,103045.0,26945.0,1,97-20,,,
Lamp 21PCM whole wafer,2785,1585,-69625,-68155,54-00,,,15,35,100260.0,26945.0,1,96-25,,,
Lamp 21PCM whole wafer,2785,1585,-69625,-68155,54-00,,,15,34,97475.0,26945.0,1,96-24,,,
Lamp 21PCM whole wafer,2785,1585,-69625,-68155,54-00,,,15,33,94690.0,26945.0,1,96-23,,,
Lamp 21PCM whole wafer,2785,1585,-69625,-68155,54-00,,,15,32,91905.0,26945.0,1,96-22,,,
Lamp 21PCM whole wafer,2785,1585,-69625,-68155,54-00,,,15,31,89120.0,26945.0,1,96-21,,,
Lamp 21PCM whole wafer,2785,1585,-69625,-68155,54-00,,,15,30,86335.0,26945.0,1,96-20,,,
Lamp 21PCM whole wafer,2785,1585,-69625,-68155,54-00,,,15,29,83550.0,26945.0,1,95-25,,,
Lamp 21PCM whole wafer,2785,1585,-69625,-68155,54-00,,,15,28,80765.0,26945.0,1,95-24,,,
Lamp 21PCM whole wafer,2785,1585,-69625,-68155,54-00,,,15,27,77980.0,26945.0,1,95-23,,,
Lamp 21PCM whole wafer,2785,1585,-69625,-68155,54-00,,,15,26,75195.0,26945.0,1,95-22,,,
Lamp 21PCM whole wafer,2785,1585,-69625,-68155,54-00,,,15,25,72410.0,26945.0,1,95-21,,,
Lamp 21PCM whole wafer,2785,1585,-69625,-68155,54-00,,,15,24,69625.0,26945.0,1,95-20,,,
Lamp 21PCM whole wafer,2785,1585,-69625,-68155,54-00,,,15,23,66840.0,26945.0,1,94-25,,,
Lamp 21PCM whole wafer,2785,1585,-69625,-68155,54-00,,,15,22,64055.0,26945.0,1,94-24,,,
Lamp 21PCM whole wafer,2785,1585,-69625,-68155,54-00,,,15,21,61270.0,26945.0,1,94-23,,,
Lamp 21PCM whole wafer,2785,1585,-69625,-68155,54-00,,,15,20,58485.0,26945.0,1,94-22,,,
Lamp 21PCM whole wafer,2785,1585,-69625,-68155,54-00,,,15,19,55700.0,26945.0,1,94-21,,,
Lamp 21PCM whole wafer,2785,1585,-69625,-68155,54-00,,,15,18,52915.0,26945.0,1,94-20,,,
Lamp 21PCM whole wafer,2785,1585,-69625,-68155,54-00,,,15,17,50130.0,26945.0,1,93-25,,,
Lamp 21PCM whole wafer,2785,1585,-69625,-68155,54-00,,,15,16,47345.0,26945.0,1,93-24,,,
Lamp 21PCM whole wafer,2785,1585,-69625,-68155,54-00,,,15,15,44560.0,26945.0,1,93-23,,,
Lamp 21PCM whole wafer,2785,1585,-69625,-68155,54-00,,,15,14,41775.0,26945.0,1,93-22,,,
Lamp 21PCM whole wafer,2785,1585,-69625,-68155,54-00,,,15,13,38990.0,26945.0,1,93-21,,,
Lamp 21PCM whole wafer,2785,1585,-69625,-68155,54-00,,,15,12,36205.0,26945.0,1,93-20,,,
Lamp 21PCM whole wafer,2785,1585,-69625,-68155,54-00,,,15,11,33420.0,26945.0,1,92-25,,,
Lamp 21PCM whole wafer,2785,1585,-69625,-68155,54-00,,,15,10,30635.0,26945.0,1,92-24,,,
Lamp 21PCM whole wafer,2785,1585,-69625,-68155,54-00,,,15,9,27850.0,26945.0,1,92-23,,,
Lamp 21PCM whole wafer,2785,1585,-69625,-68155,54-00,,,15,8,25065.0,26945.0,1,92-22,,,
Lamp 21PCM whole wafer,2785,1585,-69625,-68155,54-00,,,15,7,22280.0,26945.0,1,92-21,,,
Lamp 21PCM whole wafer,2785,1585,-69625,-68155,54-00,,,15,6,19495.0,26945.0,1,92-20,,,
Lamp 21PCM whole wafer,2785,1585,-69625,-68155,54-00,,,16,5,16710.0,28530.0,1,91-15,,,
Lamp 21PCM whole wafer,2785,1585,-69625,-68155,54-00,,,16,6,19495.0,28530.0,1,92-10,,,
Lamp 21PCM whole wafer,2785,1585,-69625,-68155,54-00,,,16,7,22280.0,28530.0,1,92-11,,,
Lamp 21PCM whole wafer,2785,1585,-69625,-68155,54-00,,,16,8,25065.0,28530.0,1,92-12,,,
Lamp 21PCM whole wafer,2785,1585,-69625,-68155,54-00,,,16,9,27850.0,28530.0,1,92-13,,,
Lamp 21PCM whole wafer,2785,1585,-69625,-68155,54-00,,,16,10,30635.0,28530.0,1,92-14,,,
Lamp 21PCM whole wafer,2785,1585,-69625,-68155,54-00,,,16,11,33420.0,28530.0,1,92-15,,,
Lamp 21PCM whole wafer,2785,1585,-69625,-68155,54-00,,,16,12,36205.0,28530.0,1,93-10,,,
Lamp 21PCM whole wafer,2785,1585,-69625,-68155,54-00,,,16,13,38990.0,28530.0,1,93-11,,,
Lamp 21PCM whole wafer,2785,1585,-69625,-68155,54-00,,,16,14,41775.0,28530.0,1,93-12,,,
Lamp 21PCM whole wafer,2785,1585,-69625,-68155,54-00,,,16,15,44560.0,28530.0,1,93-13,,,
Lamp 21PCM whole wafer,2785,1585,-69625,-68155,54-00,,,16,16,47345.0,28530.0,1,93-14,,,
Lamp 21PCM whole wafer,2785,1585,-69625,-68155,54-00,,,16,17,50130.0,28530.0,1,93-15,,,
Lamp 21PCM whole wafer,2785,1585,-69625,-68155,54-00,,,16,18,52915.0,28530.0,1,94-10,,,
Lamp 21PCM whole wafer,2785,1585,-69625,-68155,54-00,,,16,19,55700.0,28530.0,1,94-11,,,
Lamp 21PCM whole wafer,2785,1585,-69625,-68155,54-00,,,16,20,58485.0,28530.0,1,94-12,,,
Lamp 21PCM whole wafer,2785,1585,-69625,-68155,54-00,,,16,21,61270.0,28530.0,1,94-13,,,
Lamp 21PCM whole wafer,2785,1585,-69625,-68155,54-00,,,16,22,64055.0,28530.0,1,94-14,,,
Lamp 21PCM whole wafer,2785,1585,-69625,-68155,54-00,,,16,23,66840.0,28530.0,1,94-15,,,
Lamp 21PCM whole wafer,2785,1585,-69625,-68155,54-00,,,16,24,69625.0,28530.0,1,95-10,,,
Lamp 21PCM whole wafer,2785,1585,-69625,-68155,54-00,,,16,25,72410.0,28530.0,1,95-11,,,
Lamp 21PCM whole wafer,2785,1585,-69625,-68155,54-00,,,16,26,75195.0,28530.0,1,95-12,,,
Lamp 21PCM whole wafer,2785,1585,-69625,-68155,54-00,,,16,27,77980.0,28530.0,1,95-13,,,
Lamp 21PCM whole wafer,2785,1585,-69625,-68155,54-00,,,16,28,80765.0,28530.0,1,95-14,,,
Lamp 21PCM whole wafer,2785,1585,-69625,-68155,54-00,,,16,29,83550.0,28530.0,1,95-15,,,
Lamp 21PCM whole wafer,2785,1585,-69625,-68155,54-00,,,16,30,86335.0,28530.0,1,96-10,,,
Lamp 21PCM whole wafer,2785,1585,-69625,-68155,54-00,,,16,31,89120.0,28530.0,1,96-11,,,
Lamp 21PCM whole wafer,2785,1585,-69625,-68155,54-00,,,16,32,91905.0,28530.0,1,96-12,,,
Lamp 21PCM whole wafer,2785,1585,-69625,-68155,54-00,,,16,33,94690.0,28530.0,1,96-13,,,
Lamp 21PCM whole wafer,2785,1585,-69625,-68155,54-00,,,16,34,97475.0,28530.0,1,96-14,,,
Lamp 21PCM whole wafer,2785,1585,-69625,-68155,54-00,,,16,35,100260.0,28530.0,1,96-15,,,
Lamp 21PCM whole wafer,2785,1585,-69625,-68155,54-00,,,16,36,103045.0,28530.0,1,97-10,,,
Lamp 21PCM whole wafer,2785,1585,-69625,-68155,54-00,,,16,37,105830.0,28530.0,1,97-11,,,
Lamp 21PCM whole wafer,2785,1585,-69625,-68155,54-00,,,16,38,108615.0,28530.0,1,97-12,,,
Lamp 21PCM whole wafer,2785,1585,-69625,-68155,54-00,,,16,39,111400.0,28530.0,1,97-13,,,
Lamp 21PCM whole wafer,2785,1585,-69625,-68155,54-00,,,16,40,114185.0,28530.0,1,97-14,,,
Lamp 21PCM whole wafer,2785,1585,-69625,-68155,54-00,,,16,41,116970.0,28530.0,1,97-15,,,
Lamp 21PCM whole wafer,2785,1585,-69625,-68155,54-00,,,16,42,119755.0,28530.0,1,98-10,,,
Lamp 21PCM whole wafer,2785,1585,-69625,-68155,54-00,,,17,42,119755.0,30115.0,1,98-00,,,
Lamp 21PCM whole wafer,2785,1585,-69625,-68155,54-00,,,17,41,116970.0,30115.0,1,97-05,,,
Lamp 21PCM whole wafer,2785,1585,-69625,-68155,54-00,,,17,40,114185.0,30115.0,1,97-04,,,
Lamp 21PCM whole wafer,2785,1585,-69625,-68155,54-00,,,17,39,111400.0,30115.0,1,97-03,,,
Lamp 21PCM whole wafer,2785,1585,-69625,-68155,54-00,,,17,37,105830.0,30115.0,1,97-01,,,
Lamp 21PCM whole wafer,2785,1585,-69625,-68155,54-00,,,17,36,103045.0,30115.0,1,97-00,,,
Lamp 21PCM whole wafer,2785,1585,-69625,-68155,54-00,,,17,35,100260.0,30115.0,1,96-05,,,
Lamp 21PCM whole wafer,2785,1585,-69625,-68155,54-00,,,17,34,97475.0,30115.0,1,96-04,,,
Lamp 21PCM whole wafer,2785,1585,-69625,-68155,54-00,,,17,33,94690.0,30115.0,1,96-03,,,
Lamp 21PCM whole wafer,2785,1585,-69625,-68155,54-00,,,17,32,91905.0,30115.0,1,96-02,,,
Lamp 21PCM whole wafer,2785,1585,-69625,-68155,54-00,,,17,31,89120.0,30115.0,1,96-01,,,
Lamp 21PCM whole wafer,2785,1585,-69625,-68155,54-00,,,17,30,86335.0,30115.0,1,96-00,,,
Lamp 21PCM whole wafer,2785,1585,-69625,-68155,54-00,,,17,29,83550.0,30115.0,1,95-05,,,
Lamp 21PCM whole wafer,2785,1585,-69625,-68155,54-00,,,17,28,80765.0,30115.0,1,95-04,,,
Lamp 21PCM whole wafer,2785,1585,-69625,-68155,54-00,,,17,27,77980.0,30115.0,1,95-03,,,
Lamp 21PCM whole wafer,2785,1585,-69625,-68155,54-00,,,17,25,72410.0,30115.0,1,95-01,,,
Lamp 21PCM whole wafer,2785,1585,-69625,-68155,54-00,,,17,24,69625.0,30115.0,1,95-00,,,
Lamp 21PCM whole wafer,2785,1585,-69625,-68155,54-00,,,17,23,66840.0,30115.0,1,94-05,,,
Lamp 21PCM whole wafer,2785,1585,-69625,-68155,54-00,,,17,22,64055.0,30115.0,1,94-04,,,
Lamp 21PCM whole wafer,2785,1585,-69625,-68155,54-00,,,17,21,61270.0,30115.0,1,94-03,,,
Lamp 21PCM whole wafer,2785,1585,-69625,-68155,54-00,,,17,20,58485.0,30115.0,1,94-02,,,
Lamp 21PCM whole wafer,2785,1585,-69625,-68155,54-00,,,17,19,55700.0,30115.0,1,94-01,,,
Lamp 21PCM whole wafer,2785,1585,-69625,-68155,54-00,,,17,18,52915.0,30115.0,1,94-00,,,
Lamp 21PCM whole wafer,2785,1585,-69625,-68155,54-00,,,17,17,50130.0,30115.0,1,93-05,,,
Lamp 21PCM whole wafer,2785,1585,-69625,-68155,54-00,,,17,16,47345.0,30115.0,1,93-04,,,
Lamp 21PCM whole wafer,2785,1585,-69625,-68155,54-00,,,17,15,44560.0,30115.0,1,93-03,,,
Lamp 21PCM whole wafer,2785,1585,-69625,-68155,54-00,,,17,13,38990.0,30115.0,1,93-01,,,
Lamp 21PCM whole wafer,2785,1585,-69625,-68155,54-00,,,17,12,36205.0,30115.0,1,93-00,,,
Lamp 21PCM whole wafer,2785,1585,-69625,-68155,54-00,,,17,11,33420.0,30115.0,1,92-05,,,
Lamp 21PCM whole wafer,2785,1585,-69625,-68155,54-00,,,17,10,30635.0,30115.0,1,92-04,,,
Lamp 21PCM whole wafer,2785,1585,-69625,-68155,54-00,,,17,9,27850.0,30115.0,1,92-03,,,
Lamp 21PCM whole wafer,2785,1585,-69625,-68155,54-00,,,17,8,25065.0,30115.0,1,92-02,,,
Lamp 21PCM whole wafer,2785,1585,-69625,-68155,54-00,,,17,7,22280.0,30115.0,1,92-01,,,
Lamp 21PCM whole wafer,2785,1585,-69625,-68155,54-00,,,17,6,19495.0,30115.0,1,92-00,,,
Lamp 21PCM whole wafer,2785,1585,-69625,-68155,54-00,,,17,5,16710.0,30115.0,1,91-05,,,
Lamp 21PCM whole wafer,2785,1585,-69625,-68155,54-00,,,18,4,13925.0,31700.0,1,81-74,,,
Lamp 21PCM whole wafer,2785,1585,-69625,-68155,54-00,,,18,5,16710.0,31700.0,1,81-75,,,
Lamp 21PCM whole wafer,2785,1585,-69625,-68155,54-00,,,18,6,19495.0,31700.0,1,82-70,,,
Lamp 21PCM whole wafer,2785,1585,-69625,-68155,54-00,,,18,7,22280.0,31700.0,1,82-71,,,
Lamp 21PCM whole wafer,2785,1585,-69625,-68155,54-00,,,18,8,25065.0,31700.0,1,82-72,,,
Lamp 21PCM whole wafer,2785,1585,-69625,-68155,54-00,,,18,9,27850.0,31700.0,1,82-73,,,
Lamp 21PCM whole wafer,2785,1585,-69625,-68155,54-00,,,18,10,30635.0,31700.0,1,82-74,,,
Lamp 21PCM whole wafer,2785,1585,-69625,-68155,54-00,,,18,11,33420.0,31700.0,1,82-75,,,
Lamp 21PCM whole wafer,2785,1585,-69625,-68155,54-00,,,18,12,36205.0,31700.0,1,83-70,,,
Lamp 21PCM whole wafer,2785,1585,-69625,-68155,54-00,,,18,13,38990.0,31700.0,1,83-71,,,
Lamp 21PCM whole wafer,2785,1585,-69625,-68155,54-00,,,18,14,41775.0,31700.0,1,83-72,,,
Lamp 21PCM whole wafer,2785,1585,-69625,-68155,54-00,,,18,15,44560.0,31700.0,1,83-73,,,
Lamp 21PCM whole wafer,2785,1585,-69625,-68155,54-00,,,18,16,47345.0,31700.0,1,83-74,,,
Lamp 21PCM whole wafer,2785,1585,-69625,-68155,54-00,,,18,17,50130.0,31700.0,1,83-75,,,
Lamp 21PCM whole wafer,2785,1585,-69625,-68155,54-00,,,18,18,52915.0,31700.0,1,84-70,,,
Lamp 21PCM whole wafer,2785,1585,-69625,-68155,54-00,,,18,19,55700.0,31700.0,1,84-71,,,
Lamp 21PCM whole wafer,2785,1585,-69625,-68155,54-00,,,18,20,58485.0,31700.0,1,84-72,,,
Lamp 21PCM whole wafer,2785,1585,-69625,-68155,54-00,,,18,21,61270.0,31700.0,1,84-73,,,
Lamp 21PCM whole wafer,2785,1585,-69625,-68155,54-00,,,18,22,64055.0,31700.0,1,84-74,,,
Lamp 21PCM whole wafer,2785,1585,-69625,-68155,54-00,,,18,23,66840.0,31700.0,1,84-75,,,
Lamp 21PCM whole wafer,2785,1585,-69625,-68155,54-00,,,18,24,69625.0,31700.0,1,85-70,,,
Lamp 21PCM whole wafer,2785,1585,-69625,-68155,54-00,,,18,25,72410.0,31700.0,1,85-71,,,
Lamp 21PCM whole wafer,2785,1585,-69625,-68155,54-00,,,18,26,75195.0,31700.0,1,85-72,,,
Lamp 21PCM whole wafer,2785,1585,-69625,-68155,54-00,,,18,27,77980.0,31700.0,1,85-73,,,
Lamp 21PCM whole wafer,2785,1585,-69625,-68155,54-00,,,18,28,80765.0,31700.0,1,85-74,,,
Lamp 21PCM whole wafer,2785,1585,-69625,-68155,54-00,,,18,29,83550.0,31700.0,1,85-75,,,
Lamp 21PCM whole wafer,2785,1585,-69625,-68155,54-00,,,18,30,86335.0,31700.0,1,86-70,,,
Lamp 21PCM whole wafer,2785,1585,-69625,-68155,54-00,,,18,31,89120.0,31700.0,1,86-71,,,
Lamp 21PCM whole wafer,2785,1585,-69625,-68155,54-00,,,18,32,91905.0,31700.0,1,86-72,,,
Lamp 21PCM whole wafer,2785,1585,-69625,-68155,54-00,,,18,33,94690.0,31700.0,1,86-73,,,
Lamp 21PCM whole wafer,2785,1585,-69625,-68155,54-00,,,18,34,97475.0,31700.0,1,86-74,,,
Lamp 21PCM whole wafer,2785,1585,-69625,-68155,54-00,,,18,35,100260.0,31700.0,1,86-75,,,
Lamp 21PCM whole wafer,2785,1585,-69625,-68155,54-00,,,18,36,103045.0,31700.0,1,87-70,,,
Lamp 21PCM whole wafer,2785,1585,-69625,-68155,54-00,,,18,37,105830.0,31700.0,1,87-71,,,
Lamp 21PCM whole wafer,2785,1585,-69625,-68155,54-00,,,18,38,108615.0,31700.0,1,87-72,,,
Lamp 21PCM whole wafer,2785,1585,-69625,-68155,54-00,,,18,39,111400.0,31700.0,1,87-73,,,
Lamp 21PCM whole wafer,2785,1585,-69625,-68155,54-00,,,18,40,114185.0,31700.0,1,87-74,,,
Lamp 21PCM whole wafer,2785,1585,-69625,-68155,54-00,,,18,41,116970.0,31700.0,1,87-75,,,
Lamp 21PCM whole wafer,2785,1585,-69625,-68155,54-00,,,18,42,119755.0,31700.0,1,88-70,,,
Lamp 21PCM whole wafer,2785,1585,-69625,-68155,54-00,,,18,43,122540.0,31700.0,1,88-71,,,
Lamp 21PCM whole wafer,2785,1585,-69625,-68155,54-00,,,19,43,122540.0,33285.0,1,88-61,,,
Lamp 21PCM whole wafer,2785,1585,-69625,-68155,54-00,,,19,42,119755.0,33285.0,1,88-60,,,
Lamp 21PCM whole wafer,2785,1585,-69625,-68155,54-00,,,19,41,116970.0,33285.0,1,87-65,,,
Lamp 21PCM whole wafer,2785,1585,-69625,-68155,54-00,,,19,40,114185.0,33285.0,1,87-64,,,
Lamp 21PCM whole wafer,2785,1585,-69625,-68155,54-00,,,19,39,111400.0,33285.0,1,87-63,,,
Lamp 21PCM whole wafer,2785,1585,-69625,-68155,54-00,,,19,38,108615.0,33285.0,1,87-62,,,
Lamp 21PCM whole wafer,2785,1585,-69625,-68155,54-00,,,19,37,105830.0,33285.0,1,87-61,,,
Lamp 21PCM whole wafer,2785,1585,-69625,-68155,54-00,,,19,36,103045.0,33285.0,1,87-60,,,
Lamp 21PCM whole wafer,2785,1585,-69625,-68155,54-00,,,19,35,100260.0,33285.0,1,86-65,,,
Lamp 21PCM whole wafer,2785,1585,-69625,-68155,54-00,,,19,34,97475.0,33285.0,1,86-64,,,
Lamp 21PCM whole wafer,2785,1585,-69625,-68155,54-00,,,19,33,94690.0,33285.0,1,86-63,,,
Lamp 21PCM whole wafer,2785,1585,-69625,-68155,54-00,,,19,32,91905.0,33285.0,1,86-62,,,
Lamp 21PCM whole wafer,2785,1585,-69625,-68155,54-00,,,19,31,89120.0,33285.0,1,86-61,,,
Lamp 21PCM whole wafer,2785,1585,-69625,-68155,54-00,,,19,30,86335.0,33285.0,1,86-60,,,
Lamp 21PCM whole wafer,2785,1585,-69625,-68155,54-00,,,19,29,83550.0,33285.0,1,85-65,,,
Lamp 21PCM whole wafer,2785,1585,-69625,-68155,54-00,,,19,28,80765.0,33285.0,1,85-64,,,
Lamp 21PCM whole wafer,2785,1585,-69625,-68155,54-00,,,19,27,77980.0,33285.0,1,85-63,,,
Lamp 21PCM whole wafer,2785,1585,-69625,-68155,54-00,,,19,26,75195.0,33285.0,1,85-62,,,
Lamp 21PCM whole wafer,2785,1585,-69625,-68155,54-00,,,19,25,72410.0,33285.0,1,85-61,,,
Lamp 21PCM whole wafer,2785,1585,-69625,-68155,54-00,,,19,24,69625.0,33285.0,1,85-60,,,
Lamp 21PCM whole wafer,2785,1585,-69625,-68155,54-00,,,19,23,66840.0,33285.0,1,84-65,,,
Lamp 21PCM whole wafer,2785,1585,-69625,-68155,54-00,,,19,22,64055.0,33285.0,1,84-64,,,
Lamp 21PCM whole wafer,2785,1585,-69625,-68155,54-00,,,19,21,61270.0,33285.0,1,84-63,,,
Lamp 21PCM whole wafer,2785,1585,-69625,-68155,54-00,,,19,20,58485.0,33285.0,1,84-62,,,
Lamp 21PCM whole wafer,2785,1585,-69625,-68155,54-00,,,19,19,55700.0,33285.0,1,84-61,,,
Lamp 21PCM whole wafer,2785,1585,-69625,-68155,54-00,,,19,18,52915.0,33285.0,1,84-60,,,
Lamp 21PCM whole wafer,2785,1585,-69625,-68155,54-00,,,19,17,50130.0,33285.0,1,83-65,,,
Lamp 21PCM whole wafer,2785,1585,-69625,-68155,54-00,,,19,16,47345.0,33285.0,1,83-64,,,
Lamp 21PCM whole wafer,2785,1585,-69625,-68155,54-00,,,19,15,44560.0,33285.0,1,83-63,,,
Lamp 21PCM whole wafer,2785,1585,-69625,-68155,54-00,,,19,14,41775.0,33285.0,1,83-62,,,
Lamp 21PCM whole wafer,2785,1585,-69625,-68155,54-00,,,19,13,38990.0,33285.0,1,83-61,,,
Lamp 21PCM whole wafer,2785,1585,-69625,-68155,54-00,,,19,12,36205.0,33285.0,1,83-60,,,
Lamp 21PCM whole wafer,2785,1585,-69625,-68155,54-00,,,19,11,33420.0,33285.0,1,82-65,,,
Lamp 21PCM whole wafer,2785,1585,-69625,-68155,54-00,,,19,10,30635.0,33285.0,1,82-64,,,
Lamp 21PCM whole wafer,2785,1585,-69625,-68155,54-00,,,19,9,27850.0,33285.0,1,82-63,,,
Lamp 21PCM whole wafer,2785,1585,-69625,-68155,54-00,,,19,8,25065.0,33285.0,1,82-62,,,
Lamp 21PCM whole wafer,2785,1585,-69625,-68155,54-00,,,19,7,22280.0,33285.0,1,82-61,,,
Lamp 21PCM whole wafer,2785,1585,-69625,-68155,54-00,,,19,6,19495.0,33285.0,1,82-60,,,
Lamp 21PCM whole wafer,2785,1585,-69625,-68155,54-00,,,19,5,16710.0,33285.0,1,81-65,,,
Lamp 21PCM whole wafer,2785,1585,-69625,-68155,54-00,,,19,4,13925.0,33285.0,1,81-64,,,
Lamp 21PCM whole wafer,2785,1585,-69625,-68155,54-00,,,20,3,11140.0,34870.0,1,81-53,,,
Lamp 21PCM whole wafer,2785,1585,-69625,-68155,54-00,,,20,4,13925.0,34870.0,1,81-54,,,
Lamp 21PCM whole wafer,2785,1585,-69625,-68155,54-00,,,20,5,16710.0,34870.0,1,81-55,,,
Lamp 21PCM whole wafer,2785,1585,-69625,-68155,54-00,,,20,6,19495.0,34870.0,1,82-50,,,
Lamp 21PCM whole wafer,2785,1585,-69625,-68155,54-00,,,20,7,22280.0,34870.0,1,82-51,,,
Lamp 21PCM whole wafer,2785,1585,-69625,-68155,54-00,,,20,8,25065.0,34870.0,1,82-52,,,
Lamp 21PCM whole wafer,2785,1585,-69625,-68155,54-00,,,20,9,27850.0,34870.0,1,82-53,,,
Lamp 21PCM whole wafer,2785,1585,-69625,-68155,54-00,,,20,10,30635.0,34870.0,1,82-54,,,
Lamp 21PCM whole wafer,2785,1585,-69625,-68155,54-00,,,20,11,33420.0,34870.0,1,82-55,,,
Lamp 21PCM whole wafer,2785,1585,-69625,-68155,54-00,,,20,12,36205.0,34870.0,1,83-50,,,
Lamp 21PCM whole wafer,2785,1585,-69625,-68155,54-00,,,20,13,38990.0,34870.0,1,83-51,,,
Lamp 21PCM whole wafer,2785,1585,-69625,-68155,54-00,,,20,14,41775.0,34870.0,1,83-52,,,
Lamp 21PCM whole wafer,2785,1585,-69625,-68155,54-00,,,20,15,44560.0,34870.0,1,83-53,,,
Lamp 21PCM whole wafer,2785,1585,-69625,-68155,54-00,,,20,16,47345.0,34870.0,1,83-54,,,
Lamp 21PCM whole wafer,2785,1585,-69625,-68155,54-00,,,20,17,50130.0,34870.0,1,83-55,,,
Lamp 21PCM whole wafer,2785,1585,-69625,-68155,54-00,,,20,18,52915.0,34870.0,1,84-50,,,
Lamp 21PCM whole wafer,2785,1585,-69625,-68155,54-00,,,20,19,55700.0,34870.0,1,84-51,,,
Lamp 21PCM whole wafer,2785,1585,-69625,-68155,54-00,,,20,20,58485.0,34870.0,1,84-52,,,
Lamp 21PCM whole wafer,2785,1585,-69625,-68155,54-00,,,20,21,61270.0,34870.0,1,84-53,,,
Lamp 21PCM whole wafer,2785,1585,-69625,-68155,54-00,,,20,22,64055.0,34870.0,1,84-54,,,
Lamp 21PCM whole wafer,2785,1585,-69625,-68155,54-00,,,20,23,66840.0,34870.0,1,84-55,,,
Lamp 21PCM whole wafer,2785,1585,-69625,-68155,54-00,,,20,24,69625.0,34870.0,1,85-50,,,
Lamp 21PCM whole wafer,2785,1585,-69625,-68155,54-00,,,20,25,72410.0,34870.0,1,85-51,,,
Lamp 21PCM whole wafer,2785,1585,-69625,-68155,54-00,,,20,26,75195.0,34870.0,1,85-52,,,
Lamp 21PCM whole wafer,2785,1585,-69625,-68155,54-00,,,20,27,77980.0,34870.0,1,85-53,,,
Lamp 21PCM whole wafer,2785,1585,-69625,-68155,54-00,,,20,28,80765.0,34870.0,1,85-54,,,
Lamp 21PCM whole wafer,2785,1585,-69625,-68155,54-00,,,20,29,83550.0,34870.0,1,85-55,,,
Lamp 21PCM whole wafer,2785,1585,-69625,-68155,54-00,,,20,30,86335.0,34870.0,1,86-50,,,
Lamp 21PCM whole wafer,2785,1585,-69625,-68155,54-00,,,20,31,89120.0,34870.0,1,86-51,,,
Lamp 21PCM whole wafer,2785,1585,-69625,-68155,54-00,,,20,32,91905.0,34870.0,1,86-52,,,
Lamp 21PCM whole wafer,2785,1585,-69625,-68155,54-00,,,20,33,94690.0,34870.0,1,86-53,,,
Lamp 21PCM whole wafer,2785,1585,-69625,-68155,54-00,,,20,34,97475.0,34870.0,1,86-54,,,
Lamp 21PCM whole wafer,2785,1585,-69625,-68155,54-00,,,20,35,100260.0,34870.0,1,86-55,,,
Lamp 21PCM whole wafer,2785,1585,-69625,-68155,54-00,,,20,36,103045.0,34870.0,1,87-50,,,
Lamp 21PCM whole wafer,2785,1585,-69625,-68155,54-00,,,20,37,105830.0,34870.0,1,87-51,,,
Lamp 21PCM whole wafer,2785,1585,-69625,-68155,54-00,,,20,38,108615.0,34870.0,1,87-52,,,
Lamp 21PCM whole wafer,2785,1585,-69625,-68155,54-00,,,20,39,111400.0,34870.0,1,87-53,,,
Lamp 21PCM whole wafer,2785,1585,-69625,-68155,54-00,,,20,40,114185.0,34870.0,1,87-54,,,
Lamp 21PCM whole wafer,2785,1585,-69625,-68155,54-00,,,20,41,116970.0,34870.0,1,87-55,,,
Lamp 21PCM whole wafer,2785,1585,-69625,-68155,54-00,,,20,42,119755.0,34870.0,1,88-50,,,
Lamp 21PCM whole wafer,2785,1585,-69625,-68155,54-00,,,20,43,122540.0,34870.0,1,88-51,,,
Lamp 21PCM whole wafer,2785,1585,-69625,-68155,54-00,,,20,44,125325.0,34870.0,1,88-52,,,
Lamp 21PCM whole wafer,2785,1585,-69625,-68155,54-00,,,21,44,125325.0,36455.0,1,88-42,,,
Lamp 21PCM whole wafer,2785,1585,-69625,-68155,54-00,,,21,43,122540.0,36455.0,1,88-41,,,
Lamp 21PCM whole wafer,2785,1585,-69625,-68155,54-00,,,21,42,119755.0,36455.0,1,88-40,,,
Lamp 21PCM whole wafer,2785,1585,-69625,-68155,54-00,,,21,41,116970.0,36455.0,1,87-45,,,
Lamp 21PCM whole wafer,2785,1585,-69625,-68155,54-00,,,21,40,114185.0,36455.0,1,87-44,,,
Lamp 21PCM whole wafer,2785,1585,-69625,-68155,54-00,,,21,39,111400.0,36455.0,1,87-43,,,
Lamp 21PCM whole wafer,2785,1585,-69625,-68155,54-00,,,21,38,108615.0,36455.0,1,87-42,,,
Lamp 21PCM whole wafer,2785,1585,-69625,-68155,54-00,,,21,37,105830.0,36455.0,1,87-41,,,
Lamp 21PCM whole wafer,2785,1585,-69625,-68155,54-00,,,21,36,103045.0,36455.0,1,87-40,,,
Lamp 21PCM whole wafer,2785,1585,-69625,-68155,54-00,,,21,35,100260.0,36455.0,1,86-45,,,
Lamp 21PCM whole wafer,2785,1585,-69625,-68155,54-00,,,21,34,97475.0,36455.0,1,86-44,,,
Lamp 21PCM whole wafer,2785,1585,-69625,-68155,54-00,,,21,33,94690.0,36455.0,1,86-43,,,
Lamp 21PCM whole wafer,2785,1585,-69625,-68155,54-00,,,21,32,91905.0,36455.0,1,86-42,,,
Lamp 21PCM whole wafer,2785,1585,-69625,-68155,54-00,,,21,31,89120.0,36455.0,1,86-41,,,
Lamp 21PCM whole wafer,2785,1585,-69625,-68155,54-00,,,21,30,86335.0,36455.0,1,86-40,,,
Lamp 21PCM whole wafer,2785,1585,-69625,-68155,54-00,,,21,29,83550.0,36455.0,1,85-45,,,
Lamp 21PCM whole wafer,2785,1585,-69625,-68155,54-00,,,21,28,80765.0,36455.0,1,85-44,,,
Lamp 21PCM whole wafer,2785,1585,-69625,-68155,54-00,,,21,27,77980.0,36455.0,1,85-43,,,
Lamp 21PCM whole wafer,2785,1585,-69625,-68155,54-00,,,21,26,75195.0,36455.0,1,85-42,,,
Lamp 21PCM whole wafer,2785,1585,-69625,-68155,54-00,,,21,25,72410.0,36455.0,1,85-41,,,
Lamp 21PCM whole wafer,2785,1585,-69625,-68155,54-00,,,21,24,69625.0,36455.0,1,85-40,,,
Lamp 21PCM whole wafer,2785,1585,-69625,-68155,54-00,,,21,23,66840.0,36455.0,1,84-45,,,
Lamp 21PCM whole wafer,2785,1585,-69625,-68155,54-00,,,21,22,64055.0,36455.0,1,84-44,,,
Lamp 21PCM whole wafer,2785,1585,-69625,-68155,54-00,,,21,21,61270.0,36455.0,1,84-43,,,
Lamp 21PCM whole wafer,2785,1585,-69625,-68155,54-00,,,21,20,58485.0,36455.0,1,84-42,,,
Lamp 21PCM whole wafer,2785,1585,-69625,-68155,54-00,,,21,19,55700.0,36455.0,1,84-41,,,
Lamp 21PCM whole wafer,2785,1585,-69625,-68155,54-00,,,21,18,52915.0,36455.0,1,84-40,,,
Lamp 21PCM whole wafer,2785,1585,-69625,-68155,54-00,,,21,17,50130.0,36455.0,1,83-45,,,
Lamp 21PCM whole wafer,2785,1585,-69625,-68155,54-00,,,21,16,47345.0,36455.0,1,83-44,,,
Lamp 21PCM whole wafer,2785,1585,-69625,-68155,54-00,,,21,15,44560.0,36455.0,1,83-43,,,
Lamp 21PCM whole wafer,2785,1585,-69625,-68155,54-00,,,21,14,41775.0,36455.0,1,83-42,,,
Lamp 21PCM whole wafer,2785,1585,-69625,-68155,54-00,,,21,13,38990.0,36455.0,1,83-41,,,
Lamp 21PCM whole wafer,2785,1585,-69625,-68155,54-00,,,21,12,36205.0,36455.0,1,83-40,,,
Lamp 21PCM whole wafer,2785,1585,-69625,-68155,54-00,,,21,11,33420.0,36455.0,1,82-45,,,
Lamp 21PCM whole wafer,2785,1585,-69625,-68155,54-00,,,21,10,30635.0,36455.0,1,82-44,,,
Lamp 21PCM whole wafer,2785,1585,-69625,-68155,54-00,,,21,9,27850.0,36455.0,1,82-43,,,
Lamp 21PCM whole wafer,2785,1585,-69625,-68155,54-00,,,21,8,25065.0,36455.0,1,82-42,,,
Lamp 21PCM whole wafer,2785,1585,-69625,-68155,54-00,,,21,7,22280.0,36455.0,1,82-41,,,
Lamp 21PCM whole wafer,2785,1585,-69625,-68155,54-00,,,21,6,19495.0,36455.0,1,82-40,,,
Lamp 21PCM whole wafer,2785,1585,-69625,-68155,54-00,,,21,5,16710.0,36455.0,1,81-45,,,
Lamp 21PCM whole wafer,2785,1585,-69625,-68155,54-00,,,21,4,13925.0,36455.0,1,81-44,,,
Lamp 21PCM whole wafer,2785,1585,-69625,-68155,54-00,,,21,3,11140.0,36455.0,1,81-43,,,
Lamp 21PCM whole wafer,2785,1585,-69625,-68155,54-00,,,22,3,11140.0,38040.0,1,81-33,,,
Lamp 21PCM whole wafer,2785,1585,-69625,-68155,54-00,,,22,4,13925.0,38040.0,1,81-34,,,
Lamp 21PCM whole wafer,2785,1585,-69625,-68155,54-00,,,22,5,16710.0,38040.0,1,81-35,,,
Lamp 21PCM whole wafer,2785,1585,-69625,-68155,54-00,,,22,6,19495.0,38040.0,1,82-30,,,
Lamp 21PCM whole wafer,2785,1585,-69625,-68155,54-00,,,22,7,22280.0,38040.0,1,82-31,,,
Lamp 21PCM whole wafer,2785,1585,-69625,-68155,54-00,,,22,8,25065.0,38040.0,1,82-32,,,
Lamp 21PCM whole wafer,2785,1585,-69625,-68155,54-00,,,22,9,27850.0,38040.0,1,82-33,,,
Lamp 21PCM whole wafer,2785,1585,-69625,-68155,54-00,,,22,10,30635.0,38040.0,1,82-34,,,
Lamp 21PCM whole wafer,2785,1585,-69625,-68155,54-00,,,22,11,33420.0,38040.0,1,82-35,,,
Lamp 21PCM whole wafer,2785,1585,-69625,-68155,54-00,,,22,12,36205.0,38040.0,1,83-30,,,
Lamp 21PCM whole wafer,2785,1585,-69625,-68155,54-00,,,22,13,38990.0,38040.0,1,83-31,,,
Lamp 21PCM whole wafer,2785,1585,-69625,-68155,54-00,,,22,14,41775.0,38040.0,1,83-32,,,
Lamp 21PCM whole wafer,2785,1585,-69625,-68155,54-00,,,22,15,44560.0,38040.0,1,83-33,,,
Lamp 21PCM whole wafer,2785,1585,-69625,-68155,54-00,,,22,16,47345.0,38040.0,1,83-34,,,
Lamp 21PCM whole wafer,2785,1585,-69625,-68155,54-00,,,22,17,50130.0,38040.0,1,83-35,,,
Lamp 21PCM whole wafer,2785,1585,-69625,-68155,54-00,,,22,18,52915.0,38040.0,1,84-30,,,
Lamp 21PCM whole wafer,2785,1585,-69625,-68155,54-00,,,22,19,55700.0,38040.0,1,84-31,,,
Lamp 21PCM whole wafer,2785,1585,-69625,-68155,54-00,,,22,20,58485.0,38040.0,1,84-32,,,
Lamp 21PCM whole wafer,2785,1585,-69625,-68155,54-00,,,22,21,61270.0,38040.0,1,84-33,,,
Lamp 21PCM whole wafer,2785,1585,-69625,-68155,54-00,,,22,22,64055.0,38040.0,1,84-34,,,
Lamp 21PCM whole wafer,2785,1585,-69625,-68155,54-00,,,22,23,66840.0,38040.0,1,84-35,,,
Lamp 21PCM whole wafer,2785,1585,-69625,-68155,54-00,,,22,24,69625.0,38040.0,1,85-30,,,
Lamp 21PCM whole wafer,2785,1585,-69625,-68155,54-00,,,22,25,72410.0,38040.0,1,85-31,,,
Lamp 21PCM whole wafer,2785,1585,-69625,-68155,54-00,,,22,26,75195.0,38040.0,1,85-32,,,
Lamp 21PCM whole wafer,2785,1585,-69625,-68155,54-00,,,22,27,77980.0,38040.0,1,85-33,,,
Lamp 21PCM whole wafer,2785,1585,-69625,-68155,54-00,,,22,28,80765.0,38040.0,1,85-34,,,
Lamp 21PCM whole wafer,2785,1585,-69625,-68155,54-00,,,22,29,83550.0,38040.0,1,85-35,,,
Lamp 21PCM whole wafer,2785,1585,-69625,-68155,54-00,,,22,30,86335.0,38040.0,1,86-30,,,
Lamp 21PCM whole wafer,2785,1585,-69625,-68155,54-00,,,22,31,89120.0,38040.0,1,86-31,,,
Lamp 21PCM whole wafer,2785,1585,-69625,-68155,54-00,,,22,32,91905.0,38040.0,1,86-32,,,
Lamp 21PCM whole wafer,2785,1585,-69625,-68155,54-00,,,22,33,94690.0,38040.0,1,86-33,,,
Lamp 21PCM whole wafer,2785,1585,-69625,-68155,54-00,,,22,34,97475.0,38040.0,1,86-34,,,
Lamp 21PCM whole wafer,2785,1585,-69625,-68155,54-00,,,22,35,100260.0,38040.0,1,86-35,,,
Lamp 21PCM whole wafer,2785,1585,-69625,-68155,54-00,,,22,36,103045.0,38040.0,1,87-30,,,
Lamp 21PCM whole wafer,2785,1585,-69625,-68155,54-00,,,22,37,105830.0,38040.0,1,87-31,,,
Lamp 21PCM whole wafer,2785,1585,-69625,-68155,54-00,,,22,38,108615.0,38040.0,1,87-32,,,
Lamp 21PCM whole wafer,2785,1585,-69625,-68155,54-00,,,22,39,111400.0,38040.0,1,87-33,,,
Lamp 21PCM whole wafer,2785,1585,-69625,-68155,54-00,,,22,40,114185.0,38040.0,1,87-34,,,
Lamp 21PCM whole wafer,2785,1585,-69625,-68155,54-00,,,22,41,116970.0,38040.0,1,87-35,,,
Lamp 21PCM whole wafer,2785,1585,-69625,-68155,54-00,,,22,42,119755.0,38040.0,1,88-30,,,
Lamp 21PCM whole wafer,2785,1585,-69625,-68155,54-00,,,22,43,122540.0,38040.0,1,88-31,,,
Lamp 21PCM whole wafer,2785,1585,-69625,-68155,54-00,,,22,44,125325.0,38040.0,1,88-32,,,
Lamp 21PCM whole wafer,2785,1585,-69625,-68155,54-00,,,23,44,125325.0,39625.0,1,88-22,,,
Lamp 21PCM whole wafer,2785,1585,-69625,-68155,54-00,,,23,43,122540.0,39625.0,1,88-21,,,
Lamp 21PCM whole wafer,2785,1585,-69625,-68155,54-00,,,23,42,119755.0,39625.0,1,88-20,,,
Lamp 21PCM whole wafer,2785,1585,-69625,-68155,54-00,,,23,41,116970.0,39625.0,1,87-25,,,
Lamp 21PCM whole wafer,2785,1585,-69625,-68155,54-00,,,23,40,114185.0,39625.0,1,87-24,,,
Lamp 21PCM whole wafer,2785,1585,-69625,-68155,54-00,,,23,39,111400.0,39625.0,1,87-23,,,
Lamp 21PCM whole wafer,2785,1585,-69625,-68155,54-00,,,23,38,108615.0,39625.0,1,87-22,,,
Lamp 21PCM whole wafer,2785,1585,-69625,-68155,54-00,,,23,37,105830.0,39625.0,1,87-21,,,
Lamp 21PCM whole wafer,2785,1585,-69625,-68155,54-00,,,23,36,103045.0,39625.0,1,87-20,,,
Lamp 21PCM whole wafer,2785,1585,-69625,-68155,54-00,,,23,35,100260.0,39625.0,1,86-25,,,
Lamp 21PCM whole wafer,2785,1585,-69625,-68155,54-00,,,23,34,97475.0,39625.0,1,86-24,,,
Lamp 21PCM whole wafer,2785,1585,-69625,-68155,54-00,,,23,33,94690.0,39625.0,1,86-23,,,
Lamp 21PCM whole wafer,2785,1585,-69625,-68155,54-00,,,23,32,91905.0,39625.0,1,86-22,,,
Lamp 21PCM whole wafer,2785,1585,-69625,-68155,54-00,,,23,31,89120.0,39625.0,1,86-21,,,
Lamp 21PCM whole wafer,2785,1585,-69625,-68155,54-00,,,23,30,86335.0,39625.0,1,86-20,,,
Lamp 21PCM whole wafer,2785,1585,-69625,-68155,54-00,,,23,29,83550.0,39625.0,1,85-25,,,
Lamp 21PCM whole wafer,2785,1585,-69625,-68155,54-00,,,23,28,80765.0,39625.0,1,85-24,,,
Lamp 21PCM whole wafer,2785,1585,-69625,-68155,54-00,,,23,27,77980.0,39625.0,1,85-23,,,
Lamp 21PCM whole wafer,2785,1585,-69625,-68155,54-00,,,23,26,75195.0,39625.0,1,85-22,,,
Lamp 21PCM whole wafer,2785,1585,-69625,-68155,54-00,,,23,25,72410.0,39625.0,1,85-21,,,
Lamp 21PCM whole wafer,2785,1585,-69625,-68155,54-00,,,23,24,69625.0,39625.0,1,85-20,,,
Lamp 21PCM whole wafer,2785,1585,-69625,-68155,54-00,,,23,23,66840.0,39625.0,1,84-25,,,
Lamp 21PCM whole wafer,2785,1585,-69625,-68155,54-00,,,23,22,64055.0,39625.0,1,84-24,,,
Lamp 21PCM whole wafer,2785,1585,-69625,-68155,54-00,,,23,21,61270.0,39625.0,1,84-23,,,
Lamp 21PCM whole wafer,2785,1585,-69625,-68155,54-00,,,23,20,58485.0,39625.0,1,84-22,,,
Lamp 21PCM whole wafer,2785,1585,-69625,-68155,54-00,,,23,19,55700.0,39625.0,1,84-21,,,
Lamp 21PCM whole wafer,2785,1585,-69625,-68155,54-00,,,23,18,52915.0,39625.0,1,84-20,,,
Lamp 21PCM whole wafer,2785,1585,-69625,-68155,54-00,,,23,17,50130.0,39625.0,1,83-25,,,
Lamp 21PCM whole wafer,2785,1585,-69625,-68155,54-00,,,23,16,47345.0,39625.0,1,83-24,,,
Lamp 21PCM whole wafer,2785,1585,-69625,-68155,54-00,,,23,15,44560.0,39625.0,1,83-23,,,
Lamp 21PCM whole wafer,2785,1585,-69625,-68155,54-00,,,23,14,41775.0,39625.0,1,83-22,,,
Lamp 21PCM whole wafer,2785,1585,-69625,-68155,54-00,,,23,13,38990.0,39625.0,1,83-21,,,
Lamp 21PCM whole wafer,2785,1585,-69625,-68155,54-00,,,23,12,36205.0,39625.0,1,83-20,,,
Lamp 21PCM whole wafer,2785,1585,-69625,-68155,54-00,,,23,11,33420.0,39625.0,1,82-25,,,
Lamp 21PCM whole wafer,2785,1585,-69625,-68155,54-00,,,23,10,30635.0,39625.0,1,82-24,,,
Lamp 21PCM whole wafer,2785,1585,-69625,-68155,54-00,,,23,9,27850.0,39625.0,1,82-23,,,
Lamp 21PCM whole wafer,2785,1585,-69625,-68155,54-00,,,23,8,25065.0,39625.0,1,82-22,,,
Lamp 21PCM whole wafer,2785,1585,-69625,-68155,54-00,,,23,7,22280.0,39625.0,1,82-21,,,
Lamp 21PCM whole wafer,2785,1585,-69625,-68155,54-00,,,23,6,19495.0,39625.0,1,82-20,,,
Lamp 21PCM whole wafer,2785,1585,-69625,-68155,54-00,,,23,5,16710.0,39625.0,1,81-25,,,
Lamp 21PCM whole wafer,2785,1585,-69625,-68155,54-00,,,23,4,13925.0,39625.0,1,81-24,,,
Lamp 21PCM whole wafer,2785,1585,-69625,-68155,54-00,,,23,3,11140.0,39625.0,1,81-23,,,
Lamp 21PCM whole wafer,2785,1585,-69625,-68155,54-00,,,24,2,8355.0,41210.0,1,81-12,,,
Lamp 21PCM whole wafer,2785,1585,-69625,-68155,54-00,,,24,3,11140.0,41210.0,1,81-13,,,
Lamp 21PCM whole wafer,2785,1585,-69625,-68155,54-00,,,24,4,13925.0,41210.0,1,81-14,,,
Lamp 21PCM whole wafer,2785,1585,-69625,-68155,54-00,,,24,5,16710.0,41210.0,1,81-15,,,
Lamp 21PCM whole wafer,2785,1585,-69625,-68155,54-00,,,24,6,19495.0,41210.0,1,82-10,,,
Lamp 21PCM whole wafer,2785,1585,-69625,-68155,54-00,,,24,7,22280.0,41210.0,1,82-11,,,
Lamp 21PCM whole wafer,2785,1585,-69625,-68155,54-00,,,24,8,25065.0,41210.0,1,82-12,,,
Lamp 21PCM whole wafer,2785,1585,-69625,-68155,54-00,,,24,9,27850.0,41210.0,1,82-13,,,
Lamp 21PCM whole wafer,2785,1585,-69625,-68155,54-00,,,24,10,30635.0,41210.0,1,82-14,,,
Lamp 21PCM whole wafer,2785,1585,-69625,-68155,54-00,,,24,11,33420.0,41210.0,1,82-15,,,
Lamp 21PCM whole wafer,2785,1585,-69625,-68155,54-00,,,24,12,36205.0,41210.0,1,83-10,,,
Lamp 21PCM whole wafer,2785,1585,-69625,-68155,54-00,,,24,13,38990.0,41210.0,1,83-11,,,
Lamp 21PCM whole wafer,2785,1585,-69625,-68155,54-00,,,24,14,41775.0,41210.0,1,83-12,,,
Lamp 21PCM whole wafer,2785,1585,-69625,-68155,54-00,,,24,15,44560.0,41210.0,1,83-13,,,
Lamp 21PCM whole wafer,2785,1585,-69625,-68155,54-00,,,24,16,47345.0,41210.0,1,83-14,,,
Lamp 21PCM whole wafer,2785,1585,-69625,-68155,54-00,,,24,17,50130.0,41210.0,1,83-15,,,
Lamp 21PCM whole wafer,2785,1585,-69625,-68155,54-00,,,24,18,52915.0,41210.0,1,84-10,,,
Lamp 21PCM whole wafer,2785,1585,-69625,-68155,54-00,,,24,19,55700.0,41210.0,1,84-11,,,
Lamp 21PCM whole wafer,2785,1585,-69625,-68155,54-00,,,24,20,58485.0,41210.0,1,84-12,,,
Lamp 21PCM whole wafer,2785,1585,-69625,-68155,54-00,,,24,21,61270.0,41210.0,1,84-13,,,
Lamp 21PCM whole wafer,2785,1585,-69625,-68155,54-00,,,24,22,64055.0,41210.0,1,84-14,,,
Lamp 21PCM whole wafer,2785,1585,-69625,-68155,54-00,,,24,23,66840.0,41210.0,1,84-15,,,
Lamp 21PCM whole wafer,2785,1585,-69625,-68155,54-00,,,24,24,69625.0,41210.0,1,85-10,,,
Lamp 21PCM whole wafer,2785,1585,-69625,-68155,54-00,,,24,25,72410.0,41210.0,1,85-11,,,
Lamp 21PCM whole wafer,2785,1585,-69625,-68155,54-00,,,24,26,75195.0,41210.0,1,85-12,,,
Lamp 21PCM whole wafer,2785,1585,-69625,-68155,54-00,,,24,27,77980.0,41210.0,1,85-13,,,
Lamp 21PCM whole wafer,2785,1585,-69625,-68155,54-00,,,24,28,80765.0,41210.0,1,85-14,,,
Lamp 21PCM whole wafer,2785,1585,-69625,-68155,54-00,,,24,29,83550.0,41210.0,1,85-15,,,
Lamp 21PCM whole wafer,2785,1585,-69625,-68155,54-00,,,24,30,86335.0,41210.0,1,86-10,,,
Lamp 21PCM whole wafer,2785,1585,-69625,-68155,54-00,,,24,31,89120.0,41210.0,1,86-11,,,
Lamp 21PCM whole wafer,2785,1585,-69625,-68155,54-00,,,24,32,91905.0,41210.0,1,86-12,,,
Lamp 21PCM whole wafer,2785,1585,-69625,-68155,54-00,,,24,33,94690.0,41210.0,1,86-13,,,
Lamp 21PCM whole wafer,2785,1585,-69625,-68155,54-00,,,24,34,97475.0,41210.0,1,86-14,,,
Lamp 21PCM whole wafer,2785,1585,-69625,-68155,54-00,,,24,35,100260.0,41210.0,1,86-15,,,
Lamp 21PCM whole wafer,2785,1585,-69625,-68155,54-00,,,24,36,103045.0,41210.0,1,87-10,,,
Lamp 21PCM whole wafer,2785,1585,-69625,-68155,54-00,,,24,37,105830.0,41210.0,1,87-11,,,
Lamp 21PCM whole wafer,2785,1585,-69625,-68155,54-00,,,24,38,108615.0,41210.0,1,87-12,,,
Lamp 21PCM whole wafer,2785,1585,-69625,-68155,54-00,,,24,39,111400.0,41210.0,1,87-13,,,
Lamp 21PCM whole wafer,2785,1585,-69625,-68155,54-00,,,24,40,114185.0,41210.0,1,87-14,,,
Lamp 21PCM whole wafer,2785,1585,-69625,-68155,54-00,,,24,41,116970.0,41210.0,1,87-15,,,
Lamp 21PCM whole wafer,2785,1585,-69625,-68155,54-00,,,24,42,119755.0,41210.0,1,88-10,,,
Lamp 21PCM whole wafer,2785,1585,-69625,-68155,54-00,,,24,43,122540.0,41210.0,1,88-11,,,
Lamp 21PCM whole wafer,2785,1585,-69625,-68155,54-00,,,24,44,125325.0,41210.0,1,88-12,,,
Lamp 21PCM whole wafer,2785,1585,-69625,-68155,54-00,,,24,45,128110.0,41210.0,1,88-13,,,
Lamp 21PCM whole wafer,2785,1585,-69625,-68155,54-00,,,25,45,128110.0,42795.0,1,88-03,,,
Lamp 21PCM whole wafer,2785,1585,-69625,-68155,54-00,,,25,44,125325.0,42795.0,1,88-02,,,
Lamp 21PCM whole wafer,2785,1585,-69625,-68155,54-00,,,25,43,122540.0,42795.0,1,88-01,,,
Lamp 21PCM whole wafer,2785,1585,-69625,-68155,54-00,,,25,42,119755.0,42795.0,1,88-00,,,
Lamp 21PCM whole wafer,2785,1585,-69625,-68155,54-00,,,25,41,116970.0,42795.0,1,87-05,,,
Lamp 21PCM whole wafer,2785,1585,-69625,-68155,54-00,,,25,40,114185.0,42795.0,1,87-04,,,
Lamp 21PCM whole wafer,2785,1585,-69625,-68155,54-00,,,25,39,111400.0,42795.0,1,87-03,,,
Lamp 21PCM whole wafer,2785,1585,-69625,-68155,54-00,,,25,38,108615.0,42795.0,1,87-02,,,
Lamp 21PCM whole wafer,2785,1585,-69625,-68155,54-00,,,25,37,105830.0,42795.0,1,87-01,,,
Lamp 21PCM whole wafer,2785,1585,-69625,-68155,54-00,,,25,36,103045.0,42795.0,1,87-00,,,
Lamp 21PCM whole wafer,2785,1585,-69625,-68155,54-00,,,25,35,100260.0,42795.0,1,86-05,,,
Lamp 21PCM whole wafer,2785,1585,-69625,-68155,54-00,,,25,34,97475.0,42795.0,1,86-04,,,
Lamp 21PCM whole wafer,2785,1585,-69625,-68155,54-00,,,25,33,94690.0,42795.0,1,86-03,,,
Lamp 21PCM whole wafer,2785,1585,-69625,-68155,54-00,,,25,32,91905.0,42795.0,1,86-02,,,
Lamp 21PCM whole wafer,2785,1585,-69625,-68155,54-00,,,25,31,89120.0,42795.0,1,86-01,,,
Lamp 21PCM whole wafer,2785,1585,-69625,-68155,54-00,,,25,30,86335.0,42795.0,1,86-00,,,
Lamp 21PCM whole wafer,2785,1585,-69625,-68155,54-00,,,25,29,83550.0,42795.0,1,85-05,,,
Lamp 21PCM whole wafer,2785,1585,-69625,-68155,54-00,,,25,28,80765.0,42795.0,1,85-04,,,
Lamp 21PCM whole wafer,2785,1585,-69625,-68155,54-00,,,25,27,77980.0,42795.0,1,85-03,,,
Lamp 21PCM whole wafer,2785,1585,-69625,-68155,54-00,,,25,26,75195.0,42795.0,1,85-02,,,
Lamp 21PCM whole wafer,2785,1585,-69625,-68155,54-00,,,25,25,72410.0,42795.0,1,85-01,,,
Lamp 21PCM whole wafer,2785,1585,-69625,-68155,54-00,,,25,24,69625.0,42795.0,1,85-00,,,
Lamp 21PCM whole wafer,2785,1585,-69625,-68155,54-00,,,25,23,66840.0,42795.0,1,84-05,,,
Lamp 21PCM whole wafer,2785,1585,-69625,-68155,54-00,,,25,22,64055.0,42795.0,1,84-04,,,
Lamp 21PCM whole wafer,2785,1585,-69625,-68155,54-00,,,25,21,61270.0,42795.0,1,84-03,,,
Lamp 21PCM whole wafer,2785,1585,-69625,-68155,54-00,,,25,20,58485.0,42795.0,1,84-02,,,
Lamp 21PCM whole wafer,2785,1585,-69625,-68155,54-00,,,25,19,55700.0,42795.0,1,84-01,,,
Lamp 21PCM whole wafer,2785,1585,-69625,-68155,54-00,,,25,18,52915.0,42795.0,1,84-00,,,
Lamp 21PCM whole wafer,2785,1585,-69625,-68155,54-00,,,25,17,50130.0,42795.0,1,83-05,,,
Lamp 21PCM whole wafer,2785,1585,-69625,-68155,54-00,,,25,16,47345.0,42795.0,1,83-04,,,
Lamp 21PCM whole wafer,2785,1585,-69625,-68155,54-00,,,25,15,44560.0,42795.0,1,83-03,,,
Lamp 21PCM whole wafer,2785,1585,-69625,-68155,54-00,,,25,14,41775.0,42795.0,1,83-02,,,
Lamp 21PCM whole wafer,2785,1585,-69625,-68155,54-00,,,25,13,38990.0,42795.0,1,83-01,,,
Lamp 21PCM whole wafer,2785,1585,-69625,-68155,54-00,,,25,12,36205.0,42795.0,1,83-00,,,
Lamp 21PCM whole wafer,2785,1585,-69625,-68155,54-00,,,25,11,33420.0,42795.0,1,82-05,,,
Lamp 21PCM whole wafer,2785,1585,-69625,-68155,54-00,,,25,10,30635.0,42795.0,1,82-04,,,
Lamp 21PCM whole wafer,2785,1585,-69625,-68155,54-00,,,25,9,27850.0,42795.0,1,82-03,,,
Lamp 21PCM whole wafer,2785,1585,-69625,-68155,54-00,,,25,8,25065.0,42795.0,1,82-02,,,
Lamp 21PCM whole wafer,2785,1585,-69625,-68155,54-00,,,25,7,22280.0,42795.0,1,82-01,,,
Lamp 21PCM whole wafer,2785,1585,-69625,-68155,54-00,,,25,6,19495.0,42795.0,1,82-00,,,
Lamp 21PCM whole wafer,2785,1585,-69625,-68155,54-00,,,25,5,16710.0,42795.0,1,81-05,,,
Lamp 21PCM whole wafer,2785,1585,-69625,-68155,54-00,,,25,4,13925.0,42795.0,1,81-04,,,
Lamp 21PCM whole wafer,2785,1585,-69625,-68155,54-00,,,25,3,11140.0,42795.0,1,81-03,,,
Lamp 21PCM whole wafer,2785,1585,-69625,-68155,54-00,,,25,2,8355.0,42795.0,1,81-02,,,
Lamp 21PCM whole wafer,2785,1585,-69625,-68155,54-00,,,26,2,8355.0,44380.0,1,71-72,,,
Lamp 21PCM whole wafer,2785,1585,-69625,-68155,54-00,,,26,3,11140.0,44380.0,1,71-73,,,
Lamp 21PCM whole wafer,2785,1585,-69625,-68155,54-00,,,26,4,13925.0,44380.0,1,71-74,,,
Lamp 21PCM whole wafer,2785,1585,-69625,-68155,54-00,,,26,5,16710.0,44380.0,1,71-75,,,
Lamp 21PCM whole wafer,2785,1585,-69625,-68155,54-00,,,26,6,19495.0,44380.0,1,72-70,,,
Lamp 21PCM whole wafer,2785,1585,-69625,-68155,54-00,,,26,7,22280.0,44380.0,1,72-71,,,
Lamp 21PCM whole wafer,2785,1585,-69625,-68155,54-00,,,26,8,25065.0,44380.0,1,72-72,,,
Lamp 21PCM whole wafer,2785,1585,-69625,-68155,54-00,,,26,9,27850.0,44380.0,1,72-73,,,
Lamp 21PCM whole wafer,2785,1585,-69625,-68155,54-00,,,26,10,30635.0,44380.0,1,72-74,,,
Lamp 21PCM whole wafer,2785,1585,-69625,-68155,54-00,,,26,11,33420.0,44380.0,1,72-75,,,
Lamp 21PCM whole wafer,2785,1585,-69625,-68155,54-00,,,26,12,36205.0,44380.0,1,73-70,,,
Lamp 21PCM whole wafer,2785,1585,-69625,-68155,54-00,,,26,13,38990.0,44380.0,1,73-71,,,
Lamp 21PCM whole wafer,2785,1585,-69625,-68155,54-00,,,26,14,41775.0,44380.0,1,73-72,,,
Lamp 21PCM whole wafer,2785,1585,-69625,-68155,54-00,,,26,15,44560.0,44380.0,1,73-73,,,
Lamp 21PCM whole wafer,2785,1585,-69625,-68155,54-00,,,26,16,47345.0,44380.0,1,73-74,,,
Lamp 21PCM whole wafer,2785,1585,-69625,-68155,54-00,,,26,17,50130.0,44380.0,1,73-75,,,
Lamp 21PCM whole wafer,2785,1585,-69625,-68155,54-00,,,26,18,52915.0,44380.0,1,74-70,,,
Lamp 21PCM whole wafer,2785,1585,-69625,-68155,54-00,,,26,19,55700.0,44380.0,1,74-71,,,
Lamp 21PCM whole wafer,2785,1585,-69625,-68155,54-00,,,26,20,58485.0,44380.0,1,74-72,,,
Lamp 21PCM whole wafer,2785,1585,-69625,-68155,54-00,,,26,21,61270.0,44380.0,1,74-73,,,
Lamp 21PCM whole wafer,2785,1585,-69625,-68155,54-00,,,26,22,64055.0,44380.0,1,74-74,,,
Lamp 21PCM whole wafer,2785,1585,-69625,-68155,54-00,,,26,23,66840.0,44380.0,1,74-75,,,
Lamp 21PCM whole wafer,2785,1585,-69625,-68155,54-00,,,26,24,69625.0,44380.0,1,75-70,,,
Lamp 21PCM whole wafer,2785,1585,-69625,-68155,54-00,,,26,25,72410.0,44380.0,1,75-71,,,
Lamp 21PCM whole wafer,2785,1585,-69625,-68155,54-00,,,26,26,75195.0,44380.0,1,75-72,,,
Lamp 21PCM whole wafer,2785,1585,-69625,-68155,54-00,,,26,27,77980.0,44380.0,1,75-73,,,
Lamp 21PCM whole wafer,2785,1585,-69625,-68155,54-00,,,26,28,80765.0,44380.0,1,75-74,,,
Lamp 21PCM whole wafer,2785,1585,-69625,-68155,54-00,,,26,29,83550.0,44380.0,1,75-75,,,
Lamp 21PCM whole wafer,2785,1585,-69625,-68155,54-00,,,26,30,86335.0,44380.0,1,76-70,,,
Lamp 21PCM whole wafer,2785,1585,-69625,-68155,54-00,,,26,31,89120.0,44380.0,1,76-71,,,
Lamp 21PCM whole wafer,2785,1585,-69625,-68155,54-00,,,26,32,91905.0,44380.0,1,76-72,,,
Lamp 21PCM whole wafer,2785,1585,-69625,-68155,54-00,,,26,33,94690.0,44380.0,1,76-73,,,
Lamp 21PCM whole wafer,2785,1585,-69625,-68155,54-00,,,26,34,97475.0,44380.0,1,76-74,,,
Lamp 21PCM whole wafer,2785,1585,-69625,-68155,54-00,,,26,35,100260.0,44380.0,1,76-75,,,
Lamp 21PCM whole wafer,2785,1585,-69625,-68155,54-00,,,26,36,103045.0,44380.0,1,77-70,,,
Lamp 21PCM whole wafer,2785,1585,-69625,-68155,54-00,,,26,37,105830.0,44380.0,1,77-71,,,
Lamp 21PCM whole wafer,2785,1585,-69625,-68155,54-00,,,26,38,108615.0,44380.0,1,77-72,,,
Lamp 21PCM whole wafer,2785,1585,-69625,-68155,54-00,,,26,39,111400.0,44380.0,1,77-73,,,
Lamp 21PCM whole wafer,2785,1585,-69625,-68155,54-00,,,26,40,114185.0,44380.0,1,77-74,,,
Lamp 21PCM whole wafer,2785,1585,-69625,-68155,54-00,,,26,41,116970.0,44380.0,1,77-75,,,
Lamp 21PCM whole wafer,2785,1585,-69625,-68155,54-00,,,26,42,119755.0,44380.0,1,78-70,,,
Lamp 21PCM whole wafer,2785,1585,-69625,-68155,54-00,,,26,43,122540.0,44380.0,1,78-71,,,
Lamp 21PCM whole wafer,2785,1585,-69625,-68155,54-00,,,26,44,125325.0,44380.0,1,78-72,,,
Lamp 21PCM whole wafer,2785,1585,-69625,-68155,54-00,,,26,45,128110.0,44380.0,1,78-73,,,
Lamp 21PCM whole wafer,2785,1585,-69625,-68155,54-00,,,27,45,128110.0,45965.0,1,78-63,,,
Lamp 21PCM whole wafer,2785,1585,-69625,-68155,54-00,,,27,44,125325.0,45965.0,1,78-62,,,
Lamp 21PCM whole wafer,2785,1585,-69625,-68155,54-00,,,27,43,122540.0,45965.0,1,78-61,,,
Lamp 21PCM whole wafer,2785,1585,-69625,-68155,54-00,,,27,42,119755.0,45965.0,1,78-60,,,
Lamp 21PCM whole wafer,2785,1585,-69625,-68155,54-00,,,27,41,116970.0,45965.0,1,77-65,,,
Lamp 21PCM whole wafer,2785,1585,-69625,-68155,54-00,,,27,40,114185.0,45965.0,1,77-64,,,
Lamp 21PCM whole wafer,2785,1585,-69625,-68155,54-00,,,27,39,111400.0,45965.0,1,77-63,,,
Lamp 21PCM whole wafer,2785,1585,-69625,-68155,54-00,,,27,38,108615.0,45965.0,1,77-62,,,
Lamp 21PCM whole wafer,2785,1585,-69625,-68155,54-00,,,27,37,105830.0,45965.0,1,77-61,,,
Lamp 21PCM whole wafer,2785,1585,-69625,-68155,54-00,,,27,36,103045.0,45965.0,1,77-60,,,
Lamp 21PCM whole wafer,2785,1585,-69625,-68155,54-00,,,27,35,100260.0,45965.0,1,76-65,,,
Lamp 21PCM whole wafer,2785,1585,-69625,-68155,54-00,,,27,34,97475.0,45965.0,1,76-64,,,
Lamp 21PCM whole wafer,2785,1585,-69625,-68155,54-00,,,27,33,94690.0,45965.0,1,76-63,,,
Lamp 21PCM whole wafer,2785,1585,-69625,-68155,54-00,,,27,32,91905.0,45965.0,1,76-62,,,
Lamp 21PCM whole wafer,2785,1585,-69625,-68155,54-00,,,27,31,89120.0,45965.0,1,76-61,,,
Lamp 21PCM whole wafer,2785,1585,-69625,-68155,54-00,,,27,30,86335.0,45965.0,1,76-60,,,
Lamp 21PCM whole wafer,2785,1585,-69625,-68155,54-00,,,27,29,83550.0,45965.0,1,75-65,,,
Lamp 21PCM whole wafer,2785,1585,-69625,-68155,54-00,,,27,28,80765.0,45965.0,1,75-64,,,
Lamp 21PCM whole wafer,2785,1585,-69625,-68155,54-00,,,27,27,77980.0,45965.0,1,75-63,,,
Lamp 21PCM whole wafer,2785,1585,-69625,-68155,54-00,,,27,26,75195.0,45965.0,1,75-62,,,
Lamp 21PCM whole wafer,2785,1585,-69625,-68155,54-00,,,27,25,72410.0,45965.0,1,75-61,,,
Lamp 21PCM whole wafer,2785,1585,-69625,-68155,54-00,,,27,24,69625.0,45965.0,1,75-60,,,
Lamp 21PCM whole wafer,2785,1585,-69625,-68155,54-00,,,27,23,66840.0,45965.0,1,74-65,,,
Lamp 21PCM whole wafer,2785,1585,-69625,-68155,54-00,,,27,22,64055.0,45965.0,1,74-64,,,
Lamp 21PCM whole wafer,2785,1585,-69625,-68155,54-00,,,27,21,61270.0,45965.0,1,74-63,,,
Lamp 21PCM whole wafer,2785,1585,-69625,-68155,54-00,,,27,20,58485.0,45965.0,1,74-62,,,
Lamp 21PCM whole wafer,2785,1585,-69625,-68155,54-00,,,27,19,55700.0,45965.0,1,74-61,,,
Lamp 21PCM whole wafer,2785,1585,-69625,-68155,54-00,,,27,18,52915.0,45965.0,1,74-60,,,
Lamp 21PCM whole wafer,2785,1585,-69625,-68155,54-00,,,27,17,50130.0,45965.0,1,73-65,,,
Lamp 21PCM whole wafer,2785,1585,-69625,-68155,54-00,,,27,16,47345.0,45965.0,1,73-64,,,
Lamp 21PCM whole wafer,2785,1585,-69625,-68155,54-00,,,27,15,44560.0,45965.0,1,73-63,,,
Lamp 21PCM whole wafer,2785,1585,-69625,-68155,54-00,,,27,14,41775.0,45965.0,1,73-62,,,
Lamp 21PCM whole wafer,2785,1585,-69625,-68155,54-00,,,27,13,38990.0,45965.0,1,73-61,,,
Lamp 21PCM whole wafer,2785,1585,-69625,-68155,54-00,,,27,12,36205.0,45965.0,1,73-60,,,
Lamp 21PCM whole wafer,2785,1585,-69625,-68155,54-00,,,27,11,33420.0,45965.0,1,72-65,,,
Lamp 21PCM whole wafer,2785,1585,-69625,-68155,54-00,,,27,10,30635.0,45965.0,1,72-64,,,
Lamp 21PCM whole wafer,2785,1585,-69625,-68155,54-00,,,27,9,27850.0,45965.0,1,72-63,,,
Lamp 21PCM whole wafer,2785,1585,-69625,-68155,54-00,,,27,8,25065.0,45965.0,1,72-62,,,
Lamp 21PCM whole wafer,2785,1585,-69625,-68155,54-00,,,27,7,22280.0,45965.0,1,72-61,,,
Lamp 21PCM whole wafer,2785,1585,-69625,-68155,54-00,,,27,6,19495.0,45965.0,1,72-60,,,
Lamp 21PCM whole wafer,2785,1585,-69625,-68155,54-00,,,27,5,16710.0,45965.0,1,71-65,,,
Lamp 21PCM whole wafer,2785,1585,-69625,-68155,54-00,,,27,4,13925.0,45965.0,1,71-64,,,
Lamp 21PCM whole wafer,2785,1585,-69625,-68155,54-00,,,27,3,11140.0,45965.0,1,71-63,,,
Lamp 21PCM whole wafer,2785,1585,-69625,-68155,54-00,,,27,2,8355.0,45965.0,1,71-62,,,
Lamp 21PCM whole wafer,2785,1585,-69625,-68155,54-00,,,28,1,5570.0,47550.0,1,71-51,,,
Lamp 21PCM whole wafer,2785,1585,-69625,-68155,54-00,,,28,2,8355.0,47550.0,1,71-52,,,
Lamp 21PCM whole wafer,2785,1585,-69625,-68155,54-00,,,28,3,11140.0,47550.0,1,71-53,,,
Lamp 21PCM whole wafer,2785,1585,-69625,-68155,54-00,,,28,4,13925.0,47550.0,1,71-54,,,
Lamp 21PCM whole wafer,2785,1585,-69625,-68155,54-00,,,28,5,16710.0,47550.0,1,71-55,,,
Lamp 21PCM whole wafer,2785,1585,-69625,-68155,54-00,,,28,6,19495.0,47550.0,1,72-50,,,
Lamp 21PCM whole wafer,2785,1585,-69625,-68155,54-00,,,28,7,22280.0,47550.0,1,72-51,,,
Lamp 21PCM whole wafer,2785,1585,-69625,-68155,54-00,,,28,8,25065.0,47550.0,1,72-52,,,
Lamp 21PCM whole wafer,2785,1585,-69625,-68155,54-00,,,28,9,27850.0,47550.0,1,72-53,,,
Lamp 21PCM whole wafer,2785,1585,-69625,-68155,54-00,,,28,10,30635.0,47550.0,1,72-54,,,
Lamp 21PCM whole wafer,2785,1585,-69625,-68155,54-00,,,28,11,33420.0,47550.0,1,72-55,,,
Lamp 21PCM whole wafer,2785,1585,-69625,-68155,54-00,,,28,12,36205.0,47550.0,1,73-50,,,
Lamp 21PCM whole wafer,2785,1585,-69625,-68155,54-00,,,28,13,38990.0,47550.0,1,73-51,,,
Lamp 21PCM whole wafer,2785,1585,-69625,-68155,54-00,,,28,14,41775.0,47550.0,1,73-52,,,
Lamp 21PCM whole wafer,2785,1585,-69625,-68155,54-00,,,28,15,44560.0,47550.0,1,73-53,,,
Lamp 21PCM whole wafer,2785,1585,-69625,-68155,54-00,,,28,16,47345.0,47550.0,1,73-54,,,
Lamp 21PCM whole wafer,2785,1585,-69625,-68155,54-00,,,28,17,50130.0,47550.0,1,73-55,,,
Lamp 21PCM whole wafer,2785,1585,-69625,-68155,54-00,,,28,18,52915.0,47550.0,1,74-50,,,
Lamp 21PCM whole wafer,2785,1585,-69625,-68155,54-00,,,28,19,55700.0,47550.0,1,74-51,,,
Lamp 21PCM whole wafer,2785,1585,-69625,-68155,54-00,,,28,20,58485.0,47550.0,1,74-52,,,
Lamp 21PCM whole wafer,2785,1585,-69625,-68155,54-00,,,28,21,61270.0,47550.0,1,74-53,,,
Lamp 21PCM whole wafer,2785,1585,-69625,-68155,54-00,,,28,22,64055.0,47550.0,1,74-54,,,
Lamp 21PCM whole wafer,2785,1585,-69625,-68155,54-00,,,28,23,66840.0,47550.0,1,74-55,,,
Lamp 21PCM whole wafer,2785,1585,-69625,-68155,54-00,,,28,24,69625.0,47550.0,1,75-50,,,
Lamp 21PCM whole wafer,2785,1585,-69625,-68155,54-00,,,28,25,72410.0,47550.0,1,75-51,,,
Lamp 21PCM whole wafer,2785,1585,-69625,-68155,54-00,,,28,26,75195.0,47550.0,1,75-52,,,
Lamp 21PCM whole wafer,2785,1585,-69625,-68155,54-00,,,28,27,77980.0,47550.0,1,75-53,,,
Lamp 21PCM whole wafer,2785,1585,-69625,-68155,54-00,,,28,28,80765.0,47550.0,1,75-54,,,
Lamp 21PCM whole wafer,2785,1585,-69625,-68155,54-00,,,28,29,83550.0,47550.0,1,75-55,,,
Lamp 21PCM whole wafer,2785,1585,-69625,-68155,54-00,,,28,30,86335.0,47550.0,1,76-50,,,
Lamp 21PCM whole wafer,2785,1585,-69625,-68155,54-00,,,28,31,89120.0,47550.0,1,76-51,,,
Lamp 21PCM whole wafer,2785,1585,-69625,-68155,54-00,,,28,32,91905.0,47550.0,1,76-52,,,
Lamp 21PCM whole wafer,2785,1585,-69625,-68155,54-00,,,28,33,94690.0,47550.0,1,76-53,,,
Lamp 21PCM whole wafer,2785,1585,-69625,-68155,54-00,,,28,34,97475.0,47550.0,1,76-54,,,
Lamp 21PCM whole wafer,2785,1585,-69625,-68155,54-00,,,28,35,100260.0,47550.0,1,76-55,,,
Lamp 21PCM whole wafer,2785,1585,-69625,-68155,54-00,,,28,36,103045.0,47550.0,1,77-50,,,
Lamp 21PCM whole wafer,2785,1585,-69625,-68155,54-00,,,28,37,105830.0,47550.0,1,77-51,,,
Lamp 21PCM whole wafer,2785,1585,-69625,-68155,54-00,,,28,38,108615.0,47550.0,1,77-52,,,
Lamp 21PCM whole wafer,2785,1585,-69625,-68155,54-00,,,28,39,111400.0,47550.0,1,77-53,,,
Lamp 21PCM whole wafer,2785,1585,-69625,-68155,54-00,,,28,40,114185.0,47550.0,1,77-54,,,
Lamp 21PCM whole wafer,2785,1585,-69625,-68155,54-00,,,28,41,116970.0,47550.0,1,77-55,,,
Lamp 21PCM whole wafer,2785,1585,-69625,-68155,54-00,,,28,42,119755.0,47550.0,1,78-50,,,
Lamp 21PCM whole wafer,2785,1585,-69625,-68155,54-00,,,28,43,122540.0,47550.0,1,78-51,,,
Lamp 21PCM whole wafer,2785,1585,-69625,-68155,54-00,,,28,44,125325.0,47550.0,1,78-52,,,
Lamp 21PCM whole wafer,2785,1585,-69625,-68155,54-00,,,28,45,128110.0,47550.0,1,78-53,,,
Lamp 21PCM whole wafer,2785,1585,-69625,-68155,54-00,,,28,46,130895.0,47550.0,1,78-54,,,
Lamp 21PCM whole wafer,2785,1585,-69625,-68155,54-00,,,29,46,130895.0,49135.0,1,78-44,,,
Lamp 21PCM whole wafer,2785,1585,-69625,-68155,54-00,,,29,45,128110.0,49135.0,1,78-43,,,
Lamp 21PCM whole wafer,2785,1585,-69625,-68155,54-00,,,29,44,125325.0,49135.0,1,78-42,,,
Lamp 21PCM whole wafer,2785,1585,-69625,-68155,54-00,,,29,43,122540.0,49135.0,1,78-41,,,
Lamp 21PCM whole wafer,2785,1585,-69625,-68155,54-00,,,29,42,119755.0,49135.0,1,78-40,,,
Lamp 21PCM whole wafer,2785,1585,-69625,-68155,54-00,,,29,41,116970.0,49135.0,1,77-45,,,
Lamp 21PCM whole wafer,2785,1585,-69625,-68155,54-00,,,29,40,114185.0,49135.0,1,77-44,,,
Lamp 21PCM whole wafer,2785,1585,-69625,-68155,54-00,,,29,39,111400.0,49135.0,1,77-43,,,
Lamp 21PCM whole wafer,2785,1585,-69625,-68155,54-00,,,29,37,105830.0,49135.0,1,77-41,,,
Lamp 21PCM whole wafer,2785,1585,-69625,-68155,54-00,,,29,36,103045.0,49135.0,1,77-40,,,
Lamp 21PCM whole wafer,2785,1585,-69625,-68155,54-00,,,29,35,100260.0,49135.0,1,76-45,,,
Lamp 21PCM whole wafer,2785,1585,-69625,-68155,54-00,,,29,34,97475.0,49135.0,1,76-44,,,
Lamp 21PCM whole wafer,2785,1585,-69625,-68155,54-00,,,29,33,94690.0,49135.0,1,76-43,,,
Lamp 21PCM whole wafer,2785,1585,-69625,-68155,54-00,,,29,32,91905.0,49135.0,1,76-42,,,
Lamp 21PCM whole wafer,2785,1585,-69625,-68155,54-00,,,29,31,89120.0,49135.0,1,76-41,,,
Lamp 21PCM whole wafer,2785,1585,-69625,-68155,54-00,,,29,30,86335.0,49135.0,1,76-40,,,
Lamp 21PCM whole wafer,2785,1585,-69625,-68155,54-00,,,29,29,83550.0,49135.0,1,75-45,,,
Lamp 21PCM whole wafer,2785,1585,-69625,-68155,54-00,,,29,28,80765.0,49135.0,1,75-44,,,
Lamp 21PCM whole wafer,2785,1585,-69625,-68155,54-00,,,29,27,77980.0,49135.0,1,75-43,,,
Lamp 21PCM whole wafer,2785,1585,-69625,-68155,54-00,,,29,25,72410.0,49135.0,1,75-41,,,
Lamp 21PCM whole wafer,2785,1585,-69625,-68155,54-00,,,29,24,69625.0,49135.0,1,75-40,,,
Lamp 21PCM whole wafer,2785,1585,-69625,-68155,54-00,,,29,23,66840.0,49135.0,1,74-45,,,
Lamp 21PCM whole wafer,2785,1585,-69625,-68155,54-00,,,29,22,64055.0,49135.0,1,74-44,,,
Lamp 21PCM whole wafer,2785,1585,-69625,-68155,54-00,,,29,21,61270.0,49135.0,1,74-43,,,
Lamp 21PCM whole wafer,2785,1585,-69625,-68155,54-00,,,29,20,58485.0,49135.0,1,74-42,,,
Lamp 21PCM whole wafer,2785,1585,-69625,-68155,54-00,,,29,19,55700.0,49135.0,1,74-41,,,
Lamp 21PCM whole wafer,2785,1585,-69625,-68155,54-00,,,29,18,52915.0,49135.0,1,74-40,,,
Lamp 21PCM whole wafer,2785,1585,-69625,-68155,54-00,,,29,17,50130.0,49135.0,1,73-45,,,
Lamp 21PCM whole wafer,2785,1585,-69625,-68155,54-00,,,29,16,47345.0,49135.0,1,73-44,,,
Lamp 21PCM whole wafer,2785,1585,-69625,-68155,54-00,,,29,15,44560.0,49135.0,1,73-43,,,
Lamp 21PCM whole wafer,2785,1585,-69625,-68155,54-00,,,29,13,38990.0,49135.0,1,73-41,,,
Lamp 21PCM whole wafer,2785,1585,-69625,-68155,54-00,,,29,12,36205.0,49135.0,1,73-40,,,
Lamp 21PCM whole wafer,2785,1585,-69625,-68155,54-00,,,29,11,33420.0,49135.0,1,72-45,,,
Lamp 21PCM whole wafer,2785,1585,-69625,-68155,54-00,,,29,10,30635.0,49135.0,1,72-44,,,
Lamp 21PCM whole wafer,2785,1585,-69625,-68155,54-00,,,29,9,27850.0,49135.0,1,72-43,,,
Lamp 21PCM whole wafer,2785,1585,-69625,-68155,54-00,,,29,8,25065.0,49135.0,1,72-42,,,
Lamp 21PCM whole wafer,2785,1585,-69625,-68155,54-00,,,29,7,22280.0,49135.0,1,72-41,,,
Lamp 21PCM whole wafer,2785,1585,-69625,-68155,54-00,,,29,6,19495.0,49135.0,1,72-40,,,
Lamp 21PCM whole wafer,2785,1585,-69625,-68155,54-00,,,29,5,16710.0,49135.0,1,71-45,,,
Lamp 21PCM whole wafer,2785,1585,-69625,-68155,54-00,,,29,4,13925.0,49135.0,1,71-44,,,
Lamp 21PCM whole wafer,2785,1585,-69625,-68155,54-00,,,29,3,11140.0,49135.0,1,71-43,,,
Lamp 21PCM whole wafer,2785,1585,-69625,-68155,54-00,,,29,2,8355.0,49135.0,1,71-42,,,
Lamp 21PCM whole wafer,2785,1585,-69625,-68155,54-00,,,29,1,5570.0,49135.0,1,71-41,,,
Lamp 21PCM whole wafer,2785,1585,-69625,-68155,54-00,,,30,1,5570.0,50720.0,1,71-31,,,
Lamp 21PCM whole wafer,2785,1585,-69625,-68155,54-00,,,30,2,8355.0,50720.0,1,71-32,,,
Lamp 21PCM whole wafer,2785,1585,-69625,-68155,54-00,,,30,3,11140.0,50720.0,1,71-33,,,
Lamp 21PCM whole wafer,2785,1585,-69625,-68155,54-00,,,30,4,13925.0,50720.0,1,71-34,,,
Lamp 21PCM whole wafer,2785,1585,-69625,-68155,54-00,,,30,5,16710.0,50720.0,1,71-35,,,
Lamp 21PCM whole wafer,2785,1585,-69625,-68155,54-00,,,30,6,19495.0,50720.0,1,72-30,,,
Lamp 21PCM whole wafer,2785,1585,-69625,-68155,54-00,,,30,7,22280.0,50720.0,1,72-31,,,
Lamp 21PCM whole wafer,2785,1585,-69625,-68155,54-00,,,30,8,25065.0,50720.0,1,72-32,,,
Lamp 21PCM whole wafer,2785,1585,-69625,-68155,54-00,,,30,9,27850.0,50720.0,1,72-33,,,
Lamp 21PCM whole wafer,2785,1585,-69625,-68155,54-00,,,30,10,30635.0,50720.0,1,72-34,,,
Lamp 21PCM whole wafer,2785,1585,-69625,-68155,54-00,,,30,11,33420.0,50720.0,1,72-35,,,
Lamp 21PCM whole wafer,2785,1585,-69625,-68155,54-00,,,30,12,36205.0,50720.0,1,73-30,,,
Lamp 21PCM whole wafer,2785,1585,-69625,-68155,54-00,,,30,13,38990.0,50720.0,1,73-31,,,
Lamp 21PCM whole wafer,2785,1585,-69625,-68155,54-00,,,30,14,41775.0,50720.0,1,73-32,,,
Lamp 21PCM whole wafer,2785,1585,-69625,-68155,54-00,,,30,15,44560.0,50720.0,1,73-33,,,
Lamp 21PCM whole wafer,2785,1585,-69625,-68155,54-00,,,30,16,47345.0,50720.0,1,73-34,,,
Lamp 21PCM whole wafer,2785,1585,-69625,-68155,54-00,,,30,17,50130.0,50720.0,1,73-35,,,
Lamp 21PCM whole wafer,2785,1585,-69625,-68155,54-00,,,30,18,52915.0,50720.0,1,74-30,,,
Lamp 21PCM whole wafer,2785,1585,-69625,-68155,54-00,,,30,19,55700.0,50720.0,1,74-31,,,
Lamp 21PCM whole wafer,2785,1585,-69625,-68155,54-00,,,30,20,58485.0,50720.0,1,74-32,,,
Lamp 21PCM whole wafer,2785,1585,-69625,-68155,54-00,,,30,21,61270.0,50720.0,1,74-33,,,
Lamp 21PCM whole wafer,2785,1585,-69625,-68155,54-00,,,30,22,64055.0,50720.0,1,74-34,,,
Lamp 21PCM whole wafer,2785,1585,-69625,-68155,54-00,,,30,23,66840.0,50720.0,1,74-35,,,
Lamp 21PCM whole wafer,2785,1585,-69625,-68155,54-00,,,30,24,69625.0,50720.0,1,75-30,,,
Lamp 21PCM whole wafer,2785,1585,-69625,-68155,54-00,,,30,25,72410.0,50720.0,1,75-31,,,
Lamp 21PCM whole wafer,2785,1585,-69625,-68155,54-00,,,30,26,75195.0,50720.0,1,75-32,,,
Lamp 21PCM whole wafer,2785,1585,-69625,-68155,54-00,,,30,27,77980.0,50720.0,1,75-33,,,
Lamp 21PCM whole wafer,2785,1585,-69625,-68155,54-00,,,30,28,80765.0,50720.0,1,75-34,,,
Lamp 21PCM whole wafer,2785,1585,-69625,-68155,54-00,,,30,29,83550.0,50720.0,1,75-35,,,
Lamp 21PCM whole wafer,2785,1585,-69625,-68155,54-00,,,30,30,86335.0,50720.0,1,76-30,,,
Lamp 21PCM whole wafer,2785,1585,-69625,-68155,54-00,,,30,31,89120.0,50720.0,1,76-31,,,
Lamp 21PCM whole wafer,2785,1585,-69625,-68155,54-00,,,30,32,91905.0,50720.0,1,76-32,,,
Lamp 21PCM whole wafer,2785,1585,-69625,-68155,54-00,,,30,33,94690.0,50720.0,1,76-33,,,
Lamp 21PCM whole wafer,2785,1585,-69625,-68155,54-00,,,30,34,97475.0,50720.0,1,76-34,,,
Lamp 21PCM whole wafer,2785,1585,-69625,-68155,54-00,,,30,35,100260.0,50720.0,1,76-35,,,
Lamp 21PCM whole wafer,2785,1585,-69625,-68155,54-00,,,30,36,103045.0,50720.0,1,77-30,,,
Lamp 21PCM whole wafer,2785,1585,-69625,-68155,54-00,,,30,37,105830.0,50720.0,1,77-31,,,
Lamp 21PCM whole wafer,2785,1585,-69625,-68155,54-00,,,30,38,108615.0,50720.0,1,77-32,,,
Lamp 21PCM whole wafer,2785,1585,-69625,-68155,54-00,,,30,39,111400.0,50720.0,1,77-33,,,
Lamp 21PCM whole wafer,2785,1585,-69625,-68155,54-00,,,30,40,114185.0,50720.0,1,77-34,,,
Lamp 21PCM whole wafer,2785,1585,-69625,-68155,54-00,,,30,41,116970.0,50720.0,1,77-35,,,
Lamp 21PCM whole wafer,2785,1585,-69625,-68155,54-00,,,30,42,119755.0,50720.0,1,78-30,,,
Lamp 21PCM whole wafer,2785,1585,-69625,-68155,54-00,,,30,43,122540.0,50720.0,1,78-31,,,
Lamp 21PCM whole wafer,2785,1585,-69625,-68155,54-00,,,30,44,125325.0,50720.0,1,78-32,,,
Lamp 21PCM whole wafer,2785,1585,-69625,-68155,54-00,,,30,45,128110.0,50720.0,1,78-33,,,
Lamp 21PCM whole wafer,2785,1585,-69625,-68155,54-00,,,30,46,130895.0,50720.0,1,78-34,,,
Lamp 21PCM whole wafer,2785,1585,-69625,-68155,54-00,,,31,46,130895.0,52305.0,1,78-24,,,
Lamp 21PCM whole wafer,2785,1585,-69625,-68155,54-00,,,31,45,128110.0,52305.0,1,78-23,,,
Lamp 21PCM whole wafer,2785,1585,-69625,-68155,54-00,,,31,44,125325.0,52305.0,1,78-22,,,
Lamp 21PCM whole wafer,2785,1585,-69625,-68155,54-00,,,31,43,122540.0,52305.0,1,78-21,,,
Lamp 21PCM whole wafer,2785,1585,-69625,-68155,54-00,,,31,42,119755.0,52305.0,1,78-20,,,
Lamp 21PCM whole wafer,2785,1585,-69625,-68155,54-00,,,31,41,116970.0,52305.0,1,77-25,,,
Lamp 21PCM whole wafer,2785,1585,-69625,-68155,54-00,,,31,40,114185.0,52305.0,1,77-24,,,
Lamp 21PCM whole wafer,2785,1585,-69625,-68155,54-00,,,31,39,111400.0,52305.0,1,77-23,,,
Lamp 21PCM whole wafer,2785,1585,-69625,-68155,54-00,,,31,38,108615.0,52305.0,1,77-22,,,
Lamp 21PCM whole wafer,2785,1585,-69625,-68155,54-00,,,31,37,105830.0,52305.0,1,77-21,,,
Lamp 21PCM whole wafer,2785,1585,-69625,-68155,54-00,,,31,36,103045.0,52305.0,1,77-20,,,
Lamp 21PCM whole wafer,2785,1585,-69625,-68155,54-00,,,31,35,100260.0,52305.0,1,76-25,,,
Lamp 21PCM whole wafer,2785,1585,-69625,-68155,54-00,,,31,34,97475.0,52305.0,1,76-24,,,
Lamp 21PCM whole wafer,2785,1585,-69625,-68155,54-00,,,31,33,94690.0,52305.0,1,76-23,,,
Lamp 21PCM whole wafer,2785,1585,-69625,-68155,54-00,,,31,32,91905.0,52305.0,1,76-22,,,
Lamp 21PCM whole wafer,2785,1585,-69625,-68155,54-00,,,31,31,89120.0,52305.0,1,76-21,,,
Lamp 21PCM whole wafer,2785,1585,-69625,-68155,54-00,,,31,30,86335.0,52305.0,1,76-20,,,
Lamp 21PCM whole wafer,2785,1585,-69625,-68155,54-00,,,31,29,83550.0,52305.0,1,75-25,,,
Lamp 21PCM whole wafer,2785,1585,-69625,-68155,54-00,,,31,28,80765.0,52305.0,1,75-24,,,
Lamp 21PCM whole wafer,2785,1585,-69625,-68155,54-00,,,31,27,77980.0,52305.0,1,75-23,,,
Lamp 21PCM whole wafer,2785,1585,-69625,-68155,54-00,,,31,26,75195.0,52305.0,1,75-22,,,
Lamp 21PCM whole wafer,2785,1585,-69625,-68155,54-00,,,31,25,72410.0,52305.0,1,75-21,,,
Lamp 21PCM whole wafer,2785,1585,-69625,-68155,54-00,,,31,24,69625.0,52305.0,1,75-20,,,
Lamp 21PCM whole wafer,2785,1585,-69625,-68155,54-00,,,31,23,66840.0,52305.0,1,74-25,,,
Lamp 21PCM whole wafer,2785,1585,-69625,-68155,54-00,,,31,22,64055.0,52305.0,1,74-24,,,
Lamp 21PCM whole wafer,2785,1585,-69625,-68155,54-00,,,31,21,61270.0,52305.0,1,74-23,,,
Lamp 21PCM whole wafer,2785,1585,-69625,-68155,54-00,,,31,20,58485.0,52305.0,1,74-22,,,
Lamp 21PCM whole wafer,2785,1585,-69625,-68155,54-00,,,31,19,55700.0,52305.0,1,74-21,,,
Lamp 21PCM whole wafer,2785,1585,-69625,-68155,54-00,,,31,18,52915.0,52305.0,1,74-20,,,
Lamp 21PCM whole wafer,2785,1585,-69625,-68155,54-00,,,31,17,50130.0,52305.0,1,73-25,,,
Lamp 21PCM whole wafer,2785,1585,-69625,-68155,54-00,,,31,16,47345.0,52305.0,1,73-24,,,
Lamp 21PCM whole wafer,2785,1585,-69625,-68155,54-00,,,31,15,44560.0,52305.0,1,73-23,,,
Lamp 21PCM whole wafer,2785,1585,-69625,-68155,54-00,,,31,14,41775.0,52305.0,1,73-22,,,
Lamp 21PCM whole wafer,2785,1585,-69625,-68155,54-00,,,31,13,38990.0,52305.0,1,73-21,,,
Lamp 21PCM whole wafer,2785,1585,-69625,-68155,54-00,,,31,12,36205.0,52305.0,1,73-20,,,
Lamp 21PCM whole wafer,2785,1585,-69625,-68155,54-00,,,31,11,33420.0,52305.0,1,72-25,,,
Lamp 21PCM whole wafer,2785,1585,-69625,-68155,54-00,,,31,10,30635.0,52305.0,1,72-24,,,
Lamp 21PCM whole wafer,2785,1585,-69625,-68155,54-00,,,31,9,27850.0,52305.0,1,72-23,,,
Lamp 21PCM whole wafer,2785,1585,-69625,-68155,54-00,,,31,8,25065.0,52305.0,1,72-22,,,
Lamp 21PCM whole wafer,2785,1585,-69625,-68155,54-00,,,31,7,22280.0,52305.0,1,72-21,,,
Lamp 21PCM whole wafer,2785,1585,-69625,-68155,54-00,,,31,6,19495.0,52305.0,1,72-20,,,
Lamp 21PCM whole wafer,2785,1585,-69625,-68155,54-00,,,31,5,16710.0,52305.0,1,71-25,,,
Lamp 21PCM whole wafer,2785,1585,-69625,-68155,54-00,,,31,4,13925.0,52305.0,1,71-24,,,
Lamp 21PCM whole wafer,2785,1585,-69625,-68155,54-00,,,31,3,11140.0,52305.0,1,71-23,,,
Lamp 21PCM whole wafer,2785,1585,-69625,-68155,54-00,,,31,2,8355.0,52305.0,1,71-22,,,
Lamp 21PCM whole wafer,2785,1585,-69625,-68155,54-00,,,31,1,5570.0,52305.0,1,71-21,,,
Lamp 21PCM whole wafer,2785,1585,-69625,-68155,54-00,,,32,1,5570.0,53890.0,1,71-11,,,
Lamp 21PCM whole wafer,2785,1585,-69625,-68155,54-00,,,32,2,8355.0,53890.0,1,71-12,,,
Lamp 21PCM whole wafer,2785,1585,-69625,-68155,54-00,,,32,3,11140.0,53890.0,1,71-13,,,
Lamp 21PCM whole wafer,2785,1585,-69625,-68155,54-00,,,32,4,13925.0,53890.0,1,71-14,,,
Lamp 21PCM whole wafer,2785,1585,-69625,-68155,54-00,,,32,5,16710.0,53890.0,1,71-15,,,
Lamp 21PCM whole wafer,2785,1585,-69625,-68155,54-00,,,32,6,19495.0,53890.0,1,72-10,,,
Lamp 21PCM whole wafer,2785,1585,-69625,-68155,54-00,,,32,7,22280.0,53890.0,1,72-11,,,
Lamp 21PCM whole wafer,2785,1585,-69625,-68155,54-00,,,32,8,25065.0,53890.0,1,72-12,,,
Lamp 21PCM whole wafer,2785,1585,-69625,-68155,54-00,,,32,9,27850.0,53890.0,1,72-13,,,
Lamp 21PCM whole wafer,2785,1585,-69625,-68155,54-00,,,32,10,30635.0,53890.0,1,72-14,,,
Lamp 21PCM whole wafer,2785,1585,-69625,-68155,54-00,,,32,11,33420.0,53890.0,1,72-15,,,
Lamp 21PCM whole wafer,2785,1585,-69625,-68155,54-00,,,32,12,36205.0,53890.0,1,73-10,,,
Lamp 21PCM whole wafer,2785,1585,-69625,-68155,54-00,,,32,13,38990.0,53890.0,1,73-11,,,
Lamp 21PCM whole wafer,2785,1585,-69625,-68155,54-00,,,32,14,41775.0,53890.0,1,73-12,,,
Lamp 21PCM whole wafer,2785,1585,-69625,-68155,54-00,,,32,15,44560.0,53890.0,1,73-13,,,
Lamp 21PCM whole wafer,2785,1585,-69625,-68155,54-00,,,32,16,47345.0,53890.0,1,73-14,,,
Lamp 21PCM whole wafer,2785,1585,-69625,-68155,54-00,,,32,17,50130.0,53890.0,1,73-15,,,
Lamp 21PCM whole wafer,2785,1585,-69625,-68155,54-00,,,32,18,52915.0,53890.0,1,74-10,,,
Lamp 21PCM whole wafer,2785,1585,-69625,-68155,54-00,,,32,19,55700.0,53890.0,1,74-11,,,
Lamp 21PCM whole wafer,2785,1585,-69625,-68155,54-00,,,32,20,58485.0,53890.0,1,74-12,,,
Lamp 21PCM whole wafer,2785,1585,-69625,-68155,54-00,,,32,21,61270.0,53890.0,1,74-13,,,
Lamp 21PCM whole wafer,2785,1585,-69625,-68155,54-00,,,32,22,64055.0,53890.0,1,74-14,,,
Lamp 21PCM whole wafer,2785,1585,-69625,-68155,54-00,,,32,23,66840.0,53890.0,1,74-15,,,
Lamp 21PCM whole wafer,2785,1585,-69625,-68155,54-00,,,32,24,69625.0,53890.0,1,75-10,,,
Lamp 21PCM whole wafer,2785,1585,-69625,-68155,54-00,,,32,25,72410.0,53890.0,1,75-11,,,
Lamp 21PCM whole wafer,2785,1585,-69625,-68155,54-00,,,32,26,75195.0,53890.0,1,75-12,,,
Lamp 21PCM whole wafer,2785,1585,-69625,-68155,54-00,,,32,27,77980.0,53890.0,1,75-13,,,
Lamp 21PCM whole wafer,2785,1585,-69625,-68155,54-00,,,32,28,80765.0,53890.0,1,75-14,,,
Lamp 21PCM whole wafer,2785,1585,-69625,-68155,54-00,,,32,29,83550.0,53890.0,1,75-15,,,
Lamp 21PCM whole wafer,2785,1585,-69625,-68155,54-00,,,32,30,86335.0,53890.0,1,76-10,,,
Lamp 21PCM whole wafer,2785,1585,-69625,-68155,54-00,,,32,31,89120.0,53890.0,1,76-11,,,
Lamp 21PCM whole wafer,2785,1585,-69625,-68155,54-00,,,32,32,91905.0,53890.0,1,76-12,,,
Lamp 21PCM whole wafer,2785,1585,-69625,-68155,54-00,,,32,33,94690.0,53890.0,1,76-13,,,
Lamp 21PCM whole wafer,2785,1585,-69625,-68155,54-00,,,32,34,97475.0,53890.0,1,76-14,,,
Lamp 21PCM whole wafer,2785,1585,-69625,-68155,54-00,,,32,35,100260.0,53890.0,1,76-15,,,
Lamp 21PCM whole wafer,2785,1585,-69625,-68155,54-00,,,32,36,103045.0,53890.0,1,77-10,,,
Lamp 21PCM whole wafer,2785,1585,-69625,-68155,54-00,,,32,37,105830.0,53890.0,1,77-11,,,
Lamp 21PCM whole wafer,2785,1585,-69625,-68155,54-00,,,32,38,108615.0,53890.0,1,77-12,,,
Lamp 21PCM whole wafer,2785,1585,-69625,-68155,54-00,,,32,39,111400.0,53890.0,1,77-13,,,
Lamp 21PCM whole wafer,2785,1585,-69625,-68155,54-00,,,32,40,114185.0,53890.0,1,77-14,,,
Lamp 21PCM whole wafer,2785,1585,-69625,-68155,54-00,,,32,41,116970.0,53890.0,1,77-15,,,
Lamp 21PCM whole wafer,2785,1585,-69625,-68155,54-00,,,32,42,119755.0,53890.0,1,78-10,,,
Lamp 21PCM whole wafer,2785,1585,-69625,-68155,54-00,,,32,43,122540.0,53890.0,1,78-11,,,
Lamp 21PCM whole wafer,2785,1585,-69625,-68155,54-00,,,32,44,125325.0,53890.0,1,78-12,,,
Lamp 21PCM whole wafer,2785,1585,-69625,-68155,54-00,,,32,45,128110.0,53890.0,1,78-13,,,
Lamp 21PCM whole wafer,2785,1585,-69625,-68155,54-00,,,32,46,130895.0,53890.0,1,78-14,,,
Lamp 21PCM whole wafer,2785,1585,-69625,-68155,54-00,,,33,46,130895.0,55475.0,1,78-04,,,
Lamp 21PCM whole wafer,2785,1585,-69625,-68155,54-00,,,33,45,128110.0,55475.0,1,78-03,,,
Lamp 21PCM whole wafer,2785,1585,-69625,-68155,54-00,,,33,44,125325.0,55475.0,1,78-02,,,
Lamp 21PCM whole wafer,2785,1585,-69625,-68155,54-00,,,33,43,122540.0,55475.0,1,78-01,,,
Lamp 21PCM whole wafer,2785,1585,-69625,-68155,54-00,,,33,42,119755.0,55475.0,1,78-00,,,
Lamp 21PCM whole wafer,2785,1585,-69625,-68155,54-00,,,33,41,116970.0,55475.0,1,77-05,,,
Lamp 21PCM whole wafer,2785,1585,-69625,-68155,54-00,,,33,40,114185.0,55475.0,1,77-04,,,
Lamp 21PCM whole wafer,2785,1585,-69625,-68155,54-00,,,33,39,111400.0,55475.0,1,77-03,,,
Lamp 21PCM whole wafer,2785,1585,-69625,-68155,54-00,,,33,38,108615.0,55475.0,1,77-02,,,
Lamp 21PCM whole wafer,2785,1585,-69625,-68155,54-00,,,33,37,105830.0,55475.0,1,77-01,,,
Lamp 21PCM whole wafer,2785,1585,-69625,-68155,54-00,,,33,36,103045.0,55475.0,1,77-00,,,
Lamp 21PCM whole wafer,2785,1585,-69625,-68155,54-00,,,33,35,100260.0,55475.0,1,76-05,,,
Lamp 21PCM whole wafer,2785,1585,-69625,-68155,54-00,,,33,34,97475.0,55475.0,1,76-04,,,
Lamp 21PCM whole wafer,2785,1585,-69625,-68155,54-00,,,33,33,94690.0,55475.0,1,76-03,,,
Lamp 21PCM whole wafer,2785,1585,-69625,-68155,54-00,,,33,32,91905.0,55475.0,1,76-02,,,
Lamp 21PCM whole wafer,2785,1585,-69625,-68155,54-00,,,33,31,89120.0,55475.0,1,76-01,,,
Lamp 21PCM whole wafer,2785,1585,-69625,-68155,54-00,,,33,30,86335.0,55475.0,1,76-00,,,
Lamp 21PCM whole wafer,2785,1585,-69625,-68155,54-00,,,33,29,83550.0,55475.0,1,75-05,,,
Lamp 21PCM whole wafer,2785,1585,-69625,-68155,54-00,,,33,28,80765.0,55475.0,1,75-04,,,
Lamp 21PCM whole wafer,2785,1585,-69625,-68155,54-00,,,33,27,77980.0,55475.0,1,75-03,,,
Lamp 21PCM whole wafer,2785,1585,-69625,-68155,54-00,,,33,26,75195.0,55475.0,1,75-02,,,
Lamp 21PCM whole wafer,2785,1585,-69625,-68155,54-00,,,33,25,72410.0,55475.0,1,75-01,,,
Lamp 21PCM whole wafer,2785,1585,-69625,-68155,54-00,,,33,24,69625.0,55475.0,1,75-00,,,
Lamp 21PCM whole wafer,2785,1585,-69625,-68155,54-00,,,33,23,66840.0,55475.0,1,74-05,,,
Lamp 21PCM whole wafer,2785,1585,-69625,-68155,54-00,,,33,22,64055.0,55475.0,1,74-04,,,
Lamp 21PCM whole wafer,2785,1585,-69625,-68155,54-00,,,33,21,61270.0,55475.0,1,74-03,,,
Lamp 21PCM whole wafer,2785,1585,-69625,-68155,54-00,,,33,20,58485.0,55475.0,1,74-02,,,
Lamp 21PCM whole wafer,2785,1585,-69625,-68155,54-00,,,33,19,55700.0,55475.0,1,74-01,,,
Lamp 21PCM whole wafer,2785,1585,-69625,-68155,54-00,,,33,18,52915.0,55475.0,1,74-00,,,
Lamp 21PCM whole wafer,2785,1585,-69625,-68155,54-00,,,33,17,50130.0,55475.0,1,73-05,,,
Lamp 21PCM whole wafer,2785,1585,-69625,-68155,54-00,,,33,16,47345.0,55475.0,1,73-04,,,
Lamp 21PCM whole wafer,2785,1585,-69625,-68155,54-00,,,33,15,44560.0,55475.0,1,73-03,,,
Lamp 21PCM whole wafer,2785,1585,-69625,-68155,54-00,,,33,14,41775.0,55475.0,1,73-02,,,
Lamp 21PCM whole wafer,2785,1585,-69625,-68155,54-00,,,33,13,38990.0,55475.0,1,73-01,,,
Lamp 21PCM whole wafer,2785,1585,-69625,-68155,54-00,,,33,12,36205.0,55475.0,1,73-00,,,
Lamp 21PCM whole wafer,2785,1585,-69625,-68155,54-00,,,33,11,33420.0,55475.0,1,72-05,,,
Lamp 21PCM whole wafer,2785,1585,-69625,-68155,54-00,,,33,10,30635.0,55475.0,1,72-04,,,
Lamp 21PCM whole wafer,2785,1585,-69625,-68155,54-00,,,33,9,27850.0,55475.0,1,72-03,,,
Lamp 21PCM whole wafer,2785,1585,-69625,-68155,54-00,,,33,8,25065.0,55475.0,1,72-02,,,
Lamp 21PCM whole wafer,2785,1585,-69625,-68155,54-00,,,33,7,22280.0,55475.0,1,72-01,,,
Lamp 21PCM whole wafer,2785,1585,-69625,-68155,54-00,,,33,6,19495.0,55475.0,1,72-00,,,
Lamp 21PCM whole wafer,2785,1585,-69625,-68155,54-00,,,33,5,16710.0,55475.0,1,71-05,,,
Lamp 21PCM whole wafer,2785,1585,-69625,-68155,54-00,,,33,4,13925.0,55475.0,1,71-04,,,
Lamp 21PCM whole wafer,2785,1585,-69625,-68155,54-00,,,33,3,11140.0,55475.0,1,71-03,,,
Lamp 21PCM whole wafer,2785,1585,-69625,-68155,54-00,,,33,2,8355.0,55475.0,1,71-02,,,
Lamp 21PCM whole wafer,2785,1585,-69625,-68155,54-00,,,33,1,5570.0,55475.0,1,71-01,,,
Lamp 21PCM whole wafer,2785,1585,-69625,-68155,54-00,,,34,0,2785.0,57060.0,1,61-70,,,
Lamp 21PCM whole wafer,2785,1585,-69625,-68155,54-00,,,34,1,5570.0,57060.0,1,61-71,,,
Lamp 21PCM whole wafer,2785,1585,-69625,-68155,54-00,,,34,2,8355.0,57060.0,1,61-72,,,
Lamp 21PCM whole wafer,2785,1585,-69625,-68155,54-00,,,34,3,11140.0,57060.0,1,61-73,,,
Lamp 21PCM whole wafer,2785,1585,-69625,-68155,54-00,,,34,4,13925.0,57060.0,1,61-74,,,
Lamp 21PCM whole wafer,2785,1585,-69625,-68155,54-00,,,34,5,16710.0,57060.0,1,61-75,,,
Lamp 21PCM whole wafer,2785,1585,-69625,-68155,54-00,,,34,6,19495.0,57060.0,1,62-70,,,
Lamp 21PCM whole wafer,2785,1585,-69625,-68155,54-00,,,34,7,22280.0,57060.0,1,62-71,,,
Lamp 21PCM whole wafer,2785,1585,-69625,-68155,54-00,,,34,8,25065.0,57060.0,1,62-72,,,
Lamp 21PCM whole wafer,2785,1585,-69625,-68155,54-00,,,34,9,27850.0,57060.0,1,62-73,,,
Lamp 21PCM whole wafer,2785,1585,-69625,-68155,54-00,,,34,10,30635.0,57060.0,1,62-74,,,
Lamp 21PCM whole wafer,2785,1585,-69625,-68155,54-00,,,34,11,33420.0,57060.0,1,62-75,,,
Lamp 21PCM whole wafer,2785,1585,-69625,-68155,54-00,,,34,12,36205.0,57060.0,1,63-70,,,
Lamp 21PCM whole wafer,2785,1585,-69625,-68155,54-00,,,34,13,38990.0,57060.0,1,63-71,,,
Lamp 21PCM whole wafer,2785,1585,-69625,-68155,54-00,,,34,14,41775.0,57060.0,1,63-72,,,
Lamp 21PCM whole wafer,2785,1585,-69625,-68155,54-00,,,34,15,44560.0,57060.0,1,63-73,,,
Lamp 21PCM whole wafer,2785,1585,-69625,-68155,54-00,,,34,16,47345.0,57060.0,1,63-74,,,
Lamp 21PCM whole wafer,2785,1585,-69625,-68155,54-00,,,34,17,50130.0,57060.0,1,63-75,,,
Lamp 21PCM whole wafer,2785,1585,-69625,-68155,54-00,,,34,18,52915.0,57060.0,1,64-70,,,
Lamp 21PCM whole wafer,2785,1585,-69625,-68155,54-00,,,34,19,55700.0,57060.0,1,64-71,,,
Lamp 21PCM whole wafer,2785,1585,-69625,-68155,54-00,,,34,20,58485.0,57060.0,1,64-72,,,
Lamp 21PCM whole wafer,2785,1585,-69625,-68155,54-00,,,34,21,61270.0,57060.0,1,64-73,,,
Lamp 21PCM whole wafer,2785,1585,-69625,-68155,54-00,,,34,22,64055.0,57060.0,1,64-74,,,
Lamp 21PCM whole wafer,2785,1585,-69625,-68155,54-00,,,34,23,66840.0,57060.0,1,64-75,,,
Lamp 21PCM whole wafer,2785,1585,-69625,-68155,54-00,,,34,24,69625.0,57060.0,1,65-70,,,
Lamp 21PCM whole wafer,2785,1585,-69625,-68155,54-00,,,34,25,72410.0,57060.0,1,65-71,,,
Lamp 21PCM whole wafer,2785,1585,-69625,-68155,54-00,,,34,26,75195.0,57060.0,1,65-72,,,
Lamp 21PCM whole wafer,2785,1585,-69625,-68155,54-00,,,34,27,77980.0,57060.0,1,65-73,,,
Lamp 21PCM whole wafer,2785,1585,-69625,-68155,54-00,,,34,28,80765.0,57060.0,1,65-74,,,
Lamp 21PCM whole wafer,2785,1585,-69625,-68155,54-00,,,34,29,83550.0,57060.0,1,65-75,,,
Lamp 21PCM whole wafer,2785,1585,-69625,-68155,54-00,,,34,30,86335.0,57060.0,1,66-70,,,
Lamp 21PCM whole wafer,2785,1585,-69625,-68155,54-00,,,34,31,89120.0,57060.0,1,66-71,,,
Lamp 21PCM whole wafer,2785,1585,-69625,-68155,54-00,,,34,32,91905.0,57060.0,1,66-72,,,
Lamp 21PCM whole wafer,2785,1585,-69625,-68155,54-00,,,34,33,94690.0,57060.0,1,66-73,,,
Lamp 21PCM whole wafer,2785,1585,-69625,-68155,54-00,,,34,34,97475.0,57060.0,1,66-74,,,
Lamp 21PCM whole wafer,2785,1585,-69625,-68155,54-00,,,34,35,100260.0,57060.0,1,66-75,,,
Lamp 21PCM whole wafer,2785,1585,-69625,-68155,54-00,,,34,36,103045.0,57060.0,1,67-70,,,
Lamp 21PCM whole wafer,2785,1585,-69625,-68155,54-00,,,34,37,105830.0,57060.0,1,67-71,,,
Lamp 21PCM whole wafer,2785,1585,-69625,-68155,54-00,,,34,38,108615.0,57060.0,1,67-72,,,
Lamp 21PCM whole wafer,2785,1585,-69625,-68155,54-00,,,34,39,111400.0,57060.0,1,67-73,,,
Lamp 21PCM whole wafer,2785,1585,-69625,-68155,54-00,,,34,40,114185.0,57060.0,1,67-74,,,
Lamp 21PCM whole wafer,2785,1585,-69625,-68155,54-00,,,34,41,116970.0,57060.0,1,67-75,,,
Lamp 21PCM whole wafer,2785,1585,-69625,-68155,54-00,,,34,42,119755.0,57060.0,1,68-70,,,
Lamp 21PCM whole wafer,2785,1585,-69625,-68155,54-00,,,34,43,122540.0,57060.0,1,68-71,,,
Lamp 21PCM whole wafer,2785,1585,-69625,-68155,54-00,,,34,44,125325.0,57060.0,1,68-72,,,
Lamp 21PCM whole wafer,2785,1585,-69625,-68155,54-00,,,34,45,128110.0,57060.0,1,68-73,,,
Lamp 21PCM whole wafer,2785,1585,-69625,-68155,54-00,,,34,46,130895.0,57060.0,1,68-74,,,
Lamp 21PCM whole wafer,2785,1585,-69625,-68155,54-00,,,34,47,133680.0,57060.0,1,68-75,,,
Lamp 21PCM whole wafer,2785,1585,-69625,-68155,54-00,,,35,47,133680.0,58645.0,1,68-65,,,
Lamp 21PCM whole wafer,2785,1585,-69625,-68155,54-00,,,35,46,130895.0,58645.0,1,68-64,,,
Lamp 21PCM whole wafer,2785,1585,-69625,-68155,54-00,,,35,45,128110.0,58645.0,1,68-63,,,
Lamp 21PCM whole wafer,2785,1585,-69625,-68155,54-00,,,35,44,125325.0,58645.0,1,68-62,,,
Lamp 21PCM whole wafer,2785,1585,-69625,-68155,54-00,,,35,43,122540.0,58645.0,1,68-61,,,
Lamp 21PCM whole wafer,2785,1585,-69625,-68155,54-00,,,35,42,119755.0,58645.0,1,68-60,,,
Lamp 21PCM whole wafer,2785,1585,-69625,-68155,54-00,,,35,41,116970.0,58645.0,1,67-65,,,
Lamp 21PCM whole wafer,2785,1585,-69625,-68155,54-00,,,35,40,114185.0,58645.0,1,67-64,,,
Lamp 21PCM whole wafer,2785,1585,-69625,-68155,54-00,,,35,39,111400.0,58645.0,1,67-63,,,
Lamp 21PCM whole wafer,2785,1585,-69625,-68155,54-00,,,35,38,108615.0,58645.0,1,67-62,,,
Lamp 21PCM whole wafer,2785,1585,-69625,-68155,54-00,,,35,37,105830.0,58645.0,1,67-61,,,
Lamp 21PCM whole wafer,2785,1585,-69625,-68155,54-00,,,35,36,103045.0,58645.0,1,67-60,,,
Lamp 21PCM whole wafer,2785,1585,-69625,-68155,54-00,,,35,35,100260.0,58645.0,1,66-65,,,
Lamp 21PCM whole wafer,2785,1585,-69625,-68155,54-00,,,35,34,97475.0,58645.0,1,66-64,,,
Lamp 21PCM whole wafer,2785,1585,-69625,-68155,54-00,,,35,33,94690.0,58645.0,1,66-63,,,
Lamp 21PCM whole wafer,2785,1585,-69625,-68155,54-00,,,35,32,91905.0,58645.0,1,66-62,,,
Lamp 21PCM whole wafer,2785,1585,-69625,-68155,54-00,,,35,31,89120.0,58645.0,1,66-61,,,
Lamp 21PCM whole wafer,2785,1585,-69625,-68155,54-00,,,35,30,86335.0,58645.0,1,66-60,,,
Lamp 21PCM whole wafer,2785,1585,-69625,-68155,54-00,,,35,29,83550.0,58645.0,1,65-65,,,
Lamp 21PCM whole wafer,2785,1585,-69625,-68155,54-00,,,35,28,80765.0,58645.0,1,65-64,,,
Lamp 21PCM whole wafer,2785,1585,-69625,-68155,54-00,,,35,27,77980.0,58645.0,1,65-63,,,
Lamp 21PCM whole wafer,2785,1585,-69625,-68155,54-00,,,35,26,75195.0,58645.0,1,65-62,,,
Lamp 21PCM whole wafer,2785,1585,-69625,-68155,54-00,,,35,25,72410.0,58645.0,1,65-61,,,
Lamp 21PCM whole wafer,2785,1585,-69625,-68155,54-00,,,35,24,69625.0,58645.0,1,65-60,,,
Lamp 21PCM whole wafer,2785,1585,-69625,-68155,54-00,,,35,23,66840.0,58645.0,1,64-65,,,
Lamp 21PCM whole wafer,2785,1585,-69625,-68155,54-00,,,35,22,64055.0,58645.0,1,64-64,,,
Lamp 21PCM whole wafer,2785,1585,-69625,-68155,54-00,,,35,21,61270.0,58645.0,1,64-63,,,
Lamp 21PCM whole wafer,2785,1585,-69625,-68155,54-00,,,35,20,58485.0,58645.0,1,64-62,,,
Lamp 21PCM whole wafer,2785,1585,-69625,-68155,54-00,,,35,19,55700.0,58645.0,1,64-61,,,
Lamp 21PCM whole wafer,2785,1585,-69625,-68155,54-00,,,35,18,52915.0,58645.0,1,64-60,,,
Lamp 21PCM whole wafer,2785,1585,-69625,-68155,54-00,,,35,17,50130.0,58645.0,1,63-65,,,
Lamp 21PCM whole wafer,2785,1585,-69625,-68155,54-00,,,35,16,47345.0,58645.0,1,63-64,,,
Lamp 21PCM whole wafer,2785,1585,-69625,-68155,54-00,,,35,15,44560.0,58645.0,1,63-63,,,
Lamp 21PCM whole wafer,2785,1585,-69625,-68155,54-00,,,35,14,41775.0,58645.0,1,63-62,,,
Lamp 21PCM whole wafer,2785,1585,-69625,-68155,54-00,,,35,13,38990.0,58645.0,1,63-61,,,
Lamp 21PCM whole wafer,2785,1585,-69625,-68155,54-00,,,35,12,36205.0,58645.0,1,63-60,,,
Lamp 21PCM whole wafer,2785,1585,-69625,-68155,54-00,,,35,11,33420.0,58645.0,1,62-65,,,
Lamp 21PCM whole wafer,2785,1585,-69625,-68155,54-00,,,35,10,30635.0,58645.0,1,62-64,,,
Lamp 21PCM whole wafer,2785,1585,-69625,-68155,54-00,,,35,9,27850.0,58645.0,1,62-63,,,
Lamp 21PCM whole wafer,2785,1585,-69625,-68155,54-00,,,35,8,25065.0,58645.0,1,62-62,,,
Lamp 21PCM whole wafer,2785,1585,-69625,-68155,54-00,,,35,7,22280.0,58645.0,1,62-61,,,
Lamp 21PCM whole wafer,2785,1585,-69625,-68155,54-00,,,35,6,19495.0,58645.0,1,62-60,,,
Lamp 21PCM whole wafer,2785,1585,-69625,-68155,54-00,,,35,5,16710.0,58645.0,1,61-65,,,
Lamp 21PCM whole wafer,2785,1585,-69625,-68155,54-00,,,35,4,13925.0,58645.0,1,61-64,,,
Lamp 21PCM whole wafer,2785,1585,-69625,-68155,54-00,,,35,3,11140.0,58645.0,1,61-63,,,
Lamp 21PCM whole wafer,2785,1585,-69625,-68155,54-00,,,35,2,8355.0,58645.0,1,61-62,,,
Lamp 21PCM whole wafer,2785,1585,-69625,-68155,54-00,,,35,1,5570.0,58645.0,1,61-61,,,
Lamp 21PCM whole wafer,2785,1585,-69625,-68155,54-00,,,35,0,2785.0,58645.0,1,61-60,,,
Lamp 21PCM whole wafer,2785,1585,-69625,-68155,54-00,,,36,0,2785.0,60230.0,1,61-50,,,
Lamp 21PCM whole wafer,2785,1585,-69625,-68155,54-00,,,36,1,5570.0,60230.0,1,61-51,,,
Lamp 21PCM whole wafer,2785,1585,-69625,-68155,54-00,,,36,2,8355.0,60230.0,1,61-52,,,
Lamp 21PCM whole wafer,2785,1585,-69625,-68155,54-00,,,36,3,11140.0,60230.0,1,61-53,,,
Lamp 21PCM whole wafer,2785,1585,-69625,-68155,54-00,,,36,4,13925.0,60230.0,1,61-54,,,
Lamp 21PCM whole wafer,2785,1585,-69625,-68155,54-00,,,36,5,16710.0,60230.0,1,61-55,,,
Lamp 21PCM whole wafer,2785,1585,-69625,-68155,54-00,,,36,6,19495.0,60230.0,1,62-50,,,
Lamp 21PCM whole wafer,2785,1585,-69625,-68155,54-00,,,36,7,22280.0,60230.0,1,62-51,,,
Lamp 21PCM whole wafer,2785,1585,-69625,-68155,54-00,,,36,8,25065.0,60230.0,1,62-52,,,
Lamp 21PCM whole wafer,2785,1585,-69625,-68155,54-00,,,36,9,27850.0,60230.0,1,62-53,,,
Lamp 21PCM whole wafer,2785,1585,-69625,-68155,54-00,,,36,10,30635.0,60230.0,1,62-54,,,
Lamp 21PCM whole wafer,2785,1585,-69625,-68155,54-00,,,36,11,33420.0,60230.0,1,62-55,,,
Lamp 21PCM whole wafer,2785,1585,-69625,-68155,54-00,,,36,12,36205.0,60230.0,1,63-50,,,
Lamp 21PCM whole wafer,2785,1585,-69625,-68155,54-00,,,36,13,38990.0,60230.0,1,63-51,,,
Lamp 21PCM whole wafer,2785,1585,-69625,-68155,54-00,,,36,14,41775.0,60230.0,1,63-52,,,
Lamp 21PCM whole wafer,2785,1585,-69625,-68155,54-00,,,36,15,44560.0,60230.0,1,63-53,,,
Lamp 21PCM whole wafer,2785,1585,-69625,-68155,54-00,,,36,16,47345.0,60230.0,1,63-54,,,
Lamp 21PCM whole wafer,2785,1585,-69625,-68155,54-00,,,36,17,50130.0,60230.0,1,63-55,,,
Lamp 21PCM whole wafer,2785,1585,-69625,-68155,54-00,,,36,18,52915.0,60230.0,1,64-50,,,
Lamp 21PCM whole wafer,2785,1585,-69625,-68155,54-00,,,36,19,55700.0,60230.0,1,64-51,,,
Lamp 21PCM whole wafer,2785,1585,-69625,-68155,54-00,,,36,20,58485.0,60230.0,1,64-52,,,
Lamp 21PCM whole wafer,2785,1585,-69625,-68155,54-00,,,36,21,61270.0,60230.0,1,64-53,,,
Lamp 21PCM whole wafer,2785,1585,-69625,-68155,54-00,,,36,22,64055.0,60230.0,1,64-54,,,
Lamp 21PCM whole wafer,2785,1585,-69625,-68155,54-00,,,36,23,66840.0,60230.0,1,64-55,,,
Lamp 21PCM whole wafer,2785,1585,-69625,-68155,54-00,,,36,24,69625.0,60230.0,1,65-50,,,
Lamp 21PCM whole wafer,2785,1585,-69625,-68155,54-00,,,36,25,72410.0,60230.0,1,65-51,,,
Lamp 21PCM whole wafer,2785,1585,-69625,-68155,54-00,,,36,26,75195.0,60230.0,1,65-52,,,
Lamp 21PCM whole wafer,2785,1585,-69625,-68155,54-00,,,36,27,77980.0,60230.0,1,65-53,,,
Lamp 21PCM whole wafer,2785,1585,-69625,-68155,54-00,,,36,28,80765.0,60230.0,1,65-54,,,
Lamp 21PCM whole wafer,2785,1585,-69625,-68155,54-00,,,36,29,83550.0,60230.0,1,65-55,,,
Lamp 21PCM whole wafer,2785,1585,-69625,-68155,54-00,,,36,30,86335.0,60230.0,1,66-50,,,
Lamp 21PCM whole wafer,2785,1585,-69625,-68155,54-00,,,36,31,89120.0,60230.0,1,66-51,,,
Lamp 21PCM whole wafer,2785,1585,-69625,-68155,54-00,,,36,32,91905.0,60230.0,1,66-52,,,
Lamp 21PCM whole wafer,2785,1585,-69625,-68155,54-00,,,36,33,94690.0,60230.0,1,66-53,,,
Lamp 21PCM whole wafer,2785,1585,-69625,-68155,54-00,,,36,34,97475.0,60230.0,1,66-54,,,
Lamp 21PCM whole wafer,2785,1585,-69625,-68155,54-00,,,36,35,100260.0,60230.0,1,66-55,,,
Lamp 21PCM whole wafer,2785,1585,-69625,-68155,54-00,,,36,36,103045.0,60230.0,1,67-50,,,
Lamp 21PCM whole wafer,2785,1585,-69625,-68155,54-00,,,36,37,105830.0,60230.0,1,67-51,,,
Lamp 21PCM whole wafer,2785,1585,-69625,-68155,54-00,,,36,38,108615.0,60230.0,1,67-52,,,
Lamp 21PCM whole wafer,2785,1585,-69625,-68155,54-00,,,36,39,111400.0,60230.0,1,67-53,,,
Lamp 21PCM whole wafer,2785,1585,-69625,-68155,54-00,,,36,40,114185.0,60230.0,1,67-54,,,
Lamp 21PCM whole wafer,2785,1585,-69625,-68155,54-00,,,36,41,116970.0,60230.0,1,67-55,,,
Lamp 21PCM whole wafer,2785,1585,-69625,-68155,54-00,,,36,42,119755.0,60230.0,1,68-50,,,
Lamp 21PCM whole wafer,2785,1585,-69625,-68155,54-00,,,36,43,122540.0,60230.0,1,68-51,,,
Lamp 21PCM whole wafer,2785,1585,-69625,-68155,54-00,,,36,44,125325.0,60230.0,1,68-52,,,
Lamp 21PCM whole wafer,2785,1585,-69625,-68155,54-00,,,36,45,128110.0,60230.0,1,68-53,,,
Lamp 21PCM whole wafer,2785,1585,-69625,-68155,54-00,,,36,46,130895.0,60230.0,1,68-54,,,
Lamp 21PCM whole wafer,2785,1585,-69625,-68155,54-00,,,36,47,133680.0,60230.0,1,68-55,,,
Lamp 21PCM whole wafer,2785,1585,-69625,-68155,54-00,,,37,47,133680.0,61815.0,1,68-45,,,
Lamp 21PCM whole wafer,2785,1585,-69625,-68155,54-00,,,37,46,130895.0,61815.0,1,68-44,,,
Lamp 21PCM whole wafer,2785,1585,-69625,-68155,54-00,,,37,45,128110.0,61815.0,1,68-43,,,
Lamp 21PCM whole wafer,2785,1585,-69625,-68155,54-00,,,37,44,125325.0,61815.0,1,68-42,,,
Lamp 21PCM whole wafer,2785,1585,-69625,-68155,54-00,,,37,43,122540.0,61815.0,1,68-41,,,
Lamp 21PCM whole wafer,2785,1585,-69625,-68155,54-00,,,37,42,119755.0,61815.0,1,68-40,,,
Lamp 21PCM whole wafer,2785,1585,-69625,-68155,54-00,,,37,41,116970.0,61815.0,1,67-45,,,
Lamp 21PCM whole wafer,2785,1585,-69625,-68155,54-00,,,37,40,114185.0,61815.0,1,67-44,,,
Lamp 21PCM whole wafer,2785,1585,-69625,-68155,54-00,,,37,39,111400.0,61815.0,1,67-43,,,
Lamp 21PCM whole wafer,2785,1585,-69625,-68155,54-00,,,37,38,108615.0,61815.0,1,67-42,,,
Lamp 21PCM whole wafer,2785,1585,-69625,-68155,54-00,,,37,37,105830.0,61815.0,1,67-41,,,
Lamp 21PCM whole wafer,2785,1585,-69625,-68155,54-00,,,37,36,103045.0,61815.0,1,67-40,,,
Lamp 21PCM whole wafer,2785,1585,-69625,-68155,54-00,,,37,35,100260.0,61815.0,1,66-45,,,
Lamp 21PCM whole wafer,2785,1585,-69625,-68155,54-00,,,37,34,97475.0,61815.0,1,66-44,,,
Lamp 21PCM whole wafer,2785,1585,-69625,-68155,54-00,,,37,33,94690.0,61815.0,1,66-43,,,
Lamp 21PCM whole wafer,2785,1585,-69625,-68155,54-00,,,37,32,91905.0,61815.0,1,66-42,,,
Lamp 21PCM whole wafer,2785,1585,-69625,-68155,54-00,,,37,31,89120.0,61815.0,1,66-41,,,
Lamp 21PCM whole wafer,2785,1585,-69625,-68155,54-00,,,37,30,86335.0,61815.0,1,66-40,,,
Lamp 21PCM whole wafer,2785,1585,-69625,-68155,54-00,,,37,29,83550.0,61815.0,1,65-45,,,
Lamp 21PCM whole wafer,2785,1585,-69625,-68155,54-00,,,37,28,80765.0,61815.0,1,65-44,,,
Lamp 21PCM whole wafer,2785,1585,-69625,-68155,54-00,,,37,27,77980.0,61815.0,1,65-43,,,
Lamp 21PCM whole wafer,2785,1585,-69625,-68155,54-00,,,37,26,75195.0,61815.0,1,65-42,,,
Lamp 21PCM whole wafer,2785,1585,-69625,-68155,54-00,,,37,25,72410.0,61815.0,1,65-41,,,
Lamp 21PCM whole wafer,2785,1585,-69625,-68155,54-00,,,37,24,69625.0,61815.0,1,65-40,,,
Lamp 21PCM whole wafer,2785,1585,-69625,-68155,54-00,,,37,23,66840.0,61815.0,1,64-45,,,
Lamp 21PCM whole wafer,2785,1585,-69625,-68155,54-00,,,37,22,64055.0,61815.0,1,64-44,,,
Lamp 21PCM whole wafer,2785,1585,-69625,-68155,54-00,,,37,21,61270.0,61815.0,1,64-43,,,
Lamp 21PCM whole wafer,2785,1585,-69625,-68155,54-00,,,37,20,58485.0,61815.0,1,64-42,,,
Lamp 21PCM whole wafer,2785,1585,-69625,-68155,54-00,,,37,19,55700.0,61815.0,1,64-41,,,
Lamp 21PCM whole wafer,2785,1585,-69625,-68155,54-00,,,37,18,52915.0,61815.0,1,64-40,,,
Lamp 21PCM whole wafer,2785,1585,-69625,-68155,54-00,,,37,17,50130.0,61815.0,1,63-45,,,
Lamp 21PCM whole wafer,2785,1585,-69625,-68155,54-00,,,37,16,47345.0,61815.0,1,63-44,,,
Lamp 21PCM whole wafer,2785,1585,-69625,-68155,54-00,,,37,15,44560.0,61815.0,1,63-43,,,
Lamp 21PCM whole wafer,2785,1585,-69625,-68155,54-00,,,37,14,41775.0,61815.0,1,63-42,,,
Lamp 21PCM whole wafer,2785,1585,-69625,-68155,54-00,,,37,13,38990.0,61815.0,1,63-41,,,
Lamp 21PCM whole wafer,2785,1585,-69625,-68155,54-00,,,37,12,36205.0,61815.0,1,63-40,,,
Lamp 21PCM whole wafer,2785,1585,-69625,-68155,54-00,,,37,11,33420.0,61815.0,1,62-45,,,
Lamp 21PCM whole wafer,2785,1585,-69625,-68155,54-00,,,37,10,30635.0,61815.0,1,62-44,,,
Lamp 21PCM whole wafer,2785,1585,-69625,-68155,54-00,,,37,9,27850.0,61815.0,1,62-43,,,
Lamp 21PCM whole wafer,2785,1585,-69625,-68155,54-00,,,37,8,25065.0,61815.0,1,62-42,,,
Lamp 21PCM whole wafer,2785,1585,-69625,-68155,54-00,,,37,7,22280.0,61815.0,1,62-41,,,
Lamp 21PCM whole wafer,2785,1585,-69625,-68155,54-00,,,37,6,19495.0,61815.0,1,62-40,,,
Lamp 21PCM whole wafer,2785,1585,-69625,-68155,54-00,,,37,5,16710.0,61815.0,1,61-45,,,
Lamp 21PCM whole wafer,2785,1585,-69625,-68155,54-00,,,37,4,13925.0,61815.0,1,61-44,,,
Lamp 21PCM whole wafer,2785,1585,-69625,-68155,54-00,,,37,3,11140.0,61815.0,1,61-43,,,
Lamp 21PCM whole wafer,2785,1585,-69625,-68155,54-00,,,37,2,8355.0,61815.0,1,61-42,,,
Lamp 21PCM whole wafer,2785,1585,-69625,-68155,54-00,,,37,1,5570.0,61815.0,1,61-41,,,
Lamp 21PCM whole wafer,2785,1585,-69625,-68155,54-00,,,37,0,2785.0,61815.0,1,61-40,,,
Lamp 21PCM whole wafer,2785,1585,-69625,-68155,54-00,,,38,0,2785.0,63400.0,1,61-30,,,
Lamp 21PCM whole wafer,2785,1585,-69625,-68155,54-00,,,38,1,5570.0,63400.0,1,61-31,,,
Lamp 21PCM whole wafer,2785,1585,-69625,-68155,54-00,,,38,2,8355.0,63400.0,1,61-32,,,
Lamp 21PCM whole wafer,2785,1585,-69625,-68155,54-00,,,38,3,11140.0,63400.0,1,61-33,,,
Lamp 21PCM whole wafer,2785,1585,-69625,-68155,54-00,,,38,4,13925.0,63400.0,1,61-34,,,
Lamp 21PCM whole wafer,2785,1585,-69625,-68155,54-00,,,38,5,16710.0,63400.0,1,61-35,,,
Lamp 21PCM whole wafer,2785,1585,-69625,-68155,54-00,,,38,6,19495.0,63400.0,1,62-30,,,
Lamp 21PCM whole wafer,2785,1585,-69625,-68155,54-00,,,38,7,22280.0,63400.0,1,62-31,,,
Lamp 21PCM whole wafer,2785,1585,-69625,-68155,54-00,,,38,8,25065.0,63400.0,1,62-32,,,
Lamp 21PCM whole wafer,2785,1585,-69625,-68155,54-00,,,38,9,27850.0,63400.0,1,62-33,,,
Lamp 21PCM whole wafer,2785,1585,-69625,-68155,54-00,,,38,10,30635.0,63400.0,1,62-34,,,
Lamp 21PCM whole wafer,2785,1585,-69625,-68155,54-00,,,38,11,33420.0,63400.0,1,62-35,,,
Lamp 21PCM whole wafer,2785,1585,-69625,-68155,54-00,,,38,12,36205.0,63400.0,1,63-30,,,
Lamp 21PCM whole wafer,2785,1585,-69625,-68155,54-00,,,38,13,38990.0,63400.0,1,63-31,,,
Lamp 21PCM whole wafer,2785,1585,-69625,-68155,54-00,,,38,14,41775.0,63400.0,1,63-32,,,
Lamp 21PCM whole wafer,2785,1585,-69625,-68155,54-00,,,38,15,44560.0,63400.0,1,63-33,,,
Lamp 21PCM whole wafer,2785,1585,-69625,-68155,54-00,,,38,16,47345.0,63400.0,1,63-34,,,
Lamp 21PCM whole wafer,2785,1585,-69625,-68155,54-00,,,38,17,50130.0,63400.0,1,63-35,,,
Lamp 21PCM whole wafer,2785,1585,-69625,-68155,54-00,,,38,18,52915.0,63400.0,1,64-30,,,
Lamp 21PCM whole wafer,2785,1585,-69625,-68155,54-00,,,38,19,55700.0,63400.0,1,64-31,,,
Lamp 21PCM whole wafer,2785,1585,-69625,-68155,54-00,,,38,20,58485.0,63400.0,1,64-32,,,
Lamp 21PCM whole wafer,2785,1585,-69625,-68155,54-00,,,38,21,61270.0,63400.0,1,64-33,,,
Lamp 21PCM whole wafer,2785,1585,-69625,-68155,54-00,,,38,22,64055.0,63400.0,1,64-34,,,
Lamp 21PCM whole wafer,2785,1585,-69625,-68155,54-00,,,38,23,66840.0,63400.0,1,64-35,,,
Lamp 21PCM whole wafer,2785,1585,-69625,-68155,54-00,,,38,24,69625.0,63400.0,1,65-30,,,
Lamp 21PCM whole wafer,2785,1585,-69625,-68155,54-00,,,38,25,72410.0,63400.0,1,65-31,,,
Lamp 21PCM whole wafer,2785,1585,-69625,-68155,54-00,,,38,26,75195.0,63400.0,1,65-32,,,
Lamp 21PCM whole wafer,2785,1585,-69625,-68155,54-00,,,38,27,77980.0,63400.0,1,65-33,,,
Lamp 21PCM whole wafer,2785,1585,-69625,-68155,54-00,,,38,28,80765.0,63400.0,1,65-34,,,
Lamp 21PCM whole wafer,2785,1585,-69625,-68155,54-00,,,38,29,83550.0,63400.0,1,65-35,,,
Lamp 21PCM whole wafer,2785,1585,-69625,-68155,54-00,,,38,30,86335.0,63400.0,1,66-30,,,
Lamp 21PCM whole wafer,2785,1585,-69625,-68155,54-00,,,38,31,89120.0,63400.0,1,66-31,,,
Lamp 21PCM whole wafer,2785,1585,-69625,-68155,54-00,,,38,32,91905.0,63400.0,1,66-32,,,
Lamp 21PCM whole wafer,2785,1585,-69625,-68155,54-00,,,38,33,94690.0,63400.0,1,66-33,,,
Lamp 21PCM whole wafer,2785,1585,-69625,-68155,54-00,,,38,34,97475.0,63400.0,1,66-34,,,
Lamp 21PCM whole wafer,2785,1585,-69625,-68155,54-00,,,38,35,100260.0,63400.0,1,66-35,,,
Lamp 21PCM whole wafer,2785,1585,-69625,-68155,54-00,,,38,36,103045.0,63400.0,1,67-30,,,
Lamp 21PCM whole wafer,2785,1585,-69625,-68155,54-00,,,38,37,105830.0,63400.0,1,67-31,,,
Lamp 21PCM whole wafer,2785,1585,-69625,-68155,54-00,,,38,38,108615.0,63400.0,1,67-32,,,
Lamp 21PCM whole wafer,2785,1585,-69625,-68155,54-00,,,38,39,111400.0,63400.0,1,67-33,,,
Lamp 21PCM whole wafer,2785,1585,-69625,-68155,54-00,,,38,40,114185.0,63400.0,1,67-34,,,
Lamp 21PCM whole wafer,2785,1585,-69625,-68155,54-00,,,38,41,116970.0,63400.0,1,67-35,,,
Lamp 21PCM whole wafer,2785,1585,-69625,-68155,54-00,,,38,42,119755.0,63400.0,1,68-30,,,
Lamp 21PCM whole wafer,2785,1585,-69625,-68155,54-00,,,38,43,122540.0,63400.0,1,68-31,,,
Lamp 21PCM whole wafer,2785,1585,-69625,-68155,54-00,,,38,44,125325.0,63400.0,1,68-32,,,
Lamp 21PCM whole wafer,2785,1585,-69625,-68155,54-00,,,38,45,128110.0,63400.0,1,68-33,,,
Lamp 21PCM whole wafer,2785,1585,-69625,-68155,54-00,,,38,46,130895.0,63400.0,1,68-34,,,
Lamp 21PCM whole wafer,2785,1585,-69625,-68155,54-00,,,38,47,133680.0,63400.0,1,68-35,,,
Lamp 21PCM whole wafer,2785,1585,-69625,-68155,54-00,,,39,47,133680.0,64985.0,1,68-25,,,
Lamp 21PCM whole wafer,2785,1585,-69625,-68155,54-00,,,39,46,130895.0,64985.0,1,68-24,,,
Lamp 21PCM whole wafer,2785,1585,-69625,-68155,54-00,,,39,45,128110.0,64985.0,1,68-23,,,
Lamp 21PCM whole wafer,2785,1585,-69625,-68155,54-00,,,39,44,125325.0,64985.0,1,68-22,,,
Lamp 21PCM whole wafer,2785,1585,-69625,-68155,54-00,,,39,43,122540.0,64985.0,1,68-21,,,
Lamp 21PCM whole wafer,2785,1585,-69625,-68155,54-00,,,39,42,119755.0,64985.0,1,68-20,,,
Lamp 21PCM whole wafer,2785,1585,-69625,-68155,54-00,,,39,41,116970.0,64985.0,1,67-25,,,
Lamp 21PCM whole wafer,2785,1585,-69625,-68155,54-00,,,39,40,114185.0,64985.0,1,67-24,,,
Lamp 21PCM whole wafer,2785,1585,-69625,-68155,54-00,,,39,39,111400.0,64985.0,1,67-23,,,
Lamp 21PCM whole wafer,2785,1585,-69625,-68155,54-00,,,39,38,108615.0,64985.0,1,67-22,,,
Lamp 21PCM whole wafer,2785,1585,-69625,-68155,54-00,,,39,37,105830.0,64985.0,1,67-21,,,
Lamp 21PCM whole wafer,2785,1585,-69625,-68155,54-00,,,39,36,103045.0,64985.0,1,67-20,,,
Lamp 21PCM whole wafer,2785,1585,-69625,-68155,54-00,,,39,35,100260.0,64985.0,1,66-25,,,
Lamp 21PCM whole wafer,2785,1585,-69625,-68155,54-00,,,39,34,97475.0,64985.0,1,66-24,,,
Lamp 21PCM whole wafer,2785,1585,-69625,-68155,54-00,,,39,33,94690.0,64985.0,1,66-23,,,
Lamp 21PCM whole wafer,2785,1585,-69625,-68155,54-00,,,39,32,91905.0,64985.0,1,66-22,,,
Lamp 21PCM whole wafer,2785,1585,-69625,-68155,54-00,,,39,31,89120.0,64985.0,1,66-21,,,
Lamp 21PCM whole wafer,2785,1585,-69625,-68155,54-00,,,39,30,86335.0,64985.0,1,66-20,,,
Lamp 21PCM whole wafer,2785,1585,-69625,-68155,54-00,,,39,29,83550.0,64985.0,1,65-25,,,
Lamp 21PCM whole wafer,2785,1585,-69625,-68155,54-00,,,39,28,80765.0,64985.0,1,65-24,,,
Lamp 21PCM whole wafer,2785,1585,-69625,-68155,54-00,,,39,27,77980.0,64985.0,1,65-23,,,
Lamp 21PCM whole wafer,2785,1585,-69625,-68155,54-00,,,39,26,75195.0,64985.0,1,65-22,,,
Lamp 21PCM whole wafer,2785,1585,-69625,-68155,54-00,,,39,25,72410.0,64985.0,1,65-21,,,
Lamp 21PCM whole wafer,2785,1585,-69625,-68155,54-00,,,39,24,69625.0,64985.0,1,65-20,,,
Lamp 21PCM whole wafer,2785,1585,-69625,-68155,54-00,,,39,23,66840.0,64985.0,1,64-25,,,
Lamp 21PCM whole wafer,2785,1585,-69625,-68155,54-00,,,39,22,64055.0,64985.0,1,64-24,,,
Lamp 21PCM whole wafer,2785,1585,-69625,-68155,54-00,,,39,21,61270.0,64985.0,1,64-23,,,
Lamp 21PCM whole wafer,2785,1585,-69625,-68155,54-00,,,39,20,58485.0,64985.0,1,64-22,,,
Lamp 21PCM whole wafer,2785,1585,-69625,-68155,54-00,,,39,19,55700.0,64985.0,1,64-21,,,
Lamp 21PCM whole wafer,2785,1585,-69625,-68155,54-00,,,39,18,52915.0,64985.0,1,64-20,,,
Lamp 21PCM whole wafer,2785,1585,-69625,-68155,54-00,,,39,17,50130.0,64985.0,1,63-25,,,
Lamp 21PCM whole wafer,2785,1585,-69625,-68155,54-00,,,39,16,47345.0,64985.0,1,63-24,,,
Lamp 21PCM whole wafer,2785,1585,-69625,-68155,54-00,,,39,15,44560.0,64985.0,1,63-23,,,
Lamp 21PCM whole wafer,2785,1585,-69625,-68155,54-00,,,39,14,41775.0,64985.0,1,63-22,,,
Lamp 21PCM whole wafer,2785,1585,-69625,-68155,54-00,,,39,13,38990.0,64985.0,1,63-21,,,
Lamp 21PCM whole wafer,2785,1585,-69625,-68155,54-00,,,39,12,36205.0,64985.0,1,63-20,,,
Lamp 21PCM whole wafer,2785,1585,-69625,-68155,54-00,,,39,11,33420.0,64985.0,1,62-25,,,
Lamp 21PCM whole wafer,2785,1585,-69625,-68155,54-00,,,39,10,30635.0,64985.0,1,62-24,,,
Lamp 21PCM whole wafer,2785,1585,-69625,-68155,54-00,,,39,9,27850.0,64985.0,1,62-23,,,
Lamp 21PCM whole wafer,2785,1585,-69625,-68155,54-00,,,39,8,25065.0,64985.0,1,62-22,,,
Lamp 21PCM whole wafer,2785,1585,-69625,-68155,54-00,,,39,7,22280.0,64985.0,1,62-21,,,
Lamp 21PCM whole wafer,2785,1585,-69625,-68155,54-00,,,39,6,19495.0,64985.0,1,62-20,,,
Lamp 21PCM whole wafer,2785,1585,-69625,-68155,54-00,,,39,5,16710.0,64985.0,1,61-25,,,
Lamp 21PCM whole wafer,2785,1585,-69625,-68155,54-00,,,39,4,13925.0,64985.0,1,61-24,,,
Lamp 21PCM whole wafer,2785,1585,-69625,-68155,54-00,,,39,3,11140.0,64985.0,1,61-23,,,
Lamp 21PCM whole wafer,2785,1585,-69625,-68155,54-00,,,39,2,8355.0,64985.0,1,61-22,,,
Lamp 21PCM whole wafer,2785,1585,-69625,-68155,54-00,,,39,1,5570.0,64985.0,1,61-21,,,
Lamp 21PCM whole wafer,2785,1585,-69625,-68155,54-00,,,39,0,2785.0,64985.0,1,61-20,,,
Lamp 21PCM whole wafer,2785,1585,-69625,-68155,54-00,,,40,0,2785.0,66570.0,1,61-10,,,
Lamp 21PCM whole wafer,2785,1585,-69625,-68155,54-00,,,40,1,5570.0,66570.0,1,61-11,,,
Lamp 21PCM whole wafer,2785,1585,-69625,-68155,54-00,,,40,2,8355.0,66570.0,1,61-12,,,
Lamp 21PCM whole wafer,2785,1585,-69625,-68155,54-00,,,40,3,11140.0,66570.0,1,61-13,,,
Lamp 21PCM whole wafer,2785,1585,-69625,-68155,54-00,,,40,4,13925.0,66570.0,1,61-14,,,
Lamp 21PCM whole wafer,2785,1585,-69625,-68155,54-00,,,40,5,16710.0,66570.0,1,61-15,,,
Lamp 21PCM whole wafer,2785,1585,-69625,-68155,54-00,,,40,6,19495.0,66570.0,1,62-10,,,
Lamp 21PCM whole wafer,2785,1585,-69625,-68155,54-00,,,40,7,22280.0,66570.0,1,62-11,,,
Lamp 21PCM whole wafer,2785,1585,-69625,-68155,54-00,,,40,8,25065.0,66570.0,1,62-12,,,
Lamp 21PCM whole wafer,2785,1585,-69625,-68155,54-00,,,40,9,27850.0,66570.0,1,62-13,,,
Lamp 21PCM whole wafer,2785,1585,-69625,-68155,54-00,,,40,10,30635.0,66570.0,1,62-14,,,
Lamp 21PCM whole wafer,2785,1585,-69625,-68155,54-00,,,40,11,33420.0,66570.0,1,62-15,,,
Lamp 21PCM whole wafer,2785,1585,-69625,-68155,54-00,,,40,12,36205.0,66570.0,1,63-10,,,
Lamp 21PCM whole wafer,2785,1585,-69625,-68155,54-00,,,40,13,38990.0,66570.0,1,63-11,,,
Lamp 21PCM whole wafer,2785,1585,-69625,-68155,54-00,,,40,14,41775.0,66570.0,1,63-12,,,
Lamp 21PCM whole wafer,2785,1585,-69625,-68155,54-00,,,40,15,44560.0,66570.0,1,63-13,,,
Lamp 21PCM whole wafer,2785,1585,-69625,-68155,54-00,,,40,16,47345.0,66570.0,1,63-14,,,
Lamp 21PCM whole wafer,2785,1585,-69625,-68155,54-00,,,40,17,50130.0,66570.0,1,63-15,,,
Lamp 21PCM whole wafer,2785,1585,-69625,-68155,54-00,,,40,18,52915.0,66570.0,1,64-10,,,
Lamp 21PCM whole wafer,2785,1585,-69625,-68155,54-00,,,40,19,55700.0,66570.0,1,64-11,,,
Lamp 21PCM whole wafer,2785,1585,-69625,-68155,54-00,,,40,20,58485.0,66570.0,1,64-12,,,
Lamp 21PCM whole wafer,2785,1585,-69625,-68155,54-00,,,40,21,61270.0,66570.0,1,64-13,,,
Lamp 21PCM whole wafer,2785,1585,-69625,-68155,54-00,,,40,22,64055.0,66570.0,1,64-14,,,
Lamp 21PCM whole wafer,2785,1585,-69625,-68155,54-00,,,40,23,66840.0,66570.0,1,64-15,,,
Lamp 21PCM whole wafer,2785,1585,-69625,-68155,54-00,,,40,24,69625.0,66570.0,1,65-10,,,
Lamp 21PCM whole wafer,2785,1585,-69625,-68155,54-00,,,40,25,72410.0,66570.0,1,65-11,,,
Lamp 21PCM whole wafer,2785,1585,-69625,-68155,54-00,,,40,26,75195.0,66570.0,1,65-12,,,
Lamp 21PCM whole wafer,2785,1585,-69625,-68155,54-00,,,40,27,77980.0,66570.0,1,65-13,,,
Lamp 21PCM whole wafer,2785,1585,-69625,-68155,54-00,,,40,28,80765.0,66570.0,1,65-14,,,
Lamp 21PCM whole wafer,2785,1585,-69625,-68155,54-00,,,40,29,83550.0,66570.0,1,65-15,,,
Lamp 21PCM whole wafer,2785,1585,-69625,-68155,54-00,,,40,30,86335.0,66570.0,1,66-10,,,
Lamp 21PCM whole wafer,2785,1585,-69625,-68155,54-00,,,40,31,89120.0,66570.0,1,66-11,,,
Lamp 21PCM whole wafer,2785,1585,-69625,-68155,54-00,,,40,32,91905.0,66570.0,1,66-12,,,
Lamp 21PCM whole wafer,2785,1585,-69625,-68155,54-00,,,40,33,94690.0,66570.0,1,66-13,,,
Lamp 21PCM whole wafer,2785,1585,-69625,-68155,54-00,,,40,34,97475.0,66570.0,1,66-14,,,
Lamp 21PCM whole wafer,2785,1585,-69625,-68155,54-00,,,40,35,100260.0,66570.0,1,66-15,,,
Lamp 21PCM whole wafer,2785,1585,-69625,-68155,54-00,,,40,36,103045.0,66570.0,1,67-10,,,
Lamp 21PCM whole wafer,2785,1585,-69625,-68155,54-00,,,40,37,105830.0,66570.0,1,67-11,,,
Lamp 21PCM whole wafer,2785,1585,-69625,-68155,54-00,,,40,38,108615.0,66570.0,1,67-12,,,
Lamp 21PCM whole wafer,2785,1585,-69625,-68155,54-00,,,40,39,111400.0,66570.0,1,67-13,,,
Lamp 21PCM whole wafer,2785,1585,-69625,-68155,54-00,,,40,40,114185.0,66570.0,1,67-14,,,
Lamp 21PCM whole wafer,2785,1585,-69625,-68155,54-00,,,40,41,116970.0,66570.0,1,67-15,,,
Lamp 21PCM whole wafer,2785,1585,-69625,-68155,54-00,,,40,42,119755.0,66570.0,1,68-10,,,
Lamp 21PCM whole wafer,2785,1585,-69625,-68155,54-00,,,40,43,122540.0,66570.0,1,68-11,,,
Lamp 21PCM whole wafer,2785,1585,-69625,-68155,54-00,,,40,44,125325.0,66570.0,1,68-12,,,
Lamp 21PCM whole wafer,2785,1585,-69625,-68155,54-00,,,40,45,128110.0,66570.0,1,68-13,,,
Lamp 21PCM whole wafer,2785,1585,-69625,-68155,54-00,,,40,46,130895.0,66570.0,1,68-14,,,
Lamp 21PCM whole wafer,2785,1585,-69625,-68155,54-00,,,40,47,133680.0,66570.0,1,68-15,,,
Lamp 21PCM whole wafer,2785,1585,-69625,-68155,54-00,,,41,47,133680.0,68155.0,1,68-05,,,
Lamp 21PCM whole wafer,2785,1585,-69625,-68155,54-00,,,41,46,130895.0,68155.0,1,68-04,,,
Lamp 21PCM whole wafer,2785,1585,-69625,-68155,54-00,,,41,45,128110.0,68155.0,1,68-03,,,
Lamp 21PCM whole wafer,2785,1585,-69625,-68155,54-00,,,41,43,122540.0,68155.0,1,68-01,,,
Lamp 21PCM whole wafer,2785,1585,-69625,-68155,54-00,,,41,42,119755.0,68155.0,1,68-00,,,
Lamp 21PCM whole wafer,2785,1585,-69625,-68155,54-00,,,41,41,116970.0,68155.0,1,67-05,,,
Lamp 21PCM whole wafer,2785,1585,-69625,-68155,54-00,,,41,40,114185.0,68155.0,1,67-04,,,
Lamp 21PCM whole wafer,2785,1585,-69625,-68155,54-00,,,41,39,111400.0,68155.0,1,67-03,,,
Lamp 21PCM whole wafer,2785,1585,-69625,-68155,54-00,,,41,37,105830.0,68155.0,1,67-01,,,
Lamp 21PCM whole wafer,2785,1585,-69625,-68155,54-00,,,41,36,103045.0,68155.0,1,67-00,,,
Lamp 21PCM whole wafer,2785,1585,-69625,-68155,54-00,,,41,35,100260.0,68155.0,1,66-05,,,
Lamp 21PCM whole wafer,2785,1585,-69625,-68155,54-00,,,41,34,97475.0,68155.0,1,66-04,,,
Lamp 21PCM whole wafer,2785,1585,-69625,-68155,54-00,,,41,33,94690.0,68155.0,1,66-03,,,
Lamp 21PCM whole wafer,2785,1585,-69625,-68155,54-00,,,41,32,91905.0,68155.0,1,66-02,,,
Lamp 21PCM whole wafer,2785,1585,-69625,-68155,54-00,,,41,31,89120.0,68155.0,1,66-01,,,
Lamp 21PCM whole wafer,2785,1585,-69625,-68155,54-00,,,41,30,86335.0,68155.0,1,66-00,,,
Lamp 21PCM whole wafer,2785,1585,-69625,-68155,54-00,,,41,29,83550.0,68155.0,1,65-05,,,
Lamp 21PCM whole wafer,2785,1585,-69625,-68155,54-00,,,41,28,80765.0,68155.0,1,65-04,,,
Lamp 21PCM whole wafer,2785,1585,-69625,-68155,54-00,,,41,27,77980.0,68155.0,1,65-03,,,
Lamp 21PCM whole wafer,2785,1585,-69625,-68155,54-00,,,41,25,72410.0,68155.0,1,65-01,,,
Lamp 21PCM whole wafer,2785,1585,-69625,-68155,54-00,,,41,24,69625.0,68155.0,1,65-00,,,
Lamp 21PCM whole wafer,2785,1585,-69625,-68155,54-00,,,41,23,66840.0,68155.0,1,64-05,,,
Lamp 21PCM whole wafer,2785,1585,-69625,-68155,54-00,,,41,22,64055.0,68155.0,1,64-04,,,
Lamp 21PCM whole wafer,2785,1585,-69625,-68155,54-00,,,41,21,61270.0,68155.0,1,64-03,,,
Lamp 21PCM whole wafer,2785,1585,-69625,-68155,54-00,,,41,20,58485.0,68155.0,1,64-02,,,
Lamp 21PCM whole wafer,2785,1585,-69625,-68155,54-00,,,41,19,55700.0,68155.0,1,64-01,,,
Lamp 21PCM whole wafer,2785,1585,-69625,-68155,54-00,,,41,18,52915.0,68155.0,1,64-00,,,
Lamp 21PCM whole wafer,2785,1585,-69625,-68155,54-00,,,41,17,50130.0,68155.0,1,63-05,,,
Lamp 21PCM whole wafer,2785,1585,-69625,-68155,54-00,,,41,16,47345.0,68155.0,1,63-04,,,
Lamp 21PCM whole wafer,2785,1585,-69625,-68155,54-00,,,41,15,44560.0,68155.0,1,63-03,,,
Lamp 21PCM whole wafer,2785,1585,-69625,-68155,54-00,,,41,13,38990.0,68155.0,1,63-01,,,
Lamp 21PCM whole wafer,2785,1585,-69625,-68155,54-00,,,41,12,36205.0,68155.0,1,63-00,,,
Lamp 21PCM whole wafer,2785,1585,-69625,-68155,54-00,,,41,11,33420.0,68155.0,1,62-05,,,
Lamp 21PCM whole wafer,2785,1585,-69625,-68155,54-00,,,41,10,30635.0,68155.0,1,62-04,,,
Lamp 21PCM whole wafer,2785,1585,-69625,-68155,54-00,,,41,9,27850.0,68155.0,1,62-03,,,
Lamp 21PCM whole wafer,2785,1585,-69625,-68155,54-00,,,41,7,22280.0,68155.0,1,62-01,,,
Lamp 21PCM whole wafer,2785,1585,-69625,-68155,54-00,,,41,6,19495.0,68155.0,1,62-00,,,
Lamp 21PCM whole wafer,2785,1585,-69625,-68155,54-00,,,41,5,16710.0,68155.0,1,61-05,,,
Lamp 21PCM whole wafer,2785,1585,-69625,-68155,54-00,,,41,4,13925.0,68155.0,1,61-04,,,
Lamp 21PCM whole wafer,2785,1585,-69625,-68155,54-00,,,41,3,11140.0,68155.0,1,61-03,,,
Lamp 21PCM whole wafer,2785,1585,-69625,-68155,54-00,,,41,1,5570.0,68155.0,1,61-01,,,
Lamp 21PCM whole wafer,2785,1585,-69625,-68155,54-00,,,41,0,2785.0,68155.0,1,61-00,,,
Lamp 21PCM whole wafer,2785,1585,-69625,-68155,54-00,,,42,0,2785.0,69740.0,1,51-70,,,
Lamp 21PCM whole wafer,2785,1585,-69625,-68155,54-00,,,42,1,5570.0,69740.0,1,51-71,,,
Lamp 21PCM whole wafer,2785,1585,-69625,-68155,54-00,,,42,2,8355.0,69740.0,1,51-72,,,
Lamp 21PCM whole wafer,2785,1585,-69625,-68155,54-00,,,42,3,11140.0,69740.0,1,51-73,,,
Lamp 21PCM whole wafer,2785,1585,-69625,-68155,54-00,,,42,4,13925.0,69740.0,1,51-74,,,
Lamp 21PCM whole wafer,2785,1585,-69625,-68155,54-00,,,42,5,16710.0,69740.0,1,51-75,,,
Lamp 21PCM whole wafer,2785,1585,-69625,-68155,54-00,,,42,9,27850.0,69740.0,1,52-73,,,
Lamp 21PCM whole wafer,2785,1585,-69625,-68155,54-00,,,42,10,30635.0,69740.0,1,52-74,,,
Lamp 21PCM whole wafer,2785,1585,-69625,-68155,54-00,,,42,11,33420.0,69740.0,1,52-75,,,
Lamp 21PCM whole wafer,2785,1585,-69625,-68155,54-00,,,42,12,36205.0,69740.0,1,53-70,,,
Lamp 21PCM whole wafer,2785,1585,-69625,-68155,54-00,,,42,13,38990.0,69740.0,1,53-71,,,
Lamp 21PCM whole wafer,2785,1585,-69625,-68155,54-00,,,42,14,41775.0,69740.0,1,53-72,,,
Lamp 21PCM whole wafer,2785,1585,-69625,-68155,54-00,,,42,15,44560.0,69740.0,1,53-73,,,
Lamp 21PCM whole wafer,2785,1585,-69625,-68155,54-00,,,42,16,47345.0,69740.0,1,53-74,,,
Lamp 21PCM whole wafer,2785,1585,-69625,-68155,54-00,,,42,17,50130.0,69740.0,1,53-75,,,
Lamp 21PCM whole wafer,2785,1585,-69625,-68155,54-00,,,42,18,52915.0,69740.0,1,54-70,,,
Lamp 21PCM whole wafer,2785,1585,-69625,-68155,54-00,,,42,19,55700.0,69740.0,1,54-71,,,
Lamp 21PCM whole wafer,2785,1585,-69625,-68155,54-00,,,42,20,58485.0,69740.0,1,54-72,,,
Lamp 21PCM whole wafer,2785,1585,-69625,-68155,54-00,,,42,21,61270.0,69740.0,1,54-73,,,
Lamp 21PCM whole wafer,2785,1585,-69625,-68155,54-00,,,42,22,64055.0,69740.0,1,54-74,,,
Lamp 21PCM whole wafer,2785,1585,-69625,-68155,54-00,,,42,23,66840.0,69740.0,1,54-75,,,
Lamp 21PCM whole wafer,2785,1585,-69625,-68155,54-00,,,42,24,69625.0,69740.0,1,55-70,,,
Lamp 21PCM whole wafer,2785,1585,-69625,-68155,54-00,,,42,25,72410.0,69740.0,1,55-71,,,
Lamp 21PCM whole wafer,2785,1585,-69625,-68155,54-00,,,42,26,75195.0,69740.0,1,55-72,,,
Lamp 21PCM whole wafer,2785,1585,-69625,-68155,54-00,,,42,27,77980.0,69740.0,1,55-73,,,
Lamp 21PCM whole wafer,2785,1585,-69625,-68155,54-00,,,42,28,80765.0,69740.0,1,55-74,,,
Lamp 21PCM whole wafer,2785,1585,-69625,-68155,54-00,,,42,29,83550.0,69740.0,1,55-75,,,
Lamp 21PCM whole wafer,2785,1585,-69625,-68155,54-00,,,42,30,86335.0,69740.0,1,56-70,,,
Lamp 21PCM whole wafer,2785,1585,-69625,-68155,54-00,,,42,31,89120.0,69740.0,1,56-71,,,
Lamp 21PCM whole wafer,2785,1585,-69625,-68155,54-00,,,42,32,91905.0,69740.0,1,56-72,,,
Lamp 21PCM whole wafer,2785,1585,-69625,-68155,54-00,,,42,33,94690.0,69740.0,1,56-73,,,
Lamp 21PCM whole wafer,2785,1585,-69625,-68155,54-00,,,42,34,97475.0,69740.0,1,56-74,,,
Lamp 21PCM whole wafer,2785,1585,-69625,-68155,54-00,,,42,35,100260.0,69740.0,1,56-75,,,
Lamp 21PCM whole wafer,2785,1585,-69625,-68155,54-00,,,42,36,103045.0,69740.0,1,57-70,,,
Lamp 21PCM whole wafer,2785,1585,-69625,-68155,54-00,,,42,37,105830.0,69740.0,1,57-71,,,
Lamp 21PCM whole wafer,2785,1585,-69625,-68155,54-00,,,42,38,108615.0,69740.0,1,57-72,,,
Lamp 21PCM whole wafer,2785,1585,-69625,-68155,54-00,,,42,42,119755.0,69740.0,1,58-70,,,
Lamp 21PCM whole wafer,2785,1585,-69625,-68155,54-00,,,42,43,122540.0,69740.0,1,58-71,,,
Lamp 21PCM whole wafer,2785,1585,-69625,-68155,54-00,,,42,44,125325.0,69740.0,1,58-72,,,
Lamp 21PCM whole wafer,2785,1585,-69625,-68155,54-00,,,42,45,128110.0,69740.0,1,58-73,,,
Lamp 21PCM whole wafer,2785,1585,-69625,-68155,54-00,,,42,46,130895.0,69740.0,1,58-74,,,
Lamp 21PCM whole wafer,2785,1585,-69625,-68155,54-00,,,42,47,133680.0,69740.0,1,58-75,,,
Lamp 21PCM whole wafer,2785,1585,-69625,-68155,54-00,,,43,47,133680.0,71325.0,1,58-65,,,
Lamp 21PCM whole wafer,2785,1585,-69625,-68155,54-00,,,43,46,130895.0,71325.0,1,58-64,,,
Lamp 21PCM whole wafer,2785,1585,-69625,-68155,54-00,,,43,45,128110.0,71325.0,1,58-63,,,
Lamp 21PCM whole wafer,2785,1585,-69625,-68155,54-00,,,43,44,125325.0,71325.0,1,58-62,,,
Lamp 21PCM whole wafer,2785,1585,-69625,-68155,54-00,,,43,43,122540.0,71325.0,1,58-61,,,
Lamp 21PCM whole wafer,2785,1585,-69625,-68155,54-00,,,43,42,119755.0,71325.0,1,58-60,,,
Lamp 21PCM whole wafer,2785,1585,-69625,-68155,54-00,,,43,41,116970.0,71325.0,1,57-65,,,
Lamp 21PCM whole wafer,2785,1585,-69625,-68155,54-00,,,43,40,114185.0,71325.0,1,57-64,,,
Lamp 21PCM whole wafer,2785,1585,-69625,-68155,54-00,,,43,39,111400.0,71325.0,1,57-63,,,
Lamp 21PCM whole wafer,2785,1585,-69625,-68155,54-00,,,43,38,108615.0,71325.0,1,57-62,,,
Lamp 21PCM whole wafer,2785,1585,-69625,-68155,54-00,,,43,37,105830.0,71325.0,1,57-61,,,
Lamp 21PCM whole wafer,2785,1585,-69625,-68155,54-00,,,43,36,103045.0,71325.0,1,57-60,,,
Lamp 21PCM whole wafer,2785,1585,-69625,-68155,54-00,,,43,35,100260.0,71325.0,1,56-65,,,
Lamp 21PCM whole wafer,2785,1585,-69625,-68155,54-00,,,43,34,97475.0,71325.0,1,56-64,,,
Lamp 21PCM whole wafer,2785,1585,-69625,-68155,54-00,,,43,33,94690.0,71325.0,1,56-63,,,
Lamp 21PCM whole wafer,2785,1585,-69625,-68155,54-00,,,43,32,91905.0,71325.0,1,56-62,,,
Lamp 21PCM whole wafer,2785,1585,-69625,-68155,54-00,,,43,31,89120.0,71325.0,1,56-61,,,
Lamp 21PCM whole wafer,2785,1585,-69625,-68155,54-00,,,43,30,86335.0,71325.0,1,56-60,,,
Lamp 21PCM whole wafer,2785,1585,-69625,-68155,54-00,,,43,29,83550.0,71325.0,1,55-65,,,
Lamp 21PCM whole wafer,2785,1585,-69625,-68155,54-00,,,43,28,80765.0,71325.0,1,55-64,,,
Lamp 21PCM whole wafer,2785,1585,-69625,-68155,54-00,,,43,27,77980.0,71325.0,1,55-63,,,
Lamp 21PCM whole wafer,2785,1585,-69625,-68155,54-00,,,43,26,75195.0,71325.0,1,55-62,,,
Lamp 21PCM whole wafer,2785,1585,-69625,-68155,54-00,,,43,25,72410.0,71325.0,1,55-61,,,
Lamp 21PCM whole wafer,2785,1585,-69625,-68155,54-00,,,43,24,69625.0,71325.0,1,55-60,,,
Lamp 21PCM whole wafer,2785,1585,-69625,-68155,54-00,,,43,23,66840.0,71325.0,1,54-65,,,
Lamp 21PCM whole wafer,2785,1585,-69625,-68155,54-00,,,43,22,64055.0,71325.0,1,54-64,,,
Lamp 21PCM whole wafer,2785,1585,-69625,-68155,54-00,,,43,21,61270.0,71325.0,1,54-63,,,
Lamp 21PCM whole wafer,2785,1585,-69625,-68155,54-00,,,43,20,58485.0,71325.0,1,54-62,,,
Lamp 21PCM whole wafer,2785,1585,-69625,-68155,54-00,,,43,19,55700.0,71325.0,1,54-61,,,
Lamp 21PCM whole wafer,2785,1585,-69625,-68155,54-00,,,43,18,52915.0,71325.0,1,54-60,,,
Lamp 21PCM whole wafer,2785,1585,-69625,-68155,54-00,,,43,17,50130.0,71325.0,1,53-65,,,
Lamp 21PCM whole wafer,2785,1585,-69625,-68155,54-00,,,43,16,47345.0,71325.0,1,53-64,,,
Lamp 21PCM whole wafer,2785,1585,-69625,-68155,54-00,,,43,15,44560.0,71325.0,1,53-63,,,
Lamp 21PCM whole wafer,2785,1585,-69625,-68155,54-00,,,43,14,41775.0,71325.0,1,53-62,,,
Lamp 21PCM whole wafer,2785,1585,-69625,-68155,54-00,,,43,13,38990.0,71325.0,1,53-61,,,
Lamp 21PCM whole wafer,2785,1585,-69625,-68155,54-00,,,43,12,36205.0,71325.0,1,53-60,,,
Lamp 21PCM whole wafer,2785,1585,-69625,-68155,54-00,,,43,11,33420.0,71325.0,1,52-65,,,
Lamp 21PCM whole wafer,2785,1585,-69625,-68155,54-00,,,43,10,30635.0,71325.0,1,52-64,,,
Lamp 21PCM whole wafer,2785,1585,-69625,-68155,54-00,,,43,9,27850.0,71325.0,1,52-63,,,
Lamp 21PCM whole wafer,2785,1585,-69625,-68155,54-00,,,43,8,25065.0,71325.0,1,52-62,,,
Lamp 21PCM whole wafer,2785,1585,-69625,-68155,54-00,,,43,7,22280.0,71325.0,1,52-61,,,
Lamp 21PCM whole wafer,2785,1585,-69625,-68155,54-00,,,43,6,19495.0,71325.0,1,52-60,,,
Lamp 21PCM whole wafer,2785,1585,-69625,-68155,54-00,,,43,5,16710.0,71325.0,1,51-65,,,
Lamp 21PCM whole wafer,2785,1585,-69625,-68155,54-00,,,43,4,13925.0,71325.0,1,51-64,,,
Lamp 21PCM whole wafer,2785,1585,-69625,-68155,54-00,,,43,3,11140.0,71325.0,1,51-63,,,
Lamp 21PCM whole wafer,2785,1585,-69625,-68155,54-00,,,43,2,8355.0,71325.0,1,51-62,,,
Lamp 21PCM whole wafer,2785,1585,-69625,-68155,54-00,,,43,1,5570.0,71325.0,1,51-61,,,
Lamp 21PCM whole wafer,2785,1585,-69625,-68155,54-00,,,43,0,2785.0,71325.0,1,51-60,,,
Lamp 21PCM whole wafer,2785,1585,-69625,-68155,54-00,,,44,0,2785.0,72910.0,1,51-50,,,
Lamp 21PCM whole wafer,2785,1585,-69625,-68155,54-00,,,44,1,5570.0,72910.0,1,51-51,,,
Lamp 21PCM whole wafer,2785,1585,-69625,-68155,54-00,,,44,2,8355.0,72910.0,1,51-52,,,
Lamp 21PCM whole wafer,2785,1585,-69625,-68155,54-00,,,44,3,11140.0,72910.0,1,51-53,,,
Lamp 21PCM whole wafer,2785,1585,-69625,-68155,54-00,,,44,4,13925.0,72910.0,1,51-54,,,
Lamp 21PCM whole wafer,2785,1585,-69625,-68155,54-00,,,44,5,16710.0,72910.0,1,51-55,,,
Lamp 21PCM whole wafer,2785,1585,-69625,-68155,54-00,,,44,6,19495.0,72910.0,1,52-50,,,
Lamp 21PCM whole wafer,2785,1585,-69625,-68155,54-00,,,44,7,22280.0,72910.0,1,52-51,,,
Lamp 21PCM whole wafer,2785,1585,-69625,-68155,54-00,,,44,8,25065.0,72910.0,1,52-52,,,
Lamp 21PCM whole wafer,2785,1585,-69625,-68155,54-00,,,44,9,27850.0,72910.0,1,52-53,,,
Lamp 21PCM whole wafer,2785,1585,-69625,-68155,54-00,,,44,10,30635.0,72910.0,1,52-54,,,
Lamp 21PCM whole wafer,2785,1585,-69625,-68155,54-00,,,44,11,33420.0,72910.0,1,52-55,,,
Lamp 21PCM whole wafer,2785,1585,-69625,-68155,54-00,,,44,12,36205.0,72910.0,1,53-50,,,
Lamp 21PCM whole wafer,2785,1585,-69625,-68155,54-00,,,44,13,38990.0,72910.0,1,53-51,,,
Lamp 21PCM whole wafer,2785,1585,-69625,-68155,54-00,,,44,14,41775.0,72910.0,1,53-52,,,
Lamp 21PCM whole wafer,2785,1585,-69625,-68155,54-00,,,44,15,44560.0,72910.0,1,53-53,,,
Lamp 21PCM whole wafer,2785,1585,-69625,-68155,54-00,,,44,16,47345.0,72910.0,1,53-54,,,
Lamp 21PCM whole wafer,2785,1585,-69625,-68155,54-00,,,44,17,50130.0,72910.0,1,53-55,,,
Lamp 21PCM whole wafer,2785,1585,-69625,-68155,54-00,,,44,18,52915.0,72910.0,1,54-50,,,
Lamp 21PCM whole wafer,2785,1585,-69625,-68155,54-00,,,44,19,55700.0,72910.0,1,54-51,,,
Lamp 21PCM whole wafer,2785,1585,-69625,-68155,54-00,,,44,20,58485.0,72910.0,1,54-52,,,
Lamp 21PCM whole wafer,2785,1585,-69625,-68155,54-00,,,44,21,61270.0,72910.0,1,54-53,,,
Lamp 21PCM whole wafer,2785,1585,-69625,-68155,54-00,,,44,22,64055.0,72910.0,1,54-54,,,
Lamp 21PCM whole wafer,2785,1585,-69625,-68155,54-00,,,44,23,66840.0,72910.0,1,54-55,,,
Lamp 21PCM whole wafer,2785,1585,-69625,-68155,54-00,,,44,24,69625.0,72910.0,1,55-50,,,
Lamp 21PCM whole wafer,2785,1585,-69625,-68155,54-00,,,44,25,72410.0,72910.0,1,55-51,,,
Lamp 21PCM whole wafer,2785,1585,-69625,-68155,54-00,,,44,26,75195.0,72910.0,1,55-52,,,
Lamp 21PCM whole wafer,2785,1585,-69625,-68155,54-00,,,44,27,77980.0,72910.0,1,55-53,,,
Lamp 21PCM whole wafer,2785,1585,-69625,-68155,54-00,,,44,28,80765.0,72910.0,1,55-54,,,
Lamp 21PCM whole wafer,2785,1585,-69625,-68155,54-00,,,44,29,83550.0,72910.0,1,55-55,,,
Lamp 21PCM whole wafer,2785,1585,-69625,-68155,54-00,,,44,30,86335.0,72910.0,1,56-50,,,
Lamp 21PCM whole wafer,2785,1585,-69625,-68155,54-00,,,44,31,89120.0,72910.0,1,56-51,,,
Lamp 21PCM whole wafer,2785,1585,-69625,-68155,54-00,,,44,32,91905.0,72910.0,1,56-52,,,
Lamp 21PCM whole wafer,2785,1585,-69625,-68155,54-00,,,44,33,94690.0,72910.0,1,56-53,,,
Lamp 21PCM whole wafer,2785,1585,-69625,-68155,54-00,,,44,34,97475.0,72910.0,1,56-54,,,
Lamp 21PCM whole wafer,2785,1585,-69625,-68155,54-00,,,44,35,100260.0,72910.0,1,56-55,,,
Lamp 21PCM whole wafer,2785,1585,-69625,-68155,54-00,,,44,36,103045.0,72910.0,1,57-50,,,
Lamp 21PCM whole wafer,2785,1585,-69625,-68155,54-00,,,44,37,105830.0,72910.0,1,57-51,,,
Lamp 21PCM whole wafer,2785,1585,-69625,-68155,54-00,,,44,38,108615.0,72910.0,1,57-52,,,
Lamp 21PCM whole wafer,2785,1585,-69625,-68155,54-00,,,44,39,111400.0,72910.0,1,57-53,,,
Lamp 21PCM whole wafer,2785,1585,-69625,-68155,54-00,,,44,40,114185.0,72910.0,1,57-54,,,
Lamp 21PCM whole wafer,2785,1585,-69625,-68155,54-00,,,44,41,116970.0,72910.0,1,57-55,,,
Lamp 21PCM whole wafer,2785,1585,-69625,-68155,54-00,,,44,42,119755.0,72910.0,1,58-50,,,
Lamp 21PCM whole wafer,2785,1585,-69625,-68155,54-00,,,44,43,122540.0,72910.0,1,58-51,,,
Lamp 21PCM whole wafer,2785,1585,-69625,-68155,54-00,,,44,44,125325.0,72910.0,1,58-52,,,
Lamp 21PCM whole wafer,2785,1585,-69625,-68155,54-00,,,44,45,128110.0,72910.0,1,58-53,,,
Lamp 21PCM whole wafer,2785,1585,-69625,-68155,54-00,,,44,46,130895.0,72910.0,1,58-54,,,
Lamp 21PCM whole wafer,2785,1585,-69625,-68155,54-00,,,44,47,133680.0,72910.0,1,58-55,,,
Lamp 21PCM whole wafer,2785,1585,-69625,-68155,54-00,,,45,47,133680.0,74495.0,1,58-45,,,
Lamp 21PCM whole wafer,2785,1585,-69625,-68155,54-00,,,45,46,130895.0,74495.0,1,58-44,,,
Lamp 21PCM whole wafer,2785,1585,-69625,-68155,54-00,,,45,45,128110.0,74495.0,1,58-43,,,
Lamp 21PCM whole wafer,2785,1585,-69625,-68155,54-00,,,45,43,122540.0,74495.0,1,58-41,,,
Lamp 21PCM whole wafer,2785,1585,-69625,-68155,54-00,,,45,42,119755.0,74495.0,1,58-40,,,
Lamp 21PCM whole wafer,2785,1585,-69625,-68155,54-00,,,45,41,116970.0,74495.0,1,57-45,,,
Lamp 21PCM whole wafer,2785,1585,-69625,-68155,54-00,,,45,40,114185.0,74495.0,1,57-44,,,
Lamp 21PCM whole wafer,2785,1585,-69625,-68155,54-00,,,45,39,111400.0,74495.0,1,57-43,,,
Lamp 21PCM whole wafer,2785,1585,-69625,-68155,54-00,,,45,38,108615.0,74495.0,1,57-42,,,
Lamp 21PCM whole wafer,2785,1585,-69625,-68155,54-00,,,45,37,105830.0,74495.0,1,57-41,,,
Lamp 21PCM whole wafer,2785,1585,-69625,-68155,54-00,,,45,36,103045.0,74495.0,1,57-40,,,
Lamp 21PCM whole wafer,2785,1585,-69625,-68155,54-00,,,45,35,100260.0,74495.0,1,56-45,,,
Lamp 21PCM whole wafer,2785,1585,-69625,-68155,54-00,,,45,34,97475.0,74495.0,1,56-44,,,
Lamp 21PCM whole wafer,2785,1585,-69625,-68155,54-00,,,45,33,94690.0,74495.0,1,56-43,,,
Lamp 21PCM whole wafer,2785,1585,-69625,-68155,54-00,,,45,32,91905.0,74495.0,1,56-42,,,
Lamp 21PCM whole wafer,2785,1585,-69625,-68155,54-00,,,45,31,89120.0,74495.0,1,56-41,,,
Lamp 21PCM whole wafer,2785,1585,-69625,-68155,54-00,,,45,30,86335.0,74495.0,1,56-40,,,
Lamp 21PCM whole wafer,2785,1585,-69625,-68155,54-00,,,45,29,83550.0,74495.0,1,55-45,,,
Lamp 21PCM whole wafer,2785,1585,-69625,-68155,54-00,,,45,28,80765.0,74495.0,1,55-44,,,
Lamp 21PCM whole wafer,2785,1585,-69625,-68155,54-00,,,45,27,77980.0,74495.0,1,55-43,,,
Lamp 21PCM whole wafer,2785,1585,-69625,-68155,54-00,,,45,26,75195.0,74495.0,1,55-42,,,
Lamp 21PCM whole wafer,2785,1585,-69625,-68155,54-00,,,45,25,72410.0,74495.0,1,55-41,,,
Lamp 21PCM whole wafer,2785,1585,-69625,-68155,54-00,,,45,24,69625.0,74495.0,1,55-40,,,
Lamp 21PCM whole wafer,2785,1585,-69625,-68155,54-00,,,45,23,66840.0,74495.0,1,54-45,,,
Lamp 21PCM whole wafer,2785,1585,-69625,-68155,54-00,,,45,22,64055.0,74495.0,1,54-44,,,
Lamp 21PCM whole wafer,2785,1585,-69625,-68155,54-00,,,45,21,61270.0,74495.0,1,54-43,,,
Lamp 21PCM whole wafer,2785,1585,-69625,-68155,54-00,,,45,20,58485.0,74495.0,1,54-42,,,
Lamp 21PCM whole wafer,2785,1585,-69625,-68155,54-00,,,45,19,55700.0,74495.0,1,54-41,,,
Lamp 21PCM whole wafer,2785,1585,-69625,-68155,54-00,,,45,18,52915.0,74495.0,1,54-40,,,
Lamp 21PCM whole wafer,2785,1585,-69625,-68155,54-00,,,45,17,50130.0,74495.0,1,53-45,,,
Lamp 21PCM whole wafer,2785,1585,-69625,-68155,54-00,,,45,16,47345.0,74495.0,1,53-44,,,
Lamp 21PCM whole wafer,2785,1585,-69625,-68155,54-00,,,45,15,44560.0,74495.0,1,53-43,,,
Lamp 21PCM whole wafer,2785,1585,-69625,-68155,54-00,,,45,14,41775.0,74495.0,1,53-42,,,
Lamp 21PCM whole wafer,2785,1585,-69625,-68155,54-00,,,45,13,38990.0,74495.0,1,53-41,,,
Lamp 21PCM whole wafer,2785,1585,-69625,-68155,54-00,,,45,12,36205.0,74495.0,1,53-40,,,
Lamp 21PCM whole wafer,2785,1585,-69625,-68155,54-00,,,45,11,33420.0,74495.0,1,52-45,,,
Lamp 21PCM whole wafer,2785,1585,-69625,-68155,54-00,,,45,10,30635.0,74495.0,1,52-44,,,
Lamp 21PCM whole wafer,2785,1585,-69625,-68155,54-00,,,45,9,27850.0,74495.0,1,52-43,,,
Lamp 21PCM whole wafer,2785,1585,-69625,-68155,54-00,,,45,8,25065.0,74495.0,1,52-42,,,
Lamp 21PCM whole wafer,2785,1585,-69625,-68155,54-00,,,45,7,22280.0,74495.0,1,52-41,,,
Lamp 21PCM whole wafer,2785,1585,-69625,-68155,54-00,,,45,6,19495.0,74495.0,1,52-40,,,
Lamp 21PCM whole wafer,2785,1585,-69625,-68155,54-00,,,45,5,16710.0,74495.0,1,51-45,,,
Lamp 21PCM whole wafer,2785,1585,-69625,-68155,54-00,,,45,4,13925.0,74495.0,1,51-44,,,
Lamp 21PCM whole wafer,2785,1585,-69625,-68155,54-00,,,45,3,11140.0,74495.0,1,51-43,,,
Lamp 21PCM whole wafer,2785,1585,-69625,-68155,54-00,,,45,2,8355.0,74495.0,1,51-42,,,
Lamp 21PCM whole wafer,2785,1585,-69625,-68155,54-00,,,45,1,5570.0,74495.0,1,51-41,,,
Lamp 21PCM whole wafer,2785,1585,-69625,-68155,54-00,,,45,0,2785.0,74495.0,1,51-40,,,
Lamp 21PCM whole wafer,2785,1585,-69625,-68155,54-00,,,46,0,2785.0,76080.0,1,51-30,,,
Lamp 21PCM whole wafer,2785,1585,-69625,-68155,54-00,,,46,1,5570.0,76080.0,1,51-31,,,
Lamp 21PCM whole wafer,2785,1585,-69625,-68155,54-00,,,46,2,8355.0,76080.0,1,51-32,,,
Lamp 21PCM whole wafer,2785,1585,-69625,-68155,54-00,,,46,3,11140.0,76080.0,1,51-33,,,
Lamp 21PCM whole wafer,2785,1585,-69625,-68155,54-00,,,46,4,13925.0,76080.0,1,51-34,,,
Lamp 21PCM whole wafer,2785,1585,-69625,-68155,54-00,,,46,5,16710.0,76080.0,1,51-35,,,
Lamp 21PCM whole wafer,2785,1585,-69625,-68155,54-00,,,46,6,19495.0,76080.0,1,52-30,,,
Lamp 21PCM whole wafer,2785,1585,-69625,-68155,54-00,,,46,7,22280.0,76080.0,1,52-31,,,
Lamp 21PCM whole wafer,2785,1585,-69625,-68155,54-00,,,46,8,25065.0,76080.0,1,52-32,,,
Lamp 21PCM whole wafer,2785,1585,-69625,-68155,54-00,,,46,9,27850.0,76080.0,1,52-33,,,
Lamp 21PCM whole wafer,2785,1585,-69625,-68155,54-00,,,46,10,30635.0,76080.0,1,52-34,,,
Lamp 21PCM whole wafer,2785,1585,-69625,-68155,54-00,,,46,11,33420.0,76080.0,1,52-35,,,
Lamp 21PCM whole wafer,2785,1585,-69625,-68155,54-00,,,46,12,36205.0,76080.0,1,53-30,,,
Lamp 21PCM whole wafer,2785,1585,-69625,-68155,54-00,,,46,13,38990.0,76080.0,1,53-31,,,
Lamp 21PCM whole wafer,2785,1585,-69625,-68155,54-00,,,46,14,41775.0,76080.0,1,53-32,,,
Lamp 21PCM whole wafer,2785,1585,-69625,-68155,54-00,,,46,15,44560.0,76080.0,1,53-33,,,
Lamp 21PCM whole wafer,2785,1585,-69625,-68155,54-00,,,46,16,47345.0,76080.0,1,53-34,,,
Lamp 21PCM whole wafer,2785,1585,-69625,-68155,54-00,,,46,17,50130.0,76080.0,1,53-35,,,
Lamp 21PCM whole wafer,2785,1585,-69625,-68155,54-00,,,46,18,52915.0,76080.0,1,54-30,,,
Lamp 21PCM whole wafer,2785,1585,-69625,-68155,54-00,,,46,19,55700.0,76080.0,1,54-31,,,
Lamp 21PCM whole wafer,2785,1585,-69625,-68155,54-00,,,46,20,58485.0,76080.0,1,54-32,,,
Lamp 21PCM whole wafer,2785,1585,-69625,-68155,54-00,,,46,21,61270.0,76080.0,1,54-33,,,
Lamp 21PCM whole wafer,2785,1585,-69625,-68155,54-00,,,46,22,64055.0,76080.0,1,54-34,,,
Lamp 21PCM whole wafer,2785,1585,-69625,-68155,54-00,,,46,23,66840.0,76080.0,1,54-35,,,
Lamp 21PCM whole wafer,2785,1585,-69625,-68155,54-00,,,46,24,69625.0,76080.0,1,55-30,,,
Lamp 21PCM whole wafer,2785,1585,-69625,-68155,54-00,,,46,25,72410.0,76080.0,1,55-31,,,
Lamp 21PCM whole wafer,2785,1585,-69625,-68155,54-00,,,46,26,75195.0,76080.0,1,55-32,,,
Lamp 21PCM whole wafer,2785,1585,-69625,-68155,54-00,,,46,27,77980.0,76080.0,1,55-33,,,
Lamp 21PCM whole wafer,2785,1585,-69625,-68155,54-00,,,46,28,80765.0,76080.0,1,55-34,,,
Lamp 21PCM whole wafer,2785,1585,-69625,-68155,54-00,,,46,29,83550.0,76080.0,1,55-35,,,
Lamp 21PCM whole wafer,2785,1585,-69625,-68155,54-00,,,46,30,86335.0,76080.0,1,56-30,,,
Lamp 21PCM whole wafer,2785,1585,-69625,-68155,54-00,,,46,31,89120.0,76080.0,1,56-31,,,
Lamp 21PCM whole wafer,2785,1585,-69625,-68155,54-00,,,46,32,91905.0,76080.0,1,56-32,,,
Lamp 21PCM whole wafer,2785,1585,-69625,-68155,54-00,,,46,33,94690.0,76080.0,1,56-33,,,
Lamp 21PCM whole wafer,2785,1585,-69625,-68155,54-00,,,46,34,97475.0,76080.0,1,56-34,,,
Lamp 21PCM whole wafer,2785,1585,-69625,-68155,54-00,,,46,35,100260.0,76080.0,1,56-35,,,
Lamp 21PCM whole wafer,2785,1585,-69625,-68155,54-00,,,46,36,103045.0,76080.0,1,57-30,,,
Lamp 21PCM whole wafer,2785,1585,-69625,-68155,54-00,,,46,37,105830.0,76080.0,1,57-31,,,
Lamp 21PCM whole wafer,2785,1585,-69625,-68155,54-00,,,46,38,108615.0,76080.0,1,57-32,,,
Lamp 21PCM whole wafer,2785,1585,-69625,-68155,54-00,,,46,39,111400.0,76080.0,1,57-33,,,
Lamp 21PCM whole wafer,2785,1585,-69625,-68155,54-00,,,46,40,114185.0,76080.0,1,57-34,,,
Lamp 21PCM whole wafer,2785,1585,-69625,-68155,54-00,,,46,41,116970.0,76080.0,1,57-35,,,
Lamp 21PCM whole wafer,2785,1585,-69625,-68155,54-00,,,46,42,119755.0,76080.0,1,58-30,,,
Lamp 21PCM whole wafer,2785,1585,-69625,-68155,54-00,,,46,43,122540.0,76080.0,1,58-31,,,
Lamp 21PCM whole wafer,2785,1585,-69625,-68155,54-00,,,46,44,125325.0,76080.0,1,58-32,,,
Lamp 21PCM whole wafer,2785,1585,-69625,-68155,54-00,,,46,45,128110.0,76080.0,1,58-33,,,
Lamp 21PCM whole wafer,2785,1585,-69625,-68155,54-00,,,46,46,130895.0,76080.0,1,58-34,,,
Lamp 21PCM whole wafer,2785,1585,-69625,-68155,54-00,,,46,47,133680.0,76080.0,1,58-35,,,
Lamp 21PCM whole wafer,2785,1585,-69625,-68155,54-00,,,47,47,133680.0,77665.0,1,58-25,,,
Lamp 21PCM whole wafer,2785,1585,-69625,-68155,54-00,,,47,46,130895.0,77665.0,1,58-24,,,
Lamp 21PCM whole wafer,2785,1585,-69625,-68155,54-00,,,47,45,128110.0,77665.0,1,58-23,,,
Lamp 21PCM whole wafer,2785,1585,-69625,-68155,54-00,,,47,44,125325.0,77665.0,1,58-22,,,
Lamp 21PCM whole wafer,2785,1585,-69625,-68155,54-00,,,47,43,122540.0,77665.0,1,58-21,,,
Lamp 21PCM whole wafer,2785,1585,-69625,-68155,54-00,,,47,42,119755.0,77665.0,1,58-20,,,
Lamp 21PCM whole wafer,2785,1585,-69625,-68155,54-00,,,47,41,116970.0,77665.0,1,57-25,,,
Lamp 21PCM whole wafer,2785,1585,-69625,-68155,54-00,,,47,40,114185.0,77665.0,1,57-24,,,
Lamp 21PCM whole wafer,2785,1585,-69625,-68155,54-00,,,47,39,111400.0,77665.0,1,57-23,,,
Lamp 21PCM whole wafer,2785,1585,-69625,-68155,54-00,,,47,38,108615.0,77665.0,1,57-22,,,
Lamp 21PCM whole wafer,2785,1585,-69625,-68155,54-00,,,47,37,105830.0,77665.0,1,57-21,,,
Lamp 21PCM whole wafer,2785,1585,-69625,-68155,54-00,,,47,36,103045.0,77665.0,1,57-20,,,
Lamp 21PCM whole wafer,2785,1585,-69625,-68155,54-00,,,47,35,100260.0,77665.0,1,56-25,,,
Lamp 21PCM whole wafer,2785,1585,-69625,-68155,54-00,,,47,34,97475.0,77665.0,1,56-24,,,
Lamp 21PCM whole wafer,2785,1585,-69625,-68155,54-00,,,47,33,94690.0,77665.0,1,56-23,,,
Lamp 21PCM whole wafer,2785,1585,-69625,-68155,54-00,,,47,32,91905.0,77665.0,1,56-22,,,
Lamp 21PCM whole wafer,2785,1585,-69625,-68155,54-00,,,47,31,89120.0,77665.0,1,56-21,,,
Lamp 21PCM whole wafer,2785,1585,-69625,-68155,54-00,,,47,30,86335.0,77665.0,1,56-20,,,
Lamp 21PCM whole wafer,2785,1585,-69625,-68155,54-00,,,47,29,83550.0,77665.0,1,55-25,,,
Lamp 21PCM whole wafer,2785,1585,-69625,-68155,54-00,,,47,28,80765.0,77665.0,1,55-24,,,
Lamp 21PCM whole wafer,2785,1585,-69625,-68155,54-00,,,47,27,77980.0,77665.0,1,55-23,,,
Lamp 21PCM whole wafer,2785,1585,-69625,-68155,54-00,,,47,26,75195.0,77665.0,1,55-22,,,
Lamp 21PCM whole wafer,2785,1585,-69625,-68155,54-00,,,47,25,72410.0,77665.0,1,55-21,,,
Lamp 21PCM whole wafer,2785,1585,-69625,-68155,54-00,,,47,24,69625.0,77665.0,1,55-20,,,
Lamp 21PCM whole wafer,2785,1585,-69625,-68155,54-00,,,47,23,66840.0,77665.0,1,54-25,,,
Lamp 21PCM whole wafer,2785,1585,-69625,-68155,54-00,,,47,22,64055.0,77665.0,1,54-24,,,
Lamp 21PCM whole wafer,2785,1585,-69625,-68155,54-00,,,47,21,61270.0,77665.0,1,54-23,,,
Lamp 21PCM whole wafer,2785,1585,-69625,-68155,54-00,,,47,20,58485.0,77665.0,1,54-22,,,
Lamp 21PCM whole wafer,2785,1585,-69625,-68155,54-00,,,47,19,55700.0,77665.0,1,54-21,,,
Lamp 21PCM whole wafer,2785,1585,-69625,-68155,54-00,,,47,18,52915.0,77665.0,1,54-20,,,
Lamp 21PCM whole wafer,2785,1585,-69625,-68155,54-00,,,47,17,50130.0,77665.0,1,53-25,,,
Lamp 21PCM whole wafer,2785,1585,-69625,-68155,54-00,,,47,16,47345.0,77665.0,1,53-24,,,
Lamp 21PCM whole wafer,2785,1585,-69625,-68155,54-00,,,47,15,44560.0,77665.0,1,53-23,,,
Lamp 21PCM whole wafer,2785,1585,-69625,-68155,54-00,,,47,14,41775.0,77665.0,1,53-22,,,
Lamp 21PCM whole wafer,2785,1585,-69625,-68155,54-00,,,47,13,38990.0,77665.0,1,53-21,,,
Lamp 21PCM whole wafer,2785,1585,-69625,-68155,54-00,,,47,12,36205.0,77665.0,1,53-20,,,
Lamp 21PCM whole wafer,2785,1585,-69625,-68155,54-00,,,47,11,33420.0,77665.0,1,52-25,,,
Lamp 21PCM whole wafer,2785,1585,-69625,-68155,54-00,,,47,10,30635.0,77665.0,1,52-24,,,
Lamp 21PCM whole wafer,2785,1585,-69625,-68155,54-00,,,47,9,27850.0,77665.0,1,52-23,,,
Lamp 21PCM whole wafer,2785,1585,-69625,-68155,54-00,,,47,8,25065.0,77665.0,1,52-22,,,
Lamp 21PCM whole wafer,2785,1585,-69625,-68155,54-00,,,47,7,22280.0,77665.0,1,52-21,,,
Lamp 21PCM whole wafer,2785,1585,-69625,-68155,54-00,,,47,6,19495.0,77665.0,1,52-20,,,
Lamp 21PCM whole wafer,2785,1585,-69625,-68155,54-00,,,47,5,16710.0,77665.0,1,51-25,,,
Lamp 21PCM whole wafer,2785,1585,-69625,-68155,54-00,,,47,4,13925.0,77665.0,1,51-24,,,
Lamp 21PCM whole wafer,2785,1585,-69625,-68155,54-00,,,47,3,11140.0,77665.0,1,51-23,,,
Lamp 21PCM whole wafer,2785,1585,-69625,-68155,54-00,,,47,2,8355.0,77665.0,1,51-22,,,
Lamp 21PCM whole wafer,2785,1585,-69625,-68155,54-00,,,47,1,5570.0,77665.0,1,51-21,,,
Lamp 21PCM whole wafer,2785,1585,-69625,-68155,54-00,,,47,0,2785.0,77665.0,1,51-20,,,
Lamp 21PCM whole wafer,2785,1585,-69625,-68155,54-00,,,48,0,2785.0,79250.0,1,51-10,,,
Lamp 21PCM whole wafer,2785,1585,-69625,-68155,54-00,,,48,1,5570.0,79250.0,1,51-11,,,
Lamp 21PCM whole wafer,2785,1585,-69625,-68155,54-00,,,48,2,8355.0,79250.0,1,51-12,,,
Lamp 21PCM whole wafer,2785,1585,-69625,-68155,54-00,,,48,3,11140.0,79250.0,1,51-13,,,
Lamp 21PCM whole wafer,2785,1585,-69625,-68155,54-00,,,48,4,13925.0,79250.0,1,51-14,,,
Lamp 21PCM whole wafer,2785,1585,-69625,-68155,54-00,,,48,5,16710.0,79250.0,1,51-15,,,
Lamp 21PCM whole wafer,2785,1585,-69625,-68155,54-00,,,48,6,19495.0,79250.0,1,52-10,,,
Lamp 21PCM whole wafer,2785,1585,-69625,-68155,54-00,,,48,7,22280.0,79250.0,1,52-11,,,
Lamp 21PCM whole wafer,2785,1585,-69625,-68155,54-00,,,48,8,25065.0,79250.0,1,52-12,,,
Lamp 21PCM whole wafer,2785,1585,-69625,-68155,54-00,,,48,9,27850.0,79250.0,1,52-13,,,
Lamp 21PCM whole wafer,2785,1585,-69625,-68155,54-00,,,48,10,30635.0,79250.0,1,52-14,,,
Lamp 21PCM whole wafer,2785,1585,-69625,-68155,54-00,,,48,11,33420.0,79250.0,1,52-15,,,
Lamp 21PCM whole wafer,2785,1585,-69625,-68155,54-00,,,48,12,36205.0,79250.0,1,53-10,,,
Lamp 21PCM whole wafer,2785,1585,-69625,-68155,54-00,,,48,13,38990.0,79250.0,1,53-11,,,
Lamp 21PCM whole wafer,2785,1585,-69625,-68155,54-00,,,48,14,41775.0,79250.0,1,53-12,,,
Lamp 21PCM whole wafer,2785,1585,-69625,-68155,54-00,,,48,15,44560.0,79250.0,1,53-13,,,
Lamp 21PCM whole wafer,2785,1585,-69625,-68155,54-00,,,48,16,47345.0,79250.0,1,53-14,,,
Lamp 21PCM whole wafer,2785,1585,-69625,-68155,54-00,,,48,17,50130.0,79250.0,1,53-15,,,
Lamp 21PCM whole wafer,2785,1585,-69625,-68155,54-00,,,48,18,52915.0,79250.0,1,54-10,,,
Lamp 21PCM whole wafer,2785,1585,-69625,-68155,54-00,,,48,19,55700.0,79250.0,1,54-11,,,
Lamp 21PCM whole wafer,2785,1585,-69625,-68155,54-00,,,48,20,58485.0,79250.0,1,54-12,,,
Lamp 21PCM whole wafer,2785,1585,-69625,-68155,54-00,,,48,21,61270.0,79250.0,1,54-13,,,
Lamp 21PCM whole wafer,2785,1585,-69625,-68155,54-00,,,48,22,64055.0,79250.0,1,54-14,,,
Lamp 21PCM whole wafer,2785,1585,-69625,-68155,54-00,,,48,23,66840.0,79250.0,1,54-15,,,
Lamp 21PCM whole wafer,2785,1585,-69625,-68155,54-00,,,48,24,69625.0,79250.0,1,55-10,,,
Lamp 21PCM whole wafer,2785,1585,-69625,-68155,54-00,,,48,25,72410.0,79250.0,1,55-11,,,
Lamp 21PCM whole wafer,2785,1585,-69625,-68155,54-00,,,48,26,75195.0,79250.0,1,55-12,,,
Lamp 21PCM whole wafer,2785,1585,-69625,-68155,54-00,,,48,27,77980.0,79250.0,1,55-13,,,
Lamp 21PCM whole wafer,2785,1585,-69625,-68155,54-00,,,48,28,80765.0,79250.0,1,55-14,,,
Lamp 21PCM whole wafer,2785,1585,-69625,-68155,54-00,,,48,29,83550.0,79250.0,1,55-15,,,
Lamp 21PCM whole wafer,2785,1585,-69625,-68155,54-00,,,48,30,86335.0,79250.0,1,56-10,,,
Lamp 21PCM whole wafer,2785,1585,-69625,-68155,54-00,,,48,31,89120.0,79250.0,1,56-11,,,
Lamp 21PCM whole wafer,2785,1585,-69625,-68155,54-00,,,48,32,91905.0,79250.0,1,56-12,,,
Lamp 21PCM whole wafer,2785,1585,-69625,-68155,54-00,,,48,33,94690.0,79250.0,1,56-13,,,
Lamp 21PCM whole wafer,2785,1585,-69625,-68155,54-00,,,48,34,97475.0,79250.0,1,56-14,,,
Lamp 21PCM whole wafer,2785,1585,-69625,-68155,54-00,,,48,35,100260.0,79250.0,1,56-15,,,
Lamp 21PCM whole wafer,2785,1585,-69625,-68155,54-00,,,48,36,103045.0,79250.0,1,57-10,,,
Lamp 21PCM whole wafer,2785,1585,-69625,-68155,54-00,,,48,37,105830.0,79250.0,1,57-11,,,
Lamp 21PCM whole wafer,2785,1585,-69625,-68155,54-00,,,48,38,108615.0,79250.0,1,57-12,,,
Lamp 21PCM whole wafer,2785,1585,-69625,-68155,54-00,,,48,39,111400.0,79250.0,1,57-13,,,
Lamp 21PCM whole wafer,2785,1585,-69625,-68155,54-00,,,48,40,114185.0,79250.0,1,57-14,,,
Lamp 21PCM whole wafer,2785,1585,-69625,-68155,54-00,,,48,41,116970.0,79250.0,1,57-15,,,
Lamp 21PCM whole wafer,2785,1585,-69625,-68155,54-00,,,48,42,119755.0,79250.0,1,58-10,,,
Lamp 21PCM whole wafer,2785,1585,-69625,-68155,54-00,,,48,43,122540.0,79250.0,1,58-11,,,
Lamp 21PCM whole wafer,2785,1585,-69625,-68155,54-00,,,48,44,125325.0,79250.0,1,58-12,,,
Lamp 21PCM whole wafer,2785,1585,-69625,-68155,54-00,,,48,45,128110.0,79250.0,1,58-13,,,
Lamp 21PCM whole wafer,2785,1585,-69625,-68155,54-00,,,48,46,130895.0,79250.0,1,58-14,,,
Lamp 21PCM whole wafer,2785,1585,-69625,-68155,54-00,,,48,47,133680.0,79250.0,1,58-15,,,
Lamp 21PCM whole wafer,2785,1585,-69625,-68155,54-00,,,49,47,133680.0,80835.0,1,58-05,,,
Lamp 21PCM whole wafer,2785,1585,-69625,-68155,54-00,,,49,46,130895.0,80835.0,1,58-04,,,
Lamp 21PCM whole wafer,2785,1585,-69625,-68155,54-00,,,49,45,128110.0,80835.0,1,58-03,,,
Lamp 21PCM whole wafer,2785,1585,-69625,-68155,54-00,,,49,44,125325.0,80835.0,1,58-02,,,
Lamp 21PCM whole wafer,2785,1585,-69625,-68155,54-00,,,49,43,122540.0,80835.0,1,58-01,,,
Lamp 21PCM whole wafer,2785,1585,-69625,-68155,54-00,,,49,42,119755.0,80835.0,1,58-00,,,
Lamp 21PCM whole wafer,2785,1585,-69625,-68155,54-00,,,49,41,116970.0,80835.0,1,57-05,,,
Lamp 21PCM whole wafer,2785,1585,-69625,-68155,54-00,,,49,40,114185.0,80835.0,1,57-04,,,
Lamp 21PCM whole wafer,2785,1585,-69625,-68155,54-00,,,49,39,111400.0,80835.0,1,57-03,,,
Lamp 21PCM whole wafer,2785,1585,-69625,-68155,54-00,,,49,38,108615.0,80835.0,1,57-02,,,
Lamp 21PCM whole wafer,2785,1585,-69625,-68155,54-00,,,49,37,105830.0,80835.0,1,57-01,,,
Lamp 21PCM whole wafer,2785,1585,-69625,-68155,54-00,,,49,36,103045.0,80835.0,1,57-00,,,
Lamp 21PCM whole wafer,2785,1585,-69625,-68155,54-00,,,49,35,100260.0,80835.0,1,56-05,,,
Lamp 21PCM whole wafer,2785,1585,-69625,-68155,54-00,,,49,34,97475.0,80835.0,1,56-04,,,
Lamp 21PCM whole wafer,2785,1585,-69625,-68155,54-00,,,49,33,94690.0,80835.0,1,56-03,,,
Lamp 21PCM whole wafer,2785,1585,-69625,-68155,54-00,,,49,32,91905.0,80835.0,1,56-02,,,
Lamp 21PCM whole wafer,2785,1585,-69625,-68155,54-00,,,49,31,89120.0,80835.0,1,56-01,,,
Lamp 21PCM whole wafer,2785,1585,-69625,-68155,54-00,,,49,30,86335.0,80835.0,1,56-00,,,
Lamp 21PCM whole wafer,2785,1585,-69625,-68155,54-00,,,49,29,83550.0,80835.0,1,55-05,,,
Lamp 21PCM whole wafer,2785,1585,-69625,-68155,54-00,,,49,28,80765.0,80835.0,1,55-04,,,
Lamp 21PCM whole wafer,2785,1585,-69625,-68155,54-00,,,49,27,77980.0,80835.0,1,55-03,,,
Lamp 21PCM whole wafer,2785,1585,-69625,-68155,54-00,,,49,26,75195.0,80835.0,1,55-02,,,
Lamp 21PCM whole wafer,2785,1585,-69625,-68155,54-00,,,49,25,72410.0,80835.0,1,55-01,,,
Lamp 21PCM whole wafer,2785,1585,-69625,-68155,54-00,,,49,24,69625.0,80835.0,1,55-00,,,
Lamp 21PCM whole wafer,2785,1585,-69625,-68155,54-00,,,49,23,66840.0,80835.0,1,54-05,,,
Lamp 21PCM whole wafer,2785,1585,-69625,-68155,54-00,,,49,22,64055.0,80835.0,1,54-04,,,
Lamp 21PCM whole wafer,2785,1585,-69625,-68155,54-00,,,49,21,61270.0,80835.0,1,54-03,,,
Lamp 21PCM whole wafer,2785,1585,-69625,-68155,54-00,,,49,20,58485.0,80835.0,1,54-02,,,
Lamp 21PCM whole wafer,2785,1585,-69625,-68155,54-00,,,49,19,55700.0,80835.0,1,54-01,,,
Lamp 21PCM whole wafer,2785,1585,-69625,-68155,54-00,,,49,18,52915.0,80835.0,1,54-00,,,
Lamp 21PCM whole wafer,2785,1585,-69625,-68155,54-00,,,49,17,50130.0,80835.0,1,53-05,,,
Lamp 21PCM whole wafer,2785,1585,-69625,-68155,54-00,,,49,16,47345.0,80835.0,1,53-04,,,
Lamp 21PCM whole wafer,2785,1585,-69625,-68155,54-00,,,49,15,44560.0,80835.0,1,53-03,,,
Lamp 21PCM whole wafer,2785,1585,-69625,-68155,54-00,,,49,14,41775.0,80835.0,1,53-02,,,
Lamp 21PCM whole wafer,2785,1585,-69625,-68155,54-00,,,49,13,38990.0,80835.0,1,53-01,,,
Lamp 21PCM whole wafer,2785,1585,-69625,-68155,54-00,,,49,12,36205.0,80835.0,1,53-00,,,
Lamp 21PCM whole wafer,2785,1585,-69625,-68155,54-00,,,49,11,33420.0,80835.0,1,52-05,,,
Lamp 21PCM whole wafer,2785,1585,-69625,-68155,54-00,,,49,10,30635.0,80835.0,1,52-04,,,
Lamp 21PCM whole wafer,2785,1585,-69625,-68155,54-00,,,49,9,27850.0,80835.0,1,52-03,,,
Lamp 21PCM whole wafer,2785,1585,-69625,-68155,54-00,,,49,8,25065.0,80835.0,1,52-02,,,
Lamp 21PCM whole wafer,2785,1585,-69625,-68155,54-00,,,49,7,22280.0,80835.0,1,52-01,,,
Lamp 21PCM whole wafer,2785,1585,-69625,-68155,54-00,,,49,6,19495.0,80835.0,1,52-00,,,
Lamp 21PCM whole wafer,2785,1585,-69625,-68155,54-00,,,49,5,16710.0,80835.0,1,51-05,,,
Lamp 21PCM whole wafer,2785,1585,-69625,-68155,54-00,,,49,4,13925.0,80835.0,1,51-04,,,
Lamp 21PCM whole wafer,2785,1585,-69625,-68155,54-00,,,49,3,11140.0,80835.0,1,51-03,,,
Lamp 21PCM whole wafer,2785,1585,-69625,-68155,54-00,,,49,2,8355.0,80835.0,1,51-02,,,
Lamp 21PCM whole wafer,2785,1585,-69625,-68155,54-00,,,49,1,5570.0,80835.0,1,51-01,,,
Lamp 21PCM whole wafer,2785,1585,-69625,-68155,54-00,,,49,0,2785.0,80835.0,1,51-00,,,
Lamp 21PCM whole wafer,2785,1585,-69625,-68155,54-00,,,50,1,5570.0,82420.0,1,41-71,,,
Lamp 21PCM whole wafer,2785,1585,-69625,-68155,54-00,,,50,2,8355.0,82420.0,1,41-72,,,
Lamp 21PCM whole wafer,2785,1585,-69625,-68155,54-00,,,50,3,11140.0,82420.0,1,41-73,,,
Lamp 21PCM whole wafer,2785,1585,-69625,-68155,54-00,,,50,4,13925.0,82420.0,1,41-74,,,
Lamp 21PCM whole wafer,2785,1585,-69625,-68155,54-00,,,50,5,16710.0,82420.0,1,41-75,,,
Lamp 21PCM whole wafer,2785,1585,-69625,-68155,54-00,,,50,6,19495.0,82420.0,1,42-70,,,
Lamp 21PCM whole wafer,2785,1585,-69625,-68155,54-00,,,50,7,22280.0,82420.0,1,42-71,,,
Lamp 21PCM whole wafer,2785,1585,-69625,-68155,54-00,,,50,8,25065.0,82420.0,1,42-72,,,
Lamp 21PCM whole wafer,2785,1585,-69625,-68155,54-00,,,50,9,27850.0,82420.0,1,42-73,,,
Lamp 21PCM whole wafer,2785,1585,-69625,-68155,54-00,,,50,10,30635.0,82420.0,1,42-74,,,
Lamp 21PCM whole wafer,2785,1585,-69625,-68155,54-00,,,50,11,33420.0,82420.0,1,42-75,,,
Lamp 21PCM whole wafer,2785,1585,-69625,-68155,54-00,,,50,12,36205.0,82420.0,1,43-70,,,
Lamp 21PCM whole wafer,2785,1585,-69625,-68155,54-00,,,50,13,38990.0,82420.0,1,43-71,,,
Lamp 21PCM whole wafer,2785,1585,-69625,-68155,54-00,,,50,14,41775.0,82420.0,1,43-72,,,
Lamp 21PCM whole wafer,2785,1585,-69625,-68155,54-00,,,50,15,44560.0,82420.0,1,43-73,,,
Lamp 21PCM whole wafer,2785,1585,-69625,-68155,54-00,,,50,16,47345.0,82420.0,1,43-74,,,
Lamp 21PCM whole wafer,2785,1585,-69625,-68155,54-00,,,50,17,50130.0,82420.0,1,43-75,,,
Lamp 21PCM whole wafer,2785,1585,-69625,-68155,54-00,,,50,18,52915.0,82420.0,1,44-70,,,
Lamp 21PCM whole wafer,2785,1585,-69625,-68155,54-00,,,50,19,55700.0,82420.0,1,44-71,,,
Lamp 21PCM whole wafer,2785,1585,-69625,-68155,54-00,,,50,20,58485.0,82420.0,1,44-72,,,
Lamp 21PCM whole wafer,2785,1585,-69625,-68155,54-00,,,50,21,61270.0,82420.0,1,44-73,,,
Lamp 21PCM whole wafer,2785,1585,-69625,-68155,54-00,,,50,22,64055.0,82420.0,1,44-74,,,
Lamp 21PCM whole wafer,2785,1585,-69625,-68155,54-00,,,50,23,66840.0,82420.0,1,44-75,,,
Lamp 21PCM whole wafer,2785,1585,-69625,-68155,54-00,,,50,24,69625.0,82420.0,1,45-70,,,
Lamp 21PCM whole wafer,2785,1585,-69625,-68155,54-00,,,50,25,72410.0,82420.0,1,45-71,,,
Lamp 21PCM whole wafer,2785,1585,-69625,-68155,54-00,,,50,26,75195.0,82420.0,1,45-72,,,
Lamp 21PCM whole wafer,2785,1585,-69625,-68155,54-00,,,50,27,77980.0,82420.0,1,45-73,,,
Lamp 21PCM whole wafer,2785,1585,-69625,-68155,54-00,,,50,28,80765.0,82420.0,1,45-74,,,
Lamp 21PCM whole wafer,2785,1585,-69625,-68155,54-00,,,50,29,83550.0,82420.0,1,45-75,,,
Lamp 21PCM whole wafer,2785,1585,-69625,-68155,54-00,,,50,30,86335.0,82420.0,1,46-70,,,
Lamp 21PCM whole wafer,2785,1585,-69625,-68155,54-00,,,50,31,89120.0,82420.0,1,46-71,,,
Lamp 21PCM whole wafer,2785,1585,-69625,-68155,54-00,,,50,32,91905.0,82420.0,1,46-72,,,
Lamp 21PCM whole wafer,2785,1585,-69625,-68155,54-00,,,50,33,94690.0,82420.0,1,46-73,,,
Lamp 21PCM whole wafer,2785,1585,-69625,-68155,54-00,,,50,34,97475.0,82420.0,1,46-74,,,
Lamp 21PCM whole wafer,2785,1585,-69625,-68155,54-00,,,50,35,100260.0,82420.0,1,46-75,,,
Lamp 21PCM whole wafer,2785,1585,-69625,-68155,54-00,,,50,36,103045.0,82420.0,1,47-70,,,
Lamp 21PCM whole wafer,2785,1585,-69625,-68155,54-00,,,50,37,105830.0,82420.0,1,47-71,,,
Lamp 21PCM whole wafer,2785,1585,-69625,-68155,54-00,,,50,38,108615.0,82420.0,1,47-72,,,
Lamp 21PCM whole wafer,2785,1585,-69625,-68155,54-00,,,50,39,111400.0,82420.0,1,47-73,,,
Lamp 21PCM whole wafer,2785,1585,-69625,-68155,54-00,,,50,40,114185.0,82420.0,1,47-74,,,
Lamp 21PCM whole wafer,2785,1585,-69625,-68155,54-00,,,50,41,116970.0,82420.0,1,47-75,,,
Lamp 21PCM whole wafer,2785,1585,-69625,-68155,54-00,,,50,42,119755.0,82420.0,1,48-70,,,
Lamp 21PCM whole wafer,2785,1585,-69625,-68155,54-00,,,50,43,122540.0,82420.0,1,48-71,,,
Lamp 21PCM whole wafer,2785,1585,-69625,-68155,54-00,,,50,44,125325.0,82420.0,1,48-72,,,
Lamp 21PCM whole wafer,2785,1585,-69625,-68155,54-00,,,50,45,128110.0,82420.0,1,48-73,,,
Lamp 21PCM whole wafer,2785,1585,-69625,-68155,54-00,,,50,46,130895.0,82420.0,1,48-74,,,
Lamp 21PCM whole wafer,2785,1585,-69625,-68155,54-00,,,51,46,130895.0,84005.0,1,48-64,,,
Lamp 21PCM whole wafer,2785,1585,-69625,-68155,54-00,,,51,45,128110.0,84005.0,1,48-63,,,
Lamp 21PCM whole wafer,2785,1585,-69625,-68155,54-00,,,51,44,125325.0,84005.0,1,48-62,,,
Lamp 21PCM whole wafer,2785,1585,-69625,-68155,54-00,,,51,43,122540.0,84005.0,1,48-61,,,
Lamp 21PCM whole wafer,2785,1585,-69625,-68155,54-00,,,51,42,119755.0,84005.0,1,48-60,,,
Lamp 21PCM whole wafer,2785,1585,-69625,-68155,54-00,,,51,41,116970.0,84005.0,1,47-65,,,
Lamp 21PCM whole wafer,2785,1585,-69625,-68155,54-00,,,51,40,114185.0,84005.0,1,47-64,,,
Lamp 21PCM whole wafer,2785,1585,-69625,-68155,54-00,,,51,39,111400.0,84005.0,1,47-63,,,
Lamp 21PCM whole wafer,2785,1585,-69625,-68155,54-00,,,51,38,108615.0,84005.0,1,47-62,,,
Lamp 21PCM whole wafer,2785,1585,-69625,-68155,54-00,,,51,37,105830.0,84005.0,1,47-61,,,
Lamp 21PCM whole wafer,2785,1585,-69625,-68155,54-00,,,51,36,103045.0,84005.0,1,47-60,,,
Lamp 21PCM whole wafer,2785,1585,-69625,-68155,54-00,,,51,35,100260.0,84005.0,1,46-65,,,
Lamp 21PCM whole wafer,2785,1585,-69625,-68155,54-00,,,51,34,97475.0,84005.0,1,46-64,,,
Lamp 21PCM whole wafer,2785,1585,-69625,-68155,54-00,,,51,33,94690.0,84005.0,1,46-63,,,
Lamp 21PCM whole wafer,2785,1585,-69625,-68155,54-00,,,51,32,91905.0,84005.0,1,46-62,,,
Lamp 21PCM whole wafer,2785,1585,-69625,-68155,54-00,,,51,31,89120.0,84005.0,1,46-61,,,
Lamp 21PCM whole wafer,2785,1585,-69625,-68155,54-00,,,51,30,86335.0,84005.0,1,46-60,,,
Lamp 21PCM whole wafer,2785,1585,-69625,-68155,54-00,,,51,29,83550.0,84005.0,1,45-65,,,
Lamp 21PCM whole wafer,2785,1585,-69625,-68155,54-00,,,51,28,80765.0,84005.0,1,45-64,,,
Lamp 21PCM whole wafer,2785,1585,-69625,-68155,54-00,,,51,27,77980.0,84005.0,1,45-63,,,
Lamp 21PCM whole wafer,2785,1585,-69625,-68155,54-00,,,51,26,75195.0,84005.0,1,45-62,,,
Lamp 21PCM whole wafer,2785,1585,-69625,-68155,54-00,,,51,25,72410.0,84005.0,1,45-61,,,
Lamp 21PCM whole wafer,2785,1585,-69625,-68155,54-00,,,51,24,69625.0,84005.0,1,45-60,,,
Lamp 21PCM whole wafer,2785,1585,-69625,-68155,54-00,,,51,23,66840.0,84005.0,1,44-65,,,
Lamp 21PCM whole wafer,2785,1585,-69625,-68155,54-00,,,51,22,64055.0,84005.0,1,44-64,,,
Lamp 21PCM whole wafer,2785,1585,-69625,-68155,54-00,,,51,21,61270.0,84005.0,1,44-63,,,
Lamp 21PCM whole wafer,2785,1585,-69625,-68155,54-00,,,51,20,58485.0,84005.0,1,44-62,,,
Lamp 21PCM whole wafer,2785,1585,-69625,-68155,54-00,,,51,19,55700.0,84005.0,1,44-61,,,
Lamp 21PCM whole wafer,2785,1585,-69625,-68155,54-00,,,51,18,52915.0,84005.0,1,44-60,,,
Lamp 21PCM whole wafer,2785,1585,-69625,-68155,54-00,,,51,17,50130.0,84005.0,1,43-65,,,
Lamp 21PCM whole wafer,2785,1585,-69625,-68155,54-00,,,51,16,47345.0,84005.0,1,43-64,,,
Lamp 21PCM whole wafer,2785,1585,-69625,-68155,54-00,,,51,15,44560.0,84005.0,1,43-63,,,
Lamp 21PCM whole wafer,2785,1585,-69625,-68155,54-00,,,51,14,41775.0,84005.0,1,43-62,,,
Lamp 21PCM whole wafer,2785,1585,-69625,-68155,54-00,,,51,13,38990.0,84005.0,1,43-61,,,
Lamp 21PCM whole wafer,2785,1585,-69625,-68155,54-00,,,51,12,36205.0,84005.0,1,43-60,,,
Lamp 21PCM whole wafer,2785,1585,-69625,-68155,54-00,,,51,11,33420.0,84005.0,1,42-65,,,
Lamp 21PCM whole wafer,2785,1585,-69625,-68155,54-00,,,51,10,30635.0,84005.0,1,42-64,,,
Lamp 21PCM whole wafer,2785,1585,-69625,-68155,54-00,,,51,9,27850.0,84005.0,1,42-63,,,
Lamp 21PCM whole wafer,2785,1585,-69625,-68155,54-00,,,51,8,25065.0,84005.0,1,42-62,,,
Lamp 21PCM whole wafer,2785,1585,-69625,-68155,54-00,,,51,7,22280.0,84005.0,1,42-61,,,
Lamp 21PCM whole wafer,2785,1585,-69625,-68155,54-00,,,51,6,19495.0,84005.0,1,42-60,,,
Lamp 21PCM whole wafer,2785,1585,-69625,-68155,54-00,,,51,5,16710.0,84005.0,1,41-65,,,
Lamp 21PCM whole wafer,2785,1585,-69625,-68155,54-00,,,51,4,13925.0,84005.0,1,41-64,,,
Lamp 21PCM whole wafer,2785,1585,-69625,-68155,54-00,,,51,3,11140.0,84005.0,1,41-63,,,
Lamp 21PCM whole wafer,2785,1585,-69625,-68155,54-00,,,51,2,8355.0,84005.0,1,41-62,,,
Lamp 21PCM whole wafer,2785,1585,-69625,-68155,54-00,,,51,1,5570.0,84005.0,1,41-61,,,
Lamp 21PCM whole wafer,2785,1585,-69625,-68155,54-00,,,52,1,5570.0,85590.0,1,41-51,,,
Lamp 21PCM whole wafer,2785,1585,-69625,-68155,54-00,,,52,2,8355.0,85590.0,1,41-52,,,
Lamp 21PCM whole wafer,2785,1585,-69625,-68155,54-00,,,52,3,11140.0,85590.0,1,41-53,,,
Lamp 21PCM whole wafer,2785,1585,-69625,-68155,54-00,,,52,4,13925.0,85590.0,1,41-54,,,
Lamp 21PCM whole wafer,2785,1585,-69625,-68155,54-00,,,52,5,16710.0,85590.0,1,41-55,,,
Lamp 21PCM whole wafer,2785,1585,-69625,-68155,54-00,,,52,6,19495.0,85590.0,1,42-50,,,
Lamp 21PCM whole wafer,2785,1585,-69625,-68155,54-00,,,52,7,22280.0,85590.0,1,42-51,,,
Lamp 21PCM whole wafer,2785,1585,-69625,-68155,54-00,,,52,8,25065.0,85590.0,1,42-52,,,
Lamp 21PCM whole wafer,2785,1585,-69625,-68155,54-00,,,52,9,27850.0,85590.0,1,42-53,,,
Lamp 21PCM whole wafer,2785,1585,-69625,-68155,54-00,,,52,10,30635.0,85590.0,1,42-54,,,
Lamp 21PCM whole wafer,2785,1585,-69625,-68155,54-00,,,52,11,33420.0,85590.0,1,42-55,,,
Lamp 21PCM whole wafer,2785,1585,-69625,-68155,54-00,,,52,12,36205.0,85590.0,1,43-50,,,
Lamp 21PCM whole wafer,2785,1585,-69625,-68155,54-00,,,52,13,38990.0,85590.0,1,43-51,,,
Lamp 21PCM whole wafer,2785,1585,-69625,-68155,54-00,,,52,14,41775.0,85590.0,1,43-52,,,
Lamp 21PCM whole wafer,2785,1585,-69625,-68155,54-00,,,52,15,44560.0,85590.0,1,43-53,,,
Lamp 21PCM whole wafer,2785,1585,-69625,-68155,54-00,,,52,16,47345.0,85590.0,1,43-54,,,
Lamp 21PCM whole wafer,2785,1585,-69625,-68155,54-00,,,52,17,50130.0,85590.0,1,43-55,,,
Lamp 21PCM whole wafer,2785,1585,-69625,-68155,54-00,,,52,18,52915.0,85590.0,1,44-50,,,
Lamp 21PCM whole wafer,2785,1585,-69625,-68155,54-00,,,52,19,55700.0,85590.0,1,44-51,,,
Lamp 21PCM whole wafer,2785,1585,-69625,-68155,54-00,,,52,20,58485.0,85590.0,1,44-52,,,
Lamp 21PCM whole wafer,2785,1585,-69625,-68155,54-00,,,52,21,61270.0,85590.0,1,44-53,,,
Lamp 21PCM whole wafer,2785,1585,-69625,-68155,54-00,,,52,22,64055.0,85590.0,1,44-54,,,
Lamp 21PCM whole wafer,2785,1585,-69625,-68155,54-00,,,52,23,66840.0,85590.0,1,44-55,,,
Lamp 21PCM whole wafer,2785,1585,-69625,-68155,54-00,,,52,24,69625.0,85590.0,1,45-50,,,
Lamp 21PCM whole wafer,2785,1585,-69625,-68155,54-00,,,52,25,72410.0,85590.0,1,45-51,,,
Lamp 21PCM whole wafer,2785,1585,-69625,-68155,54-00,,,52,26,75195.0,85590.0,1,45-52,,,
Lamp 21PCM whole wafer,2785,1585,-69625,-68155,54-00,,,52,27,77980.0,85590.0,1,45-53,,,
Lamp 21PCM whole wafer,2785,1585,-69625,-68155,54-00,,,52,28,80765.0,85590.0,1,45-54,,,
Lamp 21PCM whole wafer,2785,1585,-69625,-68155,54-00,,,52,29,83550.0,85590.0,1,45-55,,,
Lamp 21PCM whole wafer,2785,1585,-69625,-68155,54-00,,,52,30,86335.0,85590.0,1,46-50,,,
Lamp 21PCM whole wafer,2785,1585,-69625,-68155,54-00,,,52,31,89120.0,85590.0,1,46-51,,,
Lamp 21PCM whole wafer,2785,1585,-69625,-68155,54-00,,,52,32,91905.0,85590.0,1,46-52,,,
Lamp 21PCM whole wafer,2785,1585,-69625,-68155,54-00,,,52,33,94690.0,85590.0,1,46-53,,,
Lamp 21PCM whole wafer,2785,1585,-69625,-68155,54-00,,,52,34,97475.0,85590.0,1,46-54,,,
Lamp 21PCM whole wafer,2785,1585,-69625,-68155,54-00,,,52,35,100260.0,85590.0,1,46-55,,,
Lamp 21PCM whole wafer,2785,1585,-69625,-68155,54-00,,,52,36,103045.0,85590.0,1,47-50,,,
Lamp 21PCM whole wafer,2785,1585,-69625,-68155,54-00,,,52,37,105830.0,85590.0,1,47-51,,,
Lamp 21PCM whole wafer,2785,1585,-69625,-68155,54-00,,,52,38,108615.0,85590.0,1,47-52,,,
Lamp 21PCM whole wafer,2785,1585,-69625,-68155,54-00,,,52,39,111400.0,85590.0,1,47-53,,,
Lamp 21PCM whole wafer,2785,1585,-69625,-68155,54-00,,,52,40,114185.0,85590.0,1,47-54,,,
Lamp 21PCM whole wafer,2785,1585,-69625,-68155,54-00,,,52,41,116970.0,85590.0,1,47-55,,,
Lamp 21PCM whole wafer,2785,1585,-69625,-68155,54-00,,,52,42,119755.0,85590.0,1,48-50,,,
Lamp 21PCM whole wafer,2785,1585,-69625,-68155,54-00,,,52,43,122540.0,85590.0,1,48-51,,,
Lamp 21PCM whole wafer,2785,1585,-69625,-68155,54-00,,,52,44,125325.0,85590.0,1,48-52,,,
Lamp 21PCM whole wafer,2785,1585,-69625,-68155,54-00,,,52,45,128110.0,85590.0,1,48-53,,,
Lamp 21PCM whole wafer,2785,1585,-69625,-68155,54-00,,,52,46,130895.0,85590.0,1,48-54,,,
Lamp 21PCM whole wafer,2785,1585,-69625,-68155,54-00,,,53,46,130895.0,87175.0,1,48-44,,,
Lamp 21PCM whole wafer,2785,1585,-69625,-68155,54-00,,,53,45,128110.0,87175.0,1,48-43,,,
Lamp 21PCM whole wafer,2785,1585,-69625,-68155,54-00,,,53,44,125325.0,87175.0,1,48-42,,,
Lamp 21PCM whole wafer,2785,1585,-69625,-68155,54-00,,,53,43,122540.0,87175.0,1,48-41,,,
Lamp 21PCM whole wafer,2785,1585,-69625,-68155,54-00,,,53,42,119755.0,87175.0,1,48-40,,,
Lamp 21PCM whole wafer,2785,1585,-69625,-68155,54-00,,,53,41,116970.0,87175.0,1,47-45,,,
Lamp 21PCM whole wafer,2785,1585,-69625,-68155,54-00,,,53,40,114185.0,87175.0,1,47-44,,,
Lamp 21PCM whole wafer,2785,1585,-69625,-68155,54-00,,,53,39,111400.0,87175.0,1,47-43,,,
Lamp 21PCM whole wafer,2785,1585,-69625,-68155,54-00,,,53,37,105830.0,87175.0,1,47-41,,,
Lamp 21PCM whole wafer,2785,1585,-69625,-68155,54-00,,,53,36,103045.0,87175.0,1,47-40,,,
Lamp 21PCM whole wafer,2785,1585,-69625,-68155,54-00,,,53,35,100260.0,87175.0,1,46-45,,,
Lamp 21PCM whole wafer,2785,1585,-69625,-68155,54-00,,,53,34,97475.0,87175.0,1,46-44,,,
Lamp 21PCM whole wafer,2785,1585,-69625,-68155,54-00,,,53,33,94690.0,87175.0,1,46-43,,,
Lamp 21PCM whole wafer,2785,1585,-69625,-68155,54-00,,,53,32,91905.0,87175.0,1,46-42,,,
Lamp 21PCM whole wafer,2785,1585,-69625,-68155,54-00,,,53,31,89120.0,87175.0,1,46-41,,,
Lamp 21PCM whole wafer,2785,1585,-69625,-68155,54-00,,,53,30,86335.0,87175.0,1,46-40,,,
Lamp 21PCM whole wafer,2785,1585,-69625,-68155,54-00,,,53,29,83550.0,87175.0,1,45-45,,,
Lamp 21PCM whole wafer,2785,1585,-69625,-68155,54-00,,,53,28,80765.0,87175.0,1,45-44,,,
Lamp 21PCM whole wafer,2785,1585,-69625,-68155,54-00,,,53,27,77980.0,87175.0,1,45-43,,,
Lamp 21PCM whole wafer,2785,1585,-69625,-68155,54-00,,,53,25,72410.0,87175.0,1,45-41,,,
Lamp 21PCM whole wafer,2785,1585,-69625,-68155,54-00,,,53,24,69625.0,87175.0,1,45-40,,,
Lamp 21PCM whole wafer,2785,1585,-69625,-68155,54-00,,,53,23,66840.0,87175.0,1,44-45,,,
Lamp 21PCM whole wafer,2785,1585,-69625,-68155,54-00,,,53,22,64055.0,87175.0,1,44-44,,,
Lamp 21PCM whole wafer,2785,1585,-69625,-68155,54-00,,,53,21,61270.0,87175.0,1,44-43,,,
Lamp 21PCM whole wafer,2785,1585,-69625,-68155,54-00,,,53,20,58485.0,87175.0,1,44-42,,,
Lamp 21PCM whole wafer,2785,1585,-69625,-68155,54-00,,,53,19,55700.0,87175.0,1,44-41,,,
Lamp 21PCM whole wafer,2785,1585,-69625,-68155,54-00,,,53,18,52915.0,87175.0,1,44-40,,,
Lamp 21PCM whole wafer,2785,1585,-69625,-68155,54-00,,,53,17,50130.0,87175.0,1,43-45,,,
Lamp 21PCM whole wafer,2785,1585,-69625,-68155,54-00,,,53,16,47345.0,87175.0,1,43-44,,,
Lamp 21PCM whole wafer,2785,1585,-69625,-68155,54-00,,,53,15,44560.0,87175.0,1,43-43,,,
Lamp 21PCM whole wafer,2785,1585,-69625,-68155,54-00,,,53,13,38990.0,87175.0,1,43-41,,,
Lamp 21PCM whole wafer,2785,1585,-69625,-68155,54-00,,,53,12,36205.0,87175.0,1,43-40,,,
Lamp 21PCM whole wafer,2785,1585,-69625,-68155,54-00,,,53,11,33420.0,87175.0,1,42-45,,,
Lamp 21PCM whole wafer,2785,1585,-69625,-68155,54-00,,,53,10,30635.0,87175.0,1,42-44,,,
Lamp 21PCM whole wafer,2785,1585,-69625,-68155,54-00,,,53,9,27850.0,87175.0,1,42-43,,,
Lamp 21PCM whole wafer,2785,1585,-69625,-68155,54-00,,,53,8,25065.0,87175.0,1,42-42,,,
Lamp 21PCM whole wafer,2785,1585,-69625,-68155,54-00,,,53,7,22280.0,87175.0,1,42-41,,,
Lamp 21PCM whole wafer,2785,1585,-69625,-68155,54-00,,,53,6,19495.0,87175.0,1,42-40,,,
Lamp 21PCM whole wafer,2785,1585,-69625,-68155,54-00,,,53,5,16710.0,87175.0,1,41-45,,,
Lamp 21PCM whole wafer,2785,1585,-69625,-68155,54-00,,,53,4,13925.0,87175.0,1,41-44,,,
Lamp 21PCM whole wafer,2785,1585,-69625,-68155,54-00,,,53,3,11140.0,87175.0,1,41-43,,,
Lamp 21PCM whole wafer,2785,1585,-69625,-68155,54-00,,,53,2,8355.0,87175.0,1,41-42,,,
Lamp 21PCM whole wafer,2785,1585,-69625,-68155,54-00,,,53,1,5570.0,87175.0,1,41-41,,,
Lamp 21PCM whole wafer,2785,1585,-69625,-68155,54-00,,,54,1,5570.0,88760.0,1,41-31,,,
Lamp 21PCM whole wafer,2785,1585,-69625,-68155,54-00,,,54,2,8355.0,88760.0,1,41-32,,,
Lamp 21PCM whole wafer,2785,1585,-69625,-68155,54-00,,,54,3,11140.0,88760.0,1,41-33,,,
Lamp 21PCM whole wafer,2785,1585,-69625,-68155,54-00,,,54,4,13925.0,88760.0,1,41-34,,,
Lamp 21PCM whole wafer,2785,1585,-69625,-68155,54-00,,,54,5,16710.0,88760.0,1,41-35,,,
Lamp 21PCM whole wafer,2785,1585,-69625,-68155,54-00,,,54,6,19495.0,88760.0,1,42-30,,,
Lamp 21PCM whole wafer,2785,1585,-69625,-68155,54-00,,,54,7,22280.0,88760.0,1,42-31,,,
Lamp 21PCM whole wafer,2785,1585,-69625,-68155,54-00,,,54,8,25065.0,88760.0,1,42-32,,,
Lamp 21PCM whole wafer,2785,1585,-69625,-68155,54-00,,,54,9,27850.0,88760.0,1,42-33,,,
Lamp 21PCM whole wafer,2785,1585,-69625,-68155,54-00,,,54,10,30635.0,88760.0,1,42-34,,,
Lamp 21PCM whole wafer,2785,1585,-69625,-68155,54-00,,,54,11,33420.0,88760.0,1,42-35,,,
Lamp 21PCM whole wafer,2785,1585,-69625,-68155,54-00,,,54,12,36205.0,88760.0,1,43-30,,,
Lamp 21PCM whole wafer,2785,1585,-69625,-68155,54-00,,,54,13,38990.0,88760.0,1,43-31,,,
Lamp 21PCM whole wafer,2785,1585,-69625,-68155,54-00,,,54,14,41775.0,88760.0,1,43-32,,,
Lamp 21PCM whole wafer,2785,1585,-69625,-68155,54-00,,,54,15,44560.0,88760.0,1,43-33,,,
Lamp 21PCM whole wafer,2785,1585,-69625,-68155,54-00,,,54,16,47345.0,88760.0,1,43-34,,,
Lamp 21PCM whole wafer,2785,1585,-69625,-68155,54-00,,,54,17,50130.0,88760.0,1,43-35,,,
Lamp 21PCM whole wafer,2785,1585,-69625,-68155,54-00,,,54,18,52915.0,88760.0,1,44-30,,,
Lamp 21PCM whole wafer,2785,1585,-69625,-68155,54-00,,,54,19,55700.0,88760.0,1,44-31,,,
Lamp 21PCM whole wafer,2785,1585,-69625,-68155,54-00,,,54,20,58485.0,88760.0,1,44-32,,,
Lamp 21PCM whole wafer,2785,1585,-69625,-68155,54-00,,,54,21,61270.0,88760.0,1,44-33,,,
Lamp 21PCM whole wafer,2785,1585,-69625,-68155,54-00,,,54,22,64055.0,88760.0,1,44-34,,,
Lamp 21PCM whole wafer,2785,1585,-69625,-68155,54-00,,,54,23,66840.0,88760.0,1,44-35,,,
Lamp 21PCM whole wafer,2785,1585,-69625,-68155,54-00,,,54,24,69625.0,88760.0,1,45-30,,,
Lamp 21PCM whole wafer,2785,1585,-69625,-68155,54-00,,,54,25,72410.0,88760.0,1,45-31,,,
Lamp 21PCM whole wafer,2785,1585,-69625,-68155,54-00,,,54,26,75195.0,88760.0,1,45-32,,,
Lamp 21PCM whole wafer,2785,1585,-69625,-68155,54-00,,,54,27,77980.0,88760.0,1,45-33,,,
Lamp 21PCM whole wafer,2785,1585,-69625,-68155,54-00,,,54,28,80765.0,88760.0,1,45-34,,,
Lamp 21PCM whole wafer,2785,1585,-69625,-68155,54-00,,,54,29,83550.0,88760.0,1,45-35,,,
Lamp 21PCM whole wafer,2785,1585,-69625,-68155,54-00,,,54,30,86335.0,88760.0,1,46-30,,,
Lamp 21PCM whole wafer,2785,1585,-69625,-68155,54-00,,,54,31,89120.0,88760.0,1,46-31,,,
Lamp 21PCM whole wafer,2785,1585,-69625,-68155,54-00,,,54,32,91905.0,88760.0,1,46-32,,,
Lamp 21PCM whole wafer,2785,1585,-69625,-68155,54-00,,,54,33,94690.0,88760.0,1,46-33,,,
Lamp 21PCM whole wafer,2785,1585,-69625,-68155,54-00,,,54,34,97475.0,88760.0,1,46-34,,,
Lamp 21PCM whole wafer,2785,1585,-69625,-68155,54-00,,,54,35,100260.0,88760.0,1,46-35,,,
Lamp 21PCM whole wafer,2785,1585,-69625,-68155,54-00,,,54,36,103045.0,88760.0,1,47-30,,,
Lamp 21PCM whole wafer,2785,1585,-69625,-68155,54-00,,,54,37,105830.0,88760.0,1,47-31,,,
Lamp 21PCM whole wafer,2785,1585,-69625,-68155,54-00,,,54,38,108615.0,88760.0,1,47-32,,,
Lamp 21PCM whole wafer,2785,1585,-69625,-68155,54-00,,,54,39,111400.0,88760.0,1,47-33,,,
Lamp 21PCM whole wafer,2785,1585,-69625,-68155,54-00,,,54,40,114185.0,88760.0,1,47-34,,,
Lamp 21PCM whole wafer,2785,1585,-69625,-68155,54-00,,,54,41,116970.0,88760.0,1,47-35,,,
Lamp 21PCM whole wafer,2785,1585,-69625,-68155,54-00,,,54,42,119755.0,88760.0,1,48-30,,,
Lamp 21PCM whole wafer,2785,1585,-69625,-68155,54-00,,,54,43,122540.0,88760.0,1,48-31,,,
Lamp 21PCM whole wafer,2785,1585,-69625,-68155,54-00,,,54,44,125325.0,88760.0,1,48-32,,,
Lamp 21PCM whole wafer,2785,1585,-69625,-68155,54-00,,,54,45,128110.0,88760.0,1,48-33,,,
Lamp 21PCM whole wafer,2785,1585,-69625,-68155,54-00,,,54,46,130895.0,88760.0,1,48-34,,,
Lamp 21PCM whole wafer,2785,1585,-69625,-68155,54-00,,,55,46,130895.0,90345.0,1,48-24,,,
Lamp 21PCM whole wafer,2785,1585,-69625,-68155,54-00,,,55,45,128110.0,90345.0,1,48-23,,,
Lamp 21PCM whole wafer,2785,1585,-69625,-68155,54-00,,,55,44,125325.0,90345.0,1,48-22,,,
Lamp 21PCM whole wafer,2785,1585,-69625,-68155,54-00,,,55,43,122540.0,90345.0,1,48-21,,,
Lamp 21PCM whole wafer,2785,1585,-69625,-68155,54-00,,,55,42,119755.0,90345.0,1,48-20,,,
Lamp 21PCM whole wafer,2785,1585,-69625,-68155,54-00,,,55,41,116970.0,90345.0,1,47-25,,,
Lamp 21PCM whole wafer,2785,1585,-69625,-68155,54-00,,,55,40,114185.0,90345.0,1,47-24,,,
Lamp 21PCM whole wafer,2785,1585,-69625,-68155,54-00,,,55,39,111400.0,90345.0,1,47-23,,,
Lamp 21PCM whole wafer,2785,1585,-69625,-68155,54-00,,,55,38,108615.0,90345.0,1,47-22,,,
Lamp 21PCM whole wafer,2785,1585,-69625,-68155,54-00,,,55,37,105830.0,90345.0,1,47-21,,,
Lamp 21PCM whole wafer,2785,1585,-69625,-68155,54-00,,,55,36,103045.0,90345.0,1,47-20,,,
Lamp 21PCM whole wafer,2785,1585,-69625,-68155,54-00,,,55,35,100260.0,90345.0,1,46-25,,,
Lamp 21PCM whole wafer,2785,1585,-69625,-68155,54-00,,,55,34,97475.0,90345.0,1,46-24,,,
Lamp 21PCM whole wafer,2785,1585,-69625,-68155,54-00,,,55,33,94690.0,90345.0,1,46-23,,,
Lamp 21PCM whole wafer,2785,1585,-69625,-68155,54-00,,,55,32,91905.0,90345.0,1,46-22,,,
Lamp 21PCM whole wafer,2785,1585,-69625,-68155,54-00,,,55,31,89120.0,90345.0,1,46-21,,,
Lamp 21PCM whole wafer,2785,1585,-69625,-68155,54-00,,,55,30,86335.0,90345.0,1,46-20,,,
Lamp 21PCM whole wafer,2785,1585,-69625,-68155,54-00,,,55,29,83550.0,90345.0,1,45-25,,,
Lamp 21PCM whole wafer,2785,1585,-69625,-68155,54-00,,,55,28,80765.0,90345.0,1,45-24,,,
Lamp 21PCM whole wafer,2785,1585,-69625,-68155,54-00,,,55,27,77980.0,90345.0,1,45-23,,,
Lamp 21PCM whole wafer,2785,1585,-69625,-68155,54-00,,,55,26,75195.0,90345.0,1,45-22,,,
Lamp 21PCM whole wafer,2785,1585,-69625,-68155,54-00,,,55,25,72410.0,90345.0,1,45-21,,,
Lamp 21PCM whole wafer,2785,1585,-69625,-68155,54-00,,,55,24,69625.0,90345.0,1,45-20,,,
Lamp 21PCM whole wafer,2785,1585,-69625,-68155,54-00,,,55,23,66840.0,90345.0,1,44-25,,,
Lamp 21PCM whole wafer,2785,1585,-69625,-68155,54-00,,,55,22,64055.0,90345.0,1,44-24,,,
Lamp 21PCM whole wafer,2785,1585,-69625,-68155,54-00,,,55,21,61270.0,90345.0,1,44-23,,,
Lamp 21PCM whole wafer,2785,1585,-69625,-68155,54-00,,,55,20,58485.0,90345.0,1,44-22,,,
Lamp 21PCM whole wafer,2785,1585,-69625,-68155,54-00,,,55,19,55700.0,90345.0,1,44-21,,,
Lamp 21PCM whole wafer,2785,1585,-69625,-68155,54-00,,,55,18,52915.0,90345.0,1,44-20,,,
Lamp 21PCM whole wafer,2785,1585,-69625,-68155,54-00,,,55,17,50130.0,90345.0,1,43-25,,,
Lamp 21PCM whole wafer,2785,1585,-69625,-68155,54-00,,,55,16,47345.0,90345.0,1,43-24,,,
Lamp 21PCM whole wafer,2785,1585,-69625,-68155,54-00,,,55,15,44560.0,90345.0,1,43-23,,,
Lamp 21PCM whole wafer,2785,1585,-69625,-68155,54-00,,,55,14,41775.0,90345.0,1,43-22,,,
Lamp 21PCM whole wafer,2785,1585,-69625,-68155,54-00,,,55,13,38990.0,90345.0,1,43-21,,,
Lamp 21PCM whole wafer,2785,1585,-69625,-68155,54-00,,,55,12,36205.0,90345.0,1,43-20,,,
Lamp 21PCM whole wafer,2785,1585,-69625,-68155,54-00,,,55,11,33420.0,90345.0,1,42-25,,,
Lamp 21PCM whole wafer,2785,1585,-69625,-68155,54-00,,,55,10,30635.0,90345.0,1,42-24,,,
Lamp 21PCM whole wafer,2785,1585,-69625,-68155,54-00,,,55,9,27850.0,90345.0,1,42-23,,,
Lamp 21PCM whole wafer,2785,1585,-69625,-68155,54-00,,,55,8,25065.0,90345.0,1,42-22,,,
Lamp 21PCM whole wafer,2785,1585,-69625,-68155,54-00,,,55,7,22280.0,90345.0,1,42-21,,,
Lamp 21PCM whole wafer,2785,1585,-69625,-68155,54-00,,,55,6,19495.0,90345.0,1,42-20,,,
Lamp 21PCM whole wafer,2785,1585,-69625,-68155,54-00,,,55,5,16710.0,90345.0,1,41-25,,,
Lamp 21PCM whole wafer,2785,1585,-69625,-68155,54-00,,,55,4,13925.0,90345.0,1,41-24,,,
Lamp 21PCM whole wafer,2785,1585,-69625,-68155,54-00,,,55,3,11140.0,90345.0,1,41-23,,,
Lamp 21PCM whole wafer,2785,1585,-69625,-68155,54-00,,,55,2,8355.0,90345.0,1,41-22,,,
Lamp 21PCM whole wafer,2785,1585,-69625,-68155,54-00,,,55,1,5570.0,90345.0,1,41-21,,,
Lamp 21PCM whole wafer,2785,1585,-69625,-68155,54-00,,,56,2,8355.0,91930.0,1,41-12,,,
Lamp 21PCM whole wafer,2785,1585,-69625,-68155,54-00,,,56,3,11140.0,91930.0,1,41-13,,,
Lamp 21PCM whole wafer,2785,1585,-69625,-68155,54-00,,,56,4,13925.0,91930.0,1,41-14,,,
Lamp 21PCM whole wafer,2785,1585,-69625,-68155,54-00,,,56,5,16710.0,91930.0,1,41-15,,,
Lamp 21PCM whole wafer,2785,1585,-69625,-68155,54-00,,,56,6,19495.0,91930.0,1,42-10,,,
Lamp 21PCM whole wafer,2785,1585,-69625,-68155,54-00,,,56,7,22280.0,91930.0,1,42-11,,,
Lamp 21PCM whole wafer,2785,1585,-69625,-68155,54-00,,,56,8,25065.0,91930.0,1,42-12,,,
Lamp 21PCM whole wafer,2785,1585,-69625,-68155,54-00,,,56,9,27850.0,91930.0,1,42-13,,,
Lamp 21PCM whole wafer,2785,1585,-69625,-68155,54-00,,,56,10,30635.0,91930.0,1,42-14,,,
Lamp 21PCM whole wafer,2785,1585,-69625,-68155,54-00,,,56,11,33420.0,91930.0,1,42-15,,,
Lamp 21PCM whole wafer,2785,1585,-69625,-68155,54-00,,,56,12,36205.0,91930.0,1,43-10,,,
Lamp 21PCM whole wafer,2785,1585,-69625,-68155,54-00,,,56,13,38990.0,91930.0,1,43-11,,,
Lamp 21PCM whole wafer,2785,1585,-69625,-68155,54-00,,,56,14,41775.0,91930.0,1,43-12,,,
Lamp 21PCM whole wafer,2785,1585,-69625,-68155,54-00,,,56,15,44560.0,91930.0,1,43-13,,,
Lamp 21PCM whole wafer,2785,1585,-69625,-68155,54-00,,,56,16,47345.0,91930.0,1,43-14,,,
Lamp 21PCM whole wafer,2785,1585,-69625,-68155,54-00,,,56,17,50130.0,91930.0,1,43-15,,,
Lamp 21PCM whole wafer,2785,1585,-69625,-68155,54-00,,,56,18,52915.0,91930.0,1,44-10,,,
Lamp 21PCM whole wafer,2785,1585,-69625,-68155,54-00,,,56,19,55700.0,91930.0,1,44-11,,,
Lamp 21PCM whole wafer,2785,1585,-69625,-68155,54-00,,,56,20,58485.0,91930.0,1,44-12,,,
Lamp 21PCM whole wafer,2785,1585,-69625,-68155,54-00,,,56,21,61270.0,91930.0,1,44-13,,,
Lamp 21PCM whole wafer,2785,1585,-69625,-68155,54-00,,,56,22,64055.0,91930.0,1,44-14,,,
Lamp 21PCM whole wafer,2785,1585,-69625,-68155,54-00,,,56,23,66840.0,91930.0,1,44-15,,,
Lamp 21PCM whole wafer,2785,1585,-69625,-68155,54-00,,,56,24,69625.0,91930.0,1,45-10,,,
Lamp 21PCM whole wafer,2785,1585,-69625,-68155,54-00,,,56,25,72410.0,91930.0,1,45-11,,,
Lamp 21PCM whole wafer,2785,1585,-69625,-68155,54-00,,,56,26,75195.0,91930.0,1,45-12,,,
Lamp 21PCM whole wafer,2785,1585,-69625,-68155,54-00,,,56,27,77980.0,91930.0,1,45-13,,,
Lamp 21PCM whole wafer,2785,1585,-69625,-68155,54-00,,,56,28,80765.0,91930.0,1,45-14,,,
Lamp 21PCM whole wafer,2785,1585,-69625,-68155,54-00,,,56,29,83550.0,91930.0,1,45-15,,,
Lamp 21PCM whole wafer,2785,1585,-69625,-68155,54-00,,,56,30,86335.0,91930.0,1,46-10,,,
Lamp 21PCM whole wafer,2785,1585,-69625,-68155,54-00,,,56,31,89120.0,91930.0,1,46-11,,,
Lamp 21PCM whole wafer,2785,1585,-69625,-68155,54-00,,,56,32,91905.0,91930.0,1,46-12,,,
Lamp 21PCM whole wafer,2785,1585,-69625,-68155,54-00,,,56,33,94690.0,91930.0,1,46-13,,,
Lamp 21PCM whole wafer,2785,1585,-69625,-68155,54-00,,,56,34,97475.0,91930.0,1,46-14,,,
Lamp 21PCM whole wafer,2785,1585,-69625,-68155,54-00,,,56,35,100260.0,91930.0,1,46-15,,,
Lamp 21PCM whole wafer,2785,1585,-69625,-68155,54-00,,,56,36,103045.0,91930.0,1,47-10,,,
Lamp 21PCM whole wafer,2785,1585,-69625,-68155,54-00,,,56,37,105830.0,91930.0,1,47-11,,,
Lamp 21PCM whole wafer,2785,1585,-69625,-68155,54-00,,,56,38,108615.0,91930.0,1,47-12,,,
Lamp 21PCM whole wafer,2785,1585,-69625,-68155,54-00,,,56,39,111400.0,91930.0,1,47-13,,,
Lamp 21PCM whole wafer,2785,1585,-69625,-68155,54-00,,,56,40,114185.0,91930.0,1,47-14,,,
Lamp 21PCM whole wafer,2785,1585,-69625,-68155,54-00,,,56,41,116970.0,91930.0,1,47-15,,,
Lamp 21PCM whole wafer,2785,1585,-69625,-68155,54-00,,,56,42,119755.0,91930.0,1,48-10,,,
Lamp 21PCM whole wafer,2785,1585,-69625,-68155,54-00,,,56,43,122540.0,91930.0,1,48-11,,,
Lamp 21PCM whole wafer,2785,1585,-69625,-68155,54-00,,,56,44,125325.0,91930.0,1,48-12,,,
Lamp 21PCM whole wafer,2785,1585,-69625,-68155,54-00,,,56,45,128110.0,91930.0,1,48-13,,,
Lamp 21PCM whole wafer,2785,1585,-69625,-68155,54-00,,,57,45,128110.0,93515.0,1,48-03,,,
Lamp 21PCM whole wafer,2785,1585,-69625,-68155,54-00,,,57,44,125325.0,93515.0,1,48-02,,,
Lamp 21PCM whole wafer,2785,1585,-69625,-68155,54-00,,,57,43,122540.0,93515.0,1,48-01,,,
Lamp 21PCM whole wafer,2785,1585,-69625,-68155,54-00,,,57,42,119755.0,93515.0,1,48-00,,,
Lamp 21PCM whole wafer,2785,1585,-69625,-68155,54-00,,,57,41,116970.0,93515.0,1,47-05,,,
Lamp 21PCM whole wafer,2785,1585,-69625,-68155,54-00,,,57,40,114185.0,93515.0,1,47-04,,,
Lamp 21PCM whole wafer,2785,1585,-69625,-68155,54-00,,,57,39,111400.0,93515.0,1,47-03,,,
Lamp 21PCM whole wafer,2785,1585,-69625,-68155,54-00,,,57,38,108615.0,93515.0,1,47-02,,,
Lamp 21PCM whole wafer,2785,1585,-69625,-68155,54-00,,,57,37,105830.0,93515.0,1,47-01,,,
Lamp 21PCM whole wafer,2785,1585,-69625,-68155,54-00,,,57,36,103045.0,93515.0,1,47-00,,,
Lamp 21PCM whole wafer,2785,1585,-69625,-68155,54-00,,,57,35,100260.0,93515.0,1,46-05,,,
Lamp 21PCM whole wafer,2785,1585,-69625,-68155,54-00,,,57,34,97475.0,93515.0,1,46-04,,,
Lamp 21PCM whole wafer,2785,1585,-69625,-68155,54-00,,,57,33,94690.0,93515.0,1,46-03,,,
Lamp 21PCM whole wafer,2785,1585,-69625,-68155,54-00,,,57,32,91905.0,93515.0,1,46-02,,,
Lamp 21PCM whole wafer,2785,1585,-69625,-68155,54-00,,,57,31,89120.0,93515.0,1,46-01,,,
Lamp 21PCM whole wafer,2785,1585,-69625,-68155,54-00,,,57,30,86335.0,93515.0,1,46-00,,,
Lamp 21PCM whole wafer,2785,1585,-69625,-68155,54-00,,,57,29,83550.0,93515.0,1,45-05,,,
Lamp 21PCM whole wafer,2785,1585,-69625,-68155,54-00,,,57,28,80765.0,93515.0,1,45-04,,,
Lamp 21PCM whole wafer,2785,1585,-69625,-68155,54-00,,,57,27,77980.0,93515.0,1,45-03,,,
Lamp 21PCM whole wafer,2785,1585,-69625,-68155,54-00,,,57,26,75195.0,93515.0,1,45-02,,,
Lamp 21PCM whole wafer,2785,1585,-69625,-68155,54-00,,,57,25,72410.0,93515.0,1,45-01,,,
Lamp 21PCM whole wafer,2785,1585,-69625,-68155,54-00,,,57,24,69625.0,93515.0,1,45-00,,,
Lamp 21PCM whole wafer,2785,1585,-69625,-68155,54-00,,,57,23,66840.0,93515.0,1,44-05,,,
Lamp 21PCM whole wafer,2785,1585,-69625,-68155,54-00,,,57,22,64055.0,93515.0,1,44-04,,,
Lamp 21PCM whole wafer,2785,1585,-69625,-68155,54-00,,,57,21,61270.0,93515.0,1,44-03,,,
Lamp 21PCM whole wafer,2785,1585,-69625,-68155,54-00,,,57,20,58485.0,93515.0,1,44-02,,,
Lamp 21PCM whole wafer,2785,1585,-69625,-68155,54-00,,,57,19,55700.0,93515.0,1,44-01,,,
Lamp 21PCM whole wafer,2785,1585,-69625,-68155,54-00,,,57,18,52915.0,93515.0,1,44-00,,,
Lamp 21PCM whole wafer,2785,1585,-69625,-68155,54-00,,,57,17,50130.0,93515.0,1,43-05,,,
Lamp 21PCM whole wafer,2785,1585,-69625,-68155,54-00,,,57,16,47345.0,93515.0,1,43-04,,,
Lamp 21PCM whole wafer,2785,1585,-69625,-68155,54-00,,,57,15,44560.0,93515.0,1,43-03,,,
Lamp 21PCM whole wafer,2785,1585,-69625,-68155,54-00,,,57,14,41775.0,93515.0,1,43-02,,,
Lamp 21PCM whole wafer,2785,1585,-69625,-68155,54-00,,,57,13,38990.0,93515.0,1,43-01,,,
Lamp 21PCM whole wafer,2785,1585,-69625,-68155,54-00,,,57,12,36205.0,93515.0,1,43-00,,,
Lamp 21PCM whole wafer,2785,1585,-69625,-68155,54-00,,,57,11,33420.0,93515.0,1,42-05,,,
Lamp 21PCM whole wafer,2785,1585,-69625,-68155,54-00,,,57,10,30635.0,93515.0,1,42-04,,,
Lamp 21PCM whole wafer,2785,1585,-69625,-68155,54-00,,,57,9,27850.0,93515.0,1,42-03,,,
Lamp 21PCM whole wafer,2785,1585,-69625,-68155,54-00,,,57,8,25065.0,93515.0,1,42-02,,,
Lamp 21PCM whole wafer,2785,1585,-69625,-68155,54-00,,,57,7,22280.0,93515.0,1,42-01,,,
Lamp 21PCM whole wafer,2785,1585,-69625,-68155,54-00,,,57,6,19495.0,93515.0,1,42-00,,,
Lamp 21PCM whole wafer,2785,1585,-69625,-68155,54-00,,,57,5,16710.0,93515.0,1,41-05,,,
Lamp 21PCM whole wafer,2785,1585,-69625,-68155,54-00,,,57,4,13925.0,93515.0,1,41-04,,,
Lamp 21PCM whole wafer,2785,1585,-69625,-68155,54-00,,,57,3,11140.0,93515.0,1,41-03,,,
Lamp 21PCM whole wafer,2785,1585,-69625,-68155,54-00,,,57,2,8355.0,93515.0,1,41-02,,,
Lamp 21PCM whole wafer,2785,1585,-69625,-68155,54-00,,,58,2,8355.0,95100.0,1,31-72,,,
Lamp 21PCM whole wafer,2785,1585,-69625,-68155,54-00,,,58,3,11140.0,95100.0,1,31-73,,,
Lamp 21PCM whole wafer,2785,1585,-69625,-68155,54-00,,,58,4,13925.0,95100.0,1,31-74,,,
Lamp 21PCM whole wafer,2785,1585,-69625,-68155,54-00,,,58,5,16710.0,95100.0,1,31-75,,,
Lamp 21PCM whole wafer,2785,1585,-69625,-68155,54-00,,,58,6,19495.0,95100.0,1,32-70,,,
Lamp 21PCM whole wafer,2785,1585,-69625,-68155,54-00,,,58,7,22280.0,95100.0,1,32-71,,,
Lamp 21PCM whole wafer,2785,1585,-69625,-68155,54-00,,,58,8,25065.0,95100.0,1,32-72,,,
Lamp 21PCM whole wafer,2785,1585,-69625,-68155,54-00,,,58,9,27850.0,95100.0,1,32-73,,,
Lamp 21PCM whole wafer,2785,1585,-69625,-68155,54-00,,,58,10,30635.0,95100.0,1,32-74,,,
Lamp 21PCM whole wafer,2785,1585,-69625,-68155,54-00,,,58,11,33420.0,95100.0,1,32-75,,,
Lamp 21PCM whole wafer,2785,1585,-69625,-68155,54-00,,,58,12,36205.0,95100.0,1,33-70,,,
Lamp 21PCM whole wafer,2785,1585,-69625,-68155,54-00,,,58,13,38990.0,95100.0,1,33-71,,,
Lamp 21PCM whole wafer,2785,1585,-69625,-68155,54-00,,,58,14,41775.0,95100.0,1,33-72,,,
Lamp 21PCM whole wafer,2785,1585,-69625,-68155,54-00,,,58,15,44560.0,95100.0,1,33-73,,,
Lamp 21PCM whole wafer,2785,1585,-69625,-68155,54-00,,,58,16,47345.0,95100.0,1,33-74,,,
Lamp 21PCM whole wafer,2785,1585,-69625,-68155,54-00,,,58,17,50130.0,95100.0,1,33-75,,,
Lamp 21PCM whole wafer,2785,1585,-69625,-68155,54-00,,,58,18,52915.0,95100.0,1,34-70,,,
Lamp 21PCM whole wafer,2785,1585,-69625,-68155,54-00,,,58,19,55700.0,95100.0,1,34-71,,,
Lamp 21PCM whole wafer,2785,1585,-69625,-68155,54-00,,,58,20,58485.0,95100.0,1,34-72,,,
Lamp 21PCM whole wafer,2785,1585,-69625,-68155,54-00,,,58,21,61270.0,95100.0,1,34-73,,,
Lamp 21PCM whole wafer,2785,1585,-69625,-68155,54-00,,,58,22,64055.0,95100.0,1,34-74,,,
Lamp 21PCM whole wafer,2785,1585,-69625,-68155,54-00,,,58,23,66840.0,95100.0,1,34-75,,,
Lamp 21PCM whole wafer,2785,1585,-69625,-68155,54-00,,,58,24,69625.0,95100.0,1,35-70,,,
Lamp 21PCM whole wafer,2785,1585,-69625,-68155,54-00,,,58,25,72410.0,95100.0,1,35-71,,,
Lamp 21PCM whole wafer,2785,1585,-69625,-68155,54-00,,,58,26,75195.0,95100.0,1,35-72,,,
Lamp 21PCM whole wafer,2785,1585,-69625,-68155,54-00,,,58,27,77980.0,95100.0,1,35-73,,,
Lamp 21PCM whole wafer,2785,1585,-69625,-68155,54-00,,,58,28,80765.0,95100.0,1,35-74,,,
Lamp 21PCM whole wafer,2785,1585,-69625,-68155,54-00,,,58,29,83550.0,95100.0,1,35-75,,,
Lamp 21PCM whole wafer,2785,1585,-69625,-68155,54-00,,,58,30,86335.0,95100.0,1,36-70,,,
Lamp 21PCM whole wafer,2785,1585,-69625,-68155,54-00,,,58,31,89120.0,95100.0,1,36-71,,,
Lamp 21PCM whole wafer,2785,1585,-69625,-68155,54-00,,,58,32,91905.0,95100.0,1,36-72,,,
Lamp 21PCM whole wafer,2785,1585,-69625,-68155,54-00,,,58,33,94690.0,95100.0,1,36-73,,,
Lamp 21PCM whole wafer,2785,1585,-69625,-68155,54-00,,,58,34,97475.0,95100.0,1,36-74,,,
Lamp 21PCM whole wafer,2785,1585,-69625,-68155,54-00,,,58,35,100260.0,95100.0,1,36-75,,,
Lamp 21PCM whole wafer,2785,1585,-69625,-68155,54-00,,,58,36,103045.0,95100.0,1,37-70,,,
Lamp 21PCM whole wafer,2785,1585,-69625,-68155,54-00,,,58,37,105830.0,95100.0,1,37-71,,,
Lamp 21PCM whole wafer,2785,1585,-69625,-68155,54-00,,,58,38,108615.0,95100.0,1,37-72,,,
Lamp 21PCM whole wafer,2785,1585,-69625,-68155,54-00,,,58,39,111400.0,95100.0,1,37-73,,,
Lamp 21PCM whole wafer,2785,1585,-69625,-68155,54-00,,,58,40,114185.0,95100.0,1,37-74,,,
Lamp 21PCM whole wafer,2785,1585,-69625,-68155,54-00,,,58,41,116970.0,95100.0,1,37-75,,,
Lamp 21PCM whole wafer,2785,1585,-69625,-68155,54-00,,,58,42,119755.0,95100.0,1,38-70,,,
Lamp 21PCM whole wafer,2785,1585,-69625,-68155,54-00,,,58,43,122540.0,95100.0,1,38-71,,,
Lamp 21PCM whole wafer,2785,1585,-69625,-68155,54-00,,,58,44,125325.0,95100.0,1,38-72,,,
Lamp 21PCM whole wafer,2785,1585,-69625,-68155,54-00,,,58,45,128110.0,95100.0,1,38-73,,,
Lamp 21PCM whole wafer,2785,1585,-69625,-68155,54-00,,,59,45,128110.0,96685.0,1,38-63,,,
Lamp 21PCM whole wafer,2785,1585,-69625,-68155,54-00,,,59,44,125325.0,96685.0,1,38-62,,,
Lamp 21PCM whole wafer,2785,1585,-69625,-68155,54-00,,,59,43,122540.0,96685.0,1,38-61,,,
Lamp 21PCM whole wafer,2785,1585,-69625,-68155,54-00,,,59,42,119755.0,96685.0,1,38-60,,,
Lamp 21PCM whole wafer,2785,1585,-69625,-68155,54-00,,,59,41,116970.0,96685.0,1,37-65,,,
Lamp 21PCM whole wafer,2785,1585,-69625,-68155,54-00,,,59,40,114185.0,96685.0,1,37-64,,,
Lamp 21PCM whole wafer,2785,1585,-69625,-68155,54-00,,,59,39,111400.0,96685.0,1,37-63,,,
Lamp 21PCM whole wafer,2785,1585,-69625,-68155,54-00,,,59,38,108615.0,96685.0,1,37-62,,,
Lamp 21PCM whole wafer,2785,1585,-69625,-68155,54-00,,,59,37,105830.0,96685.0,1,37-61,,,
Lamp 21PCM whole wafer,2785,1585,-69625,-68155,54-00,,,59,36,103045.0,96685.0,1,37-60,,,
Lamp 21PCM whole wafer,2785,1585,-69625,-68155,54-00,,,59,35,100260.0,96685.0,1,36-65,,,
Lamp 21PCM whole wafer,2785,1585,-69625,-68155,54-00,,,59,34,97475.0,96685.0,1,36-64,,,
Lamp 21PCM whole wafer,2785,1585,-69625,-68155,54-00,,,59,33,94690.0,96685.0,1,36-63,,,
Lamp 21PCM whole wafer,2785,1585,-69625,-68155,54-00,,,59,32,91905.0,96685.0,1,36-62,,,
Lamp 21PCM whole wafer,2785,1585,-69625,-68155,54-00,,,59,31,89120.0,96685.0,1,36-61,,,
Lamp 21PCM whole wafer,2785,1585,-69625,-68155,54-00,,,59,30,86335.0,96685.0,1,36-60,,,
Lamp 21PCM whole wafer,2785,1585,-69625,-68155,54-00,,,59,29,83550.0,96685.0,1,35-65,,,
Lamp 21PCM whole wafer,2785,1585,-69625,-68155,54-00,,,59,28,80765.0,96685.0,1,35-64,,,
Lamp 21PCM whole wafer,2785,1585,-69625,-68155,54-00,,,59,27,77980.0,96685.0,1,35-63,,,
Lamp 21PCM whole wafer,2785,1585,-69625,-68155,54-00,,,59,26,75195.0,96685.0,1,35-62,,,
Lamp 21PCM whole wafer,2785,1585,-69625,-68155,54-00,,,59,25,72410.0,96685.0,1,35-61,,,
Lamp 21PCM whole wafer,2785,1585,-69625,-68155,54-00,,,59,24,69625.0,96685.0,1,35-60,,,
Lamp 21PCM whole wafer,2785,1585,-69625,-68155,54-00,,,59,23,66840.0,96685.0,1,34-65,,,
Lamp 21PCM whole wafer,2785,1585,-69625,-68155,54-00,,,59,22,64055.0,96685.0,1,34-64,,,
Lamp 21PCM whole wafer,2785,1585,-69625,-68155,54-00,,,59,21,61270.0,96685.0,1,34-63,,,
Lamp 21PCM whole wafer,2785,1585,-69625,-68155,54-00,,,59,20,58485.0,96685.0,1,34-62,,,
Lamp 21PCM whole wafer,2785,1585,-69625,-68155,54-00,,,59,19,55700.0,96685.0,1,34-61,,,
Lamp 21PCM whole wafer,2785,1585,-69625,-68155,54-00,,,59,18,52915.0,96685.0,1,34-60,,,
Lamp 21PCM whole wafer,2785,1585,-69625,-68155,54-00,,,59,17,50130.0,96685.0,1,33-65,,,
Lamp 21PCM whole wafer,2785,1585,-69625,-68155,54-00,,,59,16,47345.0,96685.0,1,33-64,,,
Lamp 21PCM whole wafer,2785,1585,-69625,-68155,54-00,,,59,15,44560.0,96685.0,1,33-63,,,
Lamp 21PCM whole wafer,2785,1585,-69625,-68155,54-00,,,59,14,41775.0,96685.0,1,33-62,,,
Lamp 21PCM whole wafer,2785,1585,-69625,-68155,54-00,,,59,13,38990.0,96685.0,1,33-61,,,
Lamp 21PCM whole wafer,2785,1585,-69625,-68155,54-00,,,59,12,36205.0,96685.0,1,33-60,,,
Lamp 21PCM whole wafer,2785,1585,-69625,-68155,54-00,,,59,11,33420.0,96685.0,1,32-65,,,
Lamp 21PCM whole wafer,2785,1585,-69625,-68155,54-00,,,59,10,30635.0,96685.0,1,32-64,,,
Lamp 21PCM whole wafer,2785,1585,-69625,-68155,54-00,,,59,9,27850.0,96685.0,1,32-63,,,
Lamp 21PCM whole wafer,2785,1585,-69625,-68155,54-00,,,59,8,25065.0,96685.0,1,32-62,,,
Lamp 21PCM whole wafer,2785,1585,-69625,-68155,54-00,,,59,7,22280.0,96685.0,1,32-61,,,
Lamp 21PCM whole wafer,2785,1585,-69625,-68155,54-00,,,59,6,19495.0,96685.0,1,32-60,,,
Lamp 21PCM whole wafer,2785,1585,-69625,-68155,54-00,,,59,5,16710.0,96685.0,1,31-65,,,
Lamp 21PCM whole wafer,2785,1585,-69625,-68155,54-00,,,59,4,13925.0,96685.0,1,31-64,,,
Lamp 21PCM whole wafer,2785,1585,-69625,-68155,54-00,,,59,3,11140.0,96685.0,1,31-63,,,
Lamp 21PCM whole wafer,2785,1585,-69625,-68155,54-00,,,59,2,8355.0,96685.0,1,31-62,,,
Lamp 21PCM whole wafer,2785,1585,-69625,-68155,54-00,,,60,3,11140.0,98270.0,1,31-53,,,
Lamp 21PCM whole wafer,2785,1585,-69625,-68155,54-00,,,60,4,13925.0,98270.0,1,31-54,,,
Lamp 21PCM whole wafer,2785,1585,-69625,-68155,54-00,,,60,5,16710.0,98270.0,1,31-55,,,
Lamp 21PCM whole wafer,2785,1585,-69625,-68155,54-00,,,60,6,19495.0,98270.0,1,32-50,,,
Lamp 21PCM whole wafer,2785,1585,-69625,-68155,54-00,,,60,7,22280.0,98270.0,1,32-51,,,
Lamp 21PCM whole wafer,2785,1585,-69625,-68155,54-00,,,60,8,25065.0,98270.0,1,32-52,,,
Lamp 21PCM whole wafer,2785,1585,-69625,-68155,54-00,,,60,9,27850.0,98270.0,1,32-53,,,
Lamp 21PCM whole wafer,2785,1585,-69625,-68155,54-00,,,60,10,30635.0,98270.0,1,32-54,,,
Lamp 21PCM whole wafer,2785,1585,-69625,-68155,54-00,,,60,11,33420.0,98270.0,1,32-55,,,
Lamp 21PCM whole wafer,2785,1585,-69625,-68155,54-00,,,60,12,36205.0,98270.0,1,33-50,,,
Lamp 21PCM whole wafer,2785,1585,-69625,-68155,54-00,,,60,13,38990.0,98270.0,1,33-51,,,
Lamp 21PCM whole wafer,2785,1585,-69625,-68155,54-00,,,60,14,41775.0,98270.0,1,33-52,,,
Lamp 21PCM whole wafer,2785,1585,-69625,-68155,54-00,,,60,15,44560.0,98270.0,1,33-53,,,
Lamp 21PCM whole wafer,2785,1585,-69625,-68155,54-00,,,60,16,47345.0,98270.0,1,33-54,,,
Lamp 21PCM whole wafer,2785,1585,-69625,-68155,54-00,,,60,17,50130.0,98270.0,1,33-55,,,
Lamp 21PCM whole wafer,2785,1585,-69625,-68155,54-00,,,60,18,52915.0,98270.0,1,34-50,,,
Lamp 21PCM whole wafer,2785,1585,-69625,-68155,54-00,,,60,19,55700.0,98270.0,1,34-51,,,
Lamp 21PCM whole wafer,2785,1585,-69625,-68155,54-00,,,60,20,58485.0,98270.0,1,34-52,,,
Lamp 21PCM whole wafer,2785,1585,-69625,-68155,54-00,,,60,21,61270.0,98270.0,1,34-53,,,
Lamp 21PCM whole wafer,2785,1585,-69625,-68155,54-00,,,60,22,64055.0,98270.0,1,34-54,,,
Lamp 21PCM whole wafer,2785,1585,-69625,-68155,54-00,,,60,23,66840.0,98270.0,1,34-55,,,
Lamp 21PCM whole wafer,2785,1585,-69625,-68155,54-00,,,60,24,69625.0,98270.0,1,35-50,,,
Lamp 21PCM whole wafer,2785,1585,-69625,-68155,54-00,,,60,25,72410.0,98270.0,1,35-51,,,
Lamp 21PCM whole wafer,2785,1585,-69625,-68155,54-00,,,60,26,75195.0,98270.0,1,35-52,,,
Lamp 21PCM whole wafer,2785,1585,-69625,-68155,54-00,,,60,27,77980.0,98270.0,1,35-53,,,
Lamp 21PCM whole wafer,2785,1585,-69625,-68155,54-00,,,60,28,80765.0,98270.0,1,35-54,,,
Lamp 21PCM whole wafer,2785,1585,-69625,-68155,54-00,,,60,29,83550.0,98270.0,1,35-55,,,
Lamp 21PCM whole wafer,2785,1585,-69625,-68155,54-00,,,60,30,86335.0,98270.0,1,36-50,,,
Lamp 21PCM whole wafer,2785,1585,-69625,-68155,54-00,,,60,31,89120.0,98270.0,1,36-51,,,
Lamp 21PCM whole wafer,2785,1585,-69625,-68155,54-00,,,60,32,91905.0,98270.0,1,36-52,,,
Lamp 21PCM whole wafer,2785,1585,-69625,-68155,54-00,,,60,33,94690.0,98270.0,1,36-53,,,
Lamp 21PCM whole wafer,2785,1585,-69625,-68155,54-00,,,60,34,97475.0,98270.0,1,36-54,,,
Lamp 21PCM whole wafer,2785,1585,-69625,-68155,54-00,,,60,35,100260.0,98270.0,1,36-55,,,
Lamp 21PCM whole wafer,2785,1585,-69625,-68155,54-00,,,60,36,103045.0,98270.0,1,37-50,,,
Lamp 21PCM whole wafer,2785,1585,-69625,-68155,54-00,,,60,37,105830.0,98270.0,1,37-51,,,
Lamp 21PCM whole wafer,2785,1585,-69625,-68155,54-00,,,60,38,108615.0,98270.0,1,37-52,,,
Lamp 21PCM whole wafer,2785,1585,-69625,-68155,54-00,,,60,39,111400.0,98270.0,1,37-53,,,
Lamp 21PCM whole wafer,2785,1585,-69625,-68155,54-00,,,60,40,114185.0,98270.0,1,37-54,,,
Lamp 21PCM whole wafer,2785,1585,-69625,-68155,54-00,,,60,41,116970.0,98270.0,1,37-55,,,
Lamp 21PCM whole wafer,2785,1585,-69625,-68155,54-00,,,60,42,119755.0,98270.0,1,38-50,,,
Lamp 21PCM whole wafer,2785,1585,-69625,-68155,54-00,,,60,43,122540.0,98270.0,1,38-51,,,
Lamp 21PCM whole wafer,2785,1585,-69625,-68155,54-00,,,60,44,125325.0,98270.0,1,38-52,,,
Lamp 21PCM whole wafer,2785,1585,-69625,-68155,54-00,,,61,44,125325.0,99855.0,1,38-42,,,
Lamp 21PCM whole wafer,2785,1585,-69625,-68155,54-00,,,61,43,122540.0,99855.0,1,38-41,,,
Lamp 21PCM whole wafer,2785,1585,-69625,-68155,54-00,,,61,42,119755.0,99855.0,1,38-40,,,
Lamp 21PCM whole wafer,2785,1585,-69625,-68155,54-00,,,61,41,116970.0,99855.0,1,37-45,,,
Lamp 21PCM whole wafer,2785,1585,-69625,-68155,54-00,,,61,40,114185.0,99855.0,1,37-44,,,
Lamp 21PCM whole wafer,2785,1585,-69625,-68155,54-00,,,61,39,111400.0,99855.0,1,37-43,,,
Lamp 21PCM whole wafer,2785,1585,-69625,-68155,54-00,,,61,38,108615.0,99855.0,1,37-42,,,
Lamp 21PCM whole wafer,2785,1585,-69625,-68155,54-00,,,61,37,105830.0,99855.0,1,37-41,,,
Lamp 21PCM whole wafer,2785,1585,-69625,-68155,54-00,,,61,36,103045.0,99855.0,1,37-40,,,
Lamp 21PCM whole wafer,2785,1585,-69625,-68155,54-00,,,61,35,100260.0,99855.0,1,36-45,,,
Lamp 21PCM whole wafer,2785,1585,-69625,-68155,54-00,,,61,34,97475.0,99855.0,1,36-44,,,
Lamp 21PCM whole wafer,2785,1585,-69625,-68155,54-00,,,61,33,94690.0,99855.0,1,36-43,,,
Lamp 21PCM whole wafer,2785,1585,-69625,-68155,54-00,,,61,32,91905.0,99855.0,1,36-42,,,
Lamp 21PCM whole wafer,2785,1585,-69625,-68155,54-00,,,61,31,89120.0,99855.0,1,36-41,,,
Lamp 21PCM whole wafer,2785,1585,-69625,-68155,54-00,,,61,30,86335.0,99855.0,1,36-40,,,
Lamp 21PCM whole wafer,2785,1585,-69625,-68155,54-00,,,61,29,83550.0,99855.0,1,35-45,,,
Lamp 21PCM whole wafer,2785,1585,-69625,-68155,54-00,,,61,28,80765.0,99855.0,1,35-44,,,
Lamp 21PCM whole wafer,2785,1585,-69625,-68155,54-00,,,61,27,77980.0,99855.0,1,35-43,,,
Lamp 21PCM whole wafer,2785,1585,-69625,-68155,54-00,,,61,26,75195.0,99855.0,1,35-42,,,
Lamp 21PCM whole wafer,2785,1585,-69625,-68155,54-00,,,61,25,72410.0,99855.0,1,35-41,,,
Lamp 21PCM whole wafer,2785,1585,-69625,-68155,54-00,,,61,24,69625.0,99855.0,1,35-40,,,
Lamp 21PCM whole wafer,2785,1585,-69625,-68155,54-00,,,61,23,66840.0,99855.0,1,34-45,,,
Lamp 21PCM whole wafer,2785,1585,-69625,-68155,54-00,,,61,22,64055.0,99855.0,1,34-44,,,
Lamp 21PCM whole wafer,2785,1585,-69625,-68155,54-00,,,61,21,61270.0,99855.0,1,34-43,,,
Lamp 21PCM whole wafer,2785,1585,-69625,-68155,54-00,,,61,20,58485.0,99855.0,1,34-42,,,
Lamp 21PCM whole wafer,2785,1585,-69625,-68155,54-00,,,61,19,55700.0,99855.0,1,34-41,,,
Lamp 21PCM whole wafer,2785,1585,-69625,-68155,54-00,,,61,18,52915.0,99855.0,1,34-40,,,
Lamp 21PCM whole wafer,2785,1585,-69625,-68155,54-00,,,61,17,50130.0,99855.0,1,33-45,,,
Lamp 21PCM whole wafer,2785,1585,-69625,-68155,54-00,,,61,16,47345.0,99855.0,1,33-44,,,
Lamp 21PCM whole wafer,2785,1585,-69625,-68155,54-00,,,61,15,44560.0,99855.0,1,33-43,,,
Lamp 21PCM whole wafer,2785,1585,-69625,-68155,54-00,,,61,14,41775.0,99855.0,1,33-42,,,
Lamp 21PCM whole wafer,2785,1585,-69625,-68155,54-00,,,61,13,38990.0,99855.0,1,33-41,,,
Lamp 21PCM whole wafer,2785,1585,-69625,-68155,54-00,,,61,12,36205.0,99855.0,1,33-40,,,
Lamp 21PCM whole wafer,2785,1585,-69625,-68155,54-00,,,61,11,33420.0,99855.0,1,32-45,,,
Lamp 21PCM whole wafer,2785,1585,-69625,-68155,54-00,,,61,10,30635.0,99855.0,1,32-44,,,
Lamp 21PCM whole wafer,2785,1585,-69625,-68155,54-00,,,61,9,27850.0,99855.0,1,32-43,,,
Lamp 21PCM whole wafer,2785,1585,-69625,-68155,54-00,,,61,8,25065.0,99855.0,1,32-42,,,
Lamp 21PCM whole wafer,2785,1585,-69625,-68155,54-00,,,61,7,22280.0,99855.0,1,32-41,,,
Lamp 21PCM whole wafer,2785,1585,-69625,-68155,54-00,,,61,6,19495.0,99855.0,1,32-40,,,
Lamp 21PCM whole wafer,2785,1585,-69625,-68155,54-00,,,61,5,16710.0,99855.0,1,31-45,,,
Lamp 21PCM whole wafer,2785,1585,-69625,-68155,54-00,,,61,4,13925.0,99855.0,1,31-44,,,
Lamp 21PCM whole wafer,2785,1585,-69625,-68155,54-00,,,61,3,11140.0,99855.0,1,31-43,,,
Lamp 21PCM whole wafer,2785,1585,-69625,-68155,54-00,,,62,3,11140.0,101440.0,1,31-33,,,
Lamp 21PCM whole wafer,2785,1585,-69625,-68155,54-00,,,62,4,13925.0,101440.0,1,31-34,,,
Lamp 21PCM whole wafer,2785,1585,-69625,-68155,54-00,,,62,5,16710.0,101440.0,1,31-35,,,
Lamp 21PCM whole wafer,2785,1585,-69625,-68155,54-00,,,62,6,19495.0,101440.0,1,32-30,,,
Lamp 21PCM whole wafer,2785,1585,-69625,-68155,54-00,,,62,7,22280.0,101440.0,1,32-31,,,
Lamp 21PCM whole wafer,2785,1585,-69625,-68155,54-00,,,62,8,25065.0,101440.0,1,32-32,,,
Lamp 21PCM whole wafer,2785,1585,-69625,-68155,54-00,,,62,9,27850.0,101440.0,1,32-33,,,
Lamp 21PCM whole wafer,2785,1585,-69625,-68155,54-00,,,62,10,30635.0,101440.0,1,32-34,,,
Lamp 21PCM whole wafer,2785,1585,-69625,-68155,54-00,,,62,11,33420.0,101440.0,1,32-35,,,
Lamp 21PCM whole wafer,2785,1585,-69625,-68155,54-00,,,62,12,36205.0,101440.0,1,33-30,,,
Lamp 21PCM whole wafer,2785,1585,-69625,-68155,54-00,,,62,13,38990.0,101440.0,1,33-31,,,
Lamp 21PCM whole wafer,2785,1585,-69625,-68155,54-00,,,62,14,41775.0,101440.0,1,33-32,,,
Lamp 21PCM whole wafer,2785,1585,-69625,-68155,54-00,,,62,15,44560.0,101440.0,1,33-33,,,
Lamp 21PCM whole wafer,2785,1585,-69625,-68155,54-00,,,62,16,47345.0,101440.0,1,33-34,,,
Lamp 21PCM whole wafer,2785,1585,-69625,-68155,54-00,,,62,17,50130.0,101440.0,1,33-35,,,
Lamp 21PCM whole wafer,2785,1585,-69625,-68155,54-00,,,62,18,52915.0,101440.0,1,34-30,,,
Lamp 21PCM whole wafer,2785,1585,-69625,-68155,54-00,,,62,19,55700.0,101440.0,1,34-31,,,
Lamp 21PCM whole wafer,2785,1585,-69625,-68155,54-00,,,62,20,58485.0,101440.0,1,34-32,,,
Lamp 21PCM whole wafer,2785,1585,-69625,-68155,54-00,,,62,21,61270.0,101440.0,1,34-33,,,
Lamp 21PCM whole wafer,2785,1585,-69625,-68155,54-00,,,62,22,64055.0,101440.0,1,34-34,,,
Lamp 21PCM whole wafer,2785,1585,-69625,-68155,54-00,,,62,23,66840.0,101440.0,1,34-35,,,
Lamp 21PCM whole wafer,2785,1585,-69625,-68155,54-00,,,62,24,69625.0,101440.0,1,35-30,,,
Lamp 21PCM whole wafer,2785,1585,-69625,-68155,54-00,,,62,25,72410.0,101440.0,1,35-31,,,
Lamp 21PCM whole wafer,2785,1585,-69625,-68155,54-00,,,62,26,75195.0,101440.0,1,35-32,,,
Lamp 21PCM whole wafer,2785,1585,-69625,-68155,54-00,,,62,27,77980.0,101440.0,1,35-33,,,
Lamp 21PCM whole wafer,2785,1585,-69625,-68155,54-00,,,62,28,80765.0,101440.0,1,35-34,,,
Lamp 21PCM whole wafer,2785,1585,-69625,-68155,54-00,,,62,29,83550.0,101440.0,1,35-35,,,
Lamp 21PCM whole wafer,2785,1585,-69625,-68155,54-00,,,62,30,86335.0,101440.0,1,36-30,,,
Lamp 21PCM whole wafer,2785,1585,-69625,-68155,54-00,,,62,31,89120.0,101440.0,1,36-31,,,
Lamp 21PCM whole wafer,2785,1585,-69625,-68155,54-00,,,62,32,91905.0,101440.0,1,36-32,,,
Lamp 21PCM whole wafer,2785,1585,-69625,-68155,54-00,,,62,33,94690.0,101440.0,1,36-33,,,
Lamp 21PCM whole wafer,2785,1585,-69625,-68155,54-00,,,62,34,97475.0,101440.0,1,36-34,,,
Lamp 21PCM whole wafer,2785,1585,-69625,-68155,54-00,,,62,35,100260.0,101440.0,1,36-35,,,
Lamp 21PCM whole wafer,2785,1585,-69625,-68155,54-00,,,62,36,103045.0,101440.0,1,37-30,,,
Lamp 21PCM whole wafer,2785,1585,-69625,-68155,54-00,,,62,37,105830.0,101440.0,1,37-31,,,
Lamp 21PCM whole wafer,2785,1585,-69625,-68155,54-00,,,62,38,108615.0,101440.0,1,37-32,,,
Lamp 21PCM whole wafer,2785,1585,-69625,-68155,54-00,,,62,39,111400.0,101440.0,1,37-33,,,
Lamp 21PCM whole wafer,2785,1585,-69625,-68155,54-00,,,62,40,114185.0,101440.0,1,37-34,,,
Lamp 21PCM whole wafer,2785,1585,-69625,-68155,54-00,,,62,41,116970.0,101440.0,1,37-35,,,
Lamp 21PCM whole wafer,2785,1585,-69625,-68155,54-00,,,62,42,119755.0,101440.0,1,38-30,,,
Lamp 21PCM whole wafer,2785,1585,-69625,-68155,54-00,,,62,43,122540.0,101440.0,1,38-31,,,
Lamp 21PCM whole wafer,2785,1585,-69625,-68155,54-00,,,62,44,125325.0,101440.0,1,38-32,,,
Lamp 21PCM whole wafer,2785,1585,-69625,-68155,54-00,,,63,44,125325.0,103025.0,1,38-22,,,
Lamp 21PCM whole wafer,2785,1585,-69625,-68155,54-00,,,63,43,122540.0,103025.0,1,38-21,,,
Lamp 21PCM whole wafer,2785,1585,-69625,-68155,54-00,,,63,42,119755.0,103025.0,1,38-20,,,
Lamp 21PCM whole wafer,2785,1585,-69625,-68155,54-00,,,63,41,116970.0,103025.0,1,37-25,,,
Lamp 21PCM whole wafer,2785,1585,-69625,-68155,54-00,,,63,40,114185.0,103025.0,1,37-24,,,
Lamp 21PCM whole wafer,2785,1585,-69625,-68155,54-00,,,63,39,111400.0,103025.0,1,37-23,,,
Lamp 21PCM whole wafer,2785,1585,-69625,-68155,54-00,,,63,38,108615.0,103025.0,1,37-22,,,
Lamp 21PCM whole wafer,2785,1585,-69625,-68155,54-00,,,63,37,105830.0,103025.0,1,37-21,,,
Lamp 21PCM whole wafer,2785,1585,-69625,-68155,54-00,,,63,36,103045.0,103025.0,1,37-20,,,
Lamp 21PCM whole wafer,2785,1585,-69625,-68155,54-00,,,63,35,100260.0,103025.0,1,36-25,,,
Lamp 21PCM whole wafer,2785,1585,-69625,-68155,54-00,,,63,34,97475.0,103025.0,1,36-24,,,
Lamp 21PCM whole wafer,2785,1585,-69625,-68155,54-00,,,63,33,94690.0,103025.0,1,36-23,,,
Lamp 21PCM whole wafer,2785,1585,-69625,-68155,54-00,,,63,32,91905.0,103025.0,1,36-22,,,
Lamp 21PCM whole wafer,2785,1585,-69625,-68155,54-00,,,63,31,89120.0,103025.0,1,36-21,,,
Lamp 21PCM whole wafer,2785,1585,-69625,-68155,54-00,,,63,30,86335.0,103025.0,1,36-20,,,
Lamp 21PCM whole wafer,2785,1585,-69625,-68155,54-00,,,63,29,83550.0,103025.0,1,35-25,,,
Lamp 21PCM whole wafer,2785,1585,-69625,-68155,54-00,,,63,28,80765.0,103025.0,1,35-24,,,
Lamp 21PCM whole wafer,2785,1585,-69625,-68155,54-00,,,63,27,77980.0,103025.0,1,35-23,,,
Lamp 21PCM whole wafer,2785,1585,-69625,-68155,54-00,,,63,26,75195.0,103025.0,1,35-22,,,
Lamp 21PCM whole wafer,2785,1585,-69625,-68155,54-00,,,63,25,72410.0,103025.0,1,35-21,,,
Lamp 21PCM whole wafer,2785,1585,-69625,-68155,54-00,,,63,24,69625.0,103025.0,1,35-20,,,
Lamp 21PCM whole wafer,2785,1585,-69625,-68155,54-00,,,63,23,66840.0,103025.0,1,34-25,,,
Lamp 21PCM whole wafer,2785,1585,-69625,-68155,54-00,,,63,22,64055.0,103025.0,1,34-24,,,
Lamp 21PCM whole wafer,2785,1585,-69625,-68155,54-00,,,63,21,61270.0,103025.0,1,34-23,,,
Lamp 21PCM whole wafer,2785,1585,-69625,-68155,54-00,,,63,20,58485.0,103025.0,1,34-22,,,
Lamp 21PCM whole wafer,2785,1585,-69625,-68155,54-00,,,63,19,55700.0,103025.0,1,34-21,,,
Lamp 21PCM whole wafer,2785,1585,-69625,-68155,54-00,,,63,18,52915.0,103025.0,1,34-20,,,
Lamp 21PCM whole wafer,2785,1585,-69625,-68155,54-00,,,63,17,50130.0,103025.0,1,33-25,,,
Lamp 21PCM whole wafer,2785,1585,-69625,-68155,54-00,,,63,16,47345.0,103025.0,1,33-24,,,
Lamp 21PCM whole wafer,2785,1585,-69625,-68155,54-00,,,63,15,44560.0,103025.0,1,33-23,,,
Lamp 21PCM whole wafer,2785,1585,-69625,-68155,54-00,,,63,14,41775.0,103025.0,1,33-22,,,
Lamp 21PCM whole wafer,2785,1585,-69625,-68155,54-00,,,63,13,38990.0,103025.0,1,33-21,,,
Lamp 21PCM whole wafer,2785,1585,-69625,-68155,54-00,,,63,12,36205.0,103025.0,1,33-20,,,
Lamp 21PCM whole wafer,2785,1585,-69625,-68155,54-00,,,63,11,33420.0,103025.0,1,32-25,,,
Lamp 21PCM whole wafer,2785,1585,-69625,-68155,54-00,,,63,10,30635.0,103025.0,1,32-24,,,
Lamp 21PCM whole wafer,2785,1585,-69625,-68155,54-00,,,63,9,27850.0,103025.0,1,32-23,,,
Lamp 21PCM whole wafer,2785,1585,-69625,-68155,54-00,,,63,8,25065.0,103025.0,1,32-22,,,
Lamp 21PCM whole wafer,2785,1585,-69625,-68155,54-00,,,63,7,22280.0,103025.0,1,32-21,,,
Lamp 21PCM whole wafer,2785,1585,-69625,-68155,54-00,,,63,6,19495.0,103025.0,1,32-20,,,
Lamp 21PCM whole wafer,2785,1585,-69625,-68155,54-00,,,63,5,16710.0,103025.0,1,31-25,,,
Lamp 21PCM whole wafer,2785,1585,-69625,-68155,54-00,,,63,4,13925.0,103025.0,1,31-24,,,
Lamp 21PCM whole wafer,2785,1585,-69625,-68155,54-00,,,63,3,11140.0,103025.0,1,31-23,,,
Lamp 21PCM whole wafer,2785,1585,-69625,-68155,54-00,,,64,4,13925.0,104610.0,1,31-14,,,
Lamp 21PCM whole wafer,2785,1585,-69625,-68155,54-00,,,64,5,16710.0,104610.0,1,31-15,,,
Lamp 21PCM whole wafer,2785,1585,-69625,-68155,54-00,,,64,6,19495.0,104610.0,1,32-10,,,
Lamp 21PCM whole wafer,2785,1585,-69625,-68155,54-00,,,64,7,22280.0,104610.0,1,32-11,,,
Lamp 21PCM whole wafer,2785,1585,-69625,-68155,54-00,,,64,8,25065.0,104610.0,1,32-12,,,
Lamp 21PCM whole wafer,2785,1585,-69625,-68155,54-00,,,64,9,27850.0,104610.0,1,32-13,,,
Lamp 21PCM whole wafer,2785,1585,-69625,-68155,54-00,,,64,10,30635.0,104610.0,1,32-14,,,
Lamp 21PCM whole wafer,2785,1585,-69625,-68155,54-00,,,64,11,33420.0,104610.0,1,32-15,,,
Lamp 21PCM whole wafer,2785,1585,-69625,-68155,54-00,,,64,12,36205.0,104610.0,1,33-10,,,
Lamp 21PCM whole wafer,2785,1585,-69625,-68155,54-00,,,64,13,38990.0,104610.0,1,33-11,,,
Lamp 21PCM whole wafer,2785,1585,-69625,-68155,54-00,,,64,14,41775.0,104610.0,1,33-12,,,
Lamp 21PCM whole wafer,2785,1585,-69625,-68155,54-00,,,64,15,44560.0,104610.0,1,33-13,,,
Lamp 21PCM whole wafer,2785,1585,-69625,-68155,54-00,,,64,16,47345.0,104610.0,1,33-14,,,
Lamp 21PCM whole wafer,2785,1585,-69625,-68155,54-00,,,64,17,50130.0,104610.0,1,33-15,,,
Lamp 21PCM whole wafer,2785,1585,-69625,-68155,54-00,,,64,18,52915.0,104610.0,1,34-10,,,
Lamp 21PCM whole wafer,2785,1585,-69625,-68155,54-00,,,64,19,55700.0,104610.0,1,34-11,,,
Lamp 21PCM whole wafer,2785,1585,-69625,-68155,54-00,,,64,20,58485.0,104610.0,1,34-12,,,
Lamp 21PCM whole wafer,2785,1585,-69625,-68155,54-00,,,64,21,61270.0,104610.0,1,34-13,,,
Lamp 21PCM whole wafer,2785,1585,-69625,-68155,54-00,,,64,22,64055.0,104610.0,1,34-14,,,
Lamp 21PCM whole wafer,2785,1585,-69625,-68155,54-00,,,64,23,66840.0,104610.0,1,34-15,,,
Lamp 21PCM whole wafer,2785,1585,-69625,-68155,54-00,,,64,24,69625.0,104610.0,1,35-10,,,
Lamp 21PCM whole wafer,2785,1585,-69625,-68155,54-00,,,64,25,72410.0,104610.0,1,35-11,,,
Lamp 21PCM whole wafer,2785,1585,-69625,-68155,54-00,,,64,26,75195.0,104610.0,1,35-12,,,
Lamp 21PCM whole wafer,2785,1585,-69625,-68155,54-00,,,64,27,77980.0,104610.0,1,35-13,,,
Lamp 21PCM whole wafer,2785,1585,-69625,-68155,54-00,,,64,28,80765.0,104610.0,1,35-14,,,
Lamp 21PCM whole wafer,2785,1585,-69625,-68155,54-00,,,64,29,83550.0,104610.0,1,35-15,,,
Lamp 21PCM whole wafer,2785,1585,-69625,-68155,54-00,,,64,30,86335.0,104610.0,1,36-10,,,
Lamp 21PCM whole wafer,2785,1585,-69625,-68155,54-00,,,64,31,89120.0,104610.0,1,36-11,,,
Lamp 21PCM whole wafer,2785,1585,-69625,-68155,54-00,,,64,32,91905.0,104610.0,1,36-12,,,
Lamp 21PCM whole wafer,2785,1585,-69625,-68155,54-00,,,64,33,94690.0,104610.0,1,36-13,,,
Lamp 21PCM whole wafer,2785,1585,-69625,-68155,54-00,,,64,34,97475.0,104610.0,1,36-14,,,
Lamp 21PCM whole wafer,2785,1585,-69625,-68155,54-00,,,64,35,100260.0,104610.0,1,36-15,,,
Lamp 21PCM whole wafer,2785,1585,-69625,-68155,54-00,,,64,36,103045.0,104610.0,1,37-10,,,
Lamp 21PCM whole wafer,2785,1585,-69625,-68155,54-00,,,64,37,105830.0,104610.0,1,37-11,,,
Lamp 21PCM whole wafer,2785,1585,-69625,-68155,54-00,,,64,38,108615.0,104610.0,1,37-12,,,
Lamp 21PCM whole wafer,2785,1585,-69625,-68155,54-00,,,64,39,111400.0,104610.0,1,37-13,,,
Lamp 21PCM whole wafer,2785,1585,-69625,-68155,54-00,,,64,40,114185.0,104610.0,1,37-14,,,
Lamp 21PCM whole wafer,2785,1585,-69625,-68155,54-00,,,64,41,116970.0,104610.0,1,37-15,,,
Lamp 21PCM whole wafer,2785,1585,-69625,-68155,54-00,,,64,42,119755.0,104610.0,1,38-10,,,
Lamp 21PCM whole wafer,2785,1585,-69625,-68155,54-00,,,64,43,122540.0,104610.0,1,38-11,,,
Lamp 21PCM whole wafer,2785,1585,-69625,-68155,54-00,,,65,43,122540.0,106195.0,1,38-01,,,
Lamp 21PCM whole wafer,2785,1585,-69625,-68155,54-00,,,65,42,119755.0,106195.0,1,38-00,,,
Lamp 21PCM whole wafer,2785,1585,-69625,-68155,54-00,,,65,41,116970.0,106195.0,1,37-05,,,
Lamp 21PCM whole wafer,2785,1585,-69625,-68155,54-00,,,65,40,114185.0,106195.0,1,37-04,,,
Lamp 21PCM whole wafer,2785,1585,-69625,-68155,54-00,,,65,39,111400.0,106195.0,1,37-03,,,
Lamp 21PCM whole wafer,2785,1585,-69625,-68155,54-00,,,65,37,105830.0,106195.0,1,37-01,,,
Lamp 21PCM whole wafer,2785,1585,-69625,-68155,54-00,,,65,36,103045.0,106195.0,1,37-00,,,
Lamp 21PCM whole wafer,2785,1585,-69625,-68155,54-00,,,65,35,100260.0,106195.0,1,36-05,,,
Lamp 21PCM whole wafer,2785,1585,-69625,-68155,54-00,,,65,34,97475.0,106195.0,1,36-04,,,
Lamp 21PCM whole wafer,2785,1585,-69625,-68155,54-00,,,65,33,94690.0,106195.0,1,36-03,,,
Lamp 21PCM whole wafer,2785,1585,-69625,-68155,54-00,,,65,32,91905.0,106195.0,1,36-02,,,
Lamp 21PCM whole wafer,2785,1585,-69625,-68155,54-00,,,65,31,89120.0,106195.0,1,36-01,,,
Lamp 21PCM whole wafer,2785,1585,-69625,-68155,54-00,,,65,30,86335.0,106195.0,1,36-00,,,
Lamp 21PCM whole wafer,2785,1585,-69625,-68155,54-00,,,65,29,83550.0,106195.0,1,35-05,,,
Lamp 21PCM whole wafer,2785,1585,-69625,-68155,54-00,,,65,28,80765.0,106195.0,1,35-04,,,
Lamp 21PCM whole wafer,2785,1585,-69625,-68155,54-00,,,65,27,77980.0,106195.0,1,35-03,,,
Lamp 21PCM whole wafer,2785,1585,-69625,-68155,54-00,,,65,25,72410.0,106195.0,1,35-01,,,
Lamp 21PCM whole wafer,2785,1585,-69625,-68155,54-00,,,65,24,69625.0,106195.0,1,35-00,,,
Lamp 21PCM whole wafer,2785,1585,-69625,-68155,54-00,,,65,23,66840.0,106195.0,1,34-05,,,
Lamp 21PCM whole wafer,2785,1585,-69625,-68155,54-00,,,65,22,64055.0,106195.0,1,34-04,,,
Lamp 21PCM whole wafer,2785,1585,-69625,-68155,54-00,,,65,21,61270.0,106195.0,1,34-03,,,
Lamp 21PCM whole wafer,2785,1585,-69625,-68155,54-00,,,65,20,58485.0,106195.0,1,34-02,,,
Lamp 21PCM whole wafer,2785,1585,-69625,-68155,54-00,,,65,19,55700.0,106195.0,1,34-01,,,
Lamp 21PCM whole wafer,2785,1585,-69625,-68155,54-00,,,65,18,52915.0,106195.0,1,34-00,,,
Lamp 21PCM whole wafer,2785,1585,-69625,-68155,54-00,,,65,17,50130.0,106195.0,1,33-05,,,
Lamp 21PCM whole wafer,2785,1585,-69625,-68155,54-00,,,65,16,47345.0,106195.0,1,33-04,,,
Lamp 21PCM whole wafer,2785,1585,-69625,-68155,54-00,,,65,15,44560.0,106195.0,1,33-03,,,
Lamp 21PCM whole wafer,2785,1585,-69625,-68155,54-00,,,65,13,38990.0,106195.0,1,33-01,,,
Lamp 21PCM whole wafer,2785,1585,-69625,-68155,54-00,,,65,12,36205.0,106195.0,1,33-00,,,
Lamp 21PCM whole wafer,2785,1585,-69625,-68155,54-00,,,65,11,33420.0,106195.0,1,32-05,,,
Lamp 21PCM whole wafer,2785,1585,-69625,-68155,54-00,,,65,10,30635.0,106195.0,1,32-04,,,
Lamp 21PCM whole wafer,2785,1585,-69625,-68155,54-00,,,65,9,27850.0,106195.0,1,32-03,,,
Lamp 21PCM whole wafer,2785,1585,-69625,-68155,54-00,,,65,8,25065.0,106195.0,1,32-02,,,
Lamp 21PCM whole wafer,2785,1585,-69625,-68155,54-00,,,65,7,22280.0,106195.0,1,32-01,,,
Lamp 21PCM whole wafer,2785,1585,-69625,-68155,54-00,,,65,6,19495.0,106195.0,1,32-00,,,
Lamp 21PCM whole wafer,2785,1585,-69625,-68155,54-00,,,65,5,16710.0,106195.0,1,31-05,,,
Lamp 21PCM whole wafer,2785,1585,-69625,-68155,54-00,,,65,4,13925.0,106195.0,1,31-04,,,
Lamp 21PCM whole wafer,2785,1585,-69625,-68155,54-00,,,66,5,16710.0,107780.0,1,21-75,,,
Lamp 21PCM whole wafer,2785,1585,-69625,-68155,54-00,,,66,6,19495.0,107780.0,1,22-70,,,
Lamp 21PCM whole wafer,2785,1585,-69625,-68155,54-00,,,66,7,22280.0,107780.0,1,22-71,,,
Lamp 21PCM whole wafer,2785,1585,-69625,-68155,54-00,,,66,8,25065.0,107780.0,1,22-72,,,
Lamp 21PCM whole wafer,2785,1585,-69625,-68155,54-00,,,66,9,27850.0,107780.0,1,22-73,,,
Lamp 21PCM whole wafer,2785,1585,-69625,-68155,54-00,,,66,10,30635.0,107780.0,1,22-74,,,
Lamp 21PCM whole wafer,2785,1585,-69625,-68155,54-00,,,66,11,33420.0,107780.0,1,22-75,,,
Lamp 21PCM whole wafer,2785,1585,-69625,-68155,54-00,,,66,12,36205.0,107780.0,1,23-70,,,
Lamp 21PCM whole wafer,2785,1585,-69625,-68155,54-00,,,66,13,38990.0,107780.0,1,23-71,,,
Lamp 21PCM whole wafer,2785,1585,-69625,-68155,54-00,,,66,14,41775.0,107780.0,1,23-72,,,
Lamp 21PCM whole wafer,2785,1585,-69625,-68155,54-00,,,66,15,44560.0,107780.0,1,23-73,,,
Lamp 21PCM whole wafer,2785,1585,-69625,-68155,54-00,,,66,16,47345.0,107780.0,1,23-74,,,
Lamp 21PCM whole wafer,2785,1585,-69625,-68155,54-00,,,66,17,50130.0,107780.0,1,23-75,,,
Lamp 21PCM whole wafer,2785,1585,-69625,-68155,54-00,,,66,18,52915.0,107780.0,1,24-70,,,
Lamp 21PCM whole wafer,2785,1585,-69625,-68155,54-00,,,66,19,55700.0,107780.0,1,24-71,,,
Lamp 21PCM whole wafer,2785,1585,-69625,-68155,54-00,,,66,20,58485.0,107780.0,1,24-72,,,
Lamp 21PCM whole wafer,2785,1585,-69625,-68155,54-00,,,66,21,61270.0,107780.0,1,24-73,,,
Lamp 21PCM whole wafer,2785,1585,-69625,-68155,54-00,,,66,22,64055.0,107780.0,1,24-74,,,
Lamp 21PCM whole wafer,2785,1585,-69625,-68155,54-00,,,66,23,66840.0,107780.0,1,24-75,,,
Lamp 21PCM whole wafer,2785,1585,-69625,-68155,54-00,,,66,24,69625.0,107780.0,1,25-70,,,
Lamp 21PCM whole wafer,2785,1585,-69625,-68155,54-00,,,66,25,72410.0,107780.0,1,25-71,,,
Lamp 21PCM whole wafer,2785,1585,-69625,-68155,54-00,,,66,26,75195.0,107780.0,1,25-72,,,
Lamp 21PCM whole wafer,2785,1585,-69625,-68155,54-00,,,66,27,77980.0,107780.0,1,25-73,,,
Lamp 21PCM whole wafer,2785,1585,-69625,-68155,54-00,,,66,28,80765.0,107780.0,1,25-74,,,
Lamp 21PCM whole wafer,2785,1585,-69625,-68155,54-00,,,66,29,83550.0,107780.0,1,25-75,,,
Lamp 21PCM whole wafer,2785,1585,-69625,-68155,54-00,,,66,30,86335.0,107780.0,1,26-70,,,
Lamp 21PCM whole wafer,2785,1585,-69625,-68155,54-00,,,66,31,89120.0,107780.0,1,26-71,,,
Lamp 21PCM whole wafer,2785,1585,-69625,-68155,54-00,,,66,32,91905.0,107780.0,1,26-72,,,
Lamp 21PCM whole wafer,2785,1585,-69625,-68155,54-00,,,66,33,94690.0,107780.0,1,26-73,,,
Lamp 21PCM whole wafer,2785,1585,-69625,-68155,54-00,,,66,34,97475.0,107780.0,1,26-74,,,
Lamp 21PCM whole wafer,2785,1585,-69625,-68155,54-00,,,66,35,100260.0,107780.0,1,26-75,,,
Lamp 21PCM whole wafer,2785,1585,-69625,-68155,54-00,,,66,36,103045.0,107780.0,1,27-70,,,
Lamp 21PCM whole wafer,2785,1585,-69625,-68155,54-00,,,66,37,105830.0,107780.0,1,27-71,,,
Lamp 21PCM whole wafer,2785,1585,-69625,-68155,54-00,,,66,38,108615.0,107780.0,1,27-72,,,
Lamp 21PCM whole wafer,2785,1585,-69625,-68155,54-00,,,66,39,111400.0,107780.0,1,27-73,,,
Lamp 21PCM whole wafer,2785,1585,-69625,-68155,54-00,,,66,40,114185.0,107780.0,1,27-74,,,
Lamp 21PCM whole wafer,2785,1585,-69625,-68155,54-00,,,66,41,116970.0,107780.0,1,27-75,,,
Lamp 21PCM whole wafer,2785,1585,-69625,-68155,54-00,,,66,42,119755.0,107780.0,1,28-70,,,
Lamp 21PCM whole wafer,2785,1585,-69625,-68155,54-00,,,67,42,119755.0,109365.0,1,28-60,,,
Lamp 21PCM whole wafer,2785,1585,-69625,-68155,54-00,,,67,41,116970.0,109365.0,1,27-65,,,
Lamp 21PCM whole wafer,2785,1585,-69625,-68155,54-00,,,67,40,114185.0,109365.0,1,27-64,,,
Lamp 21PCM whole wafer,2785,1585,-69625,-68155,54-00,,,67,39,111400.0,109365.0,1,27-63,,,
Lamp 21PCM whole wafer,2785,1585,-69625,-68155,54-00,,,67,38,108615.0,109365.0,1,27-62,,,
Lamp 21PCM whole wafer,2785,1585,-69625,-68155,54-00,,,67,37,105830.0,109365.0,1,27-61,,,
Lamp 21PCM whole wafer,2785,1585,-69625,-68155,54-00,,,67,36,103045.0,109365.0,1,27-60,,,
Lamp 21PCM whole wafer,2785,1585,-69625,-68155,54-00,,,67,35,100260.0,109365.0,1,26-65,,,
Lamp 21PCM whole wafer,2785,1585,-69625,-68155,54-00,,,67,34,97475.0,109365.0,1,26-64,,,
Lamp 21PCM whole wafer,2785,1585,-69625,-68155,54-00,,,67,33,94690.0,109365.0,1,26-63,,,
Lamp 21PCM whole wafer,2785,1585,-69625,-68155,54-00,,,67,32,91905.0,109365.0,1,26-62,,,
Lamp 21PCM whole wafer,2785,1585,-69625,-68155,54-00,,,67,31,89120.0,109365.0,1,26-61,,,
Lamp 21PCM whole wafer,2785,1585,-69625,-68155,54-00,,,67,30,86335.0,109365.0,1,26-60,,,
Lamp 21PCM whole wafer,2785,1585,-69625,-68155,54-00,,,67,29,83550.0,109365.0,1,25-65,,,
Lamp 21PCM whole wafer,2785,1585,-69625,-68155,54-00,,,67,28,80765.0,109365.0,1,25-64,,,
Lamp 21PCM whole wafer,2785,1585,-69625,-68155,54-00,,,67,27,77980.0,109365.0,1,25-63,,,
Lamp 21PCM whole wafer,2785,1585,-69625,-68155,54-00,,,67,26,75195.0,109365.0,1,25-62,,,
Lamp 21PCM whole wafer,2785,1585,-69625,-68155,54-00,,,67,25,72410.0,109365.0,1,25-61,,,
Lamp 21PCM whole wafer,2785,1585,-69625,-68155,54-00,,,67,24,69625.0,109365.0,1,25-60,,,
Lamp 21PCM whole wafer,2785,1585,-69625,-68155,54-00,,,67,23,66840.0,109365.0,1,24-65,,,
Lamp 21PCM whole wafer,2785,1585,-69625,-68155,54-00,,,67,22,64055.0,109365.0,1,24-64,,,
Lamp 21PCM whole wafer,2785,1585,-69625,-68155,54-00,,,67,21,61270.0,109365.0,1,24-63,,,
Lamp 21PCM whole wafer,2785,1585,-69625,-68155,54-00,,,67,20,58485.0,109365.0,1,24-62,,,
Lamp 21PCM whole wafer,2785,1585,-69625,-68155,54-00,,,67,19,55700.0,109365.0,1,24-61,,,
Lamp 21PCM whole wafer,2785,1585,-69625,-68155,54-00,,,67,18,52915.0,109365.0,1,24-60,,,
Lamp 21PCM whole wafer,2785,1585,-69625,-68155,54-00,,,67,17,50130.0,109365.0,1,23-65,,,
Lamp 21PCM whole wafer,2785,1585,-69625,-68155,54-00,,,67,16,47345.0,109365.0,1,23-64,,,
Lamp 21PCM whole wafer,2785,1585,-69625,-68155,54-00,,,67,15,44560.0,109365.0,1,23-63,,,
Lamp 21PCM whole wafer,2785,1585,-69625,-68155,54-00,,,67,14,41775.0,109365.0,1,23-62,,,
Lamp 21PCM whole wafer,2785,1585,-69625,-68155,54-00,,,67,13,38990.0,109365.0,1,23-61,,,
Lamp 21PCM whole wafer,2785,1585,-69625,-68155,54-00,,,67,12,36205.0,109365.0,1,23-60,,,
Lamp 21PCM whole wafer,2785,1585,-69625,-68155,54-00,,,67,11,33420.0,109365.0,1,22-65,,,
Lamp 21PCM whole wafer,2785,1585,-69625,-68155,54-00,,,67,10,30635.0,109365.0,1,22-64,,,
Lamp 21PCM whole wafer,2785,1585,-69625,-68155,54-00,,,67,9,27850.0,109365.0,1,22-63,,,
Lamp 21PCM whole wafer,2785,1585,-69625,-68155,54-00,,,67,8,25065.0,109365.0,1,22-62,,,
Lamp 21PCM whole wafer,2785,1585,-69625,-68155,54-00,,,67,7,22280.0,109365.0,1,22-61,,,
Lamp 21PCM whole wafer,2785,1585,-69625,-68155,54-00,,,67,6,19495.0,109365.0,1,22-60,,,
Lamp 21PCM whole wafer,2785,1585,-69625,-68155,54-00,,,67,5,16710.0,109365.0,1,21-65,,,
Lamp 21PCM whole wafer,2785,1585,-69625,-68155,54-00,,,68,6,19495.0,110950.0,1,22-50,,,
Lamp 21PCM whole wafer,2785,1585,-69625,-68155,54-00,,,68,7,22280.0,110950.0,1,22-51,,,
Lamp 21PCM whole wafer,2785,1585,-69625,-68155,54-00,,,68,8,25065.0,110950.0,1,22-52,,,
Lamp 21PCM whole wafer,2785,1585,-69625,-68155,54-00,,,68,9,27850.0,110950.0,1,22-53,,,
Lamp 21PCM whole wafer,2785,1585,-69625,-68155,54-00,,,68,10,30635.0,110950.0,1,22-54,,,
Lamp 21PCM whole wafer,2785,1585,-69625,-68155,54-00,,,68,11,33420.0,110950.0,1,22-55,,,
Lamp 21PCM whole wafer,2785,1585,-69625,-68155,54-00,,,68,12,36205.0,110950.0,1,23-50,,,
Lamp 21PCM whole wafer,2785,1585,-69625,-68155,54-00,,,68,13,38990.0,110950.0,1,23-51,,,
Lamp 21PCM whole wafer,2785,1585,-69625,-68155,54-00,,,68,14,41775.0,110950.0,1,23-52,,,
Lamp 21PCM whole wafer,2785,1585,-69625,-68155,54-00,,,68,15,44560.0,110950.0,1,23-53,,,
Lamp 21PCM whole wafer,2785,1585,-69625,-68155,54-00,,,68,16,47345.0,110950.0,1,23-54,,,
Lamp 21PCM whole wafer,2785,1585,-69625,-68155,54-00,,,68,17,50130.0,110950.0,1,23-55,,,
Lamp 21PCM whole wafer,2785,1585,-69625,-68155,54-00,,,68,18,52915.0,110950.0,1,24-50,,,
Lamp 21PCM whole wafer,2785,1585,-69625,-68155,54-00,,,68,19,55700.0,110950.0,1,24-51,,,
Lamp 21PCM whole wafer,2785,1585,-69625,-68155,54-00,,,68,20,58485.0,110950.0,1,24-52,,,
Lamp 21PCM whole wafer,2785,1585,-69625,-68155,54-00,,,68,21,61270.0,110950.0,1,24-53,,,
Lamp 21PCM whole wafer,2785,1585,-69625,-68155,54-00,,,68,22,64055.0,110950.0,1,24-54,,,
Lamp 21PCM whole wafer,2785,1585,-69625,-68155,54-00,,,68,23,66840.0,110950.0,1,24-55,,,
Lamp 21PCM whole wafer,2785,1585,-69625,-68155,54-00,,,68,24,69625.0,110950.0,1,25-50,,,
Lamp 21PCM whole wafer,2785,1585,-69625,-68155,54-00,,,68,25,72410.0,110950.0,1,25-51,,,
Lamp 21PCM whole wafer,2785,1585,-69625,-68155,54-00,,,68,26,75195.0,110950.0,1,25-52,,,
Lamp 21PCM whole wafer,2785,1585,-69625,-68155,54-00,,,68,27,77980.0,110950.0,1,25-53,,,
Lamp 21PCM whole wafer,2785,1585,-69625,-68155,54-00,,,68,28,80765.0,110950.0,1,25-54,,,
Lamp 21PCM whole wafer,2785,1585,-69625,-68155,54-00,,,68,29,83550.0,110950.0,1,25-55,,,
Lamp 21PCM whole wafer,2785,1585,-69625,-68155,54-00,,,68,30,86335.0,110950.0,1,26-50,,,
Lamp 21PCM whole wafer,2785,1585,-69625,-68155,54-00,,,68,31,89120.0,110950.0,1,26-51,,,
Lamp 21PCM whole wafer,2785,1585,-69625,-68155,54-00,,,68,32,91905.0,110950.0,1,26-52,,,
Lamp 21PCM whole wafer,2785,1585,-69625,-68155,54-00,,,68,33,94690.0,110950.0,1,26-53,,,
Lamp 21PCM whole wafer,2785,1585,-69625,-68155,54-00,,,68,34,97475.0,110950.0,1,26-54,,,
Lamp 21PCM whole wafer,2785,1585,-69625,-68155,54-00,,,68,35,100260.0,110950.0,1,26-55,,,
Lamp 21PCM whole wafer,2785,1585,-69625,-68155,54-00,,,68,36,103045.0,110950.0,1,27-50,,,
Lamp 21PCM whole wafer,2785,1585,-69625,-68155,54-00,,,68,37,105830.0,110950.0,1,27-51,,,
Lamp 21PCM whole wafer,2785,1585,-69625,-68155,54-00,,,68,38,108615.0,110950.0,1,27-52,,,
Lamp 21PCM whole wafer,2785,1585,-69625,-68155,54-00,,,68,39,111400.0,110950.0,1,27-53,,,
Lamp 21PCM whole wafer,2785,1585,-69625,-68155,54-00,,,68,40,114185.0,110950.0,1,27-54,,,
Lamp 21PCM whole wafer,2785,1585,-69625,-68155,54-00,,,68,41,116970.0,110950.0,1,27-55,,,
Lamp 21PCM whole wafer,2785,1585,-69625,-68155,54-00,,,69,41,116970.0,112535.0,1,27-45,,,
Lamp 21PCM whole wafer,2785,1585,-69625,-68155,54-00,,,69,40,114185.0,112535.0,1,27-44,,,
Lamp 21PCM whole wafer,2785,1585,-69625,-68155,54-00,,,69,39,111400.0,112535.0,1,27-43,,,
Lamp 21PCM whole wafer,2785,1585,-69625,-68155,54-00,,,69,38,108615.0,112535.0,1,27-42,,,
Lamp 21PCM whole wafer,2785,1585,-69625,-68155,54-00,,,69,37,105830.0,112535.0,1,27-41,,,
Lamp 21PCM whole wafer,2785,1585,-69625,-68155,54-00,,,69,36,103045.0,112535.0,1,27-40,,,
Lamp 21PCM whole wafer,2785,1585,-69625,-68155,54-00,,,69,35,100260.0,112535.0,1,26-45,,,
Lamp 21PCM whole wafer,2785,1585,-69625,-68155,54-00,,,69,34,97475.0,112535.0,1,26-44,,,
Lamp 21PCM whole wafer,2785,1585,-69625,-68155,54-00,,,69,33,94690.0,112535.0,1,26-43,,,
Lamp 21PCM whole wafer,2785,1585,-69625,-68155,54-00,,,69,32,91905.0,112535.0,1,26-42,,,
Lamp 21PCM whole wafer,2785,1585,-69625,-68155,54-00,,,69,31,89120.0,112535.0,1,26-41,,,
Lamp 21PCM whole wafer,2785,1585,-69625,-68155,54-00,,,69,30,86335.0,112535.0,1,26-40,,,
Lamp 21PCM whole wafer,2785,1585,-69625,-68155,54-00,,,69,29,83550.0,112535.0,1,25-45,,,
Lamp 21PCM whole wafer,2785,1585,-69625,-68155,54-00,,,69,28,80765.0,112535.0,1,25-44,,,
Lamp 21PCM whole wafer,2785,1585,-69625,-68155,54-00,,,69,27,77980.0,112535.0,1,25-43,,,
Lamp 21PCM whole wafer,2785,1585,-69625,-68155,54-00,,,69,26,75195.0,112535.0,1,25-42,,,
Lamp 21PCM whole wafer,2785,1585,-69625,-68155,54-00,,,69,25,72410.0,112535.0,1,25-41,,,
Lamp 21PCM whole wafer,2785,1585,-69625,-68155,54-00,,,69,24,69625.0,112535.0,1,25-40,,,
Lamp 21PCM whole wafer,2785,1585,-69625,-68155,54-00,,,69,23,66840.0,112535.0,1,24-45,,,
Lamp 21PCM whole wafer,2785,1585,-69625,-68155,54-00,,,69,22,64055.0,112535.0,1,24-44,,,
Lamp 21PCM whole wafer,2785,1585,-69625,-68155,54-00,,,69,21,61270.0,112535.0,1,24-43,,,
Lamp 21PCM whole wafer,2785,1585,-69625,-68155,54-00,,,69,20,58485.0,112535.0,1,24-42,,,
Lamp 21PCM whole wafer,2785,1585,-69625,-68155,54-00,,,69,19,55700.0,112535.0,1,24-41,,,
Lamp 21PCM whole wafer,2785,1585,-69625,-68155,54-00,,,69,18,52915.0,112535.0,1,24-40,,,
Lamp 21PCM whole wafer,2785,1585,-69625,-68155,54-00,,,69,17,50130.0,112535.0,1,23-45,,,
Lamp 21PCM whole wafer,2785,1585,-69625,-68155,54-00,,,69,16,47345.0,112535.0,1,23-44,,,
Lamp 21PCM whole wafer,2785,1585,-69625,-68155,54-00,,,69,15,44560.0,112535.0,1,23-43,,,
Lamp 21PCM whole wafer,2785,1585,-69625,-68155,54-00,,,69,14,41775.0,112535.0,1,23-42,,,
Lamp 21PCM whole wafer,2785,1585,-69625,-68155,54-00,,,69,13,38990.0,112535.0,1,23-41,,,
Lamp 21PCM whole wafer,2785,1585,-69625,-68155,54-00,,,69,12,36205.0,112535.0,1,23-40,,,
Lamp 21PCM whole wafer,2785,1585,-69625,-68155,54-00,,,69,11,33420.0,112535.0,1,22-45,,,
Lamp 21PCM whole wafer,2785,1585,-69625,-68155,54-00,,,69,10,30635.0,112535.0,1,22-44,,,
Lamp 21PCM whole wafer,2785,1585,-69625,-68155,54-00,,,69,9,27850.0,112535.0,1,22-43,,,
Lamp 21PCM whole wafer,2785,1585,-69625,-68155,54-00,,,69,8,25065.0,112535.0,1,22-42,,,
Lamp 21PCM whole wafer,2785,1585,-69625,-68155,54-00,,,69,7,22280.0,112535.0,1,22-41,,,
Lamp 21PCM whole wafer,2785,1585,-69625,-68155,54-00,,,69,6,19495.0,112535.0,1,22-40,,,
Lamp 21PCM whole wafer,2785,1585,-69625,-68155,54-00,,,70,7,22280.0,114120.0,1,22-31,,,
Lamp 21PCM whole wafer,2785,1585,-69625,-68155,54-00,,,70,8,25065.0,114120.0,1,22-32,,,
Lamp 21PCM whole wafer,2785,1585,-69625,-68155,54-00,,,70,9,27850.0,114120.0,1,22-33,,,
Lamp 21PCM whole wafer,2785,1585,-69625,-68155,54-00,,,70,10,30635.0,114120.0,1,22-34,,,
Lamp 21PCM whole wafer,2785,1585,-69625,-68155,54-00,,,70,11,33420.0,114120.0,1,22-35,,,
Lamp 21PCM whole wafer,2785,1585,-69625,-68155,54-00,,,70,12,36205.0,114120.0,1,23-30,,,
Lamp 21PCM whole wafer,2785,1585,-69625,-68155,54-00,,,70,13,38990.0,114120.0,1,23-31,,,
Lamp 21PCM whole wafer,2785,1585,-69625,-68155,54-00,,,70,14,41775.0,114120.0,1,23-32,,,
Lamp 21PCM whole wafer,2785,1585,-69625,-68155,54-00,,,70,15,44560.0,114120.0,1,23-33,,,
Lamp 21PCM whole wafer,2785,1585,-69625,-68155,54-00,,,70,16,47345.0,114120.0,1,23-34,,,
Lamp 21PCM whole wafer,2785,1585,-69625,-68155,54-00,,,70,17,50130.0,114120.0,1,23-35,,,
Lamp 21PCM whole wafer,2785,1585,-69625,-68155,54-00,,,70,18,52915.0,114120.0,1,24-30,,,
Lamp 21PCM whole wafer,2785,1585,-69625,-68155,54-00,,,70,19,55700.0,114120.0,1,24-31,,,
Lamp 21PCM whole wafer,2785,1585,-69625,-68155,54-00,,,70,20,58485.0,114120.0,1,24-32,,,
Lamp 21PCM whole wafer,2785,1585,-69625,-68155,54-00,,,70,21,61270.0,114120.0,1,24-33,,,
Lamp 21PCM whole wafer,2785,1585,-69625,-68155,54-00,,,70,22,64055.0,114120.0,1,24-34,,,
Lamp 21PCM whole wafer,2785,1585,-69625,-68155,54-00,,,70,23,66840.0,114120.0,1,24-35,,,
Lamp 21PCM whole wafer,2785,1585,-69625,-68155,54-00,,,70,24,69625.0,114120.0,1,25-30,,,
Lamp 21PCM whole wafer,2785,1585,-69625,-68155,54-00,,,70,25,72410.0,114120.0,1,25-31,,,
Lamp 21PCM whole wafer,2785,1585,-69625,-68155,54-00,,,70,26,75195.0,114120.0,1,25-32,,,
Lamp 21PCM whole wafer,2785,1585,-69625,-68155,54-00,,,70,27,77980.0,114120.0,1,25-33,,,
Lamp 21PCM whole wafer,2785,1585,-69625,-68155,54-00,,,70,28,80765.0,114120.0,1,25-34,,,
Lamp 21PCM whole wafer,2785,1585,-69625,-68155,54-00,,,70,29,83550.0,114120.0,1,25-35,,,
Lamp 21PCM whole wafer,2785,1585,-69625,-68155,54-00,,,70,30,86335.0,114120.0,1,26-30,,,
Lamp 21PCM whole wafer,2785,1585,-69625,-68155,54-00,,,70,31,89120.0,114120.0,1,26-31,,,
Lamp 21PCM whole wafer,2785,1585,-69625,-68155,54-00,,,70,32,91905.0,114120.0,1,26-32,,,
Lamp 21PCM whole wafer,2785,1585,-69625,-68155,54-00,,,70,33,94690.0,114120.0,1,26-33,,,
Lamp 21PCM whole wafer,2785,1585,-69625,-68155,54-00,,,70,34,97475.0,114120.0,1,26-34,,,
Lamp 21PCM whole wafer,2785,1585,-69625,-68155,54-00,,,70,35,100260.0,114120.0,1,26-35,,,
Lamp 21PCM whole wafer,2785,1585,-69625,-68155,54-00,,,70,36,103045.0,114120.0,1,27-30,,,
Lamp 21PCM whole wafer,2785,1585,-69625,-68155,54-00,,,70,37,105830.0,114120.0,1,27-31,,,
Lamp 21PCM whole wafer,2785,1585,-69625,-68155,54-00,,,70,38,108615.0,114120.0,1,27-32,,,
Lamp 21PCM whole wafer,2785,1585,-69625,-68155,54-00,,,70,39,111400.0,114120.0,1,27-33,,,
Lamp 21PCM whole wafer,2785,1585,-69625,-68155,54-00,,,70,40,114185.0,114120.0,1,27-34,,,
Lamp 21PCM whole wafer,2785,1585,-69625,-68155,54-00,,,71,40,114185.0,115705.0,1,27-24,,,
Lamp 21PCM whole wafer,2785,1585,-69625,-68155,54-00,,,71,39,111400.0,115705.0,1,27-23,,,
Lamp 21PCM whole wafer,2785,1585,-69625,-68155,54-00,,,71,38,108615.0,115705.0,1,27-22,,,
Lamp 21PCM whole wafer,2785,1585,-69625,-68155,54-00,,,71,37,105830.0,115705.0,1,27-21,,,
Lamp 21PCM whole wafer,2785,1585,-69625,-68155,54-00,,,71,36,103045.0,115705.0,1,27-20,,,
Lamp 21PCM whole wafer,2785,1585,-69625,-68155,54-00,,,71,35,100260.0,115705.0,1,26-25,,,
Lamp 21PCM whole wafer,2785,1585,-69625,-68155,54-00,,,71,34,97475.0,115705.0,1,26-24,,,
Lamp 21PCM whole wafer,2785,1585,-69625,-68155,54-00,,,71,33,94690.0,115705.0,1,26-23,,,
Lamp 21PCM whole wafer,2785,1585,-69625,-68155,54-00,,,71,32,91905.0,115705.0,1,26-22,,,
Lamp 21PCM whole wafer,2785,1585,-69625,-68155,54-00,,,71,31,89120.0,115705.0,1,26-21,,,
Lamp 21PCM whole wafer,2785,1585,-69625,-68155,54-00,,,71,30,86335.0,115705.0,1,26-20,,,
Lamp 21PCM whole wafer,2785,1585,-69625,-68155,54-00,,,71,29,83550.0,115705.0,1,25-25,,,
Lamp 21PCM whole wafer,2785,1585,-69625,-68155,54-00,,,71,28,80765.0,115705.0,1,25-24,,,
Lamp 21PCM whole wafer,2785,1585,-69625,-68155,54-00,,,71,27,77980.0,115705.0,1,25-23,,,
Lamp 21PCM whole wafer,2785,1585,-69625,-68155,54-00,,,71,26,75195.0,115705.0,1,25-22,,,
Lamp 21PCM whole wafer,2785,1585,-69625,-68155,54-00,,,71,25,72410.0,115705.0,1,25-21,,,
Lamp 21PCM whole wafer,2785,1585,-69625,-68155,54-00,,,71,24,69625.0,115705.0,1,25-20,,,
Lamp 21PCM whole wafer,2785,1585,-69625,-68155,54-00,,,71,23,66840.0,115705.0,1,24-25,,,
Lamp 21PCM whole wafer,2785,1585,-69625,-68155,54-00,,,71,22,64055.0,115705.0,1,24-24,,,
Lamp 21PCM whole wafer,2785,1585,-69625,-68155,54-00,,,71,21,61270.0,115705.0,1,24-23,,,
Lamp 21PCM whole wafer,2785,1585,-69625,-68155,54-00,,,71,20,58485.0,115705.0,1,24-22,,,
Lamp 21PCM whole wafer,2785,1585,-69625,-68155,54-00,,,71,19,55700.0,115705.0,1,24-21,,,
Lamp 21PCM whole wafer,2785,1585,-69625,-68155,54-00,,,71,18,52915.0,115705.0,1,24-20,,,
Lamp 21PCM whole wafer,2785,1585,-69625,-68155,54-00,,,71,17,50130.0,115705.0,1,23-25,,,
Lamp 21PCM whole wafer,2785,1585,-69625,-68155,54-00,,,71,16,47345.0,115705.0,1,23-24,,,
Lamp 21PCM whole wafer,2785,1585,-69625,-68155,54-00,,,71,15,44560.0,115705.0,1,23-23,,,
Lamp 21PCM whole wafer,2785,1585,-69625,-68155,54-00,,,71,14,41775.0,115705.0,1,23-22,,,
Lamp 21PCM whole wafer,2785,1585,-69625,-68155,54-00,,,71,13,38990.0,115705.0,1,23-21,,,
Lamp 21PCM whole wafer,2785,1585,-69625,-68155,54-00,,,71,12,36205.0,115705.0,1,23-20,,,
Lamp 21PCM whole wafer,2785,1585,-69625,-68155,54-00,,,71,11,33420.0,115705.0,1,22-25,,,
Lamp 21PCM whole wafer,2785,1585,-69625,-68155,54-00,,,71,10,30635.0,115705.0,1,22-24,,,
Lamp 21PCM whole wafer,2785,1585,-69625,-68155,54-00,,,71,9,27850.0,115705.0,1,22-23,,,
Lamp 21PCM whole wafer,2785,1585,-69625,-68155,54-00,,,71,8,25065.0,115705.0,1,22-22,,,
Lamp 21PCM whole wafer,2785,1585,-69625,-68155,54-00,,,71,7,22280.0,115705.0,1,22-21,,,
Lamp 21PCM whole wafer,2785,1585,-69625,-68155,54-00,,,72,8,25065.0,117290.0,1,22-12,,,
Lamp 21PCM whole wafer,2785,1585,-69625,-68155,54-00,,,72,9,27850.0,117290.0,1,22-13,,,
Lamp 21PCM whole wafer,2785,1585,-69625,-68155,54-00,,,72,10,30635.0,117290.0,1,22-14,,,
Lamp 21PCM whole wafer,2785,1585,-69625,-68155,54-00,,,72,11,33420.0,117290.0,1,22-15,,,
Lamp 21PCM whole wafer,2785,1585,-69625,-68155,54-00,,,72,12,36205.0,117290.0,1,23-10,,,
Lamp 21PCM whole wafer,2785,1585,-69625,-68155,54-00,,,72,13,38990.0,117290.0,1,23-11,,,
Lamp 21PCM whole wafer,2785,1585,-69625,-68155,54-00,,,72,14,41775.0,117290.0,1,23-12,,,
Lamp 21PCM whole wafer,2785,1585,-69625,-68155,54-00,,,72,15,44560.0,117290.0,1,23-13,,,
Lamp 21PCM whole wafer,2785,1585,-69625,-68155,54-00,,,72,16,47345.0,117290.0,1,23-14,,,
Lamp 21PCM whole wafer,2785,1585,-69625,-68155,54-00,,,72,17,50130.0,117290.0,1,23-15,,,
Lamp 21PCM whole wafer,2785,1585,-69625,-68155,54-00,,,72,18,52915.0,117290.0,1,24-10,,,
Lamp 21PCM whole wafer,2785,1585,-69625,-68155,54-00,,,72,19,55700.0,117290.0,1,24-11,,,
Lamp 21PCM whole wafer,2785,1585,-69625,-68155,54-00,,,72,20,58485.0,117290.0,1,24-12,,,
Lamp 21PCM whole wafer,2785,1585,-69625,-68155,54-00,,,72,21,61270.0,117290.0,1,24-13,,,
Lamp 21PCM whole wafer,2785,1585,-69625,-68155,54-00,,,72,22,64055.0,117290.0,1,24-14,,,
Lamp 21PCM whole wafer,2785,1585,-69625,-68155,54-00,,,72,23,66840.0,117290.0,1,24-15,,,
Lamp 21PCM whole wafer,2785,1585,-69625,-68155,54-00,,,72,24,69625.0,117290.0,1,25-10,,,
Lamp 21PCM whole wafer,2785,1585,-69625,-68155,54-00,,,72,25,72410.0,117290.0,1,25-11,,,
Lamp 21PCM whole wafer,2785,1585,-69625,-68155,54-00,,,72,26,75195.0,117290.0,1,25-12,,,
Lamp 21PCM whole wafer,2785,1585,-69625,-68155,54-00,,,72,27,77980.0,117290.0,1,25-13,,,
Lamp 21PCM whole wafer,2785,1585,-69625,-68155,54-00,,,72,28,80765.0,117290.0,1,25-14,,,
Lamp 21PCM whole wafer,2785,1585,-69625,-68155,54-00,,,72,29,83550.0,117290.0,1,25-15,,,
Lamp 21PCM whole wafer,2785,1585,-69625,-68155,54-00,,,72,30,86335.0,117290.0,1,26-10,,,
Lamp 21PCM whole wafer,2785,1585,-69625,-68155,54-00,,,72,31,89120.0,117290.0,1,26-11,,,
Lamp 21PCM whole wafer,2785,1585,-69625,-68155,54-00,,,72,32,91905.0,117290.0,1,26-12,,,
Lamp 21PCM whole wafer,2785,1585,-69625,-68155,54-00,,,72,33,94690.0,117290.0,1,26-13,,,
Lamp 21PCM whole wafer,2785,1585,-69625,-68155,54-00,,,72,34,97475.0,117290.0,1,26-14,,,
Lamp 21PCM whole wafer,2785,1585,-69625,-68155,54-00,,,72,35,100260.0,117290.0,1,26-15,,,
Lamp 21PCM whole wafer,2785,1585,-69625,-68155,54-00,,,72,36,103045.0,117290.0,1,27-10,,,
Lamp 21PCM whole wafer,2785,1585,-69625,-68155,54-00,,,72,37,105830.0,117290.0,1,27-11,,,
Lamp 21PCM whole wafer,2785,1585,-69625,-68155,54-00,,,72,38,108615.0,117290.0,1,27-12,,,
Lamp 21PCM whole wafer,2785,1585,-69625,-68155,54-00,,,72,39,111400.0,117290.0,1,27-13,,,
Lamp 21PCM whole wafer,2785,1585,-69625,-68155,54-00,,,73,39,111400.0,118875.0,1,27-03,,,
Lamp 21PCM whole wafer,2785,1585,-69625,-68155,54-00,,,73,38,108615.0,118875.0,1,27-02,,,
Lamp 21PCM whole wafer,2785,1585,-69625,-68155,54-00,,,73,37,105830.0,118875.0,1,27-01,,,
Lamp 21PCM whole wafer,2785,1585,-69625,-68155,54-00,,,73,36,103045.0,118875.0,1,27-00,,,
Lamp 21PCM whole wafer,2785,1585,-69625,-68155,54-00,,,73,35,100260.0,118875.0,1,26-05,,,
Lamp 21PCM whole wafer,2785,1585,-69625,-68155,54-00,,,73,34,97475.0,118875.0,1,26-04,,,
Lamp 21PCM whole wafer,2785,1585,-69625,-68155,54-00,,,73,33,94690.0,118875.0,1,26-03,,,
Lamp 21PCM whole wafer,2785,1585,-69625,-68155,54-00,,,73,32,91905.0,118875.0,1,26-02,,,
Lamp 21PCM whole wafer,2785,1585,-69625,-68155,54-00,,,73,31,89120.0,118875.0,1,26-01,,,
Lamp 21PCM whole wafer,2785,1585,-69625,-68155,54-00,,,73,30,86335.0,118875.0,1,26-00,,,
Lamp 21PCM whole wafer,2785,1585,-69625,-68155,54-00,,,73,29,83550.0,118875.0,1,25-05,,,
Lamp 21PCM whole wafer,2785,1585,-69625,-68155,54-00,,,73,28,80765.0,118875.0,1,25-04,,,
Lamp 21PCM whole wafer,2785,1585,-69625,-68155,54-00,,,73,27,77980.0,118875.0,1,25-03,,,
Lamp 21PCM whole wafer,2785,1585,-69625,-68155,54-00,,,73,26,75195.0,118875.0,1,25-02,,,
Lamp 21PCM whole wafer,2785,1585,-69625,-68155,54-00,,,73,25,72410.0,118875.0,1,25-01,,,
Lamp 21PCM whole wafer,2785,1585,-69625,-68155,54-00,,,73,24,69625.0,118875.0,1,25-00,,,
Lamp 21PCM whole wafer,2785,1585,-69625,-68155,54-00,,,73,23,66840.0,118875.0,1,24-05,,,
Lamp 21PCM whole wafer,2785,1585,-69625,-68155,54-00,,,73,22,64055.0,118875.0,1,24-04,,,
Lamp 21PCM whole wafer,2785,1585,-69625,-68155,54-00,,,73,21,61270.0,118875.0,1,24-03,,,
Lamp 21PCM whole wafer,2785,1585,-69625,-68155,54-00,,,73,20,58485.0,118875.0,1,24-02,,,
Lamp 21PCM whole wafer,2785,1585,-69625,-68155,54-00,,,73,19,55700.0,118875.0,1,24-01,,,
Lamp 21PCM whole wafer,2785,1585,-69625,-68155,54-00,,,73,18,52915.0,118875.0,1,24-00,,,
Lamp 21PCM whole wafer,2785,1585,-69625,-68155,54-00,,,73,17,50130.0,118875.0,1,23-05,,,
Lamp 21PCM whole wafer,2785,1585,-69625,-68155,54-00,,,73,16,47345.0,118875.0,1,23-04,,,
Lamp 21PCM whole wafer,2785,1585,-69625,-68155,54-00,,,73,15,44560.0,118875.0,1,23-03,,,
Lamp 21PCM whole wafer,2785,1585,-69625,-68155,54-00,,,73,14,41775.0,118875.0,1,23-02,,,
Lamp 21PCM whole wafer,2785,1585,-69625,-68155,54-00,,,73,13,38990.0,118875.0,1,23-01,,,
Lamp 21PCM whole wafer,2785,1585,-69625,-68155,54-00,,,73,12,36205.0,118875.0,1,23-00,,,
Lamp 21PCM whole wafer,2785,1585,-69625,-68155,54-00,,,73,11,33420.0,118875.0,1,22-05,,,
Lamp 21PCM whole wafer,2785,1585,-69625,-68155,54-00,,,73,10,30635.0,118875.0,1,22-04,,,
Lamp 21PCM whole wafer,2785,1585,-69625,-68155,54-00,,,73,9,27850.0,118875.0,1,22-03,,,
Lamp 21PCM whole wafer,2785,1585,-69625,-68155,54-00,,,73,8,25065.0,118875.0,1,22-02,,,
Lamp 21PCM whole wafer,2785,1585,-69625,-68155,54-00,,,74,9,27850.0,120460.0,1,12-73,,,
Lamp 21PCM whole wafer,2785,1585,-69625,-68155,54-00,,,74,10,30635.0,120460.0,1,12-74,,,
Lamp 21PCM whole wafer,2785,1585,-69625,-68155,54-00,,,74,11,33420.0,120460.0,1,12-75,,,
Lamp 21PCM whole wafer,2785,1585,-69625,-68155,54-00,,,74,12,36205.0,120460.0,1,13-70,,,
Lamp 21PCM whole wafer,2785,1585,-69625,-68155,54-00,,,74,13,38990.0,120460.0,1,13-71,,,
Lamp 21PCM whole wafer,2785,1585,-69625,-68155,54-00,,,74,14,41775.0,120460.0,1,13-72,,,
Lamp 21PCM whole wafer,2785,1585,-69625,-68155,54-00,,,74,15,44560.0,120460.0,1,13-73,,,
Lamp 21PCM whole wafer,2785,1585,-69625,-68155,54-00,,,74,16,47345.0,120460.0,1,13-74,,,
Lamp 21PCM whole wafer,2785,1585,-69625,-68155,54-00,,,74,17,50130.0,120460.0,1,13-75,,,
Lamp 21PCM whole wafer,2785,1585,-69625,-68155,54-00,,,74,18,52915.0,120460.0,1,14-70,,,
Lamp 21PCM whole wafer,2785,1585,-69625,-68155,54-00,,,74,19,55700.0,120460.0,1,14-71,,,
Lamp 21PCM whole wafer,2785,1585,-69625,-68155,54-00,,,74,20,58485.0,120460.0,1,14-72,,,
Lamp 21PCM whole wafer,2785,1585,-69625,-68155,54-00,,,74,21,61270.0,120460.0,1,14-73,,,
Lamp 21PCM whole wafer,2785,1585,-69625,-68155,54-00,,,74,22,64055.0,120460.0,1,14-74,,,
Lamp 21PCM whole wafer,2785,1585,-69625,-68155,54-00,,,74,23,66840.0,120460.0,1,14-75,,,
Lamp 21PCM whole wafer,2785,1585,-69625,-68155,54-00,,,74,24,69625.0,120460.0,1,15-70,,,
Lamp 21PCM whole wafer,2785,1585,-69625,-68155,54-00,,,74,25,72410.0,120460.0,1,15-71,,,
Lamp 21PCM whole wafer,2785,1585,-69625,-68155,54-00,,,74,26,75195.0,120460.0,1,15-72,,,
Lamp 21PCM whole wafer,2785,1585,-69625,-68155,54-00,,,74,27,77980.0,120460.0,1,15-73,,,
Lamp 21PCM whole wafer,2785,1585,-69625,-68155,54-00,,,74,28,80765.0,120460.0,1,15-74,,,
Lamp 21PCM whole wafer,2785,1585,-69625,-68155,54-00,,,74,29,83550.0,120460.0,1,15-75,,,
Lamp 21PCM whole wafer,2785,1585,-69625,-68155,54-00,,,74,30,86335.0,120460.0,1,16-70,,,
Lamp 21PCM whole wafer,2785,1585,-69625,-68155,54-00,,,74,31,89120.0,120460.0,1,16-71,,,
Lamp 21PCM whole wafer,2785,1585,-69625,-68155,54-00,,,74,32,91905.0,120460.0,1,16-72,,,
Lamp 21PCM whole wafer,2785,1585,-69625,-68155,54-00,,,74,33,94690.0,120460.0,1,16-73,,,
Lamp 21PCM whole wafer,2785,1585,-69625,-68155,54-00,,,74,34,97475.0,120460.0,1,16-74,,,
Lamp 21PCM whole wafer,2785,1585,-69625,-68155,54-00,,,74,35,100260.0,120460.0,1,16-75,,,
Lamp 21PCM whole wafer,2785,1585,-69625,-68155,54-00,,,74,36,103045.0,120460.0,1,17-70,,,
Lamp 21PCM whole wafer,2785,1585,-69625,-68155,54-00,,,74,37,105830.0,120460.0,1,17-71,,,
Lamp 21PCM whole wafer,2785,1585,-69625,-68155,54-00,,,74,38,108615.0,120460.0,1,17-72,,,
Lamp 21PCM whole wafer,2785,1585,-69625,-68155,54-00,,,75,38,108615.0,122045.0,1,17-62,,,
Lamp 21PCM whole wafer,2785,1585,-69625,-68155,54-00,,,75,37,105830.0,122045.0,1,17-61,,,
Lamp 21PCM whole wafer,2785,1585,-69625,-68155,54-00,,,75,36,103045.0,122045.0,1,17-60,,,
Lamp 21PCM whole wafer,2785,1585,-69625,-68155,54-00,,,75,35,100260.0,122045.0,1,16-65,,,
Lamp 21PCM whole wafer,2785,1585,-69625,-68155,54-00,,,75,34,97475.0,122045.0,1,16-64,,,
Lamp 21PCM whole wafer,2785,1585,-69625,-68155,54-00,,,75,33,94690.0,122045.0,1,16-63,,,
Lamp 21PCM whole wafer,2785,1585,-69625,-68155,54-00,,,75,32,91905.0,122045.0,1,16-62,,,
Lamp 21PCM whole wafer,2785,1585,-69625,-68155,54-00,,,75,31,89120.0,122045.0,1,16-61,,,
Lamp 21PCM whole wafer,2785,1585,-69625,-68155,54-00,,,75,30,86335.0,122045.0,1,16-60,,,
Lamp 21PCM whole wafer,2785,1585,-69625,-68155,54-00,,,75,29,83550.0,122045.0,1,15-65,,,
Lamp 21PCM whole wafer,2785,1585,-69625,-68155,54-00,,,75,28,80765.0,122045.0,1,15-64,,,
Lamp 21PCM whole wafer,2785,1585,-69625,-68155,54-00,,,75,27,77980.0,122045.0,1,15-63,,,
Lamp 21PCM whole wafer,2785,1585,-69625,-68155,54-00,,,75,26,75195.0,122045.0,1,15-62,,,
Lamp 21PCM whole wafer,2785,1585,-69625,-68155,54-00,,,75,25,72410.0,122045.0,1,15-61,,,
Lamp 21PCM whole wafer,2785,1585,-69625,-68155,54-00,,,75,24,69625.0,122045.0,1,15-60,,,
Lamp 21PCM whole wafer,2785,1585,-69625,-68155,54-00,,,75,23,66840.0,122045.0,1,14-65,,,
Lamp 21PCM whole wafer,2785,1585,-69625,-68155,54-00,,,75,22,64055.0,122045.0,1,14-64,,,
Lamp 21PCM whole wafer,2785,1585,-69625,-68155,54-00,,,75,21,61270.0,122045.0,1,14-63,,,
Lamp 21PCM whole wafer,2785,1585,-69625,-68155,54-00,,,75,20,58485.0,122045.0,1,14-62,,,
Lamp 21PCM whole wafer,2785,1585,-69625,-68155,54-00,,,75,19,55700.0,122045.0,1,14-61,,,
Lamp 21PCM whole wafer,2785,1585,-69625,-68155,54-00,,,75,18,52915.0,122045.0,1,14-60,,,
Lamp 21PCM whole wafer,2785,1585,-69625,-68155,54-00,,,75,17,50130.0,122045.0,1,13-65,,,
Lamp 21PCM whole wafer,2785,1585,-69625,-68155,54-00,,,75,16,47345.0,122045.0,1,13-64,,,
Lamp 21PCM whole wafer,2785,1585,-69625,-68155,54-00,,,75,15,44560.0,122045.0,1,13-63,,,
Lamp 21PCM whole wafer,2785,1585,-69625,-68155,54-00,,,75,14,41775.0,122045.0,1,13-62,,,
Lamp 21PCM whole wafer,2785,1585,-69625,-68155,54-00,,,75,13,38990.0,122045.0,1,13-61,,,
Lamp 21PCM whole wafer,2785,1585,-69625,-68155,54-00,,,75,12,36205.0,122045.0,1,13-60,,,
Lamp 21PCM whole wafer,2785,1585,-69625,-68155,54-00,,,75,11,33420.0,122045.0,1,12-65,,,
Lamp 21PCM whole wafer,2785,1585,-69625,-68155,54-00,,,75,10,30635.0,122045.0,1,12-64,,,
Lamp 21PCM whole wafer,2785,1585,-69625,-68155,54-00,,,75,9,27850.0,122045.0,1,12-63,,,
Lamp 21PCM whole wafer,2785,1585,-69625,-68155,54-00,,,76,11,33420.0,123630.0,1,12-55,,,
Lamp 21PCM whole wafer,2785,1585,-69625,-68155,54-00,,,76,12,36205.0,123630.0,1,13-50,,,
Lamp 21PCM whole wafer,2785,1585,-69625,-68155,54-00,,,76,13,38990.0,123630.0,1,13-51,,,
Lamp 21PCM whole wafer,2785,1585,-69625,-68155,54-00,,,76,14,41775.0,123630.0,1,13-52,,,
Lamp 21PCM whole wafer,2785,1585,-69625,-68155,54-00,,,76,15,44560.0,123630.0,1,13-53,,,
Lamp 21PCM whole wafer,2785,1585,-69625,-68155,54-00,,,76,16,47345.0,123630.0,1,13-54,,,
Lamp 21PCM whole wafer,2785,1585,-69625,-68155,54-00,,,76,17,50130.0,123630.0,1,13-55,,,
Lamp 21PCM whole wafer,2785,1585,-69625,-68155,54-00,,,76,18,52915.0,123630.0,1,14-50,,,
Lamp 21PCM whole wafer,2785,1585,-69625,-68155,54-00,,,76,19,55700.0,123630.0,1,14-51,,,
Lamp 21PCM whole wafer,2785,1585,-69625,-68155,54-00,,,76,20,58485.0,123630.0,1,14-52,,,
Lamp 21PCM whole wafer,2785,1585,-69625,-68155,54-00,,,76,21,61270.0,123630.0,1,14-53,,,
Lamp 21PCM whole wafer,2785,1585,-69625,-68155,54-00,,,76,22,64055.0,123630.0,1,14-54,,,
Lamp 21PCM whole wafer,2785,1585,-69625,-68155,54-00,,,76,23,66840.0,123630.0,1,14-55,,,
Lamp 21PCM whole wafer,2785,1585,-69625,-68155,54-00,,,76,24,69625.0,123630.0,1,15-50,,,
Lamp 21PCM whole wafer,2785,1585,-69625,-68155,54-00,,,76,25,72410.0,123630.0,1,15-51,,,
Lamp 21PCM whole wafer,2785,1585,-69625,-68155,54-00,,,76,26,75195.0,123630.0,1,15-52,,,
Lamp 21PCM whole wafer,2785,1585,-69625,-68155,54-00,,,76,27,77980.0,123630.0,1,15-53,,,
Lamp 21PCM whole wafer,2785,1585,-69625,-68155,54-00,,,76,28,80765.0,123630.0,1,15-54,,,
Lamp 21PCM whole wafer,2785,1585,-69625,-68155,54-00,,,76,29,83550.0,123630.0,1,15-55,,,
Lamp 21PCM whole wafer,2785,1585,-69625,-68155,54-00,,,76,30,86335.0,123630.0,1,16-50,,,
Lamp 21PCM whole wafer,2785,1585,-69625,-68155,54-00,,,76,31,89120.0,123630.0,1,16-51,,,
Lamp 21PCM whole wafer,2785,1585,-69625,-68155,54-00,,,76,32,91905.0,123630.0,1,16-52,,,
Lamp 21PCM whole wafer,2785,1585,-69625,-68155,54-00,,,76,33,94690.0,123630.0,1,16-53,,,
Lamp 21PCM whole wafer,2785,1585,-69625,-68155,54-00,,,76,34,97475.0,123630.0,1,16-54,,,
Lamp 21PCM whole wafer,2785,1585,-69625,-68155,54-00,,,76,35,100260.0,123630.0,1,16-55,,,
Lamp 21PCM whole wafer,2785,1585,-69625,-68155,54-00,,,76,36,103045.0,123630.0,1,17-50,,,
Lamp 21PCM whole wafer,2785,1585,-69625,-68155,54-00,,,77,36,103045.0,125215.0,1,17-40,,,
Lamp 21PCM whole wafer,2785,1585,-69625,-68155,54-00,,,77,35,100260.0,125215.0,1,16-45,,,
Lamp 21PCM whole wafer,2785,1585,-69625,-68155,54-00,,,77,34,97475.0,125215.0,1,16-44,,,
Lamp 21PCM whole wafer,2785,1585,-69625,-68155,54-00,,,77,33,94690.0,125215.0,1,16-43,,,
Lamp 21PCM whole wafer,2785,1585,-69625,-68155,54-00,,,77,32,91905.0,125215.0,1,16-42,,,
Lamp 21PCM whole wafer,2785,1585,-69625,-68155,54-00,,,77,31,89120.0,125215.0,1,16-41,,,
Lamp 21PCM whole wafer,2785,1585,-69625,-68155,54-00,,,77,30,86335.0,125215.0,1,16-40,,,
Lamp 21PCM whole wafer,2785,1585,-69625,-68155,54-00,,,77,29,83550.0,125215.0,1,15-45,,,
Lamp 21PCM whole wafer,2785,1585,-69625,-68155,54-00,,,77,28,80765.0,125215.0,1,15-44,,,
Lamp 21PCM whole wafer,2785,1585,-69625,-68155,54-00,,,77,27,77980.0,125215.0,1,15-43,,,
Lamp 21PCM whole wafer,2785,1585,-69625,-68155,54-00,,,77,25,72410.0,125215.0,1,15-41,,,
Lamp 21PCM whole wafer,2785,1585,-69625,-68155,54-00,,,77,24,69625.0,125215.0,1,15-40,,,
Lamp 21PCM whole wafer,2785,1585,-69625,-68155,54-00,,,77,23,66840.0,125215.0,1,14-45,,,
Lamp 21PCM whole wafer,2785,1585,-69625,-68155,54-00,,,77,22,64055.0,125215.0,1,14-44,,,
Lamp 21PCM whole wafer,2785,1585,-69625,-68155,54-00,,,77,21,61270.0,125215.0,1,14-43,,,
Lamp 21PCM whole wafer,2785,1585,-69625,-68155,54-00,,,77,20,58485.0,125215.0,1,14-42,,,
Lamp 21PCM whole wafer,2785,1585,-69625,-68155,54-00,,,77,19,55700.0,125215.0,1,14-41,,,
Lamp 21PCM whole wafer,2785,1585,-69625,-68155,54-00,,,77,18,52915.0,125215.0,1,14-40,,,
Lamp 21PCM whole wafer,2785,1585,-69625,-68155,54-00,,,77,17,50130.0,125215.0,1,13-45,,,
Lamp 21PCM whole wafer,2785,1585,-69625,-68155,54-00,,,77,16,47345.0,125215.0,1,13-44,,,
Lamp 21PCM whole wafer,2785,1585,-69625,-68155,54-00,,,77,15,44560.0,125215.0,1,13-43,,,
Lamp 21PCM whole wafer,2785,1585,-69625,-68155,54-00,,,77,14,41775.0,125215.0,1,13-42,,,
Lamp 21PCM whole wafer,2785,1585,-69625,-68155,54-00,,,77,13,38990.0,125215.0,1,13-41,,,
Lamp 21PCM whole wafer,2785,1585,-69625,-68155,54-00,,,77,12,36205.0,125215.0,1,13-40,,,
Lamp 21PCM whole wafer,2785,1585,-69625,-68155,54-00,,,77,11,33420.0,125215.0,1,12-45,,,
Lamp 21PCM whole wafer,2785,1585,-69625,-68155,54-00,,,78,12,36205.0,126800.0,1,13-30,,,
Lamp 21PCM whole wafer,2785,1585,-69625,-68155,54-00,,,78,13,38990.0,126800.0,1,13-31,,,
Lamp 21PCM whole wafer,2785,1585,-69625,-68155,54-00,,,78,14,41775.0,126800.0,1,13-32,,,
Lamp 21PCM whole wafer,2785,1585,-69625,-68155,54-00,,,78,15,44560.0,126800.0,1,13-33,,,
Lamp 21PCM whole wafer,2785,1585,-69625,-68155,54-00,,,78,16,47345.0,126800.0,1,13-34,,,
Lamp 21PCM whole wafer,2785,1585,-69625,-68155,54-00,,,78,17,50130.0,126800.0,1,13-35,,,
Lamp 21PCM whole wafer,2785,1585,-69625,-68155,54-00,,,78,18,52915.0,126800.0,1,14-30,,,
Lamp 21PCM whole wafer,2785,1585,-69625,-68155,54-00,,,78,19,55700.0,126800.0,1,14-31,,,
Lamp 21PCM whole wafer,2785,1585,-69625,-68155,54-00,,,78,20,58485.0,126800.0,1,14-32,,,
Lamp 21PCM whole wafer,2785,1585,-69625,-68155,54-00,,,78,21,61270.0,126800.0,1,14-33,,,
Lamp 21PCM whole wafer,2785,1585,-69625,-68155,54-00,,,78,22,64055.0,126800.0,1,14-34,,,
Lamp 21PCM whole wafer,2785,1585,-69625,-68155,54-00,,,78,23,66840.0,126800.0,1,14-35,,,
Lamp 21PCM whole wafer,2785,1585,-69625,-68155,54-00,,,78,24,69625.0,126800.0,1,15-30,,,
Lamp 21PCM whole wafer,2785,1585,-69625,-68155,54-00,,,78,25,72410.0,126800.0,1,15-31,,,
Lamp 21PCM whole wafer,2785,1585,-69625,-68155,54-00,,,78,26,75195.0,126800.0,1,15-32,,,
Lamp 21PCM whole wafer,2785,1585,-69625,-68155,54-00,,,78,27,77980.0,126800.0,1,15-33,,,
Lamp 21PCM whole wafer,2785,1585,-69625,-68155,54-00,,,78,28,80765.0,126800.0,1,15-34,,,
Lamp 21PCM whole wafer,2785,1585,-69625,-68155,54-00,,,78,29,83550.0,126800.0,1,15-35,,,
Lamp 21PCM whole wafer,2785,1585,-69625,-68155,54-00,,,78,30,86335.0,126800.0,1,16-30,,,
Lamp 21PCM whole wafer,2785,1585,-69625,-68155,54-00,,,78,31,89120.0,126800.0,1,16-31,,,
Lamp 21PCM whole wafer,2785,1585,-69625,-68155,54-00,,,78,32,91905.0,126800.0,1,16-32,,,
Lamp 21PCM whole wafer,2785,1585,-69625,-68155,54-00,,,78,33,94690.0,126800.0,1,16-33,,,
Lamp 21PCM whole wafer,2785,1585,-69625,-68155,54-00,,,78,34,97475.0,126800.0,1,16-34,,,
Lamp 21PCM whole wafer,2785,1585,-69625,-68155,54-00,,,78,35,100260.0,126800.0,1,16-35,,,
Lamp 21PCM whole wafer,2785,1585,-69625,-68155,54-00,,,79,33,94690.0,128385.0,1,16-23,,,
Lamp 21PCM whole wafer,2785,1585,-69625,-68155,54-00,,,79,32,91905.0,128385.0,1,16-22,,,
Lamp 21PCM whole wafer,2785,1585,-69625,-68155,54-00,,,79,31,89120.0,128385.0,1,16-21,,,
Lamp 21PCM whole wafer,2785,1585,-69625,-68155,54-00,,,79,30,86335.0,128385.0,1,16-20,,,
Lamp 21PCM whole wafer,2785,1585,-69625,-68155,54-00,,,79,29,83550.0,128385.0,1,15-25,,,
Lamp 21PCM whole wafer,2785,1585,-69625,-68155,54-00,,,79,28,80765.0,128385.0,1,15-24,,,
Lamp 21PCM whole wafer,2785,1585,-69625,-68155,54-00,,,79,27,77980.0,128385.0,1,15-23,,,
Lamp 21PCM whole wafer,2785,1585,-69625,-68155,54-00,,,79,26,75195.0,128385.0,1,15-22,,,
Lamp 21PCM whole wafer,2785,1585,-69625,-68155,54-00,,,79,25,72410.0,128385.0,1,15-21,,,
Lamp 21PCM whole wafer,2785,1585,-69625,-68155,54-00,,,79,24,69625.0,128385.0,1,15-20,,,
Lamp 21PCM whole wafer,2785,1585,-69625,-68155,54-00,,,79,23,66840.0,128385.0,1,14-25,,,
Lamp 21PCM whole wafer,2785,1585,-69625,-68155,54-00,,,79,22,64055.0,128385.0,1,14-24,,,
Lamp 21PCM whole wafer,2785,1585,-69625,-68155,54-00,,,79,21,61270.0,128385.0,1,14-23,,,
Lamp 21PCM whole wafer,2785,1585,-69625,-68155,54-00,,,79,20,58485.0,128385.0,1,14-22,,,
Lamp 21PCM whole wafer,2785,1585,-69625,-68155,54-00,,,79,19,55700.0,128385.0,1,14-21,,,
Lamp 21PCM whole wafer,2785,1585,-69625,-68155,54-00,,,79,18,52915.0,128385.0,1,14-20,,,
Lamp 21PCM whole wafer,2785,1585,-69625,-68155,54-00,,,79,17,50130.0,128385.0,1,13-25,,,
Lamp 21PCM whole wafer,2785,1585,-69625,-68155,54-00,,,79,16,47345.0,128385.0,1,13-24,,,
Lamp 21PCM whole wafer,2785,1585,-69625,-68155,54-00,,,79,15,44560.0,128385.0,1,13-23,,,
Lamp 21PCM whole wafer,2785,1585,-69625,-68155,54-00,,,79,14,41775.0,128385.0,1,13-22,,,
Lamp 21PCM whole wafer,2785,1585,-69625,-68155,54-00,,,80,14,41775.0,129970.0,1,13-12,,,
Lamp 21PCM whole wafer,2785,1585,-69625,-68155,54-00,,,80,15,44560.0,129970.0,1,13-13,,,
Lamp 21PCM whole wafer,2785,1585,-69625,-68155,54-00,,,80,16,47345.0,129970.0,1,13-14,,,
Lamp 21PCM whole wafer,2785,1585,-69625,-68155,54-00,,,80,17,50130.0,129970.0,1,13-15,,,
Lamp 21PCM whole wafer,2785,1585,-69625,-68155,54-00,,,80,18,52915.0,129970.0,1,14-10,,,
Lamp 21PCM whole wafer,2785,1585,-69625,-68155,54-00,,,80,19,55700.0,129970.0,1,14-11,,,
Lamp 21PCM whole wafer,2785,1585,-69625,-68155,54-00,,,80,20,58485.0,129970.0,1,14-12,,,
Lamp 21PCM whole wafer,2785,1585,-69625,-68155,54-00,,,80,21,61270.0,129970.0,1,14-13,,,
Lamp 21PCM whole wafer,2785,1585,-69625,-68155,54-00,,,80,22,64055.0,129970.0,1,14-14,,,
Lamp 21PCM whole wafer,2785,1585,-69625,-68155,54-00,,,80,23,66840.0,129970.0,1,14-15,,,
Lamp 21PCM whole wafer,2785,1585,-69625,-68155,54-00,,,80,24,69625.0,129970.0,1,15-10,,,
Lamp 21PCM whole wafer,2785,1585,-69625,-68155,54-00,,,80,25,72410.0,129970.0,1,15-11,,,
Lamp 21PCM whole wafer,2785,1585,-69625,-68155,54-00,,,80,26,75195.0,129970.0,1,15-12,,,
Lamp 21PCM whole wafer,2785,1585,-69625,-68155,54-00,,,80,27,77980.0,129970.0,1,15-13,,,
Lamp 21PCM whole wafer,2785,1585,-69625,-68155,54-00,,,80,28,80765.0,129970.0,1,15-14,,,
Lamp 21PCM whole wafer,2785,1585,-69625,-68155,54-00,,,80,29,83550.0,129970.0,1,15-15,,,
Lamp 21PCM whole wafer,2785,1585,-69625,-68155,54-00,,,80,30,86335.0,129970.0,1,16-10,,,
Lamp 21PCM whole wafer,2785,1585,-69625,-68155,54-00,,,80,31,89120.0,129970.0,1,16-11,,,
Lamp 21PCM whole wafer,2785,1585,-69625,-68155,54-00,,,80,32,91905.0,129970.0,1,16-12,,,
Lamp 21PCM whole wafer,2785,1585,-69625,-68155,54-00,,,80,33,94690.0,129970.0,1,16-13,,,
Lamp 21PCM whole wafer,2785,1585,-69625,-68155,54-00,,,81,32,91905.0,131555.0,1,16-02,,,
Lamp 21PCM whole wafer,2785,1585,-69625,-68155,54-00,,,81,31,89120.0,131555.0,1,16-01,,,
Lamp 21PCM whole wafer,2785,1585,-69625,-68155,54-00,,,81,30,86335.0,131555.0,1,16-00,,,
Lamp 21PCM whole wafer,2785,1585,-69625,-68155,54-00,,,81,29,83550.0,131555.0,1,15-05,,,
Lamp 21PCM whole wafer,2785,1585,-69625,-68155,54-00,,,81,28,80765.0,131555.0,1,15-04,,,
Lamp 21PCM whole wafer,2785,1585,-69625,-68155,54-00,,,81,27,77980.0,131555.0,1,15-03,,,
Lamp 21PCM whole wafer,2785,1585,-69625,-68155,54-00,,,81,26,75195.0,131555.0,1,15-02,,,
Lamp 21PCM whole wafer,2785,1585,-69625,-68155,54-00,,,81,25,72410.0,131555.0,1,15-01,,,
Lamp 21PCM whole wafer,2785,1585,-69625,-68155,54-00,,,81,24,69625.0,131555.0,1,15-00,,,
Lamp 21PCM whole wafer,2785,1585,-69625,-68155,54-00,,,81,23,66840.0,131555.0,1,14-05,,,
Lamp 21PCM whole wafer,2785,1585,-69625,-68155,54-00,,,81,22,64055.0,131555.0,1,14-04,,,
Lamp 21PCM whole wafer,2785,1585,-69625,-68155,54-00,,,81,21,61270.0,131555.0,1,14-03,,,
Lamp 21PCM whole wafer,2785,1585,-69625,-68155,54-00,,,81,20,58485.0,131555.0,1,14-02,,,
Lamp 21PCM whole wafer,2785,1585,-69625,-68155,54-00,,,81,19,55700.0,131555.0,1,14-01,,,
Lamp 21PCM whole wafer,2785,1585,-69625,-68155,54-00,,,81,18,52915.0,131555.0,1,14-00,,,
Lamp 21PCM whole wafer,2785,1585,-69625,-68155,54-00,,,81,17,50130.0,131555.0,1,13-05,,,
Lamp 21PCM whole wafer,2785,1585,-69625,-68155,54-00,,,81,16,47345.0,131555.0,1,13-04,,,
Lamp 21PCM whole wafer,2785,1585,-69625,-68155,54-00,,,81,15,44560.0,131555.0,1,13-03,,,
Lamp 21PCM whole wafer,2785,1585,-69625,-68155,54-00,,,82,18,52915.0,133140.0,1,04-70,,,
Lamp 21PCM whole wafer,2785,1585,-69625,-68155,54-00,,,82,19,55700.0,133140.0,1,04-71,,,
Lamp 21PCM whole wafer,2785,1585,-69625,-68155,54-00,,,82,20,58485.0,133140.0,1,04-72,,,
Lamp 21PCM whole wafer,2785,1585,-69625,-68155,54-00,,,82,21,61270.0,133140.0,1,04-73,,,
Lamp 21PCM whole wafer,2785,1585,-69625,-68155,54-00,,,82,22,64055.0,133140.0,1,04-74,,,
Lamp 21PCM whole wafer,2785,1585,-69625,-68155,54-00,,,82,23,66840.0,133140.0,1,04-75,,,
Lamp 21PCM whole wafer,2785,1585,-69625,-68155,54-00,,,82,24,69625.0,133140.0,1,05-70,,,
Lamp 21PCM whole wafer,2785,1585,-69625,-68155,54-00,,,82,25,72410.0,133140.0,1,05-71,,,
Lamp 21PCM whole wafer,2785,1585,-69625,-68155,54-00,,,82,26,75195.0,133140.0,1,05-72,,,
Lamp 21PCM whole wafer,2785,1585,-69625,-68155,54-00,,,82,27,77980.0,133140.0,1,05-73,,,
Lamp 21PCM whole wafer,2785,1585,-69625,-68155,54-00,,,82,28,80765.0,133140.0,1,05-74,,,
Lamp 21PCM whole wafer,2785,1585,-69625,-68155,54-00,,,82,29,83550.0,133140.0,1,05-75,,,
Lamp 21PCM whole wafer,2785,1585,-69625,-68155,54-00,,,83,26,75195.0,134725.0,1,05-62,,,
Lamp 21PCM whole wafer,2785,1585,-69625,-68155,54-00,,,83,25,72410.0,134725.0,1,05-61,,,
Lamp 21PCM whole wafer,2785,1585,-69625,-68155,54-00,,,83,24,69625.0,134725.0,1,05-60,,,
Lamp 21PCM whole wafer,2785,1585,-69625,-68155,54-00,,,83,23,66840.0,134725.0,1,04-65,,,
Lamp 21PCM whole wafer,2785,1585,-69625,-68155,54-00,,,83,22,64055.0,134725.0,1,04-64,,,
Lamp 21PCM whole wafer,2785,1585,-69625,-68155,54-00,,,83,21,61270.0,134725.0,1,04-63,,,
