die_id,source,row,col,x_um,y_um,cell_name,site,test_enabled,bin,notes
D00001,gds_references,,,26430.0,3290.0,test_die,,1,UNTESTED,Generated from selected top-cell references
D00002,gds_references,,,-44050.0,3290.0,test_die,,1,UNTESTED,Generated from selected top-cell references
D00003,gds_references,,,44050.0,0.0,Target_Shot_R7,,1,UNTESTED,Generated from selected top-cell references
D00004,gds_references,,,-44050.0,0.0,Target_Shot_R7,,1,UNTESTED,Generated from selected top-cell references
D00005,gds_references,,,-8810.0,3290.0,test_die,,1,UNTESTED,Generated from selected top-cell references
D00006,gds_references,,,61670.0,-16450.0,test_die,,1,UNTESTED,Generated from selected top-cell references
D00007,gds_references,,,61670.0,-14805.0,single_die,,1,UNTESTED,Generated from selected top-cell references
D00008,gds_references,,,61670.0,3290.0,test_die,,1,UNTESTED,Generated from selected top-cell references
D00009,gds_references,,,61670.0,4935.0,single_die,,1,UNTESTED,Generated from selected top-cell references
D00010,gds_references,,,61670.0,23030.0,test_die,,1,UNTESTED,Generated from selected top-cell references
D00011,gds_references,,,61670.0,24675.0,single_die,,1,UNTESTED,Generated from selected top-cell references
D00012,gds_references,,,26430.0,42770.0,test_die,,1,UNTESTED,Generated from selected top-cell references
D00013,gds_references,,,26430.0,44415.0,single_die,,1,UNTESTED,Generated from selected top-cell references
D00014,gds_references,,,26430.0,23030.0,test_die,,1,UNTESTED,Generated from selected top-cell references
D00015,gds_references,,,26430.0,24675.0,single_die,,1,UNTESTED,Generated from selected top-cell references
D00016,gds_references,,,26430.0,-55930.0,test_die,,1,UNTESTED,Generated from selected top-cell references
D00017,gds_references,,,-8810.0,-55930.0,test_die,,1,UNTESTED,Generated from selected top-cell references
D00018,gds_references,,,26430.0,-16450.0,test_die,,1,UNTESTED,Generated from selected top-cell references
D00019,gds_references,,,26430.0,-14805.0,single_die,,1,UNTESTED,Generated from selected top-cell references
D00020,gds_references,,,26430.0,-36190.0,test_die,,1,UNTESTED,Generated from selected top-cell references
D00021,gds_references,,,26430.0,-34545.0,single_die,,1,UNTESTED,Generated from selected top-cell references
D00022,gds_references,,,-44050.0,-36190.0,test_die,,1,UNTESTED,Generated from selected top-cell references
D00023,gds_references,,,-44050.0,-34545.0,single_die,,1,UNTESTED,Generated from selected top-cell references
D00024,gds_references,,,-44050.0,-16450.0,test_die,,1,UNTESTED,Generated from selected top-cell references
D00025,gds_references,,,-44050.0,-14805.0,single_die,,1,UNTESTED,Generated from selected top-cell references
D00026,gds_references,,,-8810.0,-36190.0,test_die,,1,UNTESTED,Generated from selected top-cell references
D00027,gds_references,,,-8810.0,-34545.0,single_die,,1,UNTESTED,Generated from selected top-cell references
D00028,gds_references,,,-8810.0,-16450.0,test_die,,1,UNTESTED,Generated from selected top-cell references
D00029,gds_references,,,-8810.0,-14805.0,single_die,,1,UNTESTED,Generated from selected top-cell references
D00030,gds_references,,,-8810.0,4935.0,single_die,,1,UNTESTED,Generated from selected top-cell references
D00031,gds_references,,,-8810.0,23030.0,test_die,,1,UNTESTED,Generated from selected top-cell references
D00032,gds_references,,,-8810.0,24675.0,single_die,,1,UNTESTED,Generated from selected top-cell references
D00033,gds_references,,,-8810.0,42770.0,test_die,,1,UNTESTED,Generated from selected top-cell references
D00034,gds_references,,,-8810.0,44415.0,single_die,,1,UNTESTED,Generated from selected top-cell references
D00035,gds_references,,,-44050.0,42770.0,test_die,,1,UNTESTED,Generated from selected top-cell references
D00036,gds_references,,,-44050.0,44415.0,single_die,,1,UNTESTED,Generated from selected top-cell references
D00037,gds_references,,,-44050.0,23030.0,test_die,,1,UNTESTED,Generated from selected top-cell references
D00038,gds_references,,,-40526.0,46060.0,single_die,,1,UNTESTED,Generated from selected top-cell references
D00039,gds_references,,,-47574.0,-1645.0,single_die,,1,UNTESTED,Generated from selected top-cell references
D00040,gds_references,,,-44050.0,-1645.0,single_die,,1,UNTESTED,Generated from selected top-cell references
D00041,gds_references,,,-40526.0,-1645.0,single_die,,1,UNTESTED,Generated from selected top-cell references
D00042,gds_references,,,-47574.0,-46060.0,single_die,,1,UNTESTED,Generated from selected top-cell references
D00043,gds_references,,,-54622.0,-37835.0,single_die,,1,UNTESTED,Generated from selected top-cell references
D00044,gds_references,,,-54622.0,-36190.0,single_die,,1,UNTESTED,Generated from selected top-cell references
D00045,gds_references,,,47574.0,-46060.0,single_die,,1,UNTESTED,Generated from selected top-cell references
D00046,gds_references,,,40526.0,52640.0,single_die,,1,UNTESTED,Generated from selected top-cell references
D00047,gds_references,,,-12334.0,-65800.0,single_die,,1,UNTESTED,Generated from selected top-cell references
D00048,gds_references,,,-8810.0,-65800.0,single_die,,1,UNTESTED,Generated from selected top-cell references
D00049,gds_references,,,-5286.0,-65800.0,single_die,,1,UNTESTED,Generated from selected top-cell references
D00050,gds_references,,,-1762.0,-65800.0,single_die,,1,UNTESTED,Generated from selected top-cell references
D00051,gds_references,,,1762.0,-65800.0,single_die,,1,UNTESTED,Generated from selected top-cell references
D00052,gds_references,,,5286.0,-65800.0,single_die,,1,UNTESTED,Generated from selected top-cell references
D00053,gds_references,,,8810.0,-65800.0,single_die,,1,UNTESTED,Generated from selected top-cell references
D00054,gds_references,,,12334.0,-65800.0,single_die,,1,UNTESTED,Generated from selected top-cell references
D00055,gds_references,,,-19382.0,-64155.0,single_die,,1,UNTESTED,Generated from selected top-cell references
D00056,gds_references,,,-15858.0,-64155.0,single_die,,1,UNTESTED,Generated from selected top-cell references
D00057,gds_references,,,-12334.0,-64155.0,single_die,,1,UNTESTED,Generated from selected top-cell references
D00058,gds_references,,,-8810.0,-64155.0,single_die,,1,UNTESTED,Generated from selected top-cell references
D00059,gds_references,,,-5286.0,-64155.0,single_die,,1,UNTESTED,Generated from selected top-cell references
D00060,gds_references,,,-1762.0,-64155.0,single_die,,1,UNTESTED,Generated from selected top-cell references
D00061,gds_references,,,1762.0,-64155.0,single_die,,1,UNTESTED,Generated from selected top-cell references
D00062,gds_references,,,5286.0,-64155.0,single_die,,1,UNTESTED,Generated from selected top-cell references
D00063,gds_references,,,8810.0,-64155.0,single_die,,1,UNTESTED,Generated from selected top-cell references
D00064,gds_references,,,12334.0,-64155.0,single_die,,1,UNTESTED,Generated from selected top-cell references
D00065,gds_references,,,15858.0,-64155.0,single_die,,1,UNTESTED,Generated from selected top-cell references
D00066,gds_references,,,19382.0,-64155.0,single_die,,1,UNTESTED,Generated from selected top-cell references
D00067,gds_references,,,-22906.0,-62510.0,single_die,,1,UNTESTED,Generated from selected top-cell references
D00068,gds_references,,,-19382.0,-62510.0,single_die,,1,UNTESTED,Generated from selected top-cell references
D00069,gds_references,,,-15858.0,-62510.0,single_die,,1,UNTESTED,Generated from selected top-cell references
D00070,gds_references,,,-12334.0,-62510.0,single_die,,1,UNTESTED,Generated from selected top-cell references
D00071,gds_references,,,-8810.0,-62510.0,single_die,,1,UNTESTED,Generated from selected top-cell references
D00072,gds_references,,,-5286.0,-62510.0,single_die,,1,UNTESTED,Generated from selected top-cell references
D00073,gds_references,,,-1762.0,-62510.0,single_die,,1,UNTESTED,Generated from selected top-cell references
D00074,gds_references,,,1762.0,-62510.0,single_die,,1,UNTESTED,Generated from selected top-cell references
D00075,gds_references,,,5286.0,-62510.0,single_die,,1,UNTESTED,Generated from selected top-cell references
D00076,gds_references,,,8810.0,-62510.0,single_die,,1,UNTESTED,Generated from selected top-cell references
D00077,gds_references,,,12334.0,-62510.0,single_die,,1,UNTESTED,Generated from selected top-cell references
D00078,gds_references,,,15858.0,-62510.0,single_die,,1,UNTESTED,Generated from selected top-cell references
D00079,gds_references,,,19382.0,-62510.0,single_die,,1,UNTESTED,Generated from selected top-cell references
D00080,gds_references,,,22906.0,-62510.0,single_die,,1,UNTESTED,Generated from selected top-cell references
D00081,gds_references,,,-26430.0,-60865.0,single_die,,1,UNTESTED,Generated from selected top-cell references
D00082,gds_references,,,-22906.0,-60865.0,single_die,,1,UNTESTED,Generated from selected top-cell references
D00083,gds_references,,,-19382.0,-60865.0,single_die,,1,UNTESTED,Generated from selected top-cell references
D00084,gds_references,,,-15858.0,-60865.0,single_die,,1,UNTESTED,Generated from selected top-cell references
D00085,gds_references,,,-12334.0,-60865.0,single_die,,1,UNTESTED,Generated from selected top-cell references
D00086,gds_references,,,-8810.0,-60865.0,single_die,,1,UNTESTED,Generated from selected top-cell references
D00087,gds_references,,,-5286.0,-60865.0,single_die,,1,UNTESTED,Generated from selected top-cell references
D00088,gds_references,,,-1762.0,-60865.0,single_die,,1,UNTESTED,Generated from selected top-cell references
D00089,gds_references,,,1762.0,-60865.0,single_die,,1,UNTESTED,Generated from selected top-cell references
D00090,gds_references,,,5286.0,-60865.0,single_die,,1,UNTESTED,Generated from selected top-cell references
D00091,gds_references,,,8810.0,-60865.0,single_die,,1,UNTESTED,Generated from selected top-cell references
D00092,gds_references,,,12334.0,-60865.0,single_die,,1,UNTESTED,Generated from selected top-cell references
D00093,gds_references,,,15858.0,-60865.0,single_die,,1,UNTESTED,Generated from selected top-cell references
D00094,gds_references,,,19382.0,-60865.0,single_die,,1,UNTESTED,Generated from selected top-cell references
D00095,gds_references,,,22906.0,-60865.0,single_die,,1,UNTESTED,Generated from selected top-cell references
D00096,gds_references,,,26430.0,-60865.0,single_die,,1,UNTESTED,Generated from selected top-cell references
D00097,gds_references,,,-29954.0,-59220.0,single_die,,1,UNTESTED,Generated from selected top-cell references
D00098,gds_references,,,-26430.0,-59220.0,single_die,,1,UNTESTED,Generated from selected top-cell references
D00099,gds_references,,,-22906.0,-59220.0,single_die,,1,UNTESTED,Generated from selected top-cell references
D00100,gds_references,,,-19382.0,-59220.0,single_die,,1,UNTESTED,Generated from selected top-cell references
D00101,gds_references,,,-15858.0,-59220.0,single_die,,1,UNTESTED,Generated from selected top-cell references
D00102,gds_references,,,-12334.0,-59220.0,single_die,,1,UNTESTED,Generated from selected top-cell references
D00103,gds_references,,,-8810.0,-59220.0,single_die,,1,UNTESTED,Generated from selected top-cell references
D00104,gds_references,,,-5286.0,-59220.0,single_die,,1,UNTESTED,Generated from selected top-cell references
D00105,gds_references,,,-1762.0,-59220.0,single_die,,1,UNTESTED,Generated from selected top-cell references
D00106,gds_references,,,1762.0,-59220.0,single_die,,1,UNTESTED,Generated from selected top-cell references
D00107,gds_references,,,5286.0,-59220.0,single_die,,1,UNTESTED,Generated from selected top-cell references
D00108,gds_references,,,8810.0,-59220.0,single_die,,1,UNTESTED,Generated from selected top-cell references
D00109,gds_references,,,12334.0,-59220.0,single_die,,1,UNTESTED,Generated from selected top-cell references
D00110,gds_references,,,15858.0,-59220.0,single_die,,1,UNTESTED,Generated from selected top-cell references
D00111,gds_references,,,19382.0,-59220.0,single_die,,1,UNTESTED,Generated from selected top-cell references
D00112,gds_references,,,22906.0,-59220.0,single_die,,1,UNTESTED,Generated from selected top-cell references
D00113,gds_references,,,26430.0,-59220.0,single_die,,1,UNTESTED,Generated from selected top-cell references
D00114,gds_references,,,29954.0,-59220.0,single_die,,1,UNTESTED,Generated from selected top-cell references
D00115,gds_references,,,-33478.0,-57575.0,single_die,,1,UNTESTED,Generated from selected top-cell references
D00116,gds_references,,,-29954.0,-57575.0,single_die,,1,UNTESTED,Generated from selected top-cell references
D00117,gds_references,,,-26430.0,-57575.0,single_die,,1,UNTESTED,Generated from selected top-cell references
D00118,gds_references,,,-22906.0,-57575.0,single_die,,1,UNTESTED,Generated from selected top-cell references
D00119,gds_references,,,-19382.0,-57575.0,single_die,,1,UNTESTED,Generated from selected top-cell references
D00120,gds_references,,,-15858.0,-57575.0,single_die,,1,UNTESTED,Generated from selected top-cell references
D00121,gds_references,,,-12334.0,-57575.0,single_die,,1,UNTESTED,Generated from selected top-cell references
D00122,gds_references,,,-8810.0,-57575.0,single_die,,1,UNTESTED,Generated from selected top-cell references
D00123,gds_references,,,-5286.0,-57575.0,single_die,,1,UNTESTED,Generated from selected top-cell references
D00124,gds_references,,,-1762.0,-57575.0,single_die,,1,UNTESTED,Generated from selected top-cell references
D00125,gds_references,,,1762.0,-57575.0,single_die,,1,UNTESTED,Generated from selected top-cell references
D00126,gds_references,,,5286.0,-57575.0,single_die,,1,UNTESTED,Generated from selected top-cell references
D00127,gds_references,,,8810.0,-57575.0,single_die,,1,UNTESTED,Generated from selected top-cell references
D00128,gds_references,,,12334.0,-57575.0,single_die,,1,UNTESTED,Generated from selected top-cell references
D00129,gds_references,,,15858.0,-57575.0,single_die,,1,UNTESTED,Generated from selected top-cell references
D00130,gds_references,,,19382.0,-57575.0,single_die,,1,UNTESTED,Generated from selected top-cell references
D00131,gds_references,,,22906.0,-57575.0,single_die,,1,UNTESTED,Generated from selected top-cell references
D00132,gds_references,,,26430.0,-57575.0,single_die,,1,UNTESTED,Generated from selected top-cell references
D00133,gds_references,,,29954.0,-57575.0,single_die,,1,UNTESTED,Generated from selected top-cell references
D00134,gds_references,,,33478.0,-57575.0,single_die,,1,UNTESTED,Generated from selected top-cell references
D00135,gds_references,,,-33478.0,-55930.0,single_die,,1,UNTESTED,Generated from selected top-cell references
D00136,gds_references,,,-29954.0,-55930.0,single_die,,1,UNTESTED,Generated from selected top-cell references
D00137,gds_references,,,-26430.0,-55930.0,single_die,,1,UNTESTED,Generated from selected top-cell references
D00138,gds_references,,,-22906.0,-55930.0,single_die,,1,UNTESTED,Generated from selected top-cell references
D00139,gds_references,,,-19382.0,-55930.0,single_die,,1,UNTESTED,Generated from selected top-cell references
D00140,gds_references,,,-15858.0,-55930.0,single_die,,1,UNTESTED,Generated from selected top-cell references
D00141,gds_references,,,-12334.0,-55930.0,single_die,,1,UNTESTED,Generated from selected top-cell references
D00142,gds_references,,,-5286.0,-55930.0,single_die,,1,UNTESTED,Generated from selected top-cell references
D00143,gds_references,,,-1762.0,-55930.0,single_die,,1,UNTESTED,Generated from selected top-cell references
D00144,gds_references,,,1762.0,-55930.0,single_die,,1,UNTESTED,Generated from selected top-cell references
D00145,gds_references,,,5286.0,-55930.0,single_die,,1,UNTESTED,Generated from selected top-cell references
D00146,gds_references,,,8810.0,-55930.0,single_die,,1,UNTESTED,Generated from selected top-cell references
D00147,gds_references,,,12334.0,-55930.0,single_die,,1,UNTESTED,Generated from selected top-cell references
D00148,gds_references,,,15858.0,-55930.0,single_die,,1,UNTESTED,Generated from selected top-cell references
D00149,gds_references,,,19382.0,-55930.0,single_die,,1,UNTESTED,Generated from selected top-cell references
D00150,gds_references,,,22906.0,-55930.0,single_die,,1,UNTESTED,Generated from selected top-cell references
D00151,gds_references,,,29954.0,-55930.0,single_die,,1,UNTESTED,Generated from selected top-cell references
D00152,gds_references,,,33478.0,-55930.0,single_die,,1,UNTESTED,Generated from selected top-cell references
D00153,gds_references,,,-37002.0,-54285.0,single_die,,1,UNTESTED,Generated from selected top-cell references
D00154,gds_references,,,-33478.0,-54285.0,single_die,,1,UNTESTED,Generated from selected top-cell references
D00155,gds_references,,,-29954.0,-54285.0,single_die,,1,UNTESTED,Generated from selected top-cell references
D00156,gds_references,,,-26430.0,-54285.0,single_die,,1,UNTESTED,Generated from selected top-cell references
D00157,gds_references,,,-22906.0,-54285.0,single_die,,1,UNTESTED,Generated from selected top-cell references
D00158,gds_references,,,-19382.0,-54285.0,single_die,,1,UNTESTED,Generated from selected top-cell references
D00159,gds_references,,,-15858.0,-54285.0,single_die,,1,UNTESTED,Generated from selected top-cell references
D00160,gds_references,,,-12334.0,-54285.0,single_die,,1,UNTESTED,Generated from selected top-cell references
D00161,gds_references,,,-8810.0,-54285.0,single_die,,1,UNTESTED,Generated from selected top-cell references
D00162,gds_references,,,-5286.0,-54285.0,single_die,,1,UNTESTED,Generated from selected top-cell references
D00163,gds_references,,,-1762.0,-54285.0,single_die,,1,UNTESTED,Generated from selected top-cell references
D00164,gds_references,,,1762.0,-54285.0,single_die,,1,UNTESTED,Generated from selected top-cell references
D00165,gds_references,,,5286.0,-54285.0,single_die,,1,UNTESTED,Generated from selected top-cell references
D00166,gds_references,,,8810.0,-54285.0,single_die,,1,UNTESTED,Generated from selected top-cell references
D00167,gds_references,,,12334.0,-54285.0,single_die,,1,UNTESTED,Generated from selected top-cell references
D00168,gds_references,,,15858.0,-54285.0,single_die,,1,UNTESTED,Generated from selected top-cell references
D00169,gds_references,,,19382.0,-54285.0,single_die,,1,UNTESTED,Generated from selected top-cell references
D00170,gds_references,,,22906.0,-54285.0,single_die,,1,UNTESTED,Generated from selected top-cell references
D00171,gds_references,,,26430.0,-54285.0,single_die,,1,UNTESTED,Generated from selected top-cell references
D00172,gds_references,,,29954.0,-54285.0,single_die,,1,UNTESTED,Generated from selected top-cell references
D00173,gds_references,,,33478.0,-54285.0,single_die,,1,UNTESTED,Generated from selected top-cell references
D00174,gds_references,,,37002.0,-54285.0,single_die,,1,UNTESTED,Generated from selected top-cell references
D00175,gds_references,,,-40526.0,-52640.0,single_die,,1,UNTESTED,Generated from selected top-cell references
D00176,gds_references,,,-37002.0,-52640.0,single_die,,1,UNTESTED,Generated from selected top-cell references
D00177,gds_references,,,-33478.0,-52640.0,single_die,,1,UNTESTED,Generated from selected top-cell references
D00178,gds_references,,,-29954.0,-52640.0,single_die,,1,UNTESTED,Generated from selected top-cell references
D00179,gds_references,,,-26430.0,-52640.0,single_die,,1,UNTESTED,Generated from selected top-cell references
D00180,gds_references,,,-22906.0,-52640.0,single_die,,1,UNTESTED,Generated from selected top-cell references
D00181,gds_references,,,-19382.0,-52640.0,single_die,,1,UNTESTED,Generated from selected top-cell references
D00182,gds_references,,,-15858.0,-52640.0,single_die,,1,UNTESTED,Generated from selected top-cell references
D00183,gds_references,,,-12334.0,-52640.0,single_die,,1,UNTESTED,Generated from selected top-cell references
D00184,gds_references,,,-8810.0,-52640.0,single_die,,1,UNTESTED,Generated from selected top-cell references
D00185,gds_references,,,-5286.0,-52640.0,single_die,,1,UNTESTED,Generated from selected top-cell references
D00186,gds_references,,,-1762.0,-52640.0,single_die,,1,UNTESTED,Generated from selected top-cell references
D00187,gds_references,,,1762.0,-52640.0,single_die,,1,UNTESTED,Generated from selected top-cell references
D00188,gds_references,,,5286.0,-52640.0,single_die,,1,UNTESTED,Generated from selected top-cell references
D00189,gds_references,,,8810.0,-52640.0,single_die,,1,UNTESTED,Generated from selected top-cell references
D00190,gds_references,,,12334.0,-52640.0,single_die,,1,UNTESTED,Generated from selected top-cell references
D00191,gds_references,,,15858.0,-52640.0,single_die,,1,UNTESTED,Generated from selected top-cell references
D00192,gds_references,,,19382.0,-52640.0,single_die,,1,UNTESTED,Generated from selected top-cell references
D00193,gds_references,,,22906.0,-52640.0,single_die,,1,UNTESTED,Generated from selected top-cell references
D00194,gds_references,,,26430.0,-52640.0,single_die,,1,UNTESTED,Generated from selected top-cell references
D00195,gds_references,,,29954.0,-52640.0,single_die,,1,UNTESTED,Generated from selected top-cell references
D00196,gds_references,,,33478.0,-52640.0,single_die,,1,UNTESTED,Generated from selected top-cell references
D00197,gds_references,,,37002.0,-52640.0,single_die,,1,UNTESTED,Generated from selected top-cell references
D00198,gds_references,,,40526.0,-52640.0,single_die,,1,UNTESTED,Generated from selected top-cell references
D00199,gds_references,,,-40526.0,-50995.0,single_die,,1,UNTESTED,Generated from selected top-cell references
D00200,gds_references,,,-37002.0,-50995.0,single_die,,1,UNTESTED,Generated from selected top-cell references
D00201,gds_references,,,-33478.0,-50995.0,single_die,,1,UNTESTED,Generated from selected top-cell references
D00202,gds_references,,,-29954.0,-50995.0,single_die,,1,UNTESTED,Generated from selected top-cell references
D00203,gds_references,,,-26430.0,-50995.0,single_die,,1,UNTESTED,Generated from selected top-cell references
D00204,gds_references,,,-22906.0,-50995.0,single_die,,1,UNTESTED,Generated from selected top-cell references
D00205,gds_references,,,-19382.0,-50995.0,single_die,,1,UNTESTED,Generated from selected top-cell references
D00206,gds_references,,,-15858.0,-50995.0,single_die,,1,UNTESTED,Generated from selected top-cell references
D00207,gds_references,,,-12334.0,-50995.0,single_die,,1,UNTESTED,Generated from selected top-cell references
D00208,gds_references,,,-8810.0,-50995.0,single_die,,1,UNTESTED,Generated from selected top-cell references
D00209,gds_references,,,-5286.0,-50995.0,single_die,,1,UNTESTED,Generated from selected top-cell references
D00210,gds_references,,,-1762.0,-50995.0,single_die,,1,UNTESTED,Generated from selected top-cell references
D00211,gds_references,,,1762.0,-50995.0,single_die,,1,UNTESTED,Generated from selected top-cell references
D00212,gds_references,,,5286.0,-50995.0,single_die,,1,UNTESTED,Generated from selected top-cell references
D00213,gds_references,,,8810.0,-50995.0,single_die,,1,UNTESTED,Generated from selected top-cell references
D00214,gds_references,,,12334.0,-50995.0,single_die,,1,UNTESTED,Generated from selected top-cell references
D00215,gds_references,,,15858.0,-50995.0,single_die,,1,UNTESTED,Generated from selected top-cell references
D00216,gds_references,,,19382.0,-50995.0,single_die,,1,UNTESTED,Generated from selected top-cell references
D00217,gds_references,,,22906.0,-50995.0,single_die,,1,UNTESTED,Generated from selected top-cell references
D00218,gds_references,,,26430.0,-50995.0,single_die,,1,UNTESTED,Generated from selected top-cell references
D00219,gds_references,,,29954.0,-50995.0,single_die,,1,UNTESTED,Generated from selected top-cell references
D00220,gds_references,,,33478.0,-50995.0,single_die,,1,UNTESTED,Generated from selected top-cell references
D00221,gds_references,,,37002.0,-50995.0,single_die,,1,UNTESTED,Generated from selected top-cell references
D00222,gds_references,,,40526.0,-50995.0,single_die,,1,UNTESTED,Generated from selected top-cell references
D00223,gds_references,,,-44050.0,-49350.0,single_die,,1,UNTESTED,Generated from selected top-cell references
D00224,gds_references,,,-40526.0,-49350.0,single_die,,1,UNTESTED,Generated from selected top-cell references
D00225,gds_references,,,-37002.0,-49350.0,single_die,,1,UNTESTED,Generated from selected top-cell references
D00226,gds_references,,,-33478.0,-49350.0,single_die,,1,UNTESTED,Generated from selected top-cell references
D00227,gds_references,,,-29954.0,-49350.0,single_die,,1,UNTESTED,Generated from selected top-cell references
D00228,gds_references,,,-26430.0,-49350.0,single_die,,1,UNTESTED,Generated from selected top-cell references
D00229,gds_references,,,-22906.0,-49350.0,single_die,,1,UNTESTED,Generated from selected top-cell references
D00230,gds_references,,,-19382.0,-49350.0,single_die,,1,UNTESTED,Generated from selected top-cell references
D00231,gds_references,,,-15858.0,-49350.0,single_die,,1,UNTESTED,Generated from selected top-cell references
D00232,gds_references,,,-12334.0,-49350.0,single_die,,1,UNTESTED,Generated from selected top-cell references
D00233,gds_references,,,-8810.0,-49350.0,single_die,,1,UNTESTED,Generated from selected top-cell references
D00234,gds_references,,,-5286.0,-49350.0,single_die,,1,UNTESTED,Generated from selected top-cell references
D00235,gds_references,,,-1762.0,-49350.0,single_die,,1,UNTESTED,Generated from selected top-cell references
D00236,gds_references,,,1762.0,-49350.0,single_die,,1,UNTESTED,Generated from selected top-cell references
D00237,gds_references,,,5286.0,-49350.0,single_die,,1,UNTESTED,Generated from selected top-cell references
D00238,gds_references,,,8810.0,-49350.0,single_die,,1,UNTESTED,Generated from selected top-cell references
D00239,gds_references,,,12334.0,-49350.0,single_die,,1,UNTESTED,Generated from selected top-cell references
D00240,gds_references,,,15858.0,-49350.0,single_die,,1,UNTESTED,Generated from selected top-cell references
D00241,gds_references,,,19382.0,-49350.0,single_die,,1,UNTESTED,Generated from selected top-cell references
D00242,gds_references,,,22906.0,-49350.0,single_die,,1,UNTESTED,Generated from selected top-cell references
D00243,gds_references,,,26430.0,-49350.0,single_die,,1,UNTESTED,Generated from selected top-cell references
D00244,gds_references,,,29954.0,-49350.0,single_die,,1,UNTESTED,Generated from selected top-cell references
D00245,gds_references,,,33478.0,-49350.0,single_die,,1,UNTESTED,Generated from selected top-cell references
D00246,gds_references,,,37002.0,-49350.0,single_die,,1,UNTESTED,Generated from selected top-cell references
D00247,gds_references,,,40526.0,-49350.0,single_die,,1,UNTESTED,Generated from selected top-cell references
D00248,gds_references,,,44050.0,-49350.0,single_die,,1,UNTESTED,Generated from selected top-cell references
D00249,gds_references,,,-44050.0,-47705.0,single_die,,1,UNTESTED,Generated from selected top-cell references
D00250,gds_references,,,-40526.0,-47705.0,single_die,,1,UNTESTED,Generated from selected top-cell references
D00251,gds_references,,,-37002.0,-47705.0,single_die,,1,UNTESTED,Generated from selected top-cell references
D00252,gds_references,,,-33478.0,-47705.0,single_die,,1,UNTESTED,Generated from selected top-cell references
D00253,gds_references,,,-29954.0,-47705.0,single_die,,1,UNTESTED,Generated from selected top-cell references
D00254,gds_references,,,-26430.0,-47705.0,single_die,,1,UNTESTED,Generated from selected top-cell references
D00255,gds_references,,,-22906.0,-47705.0,single_die,,1,UNTESTED,Generated from selected top-cell references
D00256,gds_references,,,-19382.0,-47705.0,single_die,,1,UNTESTED,Generated from selected top-cell references
D00257,gds_references,,,-15858.0,-47705.0,single_die,,1,UNTESTED,Generated from selected top-cell references
D00258,gds_references,,,-12334.0,-47705.0,single_die,,1,UNTESTED,Generated from selected top-cell references
D00259,gds_references,,,-8810.0,-47705.0,single_die,,1,UNTESTED,Generated from selected top-cell references
D00260,gds_references,,,-5286.0,-47705.0,single_die,,1,UNTESTED,Generated from selected top-cell references
D00261,gds_references,,,-1762.0,-47705.0,single_die,,1,UNTESTED,Generated from selected top-cell references
D00262,gds_references,,,1762.0,-47705.0,single_die,,1,UNTESTED,Generated from selected top-cell references
D00263,gds_references,,,5286.0,-47705.0,single_die,,1,UNTESTED,Generated from selected top-cell references
D00264,gds_references,,,8810.0,-47705.0,single_die,,1,UNTESTED,Generated from selected top-cell references
D00265,gds_references,,,12334.0,-47705.0,single_die,,1,UNTESTED,Generated from selected top-cell references
D00266,gds_references,,,15858.0,-47705.0,single_die,,1,UNTESTED,Generated from selected top-cell references
D00267,gds_references,,,19382.0,-47705.0,single_die,,1,UNTESTED,Generated from selected top-cell references
D00268,gds_references,,,22906.0,-47705.0,single_die,,1,UNTESTED,Generated from selected top-cell references
D00269,gds_references,,,26430.0,-47705.0,single_die,,1,UNTESTED,Generated from selected top-cell references
D00270,gds_references,,,29954.0,-47705.0,single_die,,1,UNTESTED,Generated from selected top-cell references
D00271,gds_references,,,33478.0,-47705.0,single_die,,1,UNTESTED,Generated from selected top-cell references
D00272,gds_references,,,37002.0,-47705.0,single_die,,1,UNTESTED,Generated from selected top-cell references
D00273,gds_references,,,40526.0,-47705.0,single_die,,1,UNTESTED,Generated from selected top-cell references
D00274,gds_references,,,44050.0,-47705.0,single_die,,1,UNTESTED,Generated from selected top-cell references
D00275,gds_references,,,-44050.0,-46060.0,single_die,,1,UNTESTED,Generated from selected top-cell references
D00276,gds_references,,,-40526.0,-46060.0,single_die,,1,UNTESTED,Generated from selected top-cell references
D00277,gds_references,,,-37002.0,-46060.0,single_die,,1,UNTESTED,Generated from selected top-cell references
D00278,gds_references,,,-33478.0,-46060.0,single_die,,1,UNTESTED,Generated from selected top-cell references
D00279,gds_references,,,-29954.0,-46060.0,single_die,,1,UNTESTED,Generated from selected top-cell references
D00280,gds_references,,,-26430.0,-46060.0,single_die,,1,UNTESTED,Generated from selected top-cell references
D00281,gds_references,,,-22906.0,-46060.0,single_die,,1,UNTESTED,Generated from selected top-cell references
D00282,gds_references,,,-19382.0,-46060.0,single_die,,1,UNTESTED,Generated from selected top-cell references
D00283,gds_references,,,-15858.0,-46060.0,single_die,,1,UNTESTED,Generated from selected top-cell references
D00284,gds_references,,,-12334.0,-46060.0,single_die,,1,UNTESTED,Generated from selected top-cell references
D00285,gds_references,,,-8810.0,-46060.0,single_die,,1,UNTESTED,Generated from selected top-cell references
D00286,gds_references,,,-5286.0,-46060.0,single_die,,1,UNTESTED,Generated from selected top-cell references
D00287,gds_references,,,-1762.0,-46060.0,single_die,,1,UNTESTED,Generated from selected top-cell references
D00288,gds_references,,,1762.0,-46060.0,single_die,,1,UNTESTED,Generated from selected top-cell references
D00289,gds_references,,,5286.0,-46060.0,single_die,,1,UNTESTED,Generated from selected top-cell references
D00290,gds_references,,,8810.0,-46060.0,single_die,,1,UNTESTED,Generated from selected top-cell references
D00291,gds_references,,,12334.0,-46060.0,single_die,,1,UNTESTED,Generated from selected top-cell references
D00292,gds_references,,,15858.0,-46060.0,single_die,,1,UNTESTED,Generated from selected top-cell references
D00293,gds_references,,,19382.0,-46060.0,single_die,,1,UNTESTED,Generated from selected top-cell references
D00294,gds_references,,,22906.0,-46060.0,single_die,,1,UNTESTED,Generated from selected top-cell references
D00295,gds_references,,,26430.0,-46060.0,single_die,,1,UNTESTED,Generated from selected top-cell references
D00296,gds_references,,,29954.0,-46060.0,single_die,,1,UNTESTED,Generated from selected top-cell references
D00297,gds_references,,,33478.0,-46060.0,single_die,,1,UNTESTED,Generated from selected top-cell references
D00298,gds_references,,,37002.0,-46060.0,single_die,,1,UNTESTED,Generated from selected top-cell references
D00299,gds_references,,,40526.0,-46060.0,single_die,,1,UNTESTED,Generated from selected top-cell references
D00300,gds_references,,,44050.0,-46060.0,single_die,,1,UNTESTED,Generated from selected top-cell references
D00301,gds_references,,,-47574.0,-44415.0,single_die,,1,UNTESTED,Generated from selected top-cell references
D00302,gds_references,,,-44050.0,-44415.0,single_die,,1,UNTESTED,Generated from selected top-cell references
D00303,gds_references,,,-40526.0,-44415.0,single_die,,1,UNTESTED,Generated from selected top-cell references
D00304,gds_references,,,-37002.0,-44415.0,single_die,,1,UNTESTED,Generated from selected top-cell references
D00305,gds_references,,,-33478.0,-44415.0,single_die,,1,UNTESTED,Generated from selected top-cell references
D00306,gds_references,,,-29954.0,-44415.0,single_die,,1,UNTESTED,Generated from selected top-cell references
D00307,gds_references,,,-26430.0,-44415.0,single_die,,1,UNTESTED,Generated from selected top-cell references
D00308,gds_references,,,-22906.0,-44415.0,single_die,,1,UNTESTED,Generated from selected top-cell references
D00309,gds_references,,,-19382.0,-44415.0,single_die,,1,UNTESTED,Generated from selected top-cell references
D00310,gds_references,,,-15858.0,-44415.0,single_die,,1,UNTESTED,Generated from selected top-cell references
D00311,gds_references,,,-12334.0,-44415.0,single_die,,1,UNTESTED,Generated from selected top-cell references
D00312,gds_references,,,-8810.0,-44415.0,single_die,,1,UNTESTED,Generated from selected top-cell references
D00313,gds_references,,,-5286.0,-44415.0,single_die,,1,UNTESTED,Generated from selected top-cell references
D00314,gds_references,,,-1762.0,-44415.0,single_die,,1,UNTESTED,Generated from selected top-cell references
D00315,gds_references,,,1762.0,-44415.0,single_die,,1,UNTESTED,Generated from selected top-cell references
D00316,gds_references,,,5286.0,-44415.0,single_die,,1,UNTESTED,Generated from selected top-cell references
D00317,gds_references,,,8810.0,-44415.0,single_die,,1,UNTESTED,Generated from selected top-cell references
D00318,gds_references,,,12334.0,-44415.0,single_die,,1,UNTESTED,Generated from selected top-cell references
D00319,gds_references,,,15858.0,-44415.0,single_die,,1,UNTESTED,Generated from selected top-cell references
D00320,gds_references,,,19382.0,-44415.0,single_die,,1,UNTESTED,Generated from selected top-cell references
D00321,gds_references,,,22906.0,-44415.0,single_die,,1,UNTESTED,Generated from selected top-cell references
D00322,gds_references,,,26430.0,-44415.0,single_die,,1,UNTESTED,Generated from selected top-cell references
D00323,gds_references,,,29954.0,-44415.0,single_die,,1,UNTESTED,Generated from selected top-cell references
D00324,gds_references,,,33478.0,-44415.0,single_die,,1,UNTESTED,Generated from selected top-cell references
D00325,gds_references,,,37002.0,-44415.0,single_die,,1,UNTESTED,Generated from selected top-cell references
D00326,gds_references,,,40526.0,-44415.0,single_die,,1,UNTESTED,Generated from selected top-cell references
D00327,gds_references,,,44050.0,-44415.0,single_die,,1,UNTESTED,Generated from selected top-cell references
D00328,gds_references,,,47574.0,-44415.0,single_die,,1,UNTESTED,Generated from selected top-cell references
D00329,gds_references,,,-47574.0,-42770.0,single_die,,1,UNTESTED,Generated from selected top-cell references
D00330,gds_references,,,-44050.0,-42770.0,single_die,,1,UNTESTED,Generated from selected top-cell references
D00331,gds_references,,,-40526.0,-42770.0,single_die,,1,UNTESTED,Generated from selected top-cell references
D00332,gds_references,,,-37002.0,-42770.0,single_die,,1,UNTESTED,Generated from selected top-cell references
D00333,gds_references,,,-33478.0,-42770.0,single_die,,1,UNTESTED,Generated from selected top-cell references
D00334,gds_references,,,-29954.0,-42770.0,single_die,,1,UNTESTED,Generated from selected top-cell references
D00335,gds_references,,,-26430.0,-42770.0,single_die,,1,UNTESTED,Generated from selected top-cell references
D00336,gds_references,,,-22906.0,-42770.0,single_die,,1,UNTESTED,Generated from selected top-cell references
D00337,gds_references,,,-19382.0,-42770.0,single_die,,1,UNTESTED,Generated from selected top-cell references
D00338,gds_references,,,-15858.0,-42770.0,single_die,,1,UNTESTED,Generated from selected top-cell references
D00339,gds_references,,,-12334.0,-42770.0,single_die,,1,UNTESTED,Generated from selected top-cell references
D00340,gds_references,,,-8810.0,-42770.0,single_die,,1,UNTESTED,Generated from selected top-cell references
D00341,gds_references,,,-5286.0,-42770.0,single_die,,1,UNTESTED,Generated from selected top-cell references
D00342,gds_references,,,-1762.0,-42770.0,single_die,,1,UNTESTED,Generated from selected top-cell references
D00343,gds_references,,,1762.0,-42770.0,single_die,,1,UNTESTED,Generated from selected top-cell references
D00344,gds_references,,,5286.0,-42770.0,single_die,,1,UNTESTED,Generated from selected top-cell references
D00345,gds_references,,,8810.0,-42770.0,single_die,,1,UNTESTED,Generated from selected top-cell references
D00346,gds_references,,,12334.0,-42770.0,single_die,,1,UNTESTED,Generated from selected top-cell references
D00347,gds_references,,,15858.0,-42770.0,single_die,,1,UNTESTED,Generated from selected top-cell references
D00348,gds_references,,,19382.0,-42770.0,single_die,,1,UNTESTED,Generated from selected top-cell references
D00349,gds_references,,,22906.0,-42770.0,single_die,,1,UNTESTED,Generated from selected top-cell references
D00350,gds_references,,,26430.0,-42770.0,single_die,,1,UNTESTED,Generated from selected top-cell references
D00351,gds_references,,,29954.0,-42770.0,single_die,,1,UNTESTED,Generated from selected top-cell references
D00352,gds_references,,,33478.0,-42770.0,single_die,,1,UNTESTED,Generated from selected top-cell references
D00353,gds_references,,,37002.0,-42770.0,single_die,,1,UNTESTED,Generated from selected top-cell references
D00354,gds_references,,,40526.0,-42770.0,single_die,,1,UNTESTED,Generated from selected top-cell references
D00355,gds_references,,,44050.0,-42770.0,single_die,,1,UNTESTED,Generated from selected top-cell references
D00356,gds_references,,,47574.0,-42770.0,single_die,,1,UNTESTED,Generated from selected top-cell references
D00357,gds_references,,,-51098.0,-41125.0,single_die,,1,UNTESTED,Generated from selected top-cell references
D00358,gds_references,,,-47574.0,-41125.0,single_die,,1,UNTESTED,Generated from selected top-cell references
D00359,gds_references,,,-44050.0,-41125.0,single_die,,1,UNTESTED,Generated from selected top-cell references
D00360,gds_references,,,-40526.0,-41125.0,single_die,,1,UNTESTED,Generated from selected top-cell references
D00361,gds_references,,,-37002.0,-41125.0,single_die,,1,UNTESTED,Generated from selected top-cell references
D00362,gds_references,,,-33478.0,-41125.0,single_die,,1,UNTESTED,Generated from selected top-cell references
D00363,gds_references,,,-29954.0,-41125.0,single_die,,1,UNTESTED,Generated from selected top-cell references
D00364,gds_references,,,-26430.0,-41125.0,single_die,,1,UNTESTED,Generated from selected top-cell references
D00365,gds_references,,,-22906.0,-41125.0,single_die,,1,UNTESTED,Generated from selected top-cell references
D00366,gds_references,,,-19382.0,-41125.0,single_die,,1,UNTESTED,Generated from selected top-cell references
D00367,gds_references,,,-15858.0,-41125.0,single_die,,1,UNTESTED,Generated from selected top-cell references
D00368,gds_references,,,-12334.0,-41125.0,single_die,,1,UNTESTED,Generated from selected top-cell references
D00369,gds_references,,,-8810.0,-41125.0,single_die,,1,UNTESTED,Generated from selected top-cell references
D00370,gds_references,,,-5286.0,-41125.0,single_die,,1,UNTESTED,Generated from selected top-cell references
D00371,gds_references,,,-1762.0,-41125.0,single_die,,1,UNTESTED,Generated from selected top-cell references
D00372,gds_references,,,1762.0,-41125.0,single_die,,1,UNTESTED,Generated from selected top-cell references
D00373,gds_references,,,5286.0,-41125.0,single_die,,1,UNTESTED,Generated from selected top-cell references
D00374,gds_references,,,8810.0,-41125.0,single_die,,1,UNTESTED,Generated from selected top-cell references
D00375,gds_references,,,12334.0,-41125.0,single_die,,1,UNTESTED,Generated from selected top-cell references
D00376,gds_references,,,15858.0,-41125.0,single_die,,1,UNTESTED,Generated from selected top-cell references
D00377,gds_references,,,19382.0,-41125.0,single_die,,1,UNTESTED,Generated from selected top-cell references
D00378,gds_references,,,22906.0,-41125.0,single_die,,1,UNTESTED,Generated from selected top-cell references
D00379,gds_references,,,26430.0,-41125.0,single_die,,1,UNTESTED,Generated from selected top-cell references
D00380,gds_references,,,29954.0,-41125.0,single_die,,1,UNTESTED,Generated from selected top-cell references
D00381,gds_references,,,33478.0,-41125.0,single_die,,1,UNTESTED,Generated from selected top-cell references
D00382,gds_references,,,37002.0,-41125.0,single_die,,1,UNTESTED,Generated from selected top-cell references
D00383,gds_references,,,40526.0,-41125.0,single_die,,1,UNTESTED,Generated from selected top-cell references
D00384,gds_references,,,44050.0,-41125.0,single_die,,1,UNTESTED,Generated from selected top-cell references
D00385,gds_references,,,47574.0,-41125.0,single_die,,1,UNTESTED,Generated from selected top-cell references
D00386,gds_references,,,51098.0,-41125.0,single_die,,1,UNTESTED,Generated from selected top-cell references
D00387,gds_references,,,-51098.0,-39480.0,single_die,,1,UNTESTED,Generated from selected top-cell references
D00388,gds_references,,,-47574.0,-39480.0,single_die,,1,UNTESTED,Generated from selected top-cell references
D00389,gds_references,,,-44050.0,-39480.0,single_die,,1,UNTESTED,Generated from selected top-cell references
D00390,gds_references,,,-40526.0,-39480.0,single_die,,1,UNTESTED,Generated from selected top-cell references
D00391,gds_references,,,-37002.0,-39480.0,single_die,,1,UNTESTED,Generated from selected top-cell references
D00392,gds_references,,,-33478.0,-39480.0,single_die,,1,UNTESTED,Generated from selected top-cell references
D00393,gds_references,,,-29954.0,-39480.0,single_die,,1,UNTESTED,Generated from selected top-cell references
D00394,gds_references,,,-26430.0,-39480.0,single_die,,1,UNTESTED,Generated from selected top-cell references
D00395,gds_references,,,-22906.0,-39480.0,single_die,,1,UNTESTED,Generated from selected top-cell references
D00396,gds_references,,,-19382.0,-39480.0,single_die,,1,UNTESTED,Generated from selected top-cell references
D00397,gds_references,,,-15858.0,-39480.0,single_die,,1,UNTESTED,Generated from selected top-cell references
D00398,gds_references,,,-12334.0,-39480.0,single_die,,1,UNTESTED,Generated from selected top-cell references
D00399,gds_references,,,-8810.0,-39480.0,single_die,,1,UNTESTED,Generated from selected top-cell references
D00400,gds_references,,,-5286.0,-39480.0,single_die,,1,UNTESTED,Generated from selected top-cell references
D00401,gds_references,,,-1762.0,-39480.0,single_die,,1,UNTESTED,Generated from selected top-cell references
D00402,gds_references,,,1762.0,-39480.0,single_die,,1,UNTESTED,Generated from selected top-cell references
D00403,gds_references,,,5286.0,-39480.0,single_die,,1,UNTESTED,Generated from selected top-cell references
D00404,gds_references,,,8810.0,-39480.0,single_die,,1,UNTESTED,Generated from selected top-cell references
D00405,gds_references,,,12334.0,-39480.0,single_die,,1,UNTESTED,Generated from selected top-cell references
D00406,gds_references,,,15858.0,-39480.0,single_die,,1,UNTESTED,Generated from selected top-cell references
D00407,gds_references,,,19382.0,-39480.0,single_die,,1,UNTESTED,Generated from selected top-cell references
D00408,gds_references,,,22906.0,-39480.0,single_die,,1,UNTESTED,Generated from selected top-cell references
D00409,gds_references,,,26430.0,-39480.0,single_die,,1,UNTESTED,Generated from selected top-cell references
D00410,gds_references,,,29954.0,-39480.0,single_die,,1,UNTESTED,Generated from selected top-cell references
D00411,gds_references,,,33478.0,-39480.0,single_die,,1,UNTESTED,Generated from selected top-cell references
D00412,gds_references,,,37002.0,-39480.0,single_die,,1,UNTESTED,Generated from selected top-cell references
D00413,gds_references,,,40526.0,-39480.0,single_die,,1,UNTESTED,Generated from selected top-cell references
D00414,gds_references,,,44050.0,-39480.0,single_die,,1,UNTESTED,Generated from selected top-cell references
D00415,gds_references,,,47574.0,-39480.0,single_die,,1,UNTESTED,Generated from selected top-cell references
D00416,gds_references,,,51098.0,-39480.0,single_die,,1,UNTESTED,Generated from selected top-cell references
D00417,gds_references,,,-51098.0,-37835.0,single_die,,1,UNTESTED,Generated from selected top-cell references
D00418,gds_references,,,-47574.0,-37835.0,single_die,,1,UNTESTED,Generated from selected top-cell references
D00419,gds_references,,,-44050.0,-37835.0,single_die,,1,UNTESTED,Generated from selected top-cell references
D00420,gds_references,,,-40526.0,-37835.0,single_die,,1,UNTESTED,Generated from selected top-cell references
D00421,gds_references,,,-37002.0,-37835.0,single_die,,1,UNTESTED,Generated from selected top-cell references
D00422,gds_references,,,-33478.0,-37835.0,single_die,,1,UNTESTED,Generated from selected top-cell references
D00423,gds_references,,,-29954.0,-37835.0,single_die,,1,UNTESTED,Generated from selected top-cell references
D00424,gds_references,,,-26430.0,-37835.0,single_die,,1,UNTESTED,Generated from selected top-cell references
D00425,gds_references,,,-22906.0,-37835.0,single_die,,1,UNTESTED,Generated from selected top-cell references
D00426,gds_references,,,-19382.0,-37835.0,single_die,,1,UNTESTED,Generated from selected top-cell references
D00427,gds_references,,,-15858.0,-37835.0,single_die,,1,UNTESTED,Generated from selected top-cell references
D00428,gds_references,,,-12334.0,-37835.0,single_die,,1,UNTESTED,Generated from selected top-cell references
D00429,gds_references,,,-8810.0,-37835.0,single_die,,1,UNTESTED,Generated from selected top-cell references
D00430,gds_references,,,-5286.0,-37835.0,single_die,,1,UNTESTED,Generated from selected top-cell references
D00431,gds_references,,,-1762.0,-37835.0,single_die,,1,UNTESTED,Generated from selected top-cell references
D00432,gds_references,,,1762.0,-37835.0,single_die,,1,UNTESTED,Generated from selected top-cell references
D00433,gds_references,,,5286.0,-37835.0,single_die,,1,UNTESTED,Generated from selected top-cell references
D00434,gds_references,,,8810.0,-37835.0,single_die,,1,UNTESTED,Generated from selected top-cell references
D00435,gds_references,,,12334.0,-37835.0,single_die,,1,UNTESTED,Generated from selected top-cell references
D00436,gds_references,,,15858.0,-37835.0,single_die,,1,UNTESTED,Generated from selected top-cell references
D00437,gds_references,,,19382.0,-37835.0,single_die,,1,UNTESTED,Generated from selected top-cell references
D00438,gds_references,,,22906.0,-37835.0,single_die,,1,UNTESTED,Generated from selected top-cell references
D00439,gds_references,,,26430.0,-37835.0,single_die,,1,UNTESTED,Generated from selected top-cell references
D00440,gds_references,,,29954.0,-37835.0,single_die,,1,UNTESTED,Generated from selected top-cell references
D00441,gds_references,,,33478.0,-37835.0,single_die,,1,UNTESTED,Generated from selected top-cell references
D00442,gds_references,,,37002.0,-37835.0,single_die,,1,UNTESTED,Generated from selected top-cell references
D00443,gds_references,,,40526.0,-37835.0,single_die,,1,UNTESTED,Generated from selected top-cell references
D00444,gds_references,,,44050.0,-37835.0,single_die,,1,UNTESTED,Generated from selected top-cell references
D00445,gds_references,,,47574.0,-37835.0,single_die,,1,UNTESTED,Generated from selected top-cell references
D00446,gds_references,,,51098.0,-37835.0,single_die,,1,UNTESTED,Generated from selected top-cell references
D00447,gds_references,,,54622.0,-37835.0,single_die,,1,UNTESTED,Generated from selected top-cell references
D00448,gds_references,,,-51098.0,-36190.0,single_die,,1,UNTESTED,Generated from selected top-cell references
D00449,gds_references,,,-47574.0,-36190.0,single_die,,1,UNTESTED,Generated from selected top-cell references
D00450,gds_references,,,-40526.0,-36190.0,single_die,,1,UNTESTED,Generated from selected top-cell references
D00451,gds_references,,,-37002.0,-36190.0,single_die,,1,UNTESTED,Generated from selected top-cell references
D00452,gds_references,,,-33478.0,-36190.0,single_die,,1,UNTESTED,Generated from selected top-cell references
D00453,gds_references,,,-29954.0,-36190.0,single_die,,1,UNTESTED,Generated from selected top-cell references
D00454,gds_references,,,-26430.0,-36190.0,single_die,,1,UNTESTED,Generated from selected top-cell references
D00455,gds_references,,,-22906.0,-36190.0,single_die,,1,UNTESTED,Generated from selected top-cell references
D00456,gds_references,,,-19382.0,-36190.0,single_die,,1,UNTESTED,Generated from selected top-cell references
D00457,gds_references,,,-15858.0,-36190.0,single_die,,1,UNTESTED,Generated from selected top-cell references
D00458,gds_references,,,-12334.0,-36190.0,single_die,,1,UNTESTED,Generated from selected top-cell references
D00459,gds_references,,,-5286.0,-36190.0,single_die,,1,UNTESTED,Generated from selected top-cell references
D00460,gds_references,,,-1762.0,-36190.0,single_die,,1,UNTESTED,Generated from selected top-cell references
D00461,gds_references,,,1762.0,-36190.0,single_die,,1,UNTESTED,Generated from selected top-cell references
D00462,gds_references,,,5286.0,-36190.0,single_die,,1,UNTESTED,Generated from selected top-cell references
D00463,gds_references,,,8810.0,-36190.0,single_die,,1,UNTESTED,Generated from selected top-cell references
D00464,gds_references,,,12334.0,-36190.0,single_die,,1,UNTESTED,Generated from selected top-cell references
D00465,gds_references,,,15858.0,-36190.0,single_die,,1,UNTESTED,Generated from selected top-cell references
D00466,gds_references,,,19382.0,-36190.0,single_die,,1,UNTESTED,Generated from selected top-cell references
D00467,gds_references,,,22906.0,-36190.0,single_die,,1,UNTESTED,Generated from selected top-cell references
D00468,gds_references,,,29954.0,-36190.0,single_die,,1,UNTESTED,Generated from selected top-cell references
D00469,gds_references,,,33478.0,-36190.0,single_die,,1,UNTESTED,Generated from selected top-cell references
D00470,gds_references,,,37002.0,-36190.0,single_die,,1,UNTESTED,Generated from selected top-cell references
D00471,gds_references,,,40526.0,-36190.0,single_die,,1,UNTESTED,Generated from selected top-cell references
D00472,gds_references,,,44050.0,-36190.0,single_die,,1,UNTESTED,Generated from selected top-cell references
D00473,gds_references,,,47574.0,-36190.0,single_die,,1,UNTESTED,Generated from selected top-cell references
D00474,gds_references,,,51098.0,-36190.0,single_die,,1,UNTESTED,Generated from selected top-cell references
D00475,gds_references,,,54622.0,-36190.0,single_die,,1,UNTESTED,Generated from selected top-cell references
D00476,gds_references,,,-54622.0,-34545.0,single_die,,1,UNTESTED,Generated from selected top-cell references
D00477,gds_references,,,-51098.0,-34545.0,single_die,,1,UNTESTED,Generated from selected top-cell references
D00478,gds_references,,,-47574.0,-34545.0,single_die,,1,UNTESTED,Generated from selected top-cell references
D00479,gds_references,,,-40526.0,-34545.0,single_die,,1,UNTESTED,Generated from selected top-cell references
D00480,gds_references,,,-37002.0,-34545.0,single_die,,1,UNTESTED,Generated from selected top-cell references
D00481,gds_references,,,-33478.0,-34545.0,single_die,,1,UNTESTED,Generated from selected top-cell references
D00482,gds_references,,,-29954.0,-34545.0,single_die,,1,UNTESTED,Generated from selected top-cell references
D00483,gds_references,,,-26430.0,-34545.0,single_die,,1,UNTESTED,Generated from selected top-cell references
D00484,gds_references,,,-22906.0,-34545.0,single_die,,1,UNTESTED,Generated from selected top-cell references
D00485,gds_references,,,-19382.0,-34545.0,single_die,,1,UNTESTED,Generated from selected top-cell references
D00486,gds_references,,,-15858.0,-34545.0,single_die,,1,UNTESTED,Generated from selected top-cell references
D00487,gds_references,,,-12334.0,-34545.0,single_die,,1,UNTESTED,Generated from selected top-cell references
D00488,gds_references,,,-5286.0,-34545.0,single_die,,1,UNTESTED,Generated from selected top-cell references
D00489,gds_references,,,-1762.0,-34545.0,single_die,,1,UNTESTED,Generated from selected top-cell references
D00490,gds_references,,,1762.0,-34545.0,single_die,,1,UNTESTED,Generated from selected top-cell references
D00491,gds_references,,,5286.0,-34545.0,single_die,,1,UNTESTED,Generated from selected top-cell references
D00492,gds_references,,,8810.0,-34545.0,single_die,,1,UNTESTED,Generated from selected top-cell references
D00493,gds_references,,,12334.0,-34545.0,single_die,,1,UNTESTED,Generated from selected top-cell references
D00494,gds_references,,,15858.0,-34545.0,single_die,,1,UNTESTED,Generated from selected top-cell references
D00495,gds_references,,,19382.0,-34545.0,single_die,,1,UNTESTED,Generated from selected top-cell references
D00496,gds_references,,,22906.0,-34545.0,single_die,,1,UNTESTED,Generated from selected top-cell references
D00497,gds_references,,,29954.0,-34545.0,single_die,,1,UNTESTED,Generated from selected top-cell references
D00498,gds_references,,,33478.0,-34545.0,single_die,,1,UNTESTED,Generated from selected top-cell references
D00499,gds_references,,,37002.0,-34545.0,single_die,,1,UNTESTED,Generated from selected top-cell references
D00500,gds_references,,,40526.0,-34545.0,single_die,,1,UNTESTED,Generated from selected top-cell references
D00501,gds_references,,,44050.0,-34545.0,single_die,,1,UNTESTED,Generated from selected top-cell references
D00502,gds_references,,,47574.0,-34545.0,single_die,,1,UNTESTED,Generated from selected top-cell references
D00503,gds_references,,,51098.0,-34545.0,single_die,,1,UNTESTED,Generated from selected top-cell references
D00504,gds_references,,,54622.0,-34545.0,single_die,,1,UNTESTED,Generated from selected top-cell references
D00505,gds_references,,,-54622.0,-32900.0,single_die,,1,UNTESTED,Generated from selected top-cell references
D00506,gds_references,,,-51098.0,-32900.0,single_die,,1,UNTESTED,Generated from selected top-cell references
D00507,gds_references,,,-47574.0,-32900.0,single_die,,1,UNTESTED,Generated from selected top-cell references
D00508,gds_references,,,-44050.0,-32900.0,single_die,,1,UNTESTED,Generated from selected top-cell references
D00509,gds_references,,,-40526.0,-32900.0,single_die,,1,UNTESTED,Generated from selected top-cell references
D00510,gds_references,,,-37002.0,-32900.0,single_die,,1,UNTESTED,Generated from selected top-cell references
D00511,gds_references,,,-33478.0,-32900.0,single_die,,1,UNTESTED,Generated from selected top-cell references
D00512,gds_references,,,-29954.0,-32900.0,single_die,,1,UNTESTED,Generated from selected top-cell references
D00513,gds_references,,,-26430.0,-32900.0,single_die,,1,UNTESTED,Generated from selected top-cell references
D00514,gds_references,,,-22906.0,-32900.0,single_die,,1,UNTESTED,Generated from selected top-cell references
D00515,gds_references,,,-19382.0,-32900.0,single_die,,1,UNTESTED,Generated from selected top-cell references
D00516,gds_references,,,-15858.0,-32900.0,single_die,,1,UNTESTED,Generated from selected top-cell references
D00517,gds_references,,,-12334.0,-32900.0,single_die,,1,UNTESTED,Generated from selected top-cell references
D00518,gds_references,,,-8810.0,-32900.0,single_die,,1,UNTESTED,Generated from selected top-cell references
D00519,gds_references,,,-5286.0,-32900.0,single_die,,1,UNTESTED,Generated from selected top-cell references
D00520,gds_references,,,-1762.0,-32900.0,single_die,,1,UNTESTED,Generated from selected top-cell references
D00521,gds_references,,,1762.0,-32900.0,single_die,,1,UNTESTED,Generated from selected top-cell references
D00522,gds_references,,,5286.0,-32900.0,single_die,,1,UNTESTED,Generated from selected top-cell references
D00523,gds_references,,,8810.0,-32900.0,single_die,,1,UNTESTED,Generated from selected top-cell references
D00524,gds_references,,,12334.0,-32900.0,single_die,,1,UNTESTED,Generated from selected top-cell references
D00525,gds_references,,,15858.0,-32900.0,single_die,,1,UNTESTED,Generated from selected top-cell references
D00526,gds_references,,,19382.0,-32900.0,single_die,,1,UNTESTED,Generated from selected top-cell references
D00527,gds_references,,,22906.0,-32900.0,single_die,,1,UNTESTED,Generated from selected top-cell references
D00528,gds_references,,,26430.0,-32900.0,single_die,,1,UNTESTED,Generated from selected top-cell references
D00529,gds_references,,,29954.0,-32900.0,single_die,,1,UNTESTED,Generated from selected top-cell references
D00530,gds_references,,,33478.0,-32900.0,single_die,,1,UNTESTED,Generated from selected top-cell references
D00531,gds_references,,,37002.0,-32900.0,single_die,,1,UNTESTED,Generated from selected top-cell references
D00532,gds_references,,,40526.0,-32900.0,single_die,,1,UNTESTED,Generated from selected top-cell references
D00533,gds_references,,,44050.0,-32900.0,single_die,,1,UNTESTED,Generated from selected top-cell references
D00534,gds_references,,,47574.0,-32900.0,single_die,,1,UNTESTED,Generated from selected top-cell references
D00535,gds_references,,,51098.0,-32900.0,single_die,,1,UNTESTED,Generated from selected top-cell references
D00536,gds_references,,,54622.0,-32900.0,single_die,,1,UNTESTED,Generated from selected top-cell references
D00537,gds_references,,,-58146.0,-31255.0,single_die,,1,UNTESTED,Generated from selected top-cell references
D00538,gds_references,,,-54622.0,-31255.0,single_die,,1,UNTESTED,Generated from selected top-cell references
D00539,gds_references,,,-51098.0,-31255.0,single_die,,1,UNTESTED,Generated from selected top-cell references
D00540,gds_references,,,-47574.0,-31255.0,single_die,,1,UNTESTED,Generated from selected top-cell references
D00541,gds_references,,,-44050.0,-31255.0,single_die,,1,UNTESTED,Generated from selected top-cell references
D00542,gds_references,,,-40526.0,-31255.0,single_die,,1,UNTESTED,Generated from selected top-cell references
D00543,gds_references,,,-37002.0,-31255.0,single_die,,1,UNTESTED,Generated from selected top-cell references
D00544,gds_references,,,-33478.0,-31255.0,single_die,,1,UNTESTED,Generated from selected top-cell references
D00545,gds_references,,,-29954.0,-31255.0,single_die,,1,UNTESTED,Generated from selected top-cell references
D00546,gds_references,,,-26430.0,-31255.0,single_die,,1,UNTESTED,Generated from selected top-cell references
D00547,gds_references,,,-22906.0,-31255.0,single_die,,1,UNTESTED,Generated from selected top-cell references
D00548,gds_references,,,-19382.0,-31255.0,single_die,,1,UNTESTED,Generated from selected top-cell references
D00549,gds_references,,,-15858.0,-31255.0,single_die,,1,UNTESTED,Generated from selected top-cell references
D00550,gds_references,,,-12334.0,-31255.0,single_die,,1,UNTESTED,Generated from selected top-cell references
D00551,gds_references,,,-8810.0,-31255.0,single_die,,1,UNTESTED,Generated from selected top-cell references
D00552,gds_references,,,-5286.0,-31255.0,single_die,,1,UNTESTED,Generated from selected top-cell references
D00553,gds_references,,,-1762.0,-31255.0,single_die,,1,UNTESTED,Generated from selected top-cell references
D00554,gds_references,,,1762.0,-31255.0,single_die,,1,UNTESTED,Generated from selected top-cell references
D00555,gds_references,,,5286.0,-31255.0,single_die,,1,UNTESTED,Generated from selected top-cell references
D00556,gds_references,,,8810.0,-31255.0,single_die,,1,UNTESTED,Generated from selected top-cell references
D00557,gds_references,,,12334.0,-31255.0,single_die,,1,UNTESTED,Generated from selected top-cell references
D00558,gds_references,,,15858.0,-31255.0,single_die,,1,UNTESTED,Generated from selected top-cell references
D00559,gds_references,,,19382.0,-31255.0,single_die,,1,UNTESTED,Generated from selected top-cell references
D00560,gds_references,,,22906.0,-31255.0,single_die,,1,UNTESTED,Generated from selected top-cell references
D00561,gds_references,,,26430.0,-31255.0,single_die,,1,UNTESTED,Generated from selected top-cell references
D00562,gds_references,,,29954.0,-31255.0,single_die,,1,UNTESTED,Generated from selected top-cell references
D00563,gds_references,,,33478.0,-31255.0,single_die,,1,UNTESTED,Generated from selected top-cell references
D00564,gds_references,,,37002.0,-31255.0,single_die,,1,UNTESTED,Generated from selected top-cell references
D00565,gds_references,,,40526.0,-31255.0,single_die,,1,UNTESTED,Generated from selected top-cell references
D00566,gds_references,,,44050.0,-31255.0,single_die,,1,UNTESTED,Generated from selected top-cell references
D00567,gds_references,,,47574.0,-31255.0,single_die,,1,UNTESTED,Generated from selected top-cell references
D00568,gds_references,,,51098.0,-31255.0,single_die,,1,UNTESTED,Generated from selected top-cell references
D00569,gds_references,,,54622.0,-31255.0,single_die,,1,UNTESTED,Generated from selected top-cell references
D00570,gds_references,,,58146.0,-31255.0,single_die,,1,UNTESTED,Generated from selected top-cell references
D00571,gds_references,,,-58146.0,-29610.0,single_die,,1,UNTESTED,Generated from selected top-cell references
D00572,gds_references,,,-54622.0,-29610.0,single_die,,1,UNTESTED,Generated from selected top-cell references
D00573,gds_references,,,-51098.0,-29610.0,single_die,,1,UNTESTED,Generated from selected top-cell references
D00574,gds_references,,,-47574.0,-29610.0,single_die,,1,UNTESTED,Generated from selected top-cell references
D00575,gds_references,,,-44050.0,-29610.0,single_die,,1,UNTESTED,Generated from selected top-cell references
D00576,gds_references,,,-40526.0,-29610.0,single_die,,1,UNTESTED,Generated from selected top-cell references
D00577,gds_references,,,-37002.0,-29610.0,single_die,,1,UNTESTED,Generated from selected top-cell references
D00578,gds_references,,,-33478.0,-29610.0,single_die,,1,UNTESTED,Generated from selected top-cell references
D00579,gds_references,,,-29954.0,-29610.0,single_die,,1,UNTESTED,Generated from selected top-cell references
D00580,gds_references,,,-26430.0,-29610.0,single_die,,1,UNTESTED,Generated from selected top-cell references
D00581,gds_references,,,-22906.0,-29610.0,single_die,,1,UNTESTED,Generated from selected top-cell references
D00582,gds_references,,,-19382.0,-29610.0,single_die,,1,UNTESTED,Generated from selected top-cell references
D00583,gds_references,,,-15858.0,-29610.0,single_die,,1,UNTESTED,Generated from selected top-cell references
D00584,gds_references,,,-12334.0,-29610.0,single_die,,1,UNTESTED,Generated from selected top-cell references
D00585,gds_references,,,-8810.0,-29610.0,single_die,,1,UNTESTED,Generated from selected top-cell references
D00586,gds_references,,,-5286.0,-29610.0,single_die,,1,UNTESTED,Generated from selected top-cell references
D00587,gds_references,,,-1762.0,-29610.0,single_die,,1,UNTESTED,Generated from selected top-cell references
D00588,gds_references,,,1762.0,-29610.0,single_die,,1,UNTESTED,Generated from selected top-cell references
D00589,gds_references,,,5286.0,-29610.0,single_die,,1,UNTESTED,Generated from selected top-cell references
D00590,gds_references,,,8810.0,-29610.0,single_die,,1,UNTESTED,Generated from selected top-cell references
D00591,gds_references,,,12334.0,-29610.0,single_die,,1,UNTESTED,Generated from selected top-cell references
D00592,gds_references,,,15858.0,-29610.0,single_die,,1,UNTESTED,Generated from selected top-cell references
D00593,gds_references,,,19382.0,-29610.0,single_die,,1,UNTESTED,Generated from selected top-cell references
D00594,gds_references,,,22906.0,-29610.0,single_die,,1,UNTESTED,Generated from selected top-cell references
D00595,gds_references,,,26430.0,-29610.0,single_die,,1,UNTESTED,Generated from selected top-cell references
D00596,gds_references,,,29954.0,-29610.0,single_die,,1,UNTESTED,Generated from selected top-cell references
D00597,gds_references,,,33478.0,-29610.0,single_die,,1,UNTESTED,Generated from selected top-cell references
D00598,gds_references,,,37002.0,-29610.0,single_die,,1,UNTESTED,Generated from selected top-cell references
D00599,gds_references,,,40526.0,-29610.0,single_die,,1,UNTESTED,Generated from selected top-cell references
D00600,gds_references,,,44050.0,-29610.0,single_die,,1,UNTESTED,Generated from selected top-cell references
D00601,gds_references,,,47574.0,-29610.0,single_die,,1,UNTESTED,Generated from selected top-cell references
D00602,gds_references,,,51098.0,-29610.0,single_die,,1,UNTESTED,Generated from selected top-cell references
D00603,gds_references,,,54622.0,-29610.0,single_die,,1,UNTESTED,Generated from selected top-cell references
D00604,gds_references,,,58146.0,-29610.0,single_die,,1,UNTESTED,Generated from selected top-cell references
D00605,gds_references,,,-58146.0,-27965.0,single_die,,1,UNTESTED,Generated from selected top-cell references
D00606,gds_references,,,-54622.0,-27965.0,single_die,,1,UNTESTED,Generated from selected top-cell references
D00607,gds_references,,,-51098.0,-27965.0,single_die,,1,UNTESTED,Generated from selected top-cell references
D00608,gds_references,,,-47574.0,-27965.0,single_die,,1,UNTESTED,Generated from selected top-cell references
D00609,gds_references,,,-44050.0,-27965.0,single_die,,1,UNTESTED,Generated from selected top-cell references
D00610,gds_references,,,-40526.0,-27965.0,single_die,,1,UNTESTED,Generated from selected top-cell references
D00611,gds_references,,,-37002.0,-27965.0,single_die,,1,UNTESTED,Generated from selected top-cell references
D00612,gds_references,,,-33478.0,-27965.0,single_die,,1,UNTESTED,Generated from selected top-cell references
D00613,gds_references,,,-29954.0,-27965.0,single_die,,1,UNTESTED,Generated from selected top-cell references
D00614,gds_references,,,-26430.0,-27965.0,single_die,,1,UNTESTED,Generated from selected top-cell references
D00615,gds_references,,,-22906.0,-27965.0,single_die,,1,UNTESTED,Generated from selected top-cell references
D00616,gds_references,,,-19382.0,-27965.0,single_die,,1,UNTESTED,Generated from selected top-cell references
D00617,gds_references,,,-15858.0,-27965.0,single_die,,1,UNTESTED,Generated from selected top-cell references
D00618,gds_references,,,-12334.0,-27965.0,single_die,,1,UNTESTED,Generated from selected top-cell references
D00619,gds_references,,,-8810.0,-27965.0,single_die,,1,UNTESTED,Generated from selected top-cell references
D00620,gds_references,,,-5286.0,-27965.0,single_die,,1,UNTESTED,Generated from selected top-cell references
D00621,gds_references,,,-1762.0,-27965.0,single_die,,1,UNTESTED,Generated from selected top-cell references
D00622,gds_references,,,1762.0,-27965.0,single_die,,1,UNTESTED,Generated from selected top-cell references
D00623,gds_references,,,5286.0,-27965.0,single_die,,1,UNTESTED,Generated from selected top-cell references
D00624,gds_references,,,8810.0,-27965.0,single_die,,1,UNTESTED,Generated from selected top-cell references
D00625,gds_references,,,12334.0,-27965.0,single_die,,1,UNTESTED,Generated from selected top-cell references
D00626,gds_references,,,15858.0,-27965.0,single_die,,1,UNTESTED,Generated from selected top-cell references
D00627,gds_references,,,19382.0,-27965.0,single_die,,1,UNTESTED,Generated from selected top-cell references
D00628,gds_references,,,22906.0,-27965.0,single_die,,1,UNTESTED,Generated from selected top-cell references
D00629,gds_references,,,26430.0,-27965.0,single_die,,1,UNTESTED,Generated from selected top-cell references
D00630,gds_references,,,29954.0,-27965.0,single_die,,1,UNTESTED,Generated from selected top-cell references
D00631,gds_references,,,33478.0,-27965.0,single_die,,1,UNTESTED,Generated from selected top-cell references
D00632,gds_references,,,37002.0,-27965.0,single_die,,1,UNTESTED,Generated from selected top-cell references
D00633,gds_references,,,40526.0,-27965.0,single_die,,1,UNTESTED,Generated from selected top-cell references
D00634,gds_references,,,44050.0,-27965.0,single_die,,1,UNTESTED,Generated from selected top-cell references
D00635,gds_references,,,47574.0,-27965.0,single_die,,1,UNTESTED,Generated from selected top-cell references
D00636,gds_references,,,51098.0,-27965.0,single_die,,1,UNTESTED,Generated from selected top-cell references
D00637,gds_references,,,54622.0,-27965.0,single_die,,1,UNTESTED,Generated from selected top-cell references
D00638,gds_references,,,58146.0,-27965.0,single_die,,1,UNTESTED,Generated from selected top-cell references
D00639,gds_references,,,-58146.0,-26320.0,single_die,,1,UNTESTED,Generated from selected top-cell references
D00640,gds_references,,,-54622.0,-26320.0,single_die,,1,UNTESTED,Generated from selected top-cell references
D00641,gds_references,,,-51098.0,-26320.0,single_die,,1,UNTESTED,Generated from selected top-cell references
D00642,gds_references,,,-47574.0,-26320.0,single_die,,1,UNTESTED,Generated from selected top-cell references
D00643,gds_references,,,-44050.0,-26320.0,single_die,,1,UNTESTED,Generated from selected top-cell references
D00644,gds_references,,,-40526.0,-26320.0,single_die,,1,UNTESTED,Generated from selected top-cell references
D00645,gds_references,,,-37002.0,-26320.0,single_die,,1,UNTESTED,Generated from selected top-cell references
D00646,gds_references,,,-33478.0,-26320.0,single_die,,1,UNTESTED,Generated from selected top-cell references
D00647,gds_references,,,-29954.0,-26320.0,single_die,,1,UNTESTED,Generated from selected top-cell references
D00648,gds_references,,,-26430.0,-26320.0,single_die,,1,UNTESTED,Generated from selected top-cell references
D00649,gds_references,,,-22906.0,-26320.0,single_die,,1,UNTESTED,Generated from selected top-cell references
D00650,gds_references,,,-19382.0,-26320.0,single_die,,1,UNTESTED,Generated from selected top-cell references
D00651,gds_references,,,-15858.0,-26320.0,single_die,,1,UNTESTED,Generated from selected top-cell references
D00652,gds_references,,,-12334.0,-26320.0,single_die,,1,UNTESTED,Generated from selected top-cell references
D00653,gds_references,,,-8810.0,-26320.0,single_die,,1,UNTESTED,Generated from selected top-cell references
D00654,gds_references,,,-5286.0,-26320.0,single_die,,1,UNTESTED,Generated from selected top-cell references
D00655,gds_references,,,-1762.0,-26320.0,single_die,,1,UNTESTED,Generated from selected top-cell references
D00656,gds_references,,,1762.0,-26320.0,single_die,,1,UNTESTED,Generated from selected top-cell references
D00657,gds_references,,,5286.0,-26320.0,single_die,,1,UNTESTED,Generated from selected top-cell references
D00658,gds_references,,,8810.0,-26320.0,single_die,,1,UNTESTED,Generated from selected top-cell references
D00659,gds_references,,,12334.0,-26320.0,single_die,,1,UNTESTED,Generated from selected top-cell references
D00660,gds_references,,,15858.0,-26320.0,single_die,,1,UNTESTED,Generated from selected top-cell references
D00661,gds_references,,,19382.0,-26320.0,single_die,,1,UNTESTED,Generated from selected top-cell references
D00662,gds_references,,,22906.0,-26320.0,single_die,,1,UNTESTED,Generated from selected top-cell references
D00663,gds_references,,,26430.0,-26320.0,single_die,,1,UNTESTED,Generated from selected top-cell references
D00664,gds_references,,,29954.0,-26320.0,single_die,,1,UNTESTED,Generated from selected top-cell references
D00665,gds_references,,,33478.0,-26320.0,single_die,,1,UNTESTED,Generated from selected top-cell references
D00666,gds_references,,,37002.0,-26320.0,single_die,,1,UNTESTED,Generated from selected top-cell references
D00667,gds_references,,,40526.0,-26320.0,single_die,,1,UNTESTED,Generated from selected top-cell references
D00668,gds_references,,,44050.0,-26320.0,single_die,,1,UNTESTED,Generated from selected top-cell references
D00669,gds_references,,,47574.0,-26320.0,single_die,,1,UNTESTED,Generated from selected top-cell references
D00670,gds_references,,,51098.0,-26320.0,single_die,,1,UNTESTED,Generated from selected top-cell references
D00671,gds_references,,,54622.0,-26320.0,single_die,,1,UNTESTED,Generated from selected top-cell references
D00672,gds_references,,,58146.0,-26320.0,single_die,,1,UNTESTED,Generated from selected top-cell references
D00673,gds_references,,,-61670.0,-24675.0,single_die,,1,UNTESTED,Generated from selected top-cell references
D00674,gds_references,,,-58146.0,-24675.0,single_die,,1,UNTESTED,Generated from selected top-cell references
D00675,gds_references,,,-54622.0,-24675.0,single_die,,1,UNTESTED,Generated from selected top-cell references
D00676,gds_references,,,-51098.0,-24675.0,single_die,,1,UNTESTED,Generated from selected top-cell references
D00677,gds_references,,,-47574.0,-24675.0,single_die,,1,UNTESTED,Generated from selected top-cell references
D00678,gds_references,,,-44050.0,-24675.0,single_die,,1,UNTESTED,Generated from selected top-cell references
D00679,gds_references,,,-40526.0,-24675.0,single_die,,1,UNTESTED,Generated from selected top-cell references
D00680,gds_references,,,-37002.0,-24675.0,single_die,,1,UNTESTED,Generated from selected top-cell references
D00681,gds_references,,,-33478.0,-24675.0,single_die,,1,UNTESTED,Generated from selected top-cell references
D00682,gds_references,,,-29954.0,-24675.0,single_die,,1,UNTESTED,Generated from selected top-cell references
D00683,gds_references,,,-26430.0,-24675.0,single_die,,1,UNTESTED,Generated from selected top-cell references
D00684,gds_references,,,-22906.0,-24675.0,single_die,,1,UNTESTED,Generated from selected top-cell references
D00685,gds_references,,,-19382.0,-24675.0,single_die,,1,UNTESTED,Generated from selected top-cell references
D00686,gds_references,,,-15858.0,-24675.0,single_die,,1,UNTESTED,Generated from selected top-cell references
D00687,gds_references,,,-12334.0,-24675.0,single_die,,1,UNTESTED,Generated from selected top-cell references
D00688,gds_references,,,-8810.0,-24675.0,single_die,,1,UNTESTED,Generated from selected top-cell references
D00689,gds_references,,,-5286.0,-24675.0,single_die,,1,UNTESTED,Generated from selected top-cell references
D00690,gds_references,,,-1762.0,-24675.0,single_die,,1,UNTESTED,Generated from selected top-cell references
D00691,gds_references,,,1762.0,-24675.0,single_die,,1,UNTESTED,Generated from selected top-cell references
D00692,gds_references,,,5286.0,-24675.0,single_die,,1,UNTESTED,Generated from selected top-cell references
D00693,gds_references,,,8810.0,-24675.0,single_die,,1,UNTESTED,Generated from selected top-cell references
D00694,gds_references,,,12334.0,-24675.0,single_die,,1,UNTESTED,Generated from selected top-cell references
D00695,gds_references,,,15858.0,-24675.0,single_die,,1,UNTESTED,Generated from selected top-cell references
D00696,gds_references,,,19382.0,-24675.0,single_die,,1,UNTESTED,Generated from selected top-cell references
D00697,gds_references,,,22906.0,-24675.0,single_die,,1,UNTESTED,Generated from selected top-cell references
D00698,gds_references,,,26430.0,-24675.0,single_die,,1,UNTESTED,Generated from selected top-cell references
D00699,gds_references,,,29954.0,-24675.0,single_die,,1,UNTESTED,Generated from selected top-cell references
D00700,gds_references,,,33478.0,-24675.0,single_die,,1,UNTESTED,Generated from selected top-cell references
D00701,gds_references,,,37002.0,-24675.0,single_die,,1,UNTESTED,Generated from selected top-cell references
D00702,gds_references,,,40526.0,-24675.0,single_die,,1,UNTESTED,Generated from selected top-cell references
D00703,gds_references,,,44050.0,-24675.0,single_die,,1,UNTESTED,Generated from selected top-cell references
D00704,gds_references,,,47574.0,-24675.0,single_die,,1,UNTESTED,Generated from selected top-cell references
D00705,gds_references,,,51098.0,-24675.0,single_die,,1,UNTESTED,Generated from selected top-cell references
D00706,gds_references,,,54622.0,-24675.0,single_die,,1,UNTESTED,Generated from selected top-cell references
D00707,gds_references,,,58146.0,-24675.0,single_die,,1,UNTESTED,Generated from selected top-cell references
D00708,gds_references,,,61670.0,-24675.0,single_die,,1,UNTESTED,Generated from selected top-cell references
D00709,gds_references,,,-61670.0,-23030.0,single_die,,1,UNTESTED,Generated from selected top-cell references
D00710,gds_references,,,-58146.0,-23030.0,single_die,,1,UNTESTED,Generated from selected top-cell references
D00711,gds_references,,,-54622.0,-23030.0,single_die,,1,UNTESTED,Generated from selected top-cell references
D00712,gds_references,,,-51098.0,-23030.0,single_die,,1,UNTESTED,Generated from selected top-cell references
D00713,gds_references,,,-47574.0,-23030.0,single_die,,1,UNTESTED,Generated from selected top-cell references
D00714,gds_references,,,-44050.0,-23030.0,single_die,,1,UNTESTED,Generated from selected top-cell references
D00715,gds_references,,,-40526.0,-23030.0,single_die,,1,UNTESTED,Generated from selected top-cell references
D00716,gds_references,,,-37002.0,-23030.0,single_die,,1,UNTESTED,Generated from selected top-cell references
D00717,gds_references,,,-33478.0,-23030.0,single_die,,1,UNTESTED,Generated from selected top-cell references
D00718,gds_references,,,-29954.0,-23030.0,single_die,,1,UNTESTED,Generated from selected top-cell references
D00719,gds_references,,,-26430.0,-23030.0,single_die,,1,UNTESTED,Generated from selected top-cell references
D00720,gds_references,,,-22906.0,-23030.0,single_die,,1,UNTESTED,Generated from selected top-cell references
D00721,gds_references,,,-19382.0,-23030.0,single_die,,1,UNTESTED,Generated from selected top-cell references
D00722,gds_references,,,-15858.0,-23030.0,single_die,,1,UNTESTED,Generated from selected top-cell references
D00723,gds_references,,,-12334.0,-23030.0,single_die,,1,UNTESTED,Generated from selected top-cell references
D00724,gds_references,,,-8810.0,-23030.0,single_die,,1,UNTESTED,Generated from selected top-cell references
D00725,gds_references,,,-5286.0,-23030.0,single_die,,1,UNTESTED,Generated from selected top-cell references
D00726,gds_references,,,-1762.0,-23030.0,single_die,,1,UNTESTED,Generated from selected top-cell references
D00727,gds_references,,,1762.0,-23030.0,single_die,,1,UNTESTED,Generated from selected top-cell references
D00728,gds_references,,,5286.0,-23030.0,single_die,,1,UNTESTED,Generated from selected top-cell references
D00729,gds_references,,,8810.0,-23030.0,single_die,,1,UNTESTED,Generated from selected top-cell references
D00730,gds_references,,,12334.0,-23030.0,single_die,,1,UNTESTED,Generated from selected top-cell references
D00731,gds_references,,,15858.0,-23030.0,single_die,,1,UNTESTED,Generated from selected top-cell references
D00732,gds_references,,,19382.0,-23030.0,single_die,,1,UNTESTED,Generated from selected top-cell references
D00733,gds_references,,,22906.0,-23030.0,single_die,,1,UNTESTED,Generated from selected top-cell references
D00734,gds_references,,,26430.0,-23030.0,single_die,,1,UNTESTED,Generated from selected top-cell references
D00735,gds_references,,,29954.0,-23030.0,single_die,,1,UNTESTED,Generated from selected top-cell references
D00736,gds_references,,,33478.0,-23030.0,single_die,,1,UNTESTED,Generated from selected top-cell references
D00737,gds_references,,,37002.0,-23030.0,single_die,,1,UNTESTED,Generated from selected top-cell references
D00738,gds_references,,,40526.0,-23030.0,single_die,,1,UNTESTED,Generated from selected top-cell references
D00739,gds_references,,,44050.0,-23030.0,single_die,,1,UNTESTED,Generated from selected top-cell references
D00740,gds_references,,,47574.0,-23030.0,single_die,,1,UNTESTED,Generated from selected top-cell references
D00741,gds_references,,,51098.0,-23030.0,single_die,,1,UNTESTED,Generated from selected top-cell references
D00742,gds_references,,,54622.0,-23030.0,single_die,,1,UNTESTED,Generated from selected top-cell references
D00743,gds_references,,,58146.0,-23030.0,single_die,,1,UNTESTED,Generated from selected top-cell references
D00744,gds_references,,,61670.0,-23030.0,single_die,,1,UNTESTED,Generated from selected top-cell references
D00745,gds_references,,,-61670.0,-21385.0,single_die,,1,UNTESTED,Generated from selected top-cell references
D00746,gds_references,,,-58146.0,-21385.0,single_die,,1,UNTESTED,Generated from selected top-cell references
D00747,gds_references,,,-54622.0,-21385.0,single_die,,1,UNTESTED,Generated from selected top-cell references
D00748,gds_references,,,-51098.0,-21385.0,single_die,,1,UNTESTED,Generated from selected top-cell references
D00749,gds_references,,,-47574.0,-21385.0,single_die,,1,UNTESTED,Generated from selected top-cell references
D00750,gds_references,,,-44050.0,-21385.0,single_die,,1,UNTESTED,Generated from selected top-cell references
D00751,gds_references,,,-40526.0,-21385.0,single_die,,1,UNTESTED,Generated from selected top-cell references
D00752,gds_references,,,-37002.0,-21385.0,single_die,,1,UNTESTED,Generated from selected top-cell references
D00753,gds_references,,,-33478.0,-21385.0,single_die,,1,UNTESTED,Generated from selected top-cell references
D00754,gds_references,,,-29954.0,-21385.0,single_die,,1,UNTESTED,Generated from selected top-cell references
D00755,gds_references,,,-26430.0,-21385.0,single_die,,1,UNTESTED,Generated from selected top-cell references
D00756,gds_references,,,-22906.0,-21385.0,single_die,,1,UNTESTED,Generated from selected top-cell references
D00757,gds_references,,,-19382.0,-21385.0,single_die,,1,UNTESTED,Generated from selected top-cell references
D00758,gds_references,,,-15858.0,-21385.0,single_die,,1,UNTESTED,Generated from selected top-cell references
D00759,gds_references,,,-12334.0,-21385.0,single_die,,1,UNTESTED,Generated from selected top-cell references
D00760,gds_references,,,-8810.0,-21385.0,single_die,,1,UNTESTED,Generated from selected top-cell references
D00761,gds_references,,,-5286.0,-21385.0,single_die,,1,UNTESTED,Generated from selected top-cell references
D00762,gds_references,,,-1762.0,-21385.0,single_die,,1,UNTESTED,Generated from selected top-cell references
D00763,gds_references,,,1762.0,-21385.0,single_die,,1,UNTESTED,Generated from selected top-cell references
D00764,gds_references,,,5286.0,-21385.0,single_die,,1,UNTESTED,Generated from selected top-cell references
D00765,gds_references,,,8810.0,-21385.0,single_die,,1,UNTESTED,Generated from selected top-cell references
D00766,gds_references,,,12334.0,-21385.0,single_die,,1,UNTESTED,Generated from selected top-cell references
D00767,gds_references,,,15858.0,-21385.0,single_die,,1,UNTESTED,Generated from selected top-cell references
D00768,gds_references,,,19382.0,-21385.0,single_die,,1,UNTESTED,Generated from selected top-cell references
D00769,gds_references,,,22906.0,-21385.0,single_die,,1,UNTESTED,Generated from selected top-cell references
D00770,gds_references,,,26430.0,-21385.0,single_die,,1,UNTESTED,Generated from selected top-cell references
D00771,gds_references,,,29954.0,-21385.0,single_die,,1,UNTESTED,Generated from selected top-cell references
D00772,gds_references,,,33478.0,-21385.0,single_die,,1,UNTESTED,Generated from selected top-cell references
D00773,gds_references,,,37002.0,-21385.0,single_die,,1,UNTESTED,Generated from selected top-cell references
D00774,gds_references,,,40526.0,-21385.0,single_die,,1,UNTESTED,Generated from selected top-cell references
D00775,gds_references,,,44050.0,-21385.0,single_die,,1,UNTESTED,Generated from selected top-cell references
D00776,gds_references,,,47574.0,-21385.0,single_die,,1,UNTESTED,Generated from selected top-cell references
D00777,gds_references,,,51098.0,-21385.0,single_die,,1,UNTESTED,Generated from selected top-cell references
D00778,gds_references,,,54622.0,-21385.0,single_die,,1,UNTESTED,Generated from selected top-cell references
D00779,gds_references,,,58146.0,-21385.0,single_die,,1,UNTESTED,Generated from selected top-cell references
D00780,gds_references,,,61670.0,-21385.0,single_die,,1,UNTESTED,Generated from selected top-cell references
D00781,gds_references,,,-61670.0,-19740.0,single_die,,1,UNTESTED,Generated from selected top-cell references
D00782,gds_references,,,-58146.0,-19740.0,single_die,,1,UNTESTED,Generated from selected top-cell references
D00783,gds_references,,,-54622.0,-19740.0,single_die,,1,UNTESTED,Generated from selected top-cell references
D00784,gds_references,,,-51098.0,-19740.0,single_die,,1,UNTESTED,Generated from selected top-cell references
D00785,gds_references,,,-47574.0,-19740.0,single_die,,1,UNTESTED,Generated from selected top-cell references
D00786,gds_references,,,-44050.0,-19740.0,single_die,,1,UNTESTED,Generated from selected top-cell references
D00787,gds_references,,,-40526.0,-19740.0,single_die,,1,UNTESTED,Generated from selected top-cell references
D00788,gds_references,,,-37002.0,-19740.0,single_die,,1,UNTESTED,Generated from selected top-cell references
D00789,gds_references,,,-33478.0,-19740.0,single_die,,1,UNTESTED,Generated from selected top-cell references
D00790,gds_references,,,-29954.0,-19740.0,single_die,,1,UNTESTED,Generated from selected top-cell references
D00791,gds_references,,,-26430.0,-19740.0,single_die,,1,UNTESTED,Generated from selected top-cell references
D00792,gds_references,,,-22906.0,-19740.0,single_die,,1,UNTESTED,Generated from selected top-cell references
D00793,gds_references,,,-19382.0,-19740.0,single_die,,1,UNTESTED,Generated from selected top-cell references
D00794,gds_references,,,-15858.0,-19740.0,single_die,,1,UNTESTED,Generated from selected top-cell references
D00795,gds_references,,,-12334.0,-19740.0,single_die,,1,UNTESTED,Generated from selected top-cell references
D00796,gds_references,,,-8810.0,-19740.0,single_die,,1,UNTESTED,Generated from selected top-cell references
D00797,gds_references,,,-5286.0,-19740.0,single_die,,1,UNTESTED,Generated from selected top-cell references
D00798,gds_references,,,-1762.0,-19740.0,single_die,,1,UNTESTED,Generated from selected top-cell references
D00799,gds_references,,,1762.0,-19740.0,single_die,,1,UNTESTED,Generated from selected top-cell references
D00800,gds_references,,,5286.0,-19740.0,single_die,,1,UNTESTED,Generated from selected top-cell references
D00801,gds_references,,,8810.0,-19740.0,single_die,,1,UNTESTED,Generated from selected top-cell references
D00802,gds_references,,,12334.0,-19740.0,single_die,,1,UNTESTED,Generated from selected top-cell references
D00803,gds_references,,,15858.0,-19740.0,single_die,,1,UNTESTED,Generated from selected top-cell references
D00804,gds_references,,,19382.0,-19740.0,single_die,,1,UNTESTED,Generated from selected top-cell references
D00805,gds_references,,,22906.0,-19740.0,single_die,,1,UNTESTED,Generated from selected top-cell references
D00806,gds_references,,,26430.0,-19740.0,single_die,,1,UNTESTED,Generated from selected top-cell references
D00807,gds_references,,,29954.0,-19740.0,single_die,,1,UNTESTED,Generated from selected top-cell references
D00808,gds_references,,,33478.0,-19740.0,single_die,,1,UNTESTED,Generated from selected top-cell references
D00809,gds_references,,,37002.0,-19740.0,single_die,,1,UNTESTED,Generated from selected top-cell references
D00810,gds_references,,,40526.0,-19740.0,single_die,,1,UNTESTED,Generated from selected top-cell references
D00811,gds_references,,,44050.0,-19740.0,single_die,,1,UNTESTED,Generated from selected top-cell references
D00812,gds_references,,,47574.0,-19740.0,single_die,,1,UNTESTED,Generated from selected top-cell references
D00813,gds_references,,,51098.0,-19740.0,single_die,,1,UNTESTED,Generated from selected top-cell references
D00814,gds_references,,,54622.0,-19740.0,single_die,,1,UNTESTED,Generated from selected top-cell references
D00815,gds_references,,,58146.0,-19740.0,single_die,,1,UNTESTED,Generated from selected top-cell references
D00816,gds_references,,,61670.0,-19740.0,single_die,,1,UNTESTED,Generated from selected top-cell references
D00817,gds_references,,,-61670.0,-18095.0,single_die,,1,UNTESTED,Generated from selected top-cell references
D00818,gds_references,,,-58146.0,-18095.0,single_die,,1,UNTESTED,Generated from selected top-cell references
D00819,gds_references,,,-54622.0,-18095.0,single_die,,1,UNTESTED,Generated from selected top-cell references
D00820,gds_references,,,-51098.0,-18095.0,single_die,,1,UNTESTED,Generated from selected top-cell references
D00821,gds_references,,,-47574.0,-18095.0,single_die,,1,UNTESTED,Generated from selected top-cell references
D00822,gds_references,,,-44050.0,-18095.0,single_die,,1,UNTESTED,Generated from selected top-cell references
D00823,gds_references,,,-40526.0,-18095.0,single_die,,1,UNTESTED,Generated from selected top-cell references
D00824,gds_references,,,-37002.0,-18095.0,single_die,,1,UNTESTED,Generated from selected top-cell references
D00825,gds_references,,,-33478.0,-18095.0,single_die,,1,UNTESTED,Generated from selected top-cell references
D00826,gds_references,,,-29954.0,-18095.0,single_die,,1,UNTESTED,Generated from selected top-cell references
D00827,gds_references,,,-26430.0,-18095.0,single_die,,1,UNTESTED,Generated from selected top-cell references
D00828,gds_references,,,-22906.0,-18095.0,single_die,,1,UNTESTED,Generated from selected top-cell references
D00829,gds_references,,,-19382.0,-18095.0,single_die,,1,UNTESTED,Generated from selected top-cell references
D00830,gds_references,,,-15858.0,-18095.0,single_die,,1,UNTESTED,Generated from selected top-cell references
D00831,gds_references,,,-12334.0,-18095.0,single_die,,1,UNTESTED,Generated from selected top-cell references
D00832,gds_references,,,-8810.0,-18095.0,single_die,,1,UNTESTED,Generated from selected top-cell references
D00833,gds_references,,,-5286.0,-18095.0,single_die,,1,UNTESTED,Generated from selected top-cell references
D00834,gds_references,,,-1762.0,-18095.0,single_die,,1,UNTESTED,Generated from selected top-cell references
D00835,gds_references,,,1762.0,-18095.0,single_die,,1,UNTESTED,Generated from selected top-cell references
D00836,gds_references,,,5286.0,-18095.0,single_die,,1,UNTESTED,Generated from selected top-cell references
D00837,gds_references,,,8810.0,-18095.0,single_die,,1,UNTESTED,Generated from selected top-cell references
D00838,gds_references,,,12334.0,-18095.0,single_die,,1,UNTESTED,Generated from selected top-cell references
D00839,gds_references,,,15858.0,-18095.0,single_die,,1,UNTESTED,Generated from selected top-cell references
D00840,gds_references,,,19382.0,-18095.0,single_die,,1,UNTESTED,Generated from selected top-cell references
D00841,gds_references,,,22906.0,-18095.0,single_die,,1,UNTESTED,Generated from selected top-cell references
D00842,gds_references,,,26430.0,-18095.0,single_die,,1,UNTESTED,Generated from selected top-cell references
D00843,gds_references,,,29954.0,-18095.0,single_die,,1,UNTESTED,Generated from selected top-cell references
D00844,gds_references,,,33478.0,-18095.0,single_die,,1,UNTESTED,Generated from selected top-cell references
D00845,gds_references,,,37002.0,-18095.0,single_die,,1,UNTESTED,Generated from selected top-cell references
D00846,gds_references,,,40526.0,-18095.0,single_die,,1,UNTESTED,Generated from selected top-cell references
D00847,gds_references,,,44050.0,-18095.0,single_die,,1,UNTESTED,Generated from selected top-cell references
D00848,gds_references,,,47574.0,-18095.0,single_die,,1,UNTESTED,Generated from selected top-cell references
D00849,gds_references,,,51098.0,-18095.0,single_die,,1,UNTESTED,Generated from selected top-cell references
D00850,gds_references,,,54622.0,-18095.0,single_die,,1,UNTESTED,Generated from selected top-cell references
D00851,gds_references,,,58146.0,-18095.0,single_die,,1,UNTESTED,Generated from selected top-cell references
D00852,gds_references,,,61670.0,-18095.0,single_die,,1,UNTESTED,Generated from selected top-cell references
D00853,gds_references,,,-61670.0,-16450.0,single_die,,1,UNTESTED,Generated from selected top-cell references
D00854,gds_references,,,-58146.0,-16450.0,single_die,,1,UNTESTED,Generated from selected top-cell references
D00855,gds_references,,,-54622.0,-16450.0,single_die,,1,UNTESTED,Generated from selected top-cell references
D00856,gds_references,,,-51098.0,-16450.0,single_die,,1,UNTESTED,Generated from selected top-cell references
D00857,gds_references,,,-47574.0,-16450.0,single_die,,1,UNTESTED,Generated from selected top-cell references
D00858,gds_references,,,-40526.0,-16450.0,single_die,,1,UNTESTED,Generated from selected top-cell references
D00859,gds_references,,,-37002.0,-16450.0,single_die,,1,UNTESTED,Generated from selected top-cell references
D00860,gds_references,,,-33478.0,-16450.0,single_die,,1,UNTESTED,Generated from selected top-cell references
D00861,gds_references,,,-29954.0,-16450.0,single_die,,1,UNTESTED,Generated from selected top-cell references
D00862,gds_references,,,-26430.0,-16450.0,single_die,,1,UNTESTED,Generated from selected top-cell references
D00863,gds_references,,,-22906.0,-16450.0,single_die,,1,UNTESTED,Generated from selected top-cell references
D00864,gds_references,,,-19382.0,-16450.0,single_die,,1,UNTESTED,Generated from selected top-cell references
D00865,gds_references,,,-15858.0,-16450.0,single_die,,1,UNTESTED,Generated from selected top-cell references
D00866,gds_references,,,-12334.0,-16450.0,single_die,,1,UNTESTED,Generated from selected top-cell references
D00867,gds_references,,,-5286.0,-16450.0,single_die,,1,UNTESTED,Generated from selected top-cell references
D00868,gds_references,,,-1762.0,-16450.0,single_die,,1,UNTESTED,Generated from selected top-cell references
D00869,gds_references,,,1762.0,-16450.0,single_die,,1,UNTESTED,Generated from selected top-cell references
D00870,gds_references,,,5286.0,-16450.0,single_die,,1,UNTESTED,Generated from selected top-cell references
D00871,gds_references,,,8810.0,-16450.0,single_die,,1,UNTESTED,Generated from selected top-cell references
D00872,gds_references,,,12334.0,-16450.0,single_die,,1,UNTESTED,Generated from selected top-cell references
D00873,gds_references,,,15858.0,-16450.0,single_die,,1,UNTESTED,Generated from selected top-cell references
D00874,gds_references,,,19382.0,-16450.0,single_die,,1,UNTESTED,Generated from selected top-cell references
D00875,gds_references,,,22906.0,-16450.0,single_die,,1,UNTESTED,Generated from selected top-cell references
D00876,gds_references,,,29954.0,-16450.0,single_die,,1,UNTESTED,Generated from selected top-cell references
D00877,gds_references,,,33478.0,-16450.0,single_die,,1,UNTESTED,Generated from selected top-cell references
D00878,gds_references,,,37002.0,-16450.0,single_die,,1,UNTESTED,Generated from selected top-cell references
D00879,gds_references,,,40526.0,-16450.0,single_die,,1,UNTESTED,Generated from selected top-cell references
D00880,gds_references,,,44050.0,-16450.0,single_die,,1,UNTESTED,Generated from selected top-cell references
D00881,gds_references,,,47574.0,-16450.0,single_die,,1,UNTESTED,Generated from selected top-cell references
D00882,gds_references,,,51098.0,-16450.0,single_die,,1,UNTESTED,Generated from selected top-cell references
D00883,gds_references,,,54622.0,-16450.0,single_die,,1,UNTESTED,Generated from selected top-cell references
D00884,gds_references,,,58146.0,-16450.0,single_die,,1,UNTESTED,Generated from selected top-cell references
D00885,gds_references,,,-61670.0,-14805.0,single_die,,1,UNTESTED,Generated from selected top-cell references
D00886,gds_references,,,-58146.0,-14805.0,single_die,,1,UNTESTED,Generated from selected top-cell references
D00887,gds_references,,,-54622.0,-14805.0,single_die,,1,UNTESTED,Generated from selected top-cell references
D00888,gds_references,,,-51098.0,-14805.0,single_die,,1,UNTESTED,Generated from selected top-cell references
D00889,gds_references,,,-47574.0,-14805.0,single_die,,1,UNTESTED,Generated from selected top-cell references
D00890,gds_references,,,-40526.0,-14805.0,single_die,,1,UNTESTED,Generated from selected top-cell references
D00891,gds_references,,,-37002.0,-14805.0,single_die,,1,UNTESTED,Generated from selected top-cell references
D00892,gds_references,,,-33478.0,-14805.0,single_die,,1,UNTESTED,Generated from selected top-cell references
D00893,gds_references,,,-29954.0,-14805.0,single_die,,1,UNTESTED,Generated from selected top-cell references
D00894,gds_references,,,-26430.0,-14805.0,single_die,,1,UNTESTED,Generated from selected top-cell references
D00895,gds_references,,,-22906.0,-14805.0,single_die,,1,UNTESTED,Generated from selected top-cell references
D00896,gds_references,,,-19382.0,-14805.0,single_die,,1,UNTESTED,Generated from selected top-cell references
D00897,gds_references,,,-15858.0,-14805.0,single_die,,1,UNTESTED,Generated from selected top-cell references
D00898,gds_references,,,-12334.0,-14805.0,single_die,,1,UNTESTED,Generated from selected top-cell references
D00899,gds_references,,,-5286.0,-14805.0,single_die,,1,UNTESTED,Generated from selected top-cell references
D00900,gds_references,,,-1762.0,-14805.0,single_die,,1,UNTESTED,Generated from selected top-cell references
D00901,gds_references,,,1762.0,-14805.0,single_die,,1,UNTESTED,Generated from selected top-cell references
D00902,gds_references,,,5286.0,-14805.0,single_die,,1,UNTESTED,Generated from selected top-cell references
D00903,gds_references,,,8810.0,-14805.0,single_die,,1,UNTESTED,Generated from selected top-cell references
D00904,gds_references,,,12334.0,-14805.0,single_die,,1,UNTESTED,Generated from selected top-cell references
D00905,gds_references,,,15858.0,-14805.0,single_die,,1,UNTESTED,Generated from selected top-cell references
D00906,gds_references,,,19382.0,-14805.0,single_die,,1,UNTESTED,Generated from selected top-cell references
D00907,gds_references,,,22906.0,-14805.0,single_die,,1,UNTESTED,Generated from selected top-cell references
D00908,gds_references,,,29954.0,-14805.0,single_die,,1,UNTESTED,Generated from selected top-cell references
D00909,gds_references,,,33478.0,-14805.0,single_die,,1,UNTESTED,Generated from selected top-cell references
D00910,gds_references,,,37002.0,-14805.0,single_die,,1,UNTESTED,Generated from selected top-cell references
D00911,gds_references,,,40526.0,-14805.0,single_die,,1,UNTESTED,Generated from selected top-cell references
D00912,gds_references,,,44050.0,-14805.0,single_die,,1,UNTESTED,Generated from selected top-cell references
D00913,gds_references,,,47574.0,-14805.0,single_die,,1,UNTESTED,Generated from selected top-cell references
D00914,gds_references,,,51098.0,-14805.0,single_die,,1,UNTESTED,Generated from selected top-cell references
D00915,gds_references,,,54622.0,-14805.0,single_die,,1,UNTESTED,Generated from selected top-cell references
D00916,gds_references,,,58146.0,-14805.0,single_die,,1,UNTESTED,Generated from selected top-cell references
D00917,gds_references,,,-61670.0,-13160.0,single_die,,1,UNTESTED,Generated from selected top-cell references
D00918,gds_references,,,-58146.0,-13160.0,single_die,,1,UNTESTED,Generated from selected top-cell references
D00919,gds_references,,,-54622.0,-13160.0,single_die,,1,UNTESTED,Generated from selected top-cell references
D00920,gds_references,,,-51098.0,-13160.0,single_die,,1,UNTESTED,Generated from selected top-cell references
D00921,gds_references,,,-47574.0,-13160.0,single_die,,1,UNTESTED,Generated from selected top-cell references
D00922,gds_references,,,-44050.0,-13160.0,single_die,,1,UNTESTED,Generated from selected top-cell references
D00923,gds_references,,,-40526.0,-13160.0,single_die,,1,UNTESTED,Generated from selected top-cell references
D00924,gds_references,,,-37002.0,-13160.0,single_die,,1,UNTESTED,Generated from selected top-cell references
D00925,gds_references,,,-33478.0,-13160.0,single_die,,1,UNTESTED,Generated from selected top-cell references
D00926,gds_references,,,-29954.0,-13160.0,single_die,,1,UNTESTED,Generated from selected top-cell references
D00927,gds_references,,,-26430.0,-13160.0,single_die,,1,UNTESTED,Generated from selected top-cell references
D00928,gds_references,,,-22906.0,-13160.0,single_die,,1,UNTESTED,Generated from selected top-cell references
D00929,gds_references,,,-19382.0,-13160.0,single_die,,1,UNTESTED,Generated from selected top-cell references
D00930,gds_references,,,-15858.0,-13160.0,single_die,,1,UNTESTED,Generated from selected top-cell references
D00931,gds_references,,,-12334.0,-13160.0,single_die,,1,UNTESTED,Generated from selected top-cell references
D00932,gds_references,,,-8810.0,-13160.0,single_die,,1,UNTESTED,Generated from selected top-cell references
D00933,gds_references,,,-5286.0,-13160.0,single_die,,1,UNTESTED,Generated from selected top-cell references
D00934,gds_references,,,-1762.0,-13160.0,single_die,,1,UNTESTED,Generated from selected top-cell references
D00935,gds_references,,,1762.0,-13160.0,single_die,,1,UNTESTED,Generated from selected top-cell references
D00936,gds_references,,,5286.0,-13160.0,single_die,,1,UNTESTED,Generated from selected top-cell references
D00937,gds_references,,,8810.0,-13160.0,single_die,,1,UNTESTED,Generated from selected top-cell references
D00938,gds_references,,,12334.0,-13160.0,single_die,,1,UNTESTED,Generated from selected top-cell references
D00939,gds_references,,,15858.0,-13160.0,single_die,,1,UNTESTED,Generated from selected top-cell references
D00940,gds_references,,,19382.0,-13160.0,single_die,,1,UNTESTED,Generated from selected top-cell references
D00941,gds_references,,,22906.0,-13160.0,single_die,,1,UNTESTED,Generated from selected top-cell references
D00942,gds_references,,,26430.0,-13160.0,single_die,,1,UNTESTED,Generated from selected top-cell references
D00943,gds_references,,,29954.0,-13160.0,single_die,,1,UNTESTED,Generated from selected top-cell references
D00944,gds_references,,,33478.0,-13160.0,single_die,,1,UNTESTED,Generated from selected top-cell references
D00945,gds_references,,,37002.0,-13160.0,single_die,,1,UNTESTED,Generated from selected top-cell references
D00946,gds_references,,,40526.0,-13160.0,single_die,,1,UNTESTED,Generated from selected top-cell references
D00947,gds_references,,,44050.0,-13160.0,single_die,,1,UNTESTED,Generated from selected top-cell references
D00948,gds_references,,,47574.0,-13160.0,single_die,,1,UNTESTED,Generated from selected top-cell references
D00949,gds_references,,,51098.0,-13160.0,single_die,,1,UNTESTED,Generated from selected top-cell references
D00950,gds_references,,,54622.0,-13160.0,single_die,,1,UNTESTED,Generated from selected top-cell references
D00951,gds_references,,,58146.0,-13160.0,single_die,,1,UNTESTED,Generated from selected top-cell references
D00952,gds_references,,,61670.0,-13160.0,single_die,,1,UNTESTED,Generated from selected top-cell references
D00953,gds_references,,,-65194.0,-11515.0,single_die,,1,UNTESTED,Generated from selected top-cell references
D00954,gds_references,,,-61670.0,-11515.0,single_die,,1,UNTESTED,Generated from selected top-cell references
D00955,gds_references,,,-58146.0,-11515.0,single_die,,1,UNTESTED,Generated from selected top-cell references
D00956,gds_references,,,-54622.0,-11515.0,single_die,,1,UNTESTED,Generated from selected top-cell references
D00957,gds_references,,,-51098.0,-11515.0,single_die,,1,UNTESTED,Generated from selected top-cell references
D00958,gds_references,,,-47574.0,-11515.0,single_die,,1,UNTESTED,Generated from selected top-cell references
D00959,gds_references,,,-44050.0,-11515.0,single_die,,1,UNTESTED,Generated from selected top-cell references
D00960,gds_references,,,-40526.0,-11515.0,single_die,,1,UNTESTED,Generated from selected top-cell references
D00961,gds_references,,,-37002.0,-11515.0,single_die,,1,UNTESTED,Generated from selected top-cell references
D00962,gds_references,,,-33478.0,-11515.0,single_die,,1,UNTESTED,Generated from selected top-cell references
D00963,gds_references,,,-29954.0,-11515.0,single_die,,1,UNTESTED,Generated from selected top-cell references
D00964,gds_references,,,-26430.0,-11515.0,single_die,,1,UNTESTED,Generated from selected top-cell references
D00965,gds_references,,,-22906.0,-11515.0,single_die,,1,UNTESTED,Generated from selected top-cell references
D00966,gds_references,,,-19382.0,-11515.0,single_die,,1,UNTESTED,Generated from selected top-cell references
D00967,gds_references,,,-15858.0,-11515.0,single_die,,1,UNTESTED,Generated from selected top-cell references
D00968,gds_references,,,-12334.0,-11515.0,single_die,,1,UNTESTED,Generated from selected top-cell references
D00969,gds_references,,,-8810.0,-11515.0,single_die,,1,UNTESTED,Generated from selected top-cell references
D00970,gds_references,,,-5286.0,-11515.0,single_die,,1,UNTESTED,Generated from selected top-cell references
D00971,gds_references,,,-1762.0,-11515.0,single_die,,1,UNTESTED,Generated from selected top-cell references
D00972,gds_references,,,1762.0,-11515.0,single_die,,1,UNTESTED,Generated from selected top-cell references
D00973,gds_references,,,5286.0,-11515.0,single_die,,1,UNTESTED,Generated from selected top-cell references
D00974,gds_references,,,8810.0,-11515.0,single_die,,1,UNTESTED,Generated from selected top-cell references
D00975,gds_references,,,12334.0,-11515.0,single_die,,1,UNTESTED,Generated from selected top-cell references
D00976,gds_references,,,15858.0,-11515.0,single_die,,1,UNTESTED,Generated from selected top-cell references
D00977,gds_references,,,19382.0,-11515.0,single_die,,1,UNTESTED,Generated from selected top-cell references
D00978,gds_references,,,22906.0,-11515.0,single_die,,1,UNTESTED,Generated from selected top-cell references
D00979,gds_references,,,26430.0,-11515.0,single_die,,1,UNTESTED,Generated from selected top-cell references
D00980,gds_references,,,29954.0,-11515.0,single_die,,1,UNTESTED,Generated from selected top-cell references
D00981,gds_references,,,33478.0,-11515.0,single_die,,1,UNTESTED,Generated from selected top-cell references
D00982,gds_references,,,37002.0,-11515.0,single_die,,1,UNTESTED,Generated from selected top-cell references
D00983,gds_references,,,40526.0,-11515.0,single_die,,1,UNTESTED,Generated from selected top-cell references
D00984,gds_references,,,44050.0,-11515.0,single_die,,1,UNTESTED,Generated from selected top-cell references
D00985,gds_references,,,47574.0,-11515.0,single_die,,1,UNTESTED,Generated from selected top-cell references
D00986,gds_references,,,51098.0,-11515.0,single_die,,1,UNTESTED,Generated from selected top-cell references
D00987,gds_references,,,54622.0,-11515.0,single_die,,1,UNTESTED,Generated from selected top-cell references
D00988,gds_references,,,58146.0,-11515.0,single_die,,1,UNTESTED,Generated from selected top-cell references
D00989,gds_references,,,61670.0,-11515.0,single_die,,1,UNTESTED,Generated from selected top-cell references
D00990,gds_references,,,65194.0,-11515.0,single_die,,1,UNTESTED,Generated from selected top-cell references
D00991,gds_references,,,-65194.0,-9870.0,single_die,,1,UNTESTED,Generated from selected top-cell references
D00992,gds_references,,,-61670.0,-9870.0,single_die,,1,UNTESTED,Generated from selected top-cell references
D00993,gds_references,,,-58146.0,-9870.0,single_die,,1,UNTESTED,Generated from selected top-cell references
D00994,gds_references,,,-54622.0,-9870.0,single_die,,1,UNTESTED,Generated from selected top-cell references
D00995,gds_references,,,-51098.0,-9870.0,single_die,,1,UNTESTED,Generated from selected top-cell references
D00996,gds_references,,,-47574.0,-9870.0,single_die,,1,UNTESTED,Generated from selected top-cell references
D00997,gds_references,,,-44050.0,-9870.0,single_die,,1,UNTESTED,Generated from selected top-cell references
D00998,gds_references,,,-40526.0,-9870.0,single_die,,1,UNTESTED,Generated from selected top-cell references
D00999,gds_references,,,-37002.0,-9870.0,single_die,,1,UNTESTED,Generated from selected top-cell references
D01000,gds_references,,,-33478.0,-9870.0,single_die,,1,UNTESTED,Generated from selected top-cell references
D01001,gds_references,,,-29954.0,-9870.0,single_die,,1,UNTESTED,Generated from selected top-cell references
D01002,gds_references,,,-26430.0,-9870.0,single_die,,1,UNTESTED,Generated from selected top-cell references
D01003,gds_references,,,-22906.0,-9870.0,single_die,,1,UNTESTED,Generated from selected top-cell references
D01004,gds_references,,,-19382.0,-9870.0,single_die,,1,UNTESTED,Generated from selected top-cell references
D01005,gds_references,,,-15858.0,-9870.0,single_die,,1,UNTESTED,Generated from selected top-cell references
D01006,gds_references,,,-12334.0,-9870.0,single_die,,1,UNTESTED,Generated from selected top-cell references
D01007,gds_references,,,-8810.0,-9870.0,single_die,,1,UNTESTED,Generated from selected top-cell references
D01008,gds_references,,,-5286.0,-9870.0,single_die,,1,UNTESTED,Generated from selected top-cell references
D01009,gds_references,,,-1762.0,-9870.0,single_die,,1,UNTESTED,Generated from selected top-cell references
D01010,gds_references,,,1762.0,-9870.0,single_die,,1,UNTESTED,Generated from selected top-cell references
D01011,gds_references,,,5286.0,-9870.0,single_die,,1,UNTESTED,Generated from selected top-cell references
D01012,gds_references,,,8810.0,-9870.0,single_die,,1,UNTESTED,Generated from selected top-cell references
D01013,gds_references,,,12334.0,-9870.0,single_die,,1,UNTESTED,Generated from selected top-cell references
D01014,gds_references,,,15858.0,-9870.0,single_die,,1,UNTESTED,Generated from selected top-cell references
D01015,gds_references,,,19382.0,-9870.0,single_die,,1,UNTESTED,Generated from selected top-cell references
D01016,gds_references,,,22906.0,-9870.0,single_die,,1,UNTESTED,Generated from selected top-cell references
D01017,gds_references,,,26430.0,-9870.0,single_die,,1,UNTESTED,Generated from selected top-cell references
D01018,gds_references,,,29954.0,-9870.0,single_die,,1,UNTESTED,Generated from selected top-cell references
D01019,gds_references,,,33478.0,-9870.0,single_die,,1,UNTESTED,Generated from selected top-cell references
D01020,gds_references,,,37002.0,-9870.0,single_die,,1,UNTESTED,Generated from selected top-cell references
D01021,gds_references,,,40526.0,-9870.0,single_die,,1,UNTESTED,Generated from selected top-cell references
D01022,gds_references,,,44050.0,-9870.0,single_die,,1,UNTESTED,Generated from selected top-cell references
D01023,gds_references,,,47574.0,-9870.0,single_die,,1,UNTESTED,Generated from selected top-cell references
D01024,gds_references,,,51098.0,-9870.0,single_die,,1,UNTESTED,Generated from selected top-cell references
D01025,gds_references,,,54622.0,-9870.0,single_die,,1,UNTESTED,Generated from selected top-cell references
D01026,gds_references,,,58146.0,-9870.0,single_die,,1,UNTESTED,Generated from selected top-cell references
D01027,gds_references,,,61670.0,-9870.0,single_die,,1,UNTESTED,Generated from selected top-cell references
D01028,gds_references,,,65194.0,-9870.0,single_die,,1,UNTESTED,Generated from selected top-cell references
D01029,gds_references,,,-65194.0,-8225.0,single_die,,1,UNTESTED,Generated from selected top-cell references
D01030,gds_references,,,-61670.0,-8225.0,single_die,,1,UNTESTED,Generated from selected top-cell references
D01031,gds_references,,,-58146.0,-8225.0,single_die,,1,UNTESTED,Generated from selected top-cell references
D01032,gds_references,,,-54622.0,-8225.0,single_die,,1,UNTESTED,Generated from selected top-cell references
D01033,gds_references,,,-51098.0,-8225.0,single_die,,1,UNTESTED,Generated from selected top-cell references
D01034,gds_references,,,-47574.0,-8225.0,single_die,,1,UNTESTED,Generated from selected top-cell references
D01035,gds_references,,,-44050.0,-8225.0,single_die,,1,UNTESTED,Generated from selected top-cell references
D01036,gds_references,,,-40526.0,-8225.0,single_die,,1,UNTESTED,Generated from selected top-cell references
D01037,gds_references,,,-37002.0,-8225.0,single_die,,1,UNTESTED,Generated from selected top-cell references
D01038,gds_references,,,-33478.0,-8225.0,single_die,,1,UNTESTED,Generated from selected top-cell references
D01039,gds_references,,,-29954.0,-8225.0,single_die,,1,UNTESTED,Generated from selected top-cell references
D01040,gds_references,,,-26430.0,-8225.0,single_die,,1,UNTESTED,Generated from selected top-cell references
D01041,gds_references,,,-22906.0,-8225.0,single_die,,1,UNTESTED,Generated from selected top-cell references
D01042,gds_references,,,-19382.0,-8225.0,single_die,,1,UNTESTED,Generated from selected top-cell references
D01043,gds_references,,,-15858.0,-8225.0,single_die,,1,UNTESTED,Generated from selected top-cell references
D01044,gds_references,,,-12334.0,-8225.0,single_die,,1,UNTESTED,Generated from selected top-cell references
D01045,gds_references,,,-8810.0,-8225.0,single_die,,1,UNTESTED,Generated from selected top-cell references
D01046,gds_references,,,-5286.0,-8225.0,single_die,,1,UNTESTED,Generated from selected top-cell references
D01047,gds_references,,,-1762.0,-8225.0,single_die,,1,UNTESTED,Generated from selected top-cell references
D01048,gds_references,,,1762.0,-8225.0,single_die,,1,UNTESTED,Generated from selected top-cell references
D01049,gds_references,,,5286.0,-8225.0,single_die,,1,UNTESTED,Generated from selected top-cell references
D01050,gds_references,,,8810.0,-8225.0,single_die,,1,UNTESTED,Generated from selected top-cell references
D01051,gds_references,,,12334.0,-8225.0,single_die,,1,UNTESTED,Generated from selected top-cell references
D01052,gds_references,,,15858.0,-8225.0,single_die,,1,UNTESTED,Generated from selected top-cell references
D01053,gds_references,,,19382.0,-8225.0,single_die,,1,UNTESTED,Generated from selected top-cell references
D01054,gds_references,,,22906.0,-8225.0,single_die,,1,UNTESTED,Generated from selected top-cell references
D01055,gds_references,,,26430.0,-8225.0,single_die,,1,UNTESTED,Generated from selected top-cell references
D01056,gds_references,,,29954.0,-8225.0,single_die,,1,UNTESTED,Generated from selected top-cell references
D01057,gds_references,,,33478.0,-8225.0,single_die,,1,UNTESTED,Generated from selected top-cell references
D01058,gds_references,,,37002.0,-8225.0,single_die,,1,UNTESTED,Generated from selected top-cell references
D01059,gds_references,,,40526.0,-8225.0,single_die,,1,UNTESTED,Generated from selected top-cell references
D01060,gds_references,,,44050.0,-8225.0,single_die,,1,UNTESTED,Generated from selected top-cell references
D01061,gds_references,,,47574.0,-8225.0,single_die,,1,UNTESTED,Generated from selected top-cell references
D01062,gds_references,,,51098.0,-8225.0,single_die,,1,UNTESTED,Generated from selected top-cell references
D01063,gds_references,,,54622.0,-8225.0,single_die,,1,UNTESTED,Generated from selected top-cell references
D01064,gds_references,,,58146.0,-8225.0,single_die,,1,UNTESTED,Generated from selected top-cell references
D01065,gds_references,,,61670.0,-8225.0,single_die,,1,UNTESTED,Generated from selected top-cell references
D01066,gds_references,,,65194.0,-8225.0,single_die,,1,UNTESTED,Generated from selected top-cell references
D01067,gds_references,,,-65194.0,-6580.0,single_die,,1,UNTESTED,Generated from selected top-cell references
D01068,gds_references,,,-61670.0,-6580.0,single_die,,1,UNTESTED,Generated from selected top-cell references
D01069,gds_references,,,-58146.0,-6580.0,single_die,,1,UNTESTED,Generated from selected top-cell references
D01070,gds_references,,,-54622.0,-6580.0,single_die,,1,UNTESTED,Generated from selected top-cell references
D01071,gds_references,,,-51098.0,-6580.0,single_die,,1,UNTESTED,Generated from selected top-cell references
D01072,gds_references,,,-47574.0,-6580.0,single_die,,1,UNTESTED,Generated from selected top-cell references
D01073,gds_references,,,-44050.0,-6580.0,single_die,,1,UNTESTED,Generated from selected top-cell references
D01074,gds_references,,,-40526.0,-6580.0,single_die,,1,UNTESTED,Generated from selected top-cell references
D01075,gds_references,,,-37002.0,-6580.0,single_die,,1,UNTESTED,Generated from selected top-cell references
D01076,gds_references,,,-33478.0,-6580.0,single_die,,1,UNTESTED,Generated from selected top-cell references
D01077,gds_references,,,-29954.0,-6580.0,single_die,,1,UNTESTED,Generated from selected top-cell references
D01078,gds_references,,,-26430.0,-6580.0,single_die,,1,UNTESTED,Generated from selected top-cell references
D01079,gds_references,,,-22906.0,-6580.0,single_die,,1,UNTESTED,Generated from selected top-cell references
D01080,gds_references,,,-19382.0,-6580.0,single_die,,1,UNTESTED,Generated from selected top-cell references
D01081,gds_references,,,-15858.0,-6580.0,single_die,,1,UNTESTED,Generated from selected top-cell references
D01082,gds_references,,,-12334.0,-6580.0,single_die,,1,UNTESTED,Generated from selected top-cell references
D01083,gds_references,,,-8810.0,-6580.0,single_die,,1,UNTESTED,Generated from selected top-cell references
D01084,gds_references,,,-5286.0,-6580.0,single_die,,1,UNTESTED,Generated from selected top-cell references
D01085,gds_references,,,-1762.0,-6580.0,single_die,,1,UNTESTED,Generated from selected top-cell references
D01086,gds_references,,,1762.0,-6580.0,single_die,,1,UNTESTED,Generated from selected top-cell references
D01087,gds_references,,,5286.0,-6580.0,single_die,,1,UNTESTED,Generated from selected top-cell references
D01088,gds_references,,,8810.0,-6580.0,single_die,,1,UNTESTED,Generated from selected top-cell references
D01089,gds_references,,,12334.0,-6580.0,single_die,,1,UNTESTED,Generated from selected top-cell references
D01090,gds_references,,,15858.0,-6580.0,single_die,,1,UNTESTED,Generated from selected top-cell references
D01091,gds_references,,,19382.0,-6580.0,single_die,,1,UNTESTED,Generated from selected top-cell references
D01092,gds_references,,,22906.0,-6580.0,single_die,,1,UNTESTED,Generated from selected top-cell references
D01093,gds_references,,,26430.0,-6580.0,single_die,,1,UNTESTED,Generated from selected top-cell references
D01094,gds_references,,,29954.0,-6580.0,single_die,,1,UNTESTED,Generated from selected top-cell references
D01095,gds_references,,,33478.0,-6580.0,single_die,,1,UNTESTED,Generated from selected top-cell references
D01096,gds_references,,,37002.0,-6580.0,single_die,,1,UNTESTED,Generated from selected top-cell references
D01097,gds_references,,,40526.0,-6580.0,single_die,,1,UNTESTED,Generated from selected top-cell references
D01098,gds_references,,,44050.0,-6580.0,single_die,,1,UNTESTED,Generated from selected top-cell references
D01099,gds_references,,,47574.0,-6580.0,single_die,,1,UNTESTED,Generated from selected top-cell references
D01100,gds_references,,,51098.0,-6580.0,single_die,,1,UNTESTED,Generated from selected top-cell references
D01101,gds_references,,,54622.0,-6580.0,single_die,,1,UNTESTED,Generated from selected top-cell references
D01102,gds_references,,,58146.0,-6580.0,single_die,,1,UNTESTED,Generated from selected top-cell references
D01103,gds_references,,,61670.0,-6580.0,single_die,,1,UNTESTED,Generated from selected top-cell references
D01104,gds_references,,,65194.0,-6580.0,single_die,,1,UNTESTED,Generated from selected top-cell references
D01105,gds_references,,,-65194.0,-4935.0,single_die,,1,UNTESTED,Generated from selected top-cell references
D01106,gds_references,,,-61670.0,-4935.0,single_die,,1,UNTESTED,Generated from selected top-cell references
D01107,gds_references,,,-58146.0,-4935.0,single_die,,1,UNTESTED,Generated from selected top-cell references
D01108,gds_references,,,-54622.0,-4935.0,single_die,,1,UNTESTED,Generated from selected top-cell references
D01109,gds_references,,,-51098.0,-4935.0,single_die,,1,UNTESTED,Generated from selected top-cell references
D01110,gds_references,,,-47574.0,-4935.0,single_die,,1,UNTESTED,Generated from selected top-cell references
D01111,gds_references,,,-44050.0,-4935.0,single_die,,1,UNTESTED,Generated from selected top-cell references
D01112,gds_references,,,-40526.0,-4935.0,single_die,,1,UNTESTED,Generated from selected top-cell references
D01113,gds_references,,,-37002.0,-4935.0,single_die,,1,UNTESTED,Generated from selected top-cell references
D01114,gds_references,,,-33478.0,-4935.0,single_die,,1,UNTESTED,Generated from selected top-cell references
D01115,gds_references,,,-29954.0,-4935.0,single_die,,1,UNTESTED,Generated from selected top-cell references
D01116,gds_references,,,-26430.0,-4935.0,single_die,,1,UNTESTED,Generated from selected top-cell references
D01117,gds_references,,,-22906.0,-4935.0,single_die,,1,UNTESTED,Generated from selected top-cell references
D01118,gds_references,,,-19382.0,-4935.0,single_die,,1,UNTESTED,Generated from selected top-cell references
D01119,gds_references,,,-15858.0,-4935.0,single_die,,1,UNTESTED,Generated from selected top-cell references
D01120,gds_references,,,-12334.0,-4935.0,single_die,,1,UNTESTED,Generated from selected top-cell references
D01121,gds_references,,,-8810.0,-4935.0,single_die,,1,UNTESTED,Generated from selected top-cell references
D01122,gds_references,,,-5286.0,-4935.0,single_die,,1,UNTESTED,Generated from selected top-cell references
D01123,gds_references,,,-1762.0,-4935.0,single_die,,1,UNTESTED,Generated from selected top-cell references
D01124,gds_references,,,1762.0,-4935.0,single_die,,1,UNTESTED,Generated from selected top-cell references
D01125,gds_references,,,5286.0,-4935.0,single_die,,1,UNTESTED,Generated from selected top-cell references
D01126,gds_references,,,8810.0,-4935.0,single_die,,1,UNTESTED,Generated from selected top-cell references
D01127,gds_references,,,12334.0,-4935.0,single_die,,1,UNTESTED,Generated from selected top-cell references
D01128,gds_references,,,15858.0,-4935.0,single_die,,1,UNTESTED,Generated from selected top-cell references
D01129,gds_references,,,19382.0,-4935.0,single_die,,1,UNTESTED,Generated from selected top-cell references
D01130,gds_references,,,22906.0,-4935.0,single_die,,1,UNTESTED,Generated from selected top-cell references
D01131,gds_references,,,26430.0,-4935.0,single_die,,1,UNTESTED,Generated from selected top-cell references
D01132,gds_references,,,29954.0,-4935.0,single_die,,1,UNTESTED,Generated from selected top-cell references
D01133,gds_references,,,33478.0,-4935.0,single_die,,1,UNTESTED,Generated from selected top-cell references
D01134,gds_references,,,37002.0,-4935.0,single_die,,1,UNTESTED,Generated from selected top-cell references
D01135,gds_references,,,40526.0,-4935.0,single_die,,1,UNTESTED,Generated from selected top-cell references
D01136,gds_references,,,44050.0,-4935.0,single_die,,1,UNTESTED,Generated from selected top-cell references
D01137,gds_references,,,47574.0,-4935.0,single_die,,1,UNTESTED,Generated from selected top-cell references
D01138,gds_references,,,51098.0,-4935.0,single_die,,1,UNTESTED,Generated from selected top-cell references
D01139,gds_references,,,54622.0,-4935.0,single_die,,1,UNTESTED,Generated from selected top-cell references
D01140,gds_references,,,58146.0,-4935.0,single_die,,1,UNTESTED,Generated from selected top-cell references
D01141,gds_references,,,61670.0,-4935.0,single_die,,1,UNTESTED,Generated from selected top-cell references
D01142,gds_references,,,65194.0,-4935.0,single_die,,1,UNTESTED,Generated from selected top-cell references
D01143,gds_references,,,-65194.0,-3290.0,single_die,,1,UNTESTED,Generated from selected top-cell references
D01144,gds_references,,,-61670.0,-3290.0,single_die,,1,UNTESTED,Generated from selected top-cell references
D01145,gds_references,,,-58146.0,-3290.0,single_die,,1,UNTESTED,Generated from selected top-cell references
D01146,gds_references,,,-54622.0,-3290.0,single_die,,1,UNTESTED,Generated from selected top-cell references
D01147,gds_references,,,-51098.0,-3290.0,single_die,,1,UNTESTED,Generated from selected top-cell references
D01148,gds_references,,,-47574.0,-3290.0,single_die,,1,UNTESTED,Generated from selected top-cell references
D01149,gds_references,,,-44050.0,-3290.0,single_die,,1,UNTESTED,Generated from selected top-cell references
D01150,gds_references,,,-40526.0,-3290.0,single_die,,1,UNTESTED,Generated from selected top-cell references
D01151,gds_references,,,-37002.0,-3290.0,single_die,,1,UNTESTED,Generated from selected top-cell references
D01152,gds_references,,,-33478.0,-3290.0,single_die,,1,UNTESTED,Generated from selected top-cell references
D01153,gds_references,,,-29954.0,-3290.0,single_die,,1,UNTESTED,Generated from selected top-cell references
D01154,gds_references,,,-26430.0,-3290.0,single_die,,1,UNTESTED,Generated from selected top-cell references
D01155,gds_references,,,-22906.0,-3290.0,single_die,,1,UNTESTED,Generated from selected top-cell references
D01156,gds_references,,,-19382.0,-3290.0,single_die,,1,UNTESTED,Generated from selected top-cell references
D01157,gds_references,,,-15858.0,-3290.0,single_die,,1,UNTESTED,Generated from selected top-cell references
D01158,gds_references,,,-12334.0,-3290.0,single_die,,1,UNTESTED,Generated from selected top-cell references
D01159,gds_references,,,-8810.0,-3290.0,single_die,,1,UNTESTED,Generated from selected top-cell references
D01160,gds_references,,,-5286.0,-3290.0,single_die,,1,UNTESTED,Generated from selected top-cell references
D01161,gds_references,,,-1762.0,-3290.0,single_die,,1,UNTESTED,Generated from selected top-cell references
D01162,gds_references,,,1762.0,-3290.0,single_die,,1,UNTESTED,Generated from selected top-cell references
D01163,gds_references,,,5286.0,-3290.0,single_die,,1,UNTESTED,Generated from selected top-cell references
D01164,gds_references,,,8810.0,-3290.0,single_die,,1,UNTESTED,Generated from selected top-cell references
D01165,gds_references,,,12334.0,-3290.0,single_die,,1,UNTESTED,Generated from selected top-cell references
D01166,gds_references,,,15858.0,-3290.0,single_die,,1,UNTESTED,Generated from selected top-cell references
D01167,gds_references,,,19382.0,-3290.0,single_die,,1,UNTESTED,Generated from selected top-cell references
D01168,gds_references,,,22906.0,-3290.0,single_die,,1,UNTESTED,Generated from selected top-cell references
D01169,gds_references,,,26430.0,-3290.0,single_die,,1,UNTESTED,Generated from selected top-cell references
D01170,gds_references,,,29954.0,-3290.0,single_die,,1,UNTESTED,Generated from selected top-cell references
D01171,gds_references,,,33478.0,-3290.0,single_die,,1,UNTESTED,Generated from selected top-cell references
D01172,gds_references,,,37002.0,-3290.0,single_die,,1,UNTESTED,Generated from selected top-cell references
D01173,gds_references,,,40526.0,-3290.0,single_die,,1,UNTESTED,Generated from selected top-cell references
D01174,gds_references,,,44050.0,-3290.0,single_die,,1,UNTESTED,Generated from selected top-cell references
D01175,gds_references,,,47574.0,-3290.0,single_die,,1,UNTESTED,Generated from selected top-cell references
D01176,gds_references,,,51098.0,-3290.0,single_die,,1,UNTESTED,Generated from selected top-cell references
D01177,gds_references,,,54622.0,-3290.0,single_die,,1,UNTESTED,Generated from selected top-cell references
D01178,gds_references,,,58146.0,-3290.0,single_die,,1,UNTESTED,Generated from selected top-cell references
D01179,gds_references,,,61670.0,-3290.0,single_die,,1,UNTESTED,Generated from selected top-cell references
D01180,gds_references,,,65194.0,-3290.0,single_die,,1,UNTESTED,Generated from selected top-cell references
D01181,gds_references,,,-65194.0,-1645.0,single_die,,1,UNTESTED,Generated from selected top-cell references
D01182,gds_references,,,-61670.0,-1645.0,single_die,,1,UNTESTED,Generated from selected top-cell references
D01183,gds_references,,,-58146.0,-1645.0,single_die,,1,UNTESTED,Generated from selected top-cell references
D01184,gds_references,,,-54622.0,-1645.0,single_die,,1,UNTESTED,Generated from selected top-cell references
D01185,gds_references,,,-51098.0,-1645.0,single_die,,1,UNTESTED,Generated from selected top-cell references
D01186,gds_references,,,-37002.0,-1645.0,single_die,,1,UNTESTED,Generated from selected top-cell references
D01187,gds_references,,,-33478.0,-1645.0,single_die,,1,UNTESTED,Generated from selected top-cell references
D01188,gds_references,,,-29954.0,-1645.0,single_die,,1,UNTESTED,Generated from selected top-cell references
D01189,gds_references,,,-26430.0,-1645.0,single_die,,1,UNTESTED,Generated from selected top-cell references
D01190,gds_references,,,-22906.0,-1645.0,single_die,,1,UNTESTED,Generated from selected top-cell references
D01191,gds_references,,,-19382.0,-1645.0,single_die,,1,UNTESTED,Generated from selected top-cell references
D01192,gds_references,,,-15858.0,-1645.0,single_die,,1,UNTESTED,Generated from selected top-cell references
D01193,gds_references,,,-12334.0,-1645.0,single_die,,1,UNTESTED,Generated from selected top-cell references
D01194,gds_references,,,-8810.0,-1645.0,single_die,,1,UNTESTED,Generated from selected top-cell references
D01195,gds_references,,,-5286.0,-1645.0,single_die,,1,UNTESTED,Generated from selected top-cell references
D01196,gds_references,,,-1762.0,-1645.0,single_die,,1,UNTESTED,Generated from selected top-cell references
D01197,gds_references,,,1762.0,-1645.0,single_die,,1,UNTESTED,Generated from selected top-cell references
D01198,gds_references,,,5286.0,-1645.0,single_die,,1,UNTESTED,Generated from selected top-cell references
D01199,gds_references,,,8810.0,-1645.0,single_die,,1,UNTESTED,Generated from selected top-cell references
D01200,gds_references,,,12334.0,-1645.0,single_die,,1,UNTESTED,Generated from selected top-cell references
D01201,gds_references,,,15858.0,-1645.0,single_die,,1,UNTESTED,Generated from selected top-cell references
D01202,gds_references,,,19382.0,-1645.0,single_die,,1,UNTESTED,Generated from selected top-cell references
D01203,gds_references,,,22906.0,-1645.0,single_die,,1,UNTESTED,Generated from selected top-cell references
D01204,gds_references,,,26430.0,-1645.0,single_die,,1,UNTESTED,Generated from selected top-cell references
D01205,gds_references,,,29954.0,-1645.0,single_die,,1,UNTESTED,Generated from selected top-cell references
D01206,gds_references,,,33478.0,-1645.0,single_die,,1,UNTESTED,Generated from selected top-cell references
D01207,gds_references,,,37002.0,-1645.0,single_die,,1,UNTESTED,Generated from selected top-cell references
D01208,gds_references,,,40526.0,-1645.0,single_die,,1,UNTESTED,Generated from selected top-cell references
D01209,gds_references,,,44050.0,-1645.0,single_die,,1,UNTESTED,Generated from selected top-cell references
D01210,gds_references,,,47574.0,-1645.0,single_die,,1,UNTESTED,Generated from selected top-cell references
D01211,gds_references,,,51098.0,-1645.0,single_die,,1,UNTESTED,Generated from selected top-cell references
D01212,gds_references,,,54622.0,-1645.0,single_die,,1,UNTESTED,Generated from selected top-cell references
D01213,gds_references,,,58146.0,-1645.0,single_die,,1,UNTESTED,Generated from selected top-cell references
D01214,gds_references,,,61670.0,-1645.0,single_die,,1,UNTESTED,Generated from selected top-cell references
D01215,gds_references,,,65194.0,-1645.0,single_die,,1,UNTESTED,Generated from selected top-cell references
D01216,gds_references,,,-65194.0,0.0,single_die,,1,UNTESTED,Generated from selected top-cell references
D01217,gds_references,,,-61670.0,0.0,single_die,,1,UNTESTED,Generated from selected top-cell references
D01218,gds_references,,,-58146.0,0.0,single_die,,1,UNTESTED,Generated from selected top-cell references
D01219,gds_references,,,-54622.0,0.0,single_die,,1,UNTESTED,Generated from selected top-cell references
D01220,gds_references,,,-51098.0,0.0,single_die,,1,UNTESTED,Generated from selected top-cell references
D01221,gds_references,,,-37002.0,0.0,single_die,,1,UNTESTED,Generated from selected top-cell references
D01222,gds_references,,,-33478.0,0.0,single_die,,1,UNTESTED,Generated from selected top-cell references
D01223,gds_references,,,-29954.0,0.0,single_die,,1,UNTESTED,Generated from selected top-cell references
D01224,gds_references,,,-26430.0,0.0,single_die,,1,UNTESTED,Generated from selected top-cell references
D01225,gds_references,,,-22906.0,0.0,single_die,,1,UNTESTED,Generated from selected top-cell references
D01226,gds_references,,,-19382.0,0.0,single_die,,1,UNTESTED,Generated from selected top-cell references
D01227,gds_references,,,-15858.0,0.0,single_die,,1,UNTESTED,Generated from selected top-cell references
D01228,gds_references,,,-12334.0,0.0,single_die,,1,UNTESTED,Generated from selected top-cell references
D01229,gds_references,,,-8810.0,0.0,single_die,,1,UNTESTED,Generated from selected top-cell references
D01230,gds_references,,,-5286.0,0.0,single_die,,1,UNTESTED,Generated from selected top-cell references
D01231,gds_references,,,-1762.0,0.0,single_die,,1,UNTESTED,Generated from selected top-cell references
D01232,gds_references,,,1762.0,0.0,single_die,,1,UNTESTED,Generated from selected top-cell references
D01233,gds_references,,,5286.0,0.0,single_die,,1,UNTESTED,Generated from selected top-cell references
D01234,gds_references,,,8810.0,0.0,single_die,,1,UNTESTED,Generated from selected top-cell references
D01235,gds_references,,,12334.0,0.0,single_die,,1,UNTESTED,Generated from selected top-cell references
D01236,gds_references,,,15858.0,0.0,single_die,,1,UNTESTED,Generated from selected top-cell references
D01237,gds_references,,,19382.0,0.0,single_die,,1,UNTESTED,Generated from selected top-cell references
D01238,gds_references,,,22906.0,0.0,single_die,,1,UNTESTED,Generated from selected top-cell references
D01239,gds_references,,,26430.0,0.0,single_die,,1,UNTESTED,Generated from selected top-cell references
D01240,gds_references,,,29954.0,0.0,single_die,,1,UNTESTED,Generated from selected top-cell references
D01241,gds_references,,,33478.0,0.0,single_die,,1,UNTESTED,Generated from selected top-cell references
D01242,gds_references,,,37002.0,0.0,single_die,,1,UNTESTED,Generated from selected top-cell references
D01243,gds_references,,,51098.0,0.0,single_die,,1,UNTESTED,Generated from selected top-cell references
D01244,gds_references,,,54622.0,0.0,single_die,,1,UNTESTED,Generated from selected top-cell references
D01245,gds_references,,,58146.0,0.0,single_die,,1,UNTESTED,Generated from selected top-cell references
D01246,gds_references,,,61670.0,0.0,single_die,,1,UNTESTED,Generated from selected top-cell references
D01247,gds_references,,,65194.0,0.0,single_die,,1,UNTESTED,Generated from selected top-cell references
D01248,gds_references,,,-65194.0,1645.0,single_die,,1,UNTESTED,Generated from selected top-cell references
D01249,gds_references,,,-61670.0,1645.0,single_die,,1,UNTESTED,Generated from selected top-cell references
D01250,gds_references,,,-58146.0,1645.0,single_die,,1,UNTESTED,Generated from selected top-cell references
D01251,gds_references,,,-54622.0,1645.0,single_die,,1,UNTESTED,Generated from selected top-cell references
D01252,gds_references,,,-51098.0,1645.0,single_die,,1,UNTESTED,Generated from selected top-cell references
D01253,gds_references,,,-47574.0,1645.0,single_die,,1,UNTESTED,Generated from selected top-cell references
D01254,gds_references,,,-44050.0,1645.0,single_die,,1,UNTESTED,Generated from selected top-cell references
D01255,gds_references,,,-40526.0,1645.0,single_die,,1,UNTESTED,Generated from selected top-cell references
D01256,gds_references,,,-37002.0,1645.0,single_die,,1,UNTESTED,Generated from selected top-cell references
D01257,gds_references,,,-33478.0,1645.0,single_die,,1,UNTESTED,Generated from selected top-cell references
D01258,gds_references,,,-29954.0,1645.0,single_die,,1,UNTESTED,Generated from selected top-cell references
D01259,gds_references,,,-26430.0,1645.0,single_die,,1,UNTESTED,Generated from selected top-cell references
D01260,gds_references,,,-22906.0,1645.0,single_die,,1,UNTESTED,Generated from selected top-cell references
D01261,gds_references,,,-19382.0,1645.0,single_die,,1,UNTESTED,Generated from selected top-cell references
D01262,gds_references,,,-15858.0,1645.0,single_die,,1,UNTESTED,Generated from selected top-cell references
D01263,gds_references,,,-12334.0,1645.0,single_die,,1,UNTESTED,Generated from selected top-cell references
D01264,gds_references,,,-8810.0,1645.0,single_die,,1,UNTESTED,Generated from selected top-cell references
D01265,gds_references,,,-5286.0,1645.0,single_die,,1,UNTESTED,Generated from selected top-cell references
D01266,gds_references,,,-1762.0,1645.0,single_die,,1,UNTESTED,Generated from selected top-cell references
D01267,gds_references,,,1762.0,1645.0,single_die,,1,UNTESTED,Generated from selected top-cell references
D01268,gds_references,,,5286.0,1645.0,single_die,,1,UNTESTED,Generated from selected top-cell references
D01269,gds_references,,,8810.0,1645.0,single_die,,1,UNTESTED,Generated from selected top-cell references
D01270,gds_references,,,12334.0,1645.0,single_die,,1,UNTESTED,Generated from selected top-cell references
D01271,gds_references,,,15858.0,1645.0,single_die,,1,UNTESTED,Generated from selected top-cell references
D01272,gds_references,,,19382.0,1645.0,single_die,,1,UNTESTED,Generated from selected top-cell references
D01273,gds_references,,,22906.0,1645.0,single_die,,1,UNTESTED,Generated from selected top-cell references
D01274,gds_references,,,26430.0,1645.0,single_die,,1,UNTESTED,Generated from selected top-cell references
D01275,gds_references,,,29954.0,1645.0,single_die,,1,UNTESTED,Generated from selected top-cell references
D01276,gds_references,,,33478.0,1645.0,single_die,,1,UNTESTED,Generated from selected top-cell references
D01277,gds_references,,,37002.0,1645.0,single_die,,1,UNTESTED,Generated from selected top-cell references
D01278,gds_references,,,40526.0,1645.0,single_die,,1,UNTESTED,Generated from selected top-cell references
D01279,gds_references,,,44050.0,1645.0,single_die,,1,UNTESTED,Generated from selected top-cell references
D01280,gds_references,,,47574.0,1645.0,single_die,,1,UNTESTED,Generated from selected top-cell references
D01281,gds_references,,,51098.0,1645.0,single_die,,1,UNTESTED,Generated from selected top-cell references
D01282,gds_references,,,54622.0,1645.0,single_die,,1,UNTESTED,Generated from selected top-cell references
D01283,gds_references,,,58146.0,1645.0,single_die,,1,UNTESTED,Generated from selected top-cell references
D01284,gds_references,,,61670.0,1645.0,single_die,,1,UNTESTED,Generated from selected top-cell references
D01285,gds_references,,,65194.0,1645.0,single_die,,1,UNTESTED,Generated from selected top-cell references
D01286,gds_references,,,-65194.0,3290.0,single_die,,1,UNTESTED,Generated from selected top-cell references
D01287,gds_references,,,-61670.0,3290.0,single_die,,1,UNTESTED,Generated from selected top-cell references
D01288,gds_references,,,-58146.0,3290.0,single_die,,1,UNTESTED,Generated from selected top-cell references
D01289,gds_references,,,-54622.0,3290.0,single_die,,1,UNTESTED,Generated from selected top-cell references
D01290,gds_references,,,-51098.0,3290.0,single_die,,1,UNTESTED,Generated from selected top-cell references
D01291,gds_references,,,-47574.0,3290.0,single_die,,1,UNTESTED,Generated from selected top-cell references
D01292,gds_references,,,-40526.0,3290.0,single_die,,1,UNTESTED,Generated from selected top-cell references
D01293,gds_references,,,-37002.0,3290.0,single_die,,1,UNTESTED,Generated from selected top-cell references
D01294,gds_references,,,-33478.0,3290.0,single_die,,1,UNTESTED,Generated from selected top-cell references
D01295,gds_references,,,-29954.0,3290.0,single_die,,1,UNTESTED,Generated from selected top-cell references
D01296,gds_references,,,-26430.0,3290.0,single_die,,1,UNTESTED,Generated from selected top-cell references
D01297,gds_references,,,-22906.0,3290.0,single_die,,1,UNTESTED,Generated from selected top-cell references
D01298,gds_references,,,-19382.0,3290.0,single_die,,1,UNTESTED,Generated from selected top-cell references
D01299,gds_references,,,-15858.0,3290.0,single_die,,1,UNTESTED,Generated from selected top-cell references
D01300,gds_references,,,-12334.0,3290.0,single_die,,1,UNTESTED,Generated from selected top-cell references
D01301,gds_references,,,-5286.0,3290.0,single_die,,1,UNTESTED,Generated from selected top-cell references
D01302,gds_references,,,-1762.0,3290.0,single_die,,1,UNTESTED,Generated from selected top-cell references
D01303,gds_references,,,1762.0,3290.0,single_die,,1,UNTESTED,Generated from selected top-cell references
D01304,gds_references,,,5286.0,3290.0,single_die,,1,UNTESTED,Generated from selected top-cell references
D01305,gds_references,,,8810.0,3290.0,single_die,,1,UNTESTED,Generated from selected top-cell references
D01306,gds_references,,,12334.0,3290.0,single_die,,1,UNTESTED,Generated from selected top-cell references
D01307,gds_references,,,15858.0,3290.0,single_die,,1,UNTESTED,Generated from selected top-cell references
D01308,gds_references,,,19382.0,3290.0,single_die,,1,UNTESTED,Generated from selected top-cell references
D01309,gds_references,,,22906.0,3290.0,single_die,,1,UNTESTED,Generated from selected top-cell references
D01310,gds_references,,,29954.0,3290.0,single_die,,1,UNTESTED,Generated from selected top-cell references
D01311,gds_references,,,33478.0,3290.0,single_die,,1,UNTESTED,Generated from selected top-cell references
D01312,gds_references,,,37002.0,3290.0,single_die,,1,UNTESTED,Generated from selected top-cell references
D01313,gds_references,,,40526.0,3290.0,single_die,,1,UNTESTED,Generated from selected top-cell references
D01314,gds_references,,,44050.0,3290.0,single_die,,1,UNTESTED,Generated from selected top-cell references
D01315,gds_references,,,47574.0,3290.0,single_die,,1,UNTESTED,Generated from selected top-cell references
D01316,gds_references,,,51098.0,3290.0,single_die,,1,UNTESTED,Generated from selected top-cell references
D01317,gds_references,,,54622.0,3290.0,single_die,,1,UNTESTED,Generated from selected top-cell references
D01318,gds_references,,,58146.0,3290.0,single_die,,1,UNTESTED,Generated from selected top-cell references
D01319,gds_references,,,65194.0,3290.0,single_die,,1,UNTESTED,Generated from selected top-cell references
D01320,gds_references,,,-65194.0,4935.0,single_die,,1,UNTESTED,Generated from selected top-cell references
D01321,gds_references,,,-61670.0,4935.0,single_die,,1,UNTESTED,Generated from selected top-cell references
D01322,gds_references,,,-58146.0,4935.0,single_die,,1,UNTESTED,Generated from selected top-cell references
D01323,gds_references,,,-54622.0,4935.0,single_die,,1,UNTESTED,Generated from selected top-cell references
D01324,gds_references,,,-51098.0,4935.0,single_die,,1,UNTESTED,Generated from selected top-cell references
D01325,gds_references,,,-47574.0,4935.0,single_die,,1,UNTESTED,Generated from selected top-cell references
D01326,gds_references,,,-44050.0,4935.0,single_die,,1,UNTESTED,Generated from selected top-cell references
D01327,gds_references,,,-40526.0,4935.0,single_die,,1,UNTESTED,Generated from selected top-cell references
D01328,gds_references,,,-37002.0,4935.0,single_die,,1,UNTESTED,Generated from selected top-cell references
D01329,gds_references,,,-33478.0,4935.0,single_die,,1,UNTESTED,Generated from selected top-cell references
D01330,gds_references,,,-29954.0,4935.0,single_die,,1,UNTESTED,Generated from selected top-cell references
D01331,gds_references,,,-26430.0,4935.0,single_die,,1,UNTESTED,Generated from selected top-cell references
D01332,gds_references,,,-22906.0,4935.0,single_die,,1,UNTESTED,Generated from selected top-cell references
D01333,gds_references,,,-19382.0,4935.0,single_die,,1,UNTESTED,Generated from selected top-cell references
D01334,gds_references,,,-15858.0,4935.0,single_die,,1,UNTESTED,Generated from selected top-cell references
D01335,gds_references,,,-12334.0,4935.0,single_die,,1,UNTESTED,Generated from selected top-cell references
D01336,gds_references,,,-5286.0,4935.0,single_die,,1,UNTESTED,Generated from selected top-cell references
D01337,gds_references,,,-1762.0,4935.0,single_die,,1,UNTESTED,Generated from selected top-cell references
D01338,gds_references,,,1762.0,4935.0,single_die,,1,UNTESTED,Generated from selected top-cell references
D01339,gds_references,,,5286.0,4935.0,single_die,,1,UNTESTED,Generated from selected top-cell references
D01340,gds_references,,,8810.0,4935.0,single_die,,1,UNTESTED,Generated from selected top-cell references
D01341,gds_references,,,12334.0,4935.0,single_die,,1,UNTESTED,Generated from selected top-cell references
D01342,gds_references,,,15858.0,4935.0,single_die,,1,UNTESTED,Generated from selected top-cell references
D01343,gds_references,,,19382.0,4935.0,single_die,,1,UNTESTED,Generated from selected top-cell references
D01344,gds_references,,,22906.0,4935.0,single_die,,1,UNTESTED,Generated from selected top-cell references
D01345,gds_references,,,26430.0,4935.0,single_die,,1,UNTESTED,Generated from selected top-cell references
D01346,gds_references,,,29954.0,4935.0,single_die,,1,UNTESTED,Generated from selected top-cell references
D01347,gds_references,,,33478.0,4935.0,single_die,,1,UNTESTED,Generated from selected top-cell references
D01348,gds_references,,,37002.0,4935.0,single_die,,1,UNTESTED,Generated from selected top-cell references
D01349,gds_references,,,40526.0,4935.0,single_die,,1,UNTESTED,Generated from selected top-cell references
D01350,gds_references,,,44050.0,4935.0,single_die,,1,UNTESTED,Generated from selected top-cell references
D01351,gds_references,,,47574.0,4935.0,single_die,,1,UNTESTED,Generated from selected top-cell references
D01352,gds_references,,,51098.0,4935.0,single_die,,1,UNTESTED,Generated from selected top-cell references
D01353,gds_references,,,54622.0,4935.0,single_die,,1,UNTESTED,Generated from selected top-cell references
D01354,gds_references,,,58146.0,4935.0,single_die,,1,UNTESTED,Generated from selected top-cell references
D01355,gds_references,,,65194.0,4935.0,single_die,,1,UNTESTED,Generated from selected top-cell references
D01356,gds_references,,,-65194.0,6580.0,single_die,,1,UNTESTED,Generated from selected top-cell references
D01357,gds_references,,,-61670.0,6580.0,single_die,,1,UNTESTED,Generated from selected top-cell references
D01358,gds_references,,,-58146.0,6580.0,single_die,,1,UNTESTED,Generated from selected top-cell references
D01359,gds_references,,,-54622.0,6580.0,single_die,,1,UNTESTED,Generated from selected top-cell references
D01360,gds_references,,,-51098.0,6580.0,single_die,,1,UNTESTED,Generated from selected top-cell references
D01361,gds_references,,,-47574.0,6580.0,single_die,,1,UNTESTED,Generated from selected top-cell references
D01362,gds_references,,,-44050.0,6580.0,single_die,,1,UNTESTED,Generated from selected top-cell references
D01363,gds_references,,,-40526.0,6580.0,single_die,,1,UNTESTED,Generated from selected top-cell references
D01364,gds_references,,,-37002.0,6580.0,single_die,,1,UNTESTED,Generated from selected top-cell references
D01365,gds_references,,,-33478.0,6580.0,single_die,,1,UNTESTED,Generated from selected top-cell references
D01366,gds_references,,,-29954.0,6580.0,single_die,,1,UNTESTED,Generated from selected top-cell references
D01367,gds_references,,,-26430.0,6580.0,single_die,,1,UNTESTED,Generated from selected top-cell references
D01368,gds_references,,,-22906.0,6580.0,single_die,,1,UNTESTED,Generated from selected top-cell references
D01369,gds_references,,,-19382.0,6580.0,single_die,,1,UNTESTED,Generated from selected top-cell references
D01370,gds_references,,,-15858.0,6580.0,single_die,,1,UNTESTED,Generated from selected top-cell references
D01371,gds_references,,,-12334.0,6580.0,single_die,,1,UNTESTED,Generated from selected top-cell references
D01372,gds_references,,,-8810.0,6580.0,single_die,,1,UNTESTED,Generated from selected top-cell references
D01373,gds_references,,,-5286.0,6580.0,single_die,,1,UNTESTED,Generated from selected top-cell references
D01374,gds_references,,,-1762.0,6580.0,single_die,,1,UNTESTED,Generated from selected top-cell references
D01375,gds_references,,,1762.0,6580.0,single_die,,1,UNTESTED,Generated from selected top-cell references
D01376,gds_references,,,5286.0,6580.0,single_die,,1,UNTESTED,Generated from selected top-cell references
D01377,gds_references,,,8810.0,6580.0,single_die,,1,UNTESTED,Generated from selected top-cell references
D01378,gds_references,,,12334.0,6580.0,single_die,,1,UNTESTED,Generated from selected top-cell references
D01379,gds_references,,,15858.0,6580.0,single_die,,1,UNTESTED,Generated from selected top-cell references
D01380,gds_references,,,19382.0,6580.0,single_die,,1,UNTESTED,Generated from selected top-cell references
D01381,gds_references,,,22906.0,6580.0,single_die,,1,UNTESTED,Generated from selected top-cell references
D01382,gds_references,,,26430.0,6580.0,single_die,,1,UNTESTED,Generated from selected top-cell references
D01383,gds_references,,,29954.0,6580.0,single_die,,1,UNTESTED,Generated from selected top-cell references
D01384,gds_references,,,33478.0,6580.0,single_die,,1,UNTESTED,Generated from selected top-cell references
D01385,gds_references,,,37002.0,6580.0,single_die,,1,UNTESTED,Generated from selected top-cell references
D01386,gds_references,,,40526.0,6580.0,single_die,,1,UNTESTED,Generated from selected top-cell references
D01387,gds_references,,,44050.0,6580.0,single_die,,1,UNTESTED,Generated from selected top-cell references
D01388,gds_references,,,47574.0,6580.0,single_die,,1,UNTESTED,Generated from selected top-cell references
D01389,gds_references,,,51098.0,6580.0,single_die,,1,UNTESTED,Generated from selected top-cell references
D01390,gds_references,,,54622.0,6580.0,single_die,,1,UNTESTED,Generated from selected top-cell references
D01391,gds_references,,,58146.0,6580.0,single_die,,1,UNTESTED,Generated from selected top-cell references
D01392,gds_references,,,61670.0,6580.0,single_die,,1,UNTESTED,Generated from selected top-cell references
D01393,gds_references,,,65194.0,6580.0,single_die,,1,UNTESTED,Generated from selected top-cell references
D01394,gds_references,,,-65194.0,8225.0,single_die,,1,UNTESTED,Generated from selected top-cell references
D01395,gds_references,,,-61670.0,8225.0,single_die,,1,UNTESTED,Generated from selected top-cell references
D01396,gds_references,,,-58146.0,8225.0,single_die,,1,UNTESTED,Generated from selected top-cell references
D01397,gds_references,,,-54622.0,8225.0,single_die,,1,UNTESTED,Generated from selected top-cell references
D01398,gds_references,,,-51098.0,8225.0,single_die,,1,UNTESTED,Generated from selected top-cell references
D01399,gds_references,,,-47574.0,8225.0,single_die,,1,UNTESTED,Generated from selected top-cell references
D01400,gds_references,,,-44050.0,8225.0,single_die,,1,UNTESTED,Generated from selected top-cell references
D01401,gds_references,,,-40526.0,8225.0,single_die,,1,UNTESTED,Generated from selected top-cell references
D01402,gds_references,,,-37002.0,8225.0,single_die,,1,UNTESTED,Generated from selected top-cell references
D01403,gds_references,,,-33478.0,8225.0,single_die,,1,UNTESTED,Generated from selected top-cell references
D01404,gds_references,,,-29954.0,8225.0,single_die,,1,UNTESTED,Generated from selected top-cell references
D01405,gds_references,,,-26430.0,8225.0,single_die,,1,UNTESTED,Generated from selected top-cell references
D01406,gds_references,,,-22906.0,8225.0,single_die,,1,UNTESTED,Generated from selected top-cell references
D01407,gds_references,,,-19382.0,8225.0,single_die,,1,UNTESTED,Generated from selected top-cell references
D01408,gds_references,,,-15858.0,8225.0,single_die,,1,UNTESTED,Generated from selected top-cell references
D01409,gds_references,,,-12334.0,8225.0,single_die,,1,UNTESTED,Generated from selected top-cell references
D01410,gds_references,,,-8810.0,8225.0,single_die,,1,UNTESTED,Generated from selected top-cell references
D01411,gds_references,,,-5286.0,8225.0,single_die,,1,UNTESTED,Generated from selected top-cell references
D01412,gds_references,,,-1762.0,8225.0,single_die,,1,UNTESTED,Generated from selected top-cell references
D01413,gds_references,,,1762.0,8225.0,single_die,,1,UNTESTED,Generated from selected top-cell references
D01414,gds_references,,,5286.0,8225.0,single_die,,1,UNTESTED,Generated from selected top-cell references
D01415,gds_references,,,8810.0,8225.0,single_die,,1,UNTESTED,Generated from selected top-cell references
D01416,gds_references,,,12334.0,8225.0,single_die,,1,UNTESTED,Generated from selected top-cell references
D01417,gds_references,,,15858.0,8225.0,single_die,,1,UNTESTED,Generated from selected top-cell references
D01418,gds_references,,,19382.0,8225.0,single_die,,1,UNTESTED,Generated from selected top-cell references
D01419,gds_references,,,22906.0,8225.0,single_die,,1,UNTESTED,Generated from selected top-cell references
D01420,gds_references,,,26430.0,8225.0,single_die,,1,UNTESTED,Generated from selected top-cell references
D01421,gds_references,,,29954.0,8225.0,single_die,,1,UNTESTED,Generated from selected top-cell references
D01422,gds_references,,,33478.0,8225.0,single_die,,1,UNTESTED,Generated from selected top-cell references
D01423,gds_references,,,37002.0,8225.0,single_die,,1,UNTESTED,Generated from selected top-cell references
D01424,gds_references,,,40526.0,8225.0,single_die,,1,UNTESTED,Generated from selected top-cell references
D01425,gds_references,,,44050.0,8225.0,single_die,,1,UNTESTED,Generated from selected top-cell references
D01426,gds_references,,,47574.0,8225.0,single_die,,1,UNTESTED,Generated from selected top-cell references
D01427,gds_references,,,51098.0,8225.0,single_die,,1,UNTESTED,Generated from selected top-cell references
D01428,gds_references,,,54622.0,8225.0,single_die,,1,UNTESTED,Generated from selected top-cell references
D01429,gds_references,,,58146.0,8225.0,single_die,,1,UNTESTED,Generated from selected top-cell references
D01430,gds_references,,,61670.0,8225.0,single_die,,1,UNTESTED,Generated from selected top-cell references
D01431,gds_references,,,65194.0,8225.0,single_die,,1,UNTESTED,Generated from selected top-cell references
D01432,gds_references,,,-65194.0,9870.0,single_die,,1,UNTESTED,Generated from selected top-cell references
D01433,gds_references,,,-61670.0,9870.0,single_die,,1,UNTESTED,Generated from selected top-cell references
D01434,gds_references,,,-58146.0,9870.0,single_die,,1,UNTESTED,Generated from selected top-cell references
D01435,gds_references,,,-54622.0,9870.0,single_die,,1,UNTESTED,Generated from selected top-cell references
D01436,gds_references,,,-51098.0,9870.0,single_die,,1,UNTESTED,Generated from selected top-cell references
D01437,gds_references,,,-47574.0,9870.0,single_die,,1,UNTESTED,Generated from selected top-cell references
D01438,gds_references,,,-44050.0,9870.0,single_die,,1,UNTESTED,Generated from selected top-cell references
D01439,gds_references,,,-40526.0,9870.0,single_die,,1,UNTESTED,Generated from selected top-cell references
D01440,gds_references,,,-37002.0,9870.0,single_die,,1,UNTESTED,Generated from selected top-cell references
D01441,gds_references,,,-33478.0,9870.0,single_die,,1,UNTESTED,Generated from selected top-cell references
D01442,gds_references,,,-29954.0,9870.0,single_die,,1,UNTESTED,Generated from selected top-cell references
D01443,gds_references,,,-26430.0,9870.0,single_die,,1,UNTESTED,Generated from selected top-cell references
D01444,gds_references,,,-22906.0,9870.0,single_die,,1,UNTESTED,Generated from selected top-cell references
D01445,gds_references,,,-19382.0,9870.0,single_die,,1,UNTESTED,Generated from selected top-cell references
D01446,gds_references,,,-15858.0,9870.0,single_die,,1,UNTESTED,Generated from selected top-cell references
D01447,gds_references,,,-12334.0,9870.0,single_die,,1,UNTESTED,Generated from selected top-cell references
D01448,gds_references,,,-8810.0,9870.0,single_die,,1,UNTESTED,Generated from selected top-cell references
D01449,gds_references,,,-5286.0,9870.0,single_die,,1,UNTESTED,Generated from selected top-cell references
D01450,gds_references,,,-1762.0,9870.0,single_die,,1,UNTESTED,Generated from selected top-cell references
D01451,gds_references,,,1762.0,9870.0,single_die,,1,UNTESTED,Generated from selected top-cell references
D01452,gds_references,,,5286.0,9870.0,single_die,,1,UNTESTED,Generated from selected top-cell references
D01453,gds_references,,,8810.0,9870.0,single_die,,1,UNTESTED,Generated from selected top-cell references
D01454,gds_references,,,12334.0,9870.0,single_die,,1,UNTESTED,Generated from selected top-cell references
D01455,gds_references,,,15858.0,9870.0,single_die,,1,UNTESTED,Generated from selected top-cell references
D01456,gds_references,,,19382.0,9870.0,single_die,,1,UNTESTED,Generated from selected top-cell references
D01457,gds_references,,,22906.0,9870.0,single_die,,1,UNTESTED,Generated from selected top-cell references
D01458,gds_references,,,26430.0,9870.0,single_die,,1,UNTESTED,Generated from selected top-cell references
D01459,gds_references,,,29954.0,9870.0,single_die,,1,UNTESTED,Generated from selected top-cell references
D01460,gds_references,,,33478.0,9870.0,single_die,,1,UNTESTED,Generated from selected top-cell references
D01461,gds_references,,,37002.0,9870.0,single_die,,1,UNTESTED,Generated from selected top-cell references
D01462,gds_references,,,40526.0,9870.0,single_die,,1,UNTESTED,Generated from selected top-cell references
D01463,gds_references,,,44050.0,9870.0,single_die,,1,UNTESTED,Generated from selected top-cell references
D01464,gds_references,,,47574.0,9870.0,single_die,,1,UNTESTED,Generated from selected top-cell references
D01465,gds_references,,,51098.0,9870.0,single_die,,1,UNTESTED,Generated from selected top-cell references
D01466,gds_references,,,54622.0,9870.0,single_die,,1,UNTESTED,Generated from selected top-cell references
D01467,gds_references,,,58146.0,9870.0,single_die,,1,UNTESTED,Generated from selected top-cell references
D01468,gds_references,,,61670.0,9870.0,single_die,,1,UNTESTED,Generated from selected top-cell references
D01469,gds_references,,,65194.0,9870.0,single_die,,1,UNTESTED,Generated from selected top-cell references
D01470,gds_references,,,-65194.0,11515.0,single_die,,1,UNTESTED,Generated from selected top-cell references
D01471,gds_references,,,-61670.0,11515.0,single_die,,1,UNTESTED,Generated from selected top-cell references
D01472,gds_references,,,-58146.0,11515.0,single_die,,1,UNTESTED,Generated from selected top-cell references
D01473,gds_references,,,-54622.0,11515.0,single_die,,1,UNTESTED,Generated from selected top-cell references
D01474,gds_references,,,-51098.0,11515.0,single_die,,1,UNTESTED,Generated from selected top-cell references
D01475,gds_references,,,-47574.0,11515.0,single_die,,1,UNTESTED,Generated from selected top-cell references
D01476,gds_references,,,-44050.0,11515.0,single_die,,1,UNTESTED,Generated from selected top-cell references
D01477,gds_references,,,-40526.0,11515.0,single_die,,1,UNTESTED,Generated from selected top-cell references
D01478,gds_references,,,-37002.0,11515.0,single_die,,1,UNTESTED,Generated from selected top-cell references
D01479,gds_references,,,-33478.0,11515.0,single_die,,1,UNTESTED,Generated from selected top-cell references
D01480,gds_references,,,-29954.0,11515.0,single_die,,1,UNTESTED,Generated from selected top-cell references
D01481,gds_references,,,-26430.0,11515.0,single_die,,1,UNTESTED,Generated from selected top-cell references
D01482,gds_references,,,-22906.0,11515.0,single_die,,1,UNTESTED,Generated from selected top-cell references
D01483,gds_references,,,-19382.0,11515.0,single_die,,1,UNTESTED,Generated from selected top-cell references
D01484,gds_references,,,-15858.0,11515.0,single_die,,1,UNTESTED,Generated from selected top-cell references
D01485,gds_references,,,-12334.0,11515.0,single_die,,1,UNTESTED,Generated from selected top-cell references
D01486,gds_references,,,-8810.0,11515.0,single_die,,1,UNTESTED,Generated from selected top-cell references
D01487,gds_references,,,-5286.0,11515.0,single_die,,1,UNTESTED,Generated from selected top-cell references
D01488,gds_references,,,-1762.0,11515.0,single_die,,1,UNTESTED,Generated from selected top-cell references
D01489,gds_references,,,1762.0,11515.0,single_die,,1,UNTESTED,Generated from selected top-cell references
D01490,gds_references,,,5286.0,11515.0,single_die,,1,UNTESTED,Generated from selected top-cell references
D01491,gds_references,,,8810.0,11515.0,single_die,,1,UNTESTED,Generated from selected top-cell references
D01492,gds_references,,,12334.0,11515.0,single_die,,1,UNTESTED,Generated from selected top-cell references
D01493,gds_references,,,15858.0,11515.0,single_die,,1,UNTESTED,Generated from selected top-cell references
D01494,gds_references,,,19382.0,11515.0,single_die,,1,UNTESTED,Generated from selected top-cell references
D01495,gds_references,,,22906.0,11515.0,single_die,,1,UNTESTED,Generated from selected top-cell references
D01496,gds_references,,,26430.0,11515.0,single_die,,1,UNTESTED,Generated from selected top-cell references
D01497,gds_references,,,29954.0,11515.0,single_die,,1,UNTESTED,Generated from selected top-cell references
D01498,gds_references,,,33478.0,11515.0,single_die,,1,UNTESTED,Generated from selected top-cell references
D01499,gds_references,,,37002.0,11515.0,single_die,,1,UNTESTED,Generated from selected top-cell references
D01500,gds_references,,,40526.0,11515.0,single_die,,1,UNTESTED,Generated from selected top-cell references
D01501,gds_references,,,44050.0,11515.0,single_die,,1,UNTESTED,Generated from selected top-cell references
D01502,gds_references,,,47574.0,11515.0,single_die,,1,UNTESTED,Generated from selected top-cell references
D01503,gds_references,,,51098.0,11515.0,single_die,,1,UNTESTED,Generated from selected top-cell references
D01504,gds_references,,,54622.0,11515.0,single_die,,1,UNTESTED,Generated from selected top-cell references
D01505,gds_references,,,58146.0,11515.0,single_die,,1,UNTESTED,Generated from selected top-cell references
D01506,gds_references,,,61670.0,11515.0,single_die,,1,UNTESTED,Generated from selected top-cell references
D01507,gds_references,,,65194.0,11515.0,single_die,,1,UNTESTED,Generated from selected top-cell references
D01508,gds_references,,,-61670.0,13160.0,single_die,,1,UNTESTED,Generated from selected top-cell references
D01509,gds_references,,,-58146.0,13160.0,single_die,,1,UNTESTED,Generated from selected top-cell references
D01510,gds_references,,,-54622.0,13160.0,single_die,,1,UNTESTED,Generated from selected top-cell references
D01511,gds_references,,,-51098.0,13160.0,single_die,,1,UNTESTED,Generated from selected top-cell references
D01512,gds_references,,,-47574.0,13160.0,single_die,,1,UNTESTED,Generated from selected top-cell references
D01513,gds_references,,,-44050.0,13160.0,single_die,,1,UNTESTED,Generated from selected top-cell references
D01514,gds_references,,,-40526.0,13160.0,single_die,,1,UNTESTED,Generated from selected top-cell references
D01515,gds_references,,,-37002.0,13160.0,single_die,,1,UNTESTED,Generated from selected top-cell references
D01516,gds_references,,,-33478.0,13160.0,single_die,,1,UNTESTED,Generated from selected top-cell references
D01517,gds_references,,,-29954.0,13160.0,single_die,,1,UNTESTED,Generated from selected top-cell references
D01518,gds_references,,,-26430.0,13160.0,single_die,,1,UNTESTED,Generated from selected top-cell references
D01519,gds_references,,,-22906.0,13160.0,single_die,,1,UNTESTED,Generated from selected top-cell references
D01520,gds_references,,,-19382.0,13160.0,single_die,,1,UNTESTED,Generated from selected top-cell references
D01521,gds_references,,,-15858.0,13160.0,single_die,,1,UNTESTED,Generated from selected top-cell references
D01522,gds_references,,,-12334.0,13160.0,single_die,,1,UNTESTED,Generated from selected top-cell references
D01523,gds_references,,,-8810.0,13160.0,single_die,,1,UNTESTED,Generated from selected top-cell references
D01524,gds_references,,,-5286.0,13160.0,single_die,,1,UNTESTED,Generated from selected top-cell references
D01525,gds_references,,,-1762.0,13160.0,single_die,,1,UNTESTED,Generated from selected top-cell references
D01526,gds_references,,,1762.0,13160.0,single_die,,1,UNTESTED,Generated from selected top-cell references
D01527,gds_references,,,5286.0,13160.0,single_die,,1,UNTESTED,Generated from selected top-cell references
D01528,gds_references,,,8810.0,13160.0,single_die,,1,UNTESTED,Generated from selected top-cell references
D01529,gds_references,,,12334.0,13160.0,single_die,,1,UNTESTED,Generated from selected top-cell references
D01530,gds_references,,,15858.0,13160.0,single_die,,1,UNTESTED,Generated from selected top-cell references
D01531,gds_references,,,19382.0,13160.0,single_die,,1,UNTESTED,Generated from selected top-cell references
D01532,gds_references,,,22906.0,13160.0,single_die,,1,UNTESTED,Generated from selected top-cell references
D01533,gds_references,,,26430.0,13160.0,single_die,,1,UNTESTED,Generated from selected top-cell references
D01534,gds_references,,,29954.0,13160.0,single_die,,1,UNTESTED,Generated from selected top-cell references
D01535,gds_references,,,33478.0,13160.0,single_die,,1,UNTESTED,Generated from selected top-cell references
D01536,gds_references,,,37002.0,13160.0,single_die,,1,UNTESTED,Generated from selected top-cell references
D01537,gds_references,,,40526.0,13160.0,single_die,,1,UNTESTED,Generated from selected top-cell references
D01538,gds_references,,,44050.0,13160.0,single_die,,1,UNTESTED,Generated from selected top-cell references
D01539,gds_references,,,47574.0,13160.0,single_die,,1,UNTESTED,Generated from selected top-cell references
D01540,gds_references,,,51098.0,13160.0,single_die,,1,UNTESTED,Generated from selected top-cell references
D01541,gds_references,,,54622.0,13160.0,single_die,,1,UNTESTED,Generated from selected top-cell references
D01542,gds_references,,,58146.0,13160.0,single_die,,1,UNTESTED,Generated from selected top-cell references
D01543,gds_references,,,61670.0,13160.0,single_die,,1,UNTESTED,Generated from selected top-cell references
D01544,gds_references,,,-61670.0,14805.0,single_die,,1,UNTESTED,Generated from selected top-cell references
D01545,gds_references,,,-58146.0,14805.0,single_die,,1,UNTESTED,Generated from selected top-cell references
D01546,gds_references,,,-54622.0,14805.0,single_die,,1,UNTESTED,Generated from selected top-cell references
D01547,gds_references,,,-51098.0,14805.0,single_die,,1,UNTESTED,Generated from selected top-cell references
D01548,gds_references,,,-47574.0,14805.0,single_die,,1,UNTESTED,Generated from selected top-cell references
D01549,gds_references,,,-44050.0,14805.0,single_die,,1,UNTESTED,Generated from selected top-cell references
D01550,gds_references,,,-40526.0,14805.0,single_die,,1,UNTESTED,Generated from selected top-cell references
D01551,gds_references,,,-37002.0,14805.0,single_die,,1,UNTESTED,Generated from selected top-cell references
D01552,gds_references,,,-33478.0,14805.0,single_die,,1,UNTESTED,Generated from selected top-cell references
D01553,gds_references,,,-29954.0,14805.0,single_die,,1,UNTESTED,Generated from selected top-cell references
D01554,gds_references,,,-26430.0,14805.0,single_die,,1,UNTESTED,Generated from selected top-cell references
D01555,gds_references,,,-22906.0,14805.0,single_die,,1,UNTESTED,Generated from selected top-cell references
D01556,gds_references,,,-19382.0,14805.0,single_die,,1,UNTESTED,Generated from selected top-cell references
D01557,gds_references,,,-15858.0,14805.0,single_die,,1,UNTESTED,Generated from selected top-cell references
D01558,gds_references,,,-12334.0,14805.0,single_die,,1,UNTESTED,Generated from selected top-cell references
D01559,gds_references,,,-8810.0,14805.0,single_die,,1,UNTESTED,Generated from selected top-cell references
D01560,gds_references,,,-5286.0,14805.0,single_die,,1,UNTESTED,Generated from selected top-cell references
D01561,gds_references,,,-1762.0,14805.0,single_die,,1,UNTESTED,Generated from selected top-cell references
D01562,gds_references,,,1762.0,14805.0,single_die,,1,UNTESTED,Generated from selected top-cell references
D01563,gds_references,,,5286.0,14805.0,single_die,,1,UNTESTED,Generated from selected top-cell references
D01564,gds_references,,,8810.0,14805.0,single_die,,1,UNTESTED,Generated from selected top-cell references
D01565,gds_references,,,12334.0,14805.0,single_die,,1,UNTESTED,Generated from selected top-cell references
D01566,gds_references,,,15858.0,14805.0,single_die,,1,UNTESTED,Generated from selected top-cell references
D01567,gds_references,,,19382.0,14805.0,single_die,,1,UNTESTED,Generated from selected top-cell references
D01568,gds_references,,,22906.0,14805.0,single_die,,1,UNTESTED,Generated from selected top-cell references
D01569,gds_references,,,26430.0,14805.0,single_die,,1,UNTESTED,Generated from selected top-cell references
D01570,gds_references,,,29954.0,14805.0,single_die,,1,UNTESTED,Generated from selected top-cell references
D01571,gds_references,,,33478.0,14805.0,single_die,,1,UNTESTED,Generated from selected top-cell references
D01572,gds_references,,,37002.0,14805.0,single_die,,1,UNTESTED,Generated from selected top-cell references
D01573,gds_references,,,40526.0,14805.0,single_die,,1,UNTESTED,Generated from selected top-cell references
D01574,gds_references,,,44050.0,14805.0,single_die,,1,UNTESTED,Generated from selected top-cell references
D01575,gds_references,,,47574.0,14805.0,single_die,,1,UNTESTED,Generated from selected top-cell references
D01576,gds_references,,,51098.0,14805.0,single_die,,1,UNTESTED,Generated from selected top-cell references
D01577,gds_references,,,54622.0,14805.0,single_die,,1,UNTESTED,Generated from selected top-cell references
D01578,gds_references,,,58146.0,14805.0,single_die,,1,UNTESTED,Generated from selected top-cell references
D01579,gds_references,,,61670.0,14805.0,single_die,,1,UNTESTED,Generated from selected top-cell references
D01580,gds_references,,,-61670.0,16450.0,single_die,,1,UNTESTED,Generated from selected top-cell references
D01581,gds_references,,,-58146.0,16450.0,single_die,,1,UNTESTED,Generated from selected top-cell references
D01582,gds_references,,,-54622.0,16450.0,single_die,,1,UNTESTED,Generated from selected top-cell references
D01583,gds_references,,,-51098.0,16450.0,single_die,,1,UNTESTED,Generated from selected top-cell references
D01584,gds_references,,,-47574.0,16450.0,single_die,,1,UNTESTED,Generated from selected top-cell references
D01585,gds_references,,,-44050.0,16450.0,single_die,,1,UNTESTED,Generated from selected top-cell references
D01586,gds_references,,,-40526.0,16450.0,single_die,,1,UNTESTED,Generated from selected top-cell references
D01587,gds_references,,,-37002.0,16450.0,single_die,,1,UNTESTED,Generated from selected top-cell references
D01588,gds_references,,,-33478.0,16450.0,single_die,,1,UNTESTED,Generated from selected top-cell references
D01589,gds_references,,,-29954.0,16450.0,single_die,,1,UNTESTED,Generated from selected top-cell references
D01590,gds_references,,,-26430.0,16450.0,single_die,,1,UNTESTED,Generated from selected top-cell references
D01591,gds_references,,,-22906.0,16450.0,single_die,,1,UNTESTED,Generated from selected top-cell references
D01592,gds_references,,,-19382.0,16450.0,single_die,,1,UNTESTED,Generated from selected top-cell references
D01593,gds_references,,,-15858.0,16450.0,single_die,,1,UNTESTED,Generated from selected top-cell references
D01594,gds_references,,,-12334.0,16450.0,single_die,,1,UNTESTED,Generated from selected top-cell references
D01595,gds_references,,,-8810.0,16450.0,single_die,,1,UNTESTED,Generated from selected top-cell references
D01596,gds_references,,,-5286.0,16450.0,single_die,,1,UNTESTED,Generated from selected top-cell references
D01597,gds_references,,,-1762.0,16450.0,single_die,,1,UNTESTED,Generated from selected top-cell references
D01598,gds_references,,,1762.0,16450.0,single_die,,1,UNTESTED,Generated from selected top-cell references
D01599,gds_references,,,5286.0,16450.0,single_die,,1,UNTESTED,Generated from selected top-cell references
D01600,gds_references,,,8810.0,16450.0,single_die,,1,UNTESTED,Generated from selected top-cell references
D01601,gds_references,,,12334.0,16450.0,single_die,,1,UNTESTED,Generated from selected top-cell references
D01602,gds_references,,,15858.0,16450.0,single_die,,1,UNTESTED,Generated from selected top-cell references
D01603,gds_references,,,19382.0,16450.0,single_die,,1,UNTESTED,Generated from selected top-cell references
D01604,gds_references,,,22906.0,16450.0,single_die,,1,UNTESTED,Generated from selected top-cell references
D01605,gds_references,,,26430.0,16450.0,single_die,,1,UNTESTED,Generated from selected top-cell references
D01606,gds_references,,,29954.0,16450.0,single_die,,1,UNTESTED,Generated from selected top-cell references
D01607,gds_references,,,33478.0,16450.0,single_die,,1,UNTESTED,Generated from selected top-cell references
D01608,gds_references,,,37002.0,16450.0,single_die,,1,UNTESTED,Generated from selected top-cell references
D01609,gds_references,,,40526.0,16450.0,single_die,,1,UNTESTED,Generated from selected top-cell references
D01610,gds_references,,,44050.0,16450.0,single_die,,1,UNTESTED,Generated from selected top-cell references
D01611,gds_references,,,47574.0,16450.0,single_die,,1,UNTESTED,Generated from selected top-cell references
D01612,gds_references,,,51098.0,16450.0,single_die,,1,UNTESTED,Generated from selected top-cell references
D01613,gds_references,,,54622.0,16450.0,single_die,,1,UNTESTED,Generated from selected top-cell references
D01614,gds_references,,,58146.0,16450.0,single_die,,1,UNTESTED,Generated from selected top-cell references
D01615,gds_references,,,61670.0,16450.0,single_die,,1,UNTESTED,Generated from selected top-cell references
D01616,gds_references,,,-61670.0,18095.0,single_die,,1,UNTESTED,Generated from selected top-cell references
D01617,gds_references,,,-58146.0,18095.0,single_die,,1,UNTESTED,Generated from selected top-cell references
D01618,gds_references,,,-54622.0,18095.0,single_die,,1,UNTESTED,Generated from selected top-cell references
D01619,gds_references,,,-51098.0,18095.0,single_die,,1,UNTESTED,Generated from selected top-cell references
D01620,gds_references,,,-47574.0,18095.0,single_die,,1,UNTESTED,Generated from selected top-cell references
D01621,gds_references,,,-44050.0,18095.0,single_die,,1,UNTESTED,Generated from selected top-cell references
D01622,gds_references,,,-40526.0,18095.0,single_die,,1,UNTESTED,Generated from selected top-cell references
D01623,gds_references,,,-37002.0,18095.0,single_die,,1,UNTESTED,Generated from selected top-cell references
D01624,gds_references,,,-33478.0,18095.0,single_die,,1,UNTESTED,Generated from selected top-cell references
D01625,gds_references,,,-29954.0,18095.0,single_die,,1,UNTESTED,Generated from selected top-cell references
D01626,gds_references,,,-26430.0,18095.0,single_die,,1,UNTESTED,Generated from selected top-cell references
D01627,gds_references,,,-22906.0,18095.0,single_die,,1,UNTESTED,Generated from selected top-cell references
D01628,gds_references,,,-19382.0,18095.0,single_die,,1,UNTESTED,Generated from selected top-cell references
D01629,gds_references,,,-15858.0,18095.0,single_die,,1,UNTESTED,Generated from selected top-cell references
D01630,gds_references,,,-12334.0,18095.0,single_die,,1,UNTESTED,Generated from selected top-cell references
D01631,gds_references,,,-8810.0,18095.0,single_die,,1,UNTESTED,Generated from selected top-cell references
D01632,gds_references,,,-5286.0,18095.0,single_die,,1,UNTESTED,Generated from selected top-cell references
D01633,gds_references,,,-1762.0,18095.0,single_die,,1,UNTESTED,Generated from selected top-cell references
D01634,gds_references,,,1762.0,18095.0,single_die,,1,UNTESTED,Generated from selected top-cell references
D01635,gds_references,,,5286.0,18095.0,single_die,,1,UNTESTED,Generated from selected top-cell references
D01636,gds_references,,,8810.0,18095.0,single_die,,1,UNTESTED,Generated from selected top-cell references
D01637,gds_references,,,12334.0,18095.0,single_die,,1,UNTESTED,Generated from selected top-cell references
D01638,gds_references,,,15858.0,18095.0,single_die,,1,UNTESTED,Generated from selected top-cell references
D01639,gds_references,,,19382.0,18095.0,single_die,,1,UNTESTED,Generated from selected top-cell references
D01640,gds_references,,,22906.0,18095.0,single_die,,1,UNTESTED,Generated from selected top-cell references
D01641,gds_references,,,26430.0,18095.0,single_die,,1,UNTESTED,Generated from selected top-cell references
D01642,gds_references,,,29954.0,18095.0,single_die,,1,UNTESTED,Generated from selected top-cell references
D01643,gds_references,,,33478.0,18095.0,single_die,,1,UNTESTED,Generated from selected top-cell references
D01644,gds_references,,,37002.0,18095.0,single_die,,1,UNTESTED,Generated from selected top-cell references
D01645,gds_references,,,40526.0,18095.0,single_die,,1,UNTESTED,Generated from selected top-cell references
D01646,gds_references,,,44050.0,18095.0,single_die,,1,UNTESTED,Generated from selected top-cell references
D01647,gds_references,,,47574.0,18095.0,single_die,,1,UNTESTED,Generated from selected top-cell references
D01648,gds_references,,,51098.0,18095.0,single_die,,1,UNTESTED,Generated from selected top-cell references
D01649,gds_references,,,54622.0,18095.0,single_die,,1,UNTESTED,Generated from selected top-cell references
D01650,gds_references,,,58146.0,18095.0,single_die,,1,UNTESTED,Generated from selected top-cell references
D01651,gds_references,,,61670.0,18095.0,single_die,,1,UNTESTED,Generated from selected top-cell references
D01652,gds_references,,,-61670.0,19740.0,single_die,,1,UNTESTED,Generated from selected top-cell references
D01653,gds_references,,,-58146.0,19740.0,single_die,,1,UNTESTED,Generated from selected top-cell references
D01654,gds_references,,,-54622.0,19740.0,single_die,,1,UNTESTED,Generated from selected top-cell references
D01655,gds_references,,,-51098.0,19740.0,single_die,,1,UNTESTED,Generated from selected top-cell references
D01656,gds_references,,,-47574.0,19740.0,single_die,,1,UNTESTED,Generated from selected top-cell references
D01657,gds_references,,,-44050.0,19740.0,single_die,,1,UNTESTED,Generated from selected top-cell references
D01658,gds_references,,,-40526.0,19740.0,single_die,,1,UNTESTED,Generated from selected top-cell references
D01659,gds_references,,,-37002.0,19740.0,single_die,,1,UNTESTED,Generated from selected top-cell references
D01660,gds_references,,,-33478.0,19740.0,single_die,,1,UNTESTED,Generated from selected top-cell references
D01661,gds_references,,,-29954.0,19740.0,single_die,,1,UNTESTED,Generated from selected top-cell references
D01662,gds_references,,,-26430.0,19740.0,single_die,,1,UNTESTED,Generated from selected top-cell references
D01663,gds_references,,,-22906.0,19740.0,single_die,,1,UNTESTED,Generated from selected top-cell references
D01664,gds_references,,,-19382.0,19740.0,single_die,,1,UNTESTED,Generated from selected top-cell references
D01665,gds_references,,,-15858.0,19740.0,single_die,,1,UNTESTED,Generated from selected top-cell references
D01666,gds_references,,,-12334.0,19740.0,single_die,,1,UNTESTED,Generated from selected top-cell references
D01667,gds_references,,,-8810.0,19740.0,single_die,,1,UNTESTED,Generated from selected top-cell references
D01668,gds_references,,,-5286.0,19740.0,single_die,,1,UNTESTED,Generated from selected top-cell references
D01669,gds_references,,,-1762.0,19740.0,single_die,,1,UNTESTED,Generated from selected top-cell references
D01670,gds_references,,,1762.0,19740.0,single_die,,1,UNTESTED,Generated from selected top-cell references
D01671,gds_references,,,5286.0,19740.0,single_die,,1,UNTESTED,Generated from selected top-cell references
D01672,gds_references,,,8810.0,19740.0,single_die,,1,UNTESTED,Generated from selected top-cell references
D01673,gds_references,,,12334.0,19740.0,single_die,,1,UNTESTED,Generated from selected top-cell references
D01674,gds_references,,,15858.0,19740.0,single_die,,1,UNTESTED,Generated from selected top-cell references
D01675,gds_references,,,19382.0,19740.0,single_die,,1,UNTESTED,Generated from selected top-cell references
D01676,gds_references,,,22906.0,19740.0,single_die,,1,UNTESTED,Generated from selected top-cell references
D01677,gds_references,,,26430.0,19740.0,single_die,,1,UNTESTED,Generated from selected top-cell references
D01678,gds_references,,,29954.0,19740.0,single_die,,1,UNTESTED,Generated from selected top-cell references
D01679,gds_references,,,33478.0,19740.0,single_die,,1,UNTESTED,Generated from selected top-cell references
D01680,gds_references,,,37002.0,19740.0,single_die,,1,UNTESTED,Generated from selected top-cell references
D01681,gds_references,,,40526.0,19740.0,single_die,,1,UNTESTED,Generated from selected top-cell references
D01682,gds_references,,,44050.0,19740.0,single_die,,1,UNTESTED,Generated from selected top-cell references
D01683,gds_references,,,47574.0,19740.0,single_die,,1,UNTESTED,Generated from selected top-cell references
D01684,gds_references,,,51098.0,19740.0,single_die,,1,UNTESTED,Generated from selected top-cell references
D01685,gds_references,,,54622.0,19740.0,single_die,,1,UNTESTED,Generated from selected top-cell references
D01686,gds_references,,,58146.0,19740.0,single_die,,1,UNTESTED,Generated from selected top-cell references
D01687,gds_references,,,61670.0,19740.0,single_die,,1,UNTESTED,Generated from selected top-cell references
D01688,gds_references,,,-61670.0,21385.0,single_die,,1,UNTESTED,Generated from selected top-cell references
D01689,gds_references,,,-58146.0,21385.0,single_die,,1,UNTESTED,Generated from selected top-cell references
D01690,gds_references,,,-54622.0,21385.0,single_die,,1,UNTESTED,Generated from selected top-cell references
D01691,gds_references,,,-51098.0,21385.0,single_die,,1,UNTESTED,Generated from selected top-cell references
D01692,gds_references,,,-47574.0,21385.0,single_die,,1,UNTESTED,Generated from selected top-cell references
D01693,gds_references,,,-44050.0,21385.0,single_die,,1,UNTESTED,Generated from selected top-cell references
D01694,gds_references,,,-40526.0,21385.0,single_die,,1,UNTESTED,Generated from selected top-cell references
D01695,gds_references,,,-37002.0,21385.0,single_die,,1,UNTESTED,Generated from selected top-cell references
D01696,gds_references,,,-33478.0,21385.0,single_die,,1,UNTESTED,Generated from selected top-cell references
D01697,gds_references,,,-29954.0,21385.0,single_die,,1,UNTESTED,Generated from selected top-cell references
D01698,gds_references,,,-26430.0,21385.0,single_die,,1,UNTESTED,Generated from selected top-cell references
D01699,gds_references,,,-22906.0,21385.0,single_die,,1,UNTESTED,Generated from selected top-cell references
D01700,gds_references,,,-19382.0,21385.0,single_die,,1,UNTESTED,Generated from selected top-cell references
D01701,gds_references,,,-15858.0,21385.0,single_die,,1,UNTESTED,Generated from selected top-cell references
D01702,gds_references,,,-12334.0,21385.0,single_die,,1,UNTESTED,Generated from selected top-cell references
D01703,gds_references,,,-8810.0,21385.0,single_die,,1,UNTESTED,Generated from selected top-cell references
D01704,gds_references,,,-5286.0,21385.0,single_die,,1,UNTESTED,Generated from selected top-cell references
D01705,gds_references,,,-1762.0,21385.0,single_die,,1,UNTESTED,Generated from selected top-cell references
D01706,gds_references,,,1762.0,21385.0,single_die,,1,UNTESTED,Generated from selected top-cell references
D01707,gds_references,,,5286.0,21385.0,single_die,,1,UNTESTED,Generated from selected top-cell references
D01708,gds_references,,,8810.0,21385.0,single_die,,1,UNTESTED,Generated from selected top-cell references
D01709,gds_references,,,12334.0,21385.0,single_die,,1,UNTESTED,Generated from selected top-cell references
D01710,gds_references,,,15858.0,21385.0,single_die,,1,UNTESTED,Generated from selected top-cell references
D01711,gds_references,,,19382.0,21385.0,single_die,,1,UNTESTED,Generated from selected top-cell references
D01712,gds_references,,,22906.0,21385.0,single_die,,1,UNTESTED,Generated from selected top-cell references
D01713,gds_references,,,26430.0,21385.0,single_die,,1,UNTESTED,Generated from selected top-cell references
D01714,gds_references,,,29954.0,21385.0,single_die,,1,UNTESTED,Generated from selected top-cell references
D01715,gds_references,,,33478.0,21385.0,single_die,,1,UNTESTED,Generated from selected top-cell references
D01716,gds_references,,,37002.0,21385.0,single_die,,1,UNTESTED,Generated from selected top-cell references
D01717,gds_references,,,40526.0,21385.0,single_die,,1,UNTESTED,Generated from selected top-cell references
D01718,gds_references,,,44050.0,21385.0,single_die,,1,UNTESTED,Generated from selected top-cell references
D01719,gds_references,,,47574.0,21385.0,single_die,,1,UNTESTED,Generated from selected top-cell references
D01720,gds_references,,,51098.0,21385.0,single_die,,1,UNTESTED,Generated from selected top-cell references
D01721,gds_references,,,54622.0,21385.0,single_die,,1,UNTESTED,Generated from selected top-cell references
D01722,gds_references,,,58146.0,21385.0,single_die,,1,UNTESTED,Generated from selected top-cell references
D01723,gds_references,,,61670.0,21385.0,single_die,,1,UNTESTED,Generated from selected top-cell references
D01724,gds_references,,,-61670.0,23030.0,single_die,,1,UNTESTED,Generated from selected top-cell references
D01725,gds_references,,,-58146.0,23030.0,single_die,,1,UNTESTED,Generated from selected top-cell references
D01726,gds_references,,,-54622.0,23030.0,single_die,,1,UNTESTED,Generated from selected top-cell references
D01727,gds_references,,,-51098.0,23030.0,single_die,,1,UNTESTED,Generated from selected top-cell references
D01728,gds_references,,,-47574.0,23030.0,single_die,,1,UNTESTED,Generated from selected top-cell references
D01729,gds_references,,,-40526.0,23030.0,single_die,,1,UNTESTED,Generated from selected top-cell references
D01730,gds_references,,,-37002.0,23030.0,single_die,,1,UNTESTED,Generated from selected top-cell references
D01731,gds_references,,,-33478.0,23030.0,single_die,,1,UNTESTED,Generated from selected top-cell references
D01732,gds_references,,,-29954.0,23030.0,single_die,,1,UNTESTED,Generated from selected top-cell references
D01733,gds_references,,,-26430.0,23030.0,single_die,,1,UNTESTED,Generated from selected top-cell references
D01734,gds_references,,,-22906.0,23030.0,single_die,,1,UNTESTED,Generated from selected top-cell references
D01735,gds_references,,,-19382.0,23030.0,single_die,,1,UNTESTED,Generated from selected top-cell references
D01736,gds_references,,,-15858.0,23030.0,single_die,,1,UNTESTED,Generated from selected top-cell references
D01737,gds_references,,,-12334.0,23030.0,single_die,,1,UNTESTED,Generated from selected top-cell references
D01738,gds_references,,,-5286.0,23030.0,single_die,,1,UNTESTED,Generated from selected top-cell references
D01739,gds_references,,,-1762.0,23030.0,single_die,,1,UNTESTED,Generated from selected top-cell references
D01740,gds_references,,,1762.0,23030.0,single_die,,1,UNTESTED,Generated from selected top-cell references
D01741,gds_references,,,5286.0,23030.0,single_die,,1,UNTESTED,Generated from selected top-cell references
D01742,gds_references,,,8810.0,23030.0,single_die,,1,UNTESTED,Generated from selected top-cell references
D01743,gds_references,,,12334.0,23030.0,single_die,,1,UNTESTED,Generated from selected top-cell references
D01744,gds_references,,,15858.0,23030.0,single_die,,1,UNTESTED,Generated from selected top-cell references
D01745,gds_references,,,19382.0,23030.0,single_die,,1,UNTESTED,Generated from selected top-cell references
D01746,gds_references,,,22906.0,23030.0,single_die,,1,UNTESTED,Generated from selected top-cell references
D01747,gds_references,,,29954.0,23030.0,single_die,,1,UNTESTED,Generated from selected top-cell references
D01748,gds_references,,,33478.0,23030.0,single_die,,1,UNTESTED,Generated from selected top-cell references
D01749,gds_references,,,37002.0,23030.0,single_die,,1,UNTESTED,Generated from selected top-cell references
D01750,gds_references,,,40526.0,23030.0,single_die,,1,UNTESTED,Generated from selected top-cell references
D01751,gds_references,,,44050.0,23030.0,single_die,,1,UNTESTED,Generated from selected top-cell references
D01752,gds_references,,,47574.0,23030.0,single_die,,1,UNTESTED,Generated from selected top-cell references
D01753,gds_references,,,51098.0,23030.0,single_die,,1,UNTESTED,Generated from selected top-cell references
D01754,gds_references,,,54622.0,23030.0,single_die,,1,UNTESTED,Generated from selected top-cell references
D01755,gds_references,,,58146.0,23030.0,single_die,,1,UNTESTED,Generated from selected top-cell references
D01756,gds_references,,,-61670.0,24675.0,single_die,,1,UNTESTED,Generated from selected top-cell references
D01757,gds_references,,,-58146.0,24675.0,single_die,,1,UNTESTED,Generated from selected top-cell references
D01758,gds_references,,,-54622.0,24675.0,single_die,,1,UNTESTED,Generated from selected top-cell references
D01759,gds_references,,,-51098.0,24675.0,single_die,,1,UNTESTED,Generated from selected top-cell references
D01760,gds_references,,,-47574.0,24675.0,single_die,,1,UNTESTED,Generated from selected top-cell references
D01761,gds_references,,,-44050.0,24675.0,single_die,,1,UNTESTED,Generated from selected top-cell references
D01762,gds_references,,,-40526.0,24675.0,single_die,,1,UNTESTED,Generated from selected top-cell references
D01763,gds_references,,,-37002.0,24675.0,single_die,,1,UNTESTED,Generated from selected top-cell references
D01764,gds_references,,,-33478.0,24675.0,single_die,,1,UNTESTED,Generated from selected top-cell references
D01765,gds_references,,,-29954.0,24675.0,single_die,,1,UNTESTED,Generated from selected top-cell references
D01766,gds_references,,,-26430.0,24675.0,single_die,,1,UNTESTED,Generated from selected top-cell references
D01767,gds_references,,,-22906.0,24675.0,single_die,,1,UNTESTED,Generated from selected top-cell references
D01768,gds_references,,,-19382.0,24675.0,single_die,,1,UNTESTED,Generated from selected top-cell references
D01769,gds_references,,,-15858.0,24675.0,single_die,,1,UNTESTED,Generated from selected top-cell references
D01770,gds_references,,,-12334.0,24675.0,single_die,,1,UNTESTED,Generated from selected top-cell references
D01771,gds_references,,,-5286.0,24675.0,single_die,,1,UNTESTED,Generated from selected top-cell references
D01772,gds_references,,,-1762.0,24675.0,single_die,,1,UNTESTED,Generated from selected top-cell references
D01773,gds_references,,,1762.0,24675.0,single_die,,1,UNTESTED,Generated from selected top-cell references
D01774,gds_references,,,5286.0,24675.0,single_die,,1,UNTESTED,Generated from selected top-cell references
D01775,gds_references,,,8810.0,24675.0,single_die,,1,UNTESTED,Generated from selected top-cell references
D01776,gds_references,,,12334.0,24675.0,single_die,,1,UNTESTED,Generated from selected top-cell references
D01777,gds_references,,,15858.0,24675.0,single_die,,1,UNTESTED,Generated from selected top-cell references
D01778,gds_references,,,19382.0,24675.0,single_die,,1,UNTESTED,Generated from selected top-cell references
D01779,gds_references,,,22906.0,24675.0,single_die,,1,UNTESTED,Generated from selected top-cell references
D01780,gds_references,,,29954.0,24675.0,single_die,,1,UNTESTED,Generated from selected top-cell references
D01781,gds_references,,,33478.0,24675.0,single_die,,1,UNTESTED,Generated from selected top-cell references
D01782,gds_references,,,37002.0,24675.0,single_die,,1,UNTESTED,Generated from selected top-cell references
D01783,gds_references,,,40526.0,24675.0,single_die,,1,UNTESTED,Generated from selected top-cell references
D01784,gds_references,,,44050.0,24675.0,single_die,,1,UNTESTED,Generated from selected top-cell references
D01785,gds_references,,,47574.0,24675.0,single_die,,1,UNTESTED,Generated from selected top-cell references
D01786,gds_references,,,51098.0,24675.0,single_die,,1,UNTESTED,Generated from selected top-cell references
D01787,gds_references,,,54622.0,24675.0,single_die,,1,UNTESTED,Generated from selected top-cell references
D01788,gds_references,,,58146.0,24675.0,single_die,,1,UNTESTED,Generated from selected top-cell references
D01789,gds_references,,,-58146.0,26320.0,single_die,,1,UNTESTED,Generated from selected top-cell references
D01790,gds_references,,,-54622.0,26320.0,single_die,,1,UNTESTED,Generated from selected top-cell references
D01791,gds_references,,,-51098.0,26320.0,single_die,,1,UNTESTED,Generated from selected top-cell references
D01792,gds_references,,,-47574.0,26320.0,single_die,,1,UNTESTED,Generated from selected top-cell references
D01793,gds_references,,,-44050.0,26320.0,single_die,,1,UNTESTED,Generated from selected top-cell references
D01794,gds_references,,,-40526.0,26320.0,single_die,,1,UNTESTED,Generated from selected top-cell references
D01795,gds_references,,,-37002.0,26320.0,single_die,,1,UNTESTED,Generated from selected top-cell references
D01796,gds_references,,,-33478.0,26320.0,single_die,,1,UNTESTED,Generated from selected top-cell references
D01797,gds_references,,,-29954.0,26320.0,single_die,,1,UNTESTED,Generated from selected top-cell references
D01798,gds_references,,,-26430.0,26320.0,single_die,,1,UNTESTED,Generated from selected top-cell references
D01799,gds_references,,,-22906.0,26320.0,single_die,,1,UNTESTED,Generated from selected top-cell references
D01800,gds_references,,,-19382.0,26320.0,single_die,,1,UNTESTED,Generated from selected top-cell references
D01801,gds_references,,,-15858.0,26320.0,single_die,,1,UNTESTED,Generated from selected top-cell references
D01802,gds_references,,,-12334.0,26320.0,single_die,,1,UNTESTED,Generated from selected top-cell references
D01803,gds_references,,,-8810.0,26320.0,single_die,,1,UNTESTED,Generated from selected top-cell references
D01804,gds_references,,,-5286.0,26320.0,single_die,,1,UNTESTED,Generated from selected top-cell references
D01805,gds_references,,,-1762.0,26320.0,single_die,,1,UNTESTED,Generated from selected top-cell references
D01806,gds_references,,,1762.0,26320.0,single_die,,1,UNTESTED,Generated from selected top-cell references
D01807,gds_references,,,5286.0,26320.0,single_die,,1,UNTESTED,Generated from selected top-cell references
D01808,gds_references,,,8810.0,26320.0,single_die,,1,UNTESTED,Generated from selected top-cell references
D01809,gds_references,,,12334.0,26320.0,single_die,,1,UNTESTED,Generated from selected top-cell references
D01810,gds_references,,,15858.0,26320.0,single_die,,1,UNTESTED,Generated from selected top-cell references
D01811,gds_references,,,19382.0,26320.0,single_die,,1,UNTESTED,Generated from selected top-cell references
D01812,gds_references,,,22906.0,26320.0,single_die,,1,UNTESTED,Generated from selected top-cell references
D01813,gds_references,,,26430.0,26320.0,single_die,,1,UNTESTED,Generated from selected top-cell references
D01814,gds_references,,,29954.0,26320.0,single_die,,1,UNTESTED,Generated from selected top-cell references
D01815,gds_references,,,33478.0,26320.0,single_die,,1,UNTESTED,Generated from selected top-cell references
D01816,gds_references,,,37002.0,26320.0,single_die,,1,UNTESTED,Generated from selected top-cell references
D01817,gds_references,,,40526.0,26320.0,single_die,,1,UNTESTED,Generated from selected top-cell references
D01818,gds_references,,,44050.0,26320.0,single_die,,1,UNTESTED,Generated from selected top-cell references
D01819,gds_references,,,47574.0,26320.0,single_die,,1,UNTESTED,Generated from selected top-cell references
D01820,gds_references,,,51098.0,26320.0,single_die,,1,UNTESTED,Generated from selected top-cell references
D01821,gds_references,,,54622.0,26320.0,single_die,,1,UNTESTED,Generated from selected top-cell references
D01822,gds_references,,,58146.0,26320.0,single_die,,1,UNTESTED,Generated from selected top-cell references
D01823,gds_references,,,-58146.0,27965.0,single_die,,1,UNTESTED,Generated from selected top-cell references
D01824,gds_references,,,-54622.0,27965.0,single_die,,1,UNTESTED,Generated from selected top-cell references
D01825,gds_references,,,-51098.0,27965.0,single_die,,1,UNTESTED,Generated from selected top-cell references
D01826,gds_references,,,-47574.0,27965.0,single_die,,1,UNTESTED,Generated from selected top-cell references
D01827,gds_references,,,-44050.0,27965.0,single_die,,1,UNTESTED,Generated from selected top-cell references
D01828,gds_references,,,-40526.0,27965.0,single_die,,1,UNTESTED,Generated from selected top-cell references
D01829,gds_references,,,-37002.0,27965.0,single_die,,1,UNTESTED,Generated from selected top-cell references
D01830,gds_references,,,-33478.0,27965.0,single_die,,1,UNTESTED,Generated from selected top-cell references
D01831,gds_references,,,-29954.0,27965.0,single_die,,1,UNTESTED,Generated from selected top-cell references
D01832,gds_references,,,-26430.0,27965.0,single_die,,1,UNTESTED,Generated from selected top-cell references
D01833,gds_references,,,-22906.0,27965.0,single_die,,1,UNTESTED,Generated from selected top-cell references
D01834,gds_references,,,-19382.0,27965.0,single_die,,1,UNTESTED,Generated from selected top-cell references
D01835,gds_references,,,-15858.0,27965.0,single_die,,1,UNTESTED,Generated from selected top-cell references
D01836,gds_references,,,-12334.0,27965.0,single_die,,1,UNTESTED,Generated from selected top-cell references
D01837,gds_references,,,-8810.0,27965.0,single_die,,1,UNTESTED,Generated from selected top-cell references
D01838,gds_references,,,-5286.0,27965.0,single_die,,1,UNTESTED,Generated from selected top-cell references
D01839,gds_references,,,-1762.0,27965.0,single_die,,1,UNTESTED,Generated from selected top-cell references
D01840,gds_references,,,1762.0,27965.0,single_die,,1,UNTESTED,Generated from selected top-cell references
D01841,gds_references,,,5286.0,27965.0,single_die,,1,UNTESTED,Generated from selected top-cell references
D01842,gds_references,,,8810.0,27965.0,single_die,,1,UNTESTED,Generated from selected top-cell references
D01843,gds_references,,,12334.0,27965.0,single_die,,1,UNTESTED,Generated from selected top-cell references
D01844,gds_references,,,15858.0,27965.0,single_die,,1,UNTESTED,Generated from selected top-cell references
D01845,gds_references,,,19382.0,27965.0,single_die,,1,UNTESTED,Generated from selected top-cell references
D01846,gds_references,,,22906.0,27965.0,single_die,,1,UNTESTED,Generated from selected top-cell references
D01847,gds_references,,,26430.0,27965.0,single_die,,1,UNTESTED,Generated from selected top-cell references
D01848,gds_references,,,29954.0,27965.0,single_die,,1,UNTESTED,Generated from selected top-cell references
D01849,gds_references,,,33478.0,27965.0,single_die,,1,UNTESTED,Generated from selected top-cell references
D01850,gds_references,,,37002.0,27965.0,single_die,,1,UNTESTED,Generated from selected top-cell references
D01851,gds_references,,,40526.0,27965.0,single_die,,1,UNTESTED,Generated from selected top-cell references
D01852,gds_references,,,44050.0,27965.0,single_die,,1,UNTESTED,Generated from selected top-cell references
D01853,gds_references,,,47574.0,27965.0,single_die,,1,UNTESTED,Generated from selected top-cell references
D01854,gds_references,,,51098.0,27965.0,single_die,,1,UNTESTED,Generated from selected top-cell references
D01855,gds_references,,,54622.0,27965.0,single_die,,1,UNTESTED,Generated from selected top-cell references
D01856,gds_references,,,58146.0,27965.0,single_die,,1,UNTESTED,Generated from selected top-cell references
D01857,gds_references,,,-58146.0,29610.0,single_die,,1,UNTESTED,Generated from selected top-cell references
D01858,gds_references,,,-54622.0,29610.0,single_die,,1,UNTESTED,Generated from selected top-cell references
D01859,gds_references,,,-51098.0,29610.0,single_die,,1,UNTESTED,Generated from selected top-cell references
D01860,gds_references,,,-47574.0,29610.0,single_die,,1,UNTESTED,Generated from selected top-cell references
D01861,gds_references,,,-44050.0,29610.0,single_die,,1,UNTESTED,Generated from selected top-cell references
D01862,gds_references,,,-40526.0,29610.0,single_die,,1,UNTESTED,Generated from selected top-cell references
D01863,gds_references,,,-37002.0,29610.0,single_die,,1,UNTESTED,Generated from selected top-cell references
D01864,gds_references,,,-33478.0,29610.0,single_die,,1,UNTESTED,Generated from selected top-cell references
D01865,gds_references,,,-29954.0,29610.0,single_die,,1,UNTESTED,Generated from selected top-cell references
D01866,gds_references,,,-26430.0,29610.0,single_die,,1,UNTESTED,Generated from selected top-cell references
D01867,gds_references,,,-22906.0,29610.0,single_die,,1,UNTESTED,Generated from selected top-cell references
D01868,gds_references,,,-19382.0,29610.0,single_die,,1,UNTESTED,Generated from selected top-cell references
D01869,gds_references,,,-15858.0,29610.0,single_die,,1,UNTESTED,Generated from selected top-cell references
D01870,gds_references,,,-12334.0,29610.0,single_die,,1,UNTESTED,Generated from selected top-cell references
D01871,gds_references,,,-8810.0,29610.0,single_die,,1,UNTESTED,Generated from selected top-cell references
D01872,gds_references,,,-5286.0,29610.0,single_die,,1,UNTESTED,Generated from selected top-cell references
D01873,gds_references,,,-1762.0,29610.0,single_die,,1,UNTESTED,Generated from selected top-cell references
D01874,gds_references,,,1762.0,29610.0,single_die,,1,UNTESTED,Generated from selected top-cell references
D01875,gds_references,,,5286.0,29610.0,single_die,,1,UNTESTED,Generated from selected top-cell references
D01876,gds_references,,,8810.0,29610.0,single_die,,1,UNTESTED,Generated from selected top-cell references
D01877,gds_references,,,12334.0,29610.0,single_die,,1,UNTESTED,Generated from selected top-cell references
D01878,gds_references,,,15858.0,29610.0,single_die,,1,UNTESTED,Generated from selected top-cell references
D01879,gds_references,,,19382.0,29610.0,single_die,,1,UNTESTED,Generated from selected top-cell references
D01880,gds_references,,,22906.0,29610.0,single_die,,1,UNTESTED,Generated from selected top-cell references
D01881,gds_references,,,26430.0,29610.0,single_die,,1,UNTESTED,Generated from selected top-cell references
D01882,gds_references,,,29954.0,29610.0,single_die,,1,UNTESTED,Generated from selected top-cell references
D01883,gds_references,,,33478.0,29610.0,single_die,,1,UNTESTED,Generated from selected top-cell references
D01884,gds_references,,,37002.0,29610.0,single_die,,1,UNTESTED,Generated from selected top-cell references
D01885,gds_references,,,40526.0,29610.0,single_die,,1,UNTESTED,Generated from selected top-cell references
D01886,gds_references,,,44050.0,29610.0,single_die,,1,UNTESTED,Generated from selected top-cell references
D01887,gds_references,,,47574.0,29610.0,single_die,,1,UNTESTED,Generated from selected top-cell references
D01888,gds_references,,,51098.0,29610.0,single_die,,1,UNTESTED,Generated from selected top-cell references
D01889,gds_references,,,54622.0,29610.0,single_die,,1,UNTESTED,Generated from selected top-cell references
D01890,gds_references,,,58146.0,29610.0,single_die,,1,UNTESTED,Generated from selected top-cell references
D01891,gds_references,,,-58146.0,31255.0,single_die,,1,UNTESTED,Generated from selected top-cell references
D01892,gds_references,,,-54622.0,31255.0,single_die,,1,UNTESTED,Generated from selected top-cell references
D01893,gds_references,,,-51098.0,31255.0,single_die,,1,UNTESTED,Generated from selected top-cell references
D01894,gds_references,,,-47574.0,31255.0,single_die,,1,UNTESTED,Generated from selected top-cell references
D01895,gds_references,,,-44050.0,31255.0,single_die,,1,UNTESTED,Generated from selected top-cell references
D01896,gds_references,,,-40526.0,31255.0,single_die,,1,UNTESTED,Generated from selected top-cell references
D01897,gds_references,,,-37002.0,31255.0,single_die,,1,UNTESTED,Generated from selected top-cell references
D01898,gds_references,,,-33478.0,31255.0,single_die,,1,UNTESTED,Generated from selected top-cell references
D01899,gds_references,,,-29954.0,31255.0,single_die,,1,UNTESTED,Generated from selected top-cell references
D01900,gds_references,,,-26430.0,31255.0,single_die,,1,UNTESTED,Generated from selected top-cell references
D01901,gds_references,,,-22906.0,31255.0,single_die,,1,UNTESTED,Generated from selected top-cell references
D01902,gds_references,,,-19382.0,31255.0,single_die,,1,UNTESTED,Generated from selected top-cell references
D01903,gds_references,,,-15858.0,31255.0,single_die,,1,UNTESTED,Generated from selected top-cell references
D01904,gds_references,,,-12334.0,31255.0,single_die,,1,UNTESTED,Generated from selected top-cell references
D01905,gds_references,,,-8810.0,31255.0,single_die,,1,UNTESTED,Generated from selected top-cell references
D01906,gds_references,,,-5286.0,31255.0,single_die,,1,UNTESTED,Generated from selected top-cell references
D01907,gds_references,,,-1762.0,31255.0,single_die,,1,UNTESTED,Generated from selected top-cell references
D01908,gds_references,,,1762.0,31255.0,single_die,,1,UNTESTED,Generated from selected top-cell references
D01909,gds_references,,,5286.0,31255.0,single_die,,1,UNTESTED,Generated from selected top-cell references
D01910,gds_references,,,8810.0,31255.0,single_die,,1,UNTESTED,Generated from selected top-cell references
D01911,gds_references,,,12334.0,31255.0,single_die,,1,UNTESTED,Generated from selected top-cell references
D01912,gds_references,,,15858.0,31255.0,single_die,,1,UNTESTED,Generated from selected top-cell references
D01913,gds_references,,,19382.0,31255.0,single_die,,1,UNTESTED,Generated from selected top-cell references
D01914,gds_references,,,22906.0,31255.0,single_die,,1,UNTESTED,Generated from selected top-cell references
D01915,gds_references,,,26430.0,31255.0,single_die,,1,UNTESTED,Generated from selected top-cell references
D01916,gds_references,,,29954.0,31255.0,single_die,,1,UNTESTED,Generated from selected top-cell references
D01917,gds_references,,,33478.0,31255.0,single_die,,1,UNTESTED,Generated from selected top-cell references
D01918,gds_references,,,37002.0,31255.0,single_die,,1,UNTESTED,Generated from selected top-cell references
D01919,gds_references,,,40526.0,31255.0,single_die,,1,UNTESTED,Generated from selected top-cell references
D01920,gds_references,,,44050.0,31255.0,single_die,,1,UNTESTED,Generated from selected top-cell references
D01921,gds_references,,,47574.0,31255.0,single_die,,1,UNTESTED,Generated from selected top-cell references
D01922,gds_references,,,51098.0,31255.0,single_die,,1,UNTESTED,Generated from selected top-cell references
D01923,gds_references,,,54622.0,31255.0,single_die,,1,UNTESTED,Generated from selected top-cell references
D01924,gds_references,,,58146.0,31255.0,single_die,,1,UNTESTED,Generated from selected top-cell references
D01925,gds_references,,,-54622.0,32900.0,single_die,,1,UNTESTED,Generated from selected top-cell references
D01926,gds_references,,,-51098.0,32900.0,single_die,,1,UNTESTED,Generated from selected top-cell references
D01927,gds_references,,,-47574.0,32900.0,single_die,,1,UNTESTED,Generated from selected top-cell references
D01928,gds_references,,,-44050.0,32900.0,single_die,,1,UNTESTED,Generated from selected top-cell references
D01929,gds_references,,,-40526.0,32900.0,single_die,,1,UNTESTED,Generated from selected top-cell references
D01930,gds_references,,,-37002.0,32900.0,single_die,,1,UNTESTED,Generated from selected top-cell references
D01931,gds_references,,,-33478.0,32900.0,single_die,,1,UNTESTED,Generated from selected top-cell references
D01932,gds_references,,,-29954.0,32900.0,single_die,,1,UNTESTED,Generated from selected top-cell references
D01933,gds_references,,,-26430.0,32900.0,single_die,,1,UNTESTED,Generated from selected top-cell references
D01934,gds_references,,,-22906.0,32900.0,single_die,,1,UNTESTED,Generated from selected top-cell references
D01935,gds_references,,,-19382.0,32900.0,single_die,,1,UNTESTED,Generated from selected top-cell references
D01936,gds_references,,,-15858.0,32900.0,single_die,,1,UNTESTED,Generated from selected top-cell references
D01937,gds_references,,,-12334.0,32900.0,single_die,,1,UNTESTED,Generated from selected top-cell references
D01938,gds_references,,,-8810.0,32900.0,single_die,,1,UNTESTED,Generated from selected top-cell references
D01939,gds_references,,,-5286.0,32900.0,single_die,,1,UNTESTED,Generated from selected top-cell references
D01940,gds_references,,,-1762.0,32900.0,single_die,,1,UNTESTED,Generated from selected top-cell references
D01941,gds_references,,,1762.0,32900.0,single_die,,1,UNTESTED,Generated from selected top-cell references
D01942,gds_references,,,5286.0,32900.0,single_die,,1,UNTESTED,Generated from selected top-cell references
D01943,gds_references,,,8810.0,32900.0,single_die,,1,UNTESTED,Generated from selected top-cell references
D01944,gds_references,,,12334.0,32900.0,single_die,,1,UNTESTED,Generated from selected top-cell references
D01945,gds_references,,,15858.0,32900.0,single_die,,1,UNTESTED,Generated from selected top-cell references
D01946,gds_references,,,19382.0,32900.0,single_die,,1,UNTESTED,Generated from selected top-cell references
D01947,gds_references,,,22906.0,32900.0,single_die,,1,UNTESTED,Generated from selected top-cell references
D01948,gds_references,,,26430.0,32900.0,single_die,,1,UNTESTED,Generated from selected top-cell references
D01949,gds_references,,,29954.0,32900.0,single_die,,1,UNTESTED,Generated from selected top-cell references
D01950,gds_references,,,33478.0,32900.0,single_die,,1,UNTESTED,Generated from selected top-cell references
D01951,gds_references,,,37002.0,32900.0,single_die,,1,UNTESTED,Generated from selected top-cell references
D01952,gds_references,,,40526.0,32900.0,single_die,,1,UNTESTED,Generated from selected top-cell references
D01953,gds_references,,,44050.0,32900.0,single_die,,1,UNTESTED,Generated from selected top-cell references
D01954,gds_references,,,47574.0,32900.0,single_die,,1,UNTESTED,Generated from selected top-cell references
D01955,gds_references,,,51098.0,32900.0,single_die,,1,UNTESTED,Generated from selected top-cell references
D01956,gds_references,,,54622.0,32900.0,single_die,,1,UNTESTED,Generated from selected top-cell references
D01957,gds_references,,,-54622.0,34545.0,single_die,,1,UNTESTED,Generated from selected top-cell references
D01958,gds_references,,,-51098.0,34545.0,single_die,,1,UNTESTED,Generated from selected top-cell references
D01959,gds_references,,,-47574.0,34545.0,single_die,,1,UNTESTED,Generated from selected top-cell references
D01960,gds_references,,,-44050.0,34545.0,single_die,,1,UNTESTED,Generated from selected top-cell references
D01961,gds_references,,,-40526.0,34545.0,single_die,,1,UNTESTED,Generated from selected top-cell references
D01962,gds_references,,,-37002.0,34545.0,single_die,,1,UNTESTED,Generated from selected top-cell references
D01963,gds_references,,,-33478.0,34545.0,single_die,,1,UNTESTED,Generated from selected top-cell references
D01964,gds_references,,,-29954.0,34545.0,single_die,,1,UNTESTED,Generated from selected top-cell references
D01965,gds_references,,,-26430.0,34545.0,single_die,,1,UNTESTED,Generated from selected top-cell references
D01966,gds_references,,,-22906.0,34545.0,single_die,,1,UNTESTED,Generated from selected top-cell references
D01967,gds_references,,,-19382.0,34545.0,single_die,,1,UNTESTED,Generated from selected top-cell references
D01968,gds_references,,,-15858.0,34545.0,single_die,,1,UNTESTED,Generated from selected top-cell references
D01969,gds_references,,,-12334.0,34545.0,single_die,,1,UNTESTED,Generated from selected top-cell references
D01970,gds_references,,,-8810.0,34545.0,single_die,,1,UNTESTED,Generated from selected top-cell references
D01971,gds_references,,,-5286.0,34545.0,single_die,,1,UNTESTED,Generated from selected top-cell references
D01972,gds_references,,,-1762.0,34545.0,single_die,,1,UNTESTED,Generated from selected top-cell references
D01973,gds_references,,,1762.0,34545.0,single_die,,1,UNTESTED,Generated from selected top-cell references
D01974,gds_references,,,5286.0,34545.0,single_die,,1,UNTESTED,Generated from selected top-cell references
D01975,gds_references,,,8810.0,34545.0,single_die,,1,UNTESTED,Generated from selected top-cell references
D01976,gds_references,,,12334.0,34545.0,single_die,,1,UNTESTED,Generated from selected top-cell references
D01977,gds_references,,,15858.0,34545.0,single_die,,1,UNTESTED,Generated from selected top-cell references
D01978,gds_references,,,19382.0,34545.0,single_die,,1,UNTESTED,Generated from selected top-cell references
D01979,gds_references,,,22906.0,34545.0,single_die,,1,UNTESTED,Generated from selected top-cell references
D01980,gds_references,,,26430.0,34545.0,single_die,,1,UNTESTED,Generated from selected top-cell references
D01981,gds_references,,,29954.0,34545.0,single_die,,1,UNTESTED,Generated from selected top-cell references
D01982,gds_references,,,33478.0,34545.0,single_die,,1,UNTESTED,Generated from selected top-cell references
D01983,gds_references,,,37002.0,34545.0,single_die,,1,UNTESTED,Generated from selected top-cell references
D01984,gds_references,,,40526.0,34545.0,single_die,,1,UNTESTED,Generated from selected top-cell references
D01985,gds_references,,,44050.0,34545.0,single_die,,1,UNTESTED,Generated from selected top-cell references
D01986,gds_references,,,47574.0,34545.0,single_die,,1,UNTESTED,Generated from selected top-cell references
D01987,gds_references,,,51098.0,34545.0,single_die,,1,UNTESTED,Generated from selected top-cell references
D01988,gds_references,,,54622.0,34545.0,single_die,,1,UNTESTED,Generated from selected top-cell references
D01989,gds_references,,,-54622.0,36190.0,single_die,,1,UNTESTED,Generated from selected top-cell references
D01990,gds_references,,,-51098.0,36190.0,single_die,,1,UNTESTED,Generated from selected top-cell references
D01991,gds_references,,,-47574.0,36190.0,single_die,,1,UNTESTED,Generated from selected top-cell references
D01992,gds_references,,,-44050.0,36190.0,single_die,,1,UNTESTED,Generated from selected top-cell references
D01993,gds_references,,,-40526.0,36190.0,single_die,,1,UNTESTED,Generated from selected top-cell references
D01994,gds_references,,,-37002.0,36190.0,single_die,,1,UNTESTED,Generated from selected top-cell references
D01995,gds_references,,,-33478.0,36190.0,single_die,,1,UNTESTED,Generated from selected top-cell references
D01996,gds_references,,,-29954.0,36190.0,single_die,,1,UNTESTED,Generated from selected top-cell references
D01997,gds_references,,,-26430.0,36190.0,single_die,,1,UNTESTED,Generated from selected top-cell references
D01998,gds_references,,,-22906.0,36190.0,single_die,,1,UNTESTED,Generated from selected top-cell references
D01999,gds_references,,,-19382.0,36190.0,single_die,,1,UNTESTED,Generated from selected top-cell references
D02000,gds_references,,,-15858.0,36190.0,single_die,,1,UNTESTED,Generated from selected top-cell references
D02001,gds_references,,,-12334.0,36190.0,single_die,,1,UNTESTED,Generated from selected top-cell references
D02002,gds_references,,,-8810.0,36190.0,single_die,,1,UNTESTED,Generated from selected top-cell references
D02003,gds_references,,,-5286.0,36190.0,single_die,,1,UNTESTED,Generated from selected top-cell references
D02004,gds_references,,,-1762.0,36190.0,single_die,,1,UNTESTED,Generated from selected top-cell references
D02005,gds_references,,,1762.0,36190.0,single_die,,1,UNTESTED,Generated from selected top-cell references
D02006,gds_references,,,5286.0,36190.0,single_die,,1,UNTESTED,Generated from selected top-cell references
D02007,gds_references,,,8810.0,36190.0,single_die,,1,UNTESTED,Generated from selected top-cell references
D02008,gds_references,,,12334.0,36190.0,single_die,,1,UNTESTED,Generated from selected top-cell references
D02009,gds_references,,,15858.0,36190.0,single_die,,1,UNTESTED,Generated from selected top-cell references
D02010,gds_references,,,19382.0,36190.0,single_die,,1,UNTESTED,Generated from selected top-cell references
D02011,gds_references,,,22906.0,36190.0,single_die,,1,UNTESTED,Generated from selected top-cell references
D02012,gds_references,,,26430.0,36190.0,single_die,,1,UNTESTED,Generated from selected top-cell references
D02013,gds_references,,,29954.0,36190.0,single_die,,1,UNTESTED,Generated from selected top-cell references
D02014,gds_references,,,33478.0,36190.0,single_die,,1,UNTESTED,Generated from selected top-cell references
D02015,gds_references,,,37002.0,36190.0,single_die,,1,UNTESTED,Generated from selected top-cell references
D02016,gds_references,,,40526.0,36190.0,single_die,,1,UNTESTED,Generated from selected top-cell references
D02017,gds_references,,,44050.0,36190.0,single_die,,1,UNTESTED,Generated from selected top-cell references
D02018,gds_references,,,47574.0,36190.0,single_die,,1,UNTESTED,Generated from selected top-cell references
D02019,gds_references,,,51098.0,36190.0,single_die,,1,UNTESTED,Generated from selected top-cell references
D02020,gds_references,,,54622.0,36190.0,single_die,,1,UNTESTED,Generated from selected top-cell references
D02021,gds_references,,,-54622.0,37835.0,single_die,,1,UNTESTED,Generated from selected top-cell references
D02022,gds_references,,,-51098.0,37835.0,single_die,,1,UNTESTED,Generated from selected top-cell references
D02023,gds_references,,,-47574.0,37835.0,single_die,,1,UNTESTED,Generated from selected top-cell references
D02024,gds_references,,,-44050.0,37835.0,single_die,,1,UNTESTED,Generated from selected top-cell references
D02025,gds_references,,,-40526.0,37835.0,single_die,,1,UNTESTED,Generated from selected top-cell references
D02026,gds_references,,,-37002.0,37835.0,single_die,,1,UNTESTED,Generated from selected top-cell references
D02027,gds_references,,,-33478.0,37835.0,single_die,,1,UNTESTED,Generated from selected top-cell references
D02028,gds_references,,,-29954.0,37835.0,single_die,,1,UNTESTED,Generated from selected top-cell references
D02029,gds_references,,,-26430.0,37835.0,single_die,,1,UNTESTED,Generated from selected top-cell references
D02030,gds_references,,,-22906.0,37835.0,single_die,,1,UNTESTED,Generated from selected top-cell references
D02031,gds_references,,,-19382.0,37835.0,single_die,,1,UNTESTED,Generated from selected top-cell references
D02032,gds_references,,,-15858.0,37835.0,single_die,,1,UNTESTED,Generated from selected top-cell references
D02033,gds_references,,,-12334.0,37835.0,single_die,,1,UNTESTED,Generated from selected top-cell references
D02034,gds_references,,,-8810.0,37835.0,single_die,,1,UNTESTED,Generated from selected top-cell references
D02035,gds_references,,,-5286.0,37835.0,single_die,,1,UNTESTED,Generated from selected top-cell references
D02036,gds_references,,,-1762.0,37835.0,single_die,,1,UNTESTED,Generated from selected top-cell references
D02037,gds_references,,,1762.0,37835.0,single_die,,1,UNTESTED,Generated from selected top-cell references
D02038,gds_references,,,5286.0,37835.0,single_die,,1,UNTESTED,Generated from selected top-cell references
D02039,gds_references,,,8810.0,37835.0,single_die,,1,UNTESTED,Generated from selected top-cell references
D02040,gds_references,,,12334.0,37835.0,single_die,,1,UNTESTED,Generated from selected top-cell references
D02041,gds_references,,,15858.0,37835.0,single_die,,1,UNTESTED,Generated from selected top-cell references
D02042,gds_references,,,19382.0,37835.0,single_die,,1,UNTESTED,Generated from selected top-cell references
D02043,gds_references,,,22906.0,37835.0,single_die,,1,UNTESTED,Generated from selected top-cell references
D02044,gds_references,,,26430.0,37835.0,single_die,,1,UNTESTED,Generated from selected top-cell references
D02045,gds_references,,,29954.0,37835.0,single_die,,1,UNTESTED,Generated from selected top-cell references
D02046,gds_references,,,33478.0,37835.0,single_die,,1,UNTESTED,Generated from selected top-cell references
D02047,gds_references,,,37002.0,37835.0,single_die,,1,UNTESTED,Generated from selected top-cell references
D02048,gds_references,,,40526.0,37835.0,single_die,,1,UNTESTED,Generated from selected top-cell references
D02049,gds_references,,,44050.0,37835.0,single_die,,1,UNTESTED,Generated from selected top-cell references
D02050,gds_references,,,47574.0,37835.0,single_die,,1,UNTESTED,Generated from selected top-cell references
D02051,gds_references,,,51098.0,37835.0,single_die,,1,UNTESTED,Generated from selected top-cell references
D02052,gds_references,,,54622.0,37835.0,single_die,,1,UNTESTED,Generated from selected top-cell references
D02053,gds_references,,,-51098.0,39480.0,single_die,,1,UNTESTED,Generated from selected top-cell references
D02054,gds_references,,,-47574.0,39480.0,single_die,,1,UNTESTED,Generated from selected top-cell references
D02055,gds_references,,,-44050.0,39480.0,single_die,,1,UNTESTED,Generated from selected top-cell references
D02056,gds_references,,,-40526.0,39480.0,single_die,,1,UNTESTED,Generated from selected top-cell references
D02057,gds_references,,,-37002.0,39480.0,single_die,,1,UNTESTED,Generated from selected top-cell references
D02058,gds_references,,,-33478.0,39480.0,single_die,,1,UNTESTED,Generated from selected top-cell references
D02059,gds_references,,,-29954.0,39480.0,single_die,,1,UNTESTED,Generated from selected top-cell references
D02060,gds_references,,,-26430.0,39480.0,single_die,,1,UNTESTED,Generated from selected top-cell references
D02061,gds_references,,,-22906.0,39480.0,single_die,,1,UNTESTED,Generated from selected top-cell references
D02062,gds_references,,,-19382.0,39480.0,single_die,,1,UNTESTED,Generated from selected top-cell references
D02063,gds_references,,,-15858.0,39480.0,single_die,,1,UNTESTED,Generated from selected top-cell references
D02064,gds_references,,,-12334.0,39480.0,single_die,,1,UNTESTED,Generated from selected top-cell references
D02065,gds_references,,,-8810.0,39480.0,single_die,,1,UNTESTED,Generated from selected top-cell references
D02066,gds_references,,,-5286.0,39480.0,single_die,,1,UNTESTED,Generated from selected top-cell references
D02067,gds_references,,,-1762.0,39480.0,single_die,,1,UNTESTED,Generated from selected top-cell references
D02068,gds_references,,,1762.0,39480.0,single_die,,1,UNTESTED,Generated from selected top-cell references
D02069,gds_references,,,5286.0,39480.0,single_die,,1,UNTESTED,Generated from selected top-cell references
D02070,gds_references,,,8810.0,39480.0,single_die,,1,UNTESTED,Generated from selected top-cell references
D02071,gds_references,,,12334.0,39480.0,single_die,,1,UNTESTED,Generated from selected top-cell references
D02072,gds_references,,,15858.0,39480.0,single_die,,1,UNTESTED,Generated from selected top-cell references
D02073,gds_references,,,19382.0,39480.0,single_die,,1,UNTESTED,Generated from selected top-cell references
D02074,gds_references,,,22906.0,39480.0,single_die,,1,UNTESTED,Generated from selected top-cell references
D02075,gds_references,,,26430.0,39480.0,single_die,,1,UNTESTED,Generated from selected top-cell references
D02076,gds_references,,,29954.0,39480.0,single_die,,1,UNTESTED,Generated from selected top-cell references
D02077,gds_references,,,33478.0,39480.0,single_die,,1,UNTESTED,Generated from selected top-cell references
D02078,gds_references,,,37002.0,39480.0,single_die,,1,UNTESTED,Generated from selected top-cell references
D02079,gds_references,,,40526.0,39480.0,single_die,,1,UNTESTED,Generated from selected top-cell references
D02080,gds_references,,,44050.0,39480.0,single_die,,1,UNTESTED,Generated from selected top-cell references
D02081,gds_references,,,47574.0,39480.0,single_die,,1,UNTESTED,Generated from selected top-cell references
D02082,gds_references,,,51098.0,39480.0,single_die,,1,UNTESTED,Generated from selected top-cell references
D02083,gds_references,,,-51098.0,41125.0,single_die,,1,UNTESTED,Generated from selected top-cell references
D02084,gds_references,,,-47574.0,41125.0,single_die,,1,UNTESTED,Generated from selected top-cell references
D02085,gds_references,,,-44050.0,41125.0,single_die,,1,UNTESTED,Generated from selected top-cell references
D02086,gds_references,,,-40526.0,41125.0,single_die,,1,UNTESTED,Generated from selected top-cell references
D02087,gds_references,,,-37002.0,41125.0,single_die,,1,UNTESTED,Generated from selected top-cell references
D02088,gds_references,,,-33478.0,41125.0,single_die,,1,UNTESTED,Generated from selected top-cell references
D02089,gds_references,,,-29954.0,41125.0,single_die,,1,UNTESTED,Generated from selected top-cell references
D02090,gds_references,,,-26430.0,41125.0,single_die,,1,UNTESTED,Generated from selected top-cell references
D02091,gds_references,,,-22906.0,41125.0,single_die,,1,UNTESTED,Generated from selected top-cell references
D02092,gds_references,,,-19382.0,41125.0,single_die,,1,UNTESTED,Generated from selected top-cell references
D02093,gds_references,,,-15858.0,41125.0,single_die,,1,UNTESTED,Generated from selected top-cell references
D02094,gds_references,,,-12334.0,41125.0,single_die,,1,UNTESTED,Generated from selected top-cell references
D02095,gds_references,,,-8810.0,41125.0,single_die,,1,UNTESTED,Generated from selected top-cell references
D02096,gds_references,,,-5286.0,41125.0,single_die,,1,UNTESTED,Generated from selected top-cell references
D02097,gds_references,,,-1762.0,41125.0,single_die,,1,UNTESTED,Generated from selected top-cell references
D02098,gds_references,,,1762.0,41125.0,single_die,,1,UNTESTED,Generated from selected top-cell references
D02099,gds_references,,,5286.0,41125.0,single_die,,1,UNTESTED,Generated from selected top-cell references
D02100,gds_references,,,8810.0,41125.0,single_die,,1,UNTESTED,Generated from selected top-cell references
D02101,gds_references,,,12334.0,41125.0,single_die,,1,UNTESTED,Generated from selected top-cell references
D02102,gds_references,,,15858.0,41125.0,single_die,,1,UNTESTED,Generated from selected top-cell references
D02103,gds_references,,,19382.0,41125.0,single_die,,1,UNTESTED,Generated from selected top-cell references
D02104,gds_references,,,22906.0,41125.0,single_die,,1,UNTESTED,Generated from selected top-cell references
D02105,gds_references,,,26430.0,41125.0,single_die,,1,UNTESTED,Generated from selected top-cell references
D02106,gds_references,,,29954.0,41125.0,single_die,,1,UNTESTED,Generated from selected top-cell references
D02107,gds_references,,,33478.0,41125.0,single_die,,1,UNTESTED,Generated from selected top-cell references
D02108,gds_references,,,37002.0,41125.0,single_die,,1,UNTESTED,Generated from selected top-cell references
D02109,gds_references,,,40526.0,41125.0,single_die,,1,UNTESTED,Generated from selected top-cell references
D02110,gds_references,,,44050.0,41125.0,single_die,,1,UNTESTED,Generated from selected top-cell references
D02111,gds_references,,,47574.0,41125.0,single_die,,1,UNTESTED,Generated from selected top-cell references
D02112,gds_references,,,51098.0,41125.0,single_die,,1,UNTESTED,Generated from selected top-cell references
D02113,gds_references,,,-47574.0,42770.0,single_die,,1,UNTESTED,Generated from selected top-cell references
D02114,gds_references,,,-40526.0,42770.0,single_die,,1,UNTESTED,Generated from selected top-cell references
D02115,gds_references,,,-37002.0,42770.0,single_die,,1,UNTESTED,Generated from selected top-cell references
D02116,gds_references,,,-33478.0,42770.0,single_die,,1,UNTESTED,Generated from selected top-cell references
D02117,gds_references,,,-29954.0,42770.0,single_die,,1,UNTESTED,Generated from selected top-cell references
D02118,gds_references,,,-26430.0,42770.0,single_die,,1,UNTESTED,Generated from selected top-cell references
D02119,gds_references,,,-22906.0,42770.0,single_die,,1,UNTESTED,Generated from selected top-cell references
D02120,gds_references,,,-19382.0,42770.0,single_die,,1,UNTESTED,Generated from selected top-cell references
D02121,gds_references,,,-15858.0,42770.0,single_die,,1,UNTESTED,Generated from selected top-cell references
D02122,gds_references,,,-12334.0,42770.0,single_die,,1,UNTESTED,Generated from selected top-cell references
D02123,gds_references,,,-5286.0,42770.0,single_die,,1,UNTESTED,Generated from selected top-cell references
D02124,gds_references,,,-1762.0,42770.0,single_die,,1,UNTESTED,Generated from selected top-cell references
D02125,gds_references,,,1762.0,42770.0,single_die,,1,UNTESTED,Generated from selected top-cell references
D02126,gds_references,,,5286.0,42770.0,single_die,,1,UNTESTED,Generated from selected top-cell references
D02127,gds_references,,,8810.0,42770.0,single_die,,1,UNTESTED,Generated from selected top-cell references
D02128,gds_references,,,12334.0,42770.0,single_die,,1,UNTESTED,Generated from selected top-cell references
D02129,gds_references,,,15858.0,42770.0,single_die,,1,UNTESTED,Generated from selected top-cell references
D02130,gds_references,,,19382.0,42770.0,single_die,,1,UNTESTED,Generated from selected top-cell references
D02131,gds_references,,,22906.0,42770.0,single_die,,1,UNTESTED,Generated from selected top-cell references
D02132,gds_references,,,29954.0,42770.0,single_die,,1,UNTESTED,Generated from selected top-cell references
D02133,gds_references,,,33478.0,42770.0,single_die,,1,UNTESTED,Generated from selected top-cell references
D02134,gds_references,,,37002.0,42770.0,single_die,,1,UNTESTED,Generated from selected top-cell references
D02135,gds_references,,,40526.0,42770.0,single_die,,1,UNTESTED,Generated from selected top-cell references
D02136,gds_references,,,44050.0,42770.0,single_die,,1,UNTESTED,Generated from selected top-cell references
D02137,gds_references,,,47574.0,42770.0,single_die,,1,UNTESTED,Generated from selected top-cell references
D02138,gds_references,,,-47574.0,44415.0,single_die,,1,UNTESTED,Generated from selected top-cell references
D02139,gds_references,,,-40526.0,44415.0,single_die,,1,UNTESTED,Generated from selected top-cell references
D02140,gds_references,,,-37002.0,44415.0,single_die,,1,UNTESTED,Generated from selected top-cell references
D02141,gds_references,,,-33478.0,44415.0,single_die,,1,UNTESTED,Generated from selected top-cell references
D02142,gds_references,,,-29954.0,44415.0,single_die,,1,UNTESTED,Generated from selected top-cell references
D02143,gds_references,,,-26430.0,44415.0,single_die,,1,UNTESTED,Generated from selected top-cell references
D02144,gds_references,,,-22906.0,44415.0,single_die,,1,UNTESTED,Generated from selected top-cell references
D02145,gds_references,,,-19382.0,44415.0,single_die,,1,UNTESTED,Generated from selected top-cell references
D02146,gds_references,,,-15858.0,44415.0,single_die,,1,UNTESTED,Generated from selected top-cell references
D02147,gds_references,,,-12334.0,44415.0,single_die,,1,UNTESTED,Generated from selected top-cell references
D02148,gds_references,,,-5286.0,44415.0,single_die,,1,UNTESTED,Generated from selected top-cell references
D02149,gds_references,,,-1762.0,44415.0,single_die,,1,UNTESTED,Generated from selected top-cell references
D02150,gds_references,,,1762.0,44415.0,single_die,,1,UNTESTED,Generated from selected top-cell references
D02151,gds_references,,,5286.0,44415.0,single_die,,1,UNTESTED,Generated from selected top-cell references
D02152,gds_references,,,8810.0,44415.0,single_die,,1,UNTESTED,Generated from selected top-cell references
D02153,gds_references,,,12334.0,44415.0,single_die,,1,UNTESTED,Generated from selected top-cell references
D02154,gds_references,,,15858.0,44415.0,single_die,,1,UNTESTED,Generated from selected top-cell references
D02155,gds_references,,,19382.0,44415.0,single_die,,1,UNTESTED,Generated from selected top-cell references
D02156,gds_references,,,22906.0,44415.0,single_die,,1,UNTESTED,Generated from selected top-cell references
D02157,gds_references,,,29954.0,44415.0,single_die,,1,UNTESTED,Generated from selected top-cell references
D02158,gds_references,,,33478.0,44415.0,single_die,,1,UNTESTED,Generated from selected top-cell references
D02159,gds_references,,,37002.0,44415.0,single_die,,1,UNTESTED,Generated from selected top-cell references
D02160,gds_references,,,40526.0,44415.0,single_die,,1,UNTESTED,Generated from selected top-cell references
D02161,gds_references,,,44050.0,44415.0,single_die,,1,UNTESTED,Generated from selected top-cell references
D02162,gds_references,,,47574.0,44415.0,single_die,,1,UNTESTED,Generated from selected top-cell references
D02163,gds_references,,,-47574.0,46060.0,single_die,,1,UNTESTED,Generated from selected top-cell references
D02164,gds_references,,,-44050.0,46060.0,single_die,,1,UNTESTED,Generated from selected top-cell references
D02165,gds_references,,,-37002.0,46060.0,single_die,,1,UNTESTED,Generated from selected top-cell references
D02166,gds_references,,,-33478.0,46060.0,single_die,,1,UNTESTED,Generated from selected top-cell references
D02167,gds_references,,,-29954.0,46060.0,single_die,,1,UNTESTED,Generated from selected top-cell references
D02168,gds_references,,,-26430.0,46060.0,single_die,,1,UNTESTED,Generated from selected top-cell references
D02169,gds_references,,,-22906.0,46060.0,single_die,,1,UNTESTED,Generated from selected top-cell references
D02170,gds_references,,,-19382.0,46060.0,single_die,,1,UNTESTED,Generated from selected top-cell references
D02171,gds_references,,,-15858.0,46060.0,single_die,,1,UNTESTED,Generated from selected top-cell references
D02172,gds_references,,,-12334.0,46060.0,single_die,,1,UNTESTED,Generated from selected top-cell references
D02173,gds_references,,,-8810.0,46060.0,single_die,,1,UNTESTED,Generated from selected top-cell references
D02174,gds_references,,,-5286.0,46060.0,single_die,,1,UNTESTED,Generated from selected top-cell references
D02175,gds_references,,,-1762.0,46060.0,single_die,,1,UNTESTED,Generated from selected top-cell references
D02176,gds_references,,,1762.0,46060.0,single_die,,1,UNTESTED,Generated from selected top-cell references
D02177,gds_references,,,5286.0,46060.0,single_die,,1,UNTESTED,Generated from selected top-cell references
D02178,gds_references,,,8810.0,46060.0,single_die,,1,UNTESTED,Generated from selected top-cell references
D02179,gds_references,,,12334.0,46060.0,single_die,,1,UNTESTED,Generated from selected top-cell references
D02180,gds_references,,,15858.0,46060.0,single_die,,1,UNTESTED,Generated from selected top-cell references
D02181,gds_references,,,19382.0,46060.0,single_die,,1,UNTESTED,Generated from selected top-cell references
D02182,gds_references,,,22906.0,46060.0,single_die,,1,UNTESTED,Generated from selected top-cell references
D02183,gds_references,,,26430.0,46060.0,single_die,,1,UNTESTED,Generated from selected top-cell references
D02184,gds_references,,,29954.0,46060.0,single_die,,1,UNTESTED,Generated from selected top-cell references
D02185,gds_references,,,33478.0,46060.0,single_die,,1,UNTESTED,Generated from selected top-cell references
D02186,gds_references,,,37002.0,46060.0,single_die,,1,UNTESTED,Generated from selected top-cell references
D02187,gds_references,,,40526.0,46060.0,single_die,,1,UNTESTED,Generated from selected top-cell references
D02188,gds_references,,,44050.0,46060.0,single_die,,1,UNTESTED,Generated from selected top-cell references
D02189,gds_references,,,47574.0,46060.0,single_die,,1,UNTESTED,Generated from selected top-cell references
D02190,gds_references,,,-44050.0,47705.0,single_die,,1,UNTESTED,Generated from selected top-cell references
D02191,gds_references,,,-40526.0,47705.0,single_die,,1,UNTESTED,Generated from selected top-cell references
D02192,gds_references,,,-37002.0,47705.0,single_die,,1,UNTESTED,Generated from selected top-cell references
D02193,gds_references,,,-33478.0,47705.0,single_die,,1,UNTESTED,Generated from selected top-cell references
D02194,gds_references,,,-29954.0,47705.0,single_die,,1,UNTESTED,Generated from selected top-cell references
D02195,gds_references,,,-26430.0,47705.0,single_die,,1,UNTESTED,Generated from selected top-cell references
D02196,gds_references,,,-22906.0,47705.0,single_die,,1,UNTESTED,Generated from selected top-cell references
D02197,gds_references,,,-19382.0,47705.0,single_die,,1,UNTESTED,Generated from selected top-cell references
D02198,gds_references,,,-15858.0,47705.0,single_die,,1,UNTESTED,Generated from selected top-cell references
D02199,gds_references,,,-12334.0,47705.0,single_die,,1,UNTESTED,Generated from selected top-cell references
D02200,gds_references,,,-8810.0,47705.0,single_die,,1,UNTESTED,Generated from selected top-cell references
D02201,gds_references,,,-5286.0,47705.0,single_die,,1,UNTESTED,Generated from selected top-cell references
D02202,gds_references,,,-1762.0,47705.0,single_die,,1,UNTESTED,Generated from selected top-cell references
D02203,gds_references,,,1762.0,47705.0,single_die,,1,UNTESTED,Generated from selected top-cell references
D02204,gds_references,,,5286.0,47705.0,single_die,,1,UNTESTED,Generated from selected top-cell references
D02205,gds_references,,,8810.0,47705.0,single_die,,1,UNTESTED,Generated from selected top-cell references
D02206,gds_references,,,12334.0,47705.0,single_die,,1,UNTESTED,Generated from selected top-cell references
D02207,gds_references,,,15858.0,47705.0,single_die,,1,UNTESTED,Generated from selected top-cell references
D02208,gds_references,,,19382.0,47705.0,single_die,,1,UNTESTED,Generated from selected top-cell references
D02209,gds_references,,,22906.0,47705.0,single_die,,1,UNTESTED,Generated from selected top-cell references
D02210,gds_references,,,26430.0,47705.0,single_die,,1,UNTESTED,Generated from selected top-cell references
D02211,gds_references,,,29954.0,47705.0,single_die,,1,UNTESTED,Generated from selected top-cell references
D02212,gds_references,,,33478.0,47705.0,single_die,,1,UNTESTED,Generated from selected top-cell references
D02213,gds_references,,,37002.0,47705.0,single_die,,1,UNTESTED,Generated from selected top-cell references
D02214,gds_references,,,40526.0,47705.0,single_die,,1,UNTESTED,Generated from selected top-cell references
D02215,gds_references,,,44050.0,47705.0,single_die,,1,UNTESTED,Generated from selected top-cell references
D02216,gds_references,,,-44050.0,49350.0,single_die,,1,UNTESTED,Generated from selected top-cell references
D02217,gds_references,,,-40526.0,49350.0,single_die,,1,UNTESTED,Generated from selected top-cell references
D02218,gds_references,,,-37002.0,49350.0,single_die,,1,UNTESTED,Generated from selected top-cell references
D02219,gds_references,,,-33478.0,49350.0,single_die,,1,UNTESTED,Generated from selected top-cell references
D02220,gds_references,,,-29954.0,49350.0,single_die,,1,UNTESTED,Generated from selected top-cell references
D02221,gds_references,,,-26430.0,49350.0,single_die,,1,UNTESTED,Generated from selected top-cell references
D02222,gds_references,,,-22906.0,49350.0,single_die,,1,UNTESTED,Generated from selected top-cell references
D02223,gds_references,,,-19382.0,49350.0,single_die,,1,UNTESTED,Generated from selected top-cell references
D02224,gds_references,,,-15858.0,49350.0,single_die,,1,UNTESTED,Generated from selected top-cell references
D02225,gds_references,,,-12334.0,49350.0,single_die,,1,UNTESTED,Generated from selected top-cell references
D02226,gds_references,,,-8810.0,49350.0,single_die,,1,UNTESTED,Generated from selected top-cell references
D02227,gds_references,,,-5286.0,49350.0,single_die,,1,UNTESTED,Generated from selected top-cell references
D02228,gds_references,,,-1762.0,49350.0,single_die,,1,UNTESTED,Generated from selected top-cell references
D02229,gds_references,,,1762.0,49350.0,single_die,,1,UNTESTED,Generated from selected top-cell references
D02230,gds_references,,,5286.0,49350.0,single_die,,1,UNTESTED,Generated from selected top-cell references
D02231,gds_references,,,8810.0,49350.0,single_die,,1,UNTESTED,Generated from selected top-cell references
D02232,gds_references,,,12334.0,49350.0,single_die,,1,UNTESTED,Generated from selected top-cell references
D02233,gds_references,,,15858.0,49350.0,single_die,,1,UNTESTED,Generated from selected top-cell references
D02234,gds_references,,,19382.0,49350.0,single_die,,1,UNTESTED,Generated from selected top-cell references
D02235,gds_references,,,22906.0,49350.0,single_die,,1,UNTESTED,Generated from selected top-cell references
D02236,gds_references,,,26430.0,49350.0,single_die,,1,UNTESTED,Generated from selected top-cell references
D02237,gds_references,,,29954.0,49350.0,single_die,,1,UNTESTED,Generated from selected top-cell references
D02238,gds_references,,,33478.0,49350.0,single_die,,1,UNTESTED,Generated from selected top-cell references
D02239,gds_references,,,37002.0,49350.0,single_die,,1,UNTESTED,Generated from selected top-cell references
D02240,gds_references,,,40526.0,49350.0,single_die,,1,UNTESTED,Generated from selected top-cell references
D02241,gds_references,,,44050.0,49350.0,single_die,,1,UNTESTED,Generated from selected top-cell references
D02242,gds_references,,,-40526.0,50995.0,single_die,,1,UNTESTED,Generated from selected top-cell references
D02243,gds_references,,,-37002.0,50995.0,single_die,,1,UNTESTED,Generated from selected top-cell references
D02244,gds_references,,,-33478.0,50995.0,single_die,,1,UNTESTED,Generated from selected top-cell references
D02245,gds_references,,,-29954.0,50995.0,single_die,,1,UNTESTED,Generated from selected top-cell references
D02246,gds_references,,,-26430.0,50995.0,single_die,,1,UNTESTED,Generated from selected top-cell references
D02247,gds_references,,,-22906.0,50995.0,single_die,,1,UNTESTED,Generated from selected top-cell references
D02248,gds_references,,,-19382.0,50995.0,single_die,,1,UNTESTED,Generated from selected top-cell references
D02249,gds_references,,,-15858.0,50995.0,single_die,,1,UNTESTED,Generated from selected top-cell references
D02250,gds_references,,,-12334.0,50995.0,single_die,,1,UNTESTED,Generated from selected top-cell references
D02251,gds_references,,,-8810.0,50995.0,single_die,,1,UNTESTED,Generated from selected top-cell references
D02252,gds_references,,,-5286.0,50995.0,single_die,,1,UNTESTED,Generated from selected top-cell references
D02253,gds_references,,,-1762.0,50995.0,single_die,,1,UNTESTED,Generated from selected top-cell references
D02254,gds_references,,,1762.0,50995.0,single_die,,1,UNTESTED,Generated from selected top-cell references
D02255,gds_references,,,5286.0,50995.0,single_die,,1,UNTESTED,Generated from selected top-cell references
D02256,gds_references,,,8810.0,50995.0,single_die,,1,UNTESTED,Generated from selected top-cell references
D02257,gds_references,,,12334.0,50995.0,single_die,,1,UNTESTED,Generated from selected top-cell references
D02258,gds_references,,,15858.0,50995.0,single_die,,1,UNTESTED,Generated from selected top-cell references
D02259,gds_references,,,19382.0,50995.0,single_die,,1,UNTESTED,Generated from selected top-cell references
D02260,gds_references,,,22906.0,50995.0,single_die,,1,UNTESTED,Generated from selected top-cell references
D02261,gds_references,,,26430.0,50995.0,single_die,,1,UNTESTED,Generated from selected top-cell references
D02262,gds_references,,,29954.0,50995.0,single_die,,1,UNTESTED,Generated from selected top-cell references
D02263,gds_references,,,33478.0,50995.0,single_die,,1,UNTESTED,Generated from selected top-cell references
D02264,gds_references,,,37002.0,50995.0,single_die,,1,UNTESTED,Generated from selected top-cell references
D02265,gds_references,,,40526.0,50995.0,single_die,,1,UNTESTED,Generated from selected top-cell references
D02266,gds_references,,,-40526.0,52640.0,single_die,,1,UNTESTED,Generated from selected top-cell references
D02267,gds_references,,,-37002.0,52640.0,single_die,,1,UNTESTED,Generated from selected top-cell references
D02268,gds_references,,,-33478.0,52640.0,single_die,,1,UNTESTED,Generated from selected top-cell references
D02269,gds_references,,,-29954.0,52640.0,single_die,,1,UNTESTED,Generated from selected top-cell references
D02270,gds_references,,,-26430.0,52640.0,single_die,,1,UNTESTED,Generated from selected top-cell references
D02271,gds_references,,,-22906.0,52640.0,single_die,,1,UNTESTED,Generated from selected top-cell references
D02272,gds_references,,,-19382.0,52640.0,single_die,,1,UNTESTED,Generated from selected top-cell references
D02273,gds_references,,,-15858.0,52640.0,single_die,,1,UNTESTED,Generated from selected top-cell references
D02274,gds_references,,,-12334.0,52640.0,single_die,,1,UNTESTED,Generated from selected top-cell references
D02275,gds_references,,,-8810.0,52640.0,single_die,,1,UNTESTED,Generated from selected top-cell references
D02276,gds_references,,,-5286.0,52640.0,single_die,,1,UNTESTED,Generated from selected top-cell references
D02277,gds_references,,,-1762.0,52640.0,single_die,,1,UNTESTED,Generated from selected top-cell references
D02278,gds_references,,,1762.0,52640.0,single_die,,1,UNTESTED,Generated from selected top-cell references
D02279,gds_references,,,5286.0,52640.0,single_die,,1,UNTESTED,Generated from selected top-cell references
D02280,gds_references,,,8810.0,52640.0,single_die,,1,UNTESTED,Generated from selected top-cell references
D02281,gds_references,,,12334.0,52640.0,single_die,,1,UNTESTED,Generated from selected top-cell references
D02282,gds_references,,,15858.0,52640.0,single_die,,1,UNTESTED,Generated from selected top-cell references
D02283,gds_references,,,19382.0,52640.0,single_die,,1,UNTESTED,Generated from selected top-cell references
D02284,gds_references,,,22906.0,52640.0,single_die,,1,UNTESTED,Generated from selected top-cell references
D02285,gds_references,,,26430.0,52640.0,single_die,,1,UNTESTED,Generated from selected top-cell references
D02286,gds_references,,,29954.0,52640.0,single_die,,1,UNTESTED,Generated from selected top-cell references
D02287,gds_references,,,33478.0,52640.0,single_die,,1,UNTESTED,Generated from selected top-cell references
D02288,gds_references,,,37002.0,52640.0,single_die,,1,UNTESTED,Generated from selected top-cell references
D02289,gds_references,,,-37002.0,54285.0,single_die,,1,UNTESTED,Generated from selected top-cell references
D02290,gds_references,,,-33478.0,54285.0,single_die,,1,UNTESTED,Generated from selected top-cell references
D02291,gds_references,,,-29954.0,54285.0,single_die,,1,UNTESTED,Generated from selected top-cell references
D02292,gds_references,,,-26430.0,54285.0,single_die,,1,UNTESTED,Generated from selected top-cell references
D02293,gds_references,,,-22906.0,54285.0,single_die,,1,UNTESTED,Generated from selected top-cell references
D02294,gds_references,,,-19382.0,54285.0,single_die,,1,UNTESTED,Generated from selected top-cell references
D02295,gds_references,,,-15858.0,54285.0,single_die,,1,UNTESTED,Generated from selected top-cell references
D02296,gds_references,,,-12334.0,54285.0,single_die,,1,UNTESTED,Generated from selected top-cell references
D02297,gds_references,,,-8810.0,54285.0,single_die,,1,UNTESTED,Generated from selected top-cell references
D02298,gds_references,,,-5286.0,54285.0,single_die,,1,UNTESTED,Generated from selected top-cell references
D02299,gds_references,,,-1762.0,54285.0,single_die,,1,UNTESTED,Generated from selected top-cell references
D02300,gds_references,,,1762.0,54285.0,single_die,,1,UNTESTED,Generated from selected top-cell references
D02301,gds_references,,,5286.0,54285.0,single_die,,1,UNTESTED,Generated from selected top-cell references
D02302,gds_references,,,8810.0,54285.0,single_die,,1,UNTESTED,Generated from selected top-cell references
D02303,gds_references,,,12334.0,54285.0,single_die,,1,UNTESTED,Generated from selected top-cell references
D02304,gds_references,,,15858.0,54285.0,single_die,,1,UNTESTED,Generated from selected top-cell references
D02305,gds_references,,,19382.0,54285.0,single_die,,1,UNTESTED,Generated from selected top-cell references
D02306,gds_references,,,22906.0,54285.0,single_die,,1,UNTESTED,Generated from selected top-cell references
D02307,gds_references,,,26430.0,54285.0,single_die,,1,UNTESTED,Generated from selected top-cell references
D02308,gds_references,,,29954.0,54285.0,single_die,,1,UNTESTED,Generated from selected top-cell references
D02309,gds_references,,,33478.0,54285.0,single_die,,1,UNTESTED,Generated from selected top-cell references
D02310,gds_references,,,37002.0,54285.0,single_die,,1,UNTESTED,Generated from selected top-cell references
D02311,gds_references,,,-33478.0,55930.0,single_die,,1,UNTESTED,Generated from selected top-cell references
D02312,gds_references,,,-29954.0,55930.0,single_die,,1,UNTESTED,Generated from selected top-cell references
D02313,gds_references,,,-26430.0,55930.0,single_die,,1,UNTESTED,Generated from selected top-cell references
D02314,gds_references,,,-22906.0,55930.0,single_die,,1,UNTESTED,Generated from selected top-cell references
D02315,gds_references,,,-19382.0,55930.0,single_die,,1,UNTESTED,Generated from selected top-cell references
D02316,gds_references,,,-15858.0,55930.0,single_die,,1,UNTESTED,Generated from selected top-cell references
D02317,gds_references,,,-12334.0,55930.0,single_die,,1,UNTESTED,Generated from selected top-cell references
D02318,gds_references,,,-8810.0,55930.0,single_die,,1,UNTESTED,Generated from selected top-cell references
D02319,gds_references,,,-5286.0,55930.0,single_die,,1,UNTESTED,Generated from selected top-cell references
D02320,gds_references,,,-1762.0,55930.0,single_die,,1,UNTESTED,Generated from selected top-cell references
D02321,gds_references,,,1762.0,55930.0,single_die,,1,UNTESTED,Generated from selected top-cell references
D02322,gds_references,,,5286.0,55930.0,single_die,,1,UNTESTED,Generated from selected top-cell references
D02323,gds_references,,,8810.0,55930.0,single_die,,1,UNTESTED,Generated from selected top-cell references
D02324,gds_references,,,12334.0,55930.0,single_die,,1,UNTESTED,Generated from selected top-cell references
D02325,gds_references,,,15858.0,55930.0,single_die,,1,UNTESTED,Generated from selected top-cell references
D02326,gds_references,,,19382.0,55930.0,single_die,,1,UNTESTED,Generated from selected top-cell references
D02327,gds_references,,,22906.0,55930.0,single_die,,1,UNTESTED,Generated from selected top-cell references
D02328,gds_references,,,26430.0,55930.0,single_die,,1,UNTESTED,Generated from selected top-cell references
D02329,gds_references,,,29954.0,55930.0,single_die,,1,UNTESTED,Generated from selected top-cell references
D02330,gds_references,,,33478.0,55930.0,single_die,,1,UNTESTED,Generated from selected top-cell references
D02331,gds_references,,,-33478.0,57575.0,single_die,,1,UNTESTED,Generated from selected top-cell references
D02332,gds_references,,,-29954.0,57575.0,single_die,,1,UNTESTED,Generated from selected top-cell references
D02333,gds_references,,,-26430.0,57575.0,single_die,,1,UNTESTED,Generated from selected top-cell references
D02334,gds_references,,,-22906.0,57575.0,single_die,,1,UNTESTED,Generated from selected top-cell references
D02335,gds_references,,,-19382.0,57575.0,single_die,,1,UNTESTED,Generated from selected top-cell references
D02336,gds_references,,,-15858.0,57575.0,single_die,,1,UNTESTED,Generated from selected top-cell references
D02337,gds_references,,,-12334.0,57575.0,single_die,,1,UNTESTED,Generated from selected top-cell references
D02338,gds_references,,,-8810.0,57575.0,single_die,,1,UNTESTED,Generated from selected top-cell references
D02339,gds_references,,,-5286.0,57575.0,single_die,,1,UNTESTED,Generated from selected top-cell references
D02340,gds_references,,,-1762.0,57575.0,single_die,,1,UNTESTED,Generated from selected top-cell references
D02341,gds_references,,,1762.0,57575.0,single_die,,1,UNTESTED,Generated from selected top-cell references
D02342,gds_references,,,5286.0,57575.0,single_die,,1,UNTESTED,Generated from selected top-cell references
D02343,gds_references,,,8810.0,57575.0,single_die,,1,UNTESTED,Generated from selected top-cell references
D02344,gds_references,,,12334.0,57575.0,single_die,,1,UNTESTED,Generated from selected top-cell references
D02345,gds_references,,,15858.0,57575.0,single_die,,1,UNTESTED,Generated from selected top-cell references
D02346,gds_references,,,19382.0,57575.0,single_die,,1,UNTESTED,Generated from selected top-cell references
D02347,gds_references,,,22906.0,57575.0,single_die,,1,UNTESTED,Generated from selected top-cell references
D02348,gds_references,,,26430.0,57575.0,single_die,,1,UNTESTED,Generated from selected top-cell references
D02349,gds_references,,,29954.0,57575.0,single_die,,1,UNTESTED,Generated from selected top-cell references
D02350,gds_references,,,33478.0,57575.0,single_die,,1,UNTESTED,Generated from selected top-cell references
D02351,gds_references,,,-29954.0,59220.0,single_die,,1,UNTESTED,Generated from selected top-cell references
D02352,gds_references,,,-26430.0,59220.0,single_die,,1,UNTESTED,Generated from selected top-cell references
D02353,gds_references,,,-22906.0,59220.0,single_die,,1,UNTESTED,Generated from selected top-cell references
D02354,gds_references,,,-19382.0,59220.0,single_die,,1,UNTESTED,Generated from selected top-cell references
D02355,gds_references,,,-15858.0,59220.0,single_die,,1,UNTESTED,Generated from selected top-cell references
D02356,gds_references,,,-12334.0,59220.0,single_die,,1,UNTESTED,Generated from selected top-cell references
D02357,gds_references,,,-8810.0,59220.0,single_die,,1,UNTESTED,Generated from selected top-cell references
D02358,gds_references,,,-5286.0,59220.0,single_die,,1,UNTESTED,Generated from selected top-cell references
D02359,gds_references,,,-1762.0,59220.0,single_die,,1,UNTESTED,Generated from selected top-cell references
D02360,gds_references,,,1762.0,59220.0,single_die,,1,UNTESTED,Generated from selected top-cell references
D02361,gds_references,,,5286.0,59220.0,single_die,,1,UNTESTED,Generated from selected top-cell references
D02362,gds_references,,,8810.0,59220.0,single_die,,1,UNTESTED,Generated from selected top-cell references
D02363,gds_references,,,12334.0,59220.0,single_die,,1,UNTESTED,Generated from selected top-cell references
D02364,gds_references,,,15858.0,59220.0,single_die,,1,UNTESTED,Generated from selected top-cell references
D02365,gds_references,,,19382.0,59220.0,single_die,,1,UNTESTED,Generated from selected top-cell references
D02366,gds_references,,,22906.0,59220.0,single_die,,1,UNTESTED,Generated from selected top-cell references
D02367,gds_references,,,26430.0,59220.0,single_die,,1,UNTESTED,Generated from selected top-cell references
D02368,gds_references,,,29954.0,59220.0,single_die,,1,UNTESTED,Generated from selected top-cell references
D02369,gds_references,,,-26430.0,60865.0,single_die,,1,UNTESTED,Generated from selected top-cell references
D02370,gds_references,,,-22906.0,60865.0,single_die,,1,UNTESTED,Generated from selected top-cell references
D02371,gds_references,,,-19382.0,60865.0,single_die,,1,UNTESTED,Generated from selected top-cell references
D02372,gds_references,,,-15858.0,60865.0,single_die,,1,UNTESTED,Generated from selected top-cell references
D02373,gds_references,,,-12334.0,60865.0,single_die,,1,UNTESTED,Generated from selected top-cell references
D02374,gds_references,,,-8810.0,60865.0,single_die,,1,UNTESTED,Generated from selected top-cell references
D02375,gds_references,,,-5286.0,60865.0,single_die,,1,UNTESTED,Generated from selected top-cell references
D02376,gds_references,,,-1762.0,60865.0,single_die,,1,UNTESTED,Generated from selected top-cell references
D02377,gds_references,,,1762.0,60865.0,single_die,,1,UNTESTED,Generated from selected top-cell references
D02378,gds_references,,,5286.0,60865.0,single_die,,1,UNTESTED,Generated from selected top-cell references
D02379,gds_references,,,8810.0,60865.0,single_die,,1,UNTESTED,Generated from selected top-cell references
D02380,gds_references,,,12334.0,60865.0,single_die,,1,UNTESTED,Generated from selected top-cell references
D02381,gds_references,,,15858.0,60865.0,single_die,,1,UNTESTED,Generated from selected top-cell references
D02382,gds_references,,,19382.0,60865.0,single_die,,1,UNTESTED,Generated from selected top-cell references
D02383,gds_references,,,22906.0,60865.0,single_die,,1,UNTESTED,Generated from selected top-cell references
D02384,gds_references,,,26430.0,60865.0,single_die,,1,UNTESTED,Generated from selected top-cell references
D02385,gds_references,,,-22906.0,62510.0,single_die,,1,UNTESTED,Generated from selected top-cell references
D02386,gds_references,,,-19382.0,62510.0,single_die,,1,UNTESTED,Generated from selected top-cell references
D02387,gds_references,,,-15858.0,62510.0,single_die,,1,UNTESTED,Generated from selected top-cell references
D02388,gds_references,,,-12334.0,62510.0,single_die,,1,UNTESTED,Generated from selected top-cell references
D02389,gds_references,,,-8810.0,62510.0,single_die,,1,UNTESTED,Generated from selected top-cell references
D02390,gds_references,,,-5286.0,62510.0,single_die,,1,UNTESTED,Generated from selected top-cell references
D02391,gds_references,,,-1762.0,62510.0,single_die,,1,UNTESTED,Generated from selected top-cell references
D02392,gds_references,,,1762.0,62510.0,single_die,,1,UNTESTED,Generated from selected top-cell references
D02393,gds_references,,,5286.0,62510.0,single_die,,1,UNTESTED,Generated from selected top-cell references
D02394,gds_references,,,8810.0,62510.0,single_die,,1,UNTESTED,Generated from selected top-cell references
D02395,gds_references,,,12334.0,62510.0,single_die,,1,UNTESTED,Generated from selected top-cell references
D02396,gds_references,,,15858.0,62510.0,single_die,,1,UNTESTED,Generated from selected top-cell references
D02397,gds_references,,,19382.0,62510.0,single_die,,1,UNTESTED,Generated from selected top-cell references
D02398,gds_references,,,22906.0,62510.0,single_die,,1,UNTESTED,Generated from selected top-cell references
D02399,gds_references,,,-19382.0,64155.0,single_die,,1,UNTESTED,Generated from selected top-cell references
D02400,gds_references,,,-15858.0,64155.0,single_die,,1,UNTESTED,Generated from selected top-cell references
D02401,gds_references,,,-12334.0,64155.0,single_die,,1,UNTESTED,Generated from selected top-cell references
D02402,gds_references,,,-8810.0,64155.0,single_die,,1,UNTESTED,Generated from selected top-cell references
D02403,gds_references,,,-5286.0,64155.0,single_die,,1,UNTESTED,Generated from selected top-cell references
D02404,gds_references,,,-1762.0,64155.0,single_die,,1,UNTESTED,Generated from selected top-cell references
D02405,gds_references,,,1762.0,64155.0,single_die,,1,UNTESTED,Generated from selected top-cell references
D02406,gds_references,,,5286.0,64155.0,single_die,,1,UNTESTED,Generated from selected top-cell references
D02407,gds_references,,,8810.0,64155.0,single_die,,1,UNTESTED,Generated from selected top-cell references
D02408,gds_references,,,12334.0,64155.0,single_die,,1,UNTESTED,Generated from selected top-cell references
D02409,gds_references,,,15858.0,64155.0,single_die,,1,UNTESTED,Generated from selected top-cell references
D02410,gds_references,,,19382.0,64155.0,single_die,,1,UNTESTED,Generated from selected top-cell references
D02411,gds_references,,,-12334.0,65800.0,single_die,,1,UNTESTED,Generated from selected top-cell references
D02412,gds_references,,,-8810.0,65800.0,single_die,,1,UNTESTED,Generated from selected top-cell references
D02413,gds_references,,,-5286.0,65800.0,single_die,,1,UNTESTED,Generated from selected top-cell references
D02414,gds_references,,,-1762.0,65800.0,single_die,,1,UNTESTED,Generated from selected top-cell references
D02415,gds_references,,,1762.0,65800.0,single_die,,1,UNTESTED,Generated from selected top-cell references
D02416,gds_references,,,5286.0,65800.0,single_die,,1,UNTESTED,Generated from selected top-cell references
D02417,gds_references,,,8810.0,65800.0,single_die,,1,UNTESTED,Generated from selected top-cell references
D02418,gds_references,,,12334.0,65800.0,single_die,,1,UNTESTED,Generated from selected top-cell references
