row,col,seq,quad_pos,device_id,x_um,y_um,map_x,map_y,shot_x,shot_y,enabled
0,15,1,,A3-01,52815,0,52815,0,52815,0,1
0,16,2,,A3-02,56336,0,56336,0,56336,0,1
0,17,3,,A3-03,59857,0,59857,0,59857,0,1
0,18,4,,A3-04,63378,0,63378,0,63378,0,1
0,19,5,,A4-00,66899,0,66899,0,66899,0,1
0,20,6,,A4-01,70420,0,70420,0,70420,0,1
0,21,7,,A4-02,73941,0,73941,0,73941,0,1
0,22,8,,A4-03,77462,0,77462,0,77462,0,1
1,13,9,,92-74,45773,-1642,45773,1642,45773,1642,1
1,14,10,,93-70,49294,-1642,49294,1642,49294,1642,1
1,15,11,,93-71,52815,-1642,52815,1642,52815,1642,1
1,16,12,,93-72,56336,-1642,56336,1642,56336,1642,1
1,17,13,,93-73,59857,-1642,59857,1642,59857,1642,1
1,18,14,,93-74,63378,-1642,63378,1642,63378,1642,1
1,19,15,,94-70,66899,-1642,66899,1642,66899,1642,1
1,20,16,,94-71,70420,-1642,70420,1642,70420,1642,1
1,21,17,,94-72,73941,-1642,73941,1642,73941,1642,1
1,22,18,,94-73,77462,-1642,77462,1642,77462,1642,1
1,23,19,,94-74,80983,-1642,80983,1642,80983,1642,1
1,24,20,,95-70,84504,-1642,84504,1642,84504,1642,1
2,12,21,,92-63,42252,-3284,42252,3284,42252,3284,1
2,13,22,,92-64,45773,-3284,45773,3284,45773,3284,1
2,14,23,,93-60,49294,-3284,49294,3284,49294,3284,1
2,15,24,,93-61,52815,-3284,52815,3284,52815,3284,1
2,16,25,,93-62,56336,-3284,56336,3284,56336,3284,1
2,17,26,,93-63,59857,-3284,59857,3284,59857,3284,1
2,18,27,,93-64,63378,-3284,63378,3284,63378,3284,1
2,19,28,,94-60,66899,-3284,66899,3284,66899,3284,1
2,20,29,,94-61,70420,-3284,70420,3284,70420,3284,1
2,21,30,,94-62,73941,-3284,73941,3284,73941,3284,1
2,22,31,,94-63,77462,-3284,77462,3284,77462,3284,1
2,23,32,,94-64,80983,-3284,80983,3284,80983,3284,1
2,24,33,,95-60,84504,-3284,84504,3284,84504,3284,1
2,25,34,,95-61,88025,-3284,88025,3284,88025,3284,1
3,11,35,,92-52,38731,-4926,38731,4926,38731,4926,1
3,12,36,,92-53,42252,-4926,42252,4926,42252,4926,1
3,13,37,,92-54,45773,-4926,45773,4926,45773,4926,1
3,14,38,,93-50,49294,-4926,49294,4926,49294,4926,1
3,15,39,,93-51,52815,-4926,52815,4926,52815,4926,1
3,16,40,,93-52,56336,-4926,56336,4926,56336,4926,1
3,17,41,,93-53,59857,-4926,59857,4926,59857,4926,1
3,18,42,,93-54,63378,-4926,63378,4926,63378,4926,1
3,19,43,,94-50,66899,-4926,66899,4926,66899,4926,1
3,20,44,,94-51,70420,-4926,70420,4926,70420,4926,1
3,21,45,,94-52,73941,-4926,73941,4926,73941,4926,1
3,22,46,,94-53,77462,-4926,77462,4926,77462,4926,1
3,23,47,,94-54,80983,-4926,80983,4926,80983,4926,1
3,24,48,,95-50,84504,-4926,84504,4926,84504,4926,1
3,25,49,,95-51,88025,-4926,88025,4926,88025,4926,1
3,26,50,,95-52,91546,-4926,91546,4926,91546,4926,1
4,10,51,,92-41,35210,-6568,35210,6568,35210,6568,1
4,11,52,,92-42,38731,-6568,38731,6568,38731,6568,1
4,12,53,,92-43,42252,-6568,42252,6568,42252,6568,1
4,13,54,,92-44,45773,-6568,45773,6568,45773,6568,1
4,14,55,,93-40,49294,-6568,49294,6568,49294,6568,1
4,15,56,,93-41,52815,-6568,52815,6568,52815,6568,1
4,16,57,,93-42,56336,-6568,56336,6568,56336,6568,1
4,17,58,,93-43,59857,-6568,59857,6568,59857,6568,1
4,18,59,,93-44,63378,-6568,63378,6568,63378,6568,1
4,19,60,,94-40,66899,-6568,66899,6568,66899,6568,1
4,20,61,,94-41,70420,-6568,70420,6568,70420,6568,1
4,21,62,,94-42,73941,-6568,73941,6568,73941,6568,1
4,22,63,,94-43,77462,-6568,77462,6568,77462,6568,1
4,23,64,,94-44,80983,-6568,80983,6568,80983,6568,1
4,24,65,,95-40,84504,-6568,84504,6568,84504,6568,1
4,25,66,,95-41,88025,-6568,88025,6568,88025,6568,1
4,26,67,,95-42,91546,-6568,91546,6568,91546,6568,1
4,27,68,,95-43,95067,-6568,95067,6568,95067,6568,1
5,9,69,,92-30,31689,-8210,31689,8210,31689,8210,1
5,10,70,,92-31,35210,-8210,35210,8210,35210,8210,1
5,11,71,,92-32,38731,-8210,38731,8210,38731,8210,1
5,12,72,,92-33,42252,-8210,42252,8210,42252,8210,1
5,13,73,,92-34,45773,-8210,45773,8210,45773,8210,1
5,14,74,,93-30,49294,-8210,49294,8210,49294,8210,1
5,15,75,,93-31,52815,-8210,52815,8210,52815,8210,1
5,16,76,,93-32,56336,-8210,56336,8210,56336,8210,1
5,17,77,,93-33,59857,-8210,59857,8210,59857,8210,1
5,18,78,,93-34,63378,-8210,63378,8210,63378,8210,1
5,19,79,,94-30,66899,-8210,66899,8210,66899,8210,1
5,20,80,,94-31,70420,-8210,70420,8210,70420,8210,1
5,21,81,,94-32,73941,-8210,73941,8210,73941,8210,1
5,22,82,,94-33,77462,-8210,77462,8210,77462,8210,1
5,23,83,,94-34,80983,-8210,80983,8210,80983,8210,1
5,24,84,,95-30,84504,-8210,84504,8210,84504,8210,1
5,25,85,,95-31,88025,-8210,88025,8210,88025,8210,1
5,26,86,,95-32,91546,-8210,91546,8210,91546,8210,1
5,27,87,,95-33,95067,-8210,95067,8210,95067,8210,1
5,28,88,,95-34,98588,-8210,98588,8210,98588,8210,1
6,9,89,,92-20,31689,-9852,31689,9852,31689,9852,1
6,10,90,,92-21,35210,-9852,35210,9852,35210,9852,1
6,11,91,,92-22,38731,-9852,38731,9852,38731,9852,1
6,12,92,,92-23,42252,-9852,42252,9852,42252,9852,1
6,13,93,,92-24,45773,-9852,45773,9852,45773,9852,1
6,14,94,,93-20,49294,-9852,49294,9852,49294,9852,1
6,15,95,,93-21,52815,-9852,52815,9852,52815,9852,1
6,16,96,,93-22,56336,-9852,56336,9852,56336,9852,1
6,17,97,,93-23,59857,-9852,59857,9852,59857,9852,1
6,18,98,,93-24,63378,-9852,63378,9852,63378,9852,1
6,19,99,,94-20,66899,-9852,66899,9852,66899,9852,1
6,20,100,,94-21,70420,-9852,70420,9852,70420,9852,1
6,21,101,,94-22,73941,-9852,73941,9852,73941,9852,1
6,22,102,,94-23,77462,-9852,77462,9852,77462,9852,1
6,23,103,,94-24,80983,-9852,80983,9852,80983,9852,1
6,24,104,,95-20,84504,-9852,84504,9852,84504,9852,1
6,25,105,,95-21,88025,-9852,88025,9852,88025,9852,1
6,26,106,,95-22,91546,-9852,91546,9852,91546,9852,1
6,27,107,,95-23,95067,-9852,95067,9852,95067,9852,1
6,28,108,,95-24,98588,-9852,98588,9852,98588,9852,1
7,8,109,,91-14,28168,-11494,28168,11494,28168,11494,1
7,9,110,,92-10,31689,-11494,31689,11494,31689,11494,1
7,10,111,,92-11,35210,-11494,35210,11494,35210,11494,1
7,11,112,,92-12,38731,-11494,38731,11494,38731,11494,1
7,12,113,,92-13,42252,-11494,42252,11494,42252,11494,1
7,13,114,,92-14,45773,-11494,45773,11494,45773,11494,1
7,14,115,,93-10,49294,-11494,49294,11494,49294,11494,1
7,15,116,,93-11,52815,-11494,52815,11494,52815,11494,1
7,16,117,,93-12,56336,-11494,56336,11494,56336,11494,1
7,17,118,,93-13,59857,-11494,59857,11494,59857,11494,1
7,18,119,,93-14,63378,-11494,63378,11494,63378,11494,1
7,19,120,,94-10,66899,-11494,66899,11494,66899,11494,1
7,20,121,,94-11,70420,-11494,70420,11494,70420,11494,1
7,21,122,,94-12,73941,-11494,73941,11494,73941,11494,1
7,22,123,,94-13,77462,-11494,77462,11494,77462,11494,1
7,23,124,,94-14,80983,-11494,80983,11494,80983,11494,1
7,24,125,,95-10,84504,-11494,84504,11494,84504,11494,1
7,25,126,,95-11,88025,-11494,88025,11494,88025,11494,1
7,26,127,,95-12,91546,-11494,91546,11494,91546,11494,1
7,27,128,,95-13,95067,-11494,95067,11494,95067,11494,1
7,28,129,,95-14,98588,-11494,98588,11494,98588,11494,1
7,29,130,,96-10,102109,-11494,102109,11494,102109,11494,1
8,7,131,,91-03,24647,-13136,24647,13136,24647,13136,1
8,8,132,,91-04,28168,-13136,28168,13136,28168,13136,1
8,9,133,,92-00,31689,-13136,31689,13136,31689,13136,1
8,10,134,,92-01,35210,-13136,35210,13136,35210,13136,1
8,11,135,,92-02,38731,-13136,38731,13136,38731,13136,1
8,12,136,,92-03,42252,-13136,42252,13136,42252,13136,1
8,13,137,,92-04,45773,-13136,45773,13136,45773,13136,1
8,14,138,,93-00,49294,-13136,49294,13136,49294,13136,1
8,15,139,,93-01,52815,-13136,52815,13136,52815,13136,1
8,16,140,,93-02,56336,-13136,56336,13136,56336,13136,1
8,17,141,,93-03,59857,-13136,59857,13136,59857,13136,1
8,18,142,,93-04,63378,-13136,63378,13136,63378,13136,1
8,19,143,,94-00,66899,-13136,66899,13136,66899,13136,1
8,20,144,,94-01,70420,-13136,70420,13136,70420,13136,1
8,21,145,,94-02,73941,-13136,73941,13136,73941,13136,1
8,22,146,,94-03,77462,-13136,77462,13136,77462,13136,1
8,23,147,,94-04,80983,-13136,80983,13136,80983,13136,1
8,24,148,,95-00,84504,-13136,84504,13136,84504,13136,1
8,25,149,,95-01,88025,-13136,88025,13136,88025,13136,1
8,26,150,,95-02,91546,-13136,91546,13136,91546,13136,1
8,27,151,,95-03,95067,-13136,95067,13136,95067,13136,1
8,28,152,,95-04,98588,-13136,98588,13136,98588,13136,1
8,29,153,,96-00,102109,-13136,102109,13136,102109,13136,1
8,30,154,,96-01,105630,-13136,105630,13136,105630,13136,1
9,7,155,,81-73,24647,-14778,24647,14778,24647,14778,1
9,8,156,,81-74,28168,-14778,28168,14778,28168,14778,1
9,9,157,,82-70,31689,-14778,31689,14778,31689,14778,1
9,10,158,,82-71,35210,-14778,35210,14778,35210,14778,1
9,11,159,,82-72,38731,-14778,38731,14778,38731,14778,1
9,12,160,,82-73,42252,-14778,42252,14778,42252,14778,1
9,13,161,,82-74,45773,-14778,45773,14778,45773,14778,1
9,14,162,,83-70,49294,-14778,49294,14778,49294,14778,1
9,15,163,,83-71,52815,-14778,52815,14778,52815,14778,1
9,16,164,,83-72,56336,-14778,56336,14778,56336,14778,1
9,17,165,,83-73,59857,-14778,59857,14778,59857,14778,1
9,18,166,,83-74,63378,-14778,63378,14778,63378,14778,1
9,19,167,,84-70,66899,-14778,66899,14778,66899,14778,1
9,20,168,,84-71,70420,-14778,70420,14778,70420,14778,1
9,21,169,,84-72,73941,-14778,73941,14778,73941,14778,1
9,22,170,,84-73,77462,-14778,77462,14778,77462,14778,1
9,23,171,,84-74,80983,-14778,80983,14778,80983,14778,1
9,24,172,,85-70,84504,-14778,84504,14778,84504,14778,1
9,25,173,,85-71,88025,-14778,88025,14778,88025,14778,1
9,26,174,,85-72,91546,-14778,91546,14778,91546,14778,1
9,27,175,,85-73,95067,-14778,95067,14778,95067,14778,1
9,28,176,,85-74,98588,-14778,98588,14778,98588,14778,1
9,29,177,,86-70,102109,-14778,102109,14778,102109,14778,1
9,30,178,,86-71,105630,-14778,105630,14778,105630,14778,1
10,6,179,,81-62,21126,-16420,21126,16420,21126,16420,1
10,7,180,,81-63,24647,-16420,24647,16420,24647,16420,1
10,8,181,,81-64,28168,-16420,28168,16420,28168,16420,1
10,9,182,,82-60,31689,-16420,31689,16420,31689,16420,1
10,10,183,,82-61,35210,-16420,35210,16420,35210,16420,1
10,11,184,,82-62,38731,-16420,38731,16420,38731,16420,1
10,12,185,,82-63,42252,-16420,42252,16420,42252,16420,1
10,13,186,,82-64,45773,-16420,45773,16420,45773,16420,1
10,14,187,,83-60,49294,-16420,49294,16420,49294,16420,1
10,15,188,,83-61,52815,-16420,52815,16420,52815,16420,1
10,16,189,,83-62,56336,-16420,56336,16420,56336,16420,1
10,17,190,,83-63,59857,-16420,59857,16420,59857,16420,1
10,18,191,,83-64,63378,-16420,63378,16420,63378,16420,1
10,19,192,,84-60,66899,-16420,66899,16420,66899,16420,1
10,20,193,,84-61,70420,-16420,70420,16420,70420,16420,1
10,21,194,,84-62,73941,-16420,73941,16420,73941,16420,1
10,22,195,,84-63,77462,-16420,77462,16420,77462,16420,1
10,23,196,,84-64,80983,-16420,80983,16420,80983,16420,1
10,24,197,,85-60,84504,-16420,84504,16420,84504,16420,1
10,25,198,,85-61,88025,-16420,88025,16420,88025,16420,1
10,26,199,,85-62,91546,-16420,91546,16420,91546,16420,1
10,27,200,,85-63,95067,-16420,95067,16420,95067,16420,1
10,28,201,,85-64,98588,-16420,98588,16420,98588,16420,1
10,29,202,,86-60,102109,-16420,102109,16420,102109,16420,1
10,30,203,,86-61,105630,-16420,105630,16420,105630,16420,1
10,31,204,,86-62,109151,-16420,109151,16420,109151,16420,1
11,6,205,,81-52,21126,-18062,21126,18062,21126,18062,1
11,7,206,,81-53,24647,-18062,24647,18062,24647,18062,1
11,8,207,,81-54,28168,-18062,28168,18062,28168,18062,1
11,9,208,,82-50,31689,-18062,31689,18062,31689,18062,1
11,10,209,,82-51,35210,-18062,35210,18062,35210,18062,1
11,11,210,,82-52,38731,-18062,38731,18062,38731,18062,1
11,12,211,,82-53,42252,-18062,42252,18062,42252,18062,1
11,13,212,,82-54,45773,-18062,45773,18062,45773,18062,1
11,14,213,,83-50,49294,-18062,49294,18062,49294,18062,1
11,15,214,,83-51,52815,-18062,52815,18062,52815,18062,1
11,16,215,,83-52,56336,-18062,56336,18062,56336,18062,1
11,17,216,,83-53,59857,-18062,59857,18062,59857,18062,1
11,18,217,,83-54,63378,-18062,63378,18062,63378,18062,1
11,19,218,,84-50,66899,-18062,66899,18062,66899,18062,1
11,20,219,,84-51,70420,-18062,70420,18062,70420,18062,1
11,21,220,,84-52,73941,-18062,73941,18062,73941,18062,1
11,22,221,,84-53,77462,-18062,77462,18062,77462,18062,1
11,23,222,,84-54,80983,-18062,80983,18062,80983,18062,1
11,24,223,,85-50,84504,-18062,84504,18062,84504,18062,1
11,25,224,,85-51,88025,-18062,88025,18062,88025,18062,1
11,26,225,,85-52,91546,-18062,91546,18062,91546,18062,1
11,27,226,,85-53,95067,-18062,95067,18062,95067,18062,1
11,28,227,,85-54,98588,-18062,98588,18062,98588,18062,1
11,29,228,,86-50,102109,-18062,102109,18062,102109,18062,1
11,30,229,,86-51,105630,-18062,105630,18062,105630,18062,1
11,31,230,,86-52,109151,-18062,109151,18062,109151,18062,1
12,5,231,,81-41,17605,-19704,17605,19704,17605,19704,1
12,6,232,,81-42,21126,-19704,21126,19704,21126,19704,1
12,7,233,,81-43,24647,-19704,24647,19704,24647,19704,1
12,8,234,,81-44,28168,-19704,28168,19704,28168,19704,1
12,9,235,,82-40,31689,-19704,31689,19704,31689,19704,1
12,10,236,,82-41,35210,-19704,35210,19704,35210,19704,1
12,11,237,,82-42,38731,-19704,38731,19704,38731,19704,1
12,12,238,,82-43,42252,-19704,42252,19704,42252,19704,1
12,13,239,,82-44,45773,-19704,45773,19704,45773,19704,1
12,14,240,,83-40,49294,-19704,49294,19704,49294,19704,1
12,15,241,,83-41,52815,-19704,52815,19704,52815,19704,1
12,16,242,,83-42,56336,-19704,56336,19704,56336,19704,1
12,17,243,,83-43,59857,-19704,59857,19704,59857,19704,1
12,18,244,,83-44,63378,-19704,63378,19704,63378,19704,1
12,19,245,,84-40,66899,-19704,66899,19704,66899,19704,1
12,20,246,,84-41,70420,-19704,70420,19704,70420,19704,1
12,21,247,,84-42,73941,-19704,73941,19704,73941,19704,1
12,22,248,,84-43,77462,-19704,77462,19704,77462,19704,1
12,23,249,,84-44,80983,-19704,80983,19704,80983,19704,1
12,24,250,,85-40,84504,-19704,84504,19704,84504,19704,1
12,25,251,,85-41,88025,-19704,88025,19704,88025,19704,1
12,26,252,,85-42,91546,-19704,91546,19704,91546,19704,1
12,27,253,,85-43,95067,-19704,95067,19704,95067,19704,1
12,28,254,,85-44,98588,-19704,98588,19704,98588,19704,1
12,29,255,,86-40,102109,-19704,102109,19704,102109,19704,1
12,30,256,,86-41,105630,-19704,105630,19704,105630,19704,1
12,31,257,,86-42,109151,-19704,109151,19704,109151,19704,1
12,32,258,,86-43,112672,-19704,112672,19704,112672,19704,1
13,5,259,,81-31,17605,-21346,17605,21346,17605,21346,1
13,6,260,,81-32,21126,-21346,21126,21346,21126,21346,1
13,7,261,,81-33,24647,-21346,24647,21346,24647,21346,1
13,8,262,,81-34,28168,-21346,28168,21346,28168,21346,1
13,9,263,,82-30,31689,-21346,31689,21346,31689,21346,1
13,10,264,,82-31,35210,-21346,35210,21346,35210,21346,1
13,11,265,,82-32,38731,-21346,38731,21346,38731,21346,1
13,12,266,,82-33,42252,-21346,42252,21346,42252,21346,1
13,13,267,,82-34,45773,-21346,45773,21346,45773,21346,1
13,14,268,,83-30,49294,-21346,49294,21346,49294,21346,1
13,15,269,,83-31,52815,-21346,52815,21346,52815,21346,1
13,16,270,,83-32,56336,-21346,56336,21346,56336,21346,1
13,17,271,,83-33,59857,-21346,59857,21346,59857,21346,1
13,18,272,,83-34,63378,-21346,63378,21346,63378,21346,1
13,19,273,,84-30,66899,-21346,66899,21346,66899,21346,1
13,20,274,,84-31,70420,-21346,70420,21346,70420,21346,1
13,21,275,,84-32,73941,-21346,73941,21346,73941,21346,1
13,22,276,,84-33,77462,-21346,77462,21346,77462,21346,1
13,23,277,,84-34,80983,-21346,80983,21346,80983,21346,1
13,24,278,,85-30,84504,-21346,84504,21346,84504,21346,1
13,25,279,,85-31,88025,-21346,88025,21346,88025,21346,1
13,26,280,,85-32,91546,-21346,91546,21346,91546,21346,1
13,27,281,,85-33,95067,-21346,95067,21346,95067,21346,1
13,28,282,,85-34,98588,-21346,98588,21346,98588,21346,1
13,29,283,,86-30,102109,-21346,102109,21346,102109,21346,1
13,30,284,,86-31,105630,-21346,105630,21346,105630,21346,1
13,31,285,,86-32,109151,-21346,109151,21346,109151,21346,1
13,32,286,,86-33,112672,-21346,112672,21346,112672,21346,1
14,5,287,,81-21,17605,-22988,17605,22988,17605,22988,1
14,6,288,,81-22,21126,-22988,21126,22988,21126,22988,1
14,7,289,,81-23,24647,-22988,24647,22988,24647,22988,1
14,8,290,,81-24,28168,-22988,28168,22988,28168,22988,1
14,9,291,,82-20,31689,-22988,31689,22988,31689,22988,1
14,10,292,,82-21,35210,-22988,35210,22988,35210,22988,1
14,11,293,,82-22,38731,-22988,38731,22988,38731,22988,1
14,12,294,,82-23,42252,-22988,42252,22988,42252,22988,1
14,13,295,,82-24,45773,-22988,45773,22988,45773,22988,1
14,14,296,,83-20,49294,-22988,49294,22988,49294,22988,1
14,15,297,,83-21,52815,-22988,52815,22988,52815,22988,1
14,16,298,,83-22,56336,-22988,56336,22988,56336,22988,1
14,17,299,,83-23,59857,-22988,59857,22988,59857,22988,1
14,18,300,,83-24,63378,-22988,63378,22988,63378,22988,1
14,19,301,,84-20,66899,-22988,66899,22988,66899,22988,1
14,20,302,,84-21,70420,-22988,70420,22988,70420,22988,1
14,21,303,,84-22,73941,-22988,73941,22988,73941,22988,1
14,22,304,,84-23,77462,-22988,77462,22988,77462,22988,1
14,23,305,,84-24,80983,-22988,80983,22988,80983,22988,1
14,24,306,,85-20,84504,-22988,84504,22988,84504,22988,1
14,25,307,,85-21,88025,-22988,88025,22988,88025,22988,1
14,26,308,,85-22,91546,-22988,91546,22988,91546,22988,1
14,27,309,,85-23,95067,-22988,95067,22988,95067,22988,1
14,28,310,,85-24,98588,-22988,98588,22988,98588,22988,1
14,29,311,,86-20,102109,-22988,102109,22988,102109,22988,1
14,30,312,,86-21,105630,-22988,105630,22988,105630,22988,1
14,31,313,,86-22,109151,-22988,109151,22988,109151,22988,1
14,32,314,,86-23,112672,-22988,112672,22988,112672,22988,1
15,4,315,,81-10,14084,-24630,14084,24630,14084,24630,1
15,5,316,,81-11,17605,-24630,17605,24630,17605,24630,1
15,6,317,,81-12,21126,-24630,21126,24630,21126,24630,1
15,7,318,,81-13,24647,-24630,24647,24630,24647,24630,1
15,8,319,,81-14,28168,-24630,28168,24630,28168,24630,1
15,9,320,,82-10,31689,-24630,31689,24630,31689,24630,1
15,10,321,,82-11,35210,-24630,35210,24630,35210,24630,1
15,11,322,,82-12,38731,-24630,38731,24630,38731,24630,1
15,12,323,,82-13,42252,-24630,42252,24630,42252,24630,1
15,13,324,,82-14,45773,-24630,45773,24630,45773,24630,1
15,14,325,,83-10,49294,-24630,49294,24630,49294,24630,1
15,15,326,,83-11,52815,-24630,52815,24630,52815,24630,1
15,16,327,,83-12,56336,-24630,56336,24630,56336,24630,1
15,17,328,,83-13,59857,-24630,59857,24630,59857,24630,1
15,18,329,,83-14,63378,-24630,63378,24630,63378,24630,1
15,19,330,,84-10,66899,-24630,66899,24630,66899,24630,1
15,20,331,,84-11,70420,-24630,70420,24630,70420,24630,1
15,21,332,,84-12,73941,-24630,73941,24630,73941,24630,1
15,22,333,,84-13,77462,-24630,77462,24630,77462,24630,1
15,23,334,,84-14,80983,-24630,80983,24630,80983,24630,1
15,24,335,,85-10,84504,-24630,84504,24630,84504,24630,1
15,25,336,,85-11,88025,-24630,88025,24630,88025,24630,1
15,26,337,,85-12,91546,-24630,91546,24630,91546,24630,1
15,27,338,,85-13,95067,-24630,95067,24630,95067,24630,1
15,28,339,,85-14,98588,-24630,98588,24630,98588,24630,1
15,29,340,,86-10,102109,-24630,102109,24630,102109,24630,1
15,30,341,,86-11,105630,-24630,105630,24630,105630,24630,1
15,31,342,,86-12,109151,-24630,109151,24630,109151,24630,1
15,32,343,,86-13,112672,-24630,112672,24630,112672,24630,1
15,33,344,,86-14,116193,-24630,116193,24630,116193,24630,1
16,4,345,,81-00,14084,-26272,14084,26272,14084,26272,1
16,5,346,,81-01,17605,-26272,17605,26272,17605,26272,1
16,6,347,,81-02,21126,-26272,21126,26272,21126,26272,1
16,7,348,,81-03,24647,-26272,24647,26272,24647,26272,1
16,8,349,,81-04,28168,-26272,28168,26272,28168,26272,1
16,9,350,,82-00,31689,-26272,31689,26272,31689,26272,1
16,10,351,,82-01,35210,-26272,35210,26272,35210,26272,1
16,11,352,,82-02,38731,-26272,38731,26272,38731,26272,1
16,12,353,,82-03,42252,-26272,42252,26272,42252,26272,1
16,13,354,,82-04,45773,-26272,45773,26272,45773,26272,1
16,14,355,,83-00,49294,-26272,49294,26272,49294,26272,1
16,15,356,,83-01,52815,-26272,52815,26272,52815,26272,1
16,16,357,,83-02,56336,-26272,56336,26272,56336,26272,1
16,17,358,,83-03,59857,-26272,59857,26272,59857,26272,1
16,18,359,,83-04,63378,-26272,63378,26272,63378,26272,1
16,19,360,,84-00,66899,-26272,66899,26272,66899,26272,1
16,20,361,,84-01,70420,-26272,70420,26272,70420,26272,1
16,21,362,,84-02,73941,-26272,73941,26272,73941,26272,1
16,22,363,,84-03,77462,-26272,77462,26272,77462,26272,1
16,23,364,,84-04,80983,-26272,80983,26272,80983,26272,1
16,24,365,,85-00,84504,-26272,84504,26272,84504,26272,1
16,25,366,,85-01,88025,-26272,88025,26272,88025,26272,1
16,26,367,,85-02,91546,-26272,91546,26272,91546,26272,1
16,27,368,,85-03,95067,-26272,95067,26272,95067,26272,1
16,28,369,,85-04,98588,-26272,98588,26272,98588,26272,1
16,29,370,,86-00,102109,-26272,102109,26272,102109,26272,1
16,30,371,,86-01,105630,-26272,105630,26272,105630,26272,1
16,31,372,,86-02,109151,-26272,109151,26272,109151,26272,1
16,32,373,,86-03,112672,-26272,112672,26272,112672,26272,1
16,33,374,,86-04,116193,-26272,116193,26272,116193,26272,1
17,3,375,,70-74,10563,-27914,10563,27914,10563,27914,1
17,4,376,,71-70,14084,-27914,14084,27914,14084,27914,1
17,5,377,,71-71,17605,-27914,17605,27914,17605,27914,1
17,6,378,,71-72,21126,-27914,21126,27914,21126,27914,1
17,7,379,,71-73,24647,-27914,24647,27914,24647,27914,1
17,8,380,,71-74,28168,-27914,28168,27914,28168,27914,1
17,9,381,,72-70,31689,-27914,31689,27914,31689,27914,1
17,10,382,,72-71,35210,-27914,35210,27914,35210,27914,1
17,11,383,,72-72,38731,-27914,38731,27914,38731,27914,1
17,12,384,,72-73,42252,-27914,42252,27914,42252,27914,1
17,13,385,,72-74,45773,-27914,45773,27914,45773,27914,1
17,14,386,,73-70,49294,-27914,49294,27914,49294,27914,1
17,15,387,,73-71,52815,-27914,52815,27914,52815,27914,1
17,16,388,,73-72,56336,-27914,56336,27914,56336,27914,1
17,17,389,,73-73,59857,-27914,59857,27914,59857,27914,1
17,18,390,,73-74,63378,-27914,63378,27914,63378,27914,1
17,19,391,,74-70,66899,-27914,66899,27914,66899,27914,1
17,20,392,,74-71,70420,-27914,70420,27914,70420,27914,1
17,21,393,,74-72,73941,-27914,73941,27914,73941,27914,1
17,22,394,,74-73,77462,-27914,77462,27914,77462,27914,1
17,23,395,,74-74,80983,-27914,80983,27914,80983,27914,1
17,24,396,,75-70,84504,-27914,84504,27914,84504,27914,1
17,25,397,,75-71,88025,-27914,88025,27914,88025,27914,1
17,26,398,,75-72,91546,-27914,91546,27914,91546,27914,1
17,27,399,,75-73,95067,-27914,95067,27914,95067,27914,1
17,28,400,,75-74,98588,-27914,98588,27914,98588,27914,1
17,29,401,,76-70,102109,-27914,102109,27914,102109,27914,1
17,30,402,,76-71,105630,-27914,105630,27914,105630,27914,1
17,31,403,,76-72,109151,-27914,109151,27914,109151,27914,1
17,32,404,,76-73,112672,-27914,112672,27914,112672,27914,1
17,33,405,,76-74,116193,-27914,116193,27914,116193,27914,1
17,34,406,,77-70,119714,-27914,119714,27914,119714,27914,1
18,3,407,,70-64,10563,-29556,10563,29556,10563,29556,1
18,4,408,,71-60,14084,-29556,14084,29556,14084,29556,1
18,5,409,,71-61,17605,-29556,17605,29556,17605,29556,1
18,6,410,,71-62,21126,-29556,21126,29556,21126,29556,1
18,7,411,,71-63,24647,-29556,24647,29556,24647,29556,1
18,8,412,,71-64,28168,-29556,28168,29556,28168,29556,1
18,9,413,,72-60,31689,-29556,31689,29556,31689,29556,1
18,10,414,,72-61,35210,-29556,35210,29556,35210,29556,1
18,11,415,,72-62,38731,-29556,38731,29556,38731,29556,1
18,12,416,,72-63,42252,-29556,42252,29556,42252,29556,1
18,13,417,,72-64,45773,-29556,45773,29556,45773,29556,1
18,14,418,,73-60,49294,-29556,49294,29556,49294,29556,1
18,15,419,,73-61,52815,-29556,52815,29556,52815,29556,1
18,16,420,,73-62,56336,-29556,56336,29556,56336,29556,1
18,17,421,,73-63,59857,-29556,59857,29556,59857,29556,1
18,18,422,,73-64,63378,-29556,63378,29556,63378,29556,1
18,19,423,,74-60,66899,-29556,66899,29556,66899,29556,1
18,20,424,,74-61,70420,-29556,70420,29556,70420,29556,1
18,21,425,,74-62,73941,-29556,73941,29556,73941,29556,1
18,22,426,,74-63,77462,-29556,77462,29556,77462,29556,1
18,23,427,,74-64,80983,-29556,80983,29556,80983,29556,1
18,24,428,,75-60,84504,-29556,84504,29556,84504,29556,1
18,25,429,,75-61,88025,-29556,88025,29556,88025,29556,1
18,26,430,,75-62,91546,-29556,91546,29556,91546,29556,1
18,27,431,,75-63,95067,-29556,95067,29556,95067,29556,1
18,28,432,,75-64,98588,-29556,98588,29556,98588,29556,1
18,29,433,,76-60,102109,-29556,102109,29556,102109,29556,1
18,30,434,,76-61,105630,-29556,105630,29556,105630,29556,1
18,31,435,,76-62,109151,-29556,109151,29556,109151,29556,1
18,32,436,,76-63,112672,-29556,112672,29556,112672,29556,1
18,33,437,,76-64,116193,-29556,116193,29556,116193,29556,1
18,34,438,,77-60,119714,-29556,119714,29556,119714,29556,1
19,3,439,,70-54,10563,-31198,10563,31198,10563,31198,1
19,4,440,,71-50,14084,-31198,14084,31198,14084,31198,1
19,5,441,,71-51,17605,-31198,17605,31198,17605,31198,1
19,6,442,,71-52,21126,-31198,21126,31198,21126,31198,1
19,7,443,,71-53,24647,-31198,24647,31198,24647,31198,1
19,8,444,,71-54,28168,-31198,28168,31198,28168,31198,1
19,9,445,,72-50,31689,-31198,31689,31198,31689,31198,1
19,10,446,,72-51,35210,-31198,35210,31198,35210,31198,1
19,11,447,,72-52,38731,-31198,38731,31198,38731,31198,1
19,12,448,,72-53,42252,-31198,42252,31198,42252,31198,1
19,13,449,,72-54,45773,-31198,45773,31198,45773,31198,1
19,14,450,,73-50,49294,-31198,49294,31198,49294,31198,1
19,15,451,,73-51,52815,-31198,52815,31198,52815,31198,1
19,16,452,,73-52,56336,-31198,56336,31198,56336,31198,1
19,17,453,,73-53,59857,-31198,59857,31198,59857,31198,1
19,18,454,,73-54,63378,-31198,63378,31198,63378,31198,1
19,19,455,,74-50,66899,-31198,66899,31198,66899,31198,1
19,20,456,,74-51,70420,-31198,70420,31198,70420,31198,1
19,21,457,,74-52,73941,-31198,73941,31198,73941,31198,1
19,22,458,,74-53,77462,-31198,77462,31198,77462,31198,1
19,23,459,,74-54,80983,-31198,80983,31198,80983,31198,1
19,24,460,,75-50,84504,-31198,84504,31198,84504,31198,1
19,25,461,,75-51,88025,-31198,88025,31198,88025,31198,1
19,26,462,,75-52,91546,-31198,91546,31198,91546,31198,1
19,27,463,,75-53,95067,-31198,95067,31198,95067,31198,1
19,28,464,,75-54,98588,-31198,98588,31198,98588,31198,1
19,29,465,,76-50,102109,-31198,102109,31198,102109,31198,1
19,30,466,,76-51,105630,-31198,105630,31198,105630,31198,1
19,31,467,,76-52,109151,-31198,109151,31198,109151,31198,1
19,32,468,,76-53,112672,-31198,112672,31198,112672,31198,1
19,33,469,,76-54,116193,-31198,116193,31198,116193,31198,1
19,34,470,,77-50,119714,-31198,119714,31198,119714,31198,1
20,3,471,,70-44,10563,-32840,10563,32840,10563,32840,1
20,4,472,,71-40,14084,-32840,14084,32840,14084,32840,1
20,5,473,,71-41,17605,-32840,17605,32840,17605,32840,1
20,6,474,,71-42,21126,-32840,21126,32840,21126,32840,1
20,7,475,,71-43,24647,-32840,24647,32840,24647,32840,1
20,8,476,,71-44,28168,-32840,28168,32840,28168,32840,1
20,9,477,,72-40,31689,-32840,31689,32840,31689,32840,1
20,10,478,,72-41,35210,-32840,35210,32840,35210,32840,1
20,11,479,,72-42,38731,-32840,38731,32840,38731,32840,1
20,12,480,,72-43,42252,-32840,42252,32840,42252,32840,1
20,13,481,,72-44,45773,-32840,45773,32840,45773,32840,1
20,14,482,,73-40,49294,-32840,49294,32840,49294,32840,1
20,15,483,,73-41,52815,-32840,52815,32840,52815,32840,1
20,16,484,,73-42,56336,-32840,56336,32840,56336,32840,1
20,17,485,,73-43,59857,-32840,59857,32840,59857,32840,1
20,18,486,,73-44,63378,-32840,63378,32840,63378,32840,1
20,19,487,,74-40,66899,-32840,66899,32840,66899,32840,1
20,20,488,,74-41,70420,-32840,70420,32840,70420,32840,1
20,21,489,,74-42,73941,-32840,73941,32840,73941,32840,1
20,22,490,,74-43,77462,-32840,77462,32840,77462,32840,1
20,23,491,,74-44,80983,-32840,80983,32840,80983,32840,1
20,24,492,,75-40,84504,-32840,84504,32840,84504,32840,1
20,25,493,,75-41,88025,-32840,88025,32840,88025,32840,1
20,26,494,,75-42,91546,-32840,91546,32840,91546,32840,1
20,27,495,,75-43,95067,-32840,95067,32840,95067,32840,1
20,28,496,,75-44,98588,-32840,98588,32840,98588,32840,1
20,29,497,,76-40,102109,-32840,102109,32840,102109,32840,1
20,30,498,,76-41,105630,-32840,105630,32840,105630,32840,1
20,31,499,,76-42,109151,-32840,109151,32840,109151,32840,1
20,32,500,,76-43,112672,-32840,112672,32840,112672,32840,1
20,33,501,,76-44,116193,-32840,116193,32840,116193,32840,1
20,34,502,,77-40,119714,-32840,119714,32840,119714,32840,1
21,2,503,,70-33,7042,-34482,7042,34482,7042,34482,1
21,3,504,,70-34,10563,-34482,10563,34482,10563,34482,1
21,4,505,,71-30,14084,-34482,14084,34482,14084,34482,1
21,5,506,,71-31,17605,-34482,17605,34482,17605,34482,1
21,6,507,,71-32,21126,-34482,21126,34482,21126,34482,1
21,7,508,,71-33,24647,-34482,24647,34482,24647,34482,1
21,8,509,,71-34,28168,-34482,28168,34482,28168,34482,1
21,9,510,,72-30,31689,-34482,31689,34482,31689,34482,1
21,10,511,,72-31,35210,-34482,35210,34482,35210,34482,1
21,11,512,,72-32,38731,-34482,38731,34482,38731,34482,1
21,12,513,,72-33,42252,-34482,42252,34482,42252,34482,1
21,13,514,,72-34,45773,-34482,45773,34482,45773,34482,1
21,14,515,,73-30,49294,-34482,49294,34482,49294,34482,1
21,15,516,,73-31,52815,-34482,52815,34482,52815,34482,1
21,16,517,,73-32,56336,-34482,56336,34482,56336,34482,1
21,17,518,,73-33,59857,-34482,59857,34482,59857,34482,1
21,18,519,,73-34,63378,-34482,63378,34482,63378,34482,1
21,19,520,,74-30,66899,-34482,66899,34482,66899,34482,1
21,20,521,,74-31,70420,-34482,70420,34482,70420,34482,1
21,21,522,,74-32,73941,-34482,73941,34482,73941,34482,1
21,22,523,,74-33,77462,-34482,77462,34482,77462,34482,1
21,23,524,,74-34,80983,-34482,80983,34482,80983,34482,1
21,24,525,,75-30,84504,-34482,84504,34482,84504,34482,1
21,25,526,,75-31,88025,-34482,88025,34482,88025,34482,1
21,26,527,,75-32,91546,-34482,91546,34482,91546,34482,1
21,27,528,,75-33,95067,-34482,95067,34482,95067,34482,1
21,28,529,,75-34,98588,-34482,98588,34482,98588,34482,1
21,29,530,,76-30,102109,-34482,102109,34482,102109,34482,1
21,30,531,,76-31,105630,-34482,105630,34482,105630,34482,1
21,31,532,,76-32,109151,-34482,109151,34482,109151,34482,1
21,32,533,,76-33,112672,-34482,112672,34482,112672,34482,1
21,33,534,,76-34,116193,-34482,116193,34482,116193,34482,1
21,34,535,,77-30,119714,-34482,119714,34482,119714,34482,1
21,35,536,,77-31,123235,-34482,123235,34482,123235,34482,1
22,2,537,,70-23,7042,-36124,7042,36124,7042,36124,1
22,3,538,,70-24,10563,-36124,10563,36124,10563,36124,1
22,4,539,,71-20,14084,-36124,14084,36124,14084,36124,1
22,5,540,,71-21,17605,-36124,17605,36124,17605,36124,1
22,6,541,,71-22,21126,-36124,21126,36124,21126,36124,1
22,7,542,,71-23,24647,-36124,24647,36124,24647,36124,1
22,8,543,,71-24,28168,-36124,28168,36124,28168,36124,1
22,9,544,,72-20,31689,-36124,31689,36124,31689,36124,1
22,10,545,,72-21,35210,-36124,35210,36124,35210,36124,1
22,11,546,,72-22,38731,-36124,38731,36124,38731,36124,1
22,12,547,,72-23,42252,-36124,42252,36124,42252,36124,1
22,13,548,,72-24,45773,-36124,45773,36124,45773,36124,1
22,14,549,,73-20,49294,-36124,49294,36124,49294,36124,1
22,15,550,,73-21,52815,-36124,52815,36124,52815,36124,1
22,16,551,,73-22,56336,-36124,56336,36124,56336,36124,1
22,17,552,,73-23,59857,-36124,59857,36124,59857,36124,1
22,18,553,,73-24,63378,-36124,63378,36124,63378,36124,1
22,19,554,,74-20,66899,-36124,66899,36124,66899,36124,1
22,20,555,,74-21,70420,-36124,70420,36124,70420,36124,1
22,21,556,,74-22,73941,-36124,73941,36124,73941,36124,1
22,22,557,,74-23,77462,-36124,77462,36124,77462,36124,1
22,23,558,,74-24,80983,-36124,80983,36124,80983,36124,1
22,24,559,,75-20,84504,-36124,84504,36124,84504,36124,1
22,25,560,,75-21,88025,-36124,88025,36124,88025,36124,1
22,26,561,,75-22,91546,-36124,91546,36124,91546,36124,1
22,27,562,,75-23,95067,-36124,95067,36124,95067,36124,1
22,28,563,,75-24,98588,-36124,98588,36124,98588,36124,1
22,29,564,,76-20,102109,-36124,102109,36124,102109,36124,1
22,30,565,,76-21,105630,-36124,105630,36124,105630,36124,1
22,31,566,,76-22,109151,-36124,109151,36124,109151,36124,1
22,32,567,,76-23,112672,-36124,112672,36124,112672,36124,1
22,33,568,,76-24,116193,-36124,116193,36124,116193,36124,1
22,34,569,,77-20,119714,-36124,119714,36124,119714,36124,1
22,35,570,,77-21,123235,-36124,123235,36124,123235,36124,1
23,2,571,,70-13,7042,-37766,7042,37766,7042,37766,1
23,3,572,,70-14,10563,-37766,10563,37766,10563,37766,1
23,4,573,,71-10,14084,-37766,14084,37766,14084,37766,1
23,5,574,,71-11,17605,-37766,17605,37766,17605,37766,1
23,6,575,,71-12,21126,-37766,21126,37766,21126,37766,1
23,7,576,,71-13,24647,-37766,24647,37766,24647,37766,1
23,8,577,,71-14,28168,-37766,28168,37766,28168,37766,1
23,9,578,,72-10,31689,-37766,31689,37766,31689,37766,1
23,10,579,,72-11,35210,-37766,35210,37766,35210,37766,1
23,11,580,,72-12,38731,-37766,38731,37766,38731,37766,1
23,12,581,,72-13,42252,-37766,42252,37766,42252,37766,1
23,13,582,,72-14,45773,-37766,45773,37766,45773,37766,1
23,14,583,,73-10,49294,-37766,49294,37766,49294,37766,1
23,15,584,,73-11,52815,-37766,52815,37766,52815,37766,1
23,16,585,,73-12,56336,-37766,56336,37766,56336,37766,1
23,17,586,,73-13,59857,-37766,59857,37766,59857,37766,1
23,18,587,,73-14,63378,-37766,63378,37766,63378,37766,1
23,19,588,,74-10,66899,-37766,66899,37766,66899,37766,1
23,20,589,,74-11,70420,-37766,70420,37766,70420,37766,1
23,21,590,,74-12,73941,-37766,73941,37766,73941,37766,1
23,22,591,,74-13,77462,-37766,77462,37766,77462,37766,1
23,23,592,,74-14,80983,-37766,80983,37766,80983,37766,1
23,24,593,,75-10,84504,-37766,84504,37766,84504,37766,1
23,25,594,,75-11,88025,-37766,88025,37766,88025,37766,1
23,26,595,,75-12,91546,-37766,91546,37766,91546,37766,1
23,27,596,,75-13,95067,-37766,95067,37766,95067,37766,1
23,28,597,,75-14,98588,-37766,98588,37766,98588,37766,1
23,29,598,,76-10,102109,-37766,102109,37766,102109,37766,1
23,30,599,,76-11,105630,-37766,105630,37766,105630,37766,1
23,31,600,,76-12,109151,-37766,109151,37766,109151,37766,1
23,32,601,,76-13,112672,-37766,112672,37766,112672,37766,1
23,33,602,,76-14,116193,-37766,116193,37766,116193,37766,1
23,34,603,,77-10,119714,-37766,119714,37766,119714,37766,1
23,35,604,,77-11,123235,-37766,123235,37766,123235,37766,1
24,2,605,,70-03,7042,-39408,7042,39408,7042,39408,1
24,3,606,,70-04,10563,-39408,10563,39408,10563,39408,1
24,4,607,,71-00,14084,-39408,14084,39408,14084,39408,1
24,5,608,,71-01,17605,-39408,17605,39408,17605,39408,1
24,6,609,,71-02,21126,-39408,21126,39408,21126,39408,1
24,7,610,,71-03,24647,-39408,24647,39408,24647,39408,1
24,8,611,,71-04,28168,-39408,28168,39408,28168,39408,1
24,9,612,,72-00,31689,-39408,31689,39408,31689,39408,1
24,10,613,,72-01,35210,-39408,35210,39408,35210,39408,1
24,11,614,,72-02,38731,-39408,38731,39408,38731,39408,1
24,12,615,,72-03,42252,-39408,42252,39408,42252,39408,1
24,13,616,,72-04,45773,-39408,45773,39408,45773,39408,1
24,14,617,,73-00,49294,-39408,49294,39408,49294,39408,1
24,15,618,,73-01,52815,-39408,52815,39408,52815,39408,1
24,16,619,,73-02,56336,-39408,56336,39408,56336,39408,1
24,17,620,,73-03,59857,-39408,59857,39408,59857,39408,1
24,18,621,,73-04,63378,-39408,63378,39408,63378,39408,1
24,19,622,,74-00,66899,-39408,66899,39408,66899,39408,1
24,20,623,,74-01,70420,-39408,70420,39408,70420,39408,1
24,21,624,,74-02,73941,-39408,73941,39408,73941,39408,1
24,22,625,,74-03,77462,-39408,77462,39408,77462,39408,1
24,23,626,,74-04,80983,-39408,80983,39408,80983,39408,1
24,24,627,,75-00,84504,-39408,84504,39408,84504,39408,1
24,25,628,,75-01,88025,-39408,88025,39408,88025,39408,1
24,26,629,,75-02,91546,-39408,91546,39408,91546,39408,1
24,27,630,,75-03,95067,-39408,95067,39408,95067,39408,1
24,28,631,,75-04,98588,-39408,98588,39408,98588,39408,1
24,29,632,,76-00,102109,-39408,102109,39408,102109,39408,1
24,30,633,,76-01,105630,-39408,105630,39408,105630,39408,1
24,31,634,,76-02,109151,-39408,109151,39408,109151,39408,1
24,32,635,,76-03,112672,-39408,112672,39408,112672,39408,1
24,33,636,,76-04,116193,-39408,116193,39408,116193,39408,1
24,34,637,,77-00,119714,-39408,119714,39408,119714,39408,1
24,35,638,,77-01,123235,-39408,123235,39408,123235,39408,1
25,1,639,,60-72,3521,-41050,3521,41050,3521,41050,1
25,2,640,,60-73,7042,-41050,7042,41050,7042,41050,1
25,3,641,,60-74,10563,-41050,10563,41050,10563,41050,1
25,4,642,,61-70,14084,-41050,14084,41050,14084,41050,1
25,5,643,,61-71,17605,-41050,17605,41050,17605,41050,1
25,6,644,,61-72,21126,-41050,21126,41050,21126,41050,1
25,7,645,,61-73,24647,-41050,24647,41050,24647,41050,1
25,8,646,,61-74,28168,-41050,28168,41050,28168,41050,1
25,9,647,,62-70,31689,-41050,31689,41050,31689,41050,1
25,10,648,,62-71,35210,-41050,35210,41050,35210,41050,1
25,11,649,,62-72,38731,-41050,38731,41050,38731,41050,1
25,12,650,,62-73,42252,-41050,42252,41050,42252,41050,1
25,13,651,,62-74,45773,-41050,45773,41050,45773,41050,1
25,14,652,,63-70,49294,-41050,49294,41050,49294,41050,1
25,15,653,,63-71,52815,-41050,52815,41050,52815,41050,1
25,16,654,,63-72,56336,-41050,56336,41050,56336,41050,1
25,17,655,,63-73,59857,-41050,59857,41050,59857,41050,1
25,18,656,,63-74,63378,-41050,63378,41050,63378,41050,1
25,19,657,,64-70,66899,-41050,66899,41050,66899,41050,1
25,20,658,,64-71,70420,-41050,70420,41050,70420,41050,1
25,21,659,,64-72,73941,-41050,73941,41050,73941,41050,1
25,22,660,,64-73,77462,-41050,77462,41050,77462,41050,1
25,23,661,,64-74,80983,-41050,80983,41050,80983,41050,1
25,24,662,,65-70,84504,-41050,84504,41050,84504,41050,1
25,25,663,,65-71,88025,-41050,88025,41050,88025,41050,1
25,26,664,,65-72,91546,-41050,91546,41050,91546,41050,1
25,27,665,,65-73,95067,-41050,95067,41050,95067,41050,1
25,28,666,,65-74,98588,-41050,98588,41050,98588,41050,1
25,29,667,,66-70,102109,-41050,102109,41050,102109,41050,1
25,30,668,,66-71,105630,-41050,105630,41050,105630,41050,1
25,31,669,,66-72,109151,-41050,109151,41050,109151,41050,1
25,32,670,,66-73,112672,-41050,112672,41050,112672,41050,1
25,33,671,,66-74,116193,-41050,116193,41050,116193,41050,1
25,34,672,,67-70,119714,-41050,119714,41050,119714,41050,1
25,35,673,,67-71,123235,-41050,123235,41050,123235,41050,1
25,36,674,,67-72,126756,-41050,126756,41050,126756,41050,1
26,1,675,,60-62,3521,-42692,3521,42692,3521,42692,1
26,2,676,,60-63,7042,-42692,7042,42692,7042,42692,1
26,3,677,,60-64,10563,-42692,10563,42692,10563,42692,1
26,4,678,,61-60,14084,-42692,14084,42692,14084,42692,1
26,5,679,,61-61,17605,-42692,17605,42692,17605,42692,1
26,6,680,,61-62,21126,-42692,21126,42692,21126,42692,1
26,7,681,,61-63,24647,-42692,24647,42692,24647,42692,1
26,8,682,,61-64,28168,-42692,28168,42692,28168,42692,1
26,9,683,,62-60,31689,-42692,31689,42692,31689,42692,1
26,10,684,,62-61,35210,-42692,35210,42692,35210,42692,1
26,11,685,,62-62,38731,-42692,38731,42692,38731,42692,1
26,12,686,,62-63,42252,-42692,42252,42692,42252,42692,1
26,13,687,,62-64,45773,-42692,45773,42692,45773,42692,1
26,14,688,,63-60,49294,-42692,49294,42692,49294,42692,1
26,15,689,,63-61,52815,-42692,52815,42692,52815,42692,1
26,16,690,,63-62,56336,-42692,56336,42692,56336,42692,1
26,17,691,,63-63,59857,-42692,59857,42692,59857,42692,1
26,18,692,,63-64,63378,-42692,63378,42692,63378,42692,1
26,19,693,,64-60,66899,-42692,66899,42692,66899,42692,1
26,20,694,,64-61,70420,-42692,70420,42692,70420,42692,1
26,21,695,,64-62,73941,-42692,73941,42692,73941,42692,1
26,22,696,,64-63,77462,-42692,77462,42692,77462,42692,1
26,23,697,,64-64,80983,-42692,80983,42692,80983,42692,1
26,24,698,,65-60,84504,-42692,84504,42692,84504,42692,1
26,25,699,,65-61,88025,-42692,88025,42692,88025,42692,1
26,26,700,,65-62,91546,-42692,91546,42692,91546,42692,1
26,27,701,,65-63,95067,-42692,95067,42692,95067,42692,1
26,28,702,,65-64,98588,-42692,98588,42692,98588,42692,1
26,29,703,,66-60,102109,-42692,102109,42692,102109,42692,1
26,30,704,,66-61,105630,-42692,105630,42692,105630,42692,1
26,31,705,,66-62,109151,-42692,109151,42692,109151,42692,1
26,32,706,,66-63,112672,-42692,112672,42692,112672,42692,1
26,33,707,,66-64,116193,-42692,116193,42692,116193,42692,1
26,34,708,,67-60,119714,-42692,119714,42692,119714,42692,1
26,35,709,,67-61,123235,-42692,123235,42692,123235,42692,1
26,36,710,,67-62,126756,-42692,126756,42692,126756,42692,1
27,1,711,,60-52,3521,-44334,3521,44334,3521,44334,1
27,2,712,,60-53,7042,-44334,7042,44334,7042,44334,1
27,3,713,,60-54,10563,-44334,10563,44334,10563,44334,1
27,4,714,,61-50,14084,-44334,14084,44334,14084,44334,1
27,5,715,,61-51,17605,-44334,17605,44334,17605,44334,1
27,6,716,,61-52,21126,-44334,21126,44334,21126,44334,1
27,7,717,,61-53,24647,-44334,24647,44334,24647,44334,1
27,8,718,,61-54,28168,-44334,28168,44334,28168,44334,1
27,9,719,,62-50,31689,-44334,31689,44334,31689,44334,1
27,10,720,,62-51,35210,-44334,35210,44334,35210,44334,1
27,11,721,,62-52,38731,-44334,38731,44334,38731,44334,1
27,12,722,,62-53,42252,-44334,42252,44334,42252,44334,1
27,13,723,,62-54,45773,-44334,45773,44334,45773,44334,1
27,14,724,,63-50,49294,-44334,49294,44334,49294,44334,1
27,15,725,,63-51,52815,-44334,52815,44334,52815,44334,1
27,16,726,,63-52,56336,-44334,56336,44334,56336,44334,1
27,17,727,,63-53,59857,-44334,59857,44334,59857,44334,1
27,18,728,,63-54,63378,-44334,63378,44334,63378,44334,1
27,19,729,,64-50,66899,-44334,66899,44334,66899,44334,1
27,20,730,,64-51,70420,-44334,70420,44334,70420,44334,1
27,21,731,,64-52,73941,-44334,73941,44334,73941,44334,1
27,22,732,,64-53,77462,-44334,77462,44334,77462,44334,1
27,23,733,,64-54,80983,-44334,80983,44334,80983,44334,1
27,24,734,,65-50,84504,-44334,84504,44334,84504,44334,1
27,25,735,,65-51,88025,-44334,88025,44334,88025,44334,1
27,26,736,,65-52,91546,-44334,91546,44334,91546,44334,1
27,27,737,,65-53,95067,-44334,95067,44334,95067,44334,1
27,28,738,,65-54,98588,-44334,98588,44334,98588,44334,1
27,29,739,,66-50,102109,-44334,102109,44334,102109,44334,1
27,30,740,,66-51,105630,-44334,105630,44334,105630,44334,1
27,31,741,,66-52,109151,-44334,109151,44334,109151,44334,1
27,32,742,,66-53,112672,-44334,112672,44334,112672,44334,1
27,33,743,,66-54,116193,-44334,116193,44334,116193,44334,1
27,34,744,,67-50,119714,-44334,119714,44334,119714,44334,1
27,35,745,,67-51,123235,-44334,123235,44334,123235,44334,1
27,36,746,,67-52,126756,-44334,126756,44334,126756,44334,1
28,1,747,,60-42,3521,-45976,3521,45976,3521,45976,1
28,2,748,,60-43,7042,-45976,7042,45976,7042,45976,1
28,3,749,,60-44,10563,-45976,10563,45976,10563,45976,1
28,4,750,,61-40,14084,-45976,14084,45976,14084,45976,1
28,5,751,,61-41,17605,-45976,17605,45976,17605,45976,1
28,6,752,,61-42,21126,-45976,21126,45976,21126,45976,1
28,7,753,,61-43,24647,-45976,24647,45976,24647,45976,1
28,8,754,,61-44,28168,-45976,28168,45976,28168,45976,1
28,9,755,,62-40,31689,-45976,31689,45976,31689,45976,1
28,10,756,,62-41,35210,-45976,35210,45976,35210,45976,1
28,11,757,,62-42,38731,-45976,38731,45976,38731,45976,1
28,12,758,,62-43,42252,-45976,42252,45976,42252,45976,1
28,13,759,,62-44,45773,-45976,45773,45976,45773,45976,1
28,14,760,,63-40,49294,-45976,49294,45976,49294,45976,1
28,15,761,,63-41,52815,-45976,52815,45976,52815,45976,1
28,16,762,,63-42,56336,-45976,56336,45976,56336,45976,1
28,17,763,,63-43,59857,-45976,59857,45976,59857,45976,1
28,18,764,,63-44,63378,-45976,63378,45976,63378,45976,1
28,19,765,,64-40,66899,-45976,66899,45976,66899,45976,1
28,20,766,,64-41,70420,-45976,70420,45976,70420,45976,1
28,21,767,,64-42,73941,-45976,73941,45976,73941,45976,1
28,22,768,,64-43,77462,-45976,77462,45976,77462,45976,1
28,23,769,,64-44,80983,-45976,80983,45976,80983,45976,1
28,24,770,,65-40,84504,-45976,84504,45976,84504,45976,1
28,25,771,,65-41,88025,-45976,88025,45976,88025,45976,1
28,26,772,,65-42,91546,-45976,91546,45976,91546,45976,1
28,27,773,,65-43,95067,-45976,95067,45976,95067,45976,1
28,28,774,,65-44,98588,-45976,98588,45976,98588,45976,1
28,29,775,,66-40,102109,-45976,102109,45976,102109,45976,1
28,30,776,,66-41,105630,-45976,105630,45976,105630,45976,1
28,31,777,,66-42,109151,-45976,109151,45976,109151,45976,1
28,32,778,,66-43,112672,-45976,112672,45976,112672,45976,1
28,33,779,,66-44,116193,-45976,116193,45976,116193,45976,1
28,34,780,,67-40,119714,-45976,119714,45976,119714,45976,1
28,35,781,,67-41,123235,-45976,123235,45976,123235,45976,1
28,36,782,,67-42,126756,-45976,126756,45976,126756,45976,1
29,1,783,,60-32,3521,-47618,3521,47618,3521,47618,1
29,2,784,,60-33,7042,-47618,7042,47618,7042,47618,1
29,3,785,,60-34,10563,-47618,10563,47618,10563,47618,1
29,4,786,,61-30,14084,-47618,14084,47618,14084,47618,1
29,5,787,,61-31,17605,-47618,17605,47618,17605,47618,1
29,6,788,,61-32,21126,-47618,21126,47618,21126,47618,1
29,7,789,,61-33,24647,-47618,24647,47618,24647,47618,1
29,8,790,,61-34,28168,-47618,28168,47618,28168,47618,1
29,9,791,,62-30,31689,-47618,31689,47618,31689,47618,1
29,10,792,,62-31,35210,-47618,35210,47618,35210,47618,1
29,11,793,,62-32,38731,-47618,38731,47618,38731,47618,1
29,12,794,,62-33,42252,-47618,42252,47618,42252,47618,1
29,13,795,,62-34,45773,-47618,45773,47618,45773,47618,1
29,14,796,,63-30,49294,-47618,49294,47618,49294,47618,1
29,15,797,,63-31,52815,-47618,52815,47618,52815,47618,1
29,16,798,,63-32,56336,-47618,56336,47618,56336,47618,1
29,17,799,,63-33,59857,-47618,59857,47618,59857,47618,1
29,18,800,,63-34,63378,-47618,63378,47618,63378,47618,1
29,19,801,,64-30,66899,-47618,66899,47618,66899,47618,1
29,20,802,,64-31,70420,-47618,70420,47618,70420,47618,1
29,21,803,,64-32,73941,-47618,73941,47618,73941,47618,1
29,22,804,,64-33,77462,-47618,77462,47618,77462,47618,1
29,23,805,,64-34,80983,-47618,80983,47618,80983,47618,1
29,24,806,,65-30,84504,-47618,84504,47618,84504,47618,1
29,25,807,,65-31,88025,-47618,88025,47618,88025,47618,1
29,26,808,,65-32,91546,-47618,91546,47618,91546,47618,1
29,27,809,,65-33,95067,-47618,95067,47618,95067,47618,1
29,28,810,,65-34,98588,-47618,98588,47618,98588,47618,1
29,29,811,,66-30,102109,-47618,102109,47618,102109,47618,1
29,30,812,,66-31,105630,-47618,105630,47618,105630,47618,1
29,31,813,,66-32,109151,-47618,109151,47618,109151,47618,1
29,32,814,,66-33,112672,-47618,112672,47618,112672,47618,1
29,33,815,,66-34,116193,-47618,116193,47618,116193,47618,1
29,34,816,,67-30,119714,-47618,119714,47618,119714,47618,1
29,35,817,,67-31,123235,-47618,123235,47618,123235,47618,1
29,36,818,,67-32,126756,-47618,126756,47618,126756,47618,1
30,1,819,,60-22,3521,-49260,3521,49260,3521,49260,1
30,2,820,,60-23,7042,-49260,7042,49260,7042,49260,1
30,3,821,,60-24,10563,-49260,10563,49260,10563,49260,1
30,4,822,,61-20,14084,-49260,14084,49260,14084,49260,1
30,5,823,,61-21,17605,-49260,17605,49260,17605,49260,1
30,6,824,,61-22,21126,-49260,21126,49260,21126,49260,1
30,7,825,,61-23,24647,-49260,24647,49260,24647,49260,1
30,8,826,,61-24,28168,-49260,28168,49260,28168,49260,1
30,9,827,,62-20,31689,-49260,31689,49260,31689,49260,1
30,10,828,,62-21,35210,-49260,35210,49260,35210,49260,1
30,11,829,,62-22,38731,-49260,38731,49260,38731,49260,1
30,12,830,,62-23,42252,-49260,42252,49260,42252,49260,1
30,13,831,,62-24,45773,-49260,45773,49260,45773,49260,1
30,14,832,,63-20,49294,-49260,49294,49260,49294,49260,1
30,15,833,,63-21,52815,-49260,52815,49260,52815,49260,1
30,16,834,,63-22,56336,-49260,56336,49260,56336,49260,1
30,17,835,,63-23,59857,-49260,59857,49260,59857,49260,1
30,18,836,,63-24,63378,-49260,63378,49260,63378,49260,1
30,19,837,,64-20,66899,-49260,66899,49260,66899,49260,1
30,20,838,,64-21,70420,-49260,70420,49260,70420,49260,1
30,21,839,,64-22,73941,-49260,73941,49260,73941,49260,1
30,22,840,,64-23,77462,-49260,77462,49260,77462,49260,1
30,23,841,,64-24,80983,-49260,80983,49260,80983,49260,1
30,24,842,,65-20,84504,-49260,84504,49260,84504,49260,1
30,25,843,,65-21,88025,-49260,88025,49260,88025,49260,1
30,26,844,,65-22,91546,-49260,91546,49260,91546,49260,1
30,27,845,,65-23,95067,-49260,95067,49260,95067,49260,1
30,28,846,,65-24,98588,-49260,98588,49260,98588,49260,1
30,29,847,,66-20,102109,-49260,102109,49260,102109,49260,1
30,30,848,,66-21,105630,-49260,105630,49260,105630,49260,1
30,31,849,,66-22,109151,-49260,109151,49260,109151,49260,1
30,32,850,,66-23,112672,-49260,112672,49260,112672,49260,1
30,33,851,,66-24,116193,-49260,116193,49260,116193,49260,1
30,34,852,,67-20,119714,-49260,119714,49260,119714,49260,1
30,35,853,,67-21,123235,-49260,123235,49260,123235,49260,1
30,36,854,,67-22,126756,-49260,126756,49260,126756,49260,1
31,1,855,,60-12,3521,-50902,3521,50902,3521,50902,1
31,2,856,,60-13,7042,-50902,7042,50902,7042,50902,1
31,3,857,,60-14,10563,-50902,10563,50902,10563,50902,1
31,4,858,,61-10,14084,-50902,14084,50902,14084,50902,1
31,5,859,,61-11,17605,-50902,17605,50902,17605,50902,1
31,6,860,,61-12,21126,-50902,21126,50902,21126,50902,1
31,7,861,,61-13,24647,-50902,24647,50902,24647,50902,1
31,8,862,,61-14,28168,-50902,28168,50902,28168,50902,1
31,9,863,,62-10,31689,-50902,31689,50902,31689,50902,1
31,10,864,,62-11,35210,-50902,35210,50902,35210,50902,1
31,11,865,,62-12,38731,-50902,38731,50902,38731,50902,1
31,12,866,,62-13,42252,-50902,42252,50902,42252,50902,1
31,13,867,,62-14,45773,-50902,45773,50902,45773,50902,1
31,14,868,,63-10,49294,-50902,49294,50902,49294,50902,1
31,15,869,,63-11,52815,-50902,52815,50902,52815,50902,1
31,16,870,,63-12,56336,-50902,56336,50902,56336,50902,1
31,17,871,,63-13,59857,-50902,59857,50902,59857,50902,1
31,18,872,,63-14,63378,-50902,63378,50902,63378,50902,1
31,19,873,,64-10,66899,-50902,66899,50902,66899,50902,1
31,20,874,,64-11,70420,-50902,70420,50902,70420,50902,1
31,21,875,,64-12,73941,-50902,73941,50902,73941,50902,1
31,22,876,,64-13,77462,-50902,77462,50902,77462,50902,1
31,23,877,,64-14,80983,-50902,80983,50902,80983,50902,1
31,24,878,,65-10,84504,-50902,84504,50902,84504,50902,1
31,25,879,,65-11,88025,-50902,88025,50902,88025,50902,1
31,26,880,,65-12,91546,-50902,91546,50902,91546,50902,1
31,27,881,,65-13,95067,-50902,95067,50902,95067,50902,1
31,28,882,,65-14,98588,-50902,98588,50902,98588,50902,1
31,29,883,,66-10,102109,-50902,102109,50902,102109,50902,1
31,30,884,,66-11,105630,-50902,105630,50902,105630,50902,1
31,31,885,,66-12,109151,-50902,109151,50902,109151,50902,1
31,32,886,,66-13,112672,-50902,112672,50902,112672,50902,1
31,33,887,,66-14,116193,-50902,116193,50902,116193,50902,1
31,34,888,,67-10,119714,-50902,119714,50902,119714,50902,1
31,35,889,,67-11,123235,-50902,123235,50902,123235,50902,1
31,36,890,,67-12,126756,-50902,126756,50902,126756,50902,1
32,1,891,,60-02,3521,-52544,3521,52544,3521,52544,1
32,2,892,,60-03,7042,-52544,7042,52544,7042,52544,1
32,3,893,,60-04,10563,-52544,10563,52544,10563,52544,1
32,4,894,,61-00,14084,-52544,14084,52544,14084,52544,1
32,5,895,,61-01,17605,-52544,17605,52544,17605,52544,1
32,6,896,,61-02,21126,-52544,21126,52544,21126,52544,1
32,7,897,,61-03,24647,-52544,24647,52544,24647,52544,1
32,8,898,,61-04,28168,-52544,28168,52544,28168,52544,1
32,9,899,,62-00,31689,-52544,31689,52544,31689,52544,1
32,10,900,,62-01,35210,-52544,35210,52544,35210,52544,1
32,11,901,,62-02,38731,-52544,38731,52544,38731,52544,1
32,12,902,,62-03,42252,-52544,42252,52544,42252,52544,1
32,13,903,,62-04,45773,-52544,45773,52544,45773,52544,1
32,14,904,,63-00,49294,-52544,49294,52544,49294,52544,1
32,15,905,,63-01,52815,-52544,52815,52544,52815,52544,1
32,16,906,,63-02,56336,-52544,56336,52544,56336,52544,1
32,17,907,,63-03,59857,-52544,59857,52544,59857,52544,1
32,18,908,,63-04,63378,-52544,63378,52544,63378,52544,1
32,19,909,,64-00,66899,-52544,66899,52544,66899,52544,1
32,20,910,,64-01,70420,-52544,70420,52544,70420,52544,1
32,21,911,,64-02,73941,-52544,73941,52544,73941,52544,1
32,22,912,,64-03,77462,-52544,77462,52544,77462,52544,1
32,23,913,,64-04,80983,-52544,80983,52544,80983,52544,1
32,24,914,,65-00,84504,-52544,84504,52544,84504,52544,1
32,25,915,,65-01,88025,-52544,88025,52544,88025,52544,1
32,26,916,,65-02,91546,-52544,91546,52544,91546,52544,1
32,27,917,,65-03,95067,-52544,95067,52544,95067,52544,1
32,28,918,,65-04,98588,-52544,98588,52544,98588,52544,1
32,29,919,,66-00,102109,-52544,102109,52544,102109,52544,1
32,30,920,,66-01,105630,-52544,105630,52544,105630,52544,1
32,31,921,,66-02,109151,-52544,109151,52544,109151,52544,1
32,32,922,,66-03,112672,-52544,112672,52544,112672,52544,1
32,33,923,,66-04,116193,-52544,116193,52544,116193,52544,1
32,34,924,,67-00,119714,-52544,119714,52544,119714,52544,1
32,35,925,,67-01,123235,-52544,123235,52544,123235,52544,1
32,36,926,,67-02,126756,-52544,126756,52544,126756,52544,1
33,0,927,,50-71,0,-54186,0,54186,0,54186,1
33,1,928,,50-72,3521,-54186,3521,54186,3521,54186,1
33,2,929,,50-73,7042,-54186,7042,54186,7042,54186,1
33,3,930,,50-74,10563,-54186,10563,54186,10563,54186,1
33,4,931,,51-70,14084,-54186,14084,54186,14084,54186,1
33,5,932,,51-71,17605,-54186,17605,54186,17605,54186,1
33,6,933,,51-72,21126,-54186,21126,54186,21126,54186,1
33,7,934,,51-73,24647,-54186,24647,54186,24647,54186,1
33,8,935,,51-74,28168,-54186,28168,54186,28168,54186,1
33,9,936,,52-70,31689,-54186,31689,54186,31689,54186,1
33,10,937,,52-71,35210,-54186,35210,54186,35210,54186,1
33,11,938,,52-72,38731,-54186,38731,54186,38731,54186,1
33,12,939,,52-73,42252,-54186,42252,54186,42252,54186,1
33,13,940,,52-74,45773,-54186,45773,54186,45773,54186,1
33,14,941,,53-70,49294,-54186,49294,54186,49294,54186,1
33,15,942,,53-71,52815,-54186,52815,54186,52815,54186,1
33,16,943,,53-72,56336,-54186,56336,54186,56336,54186,1
33,17,944,,53-73,59857,-54186,59857,54186,59857,54186,1
33,18,945,,53-74,63378,-54186,63378,54186,63378,54186,1
33,19,946,,54-70,66899,-54186,66899,54186,66899,54186,1
33,20,947,,54-71,70420,-54186,70420,54186,70420,54186,1
33,21,948,,54-72,73941,-54186,73941,54186,73941,54186,1
33,22,949,,54-73,77462,-54186,77462,54186,77462,54186,1
33,23,950,,54-74,80983,-54186,80983,54186,80983,54186,1
33,24,951,,55-70,84504,-54186,84504,54186,84504,54186,1
33,25,952,,55-71,88025,-54186,88025,54186,88025,54186,1
33,26,953,,55-72,91546,-54186,91546,54186,91546,54186,1
33,27,954,,55-73,95067,-54186,95067,54186,95067,54186,1
33,28,955,,55-74,98588,-54186,98588,54186,98588,54186,1
33,29,956,,56-70,102109,-54186,102109,54186,102109,54186,1
33,30,957,,56-71,105630,-54186,105630,54186,105630,54186,1
33,31,958,,56-72,109151,-54186,109151,54186,109151,54186,1
33,32,959,,56-73,112672,-54186,112672,54186,112672,54186,1
33,33,960,,56-74,116193,-54186,116193,54186,116193,54186,1
33,34,961,,57-70,119714,-54186,119714,54186,119714,54186,1
33,35,962,,57-71,123235,-54186,123235,54186,123235,54186,1
33,36,963,,57-72,126756,-54186,126756,54186,126756,54186,1
33,37,964,,57-73,130277,-54186,130277,54186,130277,54186,1
34,0,965,,50-61,0,-55828,0,55828,0,55828,1
34,1,966,,50-62,3521,-55828,3521,55828,3521,55828,1
34,2,967,,50-63,7042,-55828,7042,55828,7042,55828,1
34,3,968,,50-64,10563,-55828,10563,55828,10563,55828,1
34,4,969,,51-60,14084,-55828,14084,55828,14084,55828,1
34,5,970,,51-61,17605,-55828,17605,55828,17605,55828,1
34,6,971,,51-62,21126,-55828,21126,55828,21126,55828,1
34,7,972,,51-63,24647,-55828,24647,55828,24647,55828,1
34,8,973,,51-64,28168,-55828,28168,55828,28168,55828,1
34,9,974,,52-60,31689,-55828,31689,55828,31689,55828,1
34,10,975,,52-61,35210,-55828,35210,55828,35210,55828,1
34,11,976,,52-62,38731,-55828,38731,55828,38731,55828,1
34,12,977,,52-63,42252,-55828,42252,55828,42252,55828,1
34,13,978,,52-64,45773,-55828,45773,55828,45773,55828,1
34,14,979,,53-60,49294,-55828,49294,55828,49294,55828,1
34,15,980,,53-61,52815,-55828,52815,55828,52815,55828,1
34,16,981,,53-62,56336,-55828,56336,55828,56336,55828,1
34,17,982,,53-63,59857,-55828,59857,55828,59857,55828,1
34,18,983,,53-64,63378,-55828,63378,55828,63378,55828,1
34,19,984,,54-60,66899,-55828,66899,55828,66899,55828,1
34,20,985,,54-61,70420,-55828,70420,55828,70420,55828,1
34,21,986,,54-62,73941,-55828,73941,55828,73941,55828,1
34,22,987,,54-63,77462,-55828,77462,55828,77462,55828,1
34,23,988,,54-64,80983,-55828,80983,55828,80983,55828,1
34,24,989,,55-60,84504,-55828,84504,55828,84504,55828,1
34,25,990,,55-61,88025,-55828,88025,55828,88025,55828,1
34,26,991,,55-62,91546,-55828,91546,55828,91546,55828,1
34,27,992,,55-63,95067,-55828,95067,55828,95067,55828,1
34,28,993,,55-64,98588,-55828,98588,55828,98588,55828,1
34,29,994,,56-60,102109,-55828,102109,55828,102109,55828,1
34,30,995,,56-61,105630,-55828,105630,55828,105630,55828,1
34,31,996,,56-62,109151,-55828,109151,55828,109151,55828,1
34,32,997,,56-63,112672,-55828,112672,55828,112672,55828,1
34,33,998,,56-64,116193,-55828,116193,55828,116193,55828,1
34,34,999,,57-60,119714,-55828,119714,55828,119714,55828,1
34,35,1000,,57-61,123235,-55828,123235,55828,123235,55828,1
34,36,1001,,57-62,126756,-55828,126756,55828,126756,55828,1
34,37,1002,,57-63,130277,-55828,130277,55828,130277,55828,1
35,0,1003,,50-51,0,-57470,0,57470,0,57470,1
35,1,1004,,50-52,3521,-57470,3521,57470,3521,57470,1
35,2,1005,,50-53,7042,-57470,7042,57470,7042,57470,1
35,3,1006,,50-54,10563,-57470,10563,57470,10563,57470,1
35,4,1007,,51-50,14084,-57470,14084,57470,14084,57470,1
35,5,1008,,51-51,17605,-57470,17605,57470,17605,57470,1
35,6,1009,,51-52,21126,-57470,21126,57470,21126,57470,1
35,7,1010,,51-53,24647,-57470,24647,57470,24647,57470,1
35,8,1011,,51-54,28168,-57470,28168,57470,28168,57470,1
35,9,1012,,52-50,31689,-57470,31689,57470,31689,57470,1
35,10,1013,,52-51,35210,-57470,35210,57470,35210,57470,1
35,11,1014,,52-52,38731,-57470,38731,57470,38731,57470,1
35,12,1015,,52-53,42252,-57470,42252,57470,42252,57470,1
35,13,1016,,52-54,45773,-57470,45773,57470,45773,57470,1
35,14,1017,,53-50,49294,-57470,49294,57470,49294,57470,1
35,15,1018,,53-51,52815,-57470,52815,57470,52815,57470,1
35,16,1019,,53-52,56336,-57470,56336,57470,56336,57470,1
35,17,1020,,53-53,59857,-57470,59857,57470,59857,57470,1
35,18,1021,,53-54,63378,-57470,63378,57470,63378,57470,1
35,19,1022,,54-50,66899,-57470,66899,57470,66899,57470,1
35,20,1023,,54-51,70420,-57470,70420,57470,70420,57470,1
35,21,1024,,54-52,73941,-57470,73941,57470,73941,57470,1
35,22,1025,,54-53,77462,-57470,77462,57470,77462,57470,1
35,23,1026,,54-54,80983,-57470,80983,57470,80983,57470,1
35,24,1027,,55-50,84504,-57470,84504,57470,84504,57470,1
35,25,1028,,55-51,88025,-57470,88025,57470,88025,57470,1
35,26,1029,,55-52,91546,-57470,91546,57470,91546,57470,1
35,27,1030,,55-53,95067,-57470,95067,57470,95067,57470,1
35,28,1031,,55-54,98588,-57470,98588,57470,98588,57470,1
35,29,1032,,56-50,102109,-57470,102109,57470,102109,57470,1
35,30,1033,,56-51,105630,-57470,105630,57470,105630,57470,1
35,31,1034,,56-52,109151,-57470,109151,57470,109151,57470,1
35,32,1035,,56-53,112672,-57470,112672,57470,112672,57470,1
35,33,1036,,56-54,116193,-57470,116193,57470,116193,57470,1
35,34,1037,,57-50,119714,-57470,119714,57470,119714,57470,1
35,35,1038,,57-51,123235,-57470,123235,57470,123235,57470,1
35,36,1039,,57-52,126756,-57470,126756,57470,126756,57470,1
35,37,1040,,57-53,130277,-57470,130277,57470,130277,57470,1
36,0,1041,,50-41,0,-59112,0,59112,0,59112,1
36,1,1042,,50-42,3521,-59112,3521,59112,3521,59112,1
36,2,1043,,50-43,7042,-59112,7042,59112,7042,59112,1
36,3,1044,,50-44,10563,-59112,10563,59112,10563,59112,1
36,4,1045,,51-40,14084,-59112,14084,59112,14084,59112,1
36,5,1046,,51-41,17605,-59112,17605,59112,17605,59112,1
36,6,1047,,51-42,21126,-59112,21126,59112,21126,59112,1
36,7,1048,,51-43,24647,-59112,24647,59112,24647,59112,1
36,8,1049,,51-44,28168,-59112,28168,59112,28168,59112,1
36,9,1050,,52-40,31689,-59112,31689,59112,31689,59112,1
36,10,1051,,52-41,35210,-59112,35210,59112,35210,59112,1
36,11,1052,,52-42,38731,-59112,38731,59112,38731,59112,1
36,12,1053,,52-43,42252,-59112,42252,59112,42252,59112,1
36,13,1054,,52-44,45773,-59112,45773,59112,45773,59112,1
36,14,1055,,53-40,49294,-59112,49294,59112,49294,59112,1
36,15,1056,,53-41,52815,-59112,52815,59112,52815,59112,1
36,16,1057,,53-42,56336,-59112,56336,59112,56336,59112,1
36,17,1058,,53-43,59857,-59112,59857,59112,59857,59112,1
36,18,1059,,53-44,63378,-59112,63378,59112,63378,59112,1
36,19,1060,,54-40,66899,-59112,66899,59112,66899,59112,1
36,20,1061,,54-41,70420,-59112,70420,59112,70420,59112,1
36,21,1062,,54-42,73941,-59112,73941,59112,73941,59112,1
36,22,1063,,54-43,77462,-59112,77462,59112,77462,59112,1
36,23,1064,,54-44,80983,-59112,80983,59112,80983,59112,1
36,24,1065,,55-40,84504,-59112,84504,59112,84504,59112,1
36,25,1066,,55-41,88025,-59112,88025,59112,88025,59112,1
36,26,1067,,55-42,91546,-59112,91546,59112,91546,59112,1
36,27,1068,,55-43,95067,-59112,95067,59112,95067,59112,1
36,28,1069,,55-44,98588,-59112,98588,59112,98588,59112,1
36,29,1070,,56-40,102109,-59112,102109,59112,102109,59112,1
36,30,1071,,56-41,105630,-59112,105630,59112,105630,59112,1
36,31,1072,,56-42,109151,-59112,109151,59112,109151,59112,1
36,32,1073,,56-43,112672,-59112,112672,59112,112672,59112,1
36,33,1074,,56-44,116193,-59112,116193,59112,116193,59112,1
36,34,1075,,57-40,119714,-59112,119714,59112,119714,59112,1
36,35,1076,,57-41,123235,-59112,123235,59112,123235,59112,1
36,36,1077,,57-42,126756,-59112,126756,59112,126756,59112,1
36,37,1078,,57-43,130277,-59112,130277,59112,130277,59112,1
37,0,1079,,50-31,0,-60754,0,60754,0,60754,1
37,1,1080,,50-32,3521,-60754,3521,60754,3521,60754,1
37,2,1081,,50-33,7042,-60754,7042,60754,7042,60754,1
37,3,1082,,50-34,10563,-60754,10563,60754,10563,60754,1
37,4,1083,,51-30,14084,-60754,14084,60754,14084,60754,1
37,5,1084,,51-31,17605,-60754,17605,60754,17605,60754,1
37,6,1085,,51-32,21126,-60754,21126,60754,21126,60754,1
37,7,1086,,51-33,24647,-60754,24647,60754,24647,60754,1
37,8,1087,,51-34,28168,-60754,28168,60754,28168,60754,1
37,9,1088,,52-30,31689,-60754,31689,60754,31689,60754,1
37,10,1089,,52-31,35210,-60754,35210,60754,35210,60754,1
37,11,1090,,52-32,38731,-60754,38731,60754,38731,60754,1
37,12,1091,,52-33,42252,-60754,42252,60754,42252,60754,1
37,13,1092,,52-34,45773,-60754,45773,60754,45773,60754,1
37,14,1093,,53-30,49294,-60754,49294,60754,49294,60754,1
37,15,1094,,53-31,52815,-60754,52815,60754,52815,60754,1
37,16,1095,,53-32,56336,-60754,56336,60754,56336,60754,1
37,17,1096,,53-33,59857,-60754,59857,60754,59857,60754,1
37,18,1097,,53-34,63378,-60754,63378,60754,63378,60754,1
37,19,1098,,54-30,66899,-60754,66899,60754,66899,60754,1
37,20,1099,,54-31,70420,-60754,70420,60754,70420,60754,1
37,21,1100,,54-32,73941,-60754,73941,60754,73941,60754,1
37,22,1101,,54-33,77462,-60754,77462,60754,77462,60754,1
37,23,1102,,54-34,80983,-60754,80983,60754,80983,60754,1
37,24,1103,,55-30,84504,-60754,84504,60754,84504,60754,1
37,25,1104,,55-31,88025,-60754,88025,60754,88025,60754,1
37,26,1105,,55-32,91546,-60754,91546,60754,91546,60754,1
37,27,1106,,55-33,95067,-60754,95067,60754,95067,60754,1
37,28,1107,,55-34,98588,-60754,98588,60754,98588,60754,1
37,29,1108,,56-30,102109,-60754,102109,60754,102109,60754,1
37,30,1109,,56-31,105630,-60754,105630,60754,105630,60754,1
37,31,1110,,56-32,109151,-60754,109151,60754,109151,60754,1
37,32,1111,,56-33,112672,-60754,112672,60754,112672,60754,1
37,33,1112,,56-34,116193,-60754,116193,60754,116193,60754,1
37,34,1113,,57-30,119714,-60754,119714,60754,119714,60754,1
37,35,1114,,57-31,123235,-60754,123235,60754,123235,60754,1
37,36,1115,,57-32,126756,-60754,126756,60754,126756,60754,1
37,37,1116,,57-33,130277,-60754,130277,60754,130277,60754,1
38,0,1117,,50-21,0,-62396,0,62396,0,62396,1
38,1,1118,,50-22,3521,-62396,3521,62396,3521,62396,1
38,2,1119,,50-23,7042,-62396,7042,62396,7042,62396,1
38,3,1120,,50-24,10563,-62396,10563,62396,10563,62396,1
38,4,1121,,51-20,14084,-62396,14084,62396,14084,62396,1
38,5,1122,,51-21,17605,-62396,17605,62396,17605,62396,1
38,6,1123,,51-22,21126,-62396,21126,62396,21126,62396,1
38,7,1124,,51-23,24647,-62396,24647,62396,24647,62396,1
38,8,1125,,51-24,28168,-62396,28168,62396,28168,62396,1
38,9,1126,,52-20,31689,-62396,31689,62396,31689,62396,1
38,10,1127,,52-21,35210,-62396,35210,62396,35210,62396,1
38,11,1128,,52-22,38731,-62396,38731,62396,38731,62396,1
38,12,1129,,52-23,42252,-62396,42252,62396,42252,62396,1
38,13,1130,,52-24,45773,-62396,45773,62396,45773,62396,1
38,14,1131,,53-20,49294,-62396,49294,62396,49294,62396,1
38,15,1132,,53-21,52815,-62396,52815,62396,52815,62396,1
38,16,1133,,53-22,56336,-62396,56336,62396,56336,62396,1
38,17,1134,,53-23,59857,-62396,59857,62396,59857,62396,1
38,18,1135,,53-24,63378,-62396,63378,62396,63378,62396,1
38,19,1136,,54-20,66899,-62396,66899,62396,66899,62396,1
38,20,1137,,54-21,70420,-62396,70420,62396,70420,62396,1
38,21,1138,,54-22,73941,-62396,73941,62396,73941,62396,1
38,22,1139,,54-23,77462,-62396,77462,62396,77462,62396,1
38,23,1140,,54-24,80983,-62396,80983,62396,80983,62396,1
38,24,1141,,55-20,84504,-62396,84504,62396,84504,62396,1
38,25,1142,,55-21,88025,-62396,88025,62396,88025,62396,1
38,26,1143,,55-22,91546,-62396,91546,62396,91546,62396,1
38,27,1144,,55-23,95067,-62396,95067,62396,95067,62396,1
38,28,1145,,55-24,98588,-62396,98588,62396,98588,62396,1
38,29,1146,,56-20,102109,-62396,102109,62396,102109,62396,1
38,30,1147,,56-21,105630,-62396,105630,62396,105630,62396,1
38,31,1148,,56-22,109151,-62396,109151,62396,109151,62396,1
38,32,1149,,56-23,112672,-62396,112672,62396,112672,62396,1
38,33,1150,,56-24,116193,-62396,116193,62396,116193,62396,1
38,34,1151,,57-20,119714,-62396,119714,62396,119714,62396,1
38,35,1152,,57-21,123235,-62396,123235,62396,123235,62396,1
38,36,1153,,57-22,126756,-62396,126756,62396,126756,62396,1
38,37,1154,,57-23,130277,-62396,130277,62396,130277,62396,1
39,0,1155,,50-11,0,-64038,0,64038,0,64038,1
39,1,1156,,50-12,3521,-64038,3521,64038,3521,64038,1
39,2,1157,,50-13,7042,-64038,7042,64038,7042,64038,1
39,3,1158,,50-14,10563,-64038,10563,64038,10563,64038,1
39,4,1159,,51-10,14084,-64038,14084,64038,14084,64038,1
39,5,1160,,51-11,17605,-64038,17605,64038,17605,64038,1
39,6,1161,,51-12,21126,-64038,21126,64038,21126,64038,1
39,7,1162,,51-13,24647,-64038,24647,64038,24647,64038,1
39,8,1163,,51-14,28168,-64038,28168,64038,28168,64038,1
39,9,1164,,52-10,31689,-64038,31689,64038,31689,64038,1
39,10,1165,,52-11,35210,-64038,35210,64038,35210,64038,1
39,11,1166,,52-12,38731,-64038,38731,64038,38731,64038,1
39,12,1167,,52-13,42252,-64038,42252,64038,42252,64038,1
39,13,1168,,52-14,45773,-64038,45773,64038,45773,64038,1
39,14,1169,,53-10,49294,-64038,49294,64038,49294,64038,1
39,15,1170,,53-11,52815,-64038,52815,64038,52815,64038,1
39,16,1171,,53-12,56336,-64038,56336,64038,56336,64038,1
39,17,1172,,53-13,59857,-64038,59857,64038,59857,64038,1
39,18,1173,,53-14,63378,-64038,63378,64038,63378,64038,1
39,19,1174,,54-10,66899,-64038,66899,64038,66899,64038,1
39,20,1175,,54-11,70420,-64038,70420,64038,70420,64038,1
39,21,1176,,54-12,73941,-64038,73941,64038,73941,64038,1
39,22,1177,,54-13,77462,-64038,77462,64038,77462,64038,1
39,23,1178,,54-14,80983,-64038,80983,64038,80983,64038,1
39,24,1179,,55-10,84504,-64038,84504,64038,84504,64038,1
39,25,1180,,55-11,88025,-64038,88025,64038,88025,64038,1
39,26,1181,,55-12,91546,-64038,91546,64038,91546,64038,1
39,27,1182,,55-13,95067,-64038,95067,64038,95067,64038,1
39,28,1183,,55-14,98588,-64038,98588,64038,98588,64038,1
39,29,1184,,56-10,102109,-64038,102109,64038,102109,64038,1
39,30,1185,,56-11,105630,-64038,105630,64038,105630,64038,1
39,31,1186,,56-12,109151,-64038,109151,64038,109151,64038,1
39,32,1187,,56-13,112672,-64038,112672,64038,112672,64038,1
39,33,1188,,56-14,116193,-64038,116193,64038,116193,64038,1
39,34,1189,,57-10,119714,-64038,119714,64038,119714,64038,1
39,35,1190,,57-11,123235,-64038,123235,64038,123235,64038,1
39,36,1191,,57-12,126756,-64038,126756,64038,126756,64038,1
39,37,1192,,57-13,130277,-64038,130277,64038,130277,64038,1
40,0,1193,,50-01,0,-65680,0,65680,0,65680,1
40,1,1194,,50-02,3521,-65680,3521,65680,3521,65680,1
40,2,1195,,50-03,7042,-65680,7042,65680,7042,65680,1
40,3,1196,,50-04,10563,-65680,10563,65680,10563,65680,1
40,4,1197,,51-00,14084,-65680,14084,65680,14084,65680,1
40,5,1198,,51-01,17605,-65680,17605,65680,17605,65680,1
40,6,1199,,51-02,21126,-65680,21126,65680,21126,65680,1
40,7,1200,,51-03,24647,-65680,24647,65680,24647,65680,1
40,8,1201,,51-04,28168,-65680,28168,65680,28168,65680,1
40,9,1202,,52-00,31689,-65680,31689,65680,31689,65680,1
40,10,1203,,52-01,35210,-65680,35210,65680,35210,65680,1
40,11,1204,,52-02,38731,-65680,38731,65680,38731,65680,1
40,12,1205,,52-03,42252,-65680,42252,65680,42252,65680,1
40,13,1206,,52-04,45773,-65680,45773,65680,45773,65680,1
40,14,1207,,53-00,49294,-65680,49294,65680,49294,65680,1
40,15,1208,,53-01,52815,-65680,52815,65680,52815,65680,1
40,16,1209,,53-02,56336,-65680,56336,65680,56336,65680,1
40,17,1210,,53-03,59857,-65680,59857,65680,59857,65680,1
40,18,1211,,53-04,63378,-65680,63378,65680,63378,65680,1
40,19,1212,,54-00,66899,-65680,66899,65680,66899,65680,1
40,20,1213,,54-01,70420,-65680,70420,65680,70420,65680,1
40,21,1214,,54-02,73941,-65680,73941,65680,73941,65680,1
40,22,1215,,54-03,77462,-65680,77462,65680,77462,65680,1
40,23,1216,,54-04,80983,-65680,80983,65680,80983,65680,1
40,24,1217,,55-00,84504,-65680,84504,65680,84504,65680,1
40,25,1218,,55-01,88025,-65680,88025,65680,88025,65680,1
40,26,1219,,55-02,91546,-65680,91546,65680,91546,65680,1
40,27,1220,,55-03,95067,-65680,95067,65680,95067,65680,1
40,28,1221,,55-04,98588,-65680,98588,65680,98588,65680,1
40,29,1222,,56-00,102109,-65680,102109,65680,102109,65680,1
40,30,1223,,56-01,105630,-65680,105630,65680,105630,65680,1
40,31,1224,,56-02,109151,-65680,109151,65680,109151,65680,1
40,32,1225,,56-03,112672,-65680,112672,65680,112672,65680,1
40,33,1226,,56-04,116193,-65680,116193,65680,116193,65680,1
40,34,1227,,57-00,119714,-65680,119714,65680,119714,65680,1
40,35,1228,,57-01,123235,-65680,123235,65680,123235,65680,1
40,36,1229,,57-02,126756,-65680,126756,65680,126756,65680,1
40,37,1230,,57-03,130277,-65680,130277,65680,130277,65680,1
41,0,1231,,40-71,0,-67322,0,67322,0,67322,1
41,1,1232,,40-72,3521,-67322,3521,67322,3521,67322,1
41,2,1233,,40-73,7042,-67322,7042,67322,7042,67322,1
41,3,1234,,40-74,10563,-67322,10563,67322,10563,67322,1
41,4,1235,,41-70,14084,-67322,14084,67322,14084,67322,1
41,5,1236,,41-71,17605,-67322,17605,67322,17605,67322,1
41,6,1237,,41-72,21126,-67322,21126,67322,21126,67322,1
41,7,1238,,41-73,24647,-67322,24647,67322,24647,67322,1
41,8,1239,,41-74,28168,-67322,28168,67322,28168,67322,1
41,9,1240,,42-70,31689,-67322,31689,67322,31689,67322,1
41,10,1241,,42-71,35210,-67322,35210,67322,35210,67322,1
41,11,1242,,42-72,38731,-67322,38731,67322,38731,67322,1
41,12,1243,,42-73,42252,-67322,42252,67322,42252,67322,1
41,13,1244,,42-74,45773,-67322,45773,67322,45773,67322,1
41,14,1245,,43-70,49294,-67322,49294,67322,49294,67322,1
41,15,1246,,43-71,52815,-67322,52815,67322,52815,67322,1
41,16,1247,,43-72,56336,-67322,56336,67322,56336,67322,1
41,17,1248,,43-73,59857,-67322,59857,67322,59857,67322,1
41,18,1249,,43-74,63378,-67322,63378,67322,63378,67322,1
41,19,1250,,44-70,66899,-67322,66899,67322,66899,67322,1
41,20,1251,,44-71,70420,-67322,70420,67322,70420,67322,1
41,21,1252,,44-72,73941,-67322,73941,67322,73941,67322,1
41,22,1253,,44-73,77462,-67322,77462,67322,77462,67322,1
41,23,1254,,44-74,80983,-67322,80983,67322,80983,67322,1
41,24,1255,,45-70,84504,-67322,84504,67322,84504,67322,1
41,25,1256,,45-71,88025,-67322,88025,67322,88025,67322,1
41,26,1257,,45-72,91546,-67322,91546,67322,91546,67322,1
41,27,1258,,45-73,95067,-67322,95067,67322,95067,67322,1
41,28,1259,,45-74,98588,-67322,98588,67322,98588,67322,1
41,29,1260,,46-70,102109,-67322,102109,67322,102109,67322,1
41,30,1261,,46-71,105630,-67322,105630,67322,105630,67322,1
41,31,1262,,46-72,109151,-67322,109151,67322,109151,67322,1
41,32,1263,,46-73,112672,-67322,112672,67322,112672,67322,1
41,33,1264,,46-74,116193,-67322,116193,67322,116193,67322,1
41,34,1265,,47-70,119714,-67322,119714,67322,119714,67322,1
41,35,1266,,47-71,123235,-67322,123235,67322,123235,67322,1
41,36,1267,,47-72,126756,-67322,126756,67322,126756,67322,1
41,37,1268,,47-73,130277,-67322,130277,67322,130277,67322,1
42,0,1269,,40-61,0,-68964,0,68964,0,68964,1
42,1,1270,,40-62,3521,-68964,3521,68964,3521,68964,1
42,2,1271,,40-63,7042,-68964,7042,68964,7042,68964,1
42,3,1272,,40-64,10563,-68964,10563,68964,10563,68964,1
42,4,1273,,41-60,14084,-68964,14084,68964,14084,68964,1
42,5,1274,,41-61,17605,-68964,17605,68964,17605,68964,1
42,6,1275,,41-62,21126,-68964,21126,68964,21126,68964,1
42,7,1276,,41-63,24647,-68964,24647,68964,24647,68964,1
42,8,1277,,41-64,28168,-68964,28168,68964,28168,68964,1
42,9,1278,,42-60,31689,-68964,31689,68964,31689,68964,1
42,10,1279,,42-61,35210,-68964,35210,68964,35210,68964,1
42,11,1280,,42-62,38731,-68964,38731,68964,38731,68964,1
42,12,1281,,42-63,42252,-68964,42252,68964,42252,68964,1
42,13,1282,,42-64,45773,-68964,45773,68964,45773,68964,1
42,14,1283,,43-60,49294,-68964,49294,68964,49294,68964,1
42,15,1284,,43-61,52815,-68964,52815,68964,52815,68964,1
42,16,1285,,43-62,56336,-68964,56336,68964,56336,68964,1
42,17,1286,,43-63,59857,-68964,59857,68964,59857,68964,1
42,18,1287,,43-64,63378,-68964,63378,68964,63378,68964,1
42,19,1288,,44-60,66899,-68964,66899,68964,66899,68964,1
42,20,1289,,44-61,70420,-68964,70420,68964,70420,68964,1
42,21,1290,,44-62,73941,-68964,73941,68964,73941,68964,1
42,22,1291,,44-63,77462,-68964,77462,68964,77462,68964,1
42,23,1292,,44-64,80983,-68964,80983,68964,80983,68964,1
42,24,1293,,45-60,84504,-68964,84504,68964,84504,68964,1
42,25,1294,,45-61,88025,-68964,88025,68964,88025,68964,1
42,26,1295,,45-62,91546,-68964,91546,68964,91546,68964,1
42,27,1296,,45-63,95067,-68964,95067,68964,95067,68964,1
42,28,1297,,45-64,98588,-68964,98588,68964,98588,68964,1
42,29,1298,,46-60,102109,-68964,102109,68964,102109,68964,1
42,30,1299,,46-61,105630,-68964,105630,68964,105630,68964,1
42,31,1300,,46-62,109151,-68964,109151,68964,109151,68964,1
42,32,1301,,46-63,112672,-68964,112672,68964,112672,68964,1
42,33,1302,,46-64,116193,-68964,116193,68964,116193,68964,1
42,34,1303,,47-60,119714,-68964,119714,68964,119714,68964,1
42,35,1304,,47-61,123235,-68964,123235,68964,123235,68964,1
42,36,1305,,47-62,126756,-68964,126756,68964,126756,68964,1
42,37,1306,,47-63,130277,-68964,130277,68964,130277,68964,1
43,0,1307,,40-51,0,-70606,0,70606,0,70606,1
43,1,1308,,40-52,3521,-70606,3521,70606,3521,70606,1
43,2,1309,,40-53,7042,-70606,7042,70606,7042,70606,1
43,3,1310,,40-54,10563,-70606,10563,70606,10563,70606,1
43,4,1311,,41-50,14084,-70606,14084,70606,14084,70606,1
43,5,1312,,41-51,17605,-70606,17605,70606,17605,70606,1
43,6,1313,,41-52,21126,-70606,21126,70606,21126,70606,1
43,7,1314,,41-53,24647,-70606,24647,70606,24647,70606,1
43,8,1315,,41-54,28168,-70606,28168,70606,28168,70606,1
43,9,1316,,42-50,31689,-70606,31689,70606,31689,70606,1
43,10,1317,,42-51,35210,-70606,35210,70606,35210,70606,1
43,11,1318,,42-52,38731,-70606,38731,70606,38731,70606,1
43,12,1319,,42-53,42252,-70606,42252,70606,42252,70606,1
43,13,1320,,42-54,45773,-70606,45773,70606,45773,70606,1
43,14,1321,,43-50,49294,-70606,49294,70606,49294,70606,1
43,15,1322,,43-51,52815,-70606,52815,70606,52815,70606,1
43,16,1323,,43-52,56336,-70606,56336,70606,56336,70606,1
43,17,1324,,43-53,59857,-70606,59857,70606,59857,70606,1
43,18,1325,,43-54,63378,-70606,63378,70606,63378,70606,1
43,19,1326,,44-50,66899,-70606,66899,70606,66899,70606,1
43,20,1327,,44-51,70420,-70606,70420,70606,70420,70606,1
43,21,1328,,44-52,73941,-70606,73941,70606,73941,70606,1
43,22,1329,,44-53,77462,-70606,77462,70606,77462,70606,1
43,23,1330,,44-54,80983,-70606,80983,70606,80983,70606,1
43,24,1331,,45-50,84504,-70606,84504,70606,84504,70606,1
43,25,1332,,45-51,88025,-70606,88025,70606,88025,70606,1
43,26,1333,,45-52,91546,-70606,91546,70606,91546,70606,1
43,27,1334,,45-53,95067,-70606,95067,70606,95067,70606,1
43,28,1335,,45-54,98588,-70606,98588,70606,98588,70606,1
43,29,1336,,46-50,102109,-70606,102109,70606,102109,70606,1
43,30,1337,,46-51,105630,-70606,105630,70606,105630,70606,1
43,31,1338,,46-52,109151,-70606,109151,70606,109151,70606,1
43,32,1339,,46-53,112672,-70606,112672,70606,112672,70606,1
43,33,1340,,46-54,116193,-70606,116193,70606,116193,70606,1
43,34,1341,,47-50,119714,-70606,119714,70606,119714,70606,1
43,35,1342,,47-51,123235,-70606,123235,70606,123235,70606,1
43,36,1343,,47-52,126756,-70606,126756,70606,126756,70606,1
43,37,1344,,47-53,130277,-70606,130277,70606,130277,70606,1
44,0,1345,,40-41,0,-72248,0,72248,0,72248,1
44,1,1346,,40-42,3521,-72248,3521,72248,3521,72248,1
44,2,1347,,40-43,7042,-72248,7042,72248,7042,72248,1
44,3,1348,,40-44,10563,-72248,10563,72248,10563,72248,1
44,4,1349,,41-40,14084,-72248,14084,72248,14084,72248,1
44,5,1350,,41-41,17605,-72248,17605,72248,17605,72248,1
44,6,1351,,41-42,21126,-72248,21126,72248,21126,72248,1
44,7,1352,,41-43,24647,-72248,24647,72248,24647,72248,1
44,8,1353,,41-44,28168,-72248,28168,72248,28168,72248,1
44,9,1354,,42-40,31689,-72248,31689,72248,31689,72248,1
44,10,1355,,42-41,35210,-72248,35210,72248,35210,72248,1
44,11,1356,,42-42,38731,-72248,38731,72248,38731,72248,1
44,12,1357,,42-43,42252,-72248,42252,72248,42252,72248,1
44,13,1358,,42-44,45773,-72248,45773,72248,45773,72248,1
44,14,1359,,43-40,49294,-72248,49294,72248,49294,72248,1
44,15,1360,,43-41,52815,-72248,52815,72248,52815,72248,1
44,16,1361,,43-42,56336,-72248,56336,72248,56336,72248,1
44,17,1362,,43-43,59857,-72248,59857,72248,59857,72248,1
44,18,1363,,43-44,63378,-72248,63378,72248,63378,72248,1
44,19,1364,,44-40,66899,-72248,66899,72248,66899,72248,1
44,20,1365,,44-41,70420,-72248,70420,72248,70420,72248,1
44,21,1366,,44-42,73941,-72248,73941,72248,73941,72248,1
44,22,1367,,44-43,77462,-72248,77462,72248,77462,72248,1
44,23,1368,,44-44,80983,-72248,80983,72248,80983,72248,1
44,24,1369,,45-40,84504,-72248,84504,72248,84504,72248,1
44,25,1370,,45-41,88025,-72248,88025,72248,88025,72248,1
44,26,1371,,45-42,91546,-72248,91546,72248,91546,72248,1
44,27,1372,,45-43,95067,-72248,95067,72248,95067,72248,1
44,28,1373,,45-44,98588,-72248,98588,72248,98588,72248,1
44,29,1374,,46-40,102109,-72248,102109,72248,102109,72248,1
44,30,1375,,46-41,105630,-72248,105630,72248,105630,72248,1
44,31,1376,,46-42,109151,-72248,109151,72248,109151,72248,1
44,32,1377,,46-43,112672,-72248,112672,72248,112672,72248,1
44,33,1378,,46-44,116193,-72248,116193,72248,116193,72248,1
44,34,1379,,47-40,119714,-72248,119714,72248,119714,72248,1
44,35,1380,,47-41,123235,-72248,123235,72248,123235,72248,1
44,36,1381,,47-42,126756,-72248,126756,72248,126756,72248,1
44,37,1382,,47-43,130277,-72248,130277,72248,130277,72248,1
45,0,1383,,40-31,0,-73890,0,73890,0,73890,1
45,1,1384,,40-32,3521,-73890,3521,73890,3521,73890,1
45,2,1385,,40-33,7042,-73890,7042,73890,7042,73890,1
45,3,1386,,40-34,10563,-73890,10563,73890,10563,73890,1
45,4,1387,,41-30,14084,-73890,14084,73890,14084,73890,1
45,5,1388,,41-31,17605,-73890,17605,73890,17605,73890,1
45,6,1389,,41-32,21126,-73890,21126,73890,21126,73890,1
45,7,1390,,41-33,24647,-73890,24647,73890,24647,73890,1
45,8,1391,,41-34,28168,-73890,28168,73890,28168,73890,1
45,9,1392,,42-30,31689,-73890,31689,73890,31689,73890,1
45,10,1393,,42-31,35210,-73890,35210,73890,35210,73890,1
45,11,1394,,42-32,38731,-73890,38731,73890,38731,73890,1
45,12,1395,,42-33,42252,-73890,42252,73890,42252,73890,1
45,13,1396,,42-34,45773,-73890,45773,73890,45773,73890,1
45,14,1397,,43-30,49294,-73890,49294,73890,49294,73890,1
45,15,1398,,43-31,52815,-73890,52815,73890,52815,73890,1
45,16,1399,,43-32,56336,-73890,56336,73890,56336,73890,1
45,17,1400,,43-33,59857,-73890,59857,73890,59857,73890,1
45,18,1401,,43-34,63378,-73890,63378,73890,63378,73890,1
45,19,1402,,44-30,66899,-73890,66899,73890,66899,73890,1
45,20,1403,,44-31,70420,-73890,70420,73890,70420,73890,1
45,21,1404,,44-32,73941,-73890,73941,73890,73941,73890,1
45,22,1405,,44-33,77462,-73890,77462,73890,77462,73890,1
45,23,1406,,44-34,80983,-73890,80983,73890,80983,73890,1
45,24,1407,,45-30,84504,-73890,84504,73890,84504,73890,1
45,25,1408,,45-31,88025,-73890,88025,73890,88025,73890,1
45,26,1409,,45-32,91546,-73890,91546,73890,91546,73890,1
45,27,1410,,45-33,95067,-73890,95067,73890,95067,73890,1
45,28,1411,,45-34,98588,-73890,98588,73890,98588,73890,1
45,29,1412,,46-30,102109,-73890,102109,73890,102109,73890,1
45,30,1413,,46-31,105630,-73890,105630,73890,105630,73890,1
45,31,1414,,46-32,109151,-73890,109151,73890,109151,73890,1
45,32,1415,,46-33,112672,-73890,112672,73890,112672,73890,1
45,33,1416,,46-34,116193,-73890,116193,73890,116193,73890,1
45,34,1417,,47-30,119714,-73890,119714,73890,119714,73890,1
45,35,1418,,47-31,123235,-73890,123235,73890,123235,73890,1
45,36,1419,,47-32,126756,-73890,126756,73890,126756,73890,1
45,37,1420,,47-33,130277,-73890,130277,73890,130277,73890,1
46,0,1421,,40-21,0,-75532,0,75532,0,75532,1
46,1,1422,,40-22,3521,-75532,3521,75532,3521,75532,1
46,2,1423,,40-23,7042,-75532,7042,75532,7042,75532,1
46,3,1424,,40-24,10563,-75532,10563,75532,10563,75532,1
46,4,1425,,41-20,14084,-75532,14084,75532,14084,75532,1
46,5,1426,,41-21,17605,-75532,17605,75532,17605,75532,1
46,6,1427,,41-22,21126,-75532,21126,75532,21126,75532,1
46,7,1428,,41-23,24647,-75532,24647,75532,24647,75532,1
46,8,1429,,41-24,28168,-75532,28168,75532,28168,75532,1
46,9,1430,,42-20,31689,-75532,31689,75532,31689,75532,1
46,10,1431,,42-21,35210,-75532,35210,75532,35210,75532,1
46,11,1432,,42-22,38731,-75532,38731,75532,38731,75532,1
46,12,1433,,42-23,42252,-75532,42252,75532,42252,75532,1
46,13,1434,,42-24,45773,-75532,45773,75532,45773,75532,1
46,14,1435,,43-20,49294,-75532,49294,75532,49294,75532,1
46,15,1436,,43-21,52815,-75532,52815,75532,52815,75532,1
46,16,1437,,43-22,56336,-75532,56336,75532,56336,75532,1
46,17,1438,,43-23,59857,-75532,59857,75532,59857,75532,1
46,18,1439,,43-24,63378,-75532,63378,75532,63378,75532,1
46,19,1440,,44-20,66899,-75532,66899,75532,66899,75532,1
46,20,1441,,44-21,70420,-75532,70420,75532,70420,75532,1
46,21,1442,,44-22,73941,-75532,73941,75532,73941,75532,1
46,22,1443,,44-23,77462,-75532,77462,75532,77462,75532,1
46,23,1444,,44-24,80983,-75532,80983,75532,80983,75532,1
46,24,1445,,45-20,84504,-75532,84504,75532,84504,75532,1
46,25,1446,,45-21,88025,-75532,88025,75532,88025,75532,1
46,26,1447,,45-22,91546,-75532,91546,75532,91546,75532,1
46,27,1448,,45-23,95067,-75532,95067,75532,95067,75532,1
46,28,1449,,45-24,98588,-75532,98588,75532,98588,75532,1
46,29,1450,,46-20,102109,-75532,102109,75532,102109,75532,1
46,30,1451,,46-21,105630,-75532,105630,75532,105630,75532,1
46,31,1452,,46-22,109151,-75532,109151,75532,109151,75532,1
46,32,1453,,46-23,112672,-75532,112672,75532,112672,75532,1
46,33,1454,,46-24,116193,-75532,116193,75532,116193,75532,1
46,34,1455,,47-20,119714,-75532,119714,75532,119714,75532,1
46,35,1456,,47-21,123235,-75532,123235,75532,123235,75532,1
46,36,1457,,47-22,126756,-75532,126756,75532,126756,75532,1
46,37,1458,,47-23,130277,-75532,130277,75532,130277,75532,1
47,0,1459,,40-11,0,-77174,0,77174,0,77174,1
47,1,1460,,40-12,3521,-77174,3521,77174,3521,77174,1
47,2,1461,,40-13,7042,-77174,7042,77174,7042,77174,1
47,3,1462,,40-14,10563,-77174,10563,77174,10563,77174,1
47,4,1463,,41-10,14084,-77174,14084,77174,14084,77174,1
47,5,1464,,41-11,17605,-77174,17605,77174,17605,77174,1
47,6,1465,,41-12,21126,-77174,21126,77174,21126,77174,1
47,7,1466,,41-13,24647,-77174,24647,77174,24647,77174,1
47,8,1467,,41-14,28168,-77174,28168,77174,28168,77174,1
47,9,1468,,42-10,31689,-77174,31689,77174,31689,77174,1
47,10,1469,,42-11,35210,-77174,35210,77174,35210,77174,1
47,11,1470,,42-12,38731,-77174,38731,77174,38731,77174,1
47,12,1471,,42-13,42252,-77174,42252,77174,42252,77174,1
47,13,1472,,42-14,45773,-77174,45773,77174,45773,77174,1
47,14,1473,,43-10,49294,-77174,49294,77174,49294,77174,1
47,15,1474,,43-11,52815,-77174,52815,77174,52815,77174,1
47,16,1475,,43-12,56336,-77174,56336,77174,56336,77174,1
47,17,1476,,43-13,59857,-77174,59857,77174,59857,77174,1
47,18,1477,,43-14,63378,-77174,63378,77174,63378,77174,1
47,19,1478,,44-10,66899,-77174,66899,77174,66899,77174,1
47,20,1479,,44-11,70420,-77174,70420,77174,70420,77174,1
47,21,1480,,44-12,73941,-77174,73941,77174,73941,77174,1
47,22,1481,,44-13,77462,-77174,77462,77174,77462,77174,1
47,23,1482,,44-14,80983,-77174,80983,77174,80983,77174,1
47,24,1483,,45-10,84504,-77174,84504,77174,84504,77174,1
47,25,1484,,45-11,88025,-77174,88025,77174,88025,77174,1
47,26,1485,,45-12,91546,-77174,91546,77174,91546,77174,1
47,27,1486,,45-13,95067,-77174,95067,77174,95067,77174,1
47,28,1487,,45-14,98588,-77174,98588,77174,98588,77174,1
47,29,1488,,46-10,102109,-77174,102109,77174,102109,77174,1
47,30,1489,,46-11,105630,-77174,105630,77174,105630,77174,1
47,31,1490,,46-12,109151,-77174,109151,77174,109151,77174,1
47,32,1491,,46-13,112672,-77174,112672,77174,112672,77174,1
47,33,1492,,46-14,116193,-77174,116193,77174,116193,77174,1
47,34,1493,,47-10,119714,-77174,119714,77174,119714,77174,1
47,35,1494,,47-11,123235,-77174,123235,77174,123235,77174,1
47,36,1495,,47-12,126756,-77174,126756,77174,126756,77174,1
47,37,1496,,47-13,130277,-77174,130277,77174,130277,77174,1
48,1,1497,,40-02,3521,-78816,3521,78816,3521,78816,1
48,2,1498,,40-03,7042,-78816,7042,78816,7042,78816,1
48,3,1499,,40-04,10563,-78816,10563,78816,10563,78816,1
48,4,1500,,41-00,14084,-78816,14084,78816,14084,78816,1
48,5,1501,,41-01,17605,-78816,17605,78816,17605,78816,1
48,6,1502,,41-02,21126,-78816,21126,78816,21126,78816,1
48,7,1503,,41-03,24647,-78816,24647,78816,24647,78816,1
48,8,1504,,41-04,28168,-78816,28168,78816,28168,78816,1
48,9,1505,,42-00,31689,-78816,31689,78816,31689,78816,1
48,10,1506,,42-01,35210,-78816,35210,78816,35210,78816,1
48,11,1507,,42-02,38731,-78816,38731,78816,38731,78816,1
48,12,1508,,42-03,42252,-78816,42252,78816,42252,78816,1
48,13,1509,,42-04,45773,-78816,45773,78816,45773,78816,1
48,14,1510,,43-00,49294,-78816,49294,78816,49294,78816,1
48,15,1511,,43-01,52815,-78816,52815,78816,52815,78816,1
48,16,1512,,43-02,56336,-78816,56336,78816,56336,78816,1
48,17,1513,,43-03,59857,-78816,59857,78816,59857,78816,1
48,18,1514,,43-04,63378,-78816,63378,78816,63378,78816,1
48,19,1515,,44-00,66899,-78816,66899,78816,66899,78816,1
48,20,1516,,44-01,70420,-78816,70420,78816,70420,78816,1
48,21,1517,,44-02,73941,-78816,73941,78816,73941,78816,1
48,22,1518,,44-03,77462,-78816,77462,78816,77462,78816,1
48,23,1519,,44-04,80983,-78816,80983,78816,80983,78816,1
48,24,1520,,45-00,84504,-78816,84504,78816,84504,78816,1
48,25,1521,,45-01,88025,-78816,88025,78816,88025,78816,1
48,26,1522,,45-02,91546,-78816,91546,78816,91546,78816,1
48,27,1523,,45-03,95067,-78816,95067,78816,95067,78816,1
48,28,1524,,45-04,98588,-78816,98588,78816,98588,78816,1
48,29,1525,,46-00,102109,-78816,102109,78816,102109,78816,1
48,30,1526,,46-01,105630,-78816,105630,78816,105630,78816,1
48,31,1527,,46-02,109151,-78816,109151,78816,109151,78816,1
48,32,1528,,46-03,112672,-78816,112672,78816,112672,78816,1
48,33,1529,,46-04,116193,-78816,116193,78816,116193,78816,1
48,34,1530,,47-00,119714,-78816,119714,78816,119714,78816,1
48,35,1531,,47-01,123235,-78816,123235,78816,123235,78816,1
48,36,1532,,47-02,126756,-78816,126756,78816,126756,78816,1
49,1,1533,,30-72,3521,-80458,3521,80458,3521,80458,1
49,2,1534,,30-73,7042,-80458,7042,80458,7042,80458,1
49,3,1535,,30-74,10563,-80458,10563,80458,10563,80458,1
49,4,1536,,31-70,14084,-80458,14084,80458,14084,80458,1
49,5,1537,,31-71,17605,-80458,17605,80458,17605,80458,1
49,6,1538,,31-72,21126,-80458,21126,80458,21126,80458,1
49,7,1539,,31-73,24647,-80458,24647,80458,24647,80458,1
49,8,1540,,31-74,28168,-80458,28168,80458,28168,80458,1
49,9,1541,,32-70,31689,-80458,31689,80458,31689,80458,1
49,10,1542,,32-71,35210,-80458,35210,80458,35210,80458,1
49,11,1543,,32-72,38731,-80458,38731,80458,38731,80458,1
49,12,1544,,32-73,42252,-80458,42252,80458,42252,80458,1
49,13,1545,,32-74,45773,-80458,45773,80458,45773,80458,1
49,14,1546,,33-70,49294,-80458,49294,80458,49294,80458,1
49,15,1547,,33-71,52815,-80458,52815,80458,52815,80458,1
49,16,1548,,33-72,56336,-80458,56336,80458,56336,80458,1
49,17,1549,,33-73,59857,-80458,59857,80458,59857,80458,1
49,18,1550,,33-74,63378,-80458,63378,80458,63378,80458,1
49,19,1551,,34-70,66899,-80458,66899,80458,66899,80458,1
49,20,1552,,34-71,70420,-80458,70420,80458,70420,80458,1
49,21,1553,,34-72,73941,-80458,73941,80458,73941,80458,1
49,22,1554,,34-73,77462,-80458,77462,80458,77462,80458,1
49,23,1555,,34-74,80983,-80458,80983,80458,80983,80458,1
49,24,1556,,35-70,84504,-80458,84504,80458,84504,80458,1
49,25,1557,,35-71,88025,-80458,88025,80458,88025,80458,1
49,26,1558,,35-72,91546,-80458,91546,80458,91546,80458,1
49,27,1559,,35-73,95067,-80458,95067,80458,95067,80458,1
49,28,1560,,35-74,98588,-80458,98588,80458,98588,80458,1
49,29,1561,,36-70,102109,-80458,102109,80458,102109,80458,1
49,30,1562,,36-71,105630,-80458,105630,80458,105630,80458,1
49,31,1563,,36-72,109151,-80458,109151,80458,109151,80458,1
49,32,1564,,36-73,112672,-80458,112672,80458,112672,80458,1
49,33,1565,,36-74,116193,-80458,116193,80458,116193,80458,1
49,34,1566,,37-70,119714,-80458,119714,80458,119714,80458,1
49,35,1567,,37-71,123235,-80458,123235,80458,123235,80458,1
49,36,1568,,37-72,126756,-80458,126756,80458,126756,80458,1
50,1,1569,,30-62,3521,-82100,3521,82100,3521,82100,1
50,2,1570,,30-63,7042,-82100,7042,82100,7042,82100,1
50,3,1571,,30-64,10563,-82100,10563,82100,10563,82100,1
50,4,1572,,31-60,14084,-82100,14084,82100,14084,82100,1
50,5,1573,,31-61,17605,-82100,17605,82100,17605,82100,1
50,6,1574,,31-62,21126,-82100,21126,82100,21126,82100,1
50,7,1575,,31-63,24647,-82100,24647,82100,24647,82100,1
50,8,1576,,31-64,28168,-82100,28168,82100,28168,82100,1
50,9,1577,,32-60,31689,-82100,31689,82100,31689,82100,1
50,10,1578,,32-61,35210,-82100,35210,82100,35210,82100,1
50,11,1579,,32-62,38731,-82100,38731,82100,38731,82100,1
50,12,1580,,32-63,42252,-82100,42252,82100,42252,82100,1
50,13,1581,,32-64,45773,-82100,45773,82100,45773,82100,1
50,14,1582,,33-60,49294,-82100,49294,82100,49294,82100,1
50,15,1583,,33-61,52815,-82100,52815,82100,52815,82100,1
50,16,1584,,33-62,56336,-82100,56336,82100,56336,82100,1
50,17,1585,,33-63,59857,-82100,59857,82100,59857,82100,1
50,18,1586,,33-64,63378,-82100,63378,82100,63378,82100,1
50,19,1587,,34-60,66899,-82100,66899,82100,66899,82100,1
50,20,1588,,34-61,70420,-82100,70420,82100,70420,82100,1
50,21,1589,,34-62,73941,-82100,73941,82100,73941,82100,1
50,22,1590,,34-63,77462,-82100,77462,82100,77462,82100,1
50,23,1591,,34-64,80983,-82100,80983,82100,80983,82100,1
50,24,1592,,35-60,84504,-82100,84504,82100,84504,82100,1
50,25,1593,,35-61,88025,-82100,88025,82100,88025,82100,1
50,26,1594,,35-62,91546,-82100,91546,82100,91546,82100,1
50,27,1595,,35-63,95067,-82100,95067,82100,95067,82100,1
50,28,1596,,35-64,98588,-82100,98588,82100,98588,82100,1
50,29,1597,,36-60,102109,-82100,102109,82100,102109,82100,1
50,30,1598,,36-61,105630,-82100,105630,82100,105630,82100,1
50,31,1599,,36-62,109151,-82100,109151,82100,109151,82100,1
50,32,1600,,36-63,112672,-82100,112672,82100,112672,82100,1
50,33,1601,,36-64,116193,-82100,116193,82100,116193,82100,1
50,34,1602,,37-60,119714,-82100,119714,82100,119714,82100,1
50,35,1603,,37-61,123235,-82100,123235,82100,123235,82100,1
50,36,1604,,37-62,126756,-82100,126756,82100,126756,82100,1
51,1,1605,,30-52,3521,-83742,3521,83742,3521,83742,1
51,2,1606,,30-53,7042,-83742,7042,83742,7042,83742,1
51,3,1607,,30-54,10563,-83742,10563,83742,10563,83742,1
51,4,1608,,31-50,14084,-83742,14084,83742,14084,83742,1
51,5,1609,,31-51,17605,-83742,17605,83742,17605,83742,1
51,6,1610,,31-52,21126,-83742,21126,83742,21126,83742,1
51,7,1611,,31-53,24647,-83742,24647,83742,24647,83742,1
51,8,1612,,31-54,28168,-83742,28168,83742,28168,83742,1
51,9,1613,,32-50,31689,-83742,31689,83742,31689,83742,1
51,10,1614,,32-51,35210,-83742,35210,83742,35210,83742,1
51,11,1615,,32-52,38731,-83742,38731,83742,38731,83742,1
51,12,1616,,32-53,42252,-83742,42252,83742,42252,83742,1
51,13,1617,,32-54,45773,-83742,45773,83742,45773,83742,1
51,14,1618,,33-50,49294,-83742,49294,83742,49294,83742,1
51,15,1619,,33-51,52815,-83742,52815,83742,52815,83742,1
51,16,1620,,33-52,56336,-83742,56336,83742,56336,83742,1
51,17,1621,,33-53,59857,-83742,59857,83742,59857,83742,1
51,18,1622,,33-54,63378,-83742,63378,83742,63378,83742,1
51,19,1623,,34-50,66899,-83742,66899,83742,66899,83742,1
51,20,1624,,34-51,70420,-83742,70420,83742,70420,83742,1
51,21,1625,,34-52,73941,-83742,73941,83742,73941,83742,1
51,22,1626,,34-53,77462,-83742,77462,83742,77462,83742,1
51,23,1627,,34-54,80983,-83742,80983,83742,80983,83742,1
51,24,1628,,35-50,84504,-83742,84504,83742,84504,83742,1
51,25,1629,,35-51,88025,-83742,88025,83742,88025,83742,1
51,26,1630,,35-52,91546,-83742,91546,83742,91546,83742,1
51,27,1631,,35-53,95067,-83742,95067,83742,95067,83742,1
51,28,1632,,35-54,98588,-83742,98588,83742,98588,83742,1
51,29,1633,,36-50,102109,-83742,102109,83742,102109,83742,1
51,30,1634,,36-51,105630,-83742,105630,83742,105630,83742,1
51,31,1635,,36-52,109151,-83742,109151,83742,109151,83742,1
51,32,1636,,36-53,112672,-83742,112672,83742,112672,83742,1
51,33,1637,,36-54,116193,-83742,116193,83742,116193,83742,1
51,34,1638,,37-50,119714,-83742,119714,83742,119714,83742,1
51,35,1639,,37-51,123235,-83742,123235,83742,123235,83742,1
51,36,1640,,37-52,126756,-83742,126756,83742,126756,83742,1
52,1,1641,,30-42,3521,-85384,3521,85384,3521,85384,1
52,2,1642,,30-43,7042,-85384,7042,85384,7042,85384,1
52,3,1643,,30-44,10563,-85384,10563,85384,10563,85384,1
52,4,1644,,31-40,14084,-85384,14084,85384,14084,85384,1
52,5,1645,,31-41,17605,-85384,17605,85384,17605,85384,1
52,6,1646,,31-42,21126,-85384,21126,85384,21126,85384,1
52,7,1647,,31-43,24647,-85384,24647,85384,24647,85384,1
52,8,1648,,31-44,28168,-85384,28168,85384,28168,85384,1
52,9,1649,,32-40,31689,-85384,31689,85384,31689,85384,1
52,10,1650,,32-41,35210,-85384,35210,85384,35210,85384,1
52,11,1651,,32-42,38731,-85384,38731,85384,38731,85384,1
52,12,1652,,32-43,42252,-85384,42252,85384,42252,85384,1
52,13,1653,,32-44,45773,-85384,45773,85384,45773,85384,1
52,14,1654,,33-40,49294,-85384,49294,85384,49294,85384,1
52,15,1655,,33-41,52815,-85384,52815,85384,52815,85384,1
52,16,1656,,33-42,56336,-85384,56336,85384,56336,85384,1
52,17,1657,,33-43,59857,-85384,59857,85384,59857,85384,1
52,18,1658,,33-44,63378,-85384,63378,85384,63378,85384,1
52,19,1659,,34-40,66899,-85384,66899,85384,66899,85384,1
52,20,1660,,34-41,70420,-85384,70420,85384,70420,85384,1
52,21,1661,,34-42,73941,-85384,73941,85384,73941,85384,1
52,22,1662,,34-43,77462,-85384,77462,85384,77462,85384,1
52,23,1663,,34-44,80983,-85384,80983,85384,80983,85384,1
52,24,1664,,35-40,84504,-85384,84504,85384,84504,85384,1
52,25,1665,,35-41,88025,-85384,88025,85384,88025,85384,1
52,26,1666,,35-42,91546,-85384,91546,85384,91546,85384,1
52,27,1667,,35-43,95067,-85384,95067,85384,95067,85384,1
52,28,1668,,35-44,98588,-85384,98588,85384,98588,85384,1
52,29,1669,,36-40,102109,-85384,102109,85384,102109,85384,1
52,30,1670,,36-41,105630,-85384,105630,85384,105630,85384,1
52,31,1671,,36-42,109151,-85384,109151,85384,109151,85384,1
52,32,1672,,36-43,112672,-85384,112672,85384,112672,85384,1
52,33,1673,,36-44,116193,-85384,116193,85384,116193,85384,1
52,34,1674,,37-40,119714,-85384,119714,85384,119714,85384,1
52,35,1675,,37-41,123235,-85384,123235,85384,123235,85384,1
52,36,1676,,37-42,126756,-85384,126756,85384,126756,85384,1
53,1,1677,,30-32,3521,-87026,3521,87026,3521,87026,1
53,2,1678,,30-33,7042,-87026,7042,87026,7042,87026,1
53,3,1679,,30-34,10563,-87026,10563,87026,10563,87026,1
53,4,1680,,31-30,14084,-87026,14084,87026,14084,87026,1
53,5,1681,,31-31,17605,-87026,17605,87026,17605,87026,1
53,6,1682,,31-32,21126,-87026,21126,87026,21126,87026,1
53,7,1683,,31-33,24647,-87026,24647,87026,24647,87026,1
53,8,1684,,31-34,28168,-87026,28168,87026,28168,87026,1
53,9,1685,,32-30,31689,-87026,31689,87026,31689,87026,1
53,10,1686,,32-31,35210,-87026,35210,87026,35210,87026,1
53,11,1687,,32-32,38731,-87026,38731,87026,38731,87026,1
53,12,1688,,32-33,42252,-87026,42252,87026,42252,87026,1
53,13,1689,,32-34,45773,-87026,45773,87026,45773,87026,1
53,14,1690,,33-30,49294,-87026,49294,87026,49294,87026,1
53,15,1691,,33-31,52815,-87026,52815,87026,52815,87026,1
53,16,1692,,33-32,56336,-87026,56336,87026,56336,87026,1
53,17,1693,,33-33,59857,-87026,59857,87026,59857,87026,1
53,18,1694,,33-34,63378,-87026,63378,87026,63378,87026,1
53,19,1695,,34-30,66899,-87026,66899,87026,66899,87026,1
53,20,1696,,34-31,70420,-87026,70420,87026,70420,87026,1
53,21,1697,,34-32,73941,-87026,73941,87026,73941,87026,1
53,22,1698,,34-33,77462,-87026,77462,87026,77462,87026,1
53,23,1699,,34-34,80983,-87026,80983,87026,80983,87026,1
53,24,1700,,35-30,84504,-87026,84504,87026,84504,87026,1
53,25,1701,,35-31,88025,-87026,88025,87026,88025,87026,1
53,26,1702,,35-32,91546,-87026,91546,87026,91546,87026,1
53,27,1703,,35-33,95067,-87026,95067,87026,95067,87026,1
53,28,1704,,35-34,98588,-87026,98588,87026,98588,87026,1
53,29,1705,,36-30,102109,-87026,102109,87026,102109,87026,1
53,30,1706,,36-31,105630,-87026,105630,87026,105630,87026,1
53,31,1707,,36-32,109151,-87026,109151,87026,109151,87026,1
53,32,1708,,36-33,112672,-87026,112672,87026,112672,87026,1
53,33,1709,,36-34,116193,-87026,116193,87026,116193,87026,1
53,34,1710,,37-30,119714,-87026,119714,87026,119714,87026,1
53,35,1711,,37-31,123235,-87026,123235,87026,123235,87026,1
53,36,1712,,37-32,126756,-87026,126756,87026,126756,87026,1
54,1,1713,,30-22,3521,-88668,3521,88668,3521,88668,1
54,2,1714,,30-23,7042,-88668,7042,88668,7042,88668,1
54,3,1715,,30-24,10563,-88668,10563,88668,10563,88668,1
54,4,1716,,31-20,14084,-88668,14084,88668,14084,88668,1
54,5,1717,,31-21,17605,-88668,17605,88668,17605,88668,1
54,6,1718,,31-22,21126,-88668,21126,88668,21126,88668,1
54,7,1719,,31-23,24647,-88668,24647,88668,24647,88668,1
54,8,1720,,31-24,28168,-88668,28168,88668,28168,88668,1
54,9,1721,,32-20,31689,-88668,31689,88668,31689,88668,1
54,10,1722,,32-21,35210,-88668,35210,88668,35210,88668,1
54,11,1723,,32-22,38731,-88668,38731,88668,38731,88668,1
54,12,1724,,32-23,42252,-88668,42252,88668,42252,88668,1
54,13,1725,,32-24,45773,-88668,45773,88668,45773,88668,1
54,14,1726,,33-20,49294,-88668,49294,88668,49294,88668,1
54,15,1727,,33-21,52815,-88668,52815,88668,52815,88668,1
54,16,1728,,33-22,56336,-88668,56336,88668,56336,88668,1
54,17,1729,,33-23,59857,-88668,59857,88668,59857,88668,1
54,18,1730,,33-24,63378,-88668,63378,88668,63378,88668,1
54,19,1731,,34-20,66899,-88668,66899,88668,66899,88668,1
54,20,1732,,34-21,70420,-88668,70420,88668,70420,88668,1
54,21,1733,,34-22,73941,-88668,73941,88668,73941,88668,1
54,22,1734,,34-23,77462,-88668,77462,88668,77462,88668,1
54,23,1735,,34-24,80983,-88668,80983,88668,80983,88668,1
54,24,1736,,35-20,84504,-88668,84504,88668,84504,88668,1
54,25,1737,,35-21,88025,-88668,88025,88668,88025,88668,1
54,26,1738,,35-22,91546,-88668,91546,88668,91546,88668,1
54,27,1739,,35-23,95067,-88668,95067,88668,95067,88668,1
54,28,1740,,35-24,98588,-88668,98588,88668,98588,88668,1
54,29,1741,,36-20,102109,-88668,102109,88668,102109,88668,1
54,30,1742,,36-21,105630,-88668,105630,88668,105630,88668,1
54,31,1743,,36-22,109151,-88668,109151,88668,109151,88668,1
54,32,1744,,36-23,112672,-88668,112672,88668,112672,88668,1
54,33,1745,,36-24,116193,-88668,116193,88668,116193,88668,1
54,34,1746,,37-20,119714,-88668,119714,88668,119714,88668,1
54,35,1747,,37-21,123235,-88668,123235,88668,123235,88668,1
54,36,1748,,37-22,126756,-88668,126756,88668,126756,88668,1
55,1,1749,,30-12,3521,-90310,3521,90310,3521,90310,1
55,2,1750,,30-13,7042,-90310,7042,90310,7042,90310,1
55,3,1751,,30-14,10563,-90310,10563,90310,10563,90310,1
55,4,1752,,31-10,14084,-90310,14084,90310,14084,90310,1
55,5,1753,,31-11,17605,-90310,17605,90310,17605,90310,1
55,6,1754,,31-12,21126,-90310,21126,90310,21126,90310,1
55,7,1755,,31-13,24647,-90310,24647,90310,24647,90310,1
55,8,1756,,31-14,28168,-90310,28168,90310,28168,90310,1
55,9,1757,,32-10,31689,-90310,31689,90310,31689,90310,1
55,10,1758,,32-11,35210,-90310,35210,90310,35210,90310,1
55,11,1759,,32-12,38731,-90310,38731,90310,38731,90310,1
55,12,1760,,32-13,42252,-90310,42252,90310,42252,90310,1
55,13,1761,,32-14,45773,-90310,45773,90310,45773,90310,1
55,14,1762,,33-10,49294,-90310,49294,90310,49294,90310,1
55,15,1763,,33-11,52815,-90310,52815,90310,52815,90310,1
55,16,1764,,33-12,56336,-90310,56336,90310,56336,90310,1
55,17,1765,,33-13,59857,-90310,59857,90310,59857,90310,1
55,18,1766,,33-14,63378,-90310,63378,90310,63378,90310,1
55,19,1767,,34-10,66899,-90310,66899,90310,66899,90310,1
55,20,1768,,34-11,70420,-90310,70420,90310,70420,90310,1
55,21,1769,,34-12,73941,-90310,73941,90310,73941,90310,1
55,22,1770,,34-13,77462,-90310,77462,90310,77462,90310,1
55,23,1771,,34-14,80983,-90310,80983,90310,80983,90310,1
55,24,1772,,35-10,84504,-90310,84504,90310,84504,90310,1
55,25,1773,,35-11,88025,-90310,88025,90310,88025,90310,1
55,26,1774,,35-12,91546,-90310,91546,90310,91546,90310,1
55,27,1775,,35-13,95067,-90310,95067,90310,95067,90310,1
55,28,1776,,35-14,98588,-90310,98588,90310,98588,90310,1
55,29,1777,,36-10,102109,-90310,102109,90310,102109,90310,1
55,30,1778,,36-11,105630,-90310,105630,90310,105630,90310,1
55,31,1779,,36-12,109151,-90310,109151,90310,109151,90310,1
55,32,1780,,36-13,112672,-90310,112672,90310,112672,90310,1
55,33,1781,,36-14,116193,-90310,116193,90310,116193,90310,1
55,34,1782,,37-10,119714,-90310,119714,90310,119714,90310,1
55,35,1783,,37-11,123235,-90310,123235,90310,123235,90310,1
55,36,1784,,37-12,126756,-90310,126756,90310,126756,90310,1
56,2,1785,,30-03,7042,-91952,7042,91952,7042,91952,1
56,3,1786,,30-04,10563,-91952,10563,91952,10563,91952,1
56,4,1787,,31-00,14084,-91952,14084,91952,14084,91952,1
56,5,1788,,31-01,17605,-91952,17605,91952,17605,91952,1
56,6,1789,,31-02,21126,-91952,21126,91952,21126,91952,1
56,7,1790,,31-03,24647,-91952,24647,91952,24647,91952,1
56,8,1791,,31-04,28168,-91952,28168,91952,28168,91952,1
56,9,1792,,32-00,31689,-91952,31689,91952,31689,91952,1
56,10,1793,,32-01,35210,-91952,35210,91952,35210,91952,1
56,11,1794,,32-02,38731,-91952,38731,91952,38731,91952,1
56,12,1795,,32-03,42252,-91952,42252,91952,42252,91952,1
56,13,1796,,32-04,45773,-91952,45773,91952,45773,91952,1
56,14,1797,,33-00,49294,-91952,49294,91952,49294,91952,1
56,15,1798,,33-01,52815,-91952,52815,91952,52815,91952,1
56,16,1799,,33-02,56336,-91952,56336,91952,56336,91952,1
56,17,1800,,33-03,59857,-91952,59857,91952,59857,91952,1
56,18,1801,,33-04,63378,-91952,63378,91952,63378,91952,1
56,19,1802,,34-00,66899,-91952,66899,91952,66899,91952,1
56,20,1803,,34-01,70420,-91952,70420,91952,70420,91952,1
56,21,1804,,34-02,73941,-91952,73941,91952,73941,91952,1
56,22,1805,,34-03,77462,-91952,77462,91952,77462,91952,1
56,23,1806,,34-04,80983,-91952,80983,91952,80983,91952,1
56,24,1807,,35-00,84504,-91952,84504,91952,84504,91952,1
56,25,1808,,35-01,88025,-91952,88025,91952,88025,91952,1
56,26,1809,,35-02,91546,-91952,91546,91952,91546,91952,1
56,27,1810,,35-03,95067,-91952,95067,91952,95067,91952,1
56,28,1811,,35-04,98588,-91952,98588,91952,98588,91952,1
56,29,1812,,36-00,102109,-91952,102109,91952,102109,91952,1
56,30,1813,,36-01,105630,-91952,105630,91952,105630,91952,1
56,31,1814,,36-02,109151,-91952,109151,91952,109151,91952,1
56,32,1815,,36-03,112672,-91952,112672,91952,112672,91952,1
56,33,1816,,36-04,116193,-91952,116193,91952,116193,91952,1
56,34,1817,,37-00,119714,-91952,119714,91952,119714,91952,1
56,35,1818,,37-01,123235,-91952,123235,91952,123235,91952,1
57,2,1819,,20-73,7042,-93594,7042,93594,7042,93594,1
57,3,1820,,20-74,10563,-93594,10563,93594,10563,93594,1
57,4,1821,,21-70,14084,-93594,14084,93594,14084,93594,1
57,5,1822,,21-71,17605,-93594,17605,93594,17605,93594,1
57,6,1823,,21-72,21126,-93594,21126,93594,21126,93594,1
57,7,1824,,21-73,24647,-93594,24647,93594,24647,93594,1
57,8,1825,,21-74,28168,-93594,28168,93594,28168,93594,1
57,9,1826,,22-70,31689,-93594,31689,93594,31689,93594,1
57,10,1827,,22-71,35210,-93594,35210,93594,35210,93594,1
57,11,1828,,22-72,38731,-93594,38731,93594,38731,93594,1
57,12,1829,,22-73,42252,-93594,42252,93594,42252,93594,1
57,13,1830,,22-74,45773,-93594,45773,93594,45773,93594,1
57,14,1831,,23-70,49294,-93594,49294,93594,49294,93594,1
57,15,1832,,23-71,52815,-93594,52815,93594,52815,93594,1
57,16,1833,,23-72,56336,-93594,56336,93594,56336,93594,1
57,17,1834,,23-73,59857,-93594,59857,93594,59857,93594,1
57,18,1835,,23-74,63378,-93594,63378,93594,63378,93594,1
57,19,1836,,24-70,66899,-93594,66899,93594,66899,93594,1
57,20,1837,,24-71,70420,-93594,70420,93594,70420,93594,1
57,21,1838,,24-72,73941,-93594,73941,93594,73941,93594,1
57,22,1839,,24-73,77462,-93594,77462,93594,77462,93594,1
57,23,1840,,24-74,80983,-93594,80983,93594,80983,93594,1
57,24,1841,,25-70,84504,-93594,84504,93594,84504,93594,1
57,25,1842,,25-71,88025,-93594,88025,93594,88025,93594,1
57,26,1843,,25-72,91546,-93594,91546,93594,91546,93594,1
57,27,1844,,25-73,95067,-93594,95067,93594,95067,93594,1
57,28,1845,,25-74,98588,-93594,98588,93594,98588,93594,1
57,29,1846,,26-70,102109,-93594,102109,93594,102109,93594,1
57,30,1847,,26-71,105630,-93594,105630,93594,105630,93594,1
57,31,1848,,26-72,109151,-93594,109151,93594,109151,93594,1
57,32,1849,,26-73,112672,-93594,112672,93594,112672,93594,1
57,33,1850,,26-74,116193,-93594,116193,93594,116193,93594,1
57,34,1851,,27-70,119714,-93594,119714,93594,119714,93594,1
57,35,1852,,27-71,123235,-93594,123235,93594,123235,93594,1
58,2,1853,,20-63,7042,-95236,7042,95236,7042,95236,1
58,3,1854,,20-64,10563,-95236,10563,95236,10563,95236,1
58,4,1855,,21-60,14084,-95236,14084,95236,14084,95236,1
58,5,1856,,21-61,17605,-95236,17605,95236,17605,95236,1
58,6,1857,,21-62,21126,-95236,21126,95236,21126,95236,1
58,7,1858,,21-63,24647,-95236,24647,95236,24647,95236,1
58,8,1859,,21-64,28168,-95236,28168,95236,28168,95236,1
58,9,1860,,22-60,31689,-95236,31689,95236,31689,95236,1
58,10,1861,,22-61,35210,-95236,35210,95236,35210,95236,1
58,11,1862,,22-62,38731,-95236,38731,95236,38731,95236,1
58,12,1863,,22-63,42252,-95236,42252,95236,42252,95236,1
58,13,1864,,22-64,45773,-95236,45773,95236,45773,95236,1
58,14,1865,,23-60,49294,-95236,49294,95236,49294,95236,1
58,15,1866,,23-61,52815,-95236,52815,95236,52815,95236,1
58,16,1867,,23-62,56336,-95236,56336,95236,56336,95236,1
58,17,1868,,23-63,59857,-95236,59857,95236,59857,95236,1
58,18,1869,,23-64,63378,-95236,63378,95236,63378,95236,1
58,19,1870,,24-60,66899,-95236,66899,95236,66899,95236,1
58,20,1871,,24-61,70420,-95236,70420,95236,70420,95236,1
58,21,1872,,24-62,73941,-95236,73941,95236,73941,95236,1
58,22,1873,,24-63,77462,-95236,77462,95236,77462,95236,1
58,23,1874,,24-64,80983,-95236,80983,95236,80983,95236,1
58,24,1875,,25-60,84504,-95236,84504,95236,84504,95236,1
58,25,1876,,25-61,88025,-95236,88025,95236,88025,95236,1
58,26,1877,,25-62,91546,-95236,91546,95236,91546,95236,1
58,27,1878,,25-63,95067,-95236,95067,95236,95067,95236,1
58,28,1879,,25-64,98588,-95236,98588,95236,98588,95236,1
58,29,1880,,26-60,102109,-95236,102109,95236,102109,95236,1
58,30,1881,,26-61,105630,-95236,105630,95236,105630,95236,1
58,31,1882,,26-62,109151,-95236,109151,95236,109151,95236,1
58,32,1883,,26-63,112672,-95236,112672,95236,112672,95236,1
58,33,1884,,26-64,116193,-95236,116193,95236,116193,95236,1
58,34,1885,,27-60,119714,-95236,119714,95236,119714,95236,1
58,35,1886,,27-61,123235,-95236,123235,95236,123235,95236,1
59,2,1887,,20-53,7042,-96878,7042,96878,7042,96878,1
59,3,1888,,20-54,10563,-96878,10563,96878,10563,96878,1
59,4,1889,,21-50,14084,-96878,14084,96878,14084,96878,1
59,5,1890,,21-51,17605,-96878,17605,96878,17605,96878,1
59,6,1891,,21-52,21126,-96878,21126,96878,21126,96878,1
59,7,1892,,21-53,24647,-96878,24647,96878,24647,96878,1
59,8,1893,,21-54,28168,-96878,28168,96878,28168,96878,1
59,9,1894,,22-50,31689,-96878,31689,96878,31689,96878,1
59,10,1895,,22-51,35210,-96878,35210,96878,35210,96878,1
59,11,1896,,22-52,38731,-96878,38731,96878,38731,96878,1
59,12,1897,,22-53,42252,-96878,42252,96878,42252,96878,1
59,13,1898,,22-54,45773,-96878,45773,96878,45773,96878,1
59,14,1899,,23-50,49294,-96878,49294,96878,49294,96878,1
59,15,1900,,23-51,52815,-96878,52815,96878,52815,96878,1
59,16,1901,,23-52,56336,-96878,56336,96878,56336,96878,1
59,17,1902,,23-53,59857,-96878,59857,96878,59857,96878,1
59,18,1903,,23-54,63378,-96878,63378,96878,63378,96878,1
59,19,1904,,24-50,66899,-96878,66899,96878,66899,96878,1
59,20,1905,,24-51,70420,-96878,70420,96878,70420,96878,1
59,21,1906,,24-52,73941,-96878,73941,96878,73941,96878,1
59,22,1907,,24-53,77462,-96878,77462,96878,77462,96878,1
59,23,1908,,24-54,80983,-96878,80983,96878,80983,96878,1
59,24,1909,,25-50,84504,-96878,84504,96878,84504,96878,1
59,25,1910,,25-51,88025,-96878,88025,96878,88025,96878,1
59,26,1911,,25-52,91546,-96878,91546,96878,91546,96878,1
59,27,1912,,25-53,95067,-96878,95067,96878,95067,96878,1
59,28,1913,,25-54,98588,-96878,98588,96878,98588,96878,1
59,29,1914,,26-50,102109,-96878,102109,96878,102109,96878,1
59,30,1915,,26-51,105630,-96878,105630,96878,105630,96878,1
59,31,1916,,26-52,109151,-96878,109151,96878,109151,96878,1
59,32,1917,,26-53,112672,-96878,112672,96878,112672,96878,1
59,33,1918,,26-54,116193,-96878,116193,96878,116193,96878,1
59,34,1919,,27-50,119714,-96878,119714,96878,119714,96878,1
59,35,1920,,27-51,123235,-96878,123235,96878,123235,96878,1
60,3,1921,,20-44,10563,-98520,10563,98520,10563,98520,1
60,4,1922,,21-40,14084,-98520,14084,98520,14084,98520,1
60,5,1923,,21-41,17605,-98520,17605,98520,17605,98520,1
60,6,1924,,21-42,21126,-98520,21126,98520,21126,98520,1
60,7,1925,,21-43,24647,-98520,24647,98520,24647,98520,1
60,8,1926,,21-44,28168,-98520,28168,98520,28168,98520,1
60,9,1927,,22-40,31689,-98520,31689,98520,31689,98520,1
60,10,1928,,22-41,35210,-98520,35210,98520,35210,98520,1
60,11,1929,,22-42,38731,-98520,38731,98520,38731,98520,1
60,12,1930,,22-43,42252,-98520,42252,98520,42252,98520,1
60,13,1931,,22-44,45773,-98520,45773,98520,45773,98520,1
60,14,1932,,23-40,49294,-98520,49294,98520,49294,98520,1
60,15,1933,,23-41,52815,-98520,52815,98520,52815,98520,1
60,16,1934,,23-42,56336,-98520,56336,98520,56336,98520,1
60,17,1935,,23-43,59857,-98520,59857,98520,59857,98520,1
60,18,1936,,23-44,63378,-98520,63378,98520,63378,98520,1
60,19,1937,,24-40,66899,-98520,66899,98520,66899,98520,1
60,20,1938,,24-41,70420,-98520,70420,98520,70420,98520,1
60,21,1939,,24-42,73941,-98520,73941,98520,73941,98520,1
60,22,1940,,24-43,77462,-98520,77462,98520,77462,98520,1
60,23,1941,,24-44,80983,-98520,80983,98520,80983,98520,1
60,24,1942,,25-40,84504,-98520,84504,98520,84504,98520,1
60,25,1943,,25-41,88025,-98520,88025,98520,88025,98520,1
60,26,1944,,25-42,91546,-98520,91546,98520,91546,98520,1
60,27,1945,,25-43,95067,-98520,95067,98520,95067,98520,1
60,28,1946,,25-44,98588,-98520,98588,98520,98588,98520,1
60,29,1947,,26-40,102109,-98520,102109,98520,102109,98520,1
60,30,1948,,26-41,105630,-98520,105630,98520,105630,98520,1
60,31,1949,,26-42,109151,-98520,109151,98520,109151,98520,1
60,32,1950,,26-43,112672,-98520,112672,98520,112672,98520,1
60,33,1951,,26-44,116193,-98520,116193,98520,116193,98520,1
60,34,1952,,27-40,119714,-98520,119714,98520,119714,98520,1
61,3,1953,,20-34,10563,-100162,10563,100162,10563,100162,1
61,4,1954,,21-30,14084,-100162,14084,100162,14084,100162,1
61,5,1955,,21-31,17605,-100162,17605,100162,17605,100162,1
61,6,1956,,21-32,21126,-100162,21126,100162,21126,100162,1
61,7,1957,,21-33,24647,-100162,24647,100162,24647,100162,1
61,8,1958,,21-34,28168,-100162,28168,100162,28168,100162,1
61,9,1959,,22-30,31689,-100162,31689,100162,31689,100162,1
61,10,1960,,22-31,35210,-100162,35210,100162,35210,100162,1
61,11,1961,,22-32,38731,-100162,38731,100162,38731,100162,1
61,12,1962,,22-33,42252,-100162,42252,100162,42252,100162,1
61,13,1963,,22-34,45773,-100162,45773,100162,45773,100162,1
61,14,1964,,23-30,49294,-100162,49294,100162,49294,100162,1
61,15,1965,,23-31,52815,-100162,52815,100162,52815,100162,1
61,16,1966,,23-32,56336,-100162,56336,100162,56336,100162,1
61,17,1967,,23-33,59857,-100162,59857,100162,59857,100162,1
61,18,1968,,23-34,63378,-100162,63378,100162,63378,100162,1
61,19,1969,,24-30,66899,-100162,66899,100162,66899,100162,1
61,20,1970,,24-31,70420,-100162,70420,100162,70420,100162,1
61,21,1971,,24-32,73941,-100162,73941,100162,73941,100162,1
61,22,1972,,24-33,77462,-100162,77462,100162,77462,100162,1
61,23,1973,,24-34,80983,-100162,80983,100162,80983,100162,1
61,24,1974,,25-30,84504,-100162,84504,100162,84504,100162,1
61,25,1975,,25-31,88025,-100162,88025,100162,88025,100162,1
61,26,1976,,25-32,91546,-100162,91546,100162,91546,100162,1
61,27,1977,,25-33,95067,-100162,95067,100162,95067,100162,1
61,28,1978,,25-34,98588,-100162,98588,100162,98588,100162,1
61,29,1979,,26-30,102109,-100162,102109,100162,102109,100162,1
61,30,1980,,26-31,105630,-100162,105630,100162,105630,100162,1
61,31,1981,,26-32,109151,-100162,109151,100162,109151,100162,1
61,32,1982,,26-33,112672,-100162,112672,100162,112672,100162,1
61,33,1983,,26-34,116193,-100162,116193,100162,116193,100162,1
61,34,1984,,27-30,119714,-100162,119714,100162,119714,100162,1
62,3,1985,,20-24,10563,-101804,10563,101804,10563,101804,1
62,4,1986,,21-20,14084,-101804,14084,101804,14084,101804,1
62,5,1987,,21-21,17605,-101804,17605,101804,17605,101804,1
62,6,1988,,21-22,21126,-101804,21126,101804,21126,101804,1
62,7,1989,,21-23,24647,-101804,24647,101804,24647,101804,1
62,8,1990,,21-24,28168,-101804,28168,101804,28168,101804,1
62,9,1991,,22-20,31689,-101804,31689,101804,31689,101804,1
62,10,1992,,22-21,35210,-101804,35210,101804,35210,101804,1
62,11,1993,,22-22,38731,-101804,38731,101804,38731,101804,1
62,12,1994,,22-23,42252,-101804,42252,101804,42252,101804,1
62,13,1995,,22-24,45773,-101804,45773,101804,45773,101804,1
62,14,1996,,23-20,49294,-101804,49294,101804,49294,101804,1
62,15,1997,,23-21,52815,-101804,52815,101804,52815,101804,1
62,16,1998,,23-22,56336,-101804,56336,101804,56336,101804,1
62,17,1999,,23-23,59857,-101804,59857,101804,59857,101804,1
62,18,2000,,23-24,63378,-101804,63378,101804,63378,101804,1
62,19,2001,,24-20,66899,-101804,66899,101804,66899,101804,1
62,20,2002,,24-21,70420,-101804,70420,101804,70420,101804,1
62,21,2003,,24-22,73941,-101804,73941,101804,73941,101804,1
62,22,2004,,24-23,77462,-101804,77462,101804,77462,101804,1
62,23,2005,,24-24,80983,-101804,80983,101804,80983,101804,1
62,24,2006,,25-20,84504,-101804,84504,101804,84504,101804,1
62,25,2007,,25-21,88025,-101804,88025,101804,88025,101804,1
62,26,2008,,25-22,91546,-101804,91546,101804,91546,101804,1
62,27,2009,,25-23,95067,-101804,95067,101804,95067,101804,1
62,28,2010,,25-24,98588,-101804,98588,101804,98588,101804,1
62,29,2011,,26-20,102109,-101804,102109,101804,102109,101804,1
62,30,2012,,26-21,105630,-101804,105630,101804,105630,101804,1
62,31,2013,,26-22,109151,-101804,109151,101804,109151,101804,1
62,32,2014,,26-23,112672,-101804,112672,101804,112672,101804,1
62,33,2015,,26-24,116193,-101804,116193,101804,116193,101804,1
62,34,2016,,27-20,119714,-101804,119714,101804,119714,101804,1
63,3,2017,,20-14,10563,-103446,10563,103446,10563,103446,1
63,4,2018,,21-10,14084,-103446,14084,103446,14084,103446,1
63,5,2019,,21-11,17605,-103446,17605,103446,17605,103446,1
63,6,2020,,21-12,21126,-103446,21126,103446,21126,103446,1
63,7,2021,,21-13,24647,-103446,24647,103446,24647,103446,1
63,8,2022,,21-14,28168,-103446,28168,103446,28168,103446,1
63,9,2023,,22-10,31689,-103446,31689,103446,31689,103446,1
63,10,2024,,22-11,35210,-103446,35210,103446,35210,103446,1
63,11,2025,,22-12,38731,-103446,38731,103446,38731,103446,1
63,12,2026,,22-13,42252,-103446,42252,103446,42252,103446,1
63,13,2027,,22-14,45773,-103446,45773,103446,45773,103446,1
63,14,2028,,23-10,49294,-103446,49294,103446,49294,103446,1
63,15,2029,,23-11,52815,-103446,52815,103446,52815,103446,1
63,16,2030,,23-12,56336,-103446,56336,103446,56336,103446,1
63,17,2031,,23-13,59857,-103446,59857,103446,59857,103446,1
63,18,2032,,23-14,63378,-103446,63378,103446,63378,103446,1
63,19,2033,,24-10,66899,-103446,66899,103446,66899,103446,1
63,20,2034,,24-11,70420,-103446,70420,103446,70420,103446,1
63,21,2035,,24-12,73941,-103446,73941,103446,73941,103446,1
63,22,2036,,24-13,77462,-103446,77462,103446,77462,103446,1
63,23,2037,,24-14,80983,-103446,80983,103446,80983,103446,1
63,24,2038,,25-10,84504,-103446,84504,103446,84504,103446,1
63,25,2039,,25-11,88025,-103446,88025,103446,88025,103446,1
63,26,2040,,25-12,91546,-103446,91546,103446,91546,103446,1
63,27,2041,,25-13,95067,-103446,95067,103446,95067,103446,1
63,28,2042,,25-14,98588,-103446,98588,103446,98588,103446,1
63,29,2043,,26-10,102109,-103446,102109,103446,102109,103446,1
63,30,2044,,26-11,105630,-103446,105630,103446,105630,103446,1
63,31,2045,,26-12,109151,-103446,109151,103446,109151,103446,1
63,32,2046,,26-13,112672,-103446,112672,103446,112672,103446,1
63,33,2047,,26-14,116193,-103446,116193,103446,116193,103446,1
63,34,2048,,27-10,119714,-103446,119714,103446,119714,103446,1
64,4,2049,,21-00,14084,-105088,14084,105088,14084,105088,1
64,5,2050,,21-01,17605,-105088,17605,105088,17605,105088,1
64,6,2051,,21-02,21126,-105088,21126,105088,21126,105088,1
64,7,2052,,21-03,24647,-105088,24647,105088,24647,105088,1
64,8,2053,,21-04,28168,-105088,28168,105088,28168,105088,1
64,9,2054,,22-00,31689,-105088,31689,105088,31689,105088,1
64,10,2055,,22-01,35210,-105088,35210,105088,35210,105088,1
64,11,2056,,22-02,38731,-105088,38731,105088,38731,105088,1
64,12,2057,,22-03,42252,-105088,42252,105088,42252,105088,1
64,13,2058,,22-04,45773,-105088,45773,105088,45773,105088,1
64,14,2059,,23-00,49294,-105088,49294,105088,49294,105088,1
64,15,2060,,23-01,52815,-105088,52815,105088,52815,105088,1
64,16,2061,,23-02,56336,-105088,56336,105088,56336,105088,1
64,17,2062,,23-03,59857,-105088,59857,105088,59857,105088,1
64,18,2063,,23-04,63378,-105088,63378,105088,63378,105088,1
64,19,2064,,24-00,66899,-105088,66899,105088,66899,105088,1
64,20,2065,,24-01,70420,-105088,70420,105088,70420,105088,1
64,21,2066,,24-02,73941,-105088,73941,105088,73941,105088,1
64,22,2067,,24-03,77462,-105088,77462,105088,77462,105088,1
64,23,2068,,24-04,80983,-105088,80983,105088,80983,105088,1
64,24,2069,,25-00,84504,-105088,84504,105088,84504,105088,1
64,25,2070,,25-01,88025,-105088,88025,105088,88025,105088,1
64,26,2071,,25-02,91546,-105088,91546,105088,91546,105088,1
64,27,2072,,25-03,95067,-105088,95067,105088,95067,105088,1
64,28,2073,,25-04,98588,-105088,98588,105088,98588,105088,1
64,29,2074,,26-00,102109,-105088,102109,105088,102109,105088,1
64,30,2075,,26-01,105630,-105088,105630,105088,105630,105088,1
64,31,2076,,26-02,109151,-105088,109151,105088,109151,105088,1
64,32,2077,,26-03,112672,-105088,112672,105088,112672,105088,1
64,33,2078,,26-04,116193,-105088,116193,105088,116193,105088,1
65,4,2079,,11-70,14084,-106730,14084,106730,14084,106730,1
65,5,2080,,11-71,17605,-106730,17605,106730,17605,106730,1
65,6,2081,,11-72,21126,-106730,21126,106730,21126,106730,1
65,7,2082,,11-73,24647,-106730,24647,106730,24647,106730,1
65,8,2083,,11-74,28168,-106730,28168,106730,28168,106730,1
65,9,2084,,12-70,31689,-106730,31689,106730,31689,106730,1
65,10,2085,,12-71,35210,-106730,35210,106730,35210,106730,1
65,11,2086,,12-72,38731,-106730,38731,106730,38731,106730,1
65,12,2087,,12-73,42252,-106730,42252,106730,42252,106730,1
65,13,2088,,12-74,45773,-106730,45773,106730,45773,106730,1
65,14,2089,,13-70,49294,-106730,49294,106730,49294,106730,1
65,15,2090,,13-71,52815,-106730,52815,106730,52815,106730,1
65,16,2091,,13-72,56336,-106730,56336,106730,56336,106730,1
65,17,2092,,13-73,59857,-106730,59857,106730,59857,106730,1
65,18,2093,,13-74,63378,-106730,63378,106730,63378,106730,1
65,19,2094,,14-70,66899,-106730,66899,106730,66899,106730,1
65,20,2095,,14-71,70420,-106730,70420,106730,70420,106730,1
65,21,2096,,14-72,73941,-106730,73941,106730,73941,106730,1
65,22,2097,,14-73,77462,-106730,77462,106730,77462,106730,1
65,23,2098,,14-74,80983,-106730,80983,106730,80983,106730,1
65,24,2099,,15-70,84504,-106730,84504,106730,84504,106730,1
65,25,2100,,15-71,88025,-106730,88025,106730,88025,106730,1
65,26,2101,,15-72,91546,-106730,91546,106730,91546,106730,1
65,27,2102,,15-73,95067,-106730,95067,106730,95067,106730,1
65,28,2103,,15-74,98588,-106730,98588,106730,98588,106730,1
65,29,2104,,16-70,102109,-106730,102109,106730,102109,106730,1
65,30,2105,,16-71,105630,-106730,105630,106730,105630,106730,1
65,31,2106,,16-72,109151,-106730,109151,106730,109151,106730,1
65,32,2107,,16-73,112672,-106730,112672,106730,112672,106730,1
65,33,2108,,16-74,116193,-106730,116193,106730,116193,106730,1
66,5,2109,,11-61,17605,-108372,17605,108372,17605,108372,1
66,6,2110,,11-62,21126,-108372,21126,108372,21126,108372,1
66,7,2111,,11-63,24647,-108372,24647,108372,24647,108372,1
66,8,2112,,11-64,28168,-108372,28168,108372,28168,108372,1
66,9,2113,,12-60,31689,-108372,31689,108372,31689,108372,1
66,10,2114,,12-61,35210,-108372,35210,108372,35210,108372,1
66,11,2115,,12-62,38731,-108372,38731,108372,38731,108372,1
66,12,2116,,12-63,42252,-108372,42252,108372,42252,108372,1
66,13,2117,,12-64,45773,-108372,45773,108372,45773,108372,1
66,14,2118,,13-60,49294,-108372,49294,108372,49294,108372,1
66,15,2119,,13-61,52815,-108372,52815,108372,52815,108372,1
66,16,2120,,13-62,56336,-108372,56336,108372,56336,108372,1
66,17,2121,,13-63,59857,-108372,59857,108372,59857,108372,1
66,18,2122,,13-64,63378,-108372,63378,108372,63378,108372,1
66,19,2123,,14-60,66899,-108372,66899,108372,66899,108372,1
66,20,2124,,14-61,70420,-108372,70420,108372,70420,108372,1
66,21,2125,,14-62,73941,-108372,73941,108372,73941,108372,1
66,22,2126,,14-63,77462,-108372,77462,108372,77462,108372,1
66,23,2127,,14-64,80983,-108372,80983,108372,80983,108372,1
66,24,2128,,15-60,84504,-108372,84504,108372,84504,108372,1
66,25,2129,,15-61,88025,-108372,88025,108372,88025,108372,1
66,26,2130,,15-62,91546,-108372,91546,108372,91546,108372,1
66,27,2131,,15-63,95067,-108372,95067,108372,95067,108372,1
66,28,2132,,15-64,98588,-108372,98588,108372,98588,108372,1
66,29,2133,,16-60,102109,-108372,102109,108372,102109,108372,1
66,30,2134,,16-61,105630,-108372,105630,108372,105630,108372,1
66,31,2135,,16-62,109151,-108372,109151,108372,109151,108372,1
66,32,2136,,16-63,112672,-108372,112672,108372,112672,108372,1
67,5,2137,,11-51,17605,-110014,17605,110014,17605,110014,1
67,6,2138,,11-52,21126,-110014,21126,110014,21126,110014,1
67,7,2139,,11-53,24647,-110014,24647,110014,24647,110014,1
67,8,2140,,11-54,28168,-110014,28168,110014,28168,110014,1
67,9,2141,,12-50,31689,-110014,31689,110014,31689,110014,1
67,10,2142,,12-51,35210,-110014,35210,110014,35210,110014,1
67,11,2143,,12-52,38731,-110014,38731,110014,38731,110014,1
67,12,2144,,12-53,42252,-110014,42252,110014,42252,110014,1
67,13,2145,,12-54,45773,-110014,45773,110014,45773,110014,1
67,14,2146,,13-50,49294,-110014,49294,110014,49294,110014,1
67,15,2147,,13-51,52815,-110014,52815,110014,52815,110014,1
67,16,2148,,13-52,56336,-110014,56336,110014,56336,110014,1
67,17,2149,,13-53,59857,-110014,59857,110014,59857,110014,1
67,18,2150,,13-54,63378,-110014,63378,110014,63378,110014,1
67,19,2151,,14-50,66899,-110014,66899,110014,66899,110014,1
67,20,2152,,14-51,70420,-110014,70420,110014,70420,110014,1
67,21,2153,,14-52,73941,-110014,73941,110014,73941,110014,1
67,22,2154,,14-53,77462,-110014,77462,110014,77462,110014,1
67,23,2155,,14-54,80983,-110014,80983,110014,80983,110014,1
67,24,2156,,15-50,84504,-110014,84504,110014,84504,110014,1
67,25,2157,,15-51,88025,-110014,88025,110014,88025,110014,1
67,26,2158,,15-52,91546,-110014,91546,110014,91546,110014,1
67,27,2159,,15-53,95067,-110014,95067,110014,95067,110014,1
67,28,2160,,15-54,98588,-110014,98588,110014,98588,110014,1
67,29,2161,,16-50,102109,-110014,102109,110014,102109,110014,1
67,30,2162,,16-51,105630,-110014,105630,110014,105630,110014,1
67,31,2163,,16-52,109151,-110014,109151,110014,109151,110014,1
67,32,2164,,16-53,112672,-110014,112672,110014,112672,110014,1
68,5,2165,,11-41,17605,-111656,17605,111656,17605,111656,1
68,6,2166,,11-42,21126,-111656,21126,111656,21126,111656,1
68,7,2167,,11-43,24647,-111656,24647,111656,24647,111656,1
68,8,2168,,11-44,28168,-111656,28168,111656,28168,111656,1
68,9,2169,,12-40,31689,-111656,31689,111656,31689,111656,1
68,10,2170,,12-41,35210,-111656,35210,111656,35210,111656,1
68,11,2171,,12-42,38731,-111656,38731,111656,38731,111656,1
68,12,2172,,12-43,42252,-111656,42252,111656,42252,111656,1
68,13,2173,,12-44,45773,-111656,45773,111656,45773,111656,1
68,14,2174,,13-40,49294,-111656,49294,111656,49294,111656,1
68,15,2175,,13-41,52815,-111656,52815,111656,52815,111656,1
68,16,2176,,13-42,56336,-111656,56336,111656,56336,111656,1
68,17,2177,,13-43,59857,-111656,59857,111656,59857,111656,1
68,18,2178,,13-44,63378,-111656,63378,111656,63378,111656,1
68,19,2179,,14-40,66899,-111656,66899,111656,66899,111656,1
68,20,2180,,14-41,70420,-111656,70420,111656,70420,111656,1
68,21,2181,,14-42,73941,-111656,73941,111656,73941,111656,1
68,22,2182,,14-43,77462,-111656,77462,111656,77462,111656,1
68,23,2183,,14-44,80983,-111656,80983,111656,80983,111656,1
68,24,2184,,15-40,84504,-111656,84504,111656,84504,111656,1
68,25,2185,,15-41,88025,-111656,88025,111656,88025,111656,1
68,26,2186,,15-42,91546,-111656,91546,111656,91546,111656,1
68,27,2187,,15-43,95067,-111656,95067,111656,95067,111656,1
68,28,2188,,15-44,98588,-111656,98588,111656,98588,111656,1
68,29,2189,,16-40,102109,-111656,102109,111656,102109,111656,1
68,30,2190,,16-41,105630,-111656,105630,111656,105630,111656,1
68,31,2191,,16-42,109151,-111656,109151,111656,109151,111656,1
68,32,2192,,16-43,112672,-111656,112672,111656,112672,111656,1
69,6,2193,,11-32,21126,-113298,21126,113298,21126,113298,1
69,7,2194,,11-33,24647,-113298,24647,113298,24647,113298,1
69,8,2195,,11-34,28168,-113298,28168,113298,28168,113298,1
69,9,2196,,12-30,31689,-113298,31689,113298,31689,113298,1
69,10,2197,,12-31,35210,-113298,35210,113298,35210,113298,1
69,11,2198,,12-32,38731,-113298,38731,113298,38731,113298,1
69,12,2199,,12-33,42252,-113298,42252,113298,42252,113298,1
69,13,2200,,12-34,45773,-113298,45773,113298,45773,113298,1
69,14,2201,,13-30,49294,-113298,49294,113298,49294,113298,1
69,15,2202,,13-31,52815,-113298,52815,113298,52815,113298,1
69,16,2203,,13-32,56336,-113298,56336,113298,56336,113298,1
69,17,2204,,13-33,59857,-113298,59857,113298,59857,113298,1
69,18,2205,,13-34,63378,-113298,63378,113298,63378,113298,1
69,19,2206,,14-30,66899,-113298,66899,113298,66899,113298,1
69,20,2207,,14-31,70420,-113298,70420,113298,70420,113298,1
69,21,2208,,14-32,73941,-113298,73941,113298,73941,113298,1
69,22,2209,,14-33,77462,-113298,77462,113298,77462,113298,1
69,23,2210,,14-34,80983,-113298,80983,113298,80983,113298,1
69,24,2211,,15-30,84504,-113298,84504,113298,84504,113298,1
69,25,2212,,15-31,88025,-113298,88025,113298,88025,113298,1
69,26,2213,,15-32,91546,-113298,91546,113298,91546,113298,1
69,27,2214,,15-33,95067,-113298,95067,113298,95067,113298,1
69,28,2215,,15-34,98588,-113298,98588,113298,98588,113298,1
69,29,2216,,16-30,102109,-113298,102109,113298,102109,113298,1
69,30,2217,,16-31,105630,-113298,105630,113298,105630,113298,1
69,31,2218,,16-32,109151,-113298,109151,113298,109151,113298,1
70,6,2219,,11-22,21126,-114940,21126,114940,21126,114940,1
70,7,2220,,11-23,24647,-114940,24647,114940,24647,114940,1
70,8,2221,,11-24,28168,-114940,28168,114940,28168,114940,1
70,9,2222,,12-20,31689,-114940,31689,114940,31689,114940,1
70,10,2223,,12-21,35210,-114940,35210,114940,35210,114940,1
70,11,2224,,12-22,38731,-114940,38731,114940,38731,114940,1
70,12,2225,,12-23,42252,-114940,42252,114940,42252,114940,1
70,13,2226,,12-24,45773,-114940,45773,114940,45773,114940,1
70,14,2227,,13-20,49294,-114940,49294,114940,49294,114940,1
70,15,2228,,13-21,52815,-114940,52815,114940,52815,114940,1
70,16,2229,,13-22,56336,-114940,56336,114940,56336,114940,1
70,17,2230,,13-23,59857,-114940,59857,114940,59857,114940,1
70,18,2231,,13-24,63378,-114940,63378,114940,63378,114940,1
70,19,2232,,14-20,66899,-114940,66899,114940,66899,114940,1
70,20,2233,,14-21,70420,-114940,70420,114940,70420,114940,1
70,21,2234,,14-22,73941,-114940,73941,114940,73941,114940,1
70,22,2235,,14-23,77462,-114940,77462,114940,77462,114940,1
70,23,2236,,14-24,80983,-114940,80983,114940,80983,114940,1
70,24,2237,,15-20,84504,-114940,84504,114940,84504,114940,1
70,25,2238,,15-21,88025,-114940,88025,114940,88025,114940,1
70,26,2239,,15-22,91546,-114940,91546,114940,91546,114940,1
70,27,2240,,15-23,95067,-114940,95067,114940,95067,114940,1
70,28,2241,,15-24,98588,-114940,98588,114940,98588,114940,1
70,29,2242,,16-20,102109,-114940,102109,114940,102109,114940,1
70,30,2243,,16-21,105630,-114940,105630,114940,105630,114940,1
70,31,2244,,16-22,109151,-114940,109151,114940,109151,114940,1
71,7,2245,,11-13,24647,-116582,24647,116582,24647,116582,1
71,8,2246,,11-14,28168,-116582,28168,116582,28168,116582,1
71,9,2247,,12-10,31689,-116582,31689,116582,31689,116582,1
71,10,2248,,12-11,35210,-116582,35210,116582,35210,116582,1
71,11,2249,,12-12,38731,-116582,38731,116582,38731,116582,1
71,12,2250,,12-13,42252,-116582,42252,116582,42252,116582,1
71,13,2251,,12-14,45773,-116582,45773,116582,45773,116582,1
71,14,2252,,13-10,49294,-116582,49294,116582,49294,116582,1
71,15,2253,,13-11,52815,-116582,52815,116582,52815,116582,1
71,16,2254,,13-12,56336,-116582,56336,116582,56336,116582,1
71,17,2255,,13-13,59857,-116582,59857,116582,59857,116582,1
71,18,2256,,13-14,63378,-116582,63378,116582,63378,116582,1
71,19,2257,,14-10,66899,-116582,66899,116582,66899,116582,1
71,20,2258,,14-11,70420,-116582,70420,116582,70420,116582,1
71,21,2259,,14-12,73941,-116582,73941,116582,73941,116582,1
71,22,2260,,14-13,77462,-116582,77462,116582,77462,116582,1
71,23,2261,,14-14,80983,-116582,80983,116582,80983,116582,1
71,24,2262,,15-10,84504,-116582,84504,116582,84504,116582,1
71,25,2263,,15-11,88025,-116582,88025,116582,88025,116582,1
71,26,2264,,15-12,91546,-116582,91546,116582,91546,116582,1
71,27,2265,,15-13,95067,-116582,95067,116582,95067,116582,1
71,28,2266,,15-14,98588,-116582,98588,116582,98588,116582,1
71,29,2267,,16-10,102109,-116582,102109,116582,102109,116582,1
71,30,2268,,16-11,105630,-116582,105630,116582,105630,116582,1
72,7,2269,,11-03,24647,-118224,24647,118224,24647,118224,1
72,8,2270,,11-04,28168,-118224,28168,118224,28168,118224,1
72,9,2271,,12-00,31689,-118224,31689,118224,31689,118224,1
72,10,2272,,12-01,35210,-118224,35210,118224,35210,118224,1
72,11,2273,,12-02,38731,-118224,38731,118224,38731,118224,1
72,12,2274,,12-03,42252,-118224,42252,118224,42252,118224,1
72,13,2275,,12-04,45773,-118224,45773,118224,45773,118224,1
72,14,2276,,13-00,49294,-118224,49294,118224,49294,118224,1
72,15,2277,,13-01,52815,-118224,52815,118224,52815,118224,1
72,16,2278,,13-02,56336,-118224,56336,118224,56336,118224,1
72,17,2279,,13-03,59857,-118224,59857,118224,59857,118224,1
72,18,2280,,13-04,63378,-118224,63378,118224,63378,118224,1
72,19,2281,,14-00,66899,-118224,66899,118224,66899,118224,1
72,20,2282,,14-01,70420,-118224,70420,118224,70420,118224,1
72,21,2283,,14-02,73941,-118224,73941,118224,73941,118224,1
72,22,2284,,14-03,77462,-118224,77462,118224,77462,118224,1
72,23,2285,,14-04,80983,-118224,80983,118224,80983,118224,1
72,24,2286,,15-00,84504,-118224,84504,118224,84504,118224,1
72,25,2287,,15-01,88025,-118224,88025,118224,88025,118224,1
72,26,2288,,15-02,91546,-118224,91546,118224,91546,118224,1
72,27,2289,,15-03,95067,-118224,95067,118224,95067,118224,1
72,28,2290,,15-04,98588,-118224,98588,118224,98588,118224,1
72,29,2291,,16-00,102109,-118224,102109,118224,102109,118224,1
72,30,2292,,16-01,105630,-118224,105630,118224,105630,118224,1
73,8,2293,,01-74,28168,-119866,28168,119866,28168,119866,1
73,9,2294,,02-70,31689,-119866,31689,119866,31689,119866,1
73,10,2295,,02-71,35210,-119866,35210,119866,35210,119866,1
73,11,2296,,02-72,38731,-119866,38731,119866,38731,119866,1
73,12,2297,,02-73,42252,-119866,42252,119866,42252,119866,1
73,13,2298,,02-74,45773,-119866,45773,119866,45773,119866,1
73,14,2299,,03-70,49294,-119866,49294,119866,49294,119866,1
73,15,2300,,03-71,52815,-119866,52815,119866,52815,119866,1
73,16,2301,,03-72,56336,-119866,56336,119866,56336,119866,1
73,17,2302,,03-73,59857,-119866,59857,119866,59857,119866,1
73,18,2303,,03-74,63378,-119866,63378,119866,63378,119866,1
73,19,2304,,04-70,66899,-119866,66899,119866,66899,119866,1
73,20,2305,,04-71,70420,-119866,70420,119866,70420,119866,1
73,21,2306,,04-72,73941,-119866,73941,119866,73941,119866,1
73,22,2307,,04-73,77462,-119866,77462,119866,77462,119866,1
73,23,2308,,04-74,80983,-119866,80983,119866,80983,119866,1
73,24,2309,,05-70,84504,-119866,84504,119866,84504,119866,1
73,25,2310,,05-71,88025,-119866,88025,119866,88025,119866,1
73,26,2311,,05-72,91546,-119866,91546,119866,91546,119866,1
73,27,2312,,05-73,95067,-119866,95067,119866,95067,119866,1
73,28,2313,,05-74,98588,-119866,98588,119866,98588,119866,1
73,29,2314,,06-70,102109,-119866,102109,119866,102109,119866,1
74,9,2315,,02-60,31689,-121508,31689,121508,31689,121508,1
74,10,2316,,02-61,35210,-121508,35210,121508,35210,121508,1
74,11,2317,,02-62,38731,-121508,38731,121508,38731,121508,1
74,12,2318,,02-63,42252,-121508,42252,121508,42252,121508,1
74,13,2319,,02-64,45773,-121508,45773,121508,45773,121508,1
74,14,2320,,03-60,49294,-121508,49294,121508,49294,121508,1
74,15,2321,,03-61,52815,-121508,52815,121508,52815,121508,1
74,16,2322,,03-62,56336,-121508,56336,121508,56336,121508,1
74,17,2323,,03-63,59857,-121508,59857,121508,59857,121508,1
74,18,2324,,03-64,63378,-121508,63378,121508,63378,121508,1
74,19,2325,,04-60,66899,-121508,66899,121508,66899,121508,1
74,20,2326,,04-61,70420,-121508,70420,121508,70420,121508,1
74,21,2327,,04-62,73941,-121508,73941,121508,73941,121508,1
74,22,2328,,04-63,77462,-121508,77462,121508,77462,121508,1
74,23,2329,,04-64,80983,-121508,80983,121508,80983,121508,1
74,24,2330,,05-60,84504,-121508,84504,121508,84504,121508,1
74,25,2331,,05-61,88025,-121508,88025,121508,88025,121508,1
74,26,2332,,05-62,91546,-121508,91546,121508,91546,121508,1
74,27,2333,,05-63,95067,-121508,95067,121508,95067,121508,1
74,28,2334,,05-64,98588,-121508,98588,121508,98588,121508,1
75,9,2335,,02-50,31689,-123150,31689,123150,31689,123150,1
75,10,2336,,02-51,35210,-123150,35210,123150,35210,123150,1
75,11,2337,,02-52,38731,-123150,38731,123150,38731,123150,1
75,12,2338,,02-53,42252,-123150,42252,123150,42252,123150,1
75,13,2339,,02-54,45773,-123150,45773,123150,45773,123150,1
75,14,2340,,03-50,49294,-123150,49294,123150,49294,123150,1
75,15,2341,,03-51,52815,-123150,52815,123150,52815,123150,1
75,16,2342,,03-52,56336,-123150,56336,123150,56336,123150,1
75,17,2343,,03-53,59857,-123150,59857,123150,59857,123150,1
75,18,2344,,03-54,63378,-123150,63378,123150,63378,123150,1
75,19,2345,,04-50,66899,-123150,66899,123150,66899,123150,1
75,20,2346,,04-51,70420,-123150,70420,123150,70420,123150,1
75,21,2347,,04-52,73941,-123150,73941,123150,73941,123150,1
75,22,2348,,04-53,77462,-123150,77462,123150,77462,123150,1
75,23,2349,,04-54,80983,-123150,80983,123150,80983,123150,1
75,24,2350,,05-50,84504,-123150,84504,123150,84504,123150,1
75,25,2351,,05-51,88025,-123150,88025,123150,88025,123150,1
75,26,2352,,05-52,91546,-123150,91546,123150,91546,123150,1
75,27,2353,,05-53,95067,-123150,95067,123150,95067,123150,1
75,28,2354,,05-54,98588,-123150,98588,123150,98588,123150,1
76,10,2355,,02-41,35210,-124792,35210,124792,35210,124792,1
76,11,2356,,02-42,38731,-124792,38731,124792,38731,124792,1
76,12,2357,,02-43,42252,-124792,42252,124792,42252,124792,1
76,13,2358,,02-44,45773,-124792,45773,124792,45773,124792,1
76,14,2359,,03-40,49294,-124792,49294,124792,49294,124792,1
76,15,2360,,03-41,52815,-124792,52815,124792,52815,124792,1
76,16,2361,,03-42,56336,-124792,56336,124792,56336,124792,1
76,17,2362,,03-43,59857,-124792,59857,124792,59857,124792,1
76,18,2363,,03-44,63378,-124792,63378,124792,63378,124792,1
76,19,2364,,04-40,66899,-124792,66899,124792,66899,124792,1
76,20,2365,,04-41,70420,-124792,70420,124792,70420,124792,1
76,21,2366,,04-42,73941,-124792,73941,124792,73941,124792,1
76,22,2367,,04-43,77462,-124792,77462,124792,77462,124792,1
76,23,2368,,04-44,80983,-124792,80983,124792,80983,124792,1
76,24,2369,,05-40,84504,-124792,84504,124792,84504,124792,1
76,25,2370,,05-41,88025,-124792,88025,124792,88025,124792,1
76,26,2371,,05-42,91546,-124792,91546,124792,91546,124792,1
76,27,2372,,05-43,95067,-124792,95067,124792,95067,124792,1
77,11,2373,,02-32,38731,-126434,38731,126434,38731,126434,1
77,12,2374,,02-33,42252,-126434,42252,126434,42252,126434,1
77,13,2375,,02-34,45773,-126434,45773,126434,45773,126434,1
77,14,2376,,03-30,49294,-126434,49294,126434,49294,126434,1
77,15,2377,,03-31,52815,-126434,52815,126434,52815,126434,1
77,16,2378,,03-32,56336,-126434,56336,126434,56336,126434,1
77,17,2379,,03-33,59857,-126434,59857,126434,59857,126434,1
77,18,2380,,03-34,63378,-126434,63378,126434,63378,126434,1
77,19,2381,,04-30,66899,-126434,66899,126434,66899,126434,1
77,20,2382,,04-31,70420,-126434,70420,126434,70420,126434,1
77,21,2383,,04-32,73941,-126434,73941,126434,73941,126434,1
77,22,2384,,04-33,77462,-126434,77462,126434,77462,126434,1
77,23,2385,,04-34,80983,-126434,80983,126434,80983,126434,1
77,24,2386,,05-30,84504,-126434,84504,126434,84504,126434,1
77,25,2387,,05-31,88025,-126434,88025,126434,88025,126434,1
77,26,2388,,05-32,91546,-126434,91546,126434,91546,126434,1
78,12,2389,,02-23,42252,-128076,42252,128076,42252,128076,1
78,13,2390,,02-24,45773,-128076,45773,128076,45773,128076,1
78,14,2391,,03-20,49294,-128076,49294,128076,49294,128076,1
78,15,2392,,03-21,52815,-128076,52815,128076,52815,128076,1
78,16,2393,,03-22,56336,-128076,56336,128076,56336,128076,1
78,17,2394,,03-23,59857,-128076,59857,128076,59857,128076,1
78,18,2395,,03-24,63378,-128076,63378,128076,63378,128076,1
78,19,2396,,04-20,66899,-128076,66899,128076,66899,128076,1
78,20,2397,,04-21,70420,-128076,70420,128076,70420,128076,1
78,21,2398,,04-22,73941,-128076,73941,128076,73941,128076,1
78,22,2399,,04-23,77462,-128076,77462,128076,77462,128076,1
78,23,2400,,04-24,80983,-128076,80983,128076,80983,128076,1
78,24,2401,,05-20,84504,-128076,84504,128076,84504,128076,1
78,25,2402,,05-21,88025,-128076,88025,128076,88025,128076,1
79,13,2403,,02-14,45773,-129718,45773,129718,45773,129718,1
79,14,2404,,03-10,49294,-129718,49294,129718,49294,129718,1
79,15,2405,,03-11,52815,-129718,52815,129718,52815,129718,1
79,16,2406,,03-12,56336,-129718,56336,129718,56336,129718,1
79,17,2407,,03-13,59857,-129718,59857,129718,59857,129718,1
79,18,2408,,03-14,63378,-129718,63378,129718,63378,129718,1
79,19,2409,,04-10,66899,-129718,66899,129718,66899,129718,1
79,20,2410,,04-11,70420,-129718,70420,129718,70420,129718,1
79,21,2411,,04-12,73941,-129718,73941,129718,73941,129718,1
79,22,2412,,04-13,77462,-129718,77462,129718,77462,129718,1
79,23,2413,,04-14,80983,-129718,80983,129718,80983,129718,1
79,24,2414,,05-10,84504,-129718,84504,129718,84504,129718,1
80,15,2415,,03-01,52815,-131360,52815,131360,52815,131360,1
80,16,2416,,03-02,56336,-131360,56336,131360,56336,131360,1
80,17,2417,,03-03,59857,-131360,59857,131360,59857,131360,1
80,18,2418,,03-04,63378,-131360,63378,131360,63378,131360,1
80,19,2419,,04-00,66899,-131360,66899,131360,66899,131360,1
80,20,2420,,04-01,70420,-131360,70420,131360,70420,131360,1
80,21,2421,,04-02,73941,-131360,73941,131360,73941,131360,1
80,22,2422,,04-03,77462,-131360,77462,131360,77462,131360,1
