parent_cell,reference_index,referenced_cell,origin_x_um,origin_y_um,rotation,magnification,x_reflection,columns,rows,spacing_x_um,spacing_y_um,bbox_min_x_um,bbox_min_y_um,bbox_max_x_um,bbox_max_y_um,bbox_width_um,bbox_height_um,bbox_center_x_um,bbox_center_y_um
Target_Shot_R7,1,target_object,880.5,19.5,0.0,1.0,False,,,,,865.5,-173.0,895.5,212.0,30.0,385.0,880.5,19.5
Target_Shot_R7,2,target_object,820.5,19.5,0.0,1.0,False,,,,,805.5,-173.0,835.5,212.0,30.0,385.0,820.5,19.5
Target_Shot_R7,3,target_object,760.5,19.5,0.0,1.0,False,,,,,745.5,-173.0,775.5,212.0,30.0,385.0,760.5,19.5
Target_Shot_R7,4,target_object,700.5,19.5,0.0,1.0,False,,,,,685.5,-173.0,715.5,212.0,30.0,385.0,700.5,19.5
Target_Shot_R7,5,target_object,640.5,19.5,0.0,1.0,False,,,,,625.5,-173.0,655.5,212.0,30.0,385.0,640.5,19.5
HPLMP01S1A,1,test_die,26430.0,3290.0,0.0,1.0,False,,,,,24668.0,2467.5,28192.0,4112.5,3524.0,1645.0,26430.0,3290.0
HPLMP01S1A,2,test_die,-44050.0,3290.0,0.0,1.0,False,,,,,-45812.0,2467.5,-42288.0,4112.5,3524.0,1645.0,-44050.0,3290.0
HPLMP01S1A,3,Target_Shot_R7,44050.0,0.0,0.0,1.0,False,,,,,42288.0,-822.5,45812.0,822.5,3524.0,1645.0,44050.0,0.0
HPLMP01S1A,4,Target_Shot_R7,-44050.0,0.0,0.0,1.0,False,,,,,-45812.0,-822.5,-42288.0,822.5,3524.0,1645.0,-44050.0,0.0
HPLMP01S1A,5,test_die,-8810.0,3290.0,0.0,1.0,False,,,,,-10572.0,2467.5,-7048.0,4112.5,3524.0,1645.0,-8810.0,3290.0
HPLMP01S1A,6,test_die,61670.0,-16450.0,0.0,1.0,False,,,,,59908.0,-17272.5,63432.0,-15627.5,3524.0,1645.0,61670.0,-16450.0
HPLMP01S1A,7,single_die,61670.0,-14805.0,0.0,1.0,False,,,,,59908.0,-15627.5,63432.0,-13982.5,3524.0,1645.0,61670.0,-14805.0
HPLMP01S1A,8,test_die,61670.0,3290.0,0.0,1.0,False,,,,,59908.0,2467.5,63432.0,4112.5,3524.0,1645.0,61670.0,3290.0
HPLMP01S1A,9,single_die,61670.0,4935.0,0.0,1.0,False,,,,,59908.0,4112.5,63432.0,5757.5,3524.0,1645.0,61670.0,4935.0
HPLMP01S1A,10,test_die,61670.0,23030.0,0.0,1.0,False,,,,,59908.0,22207.5,63432.0,23852.5,3524.0,1645.0,61670.0,23030.0
HPLMP01S1A,11,single_die,61670.0,24675.0,0.0,1.0,False,,,,,59908.0,23852.5,63432.0,25497.5,3524.0,1645.0,61670.0,24675.0
HPLMP01S1A,12,test_die,26430.0,42770.0,0.0,1.0,False,,,,,24668.0,41947.5,28192.0,43592.5,3524.0,1645.0,26430.0,42770.0
HPLMP01S1A,13,single_die,26430.0,44415.0,0.0,1.0,False,,,,,24668.0,43592.5,28192.0,45237.5,3524.0,1645.0,26430.0,44415.0
HPLMP01S1A,14,test_die,26430.0,23030.0,0.0,1.0,False,,,,,24668.0,22207.5,28192.0,23852.5,3524.0,1645.0,26430.0,23030.0
HPLMP01S1A,15,single_die,26430.0,24675.0,0.0,1.0,False,,,,,24668.0,23852.5,28192.0,25497.5,3524.0,1645.0,26430.0,24675.0
HPLMP01S1A,16,test_die,26430.0,-55930.0,0.0,1.0,False,,,,,24668.0,-56752.5,28192.0,-55107.5,3524.0,1645.0,26430.0,-55930.0
HPLMP01S1A,17,test_die,-8810.0,-55930.0,0.0,1.0,False,,,,,-10572.0,-56752.5,-7048.0,-55107.5,3524.0,1645.0,-8810.0,-55930.0
HPLMP01S1A,18,test_die,26430.0,-16450.0,0.0,1.0,False,,,,,24668.0,-17272.5,28192.0,-15627.5,3524.0,1645.0,26430.0,-16450.0
HPLMP01S1A,19,single_die,26430.0,-14805.0,0.0,1.0,False,,,,,24668.0,-15627.5,28192.0,-13982.5,3524.0,1645.0,26430.0,-14805.0
HPLMP01S1A,20,test_die,26430.0,-36190.0,0.0,1.0,False,,,,,24668.0,-37012.5,28192.0,-35367.5,3524.0,1645.0,26430.0,-36190.0
HPLMP01S1A,21,single_die,26430.0,-34545.0,0.0,1.0,False,,,,,24668.0,-35367.5,28192.0,-33722.5,3524.0,1645.0,26430.0,-34545.0
HPLMP01S1A,22,test_die,-44050.0,-36190.0,0.0,1.0,False,,,,,-45812.0,-37012.5,-42288.0,-35367.5,3524.0,1645.0,-44050.0,-36190.0
HPLMP01S1A,23,single_die,-44050.0,-34545.0,0.0,1.0,False,,,,,-45812.0,-35367.5,-42288.0,-33722.5,3524.0,1645.0,-44050.0,-34545.0
HPLMP01S1A,24,test_die,-44050.0,-16450.0,0.0,1.0,False,,,,,-45812.0,-17272.5,-42288.0,-15627.5,3524.0,1645.0,-44050.0,-16450.0
HPLMP01S1A,25,single_die,-44050.0,-14805.0,0.0,1.0,False,,,,,-45812.0,-15627.5,-42288.0,-13982.5,3524.0,1645.0,-44050.0,-14805.0
HPLMP01S1A,26,test_die,-8810.0,-36190.0,0.0,1.0,False,,,,,-10572.0,-37012.5,-7048.0,-35367.5,3524.0,1645.0,-8810.0,-36190.0
HPLMP01S1A,27,single_die,-8810.0,-34545.0,0.0,1.0,False,,,,,-10572.0,-35367.5,-7048.0,-33722.5,3524.0,1645.0,-8810.0,-34545.0
HPLMP01S1A,28,test_die,-8810.0,-16450.0,0.0,1.0,False,,,,,-10572.0,-17272.5,-7048.0,-15627.5,3524.0,1645.0,-8810.0,-16450.0
HPLMP01S1A,29,single_die,-8810.0,-14805.0,0.0,1.0,False,,,,,-10572.0,-15627.5,-7048.0,-13982.5,3524.0,1645.0,-8810.0,-14805.0
HPLMP01S1A,30,single_die,-8810.0,4935.0,0.0,1.0,False,,,,,-10572.0,4112.5,-7048.0,5757.5,3524.0,1645.0,-8810.0,4935.0
HPLMP01S1A,31,test_die,-8810.0,23030.0,0.0,1.0,False,,,,,-10572.0,22207.5,-7048.0,23852.5,3524.0,1645.0,-8810.0,23030.0
HPLMP01S1A,32,single_die,-8810.0,24675.0,0.0,1.0,False,,,,,-10572.0,23852.5,-7048.0,25497.5,3524.0,1645.0,-8810.0,24675.0
HPLMP01S1A,33,test_die,-8810.0,42770.0,0.0,1.0,False,,,,,-10572.0,41947.5,-7048.0,43592.5,3524.0,1645.0,-8810.0,42770.0
HPLMP01S1A,34,single_die,-8810.0,44415.0,0.0,1.0,False,,,,,-10572.0,43592.5,-7048.0,45237.5,3524.0,1645.0,-8810.0,44415.0
HPLMP01S1A,35,test_die,-44050.0,42770.0,0.0,1.0,False,,,,,-45812.0,41947.5,-42288.0,43592.5,3524.0,1645.0,-44050.0,42770.0
HPLMP01S1A,36,single_die,-44050.0,44415.0,0.0,1.0,False,,,,,-45812.0,43592.5,-42288.0,45237.5,3524.0,1645.0,-44050.0,44415.0
HPLMP01S1A,37,test_die,-44050.0,23030.0,0.0,1.0,False,,,,,-45812.0,22207.5,-42288.0,23852.5,3524.0,1645.0,-44050.0,23030.0
HPLMP01S1A,38,single_die,-40526.0,46060.0,0.0,1.0,False,,,,,-42288.0,45237.5,-38764.0,46882.5,3524.0,1645.0,-40526.0,46060.0
HPLMP01S1A,39,single_die,-47574.0,-1645.0,0.0,1.0,False,,,,,-49336.0,-2467.5,-45812.0,-822.5,3524.0,1645.0,-47574.0,-1645.0
HPLMP01S1A,40,single_die,-44050.0,-1645.0,0.0,1.0,False,,,,,-45812.0,-2467.5,-42288.0,-822.5,3524.0,1645.0,-44050.0,-1645.0
HPLMP01S1A,41,single_die,-40526.0,-1645.0,0.0,1.0,False,,,,,-42288.0,-2467.5,-38764.0,-822.5,3524.0,1645.0,-40526.0,-1645.0
HPLMP01S1A,42,single_die,-47574.0,-46060.0,0.0,1.0,False,,,,,-49336.0,-46882.5,-45812.0,-45237.5,3524.0,1645.0,-47574.0,-46060.0
HPLMP01S1A,43,single_die,-54622.0,-37835.0,0.0,1.0,False,,,,,-56384.0,-38657.5,-52860.0,-37012.5,3524.0,1645.0,-54622.0,-37835.0
HPLMP01S1A,44,single_die,-54622.0,-36190.0,0.0,1.0,False,,,,,-56384.0,-37012.5,-52860.0,-35367.5,3524.0,1645.0,-54622.0,-36190.0
HPLMP01S1A,45,single_die,47574.0,-46060.0,0.0,1.0,False,,,,,45812.0,-46882.5,49336.0,-45237.5,3524.0,1645.0,47574.0,-46060.0
HPLMP01S1A,46,single_die,40526.0,52640.0,0.0,1.0,False,,,,,38764.0,51817.5,42288.0,53462.5,3524.0,1645.0,40526.0,52640.0
HPLMP01S1A,47,single_die,-12334.0,-65800.0,0.0,1.0,False,,,,,-14096.0,-66622.5,-10572.0,-64977.5,3524.0,1645.0,-12334.0,-65800.0
HPLMP01S1A,48,single_die,-8810.0,-65800.0,0.0,1.0,False,,,,,-10572.0,-66622.5,-7048.0,-64977.5,3524.0,1645.0,-8810.0,-65800.0
HPLMP01S1A,49,single_die,-5286.0,-65800.0,0.0,1.0,False,,,,,-7048.0,-66622.5,-3524.0,-64977.5,3524.0,1645.0,-5286.0,-65800.0
HPLMP01S1A,50,single_die,-1762.0,-65800.0,0.0,1.0,False,,,,,-3524.0,-66622.5,0.0,-64977.5,3524.0,1645.0,-1762.0,-65800.0
HPLMP01S1A,51,single_die,1762.0,-65800.0,0.0,1.0,False,,,,,0.0,-66622.5,3524.0,-64977.5,3524.0,1645.0,1762.0,-65800.0
HPLMP01S1A,52,single_die,5286.0,-65800.0,0.0,1.0,False,,,,,3524.0,-66622.5,7048.0,-64977.5,3524.0,1645.0,5286.0,-65800.0
HPLMP01S1A,53,single_die,8810.0,-65800.0,0.0,1.0,False,,,,,7048.0,-66622.5,10572.0,-64977.5,3524.0,1645.0,8810.0,-65800.0
HPLMP01S1A,54,single_die,12334.0,-65800.0,0.0,1.0,False,,,,,10572.0,-66622.5,14096.0,-64977.5,3524.0,1645.0,12334.0,-65800.0
HPLMP01S1A,55,single_die,-19382.0,-64155.0,0.0,1.0,False,,,,,-21144.0,-64977.5,-17620.0,-63332.5,3524.0,1645.0,-19382.0,-64155.0
HPLMP01S1A,56,single_die,-15858.0,-64155.0,0.0,1.0,False,,,,,-17620.0,-64977.5,-14096.0,-63332.5,3524.0,1645.0,-15858.0,-64155.0
HPLMP01S1A,57,single_die,-12334.0,-64155.0,0.0,1.0,False,,,,,-14096.0,-64977.5,-10572.0,-63332.5,3524.0,1645.0,-12334.0,-64155.0
HPLMP01S1A,58,single_die,-8810.0,-64155.0,0.0,1.0,False,,,,,-10572.0,-64977.5,-7048.0,-63332.5,3524.0,1645.0,-8810.0,-64155.0
HPLMP01S1A,59,single_die,-5286.0,-64155.0,0.0,1.0,False,,,,,-7048.0,-64977.5,-3524.0,-63332.5,3524.0,1645.0,-5286.0,-64155.0
HPLMP01S1A,60,single_die,-1762.0,-64155.0,0.0,1.0,False,,,,,-3524.0,-64977.5,0.0,-63332.5,3524.0,1645.0,-1762.0,-64155.0
HPLMP01S1A,61,single_die,1762.0,-64155.0,0.0,1.0,False,,,,,0.0,-64977.5,3524.0,-63332.5,3524.0,1645.0,1762.0,-64155.0
HPLMP01S1A,62,single_die,5286.0,-64155.0,0.0,1.0,False,,,,,3524.0,-64977.5,7048.0,-63332.5,3524.0,1645.0,5286.0,-64155.0
HPLMP01S1A,63,single_die,8810.0,-64155.0,0.0,1.0,False,,,,,7048.0,-64977.5,10572.0,-63332.5,3524.0,1645.0,8810.0,-64155.0
HPLMP01S1A,64,single_die,12334.0,-64155.0,0.0,1.0,False,,,,,10572.0,-64977.5,14096.0,-63332.5,3524.0,1645.0,12334.0,-64155.0
HPLMP01S1A,65,single_die,15858.0,-64155.0,0.0,1.0,False,,,,,14096.0,-64977.5,17620.0,-63332.5,3524.0,1645.0,15858.0,-64155.0
HPLMP01S1A,66,single_die,19382.0,-64155.0,0.0,1.0,False,,,,,17620.0,-64977.5,21144.0,-63332.5,3524.0,1645.0,19382.0,-64155.0
HPLMP01S1A,67,single_die,-22906.0,-62510.0,0.0,1.0,False,,,,,-24668.0,-63332.5,-21144.0,-61687.5,3524.0,1645.0,-22906.0,-62510.0
HPLMP01S1A,68,single_die,-19382.0,-62510.0,0.0,1.0,False,,,,,-21144.0,-63332.5,-17620.0,-61687.5,3524.0,1645.0,-19382.0,-62510.0
HPLMP01S1A,69,single_die,-15858.0,-62510.0,0.0,1.0,False,,,,,-17620.0,-63332.5,-14096.0,-61687.5,3524.0,1645.0,-15858.0,-62510.0
HPLMP01S1A,70,single_die,-12334.0,-62510.0,0.0,1.0,False,,,,,-14096.0,-63332.5,-10572.0,-61687.5,3524.0,1645.0,-12334.0,-62510.0
HPLMP01S1A,71,single_die,-8810.0,-62510.0,0.0,1.0,False,,,,,-10572.0,-63332.5,-7048.0,-61687.5,3524.0,1645.0,-8810.0,-62510.0
HPLMP01S1A,72,single_die,-5286.0,-62510.0,0.0,1.0,False,,,,,-7048.0,-63332.5,-3524.0,-61687.5,3524.0,1645.0,-5286.0,-62510.0
HPLMP01S1A,73,single_die,-1762.0,-62510.0,0.0,1.0,False,,,,,-3524.0,-63332.5,0.0,-61687.5,3524.0,1645.0,-1762.0,-62510.0
HPLMP01S1A,74,single_die,1762.0,-62510.0,0.0,1.0,False,,,,,0.0,-63332.5,3524.0,-61687.5,3524.0,1645.0,1762.0,-62510.0
HPLMP01S1A,75,single_die,5286.0,-62510.0,0.0,1.0,False,,,,,3524.0,-63332.5,7048.0,-61687.5,3524.0,1645.0,5286.0,-62510.0
HPLMP01S1A,76,single_die,8810.0,-62510.0,0.0,1.0,False,,,,,7048.0,-63332.5,10572.0,-61687.5,3524.0,1645.0,8810.0,-62510.0
HPLMP01S1A,77,single_die,12334.0,-62510.0,0.0,1.0,False,,,,,10572.0,-63332.5,14096.0,-61687.5,3524.0,1645.0,12334.0,-62510.0
HPLMP01S1A,78,single_die,15858.0,-62510.0,0.0,1.0,False,,,,,14096.0,-63332.5,17620.0,-61687.5,3524.0,1645.0,15858.0,-62510.0
HPLMP01S1A,79,single_die,19382.0,-62510.0,0.0,1.0,False,,,,,17620.0,-63332.5,21144.0,-61687.5,3524.0,1645.0,19382.0,-62510.0
HPLMP01S1A,80,single_die,22906.0,-62510.0,0.0,1.0,False,,,,,21144.0,-63332.5,24668.0,-61687.5,3524.0,1645.0,22906.0,-62510.0
HPLMP01S1A,81,single_die,-26430.0,-60865.0,0.0,1.0,False,,,,,-28192.0,-61687.5,-24668.0,-60042.5,3524.0,1645.0,-26430.0,-60865.0
HPLMP01S1A,82,single_die,-22906.0,-60865.0,0.0,1.0,False,,,,,-24668.0,-61687.5,-21144.0,-60042.5,3524.0,1645.0,-22906.0,-60865.0
HPLMP01S1A,83,single_die,-19382.0,-60865.0,0.0,1.0,False,,,,,-21144.0,-61687.5,-17620.0,-60042.5,3524.0,1645.0,-19382.0,-60865.0
HPLMP01S1A,84,single_die,-15858.0,-60865.0,0.0,1.0,False,,,,,-17620.0,-61687.5,-14096.0,-60042.5,3524.0,1645.0,-15858.0,-60865.0
HPLMP01S1A,85,single_die,-12334.0,-60865.0,0.0,1.0,False,,,,,-14096.0,-61687.5,-10572.0,-60042.5,3524.0,1645.0,-12334.0,-60865.0
HPLMP01S1A,86,single_die,-8810.0,-60865.0,0.0,1.0,False,,,,,-10572.0,-61687.5,-7048.0,-60042.5,3524.0,1645.0,-8810.0,-60865.0
HPLMP01S1A,87,single_die,-5286.0,-60865.0,0.0,1.0,False,,,,,-7048.0,-61687.5,-3524.0,-60042.5,3524.0,1645.0,-5286.0,-60865.0
HPLMP01S1A,88,single_die,-1762.0,-60865.0,0.0,1.0,False,,,,,-3524.0,-61687.5,0.0,-60042.5,3524.0,1645.0,-1762.0,-60865.0
HPLMP01S1A,89,single_die,1762.0,-60865.0,0.0,1.0,False,,,,,0.0,-61687.5,3524.0,-60042.5,3524.0,1645.0,1762.0,-60865.0
HPLMP01S1A,90,single_die,5286.0,-60865.0,0.0,1.0,False,,,,,3524.0,-61687.5,7048.0,-60042.5,3524.0,1645.0,5286.0,-60865.0
HPLMP01S1A,91,single_die,8810.0,-60865.0,0.0,1.0,False,,,,,7048.0,-61687.5,10572.0,-60042.5,3524.0,1645.0,8810.0,-60865.0
HPLMP01S1A,92,single_die,12334.0,-60865.0,0.0,1.0,False,,,,,10572.0,-61687.5,14096.0,-60042.5,3524.0,1645.0,12334.0,-60865.0
HPLMP01S1A,93,single_die,15858.0,-60865.0,0.0,1.0,False,,,,,14096.0,-61687.5,17620.0,-60042.5,3524.0,1645.0,15858.0,-60865.0
HPLMP01S1A,94,single_die,19382.0,-60865.0,0.0,1.0,False,,,,,17620.0,-61687.5,21144.0,-60042.5,3524.0,1645.0,19382.0,-60865.0
HPLMP01S1A,95,single_die,22906.0,-60865.0,0.0,1.0,False,,,,,21144.0,-61687.5,24668.0,-60042.5,3524.0,1645.0,22906.0,-60865.0
HPLMP01S1A,96,single_die,26430.0,-60865.0,0.0,1.0,False,,,,,24668.0,-61687.5,28192.0,-60042.5,3524.0,1645.0,26430.0,-60865.0
HPLMP01S1A,97,single_die,-29954.0,-59220.0,0.0,1.0,False,,,,,-31716.0,-60042.5,-28192.0,-58397.5,3524.0,1645.0,-29954.0,-59220.0
HPLMP01S1A,98,single_die,-26430.0,-59220.0,0.0,1.0,False,,,,,-28192.0,-60042.5,-24668.0,-58397.5,3524.0,1645.0,-26430.0,-59220.0
HPLMP01S1A,99,single_die,-22906.0,-59220.0,0.0,1.0,False,,,,,-24668.0,-60042.5,-21144.0,-58397.5,3524.0,1645.0,-22906.0,-59220.0
HPLMP01S1A,100,single_die,-19382.0,-59220.0,0.0,1.0,False,,,,,-21144.0,-60042.5,-17620.0,-58397.5,3524.0,1645.0,-19382.0,-59220.0
HPLMP01S1A,101,single_die,-15858.0,-59220.0,0.0,1.0,False,,,,,-17620.0,-60042.5,-14096.0,-58397.5,3524.0,1645.0,-15858.0,-59220.0
HPLMP01S1A,102,single_die,-12334.0,-59220.0,0.0,1.0,False,,,,,-14096.0,-60042.5,-10572.0,-58397.5,3524.0,1645.0,-12334.0,-59220.0
HPLMP01S1A,103,single_die,-8810.0,-59220.0,0.0,1.0,False,,,,,-10572.0,-60042.5,-7048.0,-58397.5,3524.0,1645.0,-8810.0,-59220.0
HPLMP01S1A,104,single_die,-5286.0,-59220.0,0.0,1.0,False,,,,,-7048.0,-60042.5,-3524.0,-58397.5,3524.0,1645.0,-5286.0,-59220.0
HPLMP01S1A,105,single_die,-1762.0,-59220.0,0.0,1.0,False,,,,,-3524.0,-60042.5,0.0,-58397.5,3524.0,1645.0,-1762.0,-59220.0
HPLMP01S1A,106,single_die,1762.0,-59220.0,0.0,1.0,False,,,,,0.0,-60042.5,3524.0,-58397.5,3524.0,1645.0,1762.0,-59220.0
HPLMP01S1A,107,single_die,5286.0,-59220.0,0.0,1.0,False,,,,,3524.0,-60042.5,7048.0,-58397.5,3524.0,1645.0,5286.0,-59220.0
HPLMP01S1A,108,single_die,8810.0,-59220.0,0.0,1.0,False,,,,,7048.0,-60042.5,10572.0,-58397.5,3524.0,1645.0,8810.0,-59220.0
HPLMP01S1A,109,single_die,12334.0,-59220.0,0.0,1.0,False,,,,,10572.0,-60042.5,14096.0,-58397.5,3524.0,1645.0,12334.0,-59220.0
HPLMP01S1A,110,single_die,15858.0,-59220.0,0.0,1.0,False,,,,,14096.0,-60042.5,17620.0,-58397.5,3524.0,1645.0,15858.0,-59220.0
HPLMP01S1A,111,single_die,19382.0,-59220.0,0.0,1.0,False,,,,,17620.0,-60042.5,21144.0,-58397.5,3524.0,1645.0,19382.0,-59220.0
HPLMP01S1A,112,single_die,22906.0,-59220.0,0.0,1.0,False,,,,,21144.0,-60042.5,24668.0,-58397.5,3524.0,1645.0,22906.0,-59220.0
HPLMP01S1A,113,single_die,26430.0,-59220.0,0.0,1.0,False,,,,,24668.0,-60042.5,28192.0,-58397.5,3524.0,1645.0,26430.0,-59220.0
HPLMP01S1A,114,single_die,29954.0,-59220.0,0.0,1.0,False,,,,,28192.0,-60042.5,31716.0,-58397.5,3524.0,1645.0,29954.0,-59220.0
HPLMP01S1A,115,single_die,-33478.0,-57575.0,0.0,1.0,False,,,,,-35240.0,-58397.5,-31716.0,-56752.5,3524.0,1645.0,-33478.0,-57575.0
HPLMP01S1A,116,single_die,-29954.0,-57575.0,0.0,1.0,False,,,,,-31716.0,-58397.5,-28192.0,-56752.5,3524.0,1645.0,-29954.0,-57575.0
HPLMP01S1A,117,single_die,-26430.0,-57575.0,0.0,1.0,False,,,,,-28192.0,-58397.5,-24668.0,-56752.5,3524.0,1645.0,-26430.0,-57575.0
HPLMP01S1A,118,single_die,-22906.0,-57575.0,0.0,1.0,False,,,,,-24668.0,-58397.5,-21144.0,-56752.5,3524.0,1645.0,-22906.0,-57575.0
HPLMP01S1A,119,single_die,-19382.0,-57575.0,0.0,1.0,False,,,,,-21144.0,-58397.5,-17620.0,-56752.5,3524.0,1645.0,-19382.0,-57575.0
HPLMP01S1A,120,single_die,-15858.0,-57575.0,0.0,1.0,False,,,,,-17620.0,-58397.5,-14096.0,-56752.5,3524.0,1645.0,-15858.0,-57575.0
HPLMP01S1A,121,single_die,-12334.0,-57575.0,0.0,1.0,False,,,,,-14096.0,-58397.5,-10572.0,-56752.5,3524.0,1645.0,-12334.0,-57575.0
HPLMP01S1A,122,single_die,-8810.0,-57575.0,0.0,1.0,False,,,,,-10572.0,-58397.5,-7048.0,-56752.5,3524.0,1645.0,-8810.0,-57575.0
HPLMP01S1A,123,single_die,-5286.0,-57575.0,0.0,1.0,False,,,,,-7048.0,-58397.5,-3524.0,-56752.5,3524.0,1645.0,-5286.0,-57575.0
HPLMP01S1A,124,single_die,-1762.0,-57575.0,0.0,1.0,False,,,,,-3524.0,-58397.5,0.0,-56752.5,3524.0,1645.0,-1762.0,-57575.0
HPLMP01S1A,125,single_die,1762.0,-57575.0,0.0,1.0,False,,,,,0.0,-58397.5,3524.0,-56752.5,3524.0,1645.0,1762.0,-57575.0
HPLMP01S1A,126,single_die,5286.0,-57575.0,0.0,1.0,False,,,,,3524.0,-58397.5,7048.0,-56752.5,3524.0,1645.0,5286.0,-57575.0
HPLMP01S1A,127,single_die,8810.0,-57575.0,0.0,1.0,False,,,,,7048.0,-58397.5,10572.0,-56752.5,3524.0,1645.0,8810.0,-57575.0
HPLMP01S1A,128,single_die,12334.0,-57575.0,0.0,1.0,False,,,,,10572.0,-58397.5,14096.0,-56752.5,3524.0,1645.0,12334.0,-57575.0
HPLMP01S1A,129,single_die,15858.0,-57575.0,0.0,1.0,False,,,,,14096.0,-58397.5,17620.0,-56752.5,3524.0,1645.0,15858.0,-57575.0
HPLMP01S1A,130,single_die,19382.0,-57575.0,0.0,1.0,False,,,,,17620.0,-58397.5,21144.0,-56752.5,3524.0,1645.0,19382.0,-57575.0
HPLMP01S1A,131,single_die,22906.0,-57575.0,0.0,1.0,False,,,,,21144.0,-58397.5,24668.0,-56752.5,3524.0,1645.0,22906.0,-57575.0
HPLMP01S1A,132,single_die,26430.0,-57575.0,0.0,1.0,False,,,,,24668.0,-58397.5,28192.0,-56752.5,3524.0,1645.0,26430.0,-57575.0
HPLMP01S1A,133,single_die,29954.0,-57575.0,0.0,1.0,False,,,,,28192.0,-58397.5,31716.0,-56752.5,3524.0,1645.0,29954.0,-57575.0
HPLMP01S1A,134,single_die,33478.0,-57575.0,0.0,1.0,False,,,,,31716.0,-58397.5,35240.0,-56752.5,3524.0,1645.0,33478.0,-57575.0
HPLMP01S1A,135,single_die,-33478.0,-55930.0,0.0,1.0,False,,,,,-35240.0,-56752.5,-31716.0,-55107.5,3524.0,1645.0,-33478.0,-55930.0
HPLMP01S1A,136,single_die,-29954.0,-55930.0,0.0,1.0,False,,,,,-31716.0,-56752.5,-28192.0,-55107.5,3524.0,1645.0,-29954.0,-55930.0
HPLMP01S1A,137,single_die,-26430.0,-55930.0,0.0,1.0,False,,,,,-28192.0,-56752.5,-24668.0,-55107.5,3524.0,1645.0,-26430.0,-55930.0
HPLMP01S1A,138,single_die,-22906.0,-55930.0,0.0,1.0,False,,,,,-24668.0,-56752.5,-21144.0,-55107.5,3524.0,1645.0,-22906.0,-55930.0
HPLMP01S1A,139,single_die,-19382.0,-55930.0,0.0,1.0,False,,,,,-21144.0,-56752.5,-17620.0,-55107.5,3524.0,1645.0,-19382.0,-55930.0
HPLMP01S1A,140,single_die,-15858.0,-55930.0,0.0,1.0,False,,,,,-17620.0,-56752.5,-14096.0,-55107.5,3524.0,1645.0,-15858.0,-55930.0
HPLMP01S1A,141,single_die,-12334.0,-55930.0,0.0,1.0,False,,,,,-14096.0,-56752.5,-10572.0,-55107.5,3524.0,1645.0,-12334.0,-55930.0
HPLMP01S1A,142,single_die,-5286.0,-55930.0,0.0,1.0,False,,,,,-7048.0,-56752.5,-3524.0,-55107.5,3524.0,1645.0,-5286.0,-55930.0
HPLMP01S1A,143,single_die,-1762.0,-55930.0,0.0,1.0,False,,,,,-3524.0,-56752.5,0.0,-55107.5,3524.0,1645.0,-1762.0,-55930.0
HPLMP01S1A,144,single_die,1762.0,-55930.0,0.0,1.0,False,,,,,0.0,-56752.5,3524.0,-55107.5,3524.0,1645.0,1762.0,-55930.0
HPLMP01S1A,145,single_die,5286.0,-55930.0,0.0,1.0,False,,,,,3524.0,-56752.5,7048.0,-55107.5,3524.0,1645.0,5286.0,-55930.0
HPLMP01S1A,146,single_die,8810.0,-55930.0,0.0,1.0,False,,,,,7048.0,-56752.5,10572.0,-55107.5,3524.0,1645.0,8810.0,-55930.0
HPLMP01S1A,147,single_die,12334.0,-55930.0,0.0,1.0,False,,,,,10572.0,-56752.5,14096.0,-55107.5,3524.0,1645.0,12334.0,-55930.0
HPLMP01S1A,148,single_die,15858.0,-55930.0,0.0,1.0,False,,,,,14096.0,-56752.5,17620.0,-55107.5,3524.0,1645.0,15858.0,-55930.0
HPLMP01S1A,149,single_die,19382.0,-55930.0,0.0,1.0,False,,,,,17620.0,-56752.5,21144.0,-55107.5,3524.0,1645.0,19382.0,-55930.0
HPLMP01S1A,150,single_die,22906.0,-55930.0,0.0,1.0,False,,,,,21144.0,-56752.5,24668.0,-55107.5,3524.0,1645.0,22906.0,-55930.0
HPLMP01S1A,151,single_die,29954.0,-55930.0,0.0,1.0,False,,,,,28192.0,-56752.5,31716.0,-55107.5,3524.0,1645.0,29954.0,-55930.0
HPLMP01S1A,152,single_die,33478.0,-55930.0,0.0,1.0,False,,,,,31716.0,-56752.5,35240.0,-55107.5,3524.0,1645.0,33478.0,-55930.0
HPLMP01S1A,153,single_die,-37002.0,-54285.0,0.0,1.0,False,,,,,-38764.0,-55107.5,-35240.0,-53462.5,3524.0,1645.0,-37002.0,-54285.0
HPLMP01S1A,154,single_die,-33478.0,-54285.0,0.0,1.0,False,,,,,-35240.0,-55107.5,-31716.0,-53462.5,3524.0,1645.0,-33478.0,-54285.0
HPLMP01S1A,155,single_die,-29954.0,-54285.0,0.0,1.0,False,,,,,-31716.0,-55107.5,-28192.0,-53462.5,3524.0,1645.0,-29954.0,-54285.0
HPLMP01S1A,156,single_die,-26430.0,-54285.0,0.0,1.0,False,,,,,-28192.0,-55107.5,-24668.0,-53462.5,3524.0,1645.0,-26430.0,-54285.0
HPLMP01S1A,157,single_die,-22906.0,-54285.0,0.0,1.0,False,,,,,-24668.0,-55107.5,-21144.0,-53462.5,3524.0,1645.0,-22906.0,-54285.0
HPLMP01S1A,158,single_die,-19382.0,-54285.0,0.0,1.0,False,,,,,-21144.0,-55107.5,-17620.0,-53462.5,3524.0,1645.0,-19382.0,-54285.0
HPLMP01S1A,159,single_die,-15858.0,-54285.0,0.0,1.0,False,,,,,-17620.0,-55107.5,-14096.0,-53462.5,3524.0,1645.0,-15858.0,-54285.0
HPLMP01S1A,160,single_die,-12334.0,-54285.0,0.0,1.0,False,,,,,-14096.0,-55107.5,-10572.0,-53462.5,3524.0,1645.0,-12334.0,-54285.0
HPLMP01S1A,161,single_die,-8810.0,-54285.0,0.0,1.0,False,,,,,-10572.0,-55107.5,-7048.0,-53462.5,3524.0,1645.0,-8810.0,-54285.0
HPLMP01S1A,162,single_die,-5286.0,-54285.0,0.0,1.0,False,,,,,-7048.0,-55107.5,-3524.0,-53462.5,3524.0,1645.0,-5286.0,-54285.0
HPLMP01S1A,163,single_die,-1762.0,-54285.0,0.0,1.0,False,,,,,-3524.0,-55107.5,0.0,-53462.5,3524.0,1645.0,-1762.0,-54285.0
HPLMP01S1A,164,single_die,1762.0,-54285.0,0.0,1.0,False,,,,,0.0,-55107.5,3524.0,-53462.5,3524.0,1645.0,1762.0,-54285.0
HPLMP01S1A,165,single_die,5286.0,-54285.0,0.0,1.0,False,,,,,3524.0,-55107.5,7048.0,-53462.5,3524.0,1645.0,5286.0,-54285.0
HPLMP01S1A,166,single_die,8810.0,-54285.0,0.0,1.0,False,,,,,7048.0,-55107.5,10572.0,-53462.5,3524.0,1645.0,8810.0,-54285.0
HPLMP01S1A,167,single_die,12334.0,-54285.0,0.0,1.0,False,,,,,10572.0,-55107.5,14096.0,-53462.5,3524.0,1645.0,12334.0,-54285.0
HPLMP01S1A,168,single_die,15858.0,-54285.0,0.0,1.0,False,,,,,14096.0,-55107.5,17620.0,-53462.5,3524.0,1645.0,15858.0,-54285.0
HPLMP01S1A,169,single_die,19382.0,-54285.0,0.0,1.0,False,,,,,17620.0,-55107.5,21144.0,-53462.5,3524.0,1645.0,19382.0,-54285.0
HPLMP01S1A,170,single_die,22906.0,-54285.0,0.0,1.0,False,,,,,21144.0,-55107.5,24668.0,-53462.5,3524.0,1645.0,22906.0,-54285.0
HPLMP01S1A,171,single_die,26430.0,-54285.0,0.0,1.0,False,,,,,24668.0,-55107.5,28192.0,-53462.5,3524.0,1645.0,26430.0,-54285.0
HPLMP01S1A,172,single_die,29954.0,-54285.0,0.0,1.0,False,,,,,28192.0,-55107.5,31716.0,-53462.5,3524.0,1645.0,29954.0,-54285.0
HPLMP01S1A,173,single_die,33478.0,-54285.0,0.0,1.0,False,,,,,31716.0,-55107.5,35240.0,-53462.5,3524.0,1645.0,33478.0,-54285.0
HPLMP01S1A,174,single_die,37002.0,-54285.0,0.0,1.0,False,,,,,35240.0,-55107.5,38764.0,-53462.5,3524.0,1645.0,37002.0,-54285.0
HPLMP01S1A,175,single_die,-40526.0,-52640.0,0.0,1.0,False,,,,,-42288.0,-53462.5,-38764.0,-51817.5,3524.0,1645.0,-40526.0,-52640.0
HPLMP01S1A,176,single_die,-37002.0,-52640.0,0.0,1.0,False,,,,,-38764.0,-53462.5,-35240.0,-51817.5,3524.0,1645.0,-37002.0,-52640.0
HPLMP01S1A,177,single_die,-33478.0,-52640.0,0.0,1.0,False,,,,,-35240.0,-53462.5,-31716.0,-51817.5,3524.0,1645.0,-33478.0,-52640.0
HPLMP01S1A,178,single_die,-29954.0,-52640.0,0.0,1.0,False,,,,,-31716.0,-53462.5,-28192.0,-51817.5,3524.0,1645.0,-29954.0,-52640.0
HPLMP01S1A,179,single_die,-26430.0,-52640.0,0.0,1.0,False,,,,,-28192.0,-53462.5,-24668.0,-51817.5,3524.0,1645.0,-26430.0,-52640.0
HPLMP01S1A,180,single_die,-22906.0,-52640.0,0.0,1.0,False,,,,,-24668.0,-53462.5,-21144.0,-51817.5,3524.0,1645.0,-22906.0,-52640.0
HPLMP01S1A,181,single_die,-19382.0,-52640.0,0.0,1.0,False,,,,,-21144.0,-53462.5,-17620.0,-51817.5,3524.0,1645.0,-19382.0,-52640.0
HPLMP01S1A,182,single_die,-15858.0,-52640.0,0.0,1.0,False,,,,,-17620.0,-53462.5,-14096.0,-51817.5,3524.0,1645.0,-15858.0,-52640.0
HPLMP01S1A,183,single_die,-12334.0,-52640.0,0.0,1.0,False,,,,,-14096.0,-53462.5,-10572.0,-51817.5,3524.0,1645.0,-12334.0,-52640.0
HPLMP01S1A,184,single_die,-8810.0,-52640.0,0.0,1.0,False,,,,,-10572.0,-53462.5,-7048.0,-51817.5,3524.0,1645.0,-8810.0,-52640.0
HPLMP01S1A,185,single_die,-5286.0,-52640.0,0.0,1.0,False,,,,,-7048.0,-53462.5,-3524.0,-51817.5,3524.0,1645.0,-5286.0,-52640.0
HPLMP01S1A,186,single_die,-1762.0,-52640.0,0.0,1.0,False,,,,,-3524.0,-53462.5,0.0,-51817.5,3524.0,1645.0,-1762.0,-52640.0
HPLMP01S1A,187,single_die,1762.0,-52640.0,0.0,1.0,False,,,,,0.0,-53462.5,3524.0,-51817.5,3524.0,1645.0,1762.0,-52640.0
HPLMP01S1A,188,single_die,5286.0,-52640.0,0.0,1.0,False,,,,,3524.0,-53462.5,7048.0,-51817.5,3524.0,1645.0,5286.0,-52640.0
HPLMP01S1A,189,single_die,8810.0,-52640.0,0.0,1.0,False,,,,,7048.0,-53462.5,10572.0,-51817.5,3524.0,1645.0,8810.0,-52640.0
HPLMP01S1A,190,single_die,12334.0,-52640.0,0.0,1.0,False,,,,,10572.0,-53462.5,14096.0,-51817.5,3524.0,1645.0,12334.0,-52640.0
HPLMP01S1A,191,single_die,15858.0,-52640.0,0.0,1.0,False,,,,,14096.0,-53462.5,17620.0,-51817.5,3524.0,1645.0,15858.0,-52640.0
HPLMP01S1A,192,single_die,19382.0,-52640.0,0.0,1.0,False,,,,,17620.0,-53462.5,21144.0,-51817.5,3524.0,1645.0,19382.0,-52640.0
HPLMP01S1A,193,single_die,22906.0,-52640.0,0.0,1.0,False,,,,,21144.0,-53462.5,24668.0,-51817.5,3524.0,1645.0,22906.0,-52640.0
HPLMP01S1A,194,single_die,26430.0,-52640.0,0.0,1.0,False,,,,,24668.0,-53462.5,28192.0,-51817.5,3524.0,1645.0,26430.0,-52640.0
HPLMP01S1A,195,single_die,29954.0,-52640.0,0.0,1.0,False,,,,,28192.0,-53462.5,31716.0,-51817.5,3524.0,1645.0,29954.0,-52640.0
HPLMP01S1A,196,single_die,33478.0,-52640.0,0.0,1.0,False,,,,,31716.0,-53462.5,35240.0,-51817.5,3524.0,1645.0,33478.0,-52640.0
HPLMP01S1A,197,single_die,37002.0,-52640.0,0.0,1.0,False,,,,,35240.0,-53462.5,38764.0,-51817.5,3524.0,1645.0,37002.0,-52640.0
HPLMP01S1A,198,single_die,40526.0,-52640.0,0.0,1.0,False,,,,,38764.0,-53462.5,42288.0,-51817.5,3524.0,1645.0,40526.0,-52640.0
HPLMP01S1A,199,single_die,-40526.0,-50995.0,0.0,1.0,False,,,,,-42288.0,-51817.5,-38764.0,-50172.5,3524.0,1645.0,-40526.0,-50995.0
HPLMP01S1A,200,single_die,-37002.0,-50995.0,0.0,1.0,False,,,,,-38764.0,-51817.5,-35240.0,-50172.5,3524.0,1645.0,-37002.0,-50995.0
HPLMP01S1A,201,single_die,-33478.0,-50995.0,0.0,1.0,False,,,,,-35240.0,-51817.5,-31716.0,-50172.5,3524.0,1645.0,-33478.0,-50995.0
HPLMP01S1A,202,single_die,-29954.0,-50995.0,0.0,1.0,False,,,,,-31716.0,-51817.5,-28192.0,-50172.5,3524.0,1645.0,-29954.0,-50995.0
HPLMP01S1A,203,single_die,-26430.0,-50995.0,0.0,1.0,False,,,,,-28192.0,-51817.5,-24668.0,-50172.5,3524.0,1645.0,-26430.0,-50995.0
HPLMP01S1A,204,single_die,-22906.0,-50995.0,0.0,1.0,False,,,,,-24668.0,-51817.5,-21144.0,-50172.5,3524.0,1645.0,-22906.0,-50995.0
HPLMP01S1A,205,single_die,-19382.0,-50995.0,0.0,1.0,False,,,,,-21144.0,-51817.5,-17620.0,-50172.5,3524.0,1645.0,-19382.0,-50995.0
HPLMP01S1A,206,single_die,-15858.0,-50995.0,0.0,1.0,False,,,,,-17620.0,-51817.5,-14096.0,-50172.5,3524.0,1645.0,-15858.0,-50995.0
HPLMP01S1A,207,single_die,-12334.0,-50995.0,0.0,1.0,False,,,,,-14096.0,-51817.5,-10572.0,-50172.5,3524.0,1645.0,-12334.0,-50995.0
HPLMP01S1A,208,single_die,-8810.0,-50995.0,0.0,1.0,False,,,,,-10572.0,-51817.5,-7048.0,-50172.5,3524.0,1645.0,-8810.0,-50995.0
HPLMP01S1A,209,single_die,-5286.0,-50995.0,0.0,1.0,False,,,,,-7048.0,-51817.5,-3524.0,-50172.5,3524.0,1645.0,-5286.0,-50995.0
HPLMP01S1A,210,single_die,-1762.0,-50995.0,0.0,1.0,False,,,,,-3524.0,-51817.5,0.0,-50172.5,3524.0,1645.0,-1762.0,-50995.0
HPLMP01S1A,211,single_die,1762.0,-50995.0,0.0,1.0,False,,,,,0.0,-51817.5,3524.0,-50172.5,3524.0,1645.0,1762.0,-50995.0
HPLMP01S1A,212,single_die,5286.0,-50995.0,0.0,1.0,False,,,,,3524.0,-51817.5,7048.0,-50172.5,3524.0,1645.0,5286.0,-50995.0
HPLMP01S1A,213,single_die,8810.0,-50995.0,0.0,1.0,False,,,,,7048.0,-51817.5,10572.0,-50172.5,3524.0,1645.0,8810.0,-50995.0
HPLMP01S1A,214,single_die,12334.0,-50995.0,0.0,1.0,False,,,,,10572.0,-51817.5,14096.0,-50172.5,3524.0,1645.0,12334.0,-50995.0
HPLMP01S1A,215,single_die,15858.0,-50995.0,0.0,1.0,False,,,,,14096.0,-51817.5,17620.0,-50172.5,3524.0,1645.0,15858.0,-50995.0
HPLMP01S1A,216,single_die,19382.0,-50995.0,0.0,1.0,False,,,,,17620.0,-51817.5,21144.0,-50172.5,3524.0,1645.0,19382.0,-50995.0
HPLMP01S1A,217,single_die,22906.0,-50995.0,0.0,1.0,False,,,,,21144.0,-51817.5,24668.0,-50172.5,3524.0,1645.0,22906.0,-50995.0
HPLMP01S1A,218,single_die,26430.0,-50995.0,0.0,1.0,False,,,,,24668.0,-51817.5,28192.0,-50172.5,3524.0,1645.0,26430.0,-50995.0
HPLMP01S1A,219,single_die,29954.0,-50995.0,0.0,1.0,False,,,,,28192.0,-51817.5,31716.0,-50172.5,3524.0,1645.0,29954.0,-50995.0
HPLMP01S1A,220,single_die,33478.0,-50995.0,0.0,1.0,False,,,,,31716.0,-51817.5,35240.0,-50172.5,3524.0,1645.0,33478.0,-50995.0
HPLMP01S1A,221,single_die,37002.0,-50995.0,0.0,1.0,False,,,,,35240.0,-51817.5,38764.0,-50172.5,3524.0,1645.0,37002.0,-50995.0
HPLMP01S1A,222,single_die,40526.0,-50995.0,0.0,1.0,False,,,,,38764.0,-51817.5,42288.0,-50172.5,3524.0,1645.0,40526.0,-50995.0
HPLMP01S1A,223,single_die,-44050.0,-49350.0,0.0,1.0,False,,,,,-45812.0,-50172.5,-42288.0,-48527.5,3524.0,1645.0,-44050.0,-49350.0
HPLMP01S1A,224,single_die,-40526.0,-49350.0,0.0,1.0,False,,,,,-42288.0,-50172.5,-38764.0,-48527.5,3524.0,1645.0,-40526.0,-49350.0
HPLMP01S1A,225,single_die,-37002.0,-49350.0,0.0,1.0,False,,,,,-38764.0,-50172.5,-35240.0,-48527.5,3524.0,1645.0,-37002.0,-49350.0
HPLMP01S1A,226,single_die,-33478.0,-49350.0,0.0,1.0,False,,,,,-35240.0,-50172.5,-31716.0,-48527.5,3524.0,1645.0,-33478.0,-49350.0
HPLMP01S1A,227,single_die,-29954.0,-49350.0,0.0,1.0,False,,,,,-31716.0,-50172.5,-28192.0,-48527.5,3524.0,1645.0,-29954.0,-49350.0
HPLMP01S1A,228,single_die,-26430.0,-49350.0,0.0,1.0,False,,,,,-28192.0,-50172.5,-24668.0,-48527.5,3524.0,1645.0,-26430.0,-49350.0
HPLMP01S1A,229,single_die,-22906.0,-49350.0,0.0,1.0,False,,,,,-24668.0,-50172.5,-21144.0,-48527.5,3524.0,1645.0,-22906.0,-49350.0
HPLMP01S1A,230,single_die,-19382.0,-49350.0,0.0,1.0,False,,,,,-21144.0,-50172.5,-17620.0,-48527.5,3524.0,1645.0,-19382.0,-49350.0
HPLMP01S1A,231,single_die,-15858.0,-49350.0,0.0,1.0,False,,,,,-17620.0,-50172.5,-14096.0,-48527.5,3524.0,1645.0,-15858.0,-49350.0
HPLMP01S1A,232,single_die,-12334.0,-49350.0,0.0,1.0,False,,,,,-14096.0,-50172.5,-10572.0,-48527.5,3524.0,1645.0,-12334.0,-49350.0
HPLMP01S1A,233,single_die,-8810.0,-49350.0,0.0,1.0,False,,,,,-10572.0,-50172.5,-7048.0,-48527.5,3524.0,1645.0,-8810.0,-49350.0
HPLMP01S1A,234,single_die,-5286.0,-49350.0,0.0,1.0,False,,,,,-7048.0,-50172.5,-3524.0,-48527.5,3524.0,1645.0,-5286.0,-49350.0
HPLMP01S1A,235,single_die,-1762.0,-49350.0,0.0,1.0,False,,,,,-3524.0,-50172.5,0.0,-48527.5,3524.0,1645.0,-1762.0,-49350.0
HPLMP01S1A,236,single_die,1762.0,-49350.0,0.0,1.0,False,,,,,0.0,-50172.5,3524.0,-48527.5,3524.0,1645.0,1762.0,-49350.0
HPLMP01S1A,237,single_die,5286.0,-49350.0,0.0,1.0,False,,,,,3524.0,-50172.5,7048.0,-48527.5,3524.0,1645.0,5286.0,-49350.0
HPLMP01S1A,238,single_die,8810.0,-49350.0,0.0,1.0,False,,,,,7048.0,-50172.5,10572.0,-48527.5,3524.0,1645.0,8810.0,-49350.0
HPLMP01S1A,239,single_die,12334.0,-49350.0,0.0,1.0,False,,,,,10572.0,-50172.5,14096.0,-48527.5,3524.0,1645.0,12334.0,-49350.0
HPLMP01S1A,240,single_die,15858.0,-49350.0,0.0,1.0,False,,,,,14096.0,-50172.5,17620.0,-48527.5,3524.0,1645.0,15858.0,-49350.0
HPLMP01S1A,241,single_die,19382.0,-49350.0,0.0,1.0,False,,,,,17620.0,-50172.5,21144.0,-48527.5,3524.0,1645.0,19382.0,-49350.0
HPLMP01S1A,242,single_die,22906.0,-49350.0,0.0,1.0,False,,,,,21144.0,-50172.5,24668.0,-48527.5,3524.0,1645.0,22906.0,-49350.0
HPLMP01S1A,243,single_die,26430.0,-49350.0,0.0,1.0,False,,,,,24668.0,-50172.5,28192.0,-48527.5,3524.0,1645.0,26430.0,-49350.0
HPLMP01S1A,244,single_die,29954.0,-49350.0,0.0,1.0,False,,,,,28192.0,-50172.5,31716.0,-48527.5,3524.0,1645.0,29954.0,-49350.0
HPLMP01S1A,245,single_die,33478.0,-49350.0,0.0,1.0,False,,,,,31716.0,-50172.5,35240.0,-48527.5,3524.0,1645.0,33478.0,-49350.0
HPLMP01S1A,246,single_die,37002.0,-49350.0,0.0,1.0,False,,,,,35240.0,-50172.5,38764.0,-48527.5,3524.0,1645.0,37002.0,-49350.0
HPLMP01S1A,247,single_die,40526.0,-49350.0,0.0,1.0,False,,,,,38764.0,-50172.5,42288.0,-48527.5,3524.0,1645.0,40526.0,-49350.0
HPLMP01S1A,248,single_die,44050.0,-49350.0,0.0,1.0,False,,,,,42288.0,-50172.5,45812.0,-48527.5,3524.0,1645.0,44050.0,-49350.0
HPLMP01S1A,249,single_die,-44050.0,-47705.0,0.0,1.0,False,,,,,-45812.0,-48527.5,-42288.0,-46882.5,3524.0,1645.0,-44050.0,-47705.0
HPLMP01S1A,250,single_die,-40526.0,-47705.0,0.0,1.0,False,,,,,-42288.0,-48527.5,-38764.0,-46882.5,3524.0,1645.0,-40526.0,-47705.0
HPLMP01S1A,251,single_die,-37002.0,-47705.0,0.0,1.0,False,,,,,-38764.0,-48527.5,-35240.0,-46882.5,3524.0,1645.0,-37002.0,-47705.0
HPLMP01S1A,252,single_die,-33478.0,-47705.0,0.0,1.0,False,,,,,-35240.0,-48527.5,-31716.0,-46882.5,3524.0,1645.0,-33478.0,-47705.0
HPLMP01S1A,253,single_die,-29954.0,-47705.0,0.0,1.0,False,,,,,-31716.0,-48527.5,-28192.0,-46882.5,3524.0,1645.0,-29954.0,-47705.0
HPLMP01S1A,254,single_die,-26430.0,-47705.0,0.0,1.0,False,,,,,-28192.0,-48527.5,-24668.0,-46882.5,3524.0,1645.0,-26430.0,-47705.0
HPLMP01S1A,255,single_die,-22906.0,-47705.0,0.0,1.0,False,,,,,-24668.0,-48527.5,-21144.0,-46882.5,3524.0,1645.0,-22906.0,-47705.0
HPLMP01S1A,256,single_die,-19382.0,-47705.0,0.0,1.0,False,,,,,-21144.0,-48527.5,-17620.0,-46882.5,3524.0,1645.0,-19382.0,-47705.0
HPLMP01S1A,257,single_die,-15858.0,-47705.0,0.0,1.0,False,,,,,-17620.0,-48527.5,-14096.0,-46882.5,3524.0,1645.0,-15858.0,-47705.0
HPLMP01S1A,258,single_die,-12334.0,-47705.0,0.0,1.0,False,,,,,-14096.0,-48527.5,-10572.0,-46882.5,3524.0,1645.0,-12334.0,-47705.0
HPLMP01S1A,259,single_die,-8810.0,-47705.0,0.0,1.0,False,,,,,-10572.0,-48527.5,-7048.0,-46882.5,3524.0,1645.0,-8810.0,-47705.0
HPLMP01S1A,260,single_die,-5286.0,-47705.0,0.0,1.0,False,,,,,-7048.0,-48527.5,-3524.0,-46882.5,3524.0,1645.0,-5286.0,-47705.0
HPLMP01S1A,261,single_die,-1762.0,-47705.0,0.0,1.0,False,,,,,-3524.0,-48527.5,0.0,-46882.5,3524.0,1645.0,-1762.0,-47705.0
HPLMP01S1A,262,single_die,1762.0,-47705.0,0.0,1.0,False,,,,,0.0,-48527.5,3524.0,-46882.5,3524.0,1645.0,1762.0,-47705.0
HPLMP01S1A,263,single_die,5286.0,-47705.0,0.0,1.0,False,,,,,3524.0,-48527.5,7048.0,-46882.5,3524.0,1645.0,5286.0,-47705.0
HPLMP01S1A,264,single_die,8810.0,-47705.0,0.0,1.0,False,,,,,7048.0,-48527.5,10572.0,-46882.5,3524.0,1645.0,8810.0,-47705.0
HPLMP01S1A,265,single_die,12334.0,-47705.0,0.0,1.0,False,,,,,10572.0,-48527.5,14096.0,-46882.5,3524.0,1645.0,12334.0,-47705.0
HPLMP01S1A,266,single_die,15858.0,-47705.0,0.0,1.0,False,,,,,14096.0,-48527.5,17620.0,-46882.5,3524.0,1645.0,15858.0,-47705.0
HPLMP01S1A,267,single_die,19382.0,-47705.0,0.0,1.0,False,,,,,17620.0,-48527.5,21144.0,-46882.5,3524.0,1645.0,19382.0,-47705.0
HPLMP01S1A,268,single_die,22906.0,-47705.0,0.0,1.0,False,,,,,21144.0,-48527.5,24668.0,-46882.5,3524.0,1645.0,22906.0,-47705.0
HPLMP01S1A,269,single_die,26430.0,-47705.0,0.0,1.0,False,,,,,24668.0,-48527.5,28192.0,-46882.5,3524.0,1645.0,26430.0,-47705.0
HPLMP01S1A,270,single_die,29954.0,-47705.0,0.0,1.0,False,,,,,28192.0,-48527.5,31716.0,-46882.5,3524.0,1645.0,29954.0,-47705.0
HPLMP01S1A,271,single_die,33478.0,-47705.0,0.0,1.0,False,,,,,31716.0,-48527.5,35240.0,-46882.5,3524.0,1645.0,33478.0,-47705.0
HPLMP01S1A,272,single_die,37002.0,-47705.0,0.0,1.0,False,,,,,35240.0,-48527.5,38764.0,-46882.5,3524.0,1645.0,37002.0,-47705.0
HPLMP01S1A,273,single_die,40526.0,-47705.0,0.0,1.0,False,,,,,38764.0,-48527.5,42288.0,-46882.5,3524.0,1645.0,40526.0,-47705.0
HPLMP01S1A,274,single_die,44050.0,-47705.0,0.0,1.0,False,,,,,42288.0,-48527.5,45812.0,-46882.5,3524.0,1645.0,44050.0,-47705.0
HPLMP01S1A,275,single_die,-44050.0,-46060.0,0.0,1.0,False,,,,,-45812.0,-46882.5,-42288.0,-45237.5,3524.0,1645.0,-44050.0,-46060.0
HPLMP01S1A,276,single_die,-40526.0,-46060.0,0.0,1.0,False,,,,,-42288.0,-46882.5,-38764.0,-45237.5,3524.0,1645.0,-40526.0,-46060.0
HPLMP01S1A,277,single_die,-37002.0,-46060.0,0.0,1.0,False,,,,,-38764.0,-46882.5,-35240.0,-45237.5,3524.0,1645.0,-37002.0,-46060.0
HPLMP01S1A,278,single_die,-33478.0,-46060.0,0.0,1.0,False,,,,,-35240.0,-46882.5,-31716.0,-45237.5,3524.0,1645.0,-33478.0,-46060.0
HPLMP01S1A,279,single_die,-29954.0,-46060.0,0.0,1.0,False,,,,,-31716.0,-46882.5,-28192.0,-45237.5,3524.0,1645.0,-29954.0,-46060.0
HPLMP01S1A,280,single_die,-26430.0,-46060.0,0.0,1.0,False,,,,,-28192.0,-46882.5,-24668.0,-45237.5,3524.0,1645.0,-26430.0,-46060.0
HPLMP01S1A,281,single_die,-22906.0,-46060.0,0.0,1.0,False,,,,,-24668.0,-46882.5,-21144.0,-45237.5,3524.0,1645.0,-22906.0,-46060.0
HPLMP01S1A,282,single_die,-19382.0,-46060.0,0.0,1.0,False,,,,,-21144.0,-46882.5,-17620.0,-45237.5,3524.0,1645.0,-19382.0,-46060.0
HPLMP01S1A,283,single_die,-15858.0,-46060.0,0.0,1.0,False,,,,,-17620.0,-46882.5,-14096.0,-45237.5,3524.0,1645.0,-15858.0,-46060.0
HPLMP01S1A,284,single_die,-12334.0,-46060.0,0.0,1.0,False,,,,,-14096.0,-46882.5,-10572.0,-45237.5,3524.0,1645.0,-12334.0,-46060.0
HPLMP01S1A,285,single_die,-8810.0,-46060.0,0.0,1.0,False,,,,,-10572.0,-46882.5,-7048.0,-45237.5,3524.0,1645.0,-8810.0,-46060.0
HPLMP01S1A,286,single_die,-5286.0,-46060.0,0.0,1.0,False,,,,,-7048.0,-46882.5,-3524.0,-45237.5,3524.0,1645.0,-5286.0,-46060.0
HPLMP01S1A,287,single_die,-1762.0,-46060.0,0.0,1.0,False,,,,,-3524.0,-46882.5,0.0,-45237.5,3524.0,1645.0,-1762.0,-46060.0
HPLMP01S1A,288,single_die,1762.0,-46060.0,0.0,1.0,False,,,,,0.0,-46882.5,3524.0,-45237.5,3524.0,1645.0,1762.0,-46060.0
HPLMP01S1A,289,single_die,5286.0,-46060.0,0.0,1.0,False,,,,,3524.0,-46882.5,7048.0,-45237.5,3524.0,1645.0,5286.0,-46060.0
HPLMP01S1A,290,single_die,8810.0,-46060.0,0.0,1.0,False,,,,,7048.0,-46882.5,10572.0,-45237.5,3524.0,1645.0,8810.0,-46060.0
HPLMP01S1A,291,single_die,12334.0,-46060.0,0.0,1.0,False,,,,,10572.0,-46882.5,14096.0,-45237.5,3524.0,1645.0,12334.0,-46060.0
HPLMP01S1A,292,single_die,15858.0,-46060.0,0.0,1.0,False,,,,,14096.0,-46882.5,17620.0,-45237.5,3524.0,1645.0,15858.0,-46060.0
HPLMP01S1A,293,single_die,19382.0,-46060.0,0.0,1.0,False,,,,,17620.0,-46882.5,21144.0,-45237.5,3524.0,1645.0,19382.0,-46060.0
HPLMP01S1A,294,single_die,22906.0,-46060.0,0.0,1.0,False,,,,,21144.0,-46882.5,24668.0,-45237.5,3524.0,1645.0,22906.0,-46060.0
HPLMP01S1A,295,single_die,26430.0,-46060.0,0.0,1.0,False,,,,,24668.0,-46882.5,28192.0,-45237.5,3524.0,1645.0,26430.0,-46060.0
HPLMP01S1A,296,single_die,29954.0,-46060.0,0.0,1.0,False,,,,,28192.0,-46882.5,31716.0,-45237.5,3524.0,1645.0,29954.0,-46060.0
HPLMP01S1A,297,single_die,33478.0,-46060.0,0.0,1.0,False,,,,,31716.0,-46882.5,35240.0,-45237.5,3524.0,1645.0,33478.0,-46060.0
HPLMP01S1A,298,single_die,37002.0,-46060.0,0.0,1.0,False,,,,,35240.0,-46882.5,38764.0,-45237.5,3524.0,1645.0,37002.0,-46060.0
HPLMP01S1A,299,single_die,40526.0,-46060.0,0.0,1.0,False,,,,,38764.0,-46882.5,42288.0,-45237.5,3524.0,1645.0,40526.0,-46060.0
HPLMP01S1A,300,single_die,44050.0,-46060.0,0.0,1.0,False,,,,,42288.0,-46882.5,45812.0,-45237.5,3524.0,1645.0,44050.0,-46060.0
HPLMP01S1A,301,single_die,-47574.0,-44415.0,0.0,1.0,False,,,,,-49336.0,-45237.5,-45812.0,-43592.5,3524.0,1645.0,-47574.0,-44415.0
HPLMP01S1A,302,single_die,-44050.0,-44415.0,0.0,1.0,False,,,,,-45812.0,-45237.5,-42288.0,-43592.5,3524.0,1645.0,-44050.0,-44415.0
HPLMP01S1A,303,single_die,-40526.0,-44415.0,0.0,1.0,False,,,,,-42288.0,-45237.5,-38764.0,-43592.5,3524.0,1645.0,-40526.0,-44415.0
HPLMP01S1A,304,single_die,-37002.0,-44415.0,0.0,1.0,False,,,,,-38764.0,-45237.5,-35240.0,-43592.5,3524.0,1645.0,-37002.0,-44415.0
HPLMP01S1A,305,single_die,-33478.0,-44415.0,0.0,1.0,False,,,,,-35240.0,-45237.5,-31716.0,-43592.5,3524.0,1645.0,-33478.0,-44415.0
HPLMP01S1A,306,single_die,-29954.0,-44415.0,0.0,1.0,False,,,,,-31716.0,-45237.5,-28192.0,-43592.5,3524.0,1645.0,-29954.0,-44415.0
HPLMP01S1A,307,single_die,-26430.0,-44415.0,0.0,1.0,False,,,,,-28192.0,-45237.5,-24668.0,-43592.5,3524.0,1645.0,-26430.0,-44415.0
HPLMP01S1A,308,single_die,-22906.0,-44415.0,0.0,1.0,False,,,,,-24668.0,-45237.5,-21144.0,-43592.5,3524.0,1645.0,-22906.0,-44415.0
HPLMP01S1A,309,single_die,-19382.0,-44415.0,0.0,1.0,False,,,,,-21144.0,-45237.5,-17620.0,-43592.5,3524.0,1645.0,-19382.0,-44415.0
HPLMP01S1A,310,single_die,-15858.0,-44415.0,0.0,1.0,False,,,,,-17620.0,-45237.5,-14096.0,-43592.5,3524.0,1645.0,-15858.0,-44415.0
HPLMP01S1A,311,single_die,-12334.0,-44415.0,0.0,1.0,False,,,,,-14096.0,-45237.5,-10572.0,-43592.5,3524.0,1645.0,-12334.0,-44415.0
HPLMP01S1A,312,single_die,-8810.0,-44415.0,0.0,1.0,False,,,,,-10572.0,-45237.5,-7048.0,-43592.5,3524.0,1645.0,-8810.0,-44415.0
HPLMP01S1A,313,single_die,-5286.0,-44415.0,0.0,1.0,False,,,,,-7048.0,-45237.5,-3524.0,-43592.5,3524.0,1645.0,-5286.0,-44415.0
HPLMP01S1A,314,single_die,-1762.0,-44415.0,0.0,1.0,False,,,,,-3524.0,-45237.5,0.0,-43592.5,3524.0,1645.0,-1762.0,-44415.0
HPLMP01S1A,315,single_die,1762.0,-44415.0,0.0,1.0,False,,,,,0.0,-45237.5,3524.0,-43592.5,3524.0,1645.0,1762.0,-44415.0
HPLMP01S1A,316,single_die,5286.0,-44415.0,0.0,1.0,False,,,,,3524.0,-45237.5,7048.0,-43592.5,3524.0,1645.0,5286.0,-44415.0
HPLMP01S1A,317,single_die,8810.0,-44415.0,0.0,1.0,False,,,,,7048.0,-45237.5,10572.0,-43592.5,3524.0,1645.0,8810.0,-44415.0
HPLMP01S1A,318,single_die,12334.0,-44415.0,0.0,1.0,False,,,,,10572.0,-45237.5,14096.0,-43592.5,3524.0,1645.0,12334.0,-44415.0
HPLMP01S1A,319,single_die,15858.0,-44415.0,0.0,1.0,False,,,,,14096.0,-45237.5,17620.0,-43592.5,3524.0,1645.0,15858.0,-44415.0
HPLMP01S1A,320,single_die,19382.0,-44415.0,0.0,1.0,False,,,,,17620.0,-45237.5,21144.0,-43592.5,3524.0,1645.0,19382.0,-44415.0
HPLMP01S1A,321,single_die,22906.0,-44415.0,0.0,1.0,False,,,,,21144.0,-45237.5,24668.0,-43592.5,3524.0,1645.0,22906.0,-44415.0
HPLMP01S1A,322,single_die,26430.0,-44415.0,0.0,1.0,False,,,,,24668.0,-45237.5,28192.0,-43592.5,3524.0,1645.0,26430.0,-44415.0
HPLMP01S1A,323,single_die,29954.0,-44415.0,0.0,1.0,False,,,,,28192.0,-45237.5,31716.0,-43592.5,3524.0,1645.0,29954.0,-44415.0
HPLMP01S1A,324,single_die,33478.0,-44415.0,0.0,1.0,False,,,,,31716.0,-45237.5,35240.0,-43592.5,3524.0,1645.0,33478.0,-44415.0
HPLMP01S1A,325,single_die,37002.0,-44415.0,0.0,1.0,False,,,,,35240.0,-45237.5,38764.0,-43592.5,3524.0,1645.0,37002.0,-44415.0
HPLMP01S1A,326,single_die,40526.0,-44415.0,0.0,1.0,False,,,,,38764.0,-45237.5,42288.0,-43592.5,3524.0,1645.0,40526.0,-44415.0
HPLMP01S1A,327,single_die,44050.0,-44415.0,0.0,1.0,False,,,,,42288.0,-45237.5,45812.0,-43592.5,3524.0,1645.0,44050.0,-44415.0
HPLMP01S1A,328,single_die,47574.0,-44415.0,0.0,1.0,False,,,,,45812.0,-45237.5,49336.0,-43592.5,3524.0,1645.0,47574.0,-44415.0
HPLMP01S1A,329,single_die,-47574.0,-42770.0,0.0,1.0,False,,,,,-49336.0,-43592.5,-45812.0,-41947.5,3524.0,1645.0,-47574.0,-42770.0
HPLMP01S1A,330,single_die,-44050.0,-42770.0,0.0,1.0,False,,,,,-45812.0,-43592.5,-42288.0,-41947.5,3524.0,1645.0,-44050.0,-42770.0
HPLMP01S1A,331,single_die,-40526.0,-42770.0,0.0,1.0,False,,,,,-42288.0,-43592.5,-38764.0,-41947.5,3524.0,1645.0,-40526.0,-42770.0
HPLMP01S1A,332,single_die,-37002.0,-42770.0,0.0,1.0,False,,,,,-38764.0,-43592.5,-35240.0,-41947.5,3524.0,1645.0,-37002.0,-42770.0
HPLMP01S1A,333,single_die,-33478.0,-42770.0,0.0,1.0,False,,,,,-35240.0,-43592.5,-31716.0,-41947.5,3524.0,1645.0,-33478.0,-42770.0
HPLMP01S1A,334,single_die,-29954.0,-42770.0,0.0,1.0,False,,,,,-31716.0,-43592.5,-28192.0,-41947.5,3524.0,1645.0,-29954.0,-42770.0
HPLMP01S1A,335,single_die,-26430.0,-42770.0,0.0,1.0,False,,,,,-28192.0,-43592.5,-24668.0,-41947.5,3524.0,1645.0,-26430.0,-42770.0
HPLMP01S1A,336,single_die,-22906.0,-42770.0,0.0,1.0,False,,,,,-24668.0,-43592.5,-21144.0,-41947.5,3524.0,1645.0,-22906.0,-42770.0
HPLMP01S1A,337,single_die,-19382.0,-42770.0,0.0,1.0,False,,,,,-21144.0,-43592.5,-17620.0,-41947.5,3524.0,1645.0,-19382.0,-42770.0
HPLMP01S1A,338,single_die,-15858.0,-42770.0,0.0,1.0,False,,,,,-17620.0,-43592.5,-14096.0,-41947.5,3524.0,1645.0,-15858.0,-42770.0
HPLMP01S1A,339,single_die,-12334.0,-42770.0,0.0,1.0,False,,,,,-14096.0,-43592.5,-10572.0,-41947.5,3524.0,1645.0,-12334.0,-42770.0
HPLMP01S1A,340,single_die,-8810.0,-42770.0,0.0,1.0,False,,,,,-10572.0,-43592.5,-7048.0,-41947.5,3524.0,1645.0,-8810.0,-42770.0
HPLMP01S1A,341,single_die,-5286.0,-42770.0,0.0,1.0,False,,,,,-7048.0,-43592.5,-3524.0,-41947.5,3524.0,1645.0,-5286.0,-42770.0
HPLMP01S1A,342,single_die,-1762.0,-42770.0,0.0,1.0,False,,,,,-3524.0,-43592.5,0.0,-41947.5,3524.0,1645.0,-1762.0,-42770.0
HPLMP01S1A,343,single_die,1762.0,-42770.0,0.0,1.0,False,,,,,0.0,-43592.5,3524.0,-41947.5,3524.0,1645.0,1762.0,-42770.0
HPLMP01S1A,344,single_die,5286.0,-42770.0,0.0,1.0,False,,,,,3524.0,-43592.5,7048.0,-41947.5,3524.0,1645.0,5286.0,-42770.0
HPLMP01S1A,345,single_die,8810.0,-42770.0,0.0,1.0,False,,,,,7048.0,-43592.5,10572.0,-41947.5,3524.0,1645.0,8810.0,-42770.0
HPLMP01S1A,346,single_die,12334.0,-42770.0,0.0,1.0,False,,,,,10572.0,-43592.5,14096.0,-41947.5,3524.0,1645.0,12334.0,-42770.0
HPLMP01S1A,347,single_die,15858.0,-42770.0,0.0,1.0,False,,,,,14096.0,-43592.5,17620.0,-41947.5,3524.0,1645.0,15858.0,-42770.0
HPLMP01S1A,348,single_die,19382.0,-42770.0,0.0,1.0,False,,,,,17620.0,-43592.5,21144.0,-41947.5,3524.0,1645.0,19382.0,-42770.0
HPLMP01S1A,349,single_die,22906.0,-42770.0,0.0,1.0,False,,,,,21144.0,-43592.5,24668.0,-41947.5,3524.0,1645.0,22906.0,-42770.0
HPLMP01S1A,350,single_die,26430.0,-42770.0,0.0,1.0,False,,,,,24668.0,-43592.5,28192.0,-41947.5,3524.0,1645.0,26430.0,-42770.0
HPLMP01S1A,351,single_die,29954.0,-42770.0,0.0,1.0,False,,,,,28192.0,-43592.5,31716.0,-41947.5,3524.0,1645.0,29954.0,-42770.0
HPLMP01S1A,352,single_die,33478.0,-42770.0,0.0,1.0,False,,,,,31716.0,-43592.5,35240.0,-41947.5,3524.0,1645.0,33478.0,-42770.0
HPLMP01S1A,353,single_die,37002.0,-42770.0,0.0,1.0,False,,,,,35240.0,-43592.5,38764.0,-41947.5,3524.0,1645.0,37002.0,-42770.0
HPLMP01S1A,354,single_die,40526.0,-42770.0,0.0,1.0,False,,,,,38764.0,-43592.5,42288.0,-41947.5,3524.0,1645.0,40526.0,-42770.0
HPLMP01S1A,355,single_die,44050.0,-42770.0,0.0,1.0,False,,,,,42288.0,-43592.5,45812.0,-41947.5,3524.0,1645.0,44050.0,-42770.0
HPLMP01S1A,356,single_die,47574.0,-42770.0,0.0,1.0,False,,,,,45812.0,-43592.5,49336.0,-41947.5,3524.0,1645.0,47574.0,-42770.0
HPLMP01S1A,357,single_die,-51098.0,-41125.0,0.0,1.0,False,,,,,-52860.0,-41947.5,-49336.0,-40302.5,3524.0,1645.0,-51098.0,-41125.0
HPLMP01S1A,358,single_die,-47574.0,-41125.0,0.0,1.0,False,,,,,-49336.0,-41947.5,-45812.0,-40302.5,3524.0,1645.0,-47574.0,-41125.0
HPLMP01S1A,359,single_die,-44050.0,-41125.0,0.0,1.0,False,,,,,-45812.0,-41947.5,-42288.0,-40302.5,3524.0,1645.0,-44050.0,-41125.0
HPLMP01S1A,360,single_die,-40526.0,-41125.0,0.0,1.0,False,,,,,-42288.0,-41947.5,-38764.0,-40302.5,3524.0,1645.0,-40526.0,-41125.0
HPLMP01S1A,361,single_die,-37002.0,-41125.0,0.0,1.0,False,,,,,-38764.0,-41947.5,-35240.0,-40302.5,3524.0,1645.0,-37002.0,-41125.0
HPLMP01S1A,362,single_die,-33478.0,-41125.0,0.0,1.0,False,,,,,-35240.0,-41947.5,-31716.0,-40302.5,3524.0,1645.0,-33478.0,-41125.0
HPLMP01S1A,363,single_die,-29954.0,-41125.0,0.0,1.0,False,,,,,-31716.0,-41947.5,-28192.0,-40302.5,3524.0,1645.0,-29954.0,-41125.0
HPLMP01S1A,364,single_die,-26430.0,-41125.0,0.0,1.0,False,,,,,-28192.0,-41947.5,-24668.0,-40302.5,3524.0,1645.0,-26430.0,-41125.0
HPLMP01S1A,365,single_die,-22906.0,-41125.0,0.0,1.0,False,,,,,-24668.0,-41947.5,-21144.0,-40302.5,3524.0,1645.0,-22906.0,-41125.0
HPLMP01S1A,366,single_die,-19382.0,-41125.0,0.0,1.0,False,,,,,-21144.0,-41947.5,-17620.0,-40302.5,3524.0,1645.0,-19382.0,-41125.0
HPLMP01S1A,367,single_die,-15858.0,-41125.0,0.0,1.0,False,,,,,-17620.0,-41947.5,-14096.0,-40302.5,3524.0,1645.0,-15858.0,-41125.0
HPLMP01S1A,368,single_die,-12334.0,-41125.0,0.0,1.0,False,,,,,-14096.0,-41947.5,-10572.0,-40302.5,3524.0,1645.0,-12334.0,-41125.0
HPLMP01S1A,369,single_die,-8810.0,-41125.0,0.0,1.0,False,,,,,-10572.0,-41947.5,-7048.0,-40302.5,3524.0,1645.0,-8810.0,-41125.0
HPLMP01S1A,370,single_die,-5286.0,-41125.0,0.0,1.0,False,,,,,-7048.0,-41947.5,-3524.0,-40302.5,3524.0,1645.0,-5286.0,-41125.0
HPLMP01S1A,371,single_die,-1762.0,-41125.0,0.0,1.0,False,,,,,-3524.0,-41947.5,0.0,-40302.5,3524.0,1645.0,-1762.0,-41125.0
HPLMP01S1A,372,single_die,1762.0,-41125.0,0.0,1.0,False,,,,,0.0,-41947.5,3524.0,-40302.5,3524.0,1645.0,1762.0,-41125.0
HPLMP01S1A,373,single_die,5286.0,-41125.0,0.0,1.0,False,,,,,3524.0,-41947.5,7048.0,-40302.5,3524.0,1645.0,5286.0,-41125.0
HPLMP01S1A,374,single_die,8810.0,-41125.0,0.0,1.0,False,,,,,7048.0,-41947.5,10572.0,-40302.5,3524.0,1645.0,8810.0,-41125.0
HPLMP01S1A,375,single_die,12334.0,-41125.0,0.0,1.0,False,,,,,10572.0,-41947.5,14096.0,-40302.5,3524.0,1645.0,12334.0,-41125.0
HPLMP01S1A,376,single_die,15858.0,-41125.0,0.0,1.0,False,,,,,14096.0,-41947.5,17620.0,-40302.5,3524.0,1645.0,15858.0,-41125.0
HPLMP01S1A,377,single_die,19382.0,-41125.0,0.0,1.0,False,,,,,17620.0,-41947.5,21144.0,-40302.5,3524.0,1645.0,19382.0,-41125.0
HPLMP01S1A,378,single_die,22906.0,-41125.0,0.0,1.0,False,,,,,21144.0,-41947.5,24668.0,-40302.5,3524.0,1645.0,22906.0,-41125.0
HPLMP01S1A,379,single_die,26430.0,-41125.0,0.0,1.0,False,,,,,24668.0,-41947.5,28192.0,-40302.5,3524.0,1645.0,26430.0,-41125.0
HPLMP01S1A,380,single_die,29954.0,-41125.0,0.0,1.0,False,,,,,28192.0,-41947.5,31716.0,-40302.5,3524.0,1645.0,29954.0,-41125.0
HPLMP01S1A,381,single_die,33478.0,-41125.0,0.0,1.0,False,,,,,31716.0,-41947.5,35240.0,-40302.5,3524.0,1645.0,33478.0,-41125.0
HPLMP01S1A,382,single_die,37002.0,-41125.0,0.0,1.0,False,,,,,35240.0,-41947.5,38764.0,-40302.5,3524.0,1645.0,37002.0,-41125.0
HPLMP01S1A,383,single_die,40526.0,-41125.0,0.0,1.0,False,,,,,38764.0,-41947.5,42288.0,-40302.5,3524.0,1645.0,40526.0,-41125.0
HPLMP01S1A,384,single_die,44050.0,-41125.0,0.0,1.0,False,,,,,42288.0,-41947.5,45812.0,-40302.5,3524.0,1645.0,44050.0,-41125.0
HPLMP01S1A,385,single_die,47574.0,-41125.0,0.0,1.0,False,,,,,45812.0,-41947.5,49336.0,-40302.5,3524.0,1645.0,47574.0,-41125.0
HPLMP01S1A,386,single_die,51098.0,-41125.0,0.0,1.0,False,,,,,49336.0,-41947.5,52860.0,-40302.5,3524.0,1645.0,51098.0,-41125.0
HPLMP01S1A,387,single_die,-51098.0,-39480.0,0.0,1.0,False,,,,,-52860.0,-40302.5,-49336.0,-38657.5,3524.0,1645.0,-51098.0,-39480.0
HPLMP01S1A,388,single_die,-47574.0,-39480.0,0.0,1.0,False,,,,,-49336.0,-40302.5,-45812.0,-38657.5,3524.0,1645.0,-47574.0,-39480.0
HPLMP01S1A,389,single_die,-44050.0,-39480.0,0.0,1.0,False,,,,,-45812.0,-40302.5,-42288.0,-38657.5,3524.0,1645.0,-44050.0,-39480.0
HPLMP01S1A,390,single_die,-40526.0,-39480.0,0.0,1.0,False,,,,,-42288.0,-40302.5,-38764.0,-38657.5,3524.0,1645.0,-40526.0,-39480.0
HPLMP01S1A,391,single_die,-37002.0,-39480.0,0.0,1.0,False,,,,,-38764.0,-40302.5,-35240.0,-38657.5,3524.0,1645.0,-37002.0,-39480.0
HPLMP01S1A,392,single_die,-33478.0,-39480.0,0.0,1.0,False,,,,,-35240.0,-40302.5,-31716.0,-38657.5,3524.0,1645.0,-33478.0,-39480.0
HPLMP01S1A,393,single_die,-29954.0,-39480.0,0.0,1.0,False,,,,,-31716.0,-40302.5,-28192.0,-38657.5,3524.0,1645.0,-29954.0,-39480.0
HPLMP01S1A,394,single_die,-26430.0,-39480.0,0.0,1.0,False,,,,,-28192.0,-40302.5,-24668.0,-38657.5,3524.0,1645.0,-26430.0,-39480.0
HPLMP01S1A,395,single_die,-22906.0,-39480.0,0.0,1.0,False,,,,,-24668.0,-40302.5,-21144.0,-38657.5,3524.0,1645.0,-22906.0,-39480.0
HPLMP01S1A,396,single_die,-19382.0,-39480.0,0.0,1.0,False,,,,,-21144.0,-40302.5,-17620.0,-38657.5,3524.0,1645.0,-19382.0,-39480.0
HPLMP01S1A,397,single_die,-15858.0,-39480.0,0.0,1.0,False,,,,,-17620.0,-40302.5,-14096.0,-38657.5,3524.0,1645.0,-15858.0,-39480.0
HPLMP01S1A,398,single_die,-12334.0,-39480.0,0.0,1.0,False,,,,,-14096.0,-40302.5,-10572.0,-38657.5,3524.0,1645.0,-12334.0,-39480.0
HPLMP01S1A,399,single_die,-8810.0,-39480.0,0.0,1.0,False,,,,,-10572.0,-40302.5,-7048.0,-38657.5,3524.0,1645.0,-8810.0,-39480.0
HPLMP01S1A,400,single_die,-5286.0,-39480.0,0.0,1.0,False,,,,,-7048.0,-40302.5,-3524.0,-38657.5,3524.0,1645.0,-5286.0,-39480.0
HPLMP01S1A,401,single_die,-1762.0,-39480.0,0.0,1.0,False,,,,,-3524.0,-40302.5,0.0,-38657.5,3524.0,1645.0,-1762.0,-39480.0
HPLMP01S1A,402,single_die,1762.0,-39480.0,0.0,1.0,False,,,,,0.0,-40302.5,3524.0,-38657.5,3524.0,1645.0,1762.0,-39480.0
HPLMP01S1A,403,single_die,5286.0,-39480.0,0.0,1.0,False,,,,,3524.0,-40302.5,7048.0,-38657.5,3524.0,1645.0,5286.0,-39480.0
HPLMP01S1A,404,single_die,8810.0,-39480.0,0.0,1.0,False,,,,,7048.0,-40302.5,10572.0,-38657.5,3524.0,1645.0,8810.0,-39480.0
HPLMP01S1A,405,single_die,12334.0,-39480.0,0.0,1.0,False,,,,,10572.0,-40302.5,14096.0,-38657.5,3524.0,1645.0,12334.0,-39480.0
HPLMP01S1A,406,single_die,15858.0,-39480.0,0.0,1.0,False,,,,,14096.0,-40302.5,17620.0,-38657.5,3524.0,1645.0,15858.0,-39480.0
HPLMP01S1A,407,single_die,19382.0,-39480.0,0.0,1.0,False,,,,,17620.0,-40302.5,21144.0,-38657.5,3524.0,1645.0,19382.0,-39480.0
HPLMP01S1A,408,single_die,22906.0,-39480.0,0.0,1.0,False,,,,,21144.0,-40302.5,24668.0,-38657.5,3524.0,1645.0,22906.0,-39480.0
HPLMP01S1A,409,single_die,26430.0,-39480.0,0.0,1.0,False,,,,,24668.0,-40302.5,28192.0,-38657.5,3524.0,1645.0,26430.0,-39480.0
HPLMP01S1A,410,single_die,29954.0,-39480.0,0.0,1.0,False,,,,,28192.0,-40302.5,31716.0,-38657.5,3524.0,1645.0,29954.0,-39480.0
HPLMP01S1A,411,single_die,33478.0,-39480.0,0.0,1.0,False,,,,,31716.0,-40302.5,35240.0,-38657.5,3524.0,1645.0,33478.0,-39480.0
HPLMP01S1A,412,single_die,37002.0,-39480.0,0.0,1.0,False,,,,,35240.0,-40302.5,38764.0,-38657.5,3524.0,1645.0,37002.0,-39480.0
HPLMP01S1A,413,single_die,40526.0,-39480.0,0.0,1.0,False,,,,,38764.0,-40302.5,42288.0,-38657.5,3524.0,1645.0,40526.0,-39480.0
HPLMP01S1A,414,single_die,44050.0,-39480.0,0.0,1.0,False,,,,,42288.0,-40302.5,45812.0,-38657.5,3524.0,1645.0,44050.0,-39480.0
HPLMP01S1A,415,single_die,47574.0,-39480.0,0.0,1.0,False,,,,,45812.0,-40302.5,49336.0,-38657.5,3524.0,1645.0,47574.0,-39480.0
HPLMP01S1A,416,single_die,51098.0,-39480.0,0.0,1.0,False,,,,,49336.0,-40302.5,52860.0,-38657.5,3524.0,1645.0,51098.0,-39480.0
HPLMP01S1A,417,single_die,-51098.0,-37835.0,0.0,1.0,False,,,,,-52860.0,-38657.5,-49336.0,-37012.5,3524.0,1645.0,-51098.0,-37835.0
HPLMP01S1A,418,single_die,-47574.0,-37835.0,0.0,1.0,False,,,,,-49336.0,-38657.5,-45812.0,-37012.5,3524.0,1645.0,-47574.0,-37835.0
HPLMP01S1A,419,single_die,-44050.0,-37835.0,0.0,1.0,False,,,,,-45812.0,-38657.5,-42288.0,-37012.5,3524.0,1645.0,-44050.0,-37835.0
HPLMP01S1A,420,single_die,-40526.0,-37835.0,0.0,1.0,False,,,,,-42288.0,-38657.5,-38764.0,-37012.5,3524.0,1645.0,-40526.0,-37835.0
HPLMP01S1A,421,single_die,-37002.0,-37835.0,0.0,1.0,False,,,,,-38764.0,-38657.5,-35240.0,-37012.5,3524.0,1645.0,-37002.0,-37835.0
HPLMP01S1A,422,single_die,-33478.0,-37835.0,0.0,1.0,False,,,,,-35240.0,-38657.5,-31716.0,-37012.5,3524.0,1645.0,-33478.0,-37835.0
HPLMP01S1A,423,single_die,-29954.0,-37835.0,0.0,1.0,False,,,,,-31716.0,-38657.5,-28192.0,-37012.5,3524.0,1645.0,-29954.0,-37835.0
HPLMP01S1A,424,single_die,-26430.0,-37835.0,0.0,1.0,False,,,,,-28192.0,-38657.5,-24668.0,-37012.5,3524.0,1645.0,-26430.0,-37835.0
HPLMP01S1A,425,single_die,-22906.0,-37835.0,0.0,1.0,False,,,,,-24668.0,-38657.5,-21144.0,-37012.5,3524.0,1645.0,-22906.0,-37835.0
HPLMP01S1A,426,single_die,-19382.0,-37835.0,0.0,1.0,False,,,,,-21144.0,-38657.5,-17620.0,-37012.5,3524.0,1645.0,-19382.0,-37835.0
HPLMP01S1A,427,single_die,-15858.0,-37835.0,0.0,1.0,False,,,,,-17620.0,-38657.5,-14096.0,-37012.5,3524.0,1645.0,-15858.0,-37835.0
HPLMP01S1A,428,single_die,-12334.0,-37835.0,0.0,1.0,False,,,,,-14096.0,-38657.5,-10572.0,-37012.5,3524.0,1645.0,-12334.0,-37835.0
HPLMP01S1A,429,single_die,-8810.0,-37835.0,0.0,1.0,False,,,,,-10572.0,-38657.5,-7048.0,-37012.5,3524.0,1645.0,-8810.0,-37835.0
HPLMP01S1A,430,single_die,-5286.0,-37835.0,0.0,1.0,False,,,,,-7048.0,-38657.5,-3524.0,-37012.5,3524.0,1645.0,-5286.0,-37835.0
HPLMP01S1A,431,single_die,-1762.0,-37835.0,0.0,1.0,False,,,,,-3524.0,-38657.5,0.0,-37012.5,3524.0,1645.0,-1762.0,-37835.0
HPLMP01S1A,432,single_die,1762.0,-37835.0,0.0,1.0,False,,,,,0.0,-38657.5,3524.0,-37012.5,3524.0,1645.0,1762.0,-37835.0
HPLMP01S1A,433,single_die,5286.0,-37835.0,0.0,1.0,False,,,,,3524.0,-38657.5,7048.0,-37012.5,3524.0,1645.0,5286.0,-37835.0
HPLMP01S1A,434,single_die,8810.0,-37835.0,0.0,1.0,False,,,,,7048.0,-38657.5,10572.0,-37012.5,3524.0,1645.0,8810.0,-37835.0
HPLMP01S1A,435,single_die,12334.0,-37835.0,0.0,1.0,False,,,,,10572.0,-38657.5,14096.0,-37012.5,3524.0,1645.0,12334.0,-37835.0
HPLMP01S1A,436,single_die,15858.0,-37835.0,0.0,1.0,False,,,,,14096.0,-38657.5,17620.0,-37012.5,3524.0,1645.0,15858.0,-37835.0
HPLMP01S1A,437,single_die,19382.0,-37835.0,0.0,1.0,False,,,,,17620.0,-38657.5,21144.0,-37012.5,3524.0,1645.0,19382.0,-37835.0
HPLMP01S1A,438,single_die,22906.0,-37835.0,0.0,1.0,False,,,,,21144.0,-38657.5,24668.0,-37012.5,3524.0,1645.0,22906.0,-37835.0
HPLMP01S1A,439,single_die,26430.0,-37835.0,0.0,1.0,False,,,,,24668.0,-38657.5,28192.0,-37012.5,3524.0,1645.0,26430.0,-37835.0
HPLMP01S1A,440,single_die,29954.0,-37835.0,0.0,1.0,False,,,,,28192.0,-38657.5,31716.0,-37012.5,3524.0,1645.0,29954.0,-37835.0
HPLMP01S1A,441,single_die,33478.0,-37835.0,0.0,1.0,False,,,,,31716.0,-38657.5,35240.0,-37012.5,3524.0,1645.0,33478.0,-37835.0
HPLMP01S1A,442,single_die,37002.0,-37835.0,0.0,1.0,False,,,,,35240.0,-38657.5,38764.0,-37012.5,3524.0,1645.0,37002.0,-37835.0
HPLMP01S1A,443,single_die,40526.0,-37835.0,0.0,1.0,False,,,,,38764.0,-38657.5,42288.0,-37012.5,3524.0,1645.0,40526.0,-37835.0
HPLMP01S1A,444,single_die,44050.0,-37835.0,0.0,1.0,False,,,,,42288.0,-38657.5,45812.0,-37012.5,3524.0,1645.0,44050.0,-37835.0
HPLMP01S1A,445,single_die,47574.0,-37835.0,0.0,1.0,False,,,,,45812.0,-38657.5,49336.0,-37012.5,3524.0,1645.0,47574.0,-37835.0
HPLMP01S1A,446,single_die,51098.0,-37835.0,0.0,1.0,False,,,,,49336.0,-38657.5,52860.0,-37012.5,3524.0,1645.0,51098.0,-37835.0
HPLMP01S1A,447,single_die,54622.0,-37835.0,0.0,1.0,False,,,,,52860.0,-38657.5,56384.0,-37012.5,3524.0,1645.0,54622.0,-37835.0
HPLMP01S1A,448,single_die,-51098.0,-36190.0,0.0,1.0,False,,,,,-52860.0,-37012.5,-49336.0,-35367.5,3524.0,1645.0,-51098.0,-36190.0
HPLMP01S1A,449,single_die,-47574.0,-36190.0,0.0,1.0,False,,,,,-49336.0,-37012.5,-45812.0,-35367.5,3524.0,1645.0,-47574.0,-36190.0
HPLMP01S1A,450,single_die,-40526.0,-36190.0,0.0,1.0,False,,,,,-42288.0,-37012.5,-38764.0,-35367.5,3524.0,1645.0,-40526.0,-36190.0
HPLMP01S1A,451,single_die,-37002.0,-36190.0,0.0,1.0,False,,,,,-38764.0,-37012.5,-35240.0,-35367.5,3524.0,1645.0,-37002.0,-36190.0
HPLMP01S1A,452,single_die,-33478.0,-36190.0,0.0,1.0,False,,,,,-35240.0,-37012.5,-31716.0,-35367.5,3524.0,1645.0,-33478.0,-36190.0
HPLMP01S1A,453,single_die,-29954.0,-36190.0,0.0,1.0,False,,,,,-31716.0,-37012.5,-28192.0,-35367.5,3524.0,1645.0,-29954.0,-36190.0
HPLMP01S1A,454,single_die,-26430.0,-36190.0,0.0,1.0,False,,,,,-28192.0,-37012.5,-24668.0,-35367.5,3524.0,1645.0,-26430.0,-36190.0
HPLMP01S1A,455,single_die,-22906.0,-36190.0,0.0,1.0,False,,,,,-24668.0,-37012.5,-21144.0,-35367.5,3524.0,1645.0,-22906.0,-36190.0
HPLMP01S1A,456,single_die,-19382.0,-36190.0,0.0,1.0,False,,,,,-21144.0,-37012.5,-17620.0,-35367.5,3524.0,1645.0,-19382.0,-36190.0
HPLMP01S1A,457,single_die,-15858.0,-36190.0,0.0,1.0,False,,,,,-17620.0,-37012.5,-14096.0,-35367.5,3524.0,1645.0,-15858.0,-36190.0
HPLMP01S1A,458,single_die,-12334.0,-36190.0,0.0,1.0,False,,,,,-14096.0,-37012.5,-10572.0,-35367.5,3524.0,1645.0,-12334.0,-36190.0
HPLMP01S1A,459,single_die,-5286.0,-36190.0,0.0,1.0,False,,,,,-7048.0,-37012.5,-3524.0,-35367.5,3524.0,1645.0,-5286.0,-36190.0
HPLMP01S1A,460,single_die,-1762.0,-36190.0,0.0,1.0,False,,,,,-3524.0,-37012.5,0.0,-35367.5,3524.0,1645.0,-1762.0,-36190.0
HPLMP01S1A,461,single_die,1762.0,-36190.0,0.0,1.0,False,,,,,0.0,-37012.5,3524.0,-35367.5,3524.0,1645.0,1762.0,-36190.0
HPLMP01S1A,462,single_die,5286.0,-36190.0,0.0,1.0,False,,,,,3524.0,-37012.5,7048.0,-35367.5,3524.0,1645.0,5286.0,-36190.0
HPLMP01S1A,463,single_die,8810.0,-36190.0,0.0,1.0,False,,,,,7048.0,-37012.5,10572.0,-35367.5,3524.0,1645.0,8810.0,-36190.0
HPLMP01S1A,464,single_die,12334.0,-36190.0,0.0,1.0,False,,,,,10572.0,-37012.5,14096.0,-35367.5,3524.0,1645.0,12334.0,-36190.0
HPLMP01S1A,465,single_die,15858.0,-36190.0,0.0,1.0,False,,,,,14096.0,-37012.5,17620.0,-35367.5,3524.0,1645.0,15858.0,-36190.0
HPLMP01S1A,466,single_die,19382.0,-36190.0,0.0,1.0,False,,,,,17620.0,-37012.5,21144.0,-35367.5,3524.0,1645.0,19382.0,-36190.0
HPLMP01S1A,467,single_die,22906.0,-36190.0,0.0,1.0,False,,,,,21144.0,-37012.5,24668.0,-35367.5,3524.0,1645.0,22906.0,-36190.0
HPLMP01S1A,468,single_die,29954.0,-36190.0,0.0,1.0,False,,,,,28192.0,-37012.5,31716.0,-35367.5,3524.0,1645.0,29954.0,-36190.0
HPLMP01S1A,469,single_die,33478.0,-36190.0,0.0,1.0,False,,,,,31716.0,-37012.5,35240.0,-35367.5,3524.0,1645.0,33478.0,-36190.0
HPLMP01S1A,470,single_die,37002.0,-36190.0,0.0,1.0,False,,,,,35240.0,-37012.5,38764.0,-35367.5,3524.0,1645.0,37002.0,-36190.0
HPLMP01S1A,471,single_die,40526.0,-36190.0,0.0,1.0,False,,,,,38764.0,-37012.5,42288.0,-35367.5,3524.0,1645.0,40526.0,-36190.0
HPLMP01S1A,472,single_die,44050.0,-36190.0,0.0,1.0,False,,,,,42288.0,-37012.5,45812.0,-35367.5,3524.0,1645.0,44050.0,-36190.0
HPLMP01S1A,473,single_die,47574.0,-36190.0,0.0,1.0,False,,,,,45812.0,-37012.5,49336.0,-35367.5,3524.0,1645.0,47574.0,-36190.0
HPLMP01S1A,474,single_die,51098.0,-36190.0,0.0,1.0,False,,,,,49336.0,-37012.5,52860.0,-35367.5,3524.0,1645.0,51098.0,-36190.0
HPLMP01S1A,475,single_die,54622.0,-36190.0,0.0,1.0,False,,,,,52860.0,-37012.5,56384.0,-35367.5,3524.0,1645.0,54622.0,-36190.0
HPLMP01S1A,476,single_die,-54622.0,-34545.0,0.0,1.0,False,,,,,-56384.0,-35367.5,-52860.0,-33722.5,3524.0,1645.0,-54622.0,-34545.0
HPLMP01S1A,477,single_die,-51098.0,-34545.0,0.0,1.0,False,,,,,-52860.0,-35367.5,-49336.0,-33722.5,3524.0,1645.0,-51098.0,-34545.0
HPLMP01S1A,478,single_die,-47574.0,-34545.0,0.0,1.0,False,,,,,-49336.0,-35367.5,-45812.0,-33722.5,3524.0,1645.0,-47574.0,-34545.0
HPLMP01S1A,479,single_die,-40526.0,-34545.0,0.0,1.0,False,,,,,-42288.0,-35367.5,-38764.0,-33722.5,3524.0,1645.0,-40526.0,-34545.0
HPLMP01S1A,480,single_die,-37002.0,-34545.0,0.0,1.0,False,,,,,-38764.0,-35367.5,-35240.0,-33722.5,3524.0,1645.0,-37002.0,-34545.0
HPLMP01S1A,481,single_die,-33478.0,-34545.0,0.0,1.0,False,,,,,-35240.0,-35367.5,-31716.0,-33722.5,3524.0,1645.0,-33478.0,-34545.0
HPLMP01S1A,482,single_die,-29954.0,-34545.0,0.0,1.0,False,,,,,-31716.0,-35367.5,-28192.0,-33722.5,3524.0,1645.0,-29954.0,-34545.0
HPLMP01S1A,483,single_die,-26430.0,-34545.0,0.0,1.0,False,,,,,-28192.0,-35367.5,-24668.0,-33722.5,3524.0,1645.0,-26430.0,-34545.0
HPLMP01S1A,484,single_die,-22906.0,-34545.0,0.0,1.0,False,,,,,-24668.0,-35367.5,-21144.0,-33722.5,3524.0,1645.0,-22906.0,-34545.0
HPLMP01S1A,485,single_die,-19382.0,-34545.0,0.0,1.0,False,,,,,-21144.0,-35367.5,-17620.0,-33722.5,3524.0,1645.0,-19382.0,-34545.0
HPLMP01S1A,486,single_die,-15858.0,-34545.0,0.0,1.0,False,,,,,-17620.0,-35367.5,-14096.0,-33722.5,3524.0,1645.0,-15858.0,-34545.0
HPLMP01S1A,487,single_die,-12334.0,-34545.0,0.0,1.0,False,,,,,-14096.0,-35367.5,-10572.0,-33722.5,3524.0,1645.0,-12334.0,-34545.0
HPLMP01S1A,488,single_die,-5286.0,-34545.0,0.0,1.0,False,,,,,-7048.0,-35367.5,-3524.0,-33722.5,3524.0,1645.0,-5286.0,-34545.0
HPLMP01S1A,489,single_die,-1762.0,-34545.0,0.0,1.0,False,,,,,-3524.0,-35367.5,0.0,-33722.5,3524.0,1645.0,-1762.0,-34545.0
HPLMP01S1A,490,single_die,1762.0,-34545.0,0.0,1.0,False,,,,,0.0,-35367.5,3524.0,-33722.5,3524.0,1645.0,1762.0,-34545.0
HPLMP01S1A,491,single_die,5286.0,-34545.0,0.0,1.0,False,,,,,3524.0,-35367.5,7048.0,-33722.5,3524.0,1645.0,5286.0,-34545.0
HPLMP01S1A,492,single_die,8810.0,-34545.0,0.0,1.0,False,,,,,7048.0,-35367.5,10572.0,-33722.5,3524.0,1645.0,8810.0,-34545.0
HPLMP01S1A,493,single_die,12334.0,-34545.0,0.0,1.0,False,,,,,10572.0,-35367.5,14096.0,-33722.5,3524.0,1645.0,12334.0,-34545.0
HPLMP01S1A,494,single_die,15858.0,-34545.0,0.0,1.0,False,,,,,14096.0,-35367.5,17620.0,-33722.5,3524.0,1645.0,15858.0,-34545.0
HPLMP01S1A,495,single_die,19382.0,-34545.0,0.0,1.0,False,,,,,17620.0,-35367.5,21144.0,-33722.5,3524.0,1645.0,19382.0,-34545.0
HPLMP01S1A,496,single_die,22906.0,-34545.0,0.0,1.0,False,,,,,21144.0,-35367.5,24668.0,-33722.5,3524.0,1645.0,22906.0,-34545.0
HPLMP01S1A,497,single_die,29954.0,-34545.0,0.0,1.0,False,,,,,28192.0,-35367.5,31716.0,-33722.5,3524.0,1645.0,29954.0,-34545.0
HPLMP01S1A,498,single_die,33478.0,-34545.0,0.0,1.0,False,,,,,31716.0,-35367.5,35240.0,-33722.5,3524.0,1645.0,33478.0,-34545.0
HPLMP01S1A,499,single_die,37002.0,-34545.0,0.0,1.0,False,,,,,35240.0,-35367.5,38764.0,-33722.5,3524.0,1645.0,37002.0,-34545.0
HPLMP01S1A,500,single_die,40526.0,-34545.0,0.0,1.0,False,,,,,38764.0,-35367.5,42288.0,-33722.5,3524.0,1645.0,40526.0,-34545.0
HPLMP01S1A,501,single_die,44050.0,-34545.0,0.0,1.0,False,,,,,42288.0,-35367.5,45812.0,-33722.5,3524.0,1645.0,44050.0,-34545.0
HPLMP01S1A,502,single_die,47574.0,-34545.0,0.0,1.0,False,,,,,45812.0,-35367.5,49336.0,-33722.5,3524.0,1645.0,47574.0,-34545.0
HPLMP01S1A,503,single_die,51098.0,-34545.0,0.0,1.0,False,,,,,49336.0,-35367.5,52860.0,-33722.5,3524.0,1645.0,51098.0,-34545.0
HPLMP01S1A,504,single_die,54622.0,-34545.0,0.0,1.0,False,,,,,52860.0,-35367.5,56384.0,-33722.5,3524.0,1645.0,54622.0,-34545.0
HPLMP01S1A,505,single_die,-54622.0,-32900.0,0.0,1.0,False,,,,,-56384.0,-33722.5,-52860.0,-32077.5,3524.0,1645.0,-54622.0,-32900.0
HPLMP01S1A,506,single_die,-51098.0,-32900.0,0.0,1.0,False,,,,,-52860.0,-33722.5,-49336.0,-32077.5,3524.0,1645.0,-51098.0,-32900.0
HPLMP01S1A,507,single_die,-47574.0,-32900.0,0.0,1.0,False,,,,,-49336.0,-33722.5,-45812.0,-32077.5,3524.0,1645.0,-47574.0,-32900.0
HPLMP01S1A,508,single_die,-44050.0,-32900.0,0.0,1.0,False,,,,,-45812.0,-33722.5,-42288.0,-32077.5,3524.0,1645.0,-44050.0,-32900.0
HPLMP01S1A,509,single_die,-40526.0,-32900.0,0.0,1.0,False,,,,,-42288.0,-33722.5,-38764.0,-32077.5,3524.0,1645.0,-40526.0,-32900.0
HPLMP01S1A,510,single_die,-37002.0,-32900.0,0.0,1.0,False,,,,,-38764.0,-33722.5,-35240.0,-32077.5,3524.0,1645.0,-37002.0,-32900.0
HPLMP01S1A,511,single_die,-33478.0,-32900.0,0.0,1.0,False,,,,,-35240.0,-33722.5,-31716.0,-32077.5,3524.0,1645.0,-33478.0,-32900.0
HPLMP01S1A,512,single_die,-29954.0,-32900.0,0.0,1.0,False,,,,,-31716.0,-33722.5,-28192.0,-32077.5,3524.0,1645.0,-29954.0,-32900.0
HPLMP01S1A,513,single_die,-26430.0,-32900.0,0.0,1.0,False,,,,,-28192.0,-33722.5,-24668.0,-32077.5,3524.0,1645.0,-26430.0,-32900.0
HPLMP01S1A,514,single_die,-22906.0,-32900.0,0.0,1.0,False,,,,,-24668.0,-33722.5,-21144.0,-32077.5,3524.0,1645.0,-22906.0,-32900.0
HPLMP01S1A,515,single_die,-19382.0,-32900.0,0.0,1.0,False,,,,,-21144.0,-33722.5,-17620.0,-32077.5,3524.0,1645.0,-19382.0,-32900.0
HPLMP01S1A,516,single_die,-15858.0,-32900.0,0.0,1.0,False,,,,,-17620.0,-33722.5,-14096.0,-32077.5,3524.0,1645.0,-15858.0,-32900.0
HPLMP01S1A,517,single_die,-12334.0,-32900.0,0.0,1.0,False,,,,,-14096.0,-33722.5,-10572.0,-32077.5,3524.0,1645.0,-12334.0,-32900.0
HPLMP01S1A,518,single_die,-8810.0,-32900.0,0.0,1.0,False,,,,,-10572.0,-33722.5,-7048.0,-32077.5,3524.0,1645.0,-8810.0,-32900.0
HPLMP01S1A,519,single_die,-5286.0,-32900.0,0.0,1.0,False,,,,,-7048.0,-33722.5,-3524.0,-32077.5,3524.0,1645.0,-5286.0,-32900.0
HPLMP01S1A,520,single_die,-1762.0,-32900.0,0.0,1.0,False,,,,,-3524.0,-33722.5,0.0,-32077.5,3524.0,1645.0,-1762.0,-32900.0
HPLMP01S1A,521,single_die,1762.0,-32900.0,0.0,1.0,False,,,,,0.0,-33722.5,3524.0,-32077.5,3524.0,1645.0,1762.0,-32900.0
HPLMP01S1A,522,single_die,5286.0,-32900.0,0.0,1.0,False,,,,,3524.0,-33722.5,7048.0,-32077.5,3524.0,1645.0,5286.0,-32900.0
HPLMP01S1A,523,single_die,8810.0,-32900.0,0.0,1.0,False,,,,,7048.0,-33722.5,10572.0,-32077.5,3524.0,1645.0,8810.0,-32900.0
HPLMP01S1A,524,single_die,12334.0,-32900.0,0.0,1.0,False,,,,,10572.0,-33722.5,14096.0,-32077.5,3524.0,1645.0,12334.0,-32900.0
HPLMP01S1A,525,single_die,15858.0,-32900.0,0.0,1.0,False,,,,,14096.0,-33722.5,17620.0,-32077.5,3524.0,1645.0,15858.0,-32900.0
HPLMP01S1A,526,single_die,19382.0,-32900.0,0.0,1.0,False,,,,,17620.0,-33722.5,21144.0,-32077.5,3524.0,1645.0,19382.0,-32900.0
HPLMP01S1A,527,single_die,22906.0,-32900.0,0.0,1.0,False,,,,,21144.0,-33722.5,24668.0,-32077.5,3524.0,1645.0,22906.0,-32900.0
HPLMP01S1A,528,single_die,26430.0,-32900.0,0.0,1.0,False,,,,,24668.0,-33722.5,28192.0,-32077.5,3524.0,1645.0,26430.0,-32900.0
HPLMP01S1A,529,single_die,29954.0,-32900.0,0.0,1.0,False,,,,,28192.0,-33722.5,31716.0,-32077.5,3524.0,1645.0,29954.0,-32900.0
HPLMP01S1A,530,single_die,33478.0,-32900.0,0.0,1.0,False,,,,,31716.0,-33722.5,35240.0,-32077.5,3524.0,1645.0,33478.0,-32900.0
HPLMP01S1A,531,single_die,37002.0,-32900.0,0.0,1.0,False,,,,,35240.0,-33722.5,38764.0,-32077.5,3524.0,1645.0,37002.0,-32900.0
HPLMP01S1A,532,single_die,40526.0,-32900.0,0.0,1.0,False,,,,,38764.0,-33722.5,42288.0,-32077.5,3524.0,1645.0,40526.0,-32900.0
HPLMP01S1A,533,single_die,44050.0,-32900.0,0.0,1.0,False,,,,,42288.0,-33722.5,45812.0,-32077.5,3524.0,1645.0,44050.0,-32900.0
HPLMP01S1A,534,single_die,47574.0,-32900.0,0.0,1.0,False,,,,,45812.0,-33722.5,49336.0,-32077.5,3524.0,1645.0,47574.0,-32900.0
HPLMP01S1A,535,single_die,51098.0,-32900.0,0.0,1.0,False,,,,,49336.0,-33722.5,52860.0,-32077.5,3524.0,1645.0,51098.0,-32900.0
HPLMP01S1A,536,single_die,54622.0,-32900.0,0.0,1.0,False,,,,,52860.0,-33722.5,56384.0,-32077.5,3524.0,1645.0,54622.0,-32900.0
HPLMP01S1A,537,single_die,-58146.0,-31255.0,0.0,1.0,False,,,,,-59908.0,-32077.5,-56384.0,-30432.5,3524.0,1645.0,-58146.0,-31255.0
HPLMP01S1A,538,single_die,-54622.0,-31255.0,0.0,1.0,False,,,,,-56384.0,-32077.5,-52860.0,-30432.5,3524.0,1645.0,-54622.0,-31255.0
HPLMP01S1A,539,single_die,-51098.0,-31255.0,0.0,1.0,False,,,,,-52860.0,-32077.5,-49336.0,-30432.5,3524.0,1645.0,-51098.0,-31255.0
HPLMP01S1A,540,single_die,-47574.0,-31255.0,0.0,1.0,False,,,,,-49336.0,-32077.5,-45812.0,-30432.5,3524.0,1645.0,-47574.0,-31255.0
HPLMP01S1A,541,single_die,-44050.0,-31255.0,0.0,1.0,False,,,,,-45812.0,-32077.5,-42288.0,-30432.5,3524.0,1645.0,-44050.0,-31255.0
HPLMP01S1A,542,single_die,-40526.0,-31255.0,0.0,1.0,False,,,,,-42288.0,-32077.5,-38764.0,-30432.5,3524.0,1645.0,-40526.0,-31255.0
HPLMP01S1A,543,single_die,-37002.0,-31255.0,0.0,1.0,False,,,,,-38764.0,-32077.5,-35240.0,-30432.5,3524.0,1645.0,-37002.0,-31255.0
HPLMP01S1A,544,single_die,-33478.0,-31255.0,0.0,1.0,False,,,,,-35240.0,-32077.5,-31716.0,-30432.5,3524.0,1645.0,-33478.0,-31255.0
HPLMP01S1A,545,single_die,-29954.0,-31255.0,0.0,1.0,False,,,,,-31716.0,-32077.5,-28192.0,-30432.5,3524.0,1645.0,-29954.0,-31255.0
HPLMP01S1A,546,single_die,-26430.0,-31255.0,0.0,1.0,False,,,,,-28192.0,-32077.5,-24668.0,-30432.5,3524.0,1645.0,-26430.0,-31255.0
HPLMP01S1A,547,single_die,-22906.0,-31255.0,0.0,1.0,False,,,,,-24668.0,-32077.5,-21144.0,-30432.5,3524.0,1645.0,-22906.0,-31255.0
HPLMP01S1A,548,single_die,-19382.0,-31255.0,0.0,1.0,False,,,,,-21144.0,-32077.5,-17620.0,-30432.5,3524.0,1645.0,-19382.0,-31255.0
HPLMP01S1A,549,single_die,-15858.0,-31255.0,0.0,1.0,False,,,,,-17620.0,-32077.5,-14096.0,-30432.5,3524.0,1645.0,-15858.0,-31255.0
HPLMP01S1A,550,single_die,-12334.0,-31255.0,0.0,1.0,False,,,,,-14096.0,-32077.5,-10572.0,-30432.5,3524.0,1645.0,-12334.0,-31255.0
HPLMP01S1A,551,single_die,-8810.0,-31255.0,0.0,1.0,False,,,,,-10572.0,-32077.5,-7048.0,-30432.5,3524.0,1645.0,-8810.0,-31255.0
HPLMP01S1A,552,single_die,-5286.0,-31255.0,0.0,1.0,False,,,,,-7048.0,-32077.5,-3524.0,-30432.5,3524.0,1645.0,-5286.0,-31255.0
HPLMP01S1A,553,single_die,-1762.0,-31255.0,0.0,1.0,False,,,,,-3524.0,-32077.5,0.0,-30432.5,3524.0,1645.0,-1762.0,-31255.0
HPLMP01S1A,554,single_die,1762.0,-31255.0,0.0,1.0,False,,,,,0.0,-32077.5,3524.0,-30432.5,3524.0,1645.0,1762.0,-31255.0
HPLMP01S1A,555,single_die,5286.0,-31255.0,0.0,1.0,False,,,,,3524.0,-32077.5,7048.0,-30432.5,3524.0,1645.0,5286.0,-31255.0
HPLMP01S1A,556,single_die,8810.0,-31255.0,0.0,1.0,False,,,,,7048.0,-32077.5,10572.0,-30432.5,3524.0,1645.0,8810.0,-31255.0
HPLMP01S1A,557,single_die,12334.0,-31255.0,0.0,1.0,False,,,,,10572.0,-32077.5,14096.0,-30432.5,3524.0,1645.0,12334.0,-31255.0
HPLMP01S1A,558,single_die,15858.0,-31255.0,0.0,1.0,False,,,,,14096.0,-32077.5,17620.0,-30432.5,3524.0,1645.0,15858.0,-31255.0
HPLMP01S1A,559,single_die,19382.0,-31255.0,0.0,1.0,False,,,,,17620.0,-32077.5,21144.0,-30432.5,3524.0,1645.0,19382.0,-31255.0
HPLMP01S1A,560,single_die,22906.0,-31255.0,0.0,1.0,False,,,,,21144.0,-32077.5,24668.0,-30432.5,3524.0,1645.0,22906.0,-31255.0
HPLMP01S1A,561,single_die,26430.0,-31255.0,0.0,1.0,False,,,,,24668.0,-32077.5,28192.0,-30432.5,3524.0,1645.0,26430.0,-31255.0
HPLMP01S1A,562,single_die,29954.0,-31255.0,0.0,1.0,False,,,,,28192.0,-32077.5,31716.0,-30432.5,3524.0,1645.0,29954.0,-31255.0
HPLMP01S1A,563,single_die,33478.0,-31255.0,0.0,1.0,False,,,,,31716.0,-32077.5,35240.0,-30432.5,3524.0,1645.0,33478.0,-31255.0
HPLMP01S1A,564,single_die,37002.0,-31255.0,0.0,1.0,False,,,,,35240.0,-32077.5,38764.0,-30432.5,3524.0,1645.0,37002.0,-31255.0
HPLMP01S1A,565,single_die,40526.0,-31255.0,0.0,1.0,False,,,,,38764.0,-32077.5,42288.0,-30432.5,3524.0,1645.0,40526.0,-31255.0
HPLMP01S1A,566,single_die,44050.0,-31255.0,0.0,1.0,False,,,,,42288.0,-32077.5,45812.0,-30432.5,3524.0,1645.0,44050.0,-31255.0
HPLMP01S1A,567,single_die,47574.0,-31255.0,0.0,1.0,False,,,,,45812.0,-32077.5,49336.0,-30432.5,3524.0,1645.0,47574.0,-31255.0
HPLMP01S1A,568,single_die,51098.0,-31255.0,0.0,1.0,False,,,,,49336.0,-32077.5,52860.0,-30432.5,3524.0,1645.0,51098.0,-31255.0
HPLMP01S1A,569,single_die,54622.0,-31255.0,0.0,1.0,False,,,,,52860.0,-32077.5,56384.0,-30432.5,3524.0,1645.0,54622.0,-31255.0
HPLMP01S1A,570,single_die,58146.0,-31255.0,0.0,1.0,False,,,,,56384.0,-32077.5,59908.0,-30432.5,3524.0,1645.0,58146.0,-31255.0
HPLMP01S1A,571,single_die,-58146.0,-29610.0,0.0,1.0,False,,,,,-59908.0,-30432.5,-56384.0,-28787.5,3524.0,1645.0,-58146.0,-29610.0
HPLMP01S1A,572,single_die,-54622.0,-29610.0,0.0,1.0,False,,,,,-56384.0,-30432.5,-52860.0,-28787.5,3524.0,1645.0,-54622.0,-29610.0
HPLMP01S1A,573,single_die,-51098.0,-29610.0,0.0,1.0,False,,,,,-52860.0,-30432.5,-49336.0,-28787.5,3524.0,1645.0,-51098.0,-29610.0
HPLMP01S1A,574,single_die,-47574.0,-29610.0,0.0,1.0,False,,,,,-49336.0,-30432.5,-45812.0,-28787.5,3524.0,1645.0,-47574.0,-29610.0
HPLMP01S1A,575,single_die,-44050.0,-29610.0,0.0,1.0,False,,,,,-45812.0,-30432.5,-42288.0,-28787.5,3524.0,1645.0,-44050.0,-29610.0
HPLMP01S1A,576,single_die,-40526.0,-29610.0,0.0,1.0,False,,,,,-42288.0,-30432.5,-38764.0,-28787.5,3524.0,1645.0,-40526.0,-29610.0
HPLMP01S1A,577,single_die,-37002.0,-29610.0,0.0,1.0,False,,,,,-38764.0,-30432.5,-35240.0,-28787.5,3524.0,1645.0,-37002.0,-29610.0
HPLMP01S1A,578,single_die,-33478.0,-29610.0,0.0,1.0,False,,,,,-35240.0,-30432.5,-31716.0,-28787.5,3524.0,1645.0,-33478.0,-29610.0
HPLMP01S1A,579,single_die,-29954.0,-29610.0,0.0,1.0,False,,,,,-31716.0,-30432.5,-28192.0,-28787.5,3524.0,1645.0,-29954.0,-29610.0
HPLMP01S1A,580,single_die,-26430.0,-29610.0,0.0,1.0,False,,,,,-28192.0,-30432.5,-24668.0,-28787.5,3524.0,1645.0,-26430.0,-29610.0
HPLMP01S1A,581,single_die,-22906.0,-29610.0,0.0,1.0,False,,,,,-24668.0,-30432.5,-21144.0,-28787.5,3524.0,1645.0,-22906.0,-29610.0
HPLMP01S1A,582,single_die,-19382.0,-29610.0,0.0,1.0,False,,,,,-21144.0,-30432.5,-17620.0,-28787.5,3524.0,1645.0,-19382.0,-29610.0
HPLMP01S1A,583,single_die,-15858.0,-29610.0,0.0,1.0,False,,,,,-17620.0,-30432.5,-14096.0,-28787.5,3524.0,1645.0,-15858.0,-29610.0
HPLMP01S1A,584,single_die,-12334.0,-29610.0,0.0,1.0,False,,,,,-14096.0,-30432.5,-10572.0,-28787.5,3524.0,1645.0,-12334.0,-29610.0
HPLMP01S1A,585,single_die,-8810.0,-29610.0,0.0,1.0,False,,,,,-10572.0,-30432.5,-7048.0,-28787.5,3524.0,1645.0,-8810.0,-29610.0
HPLMP01S1A,586,single_die,-5286.0,-29610.0,0.0,1.0,False,,,,,-7048.0,-30432.5,-3524.0,-28787.5,3524.0,1645.0,-5286.0,-29610.0
HPLMP01S1A,587,single_die,-1762.0,-29610.0,0.0,1.0,False,,,,,-3524.0,-30432.5,0.0,-28787.5,3524.0,1645.0,-1762.0,-29610.0
HPLMP01S1A,588,single_die,1762.0,-29610.0,0.0,1.0,False,,,,,0.0,-30432.5,3524.0,-28787.5,3524.0,1645.0,1762.0,-29610.0
HPLMP01S1A,589,single_die,5286.0,-29610.0,0.0,1.0,False,,,,,3524.0,-30432.5,7048.0,-28787.5,3524.0,1645.0,5286.0,-29610.0
HPLMP01S1A,590,single_die,8810.0,-29610.0,0.0,1.0,False,,,,,7048.0,-30432.5,10572.0,-28787.5,3524.0,1645.0,8810.0,-29610.0
HPLMP01S1A,591,single_die,12334.0,-29610.0,0.0,1.0,False,,,,,10572.0,-30432.5,14096.0,-28787.5,3524.0,1645.0,12334.0,-29610.0
HPLMP01S1A,592,single_die,15858.0,-29610.0,0.0,1.0,False,,,,,14096.0,-30432.5,17620.0,-28787.5,3524.0,1645.0,15858.0,-29610.0
HPLMP01S1A,593,single_die,19382.0,-29610.0,0.0,1.0,False,,,,,17620.0,-30432.5,21144.0,-28787.5,3524.0,1645.0,19382.0,-29610.0
HPLMP01S1A,594,single_die,22906.0,-29610.0,0.0,1.0,False,,,,,21144.0,-30432.5,24668.0,-28787.5,3524.0,1645.0,22906.0,-29610.0
HPLMP01S1A,595,single_die,26430.0,-29610.0,0.0,1.0,False,,,,,24668.0,-30432.5,28192.0,-28787.5,3524.0,1645.0,26430.0,-29610.0
HPLMP01S1A,596,single_die,29954.0,-29610.0,0.0,1.0,False,,,,,28192.0,-30432.5,31716.0,-28787.5,3524.0,1645.0,29954.0,-29610.0
HPLMP01S1A,597,single_die,33478.0,-29610.0,0.0,1.0,False,,,,,31716.0,-30432.5,35240.0,-28787.5,3524.0,1645.0,33478.0,-29610.0
HPLMP01S1A,598,single_die,37002.0,-29610.0,0.0,1.0,False,,,,,35240.0,-30432.5,38764.0,-28787.5,3524.0,1645.0,37002.0,-29610.0
HPLMP01S1A,599,single_die,40526.0,-29610.0,0.0,1.0,False,,,,,38764.0,-30432.5,42288.0,-28787.5,3524.0,1645.0,40526.0,-29610.0
HPLMP01S1A,600,single_die,44050.0,-29610.0,0.0,1.0,False,,,,,42288.0,-30432.5,45812.0,-28787.5,3524.0,1645.0,44050.0,-29610.0
HPLMP01S1A,601,single_die,47574.0,-29610.0,0.0,1.0,False,,,,,45812.0,-30432.5,49336.0,-28787.5,3524.0,1645.0,47574.0,-29610.0
HPLMP01S1A,602,single_die,51098.0,-29610.0,0.0,1.0,False,,,,,49336.0,-30432.5,52860.0,-28787.5,3524.0,1645.0,51098.0,-29610.0
HPLMP01S1A,603,single_die,54622.0,-29610.0,0.0,1.0,False,,,,,52860.0,-30432.5,56384.0,-28787.5,3524.0,1645.0,54622.0,-29610.0
HPLMP01S1A,604,single_die,58146.0,-29610.0,0.0,1.0,False,,,,,56384.0,-30432.5,59908.0,-28787.5,3524.0,1645.0,58146.0,-29610.0
HPLMP01S1A,605,single_die,-58146.0,-27965.0,0.0,1.0,False,,,,,-59908.0,-28787.5,-56384.0,-27142.5,3524.0,1645.0,-58146.0,-27965.0
HPLMP01S1A,606,single_die,-54622.0,-27965.0,0.0,1.0,False,,,,,-56384.0,-28787.5,-52860.0,-27142.5,3524.0,1645.0,-54622.0,-27965.0
HPLMP01S1A,607,single_die,-51098.0,-27965.0,0.0,1.0,False,,,,,-52860.0,-28787.5,-49336.0,-27142.5,3524.0,1645.0,-51098.0,-27965.0
HPLMP01S1A,608,single_die,-47574.0,-27965.0,0.0,1.0,False,,,,,-49336.0,-28787.5,-45812.0,-27142.5,3524.0,1645.0,-47574.0,-27965.0
HPLMP01S1A,609,single_die,-44050.0,-27965.0,0.0,1.0,False,,,,,-45812.0,-28787.5,-42288.0,-27142.5,3524.0,1645.0,-44050.0,-27965.0
HPLMP01S1A,610,single_die,-40526.0,-27965.0,0.0,1.0,False,,,,,-42288.0,-28787.5,-38764.0,-27142.5,3524.0,1645.0,-40526.0,-27965.0
HPLMP01S1A,611,single_die,-37002.0,-27965.0,0.0,1.0,False,,,,,-38764.0,-28787.5,-35240.0,-27142.5,3524.0,1645.0,-37002.0,-27965.0
HPLMP01S1A,612,single_die,-33478.0,-27965.0,0.0,1.0,False,,,,,-35240.0,-28787.5,-31716.0,-27142.5,3524.0,1645.0,-33478.0,-27965.0
HPLMP01S1A,613,single_die,-29954.0,-27965.0,0.0,1.0,False,,,,,-31716.0,-28787.5,-28192.0,-27142.5,3524.0,1645.0,-29954.0,-27965.0
HPLMP01S1A,614,single_die,-26430.0,-27965.0,0.0,1.0,False,,,,,-28192.0,-28787.5,-24668.0,-27142.5,3524.0,1645.0,-26430.0,-27965.0
HPLMP01S1A,615,single_die,-22906.0,-27965.0,0.0,1.0,False,,,,,-24668.0,-28787.5,-21144.0,-27142.5,3524.0,1645.0,-22906.0,-27965.0
HPLMP01S1A,616,single_die,-19382.0,-27965.0,0.0,1.0,False,,,,,-21144.0,-28787.5,-17620.0,-27142.5,3524.0,1645.0,-19382.0,-27965.0
HPLMP01S1A,617,single_die,-15858.0,-27965.0,0.0,1.0,False,,,,,-17620.0,-28787.5,-14096.0,-27142.5,3524.0,1645.0,-15858.0,-27965.0
HPLMP01S1A,618,single_die,-12334.0,-27965.0,0.0,1.0,False,,,,,-14096.0,-28787.5,-10572.0,-27142.5,3524.0,1645.0,-12334.0,-27965.0
HPLMP01S1A,619,single_die,-8810.0,-27965.0,0.0,1.0,False,,,,,-10572.0,-28787.5,-7048.0,-27142.5,3524.0,1645.0,-8810.0,-27965.0
HPLMP01S1A,620,single_die,-5286.0,-27965.0,0.0,1.0,False,,,,,-7048.0,-28787.5,-3524.0,-27142.5,3524.0,1645.0,-5286.0,-27965.0
HPLMP01S1A,621,single_die,-1762.0,-27965.0,0.0,1.0,False,,,,,-3524.0,-28787.5,0.0,-27142.5,3524.0,1645.0,-1762.0,-27965.0
HPLMP01S1A,622,single_die,1762.0,-27965.0,0.0,1.0,False,,,,,0.0,-28787.5,3524.0,-27142.5,3524.0,1645.0,1762.0,-27965.0
HPLMP01S1A,623,single_die,5286.0,-27965.0,0.0,1.0,False,,,,,3524.0,-28787.5,7048.0,-27142.5,3524.0,1645.0,5286.0,-27965.0
HPLMP01S1A,624,single_die,8810.0,-27965.0,0.0,1.0,False,,,,,7048.0,-28787.5,10572.0,-27142.5,3524.0,1645.0,8810.0,-27965.0
HPLMP01S1A,625,single_die,12334.0,-27965.0,0.0,1.0,False,,,,,10572.0,-28787.5,14096.0,-27142.5,3524.0,1645.0,12334.0,-27965.0
HPLMP01S1A,626,single_die,15858.0,-27965.0,0.0,1.0,False,,,,,14096.0,-28787.5,17620.0,-27142.5,3524.0,1645.0,15858.0,-27965.0
HPLMP01S1A,627,single_die,19382.0,-27965.0,0.0,1.0,False,,,,,17620.0,-28787.5,21144.0,-27142.5,3524.0,1645.0,19382.0,-27965.0
HPLMP01S1A,628,single_die,22906.0,-27965.0,0.0,1.0,False,,,,,21144.0,-28787.5,24668.0,-27142.5,3524.0,1645.0,22906.0,-27965.0
HPLMP01S1A,629,single_die,26430.0,-27965.0,0.0,1.0,False,,,,,24668.0,-28787.5,28192.0,-27142.5,3524.0,1645.0,26430.0,-27965.0
HPLMP01S1A,630,single_die,29954.0,-27965.0,0.0,1.0,False,,,,,28192.0,-28787.5,31716.0,-27142.5,3524.0,1645.0,29954.0,-27965.0
HPLMP01S1A,631,single_die,33478.0,-27965.0,0.0,1.0,False,,,,,31716.0,-28787.5,35240.0,-27142.5,3524.0,1645.0,33478.0,-27965.0
HPLMP01S1A,632,single_die,37002.0,-27965.0,0.0,1.0,False,,,,,35240.0,-28787.5,38764.0,-27142.5,3524.0,1645.0,37002.0,-27965.0
HPLMP01S1A,633,single_die,40526.0,-27965.0,0.0,1.0,False,,,,,38764.0,-28787.5,42288.0,-27142.5,3524.0,1645.0,40526.0,-27965.0
HPLMP01S1A,634,single_die,44050.0,-27965.0,0.0,1.0,False,,,,,42288.0,-28787.5,45812.0,-27142.5,3524.0,1645.0,44050.0,-27965.0
HPLMP01S1A,635,single_die,47574.0,-27965.0,0.0,1.0,False,,,,,45812.0,-28787.5,49336.0,-27142.5,3524.0,1645.0,47574.0,-27965.0
HPLMP01S1A,636,single_die,51098.0,-27965.0,0.0,1.0,False,,,,,49336.0,-28787.5,52860.0,-27142.5,3524.0,1645.0,51098.0,-27965.0
HPLMP01S1A,637,single_die,54622.0,-27965.0,0.0,1.0,False,,,,,52860.0,-28787.5,56384.0,-27142.5,3524.0,1645.0,54622.0,-27965.0
HPLMP01S1A,638,single_die,58146.0,-27965.0,0.0,1.0,False,,,,,56384.0,-28787.5,59908.0,-27142.5,3524.0,1645.0,58146.0,-27965.0
HPLMP01S1A,639,single_die,-58146.0,-26320.0,0.0,1.0,False,,,,,-59908.0,-27142.5,-56384.0,-25497.5,3524.0,1645.0,-58146.0,-26320.0
HPLMP01S1A,640,single_die,-54622.0,-26320.0,0.0,1.0,False,,,,,-56384.0,-27142.5,-52860.0,-25497.5,3524.0,1645.0,-54622.0,-26320.0
HPLMP01S1A,641,single_die,-51098.0,-26320.0,0.0,1.0,False,,,,,-52860.0,-27142.5,-49336.0,-25497.5,3524.0,1645.0,-51098.0,-26320.0
HPLMP01S1A,642,single_die,-47574.0,-26320.0,0.0,1.0,False,,,,,-49336.0,-27142.5,-45812.0,-25497.5,3524.0,1645.0,-47574.0,-26320.0
HPLMP01S1A,643,single_die,-44050.0,-26320.0,0.0,1.0,False,,,,,-45812.0,-27142.5,-42288.0,-25497.5,3524.0,1645.0,-44050.0,-26320.0
HPLMP01S1A,644,single_die,-40526.0,-26320.0,0.0,1.0,False,,,,,-42288.0,-27142.5,-38764.0,-25497.5,3524.0,1645.0,-40526.0,-26320.0
HPLMP01S1A,645,single_die,-37002.0,-26320.0,0.0,1.0,False,,,,,-38764.0,-27142.5,-35240.0,-25497.5,3524.0,1645.0,-37002.0,-26320.0
HPLMP01S1A,646,single_die,-33478.0,-26320.0,0.0,1.0,False,,,,,-35240.0,-27142.5,-31716.0,-25497.5,3524.0,1645.0,-33478.0,-26320.0
HPLMP01S1A,647,single_die,-29954.0,-26320.0,0.0,1.0,False,,,,,-31716.0,-27142.5,-28192.0,-25497.5,3524.0,1645.0,-29954.0,-26320.0
HPLMP01S1A,648,single_die,-26430.0,-26320.0,0.0,1.0,False,,,,,-28192.0,-27142.5,-24668.0,-25497.5,3524.0,1645.0,-26430.0,-26320.0
HPLMP01S1A,649,single_die,-22906.0,-26320.0,0.0,1.0,False,,,,,-24668.0,-27142.5,-21144.0,-25497.5,3524.0,1645.0,-22906.0,-26320.0
HPLMP01S1A,650,single_die,-19382.0,-26320.0,0.0,1.0,False,,,,,-21144.0,-27142.5,-17620.0,-25497.5,3524.0,1645.0,-19382.0,-26320.0
HPLMP01S1A,651,single_die,-15858.0,-26320.0,0.0,1.0,False,,,,,-17620.0,-27142.5,-14096.0,-25497.5,3524.0,1645.0,-15858.0,-26320.0
HPLMP01S1A,652,single_die,-12334.0,-26320.0,0.0,1.0,False,,,,,-14096.0,-27142.5,-10572.0,-25497.5,3524.0,1645.0,-12334.0,-26320.0
HPLMP01S1A,653,single_die,-8810.0,-26320.0,0.0,1.0,False,,,,,-10572.0,-27142.5,-7048.0,-25497.5,3524.0,1645.0,-8810.0,-26320.0
HPLMP01S1A,654,single_die,-5286.0,-26320.0,0.0,1.0,False,,,,,-7048.0,-27142.5,-3524.0,-25497.5,3524.0,1645.0,-5286.0,-26320.0
HPLMP01S1A,655,single_die,-1762.0,-26320.0,0.0,1.0,False,,,,,-3524.0,-27142.5,0.0,-25497.5,3524.0,1645.0,-1762.0,-26320.0
HPLMP01S1A,656,single_die,1762.0,-26320.0,0.0,1.0,False,,,,,0.0,-27142.5,3524.0,-25497.5,3524.0,1645.0,1762.0,-26320.0
HPLMP01S1A,657,single_die,5286.0,-26320.0,0.0,1.0,False,,,,,3524.0,-27142.5,7048.0,-25497.5,3524.0,1645.0,5286.0,-26320.0
HPLMP01S1A,658,single_die,8810.0,-26320.0,0.0,1.0,False,,,,,7048.0,-27142.5,10572.0,-25497.5,3524.0,1645.0,8810.0,-26320.0
HPLMP01S1A,659,single_die,12334.0,-26320.0,0.0,1.0,False,,,,,10572.0,-27142.5,14096.0,-25497.5,3524.0,1645.0,12334.0,-26320.0
HPLMP01S1A,660,single_die,15858.0,-26320.0,0.0,1.0,False,,,,,14096.0,-27142.5,17620.0,-25497.5,3524.0,1645.0,15858.0,-26320.0
HPLMP01S1A,661,single_die,19382.0,-26320.0,0.0,1.0,False,,,,,17620.0,-27142.5,21144.0,-25497.5,3524.0,1645.0,19382.0,-26320.0
HPLMP01S1A,662,single_die,22906.0,-26320.0,0.0,1.0,False,,,,,21144.0,-27142.5,24668.0,-25497.5,3524.0,1645.0,22906.0,-26320.0
HPLMP01S1A,663,single_die,26430.0,-26320.0,0.0,1.0,False,,,,,24668.0,-27142.5,28192.0,-25497.5,3524.0,1645.0,26430.0,-26320.0
HPLMP01S1A,664,single_die,29954.0,-26320.0,0.0,1.0,False,,,,,28192.0,-27142.5,31716.0,-25497.5,3524.0,1645.0,29954.0,-26320.0
HPLMP01S1A,665,single_die,33478.0,-26320.0,0.0,1.0,False,,,,,31716.0,-27142.5,35240.0,-25497.5,3524.0,1645.0,33478.0,-26320.0
HPLMP01S1A,666,single_die,37002.0,-26320.0,0.0,1.0,False,,,,,35240.0,-27142.5,38764.0,-25497.5,3524.0,1645.0,37002.0,-26320.0
HPLMP01S1A,667,single_die,40526.0,-26320.0,0.0,1.0,False,,,,,38764.0,-27142.5,42288.0,-25497.5,3524.0,1645.0,40526.0,-26320.0
HPLMP01S1A,668,single_die,44050.0,-26320.0,0.0,1.0,False,,,,,42288.0,-27142.5,45812.0,-25497.5,3524.0,1645.0,44050.0,-26320.0
HPLMP01S1A,669,single_die,47574.0,-26320.0,0.0,1.0,False,,,,,45812.0,-27142.5,49336.0,-25497.5,3524.0,1645.0,47574.0,-26320.0
HPLMP01S1A,670,single_die,51098.0,-26320.0,0.0,1.0,False,,,,,49336.0,-27142.5,52860.0,-25497.5,3524.0,1645.0,51098.0,-26320.0
HPLMP01S1A,671,single_die,54622.0,-26320.0,0.0,1.0,False,,,,,52860.0,-27142.5,56384.0,-25497.5,3524.0,1645.0,54622.0,-26320.0
HPLMP01S1A,672,single_die,58146.0,-26320.0,0.0,1.0,False,,,,,56384.0,-27142.5,59908.0,-25497.5,3524.0,1645.0,58146.0,-26320.0
HPLMP01S1A,673,single_die,-61670.0,-24675.0,0.0,1.0,False,,,,,-63432.0,-25497.5,-59908.0,-23852.5,3524.0,1645.0,-61670.0,-24675.0
HPLMP01S1A,674,single_die,-58146.0,-24675.0,0.0,1.0,False,,,,,-59908.0,-25497.5,-56384.0,-23852.5,3524.0,1645.0,-58146.0,-24675.0
HPLMP01S1A,675,single_die,-54622.0,-24675.0,0.0,1.0,False,,,,,-56384.0,-25497.5,-52860.0,-23852.5,3524.0,1645.0,-54622.0,-24675.0
HPLMP01S1A,676,single_die,-51098.0,-24675.0,0.0,1.0,False,,,,,-52860.0,-25497.5,-49336.0,-23852.5,3524.0,1645.0,-51098.0,-24675.0
HPLMP01S1A,677,single_die,-47574.0,-24675.0,0.0,1.0,False,,,,,-49336.0,-25497.5,-45812.0,-23852.5,3524.0,1645.0,-47574.0,-24675.0
HPLMP01S1A,678,single_die,-44050.0,-24675.0,0.0,1.0,False,,,,,-45812.0,-25497.5,-42288.0,-23852.5,3524.0,1645.0,-44050.0,-24675.0
HPLMP01S1A,679,single_die,-40526.0,-24675.0,0.0,1.0,False,,,,,-42288.0,-25497.5,-38764.0,-23852.5,3524.0,1645.0,-40526.0,-24675.0
HPLMP01S1A,680,single_die,-37002.0,-24675.0,0.0,1.0,False,,,,,-38764.0,-25497.5,-35240.0,-23852.5,3524.0,1645.0,-37002.0,-24675.0
HPLMP01S1A,681,single_die,-33478.0,-24675.0,0.0,1.0,False,,,,,-35240.0,-25497.5,-31716.0,-23852.5,3524.0,1645.0,-33478.0,-24675.0
HPLMP01S1A,682,single_die,-29954.0,-24675.0,0.0,1.0,False,,,,,-31716.0,-25497.5,-28192.0,-23852.5,3524.0,1645.0,-29954.0,-24675.0
HPLMP01S1A,683,single_die,-26430.0,-24675.0,0.0,1.0,False,,,,,-28192.0,-25497.5,-24668.0,-23852.5,3524.0,1645.0,-26430.0,-24675.0
HPLMP01S1A,684,single_die,-22906.0,-24675.0,0.0,1.0,False,,,,,-24668.0,-25497.5,-21144.0,-23852.5,3524.0,1645.0,-22906.0,-24675.0
HPLMP01S1A,685,single_die,-19382.0,-24675.0,0.0,1.0,False,,,,,-21144.0,-25497.5,-17620.0,-23852.5,3524.0,1645.0,-19382.0,-24675.0
HPLMP01S1A,686,single_die,-15858.0,-24675.0,0.0,1.0,False,,,,,-17620.0,-25497.5,-14096.0,-23852.5,3524.0,1645.0,-15858.0,-24675.0
HPLMP01S1A,687,single_die,-12334.0,-24675.0,0.0,1.0,False,,,,,-14096.0,-25497.5,-10572.0,-23852.5,3524.0,1645.0,-12334.0,-24675.0
HPLMP01S1A,688,single_die,-8810.0,-24675.0,0.0,1.0,False,,,,,-10572.0,-25497.5,-7048.0,-23852.5,3524.0,1645.0,-8810.0,-24675.0
HPLMP01S1A,689,single_die,-5286.0,-24675.0,0.0,1.0,False,,,,,-7048.0,-25497.5,-3524.0,-23852.5,3524.0,1645.0,-5286.0,-24675.0
HPLMP01S1A,690,single_die,-1762.0,-24675.0,0.0,1.0,False,,,,,-3524.0,-25497.5,0.0,-23852.5,3524.0,1645.0,-1762.0,-24675.0
HPLMP01S1A,691,single_die,1762.0,-24675.0,0.0,1.0,False,,,,,0.0,-25497.5,3524.0,-23852.5,3524.0,1645.0,1762.0,-24675.0
HPLMP01S1A,692,single_die,5286.0,-24675.0,0.0,1.0,False,,,,,3524.0,-25497.5,7048.0,-23852.5,3524.0,1645.0,5286.0,-24675.0
HPLMP01S1A,693,single_die,8810.0,-24675.0,0.0,1.0,False,,,,,7048.0,-25497.5,10572.0,-23852.5,3524.0,1645.0,8810.0,-24675.0
HPLMP01S1A,694,single_die,12334.0,-24675.0,0.0,1.0,False,,,,,10572.0,-25497.5,14096.0,-23852.5,3524.0,1645.0,12334.0,-24675.0
HPLMP01S1A,695,single_die,15858.0,-24675.0,0.0,1.0,False,,,,,14096.0,-25497.5,17620.0,-23852.5,3524.0,1645.0,15858.0,-24675.0
HPLMP01S1A,696,single_die,19382.0,-24675.0,0.0,1.0,False,,,,,17620.0,-25497.5,21144.0,-23852.5,3524.0,1645.0,19382.0,-24675.0
HPLMP01S1A,697,single_die,22906.0,-24675.0,0.0,1.0,False,,,,,21144.0,-25497.5,24668.0,-23852.5,3524.0,1645.0,22906.0,-24675.0
HPLMP01S1A,698,single_die,26430.0,-24675.0,0.0,1.0,False,,,,,24668.0,-25497.5,28192.0,-23852.5,3524.0,1645.0,26430.0,-24675.0
HPLMP01S1A,699,single_die,29954.0,-24675.0,0.0,1.0,False,,,,,28192.0,-25497.5,31716.0,-23852.5,3524.0,1645.0,29954.0,-24675.0
HPLMP01S1A,700,single_die,33478.0,-24675.0,0.0,1.0,False,,,,,31716.0,-25497.5,35240.0,-23852.5,3524.0,1645.0,33478.0,-24675.0
HPLMP01S1A,701,single_die,37002.0,-24675.0,0.0,1.0,False,,,,,35240.0,-25497.5,38764.0,-23852.5,3524.0,1645.0,37002.0,-24675.0
HPLMP01S1A,702,single_die,40526.0,-24675.0,0.0,1.0,False,,,,,38764.0,-25497.5,42288.0,-23852.5,3524.0,1645.0,40526.0,-24675.0
HPLMP01S1A,703,single_die,44050.0,-24675.0,0.0,1.0,False,,,,,42288.0,-25497.5,45812.0,-23852.5,3524.0,1645.0,44050.0,-24675.0
HPLMP01S1A,704,single_die,47574.0,-24675.0,0.0,1.0,False,,,,,45812.0,-25497.5,49336.0,-23852.5,3524.0,1645.0,47574.0,-24675.0
HPLMP01S1A,705,single_die,51098.0,-24675.0,0.0,1.0,False,,,,,49336.0,-25497.5,52860.0,-23852.5,3524.0,1645.0,51098.0,-24675.0
HPLMP01S1A,706,single_die,54622.0,-24675.0,0.0,1.0,False,,,,,52860.0,-25497.5,56384.0,-23852.5,3524.0,1645.0,54622.0,-24675.0
HPLMP01S1A,707,single_die,58146.0,-24675.0,0.0,1.0,False,,,,,56384.0,-25497.5,59908.0,-23852.5,3524.0,1645.0,58146.0,-24675.0
HPLMP01S1A,708,single_die,61670.0,-24675.0,0.0,1.0,False,,,,,59908.0,-25497.5,63432.0,-23852.5,3524.0,1645.0,61670.0,-24675.0
HPLMP01S1A,709,single_die,-61670.0,-23030.0,0.0,1.0,False,,,,,-63432.0,-23852.5,-59908.0,-22207.5,3524.0,1645.0,-61670.0,-23030.0
HPLMP01S1A,710,single_die,-58146.0,-23030.0,0.0,1.0,False,,,,,-59908.0,-23852.5,-56384.0,-22207.5,3524.0,1645.0,-58146.0,-23030.0
HPLMP01S1A,711,single_die,-54622.0,-23030.0,0.0,1.0,False,,,,,-56384.0,-23852.5,-52860.0,-22207.5,3524.0,1645.0,-54622.0,-23030.0
HPLMP01S1A,712,single_die,-51098.0,-23030.0,0.0,1.0,False,,,,,-52860.0,-23852.5,-49336.0,-22207.5,3524.0,1645.0,-51098.0,-23030.0
HPLMP01S1A,713,single_die,-47574.0,-23030.0,0.0,1.0,False,,,,,-49336.0,-23852.5,-45812.0,-22207.5,3524.0,1645.0,-47574.0,-23030.0
HPLMP01S1A,714,single_die,-44050.0,-23030.0,0.0,1.0,False,,,,,-45812.0,-23852.5,-42288.0,-22207.5,3524.0,1645.0,-44050.0,-23030.0
HPLMP01S1A,715,single_die,-40526.0,-23030.0,0.0,1.0,False,,,,,-42288.0,-23852.5,-38764.0,-22207.5,3524.0,1645.0,-40526.0,-23030.0
HPLMP01S1A,716,single_die,-37002.0,-23030.0,0.0,1.0,False,,,,,-38764.0,-23852.5,-35240.0,-22207.5,3524.0,1645.0,-37002.0,-23030.0
HPLMP01S1A,717,single_die,-33478.0,-23030.0,0.0,1.0,False,,,,,-35240.0,-23852.5,-31716.0,-22207.5,3524.0,1645.0,-33478.0,-23030.0
HPLMP01S1A,718,single_die,-29954.0,-23030.0,0.0,1.0,False,,,,,-31716.0,-23852.5,-28192.0,-22207.5,3524.0,1645.0,-29954.0,-23030.0
HPLMP01S1A,719,single_die,-26430.0,-23030.0,0.0,1.0,False,,,,,-28192.0,-23852.5,-24668.0,-22207.5,3524.0,1645.0,-26430.0,-23030.0
HPLMP01S1A,720,single_die,-22906.0,-23030.0,0.0,1.0,False,,,,,-24668.0,-23852.5,-21144.0,-22207.5,3524.0,1645.0,-22906.0,-23030.0
HPLMP01S1A,721,single_die,-19382.0,-23030.0,0.0,1.0,False,,,,,-21144.0,-23852.5,-17620.0,-22207.5,3524.0,1645.0,-19382.0,-23030.0
HPLMP01S1A,722,single_die,-15858.0,-23030.0,0.0,1.0,False,,,,,-17620.0,-23852.5,-14096.0,-22207.5,3524.0,1645.0,-15858.0,-23030.0
HPLMP01S1A,723,single_die,-12334.0,-23030.0,0.0,1.0,False,,,,,-14096.0,-23852.5,-10572.0,-22207.5,3524.0,1645.0,-12334.0,-23030.0
HPLMP01S1A,724,single_die,-8810.0,-23030.0,0.0,1.0,False,,,,,-10572.0,-23852.5,-7048.0,-22207.5,3524.0,1645.0,-8810.0,-23030.0
HPLMP01S1A,725,single_die,-5286.0,-23030.0,0.0,1.0,False,,,,,-7048.0,-23852.5,-3524.0,-22207.5,3524.0,1645.0,-5286.0,-23030.0
HPLMP01S1A,726,single_die,-1762.0,-23030.0,0.0,1.0,False,,,,,-3524.0,-23852.5,0.0,-22207.5,3524.0,1645.0,-1762.0,-23030.0
HPLMP01S1A,727,single_die,1762.0,-23030.0,0.0,1.0,False,,,,,0.0,-23852.5,3524.0,-22207.5,3524.0,1645.0,1762.0,-23030.0
HPLMP01S1A,728,single_die,5286.0,-23030.0,0.0,1.0,False,,,,,3524.0,-23852.5,7048.0,-22207.5,3524.0,1645.0,5286.0,-23030.0
HPLMP01S1A,729,single_die,8810.0,-23030.0,0.0,1.0,False,,,,,7048.0,-23852.5,10572.0,-22207.5,3524.0,1645.0,8810.0,-23030.0
HPLMP01S1A,730,single_die,12334.0,-23030.0,0.0,1.0,False,,,,,10572.0,-23852.5,14096.0,-22207.5,3524.0,1645.0,12334.0,-23030.0
HPLMP01S1A,731,single_die,15858.0,-23030.0,0.0,1.0,False,,,,,14096.0,-23852.5,17620.0,-22207.5,3524.0,1645.0,15858.0,-23030.0
HPLMP01S1A,732,single_die,19382.0,-23030.0,0.0,1.0,False,,,,,17620.0,-23852.5,21144.0,-22207.5,3524.0,1645.0,19382.0,-23030.0
HPLMP01S1A,733,single_die,22906.0,-23030.0,0.0,1.0,False,,,,,21144.0,-23852.5,24668.0,-22207.5,3524.0,1645.0,22906.0,-23030.0
HPLMP01S1A,734,single_die,26430.0,-23030.0,0.0,1.0,False,,,,,24668.0,-23852.5,28192.0,-22207.5,3524.0,1645.0,26430.0,-23030.0
HPLMP01S1A,735,single_die,29954.0,-23030.0,0.0,1.0,False,,,,,28192.0,-23852.5,31716.0,-22207.5,3524.0,1645.0,29954.0,-23030.0
HPLMP01S1A,736,single_die,33478.0,-23030.0,0.0,1.0,False,,,,,31716.0,-23852.5,35240.0,-22207.5,3524.0,1645.0,33478.0,-23030.0
HPLMP01S1A,737,single_die,37002.0,-23030.0,0.0,1.0,False,,,,,35240.0,-23852.5,38764.0,-22207.5,3524.0,1645.0,37002.0,-23030.0
HPLMP01S1A,738,single_die,40526.0,-23030.0,0.0,1.0,False,,,,,38764.0,-23852.5,42288.0,-22207.5,3524.0,1645.0,40526.0,-23030.0
HPLMP01S1A,739,single_die,44050.0,-23030.0,0.0,1.0,False,,,,,42288.0,-23852.5,45812.0,-22207.5,3524.0,1645.0,44050.0,-23030.0
HPLMP01S1A,740,single_die,47574.0,-23030.0,0.0,1.0,False,,,,,45812.0,-23852.5,49336.0,-22207.5,3524.0,1645.0,47574.0,-23030.0
HPLMP01S1A,741,single_die,51098.0,-23030.0,0.0,1.0,False,,,,,49336.0,-23852.5,52860.0,-22207.5,3524.0,1645.0,51098.0,-23030.0
HPLMP01S1A,742,single_die,54622.0,-23030.0,0.0,1.0,False,,,,,52860.0,-23852.5,56384.0,-22207.5,3524.0,1645.0,54622.0,-23030.0
HPLMP01S1A,743,single_die,58146.0,-23030.0,0.0,1.0,False,,,,,56384.0,-23852.5,59908.0,-22207.5,3524.0,1645.0,58146.0,-23030.0
HPLMP01S1A,744,single_die,61670.0,-23030.0,0.0,1.0,False,,,,,59908.0,-23852.5,63432.0,-22207.5,3524.0,1645.0,61670.0,-23030.0
HPLMP01S1A,745,single_die,-61670.0,-21385.0,0.0,1.0,False,,,,,-63432.0,-22207.5,-59908.0,-20562.5,3524.0,1645.0,-61670.0,-21385.0
HPLMP01S1A,746,single_die,-58146.0,-21385.0,0.0,1.0,False,,,,,-59908.0,-22207.5,-56384.0,-20562.5,3524.0,1645.0,-58146.0,-21385.0
HPLMP01S1A,747,single_die,-54622.0,-21385.0,0.0,1.0,False,,,,,-56384.0,-22207.5,-52860.0,-20562.5,3524.0,1645.0,-54622.0,-21385.0
HPLMP01S1A,748,single_die,-51098.0,-21385.0,0.0,1.0,False,,,,,-52860.0,-22207.5,-49336.0,-20562.5,3524.0,1645.0,-51098.0,-21385.0
HPLMP01S1A,749,single_die,-47574.0,-21385.0,0.0,1.0,False,,,,,-49336.0,-22207.5,-45812.0,-20562.5,3524.0,1645.0,-47574.0,-21385.0
HPLMP01S1A,750,single_die,-44050.0,-21385.0,0.0,1.0,False,,,,,-45812.0,-22207.5,-42288.0,-20562.5,3524.0,1645.0,-44050.0,-21385.0
HPLMP01S1A,751,single_die,-40526.0,-21385.0,0.0,1.0,False,,,,,-42288.0,-22207.5,-38764.0,-20562.5,3524.0,1645.0,-40526.0,-21385.0
HPLMP01S1A,752,single_die,-37002.0,-21385.0,0.0,1.0,False,,,,,-38764.0,-22207.5,-35240.0,-20562.5,3524.0,1645.0,-37002.0,-21385.0
HPLMP01S1A,753,single_die,-33478.0,-21385.0,0.0,1.0,False,,,,,-35240.0,-22207.5,-31716.0,-20562.5,3524.0,1645.0,-33478.0,-21385.0
HPLMP01S1A,754,single_die,-29954.0,-21385.0,0.0,1.0,False,,,,,-31716.0,-22207.5,-28192.0,-20562.5,3524.0,1645.0,-29954.0,-21385.0
HPLMP01S1A,755,single_die,-26430.0,-21385.0,0.0,1.0,False,,,,,-28192.0,-22207.5,-24668.0,-20562.5,3524.0,1645.0,-26430.0,-21385.0
HPLMP01S1A,756,single_die,-22906.0,-21385.0,0.0,1.0,False,,,,,-24668.0,-22207.5,-21144.0,-20562.5,3524.0,1645.0,-22906.0,-21385.0
HPLMP01S1A,757,single_die,-19382.0,-21385.0,0.0,1.0,False,,,,,-21144.0,-22207.5,-17620.0,-20562.5,3524.0,1645.0,-19382.0,-21385.0
HPLMP01S1A,758,single_die,-15858.0,-21385.0,0.0,1.0,False,,,,,-17620.0,-22207.5,-14096.0,-20562.5,3524.0,1645.0,-15858.0,-21385.0
HPLMP01S1A,759,single_die,-12334.0,-21385.0,0.0,1.0,False,,,,,-14096.0,-22207.5,-10572.0,-20562.5,3524.0,1645.0,-12334.0,-21385.0
HPLMP01S1A,760,single_die,-8810.0,-21385.0,0.0,1.0,False,,,,,-10572.0,-22207.5,-7048.0,-20562.5,3524.0,1645.0,-8810.0,-21385.0
HPLMP01S1A,761,single_die,-5286.0,-21385.0,0.0,1.0,False,,,,,-7048.0,-22207.5,-3524.0,-20562.5,3524.0,1645.0,-5286.0,-21385.0
HPLMP01S1A,762,single_die,-1762.0,-21385.0,0.0,1.0,False,,,,,-3524.0,-22207.5,0.0,-20562.5,3524.0,1645.0,-1762.0,-21385.0
HPLMP01S1A,763,single_die,1762.0,-21385.0,0.0,1.0,False,,,,,0.0,-22207.5,3524.0,-20562.5,3524.0,1645.0,1762.0,-21385.0
HPLMP01S1A,764,single_die,5286.0,-21385.0,0.0,1.0,False,,,,,3524.0,-22207.5,7048.0,-20562.5,3524.0,1645.0,5286.0,-21385.0
HPLMP01S1A,765,single_die,8810.0,-21385.0,0.0,1.0,False,,,,,7048.0,-22207.5,10572.0,-20562.5,3524.0,1645.0,8810.0,-21385.0
HPLMP01S1A,766,single_die,12334.0,-21385.0,0.0,1.0,False,,,,,10572.0,-22207.5,14096.0,-20562.5,3524.0,1645.0,12334.0,-21385.0
HPLMP01S1A,767,single_die,15858.0,-21385.0,0.0,1.0,False,,,,,14096.0,-22207.5,17620.0,-20562.5,3524.0,1645.0,15858.0,-21385.0
HPLMP01S1A,768,single_die,19382.0,-21385.0,0.0,1.0,False,,,,,17620.0,-22207.5,21144.0,-20562.5,3524.0,1645.0,19382.0,-21385.0
HPLMP01S1A,769,single_die,22906.0,-21385.0,0.0,1.0,False,,,,,21144.0,-22207.5,24668.0,-20562.5,3524.0,1645.0,22906.0,-21385.0
HPLMP01S1A,770,single_die,26430.0,-21385.0,0.0,1.0,False,,,,,24668.0,-22207.5,28192.0,-20562.5,3524.0,1645.0,26430.0,-21385.0
HPLMP01S1A,771,single_die,29954.0,-21385.0,0.0,1.0,False,,,,,28192.0,-22207.5,31716.0,-20562.5,3524.0,1645.0,29954.0,-21385.0
HPLMP01S1A,772,single_die,33478.0,-21385.0,0.0,1.0,False,,,,,31716.0,-22207.5,35240.0,-20562.5,3524.0,1645.0,33478.0,-21385.0
HPLMP01S1A,773,single_die,37002.0,-21385.0,0.0,1.0,False,,,,,35240.0,-22207.5,38764.0,-20562.5,3524.0,1645.0,37002.0,-21385.0
HPLMP01S1A,774,single_die,40526.0,-21385.0,0.0,1.0,False,,,,,38764.0,-22207.5,42288.0,-20562.5,3524.0,1645.0,40526.0,-21385.0
HPLMP01S1A,775,single_die,44050.0,-21385.0,0.0,1.0,False,,,,,42288.0,-22207.5,45812.0,-20562.5,3524.0,1645.0,44050.0,-21385.0
HPLMP01S1A,776,single_die,47574.0,-21385.0,0.0,1.0,False,,,,,45812.0,-22207.5,49336.0,-20562.5,3524.0,1645.0,47574.0,-21385.0
HPLMP01S1A,777,single_die,51098.0,-21385.0,0.0,1.0,False,,,,,49336.0,-22207.5,52860.0,-20562.5,3524.0,1645.0,51098.0,-21385.0
HPLMP01S1A,778,single_die,54622.0,-21385.0,0.0,1.0,False,,,,,52860.0,-22207.5,56384.0,-20562.5,3524.0,1645.0,54622.0,-21385.0
HPLMP01S1A,779,single_die,58146.0,-21385.0,0.0,1.0,False,,,,,56384.0,-22207.5,59908.0,-20562.5,3524.0,1645.0,58146.0,-21385.0
HPLMP01S1A,780,single_die,61670.0,-21385.0,0.0,1.0,False,,,,,59908.0,-22207.5,63432.0,-20562.5,3524.0,1645.0,61670.0,-21385.0
HPLMP01S1A,781,single_die,-61670.0,-19740.0,0.0,1.0,False,,,,,-63432.0,-20562.5,-59908.0,-18917.5,3524.0,1645.0,-61670.0,-19740.0
HPLMP01S1A,782,single_die,-58146.0,-19740.0,0.0,1.0,False,,,,,-59908.0,-20562.5,-56384.0,-18917.5,3524.0,1645.0,-58146.0,-19740.0
HPLMP01S1A,783,single_die,-54622.0,-19740.0,0.0,1.0,False,,,,,-56384.0,-20562.5,-52860.0,-18917.5,3524.0,1645.0,-54622.0,-19740.0
HPLMP01S1A,784,single_die,-51098.0,-19740.0,0.0,1.0,False,,,,,-52860.0,-20562.5,-49336.0,-18917.5,3524.0,1645.0,-51098.0,-19740.0
HPLMP01S1A,785,single_die,-47574.0,-19740.0,0.0,1.0,False,,,,,-49336.0,-20562.5,-45812.0,-18917.5,3524.0,1645.0,-47574.0,-19740.0
HPLMP01S1A,786,single_die,-44050.0,-19740.0,0.0,1.0,False,,,,,-45812.0,-20562.5,-42288.0,-18917.5,3524.0,1645.0,-44050.0,-19740.0
HPLMP01S1A,787,single_die,-40526.0,-19740.0,0.0,1.0,False,,,,,-42288.0,-20562.5,-38764.0,-18917.5,3524.0,1645.0,-40526.0,-19740.0
HPLMP01S1A,788,single_die,-37002.0,-19740.0,0.0,1.0,False,,,,,-38764.0,-20562.5,-35240.0,-18917.5,3524.0,1645.0,-37002.0,-19740.0
HPLMP01S1A,789,single_die,-33478.0,-19740.0,0.0,1.0,False,,,,,-35240.0,-20562.5,-31716.0,-18917.5,3524.0,1645.0,-33478.0,-19740.0
HPLMP01S1A,790,single_die,-29954.0,-19740.0,0.0,1.0,False,,,,,-31716.0,-20562.5,-28192.0,-18917.5,3524.0,1645.0,-29954.0,-19740.0
HPLMP01S1A,791,single_die,-26430.0,-19740.0,0.0,1.0,False,,,,,-28192.0,-20562.5,-24668.0,-18917.5,3524.0,1645.0,-26430.0,-19740.0
HPLMP01S1A,792,single_die,-22906.0,-19740.0,0.0,1.0,False,,,,,-24668.0,-20562.5,-21144.0,-18917.5,3524.0,1645.0,-22906.0,-19740.0
HPLMP01S1A,793,single_die,-19382.0,-19740.0,0.0,1.0,False,,,,,-21144.0,-20562.5,-17620.0,-18917.5,3524.0,1645.0,-19382.0,-19740.0
HPLMP01S1A,794,single_die,-15858.0,-19740.0,0.0,1.0,False,,,,,-17620.0,-20562.5,-14096.0,-18917.5,3524.0,1645.0,-15858.0,-19740.0
HPLMP01S1A,795,single_die,-12334.0,-19740.0,0.0,1.0,False,,,,,-14096.0,-20562.5,-10572.0,-18917.5,3524.0,1645.0,-12334.0,-19740.0
HPLMP01S1A,796,single_die,-8810.0,-19740.0,0.0,1.0,False,,,,,-10572.0,-20562.5,-7048.0,-18917.5,3524.0,1645.0,-8810.0,-19740.0
HPLMP01S1A,797,single_die,-5286.0,-19740.0,0.0,1.0,False,,,,,-7048.0,-20562.5,-3524.0,-18917.5,3524.0,1645.0,-5286.0,-19740.0
HPLMP01S1A,798,single_die,-1762.0,-19740.0,0.0,1.0,False,,,,,-3524.0,-20562.5,0.0,-18917.5,3524.0,1645.0,-1762.0,-19740.0
HPLMP01S1A,799,single_die,1762.0,-19740.0,0.0,1.0,False,,,,,0.0,-20562.5,3524.0,-18917.5,3524.0,1645.0,1762.0,-19740.0
HPLMP01S1A,800,single_die,5286.0,-19740.0,0.0,1.0,False,,,,,3524.0,-20562.5,7048.0,-18917.5,3524.0,1645.0,5286.0,-19740.0
HPLMP01S1A,801,single_die,8810.0,-19740.0,0.0,1.0,False,,,,,7048.0,-20562.5,10572.0,-18917.5,3524.0,1645.0,8810.0,-19740.0
HPLMP01S1A,802,single_die,12334.0,-19740.0,0.0,1.0,False,,,,,10572.0,-20562.5,14096.0,-18917.5,3524.0,1645.0,12334.0,-19740.0
HPLMP01S1A,803,single_die,15858.0,-19740.0,0.0,1.0,False,,,,,14096.0,-20562.5,17620.0,-18917.5,3524.0,1645.0,15858.0,-19740.0
HPLMP01S1A,804,single_die,19382.0,-19740.0,0.0,1.0,False,,,,,17620.0,-20562.5,21144.0,-18917.5,3524.0,1645.0,19382.0,-19740.0
HPLMP01S1A,805,single_die,22906.0,-19740.0,0.0,1.0,False,,,,,21144.0,-20562.5,24668.0,-18917.5,3524.0,1645.0,22906.0,-19740.0
HPLMP01S1A,806,single_die,26430.0,-19740.0,0.0,1.0,False,,,,,24668.0,-20562.5,28192.0,-18917.5,3524.0,1645.0,26430.0,-19740.0
HPLMP01S1A,807,single_die,29954.0,-19740.0,0.0,1.0,False,,,,,28192.0,-20562.5,31716.0,-18917.5,3524.0,1645.0,29954.0,-19740.0
HPLMP01S1A,808,single_die,33478.0,-19740.0,0.0,1.0,False,,,,,31716.0,-20562.5,35240.0,-18917.5,3524.0,1645.0,33478.0,-19740.0
HPLMP01S1A,809,single_die,37002.0,-19740.0,0.0,1.0,False,,,,,35240.0,-20562.5,38764.0,-18917.5,3524.0,1645.0,37002.0,-19740.0
HPLMP01S1A,810,single_die,40526.0,-19740.0,0.0,1.0,False,,,,,38764.0,-20562.5,42288.0,-18917.5,3524.0,1645.0,40526.0,-19740.0
HPLMP01S1A,811,single_die,44050.0,-19740.0,0.0,1.0,False,,,,,42288.0,-20562.5,45812.0,-18917.5,3524.0,1645.0,44050.0,-19740.0
HPLMP01S1A,812,single_die,47574.0,-19740.0,0.0,1.0,False,,,,,45812.0,-20562.5,49336.0,-18917.5,3524.0,1645.0,47574.0,-19740.0
HPLMP01S1A,813,single_die,51098.0,-19740.0,0.0,1.0,False,,,,,49336.0,-20562.5,52860.0,-18917.5,3524.0,1645.0,51098.0,-19740.0
HPLMP01S1A,814,single_die,54622.0,-19740.0,0.0,1.0,False,,,,,52860.0,-20562.5,56384.0,-18917.5,3524.0,1645.0,54622.0,-19740.0
HPLMP01S1A,815,single_die,58146.0,-19740.0,0.0,1.0,False,,,,,56384.0,-20562.5,59908.0,-18917.5,3524.0,1645.0,58146.0,-19740.0
HPLMP01S1A,816,single_die,61670.0,-19740.0,0.0,1.0,False,,,,,59908.0,-20562.5,63432.0,-18917.5,3524.0,1645.0,61670.0,-19740.0
HPLMP01S1A,817,single_die,-61670.0,-18095.0,0.0,1.0,False,,,,,-63432.0,-18917.5,-59908.0,-17272.5,3524.0,1645.0,-61670.0,-18095.0
HPLMP01S1A,818,single_die,-58146.0,-18095.0,0.0,1.0,False,,,,,-59908.0,-18917.5,-56384.0,-17272.5,3524.0,1645.0,-58146.0,-18095.0
HPLMP01S1A,819,single_die,-54622.0,-18095.0,0.0,1.0,False,,,,,-56384.0,-18917.5,-52860.0,-17272.5,3524.0,1645.0,-54622.0,-18095.0
HPLMP01S1A,820,single_die,-51098.0,-18095.0,0.0,1.0,False,,,,,-52860.0,-18917.5,-49336.0,-17272.5,3524.0,1645.0,-51098.0,-18095.0
HPLMP01S1A,821,single_die,-47574.0,-18095.0,0.0,1.0,False,,,,,-49336.0,-18917.5,-45812.0,-17272.5,3524.0,1645.0,-47574.0,-18095.0
HPLMP01S1A,822,single_die,-44050.0,-18095.0,0.0,1.0,False,,,,,-45812.0,-18917.5,-42288.0,-17272.5,3524.0,1645.0,-44050.0,-18095.0
HPLMP01S1A,823,single_die,-40526.0,-18095.0,0.0,1.0,False,,,,,-42288.0,-18917.5,-38764.0,-17272.5,3524.0,1645.0,-40526.0,-18095.0
HPLMP01S1A,824,single_die,-37002.0,-18095.0,0.0,1.0,False,,,,,-38764.0,-18917.5,-35240.0,-17272.5,3524.0,1645.0,-37002.0,-18095.0
HPLMP01S1A,825,single_die,-33478.0,-18095.0,0.0,1.0,False,,,,,-35240.0,-18917.5,-31716.0,-17272.5,3524.0,1645.0,-33478.0,-18095.0
HPLMP01S1A,826,single_die,-29954.0,-18095.0,0.0,1.0,False,,,,,-31716.0,-18917.5,-28192.0,-17272.5,3524.0,1645.0,-29954.0,-18095.0
HPLMP01S1A,827,single_die,-26430.0,-18095.0,0.0,1.0,False,,,,,-28192.0,-18917.5,-24668.0,-17272.5,3524.0,1645.0,-26430.0,-18095.0
HPLMP01S1A,828,single_die,-22906.0,-18095.0,0.0,1.0,False,,,,,-24668.0,-18917.5,-21144.0,-17272.5,3524.0,1645.0,-22906.0,-18095.0
HPLMP01S1A,829,single_die,-19382.0,-18095.0,0.0,1.0,False,,,,,-21144.0,-18917.5,-17620.0,-17272.5,3524.0,1645.0,-19382.0,-18095.0
HPLMP01S1A,830,single_die,-15858.0,-18095.0,0.0,1.0,False,,,,,-17620.0,-18917.5,-14096.0,-17272.5,3524.0,1645.0,-15858.0,-18095.0
HPLMP01S1A,831,single_die,-12334.0,-18095.0,0.0,1.0,False,,,,,-14096.0,-18917.5,-10572.0,-17272.5,3524.0,1645.0,-12334.0,-18095.0
HPLMP01S1A,832,single_die,-8810.0,-18095.0,0.0,1.0,False,,,,,-10572.0,-18917.5,-7048.0,-17272.5,3524.0,1645.0,-8810.0,-18095.0
HPLMP01S1A,833,single_die,-5286.0,-18095.0,0.0,1.0,False,,,,,-7048.0,-18917.5,-3524.0,-17272.5,3524.0,1645.0,-5286.0,-18095.0
HPLMP01S1A,834,single_die,-1762.0,-18095.0,0.0,1.0,False,,,,,-3524.0,-18917.5,0.0,-17272.5,3524.0,1645.0,-1762.0,-18095.0
HPLMP01S1A,835,single_die,1762.0,-18095.0,0.0,1.0,False,,,,,0.0,-18917.5,3524.0,-17272.5,3524.0,1645.0,1762.0,-18095.0
HPLMP01S1A,836,single_die,5286.0,-18095.0,0.0,1.0,False,,,,,3524.0,-18917.5,7048.0,-17272.5,3524.0,1645.0,5286.0,-18095.0
HPLMP01S1A,837,single_die,8810.0,-18095.0,0.0,1.0,False,,,,,7048.0,-18917.5,10572.0,-17272.5,3524.0,1645.0,8810.0,-18095.0
HPLMP01S1A,838,single_die,12334.0,-18095.0,0.0,1.0,False,,,,,10572.0,-18917.5,14096.0,-17272.5,3524.0,1645.0,12334.0,-18095.0
HPLMP01S1A,839,single_die,15858.0,-18095.0,0.0,1.0,False,,,,,14096.0,-18917.5,17620.0,-17272.5,3524.0,1645.0,15858.0,-18095.0
HPLMP01S1A,840,single_die,19382.0,-18095.0,0.0,1.0,False,,,,,17620.0,-18917.5,21144.0,-17272.5,3524.0,1645.0,19382.0,-18095.0
HPLMP01S1A,841,single_die,22906.0,-18095.0,0.0,1.0,False,,,,,21144.0,-18917.5,24668.0,-17272.5,3524.0,1645.0,22906.0,-18095.0
HPLMP01S1A,842,single_die,26430.0,-18095.0,0.0,1.0,False,,,,,24668.0,-18917.5,28192.0,-17272.5,3524.0,1645.0,26430.0,-18095.0
HPLMP01S1A,843,single_die,29954.0,-18095.0,0.0,1.0,False,,,,,28192.0,-18917.5,31716.0,-17272.5,3524.0,1645.0,29954.0,-18095.0
HPLMP01S1A,844,single_die,33478.0,-18095.0,0.0,1.0,False,,,,,31716.0,-18917.5,35240.0,-17272.5,3524.0,1645.0,33478.0,-18095.0
HPLMP01S1A,845,single_die,37002.0,-18095.0,0.0,1.0,False,,,,,35240.0,-18917.5,38764.0,-17272.5,3524.0,1645.0,37002.0,-18095.0
HPLMP01S1A,846,single_die,40526.0,-18095.0,0.0,1.0,False,,,,,38764.0,-18917.5,42288.0,-17272.5,3524.0,1645.0,40526.0,-18095.0
HPLMP01S1A,847,single_die,44050.0,-18095.0,0.0,1.0,False,,,,,42288.0,-18917.5,45812.0,-17272.5,3524.0,1645.0,44050.0,-18095.0
HPLMP01S1A,848,single_die,47574.0,-18095.0,0.0,1.0,False,,,,,45812.0,-18917.5,49336.0,-17272.5,3524.0,1645.0,47574.0,-18095.0
HPLMP01S1A,849,single_die,51098.0,-18095.0,0.0,1.0,False,,,,,49336.0,-18917.5,52860.0,-17272.5,3524.0,1645.0,51098.0,-18095.0
HPLMP01S1A,850,single_die,54622.0,-18095.0,0.0,1.0,False,,,,,52860.0,-18917.5,56384.0,-17272.5,3524.0,1645.0,54622.0,-18095.0
HPLMP01S1A,851,single_die,58146.0,-18095.0,0.0,1.0,False,,,,,56384.0,-18917.5,59908.0,-17272.5,3524.0,1645.0,58146.0,-18095.0
HPLMP01S1A,852,single_die,61670.0,-18095.0,0.0,1.0,False,,,,,59908.0,-18917.5,63432.0,-17272.5,3524.0,1645.0,61670.0,-18095.0
HPLMP01S1A,853,single_die,-61670.0,-16450.0,0.0,1.0,False,,,,,-63432.0,-17272.5,-59908.0,-15627.5,3524.0,1645.0,-61670.0,-16450.0
HPLMP01S1A,854,single_die,-58146.0,-16450.0,0.0,1.0,False,,,,,-59908.0,-17272.5,-56384.0,-15627.5,3524.0,1645.0,-58146.0,-16450.0
HPLMP01S1A,855,single_die,-54622.0,-16450.0,0.0,1.0,False,,,,,-56384.0,-17272.5,-52860.0,-15627.5,3524.0,1645.0,-54622.0,-16450.0
HPLMP01S1A,856,single_die,-51098.0,-16450.0,0.0,1.0,False,,,,,-52860.0,-17272.5,-49336.0,-15627.5,3524.0,1645.0,-51098.0,-16450.0
HPLMP01S1A,857,single_die,-47574.0,-16450.0,0.0,1.0,False,,,,,-49336.0,-17272.5,-45812.0,-15627.5,3524.0,1645.0,-47574.0,-16450.0
HPLMP01S1A,858,single_die,-40526.0,-16450.0,0.0,1.0,False,,,,,-42288.0,-17272.5,-38764.0,-15627.5,3524.0,1645.0,-40526.0,-16450.0
HPLMP01S1A,859,single_die,-37002.0,-16450.0,0.0,1.0,False,,,,,-38764.0,-17272.5,-35240.0,-15627.5,3524.0,1645.0,-37002.0,-16450.0
HPLMP01S1A,860,single_die,-33478.0,-16450.0,0.0,1.0,False,,,,,-35240.0,-17272.5,-31716.0,-15627.5,3524.0,1645.0,-33478.0,-16450.0
HPLMP01S1A,861,single_die,-29954.0,-16450.0,0.0,1.0,False,,,,,-31716.0,-17272.5,-28192.0,-15627.5,3524.0,1645.0,-29954.0,-16450.0
HPLMP01S1A,862,single_die,-26430.0,-16450.0,0.0,1.0,False,,,,,-28192.0,-17272.5,-24668.0,-15627.5,3524.0,1645.0,-26430.0,-16450.0
HPLMP01S1A,863,single_die,-22906.0,-16450.0,0.0,1.0,False,,,,,-24668.0,-17272.5,-21144.0,-15627.5,3524.0,1645.0,-22906.0,-16450.0
HPLMP01S1A,864,single_die,-19382.0,-16450.0,0.0,1.0,False,,,,,-21144.0,-17272.5,-17620.0,-15627.5,3524.0,1645.0,-19382.0,-16450.0
HPLMP01S1A,865,single_die,-15858.0,-16450.0,0.0,1.0,False,,,,,-17620.0,-17272.5,-14096.0,-15627.5,3524.0,1645.0,-15858.0,-16450.0
HPLMP01S1A,866,single_die,-12334.0,-16450.0,0.0,1.0,False,,,,,-14096.0,-17272.5,-10572.0,-15627.5,3524.0,1645.0,-12334.0,-16450.0
HPLMP01S1A,867,single_die,-5286.0,-16450.0,0.0,1.0,False,,,,,-7048.0,-17272.5,-3524.0,-15627.5,3524.0,1645.0,-5286.0,-16450.0
HPLMP01S1A,868,single_die,-1762.0,-16450.0,0.0,1.0,False,,,,,-3524.0,-17272.5,0.0,-15627.5,3524.0,1645.0,-1762.0,-16450.0
HPLMP01S1A,869,single_die,1762.0,-16450.0,0.0,1.0,False,,,,,0.0,-17272.5,3524.0,-15627.5,3524.0,1645.0,1762.0,-16450.0
HPLMP01S1A,870,single_die,5286.0,-16450.0,0.0,1.0,False,,,,,3524.0,-17272.5,7048.0,-15627.5,3524.0,1645.0,5286.0,-16450.0
HPLMP01S1A,871,single_die,8810.0,-16450.0,0.0,1.0,False,,,,,7048.0,-17272.5,10572.0,-15627.5,3524.0,1645.0,8810.0,-16450.0
HPLMP01S1A,872,single_die,12334.0,-16450.0,0.0,1.0,False,,,,,10572.0,-17272.5,14096.0,-15627.5,3524.0,1645.0,12334.0,-16450.0
HPLMP01S1A,873,single_die,15858.0,-16450.0,0.0,1.0,False,,,,,14096.0,-17272.5,17620.0,-15627.5,3524.0,1645.0,15858.0,-16450.0
HPLMP01S1A,874,single_die,19382.0,-16450.0,0.0,1.0,False,,,,,17620.0,-17272.5,21144.0,-15627.5,3524.0,1645.0,19382.0,-16450.0
HPLMP01S1A,875,single_die,22906.0,-16450.0,0.0,1.0,False,,,,,21144.0,-17272.5,24668.0,-15627.5,3524.0,1645.0,22906.0,-16450.0
HPLMP01S1A,876,single_die,29954.0,-16450.0,0.0,1.0,False,,,,,28192.0,-17272.5,31716.0,-15627.5,3524.0,1645.0,29954.0,-16450.0
HPLMP01S1A,877,single_die,33478.0,-16450.0,0.0,1.0,False,,,,,31716.0,-17272.5,35240.0,-15627.5,3524.0,1645.0,33478.0,-16450.0
HPLMP01S1A,878,single_die,37002.0,-16450.0,0.0,1.0,False,,,,,35240.0,-17272.5,38764.0,-15627.5,3524.0,1645.0,37002.0,-16450.0
HPLMP01S1A,879,single_die,40526.0,-16450.0,0.0,1.0,False,,,,,38764.0,-17272.5,42288.0,-15627.5,3524.0,1645.0,40526.0,-16450.0
HPLMP01S1A,880,single_die,44050.0,-16450.0,0.0,1.0,False,,,,,42288.0,-17272.5,45812.0,-15627.5,3524.0,1645.0,44050.0,-16450.0
HPLMP01S1A,881,single_die,47574.0,-16450.0,0.0,1.0,False,,,,,45812.0,-17272.5,49336.0,-15627.5,3524.0,1645.0,47574.0,-16450.0
HPLMP01S1A,882,single_die,51098.0,-16450.0,0.0,1.0,False,,,,,49336.0,-17272.5,52860.0,-15627.5,3524.0,1645.0,51098.0,-16450.0
HPLMP01S1A,883,single_die,54622.0,-16450.0,0.0,1.0,False,,,,,52860.0,-17272.5,56384.0,-15627.5,3524.0,1645.0,54622.0,-16450.0
HPLMP01S1A,884,single_die,58146.0,-16450.0,0.0,1.0,False,,,,,56384.0,-17272.5,59908.0,-15627.5,3524.0,1645.0,58146.0,-16450.0
HPLMP01S1A,885,single_die,-61670.0,-14805.0,0.0,1.0,False,,,,,-63432.0,-15627.5,-59908.0,-13982.5,3524.0,1645.0,-61670.0,-14805.0
HPLMP01S1A,886,single_die,-58146.0,-14805.0,0.0,1.0,False,,,,,-59908.0,-15627.5,-56384.0,-13982.5,3524.0,1645.0,-58146.0,-14805.0
HPLMP01S1A,887,single_die,-54622.0,-14805.0,0.0,1.0,False,,,,,-56384.0,-15627.5,-52860.0,-13982.5,3524.0,1645.0,-54622.0,-14805.0
HPLMP01S1A,888,single_die,-51098.0,-14805.0,0.0,1.0,False,,,,,-52860.0,-15627.5,-49336.0,-13982.5,3524.0,1645.0,-51098.0,-14805.0
HPLMP01S1A,889,single_die,-47574.0,-14805.0,0.0,1.0,False,,,,,-49336.0,-15627.5,-45812.0,-13982.5,3524.0,1645.0,-47574.0,-14805.0
HPLMP01S1A,890,single_die,-40526.0,-14805.0,0.0,1.0,False,,,,,-42288.0,-15627.5,-38764.0,-13982.5,3524.0,1645.0,-40526.0,-14805.0
HPLMP01S1A,891,single_die,-37002.0,-14805.0,0.0,1.0,False,,,,,-38764.0,-15627.5,-35240.0,-13982.5,3524.0,1645.0,-37002.0,-14805.0
HPLMP01S1A,892,single_die,-33478.0,-14805.0,0.0,1.0,False,,,,,-35240.0,-15627.5,-31716.0,-13982.5,3524.0,1645.0,-33478.0,-14805.0
HPLMP01S1A,893,single_die,-29954.0,-14805.0,0.0,1.0,False,,,,,-31716.0,-15627.5,-28192.0,-13982.5,3524.0,1645.0,-29954.0,-14805.0
HPLMP01S1A,894,single_die,-26430.0,-14805.0,0.0,1.0,False,,,,,-28192.0,-15627.5,-24668.0,-13982.5,3524.0,1645.0,-26430.0,-14805.0
HPLMP01S1A,895,single_die,-22906.0,-14805.0,0.0,1.0,False,,,,,-24668.0,-15627.5,-21144.0,-13982.5,3524.0,1645.0,-22906.0,-14805.0
HPLMP01S1A,896,single_die,-19382.0,-14805.0,0.0,1.0,False,,,,,-21144.0,-15627.5,-17620.0,-13982.5,3524.0,1645.0,-19382.0,-14805.0
HPLMP01S1A,897,single_die,-15858.0,-14805.0,0.0,1.0,False,,,,,-17620.0,-15627.5,-14096.0,-13982.5,3524.0,1645.0,-15858.0,-14805.0
HPLMP01S1A,898,single_die,-12334.0,-14805.0,0.0,1.0,False,,,,,-14096.0,-15627.5,-10572.0,-13982.5,3524.0,1645.0,-12334.0,-14805.0
HPLMP01S1A,899,single_die,-5286.0,-14805.0,0.0,1.0,False,,,,,-7048.0,-15627.5,-3524.0,-13982.5,3524.0,1645.0,-5286.0,-14805.0
HPLMP01S1A,900,single_die,-1762.0,-14805.0,0.0,1.0,False,,,,,-3524.0,-15627.5,0.0,-13982.5,3524.0,1645.0,-1762.0,-14805.0
HPLMP01S1A,901,single_die,1762.0,-14805.0,0.0,1.0,False,,,,,0.0,-15627.5,3524.0,-13982.5,3524.0,1645.0,1762.0,-14805.0
HPLMP01S1A,902,single_die,5286.0,-14805.0,0.0,1.0,False,,,,,3524.0,-15627.5,7048.0,-13982.5,3524.0,1645.0,5286.0,-14805.0
HPLMP01S1A,903,single_die,8810.0,-14805.0,0.0,1.0,False,,,,,7048.0,-15627.5,10572.0,-13982.5,3524.0,1645.0,8810.0,-14805.0
HPLMP01S1A,904,single_die,12334.0,-14805.0,0.0,1.0,False,,,,,10572.0,-15627.5,14096.0,-13982.5,3524.0,1645.0,12334.0,-14805.0
HPLMP01S1A,905,single_die,15858.0,-14805.0,0.0,1.0,False,,,,,14096.0,-15627.5,17620.0,-13982.5,3524.0,1645.0,15858.0,-14805.0
HPLMP01S1A,906,single_die,19382.0,-14805.0,0.0,1.0,False,,,,,17620.0,-15627.5,21144.0,-13982.5,3524.0,1645.0,19382.0,-14805.0
HPLMP01S1A,907,single_die,22906.0,-14805.0,0.0,1.0,False,,,,,21144.0,-15627.5,24668.0,-13982.5,3524.0,1645.0,22906.0,-14805.0
HPLMP01S1A,908,single_die,29954.0,-14805.0,0.0,1.0,False,,,,,28192.0,-15627.5,31716.0,-13982.5,3524.0,1645.0,29954.0,-14805.0
HPLMP01S1A,909,single_die,33478.0,-14805.0,0.0,1.0,False,,,,,31716.0,-15627.5,35240.0,-13982.5,3524.0,1645.0,33478.0,-14805.0
HPLMP01S1A,910,single_die,37002.0,-14805.0,0.0,1.0,False,,,,,35240.0,-15627.5,38764.0,-13982.5,3524.0,1645.0,37002.0,-14805.0
HPLMP01S1A,911,single_die,40526.0,-14805.0,0.0,1.0,False,,,,,38764.0,-15627.5,42288.0,-13982.5,3524.0,1645.0,40526.0,-14805.0
HPLMP01S1A,912,single_die,44050.0,-14805.0,0.0,1.0,False,,,,,42288.0,-15627.5,45812.0,-13982.5,3524.0,1645.0,44050.0,-14805.0
HPLMP01S1A,913,single_die,47574.0,-14805.0,0.0,1.0,False,,,,,45812.0,-15627.5,49336.0,-13982.5,3524.0,1645.0,47574.0,-14805.0
HPLMP01S1A,914,single_die,51098.0,-14805.0,0.0,1.0,False,,,,,49336.0,-15627.5,52860.0,-13982.5,3524.0,1645.0,51098.0,-14805.0
HPLMP01S1A,915,single_die,54622.0,-14805.0,0.0,1.0,False,,,,,52860.0,-15627.5,56384.0,-13982.5,3524.0,1645.0,54622.0,-14805.0
HPLMP01S1A,916,single_die,58146.0,-14805.0,0.0,1.0,False,,,,,56384.0,-15627.5,59908.0,-13982.5,3524.0,1645.0,58146.0,-14805.0
HPLMP01S1A,917,single_die,-61670.0,-13160.0,0.0,1.0,False,,,,,-63432.0,-13982.5,-59908.0,-12337.5,3524.0,1645.0,-61670.0,-13160.0
HPLMP01S1A,918,single_die,-58146.0,-13160.0,0.0,1.0,False,,,,,-59908.0,-13982.5,-56384.0,-12337.5,3524.0,1645.0,-58146.0,-13160.0
HPLMP01S1A,919,single_die,-54622.0,-13160.0,0.0,1.0,False,,,,,-56384.0,-13982.5,-52860.0,-12337.5,3524.0,1645.0,-54622.0,-13160.0
HPLMP01S1A,920,single_die,-51098.0,-13160.0,0.0,1.0,False,,,,,-52860.0,-13982.5,-49336.0,-12337.5,3524.0,1645.0,-51098.0,-13160.0
HPLMP01S1A,921,single_die,-47574.0,-13160.0,0.0,1.0,False,,,,,-49336.0,-13982.5,-45812.0,-12337.5,3524.0,1645.0,-47574.0,-13160.0
HPLMP01S1A,922,single_die,-44050.0,-13160.0,0.0,1.0,False,,,,,-45812.0,-13982.5,-42288.0,-12337.5,3524.0,1645.0,-44050.0,-13160.0
HPLMP01S1A,923,single_die,-40526.0,-13160.0,0.0,1.0,False,,,,,-42288.0,-13982.5,-38764.0,-12337.5,3524.0,1645.0,-40526.0,-13160.0
HPLMP01S1A,924,single_die,-37002.0,-13160.0,0.0,1.0,False,,,,,-38764.0,-13982.5,-35240.0,-12337.5,3524.0,1645.0,-37002.0,-13160.0
HPLMP01S1A,925,single_die,-33478.0,-13160.0,0.0,1.0,False,,,,,-35240.0,-13982.5,-31716.0,-12337.5,3524.0,1645.0,-33478.0,-13160.0
HPLMP01S1A,926,single_die,-29954.0,-13160.0,0.0,1.0,False,,,,,-31716.0,-13982.5,-28192.0,-12337.5,3524.0,1645.0,-29954.0,-13160.0
HPLMP01S1A,927,single_die,-26430.0,-13160.0,0.0,1.0,False,,,,,-28192.0,-13982.5,-24668.0,-12337.5,3524.0,1645.0,-26430.0,-13160.0
HPLMP01S1A,928,single_die,-22906.0,-13160.0,0.0,1.0,False,,,,,-24668.0,-13982.5,-21144.0,-12337.5,3524.0,1645.0,-22906.0,-13160.0
HPLMP01S1A,929,single_die,-19382.0,-13160.0,0.0,1.0,False,,,,,-21144.0,-13982.5,-17620.0,-12337.5,3524.0,1645.0,-19382.0,-13160.0
HPLMP01S1A,930,single_die,-15858.0,-13160.0,0.0,1.0,False,,,,,-17620.0,-13982.5,-14096.0,-12337.5,3524.0,1645.0,-15858.0,-13160.0
HPLMP01S1A,931,single_die,-12334.0,-13160.0,0.0,1.0,False,,,,,-14096.0,-13982.5,-10572.0,-12337.5,3524.0,1645.0,-12334.0,-13160.0
HPLMP01S1A,932,single_die,-8810.0,-13160.0,0.0,1.0,False,,,,,-10572.0,-13982.5,-7048.0,-12337.5,3524.0,1645.0,-8810.0,-13160.0
HPLMP01S1A,933,single_die,-5286.0,-13160.0,0.0,1.0,False,,,,,-7048.0,-13982.5,-3524.0,-12337.5,3524.0,1645.0,-5286.0,-13160.0
HPLMP01S1A,934,single_die,-1762.0,-13160.0,0.0,1.0,False,,,,,-3524.0,-13982.5,0.0,-12337.5,3524.0,1645.0,-1762.0,-13160.0
HPLMP01S1A,935,single_die,1762.0,-13160.0,0.0,1.0,False,,,,,0.0,-13982.5,3524.0,-12337.5,3524.0,1645.0,1762.0,-13160.0
HPLMP01S1A,936,single_die,5286.0,-13160.0,0.0,1.0,False,,,,,3524.0,-13982.5,7048.0,-12337.5,3524.0,1645.0,5286.0,-13160.0
HPLMP01S1A,937,single_die,8810.0,-13160.0,0.0,1.0,False,,,,,7048.0,-13982.5,10572.0,-12337.5,3524.0,1645.0,8810.0,-13160.0
HPLMP01S1A,938,single_die,12334.0,-13160.0,0.0,1.0,False,,,,,10572.0,-13982.5,14096.0,-12337.5,3524.0,1645.0,12334.0,-13160.0
HPLMP01S1A,939,single_die,15858.0,-13160.0,0.0,1.0,False,,,,,14096.0,-13982.5,17620.0,-12337.5,3524.0,1645.0,15858.0,-13160.0
HPLMP01S1A,940,single_die,19382.0,-13160.0,0.0,1.0,False,,,,,17620.0,-13982.5,21144.0,-12337.5,3524.0,1645.0,19382.0,-13160.0
HPLMP01S1A,941,single_die,22906.0,-13160.0,0.0,1.0,False,,,,,21144.0,-13982.5,24668.0,-12337.5,3524.0,1645.0,22906.0,-13160.0
HPLMP01S1A,942,single_die,26430.0,-13160.0,0.0,1.0,False,,,,,24668.0,-13982.5,28192.0,-12337.5,3524.0,1645.0,26430.0,-13160.0
HPLMP01S1A,943,single_die,29954.0,-13160.0,0.0,1.0,False,,,,,28192.0,-13982.5,31716.0,-12337.5,3524.0,1645.0,29954.0,-13160.0
HPLMP01S1A,944,single_die,33478.0,-13160.0,0.0,1.0,False,,,,,31716.0,-13982.5,35240.0,-12337.5,3524.0,1645.0,33478.0,-13160.0
HPLMP01S1A,945,single_die,37002.0,-13160.0,0.0,1.0,False,,,,,35240.0,-13982.5,38764.0,-12337.5,3524.0,1645.0,37002.0,-13160.0
HPLMP01S1A,946,single_die,40526.0,-13160.0,0.0,1.0,False,,,,,38764.0,-13982.5,42288.0,-12337.5,3524.0,1645.0,40526.0,-13160.0
HPLMP01S1A,947,single_die,44050.0,-13160.0,0.0,1.0,False,,,,,42288.0,-13982.5,45812.0,-12337.5,3524.0,1645.0,44050.0,-13160.0
HPLMP01S1A,948,single_die,47574.0,-13160.0,0.0,1.0,False,,,,,45812.0,-13982.5,49336.0,-12337.5,3524.0,1645.0,47574.0,-13160.0
HPLMP01S1A,949,single_die,51098.0,-13160.0,0.0,1.0,False,,,,,49336.0,-13982.5,52860.0,-12337.5,3524.0,1645.0,51098.0,-13160.0
HPLMP01S1A,950,single_die,54622.0,-13160.0,0.0,1.0,False,,,,,52860.0,-13982.5,56384.0,-12337.5,3524.0,1645.0,54622.0,-13160.0
HPLMP01S1A,951,single_die,58146.0,-13160.0,0.0,1.0,False,,,,,56384.0,-13982.5,59908.0,-12337.5,3524.0,1645.0,58146.0,-13160.0
HPLMP01S1A,952,single_die,61670.0,-13160.0,0.0,1.0,False,,,,,59908.0,-13982.5,63432.0,-12337.5,3524.0,1645.0,61670.0,-13160.0
HPLMP01S1A,953,single_die,-65194.0,-11515.0,0.0,1.0,False,,,,,-66956.0,-12337.5,-63432.0,-10692.5,3524.0,1645.0,-65194.0,-11515.0
HPLMP01S1A,954,single_die,-61670.0,-11515.0,0.0,1.0,False,,,,,-63432.0,-12337.5,-59908.0,-10692.5,3524.0,1645.0,-61670.0,-11515.0
HPLMP01S1A,955,single_die,-58146.0,-11515.0,0.0,1.0,False,,,,,-59908.0,-12337.5,-56384.0,-10692.5,3524.0,1645.0,-58146.0,-11515.0
HPLMP01S1A,956,single_die,-54622.0,-11515.0,0.0,1.0,False,,,,,-56384.0,-12337.5,-52860.0,-10692.5,3524.0,1645.0,-54622.0,-11515.0
HPLMP01S1A,957,single_die,-51098.0,-11515.0,0.0,1.0,False,,,,,-52860.0,-12337.5,-49336.0,-10692.5,3524.0,1645.0,-51098.0,-11515.0
HPLMP01S1A,958,single_die,-47574.0,-11515.0,0.0,1.0,False,,,,,-49336.0,-12337.5,-45812.0,-10692.5,3524.0,1645.0,-47574.0,-11515.0
HPLMP01S1A,959,single_die,-44050.0,-11515.0,0.0,1.0,False,,,,,-45812.0,-12337.5,-42288.0,-10692.5,3524.0,1645.0,-44050.0,-11515.0
HPLMP01S1A,960,single_die,-40526.0,-11515.0,0.0,1.0,False,,,,,-42288.0,-12337.5,-38764.0,-10692.5,3524.0,1645.0,-40526.0,-11515.0
HPLMP01S1A,961,single_die,-37002.0,-11515.0,0.0,1.0,False,,,,,-38764.0,-12337.5,-35240.0,-10692.5,3524.0,1645.0,-37002.0,-11515.0
HPLMP01S1A,962,single_die,-33478.0,-11515.0,0.0,1.0,False,,,,,-35240.0,-12337.5,-31716.0,-10692.5,3524.0,1645.0,-33478.0,-11515.0
HPLMP01S1A,963,single_die,-29954.0,-11515.0,0.0,1.0,False,,,,,-31716.0,-12337.5,-28192.0,-10692.5,3524.0,1645.0,-29954.0,-11515.0
HPLMP01S1A,964,single_die,-26430.0,-11515.0,0.0,1.0,False,,,,,-28192.0,-12337.5,-24668.0,-10692.5,3524.0,1645.0,-26430.0,-11515.0
HPLMP01S1A,965,single_die,-22906.0,-11515.0,0.0,1.0,False,,,,,-24668.0,-12337.5,-21144.0,-10692.5,3524.0,1645.0,-22906.0,-11515.0
HPLMP01S1A,966,single_die,-19382.0,-11515.0,0.0,1.0,False,,,,,-21144.0,-12337.5,-17620.0,-10692.5,3524.0,1645.0,-19382.0,-11515.0
HPLMP01S1A,967,single_die,-15858.0,-11515.0,0.0,1.0,False,,,,,-17620.0,-12337.5,-14096.0,-10692.5,3524.0,1645.0,-15858.0,-11515.0
HPLMP01S1A,968,single_die,-12334.0,-11515.0,0.0,1.0,False,,,,,-14096.0,-12337.5,-10572.0,-10692.5,3524.0,1645.0,-12334.0,-11515.0
HPLMP01S1A,969,single_die,-8810.0,-11515.0,0.0,1.0,False,,,,,-10572.0,-12337.5,-7048.0,-10692.5,3524.0,1645.0,-8810.0,-11515.0
HPLMP01S1A,970,single_die,-5286.0,-11515.0,0.0,1.0,False,,,,,-7048.0,-12337.5,-3524.0,-10692.5,3524.0,1645.0,-5286.0,-11515.0
HPLMP01S1A,971,single_die,-1762.0,-11515.0,0.0,1.0,False,,,,,-3524.0,-12337.5,0.0,-10692.5,3524.0,1645.0,-1762.0,-11515.0
HPLMP01S1A,972,single_die,1762.0,-11515.0,0.0,1.0,False,,,,,0.0,-12337.5,3524.0,-10692.5,3524.0,1645.0,1762.0,-11515.0
HPLMP01S1A,973,single_die,5286.0,-11515.0,0.0,1.0,False,,,,,3524.0,-12337.5,7048.0,-10692.5,3524.0,1645.0,5286.0,-11515.0
HPLMP01S1A,974,single_die,8810.0,-11515.0,0.0,1.0,False,,,,,7048.0,-12337.5,10572.0,-10692.5,3524.0,1645.0,8810.0,-11515.0
HPLMP01S1A,975,single_die,12334.0,-11515.0,0.0,1.0,False,,,,,10572.0,-12337.5,14096.0,-10692.5,3524.0,1645.0,12334.0,-11515.0
HPLMP01S1A,976,single_die,15858.0,-11515.0,0.0,1.0,False,,,,,14096.0,-12337.5,17620.0,-10692.5,3524.0,1645.0,15858.0,-11515.0
HPLMP01S1A,977,single_die,19382.0,-11515.0,0.0,1.0,False,,,,,17620.0,-12337.5,21144.0,-10692.5,3524.0,1645.0,19382.0,-11515.0
HPLMP01S1A,978,single_die,22906.0,-11515.0,0.0,1.0,False,,,,,21144.0,-12337.5,24668.0,-10692.5,3524.0,1645.0,22906.0,-11515.0
HPLMP01S1A,979,single_die,26430.0,-11515.0,0.0,1.0,False,,,,,24668.0,-12337.5,28192.0,-10692.5,3524.0,1645.0,26430.0,-11515.0
HPLMP01S1A,980,single_die,29954.0,-11515.0,0.0,1.0,False,,,,,28192.0,-12337.5,31716.0,-10692.5,3524.0,1645.0,29954.0,-11515.0
HPLMP01S1A,981,single_die,33478.0,-11515.0,0.0,1.0,False,,,,,31716.0,-12337.5,35240.0,-10692.5,3524.0,1645.0,33478.0,-11515.0
HPLMP01S1A,982,single_die,37002.0,-11515.0,0.0,1.0,False,,,,,35240.0,-12337.5,38764.0,-10692.5,3524.0,1645.0,37002.0,-11515.0
HPLMP01S1A,983,single_die,40526.0,-11515.0,0.0,1.0,False,,,,,38764.0,-12337.5,42288.0,-10692.5,3524.0,1645.0,40526.0,-11515.0
HPLMP01S1A,984,single_die,44050.0,-11515.0,0.0,1.0,False,,,,,42288.0,-12337.5,45812.0,-10692.5,3524.0,1645.0,44050.0,-11515.0
HPLMP01S1A,985,single_die,47574.0,-11515.0,0.0,1.0,False,,,,,45812.0,-12337.5,49336.0,-10692.5,3524.0,1645.0,47574.0,-11515.0
HPLMP01S1A,986,single_die,51098.0,-11515.0,0.0,1.0,False,,,,,49336.0,-12337.5,52860.0,-10692.5,3524.0,1645.0,51098.0,-11515.0
HPLMP01S1A,987,single_die,54622.0,-11515.0,0.0,1.0,False,,,,,52860.0,-12337.5,56384.0,-10692.5,3524.0,1645.0,54622.0,-11515.0
HPLMP01S1A,988,single_die,58146.0,-11515.0,0.0,1.0,False,,,,,56384.0,-12337.5,59908.0,-10692.5,3524.0,1645.0,58146.0,-11515.0
HPLMP01S1A,989,single_die,61670.0,-11515.0,0.0,1.0,False,,,,,59908.0,-12337.5,63432.0,-10692.5,3524.0,1645.0,61670.0,-11515.0
HPLMP01S1A,990,single_die,65194.0,-11515.0,0.0,1.0,False,,,,,63432.0,-12337.5,66956.0,-10692.5,3524.0,1645.0,65194.0,-11515.0
HPLMP01S1A,991,single_die,-65194.0,-9870.0,0.0,1.0,False,,,,,-66956.0,-10692.5,-63432.0,-9047.5,3524.0,1645.0,-65194.0,-9870.0
HPLMP01S1A,992,single_die,-61670.0,-9870.0,0.0,1.0,False,,,,,-63432.0,-10692.5,-59908.0,-9047.5,3524.0,1645.0,-61670.0,-9870.0
HPLMP01S1A,993,single_die,-58146.0,-9870.0,0.0,1.0,False,,,,,-59908.0,-10692.5,-56384.0,-9047.5,3524.0,1645.0,-58146.0,-9870.0
HPLMP01S1A,994,single_die,-54622.0,-9870.0,0.0,1.0,False,,,,,-56384.0,-10692.5,-52860.0,-9047.5,3524.0,1645.0,-54622.0,-9870.0
HPLMP01S1A,995,single_die,-51098.0,-9870.0,0.0,1.0,False,,,,,-52860.0,-10692.5,-49336.0,-9047.5,3524.0,1645.0,-51098.0,-9870.0
HPLMP01S1A,996,single_die,-47574.0,-9870.0,0.0,1.0,False,,,,,-49336.0,-10692.5,-45812.0,-9047.5,3524.0,1645.0,-47574.0,-9870.0
HPLMP01S1A,997,single_die,-44050.0,-9870.0,0.0,1.0,False,,,,,-45812.0,-10692.5,-42288.0,-9047.5,3524.0,1645.0,-44050.0,-9870.0
HPLMP01S1A,998,single_die,-40526.0,-9870.0,0.0,1.0,False,,,,,-42288.0,-10692.5,-38764.0,-9047.5,3524.0,1645.0,-40526.0,-9870.0
HPLMP01S1A,999,single_die,-37002.0,-9870.0,0.0,1.0,False,,,,,-38764.0,-10692.5,-35240.0,-9047.5,3524.0,1645.0,-37002.0,-9870.0
HPLMP01S1A,1000,single_die,-33478.0,-9870.0,0.0,1.0,False,,,,,-35240.0,-10692.5,-31716.0,-9047.5,3524.0,1645.0,-33478.0,-9870.0
HPLMP01S1A,1001,single_die,-29954.0,-9870.0,0.0,1.0,False,,,,,-31716.0,-10692.5,-28192.0,-9047.5,3524.0,1645.0,-29954.0,-9870.0
HPLMP01S1A,1002,single_die,-26430.0,-9870.0,0.0,1.0,False,,,,,-28192.0,-10692.5,-24668.0,-9047.5,3524.0,1645.0,-26430.0,-9870.0
HPLMP01S1A,1003,single_die,-22906.0,-9870.0,0.0,1.0,False,,,,,-24668.0,-10692.5,-21144.0,-9047.5,3524.0,1645.0,-22906.0,-9870.0
HPLMP01S1A,1004,single_die,-19382.0,-9870.0,0.0,1.0,False,,,,,-21144.0,-10692.5,-17620.0,-9047.5,3524.0,1645.0,-19382.0,-9870.0
HPLMP01S1A,1005,single_die,-15858.0,-9870.0,0.0,1.0,False,,,,,-17620.0,-10692.5,-14096.0,-9047.5,3524.0,1645.0,-15858.0,-9870.0
HPLMP01S1A,1006,single_die,-12334.0,-9870.0,0.0,1.0,False,,,,,-14096.0,-10692.5,-10572.0,-9047.5,3524.0,1645.0,-12334.0,-9870.0
HPLMP01S1A,1007,single_die,-8810.0,-9870.0,0.0,1.0,False,,,,,-10572.0,-10692.5,-7048.0,-9047.5,3524.0,1645.0,-8810.0,-9870.0
HPLMP01S1A,1008,single_die,-5286.0,-9870.0,0.0,1.0,False,,,,,-7048.0,-10692.5,-3524.0,-9047.5,3524.0,1645.0,-5286.0,-9870.0
HPLMP01S1A,1009,single_die,-1762.0,-9870.0,0.0,1.0,False,,,,,-3524.0,-10692.5,0.0,-9047.5,3524.0,1645.0,-1762.0,-9870.0
HPLMP01S1A,1010,single_die,1762.0,-9870.0,0.0,1.0,False,,,,,0.0,-10692.5,3524.0,-9047.5,3524.0,1645.0,1762.0,-9870.0
HPLMP01S1A,1011,single_die,5286.0,-9870.0,0.0,1.0,False,,,,,3524.0,-10692.5,7048.0,-9047.5,3524.0,1645.0,5286.0,-9870.0
HPLMP01S1A,1012,single_die,8810.0,-9870.0,0.0,1.0,False,,,,,7048.0,-10692.5,10572.0,-9047.5,3524.0,1645.0,8810.0,-9870.0
HPLMP01S1A,1013,single_die,12334.0,-9870.0,0.0,1.0,False,,,,,10572.0,-10692.5,14096.0,-9047.5,3524.0,1645.0,12334.0,-9870.0
HPLMP01S1A,1014,single_die,15858.0,-9870.0,0.0,1.0,False,,,,,14096.0,-10692.5,17620.0,-9047.5,3524.0,1645.0,15858.0,-9870.0
HPLMP01S1A,1015,single_die,19382.0,-9870.0,0.0,1.0,False,,,,,17620.0,-10692.5,21144.0,-9047.5,3524.0,1645.0,19382.0,-9870.0
HPLMP01S1A,1016,single_die,22906.0,-9870.0,0.0,1.0,False,,,,,21144.0,-10692.5,24668.0,-9047.5,3524.0,1645.0,22906.0,-9870.0
HPLMP01S1A,1017,single_die,26430.0,-9870.0,0.0,1.0,False,,,,,24668.0,-10692.5,28192.0,-9047.5,3524.0,1645.0,26430.0,-9870.0
HPLMP01S1A,1018,single_die,29954.0,-9870.0,0.0,1.0,False,,,,,28192.0,-10692.5,31716.0,-9047.5,3524.0,1645.0,29954.0,-9870.0
HPLMP01S1A,1019,single_die,33478.0,-9870.0,0.0,1.0,False,,,,,31716.0,-10692.5,35240.0,-9047.5,3524.0,1645.0,33478.0,-9870.0
HPLMP01S1A,1020,single_die,37002.0,-9870.0,0.0,1.0,False,,,,,35240.0,-10692.5,38764.0,-9047.5,3524.0,1645.0,37002.0,-9870.0
HPLMP01S1A,1021,single_die,40526.0,-9870.0,0.0,1.0,False,,,,,38764.0,-10692.5,42288.0,-9047.5,3524.0,1645.0,40526.0,-9870.0
HPLMP01S1A,1022,single_die,44050.0,-9870.0,0.0,1.0,False,,,,,42288.0,-10692.5,45812.0,-9047.5,3524.0,1645.0,44050.0,-9870.0
HPLMP01S1A,1023,single_die,47574.0,-9870.0,0.0,1.0,False,,,,,45812.0,-10692.5,49336.0,-9047.5,3524.0,1645.0,47574.0,-9870.0
HPLMP01S1A,1024,single_die,51098.0,-9870.0,0.0,1.0,False,,,,,49336.0,-10692.5,52860.0,-9047.5,3524.0,1645.0,51098.0,-9870.0
HPLMP01S1A,1025,single_die,54622.0,-9870.0,0.0,1.0,False,,,,,52860.0,-10692.5,56384.0,-9047.5,3524.0,1645.0,54622.0,-9870.0
HPLMP01S1A,1026,single_die,58146.0,-9870.0,0.0,1.0,False,,,,,56384.0,-10692.5,59908.0,-9047.5,3524.0,1645.0,58146.0,-9870.0
HPLMP01S1A,1027,single_die,61670.0,-9870.0,0.0,1.0,False,,,,,59908.0,-10692.5,63432.0,-9047.5,3524.0,1645.0,61670.0,-9870.0
HPLMP01S1A,1028,single_die,65194.0,-9870.0,0.0,1.0,False,,,,,63432.0,-10692.5,66956.0,-9047.5,3524.0,1645.0,65194.0,-9870.0
HPLMP01S1A,1029,single_die,-65194.0,-8225.0,0.0,1.0,False,,,,,-66956.0,-9047.5,-63432.0,-7402.5,3524.0,1645.0,-65194.0,-8225.0
HPLMP01S1A,1030,single_die,-61670.0,-8225.0,0.0,1.0,False,,,,,-63432.0,-9047.5,-59908.0,-7402.5,3524.0,1645.0,-61670.0,-8225.0
HPLMP01S1A,1031,single_die,-58146.0,-8225.0,0.0,1.0,False,,,,,-59908.0,-9047.5,-56384.0,-7402.5,3524.0,1645.0,-58146.0,-8225.0
HPLMP01S1A,1032,single_die,-54622.0,-8225.0,0.0,1.0,False,,,,,-56384.0,-9047.5,-52860.0,-7402.5,3524.0,1645.0,-54622.0,-8225.0
HPLMP01S1A,1033,single_die,-51098.0,-8225.0,0.0,1.0,False,,,,,-52860.0,-9047.5,-49336.0,-7402.5,3524.0,1645.0,-51098.0,-8225.0
HPLMP01S1A,1034,single_die,-47574.0,-8225.0,0.0,1.0,False,,,,,-49336.0,-9047.5,-45812.0,-7402.5,3524.0,1645.0,-47574.0,-8225.0
HPLMP01S1A,1035,single_die,-44050.0,-8225.0,0.0,1.0,False,,,,,-45812.0,-9047.5,-42288.0,-7402.5,3524.0,1645.0,-44050.0,-8225.0
HPLMP01S1A,1036,single_die,-40526.0,-8225.0,0.0,1.0,False,,,,,-42288.0,-9047.5,-38764.0,-7402.5,3524.0,1645.0,-40526.0,-8225.0
HPLMP01S1A,1037,single_die,-37002.0,-8225.0,0.0,1.0,False,,,,,-38764.0,-9047.5,-35240.0,-7402.5,3524.0,1645.0,-37002.0,-8225.0
HPLMP01S1A,1038,single_die,-33478.0,-8225.0,0.0,1.0,False,,,,,-35240.0,-9047.5,-31716.0,-7402.5,3524.0,1645.0,-33478.0,-8225.0
HPLMP01S1A,1039,single_die,-29954.0,-8225.0,0.0,1.0,False,,,,,-31716.0,-9047.5,-28192.0,-7402.5,3524.0,1645.0,-29954.0,-8225.0
HPLMP01S1A,1040,single_die,-26430.0,-8225.0,0.0,1.0,False,,,,,-28192.0,-9047.5,-24668.0,-7402.5,3524.0,1645.0,-26430.0,-8225.0
HPLMP01S1A,1041,single_die,-22906.0,-8225.0,0.0,1.0,False,,,,,-24668.0,-9047.5,-21144.0,-7402.5,3524.0,1645.0,-22906.0,-8225.0
HPLMP01S1A,1042,single_die,-19382.0,-8225.0,0.0,1.0,False,,,,,-21144.0,-9047.5,-17620.0,-7402.5,3524.0,1645.0,-19382.0,-8225.0
HPLMP01S1A,1043,single_die,-15858.0,-8225.0,0.0,1.0,False,,,,,-17620.0,-9047.5,-14096.0,-7402.5,3524.0,1645.0,-15858.0,-8225.0
HPLMP01S1A,1044,single_die,-12334.0,-8225.0,0.0,1.0,False,,,,,-14096.0,-9047.5,-10572.0,-7402.5,3524.0,1645.0,-12334.0,-8225.0
HPLMP01S1A,1045,single_die,-8810.0,-8225.0,0.0,1.0,False,,,,,-10572.0,-9047.5,-7048.0,-7402.5,3524.0,1645.0,-8810.0,-8225.0
HPLMP01S1A,1046,single_die,-5286.0,-8225.0,0.0,1.0,False,,,,,-7048.0,-9047.5,-3524.0,-7402.5,3524.0,1645.0,-5286.0,-8225.0
HPLMP01S1A,1047,single_die,-1762.0,-8225.0,0.0,1.0,False,,,,,-3524.0,-9047.5,0.0,-7402.5,3524.0,1645.0,-1762.0,-8225.0
HPLMP01S1A,1048,single_die,1762.0,-8225.0,0.0,1.0,False,,,,,0.0,-9047.5,3524.0,-7402.5,3524.0,1645.0,1762.0,-8225.0
HPLMP01S1A,1049,single_die,5286.0,-8225.0,0.0,1.0,False,,,,,3524.0,-9047.5,7048.0,-7402.5,3524.0,1645.0,5286.0,-8225.0
HPLMP01S1A,1050,single_die,8810.0,-8225.0,0.0,1.0,False,,,,,7048.0,-9047.5,10572.0,-7402.5,3524.0,1645.0,8810.0,-8225.0
HPLMP01S1A,1051,single_die,12334.0,-8225.0,0.0,1.0,False,,,,,10572.0,-9047.5,14096.0,-7402.5,3524.0,1645.0,12334.0,-8225.0
HPLMP01S1A,1052,single_die,15858.0,-8225.0,0.0,1.0,False,,,,,14096.0,-9047.5,17620.0,-7402.5,3524.0,1645.0,15858.0,-8225.0
HPLMP01S1A,1053,single_die,19382.0,-8225.0,0.0,1.0,False,,,,,17620.0,-9047.5,21144.0,-7402.5,3524.0,1645.0,19382.0,-8225.0
HPLMP01S1A,1054,single_die,22906.0,-8225.0,0.0,1.0,False,,,,,21144.0,-9047.5,24668.0,-7402.5,3524.0,1645.0,22906.0,-8225.0
HPLMP01S1A,1055,single_die,26430.0,-8225.0,0.0,1.0,False,,,,,24668.0,-9047.5,28192.0,-7402.5,3524.0,1645.0,26430.0,-8225.0
HPLMP01S1A,1056,single_die,29954.0,-8225.0,0.0,1.0,False,,,,,28192.0,-9047.5,31716.0,-7402.5,3524.0,1645.0,29954.0,-8225.0
HPLMP01S1A,1057,single_die,33478.0,-8225.0,0.0,1.0,False,,,,,31716.0,-9047.5,35240.0,-7402.5,3524.0,1645.0,33478.0,-8225.0
HPLMP01S1A,1058,single_die,37002.0,-8225.0,0.0,1.0,False,,,,,35240.0,-9047.5,38764.0,-7402.5,3524.0,1645.0,37002.0,-8225.0
HPLMP01S1A,1059,single_die,40526.0,-8225.0,0.0,1.0,False,,,,,38764.0,-9047.5,42288.0,-7402.5,3524.0,1645.0,40526.0,-8225.0
HPLMP01S1A,1060,single_die,44050.0,-8225.0,0.0,1.0,False,,,,,42288.0,-9047.5,45812.0,-7402.5,3524.0,1645.0,44050.0,-8225.0
HPLMP01S1A,1061,single_die,47574.0,-8225.0,0.0,1.0,False,,,,,45812.0,-9047.5,49336.0,-7402.5,3524.0,1645.0,47574.0,-8225.0
HPLMP01S1A,1062,single_die,51098.0,-8225.0,0.0,1.0,False,,,,,49336.0,-9047.5,52860.0,-7402.5,3524.0,1645.0,51098.0,-8225.0
HPLMP01S1A,1063,single_die,54622.0,-8225.0,0.0,1.0,False,,,,,52860.0,-9047.5,56384.0,-7402.5,3524.0,1645.0,54622.0,-8225.0
HPLMP01S1A,1064,single_die,58146.0,-8225.0,0.0,1.0,False,,,,,56384.0,-9047.5,59908.0,-7402.5,3524.0,1645.0,58146.0,-8225.0
HPLMP01S1A,1065,single_die,61670.0,-8225.0,0.0,1.0,False,,,,,59908.0,-9047.5,63432.0,-7402.5,3524.0,1645.0,61670.0,-8225.0
HPLMP01S1A,1066,single_die,65194.0,-8225.0,0.0,1.0,False,,,,,63432.0,-9047.5,66956.0,-7402.5,3524.0,1645.0,65194.0,-8225.0
HPLMP01S1A,1067,single_die,-65194.0,-6580.0,0.0,1.0,False,,,,,-66956.0,-7402.5,-63432.0,-5757.5,3524.0,1645.0,-65194.0,-6580.0
HPLMP01S1A,1068,single_die,-61670.0,-6580.0,0.0,1.0,False,,,,,-63432.0,-7402.5,-59908.0,-5757.5,3524.0,1645.0,-61670.0,-6580.0
HPLMP01S1A,1069,single_die,-58146.0,-6580.0,0.0,1.0,False,,,,,-59908.0,-7402.5,-56384.0,-5757.5,3524.0,1645.0,-58146.0,-6580.0
HPLMP01S1A,1070,single_die,-54622.0,-6580.0,0.0,1.0,False,,,,,-56384.0,-7402.5,-52860.0,-5757.5,3524.0,1645.0,-54622.0,-6580.0
HPLMP01S1A,1071,single_die,-51098.0,-6580.0,0.0,1.0,False,,,,,-52860.0,-7402.5,-49336.0,-5757.5,3524.0,1645.0,-51098.0,-6580.0
HPLMP01S1A,1072,single_die,-47574.0,-6580.0,0.0,1.0,False,,,,,-49336.0,-7402.5,-45812.0,-5757.5,3524.0,1645.0,-47574.0,-6580.0
HPLMP01S1A,1073,single_die,-44050.0,-6580.0,0.0,1.0,False,,,,,-45812.0,-7402.5,-42288.0,-5757.5,3524.0,1645.0,-44050.0,-6580.0
HPLMP01S1A,1074,single_die,-40526.0,-6580.0,0.0,1.0,False,,,,,-42288.0,-7402.5,-38764.0,-5757.5,3524.0,1645.0,-40526.0,-6580.0
HPLMP01S1A,1075,single_die,-37002.0,-6580.0,0.0,1.0,False,,,,,-38764.0,-7402.5,-35240.0,-5757.5,3524.0,1645.0,-37002.0,-6580.0
HPLMP01S1A,1076,single_die,-33478.0,-6580.0,0.0,1.0,False,,,,,-35240.0,-7402.5,-31716.0,-5757.5,3524.0,1645.0,-33478.0,-6580.0
HPLMP01S1A,1077,single_die,-29954.0,-6580.0,0.0,1.0,False,,,,,-31716.0,-7402.5,-28192.0,-5757.5,3524.0,1645.0,-29954.0,-6580.0
HPLMP01S1A,1078,single_die,-26430.0,-6580.0,0.0,1.0,False,,,,,-28192.0,-7402.5,-24668.0,-5757.5,3524.0,1645.0,-26430.0,-6580.0
HPLMP01S1A,1079,single_die,-22906.0,-6580.0,0.0,1.0,False,,,,,-24668.0,-7402.5,-21144.0,-5757.5,3524.0,1645.0,-22906.0,-6580.0
HPLMP01S1A,1080,single_die,-19382.0,-6580.0,0.0,1.0,False,,,,,-21144.0,-7402.5,-17620.0,-5757.5,3524.0,1645.0,-19382.0,-6580.0
HPLMP01S1A,1081,single_die,-15858.0,-6580.0,0.0,1.0,False,,,,,-17620.0,-7402.5,-14096.0,-5757.5,3524.0,1645.0,-15858.0,-6580.0
HPLMP01S1A,1082,single_die,-12334.0,-6580.0,0.0,1.0,False,,,,,-14096.0,-7402.5,-10572.0,-5757.5,3524.0,1645.0,-12334.0,-6580.0
HPLMP01S1A,1083,single_die,-8810.0,-6580.0,0.0,1.0,False,,,,,-10572.0,-7402.5,-7048.0,-5757.5,3524.0,1645.0,-8810.0,-6580.0
HPLMP01S1A,1084,single_die,-5286.0,-6580.0,0.0,1.0,False,,,,,-7048.0,-7402.5,-3524.0,-5757.5,3524.0,1645.0,-5286.0,-6580.0
HPLMP01S1A,1085,single_die,-1762.0,-6580.0,0.0,1.0,False,,,,,-3524.0,-7402.5,0.0,-5757.5,3524.0,1645.0,-1762.0,-6580.0
HPLMP01S1A,1086,single_die,1762.0,-6580.0,0.0,1.0,False,,,,,0.0,-7402.5,3524.0,-5757.5,3524.0,1645.0,1762.0,-6580.0
HPLMP01S1A,1087,single_die,5286.0,-6580.0,0.0,1.0,False,,,,,3524.0,-7402.5,7048.0,-5757.5,3524.0,1645.0,5286.0,-6580.0
HPLMP01S1A,1088,single_die,8810.0,-6580.0,0.0,1.0,False,,,,,7048.0,-7402.5,10572.0,-5757.5,3524.0,1645.0,8810.0,-6580.0
HPLMP01S1A,1089,single_die,12334.0,-6580.0,0.0,1.0,False,,,,,10572.0,-7402.5,14096.0,-5757.5,3524.0,1645.0,12334.0,-6580.0
HPLMP01S1A,1090,single_die,15858.0,-6580.0,0.0,1.0,False,,,,,14096.0,-7402.5,17620.0,-5757.5,3524.0,1645.0,15858.0,-6580.0
HPLMP01S1A,1091,single_die,19382.0,-6580.0,0.0,1.0,False,,,,,17620.0,-7402.5,21144.0,-5757.5,3524.0,1645.0,19382.0,-6580.0
HPLMP01S1A,1092,single_die,22906.0,-6580.0,0.0,1.0,False,,,,,21144.0,-7402.5,24668.0,-5757.5,3524.0,1645.0,22906.0,-6580.0
HPLMP01S1A,1093,single_die,26430.0,-6580.0,0.0,1.0,False,,,,,24668.0,-7402.5,28192.0,-5757.5,3524.0,1645.0,26430.0,-6580.0
HPLMP01S1A,1094,single_die,29954.0,-6580.0,0.0,1.0,False,,,,,28192.0,-7402.5,31716.0,-5757.5,3524.0,1645.0,29954.0,-6580.0
HPLMP01S1A,1095,single_die,33478.0,-6580.0,0.0,1.0,False,,,,,31716.0,-7402.5,35240.0,-5757.5,3524.0,1645.0,33478.0,-6580.0
HPLMP01S1A,1096,single_die,37002.0,-6580.0,0.0,1.0,False,,,,,35240.0,-7402.5,38764.0,-5757.5,3524.0,1645.0,37002.0,-6580.0
HPLMP01S1A,1097,single_die,40526.0,-6580.0,0.0,1.0,False,,,,,38764.0,-7402.5,42288.0,-5757.5,3524.0,1645.0,40526.0,-6580.0
HPLMP01S1A,1098,single_die,44050.0,-6580.0,0.0,1.0,False,,,,,42288.0,-7402.5,45812.0,-5757.5,3524.0,1645.0,44050.0,-6580.0
HPLMP01S1A,1099,single_die,47574.0,-6580.0,0.0,1.0,False,,,,,45812.0,-7402.5,49336.0,-5757.5,3524.0,1645.0,47574.0,-6580.0
HPLMP01S1A,1100,single_die,51098.0,-6580.0,0.0,1.0,False,,,,,49336.0,-7402.5,52860.0,-5757.5,3524.0,1645.0,51098.0,-6580.0
HPLMP01S1A,1101,single_die,54622.0,-6580.0,0.0,1.0,False,,,,,52860.0,-7402.5,56384.0,-5757.5,3524.0,1645.0,54622.0,-6580.0
HPLMP01S1A,1102,single_die,58146.0,-6580.0,0.0,1.0,False,,,,,56384.0,-7402.5,59908.0,-5757.5,3524.0,1645.0,58146.0,-6580.0
HPLMP01S1A,1103,single_die,61670.0,-6580.0,0.0,1.0,False,,,,,59908.0,-7402.5,63432.0,-5757.5,3524.0,1645.0,61670.0,-6580.0
HPLMP01S1A,1104,single_die,65194.0,-6580.0,0.0,1.0,False,,,,,63432.0,-7402.5,66956.0,-5757.5,3524.0,1645.0,65194.0,-6580.0
HPLMP01S1A,1105,single_die,-65194.0,-4935.0,0.0,1.0,False,,,,,-66956.0,-5757.5,-63432.0,-4112.5,3524.0,1645.0,-65194.0,-4935.0
HPLMP01S1A,1106,single_die,-61670.0,-4935.0,0.0,1.0,False,,,,,-63432.0,-5757.5,-59908.0,-4112.5,3524.0,1645.0,-61670.0,-4935.0
HPLMP01S1A,1107,single_die,-58146.0,-4935.0,0.0,1.0,False,,,,,-59908.0,-5757.5,-56384.0,-4112.5,3524.0,1645.0,-58146.0,-4935.0
HPLMP01S1A,1108,single_die,-54622.0,-4935.0,0.0,1.0,False,,,,,-56384.0,-5757.5,-52860.0,-4112.5,3524.0,1645.0,-54622.0,-4935.0
HPLMP01S1A,1109,single_die,-51098.0,-4935.0,0.0,1.0,False,,,,,-52860.0,-5757.5,-49336.0,-4112.5,3524.0,1645.0,-51098.0,-4935.0
HPLMP01S1A,1110,single_die,-47574.0,-4935.0,0.0,1.0,False,,,,,-49336.0,-5757.5,-45812.0,-4112.5,3524.0,1645.0,-47574.0,-4935.0
HPLMP01S1A,1111,single_die,-44050.0,-4935.0,0.0,1.0,False,,,,,-45812.0,-5757.5,-42288.0,-4112.5,3524.0,1645.0,-44050.0,-4935.0
HPLMP01S1A,1112,single_die,-40526.0,-4935.0,0.0,1.0,False,,,,,-42288.0,-5757.5,-38764.0,-4112.5,3524.0,1645.0,-40526.0,-4935.0
HPLMP01S1A,1113,single_die,-37002.0,-4935.0,0.0,1.0,False,,,,,-38764.0,-5757.5,-35240.0,-4112.5,3524.0,1645.0,-37002.0,-4935.0
HPLMP01S1A,1114,single_die,-33478.0,-4935.0,0.0,1.0,False,,,,,-35240.0,-5757.5,-31716.0,-4112.5,3524.0,1645.0,-33478.0,-4935.0
HPLMP01S1A,1115,single_die,-29954.0,-4935.0,0.0,1.0,False,,,,,-31716.0,-5757.5,-28192.0,-4112.5,3524.0,1645.0,-29954.0,-4935.0
HPLMP01S1A,1116,single_die,-26430.0,-4935.0,0.0,1.0,False,,,,,-28192.0,-5757.5,-24668.0,-4112.5,3524.0,1645.0,-26430.0,-4935.0
HPLMP01S1A,1117,single_die,-22906.0,-4935.0,0.0,1.0,False,,,,,-24668.0,-5757.5,-21144.0,-4112.5,3524.0,1645.0,-22906.0,-4935.0
HPLMP01S1A,1118,single_die,-19382.0,-4935.0,0.0,1.0,False,,,,,-21144.0,-5757.5,-17620.0,-4112.5,3524.0,1645.0,-19382.0,-4935.0
HPLMP01S1A,1119,single_die,-15858.0,-4935.0,0.0,1.0,False,,,,,-17620.0,-5757.5,-14096.0,-4112.5,3524.0,1645.0,-15858.0,-4935.0
HPLMP01S1A,1120,single_die,-12334.0,-4935.0,0.0,1.0,False,,,,,-14096.0,-5757.5,-10572.0,-4112.5,3524.0,1645.0,-12334.0,-4935.0
HPLMP01S1A,1121,single_die,-8810.0,-4935.0,0.0,1.0,False,,,,,-10572.0,-5757.5,-7048.0,-4112.5,3524.0,1645.0,-8810.0,-4935.0
HPLMP01S1A,1122,single_die,-5286.0,-4935.0,0.0,1.0,False,,,,,-7048.0,-5757.5,-3524.0,-4112.5,3524.0,1645.0,-5286.0,-4935.0
HPLMP01S1A,1123,single_die,-1762.0,-4935.0,0.0,1.0,False,,,,,-3524.0,-5757.5,0.0,-4112.5,3524.0,1645.0,-1762.0,-4935.0
HPLMP01S1A,1124,single_die,1762.0,-4935.0,0.0,1.0,False,,,,,0.0,-5757.5,3524.0,-4112.5,3524.0,1645.0,1762.0,-4935.0
HPLMP01S1A,1125,single_die,5286.0,-4935.0,0.0,1.0,False,,,,,3524.0,-5757.5,7048.0,-4112.5,3524.0,1645.0,5286.0,-4935.0
HPLMP01S1A,1126,single_die,8810.0,-4935.0,0.0,1.0,False,,,,,7048.0,-5757.5,10572.0,-4112.5,3524.0,1645.0,8810.0,-4935.0
HPLMP01S1A,1127,single_die,12334.0,-4935.0,0.0,1.0,False,,,,,10572.0,-5757.5,14096.0,-4112.5,3524.0,1645.0,12334.0,-4935.0
HPLMP01S1A,1128,single_die,15858.0,-4935.0,0.0,1.0,False,,,,,14096.0,-5757.5,17620.0,-4112.5,3524.0,1645.0,15858.0,-4935.0
HPLMP01S1A,1129,single_die,19382.0,-4935.0,0.0,1.0,False,,,,,17620.0,-5757.5,21144.0,-4112.5,3524.0,1645.0,19382.0,-4935.0
HPLMP01S1A,1130,single_die,22906.0,-4935.0,0.0,1.0,False,,,,,21144.0,-5757.5,24668.0,-4112.5,3524.0,1645.0,22906.0,-4935.0
HPLMP01S1A,1131,single_die,26430.0,-4935.0,0.0,1.0,False,,,,,24668.0,-5757.5,28192.0,-4112.5,3524.0,1645.0,26430.0,-4935.0
HPLMP01S1A,1132,single_die,29954.0,-4935.0,0.0,1.0,False,,,,,28192.0,-5757.5,31716.0,-4112.5,3524.0,1645.0,29954.0,-4935.0
HPLMP01S1A,1133,single_die,33478.0,-4935.0,0.0,1.0,False,,,,,31716.0,-5757.5,35240.0,-4112.5,3524.0,1645.0,33478.0,-4935.0
HPLMP01S1A,1134,single_die,37002.0,-4935.0,0.0,1.0,False,,,,,35240.0,-5757.5,38764.0,-4112.5,3524.0,1645.0,37002.0,-4935.0
HPLMP01S1A,1135,single_die,40526.0,-4935.0,0.0,1.0,False,,,,,38764.0,-5757.5,42288.0,-4112.5,3524.0,1645.0,40526.0,-4935.0
HPLMP01S1A,1136,single_die,44050.0,-4935.0,0.0,1.0,False,,,,,42288.0,-5757.5,45812.0,-4112.5,3524.0,1645.0,44050.0,-4935.0
HPLMP01S1A,1137,single_die,47574.0,-4935.0,0.0,1.0,False,,,,,45812.0,-5757.5,49336.0,-4112.5,3524.0,1645.0,47574.0,-4935.0
HPLMP01S1A,1138,single_die,51098.0,-4935.0,0.0,1.0,False,,,,,49336.0,-5757.5,52860.0,-4112.5,3524.0,1645.0,51098.0,-4935.0
HPLMP01S1A,1139,single_die,54622.0,-4935.0,0.0,1.0,False,,,,,52860.0,-5757.5,56384.0,-4112.5,3524.0,1645.0,54622.0,-4935.0
HPLMP01S1A,1140,single_die,58146.0,-4935.0,0.0,1.0,False,,,,,56384.0,-5757.5,59908.0,-4112.5,3524.0,1645.0,58146.0,-4935.0
HPLMP01S1A,1141,single_die,61670.0,-4935.0,0.0,1.0,False,,,,,59908.0,-5757.5,63432.0,-4112.5,3524.0,1645.0,61670.0,-4935.0
HPLMP01S1A,1142,single_die,65194.0,-4935.0,0.0,1.0,False,,,,,63432.0,-5757.5,66956.0,-4112.5,3524.0,1645.0,65194.0,-4935.0
HPLMP01S1A,1143,single_die,-65194.0,-3290.0,0.0,1.0,False,,,,,-66956.0,-4112.5,-63432.0,-2467.5,3524.0,1645.0,-65194.0,-3290.0
HPLMP01S1A,1144,single_die,-61670.0,-3290.0,0.0,1.0,False,,,,,-63432.0,-4112.5,-59908.0,-2467.5,3524.0,1645.0,-61670.0,-3290.0
HPLMP01S1A,1145,single_die,-58146.0,-3290.0,0.0,1.0,False,,,,,-59908.0,-4112.5,-56384.0,-2467.5,3524.0,1645.0,-58146.0,-3290.0
HPLMP01S1A,1146,single_die,-54622.0,-3290.0,0.0,1.0,False,,,,,-56384.0,-4112.5,-52860.0,-2467.5,3524.0,1645.0,-54622.0,-3290.0
HPLMP01S1A,1147,single_die,-51098.0,-3290.0,0.0,1.0,False,,,,,-52860.0,-4112.5,-49336.0,-2467.5,3524.0,1645.0,-51098.0,-3290.0
HPLMP01S1A,1148,single_die,-47574.0,-3290.0,0.0,1.0,False,,,,,-49336.0,-4112.5,-45812.0,-2467.5,3524.0,1645.0,-47574.0,-3290.0
HPLMP01S1A,1149,single_die,-44050.0,-3290.0,0.0,1.0,False,,,,,-45812.0,-4112.5,-42288.0,-2467.5,3524.0,1645.0,-44050.0,-3290.0
HPLMP01S1A,1150,single_die,-40526.0,-3290.0,0.0,1.0,False,,,,,-42288.0,-4112.5,-38764.0,-2467.5,3524.0,1645.0,-40526.0,-3290.0
HPLMP01S1A,1151,single_die,-37002.0,-3290.0,0.0,1.0,False,,,,,-38764.0,-4112.5,-35240.0,-2467.5,3524.0,1645.0,-37002.0,-3290.0
HPLMP01S1A,1152,single_die,-33478.0,-3290.0,0.0,1.0,False,,,,,-35240.0,-4112.5,-31716.0,-2467.5,3524.0,1645.0,-33478.0,-3290.0
HPLMP01S1A,1153,single_die,-29954.0,-3290.0,0.0,1.0,False,,,,,-31716.0,-4112.5,-28192.0,-2467.5,3524.0,1645.0,-29954.0,-3290.0
HPLMP01S1A,1154,single_die,-26430.0,-3290.0,0.0,1.0,False,,,,,-28192.0,-4112.5,-24668.0,-2467.5,3524.0,1645.0,-26430.0,-3290.0
HPLMP01S1A,1155,single_die,-22906.0,-3290.0,0.0,1.0,False,,,,,-24668.0,-4112.5,-21144.0,-2467.5,3524.0,1645.0,-22906.0,-3290.0
HPLMP01S1A,1156,single_die,-19382.0,-3290.0,0.0,1.0,False,,,,,-21144.0,-4112.5,-17620.0,-2467.5,3524.0,1645.0,-19382.0,-3290.0
HPLMP01S1A,1157,single_die,-15858.0,-3290.0,0.0,1.0,False,,,,,-17620.0,-4112.5,-14096.0,-2467.5,3524.0,1645.0,-15858.0,-3290.0
HPLMP01S1A,1158,single_die,-12334.0,-3290.0,0.0,1.0,False,,,,,-14096.0,-4112.5,-10572.0,-2467.5,3524.0,1645.0,-12334.0,-3290.0
HPLMP01S1A,1159,single_die,-8810.0,-3290.0,0.0,1.0,False,,,,,-10572.0,-4112.5,-7048.0,-2467.5,3524.0,1645.0,-8810.0,-3290.0
HPLMP01S1A,1160,single_die,-5286.0,-3290.0,0.0,1.0,False,,,,,-7048.0,-4112.5,-3524.0,-2467.5,3524.0,1645.0,-5286.0,-3290.0
HPLMP01S1A,1161,single_die,-1762.0,-3290.0,0.0,1.0,False,,,,,-3524.0,-4112.5,0.0,-2467.5,3524.0,1645.0,-1762.0,-3290.0
HPLMP01S1A,1162,single_die,1762.0,-3290.0,0.0,1.0,False,,,,,0.0,-4112.5,3524.0,-2467.5,3524.0,1645.0,1762.0,-3290.0
HPLMP01S1A,1163,single_die,5286.0,-3290.0,0.0,1.0,False,,,,,3524.0,-4112.5,7048.0,-2467.5,3524.0,1645.0,5286.0,-3290.0
HPLMP01S1A,1164,single_die,8810.0,-3290.0,0.0,1.0,False,,,,,7048.0,-4112.5,10572.0,-2467.5,3524.0,1645.0,8810.0,-3290.0
HPLMP01S1A,1165,single_die,12334.0,-3290.0,0.0,1.0,False,,,,,10572.0,-4112.5,14096.0,-2467.5,3524.0,1645.0,12334.0,-3290.0
HPLMP01S1A,1166,single_die,15858.0,-3290.0,0.0,1.0,False,,,,,14096.0,-4112.5,17620.0,-2467.5,3524.0,1645.0,15858.0,-3290.0
HPLMP01S1A,1167,single_die,19382.0,-3290.0,0.0,1.0,False,,,,,17620.0,-4112.5,21144.0,-2467.5,3524.0,1645.0,19382.0,-3290.0
HPLMP01S1A,1168,single_die,22906.0,-3290.0,0.0,1.0,False,,,,,21144.0,-4112.5,24668.0,-2467.5,3524.0,1645.0,22906.0,-3290.0
HPLMP01S1A,1169,single_die,26430.0,-3290.0,0.0,1.0,False,,,,,24668.0,-4112.5,28192.0,-2467.5,3524.0,1645.0,26430.0,-3290.0
HPLMP01S1A,1170,single_die,29954.0,-3290.0,0.0,1.0,False,,,,,28192.0,-4112.5,31716.0,-2467.5,3524.0,1645.0,29954.0,-3290.0
HPLMP01S1A,1171,single_die,33478.0,-3290.0,0.0,1.0,False,,,,,31716.0,-4112.5,35240.0,-2467.5,3524.0,1645.0,33478.0,-3290.0
HPLMP01S1A,1172,single_die,37002.0,-3290.0,0.0,1.0,False,,,,,35240.0,-4112.5,38764.0,-2467.5,3524.0,1645.0,37002.0,-3290.0
HPLMP01S1A,1173,single_die,40526.0,-3290.0,0.0,1.0,False,,,,,38764.0,-4112.5,42288.0,-2467.5,3524.0,1645.0,40526.0,-3290.0
HPLMP01S1A,1174,single_die,44050.0,-3290.0,0.0,1.0,False,,,,,42288.0,-4112.5,45812.0,-2467.5,3524.0,1645.0,44050.0,-3290.0
HPLMP01S1A,1175,single_die,47574.0,-3290.0,0.0,1.0,False,,,,,45812.0,-4112.5,49336.0,-2467.5,3524.0,1645.0,47574.0,-3290.0
HPLMP01S1A,1176,single_die,51098.0,-3290.0,0.0,1.0,False,,,,,49336.0,-4112.5,52860.0,-2467.5,3524.0,1645.0,51098.0,-3290.0
HPLMP01S1A,1177,single_die,54622.0,-3290.0,0.0,1.0,False,,,,,52860.0,-4112.5,56384.0,-2467.5,3524.0,1645.0,54622.0,-3290.0
HPLMP01S1A,1178,single_die,58146.0,-3290.0,0.0,1.0,False,,,,,56384.0,-4112.5,59908.0,-2467.5,3524.0,1645.0,58146.0,-3290.0
HPLMP01S1A,1179,single_die,61670.0,-3290.0,0.0,1.0,False,,,,,59908.0,-4112.5,63432.0,-2467.5,3524.0,1645.0,61670.0,-3290.0
HPLMP01S1A,1180,single_die,65194.0,-3290.0,0.0,1.0,False,,,,,63432.0,-4112.5,66956.0,-2467.5,3524.0,1645.0,65194.0,-3290.0
HPLMP01S1A,1181,single_die,-65194.0,-1645.0,0.0,1.0,False,,,,,-66956.0,-2467.5,-63432.0,-822.5,3524.0,1645.0,-65194.0,-1645.0
HPLMP01S1A,1182,single_die,-61670.0,-1645.0,0.0,1.0,False,,,,,-63432.0,-2467.5,-59908.0,-822.5,3524.0,1645.0,-61670.0,-1645.0
HPLMP01S1A,1183,single_die,-58146.0,-1645.0,0.0,1.0,False,,,,,-59908.0,-2467.5,-56384.0,-822.5,3524.0,1645.0,-58146.0,-1645.0
HPLMP01S1A,1184,single_die,-54622.0,-1645.0,0.0,1.0,False,,,,,-56384.0,-2467.5,-52860.0,-822.5,3524.0,1645.0,-54622.0,-1645.0
HPLMP01S1A,1185,single_die,-51098.0,-1645.0,0.0,1.0,False,,,,,-52860.0,-2467.5,-49336.0,-822.5,3524.0,1645.0,-51098.0,-1645.0
HPLMP01S1A,1186,single_die,-37002.0,-1645.0,0.0,1.0,False,,,,,-38764.0,-2467.5,-35240.0,-822.5,3524.0,1645.0,-37002.0,-1645.0
HPLMP01S1A,1187,single_die,-33478.0,-1645.0,0.0,1.0,False,,,,,-35240.0,-2467.5,-31716.0,-822.5,3524.0,1645.0,-33478.0,-1645.0
HPLMP01S1A,1188,single_die,-29954.0,-1645.0,0.0,1.0,False,,,,,-31716.0,-2467.5,-28192.0,-822.5,3524.0,1645.0,-29954.0,-1645.0
HPLMP01S1A,1189,single_die,-26430.0,-1645.0,0.0,1.0,False,,,,,-28192.0,-2467.5,-24668.0,-822.5,3524.0,1645.0,-26430.0,-1645.0
HPLMP01S1A,1190,single_die,-22906.0,-1645.0,0.0,1.0,False,,,,,-24668.0,-2467.5,-21144.0,-822.5,3524.0,1645.0,-22906.0,-1645.0
HPLMP01S1A,1191,single_die,-19382.0,-1645.0,0.0,1.0,False,,,,,-21144.0,-2467.5,-17620.0,-822.5,3524.0,1645.0,-19382.0,-1645.0
HPLMP01S1A,1192,single_die,-15858.0,-1645.0,0.0,1.0,False,,,,,-17620.0,-2467.5,-14096.0,-822.5,3524.0,1645.0,-15858.0,-1645.0
HPLMP01S1A,1193,single_die,-12334.0,-1645.0,0.0,1.0,False,,,,,-14096.0,-2467.5,-10572.0,-822.5,3524.0,1645.0,-12334.0,-1645.0
HPLMP01S1A,1194,single_die,-8810.0,-1645.0,0.0,1.0,False,,,,,-10572.0,-2467.5,-7048.0,-822.5,3524.0,1645.0,-8810.0,-1645.0
HPLMP01S1A,1195,single_die,-5286.0,-1645.0,0.0,1.0,False,,,,,-7048.0,-2467.5,-3524.0,-822.5,3524.0,1645.0,-5286.0,-1645.0
HPLMP01S1A,1196,single_die,-1762.0,-1645.0,0.0,1.0,False,,,,,-3524.0,-2467.5,0.0,-822.5,3524.0,1645.0,-1762.0,-1645.0
HPLMP01S1A,1197,single_die,1762.0,-1645.0,0.0,1.0,False,,,,,0.0,-2467.5,3524.0,-822.5,3524.0,1645.0,1762.0,-1645.0
HPLMP01S1A,1198,single_die,5286.0,-1645.0,0.0,1.0,False,,,,,3524.0,-2467.5,7048.0,-822.5,3524.0,1645.0,5286.0,-1645.0
HPLMP01S1A,1199,single_die,8810.0,-1645.0,0.0,1.0,False,,,,,7048.0,-2467.5,10572.0,-822.5,3524.0,1645.0,8810.0,-1645.0
HPLMP01S1A,1200,single_die,12334.0,-1645.0,0.0,1.0,False,,,,,10572.0,-2467.5,14096.0,-822.5,3524.0,1645.0,12334.0,-1645.0
HPLMP01S1A,1201,single_die,15858.0,-1645.0,0.0,1.0,False,,,,,14096.0,-2467.5,17620.0,-822.5,3524.0,1645.0,15858.0,-1645.0
HPLMP01S1A,1202,single_die,19382.0,-1645.0,0.0,1.0,False,,,,,17620.0,-2467.5,21144.0,-822.5,3524.0,1645.0,19382.0,-1645.0
HPLMP01S1A,1203,single_die,22906.0,-1645.0,0.0,1.0,False,,,,,21144.0,-2467.5,24668.0,-822.5,3524.0,1645.0,22906.0,-1645.0
HPLMP01S1A,1204,single_die,26430.0,-1645.0,0.0,1.0,False,,,,,24668.0,-2467.5,28192.0,-822.5,3524.0,1645.0,26430.0,-1645.0
HPLMP01S1A,1205,single_die,29954.0,-1645.0,0.0,1.0,False,,,,,28192.0,-2467.5,31716.0,-822.5,3524.0,1645.0,29954.0,-1645.0
HPLMP01S1A,1206,single_die,33478.0,-1645.0,0.0,1.0,False,,,,,31716.0,-2467.5,35240.0,-822.5,3524.0,1645.0,33478.0,-1645.0
HPLMP01S1A,1207,single_die,37002.0,-1645.0,0.0,1.0,False,,,,,35240.0,-2467.5,38764.0,-822.5,3524.0,1645.0,37002.0,-1645.0
HPLMP01S1A,1208,single_die,40526.0,-1645.0,0.0,1.0,False,,,,,38764.0,-2467.5,42288.0,-822.5,3524.0,1645.0,40526.0,-1645.0
HPLMP01S1A,1209,single_die,44050.0,-1645.0,0.0,1.0,False,,,,,42288.0,-2467.5,45812.0,-822.5,3524.0,1645.0,44050.0,-1645.0
HPLMP01S1A,1210,single_die,47574.0,-1645.0,0.0,1.0,False,,,,,45812.0,-2467.5,49336.0,-822.5,3524.0,1645.0,47574.0,-1645.0
HPLMP01S1A,1211,single_die,51098.0,-1645.0,0.0,1.0,False,,,,,49336.0,-2467.5,52860.0,-822.5,3524.0,1645.0,51098.0,-1645.0
HPLMP01S1A,1212,single_die,54622.0,-1645.0,0.0,1.0,False,,,,,52860.0,-2467.5,56384.0,-822.5,3524.0,1645.0,54622.0,-1645.0
HPLMP01S1A,1213,single_die,58146.0,-1645.0,0.0,1.0,False,,,,,56384.0,-2467.5,59908.0,-822.5,3524.0,1645.0,58146.0,-1645.0
HPLMP01S1A,1214,single_die,61670.0,-1645.0,0.0,1.0,False,,,,,59908.0,-2467.5,63432.0,-822.5,3524.0,1645.0,61670.0,-1645.0
HPLMP01S1A,1215,single_die,65194.0,-1645.0,0.0,1.0,False,,,,,63432.0,-2467.5,66956.0,-822.5,3524.0,1645.0,65194.0,-1645.0
HPLMP01S1A,1216,single_die,-65194.0,0.0,0.0,1.0,False,,,,,-66956.0,-822.5,-63432.0,822.5,3524.0,1645.0,-65194.0,0.0
HPLMP01S1A,1217,single_die,-61670.0,0.0,0.0,1.0,False,,,,,-63432.0,-822.5,-59908.0,822.5,3524.0,1645.0,-61670.0,0.0
HPLMP01S1A,1218,single_die,-58146.0,0.0,0.0,1.0,False,,,,,-59908.0,-822.5,-56384.0,822.5,3524.0,1645.0,-58146.0,0.0
HPLMP01S1A,1219,single_die,-54622.0,0.0,0.0,1.0,False,,,,,-56384.0,-822.5,-52860.0,822.5,3524.0,1645.0,-54622.0,0.0
HPLMP01S1A,1220,single_die,-51098.0,0.0,0.0,1.0,False,,,,,-52860.0,-822.5,-49336.0,822.5,3524.0,1645.0,-51098.0,0.0
HPLMP01S1A,1221,single_die,-37002.0,0.0,0.0,1.0,False,,,,,-38764.0,-822.5,-35240.0,822.5,3524.0,1645.0,-37002.0,0.0
HPLMP01S1A,1222,single_die,-33478.0,0.0,0.0,1.0,False,,,,,-35240.0,-822.5,-31716.0,822.5,3524.0,1645.0,-33478.0,0.0
HPLMP01S1A,1223,single_die,-29954.0,0.0,0.0,1.0,False,,,,,-31716.0,-822.5,-28192.0,822.5,3524.0,1645.0,-29954.0,0.0
HPLMP01S1A,1224,single_die,-26430.0,0.0,0.0,1.0,False,,,,,-28192.0,-822.5,-24668.0,822.5,3524.0,1645.0,-26430.0,0.0
HPLMP01S1A,1225,single_die,-22906.0,0.0,0.0,1.0,False,,,,,-24668.0,-822.5,-21144.0,822.5,3524.0,1645.0,-22906.0,0.0
HPLMP01S1A,1226,single_die,-19382.0,0.0,0.0,1.0,False,,,,,-21144.0,-822.5,-17620.0,822.5,3524.0,1645.0,-19382.0,0.0
HPLMP01S1A,1227,single_die,-15858.0,0.0,0.0,1.0,False,,,,,-17620.0,-822.5,-14096.0,822.5,3524.0,1645.0,-15858.0,0.0
HPLMP01S1A,1228,single_die,-12334.0,0.0,0.0,1.0,False,,,,,-14096.0,-822.5,-10572.0,822.5,3524.0,1645.0,-12334.0,0.0
HPLMP01S1A,1229,single_die,-8810.0,0.0,0.0,1.0,False,,,,,-10572.0,-822.5,-7048.0,822.5,3524.0,1645.0,-8810.0,0.0
HPLMP01S1A,1230,single_die,-5286.0,0.0,0.0,1.0,False,,,,,-7048.0,-822.5,-3524.0,822.5,3524.0,1645.0,-5286.0,0.0
HPLMP01S1A,1231,single_die,-1762.0,0.0,0.0,1.0,False,,,,,-3524.0,-822.5,0.0,822.5,3524.0,1645.0,-1762.0,0.0
HPLMP01S1A,1232,single_die,1762.0,0.0,0.0,1.0,False,,,,,0.0,-822.5,3524.0,822.5,3524.0,1645.0,1762.0,0.0
HPLMP01S1A,1233,single_die,5286.0,0.0,0.0,1.0,False,,,,,3524.0,-822.5,7048.0,822.5,3524.0,1645.0,5286.0,0.0
HPLMP01S1A,1234,single_die,8810.0,0.0,0.0,1.0,False,,,,,7048.0,-822.5,10572.0,822.5,3524.0,1645.0,8810.0,0.0
HPLMP01S1A,1235,single_die,12334.0,0.0,0.0,1.0,False,,,,,10572.0,-822.5,14096.0,822.5,3524.0,1645.0,12334.0,0.0
HPLMP01S1A,1236,single_die,15858.0,0.0,0.0,1.0,False,,,,,14096.0,-822.5,17620.0,822.5,3524.0,1645.0,15858.0,0.0
HPLMP01S1A,1237,single_die,19382.0,0.0,0.0,1.0,False,,,,,17620.0,-822.5,21144.0,822.5,3524.0,1645.0,19382.0,0.0
HPLMP01S1A,1238,single_die,22906.0,0.0,0.0,1.0,False,,,,,21144.0,-822.5,24668.0,822.5,3524.0,1645.0,22906.0,0.0
HPLMP01S1A,1239,single_die,26430.0,0.0,0.0,1.0,False,,,,,24668.0,-822.5,28192.0,822.5,3524.0,1645.0,26430.0,0.0
HPLMP01S1A,1240,single_die,29954.0,0.0,0.0,1.0,False,,,,,28192.0,-822.5,31716.0,822.5,3524.0,1645.0,29954.0,0.0
HPLMP01S1A,1241,single_die,33478.0,0.0,0.0,1.0,False,,,,,31716.0,-822.5,35240.0,822.5,3524.0,1645.0,33478.0,0.0
HPLMP01S1A,1242,single_die,37002.0,0.0,0.0,1.0,False,,,,,35240.0,-822.5,38764.0,822.5,3524.0,1645.0,37002.0,0.0
HPLMP01S1A,1243,single_die,51098.0,0.0,0.0,1.0,False,,,,,49336.0,-822.5,52860.0,822.5,3524.0,1645.0,51098.0,0.0
HPLMP01S1A,1244,single_die,54622.0,0.0,0.0,1.0,False,,,,,52860.0,-822.5,56384.0,822.5,3524.0,1645.0,54622.0,0.0
HPLMP01S1A,1245,single_die,58146.0,0.0,0.0,1.0,False,,,,,56384.0,-822.5,59908.0,822.5,3524.0,1645.0,58146.0,0.0
HPLMP01S1A,1246,single_die,61670.0,0.0,0.0,1.0,False,,,,,59908.0,-822.5,63432.0,822.5,3524.0,1645.0,61670.0,0.0
HPLMP01S1A,1247,single_die,65194.0,0.0,0.0,1.0,False,,,,,63432.0,-822.5,66956.0,822.5,3524.0,1645.0,65194.0,0.0
HPLMP01S1A,1248,single_die,-65194.0,1645.0,0.0,1.0,False,,,,,-66956.0,822.5,-63432.0,2467.5,3524.0,1645.0,-65194.0,1645.0
HPLMP01S1A,1249,single_die,-61670.0,1645.0,0.0,1.0,False,,,,,-63432.0,822.5,-59908.0,2467.5,3524.0,1645.0,-61670.0,1645.0
HPLMP01S1A,1250,single_die,-58146.0,1645.0,0.0,1.0,False,,,,,-59908.0,822.5,-56384.0,2467.5,3524.0,1645.0,-58146.0,1645.0
HPLMP01S1A,1251,single_die,-54622.0,1645.0,0.0,1.0,False,,,,,-56384.0,822.5,-52860.0,2467.5,3524.0,1645.0,-54622.0,1645.0
HPLMP01S1A,1252,single_die,-51098.0,1645.0,0.0,1.0,False,,,,,-52860.0,822.5,-49336.0,2467.5,3524.0,1645.0,-51098.0,1645.0
HPLMP01S1A,1253,single_die,-47574.0,1645.0,0.0,1.0,False,,,,,-49336.0,822.5,-45812.0,2467.5,3524.0,1645.0,-47574.0,1645.0
HPLMP01S1A,1254,single_die,-44050.0,1645.0,0.0,1.0,False,,,,,-45812.0,822.5,-42288.0,2467.5,3524.0,1645.0,-44050.0,1645.0
HPLMP01S1A,1255,single_die,-40526.0,1645.0,0.0,1.0,False,,,,,-42288.0,822.5,-38764.0,2467.5,3524.0,1645.0,-40526.0,1645.0
HPLMP01S1A,1256,single_die,-37002.0,1645.0,0.0,1.0,False,,,,,-38764.0,822.5,-35240.0,2467.5,3524.0,1645.0,-37002.0,1645.0
HPLMP01S1A,1257,single_die,-33478.0,1645.0,0.0,1.0,False,,,,,-35240.0,822.5,-31716.0,2467.5,3524.0,1645.0,-33478.0,1645.0
HPLMP01S1A,1258,single_die,-29954.0,1645.0,0.0,1.0,False,,,,,-31716.0,822.5,-28192.0,2467.5,3524.0,1645.0,-29954.0,1645.0
HPLMP01S1A,1259,single_die,-26430.0,1645.0,0.0,1.0,False,,,,,-28192.0,822.5,-24668.0,2467.5,3524.0,1645.0,-26430.0,1645.0
HPLMP01S1A,1260,single_die,-22906.0,1645.0,0.0,1.0,False,,,,,-24668.0,822.5,-21144.0,2467.5,3524.0,1645.0,-22906.0,1645.0
HPLMP01S1A,1261,single_die,-19382.0,1645.0,0.0,1.0,False,,,,,-21144.0,822.5,-17620.0,2467.5,3524.0,1645.0,-19382.0,1645.0
HPLMP01S1A,1262,single_die,-15858.0,1645.0,0.0,1.0,False,,,,,-17620.0,822.5,-14096.0,2467.5,3524.0,1645.0,-15858.0,1645.0
HPLMP01S1A,1263,single_die,-12334.0,1645.0,0.0,1.0,False,,,,,-14096.0,822.5,-10572.0,2467.5,3524.0,1645.0,-12334.0,1645.0
HPLMP01S1A,1264,single_die,-8810.0,1645.0,0.0,1.0,False,,,,,-10572.0,822.5,-7048.0,2467.5,3524.0,1645.0,-8810.0,1645.0
HPLMP01S1A,1265,single_die,-5286.0,1645.0,0.0,1.0,False,,,,,-7048.0,822.5,-3524.0,2467.5,3524.0,1645.0,-5286.0,1645.0
HPLMP01S1A,1266,single_die,-1762.0,1645.0,0.0,1.0,False,,,,,-3524.0,822.5,0.0,2467.5,3524.0,1645.0,-1762.0,1645.0
HPLMP01S1A,1267,single_die,1762.0,1645.0,0.0,1.0,False,,,,,0.0,822.5,3524.0,2467.5,3524.0,1645.0,1762.0,1645.0
HPLMP01S1A,1268,single_die,5286.0,1645.0,0.0,1.0,False,,,,,3524.0,822.5,7048.0,2467.5,3524.0,1645.0,5286.0,1645.0
HPLMP01S1A,1269,single_die,8810.0,1645.0,0.0,1.0,False,,,,,7048.0,822.5,10572.0,2467.5,3524.0,1645.0,8810.0,1645.0
HPLMP01S1A,1270,single_die,12334.0,1645.0,0.0,1.0,False,,,,,10572.0,822.5,14096.0,2467.5,3524.0,1645.0,12334.0,1645.0
HPLMP01S1A,1271,single_die,15858.0,1645.0,0.0,1.0,False,,,,,14096.0,822.5,17620.0,2467.5,3524.0,1645.0,15858.0,1645.0
HPLMP01S1A,1272,single_die,19382.0,1645.0,0.0,1.0,False,,,,,17620.0,822.5,21144.0,2467.5,3524.0,1645.0,19382.0,1645.0
HPLMP01S1A,1273,single_die,22906.0,1645.0,0.0,1.0,False,,,,,21144.0,822.5,24668.0,2467.5,3524.0,1645.0,22906.0,1645.0
HPLMP01S1A,1274,single_die,26430.0,1645.0,0.0,1.0,False,,,,,24668.0,822.5,28192.0,2467.5,3524.0,1645.0,26430.0,1645.0
HPLMP01S1A,1275,single_die,29954.0,1645.0,0.0,1.0,False,,,,,28192.0,822.5,31716.0,2467.5,3524.0,1645.0,29954.0,1645.0
HPLMP01S1A,1276,single_die,33478.0,1645.0,0.0,1.0,False,,,,,31716.0,822.5,35240.0,2467.5,3524.0,1645.0,33478.0,1645.0
HPLMP01S1A,1277,single_die,37002.0,1645.0,0.0,1.0,False,,,,,35240.0,822.5,38764.0,2467.5,3524.0,1645.0,37002.0,1645.0
HPLMP01S1A,1278,single_die,40526.0,1645.0,0.0,1.0,False,,,,,38764.0,822.5,42288.0,2467.5,3524.0,1645.0,40526.0,1645.0
HPLMP01S1A,1279,single_die,44050.0,1645.0,0.0,1.0,False,,,,,42288.0,822.5,45812.0,2467.5,3524.0,1645.0,44050.0,1645.0
HPLMP01S1A,1280,single_die,47574.0,1645.0,0.0,1.0,False,,,,,45812.0,822.5,49336.0,2467.5,3524.0,1645.0,47574.0,1645.0
HPLMP01S1A,1281,single_die,51098.0,1645.0,0.0,1.0,False,,,,,49336.0,822.5,52860.0,2467.5,3524.0,1645.0,51098.0,1645.0
HPLMP01S1A,1282,single_die,54622.0,1645.0,0.0,1.0,False,,,,,52860.0,822.5,56384.0,2467.5,3524.0,1645.0,54622.0,1645.0
HPLMP01S1A,1283,single_die,58146.0,1645.0,0.0,1.0,False,,,,,56384.0,822.5,59908.0,2467.5,3524.0,1645.0,58146.0,1645.0
HPLMP01S1A,1284,single_die,61670.0,1645.0,0.0,1.0,False,,,,,59908.0,822.5,63432.0,2467.5,3524.0,1645.0,61670.0,1645.0
HPLMP01S1A,1285,single_die,65194.0,1645.0,0.0,1.0,False,,,,,63432.0,822.5,66956.0,2467.5,3524.0,1645.0,65194.0,1645.0
HPLMP01S1A,1286,single_die,-65194.0,3290.0,0.0,1.0,False,,,,,-66956.0,2467.5,-63432.0,4112.5,3524.0,1645.0,-65194.0,3290.0
HPLMP01S1A,1287,single_die,-61670.0,3290.0,0.0,1.0,False,,,,,-63432.0,2467.5,-59908.0,4112.5,3524.0,1645.0,-61670.0,3290.0
HPLMP01S1A,1288,single_die,-58146.0,3290.0,0.0,1.0,False,,,,,-59908.0,2467.5,-56384.0,4112.5,3524.0,1645.0,-58146.0,3290.0
HPLMP01S1A,1289,single_die,-54622.0,3290.0,0.0,1.0,False,,,,,-56384.0,2467.5,-52860.0,4112.5,3524.0,1645.0,-54622.0,3290.0
HPLMP01S1A,1290,single_die,-51098.0,3290.0,0.0,1.0,False,,,,,-52860.0,2467.5,-49336.0,4112.5,3524.0,1645.0,-51098.0,3290.0
HPLMP01S1A,1291,single_die,-47574.0,3290.0,0.0,1.0,False,,,,,-49336.0,2467.5,-45812.0,4112.5,3524.0,1645.0,-47574.0,3290.0
HPLMP01S1A,1292,single_die,-40526.0,3290.0,0.0,1.0,False,,,,,-42288.0,2467.5,-38764.0,4112.5,3524.0,1645.0,-40526.0,3290.0
HPLMP01S1A,1293,single_die,-37002.0,3290.0,0.0,1.0,False,,,,,-38764.0,2467.5,-35240.0,4112.5,3524.0,1645.0,-37002.0,3290.0
HPLMP01S1A,1294,single_die,-33478.0,3290.0,0.0,1.0,False,,,,,-35240.0,2467.5,-31716.0,4112.5,3524.0,1645.0,-33478.0,3290.0
HPLMP01S1A,1295,single_die,-29954.0,3290.0,0.0,1.0,False,,,,,-31716.0,2467.5,-28192.0,4112.5,3524.0,1645.0,-29954.0,3290.0
HPLMP01S1A,1296,single_die,-26430.0,3290.0,0.0,1.0,False,,,,,-28192.0,2467.5,-24668.0,4112.5,3524.0,1645.0,-26430.0,3290.0
HPLMP01S1A,1297,single_die,-22906.0,3290.0,0.0,1.0,False,,,,,-24668.0,2467.5,-21144.0,4112.5,3524.0,1645.0,-22906.0,3290.0
HPLMP01S1A,1298,single_die,-19382.0,3290.0,0.0,1.0,False,,,,,-21144.0,2467.5,-17620.0,4112.5,3524.0,1645.0,-19382.0,3290.0
HPLMP01S1A,1299,single_die,-15858.0,3290.0,0.0,1.0,False,,,,,-17620.0,2467.5,-14096.0,4112.5,3524.0,1645.0,-15858.0,3290.0
HPLMP01S1A,1300,single_die,-12334.0,3290.0,0.0,1.0,False,,,,,-14096.0,2467.5,-10572.0,4112.5,3524.0,1645.0,-12334.0,3290.0
HPLMP01S1A,1301,single_die,-5286.0,3290.0,0.0,1.0,False,,,,,-7048.0,2467.5,-3524.0,4112.5,3524.0,1645.0,-5286.0,3290.0
HPLMP01S1A,1302,single_die,-1762.0,3290.0,0.0,1.0,False,,,,,-3524.0,2467.5,0.0,4112.5,3524.0,1645.0,-1762.0,3290.0
HPLMP01S1A,1303,single_die,1762.0,3290.0,0.0,1.0,False,,,,,0.0,2467.5,3524.0,4112.5,3524.0,1645.0,1762.0,3290.0
HPLMP01S1A,1304,single_die,5286.0,3290.0,0.0,1.0,False,,,,,3524.0,2467.5,7048.0,4112.5,3524.0,1645.0,5286.0,3290.0
HPLMP01S1A,1305,single_die,8810.0,3290.0,0.0,1.0,False,,,,,7048.0,2467.5,10572.0,4112.5,3524.0,1645.0,8810.0,3290.0
HPLMP01S1A,1306,single_die,12334.0,3290.0,0.0,1.0,False,,,,,10572.0,2467.5,14096.0,4112.5,3524.0,1645.0,12334.0,3290.0
HPLMP01S1A,1307,single_die,15858.0,3290.0,0.0,1.0,False,,,,,14096.0,2467.5,17620.0,4112.5,3524.0,1645.0,15858.0,3290.0
HPLMP01S1A,1308,single_die,19382.0,3290.0,0.0,1.0,False,,,,,17620.0,2467.5,21144.0,4112.5,3524.0,1645.0,19382.0,3290.0
HPLMP01S1A,1309,single_die,22906.0,3290.0,0.0,1.0,False,,,,,21144.0,2467.5,24668.0,4112.5,3524.0,1645.0,22906.0,3290.0
HPLMP01S1A,1310,single_die,29954.0,3290.0,0.0,1.0,False,,,,,28192.0,2467.5,31716.0,4112.5,3524.0,1645.0,29954.0,3290.0
HPLMP01S1A,1311,single_die,33478.0,3290.0,0.0,1.0,False,,,,,31716.0,2467.5,35240.0,4112.5,3524.0,1645.0,33478.0,3290.0
HPLMP01S1A,1312,single_die,37002.0,3290.0,0.0,1.0,False,,,,,35240.0,2467.5,38764.0,4112.5,3524.0,1645.0,37002.0,3290.0
HPLMP01S1A,1313,single_die,40526.0,3290.0,0.0,1.0,False,,,,,38764.0,2467.5,42288.0,4112.5,3524.0,1645.0,40526.0,3290.0
HPLMP01S1A,1314,single_die,44050.0,3290.0,0.0,1.0,False,,,,,42288.0,2467.5,45812.0,4112.5,3524.0,1645.0,44050.0,3290.0
HPLMP01S1A,1315,single_die,47574.0,3290.0,0.0,1.0,False,,,,,45812.0,2467.5,49336.0,4112.5,3524.0,1645.0,47574.0,3290.0
HPLMP01S1A,1316,single_die,51098.0,3290.0,0.0,1.0,False,,,,,49336.0,2467.5,52860.0,4112.5,3524.0,1645.0,51098.0,3290.0
HPLMP01S1A,1317,single_die,54622.0,3290.0,0.0,1.0,False,,,,,52860.0,2467.5,56384.0,4112.5,3524.0,1645.0,54622.0,3290.0
HPLMP01S1A,1318,single_die,58146.0,3290.0,0.0,1.0,False,,,,,56384.0,2467.5,59908.0,4112.5,3524.0,1645.0,58146.0,3290.0
HPLMP01S1A,1319,single_die,65194.0,3290.0,0.0,1.0,False,,,,,63432.0,2467.5,66956.0,4112.5,3524.0,1645.0,65194.0,3290.0
HPLMP01S1A,1320,single_die,-65194.0,4935.0,0.0,1.0,False,,,,,-66956.0,4112.5,-63432.0,5757.5,3524.0,1645.0,-65194.0,4935.0
HPLMP01S1A,1321,single_die,-61670.0,4935.0,0.0,1.0,False,,,,,-63432.0,4112.5,-59908.0,5757.5,3524.0,1645.0,-61670.0,4935.0
HPLMP01S1A,1322,single_die,-58146.0,4935.0,0.0,1.0,False,,,,,-59908.0,4112.5,-56384.0,5757.5,3524.0,1645.0,-58146.0,4935.0
HPLMP01S1A,1323,single_die,-54622.0,4935.0,0.0,1.0,False,,,,,-56384.0,4112.5,-52860.0,5757.5,3524.0,1645.0,-54622.0,4935.0
HPLMP01S1A,1324,single_die,-51098.0,4935.0,0.0,1.0,False,,,,,-52860.0,4112.5,-49336.0,5757.5,3524.0,1645.0,-51098.0,4935.0
HPLMP01S1A,1325,single_die,-47574.0,4935.0,0.0,1.0,False,,,,,-49336.0,4112.5,-45812.0,5757.5,3524.0,1645.0,-47574.0,4935.0
HPLMP01S1A,1326,single_die,-44050.0,4935.0,0.0,1.0,False,,,,,-45812.0,4112.5,-42288.0,5757.5,3524.0,1645.0,-44050.0,4935.0
HPLMP01S1A,1327,single_die,-40526.0,4935.0,0.0,1.0,False,,,,,-42288.0,4112.5,-38764.0,5757.5,3524.0,1645.0,-40526.0,4935.0
HPLMP01S1A,1328,single_die,-37002.0,4935.0,0.0,1.0,False,,,,,-38764.0,4112.5,-35240.0,5757.5,3524.0,1645.0,-37002.0,4935.0
HPLMP01S1A,1329,single_die,-33478.0,4935.0,0.0,1.0,False,,,,,-35240.0,4112.5,-31716.0,5757.5,3524.0,1645.0,-33478.0,4935.0
HPLMP01S1A,1330,single_die,-29954.0,4935.0,0.0,1.0,False,,,,,-31716.0,4112.5,-28192.0,5757.5,3524.0,1645.0,-29954.0,4935.0
HPLMP01S1A,1331,single_die,-26430.0,4935.0,0.0,1.0,False,,,,,-28192.0,4112.5,-24668.0,5757.5,3524.0,1645.0,-26430.0,4935.0
HPLMP01S1A,1332,single_die,-22906.0,4935.0,0.0,1.0,False,,,,,-24668.0,4112.5,-21144.0,5757.5,3524.0,1645.0,-22906.0,4935.0
HPLMP01S1A,1333,single_die,-19382.0,4935.0,0.0,1.0,False,,,,,-21144.0,4112.5,-17620.0,5757.5,3524.0,1645.0,-19382.0,4935.0
HPLMP01S1A,1334,single_die,-15858.0,4935.0,0.0,1.0,False,,,,,-17620.0,4112.5,-14096.0,5757.5,3524.0,1645.0,-15858.0,4935.0
HPLMP01S1A,1335,single_die,-12334.0,4935.0,0.0,1.0,False,,,,,-14096.0,4112.5,-10572.0,5757.5,3524.0,1645.0,-12334.0,4935.0
HPLMP01S1A,1336,single_die,-5286.0,4935.0,0.0,1.0,False,,,,,-7048.0,4112.5,-3524.0,5757.5,3524.0,1645.0,-5286.0,4935.0
HPLMP01S1A,1337,single_die,-1762.0,4935.0,0.0,1.0,False,,,,,-3524.0,4112.5,0.0,5757.5,3524.0,1645.0,-1762.0,4935.0
HPLMP01S1A,1338,single_die,1762.0,4935.0,0.0,1.0,False,,,,,0.0,4112.5,3524.0,5757.5,3524.0,1645.0,1762.0,4935.0
HPLMP01S1A,1339,single_die,5286.0,4935.0,0.0,1.0,False,,,,,3524.0,4112.5,7048.0,5757.5,3524.0,1645.0,5286.0,4935.0
HPLMP01S1A,1340,single_die,8810.0,4935.0,0.0,1.0,False,,,,,7048.0,4112.5,10572.0,5757.5,3524.0,1645.0,8810.0,4935.0
HPLMP01S1A,1341,single_die,12334.0,4935.0,0.0,1.0,False,,,,,10572.0,4112.5,14096.0,5757.5,3524.0,1645.0,12334.0,4935.0
HPLMP01S1A,1342,single_die,15858.0,4935.0,0.0,1.0,False,,,,,14096.0,4112.5,17620.0,5757.5,3524.0,1645.0,15858.0,4935.0
HPLMP01S1A,1343,single_die,19382.0,4935.0,0.0,1.0,False,,,,,17620.0,4112.5,21144.0,5757.5,3524.0,1645.0,19382.0,4935.0
HPLMP01S1A,1344,single_die,22906.0,4935.0,0.0,1.0,False,,,,,21144.0,4112.5,24668.0,5757.5,3524.0,1645.0,22906.0,4935.0
HPLMP01S1A,1345,single_die,26430.0,4935.0,0.0,1.0,False,,,,,24668.0,4112.5,28192.0,5757.5,3524.0,1645.0,26430.0,4935.0
HPLMP01S1A,1346,single_die,29954.0,4935.0,0.0,1.0,False,,,,,28192.0,4112.5,31716.0,5757.5,3524.0,1645.0,29954.0,4935.0
HPLMP01S1A,1347,single_die,33478.0,4935.0,0.0,1.0,False,,,,,31716.0,4112.5,35240.0,5757.5,3524.0,1645.0,33478.0,4935.0
HPLMP01S1A,1348,single_die,37002.0,4935.0,0.0,1.0,False,,,,,35240.0,4112.5,38764.0,5757.5,3524.0,1645.0,37002.0,4935.0
HPLMP01S1A,1349,single_die,40526.0,4935.0,0.0,1.0,False,,,,,38764.0,4112.5,42288.0,5757.5,3524.0,1645.0,40526.0,4935.0
HPLMP01S1A,1350,single_die,44050.0,4935.0,0.0,1.0,False,,,,,42288.0,4112.5,45812.0,5757.5,3524.0,1645.0,44050.0,4935.0
HPLMP01S1A,1351,single_die,47574.0,4935.0,0.0,1.0,False,,,,,45812.0,4112.5,49336.0,5757.5,3524.0,1645.0,47574.0,4935.0
HPLMP01S1A,1352,single_die,51098.0,4935.0,0.0,1.0,False,,,,,49336.0,4112.5,52860.0,5757.5,3524.0,1645.0,51098.0,4935.0
HPLMP01S1A,1353,single_die,54622.0,4935.0,0.0,1.0,False,,,,,52860.0,4112.5,56384.0,5757.5,3524.0,1645.0,54622.0,4935.0
HPLMP01S1A,1354,single_die,58146.0,4935.0,0.0,1.0,False,,,,,56384.0,4112.5,59908.0,5757.5,3524.0,1645.0,58146.0,4935.0
HPLMP01S1A,1355,single_die,65194.0,4935.0,0.0,1.0,False,,,,,63432.0,4112.5,66956.0,5757.5,3524.0,1645.0,65194.0,4935.0
HPLMP01S1A,1356,single_die,-65194.0,6580.0,0.0,1.0,False,,,,,-66956.0,5757.5,-63432.0,7402.5,3524.0,1645.0,-65194.0,6580.0
HPLMP01S1A,1357,single_die,-61670.0,6580.0,0.0,1.0,False,,,,,-63432.0,5757.5,-59908.0,7402.5,3524.0,1645.0,-61670.0,6580.0
HPLMP01S1A,1358,single_die,-58146.0,6580.0,0.0,1.0,False,,,,,-59908.0,5757.5,-56384.0,7402.5,3524.0,1645.0,-58146.0,6580.0
HPLMP01S1A,1359,single_die,-54622.0,6580.0,0.0,1.0,False,,,,,-56384.0,5757.5,-52860.0,7402.5,3524.0,1645.0,-54622.0,6580.0
HPLMP01S1A,1360,single_die,-51098.0,6580.0,0.0,1.0,False,,,,,-52860.0,5757.5,-49336.0,7402.5,3524.0,1645.0,-51098.0,6580.0
HPLMP01S1A,1361,single_die,-47574.0,6580.0,0.0,1.0,False,,,,,-49336.0,5757.5,-45812.0,7402.5,3524.0,1645.0,-47574.0,6580.0
HPLMP01S1A,1362,single_die,-44050.0,6580.0,0.0,1.0,False,,,,,-45812.0,5757.5,-42288.0,7402.5,3524.0,1645.0,-44050.0,6580.0
HPLMP01S1A,1363,single_die,-40526.0,6580.0,0.0,1.0,False,,,,,-42288.0,5757.5,-38764.0,7402.5,3524.0,1645.0,-40526.0,6580.0
HPLMP01S1A,1364,single_die,-37002.0,6580.0,0.0,1.0,False,,,,,-38764.0,5757.5,-35240.0,7402.5,3524.0,1645.0,-37002.0,6580.0
HPLMP01S1A,1365,single_die,-33478.0,6580.0,0.0,1.0,False,,,,,-35240.0,5757.5,-31716.0,7402.5,3524.0,1645.0,-33478.0,6580.0
HPLMP01S1A,1366,single_die,-29954.0,6580.0,0.0,1.0,False,,,,,-31716.0,5757.5,-28192.0,7402.5,3524.0,1645.0,-29954.0,6580.0
HPLMP01S1A,1367,single_die,-26430.0,6580.0,0.0,1.0,False,,,,,-28192.0,5757.5,-24668.0,7402.5,3524.0,1645.0,-26430.0,6580.0
HPLMP01S1A,1368,single_die,-22906.0,6580.0,0.0,1.0,False,,,,,-24668.0,5757.5,-21144.0,7402.5,3524.0,1645.0,-22906.0,6580.0
HPLMP01S1A,1369,single_die,-19382.0,6580.0,0.0,1.0,False,,,,,-21144.0,5757.5,-17620.0,7402.5,3524.0,1645.0,-19382.0,6580.0
HPLMP01S1A,1370,single_die,-15858.0,6580.0,0.0,1.0,False,,,,,-17620.0,5757.5,-14096.0,7402.5,3524.0,1645.0,-15858.0,6580.0
HPLMP01S1A,1371,single_die,-12334.0,6580.0,0.0,1.0,False,,,,,-14096.0,5757.5,-10572.0,7402.5,3524.0,1645.0,-12334.0,6580.0
HPLMP01S1A,1372,single_die,-8810.0,6580.0,0.0,1.0,False,,,,,-10572.0,5757.5,-7048.0,7402.5,3524.0,1645.0,-8810.0,6580.0
HPLMP01S1A,1373,single_die,-5286.0,6580.0,0.0,1.0,False,,,,,-7048.0,5757.5,-3524.0,7402.5,3524.0,1645.0,-5286.0,6580.0
HPLMP01S1A,1374,single_die,-1762.0,6580.0,0.0,1.0,False,,,,,-3524.0,5757.5,0.0,7402.5,3524.0,1645.0,-1762.0,6580.0
HPLMP01S1A,1375,single_die,1762.0,6580.0,0.0,1.0,False,,,,,0.0,5757.5,3524.0,7402.5,3524.0,1645.0,1762.0,6580.0
HPLMP01S1A,1376,single_die,5286.0,6580.0,0.0,1.0,False,,,,,3524.0,5757.5,7048.0,7402.5,3524.0,1645.0,5286.0,6580.0
HPLMP01S1A,1377,single_die,8810.0,6580.0,0.0,1.0,False,,,,,7048.0,5757.5,10572.0,7402.5,3524.0,1645.0,8810.0,6580.0
HPLMP01S1A,1378,single_die,12334.0,6580.0,0.0,1.0,False,,,,,10572.0,5757.5,14096.0,7402.5,3524.0,1645.0,12334.0,6580.0
HPLMP01S1A,1379,single_die,15858.0,6580.0,0.0,1.0,False,,,,,14096.0,5757.5,17620.0,7402.5,3524.0,1645.0,15858.0,6580.0
HPLMP01S1A,1380,single_die,19382.0,6580.0,0.0,1.0,False,,,,,17620.0,5757.5,21144.0,7402.5,3524.0,1645.0,19382.0,6580.0
HPLMP01S1A,1381,single_die,22906.0,6580.0,0.0,1.0,False,,,,,21144.0,5757.5,24668.0,7402.5,3524.0,1645.0,22906.0,6580.0
HPLMP01S1A,1382,single_die,26430.0,6580.0,0.0,1.0,False,,,,,24668.0,5757.5,28192.0,7402.5,3524.0,1645.0,26430.0,6580.0
HPLMP01S1A,1383,single_die,29954.0,6580.0,0.0,1.0,False,,,,,28192.0,5757.5,31716.0,7402.5,3524.0,1645.0,29954.0,6580.0
HPLMP01S1A,1384,single_die,33478.0,6580.0,0.0,1.0,False,,,,,31716.0,5757.5,35240.0,7402.5,3524.0,1645.0,33478.0,6580.0
HPLMP01S1A,1385,single_die,37002.0,6580.0,0.0,1.0,False,,,,,35240.0,5757.5,38764.0,7402.5,3524.0,1645.0,37002.0,6580.0
HPLMP01S1A,1386,single_die,40526.0,6580.0,0.0,1.0,False,,,,,38764.0,5757.5,42288.0,7402.5,3524.0,1645.0,40526.0,6580.0
HPLMP01S1A,1387,single_die,44050.0,6580.0,0.0,1.0,False,,,,,42288.0,5757.5,45812.0,7402.5,3524.0,1645.0,44050.0,6580.0
HPLMP01S1A,1388,single_die,47574.0,6580.0,0.0,1.0,False,,,,,45812.0,5757.5,49336.0,7402.5,3524.0,1645.0,47574.0,6580.0
HPLMP01S1A,1389,single_die,51098.0,6580.0,0.0,1.0,False,,,,,49336.0,5757.5,52860.0,7402.5,3524.0,1645.0,51098.0,6580.0
HPLMP01S1A,1390,single_die,54622.0,6580.0,0.0,1.0,False,,,,,52860.0,5757.5,56384.0,7402.5,3524.0,1645.0,54622.0,6580.0
HPLMP01S1A,1391,single_die,58146.0,6580.0,0.0,1.0,False,,,,,56384.0,5757.5,59908.0,7402.5,3524.0,1645.0,58146.0,6580.0
HPLMP01S1A,1392,single_die,61670.0,6580.0,0.0,1.0,False,,,,,59908.0,5757.5,63432.0,7402.5,3524.0,1645.0,61670.0,6580.0
HPLMP01S1A,1393,single_die,65194.0,6580.0,0.0,1.0,False,,,,,63432.0,5757.5,66956.0,7402.5,3524.0,1645.0,65194.0,6580.0
HPLMP01S1A,1394,single_die,-65194.0,8225.0,0.0,1.0,False,,,,,-66956.0,7402.5,-63432.0,9047.5,3524.0,1645.0,-65194.0,8225.0
HPLMP01S1A,1395,single_die,-61670.0,8225.0,0.0,1.0,False,,,,,-63432.0,7402.5,-59908.0,9047.5,3524.0,1645.0,-61670.0,8225.0
HPLMP01S1A,1396,single_die,-58146.0,8225.0,0.0,1.0,False,,,,,-59908.0,7402.5,-56384.0,9047.5,3524.0,1645.0,-58146.0,8225.0
HPLMP01S1A,1397,single_die,-54622.0,8225.0,0.0,1.0,False,,,,,-56384.0,7402.5,-52860.0,9047.5,3524.0,1645.0,-54622.0,8225.0
HPLMP01S1A,1398,single_die,-51098.0,8225.0,0.0,1.0,False,,,,,-52860.0,7402.5,-49336.0,9047.5,3524.0,1645.0,-51098.0,8225.0
HPLMP01S1A,1399,single_die,-47574.0,8225.0,0.0,1.0,False,,,,,-49336.0,7402.5,-45812.0,9047.5,3524.0,1645.0,-47574.0,8225.0
HPLMP01S1A,1400,single_die,-44050.0,8225.0,0.0,1.0,False,,,,,-45812.0,7402.5,-42288.0,9047.5,3524.0,1645.0,-44050.0,8225.0
HPLMP01S1A,1401,single_die,-40526.0,8225.0,0.0,1.0,False,,,,,-42288.0,7402.5,-38764.0,9047.5,3524.0,1645.0,-40526.0,8225.0
HPLMP01S1A,1402,single_die,-37002.0,8225.0,0.0,1.0,False,,,,,-38764.0,7402.5,-35240.0,9047.5,3524.0,1645.0,-37002.0,8225.0
HPLMP01S1A,1403,single_die,-33478.0,8225.0,0.0,1.0,False,,,,,-35240.0,7402.5,-31716.0,9047.5,3524.0,1645.0,-33478.0,8225.0
HPLMP01S1A,1404,single_die,-29954.0,8225.0,0.0,1.0,False,,,,,-31716.0,7402.5,-28192.0,9047.5,3524.0,1645.0,-29954.0,8225.0
HPLMP01S1A,1405,single_die,-26430.0,8225.0,0.0,1.0,False,,,,,-28192.0,7402.5,-24668.0,9047.5,3524.0,1645.0,-26430.0,8225.0
HPLMP01S1A,1406,single_die,-22906.0,8225.0,0.0,1.0,False,,,,,-24668.0,7402.5,-21144.0,9047.5,3524.0,1645.0,-22906.0,8225.0
HPLMP01S1A,1407,single_die,-19382.0,8225.0,0.0,1.0,False,,,,,-21144.0,7402.5,-17620.0,9047.5,3524.0,1645.0,-19382.0,8225.0
HPLMP01S1A,1408,single_die,-15858.0,8225.0,0.0,1.0,False,,,,,-17620.0,7402.5,-14096.0,9047.5,3524.0,1645.0,-15858.0,8225.0
HPLMP01S1A,1409,single_die,-12334.0,8225.0,0.0,1.0,False,,,,,-14096.0,7402.5,-10572.0,9047.5,3524.0,1645.0,-12334.0,8225.0
HPLMP01S1A,1410,single_die,-8810.0,8225.0,0.0,1.0,False,,,,,-10572.0,7402.5,-7048.0,9047.5,3524.0,1645.0,-8810.0,8225.0
HPLMP01S1A,1411,single_die,-5286.0,8225.0,0.0,1.0,False,,,,,-7048.0,7402.5,-3524.0,9047.5,3524.0,1645.0,-5286.0,8225.0
HPLMP01S1A,1412,single_die,-1762.0,8225.0,0.0,1.0,False,,,,,-3524.0,7402.5,0.0,9047.5,3524.0,1645.0,-1762.0,8225.0
HPLMP01S1A,1413,single_die,1762.0,8225.0,0.0,1.0,False,,,,,0.0,7402.5,3524.0,9047.5,3524.0,1645.0,1762.0,8225.0
HPLMP01S1A,1414,single_die,5286.0,8225.0,0.0,1.0,False,,,,,3524.0,7402.5,7048.0,9047.5,3524.0,1645.0,5286.0,8225.0
HPLMP01S1A,1415,single_die,8810.0,8225.0,0.0,1.0,False,,,,,7048.0,7402.5,10572.0,9047.5,3524.0,1645.0,8810.0,8225.0
HPLMP01S1A,1416,single_die,12334.0,8225.0,0.0,1.0,False,,,,,10572.0,7402.5,14096.0,9047.5,3524.0,1645.0,12334.0,8225.0
HPLMP01S1A,1417,single_die,15858.0,8225.0,0.0,1.0,False,,,,,14096.0,7402.5,17620.0,9047.5,3524.0,1645.0,15858.0,8225.0
HPLMP01S1A,1418,single_die,19382.0,8225.0,0.0,1.0,False,,,,,17620.0,7402.5,21144.0,9047.5,3524.0,1645.0,19382.0,8225.0
HPLMP01S1A,1419,single_die,22906.0,8225.0,0.0,1.0,False,,,,,21144.0,7402.5,24668.0,9047.5,3524.0,1645.0,22906.0,8225.0
HPLMP01S1A,1420,single_die,26430.0,8225.0,0.0,1.0,False,,,,,24668.0,7402.5,28192.0,9047.5,3524.0,1645.0,26430.0,8225.0
HPLMP01S1A,1421,single_die,29954.0,8225.0,0.0,1.0,False,,,,,28192.0,7402.5,31716.0,9047.5,3524.0,1645.0,29954.0,8225.0
HPLMP01S1A,1422,single_die,33478.0,8225.0,0.0,1.0,False,,,,,31716.0,7402.5,35240.0,9047.5,3524.0,1645.0,33478.0,8225.0
HPLMP01S1A,1423,single_die,37002.0,8225.0,0.0,1.0,False,,,,,35240.0,7402.5,38764.0,9047.5,3524.0,1645.0,37002.0,8225.0
HPLMP01S1A,1424,single_die,40526.0,8225.0,0.0,1.0,False,,,,,38764.0,7402.5,42288.0,9047.5,3524.0,1645.0,40526.0,8225.0
HPLMP01S1A,1425,single_die,44050.0,8225.0,0.0,1.0,False,,,,,42288.0,7402.5,45812.0,9047.5,3524.0,1645.0,44050.0,8225.0
HPLMP01S1A,1426,single_die,47574.0,8225.0,0.0,1.0,False,,,,,45812.0,7402.5,49336.0,9047.5,3524.0,1645.0,47574.0,8225.0
HPLMP01S1A,1427,single_die,51098.0,8225.0,0.0,1.0,False,,,,,49336.0,7402.5,52860.0,9047.5,3524.0,1645.0,51098.0,8225.0
HPLMP01S1A,1428,single_die,54622.0,8225.0,0.0,1.0,False,,,,,52860.0,7402.5,56384.0,9047.5,3524.0,1645.0,54622.0,8225.0
HPLMP01S1A,1429,single_die,58146.0,8225.0,0.0,1.0,False,,,,,56384.0,7402.5,59908.0,9047.5,3524.0,1645.0,58146.0,8225.0
HPLMP01S1A,1430,single_die,61670.0,8225.0,0.0,1.0,False,,,,,59908.0,7402.5,63432.0,9047.5,3524.0,1645.0,61670.0,8225.0
HPLMP01S1A,1431,single_die,65194.0,8225.0,0.0,1.0,False,,,,,63432.0,7402.5,66956.0,9047.5,3524.0,1645.0,65194.0,8225.0
HPLMP01S1A,1432,single_die,-65194.0,9870.0,0.0,1.0,False,,,,,-66956.0,9047.5,-63432.0,10692.5,3524.0,1645.0,-65194.0,9870.0
HPLMP01S1A,1433,single_die,-61670.0,9870.0,0.0,1.0,False,,,,,-63432.0,9047.5,-59908.0,10692.5,3524.0,1645.0,-61670.0,9870.0
HPLMP01S1A,1434,single_die,-58146.0,9870.0,0.0,1.0,False,,,,,-59908.0,9047.5,-56384.0,10692.5,3524.0,1645.0,-58146.0,9870.0
HPLMP01S1A,1435,single_die,-54622.0,9870.0,0.0,1.0,False,,,,,-56384.0,9047.5,-52860.0,10692.5,3524.0,1645.0,-54622.0,9870.0
HPLMP01S1A,1436,single_die,-51098.0,9870.0,0.0,1.0,False,,,,,-52860.0,9047.5,-49336.0,10692.5,3524.0,1645.0,-51098.0,9870.0
HPLMP01S1A,1437,single_die,-47574.0,9870.0,0.0,1.0,False,,,,,-49336.0,9047.5,-45812.0,10692.5,3524.0,1645.0,-47574.0,9870.0
HPLMP01S1A,1438,single_die,-44050.0,9870.0,0.0,1.0,False,,,,,-45812.0,9047.5,-42288.0,10692.5,3524.0,1645.0,-44050.0,9870.0
HPLMP01S1A,1439,single_die,-40526.0,9870.0,0.0,1.0,False,,,,,-42288.0,9047.5,-38764.0,10692.5,3524.0,1645.0,-40526.0,9870.0
HPLMP01S1A,1440,single_die,-37002.0,9870.0,0.0,1.0,False,,,,,-38764.0,9047.5,-35240.0,10692.5,3524.0,1645.0,-37002.0,9870.0
HPLMP01S1A,1441,single_die,-33478.0,9870.0,0.0,1.0,False,,,,,-35240.0,9047.5,-31716.0,10692.5,3524.0,1645.0,-33478.0,9870.0
HPLMP01S1A,1442,single_die,-29954.0,9870.0,0.0,1.0,False,,,,,-31716.0,9047.5,-28192.0,10692.5,3524.0,1645.0,-29954.0,9870.0
HPLMP01S1A,1443,single_die,-26430.0,9870.0,0.0,1.0,False,,,,,-28192.0,9047.5,-24668.0,10692.5,3524.0,1645.0,-26430.0,9870.0
HPLMP01S1A,1444,single_die,-22906.0,9870.0,0.0,1.0,False,,,,,-24668.0,9047.5,-21144.0,10692.5,3524.0,1645.0,-22906.0,9870.0
HPLMP01S1A,1445,single_die,-19382.0,9870.0,0.0,1.0,False,,,,,-21144.0,9047.5,-17620.0,10692.5,3524.0,1645.0,-19382.0,9870.0
HPLMP01S1A,1446,single_die,-15858.0,9870.0,0.0,1.0,False,,,,,-17620.0,9047.5,-14096.0,10692.5,3524.0,1645.0,-15858.0,9870.0
HPLMP01S1A,1447,single_die,-12334.0,9870.0,0.0,1.0,False,,,,,-14096.0,9047.5,-10572.0,10692.5,3524.0,1645.0,-12334.0,9870.0
HPLMP01S1A,1448,single_die,-8810.0,9870.0,0.0,1.0,False,,,,,-10572.0,9047.5,-7048.0,10692.5,3524.0,1645.0,-8810.0,9870.0
HPLMP01S1A,1449,single_die,-5286.0,9870.0,0.0,1.0,False,,,,,-7048.0,9047.5,-3524.0,10692.5,3524.0,1645.0,-5286.0,9870.0
HPLMP01S1A,1450,single_die,-1762.0,9870.0,0.0,1.0,False,,,,,-3524.0,9047.5,0.0,10692.5,3524.0,1645.0,-1762.0,9870.0
HPLMP01S1A,1451,single_die,1762.0,9870.0,0.0,1.0,False,,,,,0.0,9047.5,3524.0,10692.5,3524.0,1645.0,1762.0,9870.0
HPLMP01S1A,1452,single_die,5286.0,9870.0,0.0,1.0,False,,,,,3524.0,9047.5,7048.0,10692.5,3524.0,1645.0,5286.0,9870.0
HPLMP01S1A,1453,single_die,8810.0,9870.0,0.0,1.0,False,,,,,7048.0,9047.5,10572.0,10692.5,3524.0,1645.0,8810.0,9870.0
HPLMP01S1A,1454,single_die,12334.0,9870.0,0.0,1.0,False,,,,,10572.0,9047.5,14096.0,10692.5,3524.0,1645.0,12334.0,9870.0
HPLMP01S1A,1455,single_die,15858.0,9870.0,0.0,1.0,False,,,,,14096.0,9047.5,17620.0,10692.5,3524.0,1645.0,15858.0,9870.0
HPLMP01S1A,1456,single_die,19382.0,9870.0,0.0,1.0,False,,,,,17620.0,9047.5,21144.0,10692.5,3524.0,1645.0,19382.0,9870.0
HPLMP01S1A,1457,single_die,22906.0,9870.0,0.0,1.0,False,,,,,21144.0,9047.5,24668.0,10692.5,3524.0,1645.0,22906.0,9870.0
HPLMP01S1A,1458,single_die,26430.0,9870.0,0.0,1.0,False,,,,,24668.0,9047.5,28192.0,10692.5,3524.0,1645.0,26430.0,9870.0
HPLMP01S1A,1459,single_die,29954.0,9870.0,0.0,1.0,False,,,,,28192.0,9047.5,31716.0,10692.5,3524.0,1645.0,29954.0,9870.0
HPLMP01S1A,1460,single_die,33478.0,9870.0,0.0,1.0,False,,,,,31716.0,9047.5,35240.0,10692.5,3524.0,1645.0,33478.0,9870.0
HPLMP01S1A,1461,single_die,37002.0,9870.0,0.0,1.0,False,,,,,35240.0,9047.5,38764.0,10692.5,3524.0,1645.0,37002.0,9870.0
HPLMP01S1A,1462,single_die,40526.0,9870.0,0.0,1.0,False,,,,,38764.0,9047.5,42288.0,10692.5,3524.0,1645.0,40526.0,9870.0
HPLMP01S1A,1463,single_die,44050.0,9870.0,0.0,1.0,False,,,,,42288.0,9047.5,45812.0,10692.5,3524.0,1645.0,44050.0,9870.0
HPLMP01S1A,1464,single_die,47574.0,9870.0,0.0,1.0,False,,,,,45812.0,9047.5,49336.0,10692.5,3524.0,1645.0,47574.0,9870.0
HPLMP01S1A,1465,single_die,51098.0,9870.0,0.0,1.0,False,,,,,49336.0,9047.5,52860.0,10692.5,3524.0,1645.0,51098.0,9870.0
HPLMP01S1A,1466,single_die,54622.0,9870.0,0.0,1.0,False,,,,,52860.0,9047.5,56384.0,10692.5,3524.0,1645.0,54622.0,9870.0
HPLMP01S1A,1467,single_die,58146.0,9870.0,0.0,1.0,False,,,,,56384.0,9047.5,59908.0,10692.5,3524.0,1645.0,58146.0,9870.0
HPLMP01S1A,1468,single_die,61670.0,9870.0,0.0,1.0,False,,,,,59908.0,9047.5,63432.0,10692.5,3524.0,1645.0,61670.0,9870.0
HPLMP01S1A,1469,single_die,65194.0,9870.0,0.0,1.0,False,,,,,63432.0,9047.5,66956.0,10692.5,3524.0,1645.0,65194.0,9870.0
HPLMP01S1A,1470,single_die,-65194.0,11515.0,0.0,1.0,False,,,,,-66956.0,10692.5,-63432.0,12337.5,3524.0,1645.0,-65194.0,11515.0
HPLMP01S1A,1471,single_die,-61670.0,11515.0,0.0,1.0,False,,,,,-63432.0,10692.5,-59908.0,12337.5,3524.0,1645.0,-61670.0,11515.0
HPLMP01S1A,1472,single_die,-58146.0,11515.0,0.0,1.0,False,,,,,-59908.0,10692.5,-56384.0,12337.5,3524.0,1645.0,-58146.0,11515.0
HPLMP01S1A,1473,single_die,-54622.0,11515.0,0.0,1.0,False,,,,,-56384.0,10692.5,-52860.0,12337.5,3524.0,1645.0,-54622.0,11515.0
HPLMP01S1A,1474,single_die,-51098.0,11515.0,0.0,1.0,False,,,,,-52860.0,10692.5,-49336.0,12337.5,3524.0,1645.0,-51098.0,11515.0
HPLMP01S1A,1475,single_die,-47574.0,11515.0,0.0,1.0,False,,,,,-49336.0,10692.5,-45812.0,12337.5,3524.0,1645.0,-47574.0,11515.0
HPLMP01S1A,1476,single_die,-44050.0,11515.0,0.0,1.0,False,,,,,-45812.0,10692.5,-42288.0,12337.5,3524.0,1645.0,-44050.0,11515.0
HPLMP01S1A,1477,single_die,-40526.0,11515.0,0.0,1.0,False,,,,,-42288.0,10692.5,-38764.0,12337.5,3524.0,1645.0,-40526.0,11515.0
HPLMP01S1A,1478,single_die,-37002.0,11515.0,0.0,1.0,False,,,,,-38764.0,10692.5,-35240.0,12337.5,3524.0,1645.0,-37002.0,11515.0
HPLMP01S1A,1479,single_die,-33478.0,11515.0,0.0,1.0,False,,,,,-35240.0,10692.5,-31716.0,12337.5,3524.0,1645.0,-33478.0,11515.0
HPLMP01S1A,1480,single_die,-29954.0,11515.0,0.0,1.0,False,,,,,-31716.0,10692.5,-28192.0,12337.5,3524.0,1645.0,-29954.0,11515.0
HPLMP01S1A,1481,single_die,-26430.0,11515.0,0.0,1.0,False,,,,,-28192.0,10692.5,-24668.0,12337.5,3524.0,1645.0,-26430.0,11515.0
HPLMP01S1A,1482,single_die,-22906.0,11515.0,0.0,1.0,False,,,,,-24668.0,10692.5,-21144.0,12337.5,3524.0,1645.0,-22906.0,11515.0
HPLMP01S1A,1483,single_die,-19382.0,11515.0,0.0,1.0,False,,,,,-21144.0,10692.5,-17620.0,12337.5,3524.0,1645.0,-19382.0,11515.0
HPLMP01S1A,1484,single_die,-15858.0,11515.0,0.0,1.0,False,,,,,-17620.0,10692.5,-14096.0,12337.5,3524.0,1645.0,-15858.0,11515.0
HPLMP01S1A,1485,single_die,-12334.0,11515.0,0.0,1.0,False,,,,,-14096.0,10692.5,-10572.0,12337.5,3524.0,1645.0,-12334.0,11515.0
HPLMP01S1A,1486,single_die,-8810.0,11515.0,0.0,1.0,False,,,,,-10572.0,10692.5,-7048.0,12337.5,3524.0,1645.0,-8810.0,11515.0
HPLMP01S1A,1487,single_die,-5286.0,11515.0,0.0,1.0,False,,,,,-7048.0,10692.5,-3524.0,12337.5,3524.0,1645.0,-5286.0,11515.0
HPLMP01S1A,1488,single_die,-1762.0,11515.0,0.0,1.0,False,,,,,-3524.0,10692.5,0.0,12337.5,3524.0,1645.0,-1762.0,11515.0
HPLMP01S1A,1489,single_die,1762.0,11515.0,0.0,1.0,False,,,,,0.0,10692.5,3524.0,12337.5,3524.0,1645.0,1762.0,11515.0
HPLMP01S1A,1490,single_die,5286.0,11515.0,0.0,1.0,False,,,,,3524.0,10692.5,7048.0,12337.5,3524.0,1645.0,5286.0,11515.0
HPLMP01S1A,1491,single_die,8810.0,11515.0,0.0,1.0,False,,,,,7048.0,10692.5,10572.0,12337.5,3524.0,1645.0,8810.0,11515.0
HPLMP01S1A,1492,single_die,12334.0,11515.0,0.0,1.0,False,,,,,10572.0,10692.5,14096.0,12337.5,3524.0,1645.0,12334.0,11515.0
HPLMP01S1A,1493,single_die,15858.0,11515.0,0.0,1.0,False,,,,,14096.0,10692.5,17620.0,12337.5,3524.0,1645.0,15858.0,11515.0
HPLMP01S1A,1494,single_die,19382.0,11515.0,0.0,1.0,False,,,,,17620.0,10692.5,21144.0,12337.5,3524.0,1645.0,19382.0,11515.0
HPLMP01S1A,1495,single_die,22906.0,11515.0,0.0,1.0,False,,,,,21144.0,10692.5,24668.0,12337.5,3524.0,1645.0,22906.0,11515.0
HPLMP01S1A,1496,single_die,26430.0,11515.0,0.0,1.0,False,,,,,24668.0,10692.5,28192.0,12337.5,3524.0,1645.0,26430.0,11515.0
HPLMP01S1A,1497,single_die,29954.0,11515.0,0.0,1.0,False,,,,,28192.0,10692.5,31716.0,12337.5,3524.0,1645.0,29954.0,11515.0
HPLMP01S1A,1498,single_die,33478.0,11515.0,0.0,1.0,False,,,,,31716.0,10692.5,35240.0,12337.5,3524.0,1645.0,33478.0,11515.0
HPLMP01S1A,1499,single_die,37002.0,11515.0,0.0,1.0,False,,,,,35240.0,10692.5,38764.0,12337.5,3524.0,1645.0,37002.0,11515.0
HPLMP01S1A,1500,single_die,40526.0,11515.0,0.0,1.0,False,,,,,38764.0,10692.5,42288.0,12337.5,3524.0,1645.0,40526.0,11515.0
HPLMP01S1A,1501,single_die,44050.0,11515.0,0.0,1.0,False,,,,,42288.0,10692.5,45812.0,12337.5,3524.0,1645.0,44050.0,11515.0
HPLMP01S1A,1502,single_die,47574.0,11515.0,0.0,1.0,False,,,,,45812.0,10692.5,49336.0,12337.5,3524.0,1645.0,47574.0,11515.0
HPLMP01S1A,1503,single_die,51098.0,11515.0,0.0,1.0,False,,,,,49336.0,10692.5,52860.0,12337.5,3524.0,1645.0,51098.0,11515.0
HPLMP01S1A,1504,single_die,54622.0,11515.0,0.0,1.0,False,,,,,52860.0,10692.5,56384.0,12337.5,3524.0,1645.0,54622.0,11515.0
HPLMP01S1A,1505,single_die,58146.0,11515.0,0.0,1.0,False,,,,,56384.0,10692.5,59908.0,12337.5,3524.0,1645.0,58146.0,11515.0
HPLMP01S1A,1506,single_die,61670.0,11515.0,0.0,1.0,False,,,,,59908.0,10692.5,63432.0,12337.5,3524.0,1645.0,61670.0,11515.0
HPLMP01S1A,1507,single_die,65194.0,11515.0,0.0,1.0,False,,,,,63432.0,10692.5,66956.0,12337.5,3524.0,1645.0,65194.0,11515.0
HPLMP01S1A,1508,single_die,-61670.0,13160.0,0.0,1.0,False,,,,,-63432.0,12337.5,-59908.0,13982.5,3524.0,1645.0,-61670.0,13160.0
HPLMP01S1A,1509,single_die,-58146.0,13160.0,0.0,1.0,False,,,,,-59908.0,12337.5,-56384.0,13982.5,3524.0,1645.0,-58146.0,13160.0
HPLMP01S1A,1510,single_die,-54622.0,13160.0,0.0,1.0,False,,,,,-56384.0,12337.5,-52860.0,13982.5,3524.0,1645.0,-54622.0,13160.0
HPLMP01S1A,1511,single_die,-51098.0,13160.0,0.0,1.0,False,,,,,-52860.0,12337.5,-49336.0,13982.5,3524.0,1645.0,-51098.0,13160.0
HPLMP01S1A,1512,single_die,-47574.0,13160.0,0.0,1.0,False,,,,,-49336.0,12337.5,-45812.0,13982.5,3524.0,1645.0,-47574.0,13160.0
HPLMP01S1A,1513,single_die,-44050.0,13160.0,0.0,1.0,False,,,,,-45812.0,12337.5,-42288.0,13982.5,3524.0,1645.0,-44050.0,13160.0
HPLMP01S1A,1514,single_die,-40526.0,13160.0,0.0,1.0,False,,,,,-42288.0,12337.5,-38764.0,13982.5,3524.0,1645.0,-40526.0,13160.0
HPLMP01S1A,1515,single_die,-37002.0,13160.0,0.0,1.0,False,,,,,-38764.0,12337.5,-35240.0,13982.5,3524.0,1645.0,-37002.0,13160.0
HPLMP01S1A,1516,single_die,-33478.0,13160.0,0.0,1.0,False,,,,,-35240.0,12337.5,-31716.0,13982.5,3524.0,1645.0,-33478.0,13160.0
HPLMP01S1A,1517,single_die,-29954.0,13160.0,0.0,1.0,False,,,,,-31716.0,12337.5,-28192.0,13982.5,3524.0,1645.0,-29954.0,13160.0
HPLMP01S1A,1518,single_die,-26430.0,13160.0,0.0,1.0,False,,,,,-28192.0,12337.5,-24668.0,13982.5,3524.0,1645.0,-26430.0,13160.0
HPLMP01S1A,1519,single_die,-22906.0,13160.0,0.0,1.0,False,,,,,-24668.0,12337.5,-21144.0,13982.5,3524.0,1645.0,-22906.0,13160.0
HPLMP01S1A,1520,single_die,-19382.0,13160.0,0.0,1.0,False,,,,,-21144.0,12337.5,-17620.0,13982.5,3524.0,1645.0,-19382.0,13160.0
HPLMP01S1A,1521,single_die,-15858.0,13160.0,0.0,1.0,False,,,,,-17620.0,12337.5,-14096.0,13982.5,3524.0,1645.0,-15858.0,13160.0
HPLMP01S1A,1522,single_die,-12334.0,13160.0,0.0,1.0,False,,,,,-14096.0,12337.5,-10572.0,13982.5,3524.0,1645.0,-12334.0,13160.0
HPLMP01S1A,1523,single_die,-8810.0,13160.0,0.0,1.0,False,,,,,-10572.0,12337.5,-7048.0,13982.5,3524.0,1645.0,-8810.0,13160.0
HPLMP01S1A,1524,single_die,-5286.0,13160.0,0.0,1.0,False,,,,,-7048.0,12337.5,-3524.0,13982.5,3524.0,1645.0,-5286.0,13160.0
HPLMP01S1A,1525,single_die,-1762.0,13160.0,0.0,1.0,False,,,,,-3524.0,12337.5,0.0,13982.5,3524.0,1645.0,-1762.0,13160.0
HPLMP01S1A,1526,single_die,1762.0,13160.0,0.0,1.0,False,,,,,0.0,12337.5,3524.0,13982.5,3524.0,1645.0,1762.0,13160.0
HPLMP01S1A,1527,single_die,5286.0,13160.0,0.0,1.0,False,,,,,3524.0,12337.5,7048.0,13982.5,3524.0,1645.0,5286.0,13160.0
HPLMP01S1A,1528,single_die,8810.0,13160.0,0.0,1.0,False,,,,,7048.0,12337.5,10572.0,13982.5,3524.0,1645.0,8810.0,13160.0
HPLMP01S1A,1529,single_die,12334.0,13160.0,0.0,1.0,False,,,,,10572.0,12337.5,14096.0,13982.5,3524.0,1645.0,12334.0,13160.0
HPLMP01S1A,1530,single_die,15858.0,13160.0,0.0,1.0,False,,,,,14096.0,12337.5,17620.0,13982.5,3524.0,1645.0,15858.0,13160.0
HPLMP01S1A,1531,single_die,19382.0,13160.0,0.0,1.0,False,,,,,17620.0,12337.5,21144.0,13982.5,3524.0,1645.0,19382.0,13160.0
HPLMP01S1A,1532,single_die,22906.0,13160.0,0.0,1.0,False,,,,,21144.0,12337.5,24668.0,13982.5,3524.0,1645.0,22906.0,13160.0
HPLMP01S1A,1533,single_die,26430.0,13160.0,0.0,1.0,False,,,,,24668.0,12337.5,28192.0,13982.5,3524.0,1645.0,26430.0,13160.0
HPLMP01S1A,1534,single_die,29954.0,13160.0,0.0,1.0,False,,,,,28192.0,12337.5,31716.0,13982.5,3524.0,1645.0,29954.0,13160.0
HPLMP01S1A,1535,single_die,33478.0,13160.0,0.0,1.0,False,,,,,31716.0,12337.5,35240.0,13982.5,3524.0,1645.0,33478.0,13160.0
HPLMP01S1A,1536,single_die,37002.0,13160.0,0.0,1.0,False,,,,,35240.0,12337.5,38764.0,13982.5,3524.0,1645.0,37002.0,13160.0
HPLMP01S1A,1537,single_die,40526.0,13160.0,0.0,1.0,False,,,,,38764.0,12337.5,42288.0,13982.5,3524.0,1645.0,40526.0,13160.0
HPLMP01S1A,1538,single_die,44050.0,13160.0,0.0,1.0,False,,,,,42288.0,12337.5,45812.0,13982.5,3524.0,1645.0,44050.0,13160.0
HPLMP01S1A,1539,single_die,47574.0,13160.0,0.0,1.0,False,,,,,45812.0,12337.5,49336.0,13982.5,3524.0,1645.0,47574.0,13160.0
HPLMP01S1A,1540,single_die,51098.0,13160.0,0.0,1.0,False,,,,,49336.0,12337.5,52860.0,13982.5,3524.0,1645.0,51098.0,13160.0
HPLMP01S1A,1541,single_die,54622.0,13160.0,0.0,1.0,False,,,,,52860.0,12337.5,56384.0,13982.5,3524.0,1645.0,54622.0,13160.0
HPLMP01S1A,1542,single_die,58146.0,13160.0,0.0,1.0,False,,,,,56384.0,12337.5,59908.0,13982.5,3524.0,1645.0,58146.0,13160.0
HPLMP01S1A,1543,single_die,61670.0,13160.0,0.0,1.0,False,,,,,59908.0,12337.5,63432.0,13982.5,3524.0,1645.0,61670.0,13160.0
HPLMP01S1A,1544,single_die,-61670.0,14805.0,0.0,1.0,False,,,,,-63432.0,13982.5,-59908.0,15627.5,3524.0,1645.0,-61670.0,14805.0
HPLMP01S1A,1545,single_die,-58146.0,14805.0,0.0,1.0,False,,,,,-59908.0,13982.5,-56384.0,15627.5,3524.0,1645.0,-58146.0,14805.0
HPLMP01S1A,1546,single_die,-54622.0,14805.0,0.0,1.0,False,,,,,-56384.0,13982.5,-52860.0,15627.5,3524.0,1645.0,-54622.0,14805.0
HPLMP01S1A,1547,single_die,-51098.0,14805.0,0.0,1.0,False,,,,,-52860.0,13982.5,-49336.0,15627.5,3524.0,1645.0,-51098.0,14805.0
HPLMP01S1A,1548,single_die,-47574.0,14805.0,0.0,1.0,False,,,,,-49336.0,13982.5,-45812.0,15627.5,3524.0,1645.0,-47574.0,14805.0
HPLMP01S1A,1549,single_die,-44050.0,14805.0,0.0,1.0,False,,,,,-45812.0,13982.5,-42288.0,15627.5,3524.0,1645.0,-44050.0,14805.0
HPLMP01S1A,1550,single_die,-40526.0,14805.0,0.0,1.0,False,,,,,-42288.0,13982.5,-38764.0,15627.5,3524.0,1645.0,-40526.0,14805.0
HPLMP01S1A,1551,single_die,-37002.0,14805.0,0.0,1.0,False,,,,,-38764.0,13982.5,-35240.0,15627.5,3524.0,1645.0,-37002.0,14805.0
HPLMP01S1A,1552,single_die,-33478.0,14805.0,0.0,1.0,False,,,,,-35240.0,13982.5,-31716.0,15627.5,3524.0,1645.0,-33478.0,14805.0
HPLMP01S1A,1553,single_die,-29954.0,14805.0,0.0,1.0,False,,,,,-31716.0,13982.5,-28192.0,15627.5,3524.0,1645.0,-29954.0,14805.0
HPLMP01S1A,1554,single_die,-26430.0,14805.0,0.0,1.0,False,,,,,-28192.0,13982.5,-24668.0,15627.5,3524.0,1645.0,-26430.0,14805.0
HPLMP01S1A,1555,single_die,-22906.0,14805.0,0.0,1.0,False,,,,,-24668.0,13982.5,-21144.0,15627.5,3524.0,1645.0,-22906.0,14805.0
HPLMP01S1A,1556,single_die,-19382.0,14805.0,0.0,1.0,False,,,,,-21144.0,13982.5,-17620.0,15627.5,3524.0,1645.0,-19382.0,14805.0
HPLMP01S1A,1557,single_die,-15858.0,14805.0,0.0,1.0,False,,,,,-17620.0,13982.5,-14096.0,15627.5,3524.0,1645.0,-15858.0,14805.0
HPLMP01S1A,1558,single_die,-12334.0,14805.0,0.0,1.0,False,,,,,-14096.0,13982.5,-10572.0,15627.5,3524.0,1645.0,-12334.0,14805.0
HPLMP01S1A,1559,single_die,-8810.0,14805.0,0.0,1.0,False,,,,,-10572.0,13982.5,-7048.0,15627.5,3524.0,1645.0,-8810.0,14805.0
HPLMP01S1A,1560,single_die,-5286.0,14805.0,0.0,1.0,False,,,,,-7048.0,13982.5,-3524.0,15627.5,3524.0,1645.0,-5286.0,14805.0
HPLMP01S1A,1561,single_die,-1762.0,14805.0,0.0,1.0,False,,,,,-3524.0,13982.5,0.0,15627.5,3524.0,1645.0,-1762.0,14805.0
HPLMP01S1A,1562,single_die,1762.0,14805.0,0.0,1.0,False,,,,,0.0,13982.5,3524.0,15627.5,3524.0,1645.0,1762.0,14805.0
HPLMP01S1A,1563,single_die,5286.0,14805.0,0.0,1.0,False,,,,,3524.0,13982.5,7048.0,15627.5,3524.0,1645.0,5286.0,14805.0
HPLMP01S1A,1564,single_die,8810.0,14805.0,0.0,1.0,False,,,,,7048.0,13982.5,10572.0,15627.5,3524.0,1645.0,8810.0,14805.0
HPLMP01S1A,1565,single_die,12334.0,14805.0,0.0,1.0,False,,,,,10572.0,13982.5,14096.0,15627.5,3524.0,1645.0,12334.0,14805.0
HPLMP01S1A,1566,single_die,15858.0,14805.0,0.0,1.0,False,,,,,14096.0,13982.5,17620.0,15627.5,3524.0,1645.0,15858.0,14805.0
HPLMP01S1A,1567,single_die,19382.0,14805.0,0.0,1.0,False,,,,,17620.0,13982.5,21144.0,15627.5,3524.0,1645.0,19382.0,14805.0
HPLMP01S1A,1568,single_die,22906.0,14805.0,0.0,1.0,False,,,,,21144.0,13982.5,24668.0,15627.5,3524.0,1645.0,22906.0,14805.0
HPLMP01S1A,1569,single_die,26430.0,14805.0,0.0,1.0,False,,,,,24668.0,13982.5,28192.0,15627.5,3524.0,1645.0,26430.0,14805.0
HPLMP01S1A,1570,single_die,29954.0,14805.0,0.0,1.0,False,,,,,28192.0,13982.5,31716.0,15627.5,3524.0,1645.0,29954.0,14805.0
HPLMP01S1A,1571,single_die,33478.0,14805.0,0.0,1.0,False,,,,,31716.0,13982.5,35240.0,15627.5,3524.0,1645.0,33478.0,14805.0
HPLMP01S1A,1572,single_die,37002.0,14805.0,0.0,1.0,False,,,,,35240.0,13982.5,38764.0,15627.5,3524.0,1645.0,37002.0,14805.0
HPLMP01S1A,1573,single_die,40526.0,14805.0,0.0,1.0,False,,,,,38764.0,13982.5,42288.0,15627.5,3524.0,1645.0,40526.0,14805.0
HPLMP01S1A,1574,single_die,44050.0,14805.0,0.0,1.0,False,,,,,42288.0,13982.5,45812.0,15627.5,3524.0,1645.0,44050.0,14805.0
HPLMP01S1A,1575,single_die,47574.0,14805.0,0.0,1.0,False,,,,,45812.0,13982.5,49336.0,15627.5,3524.0,1645.0,47574.0,14805.0
HPLMP01S1A,1576,single_die,51098.0,14805.0,0.0,1.0,False,,,,,49336.0,13982.5,52860.0,15627.5,3524.0,1645.0,51098.0,14805.0
HPLMP01S1A,1577,single_die,54622.0,14805.0,0.0,1.0,False,,,,,52860.0,13982.5,56384.0,15627.5,3524.0,1645.0,54622.0,14805.0
HPLMP01S1A,1578,single_die,58146.0,14805.0,0.0,1.0,False,,,,,56384.0,13982.5,59908.0,15627.5,3524.0,1645.0,58146.0,14805.0
HPLMP01S1A,1579,single_die,61670.0,14805.0,0.0,1.0,False,,,,,59908.0,13982.5,63432.0,15627.5,3524.0,1645.0,61670.0,14805.0
HPLMP01S1A,1580,single_die,-61670.0,16450.0,0.0,1.0,False,,,,,-63432.0,15627.5,-59908.0,17272.5,3524.0,1645.0,-61670.0,16450.0
HPLMP01S1A,1581,single_die,-58146.0,16450.0,0.0,1.0,False,,,,,-59908.0,15627.5,-56384.0,17272.5,3524.0,1645.0,-58146.0,16450.0
HPLMP01S1A,1582,single_die,-54622.0,16450.0,0.0,1.0,False,,,,,-56384.0,15627.5,-52860.0,17272.5,3524.0,1645.0,-54622.0,16450.0
HPLMP01S1A,1583,single_die,-51098.0,16450.0,0.0,1.0,False,,,,,-52860.0,15627.5,-49336.0,17272.5,3524.0,1645.0,-51098.0,16450.0
HPLMP01S1A,1584,single_die,-47574.0,16450.0,0.0,1.0,False,,,,,-49336.0,15627.5,-45812.0,17272.5,3524.0,1645.0,-47574.0,16450.0
HPLMP01S1A,1585,single_die,-44050.0,16450.0,0.0,1.0,False,,,,,-45812.0,15627.5,-42288.0,17272.5,3524.0,1645.0,-44050.0,16450.0
HPLMP01S1A,1586,single_die,-40526.0,16450.0,0.0,1.0,False,,,,,-42288.0,15627.5,-38764.0,17272.5,3524.0,1645.0,-40526.0,16450.0
HPLMP01S1A,1587,single_die,-37002.0,16450.0,0.0,1.0,False,,,,,-38764.0,15627.5,-35240.0,17272.5,3524.0,1645.0,-37002.0,16450.0
HPLMP01S1A,1588,single_die,-33478.0,16450.0,0.0,1.0,False,,,,,-35240.0,15627.5,-31716.0,17272.5,3524.0,1645.0,-33478.0,16450.0
HPLMP01S1A,1589,single_die,-29954.0,16450.0,0.0,1.0,False,,,,,-31716.0,15627.5,-28192.0,17272.5,3524.0,1645.0,-29954.0,16450.0
HPLMP01S1A,1590,single_die,-26430.0,16450.0,0.0,1.0,False,,,,,-28192.0,15627.5,-24668.0,17272.5,3524.0,1645.0,-26430.0,16450.0
HPLMP01S1A,1591,single_die,-22906.0,16450.0,0.0,1.0,False,,,,,-24668.0,15627.5,-21144.0,17272.5,3524.0,1645.0,-22906.0,16450.0
HPLMP01S1A,1592,single_die,-19382.0,16450.0,0.0,1.0,False,,,,,-21144.0,15627.5,-17620.0,17272.5,3524.0,1645.0,-19382.0,16450.0
HPLMP01S1A,1593,single_die,-15858.0,16450.0,0.0,1.0,False,,,,,-17620.0,15627.5,-14096.0,17272.5,3524.0,1645.0,-15858.0,16450.0
HPLMP01S1A,1594,single_die,-12334.0,16450.0,0.0,1.0,False,,,,,-14096.0,15627.5,-10572.0,17272.5,3524.0,1645.0,-12334.0,16450.0
HPLMP01S1A,1595,single_die,-8810.0,16450.0,0.0,1.0,False,,,,,-10572.0,15627.5,-7048.0,17272.5,3524.0,1645.0,-8810.0,16450.0
HPLMP01S1A,1596,single_die,-5286.0,16450.0,0.0,1.0,False,,,,,-7048.0,15627.5,-3524.0,17272.5,3524.0,1645.0,-5286.0,16450.0
HPLMP01S1A,1597,single_die,-1762.0,16450.0,0.0,1.0,False,,,,,-3524.0,15627.5,0.0,17272.5,3524.0,1645.0,-1762.0,16450.0
HPLMP01S1A,1598,single_die,1762.0,16450.0,0.0,1.0,False,,,,,0.0,15627.5,3524.0,17272.5,3524.0,1645.0,1762.0,16450.0
HPLMP01S1A,1599,single_die,5286.0,16450.0,0.0,1.0,False,,,,,3524.0,15627.5,7048.0,17272.5,3524.0,1645.0,5286.0,16450.0
HPLMP01S1A,1600,single_die,8810.0,16450.0,0.0,1.0,False,,,,,7048.0,15627.5,10572.0,17272.5,3524.0,1645.0,8810.0,16450.0
HPLMP01S1A,1601,single_die,12334.0,16450.0,0.0,1.0,False,,,,,10572.0,15627.5,14096.0,17272.5,3524.0,1645.0,12334.0,16450.0
HPLMP01S1A,1602,single_die,15858.0,16450.0,0.0,1.0,False,,,,,14096.0,15627.5,17620.0,17272.5,3524.0,1645.0,15858.0,16450.0
HPLMP01S1A,1603,single_die,19382.0,16450.0,0.0,1.0,False,,,,,17620.0,15627.5,21144.0,17272.5,3524.0,1645.0,19382.0,16450.0
HPLMP01S1A,1604,single_die,22906.0,16450.0,0.0,1.0,False,,,,,21144.0,15627.5,24668.0,17272.5,3524.0,1645.0,22906.0,16450.0
HPLMP01S1A,1605,single_die,26430.0,16450.0,0.0,1.0,False,,,,,24668.0,15627.5,28192.0,17272.5,3524.0,1645.0,26430.0,16450.0
HPLMP01S1A,1606,single_die,29954.0,16450.0,0.0,1.0,False,,,,,28192.0,15627.5,31716.0,17272.5,3524.0,1645.0,29954.0,16450.0
HPLMP01S1A,1607,single_die,33478.0,16450.0,0.0,1.0,False,,,,,31716.0,15627.5,35240.0,17272.5,3524.0,1645.0,33478.0,16450.0
HPLMP01S1A,1608,single_die,37002.0,16450.0,0.0,1.0,False,,,,,35240.0,15627.5,38764.0,17272.5,3524.0,1645.0,37002.0,16450.0
HPLMP01S1A,1609,single_die,40526.0,16450.0,0.0,1.0,False,,,,,38764.0,15627.5,42288.0,17272.5,3524.0,1645.0,40526.0,16450.0
HPLMP01S1A,1610,single_die,44050.0,16450.0,0.0,1.0,False,,,,,42288.0,15627.5,45812.0,17272.5,3524.0,1645.0,44050.0,16450.0
HPLMP01S1A,1611,single_die,47574.0,16450.0,0.0,1.0,False,,,,,45812.0,15627.5,49336.0,17272.5,3524.0,1645.0,47574.0,16450.0
HPLMP01S1A,1612,single_die,51098.0,16450.0,0.0,1.0,False,,,,,49336.0,15627.5,52860.0,17272.5,3524.0,1645.0,51098.0,16450.0
HPLMP01S1A,1613,single_die,54622.0,16450.0,0.0,1.0,False,,,,,52860.0,15627.5,56384.0,17272.5,3524.0,1645.0,54622.0,16450.0
HPLMP01S1A,1614,single_die,58146.0,16450.0,0.0,1.0,False,,,,,56384.0,15627.5,59908.0,17272.5,3524.0,1645.0,58146.0,16450.0
HPLMP01S1A,1615,single_die,61670.0,16450.0,0.0,1.0,False,,,,,59908.0,15627.5,63432.0,17272.5,3524.0,1645.0,61670.0,16450.0
HPLMP01S1A,1616,single_die,-61670.0,18095.0,0.0,1.0,False,,,,,-63432.0,17272.5,-59908.0,18917.5,3524.0,1645.0,-61670.0,18095.0
HPLMP01S1A,1617,single_die,-58146.0,18095.0,0.0,1.0,False,,,,,-59908.0,17272.5,-56384.0,18917.5,3524.0,1645.0,-58146.0,18095.0
HPLMP01S1A,1618,single_die,-54622.0,18095.0,0.0,1.0,False,,,,,-56384.0,17272.5,-52860.0,18917.5,3524.0,1645.0,-54622.0,18095.0
HPLMP01S1A,1619,single_die,-51098.0,18095.0,0.0,1.0,False,,,,,-52860.0,17272.5,-49336.0,18917.5,3524.0,1645.0,-51098.0,18095.0
HPLMP01S1A,1620,single_die,-47574.0,18095.0,0.0,1.0,False,,,,,-49336.0,17272.5,-45812.0,18917.5,3524.0,1645.0,-47574.0,18095.0
HPLMP01S1A,1621,single_die,-44050.0,18095.0,0.0,1.0,False,,,,,-45812.0,17272.5,-42288.0,18917.5,3524.0,1645.0,-44050.0,18095.0
HPLMP01S1A,1622,single_die,-40526.0,18095.0,0.0,1.0,False,,,,,-42288.0,17272.5,-38764.0,18917.5,3524.0,1645.0,-40526.0,18095.0
HPLMP01S1A,1623,single_die,-37002.0,18095.0,0.0,1.0,False,,,,,-38764.0,17272.5,-35240.0,18917.5,3524.0,1645.0,-37002.0,18095.0
HPLMP01S1A,1624,single_die,-33478.0,18095.0,0.0,1.0,False,,,,,-35240.0,17272.5,-31716.0,18917.5,3524.0,1645.0,-33478.0,18095.0
HPLMP01S1A,1625,single_die,-29954.0,18095.0,0.0,1.0,False,,,,,-31716.0,17272.5,-28192.0,18917.5,3524.0,1645.0,-29954.0,18095.0
HPLMP01S1A,1626,single_die,-26430.0,18095.0,0.0,1.0,False,,,,,-28192.0,17272.5,-24668.0,18917.5,3524.0,1645.0,-26430.0,18095.0
HPLMP01S1A,1627,single_die,-22906.0,18095.0,0.0,1.0,False,,,,,-24668.0,17272.5,-21144.0,18917.5,3524.0,1645.0,-22906.0,18095.0
HPLMP01S1A,1628,single_die,-19382.0,18095.0,0.0,1.0,False,,,,,-21144.0,17272.5,-17620.0,18917.5,3524.0,1645.0,-19382.0,18095.0
HPLMP01S1A,1629,single_die,-15858.0,18095.0,0.0,1.0,False,,,,,-17620.0,17272.5,-14096.0,18917.5,3524.0,1645.0,-15858.0,18095.0
HPLMP01S1A,1630,single_die,-12334.0,18095.0,0.0,1.0,False,,,,,-14096.0,17272.5,-10572.0,18917.5,3524.0,1645.0,-12334.0,18095.0
HPLMP01S1A,1631,single_die,-8810.0,18095.0,0.0,1.0,False,,,,,-10572.0,17272.5,-7048.0,18917.5,3524.0,1645.0,-8810.0,18095.0
HPLMP01S1A,1632,single_die,-5286.0,18095.0,0.0,1.0,False,,,,,-7048.0,17272.5,-3524.0,18917.5,3524.0,1645.0,-5286.0,18095.0
HPLMP01S1A,1633,single_die,-1762.0,18095.0,0.0,1.0,False,,,,,-3524.0,17272.5,0.0,18917.5,3524.0,1645.0,-1762.0,18095.0
HPLMP01S1A,1634,single_die,1762.0,18095.0,0.0,1.0,False,,,,,0.0,17272.5,3524.0,18917.5,3524.0,1645.0,1762.0,18095.0
HPLMP01S1A,1635,single_die,5286.0,18095.0,0.0,1.0,False,,,,,3524.0,17272.5,7048.0,18917.5,3524.0,1645.0,5286.0,18095.0
HPLMP01S1A,1636,single_die,8810.0,18095.0,0.0,1.0,False,,,,,7048.0,17272.5,10572.0,18917.5,3524.0,1645.0,8810.0,18095.0
HPLMP01S1A,1637,single_die,12334.0,18095.0,0.0,1.0,False,,,,,10572.0,17272.5,14096.0,18917.5,3524.0,1645.0,12334.0,18095.0
HPLMP01S1A,1638,single_die,15858.0,18095.0,0.0,1.0,False,,,,,14096.0,17272.5,17620.0,18917.5,3524.0,1645.0,15858.0,18095.0
HPLMP01S1A,1639,single_die,19382.0,18095.0,0.0,1.0,False,,,,,17620.0,17272.5,21144.0,18917.5,3524.0,1645.0,19382.0,18095.0
HPLMP01S1A,1640,single_die,22906.0,18095.0,0.0,1.0,False,,,,,21144.0,17272.5,24668.0,18917.5,3524.0,1645.0,22906.0,18095.0
HPLMP01S1A,1641,single_die,26430.0,18095.0,0.0,1.0,False,,,,,24668.0,17272.5,28192.0,18917.5,3524.0,1645.0,26430.0,18095.0
HPLMP01S1A,1642,single_die,29954.0,18095.0,0.0,1.0,False,,,,,28192.0,17272.5,31716.0,18917.5,3524.0,1645.0,29954.0,18095.0
HPLMP01S1A,1643,single_die,33478.0,18095.0,0.0,1.0,False,,,,,31716.0,17272.5,35240.0,18917.5,3524.0,1645.0,33478.0,18095.0
HPLMP01S1A,1644,single_die,37002.0,18095.0,0.0,1.0,False,,,,,35240.0,17272.5,38764.0,18917.5,3524.0,1645.0,37002.0,18095.0
HPLMP01S1A,1645,single_die,40526.0,18095.0,0.0,1.0,False,,,,,38764.0,17272.5,42288.0,18917.5,3524.0,1645.0,40526.0,18095.0
HPLMP01S1A,1646,single_die,44050.0,18095.0,0.0,1.0,False,,,,,42288.0,17272.5,45812.0,18917.5,3524.0,1645.0,44050.0,18095.0
HPLMP01S1A,1647,single_die,47574.0,18095.0,0.0,1.0,False,,,,,45812.0,17272.5,49336.0,18917.5,3524.0,1645.0,47574.0,18095.0
HPLMP01S1A,1648,single_die,51098.0,18095.0,0.0,1.0,False,,,,,49336.0,17272.5,52860.0,18917.5,3524.0,1645.0,51098.0,18095.0
HPLMP01S1A,1649,single_die,54622.0,18095.0,0.0,1.0,False,,,,,52860.0,17272.5,56384.0,18917.5,3524.0,1645.0,54622.0,18095.0
HPLMP01S1A,1650,single_die,58146.0,18095.0,0.0,1.0,False,,,,,56384.0,17272.5,59908.0,18917.5,3524.0,1645.0,58146.0,18095.0
HPLMP01S1A,1651,single_die,61670.0,18095.0,0.0,1.0,False,,,,,59908.0,17272.5,63432.0,18917.5,3524.0,1645.0,61670.0,18095.0
HPLMP01S1A,1652,single_die,-61670.0,19740.0,0.0,1.0,False,,,,,-63432.0,18917.5,-59908.0,20562.5,3524.0,1645.0,-61670.0,19740.0
HPLMP01S1A,1653,single_die,-58146.0,19740.0,0.0,1.0,False,,,,,-59908.0,18917.5,-56384.0,20562.5,3524.0,1645.0,-58146.0,19740.0
HPLMP01S1A,1654,single_die,-54622.0,19740.0,0.0,1.0,False,,,,,-56384.0,18917.5,-52860.0,20562.5,3524.0,1645.0,-54622.0,19740.0
HPLMP01S1A,1655,single_die,-51098.0,19740.0,0.0,1.0,False,,,,,-52860.0,18917.5,-49336.0,20562.5,3524.0,1645.0,-51098.0,19740.0
HPLMP01S1A,1656,single_die,-47574.0,19740.0,0.0,1.0,False,,,,,-49336.0,18917.5,-45812.0,20562.5,3524.0,1645.0,-47574.0,19740.0
HPLMP01S1A,1657,single_die,-44050.0,19740.0,0.0,1.0,False,,,,,-45812.0,18917.5,-42288.0,20562.5,3524.0,1645.0,-44050.0,19740.0
HPLMP01S1A,1658,single_die,-40526.0,19740.0,0.0,1.0,False,,,,,-42288.0,18917.5,-38764.0,20562.5,3524.0,1645.0,-40526.0,19740.0
HPLMP01S1A,1659,single_die,-37002.0,19740.0,0.0,1.0,False,,,,,-38764.0,18917.5,-35240.0,20562.5,3524.0,1645.0,-37002.0,19740.0
HPLMP01S1A,1660,single_die,-33478.0,19740.0,0.0,1.0,False,,,,,-35240.0,18917.5,-31716.0,20562.5,3524.0,1645.0,-33478.0,19740.0
HPLMP01S1A,1661,single_die,-29954.0,19740.0,0.0,1.0,False,,,,,-31716.0,18917.5,-28192.0,20562.5,3524.0,1645.0,-29954.0,19740.0
HPLMP01S1A,1662,single_die,-26430.0,19740.0,0.0,1.0,False,,,,,-28192.0,18917.5,-24668.0,20562.5,3524.0,1645.0,-26430.0,19740.0
HPLMP01S1A,1663,single_die,-22906.0,19740.0,0.0,1.0,False,,,,,-24668.0,18917.5,-21144.0,20562.5,3524.0,1645.0,-22906.0,19740.0
HPLMP01S1A,1664,single_die,-19382.0,19740.0,0.0,1.0,False,,,,,-21144.0,18917.5,-17620.0,20562.5,3524.0,1645.0,-19382.0,19740.0
HPLMP01S1A,1665,single_die,-15858.0,19740.0,0.0,1.0,False,,,,,-17620.0,18917.5,-14096.0,20562.5,3524.0,1645.0,-15858.0,19740.0
HPLMP01S1A,1666,single_die,-12334.0,19740.0,0.0,1.0,False,,,,,-14096.0,18917.5,-10572.0,20562.5,3524.0,1645.0,-12334.0,19740.0
HPLMP01S1A,1667,single_die,-8810.0,19740.0,0.0,1.0,False,,,,,-10572.0,18917.5,-7048.0,20562.5,3524.0,1645.0,-8810.0,19740.0
HPLMP01S1A,1668,single_die,-5286.0,19740.0,0.0,1.0,False,,,,,-7048.0,18917.5,-3524.0,20562.5,3524.0,1645.0,-5286.0,19740.0
HPLMP01S1A,1669,single_die,-1762.0,19740.0,0.0,1.0,False,,,,,-3524.0,18917.5,0.0,20562.5,3524.0,1645.0,-1762.0,19740.0
HPLMP01S1A,1670,single_die,1762.0,19740.0,0.0,1.0,False,,,,,0.0,18917.5,3524.0,20562.5,3524.0,1645.0,1762.0,19740.0
HPLMP01S1A,1671,single_die,5286.0,19740.0,0.0,1.0,False,,,,,3524.0,18917.5,7048.0,20562.5,3524.0,1645.0,5286.0,19740.0
HPLMP01S1A,1672,single_die,8810.0,19740.0,0.0,1.0,False,,,,,7048.0,18917.5,10572.0,20562.5,3524.0,1645.0,8810.0,19740.0
HPLMP01S1A,1673,single_die,12334.0,19740.0,0.0,1.0,False,,,,,10572.0,18917.5,14096.0,20562.5,3524.0,1645.0,12334.0,19740.0
HPLMP01S1A,1674,single_die,15858.0,19740.0,0.0,1.0,False,,,,,14096.0,18917.5,17620.0,20562.5,3524.0,1645.0,15858.0,19740.0
HPLMP01S1A,1675,single_die,19382.0,19740.0,0.0,1.0,False,,,,,17620.0,18917.5,21144.0,20562.5,3524.0,1645.0,19382.0,19740.0
HPLMP01S1A,1676,single_die,22906.0,19740.0,0.0,1.0,False,,,,,21144.0,18917.5,24668.0,20562.5,3524.0,1645.0,22906.0,19740.0
HPLMP01S1A,1677,single_die,26430.0,19740.0,0.0,1.0,False,,,,,24668.0,18917.5,28192.0,20562.5,3524.0,1645.0,26430.0,19740.0
HPLMP01S1A,1678,single_die,29954.0,19740.0,0.0,1.0,False,,,,,28192.0,18917.5,31716.0,20562.5,3524.0,1645.0,29954.0,19740.0
HPLMP01S1A,1679,single_die,33478.0,19740.0,0.0,1.0,False,,,,,31716.0,18917.5,35240.0,20562.5,3524.0,1645.0,33478.0,19740.0
HPLMP01S1A,1680,single_die,37002.0,19740.0,0.0,1.0,False,,,,,35240.0,18917.5,38764.0,20562.5,3524.0,1645.0,37002.0,19740.0
HPLMP01S1A,1681,single_die,40526.0,19740.0,0.0,1.0,False,,,,,38764.0,18917.5,42288.0,20562.5,3524.0,1645.0,40526.0,19740.0
HPLMP01S1A,1682,single_die,44050.0,19740.0,0.0,1.0,False,,,,,42288.0,18917.5,45812.0,20562.5,3524.0,1645.0,44050.0,19740.0
HPLMP01S1A,1683,single_die,47574.0,19740.0,0.0,1.0,False,,,,,45812.0,18917.5,49336.0,20562.5,3524.0,1645.0,47574.0,19740.0
HPLMP01S1A,1684,single_die,51098.0,19740.0,0.0,1.0,False,,,,,49336.0,18917.5,52860.0,20562.5,3524.0,1645.0,51098.0,19740.0
HPLMP01S1A,1685,single_die,54622.0,19740.0,0.0,1.0,False,,,,,52860.0,18917.5,56384.0,20562.5,3524.0,1645.0,54622.0,19740.0
HPLMP01S1A,1686,single_die,58146.0,19740.0,0.0,1.0,False,,,,,56384.0,18917.5,59908.0,20562.5,3524.0,1645.0,58146.0,19740.0
HPLMP01S1A,1687,single_die,61670.0,19740.0,0.0,1.0,False,,,,,59908.0,18917.5,63432.0,20562.5,3524.0,1645.0,61670.0,19740.0
HPLMP01S1A,1688,single_die,-61670.0,21385.0,0.0,1.0,False,,,,,-63432.0,20562.5,-59908.0,22207.5,3524.0,1645.0,-61670.0,21385.0
HPLMP01S1A,1689,single_die,-58146.0,21385.0,0.0,1.0,False,,,,,-59908.0,20562.5,-56384.0,22207.5,3524.0,1645.0,-58146.0,21385.0
HPLMP01S1A,1690,single_die,-54622.0,21385.0,0.0,1.0,False,,,,,-56384.0,20562.5,-52860.0,22207.5,3524.0,1645.0,-54622.0,21385.0
HPLMP01S1A,1691,single_die,-51098.0,21385.0,0.0,1.0,False,,,,,-52860.0,20562.5,-49336.0,22207.5,3524.0,1645.0,-51098.0,21385.0
HPLMP01S1A,1692,single_die,-47574.0,21385.0,0.0,1.0,False,,,,,-49336.0,20562.5,-45812.0,22207.5,3524.0,1645.0,-47574.0,21385.0
HPLMP01S1A,1693,single_die,-44050.0,21385.0,0.0,1.0,False,,,,,-45812.0,20562.5,-42288.0,22207.5,3524.0,1645.0,-44050.0,21385.0
HPLMP01S1A,1694,single_die,-40526.0,21385.0,0.0,1.0,False,,,,,-42288.0,20562.5,-38764.0,22207.5,3524.0,1645.0,-40526.0,21385.0
HPLMP01S1A,1695,single_die,-37002.0,21385.0,0.0,1.0,False,,,,,-38764.0,20562.5,-35240.0,22207.5,3524.0,1645.0,-37002.0,21385.0
HPLMP01S1A,1696,single_die,-33478.0,21385.0,0.0,1.0,False,,,,,-35240.0,20562.5,-31716.0,22207.5,3524.0,1645.0,-33478.0,21385.0
HPLMP01S1A,1697,single_die,-29954.0,21385.0,0.0,1.0,False,,,,,-31716.0,20562.5,-28192.0,22207.5,3524.0,1645.0,-29954.0,21385.0
HPLMP01S1A,1698,single_die,-26430.0,21385.0,0.0,1.0,False,,,,,-28192.0,20562.5,-24668.0,22207.5,3524.0,1645.0,-26430.0,21385.0
HPLMP01S1A,1699,single_die,-22906.0,21385.0,0.0,1.0,False,,,,,-24668.0,20562.5,-21144.0,22207.5,3524.0,1645.0,-22906.0,21385.0
HPLMP01S1A,1700,single_die,-19382.0,21385.0,0.0,1.0,False,,,,,-21144.0,20562.5,-17620.0,22207.5,3524.0,1645.0,-19382.0,21385.0
HPLMP01S1A,1701,single_die,-15858.0,21385.0,0.0,1.0,False,,,,,-17620.0,20562.5,-14096.0,22207.5,3524.0,1645.0,-15858.0,21385.0
HPLMP01S1A,1702,single_die,-12334.0,21385.0,0.0,1.0,False,,,,,-14096.0,20562.5,-10572.0,22207.5,3524.0,1645.0,-12334.0,21385.0
HPLMP01S1A,1703,single_die,-8810.0,21385.0,0.0,1.0,False,,,,,-10572.0,20562.5,-7048.0,22207.5,3524.0,1645.0,-8810.0,21385.0
HPLMP01S1A,1704,single_die,-5286.0,21385.0,0.0,1.0,False,,,,,-7048.0,20562.5,-3524.0,22207.5,3524.0,1645.0,-5286.0,21385.0
HPLMP01S1A,1705,single_die,-1762.0,21385.0,0.0,1.0,False,,,,,-3524.0,20562.5,0.0,22207.5,3524.0,1645.0,-1762.0,21385.0
HPLMP01S1A,1706,single_die,1762.0,21385.0,0.0,1.0,False,,,,,0.0,20562.5,3524.0,22207.5,3524.0,1645.0,1762.0,21385.0
HPLMP01S1A,1707,single_die,5286.0,21385.0,0.0,1.0,False,,,,,3524.0,20562.5,7048.0,22207.5,3524.0,1645.0,5286.0,21385.0
HPLMP01S1A,1708,single_die,8810.0,21385.0,0.0,1.0,False,,,,,7048.0,20562.5,10572.0,22207.5,3524.0,1645.0,8810.0,21385.0
HPLMP01S1A,1709,single_die,12334.0,21385.0,0.0,1.0,False,,,,,10572.0,20562.5,14096.0,22207.5,3524.0,1645.0,12334.0,21385.0
HPLMP01S1A,1710,single_die,15858.0,21385.0,0.0,1.0,False,,,,,14096.0,20562.5,17620.0,22207.5,3524.0,1645.0,15858.0,21385.0
HPLMP01S1A,1711,single_die,19382.0,21385.0,0.0,1.0,False,,,,,17620.0,20562.5,21144.0,22207.5,3524.0,1645.0,19382.0,21385.0
HPLMP01S1A,1712,single_die,22906.0,21385.0,0.0,1.0,False,,,,,21144.0,20562.5,24668.0,22207.5,3524.0,1645.0,22906.0,21385.0
HPLMP01S1A,1713,single_die,26430.0,21385.0,0.0,1.0,False,,,,,24668.0,20562.5,28192.0,22207.5,3524.0,1645.0,26430.0,21385.0
HPLMP01S1A,1714,single_die,29954.0,21385.0,0.0,1.0,False,,,,,28192.0,20562.5,31716.0,22207.5,3524.0,1645.0,29954.0,21385.0
HPLMP01S1A,1715,single_die,33478.0,21385.0,0.0,1.0,False,,,,,31716.0,20562.5,35240.0,22207.5,3524.0,1645.0,33478.0,21385.0
HPLMP01S1A,1716,single_die,37002.0,21385.0,0.0,1.0,False,,,,,35240.0,20562.5,38764.0,22207.5,3524.0,1645.0,37002.0,21385.0
HPLMP01S1A,1717,single_die,40526.0,21385.0,0.0,1.0,False,,,,,38764.0,20562.5,42288.0,22207.5,3524.0,1645.0,40526.0,21385.0
HPLMP01S1A,1718,single_die,44050.0,21385.0,0.0,1.0,False,,,,,42288.0,20562.5,45812.0,22207.5,3524.0,1645.0,44050.0,21385.0
HPLMP01S1A,1719,single_die,47574.0,21385.0,0.0,1.0,False,,,,,45812.0,20562.5,49336.0,22207.5,3524.0,1645.0,47574.0,21385.0
HPLMP01S1A,1720,single_die,51098.0,21385.0,0.0,1.0,False,,,,,49336.0,20562.5,52860.0,22207.5,3524.0,1645.0,51098.0,21385.0
HPLMP01S1A,1721,single_die,54622.0,21385.0,0.0,1.0,False,,,,,52860.0,20562.5,56384.0,22207.5,3524.0,1645.0,54622.0,21385.0
HPLMP01S1A,1722,single_die,58146.0,21385.0,0.0,1.0,False,,,,,56384.0,20562.5,59908.0,22207.5,3524.0,1645.0,58146.0,21385.0
HPLMP01S1A,1723,single_die,61670.0,21385.0,0.0,1.0,False,,,,,59908.0,20562.5,63432.0,22207.5,3524.0,1645.0,61670.0,21385.0
HPLMP01S1A,1724,single_die,-61670.0,23030.0,0.0,1.0,False,,,,,-63432.0,22207.5,-59908.0,23852.5,3524.0,1645.0,-61670.0,23030.0
HPLMP01S1A,1725,single_die,-58146.0,23030.0,0.0,1.0,False,,,,,-59908.0,22207.5,-56384.0,23852.5,3524.0,1645.0,-58146.0,23030.0
HPLMP01S1A,1726,single_die,-54622.0,23030.0,0.0,1.0,False,,,,,-56384.0,22207.5,-52860.0,23852.5,3524.0,1645.0,-54622.0,23030.0
HPLMP01S1A,1727,single_die,-51098.0,23030.0,0.0,1.0,False,,,,,-52860.0,22207.5,-49336.0,23852.5,3524.0,1645.0,-51098.0,23030.0
HPLMP01S1A,1728,single_die,-47574.0,23030.0,0.0,1.0,False,,,,,-49336.0,22207.5,-45812.0,23852.5,3524.0,1645.0,-47574.0,23030.0
HPLMP01S1A,1729,single_die,-40526.0,23030.0,0.0,1.0,False,,,,,-42288.0,22207.5,-38764.0,23852.5,3524.0,1645.0,-40526.0,23030.0
HPLMP01S1A,1730,single_die,-37002.0,23030.0,0.0,1.0,False,,,,,-38764.0,22207.5,-35240.0,23852.5,3524.0,1645.0,-37002.0,23030.0
HPLMP01S1A,1731,single_die,-33478.0,23030.0,0.0,1.0,False,,,,,-35240.0,22207.5,-31716.0,23852.5,3524.0,1645.0,-33478.0,23030.0
HPLMP01S1A,1732,single_die,-29954.0,23030.0,0.0,1.0,False,,,,,-31716.0,22207.5,-28192.0,23852.5,3524.0,1645.0,-29954.0,23030.0
HPLMP01S1A,1733,single_die,-26430.0,23030.0,0.0,1.0,False,,,,,-28192.0,22207.5,-24668.0,23852.5,3524.0,1645.0,-26430.0,23030.0
HPLMP01S1A,1734,single_die,-22906.0,23030.0,0.0,1.0,False,,,,,-24668.0,22207.5,-21144.0,23852.5,3524.0,1645.0,-22906.0,23030.0
HPLMP01S1A,1735,single_die,-19382.0,23030.0,0.0,1.0,False,,,,,-21144.0,22207.5,-17620.0,23852.5,3524.0,1645.0,-19382.0,23030.0
HPLMP01S1A,1736,single_die,-15858.0,23030.0,0.0,1.0,False,,,,,-17620.0,22207.5,-14096.0,23852.5,3524.0,1645.0,-15858.0,23030.0
HPLMP01S1A,1737,single_die,-12334.0,23030.0,0.0,1.0,False,,,,,-14096.0,22207.5,-10572.0,23852.5,3524.0,1645.0,-12334.0,23030.0
HPLMP01S1A,1738,single_die,-5286.0,23030.0,0.0,1.0,False,,,,,-7048.0,22207.5,-3524.0,23852.5,3524.0,1645.0,-5286.0,23030.0
HPLMP01S1A,1739,single_die,-1762.0,23030.0,0.0,1.0,False,,,,,-3524.0,22207.5,0.0,23852.5,3524.0,1645.0,-1762.0,23030.0
HPLMP01S1A,1740,single_die,1762.0,23030.0,0.0,1.0,False,,,,,0.0,22207.5,3524.0,23852.5,3524.0,1645.0,1762.0,23030.0
HPLMP01S1A,1741,single_die,5286.0,23030.0,0.0,1.0,False,,,,,3524.0,22207.5,7048.0,23852.5,3524.0,1645.0,5286.0,23030.0
HPLMP01S1A,1742,single_die,8810.0,23030.0,0.0,1.0,False,,,,,7048.0,22207.5,10572.0,23852.5,3524.0,1645.0,8810.0,23030.0
HPLMP01S1A,1743,single_die,12334.0,23030.0,0.0,1.0,False,,,,,10572.0,22207.5,14096.0,23852.5,3524.0,1645.0,12334.0,23030.0
HPLMP01S1A,1744,single_die,15858.0,23030.0,0.0,1.0,False,,,,,14096.0,22207.5,17620.0,23852.5,3524.0,1645.0,15858.0,23030.0
HPLMP01S1A,1745,single_die,19382.0,23030.0,0.0,1.0,False,,,,,17620.0,22207.5,21144.0,23852.5,3524.0,1645.0,19382.0,23030.0
HPLMP01S1A,1746,single_die,22906.0,23030.0,0.0,1.0,False,,,,,21144.0,22207.5,24668.0,23852.5,3524.0,1645.0,22906.0,23030.0
HPLMP01S1A,1747,single_die,29954.0,23030.0,0.0,1.0,False,,,,,28192.0,22207.5,31716.0,23852.5,3524.0,1645.0,29954.0,23030.0
HPLMP01S1A,1748,single_die,33478.0,23030.0,0.0,1.0,False,,,,,31716.0,22207.5,35240.0,23852.5,3524.0,1645.0,33478.0,23030.0
HPLMP01S1A,1749,single_die,37002.0,23030.0,0.0,1.0,False,,,,,35240.0,22207.5,38764.0,23852.5,3524.0,1645.0,37002.0,23030.0
HPLMP01S1A,1750,single_die,40526.0,23030.0,0.0,1.0,False,,,,,38764.0,22207.5,42288.0,23852.5,3524.0,1645.0,40526.0,23030.0
HPLMP01S1A,1751,single_die,44050.0,23030.0,0.0,1.0,False,,,,,42288.0,22207.5,45812.0,23852.5,3524.0,1645.0,44050.0,23030.0
HPLMP01S1A,1752,single_die,47574.0,23030.0,0.0,1.0,False,,,,,45812.0,22207.5,49336.0,23852.5,3524.0,1645.0,47574.0,23030.0
HPLMP01S1A,1753,single_die,51098.0,23030.0,0.0,1.0,False,,,,,49336.0,22207.5,52860.0,23852.5,3524.0,1645.0,51098.0,23030.0
HPLMP01S1A,1754,single_die,54622.0,23030.0,0.0,1.0,False,,,,,52860.0,22207.5,56384.0,23852.5,3524.0,1645.0,54622.0,23030.0
HPLMP01S1A,1755,single_die,58146.0,23030.0,0.0,1.0,False,,,,,56384.0,22207.5,59908.0,23852.5,3524.0,1645.0,58146.0,23030.0
HPLMP01S1A,1756,single_die,-61670.0,24675.0,0.0,1.0,False,,,,,-63432.0,23852.5,-59908.0,25497.5,3524.0,1645.0,-61670.0,24675.0
HPLMP01S1A,1757,single_die,-58146.0,24675.0,0.0,1.0,False,,,,,-59908.0,23852.5,-56384.0,25497.5,3524.0,1645.0,-58146.0,24675.0
HPLMP01S1A,1758,single_die,-54622.0,24675.0,0.0,1.0,False,,,,,-56384.0,23852.5,-52860.0,25497.5,3524.0,1645.0,-54622.0,24675.0
HPLMP01S1A,1759,single_die,-51098.0,24675.0,0.0,1.0,False,,,,,-52860.0,23852.5,-49336.0,25497.5,3524.0,1645.0,-51098.0,24675.0
HPLMP01S1A,1760,single_die,-47574.0,24675.0,0.0,1.0,False,,,,,-49336.0,23852.5,-45812.0,25497.5,3524.0,1645.0,-47574.0,24675.0
HPLMP01S1A,1761,single_die,-44050.0,24675.0,0.0,1.0,False,,,,,-45812.0,23852.5,-42288.0,25497.5,3524.0,1645.0,-44050.0,24675.0
HPLMP01S1A,1762,single_die,-40526.0,24675.0,0.0,1.0,False,,,,,-42288.0,23852.5,-38764.0,25497.5,3524.0,1645.0,-40526.0,24675.0
HPLMP01S1A,1763,single_die,-37002.0,24675.0,0.0,1.0,False,,,,,-38764.0,23852.5,-35240.0,25497.5,3524.0,1645.0,-37002.0,24675.0
HPLMP01S1A,1764,single_die,-33478.0,24675.0,0.0,1.0,False,,,,,-35240.0,23852.5,-31716.0,25497.5,3524.0,1645.0,-33478.0,24675.0
HPLMP01S1A,1765,single_die,-29954.0,24675.0,0.0,1.0,False,,,,,-31716.0,23852.5,-28192.0,25497.5,3524.0,1645.0,-29954.0,24675.0
HPLMP01S1A,1766,single_die,-26430.0,24675.0,0.0,1.0,False,,,,,-28192.0,23852.5,-24668.0,25497.5,3524.0,1645.0,-26430.0,24675.0
HPLMP01S1A,1767,single_die,-22906.0,24675.0,0.0,1.0,False,,,,,-24668.0,23852.5,-21144.0,25497.5,3524.0,1645.0,-22906.0,24675.0
HPLMP01S1A,1768,single_die,-19382.0,24675.0,0.0,1.0,False,,,,,-21144.0,23852.5,-17620.0,25497.5,3524.0,1645.0,-19382.0,24675.0
HPLMP01S1A,1769,single_die,-15858.0,24675.0,0.0,1.0,False,,,,,-17620.0,23852.5,-14096.0,25497.5,3524.0,1645.0,-15858.0,24675.0
HPLMP01S1A,1770,single_die,-12334.0,24675.0,0.0,1.0,False,,,,,-14096.0,23852.5,-10572.0,25497.5,3524.0,1645.0,-12334.0,24675.0
HPLMP01S1A,1771,single_die,-5286.0,24675.0,0.0,1.0,False,,,,,-7048.0,23852.5,-3524.0,25497.5,3524.0,1645.0,-5286.0,24675.0
HPLMP01S1A,1772,single_die,-1762.0,24675.0,0.0,1.0,False,,,,,-3524.0,23852.5,0.0,25497.5,3524.0,1645.0,-1762.0,24675.0
HPLMP01S1A,1773,single_die,1762.0,24675.0,0.0,1.0,False,,,,,0.0,23852.5,3524.0,25497.5,3524.0,1645.0,1762.0,24675.0
HPLMP01S1A,1774,single_die,5286.0,24675.0,0.0,1.0,False,,,,,3524.0,23852.5,7048.0,25497.5,3524.0,1645.0,5286.0,24675.0
HPLMP01S1A,1775,single_die,8810.0,24675.0,0.0,1.0,False,,,,,7048.0,23852.5,10572.0,25497.5,3524.0,1645.0,8810.0,24675.0
HPLMP01S1A,1776,single_die,12334.0,24675.0,0.0,1.0,False,,,,,10572.0,23852.5,14096.0,25497.5,3524.0,1645.0,12334.0,24675.0
HPLMP01S1A,1777,single_die,15858.0,24675.0,0.0,1.0,False,,,,,14096.0,23852.5,17620.0,25497.5,3524.0,1645.0,15858.0,24675.0
HPLMP01S1A,1778,single_die,19382.0,24675.0,0.0,1.0,False,,,,,17620.0,23852.5,21144.0,25497.5,3524.0,1645.0,19382.0,24675.0
HPLMP01S1A,1779,single_die,22906.0,24675.0,0.0,1.0,False,,,,,21144.0,23852.5,24668.0,25497.5,3524.0,1645.0,22906.0,24675.0
HPLMP01S1A,1780,single_die,29954.0,24675.0,0.0,1.0,False,,,,,28192.0,23852.5,31716.0,25497.5,3524.0,1645.0,29954.0,24675.0
HPLMP01S1A,1781,single_die,33478.0,24675.0,0.0,1.0,False,,,,,31716.0,23852.5,35240.0,25497.5,3524.0,1645.0,33478.0,24675.0
HPLMP01S1A,1782,single_die,37002.0,24675.0,0.0,1.0,False,,,,,35240.0,23852.5,38764.0,25497.5,3524.0,1645.0,37002.0,24675.0
HPLMP01S1A,1783,single_die,40526.0,24675.0,0.0,1.0,False,,,,,38764.0,23852.5,42288.0,25497.5,3524.0,1645.0,40526.0,24675.0
HPLMP01S1A,1784,single_die,44050.0,24675.0,0.0,1.0,False,,,,,42288.0,23852.5,45812.0,25497.5,3524.0,1645.0,44050.0,24675.0
HPLMP01S1A,1785,single_die,47574.0,24675.0,0.0,1.0,False,,,,,45812.0,23852.5,49336.0,25497.5,3524.0,1645.0,47574.0,24675.0
HPLMP01S1A,1786,single_die,51098.0,24675.0,0.0,1.0,False,,,,,49336.0,23852.5,52860.0,25497.5,3524.0,1645.0,51098.0,24675.0
HPLMP01S1A,1787,single_die,54622.0,24675.0,0.0,1.0,False,,,,,52860.0,23852.5,56384.0,25497.5,3524.0,1645.0,54622.0,24675.0
HPLMP01S1A,1788,single_die,58146.0,24675.0,0.0,1.0,False,,,,,56384.0,23852.5,59908.0,25497.5,3524.0,1645.0,58146.0,24675.0
HPLMP01S1A,1789,single_die,-58146.0,26320.0,0.0,1.0,False,,,,,-59908.0,25497.5,-56384.0,27142.5,3524.0,1645.0,-58146.0,26320.0
HPLMP01S1A,1790,single_die,-54622.0,26320.0,0.0,1.0,False,,,,,-56384.0,25497.5,-52860.0,27142.5,3524.0,1645.0,-54622.0,26320.0
HPLMP01S1A,1791,single_die,-51098.0,26320.0,0.0,1.0,False,,,,,-52860.0,25497.5,-49336.0,27142.5,3524.0,1645.0,-51098.0,26320.0
HPLMP01S1A,1792,single_die,-47574.0,26320.0,0.0,1.0,False,,,,,-49336.0,25497.5,-45812.0,27142.5,3524.0,1645.0,-47574.0,26320.0
HPLMP01S1A,1793,single_die,-44050.0,26320.0,0.0,1.0,False,,,,,-45812.0,25497.5,-42288.0,27142.5,3524.0,1645.0,-44050.0,26320.0
HPLMP01S1A,1794,single_die,-40526.0,26320.0,0.0,1.0,False,,,,,-42288.0,25497.5,-38764.0,27142.5,3524.0,1645.0,-40526.0,26320.0
HPLMP01S1A,1795,single_die,-37002.0,26320.0,0.0,1.0,False,,,,,-38764.0,25497.5,-35240.0,27142.5,3524.0,1645.0,-37002.0,26320.0
HPLMP01S1A,1796,single_die,-33478.0,26320.0,0.0,1.0,False,,,,,-35240.0,25497.5,-31716.0,27142.5,3524.0,1645.0,-33478.0,26320.0
HPLMP01S1A,1797,single_die,-29954.0,26320.0,0.0,1.0,False,,,,,-31716.0,25497.5,-28192.0,27142.5,3524.0,1645.0,-29954.0,26320.0
HPLMP01S1A,1798,single_die,-26430.0,26320.0,0.0,1.0,False,,,,,-28192.0,25497.5,-24668.0,27142.5,3524.0,1645.0,-26430.0,26320.0
HPLMP01S1A,1799,single_die,-22906.0,26320.0,0.0,1.0,False,,,,,-24668.0,25497.5,-21144.0,27142.5,3524.0,1645.0,-22906.0,26320.0
HPLMP01S1A,1800,single_die,-19382.0,26320.0,0.0,1.0,False,,,,,-21144.0,25497.5,-17620.0,27142.5,3524.0,1645.0,-19382.0,26320.0
HPLMP01S1A,1801,single_die,-15858.0,26320.0,0.0,1.0,False,,,,,-17620.0,25497.5,-14096.0,27142.5,3524.0,1645.0,-15858.0,26320.0
HPLMP01S1A,1802,single_die,-12334.0,26320.0,0.0,1.0,False,,,,,-14096.0,25497.5,-10572.0,27142.5,3524.0,1645.0,-12334.0,26320.0
HPLMP01S1A,1803,single_die,-8810.0,26320.0,0.0,1.0,False,,,,,-10572.0,25497.5,-7048.0,27142.5,3524.0,1645.0,-8810.0,26320.0
HPLMP01S1A,1804,single_die,-5286.0,26320.0,0.0,1.0,False,,,,,-7048.0,25497.5,-3524.0,27142.5,3524.0,1645.0,-5286.0,26320.0
HPLMP01S1A,1805,single_die,-1762.0,26320.0,0.0,1.0,False,,,,,-3524.0,25497.5,0.0,27142.5,3524.0,1645.0,-1762.0,26320.0
HPLMP01S1A,1806,single_die,1762.0,26320.0,0.0,1.0,False,,,,,0.0,25497.5,3524.0,27142.5,3524.0,1645.0,1762.0,26320.0
HPLMP01S1A,1807,single_die,5286.0,26320.0,0.0,1.0,False,,,,,3524.0,25497.5,7048.0,27142.5,3524.0,1645.0,5286.0,26320.0
HPLMP01S1A,1808,single_die,8810.0,26320.0,0.0,1.0,False,,,,,7048.0,25497.5,10572.0,27142.5,3524.0,1645.0,8810.0,26320.0
HPLMP01S1A,1809,single_die,12334.0,26320.0,0.0,1.0,False,,,,,10572.0,25497.5,14096.0,27142.5,3524.0,1645.0,12334.0,26320.0
HPLMP01S1A,1810,single_die,15858.0,26320.0,0.0,1.0,False,,,,,14096.0,25497.5,17620.0,27142.5,3524.0,1645.0,15858.0,26320.0
HPLMP01S1A,1811,single_die,19382.0,26320.0,0.0,1.0,False,,,,,17620.0,25497.5,21144.0,27142.5,3524.0,1645.0,19382.0,26320.0
HPLMP01S1A,1812,single_die,22906.0,26320.0,0.0,1.0,False,,,,,21144.0,25497.5,24668.0,27142.5,3524.0,1645.0,22906.0,26320.0
HPLMP01S1A,1813,single_die,26430.0,26320.0,0.0,1.0,False,,,,,24668.0,25497.5,28192.0,27142.5,3524.0,1645.0,26430.0,26320.0
HPLMP01S1A,1814,single_die,29954.0,26320.0,0.0,1.0,False,,,,,28192.0,25497.5,31716.0,27142.5,3524.0,1645.0,29954.0,26320.0
HPLMP01S1A,1815,single_die,33478.0,26320.0,0.0,1.0,False,,,,,31716.0,25497.5,35240.0,27142.5,3524.0,1645.0,33478.0,26320.0
HPLMP01S1A,1816,single_die,37002.0,26320.0,0.0,1.0,False,,,,,35240.0,25497.5,38764.0,27142.5,3524.0,1645.0,37002.0,26320.0
HPLMP01S1A,1817,single_die,40526.0,26320.0,0.0,1.0,False,,,,,38764.0,25497.5,42288.0,27142.5,3524.0,1645.0,40526.0,26320.0
HPLMP01S1A,1818,single_die,44050.0,26320.0,0.0,1.0,False,,,,,42288.0,25497.5,45812.0,27142.5,3524.0,1645.0,44050.0,26320.0
HPLMP01S1A,1819,single_die,47574.0,26320.0,0.0,1.0,False,,,,,45812.0,25497.5,49336.0,27142.5,3524.0,1645.0,47574.0,26320.0
HPLMP01S1A,1820,single_die,51098.0,26320.0,0.0,1.0,False,,,,,49336.0,25497.5,52860.0,27142.5,3524.0,1645.0,51098.0,26320.0
HPLMP01S1A,1821,single_die,54622.0,26320.0,0.0,1.0,False,,,,,52860.0,25497.5,56384.0,27142.5,3524.0,1645.0,54622.0,26320.0
HPLMP01S1A,1822,single_die,58146.0,26320.0,0.0,1.0,False,,,,,56384.0,25497.5,59908.0,27142.5,3524.0,1645.0,58146.0,26320.0
HPLMP01S1A,1823,single_die,-58146.0,27965.0,0.0,1.0,False,,,,,-59908.0,27142.5,-56384.0,28787.5,3524.0,1645.0,-58146.0,27965.0
HPLMP01S1A,1824,single_die,-54622.0,27965.0,0.0,1.0,False,,,,,-56384.0,27142.5,-52860.0,28787.5,3524.0,1645.0,-54622.0,27965.0
HPLMP01S1A,1825,single_die,-51098.0,27965.0,0.0,1.0,False,,,,,-52860.0,27142.5,-49336.0,28787.5,3524.0,1645.0,-51098.0,27965.0
HPLMP01S1A,1826,single_die,-47574.0,27965.0,0.0,1.0,False,,,,,-49336.0,27142.5,-45812.0,28787.5,3524.0,1645.0,-47574.0,27965.0
HPLMP01S1A,1827,single_die,-44050.0,27965.0,0.0,1.0,False,,,,,-45812.0,27142.5,-42288.0,28787.5,3524.0,1645.0,-44050.0,27965.0
HPLMP01S1A,1828,single_die,-40526.0,27965.0,0.0,1.0,False,,,,,-42288.0,27142.5,-38764.0,28787.5,3524.0,1645.0,-40526.0,27965.0
HPLMP01S1A,1829,single_die,-37002.0,27965.0,0.0,1.0,False,,,,,-38764.0,27142.5,-35240.0,28787.5,3524.0,1645.0,-37002.0,27965.0
HPLMP01S1A,1830,single_die,-33478.0,27965.0,0.0,1.0,False,,,,,-35240.0,27142.5,-31716.0,28787.5,3524.0,1645.0,-33478.0,27965.0
HPLMP01S1A,1831,single_die,-29954.0,27965.0,0.0,1.0,False,,,,,-31716.0,27142.5,-28192.0,28787.5,3524.0,1645.0,-29954.0,27965.0
HPLMP01S1A,1832,single_die,-26430.0,27965.0,0.0,1.0,False,,,,,-28192.0,27142.5,-24668.0,28787.5,3524.0,1645.0,-26430.0,27965.0
HPLMP01S1A,1833,single_die,-22906.0,27965.0,0.0,1.0,False,,,,,-24668.0,27142.5,-21144.0,28787.5,3524.0,1645.0,-22906.0,27965.0
HPLMP01S1A,1834,single_die,-19382.0,27965.0,0.0,1.0,False,,,,,-21144.0,27142.5,-17620.0,28787.5,3524.0,1645.0,-19382.0,27965.0
HPLMP01S1A,1835,single_die,-15858.0,27965.0,0.0,1.0,False,,,,,-17620.0,27142.5,-14096.0,28787.5,3524.0,1645.0,-15858.0,27965.0
HPLMP01S1A,1836,single_die,-12334.0,27965.0,0.0,1.0,False,,,,,-14096.0,27142.5,-10572.0,28787.5,3524.0,1645.0,-12334.0,27965.0
HPLMP01S1A,1837,single_die,-8810.0,27965.0,0.0,1.0,False,,,,,-10572.0,27142.5,-7048.0,28787.5,3524.0,1645.0,-8810.0,27965.0
HPLMP01S1A,1838,single_die,-5286.0,27965.0,0.0,1.0,False,,,,,-7048.0,27142.5,-3524.0,28787.5,3524.0,1645.0,-5286.0,27965.0
HPLMP01S1A,1839,single_die,-1762.0,27965.0,0.0,1.0,False,,,,,-3524.0,27142.5,0.0,28787.5,3524.0,1645.0,-1762.0,27965.0
HPLMP01S1A,1840,single_die,1762.0,27965.0,0.0,1.0,False,,,,,0.0,27142.5,3524.0,28787.5,3524.0,1645.0,1762.0,27965.0
HPLMP01S1A,1841,single_die,5286.0,27965.0,0.0,1.0,False,,,,,3524.0,27142.5,7048.0,28787.5,3524.0,1645.0,5286.0,27965.0
HPLMP01S1A,1842,single_die,8810.0,27965.0,0.0,1.0,False,,,,,7048.0,27142.5,10572.0,28787.5,3524.0,1645.0,8810.0,27965.0
HPLMP01S1A,1843,single_die,12334.0,27965.0,0.0,1.0,False,,,,,10572.0,27142.5,14096.0,28787.5,3524.0,1645.0,12334.0,27965.0
HPLMP01S1A,1844,single_die,15858.0,27965.0,0.0,1.0,False,,,,,14096.0,27142.5,17620.0,28787.5,3524.0,1645.0,15858.0,27965.0
HPLMP01S1A,1845,single_die,19382.0,27965.0,0.0,1.0,False,,,,,17620.0,27142.5,21144.0,28787.5,3524.0,1645.0,19382.0,27965.0
HPLMP01S1A,1846,single_die,22906.0,27965.0,0.0,1.0,False,,,,,21144.0,27142.5,24668.0,28787.5,3524.0,1645.0,22906.0,27965.0
HPLMP01S1A,1847,single_die,26430.0,27965.0,0.0,1.0,False,,,,,24668.0,27142.5,28192.0,28787.5,3524.0,1645.0,26430.0,27965.0
HPLMP01S1A,1848,single_die,29954.0,27965.0,0.0,1.0,False,,,,,28192.0,27142.5,31716.0,28787.5,3524.0,1645.0,29954.0,27965.0
HPLMP01S1A,1849,single_die,33478.0,27965.0,0.0,1.0,False,,,,,31716.0,27142.5,35240.0,28787.5,3524.0,1645.0,33478.0,27965.0
HPLMP01S1A,1850,single_die,37002.0,27965.0,0.0,1.0,False,,,,,35240.0,27142.5,38764.0,28787.5,3524.0,1645.0,37002.0,27965.0
HPLMP01S1A,1851,single_die,40526.0,27965.0,0.0,1.0,False,,,,,38764.0,27142.5,42288.0,28787.5,3524.0,1645.0,40526.0,27965.0
HPLMP01S1A,1852,single_die,44050.0,27965.0,0.0,1.0,False,,,,,42288.0,27142.5,45812.0,28787.5,3524.0,1645.0,44050.0,27965.0
HPLMP01S1A,1853,single_die,47574.0,27965.0,0.0,1.0,False,,,,,45812.0,27142.5,49336.0,28787.5,3524.0,1645.0,47574.0,27965.0
HPLMP01S1A,1854,single_die,51098.0,27965.0,0.0,1.0,False,,,,,49336.0,27142.5,52860.0,28787.5,3524.0,1645.0,51098.0,27965.0
HPLMP01S1A,1855,single_die,54622.0,27965.0,0.0,1.0,False,,,,,52860.0,27142.5,56384.0,28787.5,3524.0,1645.0,54622.0,27965.0
HPLMP01S1A,1856,single_die,58146.0,27965.0,0.0,1.0,False,,,,,56384.0,27142.5,59908.0,28787.5,3524.0,1645.0,58146.0,27965.0
HPLMP01S1A,1857,single_die,-58146.0,29610.0,0.0,1.0,False,,,,,-59908.0,28787.5,-56384.0,30432.5,3524.0,1645.0,-58146.0,29610.0
HPLMP01S1A,1858,single_die,-54622.0,29610.0,0.0,1.0,False,,,,,-56384.0,28787.5,-52860.0,30432.5,3524.0,1645.0,-54622.0,29610.0
HPLMP01S1A,1859,single_die,-51098.0,29610.0,0.0,1.0,False,,,,,-52860.0,28787.5,-49336.0,30432.5,3524.0,1645.0,-51098.0,29610.0
HPLMP01S1A,1860,single_die,-47574.0,29610.0,0.0,1.0,False,,,,,-49336.0,28787.5,-45812.0,30432.5,3524.0,1645.0,-47574.0,29610.0
HPLMP01S1A,1861,single_die,-44050.0,29610.0,0.0,1.0,False,,,,,-45812.0,28787.5,-42288.0,30432.5,3524.0,1645.0,-44050.0,29610.0
HPLMP01S1A,1862,single_die,-40526.0,29610.0,0.0,1.0,False,,,,,-42288.0,28787.5,-38764.0,30432.5,3524.0,1645.0,-40526.0,29610.0
HPLMP01S1A,1863,single_die,-37002.0,29610.0,0.0,1.0,False,,,,,-38764.0,28787.5,-35240.0,30432.5,3524.0,1645.0,-37002.0,29610.0
HPLMP01S1A,1864,single_die,-33478.0,29610.0,0.0,1.0,False,,,,,-35240.0,28787.5,-31716.0,30432.5,3524.0,1645.0,-33478.0,29610.0
HPLMP01S1A,1865,single_die,-29954.0,29610.0,0.0,1.0,False,,,,,-31716.0,28787.5,-28192.0,30432.5,3524.0,1645.0,-29954.0,29610.0
HPLMP01S1A,1866,single_die,-26430.0,29610.0,0.0,1.0,False,,,,,-28192.0,28787.5,-24668.0,30432.5,3524.0,1645.0,-26430.0,29610.0
HPLMP01S1A,1867,single_die,-22906.0,29610.0,0.0,1.0,False,,,,,-24668.0,28787.5,-21144.0,30432.5,3524.0,1645.0,-22906.0,29610.0
HPLMP01S1A,1868,single_die,-19382.0,29610.0,0.0,1.0,False,,,,,-21144.0,28787.5,-17620.0,30432.5,3524.0,1645.0,-19382.0,29610.0
HPLMP01S1A,1869,single_die,-15858.0,29610.0,0.0,1.0,False,,,,,-17620.0,28787.5,-14096.0,30432.5,3524.0,1645.0,-15858.0,29610.0
HPLMP01S1A,1870,single_die,-12334.0,29610.0,0.0,1.0,False,,,,,-14096.0,28787.5,-10572.0,30432.5,3524.0,1645.0,-12334.0,29610.0
HPLMP01S1A,1871,single_die,-8810.0,29610.0,0.0,1.0,False,,,,,-10572.0,28787.5,-7048.0,30432.5,3524.0,1645.0,-8810.0,29610.0
HPLMP01S1A,1872,single_die,-5286.0,29610.0,0.0,1.0,False,,,,,-7048.0,28787.5,-3524.0,30432.5,3524.0,1645.0,-5286.0,29610.0
HPLMP01S1A,1873,single_die,-1762.0,29610.0,0.0,1.0,False,,,,,-3524.0,28787.5,0.0,30432.5,3524.0,1645.0,-1762.0,29610.0
HPLMP01S1A,1874,single_die,1762.0,29610.0,0.0,1.0,False,,,,,0.0,28787.5,3524.0,30432.5,3524.0,1645.0,1762.0,29610.0
HPLMP01S1A,1875,single_die,5286.0,29610.0,0.0,1.0,False,,,,,3524.0,28787.5,7048.0,30432.5,3524.0,1645.0,5286.0,29610.0
HPLMP01S1A,1876,single_die,8810.0,29610.0,0.0,1.0,False,,,,,7048.0,28787.5,10572.0,30432.5,3524.0,1645.0,8810.0,29610.0
HPLMP01S1A,1877,single_die,12334.0,29610.0,0.0,1.0,False,,,,,10572.0,28787.5,14096.0,30432.5,3524.0,1645.0,12334.0,29610.0
HPLMP01S1A,1878,single_die,15858.0,29610.0,0.0,1.0,False,,,,,14096.0,28787.5,17620.0,30432.5,3524.0,1645.0,15858.0,29610.0
HPLMP01S1A,1879,single_die,19382.0,29610.0,0.0,1.0,False,,,,,17620.0,28787.5,21144.0,30432.5,3524.0,1645.0,19382.0,29610.0
HPLMP01S1A,1880,single_die,22906.0,29610.0,0.0,1.0,False,,,,,21144.0,28787.5,24668.0,30432.5,3524.0,1645.0,22906.0,29610.0
HPLMP01S1A,1881,single_die,26430.0,29610.0,0.0,1.0,False,,,,,24668.0,28787.5,28192.0,30432.5,3524.0,1645.0,26430.0,29610.0
HPLMP01S1A,1882,single_die,29954.0,29610.0,0.0,1.0,False,,,,,28192.0,28787.5,31716.0,30432.5,3524.0,1645.0,29954.0,29610.0
HPLMP01S1A,1883,single_die,33478.0,29610.0,0.0,1.0,False,,,,,31716.0,28787.5,35240.0,30432.5,3524.0,1645.0,33478.0,29610.0
HPLMP01S1A,1884,single_die,37002.0,29610.0,0.0,1.0,False,,,,,35240.0,28787.5,38764.0,30432.5,3524.0,1645.0,37002.0,29610.0
HPLMP01S1A,1885,single_die,40526.0,29610.0,0.0,1.0,False,,,,,38764.0,28787.5,42288.0,30432.5,3524.0,1645.0,40526.0,29610.0
HPLMP01S1A,1886,single_die,44050.0,29610.0,0.0,1.0,False,,,,,42288.0,28787.5,45812.0,30432.5,3524.0,1645.0,44050.0,29610.0
HPLMP01S1A,1887,single_die,47574.0,29610.0,0.0,1.0,False,,,,,45812.0,28787.5,49336.0,30432.5,3524.0,1645.0,47574.0,29610.0
HPLMP01S1A,1888,single_die,51098.0,29610.0,0.0,1.0,False,,,,,49336.0,28787.5,52860.0,30432.5,3524.0,1645.0,51098.0,29610.0
HPLMP01S1A,1889,single_die,54622.0,29610.0,0.0,1.0,False,,,,,52860.0,28787.5,56384.0,30432.5,3524.0,1645.0,54622.0,29610.0
HPLMP01S1A,1890,single_die,58146.0,29610.0,0.0,1.0,False,,,,,56384.0,28787.5,59908.0,30432.5,3524.0,1645.0,58146.0,29610.0
HPLMP01S1A,1891,single_die,-58146.0,31255.0,0.0,1.0,False,,,,,-59908.0,30432.5,-56384.0,32077.5,3524.0,1645.0,-58146.0,31255.0
HPLMP01S1A,1892,single_die,-54622.0,31255.0,0.0,1.0,False,,,,,-56384.0,30432.5,-52860.0,32077.5,3524.0,1645.0,-54622.0,31255.0
HPLMP01S1A,1893,single_die,-51098.0,31255.0,0.0,1.0,False,,,,,-52860.0,30432.5,-49336.0,32077.5,3524.0,1645.0,-51098.0,31255.0
HPLMP01S1A,1894,single_die,-47574.0,31255.0,0.0,1.0,False,,,,,-49336.0,30432.5,-45812.0,32077.5,3524.0,1645.0,-47574.0,31255.0
HPLMP01S1A,1895,single_die,-44050.0,31255.0,0.0,1.0,False,,,,,-45812.0,30432.5,-42288.0,32077.5,3524.0,1645.0,-44050.0,31255.0
HPLMP01S1A,1896,single_die,-40526.0,31255.0,0.0,1.0,False,,,,,-42288.0,30432.5,-38764.0,32077.5,3524.0,1645.0,-40526.0,31255.0
HPLMP01S1A,1897,single_die,-37002.0,31255.0,0.0,1.0,False,,,,,-38764.0,30432.5,-35240.0,32077.5,3524.0,1645.0,-37002.0,31255.0
HPLMP01S1A,1898,single_die,-33478.0,31255.0,0.0,1.0,False,,,,,-35240.0,30432.5,-31716.0,32077.5,3524.0,1645.0,-33478.0,31255.0
HPLMP01S1A,1899,single_die,-29954.0,31255.0,0.0,1.0,False,,,,,-31716.0,30432.5,-28192.0,32077.5,3524.0,1645.0,-29954.0,31255.0
HPLMP01S1A,1900,single_die,-26430.0,31255.0,0.0,1.0,False,,,,,-28192.0,30432.5,-24668.0,32077.5,3524.0,1645.0,-26430.0,31255.0
HPLMP01S1A,1901,single_die,-22906.0,31255.0,0.0,1.0,False,,,,,-24668.0,30432.5,-21144.0,32077.5,3524.0,1645.0,-22906.0,31255.0
HPLMP01S1A,1902,single_die,-19382.0,31255.0,0.0,1.0,False,,,,,-21144.0,30432.5,-17620.0,32077.5,3524.0,1645.0,-19382.0,31255.0
HPLMP01S1A,1903,single_die,-15858.0,31255.0,0.0,1.0,False,,,,,-17620.0,30432.5,-14096.0,32077.5,3524.0,1645.0,-15858.0,31255.0
HPLMP01S1A,1904,single_die,-12334.0,31255.0,0.0,1.0,False,,,,,-14096.0,30432.5,-10572.0,32077.5,3524.0,1645.0,-12334.0,31255.0
HPLMP01S1A,1905,single_die,-8810.0,31255.0,0.0,1.0,False,,,,,-10572.0,30432.5,-7048.0,32077.5,3524.0,1645.0,-8810.0,31255.0
HPLMP01S1A,1906,single_die,-5286.0,31255.0,0.0,1.0,False,,,,,-7048.0,30432.5,-3524.0,32077.5,3524.0,1645.0,-5286.0,31255.0
HPLMP01S1A,1907,single_die,-1762.0,31255.0,0.0,1.0,False,,,,,-3524.0,30432.5,0.0,32077.5,3524.0,1645.0,-1762.0,31255.0
HPLMP01S1A,1908,single_die,1762.0,31255.0,0.0,1.0,False,,,,,0.0,30432.5,3524.0,32077.5,3524.0,1645.0,1762.0,31255.0
HPLMP01S1A,1909,single_die,5286.0,31255.0,0.0,1.0,False,,,,,3524.0,30432.5,7048.0,32077.5,3524.0,1645.0,5286.0,31255.0
HPLMP01S1A,1910,single_die,8810.0,31255.0,0.0,1.0,False,,,,,7048.0,30432.5,10572.0,32077.5,3524.0,1645.0,8810.0,31255.0
HPLMP01S1A,1911,single_die,12334.0,31255.0,0.0,1.0,False,,,,,10572.0,30432.5,14096.0,32077.5,3524.0,1645.0,12334.0,31255.0
HPLMP01S1A,1912,single_die,15858.0,31255.0,0.0,1.0,False,,,,,14096.0,30432.5,17620.0,32077.5,3524.0,1645.0,15858.0,31255.0
HPLMP01S1A,1913,single_die,19382.0,31255.0,0.0,1.0,False,,,,,17620.0,30432.5,21144.0,32077.5,3524.0,1645.0,19382.0,31255.0
HPLMP01S1A,1914,single_die,22906.0,31255.0,0.0,1.0,False,,,,,21144.0,30432.5,24668.0,32077.5,3524.0,1645.0,22906.0,31255.0
HPLMP01S1A,1915,single_die,26430.0,31255.0,0.0,1.0,False,,,,,24668.0,30432.5,28192.0,32077.5,3524.0,1645.0,26430.0,31255.0
HPLMP01S1A,1916,single_die,29954.0,31255.0,0.0,1.0,False,,,,,28192.0,30432.5,31716.0,32077.5,3524.0,1645.0,29954.0,31255.0
HPLMP01S1A,1917,single_die,33478.0,31255.0,0.0,1.0,False,,,,,31716.0,30432.5,35240.0,32077.5,3524.0,1645.0,33478.0,31255.0
HPLMP01S1A,1918,single_die,37002.0,31255.0,0.0,1.0,False,,,,,35240.0,30432.5,38764.0,32077.5,3524.0,1645.0,37002.0,31255.0
HPLMP01S1A,1919,single_die,40526.0,31255.0,0.0,1.0,False,,,,,38764.0,30432.5,42288.0,32077.5,3524.0,1645.0,40526.0,31255.0
HPLMP01S1A,1920,single_die,44050.0,31255.0,0.0,1.0,False,,,,,42288.0,30432.5,45812.0,32077.5,3524.0,1645.0,44050.0,31255.0
HPLMP01S1A,1921,single_die,47574.0,31255.0,0.0,1.0,False,,,,,45812.0,30432.5,49336.0,32077.5,3524.0,1645.0,47574.0,31255.0
HPLMP01S1A,1922,single_die,51098.0,31255.0,0.0,1.0,False,,,,,49336.0,30432.5,52860.0,32077.5,3524.0,1645.0,51098.0,31255.0
HPLMP01S1A,1923,single_die,54622.0,31255.0,0.0,1.0,False,,,,,52860.0,30432.5,56384.0,32077.5,3524.0,1645.0,54622.0,31255.0
HPLMP01S1A,1924,single_die,58146.0,31255.0,0.0,1.0,False,,,,,56384.0,30432.5,59908.0,32077.5,3524.0,1645.0,58146.0,31255.0
HPLMP01S1A,1925,single_die,-54622.0,32900.0,0.0,1.0,False,,,,,-56384.0,32077.5,-52860.0,33722.5,3524.0,1645.0,-54622.0,32900.0
HPLMP01S1A,1926,single_die,-51098.0,32900.0,0.0,1.0,False,,,,,-52860.0,32077.5,-49336.0,33722.5,3524.0,1645.0,-51098.0,32900.0
HPLMP01S1A,1927,single_die,-47574.0,32900.0,0.0,1.0,False,,,,,-49336.0,32077.5,-45812.0,33722.5,3524.0,1645.0,-47574.0,32900.0
HPLMP01S1A,1928,single_die,-44050.0,32900.0,0.0,1.0,False,,,,,-45812.0,32077.5,-42288.0,33722.5,3524.0,1645.0,-44050.0,32900.0
HPLMP01S1A,1929,single_die,-40526.0,32900.0,0.0,1.0,False,,,,,-42288.0,32077.5,-38764.0,33722.5,3524.0,1645.0,-40526.0,32900.0
HPLMP01S1A,1930,single_die,-37002.0,32900.0,0.0,1.0,False,,,,,-38764.0,32077.5,-35240.0,33722.5,3524.0,1645.0,-37002.0,32900.0
HPLMP01S1A,1931,single_die,-33478.0,32900.0,0.0,1.0,False,,,,,-35240.0,32077.5,-31716.0,33722.5,3524.0,1645.0,-33478.0,32900.0
HPLMP01S1A,1932,single_die,-29954.0,32900.0,0.0,1.0,False,,,,,-31716.0,32077.5,-28192.0,33722.5,3524.0,1645.0,-29954.0,32900.0
HPLMP01S1A,1933,single_die,-26430.0,32900.0,0.0,1.0,False,,,,,-28192.0,32077.5,-24668.0,33722.5,3524.0,1645.0,-26430.0,32900.0
HPLMP01S1A,1934,single_die,-22906.0,32900.0,0.0,1.0,False,,,,,-24668.0,32077.5,-21144.0,33722.5,3524.0,1645.0,-22906.0,32900.0
HPLMP01S1A,1935,single_die,-19382.0,32900.0,0.0,1.0,False,,,,,-21144.0,32077.5,-17620.0,33722.5,3524.0,1645.0,-19382.0,32900.0
HPLMP01S1A,1936,single_die,-15858.0,32900.0,0.0,1.0,False,,,,,-17620.0,32077.5,-14096.0,33722.5,3524.0,1645.0,-15858.0,32900.0
HPLMP01S1A,1937,single_die,-12334.0,32900.0,0.0,1.0,False,,,,,-14096.0,32077.5,-10572.0,33722.5,3524.0,1645.0,-12334.0,32900.0
HPLMP01S1A,1938,single_die,-8810.0,32900.0,0.0,1.0,False,,,,,-10572.0,32077.5,-7048.0,33722.5,3524.0,1645.0,-8810.0,32900.0
HPLMP01S1A,1939,single_die,-5286.0,32900.0,0.0,1.0,False,,,,,-7048.0,32077.5,-3524.0,33722.5,3524.0,1645.0,-5286.0,32900.0
HPLMP01S1A,1940,single_die,-1762.0,32900.0,0.0,1.0,False,,,,,-3524.0,32077.5,0.0,33722.5,3524.0,1645.0,-1762.0,32900.0
HPLMP01S1A,1941,single_die,1762.0,32900.0,0.0,1.0,False,,,,,0.0,32077.5,3524.0,33722.5,3524.0,1645.0,1762.0,32900.0
HPLMP01S1A,1942,single_die,5286.0,32900.0,0.0,1.0,False,,,,,3524.0,32077.5,7048.0,33722.5,3524.0,1645.0,5286.0,32900.0
HPLMP01S1A,1943,single_die,8810.0,32900.0,0.0,1.0,False,,,,,7048.0,32077.5,10572.0,33722.5,3524.0,1645.0,8810.0,32900.0
HPLMP01S1A,1944,single_die,12334.0,32900.0,0.0,1.0,False,,,,,10572.0,32077.5,14096.0,33722.5,3524.0,1645.0,12334.0,32900.0
HPLMP01S1A,1945,single_die,15858.0,32900.0,0.0,1.0,False,,,,,14096.0,32077.5,17620.0,33722.5,3524.0,1645.0,15858.0,32900.0
HPLMP01S1A,1946,single_die,19382.0,32900.0,0.0,1.0,False,,,,,17620.0,32077.5,21144.0,33722.5,3524.0,1645.0,19382.0,32900.0
HPLMP01S1A,1947,single_die,22906.0,32900.0,0.0,1.0,False,,,,,21144.0,32077.5,24668.0,33722.5,3524.0,1645.0,22906.0,32900.0
HPLMP01S1A,1948,single_die,26430.0,32900.0,0.0,1.0,False,,,,,24668.0,32077.5,28192.0,33722.5,3524.0,1645.0,26430.0,32900.0
HPLMP01S1A,1949,single_die,29954.0,32900.0,0.0,1.0,False,,,,,28192.0,32077.5,31716.0,33722.5,3524.0,1645.0,29954.0,32900.0
HPLMP01S1A,1950,single_die,33478.0,32900.0,0.0,1.0,False,,,,,31716.0,32077.5,35240.0,33722.5,3524.0,1645.0,33478.0,32900.0
HPLMP01S1A,1951,single_die,37002.0,32900.0,0.0,1.0,False,,,,,35240.0,32077.5,38764.0,33722.5,3524.0,1645.0,37002.0,32900.0
HPLMP01S1A,1952,single_die,40526.0,32900.0,0.0,1.0,False,,,,,38764.0,32077.5,42288.0,33722.5,3524.0,1645.0,40526.0,32900.0
HPLMP01S1A,1953,single_die,44050.0,32900.0,0.0,1.0,False,,,,,42288.0,32077.5,45812.0,33722.5,3524.0,1645.0,44050.0,32900.0
HPLMP01S1A,1954,single_die,47574.0,32900.0,0.0,1.0,False,,,,,45812.0,32077.5,49336.0,33722.5,3524.0,1645.0,47574.0,32900.0
HPLMP01S1A,1955,single_die,51098.0,32900.0,0.0,1.0,False,,,,,49336.0,32077.5,52860.0,33722.5,3524.0,1645.0,51098.0,32900.0
HPLMP01S1A,1956,single_die,54622.0,32900.0,0.0,1.0,False,,,,,52860.0,32077.5,56384.0,33722.5,3524.0,1645.0,54622.0,32900.0
HPLMP01S1A,1957,single_die,-54622.0,34545.0,0.0,1.0,False,,,,,-56384.0,33722.5,-52860.0,35367.5,3524.0,1645.0,-54622.0,34545.0
HPLMP01S1A,1958,single_die,-51098.0,34545.0,0.0,1.0,False,,,,,-52860.0,33722.5,-49336.0,35367.5,3524.0,1645.0,-51098.0,34545.0
HPLMP01S1A,1959,single_die,-47574.0,34545.0,0.0,1.0,False,,,,,-49336.0,33722.5,-45812.0,35367.5,3524.0,1645.0,-47574.0,34545.0
HPLMP01S1A,1960,single_die,-44050.0,34545.0,0.0,1.0,False,,,,,-45812.0,33722.5,-42288.0,35367.5,3524.0,1645.0,-44050.0,34545.0
HPLMP01S1A,1961,single_die,-40526.0,34545.0,0.0,1.0,False,,,,,-42288.0,33722.5,-38764.0,35367.5,3524.0,1645.0,-40526.0,34545.0
HPLMP01S1A,1962,single_die,-37002.0,34545.0,0.0,1.0,False,,,,,-38764.0,33722.5,-35240.0,35367.5,3524.0,1645.0,-37002.0,34545.0
HPLMP01S1A,1963,single_die,-33478.0,34545.0,0.0,1.0,False,,,,,-35240.0,33722.5,-31716.0,35367.5,3524.0,1645.0,-33478.0,34545.0
HPLMP01S1A,1964,single_die,-29954.0,34545.0,0.0,1.0,False,,,,,-31716.0,33722.5,-28192.0,35367.5,3524.0,1645.0,-29954.0,34545.0
HPLMP01S1A,1965,single_die,-26430.0,34545.0,0.0,1.0,False,,,,,-28192.0,33722.5,-24668.0,35367.5,3524.0,1645.0,-26430.0,34545.0
HPLMP01S1A,1966,single_die,-22906.0,34545.0,0.0,1.0,False,,,,,-24668.0,33722.5,-21144.0,35367.5,3524.0,1645.0,-22906.0,34545.0
HPLMP01S1A,1967,single_die,-19382.0,34545.0,0.0,1.0,False,,,,,-21144.0,33722.5,-17620.0,35367.5,3524.0,1645.0,-19382.0,34545.0
HPLMP01S1A,1968,single_die,-15858.0,34545.0,0.0,1.0,False,,,,,-17620.0,33722.5,-14096.0,35367.5,3524.0,1645.0,-15858.0,34545.0
HPLMP01S1A,1969,single_die,-12334.0,34545.0,0.0,1.0,False,,,,,-14096.0,33722.5,-10572.0,35367.5,3524.0,1645.0,-12334.0,34545.0
HPLMP01S1A,1970,single_die,-8810.0,34545.0,0.0,1.0,False,,,,,-10572.0,33722.5,-7048.0,35367.5,3524.0,1645.0,-8810.0,34545.0
HPLMP01S1A,1971,single_die,-5286.0,34545.0,0.0,1.0,False,,,,,-7048.0,33722.5,-3524.0,35367.5,3524.0,1645.0,-5286.0,34545.0
HPLMP01S1A,1972,single_die,-1762.0,34545.0,0.0,1.0,False,,,,,-3524.0,33722.5,0.0,35367.5,3524.0,1645.0,-1762.0,34545.0
HPLMP01S1A,1973,single_die,1762.0,34545.0,0.0,1.0,False,,,,,0.0,33722.5,3524.0,35367.5,3524.0,1645.0,1762.0,34545.0
HPLMP01S1A,1974,single_die,5286.0,34545.0,0.0,1.0,False,,,,,3524.0,33722.5,7048.0,35367.5,3524.0,1645.0,5286.0,34545.0
HPLMP01S1A,1975,single_die,8810.0,34545.0,0.0,1.0,False,,,,,7048.0,33722.5,10572.0,35367.5,3524.0,1645.0,8810.0,34545.0
HPLMP01S1A,1976,single_die,12334.0,34545.0,0.0,1.0,False,,,,,10572.0,33722.5,14096.0,35367.5,3524.0,1645.0,12334.0,34545.0
HPLMP01S1A,1977,single_die,15858.0,34545.0,0.0,1.0,False,,,,,14096.0,33722.5,17620.0,35367.5,3524.0,1645.0,15858.0,34545.0
HPLMP01S1A,1978,single_die,19382.0,34545.0,0.0,1.0,False,,,,,17620.0,33722.5,21144.0,35367.5,3524.0,1645.0,19382.0,34545.0
HPLMP01S1A,1979,single_die,22906.0,34545.0,0.0,1.0,False,,,,,21144.0,33722.5,24668.0,35367.5,3524.0,1645.0,22906.0,34545.0
HPLMP01S1A,1980,single_die,26430.0,34545.0,0.0,1.0,False,,,,,24668.0,33722.5,28192.0,35367.5,3524.0,1645.0,26430.0,34545.0
HPLMP01S1A,1981,single_die,29954.0,34545.0,0.0,1.0,False,,,,,28192.0,33722.5,31716.0,35367.5,3524.0,1645.0,29954.0,34545.0
HPLMP01S1A,1982,single_die,33478.0,34545.0,0.0,1.0,False,,,,,31716.0,33722.5,35240.0,35367.5,3524.0,1645.0,33478.0,34545.0
HPLMP01S1A,1983,single_die,37002.0,34545.0,0.0,1.0,False,,,,,35240.0,33722.5,38764.0,35367.5,3524.0,1645.0,37002.0,34545.0
HPLMP01S1A,1984,single_die,40526.0,34545.0,0.0,1.0,False,,,,,38764.0,33722.5,42288.0,35367.5,3524.0,1645.0,40526.0,34545.0
HPLMP01S1A,1985,single_die,44050.0,34545.0,0.0,1.0,False,,,,,42288.0,33722.5,45812.0,35367.5,3524.0,1645.0,44050.0,34545.0
HPLMP01S1A,1986,single_die,47574.0,34545.0,0.0,1.0,False,,,,,45812.0,33722.5,49336.0,35367.5,3524.0,1645.0,47574.0,34545.0
HPLMP01S1A,1987,single_die,51098.0,34545.0,0.0,1.0,False,,,,,49336.0,33722.5,52860.0,35367.5,3524.0,1645.0,51098.0,34545.0
HPLMP01S1A,1988,single_die,54622.0,34545.0,0.0,1.0,False,,,,,52860.0,33722.5,56384.0,35367.5,3524.0,1645.0,54622.0,34545.0
HPLMP01S1A,1989,single_die,-54622.0,36190.0,0.0,1.0,False,,,,,-56384.0,35367.5,-52860.0,37012.5,3524.0,1645.0,-54622.0,36190.0
HPLMP01S1A,1990,single_die,-51098.0,36190.0,0.0,1.0,False,,,,,-52860.0,35367.5,-49336.0,37012.5,3524.0,1645.0,-51098.0,36190.0
HPLMP01S1A,1991,single_die,-47574.0,36190.0,0.0,1.0,False,,,,,-49336.0,35367.5,-45812.0,37012.5,3524.0,1645.0,-47574.0,36190.0
HPLMP01S1A,1992,single_die,-44050.0,36190.0,0.0,1.0,False,,,,,-45812.0,35367.5,-42288.0,37012.5,3524.0,1645.0,-44050.0,36190.0
HPLMP01S1A,1993,single_die,-40526.0,36190.0,0.0,1.0,False,,,,,-42288.0,35367.5,-38764.0,37012.5,3524.0,1645.0,-40526.0,36190.0
HPLMP01S1A,1994,single_die,-37002.0,36190.0,0.0,1.0,False,,,,,-38764.0,35367.5,-35240.0,37012.5,3524.0,1645.0,-37002.0,36190.0
HPLMP01S1A,1995,single_die,-33478.0,36190.0,0.0,1.0,False,,,,,-35240.0,35367.5,-31716.0,37012.5,3524.0,1645.0,-33478.0,36190.0
HPLMP01S1A,1996,single_die,-29954.0,36190.0,0.0,1.0,False,,,,,-31716.0,35367.5,-28192.0,37012.5,3524.0,1645.0,-29954.0,36190.0
HPLMP01S1A,1997,single_die,-26430.0,36190.0,0.0,1.0,False,,,,,-28192.0,35367.5,-24668.0,37012.5,3524.0,1645.0,-26430.0,36190.0
HPLMP01S1A,1998,single_die,-22906.0,36190.0,0.0,1.0,False,,,,,-24668.0,35367.5,-21144.0,37012.5,3524.0,1645.0,-22906.0,36190.0
HPLMP01S1A,1999,single_die,-19382.0,36190.0,0.0,1.0,False,,,,,-21144.0,35367.5,-17620.0,37012.5,3524.0,1645.0,-19382.0,36190.0
HPLMP01S1A,2000,single_die,-15858.0,36190.0,0.0,1.0,False,,,,,-17620.0,35367.5,-14096.0,37012.5,3524.0,1645.0,-15858.0,36190.0
HPLMP01S1A,2001,single_die,-12334.0,36190.0,0.0,1.0,False,,,,,-14096.0,35367.5,-10572.0,37012.5,3524.0,1645.0,-12334.0,36190.0
HPLMP01S1A,2002,single_die,-8810.0,36190.0,0.0,1.0,False,,,,,-10572.0,35367.5,-7048.0,37012.5,3524.0,1645.0,-8810.0,36190.0
HPLMP01S1A,2003,single_die,-5286.0,36190.0,0.0,1.0,False,,,,,-7048.0,35367.5,-3524.0,37012.5,3524.0,1645.0,-5286.0,36190.0
HPLMP01S1A,2004,single_die,-1762.0,36190.0,0.0,1.0,False,,,,,-3524.0,35367.5,0.0,37012.5,3524.0,1645.0,-1762.0,36190.0
HPLMP01S1A,2005,single_die,1762.0,36190.0,0.0,1.0,False,,,,,0.0,35367.5,3524.0,37012.5,3524.0,1645.0,1762.0,36190.0
HPLMP01S1A,2006,single_die,5286.0,36190.0,0.0,1.0,False,,,,,3524.0,35367.5,7048.0,37012.5,3524.0,1645.0,5286.0,36190.0
HPLMP01S1A,2007,single_die,8810.0,36190.0,0.0,1.0,False,,,,,7048.0,35367.5,10572.0,37012.5,3524.0,1645.0,8810.0,36190.0
HPLMP01S1A,2008,single_die,12334.0,36190.0,0.0,1.0,False,,,,,10572.0,35367.5,14096.0,37012.5,3524.0,1645.0,12334.0,36190.0
HPLMP01S1A,2009,single_die,15858.0,36190.0,0.0,1.0,False,,,,,14096.0,35367.5,17620.0,37012.5,3524.0,1645.0,15858.0,36190.0
HPLMP01S1A,2010,single_die,19382.0,36190.0,0.0,1.0,False,,,,,17620.0,35367.5,21144.0,37012.5,3524.0,1645.0,19382.0,36190.0
HPLMP01S1A,2011,single_die,22906.0,36190.0,0.0,1.0,False,,,,,21144.0,35367.5,24668.0,37012.5,3524.0,1645.0,22906.0,36190.0
HPLMP01S1A,2012,single_die,26430.0,36190.0,0.0,1.0,False,,,,,24668.0,35367.5,28192.0,37012.5,3524.0,1645.0,26430.0,36190.0
HPLMP01S1A,2013,single_die,29954.0,36190.0,0.0,1.0,False,,,,,28192.0,35367.5,31716.0,37012.5,3524.0,1645.0,29954.0,36190.0
HPLMP01S1A,2014,single_die,33478.0,36190.0,0.0,1.0,False,,,,,31716.0,35367.5,35240.0,37012.5,3524.0,1645.0,33478.0,36190.0
HPLMP01S1A,2015,single_die,37002.0,36190.0,0.0,1.0,False,,,,,35240.0,35367.5,38764.0,37012.5,3524.0,1645.0,37002.0,36190.0
HPLMP01S1A,2016,single_die,40526.0,36190.0,0.0,1.0,False,,,,,38764.0,35367.5,42288.0,37012.5,3524.0,1645.0,40526.0,36190.0
HPLMP01S1A,2017,single_die,44050.0,36190.0,0.0,1.0,False,,,,,42288.0,35367.5,45812.0,37012.5,3524.0,1645.0,44050.0,36190.0
HPLMP01S1A,2018,single_die,47574.0,36190.0,0.0,1.0,False,,,,,45812.0,35367.5,49336.0,37012.5,3524.0,1645.0,47574.0,36190.0
HPLMP01S1A,2019,single_die,51098.0,36190.0,0.0,1.0,False,,,,,49336.0,35367.5,52860.0,37012.5,3524.0,1645.0,51098.0,36190.0
HPLMP01S1A,2020,single_die,54622.0,36190.0,0.0,1.0,False,,,,,52860.0,35367.5,56384.0,37012.5,3524.0,1645.0,54622.0,36190.0
HPLMP01S1A,2021,single_die,-54622.0,37835.0,0.0,1.0,False,,,,,-56384.0,37012.5,-52860.0,38657.5,3524.0,1645.0,-54622.0,37835.0
HPLMP01S1A,2022,single_die,-51098.0,37835.0,0.0,1.0,False,,,,,-52860.0,37012.5,-49336.0,38657.5,3524.0,1645.0,-51098.0,37835.0
HPLMP01S1A,2023,single_die,-47574.0,37835.0,0.0,1.0,False,,,,,-49336.0,37012.5,-45812.0,38657.5,3524.0,1645.0,-47574.0,37835.0
HPLMP01S1A,2024,single_die,-44050.0,37835.0,0.0,1.0,False,,,,,-45812.0,37012.5,-42288.0,38657.5,3524.0,1645.0,-44050.0,37835.0
HPLMP01S1A,2025,single_die,-40526.0,37835.0,0.0,1.0,False,,,,,-42288.0,37012.5,-38764.0,38657.5,3524.0,1645.0,-40526.0,37835.0
HPLMP01S1A,2026,single_die,-37002.0,37835.0,0.0,1.0,False,,,,,-38764.0,37012.5,-35240.0,38657.5,3524.0,1645.0,-37002.0,37835.0
HPLMP01S1A,2027,single_die,-33478.0,37835.0,0.0,1.0,False,,,,,-35240.0,37012.5,-31716.0,38657.5,3524.0,1645.0,-33478.0,37835.0
HPLMP01S1A,2028,single_die,-29954.0,37835.0,0.0,1.0,False,,,,,-31716.0,37012.5,-28192.0,38657.5,3524.0,1645.0,-29954.0,37835.0
HPLMP01S1A,2029,single_die,-26430.0,37835.0,0.0,1.0,False,,,,,-28192.0,37012.5,-24668.0,38657.5,3524.0,1645.0,-26430.0,37835.0
HPLMP01S1A,2030,single_die,-22906.0,37835.0,0.0,1.0,False,,,,,-24668.0,37012.5,-21144.0,38657.5,3524.0,1645.0,-22906.0,37835.0
HPLMP01S1A,2031,single_die,-19382.0,37835.0,0.0,1.0,False,,,,,-21144.0,37012.5,-17620.0,38657.5,3524.0,1645.0,-19382.0,37835.0
HPLMP01S1A,2032,single_die,-15858.0,37835.0,0.0,1.0,False,,,,,-17620.0,37012.5,-14096.0,38657.5,3524.0,1645.0,-15858.0,37835.0
HPLMP01S1A,2033,single_die,-12334.0,37835.0,0.0,1.0,False,,,,,-14096.0,37012.5,-10572.0,38657.5,3524.0,1645.0,-12334.0,37835.0
HPLMP01S1A,2034,single_die,-8810.0,37835.0,0.0,1.0,False,,,,,-10572.0,37012.5,-7048.0,38657.5,3524.0,1645.0,-8810.0,37835.0
HPLMP01S1A,2035,single_die,-5286.0,37835.0,0.0,1.0,False,,,,,-7048.0,37012.5,-3524.0,38657.5,3524.0,1645.0,-5286.0,37835.0
HPLMP01S1A,2036,single_die,-1762.0,37835.0,0.0,1.0,False,,,,,-3524.0,37012.5,0.0,38657.5,3524.0,1645.0,-1762.0,37835.0
HPLMP01S1A,2037,single_die,1762.0,37835.0,0.0,1.0,False,,,,,0.0,37012.5,3524.0,38657.5,3524.0,1645.0,1762.0,37835.0
HPLMP01S1A,2038,single_die,5286.0,37835.0,0.0,1.0,False,,,,,3524.0,37012.5,7048.0,38657.5,3524.0,1645.0,5286.0,37835.0
HPLMP01S1A,2039,single_die,8810.0,37835.0,0.0,1.0,False,,,,,7048.0,37012.5,10572.0,38657.5,3524.0,1645.0,8810.0,37835.0
HPLMP01S1A,2040,single_die,12334.0,37835.0,0.0,1.0,False,,,,,10572.0,37012.5,14096.0,38657.5,3524.0,1645.0,12334.0,37835.0
HPLMP01S1A,2041,single_die,15858.0,37835.0,0.0,1.0,False,,,,,14096.0,37012.5,17620.0,38657.5,3524.0,1645.0,15858.0,37835.0
HPLMP01S1A,2042,single_die,19382.0,37835.0,0.0,1.0,False,,,,,17620.0,37012.5,21144.0,38657.5,3524.0,1645.0,19382.0,37835.0
HPLMP01S1A,2043,single_die,22906.0,37835.0,0.0,1.0,False,,,,,21144.0,37012.5,24668.0,38657.5,3524.0,1645.0,22906.0,37835.0
HPLMP01S1A,2044,single_die,26430.0,37835.0,0.0,1.0,False,,,,,24668.0,37012.5,28192.0,38657.5,3524.0,1645.0,26430.0,37835.0
HPLMP01S1A,2045,single_die,29954.0,37835.0,0.0,1.0,False,,,,,28192.0,37012.5,31716.0,38657.5,3524.0,1645.0,29954.0,37835.0
HPLMP01S1A,2046,single_die,33478.0,37835.0,0.0,1.0,False,,,,,31716.0,37012.5,35240.0,38657.5,3524.0,1645.0,33478.0,37835.0
HPLMP01S1A,2047,single_die,37002.0,37835.0,0.0,1.0,False,,,,,35240.0,37012.5,38764.0,38657.5,3524.0,1645.0,37002.0,37835.0
HPLMP01S1A,2048,single_die,40526.0,37835.0,0.0,1.0,False,,,,,38764.0,37012.5,42288.0,38657.5,3524.0,1645.0,40526.0,37835.0
HPLMP01S1A,2049,single_die,44050.0,37835.0,0.0,1.0,False,,,,,42288.0,37012.5,45812.0,38657.5,3524.0,1645.0,44050.0,37835.0
HPLMP01S1A,2050,single_die,47574.0,37835.0,0.0,1.0,False,,,,,45812.0,37012.5,49336.0,38657.5,3524.0,1645.0,47574.0,37835.0
HPLMP01S1A,2051,single_die,51098.0,37835.0,0.0,1.0,False,,,,,49336.0,37012.5,52860.0,38657.5,3524.0,1645.0,51098.0,37835.0
HPLMP01S1A,2052,single_die,54622.0,37835.0,0.0,1.0,False,,,,,52860.0,37012.5,56384.0,38657.5,3524.0,1645.0,54622.0,37835.0
HPLMP01S1A,2053,single_die,-51098.0,39480.0,0.0,1.0,False,,,,,-52860.0,38657.5,-49336.0,40302.5,3524.0,1645.0,-51098.0,39480.0
HPLMP01S1A,2054,single_die,-47574.0,39480.0,0.0,1.0,False,,,,,-49336.0,38657.5,-45812.0,40302.5,3524.0,1645.0,-47574.0,39480.0
HPLMP01S1A,2055,single_die,-44050.0,39480.0,0.0,1.0,False,,,,,-45812.0,38657.5,-42288.0,40302.5,3524.0,1645.0,-44050.0,39480.0
HPLMP01S1A,2056,single_die,-40526.0,39480.0,0.0,1.0,False,,,,,-42288.0,38657.5,-38764.0,40302.5,3524.0,1645.0,-40526.0,39480.0
HPLMP01S1A,2057,single_die,-37002.0,39480.0,0.0,1.0,False,,,,,-38764.0,38657.5,-35240.0,40302.5,3524.0,1645.0,-37002.0,39480.0
HPLMP01S1A,2058,single_die,-33478.0,39480.0,0.0,1.0,False,,,,,-35240.0,38657.5,-31716.0,40302.5,3524.0,1645.0,-33478.0,39480.0
HPLMP01S1A,2059,single_die,-29954.0,39480.0,0.0,1.0,False,,,,,-31716.0,38657.5,-28192.0,40302.5,3524.0,1645.0,-29954.0,39480.0
HPLMP01S1A,2060,single_die,-26430.0,39480.0,0.0,1.0,False,,,,,-28192.0,38657.5,-24668.0,40302.5,3524.0,1645.0,-26430.0,39480.0
HPLMP01S1A,2061,single_die,-22906.0,39480.0,0.0,1.0,False,,,,,-24668.0,38657.5,-21144.0,40302.5,3524.0,1645.0,-22906.0,39480.0
HPLMP01S1A,2062,single_die,-19382.0,39480.0,0.0,1.0,False,,,,,-21144.0,38657.5,-17620.0,40302.5,3524.0,1645.0,-19382.0,39480.0
HPLMP01S1A,2063,single_die,-15858.0,39480.0,0.0,1.0,False,,,,,-17620.0,38657.5,-14096.0,40302.5,3524.0,1645.0,-15858.0,39480.0
HPLMP01S1A,2064,single_die,-12334.0,39480.0,0.0,1.0,False,,,,,-14096.0,38657.5,-10572.0,40302.5,3524.0,1645.0,-12334.0,39480.0
HPLMP01S1A,2065,single_die,-8810.0,39480.0,0.0,1.0,False,,,,,-10572.0,38657.5,-7048.0,40302.5,3524.0,1645.0,-8810.0,39480.0
HPLMP01S1A,2066,single_die,-5286.0,39480.0,0.0,1.0,False,,,,,-7048.0,38657.5,-3524.0,40302.5,3524.0,1645.0,-5286.0,39480.0
HPLMP01S1A,2067,single_die,-1762.0,39480.0,0.0,1.0,False,,,,,-3524.0,38657.5,0.0,40302.5,3524.0,1645.0,-1762.0,39480.0
HPLMP01S1A,2068,single_die,1762.0,39480.0,0.0,1.0,False,,,,,0.0,38657.5,3524.0,40302.5,3524.0,1645.0,1762.0,39480.0
HPLMP01S1A,2069,single_die,5286.0,39480.0,0.0,1.0,False,,,,,3524.0,38657.5,7048.0,40302.5,3524.0,1645.0,5286.0,39480.0
HPLMP01S1A,2070,single_die,8810.0,39480.0,0.0,1.0,False,,,,,7048.0,38657.5,10572.0,40302.5,3524.0,1645.0,8810.0,39480.0
HPLMP01S1A,2071,single_die,12334.0,39480.0,0.0,1.0,False,,,,,10572.0,38657.5,14096.0,40302.5,3524.0,1645.0,12334.0,39480.0
HPLMP01S1A,2072,single_die,15858.0,39480.0,0.0,1.0,False,,,,,14096.0,38657.5,17620.0,40302.5,3524.0,1645.0,15858.0,39480.0
HPLMP01S1A,2073,single_die,19382.0,39480.0,0.0,1.0,False,,,,,17620.0,38657.5,21144.0,40302.5,3524.0,1645.0,19382.0,39480.0
HPLMP01S1A,2074,single_die,22906.0,39480.0,0.0,1.0,False,,,,,21144.0,38657.5,24668.0,40302.5,3524.0,1645.0,22906.0,39480.0
HPLMP01S1A,2075,single_die,26430.0,39480.0,0.0,1.0,False,,,,,24668.0,38657.5,28192.0,40302.5,3524.0,1645.0,26430.0,39480.0
HPLMP01S1A,2076,single_die,29954.0,39480.0,0.0,1.0,False,,,,,28192.0,38657.5,31716.0,40302.5,3524.0,1645.0,29954.0,39480.0
HPLMP01S1A,2077,single_die,33478.0,39480.0,0.0,1.0,False,,,,,31716.0,38657.5,35240.0,40302.5,3524.0,1645.0,33478.0,39480.0
HPLMP01S1A,2078,single_die,37002.0,39480.0,0.0,1.0,False,,,,,35240.0,38657.5,38764.0,40302.5,3524.0,1645.0,37002.0,39480.0
HPLMP01S1A,2079,single_die,40526.0,39480.0,0.0,1.0,False,,,,,38764.0,38657.5,42288.0,40302.5,3524.0,1645.0,40526.0,39480.0
HPLMP01S1A,2080,single_die,44050.0,39480.0,0.0,1.0,False,,,,,42288.0,38657.5,45812.0,40302.5,3524.0,1645.0,44050.0,39480.0
HPLMP01S1A,2081,single_die,47574.0,39480.0,0.0,1.0,False,,,,,45812.0,38657.5,49336.0,40302.5,3524.0,1645.0,47574.0,39480.0
HPLMP01S1A,2082,single_die,51098.0,39480.0,0.0,1.0,False,,,,,49336.0,38657.5,52860.0,40302.5,3524.0,1645.0,51098.0,39480.0
HPLMP01S1A,2083,single_die,-51098.0,41125.0,0.0,1.0,False,,,,,-52860.0,40302.5,-49336.0,41947.5,3524.0,1645.0,-51098.0,41125.0
HPLMP01S1A,2084,single_die,-47574.0,41125.0,0.0,1.0,False,,,,,-49336.0,40302.5,-45812.0,41947.5,3524.0,1645.0,-47574.0,41125.0
HPLMP01S1A,2085,single_die,-44050.0,41125.0,0.0,1.0,False,,,,,-45812.0,40302.5,-42288.0,41947.5,3524.0,1645.0,-44050.0,41125.0
HPLMP01S1A,2086,single_die,-40526.0,41125.0,0.0,1.0,False,,,,,-42288.0,40302.5,-38764.0,41947.5,3524.0,1645.0,-40526.0,41125.0
HPLMP01S1A,2087,single_die,-37002.0,41125.0,0.0,1.0,False,,,,,-38764.0,40302.5,-35240.0,41947.5,3524.0,1645.0,-37002.0,41125.0
HPLMP01S1A,2088,single_die,-33478.0,41125.0,0.0,1.0,False,,,,,-35240.0,40302.5,-31716.0,41947.5,3524.0,1645.0,-33478.0,41125.0
HPLMP01S1A,2089,single_die,-29954.0,41125.0,0.0,1.0,False,,,,,-31716.0,40302.5,-28192.0,41947.5,3524.0,1645.0,-29954.0,41125.0
HPLMP01S1A,2090,single_die,-26430.0,41125.0,0.0,1.0,False,,,,,-28192.0,40302.5,-24668.0,41947.5,3524.0,1645.0,-26430.0,41125.0
HPLMP01S1A,2091,single_die,-22906.0,41125.0,0.0,1.0,False,,,,,-24668.0,40302.5,-21144.0,41947.5,3524.0,1645.0,-22906.0,41125.0
HPLMP01S1A,2092,single_die,-19382.0,41125.0,0.0,1.0,False,,,,,-21144.0,40302.5,-17620.0,41947.5,3524.0,1645.0,-19382.0,41125.0
HPLMP01S1A,2093,single_die,-15858.0,41125.0,0.0,1.0,False,,,,,-17620.0,40302.5,-14096.0,41947.5,3524.0,1645.0,-15858.0,41125.0
HPLMP01S1A,2094,single_die,-12334.0,41125.0,0.0,1.0,False,,,,,-14096.0,40302.5,-10572.0,41947.5,3524.0,1645.0,-12334.0,41125.0
HPLMP01S1A,2095,single_die,-8810.0,41125.0,0.0,1.0,False,,,,,-10572.0,40302.5,-7048.0,41947.5,3524.0,1645.0,-8810.0,41125.0
HPLMP01S1A,2096,single_die,-5286.0,41125.0,0.0,1.0,False,,,,,-7048.0,40302.5,-3524.0,41947.5,3524.0,1645.0,-5286.0,41125.0
HPLMP01S1A,2097,single_die,-1762.0,41125.0,0.0,1.0,False,,,,,-3524.0,40302.5,0.0,41947.5,3524.0,1645.0,-1762.0,41125.0
HPLMP01S1A,2098,single_die,1762.0,41125.0,0.0,1.0,False,,,,,0.0,40302.5,3524.0,41947.5,3524.0,1645.0,1762.0,41125.0
HPLMP01S1A,2099,single_die,5286.0,41125.0,0.0,1.0,False,,,,,3524.0,40302.5,7048.0,41947.5,3524.0,1645.0,5286.0,41125.0
HPLMP01S1A,2100,single_die,8810.0,41125.0,0.0,1.0,False,,,,,7048.0,40302.5,10572.0,41947.5,3524.0,1645.0,8810.0,41125.0
HPLMP01S1A,2101,single_die,12334.0,41125.0,0.0,1.0,False,,,,,10572.0,40302.5,14096.0,41947.5,3524.0,1645.0,12334.0,41125.0
HPLMP01S1A,2102,single_die,15858.0,41125.0,0.0,1.0,False,,,,,14096.0,40302.5,17620.0,41947.5,3524.0,1645.0,15858.0,41125.0
HPLMP01S1A,2103,single_die,19382.0,41125.0,0.0,1.0,False,,,,,17620.0,40302.5,21144.0,41947.5,3524.0,1645.0,19382.0,41125.0
HPLMP01S1A,2104,single_die,22906.0,41125.0,0.0,1.0,False,,,,,21144.0,40302.5,24668.0,41947.5,3524.0,1645.0,22906.0,41125.0
HPLMP01S1A,2105,single_die,26430.0,41125.0,0.0,1.0,False,,,,,24668.0,40302.5,28192.0,41947.5,3524.0,1645.0,26430.0,41125.0
HPLMP01S1A,2106,single_die,29954.0,41125.0,0.0,1.0,False,,,,,28192.0,40302.5,31716.0,41947.5,3524.0,1645.0,29954.0,41125.0
HPLMP01S1A,2107,single_die,33478.0,41125.0,0.0,1.0,False,,,,,31716.0,40302.5,35240.0,41947.5,3524.0,1645.0,33478.0,41125.0
HPLMP01S1A,2108,single_die,37002.0,41125.0,0.0,1.0,False,,,,,35240.0,40302.5,38764.0,41947.5,3524.0,1645.0,37002.0,41125.0
HPLMP01S1A,2109,single_die,40526.0,41125.0,0.0,1.0,False,,,,,38764.0,40302.5,42288.0,41947.5,3524.0,1645.0,40526.0,41125.0
HPLMP01S1A,2110,single_die,44050.0,41125.0,0.0,1.0,False,,,,,42288.0,40302.5,45812.0,41947.5,3524.0,1645.0,44050.0,41125.0
HPLMP01S1A,2111,single_die,47574.0,41125.0,0.0,1.0,False,,,,,45812.0,40302.5,49336.0,41947.5,3524.0,1645.0,47574.0,41125.0
HPLMP01S1A,2112,single_die,51098.0,41125.0,0.0,1.0,False,,,,,49336.0,40302.5,52860.0,41947.5,3524.0,1645.0,51098.0,41125.0
HPLMP01S1A,2113,single_die,-47574.0,42770.0,0.0,1.0,False,,,,,-49336.0,41947.5,-45812.0,43592.5,3524.0,1645.0,-47574.0,42770.0
HPLMP01S1A,2114,single_die,-40526.0,42770.0,0.0,1.0,False,,,,,-42288.0,41947.5,-38764.0,43592.5,3524.0,1645.0,-40526.0,42770.0
HPLMP01S1A,2115,single_die,-37002.0,42770.0,0.0,1.0,False,,,,,-38764.0,41947.5,-35240.0,43592.5,3524.0,1645.0,-37002.0,42770.0
HPLMP01S1A,2116,single_die,-33478.0,42770.0,0.0,1.0,False,,,,,-35240.0,41947.5,-31716.0,43592.5,3524.0,1645.0,-33478.0,42770.0
HPLMP01S1A,2117,single_die,-29954.0,42770.0,0.0,1.0,False,,,,,-31716.0,41947.5,-28192.0,43592.5,3524.0,1645.0,-29954.0,42770.0
HPLMP01S1A,2118,single_die,-26430.0,42770.0,0.0,1.0,False,,,,,-28192.0,41947.5,-24668.0,43592.5,3524.0,1645.0,-26430.0,42770.0
HPLMP01S1A,2119,single_die,-22906.0,42770.0,0.0,1.0,False,,,,,-24668.0,41947.5,-21144.0,43592.5,3524.0,1645.0,-22906.0,42770.0
HPLMP01S1A,2120,single_die,-19382.0,42770.0,0.0,1.0,False,,,,,-21144.0,41947.5,-17620.0,43592.5,3524.0,1645.0,-19382.0,42770.0
HPLMP01S1A,2121,single_die,-15858.0,42770.0,0.0,1.0,False,,,,,-17620.0,41947.5,-14096.0,43592.5,3524.0,1645.0,-15858.0,42770.0
HPLMP01S1A,2122,single_die,-12334.0,42770.0,0.0,1.0,False,,,,,-14096.0,41947.5,-10572.0,43592.5,3524.0,1645.0,-12334.0,42770.0
HPLMP01S1A,2123,single_die,-5286.0,42770.0,0.0,1.0,False,,,,,-7048.0,41947.5,-3524.0,43592.5,3524.0,1645.0,-5286.0,42770.0
HPLMP01S1A,2124,single_die,-1762.0,42770.0,0.0,1.0,False,,,,,-3524.0,41947.5,0.0,43592.5,3524.0,1645.0,-1762.0,42770.0
HPLMP01S1A,2125,single_die,1762.0,42770.0,0.0,1.0,False,,,,,0.0,41947.5,3524.0,43592.5,3524.0,1645.0,1762.0,42770.0
HPLMP01S1A,2126,single_die,5286.0,42770.0,0.0,1.0,False,,,,,3524.0,41947.5,7048.0,43592.5,3524.0,1645.0,5286.0,42770.0
HPLMP01S1A,2127,single_die,8810.0,42770.0,0.0,1.0,False,,,,,7048.0,41947.5,10572.0,43592.5,3524.0,1645.0,8810.0,42770.0
HPLMP01S1A,2128,single_die,12334.0,42770.0,0.0,1.0,False,,,,,10572.0,41947.5,14096.0,43592.5,3524.0,1645.0,12334.0,42770.0
HPLMP01S1A,2129,single_die,15858.0,42770.0,0.0,1.0,False,,,,,14096.0,41947.5,17620.0,43592.5,3524.0,1645.0,15858.0,42770.0
HPLMP01S1A,2130,single_die,19382.0,42770.0,0.0,1.0,False,,,,,17620.0,41947.5,21144.0,43592.5,3524.0,1645.0,19382.0,42770.0
HPLMP01S1A,2131,single_die,22906.0,42770.0,0.0,1.0,False,,,,,21144.0,41947.5,24668.0,43592.5,3524.0,1645.0,22906.0,42770.0
HPLMP01S1A,2132,single_die,29954.0,42770.0,0.0,1.0,False,,,,,28192.0,41947.5,31716.0,43592.5,3524.0,1645.0,29954.0,42770.0
HPLMP01S1A,2133,single_die,33478.0,42770.0,0.0,1.0,False,,,,,31716.0,41947.5,35240.0,43592.5,3524.0,1645.0,33478.0,42770.0
HPLMP01S1A,2134,single_die,37002.0,42770.0,0.0,1.0,False,,,,,35240.0,41947.5,38764.0,43592.5,3524.0,1645.0,37002.0,42770.0
HPLMP01S1A,2135,single_die,40526.0,42770.0,0.0,1.0,False,,,,,38764.0,41947.5,42288.0,43592.5,3524.0,1645.0,40526.0,42770.0
HPLMP01S1A,2136,single_die,44050.0,42770.0,0.0,1.0,False,,,,,42288.0,41947.5,45812.0,43592.5,3524.0,1645.0,44050.0,42770.0
HPLMP01S1A,2137,single_die,47574.0,42770.0,0.0,1.0,False,,,,,45812.0,41947.5,49336.0,43592.5,3524.0,1645.0,47574.0,42770.0
HPLMP01S1A,2138,single_die,-47574.0,44415.0,0.0,1.0,False,,,,,-49336.0,43592.5,-45812.0,45237.5,3524.0,1645.0,-47574.0,44415.0
HPLMP01S1A,2139,single_die,-40526.0,44415.0,0.0,1.0,False,,,,,-42288.0,43592.5,-38764.0,45237.5,3524.0,1645.0,-40526.0,44415.0
HPLMP01S1A,2140,single_die,-37002.0,44415.0,0.0,1.0,False,,,,,-38764.0,43592.5,-35240.0,45237.5,3524.0,1645.0,-37002.0,44415.0
HPLMP01S1A,2141,single_die,-33478.0,44415.0,0.0,1.0,False,,,,,-35240.0,43592.5,-31716.0,45237.5,3524.0,1645.0,-33478.0,44415.0
HPLMP01S1A,2142,single_die,-29954.0,44415.0,0.0,1.0,False,,,,,-31716.0,43592.5,-28192.0,45237.5,3524.0,1645.0,-29954.0,44415.0
HPLMP01S1A,2143,single_die,-26430.0,44415.0,0.0,1.0,False,,,,,-28192.0,43592.5,-24668.0,45237.5,3524.0,1645.0,-26430.0,44415.0
HPLMP01S1A,2144,single_die,-22906.0,44415.0,0.0,1.0,False,,,,,-24668.0,43592.5,-21144.0,45237.5,3524.0,1645.0,-22906.0,44415.0
HPLMP01S1A,2145,single_die,-19382.0,44415.0,0.0,1.0,False,,,,,-21144.0,43592.5,-17620.0,45237.5,3524.0,1645.0,-19382.0,44415.0
HPLMP01S1A,2146,single_die,-15858.0,44415.0,0.0,1.0,False,,,,,-17620.0,43592.5,-14096.0,45237.5,3524.0,1645.0,-15858.0,44415.0
HPLMP01S1A,2147,single_die,-12334.0,44415.0,0.0,1.0,False,,,,,-14096.0,43592.5,-10572.0,45237.5,3524.0,1645.0,-12334.0,44415.0
HPLMP01S1A,2148,single_die,-5286.0,44415.0,0.0,1.0,False,,,,,-7048.0,43592.5,-3524.0,45237.5,3524.0,1645.0,-5286.0,44415.0
HPLMP01S1A,2149,single_die,-1762.0,44415.0,0.0,1.0,False,,,,,-3524.0,43592.5,0.0,45237.5,3524.0,1645.0,-1762.0,44415.0
HPLMP01S1A,2150,single_die,1762.0,44415.0,0.0,1.0,False,,,,,0.0,43592.5,3524.0,45237.5,3524.0,1645.0,1762.0,44415.0
HPLMP01S1A,2151,single_die,5286.0,44415.0,0.0,1.0,False,,,,,3524.0,43592.5,7048.0,45237.5,3524.0,1645.0,5286.0,44415.0
HPLMP01S1A,2152,single_die,8810.0,44415.0,0.0,1.0,False,,,,,7048.0,43592.5,10572.0,45237.5,3524.0,1645.0,8810.0,44415.0
HPLMP01S1A,2153,single_die,12334.0,44415.0,0.0,1.0,False,,,,,10572.0,43592.5,14096.0,45237.5,3524.0,1645.0,12334.0,44415.0
HPLMP01S1A,2154,single_die,15858.0,44415.0,0.0,1.0,False,,,,,14096.0,43592.5,17620.0,45237.5,3524.0,1645.0,15858.0,44415.0
HPLMP01S1A,2155,single_die,19382.0,44415.0,0.0,1.0,False,,,,,17620.0,43592.5,21144.0,45237.5,3524.0,1645.0,19382.0,44415.0
HPLMP01S1A,2156,single_die,22906.0,44415.0,0.0,1.0,False,,,,,21144.0,43592.5,24668.0,45237.5,3524.0,1645.0,22906.0,44415.0
HPLMP01S1A,2157,single_die,29954.0,44415.0,0.0,1.0,False,,,,,28192.0,43592.5,31716.0,45237.5,3524.0,1645.0,29954.0,44415.0
HPLMP01S1A,2158,single_die,33478.0,44415.0,0.0,1.0,False,,,,,31716.0,43592.5,35240.0,45237.5,3524.0,1645.0,33478.0,44415.0
HPLMP01S1A,2159,single_die,37002.0,44415.0,0.0,1.0,False,,,,,35240.0,43592.5,38764.0,45237.5,3524.0,1645.0,37002.0,44415.0
HPLMP01S1A,2160,single_die,40526.0,44415.0,0.0,1.0,False,,,,,38764.0,43592.5,42288.0,45237.5,3524.0,1645.0,40526.0,44415.0
HPLMP01S1A,2161,single_die,44050.0,44415.0,0.0,1.0,False,,,,,42288.0,43592.5,45812.0,45237.5,3524.0,1645.0,44050.0,44415.0
HPLMP01S1A,2162,single_die,47574.0,44415.0,0.0,1.0,False,,,,,45812.0,43592.5,49336.0,45237.5,3524.0,1645.0,47574.0,44415.0
HPLMP01S1A,2163,single_die,-47574.0,46060.0,0.0,1.0,False,,,,,-49336.0,45237.5,-45812.0,46882.5,3524.0,1645.0,-47574.0,46060.0
HPLMP01S1A,2164,single_die,-44050.0,46060.0,0.0,1.0,False,,,,,-45812.0,45237.5,-42288.0,46882.5,3524.0,1645.0,-44050.0,46060.0
HPLMP01S1A,2165,single_die,-37002.0,46060.0,0.0,1.0,False,,,,,-38764.0,45237.5,-35240.0,46882.5,3524.0,1645.0,-37002.0,46060.0
HPLMP01S1A,2166,single_die,-33478.0,46060.0,0.0,1.0,False,,,,,-35240.0,45237.5,-31716.0,46882.5,3524.0,1645.0,-33478.0,46060.0
HPLMP01S1A,2167,single_die,-29954.0,46060.0,0.0,1.0,False,,,,,-31716.0,45237.5,-28192.0,46882.5,3524.0,1645.0,-29954.0,46060.0
HPLMP01S1A,2168,single_die,-26430.0,46060.0,0.0,1.0,False,,,,,-28192.0,45237.5,-24668.0,46882.5,3524.0,1645.0,-26430.0,46060.0
HPLMP01S1A,2169,single_die,-22906.0,46060.0,0.0,1.0,False,,,,,-24668.0,45237.5,-21144.0,46882.5,3524.0,1645.0,-22906.0,46060.0
HPLMP01S1A,2170,single_die,-19382.0,46060.0,0.0,1.0,False,,,,,-21144.0,45237.5,-17620.0,46882.5,3524.0,1645.0,-19382.0,46060.0
HPLMP01S1A,2171,single_die,-15858.0,46060.0,0.0,1.0,False,,,,,-17620.0,45237.5,-14096.0,46882.5,3524.0,1645.0,-15858.0,46060.0
HPLMP01S1A,2172,single_die,-12334.0,46060.0,0.0,1.0,False,,,,,-14096.0,45237.5,-10572.0,46882.5,3524.0,1645.0,-12334.0,46060.0
HPLMP01S1A,2173,single_die,-8810.0,46060.0,0.0,1.0,False,,,,,-10572.0,45237.5,-7048.0,46882.5,3524.0,1645.0,-8810.0,46060.0
HPLMP01S1A,2174,single_die,-5286.0,46060.0,0.0,1.0,False,,,,,-7048.0,45237.5,-3524.0,46882.5,3524.0,1645.0,-5286.0,46060.0
HPLMP01S1A,2175,single_die,-1762.0,46060.0,0.0,1.0,False,,,,,-3524.0,45237.5,0.0,46882.5,3524.0,1645.0,-1762.0,46060.0
HPLMP01S1A,2176,single_die,1762.0,46060.0,0.0,1.0,False,,,,,0.0,45237.5,3524.0,46882.5,3524.0,1645.0,1762.0,46060.0
HPLMP01S1A,2177,single_die,5286.0,46060.0,0.0,1.0,False,,,,,3524.0,45237.5,7048.0,46882.5,3524.0,1645.0,5286.0,46060.0
HPLMP01S1A,2178,single_die,8810.0,46060.0,0.0,1.0,False,,,,,7048.0,45237.5,10572.0,46882.5,3524.0,1645.0,8810.0,46060.0
HPLMP01S1A,2179,single_die,12334.0,46060.0,0.0,1.0,False,,,,,10572.0,45237.5,14096.0,46882.5,3524.0,1645.0,12334.0,46060.0
HPLMP01S1A,2180,single_die,15858.0,46060.0,0.0,1.0,False,,,,,14096.0,45237.5,17620.0,46882.5,3524.0,1645.0,15858.0,46060.0
HPLMP01S1A,2181,single_die,19382.0,46060.0,0.0,1.0,False,,,,,17620.0,45237.5,21144.0,46882.5,3524.0,1645.0,19382.0,46060.0
HPLMP01S1A,2182,single_die,22906.0,46060.0,0.0,1.0,False,,,,,21144.0,45237.5,24668.0,46882.5,3524.0,1645.0,22906.0,46060.0
HPLMP01S1A,2183,single_die,26430.0,46060.0,0.0,1.0,False,,,,,24668.0,45237.5,28192.0,46882.5,3524.0,1645.0,26430.0,46060.0
HPLMP01S1A,2184,single_die,29954.0,46060.0,0.0,1.0,False,,,,,28192.0,45237.5,31716.0,46882.5,3524.0,1645.0,29954.0,46060.0
HPLMP01S1A,2185,single_die,33478.0,46060.0,0.0,1.0,False,,,,,31716.0,45237.5,35240.0,46882.5,3524.0,1645.0,33478.0,46060.0
HPLMP01S1A,2186,single_die,37002.0,46060.0,0.0,1.0,False,,,,,35240.0,45237.5,38764.0,46882.5,3524.0,1645.0,37002.0,46060.0
HPLMP01S1A,2187,single_die,40526.0,46060.0,0.0,1.0,False,,,,,38764.0,45237.5,42288.0,46882.5,3524.0,1645.0,40526.0,46060.0
HPLMP01S1A,2188,single_die,44050.0,46060.0,0.0,1.0,False,,,,,42288.0,45237.5,45812.0,46882.5,3524.0,1645.0,44050.0,46060.0
HPLMP01S1A,2189,single_die,47574.0,46060.0,0.0,1.0,False,,,,,45812.0,45237.5,49336.0,46882.5,3524.0,1645.0,47574.0,46060.0
HPLMP01S1A,2190,single_die,-44050.0,47705.0,0.0,1.0,False,,,,,-45812.0,46882.5,-42288.0,48527.5,3524.0,1645.0,-44050.0,47705.0
HPLMP01S1A,2191,single_die,-40526.0,47705.0,0.0,1.0,False,,,,,-42288.0,46882.5,-38764.0,48527.5,3524.0,1645.0,-40526.0,47705.0
HPLMP01S1A,2192,single_die,-37002.0,47705.0,0.0,1.0,False,,,,,-38764.0,46882.5,-35240.0,48527.5,3524.0,1645.0,-37002.0,47705.0
HPLMP01S1A,2193,single_die,-33478.0,47705.0,0.0,1.0,False,,,,,-35240.0,46882.5,-31716.0,48527.5,3524.0,1645.0,-33478.0,47705.0
HPLMP01S1A,2194,single_die,-29954.0,47705.0,0.0,1.0,False,,,,,-31716.0,46882.5,-28192.0,48527.5,3524.0,1645.0,-29954.0,47705.0
HPLMP01S1A,2195,single_die,-26430.0,47705.0,0.0,1.0,False,,,,,-28192.0,46882.5,-24668.0,48527.5,3524.0,1645.0,-26430.0,47705.0
HPLMP01S1A,2196,single_die,-22906.0,47705.0,0.0,1.0,False,,,,,-24668.0,46882.5,-21144.0,48527.5,3524.0,1645.0,-22906.0,47705.0
HPLMP01S1A,2197,single_die,-19382.0,47705.0,0.0,1.0,False,,,,,-21144.0,46882.5,-17620.0,48527.5,3524.0,1645.0,-19382.0,47705.0
HPLMP01S1A,2198,single_die,-15858.0,47705.0,0.0,1.0,False,,,,,-17620.0,46882.5,-14096.0,48527.5,3524.0,1645.0,-15858.0,47705.0
HPLMP01S1A,2199,single_die,-12334.0,47705.0,0.0,1.0,False,,,,,-14096.0,46882.5,-10572.0,48527.5,3524.0,1645.0,-12334.0,47705.0
HPLMP01S1A,2200,single_die,-8810.0,47705.0,0.0,1.0,False,,,,,-10572.0,46882.5,-7048.0,48527.5,3524.0,1645.0,-8810.0,47705.0
HPLMP01S1A,2201,single_die,-5286.0,47705.0,0.0,1.0,False,,,,,-7048.0,46882.5,-3524.0,48527.5,3524.0,1645.0,-5286.0,47705.0
HPLMP01S1A,2202,single_die,-1762.0,47705.0,0.0,1.0,False,,,,,-3524.0,46882.5,0.0,48527.5,3524.0,1645.0,-1762.0,47705.0
HPLMP01S1A,2203,single_die,1762.0,47705.0,0.0,1.0,False,,,,,0.0,46882.5,3524.0,48527.5,3524.0,1645.0,1762.0,47705.0
HPLMP01S1A,2204,single_die,5286.0,47705.0,0.0,1.0,False,,,,,3524.0,46882.5,7048.0,48527.5,3524.0,1645.0,5286.0,47705.0
HPLMP01S1A,2205,single_die,8810.0,47705.0,0.0,1.0,False,,,,,7048.0,46882.5,10572.0,48527.5,3524.0,1645.0,8810.0,47705.0
HPLMP01S1A,2206,single_die,12334.0,47705.0,0.0,1.0,False,,,,,10572.0,46882.5,14096.0,48527.5,3524.0,1645.0,12334.0,47705.0
HPLMP01S1A,2207,single_die,15858.0,47705.0,0.0,1.0,False,,,,,14096.0,46882.5,17620.0,48527.5,3524.0,1645.0,15858.0,47705.0
HPLMP01S1A,2208,single_die,19382.0,47705.0,0.0,1.0,False,,,,,17620.0,46882.5,21144.0,48527.5,3524.0,1645.0,19382.0,47705.0
HPLMP01S1A,2209,single_die,22906.0,47705.0,0.0,1.0,False,,,,,21144.0,46882.5,24668.0,48527.5,3524.0,1645.0,22906.0,47705.0
HPLMP01S1A,2210,single_die,26430.0,47705.0,0.0,1.0,False,,,,,24668.0,46882.5,28192.0,48527.5,3524.0,1645.0,26430.0,47705.0
HPLMP01S1A,2211,single_die,29954.0,47705.0,0.0,1.0,False,,,,,28192.0,46882.5,31716.0,48527.5,3524.0,1645.0,29954.0,47705.0
HPLMP01S1A,2212,single_die,33478.0,47705.0,0.0,1.0,False,,,,,31716.0,46882.5,35240.0,48527.5,3524.0,1645.0,33478.0,47705.0
HPLMP01S1A,2213,single_die,37002.0,47705.0,0.0,1.0,False,,,,,35240.0,46882.5,38764.0,48527.5,3524.0,1645.0,37002.0,47705.0
HPLMP01S1A,2214,single_die,40526.0,47705.0,0.0,1.0,False,,,,,38764.0,46882.5,42288.0,48527.5,3524.0,1645.0,40526.0,47705.0
HPLMP01S1A,2215,single_die,44050.0,47705.0,0.0,1.0,False,,,,,42288.0,46882.5,45812.0,48527.5,3524.0,1645.0,44050.0,47705.0
HPLMP01S1A,2216,single_die,-44050.0,49350.0,0.0,1.0,False,,,,,-45812.0,48527.5,-42288.0,50172.5,3524.0,1645.0,-44050.0,49350.0
HPLMP01S1A,2217,single_die,-40526.0,49350.0,0.0,1.0,False,,,,,-42288.0,48527.5,-38764.0,50172.5,3524.0,1645.0,-40526.0,49350.0
HPLMP01S1A,2218,single_die,-37002.0,49350.0,0.0,1.0,False,,,,,-38764.0,48527.5,-35240.0,50172.5,3524.0,1645.0,-37002.0,49350.0
HPLMP01S1A,2219,single_die,-33478.0,49350.0,0.0,1.0,False,,,,,-35240.0,48527.5,-31716.0,50172.5,3524.0,1645.0,-33478.0,49350.0
HPLMP01S1A,2220,single_die,-29954.0,49350.0,0.0,1.0,False,,,,,-31716.0,48527.5,-28192.0,50172.5,3524.0,1645.0,-29954.0,49350.0
HPLMP01S1A,2221,single_die,-26430.0,49350.0,0.0,1.0,False,,,,,-28192.0,48527.5,-24668.0,50172.5,3524.0,1645.0,-26430.0,49350.0
HPLMP01S1A,2222,single_die,-22906.0,49350.0,0.0,1.0,False,,,,,-24668.0,48527.5,-21144.0,50172.5,3524.0,1645.0,-22906.0,49350.0
HPLMP01S1A,2223,single_die,-19382.0,49350.0,0.0,1.0,False,,,,,-21144.0,48527.5,-17620.0,50172.5,3524.0,1645.0,-19382.0,49350.0
HPLMP01S1A,2224,single_die,-15858.0,49350.0,0.0,1.0,False,,,,,-17620.0,48527.5,-14096.0,50172.5,3524.0,1645.0,-15858.0,49350.0
HPLMP01S1A,2225,single_die,-12334.0,49350.0,0.0,1.0,False,,,,,-14096.0,48527.5,-10572.0,50172.5,3524.0,1645.0,-12334.0,49350.0
HPLMP01S1A,2226,single_die,-8810.0,49350.0,0.0,1.0,False,,,,,-10572.0,48527.5,-7048.0,50172.5,3524.0,1645.0,-8810.0,49350.0
HPLMP01S1A,2227,single_die,-5286.0,49350.0,0.0,1.0,False,,,,,-7048.0,48527.5,-3524.0,50172.5,3524.0,1645.0,-5286.0,49350.0
HPLMP01S1A,2228,single_die,-1762.0,49350.0,0.0,1.0,False,,,,,-3524.0,48527.5,0.0,50172.5,3524.0,1645.0,-1762.0,49350.0
HPLMP01S1A,2229,single_die,1762.0,49350.0,0.0,1.0,False,,,,,0.0,48527.5,3524.0,50172.5,3524.0,1645.0,1762.0,49350.0
HPLMP01S1A,2230,single_die,5286.0,49350.0,0.0,1.0,False,,,,,3524.0,48527.5,7048.0,50172.5,3524.0,1645.0,5286.0,49350.0
HPLMP01S1A,2231,single_die,8810.0,49350.0,0.0,1.0,False,,,,,7048.0,48527.5,10572.0,50172.5,3524.0,1645.0,8810.0,49350.0
HPLMP01S1A,2232,single_die,12334.0,49350.0,0.0,1.0,False,,,,,10572.0,48527.5,14096.0,50172.5,3524.0,1645.0,12334.0,49350.0
HPLMP01S1A,2233,single_die,15858.0,49350.0,0.0,1.0,False,,,,,14096.0,48527.5,17620.0,50172.5,3524.0,1645.0,15858.0,49350.0
HPLMP01S1A,2234,single_die,19382.0,49350.0,0.0,1.0,False,,,,,17620.0,48527.5,21144.0,50172.5,3524.0,1645.0,19382.0,49350.0
HPLMP01S1A,2235,single_die,22906.0,49350.0,0.0,1.0,False,,,,,21144.0,48527.5,24668.0,50172.5,3524.0,1645.0,22906.0,49350.0
HPLMP01S1A,2236,single_die,26430.0,49350.0,0.0,1.0,False,,,,,24668.0,48527.5,28192.0,50172.5,3524.0,1645.0,26430.0,49350.0
HPLMP01S1A,2237,single_die,29954.0,49350.0,0.0,1.0,False,,,,,28192.0,48527.5,31716.0,50172.5,3524.0,1645.0,29954.0,49350.0
HPLMP01S1A,2238,single_die,33478.0,49350.0,0.0,1.0,False,,,,,31716.0,48527.5,35240.0,50172.5,3524.0,1645.0,33478.0,49350.0
HPLMP01S1A,2239,single_die,37002.0,49350.0,0.0,1.0,False,,,,,35240.0,48527.5,38764.0,50172.5,3524.0,1645.0,37002.0,49350.0
HPLMP01S1A,2240,single_die,40526.0,49350.0,0.0,1.0,False,,,,,38764.0,48527.5,42288.0,50172.5,3524.0,1645.0,40526.0,49350.0
HPLMP01S1A,2241,single_die,44050.0,49350.0,0.0,1.0,False,,,,,42288.0,48527.5,45812.0,50172.5,3524.0,1645.0,44050.0,49350.0
HPLMP01S1A,2242,single_die,-40526.0,50995.0,0.0,1.0,False,,,,,-42288.0,50172.5,-38764.0,51817.5,3524.0,1645.0,-40526.0,50995.0
HPLMP01S1A,2243,single_die,-37002.0,50995.0,0.0,1.0,False,,,,,-38764.0,50172.5,-35240.0,51817.5,3524.0,1645.0,-37002.0,50995.0
HPLMP01S1A,2244,single_die,-33478.0,50995.0,0.0,1.0,False,,,,,-35240.0,50172.5,-31716.0,51817.5,3524.0,1645.0,-33478.0,50995.0
HPLMP01S1A,2245,single_die,-29954.0,50995.0,0.0,1.0,False,,,,,-31716.0,50172.5,-28192.0,51817.5,3524.0,1645.0,-29954.0,50995.0
HPLMP01S1A,2246,single_die,-26430.0,50995.0,0.0,1.0,False,,,,,-28192.0,50172.5,-24668.0,51817.5,3524.0,1645.0,-26430.0,50995.0
HPLMP01S1A,2247,single_die,-22906.0,50995.0,0.0,1.0,False,,,,,-24668.0,50172.5,-21144.0,51817.5,3524.0,1645.0,-22906.0,50995.0
HPLMP01S1A,2248,single_die,-19382.0,50995.0,0.0,1.0,False,,,,,-21144.0,50172.5,-17620.0,51817.5,3524.0,1645.0,-19382.0,50995.0
HPLMP01S1A,2249,single_die,-15858.0,50995.0,0.0,1.0,False,,,,,-17620.0,50172.5,-14096.0,51817.5,3524.0,1645.0,-15858.0,50995.0
HPLMP01S1A,2250,single_die,-12334.0,50995.0,0.0,1.0,False,,,,,-14096.0,50172.5,-10572.0,51817.5,3524.0,1645.0,-12334.0,50995.0
HPLMP01S1A,2251,single_die,-8810.0,50995.0,0.0,1.0,False,,,,,-10572.0,50172.5,-7048.0,51817.5,3524.0,1645.0,-8810.0,50995.0
HPLMP01S1A,2252,single_die,-5286.0,50995.0,0.0,1.0,False,,,,,-7048.0,50172.5,-3524.0,51817.5,3524.0,1645.0,-5286.0,50995.0
HPLMP01S1A,2253,single_die,-1762.0,50995.0,0.0,1.0,False,,,,,-3524.0,50172.5,0.0,51817.5,3524.0,1645.0,-1762.0,50995.0
HPLMP01S1A,2254,single_die,1762.0,50995.0,0.0,1.0,False,,,,,0.0,50172.5,3524.0,51817.5,3524.0,1645.0,1762.0,50995.0
HPLMP01S1A,2255,single_die,5286.0,50995.0,0.0,1.0,False,,,,,3524.0,50172.5,7048.0,51817.5,3524.0,1645.0,5286.0,50995.0
HPLMP01S1A,2256,single_die,8810.0,50995.0,0.0,1.0,False,,,,,7048.0,50172.5,10572.0,51817.5,3524.0,1645.0,8810.0,50995.0
HPLMP01S1A,2257,single_die,12334.0,50995.0,0.0,1.0,False,,,,,10572.0,50172.5,14096.0,51817.5,3524.0,1645.0,12334.0,50995.0
HPLMP01S1A,2258,single_die,15858.0,50995.0,0.0,1.0,False,,,,,14096.0,50172.5,17620.0,51817.5,3524.0,1645.0,15858.0,50995.0
HPLMP01S1A,2259,single_die,19382.0,50995.0,0.0,1.0,False,,,,,17620.0,50172.5,21144.0,51817.5,3524.0,1645.0,19382.0,50995.0
HPLMP01S1A,2260,single_die,22906.0,50995.0,0.0,1.0,False,,,,,21144.0,50172.5,24668.0,51817.5,3524.0,1645.0,22906.0,50995.0
HPLMP01S1A,2261,single_die,26430.0,50995.0,0.0,1.0,False,,,,,24668.0,50172.5,28192.0,51817.5,3524.0,1645.0,26430.0,50995.0
HPLMP01S1A,2262,single_die,29954.0,50995.0,0.0,1.0,False,,,,,28192.0,50172.5,31716.0,51817.5,3524.0,1645.0,29954.0,50995.0
HPLMP01S1A,2263,single_die,33478.0,50995.0,0.0,1.0,False,,,,,31716.0,50172.5,35240.0,51817.5,3524.0,1645.0,33478.0,50995.0
HPLMP01S1A,2264,single_die,37002.0,50995.0,0.0,1.0,False,,,,,35240.0,50172.5,38764.0,51817.5,3524.0,1645.0,37002.0,50995.0
HPLMP01S1A,2265,single_die,40526.0,50995.0,0.0,1.0,False,,,,,38764.0,50172.5,42288.0,51817.5,3524.0,1645.0,40526.0,50995.0
HPLMP01S1A,2266,single_die,-40526.0,52640.0,0.0,1.0,False,,,,,-42288.0,51817.5,-38764.0,53462.5,3524.0,1645.0,-40526.0,52640.0
HPLMP01S1A,2267,single_die,-37002.0,52640.0,0.0,1.0,False,,,,,-38764.0,51817.5,-35240.0,53462.5,3524.0,1645.0,-37002.0,52640.0
HPLMP01S1A,2268,single_die,-33478.0,52640.0,0.0,1.0,False,,,,,-35240.0,51817.5,-31716.0,53462.5,3524.0,1645.0,-33478.0,52640.0
HPLMP01S1A,2269,single_die,-29954.0,52640.0,0.0,1.0,False,,,,,-31716.0,51817.5,-28192.0,53462.5,3524.0,1645.0,-29954.0,52640.0
HPLMP01S1A,2270,single_die,-26430.0,52640.0,0.0,1.0,False,,,,,-28192.0,51817.5,-24668.0,53462.5,3524.0,1645.0,-26430.0,52640.0
HPLMP01S1A,2271,single_die,-22906.0,52640.0,0.0,1.0,False,,,,,-24668.0,51817.5,-21144.0,53462.5,3524.0,1645.0,-22906.0,52640.0
HPLMP01S1A,2272,single_die,-19382.0,52640.0,0.0,1.0,False,,,,,-21144.0,51817.5,-17620.0,53462.5,3524.0,1645.0,-19382.0,52640.0
HPLMP01S1A,2273,single_die,-15858.0,52640.0,0.0,1.0,False,,,,,-17620.0,51817.5,-14096.0,53462.5,3524.0,1645.0,-15858.0,52640.0
HPLMP01S1A,2274,single_die,-12334.0,52640.0,0.0,1.0,False,,,,,-14096.0,51817.5,-10572.0,53462.5,3524.0,1645.0,-12334.0,52640.0
HPLMP01S1A,2275,single_die,-8810.0,52640.0,0.0,1.0,False,,,,,-10572.0,51817.5,-7048.0,53462.5,3524.0,1645.0,-8810.0,52640.0
HPLMP01S1A,2276,single_die,-5286.0,52640.0,0.0,1.0,False,,,,,-7048.0,51817.5,-3524.0,53462.5,3524.0,1645.0,-5286.0,52640.0
HPLMP01S1A,2277,single_die,-1762.0,52640.0,0.0,1.0,False,,,,,-3524.0,51817.5,0.0,53462.5,3524.0,1645.0,-1762.0,52640.0
HPLMP01S1A,2278,single_die,1762.0,52640.0,0.0,1.0,False,,,,,0.0,51817.5,3524.0,53462.5,3524.0,1645.0,1762.0,52640.0
HPLMP01S1A,2279,single_die,5286.0,52640.0,0.0,1.0,False,,,,,3524.0,51817.5,7048.0,53462.5,3524.0,1645.0,5286.0,52640.0
HPLMP01S1A,2280,single_die,8810.0,52640.0,0.0,1.0,False,,,,,7048.0,51817.5,10572.0,53462.5,3524.0,1645.0,8810.0,52640.0
HPLMP01S1A,2281,single_die,12334.0,52640.0,0.0,1.0,False,,,,,10572.0,51817.5,14096.0,53462.5,3524.0,1645.0,12334.0,52640.0
HPLMP01S1A,2282,single_die,15858.0,52640.0,0.0,1.0,False,,,,,14096.0,51817.5,17620.0,53462.5,3524.0,1645.0,15858.0,52640.0
HPLMP01S1A,2283,single_die,19382.0,52640.0,0.0,1.0,False,,,,,17620.0,51817.5,21144.0,53462.5,3524.0,1645.0,19382.0,52640.0
HPLMP01S1A,2284,single_die,22906.0,52640.0,0.0,1.0,False,,,,,21144.0,51817.5,24668.0,53462.5,3524.0,1645.0,22906.0,52640.0
HPLMP01S1A,2285,single_die,26430.0,52640.0,0.0,1.0,False,,,,,24668.0,51817.5,28192.0,53462.5,3524.0,1645.0,26430.0,52640.0
HPLMP01S1A,2286,single_die,29954.0,52640.0,0.0,1.0,False,,,,,28192.0,51817.5,31716.0,53462.5,3524.0,1645.0,29954.0,52640.0
HPLMP01S1A,2287,single_die,33478.0,52640.0,0.0,1.0,False,,,,,31716.0,51817.5,35240.0,53462.5,3524.0,1645.0,33478.0,52640.0
HPLMP01S1A,2288,single_die,37002.0,52640.0,0.0,1.0,False,,,,,35240.0,51817.5,38764.0,53462.5,3524.0,1645.0,37002.0,52640.0
HPLMP01S1A,2289,single_die,-37002.0,54285.0,0.0,1.0,False,,,,,-38764.0,53462.5,-35240.0,55107.5,3524.0,1645.0,-37002.0,54285.0
HPLMP01S1A,2290,single_die,-33478.0,54285.0,0.0,1.0,False,,,,,-35240.0,53462.5,-31716.0,55107.5,3524.0,1645.0,-33478.0,54285.0
HPLMP01S1A,2291,single_die,-29954.0,54285.0,0.0,1.0,False,,,,,-31716.0,53462.5,-28192.0,55107.5,3524.0,1645.0,-29954.0,54285.0
HPLMP01S1A,2292,single_die,-26430.0,54285.0,0.0,1.0,False,,,,,-28192.0,53462.5,-24668.0,55107.5,3524.0,1645.0,-26430.0,54285.0
HPLMP01S1A,2293,single_die,-22906.0,54285.0,0.0,1.0,False,,,,,-24668.0,53462.5,-21144.0,55107.5,3524.0,1645.0,-22906.0,54285.0
HPLMP01S1A,2294,single_die,-19382.0,54285.0,0.0,1.0,False,,,,,-21144.0,53462.5,-17620.0,55107.5,3524.0,1645.0,-19382.0,54285.0
HPLMP01S1A,2295,single_die,-15858.0,54285.0,0.0,1.0,False,,,,,-17620.0,53462.5,-14096.0,55107.5,3524.0,1645.0,-15858.0,54285.0
HPLMP01S1A,2296,single_die,-12334.0,54285.0,0.0,1.0,False,,,,,-14096.0,53462.5,-10572.0,55107.5,3524.0,1645.0,-12334.0,54285.0
HPLMP01S1A,2297,single_die,-8810.0,54285.0,0.0,1.0,False,,,,,-10572.0,53462.5,-7048.0,55107.5,3524.0,1645.0,-8810.0,54285.0
HPLMP01S1A,2298,single_die,-5286.0,54285.0,0.0,1.0,False,,,,,-7048.0,53462.5,-3524.0,55107.5,3524.0,1645.0,-5286.0,54285.0
HPLMP01S1A,2299,single_die,-1762.0,54285.0,0.0,1.0,False,,,,,-3524.0,53462.5,0.0,55107.5,3524.0,1645.0,-1762.0,54285.0
HPLMP01S1A,2300,single_die,1762.0,54285.0,0.0,1.0,False,,,,,0.0,53462.5,3524.0,55107.5,3524.0,1645.0,1762.0,54285.0
HPLMP01S1A,2301,single_die,5286.0,54285.0,0.0,1.0,False,,,,,3524.0,53462.5,7048.0,55107.5,3524.0,1645.0,5286.0,54285.0
HPLMP01S1A,2302,single_die,8810.0,54285.0,0.0,1.0,False,,,,,7048.0,53462.5,10572.0,55107.5,3524.0,1645.0,8810.0,54285.0
HPLMP01S1A,2303,single_die,12334.0,54285.0,0.0,1.0,False,,,,,10572.0,53462.5,14096.0,55107.5,3524.0,1645.0,12334.0,54285.0
HPLMP01S1A,2304,single_die,15858.0,54285.0,0.0,1.0,False,,,,,14096.0,53462.5,17620.0,55107.5,3524.0,1645.0,15858.0,54285.0
HPLMP01S1A,2305,single_die,19382.0,54285.0,0.0,1.0,False,,,,,17620.0,53462.5,21144.0,55107.5,3524.0,1645.0,19382.0,54285.0
HPLMP01S1A,2306,single_die,22906.0,54285.0,0.0,1.0,False,,,,,21144.0,53462.5,24668.0,55107.5,3524.0,1645.0,22906.0,54285.0
HPLMP01S1A,2307,single_die,26430.0,54285.0,0.0,1.0,False,,,,,24668.0,53462.5,28192.0,55107.5,3524.0,1645.0,26430.0,54285.0
HPLMP01S1A,2308,single_die,29954.0,54285.0,0.0,1.0,False,,,,,28192.0,53462.5,31716.0,55107.5,3524.0,1645.0,29954.0,54285.0
HPLMP01S1A,2309,single_die,33478.0,54285.0,0.0,1.0,False,,,,,31716.0,53462.5,35240.0,55107.5,3524.0,1645.0,33478.0,54285.0
HPLMP01S1A,2310,single_die,37002.0,54285.0,0.0,1.0,False,,,,,35240.0,53462.5,38764.0,55107.5,3524.0,1645.0,37002.0,54285.0
HPLMP01S1A,2311,single_die,-33478.0,55930.0,0.0,1.0,False,,,,,-35240.0,55107.5,-31716.0,56752.5,3524.0,1645.0,-33478.0,55930.0
HPLMP01S1A,2312,single_die,-29954.0,55930.0,0.0,1.0,False,,,,,-31716.0,55107.5,-28192.0,56752.5,3524.0,1645.0,-29954.0,55930.0
HPLMP01S1A,2313,single_die,-26430.0,55930.0,0.0,1.0,False,,,,,-28192.0,55107.5,-24668.0,56752.5,3524.0,1645.0,-26430.0,55930.0
HPLMP01S1A,2314,single_die,-22906.0,55930.0,0.0,1.0,False,,,,,-24668.0,55107.5,-21144.0,56752.5,3524.0,1645.0,-22906.0,55930.0
HPLMP01S1A,2315,single_die,-19382.0,55930.0,0.0,1.0,False,,,,,-21144.0,55107.5,-17620.0,56752.5,3524.0,1645.0,-19382.0,55930.0
HPLMP01S1A,2316,single_die,-15858.0,55930.0,0.0,1.0,False,,,,,-17620.0,55107.5,-14096.0,56752.5,3524.0,1645.0,-15858.0,55930.0
HPLMP01S1A,2317,single_die,-12334.0,55930.0,0.0,1.0,False,,,,,-14096.0,55107.5,-10572.0,56752.5,3524.0,1645.0,-12334.0,55930.0
HPLMP01S1A,2318,single_die,-8810.0,55930.0,0.0,1.0,False,,,,,-10572.0,55107.5,-7048.0,56752.5,3524.0,1645.0,-8810.0,55930.0
HPLMP01S1A,2319,single_die,-5286.0,55930.0,0.0,1.0,False,,,,,-7048.0,55107.5,-3524.0,56752.5,3524.0,1645.0,-5286.0,55930.0
HPLMP01S1A,2320,single_die,-1762.0,55930.0,0.0,1.0,False,,,,,-3524.0,55107.5,0.0,56752.5,3524.0,1645.0,-1762.0,55930.0
HPLMP01S1A,2321,single_die,1762.0,55930.0,0.0,1.0,False,,,,,0.0,55107.5,3524.0,56752.5,3524.0,1645.0,1762.0,55930.0
HPLMP01S1A,2322,single_die,5286.0,55930.0,0.0,1.0,False,,,,,3524.0,55107.5,7048.0,56752.5,3524.0,1645.0,5286.0,55930.0
HPLMP01S1A,2323,single_die,8810.0,55930.0,0.0,1.0,False,,,,,7048.0,55107.5,10572.0,56752.5,3524.0,1645.0,8810.0,55930.0
HPLMP01S1A,2324,single_die,12334.0,55930.0,0.0,1.0,False,,,,,10572.0,55107.5,14096.0,56752.5,3524.0,1645.0,12334.0,55930.0
HPLMP01S1A,2325,single_die,15858.0,55930.0,0.0,1.0,False,,,,,14096.0,55107.5,17620.0,56752.5,3524.0,1645.0,15858.0,55930.0
HPLMP01S1A,2326,single_die,19382.0,55930.0,0.0,1.0,False,,,,,17620.0,55107.5,21144.0,56752.5,3524.0,1645.0,19382.0,55930.0
HPLMP01S1A,2327,single_die,22906.0,55930.0,0.0,1.0,False,,,,,21144.0,55107.5,24668.0,56752.5,3524.0,1645.0,22906.0,55930.0
HPLMP01S1A,2328,single_die,26430.0,55930.0,0.0,1.0,False,,,,,24668.0,55107.5,28192.0,56752.5,3524.0,1645.0,26430.0,55930.0
HPLMP01S1A,2329,single_die,29954.0,55930.0,0.0,1.0,False,,,,,28192.0,55107.5,31716.0,56752.5,3524.0,1645.0,29954.0,55930.0
HPLMP01S1A,2330,single_die,33478.0,55930.0,0.0,1.0,False,,,,,31716.0,55107.5,35240.0,56752.5,3524.0,1645.0,33478.0,55930.0
HPLMP01S1A,2331,single_die,-33478.0,57575.0,0.0,1.0,False,,,,,-35240.0,56752.5,-31716.0,58397.5,3524.0,1645.0,-33478.0,57575.0
HPLMP01S1A,2332,single_die,-29954.0,57575.0,0.0,1.0,False,,,,,-31716.0,56752.5,-28192.0,58397.5,3524.0,1645.0,-29954.0,57575.0
HPLMP01S1A,2333,single_die,-26430.0,57575.0,0.0,1.0,False,,,,,-28192.0,56752.5,-24668.0,58397.5,3524.0,1645.0,-26430.0,57575.0
HPLMP01S1A,2334,single_die,-22906.0,57575.0,0.0,1.0,False,,,,,-24668.0,56752.5,-21144.0,58397.5,3524.0,1645.0,-22906.0,57575.0
HPLMP01S1A,2335,single_die,-19382.0,57575.0,0.0,1.0,False,,,,,-21144.0,56752.5,-17620.0,58397.5,3524.0,1645.0,-19382.0,57575.0
HPLMP01S1A,2336,single_die,-15858.0,57575.0,0.0,1.0,False,,,,,-17620.0,56752.5,-14096.0,58397.5,3524.0,1645.0,-15858.0,57575.0
HPLMP01S1A,2337,single_die,-12334.0,57575.0,0.0,1.0,False,,,,,-14096.0,56752.5,-10572.0,58397.5,3524.0,1645.0,-12334.0,57575.0
HPLMP01S1A,2338,single_die,-8810.0,57575.0,0.0,1.0,False,,,,,-10572.0,56752.5,-7048.0,58397.5,3524.0,1645.0,-8810.0,57575.0
HPLMP01S1A,2339,single_die,-5286.0,57575.0,0.0,1.0,False,,,,,-7048.0,56752.5,-3524.0,58397.5,3524.0,1645.0,-5286.0,57575.0
HPLMP01S1A,2340,single_die,-1762.0,57575.0,0.0,1.0,False,,,,,-3524.0,56752.5,0.0,58397.5,3524.0,1645.0,-1762.0,57575.0
HPLMP01S1A,2341,single_die,1762.0,57575.0,0.0,1.0,False,,,,,0.0,56752.5,3524.0,58397.5,3524.0,1645.0,1762.0,57575.0
HPLMP01S1A,2342,single_die,5286.0,57575.0,0.0,1.0,False,,,,,3524.0,56752.5,7048.0,58397.5,3524.0,1645.0,5286.0,57575.0
HPLMP01S1A,2343,single_die,8810.0,57575.0,0.0,1.0,False,,,,,7048.0,56752.5,10572.0,58397.5,3524.0,1645.0,8810.0,57575.0
HPLMP01S1A,2344,single_die,12334.0,57575.0,0.0,1.0,False,,,,,10572.0,56752.5,14096.0,58397.5,3524.0,1645.0,12334.0,57575.0
HPLMP01S1A,2345,single_die,15858.0,57575.0,0.0,1.0,False,,,,,14096.0,56752.5,17620.0,58397.5,3524.0,1645.0,15858.0,57575.0
HPLMP01S1A,2346,single_die,19382.0,57575.0,0.0,1.0,False,,,,,17620.0,56752.5,21144.0,58397.5,3524.0,1645.0,19382.0,57575.0
HPLMP01S1A,2347,single_die,22906.0,57575.0,0.0,1.0,False,,,,,21144.0,56752.5,24668.0,58397.5,3524.0,1645.0,22906.0,57575.0
HPLMP01S1A,2348,single_die,26430.0,57575.0,0.0,1.0,False,,,,,24668.0,56752.5,28192.0,58397.5,3524.0,1645.0,26430.0,57575.0
HPLMP01S1A,2349,single_die,29954.0,57575.0,0.0,1.0,False,,,,,28192.0,56752.5,31716.0,58397.5,3524.0,1645.0,29954.0,57575.0
HPLMP01S1A,2350,single_die,33478.0,57575.0,0.0,1.0,False,,,,,31716.0,56752.5,35240.0,58397.5,3524.0,1645.0,33478.0,57575.0
HPLMP01S1A,2351,single_die,-29954.0,59220.0,0.0,1.0,False,,,,,-31716.0,58397.5,-28192.0,60042.5,3524.0,1645.0,-29954.0,59220.0
HPLMP01S1A,2352,single_die,-26430.0,59220.0,0.0,1.0,False,,,,,-28192.0,58397.5,-24668.0,60042.5,3524.0,1645.0,-26430.0,59220.0
HPLMP01S1A,2353,single_die,-22906.0,59220.0,0.0,1.0,False,,,,,-24668.0,58397.5,-21144.0,60042.5,3524.0,1645.0,-22906.0,59220.0
HPLMP01S1A,2354,single_die,-19382.0,59220.0,0.0,1.0,False,,,,,-21144.0,58397.5,-17620.0,60042.5,3524.0,1645.0,-19382.0,59220.0
HPLMP01S1A,2355,single_die,-15858.0,59220.0,0.0,1.0,False,,,,,-17620.0,58397.5,-14096.0,60042.5,3524.0,1645.0,-15858.0,59220.0
HPLMP01S1A,2356,single_die,-12334.0,59220.0,0.0,1.0,False,,,,,-14096.0,58397.5,-10572.0,60042.5,3524.0,1645.0,-12334.0,59220.0
HPLMP01S1A,2357,single_die,-8810.0,59220.0,0.0,1.0,False,,,,,-10572.0,58397.5,-7048.0,60042.5,3524.0,1645.0,-8810.0,59220.0
HPLMP01S1A,2358,single_die,-5286.0,59220.0,0.0,1.0,False,,,,,-7048.0,58397.5,-3524.0,60042.5,3524.0,1645.0,-5286.0,59220.0
HPLMP01S1A,2359,single_die,-1762.0,59220.0,0.0,1.0,False,,,,,-3524.0,58397.5,0.0,60042.5,3524.0,1645.0,-1762.0,59220.0
HPLMP01S1A,2360,single_die,1762.0,59220.0,0.0,1.0,False,,,,,0.0,58397.5,3524.0,60042.5,3524.0,1645.0,1762.0,59220.0
HPLMP01S1A,2361,single_die,5286.0,59220.0,0.0,1.0,False,,,,,3524.0,58397.5,7048.0,60042.5,3524.0,1645.0,5286.0,59220.0
HPLMP01S1A,2362,single_die,8810.0,59220.0,0.0,1.0,False,,,,,7048.0,58397.5,10572.0,60042.5,3524.0,1645.0,8810.0,59220.0
HPLMP01S1A,2363,single_die,12334.0,59220.0,0.0,1.0,False,,,,,10572.0,58397.5,14096.0,60042.5,3524.0,1645.0,12334.0,59220.0
HPLMP01S1A,2364,single_die,15858.0,59220.0,0.0,1.0,False,,,,,14096.0,58397.5,17620.0,60042.5,3524.0,1645.0,15858.0,59220.0
HPLMP01S1A,2365,single_die,19382.0,59220.0,0.0,1.0,False,,,,,17620.0,58397.5,21144.0,60042.5,3524.0,1645.0,19382.0,59220.0
HPLMP01S1A,2366,single_die,22906.0,59220.0,0.0,1.0,False,,,,,21144.0,58397.5,24668.0,60042.5,3524.0,1645.0,22906.0,59220.0
HPLMP01S1A,2367,single_die,26430.0,59220.0,0.0,1.0,False,,,,,24668.0,58397.5,28192.0,60042.5,3524.0,1645.0,26430.0,59220.0
HPLMP01S1A,2368,single_die,29954.0,59220.0,0.0,1.0,False,,,,,28192.0,58397.5,31716.0,60042.5,3524.0,1645.0,29954.0,59220.0
HPLMP01S1A,2369,single_die,-26430.0,60865.0,0.0,1.0,False,,,,,-28192.0,60042.5,-24668.0,61687.5,3524.0,1645.0,-26430.0,60865.0
HPLMP01S1A,2370,single_die,-22906.0,60865.0,0.0,1.0,False,,,,,-24668.0,60042.5,-21144.0,61687.5,3524.0,1645.0,-22906.0,60865.0
HPLMP01S1A,2371,single_die,-19382.0,60865.0,0.0,1.0,False,,,,,-21144.0,60042.5,-17620.0,61687.5,3524.0,1645.0,-19382.0,60865.0
HPLMP01S1A,2372,single_die,-15858.0,60865.0,0.0,1.0,False,,,,,-17620.0,60042.5,-14096.0,61687.5,3524.0,1645.0,-15858.0,60865.0
HPLMP01S1A,2373,single_die,-12334.0,60865.0,0.0,1.0,False,,,,,-14096.0,60042.5,-10572.0,61687.5,3524.0,1645.0,-12334.0,60865.0
HPLMP01S1A,2374,single_die,-8810.0,60865.0,0.0,1.0,False,,,,,-10572.0,60042.5,-7048.0,61687.5,3524.0,1645.0,-8810.0,60865.0
HPLMP01S1A,2375,single_die,-5286.0,60865.0,0.0,1.0,False,,,,,-7048.0,60042.5,-3524.0,61687.5,3524.0,1645.0,-5286.0,60865.0
HPLMP01S1A,2376,single_die,-1762.0,60865.0,0.0,1.0,False,,,,,-3524.0,60042.5,0.0,61687.5,3524.0,1645.0,-1762.0,60865.0
HPLMP01S1A,2377,single_die,1762.0,60865.0,0.0,1.0,False,,,,,0.0,60042.5,3524.0,61687.5,3524.0,1645.0,1762.0,60865.0
HPLMP01S1A,2378,single_die,5286.0,60865.0,0.0,1.0,False,,,,,3524.0,60042.5,7048.0,61687.5,3524.0,1645.0,5286.0,60865.0
HPLMP01S1A,2379,single_die,8810.0,60865.0,0.0,1.0,False,,,,,7048.0,60042.5,10572.0,61687.5,3524.0,1645.0,8810.0,60865.0
HPLMP01S1A,2380,single_die,12334.0,60865.0,0.0,1.0,False,,,,,10572.0,60042.5,14096.0,61687.5,3524.0,1645.0,12334.0,60865.0
HPLMP01S1A,2381,single_die,15858.0,60865.0,0.0,1.0,False,,,,,14096.0,60042.5,17620.0,61687.5,3524.0,1645.0,15858.0,60865.0
HPLMP01S1A,2382,single_die,19382.0,60865.0,0.0,1.0,False,,,,,17620.0,60042.5,21144.0,61687.5,3524.0,1645.0,19382.0,60865.0
HPLMP01S1A,2383,single_die,22906.0,60865.0,0.0,1.0,False,,,,,21144.0,60042.5,24668.0,61687.5,3524.0,1645.0,22906.0,60865.0
HPLMP01S1A,2384,single_die,26430.0,60865.0,0.0,1.0,False,,,,,24668.0,60042.5,28192.0,61687.5,3524.0,1645.0,26430.0,60865.0
HPLMP01S1A,2385,single_die,-22906.0,62510.0,0.0,1.0,False,,,,,-24668.0,61687.5,-21144.0,63332.5,3524.0,1645.0,-22906.0,62510.0
HPLMP01S1A,2386,single_die,-19382.0,62510.0,0.0,1.0,False,,,,,-21144.0,61687.5,-17620.0,63332.5,3524.0,1645.0,-19382.0,62510.0
HPLMP01S1A,2387,single_die,-15858.0,62510.0,0.0,1.0,False,,,,,-17620.0,61687.5,-14096.0,63332.5,3524.0,1645.0,-15858.0,62510.0
HPLMP01S1A,2388,single_die,-12334.0,62510.0,0.0,1.0,False,,,,,-14096.0,61687.5,-10572.0,63332.5,3524.0,1645.0,-12334.0,62510.0
HPLMP01S1A,2389,single_die,-8810.0,62510.0,0.0,1.0,False,,,,,-10572.0,61687.5,-7048.0,63332.5,3524.0,1645.0,-8810.0,62510.0
HPLMP01S1A,2390,single_die,-5286.0,62510.0,0.0,1.0,False,,,,,-7048.0,61687.5,-3524.0,63332.5,3524.0,1645.0,-5286.0,62510.0
HPLMP01S1A,2391,single_die,-1762.0,62510.0,0.0,1.0,False,,,,,-3524.0,61687.5,0.0,63332.5,3524.0,1645.0,-1762.0,62510.0
HPLMP01S1A,2392,single_die,1762.0,62510.0,0.0,1.0,False,,,,,0.0,61687.5,3524.0,63332.5,3524.0,1645.0,1762.0,62510.0
HPLMP01S1A,2393,single_die,5286.0,62510.0,0.0,1.0,False,,,,,3524.0,61687.5,7048.0,63332.5,3524.0,1645.0,5286.0,62510.0
HPLMP01S1A,2394,single_die,8810.0,62510.0,0.0,1.0,False,,,,,7048.0,61687.5,10572.0,63332.5,3524.0,1645.0,8810.0,62510.0
HPLMP01S1A,2395,single_die,12334.0,62510.0,0.0,1.0,False,,,,,10572.0,61687.5,14096.0,63332.5,3524.0,1645.0,12334.0,62510.0
HPLMP01S1A,2396,single_die,15858.0,62510.0,0.0,1.0,False,,,,,14096.0,61687.5,17620.0,63332.5,3524.0,1645.0,15858.0,62510.0
HPLMP01S1A,2397,single_die,19382.0,62510.0,0.0,1.0,False,,,,,17620.0,61687.5,21144.0,63332.5,3524.0,1645.0,19382.0,62510.0
HPLMP01S1A,2398,single_die,22906.0,62510.0,0.0,1.0,False,,,,,21144.0,61687.5,24668.0,63332.5,3524.0,1645.0,22906.0,62510.0
HPLMP01S1A,2399,single_die,-19382.0,64155.0,0.0,1.0,False,,,,,-21144.0,63332.5,-17620.0,64977.5,3524.0,1645.0,-19382.0,64155.0
HPLMP01S1A,2400,single_die,-15858.0,64155.0,0.0,1.0,False,,,,,-17620.0,63332.5,-14096.0,64977.5,3524.0,1645.0,-15858.0,64155.0
HPLMP01S1A,2401,single_die,-12334.0,64155.0,0.0,1.0,False,,,,,-14096.0,63332.5,-10572.0,64977.5,3524.0,1645.0,-12334.0,64155.0
HPLMP01S1A,2402,single_die,-8810.0,64155.0,0.0,1.0,False,,,,,-10572.0,63332.5,-7048.0,64977.5,3524.0,1645.0,-8810.0,64155.0
HPLMP01S1A,2403,single_die,-5286.0,64155.0,0.0,1.0,False,,,,,-7048.0,63332.5,-3524.0,64977.5,3524.0,1645.0,-5286.0,64155.0
HPLMP01S1A,2404,single_die,-1762.0,64155.0,0.0,1.0,False,,,,,-3524.0,63332.5,0.0,64977.5,3524.0,1645.0,-1762.0,64155.0
HPLMP01S1A,2405,single_die,1762.0,64155.0,0.0,1.0,False,,,,,0.0,63332.5,3524.0,64977.5,3524.0,1645.0,1762.0,64155.0
HPLMP01S1A,2406,single_die,5286.0,64155.0,0.0,1.0,False,,,,,3524.0,63332.5,7048.0,64977.5,3524.0,1645.0,5286.0,64155.0
HPLMP01S1A,2407,single_die,8810.0,64155.0,0.0,1.0,False,,,,,7048.0,63332.5,10572.0,64977.5,3524.0,1645.0,8810.0,64155.0
HPLMP01S1A,2408,single_die,12334.0,64155.0,0.0,1.0,False,,,,,10572.0,63332.5,14096.0,64977.5,3524.0,1645.0,12334.0,64155.0
HPLMP01S1A,2409,single_die,15858.0,64155.0,0.0,1.0,False,,,,,14096.0,63332.5,17620.0,64977.5,3524.0,1645.0,15858.0,64155.0
HPLMP01S1A,2410,single_die,19382.0,64155.0,0.0,1.0,False,,,,,17620.0,63332.5,21144.0,64977.5,3524.0,1645.0,19382.0,64155.0
HPLMP01S1A,2411,single_die,-12334.0,65800.0,0.0,1.0,False,,,,,-14096.0,64977.5,-10572.0,66622.5,3524.0,1645.0,-12334.0,65800.0
HPLMP01S1A,2412,single_die,-8810.0,65800.0,0.0,1.0,False,,,,,-10572.0,64977.5,-7048.0,66622.5,3524.0,1645.0,-8810.0,65800.0
HPLMP01S1A,2413,single_die,-5286.0,65800.0,0.0,1.0,False,,,,,-7048.0,64977.5,-3524.0,66622.5,3524.0,1645.0,-5286.0,65800.0
HPLMP01S1A,2414,single_die,-1762.0,65800.0,0.0,1.0,False,,,,,-3524.0,64977.5,0.0,66622.5,3524.0,1645.0,-1762.0,65800.0
HPLMP01S1A,2415,single_die,1762.0,65800.0,0.0,1.0,False,,,,,0.0,64977.5,3524.0,66622.5,3524.0,1645.0,1762.0,65800.0
HPLMP01S1A,2416,single_die,5286.0,65800.0,0.0,1.0,False,,,,,3524.0,64977.5,7048.0,66622.5,3524.0,1645.0,5286.0,65800.0
HPLMP01S1A,2417,single_die,8810.0,65800.0,0.0,1.0,False,,,,,7048.0,64977.5,10572.0,66622.5,3524.0,1645.0,8810.0,65800.0
HPLMP01S1A,2418,single_die,12334.0,65800.0,0.0,1.0,False,,,,,10572.0,64977.5,14096.0,66622.5,3524.0,1645.0,12334.0,65800.0
